audit_version,viewer_key_2018,viewer_key_2019,grade_code,title_core,viewer_page,declared_positions,alternate_route_url,reference_sha256_2019,reference_byte_size_2019,observed_sha256,observed_byte_size,http_status,content_type,fetch_attempts,error,sha256_matches_2019_reference,byte_size_matches_2019_reference
LTMD_U1_W5_HISTORY_2018_2019_ROUTE_IDENTITY_0.1,H2018P4HIA,H2019P4HIA,4,Historia,1,194,https://historico.conaliteg.gob.mx/c/H2019P4HIA/000.jpg,d8db92c15ed20ac36d76e603de0f9bc3946bf7f967c75ba2015d06b49ff98a5e,170355,d8db92c15ed20ac36d76e603de0f9bc3946bf7f967c75ba2015d06b49ff98a5e,170355,200,image/jpeg,1,,1,1
LTMD_U1_W5_HISTORY_2018_2019_ROUTE_IDENTITY_0.1,H2018P4HIA,H2019P4HIA,4,Historia,2,194,https://historico.conaliteg.gob.mx/c/H2019P4HIA/002.jpg,9affa348de223249751bc99d79b606d4b8e8ca3f8934627249ef65ea9c7ce488,91771,9affa348de223249751bc99d79b606d4b8e8ca3f8934627249ef65ea9c7ce488,91771,200,image/jpeg,1,,1,1
LTMD_U1_W5_HISTORY_2018_2019_ROUTE_IDENTITY_0.1,H2018P4HIA,H2019P4HIA,4,Historia,3,194,https://historico.conaliteg.gob.mx/c/H2019P4HIA/003.jpg,23e2517e4bb4082f1e6a933f6b3d9c212502d798580d53dc9282a04b0ecdb3b6,83978,23e2517e4bb4082f1e6a933f6b3d9c212502d798580d53dc9282a04b0ecdb3b6,83978,200,image/jpeg,1,,1,1
LTMD_U1_W5_HISTORY_2018_2019_ROUTE_IDENTITY_0.1,H2018P4HIA,H2019P4HIA,4,Historia,4,194,https://historico.conaliteg.gob.mx/c/H2019P4HIA/004.jpg,f630976d1e9392e54e42df9bb193d5653cb275bfecfb5b2c21e0706ae4dcf405,86832,f630976d1e9392e54e42df9bb193d5653cb275bfecfb5b2c21e0706ae4dcf405,86832,200,image/jpeg,1,,1,1
LTMD_U1_W5_HISTORY_2018_2019_ROUTE_IDENTITY_0.1,H2018P4HIA,H2019P4HIA,4,Historia,5,194,https://historico.conaliteg.gob.mx/c/H2019P4HIA/005.jpg,455ef4ac268f5ff7f9c228210e46a177f8b553a8f780064701f9e807503bb125,88448,455ef4ac268f5ff7f9c228210e46a177f8b553a8f780064701f9e807503bb125,88448,200,image/jpeg,1,,1,1
LTMD_U1_W5_HISTORY_2018_2019_ROUTE_IDENTITY_0.1,H2018P4HIA,H2019P4HIA,4,Historia,6,194,https://historico.conaliteg.gob.mx/c/H2019P4HIA/006.jpg,fe44a7b6d2d9fd045f2818b8c2d9e3c8fc258aedd291655c95b4ea335282cb80,68902,fe44a7b6d2d9fd045f2818b8c2d9e3c8fc258aedd291655c95b4ea335282cb80,68902,200,image/jpeg,1,,1,1
LTMD_U1_W5_HISTORY_2018_2019_ROUTE_IDENTITY_0.1,H2018P4HIA,H2019P4HIA,4,Historia,7,194,https://historico.conaliteg.gob.mx/c/H2019P4HIA/007.jpg,760dc05dd36bc193733b5197b7e2638068f9ffae42e70210cebe64a36fd7c664,157119,760dc05dd36bc193733b5197b7e2638068f9ffae42e70210cebe64a36fd7c664,157119,200,image/jpeg,1,,1,1
LTMD_U1_W5_HISTORY_2018_2019_ROUTE_IDENTITY_0.1,H2018P4HIA,H2019P4HIA,4,Historia,8,194,https://historico.conaliteg.gob.mx/c/H2019P4HIA/008.jpg,4e64e19213e49bc66a638ab8260c7b37fd24a01235da6f9721a35d0c1332d4fa,137932,4e64e19213e49bc66a638ab8260c7b37fd24a01235da6f9721a35d0c1332d4fa,137932,200,image/jpeg,1,,1,1
LTMD_U1_W5_HISTORY_2018_2019_ROUTE_IDENTITY_0.1,H2018P4HIA,H2019P4HIA,4,Historia,9,194,https://historico.conaliteg.gob.mx/c/H2019P4HIA/009.jpg,1eebe89778436619ef2d3a5e1a0c74a4e6cb733a2dc97d20424f551e62c83891,147835,1eebe89778436619ef2d3a5e1a0c74a4e6cb733a2dc97d20424f551e62c83891,147835,200,image/jpeg,1,,1,1
LTMD_U1_W5_HISTORY_2018_2019_ROUTE_IDENTITY_0.1,H2018P4HIA,H2019P4HIA,4,Historia,10,194,https://historico.conaliteg.gob.mx/c/H2019P4HIA/010.jpg,e9c2dfd09e88e82cd57e37b01edfa384973d3b59980a588bdce4f538690af8b6,147360,e9c2dfd09e88e82cd57e37b01edfa384973d3b59980a588bdce4f538690af8b6,147360,200,image/jpeg,1,,1,1
LTMD_U1_W5_HISTORY_2018_2019_ROUTE_IDENTITY_0.1,H2018P4HIA,H2019P4HIA,4,Historia,11,194,https://historico.conaliteg.gob.mx/c/H2019P4HIA/011.jpg,49da669f858cc82e3e99e4928998af6c8e7107039b97e42e35cb7cbcb4b080b1,172982,49da669f858cc82e3e99e4928998af6c8e7107039b97e42e35cb7cbcb4b080b1,172982,200,image/jpeg,1,,1,1
LTMD_U1_W5_HISTORY_2018_2019_ROUTE_IDENTITY_0.1,H2018P4HIA,H2019P4HIA,4,Historia,12,194,https://historico.conaliteg.gob.mx/c/H2019P4HIA/012.jpg,3ba8b7674eed6795825caf5a61c9bc37e09959863c8bcd8ff73cb5f584c2dfab,152162,3ba8b7674eed6795825caf5a61c9bc37e09959863c8bcd8ff73cb5f584c2dfab,152162,200,image/jpeg,1,,1,1
LTMD_U1_W5_HISTORY_2018_2019_ROUTE_IDENTITY_0.1,H2018P4HIA,H2019P4HIA,4,Historia,13,194,https://historico.conaliteg.gob.mx/c/H2019P4HIA/013.jpg,211bf85788a5106fa594497f48b45a1ca40f0e6942e5f4ba9abd83fe0aa4e71e,88959,211bf85788a5106fa594497f48b45a1ca40f0e6942e5f4ba9abd83fe0aa4e71e,88959,200,image/jpeg,1,,1,1
LTMD_U1_W5_HISTORY_2018_2019_ROUTE_IDENTITY_0.1,H2018P4HIA,H2019P4HIA,4,Historia,14,194,https://historico.conaliteg.gob.mx/c/H2019P4HIA/014.jpg,f2e93f1c13cead28006ddc5e956e3a1961a7153c1c28ae6c3711acebe5cbdad7,175403,f2e93f1c13cead28006ddc5e956e3a1961a7153c1c28ae6c3711acebe5cbdad7,175403,200,image/jpeg,1,,1,1
LTMD_U1_W5_HISTORY_2018_2019_ROUTE_IDENTITY_0.1,H2018P4HIA,H2019P4HIA,4,Historia,15,194,https://historico.conaliteg.gob.mx/c/H2019P4HIA/015.jpg,02ac7bc41b8f0751b7bd5b0766e3b4dd7cbdd5708506cfe17e6b45a82c9887c0,69403,02ac7bc41b8f0751b7bd5b0766e3b4dd7cbdd5708506cfe17e6b45a82c9887c0,69403,200,image/jpeg,1,,1,1
LTMD_U1_W5_HISTORY_2018_2019_ROUTE_IDENTITY_0.1,H2018P4HIA,H2019P4HIA,4,Historia,16,194,https://historico.conaliteg.gob.mx/c/H2019P4HIA/016.jpg,752cd27d104f9f29306af46d5eaa21c17a10ea18ab61dc86d8318e0e3e101d32,98378,752cd27d104f9f29306af46d5eaa21c17a10ea18ab61dc86d8318e0e3e101d32,98378,200,image/jpeg,1,,1,1
LTMD_U1_W5_HISTORY_2018_2019_ROUTE_IDENTITY_0.1,H2018P4HIA,H2019P4HIA,4,Historia,17,194,https://historico.conaliteg.gob.mx/c/H2019P4HIA/017.jpg,3251a9f7701e3a687d47bfc705387565b08640f1e44bdce5a60dbcf153cc7ca9,92853,3251a9f7701e3a687d47bfc705387565b08640f1e44bdce5a60dbcf153cc7ca9,92853,200,image/jpeg,1,,1,1
LTMD_U1_W5_HISTORY_2018_2019_ROUTE_IDENTITY_0.1,H2018P4HIA,H2019P4HIA,4,Historia,18,194,https://historico.conaliteg.gob.mx/c/H2019P4HIA/018.jpg,ac1b37d388ce7599006c0ef52824f3547cf732c6b530d1d24bad0d8d7bcc1e02,121288,ac1b37d388ce7599006c0ef52824f3547cf732c6b530d1d24bad0d8d7bcc1e02,121288,200,image/jpeg,1,,1,1
LTMD_U1_W5_HISTORY_2018_2019_ROUTE_IDENTITY_0.1,H2018P4HIA,H2019P4HIA,4,Historia,19,194,https://historico.conaliteg.gob.mx/c/H2019P4HIA/019.jpg,db6537df6443d5a48494c9f570c190b1b7bc3c66277b2c760d586f0c97bfc431,105589,db6537df6443d5a48494c9f570c190b1b7bc3c66277b2c760d586f0c97bfc431,105589,200,image/jpeg,1,,1,1
LTMD_U1_W5_HISTORY_2018_2019_ROUTE_IDENTITY_0.1,H2018P4HIA,H2019P4HIA,4,Historia,20,194,https://historico.conaliteg.gob.mx/c/H2019P4HIA/020.jpg,647b22515fa2d62045e5c2c231b1489900f12a1a0623e8151b30a3a82f08f584,137943,647b22515fa2d62045e5c2c231b1489900f12a1a0623e8151b30a3a82f08f584,137943,200,image/jpeg,1,,1,1
LTMD_U1_W5_HISTORY_2018_2019_ROUTE_IDENTITY_0.1,H2018P4HIA,H2019P4HIA,4,Historia,21,194,https://historico.conaliteg.gob.mx/c/H2019P4HIA/021.jpg,b122f476ddc4e29466dd8074a7136d2bf0062b3c051e6435ab180845ebb3d20b,122335,b122f476ddc4e29466dd8074a7136d2bf0062b3c051e6435ab180845ebb3d20b,122335,200,image/jpeg,1,,1,1
LTMD_U1_W5_HISTORY_2018_2019_ROUTE_IDENTITY_0.1,H2018P4HIA,H2019P4HIA,4,Historia,22,194,https://historico.conaliteg.gob.mx/c/H2019P4HIA/022.jpg,25fc08f981a5eb9c7aa930d1ef69d0e0d9558fc5680d5cc2dad412d8650228b8,98096,25fc08f981a5eb9c7aa930d1ef69d0e0d9558fc5680d5cc2dad412d8650228b8,98096,200,image/jpeg,1,,1,1
LTMD_U1_W5_HISTORY_2018_2019_ROUTE_IDENTITY_0.1,H2018P4HIA,H2019P4HIA,4,Historia,23,194,https://historico.conaliteg.gob.mx/c/H2019P4HIA/023.jpg,f5b2f158eb1a41a62aeeda320c7ad02c21e11fee3a258489a5ec49f8756348a7,99788,f5b2f158eb1a41a62aeeda320c7ad02c21e11fee3a258489a5ec49f8756348a7,99788,200,image/jpeg,1,,1,1
LTMD_U1_W5_HISTORY_2018_2019_ROUTE_IDENTITY_0.1,H2018P4HIA,H2019P4HIA,4,Historia,24,194,https://historico.conaliteg.gob.mx/c/H2019P4HIA/024.jpg,e012e832bf12b563204a5aa9c18c06c23dd2e16eed5b17a31d8dbb2c63534110,144630,e012e832bf12b563204a5aa9c18c06c23dd2e16eed5b17a31d8dbb2c63534110,144630,200,image/jpeg,1,,1,1
LTMD_U1_W5_HISTORY_2018_2019_ROUTE_IDENTITY_0.1,H2018P4HIA,H2019P4HIA,4,Historia,25,194,https://historico.conaliteg.gob.mx/c/H2019P4HIA/025.jpg,e76dffd66f209c1b2a270439a2d34f76b1b5f12904202922621a76e818b402cc,173626,e76dffd66f209c1b2a270439a2d34f76b1b5f12904202922621a76e818b402cc,173626,200,image/jpeg,1,,1,1
LTMD_U1_W5_HISTORY_2018_2019_ROUTE_IDENTITY_0.1,H2018P4HIA,H2019P4HIA,4,Historia,26,194,https://historico.conaliteg.gob.mx/c/H2019P4HIA/026.jpg,67ea6c930ea80164616dcbc3a67d47119483b417196e779224fc3dda0472e6f6,134418,67ea6c930ea80164616dcbc3a67d47119483b417196e779224fc3dda0472e6f6,134418,200,image/jpeg,1,,1,1
LTMD_U1_W5_HISTORY_2018_2019_ROUTE_IDENTITY_0.1,H2018P4HIA,H2019P4HIA,4,Historia,27,194,https://historico.conaliteg.gob.mx/c/H2019P4HIA/027.jpg,6900a8d9ff60fe020ef44bf33df2ead4a97ca8d3aa79a4ecc7a46e73f03d96bd,118084,6900a8d9ff60fe020ef44bf33df2ead4a97ca8d3aa79a4ecc7a46e73f03d96bd,118084,200,image/jpeg,1,,1,1
LTMD_U1_W5_HISTORY_2018_2019_ROUTE_IDENTITY_0.1,H2018P4HIA,H2019P4HIA,4,Historia,28,194,https://historico.conaliteg.gob.mx/c/H2019P4HIA/028.jpg,3aacd0de3503fd2aa51481910c4c6b2a4a6e379b91c0954f26bdbda463edd1c7,141291,3aacd0de3503fd2aa51481910c4c6b2a4a6e379b91c0954f26bdbda463edd1c7,141291,200,image/jpeg,1,,1,1
LTMD_U1_W5_HISTORY_2018_2019_ROUTE_IDENTITY_0.1,H2018P4HIA,H2019P4HIA,4,Historia,29,194,https://historico.conaliteg.gob.mx/c/H2019P4HIA/029.jpg,5c7f45beb8472e8270463b51b437f692b94fd185b15a931ea85fdb414b28b122,139550,5c7f45beb8472e8270463b51b437f692b94fd185b15a931ea85fdb414b28b122,139550,200,image/jpeg,1,,1,1
LTMD_U1_W5_HISTORY_2018_2019_ROUTE_IDENTITY_0.1,H2018P4HIA,H2019P4HIA,4,Historia,30,194,https://historico.conaliteg.gob.mx/c/H2019P4HIA/030.jpg,3b0ade64856929c44d97a905f0cafaeab1fb3dae279b2dd06520cdb62a9b5dec,172690,3b0ade64856929c44d97a905f0cafaeab1fb3dae279b2dd06520cdb62a9b5dec,172690,200,image/jpeg,1,,1,1
LTMD_U1_W5_HISTORY_2018_2019_ROUTE_IDENTITY_0.1,H2018P4HIA,H2019P4HIA,4,Historia,31,194,https://historico.conaliteg.gob.mx/c/H2019P4HIA/031.jpg,74563a1ea1a20445fddbdf8f933594b234b10a8a3ab5b8f3ad1892849f2d80b4,112411,74563a1ea1a20445fddbdf8f933594b234b10a8a3ab5b8f3ad1892849f2d80b4,112411,200,image/jpeg,1,,1,1
LTMD_U1_W5_HISTORY_2018_2019_ROUTE_IDENTITY_0.1,H2018P4HIA,H2019P4HIA,4,Historia,32,194,https://historico.conaliteg.gob.mx/c/H2019P4HIA/032.jpg,4fe6aa540adc9cfcbdf2a63c515028dbdda340aebab33e5969f517dbd81811a8,128546,4fe6aa540adc9cfcbdf2a63c515028dbdda340aebab33e5969f517dbd81811a8,128546,200,image/jpeg,1,,1,1
LTMD_U1_W5_HISTORY_2018_2019_ROUTE_IDENTITY_0.1,H2018P4HIA,H2019P4HIA,4,Historia,33,194,https://historico.conaliteg.gob.mx/c/H2019P4HIA/033.jpg,89f93530660df32b875155267b05c915fa1b75e2318a60340d79d24123cd16b5,123928,89f93530660df32b875155267b05c915fa1b75e2318a60340d79d24123cd16b5,123928,200,image/jpeg,1,,1,1
LTMD_U1_W5_HISTORY_2018_2019_ROUTE_IDENTITY_0.1,H2018P4HIA,H2019P4HIA,4,Historia,34,194,https://historico.conaliteg.gob.mx/c/H2019P4HIA/034.jpg,1e1325cad82fc448574bcaa9511e22809d7e0e8cad3c4472bb3141924df80962,86790,1e1325cad82fc448574bcaa9511e22809d7e0e8cad3c4472bb3141924df80962,86790,200,image/jpeg,1,,1,1
LTMD_U1_W5_HISTORY_2018_2019_ROUTE_IDENTITY_0.1,H2018P4HIA,H2019P4HIA,4,Historia,35,194,https://historico.conaliteg.gob.mx/c/H2019P4HIA/035.jpg,e5cd4d3b857d1f6766f18943d019f5778edfc18381e77802dccf8195ddab0ca0,112292,e5cd4d3b857d1f6766f18943d019f5778edfc18381e77802dccf8195ddab0ca0,112292,200,image/jpeg,1,,1,1
LTMD_U1_W5_HISTORY_2018_2019_ROUTE_IDENTITY_0.1,H2018P4HIA,H2019P4HIA,4,Historia,36,194,https://historico.conaliteg.gob.mx/c/H2019P4HIA/036.jpg,1ac9aa28da41e683ad2bfe89694c6e1ea38f29ec9e5b72ba8dafa6d0cf32d731,276304,1ac9aa28da41e683ad2bfe89694c6e1ea38f29ec9e5b72ba8dafa6d0cf32d731,276304,200,image/jpeg,1,,1,1
LTMD_U1_W5_HISTORY_2018_2019_ROUTE_IDENTITY_0.1,H2018P4HIA,H2019P4HIA,4,Historia,37,194,https://historico.conaliteg.gob.mx/c/H2019P4HIA/037.jpg,6d58809319bae8059611f3fd0926c7b970d4c910929adc70c060cec11ceff128,237594,6d58809319bae8059611f3fd0926c7b970d4c910929adc70c060cec11ceff128,237594,200,image/jpeg,1,,1,1
LTMD_U1_W5_HISTORY_2018_2019_ROUTE_IDENTITY_0.1,H2018P4HIA,H2019P4HIA,4,Historia,38,194,https://historico.conaliteg.gob.mx/c/H2019P4HIA/038.jpg,9f29ff86c17f6cef3074e5068c389a002e8aa60489c541b0acd73a99e7fef7b9,171070,9f29ff86c17f6cef3074e5068c389a002e8aa60489c541b0acd73a99e7fef7b9,171070,200,image/jpeg,1,,1,1
LTMD_U1_W5_HISTORY_2018_2019_ROUTE_IDENTITY_0.1,H2018P4HIA,H2019P4HIA,4,Historia,39,194,https://historico.conaliteg.gob.mx/c/H2019P4HIA/039.jpg,94c1f35990e76c36cb4fb7a4788033079d677438f1bcd0436a3a9ff417f87ac1,130731,94c1f35990e76c36cb4fb7a4788033079d677438f1bcd0436a3a9ff417f87ac1,130731,200,image/jpeg,1,,1,1
LTMD_U1_W5_HISTORY_2018_2019_ROUTE_IDENTITY_0.1,H2018P4HIA,H2019P4HIA,4,Historia,40,194,https://historico.conaliteg.gob.mx/c/H2019P4HIA/040.jpg,c203bc1710d811d01605e1960cbc09526982b1f5c9708e61253a158c4050d3f5,98591,c203bc1710d811d01605e1960cbc09526982b1f5c9708e61253a158c4050d3f5,98591,200,image/jpeg,1,,1,1
LTMD_U1_W5_HISTORY_2018_2019_ROUTE_IDENTITY_0.1,H2018P4HIA,H2019P4HIA,4,Historia,41,194,https://historico.conaliteg.gob.mx/c/H2019P4HIA/041.jpg,dfaccfd76b6072b0c60be66f4bd533899667da66957af5d288e1f16fcf8c2b13,116305,dfaccfd76b6072b0c60be66f4bd533899667da66957af5d288e1f16fcf8c2b13,116305,200,image/jpeg,1,,1,1
LTMD_U1_W5_HISTORY_2018_2019_ROUTE_IDENTITY_0.1,H2018P4HIA,H2019P4HIA,4,Historia,42,194,https://historico.conaliteg.gob.mx/c/H2019P4HIA/042.jpg,799d2d8e948a331163a11c3009a8e11b2d167f40a225e3376fb13996d0945675,141061,799d2d8e948a331163a11c3009a8e11b2d167f40a225e3376fb13996d0945675,141061,200,image/jpeg,1,,1,1
LTMD_U1_W5_HISTORY_2018_2019_ROUTE_IDENTITY_0.1,H2018P4HIA,H2019P4HIA,4,Historia,43,194,https://historico.conaliteg.gob.mx/c/H2019P4HIA/043.jpg,ea55de7df7dc99231b1a5501404a799c36eb36c46949aa1618900038fd7fee02,118181,ea55de7df7dc99231b1a5501404a799c36eb36c46949aa1618900038fd7fee02,118181,200,image/jpeg,1,,1,1
LTMD_U1_W5_HISTORY_2018_2019_ROUTE_IDENTITY_0.1,H2018P4HIA,H2019P4HIA,4,Historia,44,194,https://historico.conaliteg.gob.mx/c/H2019P4HIA/044.jpg,2e8041cf6d882867e98287511037fb36ca262d83bc87ab295476200be2d00b2b,171768,2e8041cf6d882867e98287511037fb36ca262d83bc87ab295476200be2d00b2b,171768,200,image/jpeg,1,,1,1
LTMD_U1_W5_HISTORY_2018_2019_ROUTE_IDENTITY_0.1,H2018P4HIA,H2019P4HIA,4,Historia,45,194,https://historico.conaliteg.gob.mx/c/H2019P4HIA/045.jpg,58dd8ca962563f6c15aa60c457f12c49407298b83727ee9b0b60f08e60c0f74b,119124,58dd8ca962563f6c15aa60c457f12c49407298b83727ee9b0b60f08e60c0f74b,119124,200,image/jpeg,1,,1,1
LTMD_U1_W5_HISTORY_2018_2019_ROUTE_IDENTITY_0.1,H2018P4HIA,H2019P4HIA,4,Historia,46,194,https://historico.conaliteg.gob.mx/c/H2019P4HIA/046.jpg,b71bab9a0bc466b67578549cb4b03b4ccea2e71493a1d688def6c98272633533,150532,b71bab9a0bc466b67578549cb4b03b4ccea2e71493a1d688def6c98272633533,150532,200,image/jpeg,1,,1,1
LTMD_U1_W5_HISTORY_2018_2019_ROUTE_IDENTITY_0.1,H2018P4HIA,H2019P4HIA,4,Historia,47,194,https://historico.conaliteg.gob.mx/c/H2019P4HIA/047.jpg,a63360f6c40e5cc1b02b3b9755a4fa0af94e81233056ea7f5807c218c050ff16,169175,a63360f6c40e5cc1b02b3b9755a4fa0af94e81233056ea7f5807c218c050ff16,169175,200,image/jpeg,1,,1,1
LTMD_U1_W5_HISTORY_2018_2019_ROUTE_IDENTITY_0.1,H2018P4HIA,H2019P4HIA,4,Historia,48,194,https://historico.conaliteg.gob.mx/c/H2019P4HIA/048.jpg,7eaab0e8061e1448ae6cd3b40892ff4aa391aef7ff9079d74a4104409682f06b,167304,7eaab0e8061e1448ae6cd3b40892ff4aa391aef7ff9079d74a4104409682f06b,167304,200,image/jpeg,1,,1,1
LTMD_U1_W5_HISTORY_2018_2019_ROUTE_IDENTITY_0.1,H2018P4HIA,H2019P4HIA,4,Historia,49,194,https://historico.conaliteg.gob.mx/c/H2019P4HIA/049.jpg,1d022920735e1c15214a2378985f9ce2179464552bb1f6dcf437bd727de9d504,181175,1d022920735e1c15214a2378985f9ce2179464552bb1f6dcf437bd727de9d504,181175,200,image/jpeg,1,,1,1
LTMD_U1_W5_HISTORY_2018_2019_ROUTE_IDENTITY_0.1,H2018P4HIA,H2019P4HIA,4,Historia,50,194,https://historico.conaliteg.gob.mx/c/H2019P4HIA/050.jpg,13152a480cedd6e545d03c75bfb5ce1ca6980ca86af51be95f08e78012c17b77,167052,13152a480cedd6e545d03c75bfb5ce1ca6980ca86af51be95f08e78012c17b77,167052,200,image/jpeg,1,,1,1
LTMD_U1_W5_HISTORY_2018_2019_ROUTE_IDENTITY_0.1,H2018P4HIA,H2019P4HIA,4,Historia,51,194,https://historico.conaliteg.gob.mx/c/H2019P4HIA/051.jpg,a164fc44662032035a7ae7c8368a5fb253590d0b190e0c4a62cbdeaf8f971730,155351,a164fc44662032035a7ae7c8368a5fb253590d0b190e0c4a62cbdeaf8f971730,155351,200,image/jpeg,1,,1,1
LTMD_U1_W5_HISTORY_2018_2019_ROUTE_IDENTITY_0.1,H2018P4HIA,H2019P4HIA,4,Historia,52,194,https://historico.conaliteg.gob.mx/c/H2019P4HIA/052.jpg,a5605230e7846ba21f8922066234b0e889101334da59c1ac9a3a6451f53b3711,148076,a5605230e7846ba21f8922066234b0e889101334da59c1ac9a3a6451f53b3711,148076,200,image/jpeg,1,,1,1
LTMD_U1_W5_HISTORY_2018_2019_ROUTE_IDENTITY_0.1,H2018P4HIA,H2019P4HIA,4,Historia,53,194,https://historico.conaliteg.gob.mx/c/H2019P4HIA/053.jpg,8461202bfe4bf322c8a9bf1f7427d8d5363ba9e497fc5755092496288fe58241,156370,8461202bfe4bf322c8a9bf1f7427d8d5363ba9e497fc5755092496288fe58241,156370,200,image/jpeg,1,,1,1
LTMD_U1_W5_HISTORY_2018_2019_ROUTE_IDENTITY_0.1,H2018P4HIA,H2019P4HIA,4,Historia,54,194,https://historico.conaliteg.gob.mx/c/H2019P4HIA/054.jpg,511a758c20886cd3a083a5a23e6def0e8c0cdb7ff9877051f3c860b044698056,197192,511a758c20886cd3a083a5a23e6def0e8c0cdb7ff9877051f3c860b044698056,197192,200,image/jpeg,1,,1,1
LTMD_U1_W5_HISTORY_2018_2019_ROUTE_IDENTITY_0.1,H2018P4HIA,H2019P4HIA,4,Historia,55,194,https://historico.conaliteg.gob.mx/c/H2019P4HIA/055.jpg,be778694800c0a2cbf36e4d276d7e2d8df0b729201781cc2eceec4878b684cb3,147403,be778694800c0a2cbf36e4d276d7e2d8df0b729201781cc2eceec4878b684cb3,147403,200,image/jpeg,1,,1,1
LTMD_U1_W5_HISTORY_2018_2019_ROUTE_IDENTITY_0.1,H2018P4HIA,H2019P4HIA,4,Historia,56,194,https://historico.conaliteg.gob.mx/c/H2019P4HIA/056.jpg,425b848d7e5bcf95cf50fdcfd0cb189fccb8c7e5c06947ae8734e6047bfa205d,126154,425b848d7e5bcf95cf50fdcfd0cb189fccb8c7e5c06947ae8734e6047bfa205d,126154,200,image/jpeg,1,,1,1
LTMD_U1_W5_HISTORY_2018_2019_ROUTE_IDENTITY_0.1,H2018P4HIA,H2019P4HIA,4,Historia,57,194,https://historico.conaliteg.gob.mx/c/H2019P4HIA/057.jpg,af0493123f639a4b23c9faa5adecbfe0b4c95f08c1da57af9097ee03b836fec9,85184,af0493123f639a4b23c9faa5adecbfe0b4c95f08c1da57af9097ee03b836fec9,85184,200,image/jpeg,1,,1,1
LTMD_U1_W5_HISTORY_2018_2019_ROUTE_IDENTITY_0.1,H2018P4HIA,H2019P4HIA,4,Historia,58,194,https://historico.conaliteg.gob.mx/c/H2019P4HIA/058.jpg,517c368db9afe5d20a41228ff2a072340dc4233d68de18b0e2779cfa8bf42b93,192664,517c368db9afe5d20a41228ff2a072340dc4233d68de18b0e2779cfa8bf42b93,192664,200,image/jpeg,1,,1,1
LTMD_U1_W5_HISTORY_2018_2019_ROUTE_IDENTITY_0.1,H2018P4HIA,H2019P4HIA,4,Historia,59,194,https://historico.conaliteg.gob.mx/c/H2019P4HIA/059.jpg,b1f163d2e487855d66a88c741928650e2595f4e3d11d2638a3ad419c26d3cca8,170446,b1f163d2e487855d66a88c741928650e2595f4e3d11d2638a3ad419c26d3cca8,170446,200,image/jpeg,1,,1,1
LTMD_U1_W5_HISTORY_2018_2019_ROUTE_IDENTITY_0.1,H2018P4HIA,H2019P4HIA,4,Historia,60,194,https://historico.conaliteg.gob.mx/c/H2019P4HIA/060.jpg,246e749a23e42434b8dc312f4474ae82c84bbd843c0e87177ebd7f93bec9fe80,172088,246e749a23e42434b8dc312f4474ae82c84bbd843c0e87177ebd7f93bec9fe80,172088,200,image/jpeg,1,,1,1
LTMD_U1_W5_HISTORY_2018_2019_ROUTE_IDENTITY_0.1,H2018P4HIA,H2019P4HIA,4,Historia,61,194,https://historico.conaliteg.gob.mx/c/H2019P4HIA/061.jpg,d8615cad1929a64a20ee47fc66b871864be23f495d34a18c8870d5b79dacd273,143687,d8615cad1929a64a20ee47fc66b871864be23f495d34a18c8870d5b79dacd273,143687,200,image/jpeg,1,,1,1
LTMD_U1_W5_HISTORY_2018_2019_ROUTE_IDENTITY_0.1,H2018P4HIA,H2019P4HIA,4,Historia,62,194,https://historico.conaliteg.gob.mx/c/H2019P4HIA/062.jpg,f6a8a9c25a4916ef864ae3ec6f7d4e7a2cfa43a9c85509d9c7f4750ab7c57374,212147,f6a8a9c25a4916ef864ae3ec6f7d4e7a2cfa43a9c85509d9c7f4750ab7c57374,212147,200,image/jpeg,1,,1,1
LTMD_U1_W5_HISTORY_2018_2019_ROUTE_IDENTITY_0.1,H2018P4HIA,H2019P4HIA,4,Historia,63,194,https://historico.conaliteg.gob.mx/c/H2019P4HIA/063.jpg,68934b111c133159f5cfe87bb8b2cd522d3bff1b8f0c1165224218c1eb30930e,186857,68934b111c133159f5cfe87bb8b2cd522d3bff1b8f0c1165224218c1eb30930e,186857,200,image/jpeg,1,,1,1
LTMD_U1_W5_HISTORY_2018_2019_ROUTE_IDENTITY_0.1,H2018P4HIA,H2019P4HIA,4,Historia,64,194,https://historico.conaliteg.gob.mx/c/H2019P4HIA/064.jpg,19c5ba616ae996b4a3e192330bf73ae8a55850e6857d4cfffd280370a6e35df9,170395,19c5ba616ae996b4a3e192330bf73ae8a55850e6857d4cfffd280370a6e35df9,170395,200,image/jpeg,1,,1,1
LTMD_U1_W5_HISTORY_2018_2019_ROUTE_IDENTITY_0.1,H2018P4HIA,H2019P4HIA,4,Historia,65,194,https://historico.conaliteg.gob.mx/c/H2019P4HIA/065.jpg,38e8282209f3c51419d926b88eca35458ad1e4801f9ada85926b3333ef3cd9ef,181415,38e8282209f3c51419d926b88eca35458ad1e4801f9ada85926b3333ef3cd9ef,181415,200,image/jpeg,1,,1,1
LTMD_U1_W5_HISTORY_2018_2019_ROUTE_IDENTITY_0.1,H2018P4HIA,H2019P4HIA,4,Historia,66,194,https://historico.conaliteg.gob.mx/c/H2019P4HIA/066.jpg,d70cdb5ca728fb4397dec1c97f3923fc15c83a8c8358758c5083216fe104db5c,119993,d70cdb5ca728fb4397dec1c97f3923fc15c83a8c8358758c5083216fe104db5c,119993,200,image/jpeg,1,,1,1
LTMD_U1_W5_HISTORY_2018_2019_ROUTE_IDENTITY_0.1,H2018P4HIA,H2019P4HIA,4,Historia,67,194,https://historico.conaliteg.gob.mx/c/H2019P4HIA/067.jpg,3331ba48b0905c453c0bbecd65fa1d73a329299dd5e59e5f5a6aadffa3fd996f,164554,3331ba48b0905c453c0bbecd65fa1d73a329299dd5e59e5f5a6aadffa3fd996f,164554,200,image/jpeg,1,,1,1
LTMD_U1_W5_HISTORY_2018_2019_ROUTE_IDENTITY_0.1,H2018P4HIA,H2019P4HIA,4,Historia,68,194,https://historico.conaliteg.gob.mx/c/H2019P4HIA/068.jpg,c5969bc79e49b49f560d6870887144db01b6ad1a58ae30a11517e866f5bfdc39,147846,c5969bc79e49b49f560d6870887144db01b6ad1a58ae30a11517e866f5bfdc39,147846,200,image/jpeg,1,,1,1
LTMD_U1_W5_HISTORY_2018_2019_ROUTE_IDENTITY_0.1,H2018P4HIA,H2019P4HIA,4,Historia,69,194,https://historico.conaliteg.gob.mx/c/H2019P4HIA/069.jpg,25e51bdd9c9bc85127ea0a7c81597d43369607df73b3b567417ad5bfefae4177,116261,25e51bdd9c9bc85127ea0a7c81597d43369607df73b3b567417ad5bfefae4177,116261,200,image/jpeg,1,,1,1
LTMD_U1_W5_HISTORY_2018_2019_ROUTE_IDENTITY_0.1,H2018P4HIA,H2019P4HIA,4,Historia,70,194,https://historico.conaliteg.gob.mx/c/H2019P4HIA/070.jpg,d91ce9b3e474193e7a52456d823adb3e698e9af34de84d42c6b636a7763befed,149970,d91ce9b3e474193e7a52456d823adb3e698e9af34de84d42c6b636a7763befed,149970,200,image/jpeg,1,,1,1
LTMD_U1_W5_HISTORY_2018_2019_ROUTE_IDENTITY_0.1,H2018P4HIA,H2019P4HIA,4,Historia,71,194,https://historico.conaliteg.gob.mx/c/H2019P4HIA/071.jpg,615c60dc18c4614099fa2968faa8a194f3f0e535d86afc7faa61168133b71905,143134,615c60dc18c4614099fa2968faa8a194f3f0e535d86afc7faa61168133b71905,143134,200,image/jpeg,1,,1,1
LTMD_U1_W5_HISTORY_2018_2019_ROUTE_IDENTITY_0.1,H2018P4HIA,H2019P4HIA,4,Historia,72,194,https://historico.conaliteg.gob.mx/c/H2019P4HIA/072.jpg,9e82a20b796bbb7009bcb49cb0b85cde57e163bb75fc7bb71406e1ffe495f362,124570,9e82a20b796bbb7009bcb49cb0b85cde57e163bb75fc7bb71406e1ffe495f362,124570,200,image/jpeg,1,,1,1
LTMD_U1_W5_HISTORY_2018_2019_ROUTE_IDENTITY_0.1,H2018P4HIA,H2019P4HIA,4,Historia,73,194,https://historico.conaliteg.gob.mx/c/H2019P4HIA/073.jpg,a6ec3ad98794e08f4e9d55803d422594dc2291a2b92855d3e6224275f74adc23,123174,a6ec3ad98794e08f4e9d55803d422594dc2291a2b92855d3e6224275f74adc23,123174,200,image/jpeg,1,,1,1
LTMD_U1_W5_HISTORY_2018_2019_ROUTE_IDENTITY_0.1,H2018P4HIA,H2019P4HIA,4,Historia,74,194,https://historico.conaliteg.gob.mx/c/H2019P4HIA/074.jpg,244cbd6614d2395f0b96d33ff546a1d58b78277c2288c5652c2023e5de7ba8f1,77721,244cbd6614d2395f0b96d33ff546a1d58b78277c2288c5652c2023e5de7ba8f1,77721,200,image/jpeg,1,,1,1
LTMD_U1_W5_HISTORY_2018_2019_ROUTE_IDENTITY_0.1,H2018P4HIA,H2019P4HIA,4,Historia,75,194,https://historico.conaliteg.gob.mx/c/H2019P4HIA/075.jpg,d7f7091a80263e61473f172ab876536de2ad2834c7ce1a0f18a16a7720c06ea6,78386,d7f7091a80263e61473f172ab876536de2ad2834c7ce1a0f18a16a7720c06ea6,78386,200,image/jpeg,1,,1,1
LTMD_U1_W5_HISTORY_2018_2019_ROUTE_IDENTITY_0.1,H2018P4HIA,H2019P4HIA,4,Historia,76,194,https://historico.conaliteg.gob.mx/c/H2019P4HIA/076.jpg,f594fa1aa327fc48b6a415b6873f5aa76d468fc8ee0dabfa5c5cd1d8e76f8a0b,315372,f594fa1aa327fc48b6a415b6873f5aa76d468fc8ee0dabfa5c5cd1d8e76f8a0b,315372,200,image/jpeg,1,,1,1
LTMD_U1_W5_HISTORY_2018_2019_ROUTE_IDENTITY_0.1,H2018P4HIA,H2019P4HIA,4,Historia,77,194,https://historico.conaliteg.gob.mx/c/H2019P4HIA/077.jpg,2f78b24b174944d6862960cf16712e0558728fcd65d67913eef0d676b3194282,383033,2f78b24b174944d6862960cf16712e0558728fcd65d67913eef0d676b3194282,383033,200,image/jpeg,1,,1,1
LTMD_U1_W5_HISTORY_2018_2019_ROUTE_IDENTITY_0.1,H2018P4HIA,H2019P4HIA,4,Historia,78,194,https://historico.conaliteg.gob.mx/c/H2019P4HIA/078.jpg,2874b6536e5e42c6576fd082b19b50bd3b5012aadb4018d104ffb25041cadab0,145713,2874b6536e5e42c6576fd082b19b50bd3b5012aadb4018d104ffb25041cadab0,145713,200,image/jpeg,1,,1,1
LTMD_U1_W5_HISTORY_2018_2019_ROUTE_IDENTITY_0.1,H2018P4HIA,H2019P4HIA,4,Historia,79,194,https://historico.conaliteg.gob.mx/c/H2019P4HIA/079.jpg,ee117641b97789fa0389bfe04c163f59f738fc452c8090c178e0d6dfbf39c207,99066,ee117641b97789fa0389bfe04c163f59f738fc452c8090c178e0d6dfbf39c207,99066,200,image/jpeg,1,,1,1
LTMD_U1_W5_HISTORY_2018_2019_ROUTE_IDENTITY_0.1,H2018P4HIA,H2019P4HIA,4,Historia,80,194,https://historico.conaliteg.gob.mx/c/H2019P4HIA/080.jpg,9b3d19ca5fc6a477242b2d2254d33649c4d4e68169622df141d9abbbfb1c8cf6,116374,9b3d19ca5fc6a477242b2d2254d33649c4d4e68169622df141d9abbbfb1c8cf6,116374,200,image/jpeg,1,,1,1
LTMD_U1_W5_HISTORY_2018_2019_ROUTE_IDENTITY_0.1,H2018P4HIA,H2019P4HIA,4,Historia,81,194,https://historico.conaliteg.gob.mx/c/H2019P4HIA/081.jpg,e752a165efd06f267de7f6e8cc20ebf737492e128b3324ff1a0c5e33abce2fc3,105895,e752a165efd06f267de7f6e8cc20ebf737492e128b3324ff1a0c5e33abce2fc3,105895,200,image/jpeg,1,,1,1
LTMD_U1_W5_HISTORY_2018_2019_ROUTE_IDENTITY_0.1,H2018P4HIA,H2019P4HIA,4,Historia,82,194,https://historico.conaliteg.gob.mx/c/H2019P4HIA/082.jpg,1ad2a00eff576127ca28b21ca859913f85aff2fc1e3006f511915dc70d2bad62,110899,1ad2a00eff576127ca28b21ca859913f85aff2fc1e3006f511915dc70d2bad62,110899,200,image/jpeg,1,,1,1
LTMD_U1_W5_HISTORY_2018_2019_ROUTE_IDENTITY_0.1,H2018P4HIA,H2019P4HIA,4,Historia,83,194,https://historico.conaliteg.gob.mx/c/H2019P4HIA/083.jpg,6d83cfe1d009c3a3fa857e99713d591f2ea0ad209c05cba3ec8bacaf40561c5e,109111,6d83cfe1d009c3a3fa857e99713d591f2ea0ad209c05cba3ec8bacaf40561c5e,109111,200,image/jpeg,1,,1,1
LTMD_U1_W5_HISTORY_2018_2019_ROUTE_IDENTITY_0.1,H2018P4HIA,H2019P4HIA,4,Historia,84,194,https://historico.conaliteg.gob.mx/c/H2019P4HIA/084.jpg,9d4ade0b5e2927c4d2aab193ff4602d752eaaeb5edb5a776dcd380f08029e0e5,166434,9d4ade0b5e2927c4d2aab193ff4602d752eaaeb5edb5a776dcd380f08029e0e5,166434,200,image/jpeg,1,,1,1
LTMD_U1_W5_HISTORY_2018_2019_ROUTE_IDENTITY_0.1,H2018P4HIA,H2019P4HIA,4,Historia,85,194,https://historico.conaliteg.gob.mx/c/H2019P4HIA/085.jpg,7d994f4740ee5ba514e6cdbb85a4478daf477974e9587da18f2b508d20be0a00,114437,7d994f4740ee5ba514e6cdbb85a4478daf477974e9587da18f2b508d20be0a00,114437,200,image/jpeg,1,,1,1
LTMD_U1_W5_HISTORY_2018_2019_ROUTE_IDENTITY_0.1,H2018P4HIA,H2019P4HIA,4,Historia,86,194,https://historico.conaliteg.gob.mx/c/H2019P4HIA/086.jpg,8bbe3bdb30bde87d27fc7ec55c7d67d5671f3e3df1b8b63afa28d7c394f64608,154978,8bbe3bdb30bde87d27fc7ec55c7d67d5671f3e3df1b8b63afa28d7c394f64608,154978,200,image/jpeg,1,,1,1
LTMD_U1_W5_HISTORY_2018_2019_ROUTE_IDENTITY_0.1,H2018P4HIA,H2019P4HIA,4,Historia,87,194,https://historico.conaliteg.gob.mx/c/H2019P4HIA/087.jpg,609af486ac8a6065ca962421cced860e9c4e9a4c9079f6fdd23f367323c4168c,120512,609af486ac8a6065ca962421cced860e9c4e9a4c9079f6fdd23f367323c4168c,120512,200,image/jpeg,1,,1,1
LTMD_U1_W5_HISTORY_2018_2019_ROUTE_IDENTITY_0.1,H2018P4HIA,H2019P4HIA,4,Historia,88,194,https://historico.conaliteg.gob.mx/c/H2019P4HIA/088.jpg,53e116f50bab158baf7d0d7e0f3b86bd5df7a925fc83980987f7f9f130f993a2,138167,53e116f50bab158baf7d0d7e0f3b86bd5df7a925fc83980987f7f9f130f993a2,138167,200,image/jpeg,1,,1,1
LTMD_U1_W5_HISTORY_2018_2019_ROUTE_IDENTITY_0.1,H2018P4HIA,H2019P4HIA,4,Historia,89,194,https://historico.conaliteg.gob.mx/c/H2019P4HIA/089.jpg,3ed2c1ef3024077b15b651084d9eb45461aca82185ab4a9fb9e91e755187e907,177044,3ed2c1ef3024077b15b651084d9eb45461aca82185ab4a9fb9e91e755187e907,177044,200,image/jpeg,1,,1,1
LTMD_U1_W5_HISTORY_2018_2019_ROUTE_IDENTITY_0.1,H2018P4HIA,H2019P4HIA,4,Historia,90,194,https://historico.conaliteg.gob.mx/c/H2019P4HIA/090.jpg,1be54013f8e4a1bc55075f1b9712fc768769e4139b4ac1f48f6161ea3cd9329e,115541,1be54013f8e4a1bc55075f1b9712fc768769e4139b4ac1f48f6161ea3cd9329e,115541,200,image/jpeg,1,,1,1
LTMD_U1_W5_HISTORY_2018_2019_ROUTE_IDENTITY_0.1,H2018P4HIA,H2019P4HIA,4,Historia,91,194,https://historico.conaliteg.gob.mx/c/H2019P4HIA/091.jpg,aaf958a1becc60ede3d39fe5845ff7c5a073a151c78364a3f8586773d4cfb7e6,172705,aaf958a1becc60ede3d39fe5845ff7c5a073a151c78364a3f8586773d4cfb7e6,172705,200,image/jpeg,1,,1,1
LTMD_U1_W5_HISTORY_2018_2019_ROUTE_IDENTITY_0.1,H2018P4HIA,H2019P4HIA,4,Historia,92,194,https://historico.conaliteg.gob.mx/c/H2019P4HIA/092.jpg,5dcc606bc55b573dcb0512645e3fc31bf4795c9b3b5f4cf6afbec982978fec92,161251,5dcc606bc55b573dcb0512645e3fc31bf4795c9b3b5f4cf6afbec982978fec92,161251,200,image/jpeg,1,,1,1
LTMD_U1_W5_HISTORY_2018_2019_ROUTE_IDENTITY_0.1,H2018P4HIA,H2019P4HIA,4,Historia,93,194,https://historico.conaliteg.gob.mx/c/H2019P4HIA/093.jpg,9b6ec4f78009886fcf6d739e5d5642184a0a28d84c719fd7073150f4e10dde05,196312,9b6ec4f78009886fcf6d739e5d5642184a0a28d84c719fd7073150f4e10dde05,196312,200,image/jpeg,1,,1,1
LTMD_U1_W5_HISTORY_2018_2019_ROUTE_IDENTITY_0.1,H2018P4HIA,H2019P4HIA,4,Historia,94,194,https://historico.conaliteg.gob.mx/c/H2019P4HIA/094.jpg,0e8e69fd4ab1f2649692879a5c7894fbbd18b39c6fae70a30bfc7b11a8815a27,197361,0e8e69fd4ab1f2649692879a5c7894fbbd18b39c6fae70a30bfc7b11a8815a27,197361,200,image/jpeg,1,,1,1
LTMD_U1_W5_HISTORY_2018_2019_ROUTE_IDENTITY_0.1,H2018P4HIA,H2019P4HIA,4,Historia,95,194,https://historico.conaliteg.gob.mx/c/H2019P4HIA/095.jpg,23e7fe55ce527fb3085bc8589505941f9059cc6c8746268971eb53ce31c5729d,126812,23e7fe55ce527fb3085bc8589505941f9059cc6c8746268971eb53ce31c5729d,126812,200,image/jpeg,1,,1,1
LTMD_U1_W5_HISTORY_2018_2019_ROUTE_IDENTITY_0.1,H2018P4HIA,H2019P4HIA,4,Historia,96,194,https://historico.conaliteg.gob.mx/c/H2019P4HIA/096.jpg,c315eb23356c4716fb9a656b8dfdc5fe1e7ad41c81536a6a7c1c92ca46c33ef5,164992,c315eb23356c4716fb9a656b8dfdc5fe1e7ad41c81536a6a7c1c92ca46c33ef5,164992,200,image/jpeg,1,,1,1
LTMD_U1_W5_HISTORY_2018_2019_ROUTE_IDENTITY_0.1,H2018P4HIA,H2019P4HIA,4,Historia,97,194,https://historico.conaliteg.gob.mx/c/H2019P4HIA/097.jpg,69d12664602a5ccba5cc24bc8f7b463d86820b5f75100a48e214485f07db024e,143801,69d12664602a5ccba5cc24bc8f7b463d86820b5f75100a48e214485f07db024e,143801,200,image/jpeg,1,,1,1
LTMD_U1_W5_HISTORY_2018_2019_ROUTE_IDENTITY_0.1,H2018P4HIA,H2019P4HIA,4,Historia,98,194,https://historico.conaliteg.gob.mx/c/H2019P4HIA/098.jpg,d88f59c697a26a701f4d32927b5152519f1f38e1a2c5f5a5ebdc7f0f2561836b,161080,d88f59c697a26a701f4d32927b5152519f1f38e1a2c5f5a5ebdc7f0f2561836b,161080,200,image/jpeg,1,,1,1
LTMD_U1_W5_HISTORY_2018_2019_ROUTE_IDENTITY_0.1,H2018P4HIA,H2019P4HIA,4,Historia,99,194,https://historico.conaliteg.gob.mx/c/H2019P4HIA/099.jpg,08a2fda9f95840e925dd459b5aeffa832d093d407452956aaede0ea72d944866,108775,08a2fda9f95840e925dd459b5aeffa832d093d407452956aaede0ea72d944866,108775,200,image/jpeg,1,,1,1
LTMD_U1_W5_HISTORY_2018_2019_ROUTE_IDENTITY_0.1,H2018P4HIA,H2019P4HIA,4,Historia,100,194,https://historico.conaliteg.gob.mx/c/H2019P4HIA/100.jpg,91351b1411b055d64d290cb387d5e83725ea5905fdd340887f909a0a3c16b670,179984,91351b1411b055d64d290cb387d5e83725ea5905fdd340887f909a0a3c16b670,179984,200,image/jpeg,1,,1,1
LTMD_U1_W5_HISTORY_2018_2019_ROUTE_IDENTITY_0.1,H2018P4HIA,H2019P4HIA,4,Historia,101,194,https://historico.conaliteg.gob.mx/c/H2019P4HIA/101.jpg,aeff217bf003385993887e1fe369e144566cc8a6e88b08f06c490c09d9fe455e,132514,aeff217bf003385993887e1fe369e144566cc8a6e88b08f06c490c09d9fe455e,132514,200,image/jpeg,1,,1,1
LTMD_U1_W5_HISTORY_2018_2019_ROUTE_IDENTITY_0.1,H2018P4HIA,H2019P4HIA,4,Historia,102,194,https://historico.conaliteg.gob.mx/c/H2019P4HIA/102.jpg,743066f4693c81a63e93d06e20870944c460f5712b5f7441103496bc7a0e4279,119730,743066f4693c81a63e93d06e20870944c460f5712b5f7441103496bc7a0e4279,119730,200,image/jpeg,1,,1,1
LTMD_U1_W5_HISTORY_2018_2019_ROUTE_IDENTITY_0.1,H2018P4HIA,H2019P4HIA,4,Historia,103,194,https://historico.conaliteg.gob.mx/c/H2019P4HIA/103.jpg,871b47662c0fb6397613ed7fc1fa90fa4a5129fba5f8e950ce9da60c23360428,130690,871b47662c0fb6397613ed7fc1fa90fa4a5129fba5f8e950ce9da60c23360428,130690,200,image/jpeg,1,,1,1
LTMD_U1_W5_HISTORY_2018_2019_ROUTE_IDENTITY_0.1,H2018P4HIA,H2019P4HIA,4,Historia,104,194,https://historico.conaliteg.gob.mx/c/H2019P4HIA/104.jpg,362dc9efa262daba87d025d7aefedc8c722cf882b6b1424bf1f4f38a98eb2133,51800,362dc9efa262daba87d025d7aefedc8c722cf882b6b1424bf1f4f38a98eb2133,51800,200,image/jpeg,1,,1,1
LTMD_U1_W5_HISTORY_2018_2019_ROUTE_IDENTITY_0.1,H2018P4HIA,H2019P4HIA,4,Historia,105,194,https://historico.conaliteg.gob.mx/c/H2019P4HIA/105.jpg,41d065420b5bfad547036f0de3dba6156241a7dc3c821eee335a06b3cac56747,56514,41d065420b5bfad547036f0de3dba6156241a7dc3c821eee335a06b3cac56747,56514,200,image/jpeg,1,,1,1
LTMD_U1_W5_HISTORY_2018_2019_ROUTE_IDENTITY_0.1,H2018P4HIA,H2019P4HIA,4,Historia,106,194,https://historico.conaliteg.gob.mx/c/H2019P4HIA/106.jpg,2d67adbbd58b7d4244accdade8c50a98e41a255bc0b2a0838c0ac76cdcedc405,92891,2d67adbbd58b7d4244accdade8c50a98e41a255bc0b2a0838c0ac76cdcedc405,92891,200,image/jpeg,1,,1,1
LTMD_U1_W5_HISTORY_2018_2019_ROUTE_IDENTITY_0.1,H2018P4HIA,H2019P4HIA,4,Historia,107,194,https://historico.conaliteg.gob.mx/c/H2019P4HIA/107.jpg,77205ee14c6b75446509456b87eadca733cad9c90a65fcb6ec5ca93b50a9612f,73626,77205ee14c6b75446509456b87eadca733cad9c90a65fcb6ec5ca93b50a9612f,73626,200,image/jpeg,1,,1,1
LTMD_U1_W5_HISTORY_2018_2019_ROUTE_IDENTITY_0.1,H2018P4HIA,H2019P4HIA,4,Historia,108,194,https://historico.conaliteg.gob.mx/c/H2019P4HIA/108.jpg,3ce2824cef3fd36ca0d750dd38a99525d596a45d618cea65784659684d3c8d88,244572,3ce2824cef3fd36ca0d750dd38a99525d596a45d618cea65784659684d3c8d88,244572,200,image/jpeg,1,,1,1
LTMD_U1_W5_HISTORY_2018_2019_ROUTE_IDENTITY_0.1,H2018P4HIA,H2019P4HIA,4,Historia,109,194,https://historico.conaliteg.gob.mx/c/H2019P4HIA/109.jpg,7e39d2b5f2432ea358c557d97d260e05fefe9d6cf2d6c6636c71c3e9bb2f54cd,240288,7e39d2b5f2432ea358c557d97d260e05fefe9d6cf2d6c6636c71c3e9bb2f54cd,240288,200,image/jpeg,1,,1,1
LTMD_U1_W5_HISTORY_2018_2019_ROUTE_IDENTITY_0.1,H2018P4HIA,H2019P4HIA,4,Historia,110,194,https://historico.conaliteg.gob.mx/c/H2019P4HIA/110.jpg,bcfcd024d0faafe2b9adba9553f8b5f2beac0138eb4acad6517a5f9f1a088d90,137777,bcfcd024d0faafe2b9adba9553f8b5f2beac0138eb4acad6517a5f9f1a088d90,137777,200,image/jpeg,1,,1,1
LTMD_U1_W5_HISTORY_2018_2019_ROUTE_IDENTITY_0.1,H2018P4HIA,H2019P4HIA,4,Historia,111,194,https://historico.conaliteg.gob.mx/c/H2019P4HIA/111.jpg,5da3d0a3d418b40f973bdb4971e4b6a5603e16dce02f964bf7bfc7ad956b3897,48794,5da3d0a3d418b40f973bdb4971e4b6a5603e16dce02f964bf7bfc7ad956b3897,48794,200,image/jpeg,1,,1,1
LTMD_U1_W5_HISTORY_2018_2019_ROUTE_IDENTITY_0.1,H2018P4HIA,H2019P4HIA,4,Historia,112,194,https://historico.conaliteg.gob.mx/c/H2019P4HIA/112.jpg,4cd97d05b675315fdf008a8f086d4d8dcc496fae100239720de410862a6f084a,145647,4cd97d05b675315fdf008a8f086d4d8dcc496fae100239720de410862a6f084a,145647,200,image/jpeg,1,,1,1
LTMD_U1_W5_HISTORY_2018_2019_ROUTE_IDENTITY_0.1,H2018P4HIA,H2019P4HIA,4,Historia,113,194,https://historico.conaliteg.gob.mx/c/H2019P4HIA/113.jpg,9be9558b744ba9e66d1759e95988e4583cb081ff70f0e049c248282328e0faf9,132353,9be9558b744ba9e66d1759e95988e4583cb081ff70f0e049c248282328e0faf9,132353,200,image/jpeg,1,,1,1
LTMD_U1_W5_HISTORY_2018_2019_ROUTE_IDENTITY_0.1,H2018P4HIA,H2019P4HIA,4,Historia,114,194,https://historico.conaliteg.gob.mx/c/H2019P4HIA/114.jpg,3e3ea02b2c6468729eb86a54b9f2b740bdcab16ce8ec052e4507f1616e5d72a9,109751,3e3ea02b2c6468729eb86a54b9f2b740bdcab16ce8ec052e4507f1616e5d72a9,109751,200,image/jpeg,1,,1,1
LTMD_U1_W5_HISTORY_2018_2019_ROUTE_IDENTITY_0.1,H2018P4HIA,H2019P4HIA,4,Historia,115,194,https://historico.conaliteg.gob.mx/c/H2019P4HIA/115.jpg,da6a9ed6c4c55736741a19823a99d0ea6e5b2f18d946c29358d139f484e5df5b,110105,da6a9ed6c4c55736741a19823a99d0ea6e5b2f18d946c29358d139f484e5df5b,110105,200,image/jpeg,1,,1,1
LTMD_U1_W5_HISTORY_2018_2019_ROUTE_IDENTITY_0.1,H2018P4HIA,H2019P4HIA,4,Historia,116,194,https://historico.conaliteg.gob.mx/c/H2019P4HIA/116.jpg,d3a885202a69941097fd00d825fd0bd53466fd892ec2659d2f5509dde5d56243,124094,d3a885202a69941097fd00d825fd0bd53466fd892ec2659d2f5509dde5d56243,124094,200,image/jpeg,1,,1,1
LTMD_U1_W5_HISTORY_2018_2019_ROUTE_IDENTITY_0.1,H2018P4HIA,H2019P4HIA,4,Historia,117,194,https://historico.conaliteg.gob.mx/c/H2019P4HIA/117.jpg,1c6d941b738f690f685da2d339c6ff65ed609d8f287ef1b3a99335a5315a791f,104713,1c6d941b738f690f685da2d339c6ff65ed609d8f287ef1b3a99335a5315a791f,104713,200,image/jpeg,1,,1,1
LTMD_U1_W5_HISTORY_2018_2019_ROUTE_IDENTITY_0.1,H2018P4HIA,H2019P4HIA,4,Historia,118,194,https://historico.conaliteg.gob.mx/c/H2019P4HIA/118.jpg,10c90ec7ce676ac8e4d00a91c723806181e335f734f258771c5e55cc9595f2f6,170386,10c90ec7ce676ac8e4d00a91c723806181e335f734f258771c5e55cc9595f2f6,170386,200,image/jpeg,1,,1,1
LTMD_U1_W5_HISTORY_2018_2019_ROUTE_IDENTITY_0.1,H2018P4HIA,H2019P4HIA,4,Historia,119,194,https://historico.conaliteg.gob.mx/c/H2019P4HIA/119.jpg,b7a2eb91fd7d372f41b062db43f7d36e4cec3726eb85c7dcbb94e5bef506aef8,165170,b7a2eb91fd7d372f41b062db43f7d36e4cec3726eb85c7dcbb94e5bef506aef8,165170,200,image/jpeg,1,,1,1
LTMD_U1_W5_HISTORY_2018_2019_ROUTE_IDENTITY_0.1,H2018P4HIA,H2019P4HIA,4,Historia,120,194,https://historico.conaliteg.gob.mx/c/H2019P4HIA/120.jpg,a3e12fef2603e960c5294a41f5437c4c30a1f86efa518b216dab46d660be2496,131459,a3e12fef2603e960c5294a41f5437c4c30a1f86efa518b216dab46d660be2496,131459,200,image/jpeg,1,,1,1
LTMD_U1_W5_HISTORY_2018_2019_ROUTE_IDENTITY_0.1,H2018P4HIA,H2019P4HIA,4,Historia,121,194,https://historico.conaliteg.gob.mx/c/H2019P4HIA/121.jpg,2d73c2a68340eb516c7f8aa7f6b3055d2e5280fcec82c9610f67d2b3756b7b03,142243,2d73c2a68340eb516c7f8aa7f6b3055d2e5280fcec82c9610f67d2b3756b7b03,142243,200,image/jpeg,1,,1,1
LTMD_U1_W5_HISTORY_2018_2019_ROUTE_IDENTITY_0.1,H2018P4HIA,H2019P4HIA,4,Historia,122,194,https://historico.conaliteg.gob.mx/c/H2019P4HIA/122.jpg,5af7a1e8d3eca2ae4484d128da5947c54dd0a85403993f2b5236078335085584,171147,5af7a1e8d3eca2ae4484d128da5947c54dd0a85403993f2b5236078335085584,171147,200,image/jpeg,1,,1,1
LTMD_U1_W5_HISTORY_2018_2019_ROUTE_IDENTITY_0.1,H2018P4HIA,H2019P4HIA,4,Historia,123,194,https://historico.conaliteg.gob.mx/c/H2019P4HIA/123.jpg,b75a09439e1ffb0c96b6aad9cc4e948e31ad44e91909ca7eadfa17f1a5a861ea,137244,b75a09439e1ffb0c96b6aad9cc4e948e31ad44e91909ca7eadfa17f1a5a861ea,137244,200,image/jpeg,1,,1,1
LTMD_U1_W5_HISTORY_2018_2019_ROUTE_IDENTITY_0.1,H2018P4HIA,H2019P4HIA,4,Historia,124,194,https://historico.conaliteg.gob.mx/c/H2019P4HIA/124.jpg,cc8762984bc8f3f62b8f6c5be3eacc1ac7924279d27de26ce85b9a642479b933,180713,cc8762984bc8f3f62b8f6c5be3eacc1ac7924279d27de26ce85b9a642479b933,180713,200,image/jpeg,1,,1,1
LTMD_U1_W5_HISTORY_2018_2019_ROUTE_IDENTITY_0.1,H2018P4HIA,H2019P4HIA,4,Historia,125,194,https://historico.conaliteg.gob.mx/c/H2019P4HIA/125.jpg,ead634b784e3b271d9af403086100b10a5b118d85645b1bc71c3197605d6895d,67801,ead634b784e3b271d9af403086100b10a5b118d85645b1bc71c3197605d6895d,67801,200,image/jpeg,1,,1,1
LTMD_U1_W5_HISTORY_2018_2019_ROUTE_IDENTITY_0.1,H2018P4HIA,H2019P4HIA,4,Historia,126,194,https://historico.conaliteg.gob.mx/c/H2019P4HIA/126.jpg,3b49a5b2ad2bca60095b75b81ea876982a1ca51d099d9824737a6a8f1093925c,149854,3b49a5b2ad2bca60095b75b81ea876982a1ca51d099d9824737a6a8f1093925c,149854,200,image/jpeg,1,,1,1
LTMD_U1_W5_HISTORY_2018_2019_ROUTE_IDENTITY_0.1,H2018P4HIA,H2019P4HIA,4,Historia,127,194,https://historico.conaliteg.gob.mx/c/H2019P4HIA/127.jpg,2f0a274d63c29d8357561b4ffbbc0efa5466c8e5c89ad55ba81e9d39c299d98f,103863,2f0a274d63c29d8357561b4ffbbc0efa5466c8e5c89ad55ba81e9d39c299d98f,103863,200,image/jpeg,1,,1,1
LTMD_U1_W5_HISTORY_2018_2019_ROUTE_IDENTITY_0.1,H2018P4HIA,H2019P4HIA,4,Historia,128,194,https://historico.conaliteg.gob.mx/c/H2019P4HIA/128.jpg,33c29c08de90ed658d29636fea399c275354f02b3d2048e8be8d96f82505e13a,141472,33c29c08de90ed658d29636fea399c275354f02b3d2048e8be8d96f82505e13a,141472,200,image/jpeg,1,,1,1
LTMD_U1_W5_HISTORY_2018_2019_ROUTE_IDENTITY_0.1,H2018P4HIA,H2019P4HIA,4,Historia,129,194,https://historico.conaliteg.gob.mx/c/H2019P4HIA/129.jpg,5a24e2b6c68c80e1712f121c629e8c593dbdda8e076e2c09725384ae137c3d71,123756,5a24e2b6c68c80e1712f121c629e8c593dbdda8e076e2c09725384ae137c3d71,123756,200,image/jpeg,1,,1,1
LTMD_U1_W5_HISTORY_2018_2019_ROUTE_IDENTITY_0.1,H2018P4HIA,H2019P4HIA,4,Historia,130,194,https://historico.conaliteg.gob.mx/c/H2019P4HIA/130.jpg,e900c5a263095f9c9b6a87e2aaf9c8e4beac92b94db8a594d32c465b55e2567a,114204,e900c5a263095f9c9b6a87e2aaf9c8e4beac92b94db8a594d32c465b55e2567a,114204,200,image/jpeg,1,,1,1
LTMD_U1_W5_HISTORY_2018_2019_ROUTE_IDENTITY_0.1,H2018P4HIA,H2019P4HIA,4,Historia,131,194,https://historico.conaliteg.gob.mx/c/H2019P4HIA/131.jpg,378135303fb44b8184d9d69ae6039620efedff893cb53d33d2bd0a494fa86b5d,110360,378135303fb44b8184d9d69ae6039620efedff893cb53d33d2bd0a494fa86b5d,110360,200,image/jpeg,1,,1,1
LTMD_U1_W5_HISTORY_2018_2019_ROUTE_IDENTITY_0.1,H2018P4HIA,H2019P4HIA,4,Historia,132,194,https://historico.conaliteg.gob.mx/c/H2019P4HIA/132.jpg,5896ea0c6f2ea04098b81fe62626553970fcf2fbf26d09da3538e5e49405c16c,139399,5896ea0c6f2ea04098b81fe62626553970fcf2fbf26d09da3538e5e49405c16c,139399,200,image/jpeg,1,,1,1
LTMD_U1_W5_HISTORY_2018_2019_ROUTE_IDENTITY_0.1,H2018P4HIA,H2019P4HIA,4,Historia,133,194,https://historico.conaliteg.gob.mx/c/H2019P4HIA/133.jpg,a919429f61bc0fed4542e6729fa95b01909984de7a76c7b1e50f608f9c4cd9f4,136297,a919429f61bc0fed4542e6729fa95b01909984de7a76c7b1e50f608f9c4cd9f4,136297,200,image/jpeg,1,,1,1
LTMD_U1_W5_HISTORY_2018_2019_ROUTE_IDENTITY_0.1,H2018P4HIA,H2019P4HIA,4,Historia,134,194,https://historico.conaliteg.gob.mx/c/H2019P4HIA/134.jpg,5436cadce514965560727f0d00cad52294efa9c63ca9bc7377a82da9159ae10a,172647,5436cadce514965560727f0d00cad52294efa9c63ca9bc7377a82da9159ae10a,172647,200,image/jpeg,1,,1,1
LTMD_U1_W5_HISTORY_2018_2019_ROUTE_IDENTITY_0.1,H2018P4HIA,H2019P4HIA,4,Historia,135,194,https://historico.conaliteg.gob.mx/c/H2019P4HIA/135.jpg,8cf33e4598961c0445574ec18047eb7225ffdd03e505b35b83192d0acd5182c9,121480,8cf33e4598961c0445574ec18047eb7225ffdd03e505b35b83192d0acd5182c9,121480,200,image/jpeg,1,,1,1
LTMD_U1_W5_HISTORY_2018_2019_ROUTE_IDENTITY_0.1,H2018P4HIA,H2019P4HIA,4,Historia,136,194,https://historico.conaliteg.gob.mx/c/H2019P4HIA/136.jpg,47331b990e650abec860d588b4e1a67f02b09a222ba2310ec13cd80d1fd30032,150006,47331b990e650abec860d588b4e1a67f02b09a222ba2310ec13cd80d1fd30032,150006,200,image/jpeg,1,,1,1
LTMD_U1_W5_HISTORY_2018_2019_ROUTE_IDENTITY_0.1,H2018P4HIA,H2019P4HIA,4,Historia,137,194,https://historico.conaliteg.gob.mx/c/H2019P4HIA/137.jpg,74fe4677d02d58351c2cdd7e199af829c71479ab25f25ed5176eac67ed6611e3,135008,74fe4677d02d58351c2cdd7e199af829c71479ab25f25ed5176eac67ed6611e3,135008,200,image/jpeg,1,,1,1
LTMD_U1_W5_HISTORY_2018_2019_ROUTE_IDENTITY_0.1,H2018P4HIA,H2019P4HIA,4,Historia,138,194,https://historico.conaliteg.gob.mx/c/H2019P4HIA/138.jpg,651497d651ad334959d50481ff1e76f375c2c9e52a2a50ab2e58332e1860e532,58364,651497d651ad334959d50481ff1e76f375c2c9e52a2a50ab2e58332e1860e532,58364,200,image/jpeg,1,,1,1
LTMD_U1_W5_HISTORY_2018_2019_ROUTE_IDENTITY_0.1,H2018P4HIA,H2019P4HIA,4,Historia,139,194,https://historico.conaliteg.gob.mx/c/H2019P4HIA/139.jpg,ee7339b9f0c8ce187e1fe39731f86df2d04929b7d3313a43f089c3c226b298e0,123772,ee7339b9f0c8ce187e1fe39731f86df2d04929b7d3313a43f089c3c226b298e0,123772,200,image/jpeg,1,,1,1
LTMD_U1_W5_HISTORY_2018_2019_ROUTE_IDENTITY_0.1,H2018P4HIA,H2019P4HIA,4,Historia,140,194,https://historico.conaliteg.gob.mx/c/H2019P4HIA/140.jpg,9956572aff2d2b67b846f39c99e39b3bf0e5b307f140b042ce94a4794db8f594,164003,9956572aff2d2b67b846f39c99e39b3bf0e5b307f140b042ce94a4794db8f594,164003,200,image/jpeg,1,,1,1
LTMD_U1_W5_HISTORY_2018_2019_ROUTE_IDENTITY_0.1,H2018P4HIA,H2019P4HIA,4,Historia,141,194,https://historico.conaliteg.gob.mx/c/H2019P4HIA/141.jpg,72f61104f0d26a850a8276544bbb65b2797fd844f4381236c2b97f2ea410bef2,85369,72f61104f0d26a850a8276544bbb65b2797fd844f4381236c2b97f2ea410bef2,85369,200,image/jpeg,1,,1,1
LTMD_U1_W5_HISTORY_2018_2019_ROUTE_IDENTITY_0.1,H2018P4HIA,H2019P4HIA,4,Historia,142,194,https://historico.conaliteg.gob.mx/c/H2019P4HIA/142.jpg,1b0b6a7252be5690e280f463239c75fc812db28e3d0ba200a74673daef4be02d,155259,1b0b6a7252be5690e280f463239c75fc812db28e3d0ba200a74673daef4be02d,155259,200,image/jpeg,1,,1,1
LTMD_U1_W5_HISTORY_2018_2019_ROUTE_IDENTITY_0.1,H2018P4HIA,H2019P4HIA,4,Historia,143,194,https://historico.conaliteg.gob.mx/c/H2019P4HIA/143.jpg,272054b80789ea9082da9ea0da9d4a42e314a66cfe458a2f9674790ad4234880,179262,272054b80789ea9082da9ea0da9d4a42e314a66cfe458a2f9674790ad4234880,179262,200,image/jpeg,1,,1,1
LTMD_U1_W5_HISTORY_2018_2019_ROUTE_IDENTITY_0.1,H2018P4HIA,H2019P4HIA,4,Historia,144,194,https://historico.conaliteg.gob.mx/c/H2019P4HIA/144.jpg,f26ff56b3cd5d982e1df82e59b2a912a62e600634f51fdab76a0f25122656808,184996,f26ff56b3cd5d982e1df82e59b2a912a62e600634f51fdab76a0f25122656808,184996,200,image/jpeg,1,,1,1
LTMD_U1_W5_HISTORY_2018_2019_ROUTE_IDENTITY_0.1,H2018P4HIA,H2019P4HIA,4,Historia,145,194,https://historico.conaliteg.gob.mx/c/H2019P4HIA/145.jpg,1871c59d756f8a4f5f9f1946669dd50c56b9c1ab7565d286c34f75effd005536,145187,1871c59d756f8a4f5f9f1946669dd50c56b9c1ab7565d286c34f75effd005536,145187,200,image/jpeg,1,,1,1
LTMD_U1_W5_HISTORY_2018_2019_ROUTE_IDENTITY_0.1,H2018P4HIA,H2019P4HIA,4,Historia,146,194,https://historico.conaliteg.gob.mx/c/H2019P4HIA/146.jpg,3b00f8abfe394ca8383bfd2736a84054c0954452aadcae914e22279405ea1910,149278,3b00f8abfe394ca8383bfd2736a84054c0954452aadcae914e22279405ea1910,149278,200,image/jpeg,1,,1,1
LTMD_U1_W5_HISTORY_2018_2019_ROUTE_IDENTITY_0.1,H2018P4HIA,H2019P4HIA,4,Historia,147,194,https://historico.conaliteg.gob.mx/c/H2019P4HIA/147.jpg,a9504d6e92a54582faf1ed78f2fee2571d57d407b92d307db39c9160f47ed0b6,132789,a9504d6e92a54582faf1ed78f2fee2571d57d407b92d307db39c9160f47ed0b6,132789,200,image/jpeg,1,,1,1
LTMD_U1_W5_HISTORY_2018_2019_ROUTE_IDENTITY_0.1,H2018P4HIA,H2019P4HIA,4,Historia,148,194,https://historico.conaliteg.gob.mx/c/H2019P4HIA/148.jpg,c6935cd52de2fdabb7a726a9f9705694513017cf85737e8d672ab2b185e2b4b8,144663,c6935cd52de2fdabb7a726a9f9705694513017cf85737e8d672ab2b185e2b4b8,144663,200,image/jpeg,1,,1,1
LTMD_U1_W5_HISTORY_2018_2019_ROUTE_IDENTITY_0.1,H2018P4HIA,H2019P4HIA,4,Historia,149,194,https://historico.conaliteg.gob.mx/c/H2019P4HIA/149.jpg,c87598ba7d4ebb6029a6a9a3487396a280d5f3be548b3c8352a4c04d028d6d85,69665,c87598ba7d4ebb6029a6a9a3487396a280d5f3be548b3c8352a4c04d028d6d85,69665,200,image/jpeg,1,,1,1
LTMD_U1_W5_HISTORY_2018_2019_ROUTE_IDENTITY_0.1,H2018P4HIA,H2019P4HIA,4,Historia,150,194,https://historico.conaliteg.gob.mx/c/H2019P4HIA/150.jpg,5944c2dc87f670b10a85d8223ab121dc9f18c6ce9c851b9738d7c4bed2bb6b1d,53011,5944c2dc87f670b10a85d8223ab121dc9f18c6ce9c851b9738d7c4bed2bb6b1d,53011,200,image/jpeg,1,,1,1
LTMD_U1_W5_HISTORY_2018_2019_ROUTE_IDENTITY_0.1,H2018P4HIA,H2019P4HIA,4,Historia,151,194,https://historico.conaliteg.gob.mx/c/H2019P4HIA/151.jpg,7ea0d00e42dcd44c5839556e9b2a231451efac8fd9fdb10c2e39c7cd7140e914,58887,7ea0d00e42dcd44c5839556e9b2a231451efac8fd9fdb10c2e39c7cd7140e914,58887,200,image/jpeg,1,,1,1
LTMD_U1_W5_HISTORY_2018_2019_ROUTE_IDENTITY_0.1,H2018P4HIA,H2019P4HIA,4,Historia,152,194,https://historico.conaliteg.gob.mx/c/H2019P4HIA/152.jpg,777f4677bd4f02248ee8187b7e14bf35228c1fc6c99febb06d3b4fa190e61a36,58348,777f4677bd4f02248ee8187b7e14bf35228c1fc6c99febb06d3b4fa190e61a36,58348,200,image/jpeg,1,,1,1
LTMD_U1_W5_HISTORY_2018_2019_ROUTE_IDENTITY_0.1,H2018P4HIA,H2019P4HIA,4,Historia,153,194,https://historico.conaliteg.gob.mx/c/H2019P4HIA/153.jpg,ce0e8d56cdca6df1c1f42e238d5b1cd1e793afbbd65fbdf69ed3fb227d24720d,57063,ce0e8d56cdca6df1c1f42e238d5b1cd1e793afbbd65fbdf69ed3fb227d24720d,57063,200,image/jpeg,1,,1,1
LTMD_U1_W5_HISTORY_2018_2019_ROUTE_IDENTITY_0.1,H2018P4HIA,H2019P4HIA,4,Historia,154,194,https://historico.conaliteg.gob.mx/c/H2019P4HIA/154.jpg,86ba09fa8904ac58686f25b169460f6f8172bb1c98d73d9fa8b24a58b3c84ffd,96817,86ba09fa8904ac58686f25b169460f6f8172bb1c98d73d9fa8b24a58b3c84ffd,96817,200,image/jpeg,1,,1,1
LTMD_U1_W5_HISTORY_2018_2019_ROUTE_IDENTITY_0.1,H2018P4HIA,H2019P4HIA,4,Historia,155,194,https://historico.conaliteg.gob.mx/c/H2019P4HIA/155.jpg,a71babefa6f08dc85b710df1655c509265e8fb6a40ecb45d19d7dbf22aa49b2e,103266,a71babefa6f08dc85b710df1655c509265e8fb6a40ecb45d19d7dbf22aa49b2e,103266,200,image/jpeg,1,,1,1
LTMD_U1_W5_HISTORY_2018_2019_ROUTE_IDENTITY_0.1,H2018P4HIA,H2019P4HIA,4,Historia,156,194,https://historico.conaliteg.gob.mx/c/H2019P4HIA/156.jpg,93f0d7a6bd88e7bd85ec6d8e24c468763e3bf90af3c1e2826927383071579670,172945,93f0d7a6bd88e7bd85ec6d8e24c468763e3bf90af3c1e2826927383071579670,172945,200,image/jpeg,1,,1,1
LTMD_U1_W5_HISTORY_2018_2019_ROUTE_IDENTITY_0.1,H2018P4HIA,H2019P4HIA,4,Historia,157,194,https://historico.conaliteg.gob.mx/c/H2019P4HIA/157.jpg,fbd214d1991ec791172ac35c842a77194f2179fdd0fc2a47b7113fe9dec37517,116394,fbd214d1991ec791172ac35c842a77194f2179fdd0fc2a47b7113fe9dec37517,116394,200,image/jpeg,1,,1,1
LTMD_U1_W5_HISTORY_2018_2019_ROUTE_IDENTITY_0.1,H2018P4HIA,H2019P4HIA,4,Historia,158,194,https://historico.conaliteg.gob.mx/c/H2019P4HIA/158.jpg,e6f81b7339e97584b0960ebd96e831a31f152ca7ef057128b7654cd5919b39f3,104336,e6f81b7339e97584b0960ebd96e831a31f152ca7ef057128b7654cd5919b39f3,104336,200,image/jpeg,1,,1,1
LTMD_U1_W5_HISTORY_2018_2019_ROUTE_IDENTITY_0.1,H2018P4HIA,H2019P4HIA,4,Historia,159,194,https://historico.conaliteg.gob.mx/c/H2019P4HIA/159.jpg,4c886546223c6734518bde3e9b15b4af42532cd25c4d0536bf9f503d909a20d8,119602,4c886546223c6734518bde3e9b15b4af42532cd25c4d0536bf9f503d909a20d8,119602,200,image/jpeg,1,,1,1
LTMD_U1_W5_HISTORY_2018_2019_ROUTE_IDENTITY_0.1,H2018P4HIA,H2019P4HIA,4,Historia,160,194,https://historico.conaliteg.gob.mx/c/H2019P4HIA/160.jpg,5a949349127a69b11f471d76560abd98a3e0f172ecf173c6b6ed9dedbf98f9a6,129713,5a949349127a69b11f471d76560abd98a3e0f172ecf173c6b6ed9dedbf98f9a6,129713,200,image/jpeg,1,,1,1
LTMD_U1_W5_HISTORY_2018_2019_ROUTE_IDENTITY_0.1,H2018P4HIA,H2019P4HIA,4,Historia,161,194,https://historico.conaliteg.gob.mx/c/H2019P4HIA/161.jpg,802f4f3bc7a39a8488bf0aa53b71e1c7579f90b355afd5d9ca2330e0abbc0de7,85079,802f4f3bc7a39a8488bf0aa53b71e1c7579f90b355afd5d9ca2330e0abbc0de7,85079,200,image/jpeg,1,,1,1
LTMD_U1_W5_HISTORY_2018_2019_ROUTE_IDENTITY_0.1,H2018P4HIA,H2019P4HIA,4,Historia,162,194,https://historico.conaliteg.gob.mx/c/H2019P4HIA/162.jpg,691b03db3b8b071259a9c15c4521382989a6974aa13e4bd820a40085146a44b2,114910,691b03db3b8b071259a9c15c4521382989a6974aa13e4bd820a40085146a44b2,114910,200,image/jpeg,1,,1,1
LTMD_U1_W5_HISTORY_2018_2019_ROUTE_IDENTITY_0.1,H2018P4HIA,H2019P4HIA,4,Historia,163,194,https://historico.conaliteg.gob.mx/c/H2019P4HIA/163.jpg,0df4420a3c836babb2a68d086b22e872afb47f016fef144d85ba03a6a4668824,164207,0df4420a3c836babb2a68d086b22e872afb47f016fef144d85ba03a6a4668824,164207,200,image/jpeg,1,,1,1
LTMD_U1_W5_HISTORY_2018_2019_ROUTE_IDENTITY_0.1,H2018P4HIA,H2019P4HIA,4,Historia,164,194,https://historico.conaliteg.gob.mx/c/H2019P4HIA/164.jpg,51317cffab9d8f342a1f902d477a1cacf4422a4859343446767bb642b2053256,128580,51317cffab9d8f342a1f902d477a1cacf4422a4859343446767bb642b2053256,128580,200,image/jpeg,1,,1,1
LTMD_U1_W5_HISTORY_2018_2019_ROUTE_IDENTITY_0.1,H2018P4HIA,H2019P4HIA,4,Historia,165,194,https://historico.conaliteg.gob.mx/c/H2019P4HIA/165.jpg,97d057ca7aac218111fe67cdba01727422591e0dd4ee6d45000d7a22de0a6ed4,151778,97d057ca7aac218111fe67cdba01727422591e0dd4ee6d45000d7a22de0a6ed4,151778,200,image/jpeg,1,,1,1
LTMD_U1_W5_HISTORY_2018_2019_ROUTE_IDENTITY_0.1,H2018P4HIA,H2019P4HIA,4,Historia,166,194,https://historico.conaliteg.gob.mx/c/H2019P4HIA/166.jpg,27d2f3693c2159a1f4dad792630e6bab0a179397524c3c419faf914e272066e8,131120,27d2f3693c2159a1f4dad792630e6bab0a179397524c3c419faf914e272066e8,131120,200,image/jpeg,1,,1,1
LTMD_U1_W5_HISTORY_2018_2019_ROUTE_IDENTITY_0.1,H2018P4HIA,H2019P4HIA,4,Historia,167,194,https://historico.conaliteg.gob.mx/c/H2019P4HIA/167.jpg,326bd81f37ad7eb020b11d1096e860e8a0d14340e329106d94598b9bedba6b67,85339,326bd81f37ad7eb020b11d1096e860e8a0d14340e329106d94598b9bedba6b67,85339,200,image/jpeg,1,,1,1
LTMD_U1_W5_HISTORY_2018_2019_ROUTE_IDENTITY_0.1,H2018P4HIA,H2019P4HIA,4,Historia,168,194,https://historico.conaliteg.gob.mx/c/H2019P4HIA/168.jpg,63eabe063fc50ca90b2af15044829bea3d1d298906f354dffc87fa4b19d16bbd,111721,63eabe063fc50ca90b2af15044829bea3d1d298906f354dffc87fa4b19d16bbd,111721,200,image/jpeg,1,,1,1
LTMD_U1_W5_HISTORY_2018_2019_ROUTE_IDENTITY_0.1,H2018P4HIA,H2019P4HIA,4,Historia,169,194,https://historico.conaliteg.gob.mx/c/H2019P4HIA/169.jpg,ea1dd55eed4be16ec2dd6425c8f510c9fd616aa9cce5b1335085011d1073ad22,120175,ea1dd55eed4be16ec2dd6425c8f510c9fd616aa9cce5b1335085011d1073ad22,120175,200,image/jpeg,1,,1,1
LTMD_U1_W5_HISTORY_2018_2019_ROUTE_IDENTITY_0.1,H2018P4HIA,H2019P4HIA,4,Historia,170,194,https://historico.conaliteg.gob.mx/c/H2019P4HIA/170.jpg,c1efc12d84994a657737a5016f6f3b508906ba683e70ae39691d78b4294eda3d,182396,c1efc12d84994a657737a5016f6f3b508906ba683e70ae39691d78b4294eda3d,182396,200,image/jpeg,1,,1,1
LTMD_U1_W5_HISTORY_2018_2019_ROUTE_IDENTITY_0.1,H2018P4HIA,H2019P4HIA,4,Historia,171,194,https://historico.conaliteg.gob.mx/c/H2019P4HIA/171.jpg,520f4983b078c53f1e3d4597f32a0b9b4d3247109f96ec4cf278f14f3416df73,130596,520f4983b078c53f1e3d4597f32a0b9b4d3247109f96ec4cf278f14f3416df73,130596,200,image/jpeg,1,,1,1
LTMD_U1_W5_HISTORY_2018_2019_ROUTE_IDENTITY_0.1,H2018P4HIA,H2019P4HIA,4,Historia,172,194,https://historico.conaliteg.gob.mx/c/H2019P4HIA/172.jpg,9f19a0bf1077fdeb342890ebfd604c1da4d7912b4c5ec9eff7edca5d0f14ceb2,128282,9f19a0bf1077fdeb342890ebfd604c1da4d7912b4c5ec9eff7edca5d0f14ceb2,128282,200,image/jpeg,1,,1,1
LTMD_U1_W5_HISTORY_2018_2019_ROUTE_IDENTITY_0.1,H2018P4HIA,H2019P4HIA,4,Historia,173,194,https://historico.conaliteg.gob.mx/c/H2019P4HIA/173.jpg,a6391c2a011653e492e6885da29355616d2b09938c60d5f126cfa96c0e4fef63,101320,a6391c2a011653e492e6885da29355616d2b09938c60d5f126cfa96c0e4fef63,101320,200,image/jpeg,1,,1,1
LTMD_U1_W5_HISTORY_2018_2019_ROUTE_IDENTITY_0.1,H2018P4HIA,H2019P4HIA,4,Historia,174,194,https://historico.conaliteg.gob.mx/c/H2019P4HIA/174.jpg,02d2546baab19a7336c9f48aa22c93ba112bb1ca0bf5b8301185c2739c74e429,125591,02d2546baab19a7336c9f48aa22c93ba112bb1ca0bf5b8301185c2739c74e429,125591,200,image/jpeg,1,,1,1
LTMD_U1_W5_HISTORY_2018_2019_ROUTE_IDENTITY_0.1,H2018P4HIA,H2019P4HIA,4,Historia,175,194,https://historico.conaliteg.gob.mx/c/H2019P4HIA/175.jpg,18d6c481da5707e36021924aeaf052c32bafd8c3b61b3d190d981764d6c27023,100386,18d6c481da5707e36021924aeaf052c32bafd8c3b61b3d190d981764d6c27023,100386,200,image/jpeg,1,,1,1
LTMD_U1_W5_HISTORY_2018_2019_ROUTE_IDENTITY_0.1,H2018P4HIA,H2019P4HIA,4,Historia,176,194,https://historico.conaliteg.gob.mx/c/H2019P4HIA/176.jpg,717e7d65c69365db2e429d2a9993bbb3ace8f5f01ec45611b1370b389176af74,159506,717e7d65c69365db2e429d2a9993bbb3ace8f5f01ec45611b1370b389176af74,159506,200,image/jpeg,1,,1,1
LTMD_U1_W5_HISTORY_2018_2019_ROUTE_IDENTITY_0.1,H2018P4HIA,H2019P4HIA,4,Historia,177,194,https://historico.conaliteg.gob.mx/c/H2019P4HIA/177.jpg,1f20be4b8ae5f27c667ba1bedbd6654ca0bd4441482f5d1dc0e384dd4332ce26,153860,1f20be4b8ae5f27c667ba1bedbd6654ca0bd4441482f5d1dc0e384dd4332ce26,153860,200,image/jpeg,1,,1,1
LTMD_U1_W5_HISTORY_2018_2019_ROUTE_IDENTITY_0.1,H2018P4HIA,H2019P4HIA,4,Historia,178,194,https://historico.conaliteg.gob.mx/c/H2019P4HIA/178.jpg,81b5b5a0e9ec14f120ba6b063f39f55a82bbce3bee876bfc0bd1221831904d19,140473,81b5b5a0e9ec14f120ba6b063f39f55a82bbce3bee876bfc0bd1221831904d19,140473,200,image/jpeg,1,,1,1
LTMD_U1_W5_HISTORY_2018_2019_ROUTE_IDENTITY_0.1,H2018P4HIA,H2019P4HIA,4,Historia,179,194,https://historico.conaliteg.gob.mx/c/H2019P4HIA/179.jpg,12f7fec7ca4f2fb98fbc463b7388691deb91138d8ae7cce802232cf7347f9b28,76370,12f7fec7ca4f2fb98fbc463b7388691deb91138d8ae7cce802232cf7347f9b28,76370,200,image/jpeg,1,,1,1
LTMD_U1_W5_HISTORY_2018_2019_ROUTE_IDENTITY_0.1,H2018P4HIA,H2019P4HIA,4,Historia,180,194,https://historico.conaliteg.gob.mx/c/H2019P4HIA/180.jpg,251137ac8b939cf368c793184f18c083dfe6a732ff0a87ebb42e61968c71397b,114360,251137ac8b939cf368c793184f18c083dfe6a732ff0a87ebb42e61968c71397b,114360,200,image/jpeg,1,,1,1
LTMD_U1_W5_HISTORY_2018_2019_ROUTE_IDENTITY_0.1,H2018P4HIA,H2019P4HIA,4,Historia,181,194,https://historico.conaliteg.gob.mx/c/H2019P4HIA/181.jpg,28aebbd5c7f0f2b3670b0c705c8dd15be8c85ecf0d00e30f98ece531ddcedfdb,84332,28aebbd5c7f0f2b3670b0c705c8dd15be8c85ecf0d00e30f98ece531ddcedfdb,84332,200,image/jpeg,1,,1,1
LTMD_U1_W5_HISTORY_2018_2019_ROUTE_IDENTITY_0.1,H2018P4HIA,H2019P4HIA,4,Historia,182,194,https://historico.conaliteg.gob.mx/c/H2019P4HIA/182.jpg,386e06d8c65e657f15734b1af981d2132c629dd057e7c5fd1a0d8ee94896f48a,136547,386e06d8c65e657f15734b1af981d2132c629dd057e7c5fd1a0d8ee94896f48a,136547,200,image/jpeg,1,,1,1
LTMD_U1_W5_HISTORY_2018_2019_ROUTE_IDENTITY_0.1,H2018P4HIA,H2019P4HIA,4,Historia,183,194,https://historico.conaliteg.gob.mx/c/H2019P4HIA/183.jpg,9f66390669c0534bab93824b3bfd078f667c1d4d04a1c84b4398140d416a8ffc,126679,9f66390669c0534bab93824b3bfd078f667c1d4d04a1c84b4398140d416a8ffc,126679,200,image/jpeg,1,,1,1
LTMD_U1_W5_HISTORY_2018_2019_ROUTE_IDENTITY_0.1,H2018P4HIA,H2019P4HIA,4,Historia,184,194,https://historico.conaliteg.gob.mx/c/H2019P4HIA/184.jpg,718e3ae0e676892d4c3119c495fd28d0223ba9449cbc74a1a0c41132d38bc1c9,50835,718e3ae0e676892d4c3119c495fd28d0223ba9449cbc74a1a0c41132d38bc1c9,50835,200,image/jpeg,1,,1,1
LTMD_U1_W5_HISTORY_2018_2019_ROUTE_IDENTITY_0.1,H2018P4HIA,H2019P4HIA,4,Historia,185,194,https://historico.conaliteg.gob.mx/c/H2019P4HIA/185.jpg,2e883665a9b4ea2f9424282faeed29fbb7b2118da784dd2d5f9220cff1febd56,58948,2e883665a9b4ea2f9424282faeed29fbb7b2118da784dd2d5f9220cff1febd56,58948,200,image/jpeg,1,,1,1
LTMD_U1_W5_HISTORY_2018_2019_ROUTE_IDENTITY_0.1,H2018P4HIA,H2019P4HIA,4,Historia,186,194,https://historico.conaliteg.gob.mx/c/H2019P4HIA/186.jpg,6dd0c7cee8db2ea0ac2c4562e06463f6ce5b96b4b1e234bd50761233cf2de74f,122481,6dd0c7cee8db2ea0ac2c4562e06463f6ce5b96b4b1e234bd50761233cf2de74f,122481,200,image/jpeg,1,,1,1
LTMD_U1_W5_HISTORY_2018_2019_ROUTE_IDENTITY_0.1,H2018P4HIA,H2019P4HIA,4,Historia,187,194,https://historico.conaliteg.gob.mx/c/H2019P4HIA/187.jpg,9712b20fa7238d756f2e4013539493ae0230f497d92ce6dcad44643594afd676,275266,9712b20fa7238d756f2e4013539493ae0230f497d92ce6dcad44643594afd676,275266,200,image/jpeg,1,,1,1
LTMD_U1_W5_HISTORY_2018_2019_ROUTE_IDENTITY_0.1,H2018P4HIA,H2019P4HIA,4,Historia,188,194,https://historico.conaliteg.gob.mx/c/H2019P4HIA/188.jpg,0f4c41691e63cecd5955bdc1fbca3c23a88b66e280b887b75ec320cfddbdfbb7,327935,0f4c41691e63cecd5955bdc1fbca3c23a88b66e280b887b75ec320cfddbdfbb7,327935,200,image/jpeg,1,,1,1
LTMD_U1_W5_HISTORY_2018_2019_ROUTE_IDENTITY_0.1,H2018P4HIA,H2019P4HIA,4,Historia,189,194,https://historico.conaliteg.gob.mx/c/H2019P4HIA/189.jpg,6f6fb5d84107e0e9fab8e7aa6b4c8072512c1d93c40f9817e1c682e2ff1467ba,328485,6f6fb5d84107e0e9fab8e7aa6b4c8072512c1d93c40f9817e1c682e2ff1467ba,328485,200,image/jpeg,1,,1,1
LTMD_U1_W5_HISTORY_2018_2019_ROUTE_IDENTITY_0.1,H2018P4HIA,H2019P4HIA,4,Historia,190,194,https://historico.conaliteg.gob.mx/c/H2019P4HIA/190.jpg,db5c171b6bd6ebb8ac3c20dd48c282fc0f12ebe8f99df07c18ee87e33301959f,285323,db5c171b6bd6ebb8ac3c20dd48c282fc0f12ebe8f99df07c18ee87e33301959f,285323,200,image/jpeg,1,,1,1
LTMD_U1_W5_HISTORY_2018_2019_ROUTE_IDENTITY_0.1,H2018P4HIA,H2019P4HIA,4,Historia,191,194,https://historico.conaliteg.gob.mx/c/H2019P4HIA/191.jpg,ab2e0de72df2accf1cafb7df0adc663e31ef42eeb75ae08aa466fee6c9363b75,93198,ab2e0de72df2accf1cafb7df0adc663e31ef42eeb75ae08aa466fee6c9363b75,93198,200,image/jpeg,1,,1,1
LTMD_U1_W5_HISTORY_2018_2019_ROUTE_IDENTITY_0.1,H2018P4HIA,H2019P4HIA,4,Historia,192,194,https://historico.conaliteg.gob.mx/c/H2019P4HIA/192.jpg,34efc87ff8c0cc7e64c074663cecb8375ab077f56453500a28de0759718eaa7a,53523,34efc87ff8c0cc7e64c074663cecb8375ab077f56453500a28de0759718eaa7a,53523,200,image/jpeg,1,,1,1
LTMD_U1_W5_HISTORY_2018_2019_ROUTE_IDENTITY_0.1,H2018P4HIA,H2019P4HIA,4,Historia,193,194,https://historico.conaliteg.gob.mx/c/H2019P4HIA/193.jpg,b5580dab3f94e2b7ab6f4d74dd8773086208a5c10ce791059d3145dbc5bed08c,91827,b5580dab3f94e2b7ab6f4d74dd8773086208a5c10ce791059d3145dbc5bed08c,91827,200,image/jpeg,1,,1,1
LTMD_U1_W5_HISTORY_2018_2019_ROUTE_IDENTITY_0.1,H2018P5HIA,H2019P5HIA,5,Historia,1,194,https://historico.conaliteg.gob.mx/c/H2019P5HIA/000.jpg,d03ee7e608c03497fd04a9b5cdb6b8d205335d9ef4f8368bfe16933a3969c413,102544,d03ee7e608c03497fd04a9b5cdb6b8d205335d9ef4f8368bfe16933a3969c413,102544,200,image/jpeg,1,,1,1
LTMD_U1_W5_HISTORY_2018_2019_ROUTE_IDENTITY_0.1,H2018P5HIA,H2019P5HIA,5,Historia,2,194,https://historico.conaliteg.gob.mx/c/H2019P5HIA/002.jpg,5aac8165a0d56d0d35760ce43cac84638b5be1b73ef53671258ca1b884c54d2d,95081,5aac8165a0d56d0d35760ce43cac84638b5be1b73ef53671258ca1b884c54d2d,95081,200,image/jpeg,1,,1,1
LTMD_U1_W5_HISTORY_2018_2019_ROUTE_IDENTITY_0.1,H2018P5HIA,H2019P5HIA,5,Historia,3,194,https://historico.conaliteg.gob.mx/c/H2019P5HIA/003.jpg,03d96c20ce447e3e410425f6168014bc0bdb441658d8c47842d98ca84034ca04,84314,03d96c20ce447e3e410425f6168014bc0bdb441658d8c47842d98ca84034ca04,84314,200,image/jpeg,1,,1,1
LTMD_U1_W5_HISTORY_2018_2019_ROUTE_IDENTITY_0.1,H2018P5HIA,H2019P5HIA,5,Historia,4,194,https://historico.conaliteg.gob.mx/c/H2019P5HIA/004.jpg,89c03487bde29389ba9fc0d4cc129d06dffcfc0647a0f58b5be4a5262c9774f0,98149,89c03487bde29389ba9fc0d4cc129d06dffcfc0647a0f58b5be4a5262c9774f0,98149,200,image/jpeg,1,,1,1
LTMD_U1_W5_HISTORY_2018_2019_ROUTE_IDENTITY_0.1,H2018P5HIA,H2019P5HIA,5,Historia,5,194,https://historico.conaliteg.gob.mx/c/H2019P5HIA/005.jpg,a64bafc1c162b4458d23015d4aac08578146bdcea25bfd02afb66db8271ee7e8,104995,a64bafc1c162b4458d23015d4aac08578146bdcea25bfd02afb66db8271ee7e8,104995,200,image/jpeg,1,,1,1
LTMD_U1_W5_HISTORY_2018_2019_ROUTE_IDENTITY_0.1,H2018P5HIA,H2019P5HIA,5,Historia,6,194,https://historico.conaliteg.gob.mx/c/H2019P5HIA/006.jpg,ef47259c2a04e858183a271315c6689ea0605e6864fc1cc03e68c4cbfbbaf358,74206,ef47259c2a04e858183a271315c6689ea0605e6864fc1cc03e68c4cbfbbaf358,74206,200,image/jpeg,1,,1,1
LTMD_U1_W5_HISTORY_2018_2019_ROUTE_IDENTITY_0.1,H2018P5HIA,H2019P5HIA,5,Historia,7,194,https://historico.conaliteg.gob.mx/c/H2019P5HIA/007.jpg,99987e2702fd711ad5d1d25880b3c286c84a33b3842c5125975b214f7b59acfd,161730,99987e2702fd711ad5d1d25880b3c286c84a33b3842c5125975b214f7b59acfd,161730,200,image/jpeg,1,,1,1
LTMD_U1_W5_HISTORY_2018_2019_ROUTE_IDENTITY_0.1,H2018P5HIA,H2019P5HIA,5,Historia,8,194,https://historico.conaliteg.gob.mx/c/H2019P5HIA/008.jpg,96953c5e1d228f11f89c8acb7e4118b30c35a8ecb39d579280327a8d12782133,142375,96953c5e1d228f11f89c8acb7e4118b30c35a8ecb39d579280327a8d12782133,142375,200,image/jpeg,1,,1,1
LTMD_U1_W5_HISTORY_2018_2019_ROUTE_IDENTITY_0.1,H2018P5HIA,H2019P5HIA,5,Historia,9,194,https://historico.conaliteg.gob.mx/c/H2019P5HIA/009.jpg,1fedd2f294681cae0ad21cecf09c7802fbf580904cdc0aa009ebf27fac3b4fe9,148185,1fedd2f294681cae0ad21cecf09c7802fbf580904cdc0aa009ebf27fac3b4fe9,148185,200,image/jpeg,1,,1,1
LTMD_U1_W5_HISTORY_2018_2019_ROUTE_IDENTITY_0.1,H2018P5HIA,H2019P5HIA,5,Historia,10,194,https://historico.conaliteg.gob.mx/c/H2019P5HIA/010.jpg,182701573e732feba3080e444105bcbb6ad8f6b3952df580b146d794ed234466,241103,182701573e732feba3080e444105bcbb6ad8f6b3952df580b146d794ed234466,241103,200,image/jpeg,1,,1,1
LTMD_U1_W5_HISTORY_2018_2019_ROUTE_IDENTITY_0.1,H2018P5HIA,H2019P5HIA,5,Historia,11,194,https://historico.conaliteg.gob.mx/c/H2019P5HIA/011.jpg,1e39989a5f7d370a24438958e76e24d7914ec6c1997d1f23b9f88d65f1ac595c,266560,1e39989a5f7d370a24438958e76e24d7914ec6c1997d1f23b9f88d65f1ac595c,266560,200,image/jpeg,1,,1,1
LTMD_U1_W5_HISTORY_2018_2019_ROUTE_IDENTITY_0.1,H2018P5HIA,H2019P5HIA,5,Historia,12,194,https://historico.conaliteg.gob.mx/c/H2019P5HIA/012.jpg,dca118c6ecd5830dedca5b63485876c3ea8669ca01b30d7fc2b28f70ace0d7e9,151515,dca118c6ecd5830dedca5b63485876c3ea8669ca01b30d7fc2b28f70ace0d7e9,151515,200,image/jpeg,1,,1,1
LTMD_U1_W5_HISTORY_2018_2019_ROUTE_IDENTITY_0.1,H2018P5HIA,H2019P5HIA,5,Historia,13,194,https://historico.conaliteg.gob.mx/c/H2019P5HIA/013.jpg,fd1ec8e9da06779308a799a2b8d66f622df91dc99897bc1e7c0e121dda138a5c,91360,fd1ec8e9da06779308a799a2b8d66f622df91dc99897bc1e7c0e121dda138a5c,91360,200,image/jpeg,1,,1,1
LTMD_U1_W5_HISTORY_2018_2019_ROUTE_IDENTITY_0.1,H2018P5HIA,H2019P5HIA,5,Historia,14,194,https://historico.conaliteg.gob.mx/c/H2019P5HIA/014.jpg,52c7b80843185a5b2bcd29acf4e39ce4e8163e73a989e59a5a40efc82e82032d,97123,52c7b80843185a5b2bcd29acf4e39ce4e8163e73a989e59a5a40efc82e82032d,97123,200,image/jpeg,1,,1,1
LTMD_U1_W5_HISTORY_2018_2019_ROUTE_IDENTITY_0.1,H2018P5HIA,H2019P5HIA,5,Historia,15,194,https://historico.conaliteg.gob.mx/c/H2019P5HIA/015.jpg,afca5b1784db636dfa093937e59dd4a5214b57f45ec26a8fbe4b5d9598106fd6,108641,afca5b1784db636dfa093937e59dd4a5214b57f45ec26a8fbe4b5d9598106fd6,108641,200,image/jpeg,1,,1,1
LTMD_U1_W5_HISTORY_2018_2019_ROUTE_IDENTITY_0.1,H2018P5HIA,H2019P5HIA,5,Historia,16,194,https://historico.conaliteg.gob.mx/c/H2019P5HIA/016.jpg,ee850cada18adde8e06983649a7aa6d3e3bad6bc7d66adbb52b5338c0870db45,118529,ee850cada18adde8e06983649a7aa6d3e3bad6bc7d66adbb52b5338c0870db45,118529,200,image/jpeg,1,,1,1
LTMD_U1_W5_HISTORY_2018_2019_ROUTE_IDENTITY_0.1,H2018P5HIA,H2019P5HIA,5,Historia,17,194,https://historico.conaliteg.gob.mx/c/H2019P5HIA/017.jpg,b7c5869211794e46d972485d7b4227c5fd58358bae3023b73e43104b92189403,120417,b7c5869211794e46d972485d7b4227c5fd58358bae3023b73e43104b92189403,120417,200,image/jpeg,1,,1,1
LTMD_U1_W5_HISTORY_2018_2019_ROUTE_IDENTITY_0.1,H2018P5HIA,H2019P5HIA,5,Historia,18,194,https://historico.conaliteg.gob.mx/c/H2019P5HIA/018.jpg,85581e1a83d6a2be56a55015825c8aefde41aa3bb907f37a492cbab30db46dd2,142301,85581e1a83d6a2be56a55015825c8aefde41aa3bb907f37a492cbab30db46dd2,142301,200,image/jpeg,1,,1,1
LTMD_U1_W5_HISTORY_2018_2019_ROUTE_IDENTITY_0.1,H2018P5HIA,H2019P5HIA,5,Historia,19,194,https://historico.conaliteg.gob.mx/c/H2019P5HIA/019.jpg,4d3e5039ee3cde869d0326b66e286d2271470ad632669a8df476ce820d5f3acd,142036,4d3e5039ee3cde869d0326b66e286d2271470ad632669a8df476ce820d5f3acd,142036,200,image/jpeg,1,,1,1
LTMD_U1_W5_HISTORY_2018_2019_ROUTE_IDENTITY_0.1,H2018P5HIA,H2019P5HIA,5,Historia,20,194,https://historico.conaliteg.gob.mx/c/H2019P5HIA/020.jpg,4f0ae32ce9278fc851832e79075cbb9bd5418f12a0569103cf1761678bca511d,98609,4f0ae32ce9278fc851832e79075cbb9bd5418f12a0569103cf1761678bca511d,98609,200,image/jpeg,1,,1,1
LTMD_U1_W5_HISTORY_2018_2019_ROUTE_IDENTITY_0.1,H2018P5HIA,H2019P5HIA,5,Historia,21,194,https://historico.conaliteg.gob.mx/c/H2019P5HIA/021.jpg,eed02c6a999d3b5e77dd3cb94e7c5f52498d94a17d325b7e696315a0390d0278,144786,eed02c6a999d3b5e77dd3cb94e7c5f52498d94a17d325b7e696315a0390d0278,144786,200,image/jpeg,1,,1,1
LTMD_U1_W5_HISTORY_2018_2019_ROUTE_IDENTITY_0.1,H2018P5HIA,H2019P5HIA,5,Historia,22,194,https://historico.conaliteg.gob.mx/c/H2019P5HIA/022.jpg,bdefd13a44f57a2b4a2bef797cee1ccb1ca9c9d47bb7a766a9207319879d06a4,145196,bdefd13a44f57a2b4a2bef797cee1ccb1ca9c9d47bb7a766a9207319879d06a4,145196,200,image/jpeg,1,,1,1
LTMD_U1_W5_HISTORY_2018_2019_ROUTE_IDENTITY_0.1,H2018P5HIA,H2019P5HIA,5,Historia,23,194,https://historico.conaliteg.gob.mx/c/H2019P5HIA/023.jpg,9b835a75eb82417e3cf25f2429988a4af2a87d4d2715c226989cba5244683420,93877,9b835a75eb82417e3cf25f2429988a4af2a87d4d2715c226989cba5244683420,93877,200,image/jpeg,1,,1,1
LTMD_U1_W5_HISTORY_2018_2019_ROUTE_IDENTITY_0.1,H2018P5HIA,H2019P5HIA,5,Historia,24,194,https://historico.conaliteg.gob.mx/c/H2019P5HIA/024.jpg,70353db55894d09e6354970ebcbebd0fb83bb34e704a7fbb151902a20626e342,150642,70353db55894d09e6354970ebcbebd0fb83bb34e704a7fbb151902a20626e342,150642,200,image/jpeg,1,,1,1
LTMD_U1_W5_HISTORY_2018_2019_ROUTE_IDENTITY_0.1,H2018P5HIA,H2019P5HIA,5,Historia,25,194,https://historico.conaliteg.gob.mx/c/H2019P5HIA/025.jpg,2858b129914c57cdc8ed62ddda2f74fb9c1edd83353a206e346989dfe6efd73e,137527,2858b129914c57cdc8ed62ddda2f74fb9c1edd83353a206e346989dfe6efd73e,137527,200,image/jpeg,1,,1,1
LTMD_U1_W5_HISTORY_2018_2019_ROUTE_IDENTITY_0.1,H2018P5HIA,H2019P5HIA,5,Historia,26,194,https://historico.conaliteg.gob.mx/c/H2019P5HIA/026.jpg,d222ee96271e936bc2245229bfc798ed25d3069dccbb0fecca77e974d7cb418e,163446,d222ee96271e936bc2245229bfc798ed25d3069dccbb0fecca77e974d7cb418e,163446,200,image/jpeg,1,,1,1
LTMD_U1_W5_HISTORY_2018_2019_ROUTE_IDENTITY_0.1,H2018P5HIA,H2019P5HIA,5,Historia,27,194,https://historico.conaliteg.gob.mx/c/H2019P5HIA/027.jpg,1c5b209d0f282773e01e6492e391e4fb710f9fb0212f8f033a98b4da1e5b2e6d,114978,1c5b209d0f282773e01e6492e391e4fb710f9fb0212f8f033a98b4da1e5b2e6d,114978,200,image/jpeg,1,,1,1
LTMD_U1_W5_HISTORY_2018_2019_ROUTE_IDENTITY_0.1,H2018P5HIA,H2019P5HIA,5,Historia,28,194,https://historico.conaliteg.gob.mx/c/H2019P5HIA/028.jpg,b0889a28e6568d7334833f6b40ba3146ac6c4e8623bf97598b2a623623997a02,162827,b0889a28e6568d7334833f6b40ba3146ac6c4e8623bf97598b2a623623997a02,162827,200,image/jpeg,1,,1,1
LTMD_U1_W5_HISTORY_2018_2019_ROUTE_IDENTITY_0.1,H2018P5HIA,H2019P5HIA,5,Historia,29,194,https://historico.conaliteg.gob.mx/c/H2019P5HIA/029.jpg,853540643cf637830b2ebca84603fc9c8dc9ebf232a1a973ccd5e4816a7f0710,143130,853540643cf637830b2ebca84603fc9c8dc9ebf232a1a973ccd5e4816a7f0710,143130,200,image/jpeg,1,,1,1
LTMD_U1_W5_HISTORY_2018_2019_ROUTE_IDENTITY_0.1,H2018P5HIA,H2019P5HIA,5,Historia,30,194,https://historico.conaliteg.gob.mx/c/H2019P5HIA/030.jpg,228ec1a7442358ef5c1ce7f361180ec5b4a0b038ef740b295f50f687ca3182e9,144465,228ec1a7442358ef5c1ce7f361180ec5b4a0b038ef740b295f50f687ca3182e9,144465,200,image/jpeg,1,,1,1
LTMD_U1_W5_HISTORY_2018_2019_ROUTE_IDENTITY_0.1,H2018P5HIA,H2019P5HIA,5,Historia,31,194,https://historico.conaliteg.gob.mx/c/H2019P5HIA/031.jpg,e7d2b82dd5d4430d0c757d2d5441137171a751e894ee995759f8219248568cd3,127074,e7d2b82dd5d4430d0c757d2d5441137171a751e894ee995759f8219248568cd3,127074,200,image/jpeg,1,,1,1
LTMD_U1_W5_HISTORY_2018_2019_ROUTE_IDENTITY_0.1,H2018P5HIA,H2019P5HIA,5,Historia,32,194,https://historico.conaliteg.gob.mx/c/H2019P5HIA/032.jpg,114f743b065bcd86797a5c339d13af06606dd4cff234919656a7583864b8e76f,157151,114f743b065bcd86797a5c339d13af06606dd4cff234919656a7583864b8e76f,157151,200,image/jpeg,1,,1,1
LTMD_U1_W5_HISTORY_2018_2019_ROUTE_IDENTITY_0.1,H2018P5HIA,H2019P5HIA,5,Historia,33,194,https://historico.conaliteg.gob.mx/c/H2019P5HIA/033.jpg,3cae18adde105925af6d1e7755fd04683a8040d2c7735804cea31195c29baeb1,144309,3cae18adde105925af6d1e7755fd04683a8040d2c7735804cea31195c29baeb1,144309,200,image/jpeg,1,,1,1
LTMD_U1_W5_HISTORY_2018_2019_ROUTE_IDENTITY_0.1,H2018P5HIA,H2019P5HIA,5,Historia,34,194,https://historico.conaliteg.gob.mx/c/H2019P5HIA/034.jpg,b54a4c301c3b0778061880543939918b35f141dcb6222c248d36d90a6afc0962,173801,b54a4c301c3b0778061880543939918b35f141dcb6222c248d36d90a6afc0962,173801,200,image/jpeg,1,,1,1
LTMD_U1_W5_HISTORY_2018_2019_ROUTE_IDENTITY_0.1,H2018P5HIA,H2019P5HIA,5,Historia,35,194,https://historico.conaliteg.gob.mx/c/H2019P5HIA/035.jpg,b80023b85c15ab47824b15b33259988119452488ab5fa63c38271d5935a4d31a,145784,b80023b85c15ab47824b15b33259988119452488ab5fa63c38271d5935a4d31a,145784,200,image/jpeg,1,,1,1
LTMD_U1_W5_HISTORY_2018_2019_ROUTE_IDENTITY_0.1,H2018P5HIA,H2019P5HIA,5,Historia,36,194,https://historico.conaliteg.gob.mx/c/H2019P5HIA/036.jpg,14c93aa72c804560cdcb663ea8de7931d634cd7eba735db91056c5f480097d22,120615,14c93aa72c804560cdcb663ea8de7931d634cd7eba735db91056c5f480097d22,120615,200,image/jpeg,1,,1,1
LTMD_U1_W5_HISTORY_2018_2019_ROUTE_IDENTITY_0.1,H2018P5HIA,H2019P5HIA,5,Historia,37,194,https://historico.conaliteg.gob.mx/c/H2019P5HIA/037.jpg,8985ace9c4183d1623a69887cd7e440fc4aec1c50d5aa94cfb1fe38023a5a7ba,123891,8985ace9c4183d1623a69887cd7e440fc4aec1c50d5aa94cfb1fe38023a5a7ba,123891,200,image/jpeg,1,,1,1
LTMD_U1_W5_HISTORY_2018_2019_ROUTE_IDENTITY_0.1,H2018P5HIA,H2019P5HIA,5,Historia,38,194,https://historico.conaliteg.gob.mx/c/H2019P5HIA/038.jpg,0b0c94c2905b71bb174fb9b80f35965a5a4048fc9c129738b88e492dd68a5969,51741,0b0c94c2905b71bb174fb9b80f35965a5a4048fc9c129738b88e492dd68a5969,51741,200,image/jpeg,1,,1,1
LTMD_U1_W5_HISTORY_2018_2019_ROUTE_IDENTITY_0.1,H2018P5HIA,H2019P5HIA,5,Historia,39,194,https://historico.conaliteg.gob.mx/c/H2019P5HIA/039.jpg,e742c8507fe2f20dfe614b381cff534707a80616b9dca1d21885cc70dbf0f0c6,53554,e742c8507fe2f20dfe614b381cff534707a80616b9dca1d21885cc70dbf0f0c6,53554,200,image/jpeg,1,,1,1
LTMD_U1_W5_HISTORY_2018_2019_ROUTE_IDENTITY_0.1,H2018P5HIA,H2019P5HIA,5,Historia,40,194,https://historico.conaliteg.gob.mx/c/H2019P5HIA/040.jpg,063d0255c5aa00484e0666ead9cd841665913194f157e9f01816f09cf5455aa5,92933,063d0255c5aa00484e0666ead9cd841665913194f157e9f01816f09cf5455aa5,92933,200,image/jpeg,1,,1,1
LTMD_U1_W5_HISTORY_2018_2019_ROUTE_IDENTITY_0.1,H2018P5HIA,H2019P5HIA,5,Historia,41,194,https://historico.conaliteg.gob.mx/c/H2019P5HIA/041.jpg,71dd94d7e38d2f963d8f2524cc103ebc618027aa9900c3226fa6783be2b1474f,91630,71dd94d7e38d2f963d8f2524cc103ebc618027aa9900c3226fa6783be2b1474f,91630,200,image/jpeg,1,,1,1
LTMD_U1_W5_HISTORY_2018_2019_ROUTE_IDENTITY_0.1,H2018P5HIA,H2019P5HIA,5,Historia,42,194,https://historico.conaliteg.gob.mx/c/H2019P5HIA/042.jpg,d90c942c3b4b7c8bdcd392467ec1a317d50ea2b29c80428cb2d5335578fdd10c,192806,d90c942c3b4b7c8bdcd392467ec1a317d50ea2b29c80428cb2d5335578fdd10c,192806,200,image/jpeg,1,,1,1
LTMD_U1_W5_HISTORY_2018_2019_ROUTE_IDENTITY_0.1,H2018P5HIA,H2019P5HIA,5,Historia,43,194,https://historico.conaliteg.gob.mx/c/H2019P5HIA/043.jpg,13ec51bf1b7c394d8c0a5909decf90efbdadbe196b5b502e119bf986a6defe4b,192180,13ec51bf1b7c394d8c0a5909decf90efbdadbe196b5b502e119bf986a6defe4b,192180,200,image/jpeg,1,,1,1
LTMD_U1_W5_HISTORY_2018_2019_ROUTE_IDENTITY_0.1,H2018P5HIA,H2019P5HIA,5,Historia,44,194,https://historico.conaliteg.gob.mx/c/H2019P5HIA/044.jpg,fb361f170236f83e0af8aabe421f11cd809e5a0a6f01df31990570c69fbbbba8,143717,fb361f170236f83e0af8aabe421f11cd809e5a0a6f01df31990570c69fbbbba8,143717,200,image/jpeg,1,,1,1
LTMD_U1_W5_HISTORY_2018_2019_ROUTE_IDENTITY_0.1,H2018P5HIA,H2019P5HIA,5,Historia,45,194,https://historico.conaliteg.gob.mx/c/H2019P5HIA/045.jpg,c780d8f474724b6c835179f38df5edc961f6c0c7ab781a86c8ba57e7ecb9c494,68091,c780d8f474724b6c835179f38df5edc961f6c0c7ab781a86c8ba57e7ecb9c494,68091,200,image/jpeg,1,,1,1
LTMD_U1_W5_HISTORY_2018_2019_ROUTE_IDENTITY_0.1,H2018P5HIA,H2019P5HIA,5,Historia,46,194,https://historico.conaliteg.gob.mx/c/H2019P5HIA/046.jpg,00bda76674164bd356aace2a050dba21f5c9c48c54346a7314080494e7eabcc1,93407,00bda76674164bd356aace2a050dba21f5c9c48c54346a7314080494e7eabcc1,93407,200,image/jpeg,1,,1,1
LTMD_U1_W5_HISTORY_2018_2019_ROUTE_IDENTITY_0.1,H2018P5HIA,H2019P5HIA,5,Historia,47,194,https://historico.conaliteg.gob.mx/c/H2019P5HIA/047.jpg,985f07704a8554e65fbc81aac8758cf1ee407f6ac6ffc0ff51d43f5d8161b155,108054,985f07704a8554e65fbc81aac8758cf1ee407f6ac6ffc0ff51d43f5d8161b155,108054,200,image/jpeg,1,,1,1
LTMD_U1_W5_HISTORY_2018_2019_ROUTE_IDENTITY_0.1,H2018P5HIA,H2019P5HIA,5,Historia,48,194,https://historico.conaliteg.gob.mx/c/H2019P5HIA/048.jpg,95c301c3af3d4f40c9bc35410ea8c134ef129dd087757e1e5d85e694879735aa,114688,95c301c3af3d4f40c9bc35410ea8c134ef129dd087757e1e5d85e694879735aa,114688,200,image/jpeg,1,,1,1
LTMD_U1_W5_HISTORY_2018_2019_ROUTE_IDENTITY_0.1,H2018P5HIA,H2019P5HIA,5,Historia,49,194,https://historico.conaliteg.gob.mx/c/H2019P5HIA/049.jpg,b5f8ba50b53799dfb93fe0b4e4734dd7b00af0542823daf0c69032377f8c937a,103959,b5f8ba50b53799dfb93fe0b4e4734dd7b00af0542823daf0c69032377f8c937a,103959,200,image/jpeg,1,,1,1
LTMD_U1_W5_HISTORY_2018_2019_ROUTE_IDENTITY_0.1,H2018P5HIA,H2019P5HIA,5,Historia,50,194,https://historico.conaliteg.gob.mx/c/H2019P5HIA/050.jpg,4014a83ff38cae44c6b24a8e420e33b53bbda77a0d08519f4077ebffaa795445,129907,4014a83ff38cae44c6b24a8e420e33b53bbda77a0d08519f4077ebffaa795445,129907,200,image/jpeg,1,,1,1
LTMD_U1_W5_HISTORY_2018_2019_ROUTE_IDENTITY_0.1,H2018P5HIA,H2019P5HIA,5,Historia,51,194,https://historico.conaliteg.gob.mx/c/H2019P5HIA/051.jpg,bc9c3e178eb148e5e047f3b6b482867a26df6ab8a3ba0c8bb1b5838c5322ac4f,158991,bc9c3e178eb148e5e047f3b6b482867a26df6ab8a3ba0c8bb1b5838c5322ac4f,158991,200,image/jpeg,1,,1,1
LTMD_U1_W5_HISTORY_2018_2019_ROUTE_IDENTITY_0.1,H2018P5HIA,H2019P5HIA,5,Historia,52,194,https://historico.conaliteg.gob.mx/c/H2019P5HIA/052.jpg,7c3855e850a6bd703bb4cdab9a7906e7f74db7a3011f7af31321cc2fa54c73af,98741,7c3855e850a6bd703bb4cdab9a7906e7f74db7a3011f7af31321cc2fa54c73af,98741,200,image/jpeg,1,,1,1
LTMD_U1_W5_HISTORY_2018_2019_ROUTE_IDENTITY_0.1,H2018P5HIA,H2019P5HIA,5,Historia,53,194,https://historico.conaliteg.gob.mx/c/H2019P5HIA/053.jpg,8412d6f608a62b8f8a6a2133a11f7b043abd3336aa810eb9bd3406f0446976c2,172875,8412d6f608a62b8f8a6a2133a11f7b043abd3336aa810eb9bd3406f0446976c2,172875,200,image/jpeg,1,,1,1
LTMD_U1_W5_HISTORY_2018_2019_ROUTE_IDENTITY_0.1,H2018P5HIA,H2019P5HIA,5,Historia,54,194,https://historico.conaliteg.gob.mx/c/H2019P5HIA/054.jpg,a16cc18fb5ecae03b864a2c71e62b06a38351c877811ae2cb8b6823c75b6a655,154691,a16cc18fb5ecae03b864a2c71e62b06a38351c877811ae2cb8b6823c75b6a655,154691,200,image/jpeg,1,,1,1
LTMD_U1_W5_HISTORY_2018_2019_ROUTE_IDENTITY_0.1,H2018P5HIA,H2019P5HIA,5,Historia,55,194,https://historico.conaliteg.gob.mx/c/H2019P5HIA/055.jpg,d8512a334a8e1d676316c4df658a0e0d26f7f20e070df697f91696a109f787b8,111520,d8512a334a8e1d676316c4df658a0e0d26f7f20e070df697f91696a109f787b8,111520,200,image/jpeg,1,,1,1
LTMD_U1_W5_HISTORY_2018_2019_ROUTE_IDENTITY_0.1,H2018P5HIA,H2019P5HIA,5,Historia,56,194,https://historico.conaliteg.gob.mx/c/H2019P5HIA/056.jpg,a84b2fc54ca28af77ec2f4bb542f73583f911b28ac4c30768dbaf2b7dc382fcc,146992,a84b2fc54ca28af77ec2f4bb542f73583f911b28ac4c30768dbaf2b7dc382fcc,146992,200,image/jpeg,1,,1,1
LTMD_U1_W5_HISTORY_2018_2019_ROUTE_IDENTITY_0.1,H2018P5HIA,H2019P5HIA,5,Historia,57,194,https://historico.conaliteg.gob.mx/c/H2019P5HIA/057.jpg,21ee13795b8c5ee53640665867210004ae6f62ba2cb7ae18bd1422a567758698,104048,21ee13795b8c5ee53640665867210004ae6f62ba2cb7ae18bd1422a567758698,104048,200,image/jpeg,1,,1,1
LTMD_U1_W5_HISTORY_2018_2019_ROUTE_IDENTITY_0.1,H2018P5HIA,H2019P5HIA,5,Historia,58,194,https://historico.conaliteg.gob.mx/c/H2019P5HIA/058.jpg,ca92b92f445126759eb9ea479702772b8874dcd2be20f9fcbf6550e9959239f6,162668,ca92b92f445126759eb9ea479702772b8874dcd2be20f9fcbf6550e9959239f6,162668,200,image/jpeg,1,,1,1
LTMD_U1_W5_HISTORY_2018_2019_ROUTE_IDENTITY_0.1,H2018P5HIA,H2019P5HIA,5,Historia,59,194,https://historico.conaliteg.gob.mx/c/H2019P5HIA/059.jpg,e8e1efc0841d261dda491339e8227386c4396ae841d39c11fae7e853fc136b41,145840,e8e1efc0841d261dda491339e8227386c4396ae841d39c11fae7e853fc136b41,145840,200,image/jpeg,1,,1,1
LTMD_U1_W5_HISTORY_2018_2019_ROUTE_IDENTITY_0.1,H2018P5HIA,H2019P5HIA,5,Historia,60,194,https://historico.conaliteg.gob.mx/c/H2019P5HIA/060.jpg,f5cd550690d52346ad2713ef4e4b039c2dc1e0816eb1c140563dca2f1b49d7e6,135871,f5cd550690d52346ad2713ef4e4b039c2dc1e0816eb1c140563dca2f1b49d7e6,135871,200,image/jpeg,1,,1,1
LTMD_U1_W5_HISTORY_2018_2019_ROUTE_IDENTITY_0.1,H2018P5HIA,H2019P5HIA,5,Historia,61,194,https://historico.conaliteg.gob.mx/c/H2019P5HIA/061.jpg,1d3f88c07711194d2fd35fe79060f76bb38257397523000cbc7412d62018ac49,211645,1d3f88c07711194d2fd35fe79060f76bb38257397523000cbc7412d62018ac49,211645,200,image/jpeg,1,,1,1
LTMD_U1_W5_HISTORY_2018_2019_ROUTE_IDENTITY_0.1,H2018P5HIA,H2019P5HIA,5,Historia,62,194,https://historico.conaliteg.gob.mx/c/H2019P5HIA/062.jpg,4e1e32d3d0ffbdc0e2e84a349800b66ffe433f32441c2c3dbe6a5b060f62e0bd,177053,4e1e32d3d0ffbdc0e2e84a349800b66ffe433f32441c2c3dbe6a5b060f62e0bd,177053,200,image/jpeg,1,,1,1
LTMD_U1_W5_HISTORY_2018_2019_ROUTE_IDENTITY_0.1,H2018P5HIA,H2019P5HIA,5,Historia,63,194,https://historico.conaliteg.gob.mx/c/H2019P5HIA/063.jpg,2dc451f85980b63838432da9a4b5d0c11571f95dcb9c343c1b66f626794f4e82,152686,2dc451f85980b63838432da9a4b5d0c11571f95dcb9c343c1b66f626794f4e82,152686,200,image/jpeg,1,,1,1
LTMD_U1_W5_HISTORY_2018_2019_ROUTE_IDENTITY_0.1,H2018P5HIA,H2019P5HIA,5,Historia,64,194,https://historico.conaliteg.gob.mx/c/H2019P5HIA/064.jpg,3038c3beed055ecdcd1e7e219f11f16b7104baa8d198dda580eac06bed780539,140680,3038c3beed055ecdcd1e7e219f11f16b7104baa8d198dda580eac06bed780539,140680,200,image/jpeg,1,,1,1
LTMD_U1_W5_HISTORY_2018_2019_ROUTE_IDENTITY_0.1,H2018P5HIA,H2019P5HIA,5,Historia,65,194,https://historico.conaliteg.gob.mx/c/H2019P5HIA/065.jpg,4aa03acc90ed2cdfd986a1370c7c43c02550bca8f623be9b8e99f0017d06e893,116852,4aa03acc90ed2cdfd986a1370c7c43c02550bca8f623be9b8e99f0017d06e893,116852,200,image/jpeg,1,,1,1
LTMD_U1_W5_HISTORY_2018_2019_ROUTE_IDENTITY_0.1,H2018P5HIA,H2019P5HIA,5,Historia,66,194,https://historico.conaliteg.gob.mx/c/H2019P5HIA/066.jpg,abc77ee2a9c08c4048836160749bf0c05a887d762287c9f2de28ee1ab8e8ec3c,149311,abc77ee2a9c08c4048836160749bf0c05a887d762287c9f2de28ee1ab8e8ec3c,149311,200,image/jpeg,1,,1,1
LTMD_U1_W5_HISTORY_2018_2019_ROUTE_IDENTITY_0.1,H2018P5HIA,H2019P5HIA,5,Historia,67,194,https://historico.conaliteg.gob.mx/c/H2019P5HIA/067.jpg,94c3c958fae208269b8afe4b57ae1ffeb407111c77610ee0eaef5a97a3ac7ddb,144666,94c3c958fae208269b8afe4b57ae1ffeb407111c77610ee0eaef5a97a3ac7ddb,144666,200,image/jpeg,1,,1,1
LTMD_U1_W5_HISTORY_2018_2019_ROUTE_IDENTITY_0.1,H2018P5HIA,H2019P5HIA,5,Historia,68,194,https://historico.conaliteg.gob.mx/c/H2019P5HIA/068.jpg,00e1eef83438122ad4254eeb8695db803e6a8762a4ac1aa741f50453d234735e,101885,00e1eef83438122ad4254eeb8695db803e6a8762a4ac1aa741f50453d234735e,101885,200,image/jpeg,1,,1,1
LTMD_U1_W5_HISTORY_2018_2019_ROUTE_IDENTITY_0.1,H2018P5HIA,H2019P5HIA,5,Historia,69,194,https://historico.conaliteg.gob.mx/c/H2019P5HIA/069.jpg,f9ced3f8aa6e1fc398b98cdd65afd714a582eda2f464761cc18f47f4b3203209,174543,f9ced3f8aa6e1fc398b98cdd65afd714a582eda2f464761cc18f47f4b3203209,174543,200,image/jpeg,1,,1,1
LTMD_U1_W5_HISTORY_2018_2019_ROUTE_IDENTITY_0.1,H2018P5HIA,H2019P5HIA,5,Historia,70,194,https://historico.conaliteg.gob.mx/c/H2019P5HIA/070.jpg,086087561008f878b7ad63ecfd4c973b0e9cce651b2c1bfe64d6965ac6be1b97,47608,086087561008f878b7ad63ecfd4c973b0e9cce651b2c1bfe64d6965ac6be1b97,47608,200,image/jpeg,1,,1,1
LTMD_U1_W5_HISTORY_2018_2019_ROUTE_IDENTITY_0.1,H2018P5HIA,H2019P5HIA,5,Historia,71,194,https://historico.conaliteg.gob.mx/c/H2019P5HIA/071.jpg,3ae6628128fbef4fa6d92f2d6e42b1b6cf548952feb50dc5d3472b54f62ffe56,51225,3ae6628128fbef4fa6d92f2d6e42b1b6cf548952feb50dc5d3472b54f62ffe56,51225,200,image/jpeg,1,,1,1
LTMD_U1_W5_HISTORY_2018_2019_ROUTE_IDENTITY_0.1,H2018P5HIA,H2019P5HIA,5,Historia,72,194,https://historico.conaliteg.gob.mx/c/H2019P5HIA/072.jpg,3819f582740f8b2b6f687bf1ffcd12d49357d8e37fe2d8501ee5a618394e6b09,83149,3819f582740f8b2b6f687bf1ffcd12d49357d8e37fe2d8501ee5a618394e6b09,83149,200,image/jpeg,1,,1,1
LTMD_U1_W5_HISTORY_2018_2019_ROUTE_IDENTITY_0.1,H2018P5HIA,H2019P5HIA,5,Historia,73,194,https://historico.conaliteg.gob.mx/c/H2019P5HIA/073.jpg,313780f7efa139e6b6058a3b10ef049b114e34590e3283eae13c63b4d9dc511a,43055,313780f7efa139e6b6058a3b10ef049b114e34590e3283eae13c63b4d9dc511a,43055,200,image/jpeg,1,,1,1
LTMD_U1_W5_HISTORY_2018_2019_ROUTE_IDENTITY_0.1,H2018P5HIA,H2019P5HIA,5,Historia,74,194,https://historico.conaliteg.gob.mx/c/H2019P5HIA/074.jpg,078863dfb16a6bd5be75f95e819832e159da5727dc034f919d851db4de63fc9e,205739,078863dfb16a6bd5be75f95e819832e159da5727dc034f919d851db4de63fc9e,205739,200,image/jpeg,1,,1,1
LTMD_U1_W5_HISTORY_2018_2019_ROUTE_IDENTITY_0.1,H2018P5HIA,H2019P5HIA,5,Historia,75,194,https://historico.conaliteg.gob.mx/c/H2019P5HIA/075.jpg,4464978cd94ef0e652be2bffe4597c8bc6bdd74889ebf1251cb71d2d5aec3cb4,159535,4464978cd94ef0e652be2bffe4597c8bc6bdd74889ebf1251cb71d2d5aec3cb4,159535,200,image/jpeg,1,,1,1
LTMD_U1_W5_HISTORY_2018_2019_ROUTE_IDENTITY_0.1,H2018P5HIA,H2019P5HIA,5,Historia,76,194,https://historico.conaliteg.gob.mx/c/H2019P5HIA/076.jpg,90f6acfe35dd5aaf172b4945d9d751f7c0b54763d2fd1a010b12e94aafe5d6df,109268,90f6acfe35dd5aaf172b4945d9d751f7c0b54763d2fd1a010b12e94aafe5d6df,109268,200,image/jpeg,1,,1,1
LTMD_U1_W5_HISTORY_2018_2019_ROUTE_IDENTITY_0.1,H2018P5HIA,H2019P5HIA,5,Historia,77,194,https://historico.conaliteg.gob.mx/c/H2019P5HIA/077.jpg,ff5d72f6934bd3545e23d5b31e3d6cc56348edd68a9442d6cb62b83e1cc2683e,65013,ff5d72f6934bd3545e23d5b31e3d6cc56348edd68a9442d6cb62b83e1cc2683e,65013,200,image/jpeg,1,,1,1
LTMD_U1_W5_HISTORY_2018_2019_ROUTE_IDENTITY_0.1,H2018P5HIA,H2019P5HIA,5,Historia,78,194,https://historico.conaliteg.gob.mx/c/H2019P5HIA/078.jpg,432a2bb72c5dd085baa6a8794ddfc6ea3e3815246d64c95836a26e35ae293696,101853,432a2bb72c5dd085baa6a8794ddfc6ea3e3815246d64c95836a26e35ae293696,101853,200,image/jpeg,1,,1,1
LTMD_U1_W5_HISTORY_2018_2019_ROUTE_IDENTITY_0.1,H2018P5HIA,H2019P5HIA,5,Historia,79,194,https://historico.conaliteg.gob.mx/c/H2019P5HIA/079.jpg,422a34f57825736d032fca2bfd39000c8f7e1dff2aa15a0861fef54d69a39d8c,122192,422a34f57825736d032fca2bfd39000c8f7e1dff2aa15a0861fef54d69a39d8c,122192,200,image/jpeg,1,,1,1
LTMD_U1_W5_HISTORY_2018_2019_ROUTE_IDENTITY_0.1,H2018P5HIA,H2019P5HIA,5,Historia,80,194,https://historico.conaliteg.gob.mx/c/H2019P5HIA/080.jpg,912d27a7293d103ecd84eadd3973f209aed02cb37114ef1c700e9219f3f9587e,143261,912d27a7293d103ecd84eadd3973f209aed02cb37114ef1c700e9219f3f9587e,143261,200,image/jpeg,1,,1,1
LTMD_U1_W5_HISTORY_2018_2019_ROUTE_IDENTITY_0.1,H2018P5HIA,H2019P5HIA,5,Historia,81,194,https://historico.conaliteg.gob.mx/c/H2019P5HIA/081.jpg,7fe1f2cc52bd9ad5defbb8f009875f3cef4aed85fab0c932765940bc3397e127,86993,7fe1f2cc52bd9ad5defbb8f009875f3cef4aed85fab0c932765940bc3397e127,86993,200,image/jpeg,1,,1,1
LTMD_U1_W5_HISTORY_2018_2019_ROUTE_IDENTITY_0.1,H2018P5HIA,H2019P5HIA,5,Historia,82,194,https://historico.conaliteg.gob.mx/c/H2019P5HIA/082.jpg,c553d1a3079dcc07fc38f31bbe8e235fdf6ec03fc9b5e218e4cee40f1e3d25af,176555,c553d1a3079dcc07fc38f31bbe8e235fdf6ec03fc9b5e218e4cee40f1e3d25af,176555,200,image/jpeg,1,,1,1
LTMD_U1_W5_HISTORY_2018_2019_ROUTE_IDENTITY_0.1,H2018P5HIA,H2019P5HIA,5,Historia,83,194,https://historico.conaliteg.gob.mx/c/H2019P5HIA/083.jpg,1ffcbdd374a0e9fbc295bde8e2a3ceb12985733da9b350be741d2e59deaa2f44,116489,1ffcbdd374a0e9fbc295bde8e2a3ceb12985733da9b350be741d2e59deaa2f44,116489,200,image/jpeg,1,,1,1
LTMD_U1_W5_HISTORY_2018_2019_ROUTE_IDENTITY_0.1,H2018P5HIA,H2019P5HIA,5,Historia,84,194,https://historico.conaliteg.gob.mx/c/H2019P5HIA/084.jpg,90f4932d8cd4115b837e6ddbd17e4396f8203844af2a234e714439ff3d19068b,208795,90f4932d8cd4115b837e6ddbd17e4396f8203844af2a234e714439ff3d19068b,208795,200,image/jpeg,1,,1,1
LTMD_U1_W5_HISTORY_2018_2019_ROUTE_IDENTITY_0.1,H2018P5HIA,H2019P5HIA,5,Historia,85,194,https://historico.conaliteg.gob.mx/c/H2019P5HIA/085.jpg,65104b6d804385e2e0999e4412ce257e5b9b8e4feac5d532c0f03c9fcb84d3ce,181218,65104b6d804385e2e0999e4412ce257e5b9b8e4feac5d532c0f03c9fcb84d3ce,181218,200,image/jpeg,1,,1,1
LTMD_U1_W5_HISTORY_2018_2019_ROUTE_IDENTITY_0.1,H2018P5HIA,H2019P5HIA,5,Historia,86,194,https://historico.conaliteg.gob.mx/c/H2019P5HIA/086.jpg,b908fca8f3a82ad27cb30ac02b1a8231d2374f21ba5cf729701d43f796654e0d,128124,b908fca8f3a82ad27cb30ac02b1a8231d2374f21ba5cf729701d43f796654e0d,128124,200,image/jpeg,1,,1,1
LTMD_U1_W5_HISTORY_2018_2019_ROUTE_IDENTITY_0.1,H2018P5HIA,H2019P5HIA,5,Historia,87,194,https://historico.conaliteg.gob.mx/c/H2019P5HIA/087.jpg,6f15443377d0193f0362601d5ac1aacefc615bb3bc80990ff4b57d7f76f0893c,88675,6f15443377d0193f0362601d5ac1aacefc615bb3bc80990ff4b57d7f76f0893c,88675,200,image/jpeg,1,,1,1
LTMD_U1_W5_HISTORY_2018_2019_ROUTE_IDENTITY_0.1,H2018P5HIA,H2019P5HIA,5,Historia,88,194,https://historico.conaliteg.gob.mx/c/H2019P5HIA/088.jpg,35cf5e9ecd83fbc0465e58be386bd90bb58fc198953028e096d2f59dbf97d8c4,112544,35cf5e9ecd83fbc0465e58be386bd90bb58fc198953028e096d2f59dbf97d8c4,112544,200,image/jpeg,1,,1,1
LTMD_U1_W5_HISTORY_2018_2019_ROUTE_IDENTITY_0.1,H2018P5HIA,H2019P5HIA,5,Historia,89,194,https://historico.conaliteg.gob.mx/c/H2019P5HIA/089.jpg,a0858d1850fc2adcd4946cfbd65834d8527d1df85b02715910651588aebb8ea6,175202,a0858d1850fc2adcd4946cfbd65834d8527d1df85b02715910651588aebb8ea6,175202,200,image/jpeg,1,,1,1
LTMD_U1_W5_HISTORY_2018_2019_ROUTE_IDENTITY_0.1,H2018P5HIA,H2019P5HIA,5,Historia,90,194,https://historico.conaliteg.gob.mx/c/H2019P5HIA/090.jpg,83e8015a6c254edffbbeaf6039666183c0bdd53580cd5d1374e3adcc52ed5d98,145892,83e8015a6c254edffbbeaf6039666183c0bdd53580cd5d1374e3adcc52ed5d98,145892,200,image/jpeg,1,,1,1
LTMD_U1_W5_HISTORY_2018_2019_ROUTE_IDENTITY_0.1,H2018P5HIA,H2019P5HIA,5,Historia,91,194,https://historico.conaliteg.gob.mx/c/H2019P5HIA/091.jpg,96455bb02151921ed9b83a724e0d17d2b8cbe02137a3dd936bcdee7de88a6695,151578,96455bb02151921ed9b83a724e0d17d2b8cbe02137a3dd936bcdee7de88a6695,151578,200,image/jpeg,1,,1,1
LTMD_U1_W5_HISTORY_2018_2019_ROUTE_IDENTITY_0.1,H2018P5HIA,H2019P5HIA,5,Historia,92,194,https://historico.conaliteg.gob.mx/c/H2019P5HIA/092.jpg,052fd3570bd29d9528372906fa9e1e09d374f0fa1f1060ad124d651f39229b21,172900,052fd3570bd29d9528372906fa9e1e09d374f0fa1f1060ad124d651f39229b21,172900,200,image/jpeg,1,,1,1
LTMD_U1_W5_HISTORY_2018_2019_ROUTE_IDENTITY_0.1,H2018P5HIA,H2019P5HIA,5,Historia,93,194,https://historico.conaliteg.gob.mx/c/H2019P5HIA/093.jpg,2f303576881761d8ff21741ff62cfbf646d282331b0eb78039ac8547ecc4dd0e,131566,2f303576881761d8ff21741ff62cfbf646d282331b0eb78039ac8547ecc4dd0e,131566,200,image/jpeg,1,,1,1
LTMD_U1_W5_HISTORY_2018_2019_ROUTE_IDENTITY_0.1,H2018P5HIA,H2019P5HIA,5,Historia,94,194,https://historico.conaliteg.gob.mx/c/H2019P5HIA/094.jpg,3fd822e2edca4a51b7119777b1adeec033a350310391930928a8754c0e85c106,190282,3fd822e2edca4a51b7119777b1adeec033a350310391930928a8754c0e85c106,190282,200,image/jpeg,1,,1,1
LTMD_U1_W5_HISTORY_2018_2019_ROUTE_IDENTITY_0.1,H2018P5HIA,H2019P5HIA,5,Historia,95,194,https://historico.conaliteg.gob.mx/c/H2019P5HIA/095.jpg,11152ffeeb1dd45fabff9b49347fb25ee6eeb72800017462fb00a4ee6432df06,186570,11152ffeeb1dd45fabff9b49347fb25ee6eeb72800017462fb00a4ee6432df06,186570,200,image/jpeg,1,,1,1
LTMD_U1_W5_HISTORY_2018_2019_ROUTE_IDENTITY_0.1,H2018P5HIA,H2019P5HIA,5,Historia,96,194,https://historico.conaliteg.gob.mx/c/H2019P5HIA/096.jpg,11850c189401e1b3559f305d46bcccc59365c134f4de0792b38eaccaff8004a3,148842,11850c189401e1b3559f305d46bcccc59365c134f4de0792b38eaccaff8004a3,148842,200,image/jpeg,1,,1,1
LTMD_U1_W5_HISTORY_2018_2019_ROUTE_IDENTITY_0.1,H2018P5HIA,H2019P5HIA,5,Historia,97,194,https://historico.conaliteg.gob.mx/c/H2019P5HIA/097.jpg,3cb5e74267d4a09c4456b821ac73ce2ea1282cca579ce5b28d65c9463d1f278c,191322,3cb5e74267d4a09c4456b821ac73ce2ea1282cca579ce5b28d65c9463d1f278c,191322,200,image/jpeg,1,,1,1
LTMD_U1_W5_HISTORY_2018_2019_ROUTE_IDENTITY_0.1,H2018P5HIA,H2019P5HIA,5,Historia,98,194,https://historico.conaliteg.gob.mx/c/H2019P5HIA/098.jpg,e2ce5fdf43711247ac4b687b4ad1021dec056d93fae1db2d237ae20c2c317aa5,163314,e2ce5fdf43711247ac4b687b4ad1021dec056d93fae1db2d237ae20c2c317aa5,163314,200,image/jpeg,1,,1,1
LTMD_U1_W5_HISTORY_2018_2019_ROUTE_IDENTITY_0.1,H2018P5HIA,H2019P5HIA,5,Historia,99,194,https://historico.conaliteg.gob.mx/c/H2019P5HIA/099.jpg,f24d03accdea3435b13a80981c198282ed164efdb10d53ddd3706bb8f33db94f,156187,f24d03accdea3435b13a80981c198282ed164efdb10d53ddd3706bb8f33db94f,156187,200,image/jpeg,1,,1,1
LTMD_U1_W5_HISTORY_2018_2019_ROUTE_IDENTITY_0.1,H2018P5HIA,H2019P5HIA,5,Historia,100,194,https://historico.conaliteg.gob.mx/c/H2019P5HIA/100.jpg,397abd19b0fd8d0066327c7ddb0b5ba144739c57407ca1361ee3b98ed87a4eb5,163381,397abd19b0fd8d0066327c7ddb0b5ba144739c57407ca1361ee3b98ed87a4eb5,163381,200,image/jpeg,1,,1,1
LTMD_U1_W5_HISTORY_2018_2019_ROUTE_IDENTITY_0.1,H2018P5HIA,H2019P5HIA,5,Historia,101,194,https://historico.conaliteg.gob.mx/c/H2019P5HIA/101.jpg,fd4d0c6ed96283b04ee6f0965ccb4d0763cd8e4a1adc9d831693844254968a9d,144027,fd4d0c6ed96283b04ee6f0965ccb4d0763cd8e4a1adc9d831693844254968a9d,144027,200,image/jpeg,1,,1,1
LTMD_U1_W5_HISTORY_2018_2019_ROUTE_IDENTITY_0.1,H2018P5HIA,H2019P5HIA,5,Historia,102,194,https://historico.conaliteg.gob.mx/c/H2019P5HIA/102.jpg,818f301dfbdb614aec757c758b231df9d30c7ee48220e2528fedfe8d0c829b16,121700,818f301dfbdb614aec757c758b231df9d30c7ee48220e2528fedfe8d0c829b16,121700,200,image/jpeg,1,,1,1
LTMD_U1_W5_HISTORY_2018_2019_ROUTE_IDENTITY_0.1,H2018P5HIA,H2019P5HIA,5,Historia,103,194,https://historico.conaliteg.gob.mx/c/H2019P5HIA/103.jpg,135708e255f2deb7ba9452a2fe1230e917deb7707f8abf3bad92b6759e84f72a,117063,135708e255f2deb7ba9452a2fe1230e917deb7707f8abf3bad92b6759e84f72a,117063,200,image/jpeg,1,,1,1
LTMD_U1_W5_HISTORY_2018_2019_ROUTE_IDENTITY_0.1,H2018P5HIA,H2019P5HIA,5,Historia,104,194,https://historico.conaliteg.gob.mx/c/H2019P5HIA/104.jpg,5dea7858742def1af8afad67180c2df3517df570372e0f7d0083c85feea598d4,161476,5dea7858742def1af8afad67180c2df3517df570372e0f7d0083c85feea598d4,161476,200,image/jpeg,1,,1,1
LTMD_U1_W5_HISTORY_2018_2019_ROUTE_IDENTITY_0.1,H2018P5HIA,H2019P5HIA,5,Historia,105,194,https://historico.conaliteg.gob.mx/c/H2019P5HIA/105.jpg,3d4ac5acf27f81ebfccc4097cb6438c627a02e1a663e70929bb46c2408c25b08,146515,3d4ac5acf27f81ebfccc4097cb6438c627a02e1a663e70929bb46c2408c25b08,146515,200,image/jpeg,1,,1,1
LTMD_U1_W5_HISTORY_2018_2019_ROUTE_IDENTITY_0.1,H2018P5HIA,H2019P5HIA,5,Historia,106,194,https://historico.conaliteg.gob.mx/c/H2019P5HIA/106.jpg,6e6099122870c3adec97a9b5ea43f39ca9a33416cb85470717e6bf201ba4266e,161040,6e6099122870c3adec97a9b5ea43f39ca9a33416cb85470717e6bf201ba4266e,161040,200,image/jpeg,1,,1,1
LTMD_U1_W5_HISTORY_2018_2019_ROUTE_IDENTITY_0.1,H2018P5HIA,H2019P5HIA,5,Historia,107,194,https://historico.conaliteg.gob.mx/c/H2019P5HIA/107.jpg,5dbd85e6a0972e261693ea580c0d0890c31c1c8266597c4d947ff3bc59f65edd,178428,5dbd85e6a0972e261693ea580c0d0890c31c1c8266597c4d947ff3bc59f65edd,178428,200,image/jpeg,1,,1,1
LTMD_U1_W5_HISTORY_2018_2019_ROUTE_IDENTITY_0.1,H2018P5HIA,H2019P5HIA,5,Historia,108,194,https://historico.conaliteg.gob.mx/c/H2019P5HIA/108.jpg,6a5d6a86c13da04e559f1756f66d70e493881b77f57bd4316d0b3d85426bde32,73589,6a5d6a86c13da04e559f1756f66d70e493881b77f57bd4316d0b3d85426bde32,73589,200,image/jpeg,1,,1,1
LTMD_U1_W5_HISTORY_2018_2019_ROUTE_IDENTITY_0.1,H2018P5HIA,H2019P5HIA,5,Historia,109,194,https://historico.conaliteg.gob.mx/c/H2019P5HIA/109.jpg,b7b28f2bc63f41523a75f9c29251317c86bfe988161fe410b041ce8c41aa23e8,146368,b7b28f2bc63f41523a75f9c29251317c86bfe988161fe410b041ce8c41aa23e8,146368,200,image/jpeg,1,,1,1
LTMD_U1_W5_HISTORY_2018_2019_ROUTE_IDENTITY_0.1,H2018P5HIA,H2019P5HIA,5,Historia,110,194,https://historico.conaliteg.gob.mx/c/H2019P5HIA/110.jpg,c119d5fd0e87678f9a9f211b9598c98640120690a548cbd4f93920c2a6ee4ac6,214351,c119d5fd0e87678f9a9f211b9598c98640120690a548cbd4f93920c2a6ee4ac6,214351,200,image/jpeg,1,,1,1
LTMD_U1_W5_HISTORY_2018_2019_ROUTE_IDENTITY_0.1,H2018P5HIA,H2019P5HIA,5,Historia,111,194,https://historico.conaliteg.gob.mx/c/H2019P5HIA/111.jpg,a0da22163e9449718ebfacb641233675923243fbc18f4b3418e8360ce1e3700b,251731,a0da22163e9449718ebfacb641233675923243fbc18f4b3418e8360ce1e3700b,251731,200,image/jpeg,1,,1,1
LTMD_U1_W5_HISTORY_2018_2019_ROUTE_IDENTITY_0.1,H2018P5HIA,H2019P5HIA,5,Historia,112,194,https://historico.conaliteg.gob.mx/c/H2019P5HIA/112.jpg,5c7fec62fde485c584dd0a5e9a18918b78dbe170f694998db0fd2d36f4a034cb,163754,5c7fec62fde485c584dd0a5e9a18918b78dbe170f694998db0fd2d36f4a034cb,163754,200,image/jpeg,1,,1,1
LTMD_U1_W5_HISTORY_2018_2019_ROUTE_IDENTITY_0.1,H2018P5HIA,H2019P5HIA,5,Historia,113,194,https://historico.conaliteg.gob.mx/c/H2019P5HIA/113.jpg,3003058a9ff0cdaa6342f7aaaad50ca7fff32f7fc987d39ef2977a67fa9ca285,62995,3003058a9ff0cdaa6342f7aaaad50ca7fff32f7fc987d39ef2977a67fa9ca285,62995,200,image/jpeg,1,,1,1
LTMD_U1_W5_HISTORY_2018_2019_ROUTE_IDENTITY_0.1,H2018P5HIA,H2019P5HIA,5,Historia,114,194,https://historico.conaliteg.gob.mx/c/H2019P5HIA/114.jpg,f6fbf251ec68ff38cb5dc6836578bd38d91d14ef2afd2de88e92e00b13b6faed,125083,f6fbf251ec68ff38cb5dc6836578bd38d91d14ef2afd2de88e92e00b13b6faed,125083,200,image/jpeg,1,,1,1
LTMD_U1_W5_HISTORY_2018_2019_ROUTE_IDENTITY_0.1,H2018P5HIA,H2019P5HIA,5,Historia,115,194,https://historico.conaliteg.gob.mx/c/H2019P5HIA/115.jpg,64308ae8cd4d9ffbeb4982ddf471287feaa091100a8da6b85d1f8c323e0031b4,99552,64308ae8cd4d9ffbeb4982ddf471287feaa091100a8da6b85d1f8c323e0031b4,99552,200,image/jpeg,1,,1,1
LTMD_U1_W5_HISTORY_2018_2019_ROUTE_IDENTITY_0.1,H2018P5HIA,H2019P5HIA,5,Historia,116,194,https://historico.conaliteg.gob.mx/c/H2019P5HIA/116.jpg,6f61e912b56e04c36a282de1dadcde500127f7f5d1fb30380a3c7602b1ea8e43,138353,6f61e912b56e04c36a282de1dadcde500127f7f5d1fb30380a3c7602b1ea8e43,138353,200,image/jpeg,1,,1,1
LTMD_U1_W5_HISTORY_2018_2019_ROUTE_IDENTITY_0.1,H2018P5HIA,H2019P5HIA,5,Historia,117,194,https://historico.conaliteg.gob.mx/c/H2019P5HIA/117.jpg,9be63331df6aa355a6ce4e3996531905eaac343bddb15ed9a951ccacd61ee75d,107725,9be63331df6aa355a6ce4e3996531905eaac343bddb15ed9a951ccacd61ee75d,107725,200,image/jpeg,1,,1,1
LTMD_U1_W5_HISTORY_2018_2019_ROUTE_IDENTITY_0.1,H2018P5HIA,H2019P5HIA,5,Historia,118,194,https://historico.conaliteg.gob.mx/c/H2019P5HIA/118.jpg,a312c3e6a670f1725cbd6980fb484840cfb831c900dc7b87986b52197594326e,136995,a312c3e6a670f1725cbd6980fb484840cfb831c900dc7b87986b52197594326e,136995,200,image/jpeg,1,,1,1
LTMD_U1_W5_HISTORY_2018_2019_ROUTE_IDENTITY_0.1,H2018P5HIA,H2019P5HIA,5,Historia,119,194,https://historico.conaliteg.gob.mx/c/H2019P5HIA/119.jpg,be96e8527eb4ff78a3f0e61f2042ce416ef246620654923875b3b573e76510de,151448,be96e8527eb4ff78a3f0e61f2042ce416ef246620654923875b3b573e76510de,151448,200,image/jpeg,1,,1,1
LTMD_U1_W5_HISTORY_2018_2019_ROUTE_IDENTITY_0.1,H2018P5HIA,H2019P5HIA,5,Historia,120,194,https://historico.conaliteg.gob.mx/c/H2019P5HIA/120.jpg,8e7a30c525a077eb9df6151928a412f18002a678902143d7e29b7a62bac400c5,104417,8e7a30c525a077eb9df6151928a412f18002a678902143d7e29b7a62bac400c5,104417,200,image/jpeg,1,,1,1
LTMD_U1_W5_HISTORY_2018_2019_ROUTE_IDENTITY_0.1,H2018P5HIA,H2019P5HIA,5,Historia,121,194,https://historico.conaliteg.gob.mx/c/H2019P5HIA/121.jpg,eaab24bc808d2d083605be32f36f9cdaf104e166286f10bcefbe016d0181c552,126079,eaab24bc808d2d083605be32f36f9cdaf104e166286f10bcefbe016d0181c552,126079,200,image/jpeg,1,,1,1
LTMD_U1_W5_HISTORY_2018_2019_ROUTE_IDENTITY_0.1,H2018P5HIA,H2019P5HIA,5,Historia,122,194,https://historico.conaliteg.gob.mx/c/H2019P5HIA/122.jpg,b795cd773b555ce83ae0e700d7567b5a8b25688338850ac2fb4994eaf96c7b66,139488,b795cd773b555ce83ae0e700d7567b5a8b25688338850ac2fb4994eaf96c7b66,139488,200,image/jpeg,1,,1,1
LTMD_U1_W5_HISTORY_2018_2019_ROUTE_IDENTITY_0.1,H2018P5HIA,H2019P5HIA,5,Historia,123,194,https://historico.conaliteg.gob.mx/c/H2019P5HIA/123.jpg,27e2585395518c743bdc4deb50771378d04861cd333e4bf07de95f99c7584dbc,152191,27e2585395518c743bdc4deb50771378d04861cd333e4bf07de95f99c7584dbc,152191,200,image/jpeg,1,,1,1
LTMD_U1_W5_HISTORY_2018_2019_ROUTE_IDENTITY_0.1,H2018P5HIA,H2019P5HIA,5,Historia,124,194,https://historico.conaliteg.gob.mx/c/H2019P5HIA/124.jpg,9e1353ed8b27f20c3aec83b646a77ee084777cc798d17992994a3567d572bd8e,158519,9e1353ed8b27f20c3aec83b646a77ee084777cc798d17992994a3567d572bd8e,158519,200,image/jpeg,1,,1,1
LTMD_U1_W5_HISTORY_2018_2019_ROUTE_IDENTITY_0.1,H2018P5HIA,H2019P5HIA,5,Historia,125,194,https://historico.conaliteg.gob.mx/c/H2019P5HIA/125.jpg,02fa1bcf616f44ab3da1c10841ee660cba144a17adbd99feadccad0853f1e1be,140044,02fa1bcf616f44ab3da1c10841ee660cba144a17adbd99feadccad0853f1e1be,140044,200,image/jpeg,1,,1,1
LTMD_U1_W5_HISTORY_2018_2019_ROUTE_IDENTITY_0.1,H2018P5HIA,H2019P5HIA,5,Historia,126,194,https://historico.conaliteg.gob.mx/c/H2019P5HIA/126.jpg,e3c41ff73b7443a675e18e16f82063f64f9c6c8d434d546aa09f7260baed1ab0,168444,e3c41ff73b7443a675e18e16f82063f64f9c6c8d434d546aa09f7260baed1ab0,168444,200,image/jpeg,1,,1,1
LTMD_U1_W5_HISTORY_2018_2019_ROUTE_IDENTITY_0.1,H2018P5HIA,H2019P5HIA,5,Historia,127,194,https://historico.conaliteg.gob.mx/c/H2019P5HIA/127.jpg,077a1df2d29463fa92f1cd7e69d1ed29afd650afd71705d17b84bb33e44b4f12,126986,077a1df2d29463fa92f1cd7e69d1ed29afd650afd71705d17b84bb33e44b4f12,126986,200,image/jpeg,1,,1,1
LTMD_U1_W5_HISTORY_2018_2019_ROUTE_IDENTITY_0.1,H2018P5HIA,H2019P5HIA,5,Historia,128,194,https://historico.conaliteg.gob.mx/c/H2019P5HIA/128.jpg,a3d2aa09bf248b04d3f5e1dd5d68c82f84ca9419e844d0937b42f41322d2d631,168467,a3d2aa09bf248b04d3f5e1dd5d68c82f84ca9419e844d0937b42f41322d2d631,168467,200,image/jpeg,1,,1,1
LTMD_U1_W5_HISTORY_2018_2019_ROUTE_IDENTITY_0.1,H2018P5HIA,H2019P5HIA,5,Historia,129,194,https://historico.conaliteg.gob.mx/c/H2019P5HIA/129.jpg,1db8b492c9e1b31ec4f00a649fd2cb41a69549b07b26419d539defb2d9ab43b1,87904,1db8b492c9e1b31ec4f00a649fd2cb41a69549b07b26419d539defb2d9ab43b1,87904,200,image/jpeg,1,,1,1
LTMD_U1_W5_HISTORY_2018_2019_ROUTE_IDENTITY_0.1,H2018P5HIA,H2019P5HIA,5,Historia,130,194,https://historico.conaliteg.gob.mx/c/H2019P5HIA/130.jpg,c851d3627f36e82405b159a187092239228deb7444c8c9ac8e9464efeb322703,192649,c851d3627f36e82405b159a187092239228deb7444c8c9ac8e9464efeb322703,192649,200,image/jpeg,1,,1,1
LTMD_U1_W5_HISTORY_2018_2019_ROUTE_IDENTITY_0.1,H2018P5HIA,H2019P5HIA,5,Historia,131,194,https://historico.conaliteg.gob.mx/c/H2019P5HIA/131.jpg,f58e375cdf220a7532f00e91e1569038cbf088c70519fa1e0f7e84a70df75cd9,136817,f58e375cdf220a7532f00e91e1569038cbf088c70519fa1e0f7e84a70df75cd9,136817,200,image/jpeg,1,,1,1
LTMD_U1_W5_HISTORY_2018_2019_ROUTE_IDENTITY_0.1,H2018P5HIA,H2019P5HIA,5,Historia,132,194,https://historico.conaliteg.gob.mx/c/H2019P5HIA/132.jpg,aaa2b2c39a2e92d4500030d455eaa3467820c8190ee51ad21b812357d59cb5c0,124071,aaa2b2c39a2e92d4500030d455eaa3467820c8190ee51ad21b812357d59cb5c0,124071,200,image/jpeg,1,,1,1
LTMD_U1_W5_HISTORY_2018_2019_ROUTE_IDENTITY_0.1,H2018P5HIA,H2019P5HIA,5,Historia,133,194,https://historico.conaliteg.gob.mx/c/H2019P5HIA/133.jpg,2f49bb2af187164dcf7f583f102b788392ec0ea5f8488c8150925f4c566536aa,149596,2f49bb2af187164dcf7f583f102b788392ec0ea5f8488c8150925f4c566536aa,149596,200,image/jpeg,1,,1,1
LTMD_U1_W5_HISTORY_2018_2019_ROUTE_IDENTITY_0.1,H2018P5HIA,H2019P5HIA,5,Historia,134,194,https://historico.conaliteg.gob.mx/c/H2019P5HIA/134.jpg,f44d9cdf6896ab410feb78552bfc22035892ebd04b9d8481da31e208726fdd06,167525,f44d9cdf6896ab410feb78552bfc22035892ebd04b9d8481da31e208726fdd06,167525,200,image/jpeg,1,,1,1
LTMD_U1_W5_HISTORY_2018_2019_ROUTE_IDENTITY_0.1,H2018P5HIA,H2019P5HIA,5,Historia,135,194,https://historico.conaliteg.gob.mx/c/H2019P5HIA/135.jpg,88079940b0a82173e141d44635960e0f49052fe9791bf7a8e7d2ee90f81e467d,112701,88079940b0a82173e141d44635960e0f49052fe9791bf7a8e7d2ee90f81e467d,112701,200,image/jpeg,1,,1,1
LTMD_U1_W5_HISTORY_2018_2019_ROUTE_IDENTITY_0.1,H2018P5HIA,H2019P5HIA,5,Historia,136,194,https://historico.conaliteg.gob.mx/c/H2019P5HIA/136.jpg,99de0541b2b1755d4b0b226d1d24c69c942ee122fa23a98765b023afaf4652b6,168770,99de0541b2b1755d4b0b226d1d24c69c942ee122fa23a98765b023afaf4652b6,168770,200,image/jpeg,1,,1,1
LTMD_U1_W5_HISTORY_2018_2019_ROUTE_IDENTITY_0.1,H2018P5HIA,H2019P5HIA,5,Historia,137,194,https://historico.conaliteg.gob.mx/c/H2019P5HIA/137.jpg,fac34bef0925b78901fdf834245ce4d982212f223b3379f2c4709bfd2bbd1e76,172311,fac34bef0925b78901fdf834245ce4d982212f223b3379f2c4709bfd2bbd1e76,172311,200,image/jpeg,1,,1,1
LTMD_U1_W5_HISTORY_2018_2019_ROUTE_IDENTITY_0.1,H2018P5HIA,H2019P5HIA,5,Historia,138,194,https://historico.conaliteg.gob.mx/c/H2019P5HIA/138.jpg,317ea2411731e072cea4a8d75830d4e7a1f0ab464a57f5335a60da909d970ff4,106522,317ea2411731e072cea4a8d75830d4e7a1f0ab464a57f5335a60da909d970ff4,106522,200,image/jpeg,1,,1,1
LTMD_U1_W5_HISTORY_2018_2019_ROUTE_IDENTITY_0.1,H2018P5HIA,H2019P5HIA,5,Historia,139,194,https://historico.conaliteg.gob.mx/c/H2019P5HIA/139.jpg,dfa27cb65c11def5019f784db69d2de100a1b569a9d481be1512b16e4bbaa1bd,123764,dfa27cb65c11def5019f784db69d2de100a1b569a9d481be1512b16e4bbaa1bd,123764,200,image/jpeg,1,,1,1
LTMD_U1_W5_HISTORY_2018_2019_ROUTE_IDENTITY_0.1,H2018P5HIA,H2019P5HIA,5,Historia,140,194,https://historico.conaliteg.gob.mx/c/H2019P5HIA/140.jpg,87c1de2c090745812ffa550749b17f7e3add04bf13dcea82eb325abb9febbd8f,112028,87c1de2c090745812ffa550749b17f7e3add04bf13dcea82eb325abb9febbd8f,112028,200,image/jpeg,1,,1,1
LTMD_U1_W5_HISTORY_2018_2019_ROUTE_IDENTITY_0.1,H2018P5HIA,H2019P5HIA,5,Historia,141,194,https://historico.conaliteg.gob.mx/c/H2019P5HIA/141.jpg,80e004fc468c51c2de66d45af525135afa92924e25486bd2a7b11be9e0202ed1,142132,80e004fc468c51c2de66d45af525135afa92924e25486bd2a7b11be9e0202ed1,142132,200,image/jpeg,1,,1,1
LTMD_U1_W5_HISTORY_2018_2019_ROUTE_IDENTITY_0.1,H2018P5HIA,H2019P5HIA,5,Historia,142,194,https://historico.conaliteg.gob.mx/c/H2019P5HIA/142.jpg,d30fee61b850b6e74584a5a9bee258082e18e45ee652c547bd507e215a84f3a0,181611,d30fee61b850b6e74584a5a9bee258082e18e45ee652c547bd507e215a84f3a0,181611,200,image/jpeg,1,,1,1
LTMD_U1_W5_HISTORY_2018_2019_ROUTE_IDENTITY_0.1,H2018P5HIA,H2019P5HIA,5,Historia,143,194,https://historico.conaliteg.gob.mx/c/H2019P5HIA/143.jpg,925c1135a6b9ee4d886607b13bc97a1d8094b93d79a43c547285250503ef2577,180641,925c1135a6b9ee4d886607b13bc97a1d8094b93d79a43c547285250503ef2577,180641,200,image/jpeg,1,,1,1
LTMD_U1_W5_HISTORY_2018_2019_ROUTE_IDENTITY_0.1,H2018P5HIA,H2019P5HIA,5,Historia,144,194,https://historico.conaliteg.gob.mx/c/H2019P5HIA/144.jpg,addf0e78a892796328b5f82fbb5e1dd9551afda41555aa5092207fe6f4be0191,120059,addf0e78a892796328b5f82fbb5e1dd9551afda41555aa5092207fe6f4be0191,120059,200,image/jpeg,1,,1,1
LTMD_U1_W5_HISTORY_2018_2019_ROUTE_IDENTITY_0.1,H2018P5HIA,H2019P5HIA,5,Historia,145,194,https://historico.conaliteg.gob.mx/c/H2019P5HIA/145.jpg,dbbb5ffff58f6a391c40ea7495cd141393546cca8a3814572b600b7fde94eca9,102612,dbbb5ffff58f6a391c40ea7495cd141393546cca8a3814572b600b7fde94eca9,102612,200,image/jpeg,1,,1,1
LTMD_U1_W5_HISTORY_2018_2019_ROUTE_IDENTITY_0.1,H2018P5HIA,H2019P5HIA,5,Historia,146,194,https://historico.conaliteg.gob.mx/c/H2019P5HIA/146.jpg,bec39dabffe357973eaf9c2af753009541ccd7ca3c302dfc8814b2aceb585e1a,130215,bec39dabffe357973eaf9c2af753009541ccd7ca3c302dfc8814b2aceb585e1a,130215,200,image/jpeg,1,,1,1
LTMD_U1_W5_HISTORY_2018_2019_ROUTE_IDENTITY_0.1,H2018P5HIA,H2019P5HIA,5,Historia,147,194,https://historico.conaliteg.gob.mx/c/H2019P5HIA/147.jpg,ec07f6be13dca868ee06b27a842ac762460f5ea34d1e91fa6aa556773083dddf,119242,ec07f6be13dca868ee06b27a842ac762460f5ea34d1e91fa6aa556773083dddf,119242,200,image/jpeg,1,,1,1
LTMD_U1_W5_HISTORY_2018_2019_ROUTE_IDENTITY_0.1,H2018P5HIA,H2019P5HIA,5,Historia,148,194,https://historico.conaliteg.gob.mx/c/H2019P5HIA/148.jpg,3759a30c229bc7482360f639a1757d580af20b842f0fb4b8d3c6190868695549,113364,3759a30c229bc7482360f639a1757d580af20b842f0fb4b8d3c6190868695549,113364,200,image/jpeg,1,,1,1
LTMD_U1_W5_HISTORY_2018_2019_ROUTE_IDENTITY_0.1,H2018P5HIA,H2019P5HIA,5,Historia,149,194,https://historico.conaliteg.gob.mx/c/H2019P5HIA/149.jpg,6c30f81f1f4163a2c2ea613b3b732d511a2a8a371404ec8016822aa6692af3e2,118907,6c30f81f1f4163a2c2ea613b3b732d511a2a8a371404ec8016822aa6692af3e2,118907,200,image/jpeg,1,,1,1
LTMD_U1_W5_HISTORY_2018_2019_ROUTE_IDENTITY_0.1,H2018P5HIA,H2019P5HIA,5,Historia,150,194,https://historico.conaliteg.gob.mx/c/H2019P5HIA/150.jpg,cd331d0547cd96399c4c1d65387f9daa1d707f271f3f2ff5bae2ca3fbd5a67ab,133656,cd331d0547cd96399c4c1d65387f9daa1d707f271f3f2ff5bae2ca3fbd5a67ab,133656,200,image/jpeg,1,,1,1
LTMD_U1_W5_HISTORY_2018_2019_ROUTE_IDENTITY_0.1,H2018P5HIA,H2019P5HIA,5,Historia,151,194,https://historico.conaliteg.gob.mx/c/H2019P5HIA/151.jpg,5484913d58c383ff496b28c58c5618f421de5154d23e8cb8378daebc2874a49f,160687,5484913d58c383ff496b28c58c5618f421de5154d23e8cb8378daebc2874a49f,160687,200,image/jpeg,1,,1,1
LTMD_U1_W5_HISTORY_2018_2019_ROUTE_IDENTITY_0.1,H2018P5HIA,H2019P5HIA,5,Historia,152,194,https://historico.conaliteg.gob.mx/c/H2019P5HIA/152.jpg,04eb9deaabb57cc81603e05bbb314e804c9b285ae5f91db9bd7244d2294299ea,144282,04eb9deaabb57cc81603e05bbb314e804c9b285ae5f91db9bd7244d2294299ea,144282,200,image/jpeg,1,,1,1
LTMD_U1_W5_HISTORY_2018_2019_ROUTE_IDENTITY_0.1,H2018P5HIA,H2019P5HIA,5,Historia,153,194,https://historico.conaliteg.gob.mx/c/H2019P5HIA/153.jpg,f3305df09ea5385ced0a7ad3fd750fa0ad9f6f219ca1acc43ccba0105c42059d,155463,f3305df09ea5385ced0a7ad3fd750fa0ad9f6f219ca1acc43ccba0105c42059d,155463,200,image/jpeg,1,,1,1
LTMD_U1_W5_HISTORY_2018_2019_ROUTE_IDENTITY_0.1,H2018P5HIA,H2019P5HIA,5,Historia,154,194,https://historico.conaliteg.gob.mx/c/H2019P5HIA/154.jpg,55575a16ec6f652d9c4678e9cd5234a1155e88ea12bb8e411d75cb2dbe35302a,50070,55575a16ec6f652d9c4678e9cd5234a1155e88ea12bb8e411d75cb2dbe35302a,50070,200,image/jpeg,1,,1,1
LTMD_U1_W5_HISTORY_2018_2019_ROUTE_IDENTITY_0.1,H2018P5HIA,H2019P5HIA,5,Historia,155,194,https://historico.conaliteg.gob.mx/c/H2019P5HIA/155.jpg,f7188651b964283e90aebb7e2c928632f8f5484c96784e9901e77bbaacc408ed,49629,f7188651b964283e90aebb7e2c928632f8f5484c96784e9901e77bbaacc408ed,49629,200,image/jpeg,1,,1,1
LTMD_U1_W5_HISTORY_2018_2019_ROUTE_IDENTITY_0.1,H2018P5HIA,H2019P5HIA,5,Historia,156,194,https://historico.conaliteg.gob.mx/c/H2019P5HIA/156.jpg,fc0daa081357505354523df440317d30a9bc93bdd67728808dd65656c47eb5dd,55806,fc0daa081357505354523df440317d30a9bc93bdd67728808dd65656c47eb5dd,55806,200,image/jpeg,1,,1,1
LTMD_U1_W5_HISTORY_2018_2019_ROUTE_IDENTITY_0.1,H2018P5HIA,H2019P5HIA,5,Historia,157,194,https://historico.conaliteg.gob.mx/c/H2019P5HIA/157.jpg,704647998adba0bcc9b2b5ac723d0e87e362753601ea202875910a8e458b362c,32850,704647998adba0bcc9b2b5ac723d0e87e362753601ea202875910a8e458b362c,32850,200,image/jpeg,1,,1,1
LTMD_U1_W5_HISTORY_2018_2019_ROUTE_IDENTITY_0.1,H2018P5HIA,H2019P5HIA,5,Historia,158,194,https://historico.conaliteg.gob.mx/c/H2019P5HIA/158.jpg,5cfe79432c4afbee9ef4d8a9503bce22f65348dcec824503ca78f849402c37a7,206144,5cfe79432c4afbee9ef4d8a9503bce22f65348dcec824503ca78f849402c37a7,206144,200,image/jpeg,1,,1,1
LTMD_U1_W5_HISTORY_2018_2019_ROUTE_IDENTITY_0.1,H2018P5HIA,H2019P5HIA,5,Historia,159,194,https://historico.conaliteg.gob.mx/c/H2019P5HIA/159.jpg,c0a976ce5052e19b093d859593f2057980bf90a47a4afb00fe7672d37b488e7a,221572,c0a976ce5052e19b093d859593f2057980bf90a47a4afb00fe7672d37b488e7a,221572,200,image/jpeg,1,,1,1
LTMD_U1_W5_HISTORY_2018_2019_ROUTE_IDENTITY_0.1,H2018P5HIA,H2019P5HIA,5,Historia,160,194,https://historico.conaliteg.gob.mx/c/H2019P5HIA/160.jpg,6d0529f5d214f74084adc34275ab06289317636ba87b3c63761826ab28a1d1ea,169733,6d0529f5d214f74084adc34275ab06289317636ba87b3c63761826ab28a1d1ea,169733,200,image/jpeg,1,,1,1
LTMD_U1_W5_HISTORY_2018_2019_ROUTE_IDENTITY_0.1,H2018P5HIA,H2019P5HIA,5,Historia,161,194,https://historico.conaliteg.gob.mx/c/H2019P5HIA/161.jpg,cbcdc5118a259b5b71df56b5a7bd8b3531ca0b76f3db5f630c5e4454ceb5a82b,140324,cbcdc5118a259b5b71df56b5a7bd8b3531ca0b76f3db5f630c5e4454ceb5a82b,140324,200,image/jpeg,1,,1,1
LTMD_U1_W5_HISTORY_2018_2019_ROUTE_IDENTITY_0.1,H2018P5HIA,H2019P5HIA,5,Historia,162,194,https://historico.conaliteg.gob.mx/c/H2019P5HIA/162.jpg,3578135deff53dedbf6e42b95832ee486e2f2acb6d792a04426c27eb88cb3ce4,126143,3578135deff53dedbf6e42b95832ee486e2f2acb6d792a04426c27eb88cb3ce4,126143,200,image/jpeg,1,,1,1
LTMD_U1_W5_HISTORY_2018_2019_ROUTE_IDENTITY_0.1,H2018P5HIA,H2019P5HIA,5,Historia,163,194,https://historico.conaliteg.gob.mx/c/H2019P5HIA/163.jpg,215cf64442e0e6f306899e5958bf4f177dc72b7dc98893150d4e2ebaa1cb658b,90676,215cf64442e0e6f306899e5958bf4f177dc72b7dc98893150d4e2ebaa1cb658b,90676,200,image/jpeg,1,,1,1
LTMD_U1_W5_HISTORY_2018_2019_ROUTE_IDENTITY_0.1,H2018P5HIA,H2019P5HIA,5,Historia,164,194,https://historico.conaliteg.gob.mx/c/H2019P5HIA/164.jpg,f82760fb572e85731d639f5e9ecd9b79d731abf0b8a2e8af805b7b540d236a13,130992,f82760fb572e85731d639f5e9ecd9b79d731abf0b8a2e8af805b7b540d236a13,130992,200,image/jpeg,1,,1,1
LTMD_U1_W5_HISTORY_2018_2019_ROUTE_IDENTITY_0.1,H2018P5HIA,H2019P5HIA,5,Historia,165,194,https://historico.conaliteg.gob.mx/c/H2019P5HIA/165.jpg,e84644b977a4dd6f6a4c57f39c6796dba6c2b130e52239941010297561291d05,97363,e84644b977a4dd6f6a4c57f39c6796dba6c2b130e52239941010297561291d05,97363,200,image/jpeg,1,,1,1
LTMD_U1_W5_HISTORY_2018_2019_ROUTE_IDENTITY_0.1,H2018P5HIA,H2019P5HIA,5,Historia,166,194,https://historico.conaliteg.gob.mx/c/H2019P5HIA/166.jpg,7a11435e1b085189455c86ddf9a06ad33808437931fddf5e9f74e75a4d1540e7,165980,7a11435e1b085189455c86ddf9a06ad33808437931fddf5e9f74e75a4d1540e7,165980,200,image/jpeg,1,,1,1
LTMD_U1_W5_HISTORY_2018_2019_ROUTE_IDENTITY_0.1,H2018P5HIA,H2019P5HIA,5,Historia,167,194,https://historico.conaliteg.gob.mx/c/H2019P5HIA/167.jpg,1ceff8a6146cfdb9d7de9a0d7e6401ead54d00eddb2efa06ab88339162ccf0ac,165959,1ceff8a6146cfdb9d7de9a0d7e6401ead54d00eddb2efa06ab88339162ccf0ac,165959,200,image/jpeg,1,,1,1
LTMD_U1_W5_HISTORY_2018_2019_ROUTE_IDENTITY_0.1,H2018P5HIA,H2019P5HIA,5,Historia,168,194,https://historico.conaliteg.gob.mx/c/H2019P5HIA/168.jpg,247a81df674ebb1f7f9378faab0ac1868c1f98dc38f1c677b9181c117d1e5b6d,203820,247a81df674ebb1f7f9378faab0ac1868c1f98dc38f1c677b9181c117d1e5b6d,203820,200,image/jpeg,1,,1,1
LTMD_U1_W5_HISTORY_2018_2019_ROUTE_IDENTITY_0.1,H2018P5HIA,H2019P5HIA,5,Historia,169,194,https://historico.conaliteg.gob.mx/c/H2019P5HIA/169.jpg,87aca93a222b2aee05fbbe210bbbfd9379d3a3ded0391cfedbedc6fda443327e,168733,87aca93a222b2aee05fbbe210bbbfd9379d3a3ded0391cfedbedc6fda443327e,168733,200,image/jpeg,1,,1,1
LTMD_U1_W5_HISTORY_2018_2019_ROUTE_IDENTITY_0.1,H2018P5HIA,H2019P5HIA,5,Historia,170,194,https://historico.conaliteg.gob.mx/c/H2019P5HIA/170.jpg,4afa1e7b71870d94a84eeff6f43f594f880442623386a8b14b4255e83fcc5094,198676,4afa1e7b71870d94a84eeff6f43f594f880442623386a8b14b4255e83fcc5094,198676,200,image/jpeg,1,,1,1
LTMD_U1_W5_HISTORY_2018_2019_ROUTE_IDENTITY_0.1,H2018P5HIA,H2019P5HIA,5,Historia,171,194,https://historico.conaliteg.gob.mx/c/H2019P5HIA/171.jpg,e088ab51093fd1cb070d7c36c1068b75f6a98b12e274ec4b4b00284a1ca03cf1,194837,e088ab51093fd1cb070d7c36c1068b75f6a98b12e274ec4b4b00284a1ca03cf1,194837,200,image/jpeg,1,,1,1
LTMD_U1_W5_HISTORY_2018_2019_ROUTE_IDENTITY_0.1,H2018P5HIA,H2019P5HIA,5,Historia,172,194,https://historico.conaliteg.gob.mx/c/H2019P5HIA/172.jpg,785b661b7913d69c614ffa847b247f00f877cf5e3800065461ca284891b71acb,151166,785b661b7913d69c614ffa847b247f00f877cf5e3800065461ca284891b71acb,151166,200,image/jpeg,1,,1,1
LTMD_U1_W5_HISTORY_2018_2019_ROUTE_IDENTITY_0.1,H2018P5HIA,H2019P5HIA,5,Historia,173,194,https://historico.conaliteg.gob.mx/c/H2019P5HIA/173.jpg,38c248d2f6a380782858cdf7e44c59d6566611e640b8bbbbe50c61c5e805f88b,174951,38c248d2f6a380782858cdf7e44c59d6566611e640b8bbbbe50c61c5e805f88b,174951,200,image/jpeg,1,,1,1
LTMD_U1_W5_HISTORY_2018_2019_ROUTE_IDENTITY_0.1,H2018P5HIA,H2019P5HIA,5,Historia,174,194,https://historico.conaliteg.gob.mx/c/H2019P5HIA/174.jpg,14561cfa1c79de2c5f8b57e15ed2d03cf8539a66ec1001374d2fc43ceaeee4be,151295,14561cfa1c79de2c5f8b57e15ed2d03cf8539a66ec1001374d2fc43ceaeee4be,151295,200,image/jpeg,1,,1,1
LTMD_U1_W5_HISTORY_2018_2019_ROUTE_IDENTITY_0.1,H2018P5HIA,H2019P5HIA,5,Historia,175,194,https://historico.conaliteg.gob.mx/c/H2019P5HIA/175.jpg,24dbe7f0af906630f0a0ca69b6adba4c3d5a0340dffaf252869acca8e3bd106a,151841,24dbe7f0af906630f0a0ca69b6adba4c3d5a0340dffaf252869acca8e3bd106a,151841,200,image/jpeg,1,,1,1
LTMD_U1_W5_HISTORY_2018_2019_ROUTE_IDENTITY_0.1,H2018P5HIA,H2019P5HIA,5,Historia,176,194,https://historico.conaliteg.gob.mx/c/H2019P5HIA/176.jpg,2033bd85ad456a664956f8917728d67726da74cfc5320683c26bd3cb2be691a7,189443,2033bd85ad456a664956f8917728d67726da74cfc5320683c26bd3cb2be691a7,189443,200,image/jpeg,1,,1,1
LTMD_U1_W5_HISTORY_2018_2019_ROUTE_IDENTITY_0.1,H2018P5HIA,H2019P5HIA,5,Historia,177,194,https://historico.conaliteg.gob.mx/c/H2019P5HIA/177.jpg,222ca43732a8cf78659948427e145c7b2a2b066a6c677f950d516e89997686e8,179929,222ca43732a8cf78659948427e145c7b2a2b066a6c677f950d516e89997686e8,179929,200,image/jpeg,1,,1,1
LTMD_U1_W5_HISTORY_2018_2019_ROUTE_IDENTITY_0.1,H2018P5HIA,H2019P5HIA,5,Historia,178,194,https://historico.conaliteg.gob.mx/c/H2019P5HIA/178.jpg,14442ae0ebca0f7b7cd79696fbfdcef50a07dfe4f4728a9766dc6fde84b09b10,198210,14442ae0ebca0f7b7cd79696fbfdcef50a07dfe4f4728a9766dc6fde84b09b10,198210,200,image/jpeg,1,,1,1
LTMD_U1_W5_HISTORY_2018_2019_ROUTE_IDENTITY_0.1,H2018P5HIA,H2019P5HIA,5,Historia,179,194,https://historico.conaliteg.gob.mx/c/H2019P5HIA/179.jpg,0a4ef522ee42177995590652e091f13968ea6c36ddb7a665226f73a73415626d,163370,0a4ef522ee42177995590652e091f13968ea6c36ddb7a665226f73a73415626d,163370,200,image/jpeg,1,,1,1
LTMD_U1_W5_HISTORY_2018_2019_ROUTE_IDENTITY_0.1,H2018P5HIA,H2019P5HIA,5,Historia,180,194,https://historico.conaliteg.gob.mx/c/H2019P5HIA/180.jpg,b57f2dc90ce978414690169ede96dcf1a26d4e1455735a17ebb2d1c6639d136b,158430,b57f2dc90ce978414690169ede96dcf1a26d4e1455735a17ebb2d1c6639d136b,158430,200,image/jpeg,1,,1,1
LTMD_U1_W5_HISTORY_2018_2019_ROUTE_IDENTITY_0.1,H2018P5HIA,H2019P5HIA,5,Historia,181,194,https://historico.conaliteg.gob.mx/c/H2019P5HIA/181.jpg,ce5afa18ffc82093352c0fc0442cb8cef1ef559cee908d73e9b0601eb5589004,167450,ce5afa18ffc82093352c0fc0442cb8cef1ef559cee908d73e9b0601eb5589004,167450,200,image/jpeg,1,,1,1
LTMD_U1_W5_HISTORY_2018_2019_ROUTE_IDENTITY_0.1,H2018P5HIA,H2019P5HIA,5,Historia,182,194,https://historico.conaliteg.gob.mx/c/H2019P5HIA/182.jpg,3407f70d9cd2bb943c148ed1a23f5defb75ffbb5eda5b0db11cd6ae0364d3c7f,148546,3407f70d9cd2bb943c148ed1a23f5defb75ffbb5eda5b0db11cd6ae0364d3c7f,148546,200,image/jpeg,1,,1,1
LTMD_U1_W5_HISTORY_2018_2019_ROUTE_IDENTITY_0.1,H2018P5HIA,H2019P5HIA,5,Historia,183,194,https://historico.conaliteg.gob.mx/c/H2019P5HIA/183.jpg,350a1eeebce5f15478b1824d0f43f9a497f1543c903dcdfd49142effd46d6185,156082,350a1eeebce5f15478b1824d0f43f9a497f1543c903dcdfd49142effd46d6185,156082,200,image/jpeg,1,,1,1
LTMD_U1_W5_HISTORY_2018_2019_ROUTE_IDENTITY_0.1,H2018P5HIA,H2019P5HIA,5,Historia,184,194,https://historico.conaliteg.gob.mx/c/H2019P5HIA/184.jpg,e34406c573b7bfdc99e65912512239e3b81288fb52916ee5ef6432fc00bb7f2d,53672,e34406c573b7bfdc99e65912512239e3b81288fb52916ee5ef6432fc00bb7f2d,53672,200,image/jpeg,1,,1,1
LTMD_U1_W5_HISTORY_2018_2019_ROUTE_IDENTITY_0.1,H2018P5HIA,H2019P5HIA,5,Historia,185,194,https://historico.conaliteg.gob.mx/c/H2019P5HIA/185.jpg,bb5587a9f81f7fb4f478f67e88ebd17f8a0060f3eef464366d1b44f6be5a0429,52796,bb5587a9f81f7fb4f478f67e88ebd17f8a0060f3eef464366d1b44f6be5a0429,52796,200,image/jpeg,1,,1,1
LTMD_U1_W5_HISTORY_2018_2019_ROUTE_IDENTITY_0.1,H2018P5HIA,H2019P5HIA,5,Historia,186,194,https://historico.conaliteg.gob.mx/c/H2019P5HIA/186.jpg,61356d1053d42b00887c8ee169d0913bbf19397cc99ff0df955b485ebb1f5b2b,55083,61356d1053d42b00887c8ee169d0913bbf19397cc99ff0df955b485ebb1f5b2b,55083,200,image/jpeg,1,,1,1
LTMD_U1_W5_HISTORY_2018_2019_ROUTE_IDENTITY_0.1,H2018P5HIA,H2019P5HIA,5,Historia,187,194,https://historico.conaliteg.gob.mx/c/H2019P5HIA/187.jpg,5b4a3faa9f1c8fd68aa4f20e89f3b1daa96f3c014f237d9b80569a0980e6c71e,61899,5b4a3faa9f1c8fd68aa4f20e89f3b1daa96f3c014f237d9b80569a0980e6c71e,61899,200,image/jpeg,1,,1,1
LTMD_U1_W5_HISTORY_2018_2019_ROUTE_IDENTITY_0.1,H2018P5HIA,H2019P5HIA,5,Historia,188,194,https://historico.conaliteg.gob.mx/c/H2019P5HIA/188.jpg,1b103d36ffac2e115078d5ca2014d8c820cd155af8378fbf90a66a59e9d05832,313733,1b103d36ffac2e115078d5ca2014d8c820cd155af8378fbf90a66a59e9d05832,313733,200,image/jpeg,1,,1,1
LTMD_U1_W5_HISTORY_2018_2019_ROUTE_IDENTITY_0.1,H2018P5HIA,H2019P5HIA,5,Historia,189,194,https://historico.conaliteg.gob.mx/c/H2019P5HIA/189.jpg,3e2cc95363ceb604f05db57ad37bf2f0ff5a086a2eda189480354b840cdc9adf,392192,3e2cc95363ceb604f05db57ad37bf2f0ff5a086a2eda189480354b840cdc9adf,392192,200,image/jpeg,1,,1,1
LTMD_U1_W5_HISTORY_2018_2019_ROUTE_IDENTITY_0.1,H2018P5HIA,H2019P5HIA,5,Historia,190,194,https://historico.conaliteg.gob.mx/c/H2019P5HIA/190.jpg,62108d8355d7c3711663c69e6a08ea8e4826fe89bce59590c0c95a71c07026c5,388047,62108d8355d7c3711663c69e6a08ea8e4826fe89bce59590c0c95a71c07026c5,388047,200,image/jpeg,1,,1,1
LTMD_U1_W5_HISTORY_2018_2019_ROUTE_IDENTITY_0.1,H2018P5HIA,H2019P5HIA,5,Historia,191,194,https://historico.conaliteg.gob.mx/c/H2019P5HIA/191.jpg,37346be4d0a0faaf5739d4418448db02157469d9536f5ff466c53c55011c5434,91000,37346be4d0a0faaf5739d4418448db02157469d9536f5ff466c53c55011c5434,91000,200,image/jpeg,1,,1,1
LTMD_U1_W5_HISTORY_2018_2019_ROUTE_IDENTITY_0.1,H2018P5HIA,H2019P5HIA,5,Historia,192,194,https://historico.conaliteg.gob.mx/c/H2019P5HIA/192.jpg,82a8c4754582c40ca47601351902795764526dcc737c94312c737af18e3ac3b8,52461,82a8c4754582c40ca47601351902795764526dcc737c94312c737af18e3ac3b8,52461,200,image/jpeg,1,,1,1
LTMD_U1_W5_HISTORY_2018_2019_ROUTE_IDENTITY_0.1,H2018P5HIA,H2019P5HIA,5,Historia,193,194,https://historico.conaliteg.gob.mx/c/H2019P5HIA/193.jpg,79397d1d939d46c75573de902dd978a1b997d51d35c382d482044bc3af8429f5,72050,79397d1d939d46c75573de902dd978a1b997d51d35c382d482044bc3af8429f5,72050,200,image/jpeg,1,,1,1
LTMD_U1_W5_HISTORY_2018_2019_ROUTE_IDENTITY_0.1,H2018P6HIA,H2019P6HIA,6,Historia,1,138,https://historico.conaliteg.gob.mx/c/H2019P6HIA/000.jpg,6f91b7338f3e83a77f388426f3e8d826e79504357a130cddb7be4124802ec2f1,114898,6f91b7338f3e83a77f388426f3e8d826e79504357a130cddb7be4124802ec2f1,114898,200,image/jpeg,1,,1,1
LTMD_U1_W5_HISTORY_2018_2019_ROUTE_IDENTITY_0.1,H2018P6HIA,H2019P6HIA,6,Historia,2,138,https://historico.conaliteg.gob.mx/c/H2019P6HIA/002.jpg,1cb85757655d76d594ecb425fda1543e9cbcf88bf06c7a7b72790344c44f9636,87059,1cb85757655d76d594ecb425fda1543e9cbcf88bf06c7a7b72790344c44f9636,87059,200,image/jpeg,1,,1,1
LTMD_U1_W5_HISTORY_2018_2019_ROUTE_IDENTITY_0.1,H2018P6HIA,H2019P6HIA,6,Historia,3,138,https://historico.conaliteg.gob.mx/c/H2019P6HIA/003.jpg,4a0bed803110256e5c4c3d7e4985a3d5bef2f5f674c6e2f986f4ab1a3df74873,84314,4a0bed803110256e5c4c3d7e4985a3d5bef2f5f674c6e2f986f4ab1a3df74873,84314,200,image/jpeg,1,,1,1
LTMD_U1_W5_HISTORY_2018_2019_ROUTE_IDENTITY_0.1,H2018P6HIA,H2019P6HIA,6,Historia,4,138,https://historico.conaliteg.gob.mx/c/H2019P6HIA/004.jpg,885425c10f6bbf9b5227674aacc598b3666a76ee224b19f0a18c916741151367,103888,885425c10f6bbf9b5227674aacc598b3666a76ee224b19f0a18c916741151367,103888,200,image/jpeg,1,,1,1
LTMD_U1_W5_HISTORY_2018_2019_ROUTE_IDENTITY_0.1,H2018P6HIA,H2019P6HIA,6,Historia,5,138,https://historico.conaliteg.gob.mx/c/H2019P6HIA/005.jpg,d73f0c8e2208ebfe719e6af0ad1185cf720894d6231fb4d1d0b0d010397bf42a,98564,d73f0c8e2208ebfe719e6af0ad1185cf720894d6231fb4d1d0b0d010397bf42a,98564,200,image/jpeg,1,,1,1
LTMD_U1_W5_HISTORY_2018_2019_ROUTE_IDENTITY_0.1,H2018P6HIA,H2019P6HIA,6,Historia,6,138,https://historico.conaliteg.gob.mx/c/H2019P6HIA/006.jpg,eb58ac49c07b1ea7eaa95e8ba4b9c1980c350e97aac8803dbd50744661d4a81f,80234,eb58ac49c07b1ea7eaa95e8ba4b9c1980c350e97aac8803dbd50744661d4a81f,80234,200,image/jpeg,1,,1,1
LTMD_U1_W5_HISTORY_2018_2019_ROUTE_IDENTITY_0.1,H2018P6HIA,H2019P6HIA,6,Historia,7,138,https://historico.conaliteg.gob.mx/c/H2019P6HIA/007.jpg,18f209083aa70ce9aa24a95aa27a388d4833ecd0b612a80b36f6d3865ed773ec,150756,18f209083aa70ce9aa24a95aa27a388d4833ecd0b612a80b36f6d3865ed773ec,150756,200,image/jpeg,1,,1,1
LTMD_U1_W5_HISTORY_2018_2019_ROUTE_IDENTITY_0.1,H2018P6HIA,H2019P6HIA,6,Historia,8,138,https://historico.conaliteg.gob.mx/c/H2019P6HIA/008.jpg,4f0982976b091b7c789899ab5bd9f1ebe801340a660e103bb887d1667777d6ee,121295,4f0982976b091b7c789899ab5bd9f1ebe801340a660e103bb887d1667777d6ee,121295,200,image/jpeg,1,,1,1
LTMD_U1_W5_HISTORY_2018_2019_ROUTE_IDENTITY_0.1,H2018P6HIA,H2019P6HIA,6,Historia,9,138,https://historico.conaliteg.gob.mx/c/H2019P6HIA/009.jpg,f675b95d8fbf71a2bd761b7447a44b1beafc7dd9e26cf429afd941e37fa999cd,157523,f675b95d8fbf71a2bd761b7447a44b1beafc7dd9e26cf429afd941e37fa999cd,157523,200,image/jpeg,1,,1,1
LTMD_U1_W5_HISTORY_2018_2019_ROUTE_IDENTITY_0.1,H2018P6HIA,H2019P6HIA,6,Historia,10,138,https://historico.conaliteg.gob.mx/c/H2019P6HIA/010.jpg,3c9853143a21e9b3f623f4623315dff3a2e4cad026401ff6be176b39b53b2386,113177,3c9853143a21e9b3f623f4623315dff3a2e4cad026401ff6be176b39b53b2386,113177,200,image/jpeg,1,,1,1
LTMD_U1_W5_HISTORY_2018_2019_ROUTE_IDENTITY_0.1,H2018P6HIA,H2019P6HIA,6,Historia,11,138,https://historico.conaliteg.gob.mx/c/H2019P6HIA/011.jpg,8b483e81972ab7b4fc78d0cef8233d059194716c8a48bffdfd8eae26b43c7af6,103137,8b483e81972ab7b4fc78d0cef8233d059194716c8a48bffdfd8eae26b43c7af6,103137,200,image/jpeg,1,,1,1
LTMD_U1_W5_HISTORY_2018_2019_ROUTE_IDENTITY_0.1,H2018P6HIA,H2019P6HIA,6,Historia,12,138,https://historico.conaliteg.gob.mx/c/H2019P6HIA/012.jpg,92a97ee8d3d04e06fd2925f1a6c146678e89f606d9333bfe6bf92ce4877b7c30,123546,92a97ee8d3d04e06fd2925f1a6c146678e89f606d9333bfe6bf92ce4877b7c30,123546,200,image/jpeg,1,,1,1
LTMD_U1_W5_HISTORY_2018_2019_ROUTE_IDENTITY_0.1,H2018P6HIA,H2019P6HIA,6,Historia,13,138,https://historico.conaliteg.gob.mx/c/H2019P6HIA/013.jpg,fe4369d453fa2b7e4d197acd316dccbcd340b9edc3f28ca1f26d1b837b5b4985,76129,fe4369d453fa2b7e4d197acd316dccbcd340b9edc3f28ca1f26d1b837b5b4985,76129,200,image/jpeg,1,,1,1
LTMD_U1_W5_HISTORY_2018_2019_ROUTE_IDENTITY_0.1,H2018P6HIA,H2019P6HIA,6,Historia,14,138,https://historico.conaliteg.gob.mx/c/H2019P6HIA/014.jpg,badd56951538b2dfa1406bda8b49e1070583fca473d59b8aaa09c48cd3b2b7cc,79290,badd56951538b2dfa1406bda8b49e1070583fca473d59b8aaa09c48cd3b2b7cc,79290,200,image/jpeg,1,,1,1
LTMD_U1_W5_HISTORY_2018_2019_ROUTE_IDENTITY_0.1,H2018P6HIA,H2019P6HIA,6,Historia,15,138,https://historico.conaliteg.gob.mx/c/H2019P6HIA/015.jpg,5d0b0723738dfb481377b092d452714c521d14e5827a288c62e4620366d33ef2,124530,5d0b0723738dfb481377b092d452714c521d14e5827a288c62e4620366d33ef2,124530,200,image/jpeg,1,,1,1
LTMD_U1_W5_HISTORY_2018_2019_ROUTE_IDENTITY_0.1,H2018P6HIA,H2019P6HIA,6,Historia,16,138,https://historico.conaliteg.gob.mx/c/H2019P6HIA/016.jpg,6e3ee1e3b87ccfaf60f095d15c8c84861eaa810b24f1eb0cc189445f5f2dd26a,101119,6e3ee1e3b87ccfaf60f095d15c8c84861eaa810b24f1eb0cc189445f5f2dd26a,101119,200,image/jpeg,1,,1,1
LTMD_U1_W5_HISTORY_2018_2019_ROUTE_IDENTITY_0.1,H2018P6HIA,H2019P6HIA,6,Historia,17,138,https://historico.conaliteg.gob.mx/c/H2019P6HIA/017.jpg,1529404ff53519956c390b4b1cb8396167c72983e46c20715a0cb83e896fd61a,123428,1529404ff53519956c390b4b1cb8396167c72983e46c20715a0cb83e896fd61a,123428,200,image/jpeg,1,,1,1
LTMD_U1_W5_HISTORY_2018_2019_ROUTE_IDENTITY_0.1,H2018P6HIA,H2019P6HIA,6,Historia,18,138,https://historico.conaliteg.gob.mx/c/H2019P6HIA/018.jpg,d5839c15340bae0725744d4f38bf20a8efb6d2d9021ec84c9a18c477a1e8677c,122843,d5839c15340bae0725744d4f38bf20a8efb6d2d9021ec84c9a18c477a1e8677c,122843,200,image/jpeg,1,,1,1
LTMD_U1_W5_HISTORY_2018_2019_ROUTE_IDENTITY_0.1,H2018P6HIA,H2019P6HIA,6,Historia,19,138,https://historico.conaliteg.gob.mx/c/H2019P6HIA/019.jpg,367dc9a839db74cd5593e2c8a7bcd31d1db1648803052a6bc75e1e7bafc2a7f5,179191,367dc9a839db74cd5593e2c8a7bcd31d1db1648803052a6bc75e1e7bafc2a7f5,179191,200,image/jpeg,1,,1,1
LTMD_U1_W5_HISTORY_2018_2019_ROUTE_IDENTITY_0.1,H2018P6HIA,H2019P6HIA,6,Historia,20,138,https://historico.conaliteg.gob.mx/c/H2019P6HIA/020.jpg,df66dd1d50db9eae5872e66aea07ba255cdfa53ea59513aca8e853428cafa07a,167636,df66dd1d50db9eae5872e66aea07ba255cdfa53ea59513aca8e853428cafa07a,167636,200,image/jpeg,1,,1,1
LTMD_U1_W5_HISTORY_2018_2019_ROUTE_IDENTITY_0.1,H2018P6HIA,H2019P6HIA,6,Historia,21,138,https://historico.conaliteg.gob.mx/c/H2019P6HIA/021.jpg,c74d1a508463957f18822882c95252a15f012fc939fdf41db894a0c5d1c57187,184171,c74d1a508463957f18822882c95252a15f012fc939fdf41db894a0c5d1c57187,184171,200,image/jpeg,1,,1,1
LTMD_U1_W5_HISTORY_2018_2019_ROUTE_IDENTITY_0.1,H2018P6HIA,H2019P6HIA,6,Historia,22,138,https://historico.conaliteg.gob.mx/c/H2019P6HIA/022.jpg,62b0079cc4c5961a8876d7fd188de3c7b20a92a8787d8effac965e88ff862698,171513,62b0079cc4c5961a8876d7fd188de3c7b20a92a8787d8effac965e88ff862698,171513,200,image/jpeg,1,,1,1
LTMD_U1_W5_HISTORY_2018_2019_ROUTE_IDENTITY_0.1,H2018P6HIA,H2019P6HIA,6,Historia,23,138,https://historico.conaliteg.gob.mx/c/H2019P6HIA/023.jpg,f90d2b861fcd41b0cf11452667643508b7fa67d0d42d8c850a2d0518ae0a58fe,140753,f90d2b861fcd41b0cf11452667643508b7fa67d0d42d8c850a2d0518ae0a58fe,140753,200,image/jpeg,1,,1,1
LTMD_U1_W5_HISTORY_2018_2019_ROUTE_IDENTITY_0.1,H2018P6HIA,H2019P6HIA,6,Historia,24,138,https://historico.conaliteg.gob.mx/c/H2019P6HIA/024.jpg,b00635c3784731f834b0676ce2e5dbab3bba0c52db0bea758539127c3f29d1b8,163218,b00635c3784731f834b0676ce2e5dbab3bba0c52db0bea758539127c3f29d1b8,163218,200,image/jpeg,1,,1,1
LTMD_U1_W5_HISTORY_2018_2019_ROUTE_IDENTITY_0.1,H2018P6HIA,H2019P6HIA,6,Historia,25,138,https://historico.conaliteg.gob.mx/c/H2019P6HIA/025.jpg,7f59b3e02991ab8a515cfe16f527e04f9782d8697b400e263f2a84a5f051263d,107792,7f59b3e02991ab8a515cfe16f527e04f9782d8697b400e263f2a84a5f051263d,107792,200,image/jpeg,1,,1,1
LTMD_U1_W5_HISTORY_2018_2019_ROUTE_IDENTITY_0.1,H2018P6HIA,H2019P6HIA,6,Historia,26,138,https://historico.conaliteg.gob.mx/c/H2019P6HIA/026.jpg,71cdbec712d8e11e73bd5d2e64c1de973812f47e64b3f3e537b14d5ae2664ab7,164935,71cdbec712d8e11e73bd5d2e64c1de973812f47e64b3f3e537b14d5ae2664ab7,164935,200,image/jpeg,1,,1,1
LTMD_U1_W5_HISTORY_2018_2019_ROUTE_IDENTITY_0.1,H2018P6HIA,H2019P6HIA,6,Historia,27,138,https://historico.conaliteg.gob.mx/c/H2019P6HIA/027.jpg,8c7c9b0399e8b2cc906e91e1876f83b303460bdbf5e8ed7e641382865de3d281,205791,8c7c9b0399e8b2cc906e91e1876f83b303460bdbf5e8ed7e641382865de3d281,205791,200,image/jpeg,1,,1,1
LTMD_U1_W5_HISTORY_2018_2019_ROUTE_IDENTITY_0.1,H2018P6HIA,H2019P6HIA,6,Historia,28,138,https://historico.conaliteg.gob.mx/c/H2019P6HIA/028.jpg,98dca0373ed25b12c96487ac1479962e45c5bfca5efa498008ccb5350b1301c2,157195,98dca0373ed25b12c96487ac1479962e45c5bfca5efa498008ccb5350b1301c2,157195,200,image/jpeg,1,,1,1
LTMD_U1_W5_HISTORY_2018_2019_ROUTE_IDENTITY_0.1,H2018P6HIA,H2019P6HIA,6,Historia,29,138,https://historico.conaliteg.gob.mx/c/H2019P6HIA/029.jpg,feda9732b0fd5b0bb4f23b036d531b1a91516230dcd60e8eefe14ba934cf3db4,175904,feda9732b0fd5b0bb4f23b036d531b1a91516230dcd60e8eefe14ba934cf3db4,175904,200,image/jpeg,1,,1,1
LTMD_U1_W5_HISTORY_2018_2019_ROUTE_IDENTITY_0.1,H2018P6HIA,H2019P6HIA,6,Historia,30,138,https://historico.conaliteg.gob.mx/c/H2019P6HIA/030.jpg,ed48f3f8bba3ed36a186d2551c9876630fa2fe39ef846b5d27efc65585e2d98d,68688,ed48f3f8bba3ed36a186d2551c9876630fa2fe39ef846b5d27efc65585e2d98d,68688,200,image/jpeg,1,,1,1
LTMD_U1_W5_HISTORY_2018_2019_ROUTE_IDENTITY_0.1,H2018P6HIA,H2019P6HIA,6,Historia,31,138,https://historico.conaliteg.gob.mx/c/H2019P6HIA/031.jpg,47e59e47dbd115543cc5b405dcb5b499f10c783fa603886a81b6a8f759e49aff,78303,47e59e47dbd115543cc5b405dcb5b499f10c783fa603886a81b6a8f759e49aff,78303,200,image/jpeg,1,,1,1
LTMD_U1_W5_HISTORY_2018_2019_ROUTE_IDENTITY_0.1,H2018P6HIA,H2019P6HIA,6,Historia,32,138,https://historico.conaliteg.gob.mx/c/H2019P6HIA/032.jpg,e112933fe889abea8a2abb6dd760b4b0d13b69cbeb7e554f7664d654bd982612,147433,e112933fe889abea8a2abb6dd760b4b0d13b69cbeb7e554f7664d654bd982612,147433,200,image/jpeg,1,,1,1
LTMD_U1_W5_HISTORY_2018_2019_ROUTE_IDENTITY_0.1,H2018P6HIA,H2019P6HIA,6,Historia,33,138,https://historico.conaliteg.gob.mx/c/H2019P6HIA/033.jpg,1ad38fb281d732ba15be387d5efcaab851727810d343241d6ebb5608746503dc,143567,1ad38fb281d732ba15be387d5efcaab851727810d343241d6ebb5608746503dc,143567,200,image/jpeg,1,,1,1
LTMD_U1_W5_HISTORY_2018_2019_ROUTE_IDENTITY_0.1,H2018P6HIA,H2019P6HIA,6,Historia,34,138,https://historico.conaliteg.gob.mx/c/H2019P6HIA/034.jpg,b2409fe2769ff23fc753fc5a3a80c56fe80ecf9cdaf31a245291cb1f11e4f845,126257,b2409fe2769ff23fc753fc5a3a80c56fe80ecf9cdaf31a245291cb1f11e4f845,126257,200,image/jpeg,1,,1,1
LTMD_U1_W5_HISTORY_2018_2019_ROUTE_IDENTITY_0.1,H2018P6HIA,H2019P6HIA,6,Historia,35,138,https://historico.conaliteg.gob.mx/c/H2019P6HIA/035.jpg,90eed575dafdc6771ae4c523636c0bccae7042514ac6656dfa22d2761558e182,254842,90eed575dafdc6771ae4c523636c0bccae7042514ac6656dfa22d2761558e182,254842,200,image/jpeg,1,,1,1
LTMD_U1_W5_HISTORY_2018_2019_ROUTE_IDENTITY_0.1,H2018P6HIA,H2019P6HIA,6,Historia,36,138,https://historico.conaliteg.gob.mx/c/H2019P6HIA/036.jpg,e96e776c17f97cfa4adce30d9631bfb8ffa79971ef0ab3cf9c50f1cef5e0ff9d,122374,e96e776c17f97cfa4adce30d9631bfb8ffa79971ef0ab3cf9c50f1cef5e0ff9d,122374,200,image/jpeg,1,,1,1
LTMD_U1_W5_HISTORY_2018_2019_ROUTE_IDENTITY_0.1,H2018P6HIA,H2019P6HIA,6,Historia,37,138,https://historico.conaliteg.gob.mx/c/H2019P6HIA/037.jpg,b63260120dd47f54d01c8fbdc1376543775ed922a5eb5de3dce9f5bfa91ea62e,147604,b63260120dd47f54d01c8fbdc1376543775ed922a5eb5de3dce9f5bfa91ea62e,147604,200,image/jpeg,1,,1,1
LTMD_U1_W5_HISTORY_2018_2019_ROUTE_IDENTITY_0.1,H2018P6HIA,H2019P6HIA,6,Historia,38,138,https://historico.conaliteg.gob.mx/c/H2019P6HIA/038.jpg,16b1cdb343d76eb11985c1d8f8e73e6903182831e13d66523a31374a0522e5fa,162147,16b1cdb343d76eb11985c1d8f8e73e6903182831e13d66523a31374a0522e5fa,162147,200,image/jpeg,1,,1,1
LTMD_U1_W5_HISTORY_2018_2019_ROUTE_IDENTITY_0.1,H2018P6HIA,H2019P6HIA,6,Historia,39,138,https://historico.conaliteg.gob.mx/c/H2019P6HIA/039.jpg,5e0c90ed1867bef6826b645f2ac9c1305de148d02611ad7f3007a404d7031b70,89467,5e0c90ed1867bef6826b645f2ac9c1305de148d02611ad7f3007a404d7031b70,89467,200,image/jpeg,1,,1,1
LTMD_U1_W5_HISTORY_2018_2019_ROUTE_IDENTITY_0.1,H2018P6HIA,H2019P6HIA,6,Historia,40,138,https://historico.conaliteg.gob.mx/c/H2019P6HIA/040.jpg,eaffe7f68da2a7ceb37d0f747b5163a9769578bec37884e5715876e99ac28709,195809,eaffe7f68da2a7ceb37d0f747b5163a9769578bec37884e5715876e99ac28709,195809,200,image/jpeg,1,,1,1
LTMD_U1_W5_HISTORY_2018_2019_ROUTE_IDENTITY_0.1,H2018P6HIA,H2019P6HIA,6,Historia,41,138,https://historico.conaliteg.gob.mx/c/H2019P6HIA/041.jpg,83b2b129d244d5bd1c3ce9995c912c0bcf979341ab836592fbba1dc75bf140c0,199912,83b2b129d244d5bd1c3ce9995c912c0bcf979341ab836592fbba1dc75bf140c0,199912,200,image/jpeg,1,,1,1
LTMD_U1_W5_HISTORY_2018_2019_ROUTE_IDENTITY_0.1,H2018P6HIA,H2019P6HIA,6,Historia,42,138,https://historico.conaliteg.gob.mx/c/H2019P6HIA/042.jpg,5ce3fe74794696159fca715be076405a9c70b5c0a41efd613f26fccbf164b313,209312,5ce3fe74794696159fca715be076405a9c70b5c0a41efd613f26fccbf164b313,209312,200,image/jpeg,1,,1,1
LTMD_U1_W5_HISTORY_2018_2019_ROUTE_IDENTITY_0.1,H2018P6HIA,H2019P6HIA,6,Historia,43,138,https://historico.conaliteg.gob.mx/c/H2019P6HIA/043.jpg,df735734ed90e2065f5d669bbd3d75ba1ba5c84da7683a90c5e4a56a84edce13,199522,df735734ed90e2065f5d669bbd3d75ba1ba5c84da7683a90c5e4a56a84edce13,199522,200,image/jpeg,1,,1,1
LTMD_U1_W5_HISTORY_2018_2019_ROUTE_IDENTITY_0.1,H2018P6HIA,H2019P6HIA,6,Historia,44,138,https://historico.conaliteg.gob.mx/c/H2019P6HIA/044.jpg,46cb9f37e0cb4c727a1aa6712622ebed0f96e6a48d5562943fdc1016bd668a21,162870,46cb9f37e0cb4c727a1aa6712622ebed0f96e6a48d5562943fdc1016bd668a21,162870,200,image/jpeg,1,,1,1
LTMD_U1_W5_HISTORY_2018_2019_ROUTE_IDENTITY_0.1,H2018P6HIA,H2019P6HIA,6,Historia,45,138,https://historico.conaliteg.gob.mx/c/H2019P6HIA/045.jpg,a72d67949119d2d660bfef28a60b2a0596ead1ee95170206d14d2075b7b09b46,164231,a72d67949119d2d660bfef28a60b2a0596ead1ee95170206d14d2075b7b09b46,164231,200,image/jpeg,1,,1,1
LTMD_U1_W5_HISTORY_2018_2019_ROUTE_IDENTITY_0.1,H2018P6HIA,H2019P6HIA,6,Historia,46,138,https://historico.conaliteg.gob.mx/c/H2019P6HIA/046.jpg,b9d225c4f246168cf20288b2d12b3a6399c3e34e787fd4757821996bfee1af54,153739,b9d225c4f246168cf20288b2d12b3a6399c3e34e787fd4757821996bfee1af54,153739,200,image/jpeg,1,,1,1
LTMD_U1_W5_HISTORY_2018_2019_ROUTE_IDENTITY_0.1,H2018P6HIA,H2019P6HIA,6,Historia,47,138,https://historico.conaliteg.gob.mx/c/H2019P6HIA/047.jpg,8139bdced506a3abc4ae9d6cb5afaca614ee5b62c40c3b061b95f69df1954f8f,188317,8139bdced506a3abc4ae9d6cb5afaca614ee5b62c40c3b061b95f69df1954f8f,188317,200,image/jpeg,1,,1,1
LTMD_U1_W5_HISTORY_2018_2019_ROUTE_IDENTITY_0.1,H2018P6HIA,H2019P6HIA,6,Historia,48,138,https://historico.conaliteg.gob.mx/c/H2019P6HIA/048.jpg,9e2e4dd9dac3e5425e9f29c957afea6be6e17aa28e3b884c0383c9cb03cea2cf,169955,9e2e4dd9dac3e5425e9f29c957afea6be6e17aa28e3b884c0383c9cb03cea2cf,169955,200,image/jpeg,1,,1,1
LTMD_U1_W5_HISTORY_2018_2019_ROUTE_IDENTITY_0.1,H2018P6HIA,H2019P6HIA,6,Historia,49,138,https://historico.conaliteg.gob.mx/c/H2019P6HIA/049.jpg,b4582c2b30ed2e3a92e796139b0b05eb12ccf794b172b47a57a89571af41d4ab,183220,b4582c2b30ed2e3a92e796139b0b05eb12ccf794b172b47a57a89571af41d4ab,183220,200,image/jpeg,1,,1,1
LTMD_U1_W5_HISTORY_2018_2019_ROUTE_IDENTITY_0.1,H2018P6HIA,H2019P6HIA,6,Historia,50,138,https://historico.conaliteg.gob.mx/c/H2019P6HIA/050.jpg,7f5a40910c7dbd5201bf0d88f21de5fffb158bc11bc7aabe52def1c0ab80743e,163452,7f5a40910c7dbd5201bf0d88f21de5fffb158bc11bc7aabe52def1c0ab80743e,163452,200,image/jpeg,1,,1,1
LTMD_U1_W5_HISTORY_2018_2019_ROUTE_IDENTITY_0.1,H2018P6HIA,H2019P6HIA,6,Historia,51,138,https://historico.conaliteg.gob.mx/c/H2019P6HIA/051.jpg,5a174a42b59fdaaf890f2fe1f039a6e76e069018eb8844bf3aad277483044e16,140563,5a174a42b59fdaaf890f2fe1f039a6e76e069018eb8844bf3aad277483044e16,140563,200,image/jpeg,1,,1,1
LTMD_U1_W5_HISTORY_2018_2019_ROUTE_IDENTITY_0.1,H2018P6HIA,H2019P6HIA,6,Historia,52,138,https://historico.conaliteg.gob.mx/c/H2019P6HIA/052.jpg,89b5ea5d904fbc4499c7382cafe72e170bb95db13170416c72173355f6f6cfac,72423,89b5ea5d904fbc4499c7382cafe72e170bb95db13170416c72173355f6f6cfac,72423,200,image/jpeg,1,,1,1
LTMD_U1_W5_HISTORY_2018_2019_ROUTE_IDENTITY_0.1,H2018P6HIA,H2019P6HIA,6,Historia,53,138,https://historico.conaliteg.gob.mx/c/H2019P6HIA/053.jpg,e6560c7dee3673ad243b3536dda1ce9c688c2bb4f57f7bd0fbf87fae588b9bee,110688,e6560c7dee3673ad243b3536dda1ce9c688c2bb4f57f7bd0fbf87fae588b9bee,110688,200,image/jpeg,1,,1,1
LTMD_U1_W5_HISTORY_2018_2019_ROUTE_IDENTITY_0.1,H2018P6HIA,H2019P6HIA,6,Historia,54,138,https://historico.conaliteg.gob.mx/c/H2019P6HIA/054.jpg,1435db9bb786f90dba3d2c258bb754128fbfbef46afa1547d99cbdfb8f1470c4,112672,1435db9bb786f90dba3d2c258bb754128fbfbef46afa1547d99cbdfb8f1470c4,112672,200,image/jpeg,1,,1,1
LTMD_U1_W5_HISTORY_2018_2019_ROUTE_IDENTITY_0.1,H2018P6HIA,H2019P6HIA,6,Historia,55,138,https://historico.conaliteg.gob.mx/c/H2019P6HIA/055.jpg,74a08e3f74ca9e9dab830a6ea326b5ce4f3e0839630c0b2e59915b76c5bb12ae,131643,74a08e3f74ca9e9dab830a6ea326b5ce4f3e0839630c0b2e59915b76c5bb12ae,131643,200,image/jpeg,1,,1,1
LTMD_U1_W5_HISTORY_2018_2019_ROUTE_IDENTITY_0.1,H2018P6HIA,H2019P6HIA,6,Historia,56,138,https://historico.conaliteg.gob.mx/c/H2019P6HIA/056.jpg,b1ad3ba7bbb93a576b2b53c2243903e8b0f23b6aaea2b328988fee1c96ebff12,141592,b1ad3ba7bbb93a576b2b53c2243903e8b0f23b6aaea2b328988fee1c96ebff12,141592,200,image/jpeg,1,,1,1
LTMD_U1_W5_HISTORY_2018_2019_ROUTE_IDENTITY_0.1,H2018P6HIA,H2019P6HIA,6,Historia,57,138,https://historico.conaliteg.gob.mx/c/H2019P6HIA/057.jpg,9012d9962f7c102b326968baf01ca02d12e85a8b0f16443173db63a26f64da1a,82046,9012d9962f7c102b326968baf01ca02d12e85a8b0f16443173db63a26f64da1a,82046,200,image/jpeg,1,,1,1
LTMD_U1_W5_HISTORY_2018_2019_ROUTE_IDENTITY_0.1,H2018P6HIA,H2019P6HIA,6,Historia,58,138,https://historico.conaliteg.gob.mx/c/H2019P6HIA/058.jpg,81959e2683d5e34e1d2bf74b0df1e3ce53035e00ef6606e6ad8aea90c0ccf023,125645,81959e2683d5e34e1d2bf74b0df1e3ce53035e00ef6606e6ad8aea90c0ccf023,125645,200,image/jpeg,1,,1,1
LTMD_U1_W5_HISTORY_2018_2019_ROUTE_IDENTITY_0.1,H2018P6HIA,H2019P6HIA,6,Historia,59,138,https://historico.conaliteg.gob.mx/c/H2019P6HIA/059.jpg,8ba9497a43477f07efce3520f882fde1105699985e861cebb4c9a8e4513197a9,101486,8ba9497a43477f07efce3520f882fde1105699985e861cebb4c9a8e4513197a9,101486,200,image/jpeg,1,,1,1
LTMD_U1_W5_HISTORY_2018_2019_ROUTE_IDENTITY_0.1,H2018P6HIA,H2019P6HIA,6,Historia,60,138,https://historico.conaliteg.gob.mx/c/H2019P6HIA/060.jpg,692111ab41098adb9185ed8a00ae5ac538166cebe2b2382ed4dfe91d83dce604,119563,692111ab41098adb9185ed8a00ae5ac538166cebe2b2382ed4dfe91d83dce604,119563,200,image/jpeg,1,,1,1
LTMD_U1_W5_HISTORY_2018_2019_ROUTE_IDENTITY_0.1,H2018P6HIA,H2019P6HIA,6,Historia,61,138,https://historico.conaliteg.gob.mx/c/H2019P6HIA/061.jpg,8aa1c06fc8c4d6369c341a7990dbcd85be6e3d8c4cdf59c100ea927e7c648771,97573,8aa1c06fc8c4d6369c341a7990dbcd85be6e3d8c4cdf59c100ea927e7c648771,97573,200,image/jpeg,1,,1,1
LTMD_U1_W5_HISTORY_2018_2019_ROUTE_IDENTITY_0.1,H2018P6HIA,H2019P6HIA,6,Historia,62,138,https://historico.conaliteg.gob.mx/c/H2019P6HIA/062.jpg,2d12a85ec4557cfaed25ffa97bae1ca1ca13e296531674381c1c9f6857d4f2d4,158376,2d12a85ec4557cfaed25ffa97bae1ca1ca13e296531674381c1c9f6857d4f2d4,158376,200,image/jpeg,1,,1,1
LTMD_U1_W5_HISTORY_2018_2019_ROUTE_IDENTITY_0.1,H2018P6HIA,H2019P6HIA,6,Historia,63,138,https://historico.conaliteg.gob.mx/c/H2019P6HIA/063.jpg,1873453cf2d15de304a46a4db3f2f5511f36b9cbad52002a3ef3f98dbb5c8193,149710,1873453cf2d15de304a46a4db3f2f5511f36b9cbad52002a3ef3f98dbb5c8193,149710,200,image/jpeg,1,,1,1
LTMD_U1_W5_HISTORY_2018_2019_ROUTE_IDENTITY_0.1,H2018P6HIA,H2019P6HIA,6,Historia,64,138,https://historico.conaliteg.gob.mx/c/H2019P6HIA/064.jpg,ab30be3ade1ca0aa4852ee5ab40901008ac6993cb11a7b37f5733b8edb7861ba,174632,ab30be3ade1ca0aa4852ee5ab40901008ac6993cb11a7b37f5733b8edb7861ba,174632,200,image/jpeg,1,,1,1
LTMD_U1_W5_HISTORY_2018_2019_ROUTE_IDENTITY_0.1,H2018P6HIA,H2019P6HIA,6,Historia,65,138,https://historico.conaliteg.gob.mx/c/H2019P6HIA/065.jpg,0a4d1146405e7462f65b548008969bf394b087bc9f4391493168926ed669aa25,181875,0a4d1146405e7462f65b548008969bf394b087bc9f4391493168926ed669aa25,181875,200,image/jpeg,1,,1,1
LTMD_U1_W5_HISTORY_2018_2019_ROUTE_IDENTITY_0.1,H2018P6HIA,H2019P6HIA,6,Historia,66,138,https://historico.conaliteg.gob.mx/c/H2019P6HIA/066.jpg,da7e756ccb44591587346156efad39b0b7d2708000d5b5050e64ad6abae996e0,136628,da7e756ccb44591587346156efad39b0b7d2708000d5b5050e64ad6abae996e0,136628,200,image/jpeg,1,,1,1
LTMD_U1_W5_HISTORY_2018_2019_ROUTE_IDENTITY_0.1,H2018P6HIA,H2019P6HIA,6,Historia,67,138,https://historico.conaliteg.gob.mx/c/H2019P6HIA/067.jpg,62aa382bd907e90b082788fbb85203b4f4ef0895ae422b5e66ea11af0bb82673,194624,62aa382bd907e90b082788fbb85203b4f4ef0895ae422b5e66ea11af0bb82673,194624,200,image/jpeg,1,,1,1
LTMD_U1_W5_HISTORY_2018_2019_ROUTE_IDENTITY_0.1,H2018P6HIA,H2019P6HIA,6,Historia,68,138,https://historico.conaliteg.gob.mx/c/H2019P6HIA/068.jpg,fa7dc58e6ea504ee8e497517e67be96255e6db7e2fe22daf7f27f56dcf2f0d0a,195197,fa7dc58e6ea504ee8e497517e67be96255e6db7e2fe22daf7f27f56dcf2f0d0a,195197,200,image/jpeg,1,,1,1
LTMD_U1_W5_HISTORY_2018_2019_ROUTE_IDENTITY_0.1,H2018P6HIA,H2019P6HIA,6,Historia,69,138,https://historico.conaliteg.gob.mx/c/H2019P6HIA/069.jpg,ea892537d8ea9e1aabec661c680a266a0d8ea864a484dbdcdbf8325b4e09178c,169728,ea892537d8ea9e1aabec661c680a266a0d8ea864a484dbdcdbf8325b4e09178c,169728,200,image/jpeg,1,,1,1
LTMD_U1_W5_HISTORY_2018_2019_ROUTE_IDENTITY_0.1,H2018P6HIA,H2019P6HIA,6,Historia,70,138,https://historico.conaliteg.gob.mx/c/H2019P6HIA/070.jpg,a86496605f1ffa2e60511ea1d58bb4dae0e968eff647a6dae1c006223389b8c0,163049,a86496605f1ffa2e60511ea1d58bb4dae0e968eff647a6dae1c006223389b8c0,163049,200,image/jpeg,1,,1,1
LTMD_U1_W5_HISTORY_2018_2019_ROUTE_IDENTITY_0.1,H2018P6HIA,H2019P6HIA,6,Historia,71,138,https://historico.conaliteg.gob.mx/c/H2019P6HIA/071.jpg,cd17f8265da61bb825b08c0397cf1c203902d1c68faf0237aa14d8890664d35c,156474,cd17f8265da61bb825b08c0397cf1c203902d1c68faf0237aa14d8890664d35c,156474,200,image/jpeg,1,,1,1
LTMD_U1_W5_HISTORY_2018_2019_ROUTE_IDENTITY_0.1,H2018P6HIA,H2019P6HIA,6,Historia,72,138,https://historico.conaliteg.gob.mx/c/H2019P6HIA/072.jpg,a7cdd26adb6ecf2110b82cc2a0d876ec6dba153948a1fcac0c3877e38ff0cc62,159331,a7cdd26adb6ecf2110b82cc2a0d876ec6dba153948a1fcac0c3877e38ff0cc62,159331,200,image/jpeg,1,,1,1
LTMD_U1_W5_HISTORY_2018_2019_ROUTE_IDENTITY_0.1,H2018P6HIA,H2019P6HIA,6,Historia,73,138,https://historico.conaliteg.gob.mx/c/H2019P6HIA/073.jpg,560fd296e959769f47481a2dc1b3b4e621d7a62147e718cb677c6408798e1191,137133,560fd296e959769f47481a2dc1b3b4e621d7a62147e718cb677c6408798e1191,137133,200,image/jpeg,1,,1,1
LTMD_U1_W5_HISTORY_2018_2019_ROUTE_IDENTITY_0.1,H2018P6HIA,H2019P6HIA,6,Historia,74,138,https://historico.conaliteg.gob.mx/c/H2019P6HIA/074.jpg,a068c24df063fae66e9a903867c28f9735ef567c49d5ec69ba3358865c3adb45,145363,a068c24df063fae66e9a903867c28f9735ef567c49d5ec69ba3358865c3adb45,145363,200,image/jpeg,1,,1,1
LTMD_U1_W5_HISTORY_2018_2019_ROUTE_IDENTITY_0.1,H2018P6HIA,H2019P6HIA,6,Historia,75,138,https://historico.conaliteg.gob.mx/c/H2019P6HIA/075.jpg,c6e44c4cefa744e2decf6a6190799b570fc58ffd100df5fedca4594db8bec55d,143870,c6e44c4cefa744e2decf6a6190799b570fc58ffd100df5fedca4594db8bec55d,143870,200,image/jpeg,1,,1,1
LTMD_U1_W5_HISTORY_2018_2019_ROUTE_IDENTITY_0.1,H2018P6HIA,H2019P6HIA,6,Historia,76,138,https://historico.conaliteg.gob.mx/c/H2019P6HIA/076.jpg,21bfdf7b4ceb9d9f5d744d25ab36acd9e74bc365d47818e44c2990e971d538a2,73060,21bfdf7b4ceb9d9f5d744d25ab36acd9e74bc365d47818e44c2990e971d538a2,73060,200,image/jpeg,1,,1,1
LTMD_U1_W5_HISTORY_2018_2019_ROUTE_IDENTITY_0.1,H2018P6HIA,H2019P6HIA,6,Historia,77,138,https://historico.conaliteg.gob.mx/c/H2019P6HIA/077.jpg,19d29c0b94249e58c81429a9ac59c74ba1bbe3189a3ea6a4990ef8c963ba00ca,116148,19d29c0b94249e58c81429a9ac59c74ba1bbe3189a3ea6a4990ef8c963ba00ca,116148,200,image/jpeg,1,,1,1
LTMD_U1_W5_HISTORY_2018_2019_ROUTE_IDENTITY_0.1,H2018P6HIA,H2019P6HIA,6,Historia,78,138,https://historico.conaliteg.gob.mx/c/H2019P6HIA/078.jpg,371805e72333cf746afbbb07a6cd3505e6a639c30a1d8a0625e1d77ac3c3d656,84259,371805e72333cf746afbbb07a6cd3505e6a639c30a1d8a0625e1d77ac3c3d656,84259,200,image/jpeg,1,,1,1
LTMD_U1_W5_HISTORY_2018_2019_ROUTE_IDENTITY_0.1,H2018P6HIA,H2019P6HIA,6,Historia,79,138,https://historico.conaliteg.gob.mx/c/H2019P6HIA/079.jpg,a2430afaa8d78ff095d131175af37c94da8374ee7861588afd5bee631f677912,102282,a2430afaa8d78ff095d131175af37c94da8374ee7861588afd5bee631f677912,102282,200,image/jpeg,1,,1,1
LTMD_U1_W5_HISTORY_2018_2019_ROUTE_IDENTITY_0.1,H2018P6HIA,H2019P6HIA,6,Historia,80,138,https://historico.conaliteg.gob.mx/c/H2019P6HIA/080.jpg,3a74355e474d5e620b58d25b63dfb9df472be9298240fdc772e546ed0bf1726e,142093,3a74355e474d5e620b58d25b63dfb9df472be9298240fdc772e546ed0bf1726e,142093,200,image/jpeg,1,,1,1
LTMD_U1_W5_HISTORY_2018_2019_ROUTE_IDENTITY_0.1,H2018P6HIA,H2019P6HIA,6,Historia,81,138,https://historico.conaliteg.gob.mx/c/H2019P6HIA/081.jpg,bfd59cbc50fdcd7ae3662dc9222220ace449c1eb67cede023dacc59257373c07,192656,bfd59cbc50fdcd7ae3662dc9222220ace449c1eb67cede023dacc59257373c07,192656,200,image/jpeg,1,,1,1
LTMD_U1_W5_HISTORY_2018_2019_ROUTE_IDENTITY_0.1,H2018P6HIA,H2019P6HIA,6,Historia,82,138,https://historico.conaliteg.gob.mx/c/H2019P6HIA/082.jpg,ddf24ce03fd827c1ef0a8991e8439ed999fce9cad4121c59cff9eac2f76ec7b3,128296,ddf24ce03fd827c1ef0a8991e8439ed999fce9cad4121c59cff9eac2f76ec7b3,128296,200,image/jpeg,1,,1,1
LTMD_U1_W5_HISTORY_2018_2019_ROUTE_IDENTITY_0.1,H2018P6HIA,H2019P6HIA,6,Historia,83,138,https://historico.conaliteg.gob.mx/c/H2019P6HIA/083.jpg,8c9daf773f26dd2f21b889a45e166693dfe8cc0e9f610aa92f04f88608a90ed1,108615,8c9daf773f26dd2f21b889a45e166693dfe8cc0e9f610aa92f04f88608a90ed1,108615,200,image/jpeg,1,,1,1
LTMD_U1_W5_HISTORY_2018_2019_ROUTE_IDENTITY_0.1,H2018P6HIA,H2019P6HIA,6,Historia,84,138,https://historico.conaliteg.gob.mx/c/H2019P6HIA/084.jpg,95c3f90be7cea757e1d217b703b4fea8920c5ef162cd639c9b9819910b70b7f4,120793,95c3f90be7cea757e1d217b703b4fea8920c5ef162cd639c9b9819910b70b7f4,120793,200,image/jpeg,1,,1,1
LTMD_U1_W5_HISTORY_2018_2019_ROUTE_IDENTITY_0.1,H2018P6HIA,H2019P6HIA,6,Historia,85,138,https://historico.conaliteg.gob.mx/c/H2019P6HIA/085.jpg,0876a8674b2faf6dd56e7fb606ae0ab54f9479e9122e42a565bad835a80bf078,116784,0876a8674b2faf6dd56e7fb606ae0ab54f9479e9122e42a565bad835a80bf078,116784,200,image/jpeg,1,,1,1
LTMD_U1_W5_HISTORY_2018_2019_ROUTE_IDENTITY_0.1,H2018P6HIA,H2019P6HIA,6,Historia,86,138,https://historico.conaliteg.gob.mx/c/H2019P6HIA/086.jpg,1d6f22c42a8e1cdf90ff37c083932853fe4d485f3f1ca78766a24f058c971a97,204648,1d6f22c42a8e1cdf90ff37c083932853fe4d485f3f1ca78766a24f058c971a97,204648,200,image/jpeg,1,,1,1
LTMD_U1_W5_HISTORY_2018_2019_ROUTE_IDENTITY_0.1,H2018P6HIA,H2019P6HIA,6,Historia,87,138,https://historico.conaliteg.gob.mx/c/H2019P6HIA/087.jpg,b6b86bdec770ffbd21005343bb51b76eb9babe5fe393f2dd4d9c595961ffbbe7,159366,b6b86bdec770ffbd21005343bb51b76eb9babe5fe393f2dd4d9c595961ffbbe7,159366,200,image/jpeg,1,,1,1
LTMD_U1_W5_HISTORY_2018_2019_ROUTE_IDENTITY_0.1,H2018P6HIA,H2019P6HIA,6,Historia,88,138,https://historico.conaliteg.gob.mx/c/H2019P6HIA/088.jpg,8219af785aac2622b6be0f482fe1178a31809f42fb09c18833d9051288a69a2c,149055,8219af785aac2622b6be0f482fe1178a31809f42fb09c18833d9051288a69a2c,149055,200,image/jpeg,1,,1,1
LTMD_U1_W5_HISTORY_2018_2019_ROUTE_IDENTITY_0.1,H2018P6HIA,H2019P6HIA,6,Historia,89,138,https://historico.conaliteg.gob.mx/c/H2019P6HIA/089.jpg,f4eaf26a1c93c5e731c41e8c216eb7b2c7b0c5941cdce65d31d38806f2836469,140703,f4eaf26a1c93c5e731c41e8c216eb7b2c7b0c5941cdce65d31d38806f2836469,140703,200,image/jpeg,1,,1,1
LTMD_U1_W5_HISTORY_2018_2019_ROUTE_IDENTITY_0.1,H2018P6HIA,H2019P6HIA,6,Historia,90,138,https://historico.conaliteg.gob.mx/c/H2019P6HIA/090.jpg,c7892d16633a7da0ad55a64ad67858ff1fe2067d3c5fe6cd1980f01b713bb1b0,173386,c7892d16633a7da0ad55a64ad67858ff1fe2067d3c5fe6cd1980f01b713bb1b0,173386,200,image/jpeg,1,,1,1
LTMD_U1_W5_HISTORY_2018_2019_ROUTE_IDENTITY_0.1,H2018P6HIA,H2019P6HIA,6,Historia,91,138,https://historico.conaliteg.gob.mx/c/H2019P6HIA/091.jpg,2f7bd4e375b3152d69ad5964d69184c4598f15d6da9b6ec7ff83abb8448fa82d,154033,2f7bd4e375b3152d69ad5964d69184c4598f15d6da9b6ec7ff83abb8448fa82d,154033,200,image/jpeg,1,,1,1
LTMD_U1_W5_HISTORY_2018_2019_ROUTE_IDENTITY_0.1,H2018P6HIA,H2019P6HIA,6,Historia,92,138,https://historico.conaliteg.gob.mx/c/H2019P6HIA/092.jpg,84c6b5c470142dc914d5cf1f1616927f4fbc82a66ab90430a7856575f9e03539,223143,84c6b5c470142dc914d5cf1f1616927f4fbc82a66ab90430a7856575f9e03539,223143,200,image/jpeg,1,,1,1
LTMD_U1_W5_HISTORY_2018_2019_ROUTE_IDENTITY_0.1,H2018P6HIA,H2019P6HIA,6,Historia,93,138,https://historico.conaliteg.gob.mx/c/H2019P6HIA/093.jpg,0c9fd1255c18db8e73fc335ec309f07ef1726d13fbe68ae38e186189108e01fe,173750,0c9fd1255c18db8e73fc335ec309f07ef1726d13fbe68ae38e186189108e01fe,173750,200,image/jpeg,1,,1,1
LTMD_U1_W5_HISTORY_2018_2019_ROUTE_IDENTITY_0.1,H2018P6HIA,H2019P6HIA,6,Historia,94,138,https://historico.conaliteg.gob.mx/c/H2019P6HIA/094.jpg,6714a62d71c06e20feb25cd0df511cc142027a81f0577069dc41d743bd40ea01,149774,6714a62d71c06e20feb25cd0df511cc142027a81f0577069dc41d743bd40ea01,149774,200,image/jpeg,1,,1,1
LTMD_U1_W5_HISTORY_2018_2019_ROUTE_IDENTITY_0.1,H2018P6HIA,H2019P6HIA,6,Historia,95,138,https://historico.conaliteg.gob.mx/c/H2019P6HIA/095.jpg,34fe91d210fe11537795182341ac8029c3518732a78290bd3b8a83e0460de1a2,188804,34fe91d210fe11537795182341ac8029c3518732a78290bd3b8a83e0460de1a2,188804,200,image/jpeg,1,,1,1
LTMD_U1_W5_HISTORY_2018_2019_ROUTE_IDENTITY_0.1,H2018P6HIA,H2019P6HIA,6,Historia,96,138,https://historico.conaliteg.gob.mx/c/H2019P6HIA/096.jpg,786027c3a1243bcfdc48c8263e450a11c14cfe7cf8d631c217b12b6de4037b81,175295,786027c3a1243bcfdc48c8263e450a11c14cfe7cf8d631c217b12b6de4037b81,175295,200,image/jpeg,1,,1,1
LTMD_U1_W5_HISTORY_2018_2019_ROUTE_IDENTITY_0.1,H2018P6HIA,H2019P6HIA,6,Historia,97,138,https://historico.conaliteg.gob.mx/c/H2019P6HIA/097.jpg,cfba7177937995186cde4269a904146bd76d4bbadbd9a46b6f18c92750aeb336,187477,cfba7177937995186cde4269a904146bd76d4bbadbd9a46b6f18c92750aeb336,187477,200,image/jpeg,1,,1,1
LTMD_U1_W5_HISTORY_2018_2019_ROUTE_IDENTITY_0.1,H2018P6HIA,H2019P6HIA,6,Historia,98,138,https://historico.conaliteg.gob.mx/c/H2019P6HIA/098.jpg,8996d977d2f4b241cda1a39127153479eac307f5247a9d05be4722d50b0240c3,137443,8996d977d2f4b241cda1a39127153479eac307f5247a9d05be4722d50b0240c3,137443,200,image/jpeg,1,,1,1
LTMD_U1_W5_HISTORY_2018_2019_ROUTE_IDENTITY_0.1,H2018P6HIA,H2019P6HIA,6,Historia,99,138,https://historico.conaliteg.gob.mx/c/H2019P6HIA/099.jpg,ef1ba74373aabe174c052206691f91a0f556b02aa6aafffbddb345b20c482aa6,100920,ef1ba74373aabe174c052206691f91a0f556b02aa6aafffbddb345b20c482aa6,100920,200,image/jpeg,1,,1,1
LTMD_U1_W5_HISTORY_2018_2019_ROUTE_IDENTITY_0.1,H2018P6HIA,H2019P6HIA,6,Historia,100,138,https://historico.conaliteg.gob.mx/c/H2019P6HIA/100.jpg,110314bd952462b491b740fcb3779dc5664ce115a074c3273922e26b38ace9be,160115,110314bd952462b491b740fcb3779dc5664ce115a074c3273922e26b38ace9be,160115,200,image/jpeg,1,,1,1
LTMD_U1_W5_HISTORY_2018_2019_ROUTE_IDENTITY_0.1,H2018P6HIA,H2019P6HIA,6,Historia,101,138,https://historico.conaliteg.gob.mx/c/H2019P6HIA/101.jpg,90ffd91c915f9255caaf434a4282445fadc40594c22655290274c11fce48d66c,113172,90ffd91c915f9255caaf434a4282445fadc40594c22655290274c11fce48d66c,113172,200,image/jpeg,1,,1,1
LTMD_U1_W5_HISTORY_2018_2019_ROUTE_IDENTITY_0.1,H2018P6HIA,H2019P6HIA,6,Historia,102,138,https://historico.conaliteg.gob.mx/c/H2019P6HIA/102.jpg,255073a0955302001e2b4885692deee57c259b8c018b02bd3d4ffd6d3df3c075,166024,255073a0955302001e2b4885692deee57c259b8c018b02bd3d4ffd6d3df3c075,166024,200,image/jpeg,1,,1,1
LTMD_U1_W5_HISTORY_2018_2019_ROUTE_IDENTITY_0.1,H2018P6HIA,H2019P6HIA,6,Historia,103,138,https://historico.conaliteg.gob.mx/c/H2019P6HIA/103.jpg,877bb91560249495ef7b3a4d44d42a8d9a716f31356cba8613abb70108392b89,61901,877bb91560249495ef7b3a4d44d42a8d9a716f31356cba8613abb70108392b89,61901,200,image/jpeg,1,,1,1
LTMD_U1_W5_HISTORY_2018_2019_ROUTE_IDENTITY_0.1,H2018P6HIA,H2019P6HIA,6,Historia,104,138,https://historico.conaliteg.gob.mx/c/H2019P6HIA/104.jpg,1a2938fe20d0e0c6e5df272f436f9b31cc2a6d538efdfbbc2e87f26187468ed6,74180,1a2938fe20d0e0c6e5df272f436f9b31cc2a6d538efdfbbc2e87f26187468ed6,74180,200,image/jpeg,1,,1,1
LTMD_U1_W5_HISTORY_2018_2019_ROUTE_IDENTITY_0.1,H2018P6HIA,H2019P6HIA,6,Historia,105,138,https://historico.conaliteg.gob.mx/c/H2019P6HIA/105.jpg,26e11c5df9b8559f9aa8b202d290e1ed971b9574d285e8c41c5488ca180bae05,76039,26e11c5df9b8559f9aa8b202d290e1ed971b9574d285e8c41c5488ca180bae05,76039,200,image/jpeg,1,,1,1
LTMD_U1_W5_HISTORY_2018_2019_ROUTE_IDENTITY_0.1,H2018P6HIA,H2019P6HIA,6,Historia,106,138,https://historico.conaliteg.gob.mx/c/H2019P6HIA/106.jpg,a20504c8c86ecf473700ab5067c4f9479b89fe9b0df4507530f701a474b648fa,337547,a20504c8c86ecf473700ab5067c4f9479b89fe9b0df4507530f701a474b648fa,337547,200,image/jpeg,1,,1,1
LTMD_U1_W5_HISTORY_2018_2019_ROUTE_IDENTITY_0.1,H2018P6HIA,H2019P6HIA,6,Historia,107,138,https://historico.conaliteg.gob.mx/c/H2019P6HIA/107.jpg,6e7c111d0a3db675622e51fedd9444270dda0701480ffc4d628032e26366829a,356471,6e7c111d0a3db675622e51fedd9444270dda0701480ffc4d628032e26366829a,356471,200,image/jpeg,1,,1,1
LTMD_U1_W5_HISTORY_2018_2019_ROUTE_IDENTITY_0.1,H2018P6HIA,H2019P6HIA,6,Historia,108,138,https://historico.conaliteg.gob.mx/c/H2019P6HIA/108.jpg,6472fbd213152ad7ac02dfab33bcb2956bddaf607541e0b2d9a9f96c1e123c52,139974,6472fbd213152ad7ac02dfab33bcb2956bddaf607541e0b2d9a9f96c1e123c52,139974,200,image/jpeg,1,,1,1
LTMD_U1_W5_HISTORY_2018_2019_ROUTE_IDENTITY_0.1,H2018P6HIA,H2019P6HIA,6,Historia,109,138,https://historico.conaliteg.gob.mx/c/H2019P6HIA/109.jpg,29e36231e5c281da95ae023db6d08b4e9aee321e3899e01d429bf96fd6749ce3,131507,29e36231e5c281da95ae023db6d08b4e9aee321e3899e01d429bf96fd6749ce3,131507,200,image/jpeg,1,,1,1
LTMD_U1_W5_HISTORY_2018_2019_ROUTE_IDENTITY_0.1,H2018P6HIA,H2019P6HIA,6,Historia,110,138,https://historico.conaliteg.gob.mx/c/H2019P6HIA/110.jpg,5d7f2aea356c8a202e71acd1bb5d5f646705858525f320e1014ab0f20b49071e,104866,5d7f2aea356c8a202e71acd1bb5d5f646705858525f320e1014ab0f20b49071e,104866,200,image/jpeg,1,,1,1
LTMD_U1_W5_HISTORY_2018_2019_ROUTE_IDENTITY_0.1,H2018P6HIA,H2019P6HIA,6,Historia,111,138,https://historico.conaliteg.gob.mx/c/H2019P6HIA/111.jpg,cdc32b0adae718788fe506b6fae575fbb0190e580f6a93ef940affaecd29db00,136433,cdc32b0adae718788fe506b6fae575fbb0190e580f6a93ef940affaecd29db00,136433,200,image/jpeg,1,,1,1
LTMD_U1_W5_HISTORY_2018_2019_ROUTE_IDENTITY_0.1,H2018P6HIA,H2019P6HIA,6,Historia,112,138,https://historico.conaliteg.gob.mx/c/H2019P6HIA/112.jpg,c942b063c8c0b8604bb07b49bff8cb6d9ea5cedf4f519708ad960720a6327668,123006,c942b063c8c0b8604bb07b49bff8cb6d9ea5cedf4f519708ad960720a6327668,123006,200,image/jpeg,1,,1,1
LTMD_U1_W5_HISTORY_2018_2019_ROUTE_IDENTITY_0.1,H2018P6HIA,H2019P6HIA,6,Historia,113,138,https://historico.conaliteg.gob.mx/c/H2019P6HIA/113.jpg,9ae73a100d2d09046f778c6f31b3c380a19bca1157254afe5edc9321761a0d8b,141705,9ae73a100d2d09046f778c6f31b3c380a19bca1157254afe5edc9321761a0d8b,141705,200,image/jpeg,1,,1,1
LTMD_U1_W5_HISTORY_2018_2019_ROUTE_IDENTITY_0.1,H2018P6HIA,H2019P6HIA,6,Historia,114,138,https://historico.conaliteg.gob.mx/c/H2019P6HIA/114.jpg,1088c7eda28a71f1706f52b3d278a05dfd0c2617bbd12ace3b08a8ffc3ca99d5,122249,1088c7eda28a71f1706f52b3d278a05dfd0c2617bbd12ace3b08a8ffc3ca99d5,122249,200,image/jpeg,1,,1,1
LTMD_U1_W5_HISTORY_2018_2019_ROUTE_IDENTITY_0.1,H2018P6HIA,H2019P6HIA,6,Historia,115,138,https://historico.conaliteg.gob.mx/c/H2019P6HIA/115.jpg,f8ccf3ddfb1d21f89729e846c6c189797866e0949bd1d16f95be1335c8952c66,135215,f8ccf3ddfb1d21f89729e846c6c189797866e0949bd1d16f95be1335c8952c66,135215,200,image/jpeg,1,,1,1
LTMD_U1_W5_HISTORY_2018_2019_ROUTE_IDENTITY_0.1,H2018P6HIA,H2019P6HIA,6,Historia,116,138,https://historico.conaliteg.gob.mx/c/H2019P6HIA/116.jpg,d518047227fde8d67705cf7a014105a176216adf86cea7855bc6ef34d812687d,166186,d518047227fde8d67705cf7a014105a176216adf86cea7855bc6ef34d812687d,166186,200,image/jpeg,1,,1,1
LTMD_U1_W5_HISTORY_2018_2019_ROUTE_IDENTITY_0.1,H2018P6HIA,H2019P6HIA,6,Historia,117,138,https://historico.conaliteg.gob.mx/c/H2019P6HIA/117.jpg,063864d7aa838270260fa691ff6750453e29410a83e4be7f965a8f384b469961,173830,063864d7aa838270260fa691ff6750453e29410a83e4be7f965a8f384b469961,173830,200,image/jpeg,1,,1,1
LTMD_U1_W5_HISTORY_2018_2019_ROUTE_IDENTITY_0.1,H2018P6HIA,H2019P6HIA,6,Historia,118,138,https://historico.conaliteg.gob.mx/c/H2019P6HIA/118.jpg,addc1ced16bdaf6469db06d503d7e83731b7a19a6639ec729b3c54ee9658d599,177087,addc1ced16bdaf6469db06d503d7e83731b7a19a6639ec729b3c54ee9658d599,177087,200,image/jpeg,1,,1,1
LTMD_U1_W5_HISTORY_2018_2019_ROUTE_IDENTITY_0.1,H2018P6HIA,H2019P6HIA,6,Historia,119,138,https://historico.conaliteg.gob.mx/c/H2019P6HIA/119.jpg,1c55528e774902ffdc358909c2ec337c664e67598a3997ce64e754e707cbfb67,131398,1c55528e774902ffdc358909c2ec337c664e67598a3997ce64e754e707cbfb67,131398,200,image/jpeg,1,,1,1
LTMD_U1_W5_HISTORY_2018_2019_ROUTE_IDENTITY_0.1,H2018P6HIA,H2019P6HIA,6,Historia,120,138,https://historico.conaliteg.gob.mx/c/H2019P6HIA/120.jpg,f2354fe65890d0ee269d9e16bbe99aad5bf14efdbaf5b27fd56d4c5172a5d28b,161175,f2354fe65890d0ee269d9e16bbe99aad5bf14efdbaf5b27fd56d4c5172a5d28b,161175,200,image/jpeg,1,,1,1
LTMD_U1_W5_HISTORY_2018_2019_ROUTE_IDENTITY_0.1,H2018P6HIA,H2019P6HIA,6,Historia,121,138,https://historico.conaliteg.gob.mx/c/H2019P6HIA/121.jpg,d35efb1854330b4c437702df9e5e62685073b0230b53aa48235dd73be7543d81,131208,d35efb1854330b4c437702df9e5e62685073b0230b53aa48235dd73be7543d81,131208,200,image/jpeg,1,,1,1
LTMD_U1_W5_HISTORY_2018_2019_ROUTE_IDENTITY_0.1,H2018P6HIA,H2019P6HIA,6,Historia,122,138,https://historico.conaliteg.gob.mx/c/H2019P6HIA/122.jpg,7a2460710ad5db122d2af02dd936f8a5e66e4ccfffe4044b30fe5cf66edc7f1a,177968,7a2460710ad5db122d2af02dd936f8a5e66e4ccfffe4044b30fe5cf66edc7f1a,177968,200,image/jpeg,1,,1,1
LTMD_U1_W5_HISTORY_2018_2019_ROUTE_IDENTITY_0.1,H2018P6HIA,H2019P6HIA,6,Historia,123,138,https://historico.conaliteg.gob.mx/c/H2019P6HIA/123.jpg,d3600e2bd3812d2cf811c421f9b6aafe4dd650647c56a8e6a788b8b4ebc1f5cb,139310,d3600e2bd3812d2cf811c421f9b6aafe4dd650647c56a8e6a788b8b4ebc1f5cb,139310,200,image/jpeg,1,,1,1
LTMD_U1_W5_HISTORY_2018_2019_ROUTE_IDENTITY_0.1,H2018P6HIA,H2019P6HIA,6,Historia,124,138,https://historico.conaliteg.gob.mx/c/H2019P6HIA/124.jpg,93a03b6ec7652c008b7839a551f3cda751cde4e38037015a2e5aa84affb8c8c8,193284,93a03b6ec7652c008b7839a551f3cda751cde4e38037015a2e5aa84affb8c8c8,193284,200,image/jpeg,1,,1,1
LTMD_U1_W5_HISTORY_2018_2019_ROUTE_IDENTITY_0.1,H2018P6HIA,H2019P6HIA,6,Historia,125,138,https://historico.conaliteg.gob.mx/c/H2019P6HIA/125.jpg,6749cf453b180624d56dcb15bc9b3a1e8b6e6e7d2d7bcf4ba2fe4f27daf67abd,225656,6749cf453b180624d56dcb15bc9b3a1e8b6e6e7d2d7bcf4ba2fe4f27daf67abd,225656,200,image/jpeg,1,,1,1
LTMD_U1_W5_HISTORY_2018_2019_ROUTE_IDENTITY_0.1,H2018P6HIA,H2019P6HIA,6,Historia,126,138,https://historico.conaliteg.gob.mx/c/H2019P6HIA/126.jpg,e50ced48f8680b8d2f59fffe0fe49806d75a186206630c85923e8d1295e5435d,143317,e50ced48f8680b8d2f59fffe0fe49806d75a186206630c85923e8d1295e5435d,143317,200,image/jpeg,1,,1,1
LTMD_U1_W5_HISTORY_2018_2019_ROUTE_IDENTITY_0.1,H2018P6HIA,H2019P6HIA,6,Historia,127,138,https://historico.conaliteg.gob.mx/c/H2019P6HIA/127.jpg,2f26062f575f8585ea5dbfb3aa1cf7bd9c07d0bfe05004f54de15599f2c6db34,152866,2f26062f575f8585ea5dbfb3aa1cf7bd9c07d0bfe05004f54de15599f2c6db34,152866,200,image/jpeg,1,,1,1
LTMD_U1_W5_HISTORY_2018_2019_ROUTE_IDENTITY_0.1,H2018P6HIA,H2019P6HIA,6,Historia,128,138,https://historico.conaliteg.gob.mx/c/H2019P6HIA/128.jpg,af8f907c96a89d02ce44a5711d3feb044425aa6562523f4b3f20577a694b0eb3,121966,af8f907c96a89d02ce44a5711d3feb044425aa6562523f4b3f20577a694b0eb3,121966,200,image/jpeg,1,,1,1
LTMD_U1_W5_HISTORY_2018_2019_ROUTE_IDENTITY_0.1,H2018P6HIA,H2019P6HIA,6,Historia,129,138,https://historico.conaliteg.gob.mx/c/H2019P6HIA/129.jpg,c6461bd2716777fbf3ee3f91585fd2e56f31fcabfc87955623b27ad422f3aac2,162363,c6461bd2716777fbf3ee3f91585fd2e56f31fcabfc87955623b27ad422f3aac2,162363,200,image/jpeg,1,,1,1
LTMD_U1_W5_HISTORY_2018_2019_ROUTE_IDENTITY_0.1,H2018P6HIA,H2019P6HIA,6,Historia,130,138,https://historico.conaliteg.gob.mx/c/H2019P6HIA/130.jpg,c173b7d29c6e1e45f90075acfd8204c24af6b5c023b95149b6981ceb1beb9be1,142939,c173b7d29c6e1e45f90075acfd8204c24af6b5c023b95149b6981ceb1beb9be1,142939,200,image/jpeg,1,,1,1
LTMD_U1_W5_HISTORY_2018_2019_ROUTE_IDENTITY_0.1,H2018P6HIA,H2019P6HIA,6,Historia,131,138,https://historico.conaliteg.gob.mx/c/H2019P6HIA/131.jpg,34a41a5dc5e5eec6e6632f8208a7504a406efe21b4af0f3a63b8f982bd46d84e,72200,34a41a5dc5e5eec6e6632f8208a7504a406efe21b4af0f3a63b8f982bd46d84e,72200,200,image/jpeg,1,,1,1
LTMD_U1_W5_HISTORY_2018_2019_ROUTE_IDENTITY_0.1,H2018P6HIA,H2019P6HIA,6,Historia,132,138,https://historico.conaliteg.gob.mx/c/H2019P6HIA/132.jpg,6dd8dcde0c944ff00cf64ee5a6c45b0da6bf3d998cf46536b0f4be2746a5ba76,106594,6dd8dcde0c944ff00cf64ee5a6c45b0da6bf3d998cf46536b0f4be2746a5ba76,106594,200,image/jpeg,1,,1,1
LTMD_U1_W5_HISTORY_2018_2019_ROUTE_IDENTITY_0.1,H2018P6HIA,H2019P6HIA,6,Historia,133,138,https://historico.conaliteg.gob.mx/c/H2019P6HIA/133.jpg,41b9f2b488e0bd9622f49b99c476fd0a321b14d0f31320afd9606cabe688263a,299977,41b9f2b488e0bd9622f49b99c476fd0a321b14d0f31320afd9606cabe688263a,299977,200,image/jpeg,1,,1,1
LTMD_U1_W5_HISTORY_2018_2019_ROUTE_IDENTITY_0.1,H2018P6HIA,H2019P6HIA,6,Historia,134,138,https://historico.conaliteg.gob.mx/c/H2019P6HIA/134.jpg,c147714372e26e642c8609b2b89a1569bbed281a7a79026090a0ef9f5825ba2a,364319,c147714372e26e642c8609b2b89a1569bbed281a7a79026090a0ef9f5825ba2a,364319,200,image/jpeg,1,,1,1
LTMD_U1_W5_HISTORY_2018_2019_ROUTE_IDENTITY_0.1,H2018P6HIA,H2019P6HIA,6,Historia,135,138,https://historico.conaliteg.gob.mx/c/H2019P6HIA/135.jpg,56f29b2a98d4655e6c15aaebc09f1fcede584f361ab5d4d21820bd94c6bedaea,93265,56f29b2a98d4655e6c15aaebc09f1fcede584f361ab5d4d21820bd94c6bedaea,93265,200,image/jpeg,1,,1,1
LTMD_U1_W5_HISTORY_2018_2019_ROUTE_IDENTITY_0.1,H2018P6HIA,H2019P6HIA,6,Historia,136,138,https://historico.conaliteg.gob.mx/c/H2019P6HIA/136.jpg,58bcce9fb65a013b707b1add1ac11dcc9b2b8deeb02b968804e80994d09119ad,52464,58bcce9fb65a013b707b1add1ac11dcc9b2b8deeb02b968804e80994d09119ad,52464,200,image/jpeg,1,,1,1
LTMD_U1_W5_HISTORY_2018_2019_ROUTE_IDENTITY_0.1,H2018P6HIA,H2019P6HIA,6,Historia,137,138,https://historico.conaliteg.gob.mx/c/H2019P6HIA/137.jpg,011c2636ec9385af096f9a1f7a1ff121798f155e866bb5249e02accbdc614b90,71042,011c2636ec9385af096f9a1f7a1ff121798f155e866bb5249e02accbdc614b90,71042,200,image/jpeg,1,,1,1
