audit_version,viewer_key,book_id,catalog_generation,grade_code,title_core,viewer_page,declared_positions,source_image_index,source_asset_url,is_final_declared_position,asset_status,probe_state,http_status,content_type,byte_size,sha256,attempts,error
LTMD_U1_W2_MATH_ASSET_AUDIT_0.1,H2008P4MA276,U1-H2008P4MA276,2008,4,MATEMÁTICAS,1,209,0,https://historico.conaliteg.gob.mx/c/H2008P4MA276/000.jpg,0,source_jpeg,served_image,200,image/jpeg,218932,7f4b373edb0a05616e8b1d286c9b3d5e33fd8cddb9059938c1193a41a5e5a0c0,1,
LTMD_U1_W2_MATH_ASSET_AUDIT_0.1,H2008P4MA276,U1-H2008P4MA276,2008,4,MATEMÁTICAS,2,209,2,https://historico.conaliteg.gob.mx/c/H2008P4MA276/002.jpg,0,source_jpeg,served_image,200,image/jpeg,52303,2e64d15e70ca356cbfe5c7eb7b3044fe7ddd13c44893cc736cd003c6b149c90f,1,
LTMD_U1_W2_MATH_ASSET_AUDIT_0.1,H2008P4MA276,U1-H2008P4MA276,2008,4,MATEMÁTICAS,3,209,3,https://historico.conaliteg.gob.mx/c/H2008P4MA276/003.jpg,0,source_jpeg,served_image,200,image/jpeg,68595,85e5ebd10deb03b93b6eca04d31d9af2354ef511e6a9b58a756c3e47ed421d01,1,
LTMD_U1_W2_MATH_ASSET_AUDIT_0.1,H2008P4MA276,U1-H2008P4MA276,2008,4,MATEMÁTICAS,4,209,4,https://historico.conaliteg.gob.mx/c/H2008P4MA276/004.jpg,0,source_jpeg,served_image,200,image/jpeg,90666,c8cb6707f8b3c66e0960f48f8b29cc88693e90ef92283903b459f1d9f201f396,1,
LTMD_U1_W2_MATH_ASSET_AUDIT_0.1,H2008P4MA276,U1-H2008P4MA276,2008,4,MATEMÁTICAS,5,209,5,https://historico.conaliteg.gob.mx/c/H2008P4MA276/005.jpg,0,source_jpeg,served_image,200,image/jpeg,87641,15869b4ba202ed2bf0536aa3c23e05af3a8622d5d91a53cd8ba61e325642890e,1,
LTMD_U1_W2_MATH_ASSET_AUDIT_0.1,H2008P4MA276,U1-H2008P4MA276,2008,4,MATEMÁTICAS,6,209,6,https://historico.conaliteg.gob.mx/c/H2008P4MA276/006.jpg,0,source_jpeg,served_image,200,image/jpeg,87526,68ac7f6e20d39bc3a6f1817489ea875bc62161a5b760edd5815e66252d72e594,1,
LTMD_U1_W2_MATH_ASSET_AUDIT_0.1,H2008P4MA276,U1-H2008P4MA276,2008,4,MATEMÁTICAS,7,209,7,https://historico.conaliteg.gob.mx/c/H2008P4MA276/007.jpg,0,source_jpeg,served_image,200,image/jpeg,80089,4da04064f2db7c0e4c477cf4b622d7c2c5e648a18103b387b674a87ecf8ab36a,1,
LTMD_U1_W2_MATH_ASSET_AUDIT_0.1,H2008P4MA276,U1-H2008P4MA276,2008,4,MATEMÁTICAS,8,209,8,https://historico.conaliteg.gob.mx/c/H2008P4MA276/008.jpg,0,source_jpeg,served_image,200,image/jpeg,94347,c9b21b628625e0b2c5f2a585f34e306449758bc142170f0ffac29b8f4c95f15d,1,
LTMD_U1_W2_MATH_ASSET_AUDIT_0.1,H2008P4MA276,U1-H2008P4MA276,2008,4,MATEMÁTICAS,9,209,9,https://historico.conaliteg.gob.mx/c/H2008P4MA276/009.jpg,0,source_jpeg,served_image,200,image/jpeg,68077,58c22350ab1f79f1eaf911502600e04d3592eb71f46c638f8a2d5c9868efbc8f,1,
LTMD_U1_W2_MATH_ASSET_AUDIT_0.1,H2008P4MA276,U1-H2008P4MA276,2008,4,MATEMÁTICAS,10,209,10,https://historico.conaliteg.gob.mx/c/H2008P4MA276/010.jpg,0,source_jpeg,served_image,200,image/jpeg,72634,b97b51e5bc10bee7912bd0888f80112594b3d80c7073915f4a2166d98ce44c07,1,
LTMD_U1_W2_MATH_ASSET_AUDIT_0.1,H2008P4MA276,U1-H2008P4MA276,2008,4,MATEMÁTICAS,11,209,11,https://historico.conaliteg.gob.mx/c/H2008P4MA276/011.jpg,0,source_jpeg,served_image,200,image/jpeg,63511,4bb0fda247484f335269a69fe2cda2ce3661a5cc3decf06cae68b27480c311c2,1,
LTMD_U1_W2_MATH_ASSET_AUDIT_0.1,H2008P4MA276,U1-H2008P4MA276,2008,4,MATEMÁTICAS,12,209,12,https://historico.conaliteg.gob.mx/c/H2008P4MA276/012.jpg,0,source_jpeg,served_image,200,image/jpeg,60255,084b3c8923a35c11c1d3435fec0ee862f7e21b39b1e9979e4ff5c00d715c3379,1,
LTMD_U1_W2_MATH_ASSET_AUDIT_0.1,H2008P4MA276,U1-H2008P4MA276,2008,4,MATEMÁTICAS,13,209,13,https://historico.conaliteg.gob.mx/c/H2008P4MA276/013.jpg,0,source_jpeg,served_image,200,image/jpeg,63637,2b9d7f14af802de78642bc601a3356606a68d99682594254e73fde1df23c52b1,1,
LTMD_U1_W2_MATH_ASSET_AUDIT_0.1,H2008P4MA276,U1-H2008P4MA276,2008,4,MATEMÁTICAS,14,209,14,https://historico.conaliteg.gob.mx/c/H2008P4MA276/014.jpg,0,source_jpeg,served_image,200,image/jpeg,67410,a977da70f1611394c909f1795a6dd4a23a52c8559e94da901ffc29185d58003f,1,
LTMD_U1_W2_MATH_ASSET_AUDIT_0.1,H2008P4MA276,U1-H2008P4MA276,2008,4,MATEMÁTICAS,15,209,15,https://historico.conaliteg.gob.mx/c/H2008P4MA276/015.jpg,0,source_jpeg,served_image,200,image/jpeg,55627,de23627a9bf02c5fe87e7a528f8deb6e790aebaf326c8dd49487291d6c3aa8c1,1,
LTMD_U1_W2_MATH_ASSET_AUDIT_0.1,H2008P4MA276,U1-H2008P4MA276,2008,4,MATEMÁTICAS,16,209,16,https://historico.conaliteg.gob.mx/c/H2008P4MA276/016.jpg,0,source_jpeg,served_image,200,image/jpeg,69930,d55747e5c4f3413adcb377c941240d95e92b2fc1c5ad11e023c26be8132fa286,1,
LTMD_U1_W2_MATH_ASSET_AUDIT_0.1,H2008P4MA276,U1-H2008P4MA276,2008,4,MATEMÁTICAS,17,209,17,https://historico.conaliteg.gob.mx/c/H2008P4MA276/017.jpg,0,source_jpeg,served_image,200,image/jpeg,59738,3278e188b69b2cf0a961da8598ee389b8ffcc5bfc3122191a526e4b0240f8a85,1,
LTMD_U1_W2_MATH_ASSET_AUDIT_0.1,H2008P4MA276,U1-H2008P4MA276,2008,4,MATEMÁTICAS,18,209,18,https://historico.conaliteg.gob.mx/c/H2008P4MA276/018.jpg,0,source_jpeg,served_image,200,image/jpeg,74488,cc60669298e5bb4184ca083560637b88e84014b88c406e8a0d41f75c98cc5e4e,1,
LTMD_U1_W2_MATH_ASSET_AUDIT_0.1,H2008P4MA276,U1-H2008P4MA276,2008,4,MATEMÁTICAS,19,209,19,https://historico.conaliteg.gob.mx/c/H2008P4MA276/019.jpg,0,source_jpeg,served_image,200,image/jpeg,57741,8f3641f17428a1c02c5a23d0511eb5e60000db958d06fa708e4d1ca7d8bf9e43,1,
LTMD_U1_W2_MATH_ASSET_AUDIT_0.1,H2008P4MA276,U1-H2008P4MA276,2008,4,MATEMÁTICAS,20,209,20,https://historico.conaliteg.gob.mx/c/H2008P4MA276/020.jpg,0,source_jpeg,served_image,200,image/jpeg,77543,3317be78f2371faa4db280f80624cd5dcc9e97155620ae42b0bdc8f3ea6b95c5,1,
LTMD_U1_W2_MATH_ASSET_AUDIT_0.1,H2008P4MA276,U1-H2008P4MA276,2008,4,MATEMÁTICAS,21,209,21,https://historico.conaliteg.gob.mx/c/H2008P4MA276/021.jpg,0,source_jpeg,served_image,200,image/jpeg,61061,877ba5e46f3e156c81278b41def34773f5ac60ad67cbdfda2ab2ebc1f11bd65b,1,
LTMD_U1_W2_MATH_ASSET_AUDIT_0.1,H2008P4MA276,U1-H2008P4MA276,2008,4,MATEMÁTICAS,22,209,22,https://historico.conaliteg.gob.mx/c/H2008P4MA276/022.jpg,0,source_jpeg,served_image,200,image/jpeg,54622,967f738578a79c51061232602f46dc4b44196be006b0fc2c7cfd0f171462aa69,1,
LTMD_U1_W2_MATH_ASSET_AUDIT_0.1,H2008P4MA276,U1-H2008P4MA276,2008,4,MATEMÁTICAS,23,209,23,https://historico.conaliteg.gob.mx/c/H2008P4MA276/023.jpg,0,source_jpeg,served_image,200,image/jpeg,67771,b95d7d617e10525df47571c395b7816a5642d69792cecdd00f09e0c1d6f42c2f,1,
LTMD_U1_W2_MATH_ASSET_AUDIT_0.1,H2008P4MA276,U1-H2008P4MA276,2008,4,MATEMÁTICAS,24,209,24,https://historico.conaliteg.gob.mx/c/H2008P4MA276/024.jpg,0,source_jpeg,served_image,200,image/jpeg,90179,eea426cce6e64e7d021cbc2babe28a33cddc48b127bbe7a0d6ecd33efcbd56e1,1,
LTMD_U1_W2_MATH_ASSET_AUDIT_0.1,H2008P4MA276,U1-H2008P4MA276,2008,4,MATEMÁTICAS,25,209,25,https://historico.conaliteg.gob.mx/c/H2008P4MA276/025.jpg,0,source_jpeg,served_image,200,image/jpeg,70375,9192b55baa9b597ece2ff41ae54da8f3698649b1145c7d0a016c939de6225be9,1,
LTMD_U1_W2_MATH_ASSET_AUDIT_0.1,H2008P4MA276,U1-H2008P4MA276,2008,4,MATEMÁTICAS,26,209,26,https://historico.conaliteg.gob.mx/c/H2008P4MA276/026.jpg,0,source_jpeg,served_image,200,image/jpeg,75315,a29e5e770b311c52bcab31a1cafc4fc27cdaa3ce95196d63dcab393147f90ba2,1,
LTMD_U1_W2_MATH_ASSET_AUDIT_0.1,H2008P4MA276,U1-H2008P4MA276,2008,4,MATEMÁTICAS,27,209,27,https://historico.conaliteg.gob.mx/c/H2008P4MA276/027.jpg,0,source_jpeg,served_image,200,image/jpeg,65283,0fb9b86c3f0131e76f7670174aa38f9681825d59e332e55e540529012e476d94,1,
LTMD_U1_W2_MATH_ASSET_AUDIT_0.1,H2008P4MA276,U1-H2008P4MA276,2008,4,MATEMÁTICAS,28,209,28,https://historico.conaliteg.gob.mx/c/H2008P4MA276/028.jpg,0,source_jpeg,served_image,200,image/jpeg,83215,d1275e2e1e7b7d7e01e2c4e0057a84c9f8e0660c0d65b120ad3348619cb495b6,1,
LTMD_U1_W2_MATH_ASSET_AUDIT_0.1,H2008P4MA276,U1-H2008P4MA276,2008,4,MATEMÁTICAS,29,209,29,https://historico.conaliteg.gob.mx/c/H2008P4MA276/029.jpg,0,source_jpeg,served_image,200,image/jpeg,81698,efea03633c8d667437b0e966f330abd0d5e01dd37c25631c6521c70a36c27648,1,
LTMD_U1_W2_MATH_ASSET_AUDIT_0.1,H2008P4MA276,U1-H2008P4MA276,2008,4,MATEMÁTICAS,30,209,30,https://historico.conaliteg.gob.mx/c/H2008P4MA276/030.jpg,0,source_jpeg,served_image,200,image/jpeg,79363,c907837af369fb21781a20f5b4b0268359d55880a1d218bb4dbd1cafd2bdcd69,1,
LTMD_U1_W2_MATH_ASSET_AUDIT_0.1,H2008P4MA276,U1-H2008P4MA276,2008,4,MATEMÁTICAS,31,209,31,https://historico.conaliteg.gob.mx/c/H2008P4MA276/031.jpg,0,source_jpeg,served_image,200,image/jpeg,52865,2b38de92ef4fa0dcc8346c8aeab80c612221d91a76c49c8e4518c1647178b15a,1,
LTMD_U1_W2_MATH_ASSET_AUDIT_0.1,H2008P4MA276,U1-H2008P4MA276,2008,4,MATEMÁTICAS,32,209,32,https://historico.conaliteg.gob.mx/c/H2008P4MA276/032.jpg,0,source_jpeg,served_image,200,image/jpeg,72018,7926b60bdfb61796f60864b55eae78a22ea810afd17cb98e9a5f75d83f418e1e,1,
LTMD_U1_W2_MATH_ASSET_AUDIT_0.1,H2008P4MA276,U1-H2008P4MA276,2008,4,MATEMÁTICAS,33,209,33,https://historico.conaliteg.gob.mx/c/H2008P4MA276/033.jpg,0,source_jpeg,served_image,200,image/jpeg,64425,2d27b7482efda69e5b777d205676396844ce27d71d3eae9db465e22bc741d44a,1,
LTMD_U1_W2_MATH_ASSET_AUDIT_0.1,H2008P4MA276,U1-H2008P4MA276,2008,4,MATEMÁTICAS,34,209,34,https://historico.conaliteg.gob.mx/c/H2008P4MA276/034.jpg,0,source_jpeg,served_image,200,image/jpeg,81710,fc30010b3828b21c3f3f3355a022fc7129f68887d1a541327e89a365caf827ff,1,
LTMD_U1_W2_MATH_ASSET_AUDIT_0.1,H2008P4MA276,U1-H2008P4MA276,2008,4,MATEMÁTICAS,35,209,35,https://historico.conaliteg.gob.mx/c/H2008P4MA276/035.jpg,0,source_jpeg,served_image,200,image/jpeg,48021,72693d51c5a947687338503674bd1bb2f2d3c382b6842019b59dbd5013ccc387,1,
LTMD_U1_W2_MATH_ASSET_AUDIT_0.1,H2008P4MA276,U1-H2008P4MA276,2008,4,MATEMÁTICAS,36,209,36,https://historico.conaliteg.gob.mx/c/H2008P4MA276/036.jpg,0,source_jpeg,served_image,200,image/jpeg,80299,01e8dbef4fda54b10bbeecfc9f37374e3286f9ffe54fbcba7feaba011c9a3c77,1,
LTMD_U1_W2_MATH_ASSET_AUDIT_0.1,H2008P4MA276,U1-H2008P4MA276,2008,4,MATEMÁTICAS,37,209,37,https://historico.conaliteg.gob.mx/c/H2008P4MA276/037.jpg,0,source_jpeg,served_image,200,image/jpeg,69245,24ade3cef463c60d6b1c5e3d547830953f501063192ed95560f28a6abfb287fe,1,
LTMD_U1_W2_MATH_ASSET_AUDIT_0.1,H2008P4MA276,U1-H2008P4MA276,2008,4,MATEMÁTICAS,38,209,38,https://historico.conaliteg.gob.mx/c/H2008P4MA276/038.jpg,0,source_jpeg,served_image,200,image/jpeg,85996,d9d7836a5e735962e7adc0d58067951fefd70d91f9a1d5faea80bee982d4062d,1,
LTMD_U1_W2_MATH_ASSET_AUDIT_0.1,H2008P4MA276,U1-H2008P4MA276,2008,4,MATEMÁTICAS,39,209,39,https://historico.conaliteg.gob.mx/c/H2008P4MA276/039.jpg,0,source_jpeg,served_image,200,image/jpeg,55971,4a9fe35c7592768f8cfc0720c9901e12acfd791b5dbfa0ea86d59f36ddb7ce26,1,
LTMD_U1_W2_MATH_ASSET_AUDIT_0.1,H2008P4MA276,U1-H2008P4MA276,2008,4,MATEMÁTICAS,40,209,40,https://historico.conaliteg.gob.mx/c/H2008P4MA276/040.jpg,0,source_jpeg,served_image,200,image/jpeg,74806,f61ddc3b4c51f2c45a090441ef7fd0be8eb062a82aac721b44948e6698f609c8,1,
LTMD_U1_W2_MATH_ASSET_AUDIT_0.1,H2008P4MA276,U1-H2008P4MA276,2008,4,MATEMÁTICAS,41,209,41,https://historico.conaliteg.gob.mx/c/H2008P4MA276/041.jpg,0,source_jpeg,served_image,200,image/jpeg,85327,96c124b067f7e8c66aaa84d2d458e591c20ea5a81280967d8f3e9e2b061152e1,1,
LTMD_U1_W2_MATH_ASSET_AUDIT_0.1,H2008P4MA276,U1-H2008P4MA276,2008,4,MATEMÁTICAS,42,209,42,https://historico.conaliteg.gob.mx/c/H2008P4MA276/042.jpg,0,source_jpeg,served_image,200,image/jpeg,74503,44d8b80b4e9081f657fa5223833fb88a2b29e9be5a253eb0024966aff9fdc236,1,
LTMD_U1_W2_MATH_ASSET_AUDIT_0.1,H2008P4MA276,U1-H2008P4MA276,2008,4,MATEMÁTICAS,43,209,43,https://historico.conaliteg.gob.mx/c/H2008P4MA276/043.jpg,0,source_jpeg,served_image,200,image/jpeg,68504,52b5de60ee297e92d873f3cb2428e46648411cc3f1fb47729da438b02b91fb31,1,
LTMD_U1_W2_MATH_ASSET_AUDIT_0.1,H2008P4MA276,U1-H2008P4MA276,2008,4,MATEMÁTICAS,44,209,44,https://historico.conaliteg.gob.mx/c/H2008P4MA276/044.jpg,0,source_jpeg,served_image,200,image/jpeg,73852,39ba0cfe28af312a4aeb7643de89c9635058f0ce06d1db430e581ff303a4db13,1,
LTMD_U1_W2_MATH_ASSET_AUDIT_0.1,H2008P4MA276,U1-H2008P4MA276,2008,4,MATEMÁTICAS,45,209,45,https://historico.conaliteg.gob.mx/c/H2008P4MA276/045.jpg,0,source_jpeg,served_image,200,image/jpeg,55342,aeeea6e8cecca211d3e0d66a8a0a22f3eac34546bbd5b7be80ff92c42ba397a0,1,
LTMD_U1_W2_MATH_ASSET_AUDIT_0.1,H2008P4MA276,U1-H2008P4MA276,2008,4,MATEMÁTICAS,46,209,46,https://historico.conaliteg.gob.mx/c/H2008P4MA276/046.jpg,0,source_jpeg,served_image,200,image/jpeg,67198,31b24c326acb1d81e00a99647b1b22322bce174f6f0120035727c5fa6bd0d6f2,1,
LTMD_U1_W2_MATH_ASSET_AUDIT_0.1,H2008P4MA276,U1-H2008P4MA276,2008,4,MATEMÁTICAS,47,209,47,https://historico.conaliteg.gob.mx/c/H2008P4MA276/047.jpg,0,source_jpeg,served_image,200,image/jpeg,80516,8ae8635c340d647af7b550d22d748ff5259638650565ad9ae97c100ce3a6f9fa,1,
LTMD_U1_W2_MATH_ASSET_AUDIT_0.1,H2008P4MA276,U1-H2008P4MA276,2008,4,MATEMÁTICAS,48,209,48,https://historico.conaliteg.gob.mx/c/H2008P4MA276/048.jpg,0,source_jpeg,served_image,200,image/jpeg,73389,973cb64352837350b82945841b0f1d68461f62df0992315d25809ba94c59e73f,1,
LTMD_U1_W2_MATH_ASSET_AUDIT_0.1,H2008P4MA276,U1-H2008P4MA276,2008,4,MATEMÁTICAS,49,209,49,https://historico.conaliteg.gob.mx/c/H2008P4MA276/049.jpg,0,source_jpeg,served_image,200,image/jpeg,60839,419ca315b4285c38718465a45e2244f072d14cc691a2ef6f8a6979aeea991425,1,
LTMD_U1_W2_MATH_ASSET_AUDIT_0.1,H2008P4MA276,U1-H2008P4MA276,2008,4,MATEMÁTICAS,50,209,50,https://historico.conaliteg.gob.mx/c/H2008P4MA276/050.jpg,0,source_jpeg,served_image,200,image/jpeg,68798,7cc93ae8ff30ff7d1e31346b1fa64fc24493a7c56e56a1a7ff3460130c85e123,1,
LTMD_U1_W2_MATH_ASSET_AUDIT_0.1,H2008P4MA276,U1-H2008P4MA276,2008,4,MATEMÁTICAS,51,209,51,https://historico.conaliteg.gob.mx/c/H2008P4MA276/051.jpg,0,source_jpeg,served_image,200,image/jpeg,63732,8633a4511d362fa1721caed0c9cfc74e5a6956be715c384c1f74ae0676a27539,1,
LTMD_U1_W2_MATH_ASSET_AUDIT_0.1,H2008P4MA276,U1-H2008P4MA276,2008,4,MATEMÁTICAS,52,209,52,https://historico.conaliteg.gob.mx/c/H2008P4MA276/052.jpg,0,source_jpeg,served_image,200,image/jpeg,73062,17d6ee39aee0a4c1a077b5da8b810495ee94456a6dc9699026a0136d22c2d450,1,
LTMD_U1_W2_MATH_ASSET_AUDIT_0.1,H2008P4MA276,U1-H2008P4MA276,2008,4,MATEMÁTICAS,53,209,53,https://historico.conaliteg.gob.mx/c/H2008P4MA276/053.jpg,0,source_jpeg,served_image,200,image/jpeg,52868,103531482b276a129213b7e4b645d242cd58dcf6e82e6d0386413f98c6838c8f,1,
LTMD_U1_W2_MATH_ASSET_AUDIT_0.1,H2008P4MA276,U1-H2008P4MA276,2008,4,MATEMÁTICAS,54,209,54,https://historico.conaliteg.gob.mx/c/H2008P4MA276/054.jpg,0,source_jpeg,served_image,200,image/jpeg,68011,9e3cf19cf4e73e86091d8f0ef2d590e421bc4747421ea1d92adb5d35f8f80be3,1,
LTMD_U1_W2_MATH_ASSET_AUDIT_0.1,H2008P4MA276,U1-H2008P4MA276,2008,4,MATEMÁTICAS,55,209,55,https://historico.conaliteg.gob.mx/c/H2008P4MA276/055.jpg,0,source_jpeg,served_image,200,image/jpeg,49941,05ddac9564b7c4cdf12aca3a0b392c7d77f88d85151da7631d8153c0b1b18c90,1,
LTMD_U1_W2_MATH_ASSET_AUDIT_0.1,H2008P4MA276,U1-H2008P4MA276,2008,4,MATEMÁTICAS,56,209,56,https://historico.conaliteg.gob.mx/c/H2008P4MA276/056.jpg,0,source_jpeg,served_image,200,image/jpeg,81527,2251dfda69e814dde9a5c592469574af710dc0402f274e498bcd222bb6907139,1,
LTMD_U1_W2_MATH_ASSET_AUDIT_0.1,H2008P4MA276,U1-H2008P4MA276,2008,4,MATEMÁTICAS,57,209,57,https://historico.conaliteg.gob.mx/c/H2008P4MA276/057.jpg,0,source_jpeg,served_image,200,image/jpeg,62028,a451250d2a3eb5730c54c0207f34c548f336ae55021e3d1da7da7b777d5693eb,1,
LTMD_U1_W2_MATH_ASSET_AUDIT_0.1,H2008P4MA276,U1-H2008P4MA276,2008,4,MATEMÁTICAS,58,209,58,https://historico.conaliteg.gob.mx/c/H2008P4MA276/058.jpg,0,source_jpeg,served_image,200,image/jpeg,70787,101cb88da1dff4214bc2e4f85d7db6995a3aea602a3ae8c5f89776d79ee1bae8,1,
LTMD_U1_W2_MATH_ASSET_AUDIT_0.1,H2008P4MA276,U1-H2008P4MA276,2008,4,MATEMÁTICAS,59,209,59,https://historico.conaliteg.gob.mx/c/H2008P4MA276/059.jpg,0,source_jpeg,served_image,200,image/jpeg,65922,5c80ccb4f1487946c00574a69b4009e598db345be695ffede202d80d109af7a3,1,
LTMD_U1_W2_MATH_ASSET_AUDIT_0.1,H2008P4MA276,U1-H2008P4MA276,2008,4,MATEMÁTICAS,60,209,60,https://historico.conaliteg.gob.mx/c/H2008P4MA276/060.jpg,0,source_jpeg,served_image,200,image/jpeg,77009,1793920b7dcace21386fd943ee40c8711082e50ef0341aa55b2d2e2b4dbd3546,1,
LTMD_U1_W2_MATH_ASSET_AUDIT_0.1,H2008P4MA276,U1-H2008P4MA276,2008,4,MATEMÁTICAS,61,209,61,https://historico.conaliteg.gob.mx/c/H2008P4MA276/061.jpg,0,source_jpeg,served_image,200,image/jpeg,55999,8f1fb01708f5a7a1eddc1f557c540bc837542b0cc5e2595dfb1bf4050eaa40cd,1,
LTMD_U1_W2_MATH_ASSET_AUDIT_0.1,H2008P4MA276,U1-H2008P4MA276,2008,4,MATEMÁTICAS,62,209,62,https://historico.conaliteg.gob.mx/c/H2008P4MA276/062.jpg,0,source_jpeg,served_image,200,image/jpeg,73901,130ff5107dc4237abc159833f85d695d7ff74725b02df4cfa90d90aed4bdb909,1,
LTMD_U1_W2_MATH_ASSET_AUDIT_0.1,H2008P4MA276,U1-H2008P4MA276,2008,4,MATEMÁTICAS,63,209,63,https://historico.conaliteg.gob.mx/c/H2008P4MA276/063.jpg,0,source_jpeg,served_image,200,image/jpeg,68632,869f6a9542954d25f7c9a2a64c0208d346ae3d5e27e3a6a45faf1c1a4be2ae06,1,
LTMD_U1_W2_MATH_ASSET_AUDIT_0.1,H2008P4MA276,U1-H2008P4MA276,2008,4,MATEMÁTICAS,64,209,64,https://historico.conaliteg.gob.mx/c/H2008P4MA276/064.jpg,0,source_jpeg,served_image,200,image/jpeg,71881,8b1e59009baa6d688c76afa4bf5c3350ee591acfcd2c966530bd340286664073,1,
LTMD_U1_W2_MATH_ASSET_AUDIT_0.1,H2008P4MA276,U1-H2008P4MA276,2008,4,MATEMÁTICAS,65,209,65,https://historico.conaliteg.gob.mx/c/H2008P4MA276/065.jpg,0,source_jpeg,served_image,200,image/jpeg,57885,08377c5cf6454f0e11900866bdf965486a3747ec7a6e7c6abe25f656fe022b22,1,
LTMD_U1_W2_MATH_ASSET_AUDIT_0.1,H2008P4MA276,U1-H2008P4MA276,2008,4,MATEMÁTICAS,66,209,66,https://historico.conaliteg.gob.mx/c/H2008P4MA276/066.jpg,0,source_jpeg,served_image,200,image/jpeg,60518,95d581ecd92a372c05af8fb1211b2ae768ad679822d774262c7f9f0a51007a72,1,
LTMD_U1_W2_MATH_ASSET_AUDIT_0.1,H2008P4MA276,U1-H2008P4MA276,2008,4,MATEMÁTICAS,67,209,67,https://historico.conaliteg.gob.mx/c/H2008P4MA276/067.jpg,0,source_jpeg,served_image,200,image/jpeg,67395,eb8773ed33f9a325967ce410272e3582f1d5a5c82e33a7009108a2bc97392118,1,
LTMD_U1_W2_MATH_ASSET_AUDIT_0.1,H2008P4MA276,U1-H2008P4MA276,2008,4,MATEMÁTICAS,68,209,68,https://historico.conaliteg.gob.mx/c/H2008P4MA276/068.jpg,0,source_jpeg,served_image,200,image/jpeg,67171,f1e28534663786b26690cb1581131370b519751cff3fd7e5e75d394a0672ee8a,1,
LTMD_U1_W2_MATH_ASSET_AUDIT_0.1,H2008P4MA276,U1-H2008P4MA276,2008,4,MATEMÁTICAS,69,209,69,https://historico.conaliteg.gob.mx/c/H2008P4MA276/069.jpg,0,source_jpeg,served_image,200,image/jpeg,62679,6e2048d4a052d85269a3115982145fd4b1fa11ca928252be1115983a52558176,1,
LTMD_U1_W2_MATH_ASSET_AUDIT_0.1,H2008P4MA276,U1-H2008P4MA276,2008,4,MATEMÁTICAS,70,209,70,https://historico.conaliteg.gob.mx/c/H2008P4MA276/070.jpg,0,source_jpeg,served_image,200,image/jpeg,65084,a5ccf41c3c554921c45b57618386513811e4e7d46cfe69084357a8052aafc9cd,1,
LTMD_U1_W2_MATH_ASSET_AUDIT_0.1,H2008P4MA276,U1-H2008P4MA276,2008,4,MATEMÁTICAS,71,209,71,https://historico.conaliteg.gob.mx/c/H2008P4MA276/071.jpg,0,source_jpeg,served_image,200,image/jpeg,53959,633622e3375161cab83a6a93d03cb978aef85ec7f2cae88ae20cf84fb668300d,1,
LTMD_U1_W2_MATH_ASSET_AUDIT_0.1,H2008P4MA276,U1-H2008P4MA276,2008,4,MATEMÁTICAS,72,209,72,https://historico.conaliteg.gob.mx/c/H2008P4MA276/072.jpg,0,source_jpeg,served_image,200,image/jpeg,55003,f0c85563fd5e80de3ddbd21c00ebab8aaee7d5959a438aefd7db3a99731d2817,1,
LTMD_U1_W2_MATH_ASSET_AUDIT_0.1,H2008P4MA276,U1-H2008P4MA276,2008,4,MATEMÁTICAS,73,209,73,https://historico.conaliteg.gob.mx/c/H2008P4MA276/073.jpg,0,source_jpeg,served_image,200,image/jpeg,57794,f665765dfc2cf62d3acf69ac9583467026a6bfbc046bd008dbf7ecf4361f96f4,1,
LTMD_U1_W2_MATH_ASSET_AUDIT_0.1,H2008P4MA276,U1-H2008P4MA276,2008,4,MATEMÁTICAS,74,209,74,https://historico.conaliteg.gob.mx/c/H2008P4MA276/074.jpg,0,source_jpeg,served_image,200,image/jpeg,63127,dd62360857084f1d9cf7242629ffa75373c6581ff90b7d652d8f601e5a03587f,1,
LTMD_U1_W2_MATH_ASSET_AUDIT_0.1,H2008P4MA276,U1-H2008P4MA276,2008,4,MATEMÁTICAS,75,209,75,https://historico.conaliteg.gob.mx/c/H2008P4MA276/075.jpg,0,source_jpeg,served_image,200,image/jpeg,47676,a3819c87ff05f92acd316364f61440e59111b290c41b90e327e42b433faccc05,1,
LTMD_U1_W2_MATH_ASSET_AUDIT_0.1,H2008P4MA276,U1-H2008P4MA276,2008,4,MATEMÁTICAS,76,209,76,https://historico.conaliteg.gob.mx/c/H2008P4MA276/076.jpg,0,source_jpeg,served_image,200,image/jpeg,66012,d88eeb49119830836126506a56dfd980e59dd5adba3fef5ed1809ac9e110fe42,1,
LTMD_U1_W2_MATH_ASSET_AUDIT_0.1,H2008P4MA276,U1-H2008P4MA276,2008,4,MATEMÁTICAS,77,209,77,https://historico.conaliteg.gob.mx/c/H2008P4MA276/077.jpg,0,source_jpeg,served_image,200,image/jpeg,62178,be39c56064279ade6e9e9c770a8019bcbbc3df0ed27acd2637badbc0657452b5,1,
LTMD_U1_W2_MATH_ASSET_AUDIT_0.1,H2008P4MA276,U1-H2008P4MA276,2008,4,MATEMÁTICAS,78,209,78,https://historico.conaliteg.gob.mx/c/H2008P4MA276/078.jpg,0,source_jpeg,served_image,200,image/jpeg,62722,d6b1eca656df6c89b3720a95a0996e4cf74a0f527d5cd6b8f7eb541caf155f8c,1,
LTMD_U1_W2_MATH_ASSET_AUDIT_0.1,H2008P4MA276,U1-H2008P4MA276,2008,4,MATEMÁTICAS,79,209,79,https://historico.conaliteg.gob.mx/c/H2008P4MA276/079.jpg,0,source_jpeg,served_image,200,image/jpeg,50505,c00437475be0a434d2ecbc738cbe3d386714de9d26b97c8f262bf07d373d8234,1,
LTMD_U1_W2_MATH_ASSET_AUDIT_0.1,H2008P4MA276,U1-H2008P4MA276,2008,4,MATEMÁTICAS,80,209,80,https://historico.conaliteg.gob.mx/c/H2008P4MA276/080.jpg,0,source_jpeg,served_image,200,image/jpeg,49886,e7493d2637574a447946eee650ca055944e625c08261ab934e0721cd5ea906c6,1,
LTMD_U1_W2_MATH_ASSET_AUDIT_0.1,H2008P4MA276,U1-H2008P4MA276,2008,4,MATEMÁTICAS,81,209,81,https://historico.conaliteg.gob.mx/c/H2008P4MA276/081.jpg,0,source_jpeg,served_image,200,image/jpeg,55363,f99bd0392d727a29cea1dc640c09214aeb551aa55901fd85cb26edcad6051609,1,
LTMD_U1_W2_MATH_ASSET_AUDIT_0.1,H2008P4MA276,U1-H2008P4MA276,2008,4,MATEMÁTICAS,82,209,82,https://historico.conaliteg.gob.mx/c/H2008P4MA276/082.jpg,0,source_jpeg,served_image,200,image/jpeg,68070,18767822c4e4eb04d2605a74398eba1908cc257933d2256a7ddadcf9d4d3b714,1,
LTMD_U1_W2_MATH_ASSET_AUDIT_0.1,H2008P4MA276,U1-H2008P4MA276,2008,4,MATEMÁTICAS,83,209,83,https://historico.conaliteg.gob.mx/c/H2008P4MA276/083.jpg,0,source_jpeg,served_image,200,image/jpeg,67438,1caf4aec0b71f471bd7fb6d4477472ff35fa914dae8869b285dec48e9db1998f,1,
LTMD_U1_W2_MATH_ASSET_AUDIT_0.1,H2008P4MA276,U1-H2008P4MA276,2008,4,MATEMÁTICAS,84,209,84,https://historico.conaliteg.gob.mx/c/H2008P4MA276/084.jpg,0,source_jpeg,served_image,200,image/jpeg,54688,8e902589db29540c4680751824d1586c7cc8790ed0a7c53cb474f50465b6db43,1,
LTMD_U1_W2_MATH_ASSET_AUDIT_0.1,H2008P4MA276,U1-H2008P4MA276,2008,4,MATEMÁTICAS,85,209,85,https://historico.conaliteg.gob.mx/c/H2008P4MA276/085.jpg,0,source_jpeg,served_image,200,image/jpeg,56293,0cc2c284f5e378e526317168b42c5c791b7cf56c71c0703c62352c31ed3e72f4,1,
LTMD_U1_W2_MATH_ASSET_AUDIT_0.1,H2008P4MA276,U1-H2008P4MA276,2008,4,MATEMÁTICAS,86,209,86,https://historico.conaliteg.gob.mx/c/H2008P4MA276/086.jpg,0,internal_unserved,http_404,404,text/html; charset=iso-8859-1,,,1,HTTP 404
LTMD_U1_W2_MATH_ASSET_AUDIT_0.1,H2008P4MA276,U1-H2008P4MA276,2008,4,MATEMÁTICAS,87,209,87,https://historico.conaliteg.gob.mx/c/H2008P4MA276/087.jpg,0,source_jpeg,served_image,200,image/jpeg,58455,4d2fd088d40ccba3cdc5eb88c2580155bb240d42d2d05cda1bfec1edd8986964,1,
LTMD_U1_W2_MATH_ASSET_AUDIT_0.1,H2008P4MA276,U1-H2008P4MA276,2008,4,MATEMÁTICAS,88,209,88,https://historico.conaliteg.gob.mx/c/H2008P4MA276/088.jpg,0,source_jpeg,served_image,200,image/jpeg,67008,ecd8d41040c826b2d785d70235b4fcfb8e2185316e96e9805b43f4b42817900b,1,
LTMD_U1_W2_MATH_ASSET_AUDIT_0.1,H2008P4MA276,U1-H2008P4MA276,2008,4,MATEMÁTICAS,89,209,89,https://historico.conaliteg.gob.mx/c/H2008P4MA276/089.jpg,0,source_jpeg,served_image,200,image/jpeg,89844,5c5ab6b35619acc9d94477b79b5155f73ffad436bba1e286c956abe9f3b93ea0,1,
LTMD_U1_W2_MATH_ASSET_AUDIT_0.1,H2008P4MA276,U1-H2008P4MA276,2008,4,MATEMÁTICAS,90,209,90,https://historico.conaliteg.gob.mx/c/H2008P4MA276/090.jpg,0,source_jpeg,served_image,200,image/jpeg,77071,6c2575319dc537c6dbfb86d16c8cd358cc0c3624d0e07b513c6a8f4d49787259,1,
LTMD_U1_W2_MATH_ASSET_AUDIT_0.1,H2008P4MA276,U1-H2008P4MA276,2008,4,MATEMÁTICAS,91,209,91,https://historico.conaliteg.gob.mx/c/H2008P4MA276/091.jpg,0,source_jpeg,served_image,200,image/jpeg,62557,165b09842093568e2cdfa53b1130eb4d8c721ae249301406939d87d3068be049,1,
LTMD_U1_W2_MATH_ASSET_AUDIT_0.1,H2008P4MA276,U1-H2008P4MA276,2008,4,MATEMÁTICAS,92,209,92,https://historico.conaliteg.gob.mx/c/H2008P4MA276/092.jpg,0,source_jpeg,served_image,200,image/jpeg,72914,f48e4ea7d8c4bca2895ee8d0157288655e63c60e6a7e5e20e2e46332c3dfcfee,1,
LTMD_U1_W2_MATH_ASSET_AUDIT_0.1,H2008P4MA276,U1-H2008P4MA276,2008,4,MATEMÁTICAS,93,209,93,https://historico.conaliteg.gob.mx/c/H2008P4MA276/093.jpg,0,source_jpeg,served_image,200,image/jpeg,61719,ce25f9ff81e39d9b406a00461e3b8b1d8e07a1ccee3f1c21e0896ab6f937fb91,1,
LTMD_U1_W2_MATH_ASSET_AUDIT_0.1,H2008P4MA276,U1-H2008P4MA276,2008,4,MATEMÁTICAS,94,209,94,https://historico.conaliteg.gob.mx/c/H2008P4MA276/094.jpg,0,source_jpeg,served_image,200,image/jpeg,65885,f321aaa0bf6c2f0d01edbf07936dcb5729c2da9987a4d10292a55d03c6adfd15,1,
LTMD_U1_W2_MATH_ASSET_AUDIT_0.1,H2008P4MA276,U1-H2008P4MA276,2008,4,MATEMÁTICAS,95,209,95,https://historico.conaliteg.gob.mx/c/H2008P4MA276/095.jpg,0,source_jpeg,served_image,200,image/jpeg,59374,004187464f3665f874de04ef1b49f966d5c784c56c95d201ae81a39d1fb89cb7,1,
LTMD_U1_W2_MATH_ASSET_AUDIT_0.1,H2008P4MA276,U1-H2008P4MA276,2008,4,MATEMÁTICAS,96,209,96,https://historico.conaliteg.gob.mx/c/H2008P4MA276/096.jpg,0,source_jpeg,served_image,200,image/jpeg,68029,cc719a9677e0d411d3aafcbb024b4d27d6947bda89ec8f07d419a3a03ec5b049,1,
LTMD_U1_W2_MATH_ASSET_AUDIT_0.1,H2008P4MA276,U1-H2008P4MA276,2008,4,MATEMÁTICAS,97,209,97,https://historico.conaliteg.gob.mx/c/H2008P4MA276/097.jpg,0,source_jpeg,served_image,200,image/jpeg,60368,920ea3c67644421146cdca65adfa7ccaec6242e3b9b4c117154524486bb54bd4,1,
LTMD_U1_W2_MATH_ASSET_AUDIT_0.1,H2008P4MA276,U1-H2008P4MA276,2008,4,MATEMÁTICAS,98,209,98,https://historico.conaliteg.gob.mx/c/H2008P4MA276/098.jpg,0,source_jpeg,served_image,200,image/jpeg,81889,b8f486b8258687df13829885c8f8b8fa4750390b788841a4601c48198ea4d11f,1,
LTMD_U1_W2_MATH_ASSET_AUDIT_0.1,H2008P4MA276,U1-H2008P4MA276,2008,4,MATEMÁTICAS,99,209,99,https://historico.conaliteg.gob.mx/c/H2008P4MA276/099.jpg,0,source_jpeg,served_image,200,image/jpeg,61132,aa7acc224f3a57b6437b6b6e35a01f79b375da7ee9445f66e937b4225f2d3ffd,1,
LTMD_U1_W2_MATH_ASSET_AUDIT_0.1,H2008P4MA276,U1-H2008P4MA276,2008,4,MATEMÁTICAS,100,209,100,https://historico.conaliteg.gob.mx/c/H2008P4MA276/100.jpg,0,source_jpeg,served_image,200,image/jpeg,75189,0adcd019d87cd277c670f4953db81c7964321dd3d48fa1691966f09b2a4f8e1c,1,
LTMD_U1_W2_MATH_ASSET_AUDIT_0.1,H2008P4MA276,U1-H2008P4MA276,2008,4,MATEMÁTICAS,101,209,101,https://historico.conaliteg.gob.mx/c/H2008P4MA276/101.jpg,0,source_jpeg,served_image,200,image/jpeg,65714,150a4008111799e858d55ed9c9509ba31c27acd50f347bd79b552892f30b7da9,1,
LTMD_U1_W2_MATH_ASSET_AUDIT_0.1,H2008P4MA276,U1-H2008P4MA276,2008,4,MATEMÁTICAS,102,209,102,https://historico.conaliteg.gob.mx/c/H2008P4MA276/102.jpg,0,source_jpeg,served_image,200,image/jpeg,65221,fe04ca7cc0b9b6fb412406168e22098e6d90b5bae967ab5ac3f655dea928fd13,1,
LTMD_U1_W2_MATH_ASSET_AUDIT_0.1,H2008P4MA276,U1-H2008P4MA276,2008,4,MATEMÁTICAS,103,209,103,https://historico.conaliteg.gob.mx/c/H2008P4MA276/103.jpg,0,source_jpeg,served_image,200,image/jpeg,63777,adc8ba35a1f099151ffeb2a85ccbb28b0b211941e823e5a76537fad04f67a7d8,1,
LTMD_U1_W2_MATH_ASSET_AUDIT_0.1,H2008P4MA276,U1-H2008P4MA276,2008,4,MATEMÁTICAS,104,209,104,https://historico.conaliteg.gob.mx/c/H2008P4MA276/104.jpg,0,source_jpeg,served_image,200,image/jpeg,72633,d059eefc496b1bcd1c3ea27123a86ba85eeac13ae8c3b44210cdeb2d750cb7de,1,
LTMD_U1_W2_MATH_ASSET_AUDIT_0.1,H2008P4MA276,U1-H2008P4MA276,2008,4,MATEMÁTICAS,105,209,105,https://historico.conaliteg.gob.mx/c/H2008P4MA276/105.jpg,0,source_jpeg,served_image,200,image/jpeg,68519,1f945225f28e033f8343948a9eafce0a869e4bfc6123c73338067053e1b640a3,1,
LTMD_U1_W2_MATH_ASSET_AUDIT_0.1,H2008P4MA276,U1-H2008P4MA276,2008,4,MATEMÁTICAS,106,209,106,https://historico.conaliteg.gob.mx/c/H2008P4MA276/106.jpg,0,source_jpeg,served_image,200,image/jpeg,67073,f7d06448e743a633e66bfaf0b95d52c931b5cbe5524e2eeba90c624427b8c792,1,
LTMD_U1_W2_MATH_ASSET_AUDIT_0.1,H2008P4MA276,U1-H2008P4MA276,2008,4,MATEMÁTICAS,107,209,107,https://historico.conaliteg.gob.mx/c/H2008P4MA276/107.jpg,0,source_jpeg,served_image,200,image/jpeg,59760,b13f04969c391e9b68b367adb2ee88df9802bd0577f65e38371c6bd3e8d47496,1,
LTMD_U1_W2_MATH_ASSET_AUDIT_0.1,H2008P4MA276,U1-H2008P4MA276,2008,4,MATEMÁTICAS,108,209,108,https://historico.conaliteg.gob.mx/c/H2008P4MA276/108.jpg,0,source_jpeg,served_image,200,image/jpeg,65534,1f5ce4bfdf234479d6adf888bf51f540e8ca39b4e3aea89599fc15d2f22dc9f6,1,
LTMD_U1_W2_MATH_ASSET_AUDIT_0.1,H2008P4MA276,U1-H2008P4MA276,2008,4,MATEMÁTICAS,109,209,109,https://historico.conaliteg.gob.mx/c/H2008P4MA276/109.jpg,0,source_jpeg,served_image,200,image/jpeg,73726,37b9f1879eef68920b7dc4bad1dc2867abbc93561d7d4de141a4d6f673ea2f56,1,
LTMD_U1_W2_MATH_ASSET_AUDIT_0.1,H2008P4MA276,U1-H2008P4MA276,2008,4,MATEMÁTICAS,110,209,110,https://historico.conaliteg.gob.mx/c/H2008P4MA276/110.jpg,0,source_jpeg,served_image,200,image/jpeg,76037,514674e9fd16e82b2a76e79748acd4afadc1dd14974512019782ce32d7d5c417,1,
LTMD_U1_W2_MATH_ASSET_AUDIT_0.1,H2008P4MA276,U1-H2008P4MA276,2008,4,MATEMÁTICAS,111,209,111,https://historico.conaliteg.gob.mx/c/H2008P4MA276/111.jpg,0,source_jpeg,served_image,200,image/jpeg,66852,f3e3fa5e6a5623b4bf47f5c994710e9fca76f9a1909d84740a52582093bae7cd,1,
LTMD_U1_W2_MATH_ASSET_AUDIT_0.1,H2008P4MA276,U1-H2008P4MA276,2008,4,MATEMÁTICAS,112,209,112,https://historico.conaliteg.gob.mx/c/H2008P4MA276/112.jpg,0,source_jpeg,served_image,200,image/jpeg,73008,5739db6761e756ff1246a717157265d6ed77c9563d0874bd6cd5ff7e3b8abe07,1,
LTMD_U1_W2_MATH_ASSET_AUDIT_0.1,H2008P4MA276,U1-H2008P4MA276,2008,4,MATEMÁTICAS,113,209,113,https://historico.conaliteg.gob.mx/c/H2008P4MA276/113.jpg,0,source_jpeg,served_image,200,image/jpeg,48967,7f2e5f4606782bfe312c47910b357a556d0334ec31924b1bd01970f0c90b9dce,1,
LTMD_U1_W2_MATH_ASSET_AUDIT_0.1,H2008P4MA276,U1-H2008P4MA276,2008,4,MATEMÁTICAS,114,209,114,https://historico.conaliteg.gob.mx/c/H2008P4MA276/114.jpg,0,source_jpeg,served_image,200,image/jpeg,71082,e21ae43519cba822c10bab5a8983df0521011fabd2fa30bebb1ed9d071c194e0,1,
LTMD_U1_W2_MATH_ASSET_AUDIT_0.1,H2008P4MA276,U1-H2008P4MA276,2008,4,MATEMÁTICAS,115,209,115,https://historico.conaliteg.gob.mx/c/H2008P4MA276/115.jpg,0,source_jpeg,served_image,200,image/jpeg,60419,2ff2ed485ef926a197e4da58fbecf0c1f5696244faa7f140b1397995e020e03a,1,
LTMD_U1_W2_MATH_ASSET_AUDIT_0.1,H2008P4MA276,U1-H2008P4MA276,2008,4,MATEMÁTICAS,116,209,116,https://historico.conaliteg.gob.mx/c/H2008P4MA276/116.jpg,0,source_jpeg,served_image,200,image/jpeg,71359,b8b708bb2b2a352bc2f6f2ca5881cae56b7603532bbb5b2f1ad736fe644c2664,1,
LTMD_U1_W2_MATH_ASSET_AUDIT_0.1,H2008P4MA276,U1-H2008P4MA276,2008,4,MATEMÁTICAS,117,209,117,https://historico.conaliteg.gob.mx/c/H2008P4MA276/117.jpg,0,source_jpeg,served_image,200,image/jpeg,64681,d460f7ca767885b4c806469cd2b084611df17934a1d75931aaebf77d098a797a,1,
LTMD_U1_W2_MATH_ASSET_AUDIT_0.1,H2008P4MA276,U1-H2008P4MA276,2008,4,MATEMÁTICAS,118,209,118,https://historico.conaliteg.gob.mx/c/H2008P4MA276/118.jpg,0,source_jpeg,served_image,200,image/jpeg,65918,f19769c6249b308a3f6580f1dd1378deb13cf28cac36f20354371576a8cf9551,1,
LTMD_U1_W2_MATH_ASSET_AUDIT_0.1,H2008P4MA276,U1-H2008P4MA276,2008,4,MATEMÁTICAS,119,209,119,https://historico.conaliteg.gob.mx/c/H2008P4MA276/119.jpg,0,source_jpeg,served_image,200,image/jpeg,68249,88486c1d322cbf382fefd3ffb1916891fca611b7d2abc6f54d38822a69a22e69,1,
LTMD_U1_W2_MATH_ASSET_AUDIT_0.1,H2008P4MA276,U1-H2008P4MA276,2008,4,MATEMÁTICAS,120,209,120,https://historico.conaliteg.gob.mx/c/H2008P4MA276/120.jpg,0,source_jpeg,served_image,200,image/jpeg,55144,92878bd685ac3e81ec58eba9bd016e32f450b361300af0268ca90b7a367555d9,1,
LTMD_U1_W2_MATH_ASSET_AUDIT_0.1,H2008P4MA276,U1-H2008P4MA276,2008,4,MATEMÁTICAS,121,209,121,https://historico.conaliteg.gob.mx/c/H2008P4MA276/121.jpg,0,source_jpeg,served_image,200,image/jpeg,60479,2d6b5b8aa8e841e6ebf27dd6a280673481f2a0a9ad3a3049e8aae3151a5d2af1,1,
LTMD_U1_W2_MATH_ASSET_AUDIT_0.1,H2008P4MA276,U1-H2008P4MA276,2008,4,MATEMÁTICAS,122,209,122,https://historico.conaliteg.gob.mx/c/H2008P4MA276/122.jpg,0,source_jpeg,served_image,200,image/jpeg,70570,fc251298a41e94223b18209a5b7f2b267e89c05cd27781539ab6bd12164e1d42,1,
LTMD_U1_W2_MATH_ASSET_AUDIT_0.1,H2008P4MA276,U1-H2008P4MA276,2008,4,MATEMÁTICAS,123,209,123,https://historico.conaliteg.gob.mx/c/H2008P4MA276/123.jpg,0,source_jpeg,served_image,200,image/jpeg,67304,5378b4ed76ea85c861514cd5f611550555cb11132e548ed0376d5eb21ebae19e,1,
LTMD_U1_W2_MATH_ASSET_AUDIT_0.1,H2008P4MA276,U1-H2008P4MA276,2008,4,MATEMÁTICAS,124,209,124,https://historico.conaliteg.gob.mx/c/H2008P4MA276/124.jpg,0,source_jpeg,served_image,200,image/jpeg,60945,0d8100e7cf11fdffe400ca900df38fe4b8a2889265a4c0470e58effb71297fea,1,
LTMD_U1_W2_MATH_ASSET_AUDIT_0.1,H2008P4MA276,U1-H2008P4MA276,2008,4,MATEMÁTICAS,125,209,125,https://historico.conaliteg.gob.mx/c/H2008P4MA276/125.jpg,0,source_jpeg,served_image,200,image/jpeg,50221,44ef68d13be4cb4d1f935d9d7487146ba7a40559b2f55d67c99e528bfaa47af5,1,
LTMD_U1_W2_MATH_ASSET_AUDIT_0.1,H2008P4MA276,U1-H2008P4MA276,2008,4,MATEMÁTICAS,126,209,126,https://historico.conaliteg.gob.mx/c/H2008P4MA276/126.jpg,0,source_jpeg,served_image,200,image/jpeg,55276,679edd982a21aaf94aeb5f46110c05ff0fb9ffa0828dd7325fd6515f1380e09c,1,
LTMD_U1_W2_MATH_ASSET_AUDIT_0.1,H2008P4MA276,U1-H2008P4MA276,2008,4,MATEMÁTICAS,127,209,127,https://historico.conaliteg.gob.mx/c/H2008P4MA276/127.jpg,0,source_jpeg,served_image,200,image/jpeg,75257,9cf58af6e00d96f51d882dcf968562df0a3c60dc90832ef80b8652f65cae1131,1,
LTMD_U1_W2_MATH_ASSET_AUDIT_0.1,H2008P4MA276,U1-H2008P4MA276,2008,4,MATEMÁTICAS,128,209,128,https://historico.conaliteg.gob.mx/c/H2008P4MA276/128.jpg,0,source_jpeg,served_image,200,image/jpeg,66656,b70088b557a56dc44fbef68950e90275d614e9ad45cc717b8afdcbf9717d1308,1,
LTMD_U1_W2_MATH_ASSET_AUDIT_0.1,H2008P4MA276,U1-H2008P4MA276,2008,4,MATEMÁTICAS,129,209,129,https://historico.conaliteg.gob.mx/c/H2008P4MA276/129.jpg,0,source_jpeg,served_image,200,image/jpeg,63722,06fd74211470fc4eb9bf8e6820917112bcf3716090f96a23fdf28ae0eb78916c,1,
LTMD_U1_W2_MATH_ASSET_AUDIT_0.1,H2008P4MA276,U1-H2008P4MA276,2008,4,MATEMÁTICAS,130,209,130,https://historico.conaliteg.gob.mx/c/H2008P4MA276/130.jpg,0,source_jpeg,served_image,200,image/jpeg,58661,1048f829eecb2293b7bc80b6513061ee9bf91de5ef0c69a807ef079f6893268c,1,
LTMD_U1_W2_MATH_ASSET_AUDIT_0.1,H2008P4MA276,U1-H2008P4MA276,2008,4,MATEMÁTICAS,131,209,131,https://historico.conaliteg.gob.mx/c/H2008P4MA276/131.jpg,0,source_jpeg,served_image,200,image/jpeg,56650,9e1c58bb1e59a0efe5cf4488a7b9d1b4396b7296f327e74454265a2693e955d5,1,
LTMD_U1_W2_MATH_ASSET_AUDIT_0.1,H2008P4MA276,U1-H2008P4MA276,2008,4,MATEMÁTICAS,132,209,132,https://historico.conaliteg.gob.mx/c/H2008P4MA276/132.jpg,0,source_jpeg,served_image,200,image/jpeg,68278,2196b9b1dbd86c378094124a0b5e86d3d66b1535f9ee07197b1acfad0f82175f,1,
LTMD_U1_W2_MATH_ASSET_AUDIT_0.1,H2008P4MA276,U1-H2008P4MA276,2008,4,MATEMÁTICAS,133,209,133,https://historico.conaliteg.gob.mx/c/H2008P4MA276/133.jpg,0,source_jpeg,served_image,200,image/jpeg,59615,45c566c44fa2f348f4d3077b4321f54197f21227eba432f9f3b9423df8ef1607,1,
LTMD_U1_W2_MATH_ASSET_AUDIT_0.1,H2008P4MA276,U1-H2008P4MA276,2008,4,MATEMÁTICAS,134,209,134,https://historico.conaliteg.gob.mx/c/H2008P4MA276/134.jpg,0,source_jpeg,served_image,200,image/jpeg,62262,e3a6ef6f2c4ee7730c74e656453e77e2eca044e6a85c99e3c1d9358faa3be44e,1,
LTMD_U1_W2_MATH_ASSET_AUDIT_0.1,H2008P4MA276,U1-H2008P4MA276,2008,4,MATEMÁTICAS,135,209,135,https://historico.conaliteg.gob.mx/c/H2008P4MA276/135.jpg,0,source_jpeg,served_image,200,image/jpeg,54826,3ea463f51a715a131f16dc02e5f03f58d5144599e49be8b41bdc1518e22500fb,1,
LTMD_U1_W2_MATH_ASSET_AUDIT_0.1,H2008P4MA276,U1-H2008P4MA276,2008,4,MATEMÁTICAS,136,209,136,https://historico.conaliteg.gob.mx/c/H2008P4MA276/136.jpg,0,source_jpeg,served_image,200,image/jpeg,66292,70b585dd13078b79f7ac5dc3ab500852a1a47cfe01fb8ef251686c711ef3154d,1,
LTMD_U1_W2_MATH_ASSET_AUDIT_0.1,H2008P4MA276,U1-H2008P4MA276,2008,4,MATEMÁTICAS,137,209,137,https://historico.conaliteg.gob.mx/c/H2008P4MA276/137.jpg,0,source_jpeg,served_image,200,image/jpeg,59189,e470c8b27b09b2d05e56a20a0e9b2844fb4ab3201160705f81c22c02a0c851b7,1,
LTMD_U1_W2_MATH_ASSET_AUDIT_0.1,H2008P4MA276,U1-H2008P4MA276,2008,4,MATEMÁTICAS,138,209,138,https://historico.conaliteg.gob.mx/c/H2008P4MA276/138.jpg,0,source_jpeg,served_image,200,image/jpeg,58810,87b37788709ae535aae3092f2dd97d42be4c321dc3dcddf19d3689ee64129a9d,1,
LTMD_U1_W2_MATH_ASSET_AUDIT_0.1,H2008P4MA276,U1-H2008P4MA276,2008,4,MATEMÁTICAS,139,209,139,https://historico.conaliteg.gob.mx/c/H2008P4MA276/139.jpg,0,source_jpeg,served_image,200,image/jpeg,49577,b671ab564b633612d419698d510b5d7972bface4cacd881457192dcbab58306b,1,
LTMD_U1_W2_MATH_ASSET_AUDIT_0.1,H2008P4MA276,U1-H2008P4MA276,2008,4,MATEMÁTICAS,140,209,140,https://historico.conaliteg.gob.mx/c/H2008P4MA276/140.jpg,0,source_jpeg,served_image,200,image/jpeg,72219,75297a1cc01cbbde07d34e9674e308a762dfbce81b97f319c7a8afd0b8adaa64,1,
LTMD_U1_W2_MATH_ASSET_AUDIT_0.1,H2008P4MA276,U1-H2008P4MA276,2008,4,MATEMÁTICAS,141,209,141,https://historico.conaliteg.gob.mx/c/H2008P4MA276/141.jpg,0,source_jpeg,served_image,200,image/jpeg,58880,df25eeafeb879bbf833ef96337807338cfd6d7dbc0b4c9d86f4487abada1dfcd,1,
LTMD_U1_W2_MATH_ASSET_AUDIT_0.1,H2008P4MA276,U1-H2008P4MA276,2008,4,MATEMÁTICAS,142,209,142,https://historico.conaliteg.gob.mx/c/H2008P4MA276/142.jpg,0,source_jpeg,served_image,200,image/jpeg,56027,2a167fc383ee9df7c99fe5fe6e76c00af20f12952732a4f2885f4441a1535e11,1,
LTMD_U1_W2_MATH_ASSET_AUDIT_0.1,H2008P4MA276,U1-H2008P4MA276,2008,4,MATEMÁTICAS,143,209,143,https://historico.conaliteg.gob.mx/c/H2008P4MA276/143.jpg,0,source_jpeg,served_image,200,image/jpeg,53426,4df42ed4ba4563eba84fdc8085184c71230e980236a930c2207f7d6d6482e565,1,
LTMD_U1_W2_MATH_ASSET_AUDIT_0.1,H2008P4MA276,U1-H2008P4MA276,2008,4,MATEMÁTICAS,144,209,144,https://historico.conaliteg.gob.mx/c/H2008P4MA276/144.jpg,0,source_jpeg,served_image,200,image/jpeg,60057,0c47453f54da42bb7b9da296809b086e312e5721e427cab4539a728b1f93fac9,1,
LTMD_U1_W2_MATH_ASSET_AUDIT_0.1,H2008P4MA276,U1-H2008P4MA276,2008,4,MATEMÁTICAS,145,209,145,https://historico.conaliteg.gob.mx/c/H2008P4MA276/145.jpg,0,source_jpeg,served_image,200,image/jpeg,58755,1c06a599c3a5d8e532c39e265df712e4c98190dfb196bbd80ed43c19bbbbb426,1,
LTMD_U1_W2_MATH_ASSET_AUDIT_0.1,H2008P4MA276,U1-H2008P4MA276,2008,4,MATEMÁTICAS,146,209,146,https://historico.conaliteg.gob.mx/c/H2008P4MA276/146.jpg,0,source_jpeg,served_image,200,image/jpeg,71318,68a3497fe51508dab42ff675b20b65a9631bcd7243229fb4ef5db5aaca1f5094,1,
LTMD_U1_W2_MATH_ASSET_AUDIT_0.1,H2008P4MA276,U1-H2008P4MA276,2008,4,MATEMÁTICAS,147,209,147,https://historico.conaliteg.gob.mx/c/H2008P4MA276/147.jpg,0,source_jpeg,served_image,200,image/jpeg,63411,e2e6402c9d386b804fe6e49002782f56745d7b0a137c8d7b2d3f294ad0a1b261,1,
LTMD_U1_W2_MATH_ASSET_AUDIT_0.1,H2008P4MA276,U1-H2008P4MA276,2008,4,MATEMÁTICAS,148,209,148,https://historico.conaliteg.gob.mx/c/H2008P4MA276/148.jpg,0,source_jpeg,served_image,200,image/jpeg,81779,663605743c2ae450f5f1f6f5e40585ec3b28df85e7877709ec9798dfa844944a,1,
LTMD_U1_W2_MATH_ASSET_AUDIT_0.1,H2008P4MA276,U1-H2008P4MA276,2008,4,MATEMÁTICAS,149,209,149,https://historico.conaliteg.gob.mx/c/H2008P4MA276/149.jpg,0,source_jpeg,served_image,200,image/jpeg,52680,c3a880a77ad4235de316710e091cc5787888b7b32ac2164dc735dba612a5b65d,1,
LTMD_U1_W2_MATH_ASSET_AUDIT_0.1,H2008P4MA276,U1-H2008P4MA276,2008,4,MATEMÁTICAS,150,209,150,https://historico.conaliteg.gob.mx/c/H2008P4MA276/150.jpg,0,source_jpeg,served_image,200,image/jpeg,68031,632d964f018652ff72c7f2b50690907d980a43f349038b7582b9f88b6e47b80e,1,
LTMD_U1_W2_MATH_ASSET_AUDIT_0.1,H2008P4MA276,U1-H2008P4MA276,2008,4,MATEMÁTICAS,151,209,151,https://historico.conaliteg.gob.mx/c/H2008P4MA276/151.jpg,0,source_jpeg,served_image,200,image/jpeg,66095,222767fcc8010f534813cf3546c804490b65ffae8fd9216ce971009b27c2131d,1,
LTMD_U1_W2_MATH_ASSET_AUDIT_0.1,H2008P4MA276,U1-H2008P4MA276,2008,4,MATEMÁTICAS,152,209,152,https://historico.conaliteg.gob.mx/c/H2008P4MA276/152.jpg,0,source_jpeg,served_image,200,image/jpeg,73688,94bf9df615c1fa20c3b64ccb13fd7235bed5e99c41cfe7d78bb9252546d8245f,1,
LTMD_U1_W2_MATH_ASSET_AUDIT_0.1,H2008P4MA276,U1-H2008P4MA276,2008,4,MATEMÁTICAS,153,209,153,https://historico.conaliteg.gob.mx/c/H2008P4MA276/153.jpg,0,source_jpeg,served_image,200,image/jpeg,67605,4e85e749094264cd8b566901e781630955a586b2e439a40e3d601f99545a1c9b,1,
LTMD_U1_W2_MATH_ASSET_AUDIT_0.1,H2008P4MA276,U1-H2008P4MA276,2008,4,MATEMÁTICAS,154,209,154,https://historico.conaliteg.gob.mx/c/H2008P4MA276/154.jpg,0,source_jpeg,served_image,200,image/jpeg,72437,97139d32382473dcdcbf3aafd5a366db4fc9a88994243cc730ad85cef27ef22f,1,
LTMD_U1_W2_MATH_ASSET_AUDIT_0.1,H2008P4MA276,U1-H2008P4MA276,2008,4,MATEMÁTICAS,155,209,155,https://historico.conaliteg.gob.mx/c/H2008P4MA276/155.jpg,0,source_jpeg,served_image,200,image/jpeg,60829,32738900f31b753c364287e39f33df497fe893487ecba8f3e04a3f08965d8088,1,
LTMD_U1_W2_MATH_ASSET_AUDIT_0.1,H2008P4MA276,U1-H2008P4MA276,2008,4,MATEMÁTICAS,156,209,156,https://historico.conaliteg.gob.mx/c/H2008P4MA276/156.jpg,0,source_jpeg,served_image,200,image/jpeg,60086,11bb595d2b15784c6a99548d03f7075eae12dc1e8522dd7758f596dac602eaff,1,
LTMD_U1_W2_MATH_ASSET_AUDIT_0.1,H2008P4MA276,U1-H2008P4MA276,2008,4,MATEMÁTICAS,157,209,157,https://historico.conaliteg.gob.mx/c/H2008P4MA276/157.jpg,0,source_jpeg,served_image,200,image/jpeg,59004,28e16a0453ecd8fa535aba95cf3e4a4b8bdeabff55fae74d55c7a97536ffd263,1,
LTMD_U1_W2_MATH_ASSET_AUDIT_0.1,H2008P4MA276,U1-H2008P4MA276,2008,4,MATEMÁTICAS,158,209,158,https://historico.conaliteg.gob.mx/c/H2008P4MA276/158.jpg,0,source_jpeg,served_image,200,image/jpeg,62450,c1fbd6a3f8f32883187a7d4a0e994b80e055f389af8c2c2cf4a511ffc882f1e9,1,
LTMD_U1_W2_MATH_ASSET_AUDIT_0.1,H2008P4MA276,U1-H2008P4MA276,2008,4,MATEMÁTICAS,159,209,159,https://historico.conaliteg.gob.mx/c/H2008P4MA276/159.jpg,0,source_jpeg,served_image,200,image/jpeg,64799,2ef6286948c785270d95bbc4e75dd30ee4904aaab7b54a4d25da542d814cae26,1,
LTMD_U1_W2_MATH_ASSET_AUDIT_0.1,H2008P4MA276,U1-H2008P4MA276,2008,4,MATEMÁTICAS,160,209,160,https://historico.conaliteg.gob.mx/c/H2008P4MA276/160.jpg,0,source_jpeg,served_image,200,image/jpeg,59979,9a0c16a02ba9570d6757acc519f706931503e05640933c15a3077f812f3f44f7,1,
LTMD_U1_W2_MATH_ASSET_AUDIT_0.1,H2008P4MA276,U1-H2008P4MA276,2008,4,MATEMÁTICAS,161,209,161,https://historico.conaliteg.gob.mx/c/H2008P4MA276/161.jpg,0,source_jpeg,served_image,200,image/jpeg,68715,ff515ec21222fa951f79feddfe1ebe49fea7f4381c3ff59fa2f9beab54e05664,1,
LTMD_U1_W2_MATH_ASSET_AUDIT_0.1,H2008P4MA276,U1-H2008P4MA276,2008,4,MATEMÁTICAS,162,209,162,https://historico.conaliteg.gob.mx/c/H2008P4MA276/162.jpg,0,source_jpeg,served_image,200,image/jpeg,68683,25afb3776a629a8e75ac5d677160e03ecf3dc6cd2dcfd6c8cdfc78fd8d2f9a05,1,
LTMD_U1_W2_MATH_ASSET_AUDIT_0.1,H2008P4MA276,U1-H2008P4MA276,2008,4,MATEMÁTICAS,163,209,163,https://historico.conaliteg.gob.mx/c/H2008P4MA276/163.jpg,0,internal_unserved,http_404,404,text/html; charset=iso-8859-1,,,1,HTTP 404
LTMD_U1_W2_MATH_ASSET_AUDIT_0.1,H2008P4MA276,U1-H2008P4MA276,2008,4,MATEMÁTICAS,164,209,164,https://historico.conaliteg.gob.mx/c/H2008P4MA276/164.jpg,0,source_jpeg,served_image,200,image/jpeg,77629,4ade383d018096b0a6b94787e167c86f9e21989e349c707d136c3276e40d9836,1,
LTMD_U1_W2_MATH_ASSET_AUDIT_0.1,H2008P4MA276,U1-H2008P4MA276,2008,4,MATEMÁTICAS,165,209,165,https://historico.conaliteg.gob.mx/c/H2008P4MA276/165.jpg,0,source_jpeg,served_image,200,image/jpeg,69257,4f78f3bb105048ee9ac385d378c313ea0de716e1a64c2acf472720856d7e2acb,1,
LTMD_U1_W2_MATH_ASSET_AUDIT_0.1,H2008P4MA276,U1-H2008P4MA276,2008,4,MATEMÁTICAS,166,209,166,https://historico.conaliteg.gob.mx/c/H2008P4MA276/166.jpg,0,source_jpeg,served_image,200,image/jpeg,63065,b54ac59558acd0741af7275ce9a72121c1ef898027b35915e734bf65c4b1972e,1,
LTMD_U1_W2_MATH_ASSET_AUDIT_0.1,H2008P4MA276,U1-H2008P4MA276,2008,4,MATEMÁTICAS,167,209,167,https://historico.conaliteg.gob.mx/c/H2008P4MA276/167.jpg,0,source_jpeg,served_image,200,image/jpeg,69998,b4ee61999024cceb84bfac67ee43ab3c25f0510ee97b63d820162a713cd47a55,1,
LTMD_U1_W2_MATH_ASSET_AUDIT_0.1,H2008P4MA276,U1-H2008P4MA276,2008,4,MATEMÁTICAS,168,209,168,https://historico.conaliteg.gob.mx/c/H2008P4MA276/168.jpg,0,source_jpeg,served_image,200,image/jpeg,65079,1903927132d148c49efd6caada2a7ac660bd2f1017181f271ab276a56d580fed,1,
LTMD_U1_W2_MATH_ASSET_AUDIT_0.1,H2008P4MA276,U1-H2008P4MA276,2008,4,MATEMÁTICAS,169,209,169,https://historico.conaliteg.gob.mx/c/H2008P4MA276/169.jpg,0,source_jpeg,served_image,200,image/jpeg,68346,911d2bfd75cdee7d41d73e39d409663a91cef3c6014fbfab2ec500ffc85e57ce,1,
LTMD_U1_W2_MATH_ASSET_AUDIT_0.1,H2008P4MA276,U1-H2008P4MA276,2008,4,MATEMÁTICAS,170,209,170,https://historico.conaliteg.gob.mx/c/H2008P4MA276/170.jpg,0,source_jpeg,served_image,200,image/jpeg,70022,9f5de9abf5f2b5949fa6fdb3b440b800d9c87e30d0791354f1b9ac6abb0a48d2,1,
LTMD_U1_W2_MATH_ASSET_AUDIT_0.1,H2008P4MA276,U1-H2008P4MA276,2008,4,MATEMÁTICAS,171,209,171,https://historico.conaliteg.gob.mx/c/H2008P4MA276/171.jpg,0,source_jpeg,served_image,200,image/jpeg,45534,8010dc68b00a247d2e5708eaa4d3c097c51f39178db4f19393194851127b2d58,1,
LTMD_U1_W2_MATH_ASSET_AUDIT_0.1,H2008P4MA276,U1-H2008P4MA276,2008,4,MATEMÁTICAS,172,209,172,https://historico.conaliteg.gob.mx/c/H2008P4MA276/172.jpg,0,source_jpeg,served_image,200,image/jpeg,65121,29671dab637c257b364d15e2f238f994761d474a0bae7c8ecd882a5a70fdc52a,1,
LTMD_U1_W2_MATH_ASSET_AUDIT_0.1,H2008P4MA276,U1-H2008P4MA276,2008,4,MATEMÁTICAS,173,209,173,https://historico.conaliteg.gob.mx/c/H2008P4MA276/173.jpg,0,source_jpeg,served_image,200,image/jpeg,44662,6a35a74b3c073f2083ff1d33fe440d61aa9ae3ca0d5da352acff769cdd4f46cc,1,
LTMD_U1_W2_MATH_ASSET_AUDIT_0.1,H2008P4MA276,U1-H2008P4MA276,2008,4,MATEMÁTICAS,174,209,174,https://historico.conaliteg.gob.mx/c/H2008P4MA276/174.jpg,0,source_jpeg,served_image,200,image/jpeg,68112,fb69dc695628d56d3045f0fd473c633ccff732549e1fe3525033ed2c1debcca7,1,
LTMD_U1_W2_MATH_ASSET_AUDIT_0.1,H2008P4MA276,U1-H2008P4MA276,2008,4,MATEMÁTICAS,175,209,175,https://historico.conaliteg.gob.mx/c/H2008P4MA276/175.jpg,0,source_jpeg,served_image,200,image/jpeg,71259,7f31ba227a89545d8b61facec1b1a651a76c5c564dd734d9615e8f0191db41a4,1,
LTMD_U1_W2_MATH_ASSET_AUDIT_0.1,H2008P4MA276,U1-H2008P4MA276,2008,4,MATEMÁTICAS,176,209,176,https://historico.conaliteg.gob.mx/c/H2008P4MA276/176.jpg,0,source_jpeg,served_image,200,image/jpeg,60409,b707f402996434a38a81436804dae2a87c7ffd7c15852ca4ebee259e4de78ea3,1,
LTMD_U1_W2_MATH_ASSET_AUDIT_0.1,H2008P4MA276,U1-H2008P4MA276,2008,4,MATEMÁTICAS,177,209,177,https://historico.conaliteg.gob.mx/c/H2008P4MA276/177.jpg,0,source_jpeg,served_image,200,image/jpeg,61732,761f4ceff84e7c45fe734713af430825a3ad0378034a4f3369254670bccbe85f,1,
LTMD_U1_W2_MATH_ASSET_AUDIT_0.1,H2008P4MA276,U1-H2008P4MA276,2008,4,MATEMÁTICAS,178,209,178,https://historico.conaliteg.gob.mx/c/H2008P4MA276/178.jpg,0,source_jpeg,served_image,200,image/jpeg,77331,701b7d68eb243aa06d91d7977696a3795a845eb30ee0babd503feefdb04b0c99,1,
LTMD_U1_W2_MATH_ASSET_AUDIT_0.1,H2008P4MA276,U1-H2008P4MA276,2008,4,MATEMÁTICAS,179,209,179,https://historico.conaliteg.gob.mx/c/H2008P4MA276/179.jpg,0,source_jpeg,served_image,200,image/jpeg,78275,792ba8a59a6d818773be467bb6294a426273267570ebf7dda6b9ea1299deb246,1,
LTMD_U1_W2_MATH_ASSET_AUDIT_0.1,H2008P4MA276,U1-H2008P4MA276,2008,4,MATEMÁTICAS,180,209,180,https://historico.conaliteg.gob.mx/c/H2008P4MA276/180.jpg,0,source_jpeg,served_image,200,image/jpeg,63036,0f226f754052ae99281903125ee9f37ef6bad675317c55483ec05ba5db8579d3,1,
LTMD_U1_W2_MATH_ASSET_AUDIT_0.1,H2008P4MA276,U1-H2008P4MA276,2008,4,MATEMÁTICAS,181,209,181,https://historico.conaliteg.gob.mx/c/H2008P4MA276/181.jpg,0,source_jpeg,served_image,200,image/jpeg,60613,21cfed4d3a43e31695daf29bc2bec203ed549d5e384f85a8111099b8f99d757e,1,
LTMD_U1_W2_MATH_ASSET_AUDIT_0.1,H2008P4MA276,U1-H2008P4MA276,2008,4,MATEMÁTICAS,182,209,182,https://historico.conaliteg.gob.mx/c/H2008P4MA276/182.jpg,0,source_jpeg,served_image,200,image/jpeg,56335,63ddec96aced526441013b251e2aa906f952c51bb3b2b2a95bfffd96c3112808,1,
LTMD_U1_W2_MATH_ASSET_AUDIT_0.1,H2008P4MA276,U1-H2008P4MA276,2008,4,MATEMÁTICAS,183,209,183,https://historico.conaliteg.gob.mx/c/H2008P4MA276/183.jpg,0,source_jpeg,served_image,200,image/jpeg,44585,763e3d2c3902badafeae416e90c7ccfc80b160953f01b40067e02dbe7dd06c25,1,
LTMD_U1_W2_MATH_ASSET_AUDIT_0.1,H2008P4MA276,U1-H2008P4MA276,2008,4,MATEMÁTICAS,184,209,184,https://historico.conaliteg.gob.mx/c/H2008P4MA276/184.jpg,0,source_jpeg,served_image,200,image/jpeg,64635,89902b81c87ef7a06d86efe1b1a21ec49e214192379a1abc7fa0da15c165ffcd,1,
LTMD_U1_W2_MATH_ASSET_AUDIT_0.1,H2008P4MA276,U1-H2008P4MA276,2008,4,MATEMÁTICAS,185,209,185,https://historico.conaliteg.gob.mx/c/H2008P4MA276/185.jpg,0,source_jpeg,served_image,200,image/jpeg,74496,5437bb1f987bedc9a657f510aaf3e4cea5205c3b33aeb72dfc76c44886da88f7,1,
LTMD_U1_W2_MATH_ASSET_AUDIT_0.1,H2008P4MA276,U1-H2008P4MA276,2008,4,MATEMÁTICAS,186,209,186,https://historico.conaliteg.gob.mx/c/H2008P4MA276/186.jpg,0,source_jpeg,served_image,200,image/jpeg,61752,981fa1b8d21da114037cd8d2cce80e1123e0d5e1121d3d2333cfbd18e18a3c31,1,
LTMD_U1_W2_MATH_ASSET_AUDIT_0.1,H2008P4MA276,U1-H2008P4MA276,2008,4,MATEMÁTICAS,187,209,187,https://historico.conaliteg.gob.mx/c/H2008P4MA276/187.jpg,0,source_jpeg,served_image,200,image/jpeg,51197,5270f45487a782581b65d6b65dcdac0324a684ff4d567e731e7a363abd694c68,1,
LTMD_U1_W2_MATH_ASSET_AUDIT_0.1,H2008P4MA276,U1-H2008P4MA276,2008,4,MATEMÁTICAS,188,209,188,https://historico.conaliteg.gob.mx/c/H2008P4MA276/188.jpg,0,source_jpeg,served_image,200,image/jpeg,44546,b64987ba68131f919d018668b86a79264b1780ea7d431705b6a55012f95a46b8,1,
LTMD_U1_W2_MATH_ASSET_AUDIT_0.1,H2008P4MA276,U1-H2008P4MA276,2008,4,MATEMÁTICAS,189,209,189,https://historico.conaliteg.gob.mx/c/H2008P4MA276/189.jpg,0,source_jpeg,served_image,200,image/jpeg,47237,1ce6fbd61546132a8d27c552fe1779dd4df9f62ac57672939ec7b57f7cbefc4f,1,
LTMD_U1_W2_MATH_ASSET_AUDIT_0.1,H2008P4MA276,U1-H2008P4MA276,2008,4,MATEMÁTICAS,190,209,190,https://historico.conaliteg.gob.mx/c/H2008P4MA276/190.jpg,0,source_jpeg,served_image,200,image/jpeg,28457,7ad5a3e63ccc406b2359107a091e25a3d1a2f8c17a91aa4c16eb7eeadff118f6,1,
LTMD_U1_W2_MATH_ASSET_AUDIT_0.1,H2008P4MA276,U1-H2008P4MA276,2008,4,MATEMÁTICAS,191,209,191,https://historico.conaliteg.gob.mx/c/H2008P4MA276/191.jpg,0,source_jpeg,served_image,200,image/jpeg,70867,8bd4fd99032fbdece19c672b01ce50b5afcbc8ff50e1ab21caf95293ce365be6,1,
LTMD_U1_W2_MATH_ASSET_AUDIT_0.1,H2008P4MA276,U1-H2008P4MA276,2008,4,MATEMÁTICAS,192,209,192,https://historico.conaliteg.gob.mx/c/H2008P4MA276/192.jpg,0,source_jpeg,served_image,200,image/jpeg,91371,281795b9cc32266672a76acab1b7a1a9f57ecd77b8fe6b8535dacb8365a9d7c0,1,
LTMD_U1_W2_MATH_ASSET_AUDIT_0.1,H2008P4MA276,U1-H2008P4MA276,2008,4,MATEMÁTICAS,193,209,193,https://historico.conaliteg.gob.mx/c/H2008P4MA276/193.jpg,0,source_jpeg,served_image,200,image/jpeg,57844,686f6ac720d6542af951b188e69eef0991f05f463f34553d28c67f72ee9e8875,1,
LTMD_U1_W2_MATH_ASSET_AUDIT_0.1,H2008P4MA276,U1-H2008P4MA276,2008,4,MATEMÁTICAS,194,209,194,https://historico.conaliteg.gob.mx/c/H2008P4MA276/194.jpg,0,source_jpeg,served_image,200,image/jpeg,106978,81ce47f7478551dbd9443525fbcb3085e7b5d0a716dc7d5b4e3b4d8ebc377e0d,1,
LTMD_U1_W2_MATH_ASSET_AUDIT_0.1,H2008P4MA276,U1-H2008P4MA276,2008,4,MATEMÁTICAS,195,209,195,https://historico.conaliteg.gob.mx/c/H2008P4MA276/195.jpg,0,source_jpeg,served_image,200,image/jpeg,68059,43175d44d96aa6cd9211662b6bfff70188104cb6c0c04e0b92172394af3b0f81,1,
LTMD_U1_W2_MATH_ASSET_AUDIT_0.1,H2008P4MA276,U1-H2008P4MA276,2008,4,MATEMÁTICAS,196,209,196,https://historico.conaliteg.gob.mx/c/H2008P4MA276/196.jpg,0,source_jpeg,served_image,200,image/jpeg,57799,d4ff890dc9e1d91f807dff0413148bbdb6eb9573ca70b665c50a73a8039eced6,1,
LTMD_U1_W2_MATH_ASSET_AUDIT_0.1,H2008P4MA276,U1-H2008P4MA276,2008,4,MATEMÁTICAS,197,209,197,https://historico.conaliteg.gob.mx/c/H2008P4MA276/197.jpg,0,source_jpeg,served_image,200,image/jpeg,64882,8b791846b2ecc0d85dd3f24be912b0bc0ff3d13f817e9f281f350e60dcbf43ff,1,
LTMD_U1_W2_MATH_ASSET_AUDIT_0.1,H2008P4MA276,U1-H2008P4MA276,2008,4,MATEMÁTICAS,198,209,198,https://historico.conaliteg.gob.mx/c/H2008P4MA276/198.jpg,0,source_jpeg,served_image,200,image/jpeg,40302,e97cf8da1dda483372fdb4de3756723309b98a0dea4bf9fb6a0f931950bd6ed5,1,
LTMD_U1_W2_MATH_ASSET_AUDIT_0.1,H2008P4MA276,U1-H2008P4MA276,2008,4,MATEMÁTICAS,199,209,199,https://historico.conaliteg.gob.mx/c/H2008P4MA276/199.jpg,0,source_jpeg,served_image,200,image/jpeg,61639,71e27bc16c9b35e27c6e608636374a31bbae46fc3ad48539e67294e5f9e7ce79,1,
LTMD_U1_W2_MATH_ASSET_AUDIT_0.1,H2008P4MA276,U1-H2008P4MA276,2008,4,MATEMÁTICAS,200,209,200,https://historico.conaliteg.gob.mx/c/H2008P4MA276/200.jpg,0,source_jpeg,served_image,200,image/jpeg,108862,0b04f7e4dc8a04868999ca861b7cb651eb0de54c4455f68b0346fd2049c689e2,1,
LTMD_U1_W2_MATH_ASSET_AUDIT_0.1,H2008P4MA276,U1-H2008P4MA276,2008,4,MATEMÁTICAS,201,209,201,https://historico.conaliteg.gob.mx/c/H2008P4MA276/201.jpg,0,source_jpeg,served_image,200,image/jpeg,41464,3793059868e555bc3349cbf8147d5fa7e0e9abaf93ac24ca78b39892247fd852,1,
LTMD_U1_W2_MATH_ASSET_AUDIT_0.1,H2008P4MA276,U1-H2008P4MA276,2008,4,MATEMÁTICAS,202,209,202,https://historico.conaliteg.gob.mx/c/H2008P4MA276/202.jpg,0,source_jpeg,served_image,200,image/jpeg,117774,ee2447d9f7f04c172692209f6ec48f76727d307a3d3297898b7c03c3067e88ed,1,
LTMD_U1_W2_MATH_ASSET_AUDIT_0.1,H2008P4MA276,U1-H2008P4MA276,2008,4,MATEMÁTICAS,203,209,203,https://historico.conaliteg.gob.mx/c/H2008P4MA276/203.jpg,0,source_jpeg,served_image,200,image/jpeg,51343,22967069f424b1b6612aab58a5abda4e9b0d99b7884714f519c6291c55c80c3c,1,
LTMD_U1_W2_MATH_ASSET_AUDIT_0.1,H2008P4MA276,U1-H2008P4MA276,2008,4,MATEMÁTICAS,204,209,204,https://historico.conaliteg.gob.mx/c/H2008P4MA276/204.jpg,0,source_jpeg,served_image,200,image/jpeg,128619,2eb353a1e4b667a013f22df7212cde28fe930512fa74414062c3c30b0f8f3a53,1,
LTMD_U1_W2_MATH_ASSET_AUDIT_0.1,H2008P4MA276,U1-H2008P4MA276,2008,4,MATEMÁTICAS,205,209,205,https://historico.conaliteg.gob.mx/c/H2008P4MA276/205.jpg,0,source_jpeg,served_image,200,image/jpeg,55916,85d2b001eab1c60006a696fa99887005cb676f9905458dccceb86dc05204fa28,1,
LTMD_U1_W2_MATH_ASSET_AUDIT_0.1,H2008P4MA276,U1-H2008P4MA276,2008,4,MATEMÁTICAS,206,209,206,https://historico.conaliteg.gob.mx/c/H2008P4MA276/206.jpg,0,source_jpeg,served_image,200,image/jpeg,136869,745c4007d7d6b3f92e267fc26317d98a0e7511ed1f52dfab15c4ac9aa2dd87b4,1,
LTMD_U1_W2_MATH_ASSET_AUDIT_0.1,H2008P4MA276,U1-H2008P4MA276,2008,4,MATEMÁTICAS,207,209,207,https://historico.conaliteg.gob.mx/c/H2008P4MA276/207.jpg,0,source_jpeg,served_image,200,image/jpeg,44453,b1dc2cbe18635f68170cfbc6e841aa91db514c5bec8f18a032e1b81e48c24fb4,1,
LTMD_U1_W2_MATH_ASSET_AUDIT_0.1,H2008P4MA276,U1-H2008P4MA276,2008,4,MATEMÁTICAS,208,209,208,https://historico.conaliteg.gob.mx/c/H2008P4MA276/208.jpg,0,source_jpeg,served_image,200,image/jpeg,85353,5b5e7ea3531919c6eb12cb207688b5f9cee20fbdd85e4aeffda0885e8d89120d,1,
LTMD_U1_W2_MATH_ASSET_AUDIT_0.1,H2008P4MA276,U1-H2008P4MA276,2008,4,MATEMÁTICAS,209,209,209,https://historico.conaliteg.gob.mx/c/H2008P4MA276/209.jpg,1,source_jpeg,served_image,200,image/jpeg,39408,9db30248d7ddb79cc1859cf793d1e3928126f43b9984bca6829574046278e1e4,1,
LTMD_U1_W2_MATH_ASSET_AUDIT_0.1,H2018P3DMA,U1-H2018P3DMA,2018,3,Desafíos matemáticos. Libro para el alumno,1,226,0,https://historico.conaliteg.gob.mx/c/H2018P3DMA/000.jpg,0,source_jpeg,served_image,200,image/jpeg,425685,cbe314c9beed860ecd7a930acb47bcc207128163e1a3d7cf2c06c72669dd80f9,1,
LTMD_U1_W2_MATH_ASSET_AUDIT_0.1,H2018P3DMA,U1-H2018P3DMA,2018,3,Desafíos matemáticos. Libro para el alumno,2,226,2,https://historico.conaliteg.gob.mx/c/H2018P3DMA/002.jpg,0,source_jpeg,served_image,200,image/jpeg,195981,6a8a2b98dad2fd803e9c5f2c8079e68f5be8fa1d497e82269984c63056aa6ed3,1,
LTMD_U1_W2_MATH_ASSET_AUDIT_0.1,H2018P3DMA,U1-H2018P3DMA,2018,3,Desafíos matemáticos. Libro para el alumno,3,226,3,https://historico.conaliteg.gob.mx/c/H2018P3DMA/003.jpg,0,source_jpeg,served_image,200,image/jpeg,407704,01c79a6f84916446d3a81ff8021bec2a9bb9fa9359c5ae511e01afc8bf3d2f63,1,
LTMD_U1_W2_MATH_ASSET_AUDIT_0.1,H2018P3DMA,U1-H2018P3DMA,2018,3,Desafíos matemáticos. Libro para el alumno,4,226,4,https://historico.conaliteg.gob.mx/c/H2018P3DMA/004.jpg,0,source_jpeg,served_image,200,image/jpeg,225046,ee117ac5a8fa4260ff5985286849dc7c5e16ae13be111a1bf106be24a3107da2,1,
LTMD_U1_W2_MATH_ASSET_AUDIT_0.1,H2018P3DMA,U1-H2018P3DMA,2018,3,Desafíos matemáticos. Libro para el alumno,5,226,5,https://historico.conaliteg.gob.mx/c/H2018P3DMA/005.jpg,0,source_jpeg,served_image,200,image/jpeg,223182,56c0249837e06c71f87cd516034b430f48c47a4d0c7d1352b6809c2f7d6f338b,1,
LTMD_U1_W2_MATH_ASSET_AUDIT_0.1,H2018P3DMA,U1-H2018P3DMA,2018,3,Desafíos matemáticos. Libro para el alumno,6,226,6,https://historico.conaliteg.gob.mx/c/H2018P3DMA/006.jpg,0,source_jpeg,served_image,200,image/jpeg,237180,592dc3fd46c87db0933fb3a60573a98643f330c0a53a4b03c7c9c9b68b4add6c,1,
LTMD_U1_W2_MATH_ASSET_AUDIT_0.1,H2018P3DMA,U1-H2018P3DMA,2018,3,Desafíos matemáticos. Libro para el alumno,7,226,7,https://historico.conaliteg.gob.mx/c/H2018P3DMA/007.jpg,0,source_jpeg,served_image,200,image/jpeg,309524,8f3e11933a52863f22b93692ea1afa49f22bd8e7079bd1c8ea4997d85a18a37e,1,
LTMD_U1_W2_MATH_ASSET_AUDIT_0.1,H2018P3DMA,U1-H2018P3DMA,2018,3,Desafíos matemáticos. Libro para el alumno,8,226,8,https://historico.conaliteg.gob.mx/c/H2018P3DMA/008.jpg,0,source_jpeg,served_image,200,image/jpeg,50475,e7f6b39f4f06c211f9af820d8ab4a43949e4670ed29ed94c2ce4a16bae502226,1,
LTMD_U1_W2_MATH_ASSET_AUDIT_0.1,H2018P3DMA,U1-H2018P3DMA,2018,3,Desafíos matemáticos. Libro para el alumno,9,226,9,https://historico.conaliteg.gob.mx/c/H2018P3DMA/009.jpg,0,source_jpeg,served_image,200,image/jpeg,396904,c57c2c1aacb2166c45a1050bff3843ec626bc18d83df61443f87141b47acacf9,1,
LTMD_U1_W2_MATH_ASSET_AUDIT_0.1,H2018P3DMA,U1-H2018P3DMA,2018,3,Desafíos matemáticos. Libro para el alumno,10,226,10,https://historico.conaliteg.gob.mx/c/H2018P3DMA/010.jpg,0,source_jpeg,served_image,200,image/jpeg,341468,02f5af81594fabc74ef4c455f0cb54b62a8379af96411d58be34b9ecbc677174,1,
LTMD_U1_W2_MATH_ASSET_AUDIT_0.1,H2018P3DMA,U1-H2018P3DMA,2018,3,Desafíos matemáticos. Libro para el alumno,11,226,11,https://historico.conaliteg.gob.mx/c/H2018P3DMA/011.jpg,0,source_jpeg,served_image,200,image/jpeg,215912,b136c40d2d3d5ac4e7c1b121c05fbe2bc3766c55666c6186c6cb565fc6828682,1,
LTMD_U1_W2_MATH_ASSET_AUDIT_0.1,H2018P3DMA,U1-H2018P3DMA,2018,3,Desafíos matemáticos. Libro para el alumno,12,226,12,https://historico.conaliteg.gob.mx/c/H2018P3DMA/012.jpg,0,source_jpeg,served_image,200,image/jpeg,320537,1efb2b92565b150a77fdb4de58d22c53cbce40aa919ff67757bad164dfa3d677,1,
LTMD_U1_W2_MATH_ASSET_AUDIT_0.1,H2018P3DMA,U1-H2018P3DMA,2018,3,Desafíos matemáticos. Libro para el alumno,13,226,13,https://historico.conaliteg.gob.mx/c/H2018P3DMA/013.jpg,0,source_jpeg,served_image,200,image/jpeg,352931,0186679f209bef973e474318db38b14e6dd5c8334331f8abd4a63a26af666ea9,1,
LTMD_U1_W2_MATH_ASSET_AUDIT_0.1,H2018P3DMA,U1-H2018P3DMA,2018,3,Desafíos matemáticos. Libro para el alumno,14,226,14,https://historico.conaliteg.gob.mx/c/H2018P3DMA/014.jpg,0,source_jpeg,served_image,200,image/jpeg,279306,31eb3356a12b3b01cd483a34388f457c824f6ccdecd3a167831063a3df0f4a6c,1,
LTMD_U1_W2_MATH_ASSET_AUDIT_0.1,H2018P3DMA,U1-H2018P3DMA,2018,3,Desafíos matemáticos. Libro para el alumno,15,226,15,https://historico.conaliteg.gob.mx/c/H2018P3DMA/015.jpg,0,source_jpeg,served_image,200,image/jpeg,240483,c45090fe8e68befc97f1786b1534042d04247b6969dcf611350c0e1287fde21b,1,
LTMD_U1_W2_MATH_ASSET_AUDIT_0.1,H2018P3DMA,U1-H2018P3DMA,2018,3,Desafíos matemáticos. Libro para el alumno,16,226,16,https://historico.conaliteg.gob.mx/c/H2018P3DMA/016.jpg,0,source_jpeg,served_image,200,image/jpeg,296508,7bc2208b5206899097b65844ed571d1ff6f1f4f0769697182527987ad7734596,1,
LTMD_U1_W2_MATH_ASSET_AUDIT_0.1,H2018P3DMA,U1-H2018P3DMA,2018,3,Desafíos matemáticos. Libro para el alumno,17,226,17,https://historico.conaliteg.gob.mx/c/H2018P3DMA/017.jpg,0,source_jpeg,served_image,200,image/jpeg,328347,5b101b682096ca988161b8b2d20aedbc09ff422f0a599fd296c0587da45da2a3,1,
LTMD_U1_W2_MATH_ASSET_AUDIT_0.1,H2018P3DMA,U1-H2018P3DMA,2018,3,Desafíos matemáticos. Libro para el alumno,18,226,18,https://historico.conaliteg.gob.mx/c/H2018P3DMA/018.jpg,0,source_jpeg,served_image,200,image/jpeg,427316,452e9badcab27570d5dd0ec0ea1b78fe211944d81ff9839ba3d7855f9f9f75d8,1,
LTMD_U1_W2_MATH_ASSET_AUDIT_0.1,H2018P3DMA,U1-H2018P3DMA,2018,3,Desafíos matemáticos. Libro para el alumno,19,226,19,https://historico.conaliteg.gob.mx/c/H2018P3DMA/019.jpg,0,source_jpeg,served_image,200,image/jpeg,215990,73d993f110918ac404f07181248b4d874fd3e2496363898fab8b78547ca457de,1,
LTMD_U1_W2_MATH_ASSET_AUDIT_0.1,H2018P3DMA,U1-H2018P3DMA,2018,3,Desafíos matemáticos. Libro para el alumno,20,226,20,https://historico.conaliteg.gob.mx/c/H2018P3DMA/020.jpg,0,source_jpeg,served_image,200,image/jpeg,237699,7f6c1b5cf6853285d68ea00e1a67da0c20c69d657e5a0074ada008b7d51a2f66,1,
LTMD_U1_W2_MATH_ASSET_AUDIT_0.1,H2018P3DMA,U1-H2018P3DMA,2018,3,Desafíos matemáticos. Libro para el alumno,21,226,21,https://historico.conaliteg.gob.mx/c/H2018P3DMA/021.jpg,0,source_jpeg,served_image,200,image/jpeg,310909,204695d81e5a6e02252882b7f9a7bb2fa0d513f1ea62d67ccba964f6587b46df,1,
LTMD_U1_W2_MATH_ASSET_AUDIT_0.1,H2018P3DMA,U1-H2018P3DMA,2018,3,Desafíos matemáticos. Libro para el alumno,22,226,22,https://historico.conaliteg.gob.mx/c/H2018P3DMA/022.jpg,0,source_jpeg,served_image,200,image/jpeg,186260,52dd1487171744534b89a58d1b75ed198ab58babf59bfa71811543aecb2bda4e,1,
LTMD_U1_W2_MATH_ASSET_AUDIT_0.1,H2018P3DMA,U1-H2018P3DMA,2018,3,Desafíos matemáticos. Libro para el alumno,23,226,23,https://historico.conaliteg.gob.mx/c/H2018P3DMA/023.jpg,0,source_jpeg,served_image,200,image/jpeg,319299,9a4f032ec9262b9425b7c7955996263fe9f72a7402160e14985678744912fa75,1,
LTMD_U1_W2_MATH_ASSET_AUDIT_0.1,H2018P3DMA,U1-H2018P3DMA,2018,3,Desafíos matemáticos. Libro para el alumno,24,226,24,https://historico.conaliteg.gob.mx/c/H2018P3DMA/024.jpg,0,source_jpeg,served_image,200,image/jpeg,267823,7d8757a388da924d3e7fbd08473c3239b1c415486bde16ef473de2174e89ed4b,1,
LTMD_U1_W2_MATH_ASSET_AUDIT_0.1,H2018P3DMA,U1-H2018P3DMA,2018,3,Desafíos matemáticos. Libro para el alumno,25,226,25,https://historico.conaliteg.gob.mx/c/H2018P3DMA/025.jpg,0,source_jpeg,served_image,200,image/jpeg,222540,35da4be966ddbf4ba06673eee1c83cfc4e95d784ab5e35113f6a42d34cb30313,1,
LTMD_U1_W2_MATH_ASSET_AUDIT_0.1,H2018P3DMA,U1-H2018P3DMA,2018,3,Desafíos matemáticos. Libro para el alumno,26,226,26,https://historico.conaliteg.gob.mx/c/H2018P3DMA/026.jpg,0,source_jpeg,served_image,200,image/jpeg,296817,347dccf46a8b1ad501ce08ed38a3ad3566da73c73eeefcd8abc4e568044b2f3e,1,
LTMD_U1_W2_MATH_ASSET_AUDIT_0.1,H2018P3DMA,U1-H2018P3DMA,2018,3,Desafíos matemáticos. Libro para el alumno,27,226,27,https://historico.conaliteg.gob.mx/c/H2018P3DMA/027.jpg,0,source_jpeg,served_image,200,image/jpeg,185121,e638913525872f57ac3e35dcc24e8a0a8ff2b734a77b54177235e3a7315081f0,1,
LTMD_U1_W2_MATH_ASSET_AUDIT_0.1,H2018P3DMA,U1-H2018P3DMA,2018,3,Desafíos matemáticos. Libro para el alumno,28,226,28,https://historico.conaliteg.gob.mx/c/H2018P3DMA/028.jpg,0,source_jpeg,served_image,200,image/jpeg,359646,e2d57168f6cb6090d7f659b3825e3b63d2129a7da69721854f99060d635af088,1,
LTMD_U1_W2_MATH_ASSET_AUDIT_0.1,H2018P3DMA,U1-H2018P3DMA,2018,3,Desafíos matemáticos. Libro para el alumno,29,226,29,https://historico.conaliteg.gob.mx/c/H2018P3DMA/029.jpg,0,source_jpeg,served_image,200,image/jpeg,244692,80765d296b1803685f927b9294dfaebbc4a7b5e6313fe2b0e2a4b7881d8e6e07,1,
LTMD_U1_W2_MATH_ASSET_AUDIT_0.1,H2018P3DMA,U1-H2018P3DMA,2018,3,Desafíos matemáticos. Libro para el alumno,30,226,30,https://historico.conaliteg.gob.mx/c/H2018P3DMA/030.jpg,0,source_jpeg,served_image,200,image/jpeg,340298,28689e55d82de7d3fd9419cde5fed85a8c7f5eb83be5ada2dbaeb832fcd54687,1,
LTMD_U1_W2_MATH_ASSET_AUDIT_0.1,H2018P3DMA,U1-H2018P3DMA,2018,3,Desafíos matemáticos. Libro para el alumno,31,226,31,https://historico.conaliteg.gob.mx/c/H2018P3DMA/031.jpg,0,source_jpeg,served_image,200,image/jpeg,362233,7f6325d79093529800cbbbddc6bb1f3d846e19c5718819c4373afa3d6ff8dd60,1,
LTMD_U1_W2_MATH_ASSET_AUDIT_0.1,H2018P3DMA,U1-H2018P3DMA,2018,3,Desafíos matemáticos. Libro para el alumno,32,226,32,https://historico.conaliteg.gob.mx/c/H2018P3DMA/032.jpg,0,source_jpeg,served_image,200,image/jpeg,282243,14cab906b3fe5d9fd6cbef4d84d6d7a0c49d4711308ceebb760523a1433171d1,1,
LTMD_U1_W2_MATH_ASSET_AUDIT_0.1,H2018P3DMA,U1-H2018P3DMA,2018,3,Desafíos matemáticos. Libro para el alumno,33,226,33,https://historico.conaliteg.gob.mx/c/H2018P3DMA/033.jpg,0,source_jpeg,served_image,200,image/jpeg,302282,e66803ec63be182a74df80d23d27ebac23ef9899eae7a51218802cae5fc802b9,1,
LTMD_U1_W2_MATH_ASSET_AUDIT_0.1,H2018P3DMA,U1-H2018P3DMA,2018,3,Desafíos matemáticos. Libro para el alumno,34,226,34,https://historico.conaliteg.gob.mx/c/H2018P3DMA/034.jpg,0,source_jpeg,served_image,200,image/jpeg,289705,1bfaca74ef78b55ff4d51dce3cf42143f4f8f784f3d27e08ee3c89edcee9d3b1,1,
LTMD_U1_W2_MATH_ASSET_AUDIT_0.1,H2018P3DMA,U1-H2018P3DMA,2018,3,Desafíos matemáticos. Libro para el alumno,35,226,35,https://historico.conaliteg.gob.mx/c/H2018P3DMA/035.jpg,0,source_jpeg,served_image,200,image/jpeg,259003,875bcaf4d072a1c607f6b108d8c9bd37a5b44344a32018cc18ad9892dabf72c2,1,
LTMD_U1_W2_MATH_ASSET_AUDIT_0.1,H2018P3DMA,U1-H2018P3DMA,2018,3,Desafíos matemáticos. Libro para el alumno,36,226,36,https://historico.conaliteg.gob.mx/c/H2018P3DMA/036.jpg,0,source_jpeg,served_image,200,image/jpeg,291136,150ac9e2129ae976d6f590f3fa6fc67041324f0b8fdc2938bd1945f93678c434,1,
LTMD_U1_W2_MATH_ASSET_AUDIT_0.1,H2018P3DMA,U1-H2018P3DMA,2018,3,Desafíos matemáticos. Libro para el alumno,37,226,37,https://historico.conaliteg.gob.mx/c/H2018P3DMA/037.jpg,0,source_jpeg,served_image,200,image/jpeg,190256,1d3c4df5823d368377fe167aa38e94d4317cb25562a3458aefb40630cd0dbdb4,1,
LTMD_U1_W2_MATH_ASSET_AUDIT_0.1,H2018P3DMA,U1-H2018P3DMA,2018,3,Desafíos matemáticos. Libro para el alumno,38,226,38,https://historico.conaliteg.gob.mx/c/H2018P3DMA/038.jpg,0,source_jpeg,served_image,200,image/jpeg,190689,e96c2a984c953e97ffef3ca0f5a0c8b7a89fcd678aaca449deb2e7c088eaa710,1,
LTMD_U1_W2_MATH_ASSET_AUDIT_0.1,H2018P3DMA,U1-H2018P3DMA,2018,3,Desafíos matemáticos. Libro para el alumno,39,226,39,https://historico.conaliteg.gob.mx/c/H2018P3DMA/039.jpg,0,source_jpeg,served_image,200,image/jpeg,341380,f49dcf86b4229fb6b43053604671a99101bd7d6b939270eb8160e0e6163af681,1,
LTMD_U1_W2_MATH_ASSET_AUDIT_0.1,H2018P3DMA,U1-H2018P3DMA,2018,3,Desafíos matemáticos. Libro para el alumno,40,226,40,https://historico.conaliteg.gob.mx/c/H2018P3DMA/040.jpg,0,source_jpeg,served_image,200,image/jpeg,389800,3ffa2740c0b13daa89754de085df0482d753fb800b3edc489c51a57a34ae32b1,1,
LTMD_U1_W2_MATH_ASSET_AUDIT_0.1,H2018P3DMA,U1-H2018P3DMA,2018,3,Desafíos matemáticos. Libro para el alumno,41,226,41,https://historico.conaliteg.gob.mx/c/H2018P3DMA/041.jpg,0,source_jpeg,served_image,200,image/jpeg,452848,3e0007f756e60cb9d6c60ab770f78a80e45d6171c7c67e3a72215e5c4c67afff,1,
LTMD_U1_W2_MATH_ASSET_AUDIT_0.1,H2018P3DMA,U1-H2018P3DMA,2018,3,Desafíos matemáticos. Libro para el alumno,42,226,42,https://historico.conaliteg.gob.mx/c/H2018P3DMA/042.jpg,0,source_jpeg,served_image,200,image/jpeg,280143,28979ee97571ed48381408df92a3fc5db44ff003b51ceb7c3e88c35e94b13769,1,
LTMD_U1_W2_MATH_ASSET_AUDIT_0.1,H2018P3DMA,U1-H2018P3DMA,2018,3,Desafíos matemáticos. Libro para el alumno,43,226,43,https://historico.conaliteg.gob.mx/c/H2018P3DMA/043.jpg,0,source_jpeg,served_image,200,image/jpeg,176493,ed72f65e75456752bee600727ae0b50ce3442db8b53bd9fb5c4e63352fb700d2,1,
LTMD_U1_W2_MATH_ASSET_AUDIT_0.1,H2018P3DMA,U1-H2018P3DMA,2018,3,Desafíos matemáticos. Libro para el alumno,44,226,44,https://historico.conaliteg.gob.mx/c/H2018P3DMA/044.jpg,0,source_jpeg,served_image,200,image/jpeg,289874,99f1200321e577b5b314007bbffc62dcceb23a328a22c19fc78bce9a016aaf5c,1,
LTMD_U1_W2_MATH_ASSET_AUDIT_0.1,H2018P3DMA,U1-H2018P3DMA,2018,3,Desafíos matemáticos. Libro para el alumno,45,226,45,https://historico.conaliteg.gob.mx/c/H2018P3DMA/045.jpg,0,source_jpeg,served_image,200,image/jpeg,224691,b829f9c35134e5b15be5af59b332414711181ce195dd83967680f7e3b890d803,1,
LTMD_U1_W2_MATH_ASSET_AUDIT_0.1,H2018P3DMA,U1-H2018P3DMA,2018,3,Desafíos matemáticos. Libro para el alumno,46,226,46,https://historico.conaliteg.gob.mx/c/H2018P3DMA/046.jpg,0,source_jpeg,served_image,200,image/jpeg,235614,3a863d49556098f6f7ce53850577142d4cc97b172d4ce40759f904cf0471c8a9,1,
LTMD_U1_W2_MATH_ASSET_AUDIT_0.1,H2018P3DMA,U1-H2018P3DMA,2018,3,Desafíos matemáticos. Libro para el alumno,47,226,47,https://historico.conaliteg.gob.mx/c/H2018P3DMA/047.jpg,0,source_jpeg,served_image,200,image/jpeg,271492,b88fcf9f500fae8c423ddd2dfda0282bb3eff6bc927dacb7fb44c14595c82762,1,
LTMD_U1_W2_MATH_ASSET_AUDIT_0.1,H2018P3DMA,U1-H2018P3DMA,2018,3,Desafíos matemáticos. Libro para el alumno,48,226,48,https://historico.conaliteg.gob.mx/c/H2018P3DMA/048.jpg,0,source_jpeg,served_image,200,image/jpeg,302257,3f4031735d5dc1485688c197efe735c3b70dea8264c47109f80e34cf154ffa8b,1,
LTMD_U1_W2_MATH_ASSET_AUDIT_0.1,H2018P3DMA,U1-H2018P3DMA,2018,3,Desafíos matemáticos. Libro para el alumno,49,226,49,https://historico.conaliteg.gob.mx/c/H2018P3DMA/049.jpg,0,source_jpeg,served_image,200,image/jpeg,287521,56c96bd7ac5d9bb1a9f22ce8b23122297d3b357c5e797c4ec696ba01780da1a9,1,
LTMD_U1_W2_MATH_ASSET_AUDIT_0.1,H2018P3DMA,U1-H2018P3DMA,2018,3,Desafíos matemáticos. Libro para el alumno,50,226,50,https://historico.conaliteg.gob.mx/c/H2018P3DMA/050.jpg,0,source_jpeg,served_image,200,image/jpeg,332395,e59c0da080ddd0f6c0c5739ebe3ac49364b2401904d63ca3b39ce2c3ffe77924,1,
LTMD_U1_W2_MATH_ASSET_AUDIT_0.1,H2018P3DMA,U1-H2018P3DMA,2018,3,Desafíos matemáticos. Libro para el alumno,51,226,51,https://historico.conaliteg.gob.mx/c/H2018P3DMA/051.jpg,0,source_jpeg,served_image,200,image/jpeg,230385,32a2e19b08ab7754b75ef64c80fc29b5ce29f849a803ec12523517193e07fa30,1,
LTMD_U1_W2_MATH_ASSET_AUDIT_0.1,H2018P3DMA,U1-H2018P3DMA,2018,3,Desafíos matemáticos. Libro para el alumno,52,226,52,https://historico.conaliteg.gob.mx/c/H2018P3DMA/052.jpg,0,source_jpeg,served_image,200,image/jpeg,220114,2c23c70a52a38e175d2afa30544853f0b4ef1682de28ab7c16aba8d1bce6a094,1,
LTMD_U1_W2_MATH_ASSET_AUDIT_0.1,H2018P3DMA,U1-H2018P3DMA,2018,3,Desafíos matemáticos. Libro para el alumno,53,226,53,https://historico.conaliteg.gob.mx/c/H2018P3DMA/053.jpg,0,source_jpeg,served_image,200,image/jpeg,234089,a3e5ab70711221e6a15e66f10417100cd515733cbb826346ed6c528715a6c341,1,
LTMD_U1_W2_MATH_ASSET_AUDIT_0.1,H2018P3DMA,U1-H2018P3DMA,2018,3,Desafíos matemáticos. Libro para el alumno,54,226,54,https://historico.conaliteg.gob.mx/c/H2018P3DMA/054.jpg,0,source_jpeg,served_image,200,image/jpeg,190348,252eb7c737b048dceadad4c4c95c99af48cc35e4e9d0879aca31f5dd38a6b06b,1,
LTMD_U1_W2_MATH_ASSET_AUDIT_0.1,H2018P3DMA,U1-H2018P3DMA,2018,3,Desafíos matemáticos. Libro para el alumno,55,226,55,https://historico.conaliteg.gob.mx/c/H2018P3DMA/055.jpg,0,source_jpeg,served_image,200,image/jpeg,213966,f937c5bf156aee034a1a59d764b172d9797d1b264f67f2631bfe45a3f05395b6,1,
LTMD_U1_W2_MATH_ASSET_AUDIT_0.1,H2018P3DMA,U1-H2018P3DMA,2018,3,Desafíos matemáticos. Libro para el alumno,56,226,56,https://historico.conaliteg.gob.mx/c/H2018P3DMA/056.jpg,0,source_jpeg,served_image,200,image/jpeg,248929,6482926b78432adf600112e02a44dab0adba9074352d33fde13306bef76ad1b5,1,
LTMD_U1_W2_MATH_ASSET_AUDIT_0.1,H2018P3DMA,U1-H2018P3DMA,2018,3,Desafíos matemáticos. Libro para el alumno,57,226,57,https://historico.conaliteg.gob.mx/c/H2018P3DMA/057.jpg,0,source_jpeg,served_image,200,image/jpeg,212362,5eb3d6fec66bb29bdc99b8359b3ef0c13de2dcd6aa3494b161138f5edf4b68fb,1,
LTMD_U1_W2_MATH_ASSET_AUDIT_0.1,H2018P3DMA,U1-H2018P3DMA,2018,3,Desafíos matemáticos. Libro para el alumno,58,226,58,https://historico.conaliteg.gob.mx/c/H2018P3DMA/058.jpg,0,source_jpeg,served_image,200,image/jpeg,177748,88f53aecddf5f648eccba4746352283a7585e8de1bb99fe6ba1cb3a0d7885884,1,
LTMD_U1_W2_MATH_ASSET_AUDIT_0.1,H2018P3DMA,U1-H2018P3DMA,2018,3,Desafíos matemáticos. Libro para el alumno,59,226,59,https://historico.conaliteg.gob.mx/c/H2018P3DMA/059.jpg,0,source_jpeg,served_image,200,image/jpeg,209519,dd2c6782a96105fbc70e0c2817b79d0dc1ad2c1f37a3cd1d91dc885654b429f5,1,
LTMD_U1_W2_MATH_ASSET_AUDIT_0.1,H2018P3DMA,U1-H2018P3DMA,2018,3,Desafíos matemáticos. Libro para el alumno,60,226,60,https://historico.conaliteg.gob.mx/c/H2018P3DMA/060.jpg,0,source_jpeg,served_image,200,image/jpeg,130228,c6798b9c5af4c867293b91871392c21708f0a4d196a7fcf0ce96817a26ffb09e,1,
LTMD_U1_W2_MATH_ASSET_AUDIT_0.1,H2018P3DMA,U1-H2018P3DMA,2018,3,Desafíos matemáticos. Libro para el alumno,61,226,61,https://historico.conaliteg.gob.mx/c/H2018P3DMA/061.jpg,0,source_jpeg,served_image,200,image/jpeg,263573,8123717fb4dda8d2b40ce918d8b00cac0c4ae0de79d84d26583a2e572cb9da5b,1,
LTMD_U1_W2_MATH_ASSET_AUDIT_0.1,H2018P3DMA,U1-H2018P3DMA,2018,3,Desafíos matemáticos. Libro para el alumno,62,226,62,https://historico.conaliteg.gob.mx/c/H2018P3DMA/062.jpg,0,source_jpeg,served_image,200,image/jpeg,241022,1c510c87bb9bff0255edccdb210da8aefd3f506f8b0839db318a32988a8f902f,1,
LTMD_U1_W2_MATH_ASSET_AUDIT_0.1,H2018P3DMA,U1-H2018P3DMA,2018,3,Desafíos matemáticos. Libro para el alumno,63,226,63,https://historico.conaliteg.gob.mx/c/H2018P3DMA/063.jpg,0,source_jpeg,served_image,200,image/jpeg,198706,72d794b6bc97060ce200c2ec9f58e656256d4c7385f4eb13ea340dfd95484e55,1,
LTMD_U1_W2_MATH_ASSET_AUDIT_0.1,H2018P3DMA,U1-H2018P3DMA,2018,3,Desafíos matemáticos. Libro para el alumno,64,226,64,https://historico.conaliteg.gob.mx/c/H2018P3DMA/064.jpg,0,source_jpeg,served_image,200,image/jpeg,224728,9aece792dd6bedd727a91b4d83b7677bb3a13007efe9709106c8bfc7e898bfb5,1,
LTMD_U1_W2_MATH_ASSET_AUDIT_0.1,H2018P3DMA,U1-H2018P3DMA,2018,3,Desafíos matemáticos. Libro para el alumno,65,226,65,https://historico.conaliteg.gob.mx/c/H2018P3DMA/065.jpg,0,source_jpeg,served_image,200,image/jpeg,188252,833615688c16387c1a6a5463a587689e2e97be707f4a1d77df01bb9d6cd5cead,1,
LTMD_U1_W2_MATH_ASSET_AUDIT_0.1,H2018P3DMA,U1-H2018P3DMA,2018,3,Desafíos matemáticos. Libro para el alumno,66,226,66,https://historico.conaliteg.gob.mx/c/H2018P3DMA/066.jpg,0,source_jpeg,served_image,200,image/jpeg,252726,8a20527e60eb4b66dfd44817ce9afcb00bcd23d2d8cd75c1e0f73d6ea5382a36,1,
LTMD_U1_W2_MATH_ASSET_AUDIT_0.1,H2018P3DMA,U1-H2018P3DMA,2018,3,Desafíos matemáticos. Libro para el alumno,67,226,67,https://historico.conaliteg.gob.mx/c/H2018P3DMA/067.jpg,0,source_jpeg,served_image,200,image/jpeg,187458,cb52b9f9a4804b9b480fdff61e8a51aae8c859d7ea83bd6abef00bfb9a281cab,1,
LTMD_U1_W2_MATH_ASSET_AUDIT_0.1,H2018P3DMA,U1-H2018P3DMA,2018,3,Desafíos matemáticos. Libro para el alumno,68,226,68,https://historico.conaliteg.gob.mx/c/H2018P3DMA/068.jpg,0,source_jpeg,served_image,200,image/jpeg,211206,3e1c9185d50a321779ffc414c632c6b699299caad94e566b98201904f1b50d54,1,
LTMD_U1_W2_MATH_ASSET_AUDIT_0.1,H2018P3DMA,U1-H2018P3DMA,2018,3,Desafíos matemáticos. Libro para el alumno,69,226,69,https://historico.conaliteg.gob.mx/c/H2018P3DMA/069.jpg,0,source_jpeg,served_image,200,image/jpeg,296391,f215d745ef3f790bc41769f4e421b3dc42e3b6fa83ecc8cd6bf038bba2e28f70,1,
LTMD_U1_W2_MATH_ASSET_AUDIT_0.1,H2018P3DMA,U1-H2018P3DMA,2018,3,Desafíos matemáticos. Libro para el alumno,70,226,70,https://historico.conaliteg.gob.mx/c/H2018P3DMA/070.jpg,0,source_jpeg,served_image,200,image/jpeg,237644,d1258d20e4ed3ec9c0323e903ebbb0b11216a46b2e2075b7a4afed6394b9aa23,1,
LTMD_U1_W2_MATH_ASSET_AUDIT_0.1,H2018P3DMA,U1-H2018P3DMA,2018,3,Desafíos matemáticos. Libro para el alumno,71,226,71,https://historico.conaliteg.gob.mx/c/H2018P3DMA/071.jpg,0,source_jpeg,served_image,200,image/jpeg,339362,292997a7fe1390da078a2795784401e4095c24eb97f76a3073349bb2def0bb8e,1,
LTMD_U1_W2_MATH_ASSET_AUDIT_0.1,H2018P3DMA,U1-H2018P3DMA,2018,3,Desafíos matemáticos. Libro para el alumno,72,226,72,https://historico.conaliteg.gob.mx/c/H2018P3DMA/072.jpg,0,source_jpeg,served_image,200,image/jpeg,263716,dbd46a74c273b0d8df0395d4e2a304287fe9fb5678665097c7b0a3d52e7135ed,1,
LTMD_U1_W2_MATH_ASSET_AUDIT_0.1,H2018P3DMA,U1-H2018P3DMA,2018,3,Desafíos matemáticos. Libro para el alumno,73,226,73,https://historico.conaliteg.gob.mx/c/H2018P3DMA/073.jpg,0,source_jpeg,served_image,200,image/jpeg,163078,9015e2816ac70852133f628049b27e0a69fb22006064e961bcf801610c7112c7,1,
LTMD_U1_W2_MATH_ASSET_AUDIT_0.1,H2018P3DMA,U1-H2018P3DMA,2018,3,Desafíos matemáticos. Libro para el alumno,74,226,74,https://historico.conaliteg.gob.mx/c/H2018P3DMA/074.jpg,0,source_jpeg,served_image,200,image/jpeg,141179,35d5cd933e6c0ae11d31dc7f9d3172941d4e6772935012b153d022e5f61f2520,1,
LTMD_U1_W2_MATH_ASSET_AUDIT_0.1,H2018P3DMA,U1-H2018P3DMA,2018,3,Desafíos matemáticos. Libro para el alumno,75,226,75,https://historico.conaliteg.gob.mx/c/H2018P3DMA/075.jpg,0,source_jpeg,served_image,200,image/jpeg,302545,19e177e2e240e44af02988244b6f371fdeca25a5c89cd8e90eaa9e8592a68684,1,
LTMD_U1_W2_MATH_ASSET_AUDIT_0.1,H2018P3DMA,U1-H2018P3DMA,2018,3,Desafíos matemáticos. Libro para el alumno,76,226,76,https://historico.conaliteg.gob.mx/c/H2018P3DMA/076.jpg,0,source_jpeg,served_image,200,image/jpeg,268343,bd87645f0aa06ad3fdfe4dfdb90f85ae500c3cfdb3af309001e0534b8c272cee,1,
LTMD_U1_W2_MATH_ASSET_AUDIT_0.1,H2018P3DMA,U1-H2018P3DMA,2018,3,Desafíos matemáticos. Libro para el alumno,77,226,77,https://historico.conaliteg.gob.mx/c/H2018P3DMA/077.jpg,0,source_jpeg,served_image,200,image/jpeg,259156,da55bec4082ebe2b3ed012ccb2a1b3599d4b03ce4caec8bb98aa0607b4d77f3e,1,
LTMD_U1_W2_MATH_ASSET_AUDIT_0.1,H2018P3DMA,U1-H2018P3DMA,2018,3,Desafíos matemáticos. Libro para el alumno,78,226,78,https://historico.conaliteg.gob.mx/c/H2018P3DMA/078.jpg,0,source_jpeg,served_image,200,image/jpeg,228802,97ba601bd80df45a1d60fd082218b084223741296c215db27cfe3c1d505b14df,1,
LTMD_U1_W2_MATH_ASSET_AUDIT_0.1,H2018P3DMA,U1-H2018P3DMA,2018,3,Desafíos matemáticos. Libro para el alumno,79,226,79,https://historico.conaliteg.gob.mx/c/H2018P3DMA/079.jpg,0,source_jpeg,served_image,200,image/jpeg,240700,5fda92320c4895ee20d7a478dc89de8944452408fa698eca8ff66de6574f87b2,1,
LTMD_U1_W2_MATH_ASSET_AUDIT_0.1,H2018P3DMA,U1-H2018P3DMA,2018,3,Desafíos matemáticos. Libro para el alumno,80,226,80,https://historico.conaliteg.gob.mx/c/H2018P3DMA/080.jpg,0,source_jpeg,served_image,200,image/jpeg,263356,e19b357fc3decd0515d7409220968535787f1edd6967aa1b0eb64331c84709a0,1,
LTMD_U1_W2_MATH_ASSET_AUDIT_0.1,H2018P3DMA,U1-H2018P3DMA,2018,3,Desafíos matemáticos. Libro para el alumno,81,226,81,https://historico.conaliteg.gob.mx/c/H2018P3DMA/081.jpg,0,source_jpeg,served_image,200,image/jpeg,179258,2034387d3aec3e478f168415cde724ba6300b43ba2d020ce863fc9d85a95999e,1,
LTMD_U1_W2_MATH_ASSET_AUDIT_0.1,H2018P3DMA,U1-H2018P3DMA,2018,3,Desafíos matemáticos. Libro para el alumno,82,226,82,https://historico.conaliteg.gob.mx/c/H2018P3DMA/082.jpg,0,source_jpeg,served_image,200,image/jpeg,250816,c3e1ee7c0f88c47f6fe947d5724f23da8a7d6b3bbf1745fc52de96ca61c46884,1,
LTMD_U1_W2_MATH_ASSET_AUDIT_0.1,H2018P3DMA,U1-H2018P3DMA,2018,3,Desafíos matemáticos. Libro para el alumno,83,226,83,https://historico.conaliteg.gob.mx/c/H2018P3DMA/083.jpg,0,source_jpeg,served_image,200,image/jpeg,450604,88c3cc1a206fb874dc5e76fa5b25286cd81a190298a699681d8d2eef1d7dd045,1,
LTMD_U1_W2_MATH_ASSET_AUDIT_0.1,H2018P3DMA,U1-H2018P3DMA,2018,3,Desafíos matemáticos. Libro para el alumno,84,226,84,https://historico.conaliteg.gob.mx/c/H2018P3DMA/084.jpg,0,source_jpeg,served_image,200,image/jpeg,153623,97ae78723faada5fcde466757435b33d3244ceb63399b4ecbd9d394f592310de,1,
LTMD_U1_W2_MATH_ASSET_AUDIT_0.1,H2018P3DMA,U1-H2018P3DMA,2018,3,Desafíos matemáticos. Libro para el alumno,85,226,85,https://historico.conaliteg.gob.mx/c/H2018P3DMA/085.jpg,0,source_jpeg,served_image,200,image/jpeg,293163,ec873341b8c768c3579f5101c53a8a6365c2d9907953235825662b29c4ee95e5,1,
LTMD_U1_W2_MATH_ASSET_AUDIT_0.1,H2018P3DMA,U1-H2018P3DMA,2018,3,Desafíos matemáticos. Libro para el alumno,86,226,86,https://historico.conaliteg.gob.mx/c/H2018P3DMA/086.jpg,0,source_jpeg,served_image,200,image/jpeg,237220,8d05f6593459e760716f0341ba4a7faf40887a4a24523807192d56cc810a4c60,1,
LTMD_U1_W2_MATH_ASSET_AUDIT_0.1,H2018P3DMA,U1-H2018P3DMA,2018,3,Desafíos matemáticos. Libro para el alumno,87,226,87,https://historico.conaliteg.gob.mx/c/H2018P3DMA/087.jpg,0,source_jpeg,served_image,200,image/jpeg,148001,14ad91726a4aedea6d9daf8198463f3ca7d09beb124275c5778b6a4c5c42b3f4,1,
LTMD_U1_W2_MATH_ASSET_AUDIT_0.1,H2018P3DMA,U1-H2018P3DMA,2018,3,Desafíos matemáticos. Libro para el alumno,88,226,88,https://historico.conaliteg.gob.mx/c/H2018P3DMA/088.jpg,0,source_jpeg,served_image,200,image/jpeg,226546,608a341ad58f4db62e8f6c13af19c5d078116507328bbab5166ad116ba92a75d,1,
LTMD_U1_W2_MATH_ASSET_AUDIT_0.1,H2018P3DMA,U1-H2018P3DMA,2018,3,Desafíos matemáticos. Libro para el alumno,89,226,89,https://historico.conaliteg.gob.mx/c/H2018P3DMA/089.jpg,0,source_jpeg,served_image,200,image/jpeg,270412,177d28c15f05d4f31f2f4eb2b523650d70de69c0ffdfdb5f77b9260890789da3,1,
LTMD_U1_W2_MATH_ASSET_AUDIT_0.1,H2018P3DMA,U1-H2018P3DMA,2018,3,Desafíos matemáticos. Libro para el alumno,90,226,90,https://historico.conaliteg.gob.mx/c/H2018P3DMA/090.jpg,0,source_jpeg,served_image,200,image/jpeg,203289,a11da93ba9229db2a3926f4b1133aead9995eb096ae3a31f58faa408319f09e2,1,
LTMD_U1_W2_MATH_ASSET_AUDIT_0.1,H2018P3DMA,U1-H2018P3DMA,2018,3,Desafíos matemáticos. Libro para el alumno,91,226,91,https://historico.conaliteg.gob.mx/c/H2018P3DMA/091.jpg,0,source_jpeg,served_image,200,image/jpeg,211824,0a9c4467592eec40018dfd345fa4df1aacc7de6a705345382c20ebdfed861d8a,1,
LTMD_U1_W2_MATH_ASSET_AUDIT_0.1,H2018P3DMA,U1-H2018P3DMA,2018,3,Desafíos matemáticos. Libro para el alumno,92,226,92,https://historico.conaliteg.gob.mx/c/H2018P3DMA/092.jpg,0,source_jpeg,served_image,200,image/jpeg,202759,ffcfc0181559d02723d1c29ae174cb5d48e28c2f9f653bb2b0ccea2f3c561c30,1,
LTMD_U1_W2_MATH_ASSET_AUDIT_0.1,H2018P3DMA,U1-H2018P3DMA,2018,3,Desafíos matemáticos. Libro para el alumno,93,226,93,https://historico.conaliteg.gob.mx/c/H2018P3DMA/093.jpg,0,source_jpeg,served_image,200,image/jpeg,310683,fb8ba38ba786c8a0174d0507586b0e7026c234de5d2d1ee79c425b60d2721f9e,1,
LTMD_U1_W2_MATH_ASSET_AUDIT_0.1,H2018P3DMA,U1-H2018P3DMA,2018,3,Desafíos matemáticos. Libro para el alumno,94,226,94,https://historico.conaliteg.gob.mx/c/H2018P3DMA/094.jpg,0,source_jpeg,served_image,200,image/jpeg,268798,27f697ae58023b6cb79de632fbb29a8b6f797e129776d4504c9c1834520753f8,1,
LTMD_U1_W2_MATH_ASSET_AUDIT_0.1,H2018P3DMA,U1-H2018P3DMA,2018,3,Desafíos matemáticos. Libro para el alumno,95,226,95,https://historico.conaliteg.gob.mx/c/H2018P3DMA/095.jpg,0,source_jpeg,served_image,200,image/jpeg,322155,2aec95b229e47b73f78066f7f087aed85cf0d92fa8578712eba7ff79d2f0e174,1,
LTMD_U1_W2_MATH_ASSET_AUDIT_0.1,H2018P3DMA,U1-H2018P3DMA,2018,3,Desafíos matemáticos. Libro para el alumno,96,226,96,https://historico.conaliteg.gob.mx/c/H2018P3DMA/096.jpg,0,source_jpeg,served_image,200,image/jpeg,362161,7dd155f068dcf35cc52cfc5151c74b73e30dbb7749d70c6fc69b5363ec95f83c,1,
LTMD_U1_W2_MATH_ASSET_AUDIT_0.1,H2018P3DMA,U1-H2018P3DMA,2018,3,Desafíos matemáticos. Libro para el alumno,97,226,97,https://historico.conaliteg.gob.mx/c/H2018P3DMA/097.jpg,0,source_jpeg,served_image,200,image/jpeg,284580,1a69c1cb23b2e20e39b27c63403ee5913ac028bfcd93916a88919b0947129af1,1,
LTMD_U1_W2_MATH_ASSET_AUDIT_0.1,H2018P3DMA,U1-H2018P3DMA,2018,3,Desafíos matemáticos. Libro para el alumno,98,226,98,https://historico.conaliteg.gob.mx/c/H2018P3DMA/098.jpg,0,source_jpeg,served_image,200,image/jpeg,209684,32271a2567714a046b3176894dbd3964d418305535e22ad95d4825b9305bff89,1,
LTMD_U1_W2_MATH_ASSET_AUDIT_0.1,H2018P3DMA,U1-H2018P3DMA,2018,3,Desafíos matemáticos. Libro para el alumno,99,226,99,https://historico.conaliteg.gob.mx/c/H2018P3DMA/099.jpg,0,source_jpeg,served_image,200,image/jpeg,328533,98e3bafae4f39e74e900ed29b9a86087cce76e7723c6fa32998af3e0b351bf18,1,
LTMD_U1_W2_MATH_ASSET_AUDIT_0.1,H2018P3DMA,U1-H2018P3DMA,2018,3,Desafíos matemáticos. Libro para el alumno,100,226,100,https://historico.conaliteg.gob.mx/c/H2018P3DMA/100.jpg,0,source_jpeg,served_image,200,image/jpeg,310200,c57d8f400e4e6f46da03cc0f3624d9abf9e5cdcbef17cc1cf0b8e43f284eefff,1,
LTMD_U1_W2_MATH_ASSET_AUDIT_0.1,H2018P3DMA,U1-H2018P3DMA,2018,3,Desafíos matemáticos. Libro para el alumno,101,226,101,https://historico.conaliteg.gob.mx/c/H2018P3DMA/101.jpg,0,source_jpeg,served_image,200,image/jpeg,278875,94a1699422ac2185061b93d4fd73f63d07b29d7dd3679cfd01e03040311f64dc,1,
LTMD_U1_W2_MATH_ASSET_AUDIT_0.1,H2018P3DMA,U1-H2018P3DMA,2018,3,Desafíos matemáticos. Libro para el alumno,102,226,102,https://historico.conaliteg.gob.mx/c/H2018P3DMA/102.jpg,0,source_jpeg,served_image,200,image/jpeg,203408,10919f807d3f160fb1da902e7f819732d39acbc63c6bded704be61c7cc7abd0c,1,
LTMD_U1_W2_MATH_ASSET_AUDIT_0.1,H2018P3DMA,U1-H2018P3DMA,2018,3,Desafíos matemáticos. Libro para el alumno,103,226,103,https://historico.conaliteg.gob.mx/c/H2018P3DMA/103.jpg,0,source_jpeg,served_image,200,image/jpeg,288968,be313f1950c48b181708443222b85a409b20815b488bcbad566cfcaeb1d0c156,1,
LTMD_U1_W2_MATH_ASSET_AUDIT_0.1,H2018P3DMA,U1-H2018P3DMA,2018,3,Desafíos matemáticos. Libro para el alumno,104,226,104,https://historico.conaliteg.gob.mx/c/H2018P3DMA/104.jpg,0,source_jpeg,served_image,200,image/jpeg,343420,f2a8db4261638154c8d840c496ac301b274f4a78256b3778d4dff9949ae77551,1,
LTMD_U1_W2_MATH_ASSET_AUDIT_0.1,H2018P3DMA,U1-H2018P3DMA,2018,3,Desafíos matemáticos. Libro para el alumno,105,226,105,https://historico.conaliteg.gob.mx/c/H2018P3DMA/105.jpg,0,source_jpeg,served_image,200,image/jpeg,338678,53a82dd088498fceaf8828a680feec47156b350c841a28a777014f578e07f893,1,
LTMD_U1_W2_MATH_ASSET_AUDIT_0.1,H2018P3DMA,U1-H2018P3DMA,2018,3,Desafíos matemáticos. Libro para el alumno,106,226,106,https://historico.conaliteg.gob.mx/c/H2018P3DMA/106.jpg,0,source_jpeg,served_image,200,image/jpeg,300955,c755bf38f08340a8433b8b2c41a6dfa3a012a595b2e01957d23f14485fa9872e,1,
LTMD_U1_W2_MATH_ASSET_AUDIT_0.1,H2018P3DMA,U1-H2018P3DMA,2018,3,Desafíos matemáticos. Libro para el alumno,107,226,107,https://historico.conaliteg.gob.mx/c/H2018P3DMA/107.jpg,0,source_jpeg,served_image,200,image/jpeg,304633,57fc79a6e33a84a507ec9db44222894538e8d164736ef1865095e65cdbf1f72e,1,
LTMD_U1_W2_MATH_ASSET_AUDIT_0.1,H2018P3DMA,U1-H2018P3DMA,2018,3,Desafíos matemáticos. Libro para el alumno,108,226,108,https://historico.conaliteg.gob.mx/c/H2018P3DMA/108.jpg,0,source_jpeg,served_image,200,image/jpeg,257204,94032056554333823377bfbab6dee7bd34902875fd5896ae2e349eea9ad0e522,1,
LTMD_U1_W2_MATH_ASSET_AUDIT_0.1,H2018P3DMA,U1-H2018P3DMA,2018,3,Desafíos matemáticos. Libro para el alumno,109,226,109,https://historico.conaliteg.gob.mx/c/H2018P3DMA/109.jpg,0,source_jpeg,served_image,200,image/jpeg,249097,36310bf0044eb2556f0d2fdc16c3f3abbee4728f8f36e9dabd7ef139d5a59ad6,1,
LTMD_U1_W2_MATH_ASSET_AUDIT_0.1,H2018P3DMA,U1-H2018P3DMA,2018,3,Desafíos matemáticos. Libro para el alumno,110,226,110,https://historico.conaliteg.gob.mx/c/H2018P3DMA/110.jpg,0,source_jpeg,served_image,200,image/jpeg,221172,73fb086a7c9750c1612982dd3e0a6f8643c18f1e0573a1588eb5ce6a3e75d05a,1,
LTMD_U1_W2_MATH_ASSET_AUDIT_0.1,H2018P3DMA,U1-H2018P3DMA,2018,3,Desafíos matemáticos. Libro para el alumno,111,226,111,https://historico.conaliteg.gob.mx/c/H2018P3DMA/111.jpg,0,source_jpeg,served_image,200,image/jpeg,321137,6113c92a125f372ddc196cd2c117c5f0adb498d28214f0f79dd8417b6c3d835b,1,
LTMD_U1_W2_MATH_ASSET_AUDIT_0.1,H2018P3DMA,U1-H2018P3DMA,2018,3,Desafíos matemáticos. Libro para el alumno,112,226,112,https://historico.conaliteg.gob.mx/c/H2018P3DMA/112.jpg,0,source_jpeg,served_image,200,image/jpeg,181955,d22745e50949645d314e2ed0afb7cb1a525310ef0a7763c9e9282aa7c12a6161,1,
LTMD_U1_W2_MATH_ASSET_AUDIT_0.1,H2018P3DMA,U1-H2018P3DMA,2018,3,Desafíos matemáticos. Libro para el alumno,113,226,113,https://historico.conaliteg.gob.mx/c/H2018P3DMA/113.jpg,0,source_jpeg,served_image,200,image/jpeg,184478,a4d258650e17f8b846fdca9c11a52a71566af5be8327e79b545927c623fd3cbf,1,
LTMD_U1_W2_MATH_ASSET_AUDIT_0.1,H2018P3DMA,U1-H2018P3DMA,2018,3,Desafíos matemáticos. Libro para el alumno,114,226,114,https://historico.conaliteg.gob.mx/c/H2018P3DMA/114.jpg,0,source_jpeg,served_image,200,image/jpeg,129055,994b559b0d62c882472d4019cdfba944e8d2c3462b4fafd5cdbf701f1f33d01d,1,
LTMD_U1_W2_MATH_ASSET_AUDIT_0.1,H2018P3DMA,U1-H2018P3DMA,2018,3,Desafíos matemáticos. Libro para el alumno,115,226,115,https://historico.conaliteg.gob.mx/c/H2018P3DMA/115.jpg,0,source_jpeg,served_image,200,image/jpeg,190757,172da220bd562950fc5bce35eabcffad8b2b0e528ea1f69f8031783abc7d4372,1,
LTMD_U1_W2_MATH_ASSET_AUDIT_0.1,H2018P3DMA,U1-H2018P3DMA,2018,3,Desafíos matemáticos. Libro para el alumno,116,226,116,https://historico.conaliteg.gob.mx/c/H2018P3DMA/116.jpg,0,source_jpeg,served_image,200,image/jpeg,180486,312dc1046ba5d190e3a130067e5105f50726ef62130581a0de10d9a13792abb8,1,
LTMD_U1_W2_MATH_ASSET_AUDIT_0.1,H2018P3DMA,U1-H2018P3DMA,2018,3,Desafíos matemáticos. Libro para el alumno,117,226,117,https://historico.conaliteg.gob.mx/c/H2018P3DMA/117.jpg,0,source_jpeg,served_image,200,image/jpeg,292272,bdad95d9588ef8946a80d41ccf1ea9935d1232af5df74aed52608b399490fc07,1,
LTMD_U1_W2_MATH_ASSET_AUDIT_0.1,H2018P3DMA,U1-H2018P3DMA,2018,3,Desafíos matemáticos. Libro para el alumno,118,226,118,https://historico.conaliteg.gob.mx/c/H2018P3DMA/118.jpg,0,source_jpeg,served_image,200,image/jpeg,242634,c68015ff6f62c3d81bd6a58a189b693ced54f2ecb54feed732fc6d3b2620a497,1,
LTMD_U1_W2_MATH_ASSET_AUDIT_0.1,H2018P3DMA,U1-H2018P3DMA,2018,3,Desafíos matemáticos. Libro para el alumno,119,226,119,https://historico.conaliteg.gob.mx/c/H2018P3DMA/119.jpg,0,source_jpeg,served_image,200,image/jpeg,235066,4c2fcba45c56b93a8a02fca3d75724344494a554f764998e343d4332169f0ba6,1,
LTMD_U1_W2_MATH_ASSET_AUDIT_0.1,H2018P3DMA,U1-H2018P3DMA,2018,3,Desafíos matemáticos. Libro para el alumno,120,226,120,https://historico.conaliteg.gob.mx/c/H2018P3DMA/120.jpg,0,source_jpeg,served_image,200,image/jpeg,248775,428bdc468d3c51432ef9e30efbd7fe51bfb5229568ac376f68185e477ddf5144,1,
LTMD_U1_W2_MATH_ASSET_AUDIT_0.1,H2018P3DMA,U1-H2018P3DMA,2018,3,Desafíos matemáticos. Libro para el alumno,121,226,121,https://historico.conaliteg.gob.mx/c/H2018P3DMA/121.jpg,0,source_jpeg,served_image,200,image/jpeg,286302,4ac088d94b3fe50d2ed43163c006d7fcdcd0272b09af4d42047361599163aae9,1,
LTMD_U1_W2_MATH_ASSET_AUDIT_0.1,H2018P3DMA,U1-H2018P3DMA,2018,3,Desafíos matemáticos. Libro para el alumno,122,226,122,https://historico.conaliteg.gob.mx/c/H2018P3DMA/122.jpg,0,source_jpeg,served_image,200,image/jpeg,208380,9625f709528f84e941f12084a8ecf3123effd1017a2db51855968108eda7042e,1,
LTMD_U1_W2_MATH_ASSET_AUDIT_0.1,H2018P3DMA,U1-H2018P3DMA,2018,3,Desafíos matemáticos. Libro para el alumno,123,226,123,https://historico.conaliteg.gob.mx/c/H2018P3DMA/123.jpg,0,source_jpeg,served_image,200,image/jpeg,240151,d01848409f8bd8171bc9264eb0d3db822bebf0e6db66bf9a493a8bc5ec108196,1,
LTMD_U1_W2_MATH_ASSET_AUDIT_0.1,H2018P3DMA,U1-H2018P3DMA,2018,3,Desafíos matemáticos. Libro para el alumno,124,226,124,https://historico.conaliteg.gob.mx/c/H2018P3DMA/124.jpg,0,source_jpeg,served_image,200,image/jpeg,245517,84f27affffbaca0abfcb8cc4e18bb91e8d0638e2a633472622b38d8d931c9ee2,1,
LTMD_U1_W2_MATH_ASSET_AUDIT_0.1,H2018P3DMA,U1-H2018P3DMA,2018,3,Desafíos matemáticos. Libro para el alumno,125,226,125,https://historico.conaliteg.gob.mx/c/H2018P3DMA/125.jpg,0,source_jpeg,served_image,200,image/jpeg,259605,7fcf795bfc5f04d58b8b123e5480d75cb0c17efddfae4530e9656fd313632303,1,
LTMD_U1_W2_MATH_ASSET_AUDIT_0.1,H2018P3DMA,U1-H2018P3DMA,2018,3,Desafíos matemáticos. Libro para el alumno,126,226,126,https://historico.conaliteg.gob.mx/c/H2018P3DMA/126.jpg,0,source_jpeg,served_image,200,image/jpeg,335596,c2d751acb4d864568152b7ff6c2ea26e3f441e94454032f4ad2902763af9a81e,1,
LTMD_U1_W2_MATH_ASSET_AUDIT_0.1,H2018P3DMA,U1-H2018P3DMA,2018,3,Desafíos matemáticos. Libro para el alumno,127,226,127,https://historico.conaliteg.gob.mx/c/H2018P3DMA/127.jpg,0,source_jpeg,served_image,200,image/jpeg,345863,f46902159d69cde91357827ac7b4134552bcec22dab46d33ea0c72b07e9836b1,1,
LTMD_U1_W2_MATH_ASSET_AUDIT_0.1,H2018P3DMA,U1-H2018P3DMA,2018,3,Desafíos matemáticos. Libro para el alumno,128,226,128,https://historico.conaliteg.gob.mx/c/H2018P3DMA/128.jpg,0,source_jpeg,served_image,200,image/jpeg,147009,308bf69cbac69a9e1517f12e8f885e41bdee75030596a47b89646a2ec99bf0c9,1,
LTMD_U1_W2_MATH_ASSET_AUDIT_0.1,H2018P3DMA,U1-H2018P3DMA,2018,3,Desafíos matemáticos. Libro para el alumno,129,226,129,https://historico.conaliteg.gob.mx/c/H2018P3DMA/129.jpg,0,source_jpeg,served_image,200,image/jpeg,267240,d8c7d4cb9b55ee9f6d9e8c6de220e9563b1dc2dd84b89e65122f51a1aa8afd7c,1,
LTMD_U1_W2_MATH_ASSET_AUDIT_0.1,H2018P3DMA,U1-H2018P3DMA,2018,3,Desafíos matemáticos. Libro para el alumno,130,226,130,https://historico.conaliteg.gob.mx/c/H2018P3DMA/130.jpg,0,source_jpeg,served_image,200,image/jpeg,226227,78806317fee839ba54d150e42ebb9d40f66ac22994d9157e431d6788c1faac97,1,
LTMD_U1_W2_MATH_ASSET_AUDIT_0.1,H2018P3DMA,U1-H2018P3DMA,2018,3,Desafíos matemáticos. Libro para el alumno,131,226,131,https://historico.conaliteg.gob.mx/c/H2018P3DMA/131.jpg,0,source_jpeg,served_image,200,image/jpeg,225488,50abb21d02d7dfb7e7194f7d1c350409c17e35a460d0dbc56fce9c534ca7b299,1,
LTMD_U1_W2_MATH_ASSET_AUDIT_0.1,H2018P3DMA,U1-H2018P3DMA,2018,3,Desafíos matemáticos. Libro para el alumno,132,226,132,https://historico.conaliteg.gob.mx/c/H2018P3DMA/132.jpg,0,source_jpeg,served_image,200,image/jpeg,211559,1fb6e06ff289573c555aa02eb34aaa2186fd7e95aee5710b993ce159fa239acf,1,
LTMD_U1_W2_MATH_ASSET_AUDIT_0.1,H2018P3DMA,U1-H2018P3DMA,2018,3,Desafíos matemáticos. Libro para el alumno,133,226,133,https://historico.conaliteg.gob.mx/c/H2018P3DMA/133.jpg,0,source_jpeg,served_image,200,image/jpeg,263033,e65295b5e90582264b2eb423c90d795c5b56f4b9d41d093e2701ebdc66a99cdd,1,
LTMD_U1_W2_MATH_ASSET_AUDIT_0.1,H2018P3DMA,U1-H2018P3DMA,2018,3,Desafíos matemáticos. Libro para el alumno,134,226,134,https://historico.conaliteg.gob.mx/c/H2018P3DMA/134.jpg,0,source_jpeg,served_image,200,image/jpeg,219523,096156f53e928ca3507108ea340cddd0a1b07de771363885cb2bb7e45a967c98,1,
LTMD_U1_W2_MATH_ASSET_AUDIT_0.1,H2018P3DMA,U1-H2018P3DMA,2018,3,Desafíos matemáticos. Libro para el alumno,135,226,135,https://historico.conaliteg.gob.mx/c/H2018P3DMA/135.jpg,0,source_jpeg,served_image,200,image/jpeg,195456,1ec7445b717b577b5bb1252d038fe397eb4dbd55d281a9c81cdd5ffbfcee37aa,1,
LTMD_U1_W2_MATH_ASSET_AUDIT_0.1,H2018P3DMA,U1-H2018P3DMA,2018,3,Desafíos matemáticos. Libro para el alumno,136,226,136,https://historico.conaliteg.gob.mx/c/H2018P3DMA/136.jpg,0,source_jpeg,served_image,200,image/jpeg,198539,b813c468fe4a5de5ec3500ec5f154c1ee1874289ad0d8d06a48d64a5c4c26988,1,
LTMD_U1_W2_MATH_ASSET_AUDIT_0.1,H2018P3DMA,U1-H2018P3DMA,2018,3,Desafíos matemáticos. Libro para el alumno,137,226,137,https://historico.conaliteg.gob.mx/c/H2018P3DMA/137.jpg,0,source_jpeg,served_image,200,image/jpeg,213797,a13119caf1eec9c5cc4c5aed0486adf8e25193f0b21d2d150186550da7d86feb,1,
LTMD_U1_W2_MATH_ASSET_AUDIT_0.1,H2018P3DMA,U1-H2018P3DMA,2018,3,Desafíos matemáticos. Libro para el alumno,138,226,138,https://historico.conaliteg.gob.mx/c/H2018P3DMA/138.jpg,0,source_jpeg,served_image,200,image/jpeg,143635,6cf9a6d804019961f8c575eec00445b0955364781fd5ed4dfee545f30f941126,1,
LTMD_U1_W2_MATH_ASSET_AUDIT_0.1,H2018P3DMA,U1-H2018P3DMA,2018,3,Desafíos matemáticos. Libro para el alumno,139,226,139,https://historico.conaliteg.gob.mx/c/H2018P3DMA/139.jpg,0,source_jpeg,served_image,200,image/jpeg,111634,ea2d43d02aa985edaa07db2e19f8a1fb135137af3924a56b424e7beb5c2c9393,1,
LTMD_U1_W2_MATH_ASSET_AUDIT_0.1,H2018P3DMA,U1-H2018P3DMA,2018,3,Desafíos matemáticos. Libro para el alumno,140,226,140,https://historico.conaliteg.gob.mx/c/H2018P3DMA/140.jpg,0,source_jpeg,served_image,200,image/jpeg,128135,ad822c8776d74577f46dc722d3c1746beab573ce966f69a5bf6af3a978e72b0c,1,
LTMD_U1_W2_MATH_ASSET_AUDIT_0.1,H2018P3DMA,U1-H2018P3DMA,2018,3,Desafíos matemáticos. Libro para el alumno,141,226,141,https://historico.conaliteg.gob.mx/c/H2018P3DMA/141.jpg,0,source_jpeg,served_image,200,image/jpeg,352601,43101898b60d8eb8f53a4754f80346d8fc6d796df88f997e2ebe19938475706f,1,
LTMD_U1_W2_MATH_ASSET_AUDIT_0.1,H2018P3DMA,U1-H2018P3DMA,2018,3,Desafíos matemáticos. Libro para el alumno,142,226,142,https://historico.conaliteg.gob.mx/c/H2018P3DMA/142.jpg,0,source_jpeg,served_image,200,image/jpeg,271484,44c635c9993374f6c89ea016aa3c42dd87b3a7b114b05cf3f8e263677eb41e7f,1,
LTMD_U1_W2_MATH_ASSET_AUDIT_0.1,H2018P3DMA,U1-H2018P3DMA,2018,3,Desafíos matemáticos. Libro para el alumno,143,226,143,https://historico.conaliteg.gob.mx/c/H2018P3DMA/143.jpg,0,source_jpeg,served_image,200,image/jpeg,118648,6f9b1639eecf039da87ecd2249637ca2eb71459cd21f0d439ef3e3cb9ce03310,1,
LTMD_U1_W2_MATH_ASSET_AUDIT_0.1,H2018P3DMA,U1-H2018P3DMA,2018,3,Desafíos matemáticos. Libro para el alumno,144,226,144,https://historico.conaliteg.gob.mx/c/H2018P3DMA/144.jpg,0,source_jpeg,served_image,200,image/jpeg,179764,b1fd18b6f1d8d84a38c91730c72df5d80fabe61594cd43f7c1b48075dde88075,1,
LTMD_U1_W2_MATH_ASSET_AUDIT_0.1,H2018P3DMA,U1-H2018P3DMA,2018,3,Desafíos matemáticos. Libro para el alumno,145,226,145,https://historico.conaliteg.gob.mx/c/H2018P3DMA/145.jpg,0,source_jpeg,served_image,200,image/jpeg,180770,479c528bc6ae9024f11dc986e4f58ad2b80ea1f6ca2475e73febb1cca9e7c946,1,
LTMD_U1_W2_MATH_ASSET_AUDIT_0.1,H2018P3DMA,U1-H2018P3DMA,2018,3,Desafíos matemáticos. Libro para el alumno,146,226,146,https://historico.conaliteg.gob.mx/c/H2018P3DMA/146.jpg,0,source_jpeg,served_image,200,image/jpeg,259654,5d2763d2e591db361bee03ac4ceedd4fb75bd97adced5341086335b855cff0ae,1,
LTMD_U1_W2_MATH_ASSET_AUDIT_0.1,H2018P3DMA,U1-H2018P3DMA,2018,3,Desafíos matemáticos. Libro para el alumno,147,226,147,https://historico.conaliteg.gob.mx/c/H2018P3DMA/147.jpg,0,source_jpeg,served_image,200,image/jpeg,252774,60a0ab0d6e62ae77a455104e0315bacd8ab18f4ac0992fec6e41b0a2555f3626,1,
LTMD_U1_W2_MATH_ASSET_AUDIT_0.1,H2018P3DMA,U1-H2018P3DMA,2018,3,Desafíos matemáticos. Libro para el alumno,148,226,148,https://historico.conaliteg.gob.mx/c/H2018P3DMA/148.jpg,0,source_jpeg,served_image,200,image/jpeg,288509,f3752327f5e2b7ed8b5845e1bc3d4113b8358f4c414ff369e0775865cbfa66f6,1,
LTMD_U1_W2_MATH_ASSET_AUDIT_0.1,H2018P3DMA,U1-H2018P3DMA,2018,3,Desafíos matemáticos. Libro para el alumno,149,226,149,https://historico.conaliteg.gob.mx/c/H2018P3DMA/149.jpg,0,source_jpeg,served_image,200,image/jpeg,376711,75142169fb9a51edac9d053dffc78dfcf9ec62ebc76c7d3bf0b2cb6a27cbcf52,1,
LTMD_U1_W2_MATH_ASSET_AUDIT_0.1,H2018P3DMA,U1-H2018P3DMA,2018,3,Desafíos matemáticos. Libro para el alumno,150,226,150,https://historico.conaliteg.gob.mx/c/H2018P3DMA/150.jpg,0,source_jpeg,served_image,200,image/jpeg,216953,246eece83321b9c9c3563d02cd23f3225041db72116e95a3d18e8a71ef438e62,1,
LTMD_U1_W2_MATH_ASSET_AUDIT_0.1,H2018P3DMA,U1-H2018P3DMA,2018,3,Desafíos matemáticos. Libro para el alumno,151,226,151,https://historico.conaliteg.gob.mx/c/H2018P3DMA/151.jpg,0,source_jpeg,served_image,200,image/jpeg,387336,77678c37bca72590ff43e908d520c96f07a912acd66109d11fdfb88fa385bf3f,1,
LTMD_U1_W2_MATH_ASSET_AUDIT_0.1,H2018P3DMA,U1-H2018P3DMA,2018,3,Desafíos matemáticos. Libro para el alumno,152,226,152,https://historico.conaliteg.gob.mx/c/H2018P3DMA/152.jpg,0,source_jpeg,served_image,200,image/jpeg,290299,2f69c39c07862ea15c645c2731214d67bec4d617afcb888f0127a8eb894498e5,1,
LTMD_U1_W2_MATH_ASSET_AUDIT_0.1,H2018P3DMA,U1-H2018P3DMA,2018,3,Desafíos matemáticos. Libro para el alumno,153,226,153,https://historico.conaliteg.gob.mx/c/H2018P3DMA/153.jpg,0,source_jpeg,served_image,200,image/jpeg,226769,1d142fbf936ba3c6a0c6a671eaa27d162a8245214d0e1e66314a5508b4a17222,1,
LTMD_U1_W2_MATH_ASSET_AUDIT_0.1,H2018P3DMA,U1-H2018P3DMA,2018,3,Desafíos matemáticos. Libro para el alumno,154,226,154,https://historico.conaliteg.gob.mx/c/H2018P3DMA/154.jpg,0,source_jpeg,served_image,200,image/jpeg,354695,c3fefea961ff480939d9f6f476e27e59fff03f28d5fa11616651779b90ca09dc,1,
LTMD_U1_W2_MATH_ASSET_AUDIT_0.1,H2018P3DMA,U1-H2018P3DMA,2018,3,Desafíos matemáticos. Libro para el alumno,155,226,155,https://historico.conaliteg.gob.mx/c/H2018P3DMA/155.jpg,0,source_jpeg,served_image,200,image/jpeg,400913,17e5fb833c8b4f66b8e5da5c3c5f174368de2737fd1c5013bb241e88bab96e0d,1,
LTMD_U1_W2_MATH_ASSET_AUDIT_0.1,H2018P3DMA,U1-H2018P3DMA,2018,3,Desafíos matemáticos. Libro para el alumno,156,226,156,https://historico.conaliteg.gob.mx/c/H2018P3DMA/156.jpg,0,source_jpeg,served_image,200,image/jpeg,389440,6336a6622e10e6d9cc0aa34509bd3f9a616ea03deb39bd8e708e7597b8387f52,1,
LTMD_U1_W2_MATH_ASSET_AUDIT_0.1,H2018P3DMA,U1-H2018P3DMA,2018,3,Desafíos matemáticos. Libro para el alumno,157,226,157,https://historico.conaliteg.gob.mx/c/H2018P3DMA/157.jpg,0,source_jpeg,served_image,200,image/jpeg,371985,7337102c388d1e2d084e81bcb474d678e53e950174fd656c949a6dcfb84f6733,1,
LTMD_U1_W2_MATH_ASSET_AUDIT_0.1,H2018P3DMA,U1-H2018P3DMA,2018,3,Desafíos matemáticos. Libro para el alumno,158,226,158,https://historico.conaliteg.gob.mx/c/H2018P3DMA/158.jpg,0,source_jpeg,served_image,200,image/jpeg,379425,624a3204e3621d3a79968022dd6819e6a08c93f9c9b35bbab2761f77ed55ad69,1,
LTMD_U1_W2_MATH_ASSET_AUDIT_0.1,H2018P3DMA,U1-H2018P3DMA,2018,3,Desafíos matemáticos. Libro para el alumno,159,226,159,https://historico.conaliteg.gob.mx/c/H2018P3DMA/159.jpg,0,source_jpeg,served_image,200,image/jpeg,342157,4bd226c494bbadb51157eaba0c2cab3d73c59448b037457c06a5bcfdff2e1947,1,
LTMD_U1_W2_MATH_ASSET_AUDIT_0.1,H2018P3DMA,U1-H2018P3DMA,2018,3,Desafíos matemáticos. Libro para el alumno,160,226,160,https://historico.conaliteg.gob.mx/c/H2018P3DMA/160.jpg,0,source_jpeg,served_image,200,image/jpeg,313331,4ff78e8806e78c3c3f8e8f9660ceadf77bdb05e3ab1442ebc2e4a3605e5c3aaf,1,
LTMD_U1_W2_MATH_ASSET_AUDIT_0.1,H2018P3DMA,U1-H2018P3DMA,2018,3,Desafíos matemáticos. Libro para el alumno,161,226,161,https://historico.conaliteg.gob.mx/c/H2018P3DMA/161.jpg,0,source_jpeg,served_image,200,image/jpeg,351179,1d1da865e3332249928f83b4479256cd49687c89fb5f3021968019a2689aeeb7,1,
LTMD_U1_W2_MATH_ASSET_AUDIT_0.1,H2018P3DMA,U1-H2018P3DMA,2018,3,Desafíos matemáticos. Libro para el alumno,162,226,162,https://historico.conaliteg.gob.mx/c/H2018P3DMA/162.jpg,0,source_jpeg,served_image,200,image/jpeg,253617,faa1f8b3f7e6fcfd2bbc43e96b318f9ac233c99a9d0d8328895f7ff64b648142,1,
LTMD_U1_W2_MATH_ASSET_AUDIT_0.1,H2018P3DMA,U1-H2018P3DMA,2018,3,Desafíos matemáticos. Libro para el alumno,163,226,163,https://historico.conaliteg.gob.mx/c/H2018P3DMA/163.jpg,0,source_jpeg,served_image,200,image/jpeg,280908,2de09e8198371d205dd3d5da09a129f659bd7db58fb2cb31a6536e51495cb3c7,1,
LTMD_U1_W2_MATH_ASSET_AUDIT_0.1,H2018P3DMA,U1-H2018P3DMA,2018,3,Desafíos matemáticos. Libro para el alumno,164,226,164,https://historico.conaliteg.gob.mx/c/H2018P3DMA/164.jpg,0,source_jpeg,served_image,200,image/jpeg,186216,03f4818236c83c8777eca34e2726a787555af44ce2f83421217f50a8f07c09bd,1,
LTMD_U1_W2_MATH_ASSET_AUDIT_0.1,H2018P3DMA,U1-H2018P3DMA,2018,3,Desafíos matemáticos. Libro para el alumno,165,226,165,https://historico.conaliteg.gob.mx/c/H2018P3DMA/165.jpg,0,source_jpeg,served_image,200,image/jpeg,244098,4984918a88be4a2d97dd3ed77bce6c3f241584e77adbf30e7deda02884b40321,1,
LTMD_U1_W2_MATH_ASSET_AUDIT_0.1,H2018P3DMA,U1-H2018P3DMA,2018,3,Desafíos matemáticos. Libro para el alumno,166,226,166,https://historico.conaliteg.gob.mx/c/H2018P3DMA/166.jpg,0,source_jpeg,served_image,200,image/jpeg,186216,129cee82fedd03a7e3bfda75660614f310f204b5be916141e7519a684f293cf6,1,
LTMD_U1_W2_MATH_ASSET_AUDIT_0.1,H2018P3DMA,U1-H2018P3DMA,2018,3,Desafíos matemáticos. Libro para el alumno,167,226,167,https://historico.conaliteg.gob.mx/c/H2018P3DMA/167.jpg,0,source_jpeg,served_image,200,image/jpeg,244424,d023735afb7084969adeb41fc4eb20fd6f4790118983c203dca12a6c71fb0df1,1,
LTMD_U1_W2_MATH_ASSET_AUDIT_0.1,H2018P3DMA,U1-H2018P3DMA,2018,3,Desafíos matemáticos. Libro para el alumno,168,226,168,https://historico.conaliteg.gob.mx/c/H2018P3DMA/168.jpg,0,source_jpeg,served_image,200,image/jpeg,186216,d8fbe321c889b2a15b1136950e4356d0be67349d2346a554c738d685c479b181,1,
LTMD_U1_W2_MATH_ASSET_AUDIT_0.1,H2018P3DMA,U1-H2018P3DMA,2018,3,Desafíos matemáticos. Libro para el alumno,169,226,169,https://historico.conaliteg.gob.mx/c/H2018P3DMA/169.jpg,0,source_jpeg,served_image,200,image/jpeg,244144,ac31a9269d10f54c4293627bbd5304c1cf7f2990df17852dbfd07ee3d38c9ef9,1,
LTMD_U1_W2_MATH_ASSET_AUDIT_0.1,H2018P3DMA,U1-H2018P3DMA,2018,3,Desafíos matemáticos. Libro para el alumno,170,226,170,https://historico.conaliteg.gob.mx/c/H2018P3DMA/170.jpg,0,source_jpeg,served_image,200,image/jpeg,186216,c3662ad0d6280a89abd5d252d87df8edc0a1a2ad43b6b7b44cbfb51cd52799b7,1,
LTMD_U1_W2_MATH_ASSET_AUDIT_0.1,H2018P3DMA,U1-H2018P3DMA,2018,3,Desafíos matemáticos. Libro para el alumno,171,226,171,https://historico.conaliteg.gob.mx/c/H2018P3DMA/171.jpg,0,source_jpeg,served_image,200,image/jpeg,162928,0b50d982e631b00f27d8e586d959e8552931b4c8966afc0337f2a27eeb148062,1,
LTMD_U1_W2_MATH_ASSET_AUDIT_0.1,H2018P3DMA,U1-H2018P3DMA,2018,3,Desafíos matemáticos. Libro para el alumno,172,226,172,https://historico.conaliteg.gob.mx/c/H2018P3DMA/172.jpg,0,source_jpeg,served_image,200,image/jpeg,186216,adbc80983af952f7224c363884ff5ac698c2966a0ad39df5fcb1ce4c475d1833,1,
LTMD_U1_W2_MATH_ASSET_AUDIT_0.1,H2018P3DMA,U1-H2018P3DMA,2018,3,Desafíos matemáticos. Libro para el alumno,173,226,173,https://historico.conaliteg.gob.mx/c/H2018P3DMA/173.jpg,0,source_jpeg,served_image,200,image/jpeg,163009,056bf0664aabb0e6227551a3438b624fbcc099fba1da8677a17d3f7e7ce57104,1,
LTMD_U1_W2_MATH_ASSET_AUDIT_0.1,H2018P3DMA,U1-H2018P3DMA,2018,3,Desafíos matemáticos. Libro para el alumno,174,226,174,https://historico.conaliteg.gob.mx/c/H2018P3DMA/174.jpg,0,source_jpeg,served_image,200,image/jpeg,186216,6b03a07d2789c8bf09b5e4ab642ab6dc76cd4117bd91fa9b574e7be069da0208,1,
LTMD_U1_W2_MATH_ASSET_AUDIT_0.1,H2018P3DMA,U1-H2018P3DMA,2018,3,Desafíos matemáticos. Libro para el alumno,175,226,175,https://historico.conaliteg.gob.mx/c/H2018P3DMA/175.jpg,0,source_jpeg,served_image,200,image/jpeg,163017,886265ab486fb03689b76745c6237d5625a5555894c8ff9c82739100f8948467,1,
LTMD_U1_W2_MATH_ASSET_AUDIT_0.1,H2018P3DMA,U1-H2018P3DMA,2018,3,Desafíos matemáticos. Libro para el alumno,176,226,176,https://historico.conaliteg.gob.mx/c/H2018P3DMA/176.jpg,0,source_jpeg,served_image,200,image/jpeg,186216,2783c075dd474f04eb6d0823ee88e69385b2fc091786a9d7a9dd16da8fb378fd,1,
LTMD_U1_W2_MATH_ASSET_AUDIT_0.1,H2018P3DMA,U1-H2018P3DMA,2018,3,Desafíos matemáticos. Libro para el alumno,177,226,177,https://historico.conaliteg.gob.mx/c/H2018P3DMA/177.jpg,0,source_jpeg,served_image,200,image/jpeg,182513,1f1ced510ead0bac56af5712c34c9c75d53a750bb1e7ef53c9e52b1e9385bf77,1,
LTMD_U1_W2_MATH_ASSET_AUDIT_0.1,H2018P3DMA,U1-H2018P3DMA,2018,3,Desafíos matemáticos. Libro para el alumno,178,226,178,https://historico.conaliteg.gob.mx/c/H2018P3DMA/178.jpg,0,source_jpeg,served_image,200,image/jpeg,186216,ace05bc827cabd98056fbc867cfff0719d4c3ed19f971a00f542e8e3d39dbb68,1,
LTMD_U1_W2_MATH_ASSET_AUDIT_0.1,H2018P3DMA,U1-H2018P3DMA,2018,3,Desafíos matemáticos. Libro para el alumno,179,226,179,https://historico.conaliteg.gob.mx/c/H2018P3DMA/179.jpg,0,source_jpeg,served_image,200,image/jpeg,418126,3f65a7ef8feba71c4cac7c6266799894487baceb43bd066998ad0083341038af,1,
LTMD_U1_W2_MATH_ASSET_AUDIT_0.1,H2018P3DMA,U1-H2018P3DMA,2018,3,Desafíos matemáticos. Libro para el alumno,180,226,180,https://historico.conaliteg.gob.mx/c/H2018P3DMA/180.jpg,0,source_jpeg,served_image,200,image/jpeg,186224,27b942fb70debad4c236b60956a1a70eea97f5bbd37d3a910cc935eb07d64428,1,
LTMD_U1_W2_MATH_ASSET_AUDIT_0.1,H2018P3DMA,U1-H2018P3DMA,2018,3,Desafíos matemáticos. Libro para el alumno,181,226,181,https://historico.conaliteg.gob.mx/c/H2018P3DMA/181.jpg,0,source_jpeg,served_image,200,image/jpeg,334791,f20d05cd10225baea911dace48e97790af901e1d72b7ca71af974955af0e5f66,1,
LTMD_U1_W2_MATH_ASSET_AUDIT_0.1,H2018P3DMA,U1-H2018P3DMA,2018,3,Desafíos matemáticos. Libro para el alumno,182,226,182,https://historico.conaliteg.gob.mx/c/H2018P3DMA/182.jpg,0,source_jpeg,served_image,200,image/jpeg,186216,4dc55d39200b952758759dab5a794c6feb5fee69b6f0516ca06e18be755f91b2,1,
LTMD_U1_W2_MATH_ASSET_AUDIT_0.1,H2018P3DMA,U1-H2018P3DMA,2018,3,Desafíos matemáticos. Libro para el alumno,183,226,183,https://historico.conaliteg.gob.mx/c/H2018P3DMA/183.jpg,0,source_jpeg,served_image,200,image/jpeg,217891,a63be9e9e9add4333e9d9e485529939829ef2a8f5385c9a8c6cbe91c2cc6b89b,1,
LTMD_U1_W2_MATH_ASSET_AUDIT_0.1,H2018P3DMA,U1-H2018P3DMA,2018,3,Desafíos matemáticos. Libro para el alumno,184,226,184,https://historico.conaliteg.gob.mx/c/H2018P3DMA/184.jpg,0,source_jpeg,served_image,200,image/jpeg,186216,b805d228db5433801a8d83733388e3c9311187d320ed9b335bcdf71fd5b80afa,1,
LTMD_U1_W2_MATH_ASSET_AUDIT_0.1,H2018P3DMA,U1-H2018P3DMA,2018,3,Desafíos matemáticos. Libro para el alumno,185,226,185,https://historico.conaliteg.gob.mx/c/H2018P3DMA/185.jpg,0,source_jpeg,served_image,200,image/jpeg,242770,482db35b88f590bf430e1712924652c964393472ab44cbef7b7b4580e8df309f,1,
LTMD_U1_W2_MATH_ASSET_AUDIT_0.1,H2018P3DMA,U1-H2018P3DMA,2018,3,Desafíos matemáticos. Libro para el alumno,186,226,186,https://historico.conaliteg.gob.mx/c/H2018P3DMA/186.jpg,0,source_jpeg,served_image,200,image/jpeg,186216,7962ed7fc13f2b0c784cbcaa64d07cf74eb8ebc508bddd1c9de08a969dad0f37,1,
LTMD_U1_W2_MATH_ASSET_AUDIT_0.1,H2018P3DMA,U1-H2018P3DMA,2018,3,Desafíos matemáticos. Libro para el alumno,187,226,187,https://historico.conaliteg.gob.mx/c/H2018P3DMA/187.jpg,0,source_jpeg,served_image,200,image/jpeg,225086,b7da8e416fb136aa6aab6059f5f225055d139245509a260ea9d03f8600d632f5,1,
LTMD_U1_W2_MATH_ASSET_AUDIT_0.1,H2018P3DMA,U1-H2018P3DMA,2018,3,Desafíos matemáticos. Libro para el alumno,188,226,188,https://historico.conaliteg.gob.mx/c/H2018P3DMA/188.jpg,0,source_jpeg,served_image,200,image/jpeg,186216,39ea052883fa74bdca9f2f29a90139299564533ee98e7c6c3652d399a41955b1,1,
LTMD_U1_W2_MATH_ASSET_AUDIT_0.1,H2018P3DMA,U1-H2018P3DMA,2018,3,Desafíos matemáticos. Libro para el alumno,189,226,189,https://historico.conaliteg.gob.mx/c/H2018P3DMA/189.jpg,0,source_jpeg,served_image,200,image/jpeg,258149,4906b5356c0d9a049128679396a80625bcd8b23385e4f36e51abd2e3b058dad8,1,
LTMD_U1_W2_MATH_ASSET_AUDIT_0.1,H2018P3DMA,U1-H2018P3DMA,2018,3,Desafíos matemáticos. Libro para el alumno,190,226,190,https://historico.conaliteg.gob.mx/c/H2018P3DMA/190.jpg,0,source_jpeg,served_image,200,image/jpeg,186216,259e28dfb92aac943310bc852d15a1a15ded633da4fe3a4f65748ce3bfb142e7,1,
LTMD_U1_W2_MATH_ASSET_AUDIT_0.1,H2018P3DMA,U1-H2018P3DMA,2018,3,Desafíos matemáticos. Libro para el alumno,191,226,191,https://historico.conaliteg.gob.mx/c/H2018P3DMA/191.jpg,0,source_jpeg,served_image,200,image/jpeg,261907,9a0331413ef2a4c8fbe4a334c71bfc6f06b49091718d715c8b28ca118a143af5,1,
LTMD_U1_W2_MATH_ASSET_AUDIT_0.1,H2018P3DMA,U1-H2018P3DMA,2018,3,Desafíos matemáticos. Libro para el alumno,192,226,192,https://historico.conaliteg.gob.mx/c/H2018P3DMA/192.jpg,0,source_jpeg,served_image,200,image/jpeg,186216,e4cc8fc442f0b3e9a55527dbec575fd2b021baff922bca8220222de512da157f,1,
LTMD_U1_W2_MATH_ASSET_AUDIT_0.1,H2018P3DMA,U1-H2018P3DMA,2018,3,Desafíos matemáticos. Libro para el alumno,193,226,193,https://historico.conaliteg.gob.mx/c/H2018P3DMA/193.jpg,0,source_jpeg,served_image,200,image/jpeg,254784,718bd3217387bef24883b22f776c46d517e915ee31f1b89d195f0ca8f3a5f5bf,1,
LTMD_U1_W2_MATH_ASSET_AUDIT_0.1,H2018P3DMA,U1-H2018P3DMA,2018,3,Desafíos matemáticos. Libro para el alumno,194,226,194,https://historico.conaliteg.gob.mx/c/H2018P3DMA/194.jpg,0,source_jpeg,served_image,200,image/jpeg,186216,5cf3c307c6fd35e4bd89b09b4fbb6364c93205c0a141b1da0c583c89812d668d,1,
LTMD_U1_W2_MATH_ASSET_AUDIT_0.1,H2018P3DMA,U1-H2018P3DMA,2018,3,Desafíos matemáticos. Libro para el alumno,195,226,195,https://historico.conaliteg.gob.mx/c/H2018P3DMA/195.jpg,0,source_jpeg,served_image,200,image/jpeg,257136,a591a90b0db4fe5984aecd1240a33aea44a8ef69d3af26a676f357109f18905a,1,
LTMD_U1_W2_MATH_ASSET_AUDIT_0.1,H2018P3DMA,U1-H2018P3DMA,2018,3,Desafíos matemáticos. Libro para el alumno,196,226,196,https://historico.conaliteg.gob.mx/c/H2018P3DMA/196.jpg,0,source_jpeg,served_image,200,image/jpeg,186216,b95661be6737e36d63f79bfc2e611b04d6ba8b596f25cb9577688c680db220cd,1,
LTMD_U1_W2_MATH_ASSET_AUDIT_0.1,H2018P3DMA,U1-H2018P3DMA,2018,3,Desafíos matemáticos. Libro para el alumno,197,226,197,https://historico.conaliteg.gob.mx/c/H2018P3DMA/197.jpg,0,source_jpeg,served_image,200,image/jpeg,252283,df9ff42d7abbca3548c46535da8a9d6df48630c64cfa414c19057efe72f7ade8,1,
LTMD_U1_W2_MATH_ASSET_AUDIT_0.1,H2018P3DMA,U1-H2018P3DMA,2018,3,Desafíos matemáticos. Libro para el alumno,198,226,198,https://historico.conaliteg.gob.mx/c/H2018P3DMA/198.jpg,0,source_jpeg,served_image,200,image/jpeg,186216,0534df54d3e78a2151e6943b23a908b2901bda0a8154450f57795946390757fb,1,
LTMD_U1_W2_MATH_ASSET_AUDIT_0.1,H2018P3DMA,U1-H2018P3DMA,2018,3,Desafíos matemáticos. Libro para el alumno,199,226,199,https://historico.conaliteg.gob.mx/c/H2018P3DMA/199.jpg,0,source_jpeg,served_image,200,image/jpeg,246766,5fbb2b19ebb1e9657fc266f54ea4a2cad4273ce7c50c2385affe94c719255604,1,
LTMD_U1_W2_MATH_ASSET_AUDIT_0.1,H2018P3DMA,U1-H2018P3DMA,2018,3,Desafíos matemáticos. Libro para el alumno,200,226,200,https://historico.conaliteg.gob.mx/c/H2018P3DMA/200.jpg,0,source_jpeg,served_image,200,image/jpeg,186224,50170052810490805c1c5bb6a3f81e551c733e67fcc4b3597c469a12aa96d2af,1,
LTMD_U1_W2_MATH_ASSET_AUDIT_0.1,H2018P3DMA,U1-H2018P3DMA,2018,3,Desafíos matemáticos. Libro para el alumno,201,226,201,https://historico.conaliteg.gob.mx/c/H2018P3DMA/201.jpg,0,source_jpeg,served_image,200,image/jpeg,245170,ff411dd42f35fa0505a5b40c4b3202b59c34e5cb1a0229bbb4b80e4ce778bd96,1,
LTMD_U1_W2_MATH_ASSET_AUDIT_0.1,H2018P3DMA,U1-H2018P3DMA,2018,3,Desafíos matemáticos. Libro para el alumno,202,226,202,https://historico.conaliteg.gob.mx/c/H2018P3DMA/202.jpg,0,source_jpeg,served_image,200,image/jpeg,186216,39b691f082c37c92a5a5ddb6d26358c308c7fe46d767260a4800ffdf031323fa,1,
LTMD_U1_W2_MATH_ASSET_AUDIT_0.1,H2018P3DMA,U1-H2018P3DMA,2018,3,Desafíos matemáticos. Libro para el alumno,203,226,203,https://historico.conaliteg.gob.mx/c/H2018P3DMA/203.jpg,0,source_jpeg,served_image,200,image/jpeg,245647,3a75d3acd29014a17b4fe45a1f6d5b379bf0eb89354e079fbd989217c33de279,1,
LTMD_U1_W2_MATH_ASSET_AUDIT_0.1,H2018P3DMA,U1-H2018P3DMA,2018,3,Desafíos matemáticos. Libro para el alumno,204,226,204,https://historico.conaliteg.gob.mx/c/H2018P3DMA/204.jpg,0,source_jpeg,served_image,200,image/jpeg,186224,f578c6d85cc8b6836b79d6e9222ea3b77203c10aabddaa38b3a3aff1d62cdded,1,
LTMD_U1_W2_MATH_ASSET_AUDIT_0.1,H2018P3DMA,U1-H2018P3DMA,2018,3,Desafíos matemáticos. Libro para el alumno,205,226,205,https://historico.conaliteg.gob.mx/c/H2018P3DMA/205.jpg,0,source_jpeg,served_image,200,image/jpeg,244483,479c9424364bfb95fb13063c42f14d22ecfb5008ad32120c0bca728563143e9b,1,
LTMD_U1_W2_MATH_ASSET_AUDIT_0.1,H2018P3DMA,U1-H2018P3DMA,2018,3,Desafíos matemáticos. Libro para el alumno,206,226,206,https://historico.conaliteg.gob.mx/c/H2018P3DMA/206.jpg,0,source_jpeg,served_image,200,image/jpeg,186216,45af9f1b3ae1ff74e83fa659de7e524ff12c3abdbdb549b11b9ad75106b0ce70,1,
LTMD_U1_W2_MATH_ASSET_AUDIT_0.1,H2018P3DMA,U1-H2018P3DMA,2018,3,Desafíos matemáticos. Libro para el alumno,207,226,207,https://historico.conaliteg.gob.mx/c/H2018P3DMA/207.jpg,0,source_jpeg,served_image,200,image/jpeg,238424,abc0db49de31256a9b420e5dfcfb4435770d12a78047b14c9fd8fda6b4db7ff6,1,
LTMD_U1_W2_MATH_ASSET_AUDIT_0.1,H2018P3DMA,U1-H2018P3DMA,2018,3,Desafíos matemáticos. Libro para el alumno,208,226,208,https://historico.conaliteg.gob.mx/c/H2018P3DMA/208.jpg,0,source_jpeg,served_image,200,image/jpeg,186216,be44aba94a6725cbb2e452dc86e39e270f87004d53cdcdd1f9b880674184865c,1,
LTMD_U1_W2_MATH_ASSET_AUDIT_0.1,H2018P3DMA,U1-H2018P3DMA,2018,3,Desafíos matemáticos. Libro para el alumno,209,226,209,https://historico.conaliteg.gob.mx/c/H2018P3DMA/209.jpg,0,source_jpeg,served_image,200,image/jpeg,213925,15679ca10326ccc405d312149a5beb1decf16de89862a134a0a064430b9136c6,1,
LTMD_U1_W2_MATH_ASSET_AUDIT_0.1,H2018P3DMA,U1-H2018P3DMA,2018,3,Desafíos matemáticos. Libro para el alumno,210,226,210,https://historico.conaliteg.gob.mx/c/H2018P3DMA/210.jpg,0,source_jpeg,served_image,200,image/jpeg,186224,ac8bc90d9fa3b733bcb232be9a2320e83069a3b27d31609688c59c8a14d0e1b8,1,
LTMD_U1_W2_MATH_ASSET_AUDIT_0.1,H2018P3DMA,U1-H2018P3DMA,2018,3,Desafíos matemáticos. Libro para el alumno,211,226,211,https://historico.conaliteg.gob.mx/c/H2018P3DMA/211.jpg,0,source_jpeg,served_image,200,image/jpeg,205543,f5ca1817ed0f1b4b0b31a0b35a448b04bd172ddf4d0bc79b83c6dfb8c5224889,1,
LTMD_U1_W2_MATH_ASSET_AUDIT_0.1,H2018P3DMA,U1-H2018P3DMA,2018,3,Desafíos matemáticos. Libro para el alumno,212,226,212,https://historico.conaliteg.gob.mx/c/H2018P3DMA/212.jpg,0,source_jpeg,served_image,200,image/jpeg,186216,fb436acbf9eb328f7f9b6a9277914f60bedd1858b9513dc88059ee84cf39286e,1,
LTMD_U1_W2_MATH_ASSET_AUDIT_0.1,H2018P3DMA,U1-H2018P3DMA,2018,3,Desafíos matemáticos. Libro para el alumno,213,226,213,https://historico.conaliteg.gob.mx/c/H2018P3DMA/213.jpg,0,source_jpeg,served_image,200,image/jpeg,212495,25e5f3555c2425badfe55f72d1572ed9c11a36d05196436b3f434d56f7e7fcec,1,
LTMD_U1_W2_MATH_ASSET_AUDIT_0.1,H2018P3DMA,U1-H2018P3DMA,2018,3,Desafíos matemáticos. Libro para el alumno,214,226,214,https://historico.conaliteg.gob.mx/c/H2018P3DMA/214.jpg,0,source_jpeg,served_image,200,image/jpeg,186224,6db8ce3968e02d8ed0dbb5126c64a2ea170b6328f2df904527a3e3cef6b9a345,1,
LTMD_U1_W2_MATH_ASSET_AUDIT_0.1,H2018P3DMA,U1-H2018P3DMA,2018,3,Desafíos matemáticos. Libro para el alumno,215,226,215,https://historico.conaliteg.gob.mx/c/H2018P3DMA/215.jpg,0,source_jpeg,served_image,200,image/jpeg,211003,652a6ee8463979e3a02003e30d81d5ccbe1dd619f16c6b52bc672250588188c7,1,
LTMD_U1_W2_MATH_ASSET_AUDIT_0.1,H2018P3DMA,U1-H2018P3DMA,2018,3,Desafíos matemáticos. Libro para el alumno,216,226,216,https://historico.conaliteg.gob.mx/c/H2018P3DMA/216.jpg,0,source_jpeg,served_image,200,image/jpeg,186216,d9b4350fb3d7ed26d9f28d6c0a4e03f60e23b6a1240aca467e74ffd35da8219f,1,
LTMD_U1_W2_MATH_ASSET_AUDIT_0.1,H2018P3DMA,U1-H2018P3DMA,2018,3,Desafíos matemáticos. Libro para el alumno,217,226,217,https://historico.conaliteg.gob.mx/c/H2018P3DMA/217.jpg,0,source_jpeg,served_image,200,image/jpeg,204196,5c5e8b53ce7c5c7386c8c4d9762147ae85bb9bb6425e6f100c5e60d554072cad,1,
LTMD_U1_W2_MATH_ASSET_AUDIT_0.1,H2018P3DMA,U1-H2018P3DMA,2018,3,Desafíos matemáticos. Libro para el alumno,218,226,218,https://historico.conaliteg.gob.mx/c/H2018P3DMA/218.jpg,0,source_jpeg,served_image,200,image/jpeg,186216,8fb00e2ba6a5bc57cbe7edc088b8ed464a36ef72a171e41e8d2375c4808a94c1,1,
LTMD_U1_W2_MATH_ASSET_AUDIT_0.1,H2018P3DMA,U1-H2018P3DMA,2018,3,Desafíos matemáticos. Libro para el alumno,219,226,219,https://historico.conaliteg.gob.mx/c/H2018P3DMA/219.jpg,0,source_jpeg,served_image,200,image/jpeg,149588,509444d2ea0ef344e4a01792caa46948c2ff1f90622fff43096239f1326a3232,1,
LTMD_U1_W2_MATH_ASSET_AUDIT_0.1,H2018P3DMA,U1-H2018P3DMA,2018,3,Desafíos matemáticos. Libro para el alumno,220,226,220,https://historico.conaliteg.gob.mx/c/H2018P3DMA/220.jpg,0,source_jpeg,served_image,200,image/jpeg,186216,a94cf4d367e69973f63f96d060516178e83977b873818dcf418427166c67efbf,1,
LTMD_U1_W2_MATH_ASSET_AUDIT_0.1,H2018P3DMA,U1-H2018P3DMA,2018,3,Desafíos matemáticos. Libro para el alumno,221,226,221,https://historico.conaliteg.gob.mx/c/H2018P3DMA/221.jpg,0,source_jpeg,served_image,200,image/jpeg,286696,0ac93c6c72aeb8052829df19fd4f3add5b8e894de6cd31aa7f19564ef43e375a,1,
LTMD_U1_W2_MATH_ASSET_AUDIT_0.1,H2018P3DMA,U1-H2018P3DMA,2018,3,Desafíos matemáticos. Libro para el alumno,222,226,222,https://historico.conaliteg.gob.mx/c/H2018P3DMA/222.jpg,0,source_jpeg,served_image,200,image/jpeg,186255,92b88b225edd1771da50ffd1a5bd6769faa14919880b2827c1785c348dc74b11,1,
LTMD_U1_W2_MATH_ASSET_AUDIT_0.1,H2018P3DMA,U1-H2018P3DMA,2018,3,Desafíos matemáticos. Libro para el alumno,223,226,223,https://historico.conaliteg.gob.mx/c/H2018P3DMA/223.jpg,0,source_jpeg,served_image,200,image/jpeg,229248,76785313b0b7d7cc8d851bcd3dbd7de324bc8df264b163d558ff55f98be20285,1,
LTMD_U1_W2_MATH_ASSET_AUDIT_0.1,H2018P3DMA,U1-H2018P3DMA,2018,3,Desafíos matemáticos. Libro para el alumno,224,226,224,https://historico.conaliteg.gob.mx/c/H2018P3DMA/224.jpg,0,source_jpeg,served_image,200,image/jpeg,152802,4fd00256affe391b3f8771cea61c1118f9443d53567a61476b072415a0f1e574,1,
LTMD_U1_W2_MATH_ASSET_AUDIT_0.1,H2018P3DMA,U1-H2018P3DMA,2018,3,Desafíos matemáticos. Libro para el alumno,225,226,225,https://historico.conaliteg.gob.mx/c/H2018P3DMA/225.jpg,0,source_jpeg,served_image,200,image/jpeg,472174,2e1741581948eafd932974ebd846defd386d5c13450d0601229295635f2facbf,1,
LTMD_U1_W2_MATH_ASSET_AUDIT_0.1,H2018P3DMA,U1-H2018P3DMA,2018,3,Desafíos matemáticos. Libro para el alumno,226,226,226,https://historico.conaliteg.gob.mx/c/H2018P3DMA/226.jpg,1,terminal_synthetic_candidate,http_404,404,text/html; charset=iso-8859-1,,,1,HTTP 404
LTMD_U1_W2_MATH_ASSET_AUDIT_0.1,H2018P4DMA,U1-H2018P4DMA,2018,4,Desafíos matemáticos. Libro para el alumno,1,258,0,https://historico.conaliteg.gob.mx/c/H2018P4DMA/000.jpg,0,source_jpeg,served_image,200,image/jpeg,258019,6f991aff055d5c6b16475fb9bae9807a66c9532d487ae10c025b42b32b0948c7,1,
LTMD_U1_W2_MATH_ASSET_AUDIT_0.1,H2018P4DMA,U1-H2018P4DMA,2018,4,Desafíos matemáticos. Libro para el alumno,2,258,2,https://historico.conaliteg.gob.mx/c/H2018P4DMA/002.jpg,0,source_jpeg,served_image,200,image/jpeg,125490,9e7555ced82b81b7166129c092bc373819f2e0a64c4525b8a271d87ac81cf811,1,
LTMD_U1_W2_MATH_ASSET_AUDIT_0.1,H2018P4DMA,U1-H2018P4DMA,2018,4,Desafíos matemáticos. Libro para el alumno,3,258,3,https://historico.conaliteg.gob.mx/c/H2018P4DMA/003.jpg,0,source_jpeg,served_image,200,image/jpeg,261781,393850f31162bb8ad962d4ae1073c516cd3369c68307e01f2997a8c56883acfb,1,
LTMD_U1_W2_MATH_ASSET_AUDIT_0.1,H2018P4DMA,U1-H2018P4DMA,2018,4,Desafíos matemáticos. Libro para el alumno,4,258,4,https://historico.conaliteg.gob.mx/c/H2018P4DMA/004.jpg,0,source_jpeg,served_image,200,image/jpeg,164534,03e131ad8a4c4dac745e5427ac6e242dfeb558f2aa0bf9be881473b43683de70,1,
LTMD_U1_W2_MATH_ASSET_AUDIT_0.1,H2018P4DMA,U1-H2018P4DMA,2018,4,Desafíos matemáticos. Libro para el alumno,5,258,5,https://historico.conaliteg.gob.mx/c/H2018P4DMA/005.jpg,0,source_jpeg,served_image,200,image/jpeg,199876,2eefd5640517b965e55e4a176b6ea6a233f2af7fc1e9d38c54207e016344be89,1,
LTMD_U1_W2_MATH_ASSET_AUDIT_0.1,H2018P4DMA,U1-H2018P4DMA,2018,4,Desafíos matemáticos. Libro para el alumno,6,258,6,https://historico.conaliteg.gob.mx/c/H2018P4DMA/006.jpg,0,source_jpeg,served_image,200,image/jpeg,194928,f8beeb492b87291b27afd6ea662f592832a9d2edb4b349c1765a467dceefd2df,1,
LTMD_U1_W2_MATH_ASSET_AUDIT_0.1,H2018P4DMA,U1-H2018P4DMA,2018,4,Desafíos matemáticos. Libro para el alumno,7,258,7,https://historico.conaliteg.gob.mx/c/H2018P4DMA/007.jpg,0,source_jpeg,served_image,200,image/jpeg,205130,02e8ffc35bdd6308493f1050f0a8d85b5363cc3ae5d747f58e6ffc3976f8107b,1,
LTMD_U1_W2_MATH_ASSET_AUDIT_0.1,H2018P4DMA,U1-H2018P4DMA,2018,4,Desafíos matemáticos. Libro para el alumno,8,258,8,https://historico.conaliteg.gob.mx/c/H2018P4DMA/008.jpg,0,source_jpeg,served_image,200,image/jpeg,186914,c483c56a6b66ac5a8b495db7eec3857fe9bde31b9ca33c1dd7da2ebc204b15ab,1,
LTMD_U1_W2_MATH_ASSET_AUDIT_0.1,H2018P4DMA,U1-H2018P4DMA,2018,4,Desafíos matemáticos. Libro para el alumno,9,258,9,https://historico.conaliteg.gob.mx/c/H2018P4DMA/009.jpg,0,source_jpeg,served_image,200,image/jpeg,360119,69baae957f8a99e6d4d0800920dca70fc1a0ce34a2f1f2b58b5155189a03edc0,1,
LTMD_U1_W2_MATH_ASSET_AUDIT_0.1,H2018P4DMA,U1-H2018P4DMA,2018,4,Desafíos matemáticos. Libro para el alumno,10,258,10,https://historico.conaliteg.gob.mx/c/H2018P4DMA/010.jpg,0,source_jpeg,served_image,200,image/jpeg,282682,44d0a4b5c6480fac28de79fb16c2e019effd9362cfebbbd86a6c7b3f50602976,1,
LTMD_U1_W2_MATH_ASSET_AUDIT_0.1,H2018P4DMA,U1-H2018P4DMA,2018,4,Desafíos matemáticos. Libro para el alumno,11,258,11,https://historico.conaliteg.gob.mx/c/H2018P4DMA/011.jpg,0,source_jpeg,served_image,200,image/jpeg,159843,04df6666787d1dfbe8beb76c8e7f5b46a8e12c9bea06a2008125877b55511c7c,1,
LTMD_U1_W2_MATH_ASSET_AUDIT_0.1,H2018P4DMA,U1-H2018P4DMA,2018,4,Desafíos matemáticos. Libro para el alumno,12,258,12,https://historico.conaliteg.gob.mx/c/H2018P4DMA/012.jpg,0,source_jpeg,served_image,200,image/jpeg,144032,91918a0e8bc638f95ff6e864ec2d922d64f5bcbcab9f35e2f5b5bd6437ed6023,1,
LTMD_U1_W2_MATH_ASSET_AUDIT_0.1,H2018P4DMA,U1-H2018P4DMA,2018,4,Desafíos matemáticos. Libro para el alumno,13,258,13,https://historico.conaliteg.gob.mx/c/H2018P4DMA/013.jpg,0,source_jpeg,served_image,200,image/jpeg,224085,730659f23d7f79a2e83393b73eac7d68d06ef7cf4e7c57b822ab600a4529134e,1,
LTMD_U1_W2_MATH_ASSET_AUDIT_0.1,H2018P4DMA,U1-H2018P4DMA,2018,4,Desafíos matemáticos. Libro para el alumno,14,258,14,https://historico.conaliteg.gob.mx/c/H2018P4DMA/014.jpg,0,source_jpeg,served_image,200,image/jpeg,203647,f3118ca33d166890132c1a5338502838fc2dfe9d1afb7f99d57b98d81b2a4a52,1,
LTMD_U1_W2_MATH_ASSET_AUDIT_0.1,H2018P4DMA,U1-H2018P4DMA,2018,4,Desafíos matemáticos. Libro para el alumno,15,258,15,https://historico.conaliteg.gob.mx/c/H2018P4DMA/015.jpg,0,source_jpeg,served_image,200,image/jpeg,216917,f896be5efaa49b413a183f575a40a2c77d4d182b342799f067f73b746c5fcdee,1,
LTMD_U1_W2_MATH_ASSET_AUDIT_0.1,H2018P4DMA,U1-H2018P4DMA,2018,4,Desafíos matemáticos. Libro para el alumno,16,258,16,https://historico.conaliteg.gob.mx/c/H2018P4DMA/016.jpg,0,source_jpeg,served_image,200,image/jpeg,214500,25840513420bb5a5c80ac3beefa99b8b714d952efcb8cb3c39b999995d111edf,1,
LTMD_U1_W2_MATH_ASSET_AUDIT_0.1,H2018P4DMA,U1-H2018P4DMA,2018,4,Desafíos matemáticos. Libro para el alumno,17,258,17,https://historico.conaliteg.gob.mx/c/H2018P4DMA/017.jpg,0,source_jpeg,served_image,200,image/jpeg,167550,510e71649964fa7b59c9c3c0a022928eba452165ee4e46de1432e2b9e6afbd1e,1,
LTMD_U1_W2_MATH_ASSET_AUDIT_0.1,H2018P4DMA,U1-H2018P4DMA,2018,4,Desafíos matemáticos. Libro para el alumno,18,258,18,https://historico.conaliteg.gob.mx/c/H2018P4DMA/018.jpg,0,source_jpeg,served_image,200,image/jpeg,138840,471a7f791c0e2b6cd8f568a685c5f13d136a4fa33fb03c2dd8346e6b3d70280e,1,
LTMD_U1_W2_MATH_ASSET_AUDIT_0.1,H2018P4DMA,U1-H2018P4DMA,2018,4,Desafíos matemáticos. Libro para el alumno,19,258,19,https://historico.conaliteg.gob.mx/c/H2018P4DMA/019.jpg,0,source_jpeg,served_image,200,image/jpeg,131131,7ff212e35e8bb82fab91a83585f601ed6e8b24fb1dac16f7fa16494bb1eb1202,1,
LTMD_U1_W2_MATH_ASSET_AUDIT_0.1,H2018P4DMA,U1-H2018P4DMA,2018,4,Desafíos matemáticos. Libro para el alumno,20,258,20,https://historico.conaliteg.gob.mx/c/H2018P4DMA/020.jpg,0,source_jpeg,served_image,200,image/jpeg,244588,c05560e9c8ea39165ace54398943a6c83122470cd46dd15a08f36181ec2d5ecc,1,
LTMD_U1_W2_MATH_ASSET_AUDIT_0.1,H2018P4DMA,U1-H2018P4DMA,2018,4,Desafíos matemáticos. Libro para el alumno,21,258,21,https://historico.conaliteg.gob.mx/c/H2018P4DMA/021.jpg,0,source_jpeg,served_image,200,image/jpeg,89960,599cde822bca2c499aa95560604ffd84f652333d6b9ca4bcf660e538e6476eed,1,
LTMD_U1_W2_MATH_ASSET_AUDIT_0.1,H2018P4DMA,U1-H2018P4DMA,2018,4,Desafíos matemáticos. Libro para el alumno,22,258,22,https://historico.conaliteg.gob.mx/c/H2018P4DMA/022.jpg,0,source_jpeg,served_image,200,image/jpeg,104730,eebda8c700bab6c2f10d430e03b269720ded834d6d791d417a47d08c87993c86,1,
LTMD_U1_W2_MATH_ASSET_AUDIT_0.1,H2018P4DMA,U1-H2018P4DMA,2018,4,Desafíos matemáticos. Libro para el alumno,23,258,23,https://historico.conaliteg.gob.mx/c/H2018P4DMA/023.jpg,0,source_jpeg,served_image,200,image/jpeg,75813,77b44f5737d109fd2246436a679f659272d74eb9af4fff3da2009e85aa1e7b3b,1,
LTMD_U1_W2_MATH_ASSET_AUDIT_0.1,H2018P4DMA,U1-H2018P4DMA,2018,4,Desafíos matemáticos. Libro para el alumno,24,258,24,https://historico.conaliteg.gob.mx/c/H2018P4DMA/024.jpg,0,source_jpeg,served_image,200,image/jpeg,170374,65e329cba696fb55ded41779a5de45b19aac3ce069d60e3e5ad5cab18657883a,1,
LTMD_U1_W2_MATH_ASSET_AUDIT_0.1,H2018P4DMA,U1-H2018P4DMA,2018,4,Desafíos matemáticos. Libro para el alumno,25,258,25,https://historico.conaliteg.gob.mx/c/H2018P4DMA/025.jpg,0,source_jpeg,served_image,200,image/jpeg,142791,47e8bdb5b3597bf3f3837d032354256d1803e22ca1366a32750a33a44e2acb2b,1,
LTMD_U1_W2_MATH_ASSET_AUDIT_0.1,H2018P4DMA,U1-H2018P4DMA,2018,4,Desafíos matemáticos. Libro para el alumno,26,258,26,https://historico.conaliteg.gob.mx/c/H2018P4DMA/026.jpg,0,source_jpeg,served_image,200,image/jpeg,202168,11d10980d821e15d543bab0dfd4af62ae6584b7742122a70988a577a994ae561,1,
LTMD_U1_W2_MATH_ASSET_AUDIT_0.1,H2018P4DMA,U1-H2018P4DMA,2018,4,Desafíos matemáticos. Libro para el alumno,27,258,27,https://historico.conaliteg.gob.mx/c/H2018P4DMA/027.jpg,0,source_jpeg,served_image,200,image/jpeg,121416,c0f85d16e12dac19ab571551f709dc02005ede3f2229f1ec4a429f1a7bc9458d,1,
LTMD_U1_W2_MATH_ASSET_AUDIT_0.1,H2018P4DMA,U1-H2018P4DMA,2018,4,Desafíos matemáticos. Libro para el alumno,28,258,28,https://historico.conaliteg.gob.mx/c/H2018P4DMA/028.jpg,0,source_jpeg,served_image,200,image/jpeg,178813,bdc7e3de177f0c71696c12c522cdd954f7e98817db1534c8f843cb7ccda1f6ba,1,
LTMD_U1_W2_MATH_ASSET_AUDIT_0.1,H2018P4DMA,U1-H2018P4DMA,2018,4,Desafíos matemáticos. Libro para el alumno,29,258,29,https://historico.conaliteg.gob.mx/c/H2018P4DMA/029.jpg,0,source_jpeg,served_image,200,image/jpeg,164470,7391b09608568548c63a282443fd89dfcc4c9dd9ad88726feeb55a600fc8a447,1,
LTMD_U1_W2_MATH_ASSET_AUDIT_0.1,H2018P4DMA,U1-H2018P4DMA,2018,4,Desafíos matemáticos. Libro para el alumno,30,258,30,https://historico.conaliteg.gob.mx/c/H2018P4DMA/030.jpg,0,source_jpeg,served_image,200,image/jpeg,200908,eff7322e847532711d619c9f4ef7114d4bf06c756bb1a4424bcff04c38101271,1,
LTMD_U1_W2_MATH_ASSET_AUDIT_0.1,H2018P4DMA,U1-H2018P4DMA,2018,4,Desafíos matemáticos. Libro para el alumno,31,258,31,https://historico.conaliteg.gob.mx/c/H2018P4DMA/031.jpg,0,source_jpeg,served_image,200,image/jpeg,132326,a39b36029523f827b4abc157f0b825bcaee7e332c75d05d91da2dfa375f50eaa,1,
LTMD_U1_W2_MATH_ASSET_AUDIT_0.1,H2018P4DMA,U1-H2018P4DMA,2018,4,Desafíos matemáticos. Libro para el alumno,32,258,32,https://historico.conaliteg.gob.mx/c/H2018P4DMA/032.jpg,0,source_jpeg,served_image,200,image/jpeg,151163,7ff719bbb2f34373b61fcf6ba639e294e3e0d1a7cc0fd85568d954f482dc27e6,1,
LTMD_U1_W2_MATH_ASSET_AUDIT_0.1,H2018P4DMA,U1-H2018P4DMA,2018,4,Desafíos matemáticos. Libro para el alumno,33,258,33,https://historico.conaliteg.gob.mx/c/H2018P4DMA/033.jpg,0,source_jpeg,served_image,200,image/jpeg,113377,f9c88e7ae8358f1e4bc237d66262920ce99299e58a49a66b8f80d888c9c94708,1,
LTMD_U1_W2_MATH_ASSET_AUDIT_0.1,H2018P4DMA,U1-H2018P4DMA,2018,4,Desafíos matemáticos. Libro para el alumno,34,258,34,https://historico.conaliteg.gob.mx/c/H2018P4DMA/034.jpg,0,source_jpeg,served_image,200,image/jpeg,199652,8ef41cd7f16f70ea6f4db7197ee72425f0b470cb309f3c52d4e627fbd502790e,1,
LTMD_U1_W2_MATH_ASSET_AUDIT_0.1,H2018P4DMA,U1-H2018P4DMA,2018,4,Desafíos matemáticos. Libro para el alumno,35,258,35,https://historico.conaliteg.gob.mx/c/H2018P4DMA/035.jpg,0,source_jpeg,served_image,200,image/jpeg,136507,0689dd047592c7acf5385ed9627fa81cd780657bf6bc5c159b7c85bfefb038b4,1,
LTMD_U1_W2_MATH_ASSET_AUDIT_0.1,H2018P4DMA,U1-H2018P4DMA,2018,4,Desafíos matemáticos. Libro para el alumno,36,258,36,https://historico.conaliteg.gob.mx/c/H2018P4DMA/036.jpg,0,source_jpeg,served_image,200,image/jpeg,94415,8e75e1b97d5310fcb32cc06a0697cbda273eb791869c9c34fdb95fa89b70b7cd,1,
LTMD_U1_W2_MATH_ASSET_AUDIT_0.1,H2018P4DMA,U1-H2018P4DMA,2018,4,Desafíos matemáticos. Libro para el alumno,37,258,37,https://historico.conaliteg.gob.mx/c/H2018P4DMA/037.jpg,0,source_jpeg,served_image,200,image/jpeg,126703,1c951125434c0575a90b8ac7b7a2acc1213d69972c5d4dc4a365e3553c62942f,1,
LTMD_U1_W2_MATH_ASSET_AUDIT_0.1,H2018P4DMA,U1-H2018P4DMA,2018,4,Desafíos matemáticos. Libro para el alumno,38,258,38,https://historico.conaliteg.gob.mx/c/H2018P4DMA/038.jpg,0,source_jpeg,served_image,200,image/jpeg,171969,823414af70674d8991d7854e6e657671fc6098613d3d77530e762603051f0aaf,1,
LTMD_U1_W2_MATH_ASSET_AUDIT_0.1,H2018P4DMA,U1-H2018P4DMA,2018,4,Desafíos matemáticos. Libro para el alumno,39,258,39,https://historico.conaliteg.gob.mx/c/H2018P4DMA/039.jpg,0,source_jpeg,served_image,200,image/jpeg,168275,f973163bf378d1b96b51805b4ef4815ad5f902c69a45b04f3a69b92bdd206425,1,
LTMD_U1_W2_MATH_ASSET_AUDIT_0.1,H2018P4DMA,U1-H2018P4DMA,2018,4,Desafíos matemáticos. Libro para el alumno,40,258,40,https://historico.conaliteg.gob.mx/c/H2018P4DMA/040.jpg,0,source_jpeg,served_image,200,image/jpeg,177538,6923723b6697338f7fa7ea9bfa36a72443339f8eeefc7a28585a85f927431cd8,1,
LTMD_U1_W2_MATH_ASSET_AUDIT_0.1,H2018P4DMA,U1-H2018P4DMA,2018,4,Desafíos matemáticos. Libro para el alumno,41,258,41,https://historico.conaliteg.gob.mx/c/H2018P4DMA/041.jpg,0,source_jpeg,served_image,200,image/jpeg,89381,9a8e3871b07e97c3e4d2c9601bbac4e3d3bffbcffb9de88a85402109f849d260,1,
LTMD_U1_W2_MATH_ASSET_AUDIT_0.1,H2018P4DMA,U1-H2018P4DMA,2018,4,Desafíos matemáticos. Libro para el alumno,42,258,42,https://historico.conaliteg.gob.mx/c/H2018P4DMA/042.jpg,0,source_jpeg,served_image,200,image/jpeg,262926,9016cb6dc91bb5a3d5f4db0a0f0da7b76bb7e0eeb46914ca1cf798d1ca91c4dc,1,
LTMD_U1_W2_MATH_ASSET_AUDIT_0.1,H2018P4DMA,U1-H2018P4DMA,2018,4,Desafíos matemáticos. Libro para el alumno,43,258,43,https://historico.conaliteg.gob.mx/c/H2018P4DMA/043.jpg,0,source_jpeg,served_image,200,image/jpeg,213202,376752e297caf6a092a1193db08069054dac8423f20632ab67106eb1f06f6982,1,
LTMD_U1_W2_MATH_ASSET_AUDIT_0.1,H2018P4DMA,U1-H2018P4DMA,2018,4,Desafíos matemáticos. Libro para el alumno,44,258,44,https://historico.conaliteg.gob.mx/c/H2018P4DMA/044.jpg,0,source_jpeg,served_image,200,image/jpeg,163193,47e00880cbee8e380999cf373c5c26f84c5d92a3f4e0128299a570470ecc0b7c,1,
LTMD_U1_W2_MATH_ASSET_AUDIT_0.1,H2018P4DMA,U1-H2018P4DMA,2018,4,Desafíos matemáticos. Libro para el alumno,45,258,45,https://historico.conaliteg.gob.mx/c/H2018P4DMA/045.jpg,0,source_jpeg,served_image,200,image/jpeg,153948,5e5a2334df05c52f7667ea3303f05b37c3a70be862b23817455b29555108abfe,1,
LTMD_U1_W2_MATH_ASSET_AUDIT_0.1,H2018P4DMA,U1-H2018P4DMA,2018,4,Desafíos matemáticos. Libro para el alumno,46,258,46,https://historico.conaliteg.gob.mx/c/H2018P4DMA/046.jpg,0,source_jpeg,served_image,200,image/jpeg,169276,e8608628f2e946aafea78b0c6d0de9ef223f3a0c143c8c5ebfb1755848150e36,1,
LTMD_U1_W2_MATH_ASSET_AUDIT_0.1,H2018P4DMA,U1-H2018P4DMA,2018,4,Desafíos matemáticos. Libro para el alumno,47,258,47,https://historico.conaliteg.gob.mx/c/H2018P4DMA/047.jpg,0,source_jpeg,served_image,200,image/jpeg,279523,01d8f8400a823a0a1159ba095e9c46b94ab1a75a7fd41cd717175fb73700593a,1,
LTMD_U1_W2_MATH_ASSET_AUDIT_0.1,H2018P4DMA,U1-H2018P4DMA,2018,4,Desafíos matemáticos. Libro para el alumno,48,258,48,https://historico.conaliteg.gob.mx/c/H2018P4DMA/048.jpg,0,source_jpeg,served_image,200,image/jpeg,141199,667c300edd4ea93cbf4df4ab5c8465e79c9a2212329134e023a9a9c66cf01868,1,
LTMD_U1_W2_MATH_ASSET_AUDIT_0.1,H2018P4DMA,U1-H2018P4DMA,2018,4,Desafíos matemáticos. Libro para el alumno,49,258,49,https://historico.conaliteg.gob.mx/c/H2018P4DMA/049.jpg,0,source_jpeg,served_image,200,image/jpeg,156137,0d039efd852bd97c2e406e7df06a1fe1a9224e0ce898a34d97c37daf0afff7b4,1,
LTMD_U1_W2_MATH_ASSET_AUDIT_0.1,H2018P4DMA,U1-H2018P4DMA,2018,4,Desafíos matemáticos. Libro para el alumno,50,258,50,https://historico.conaliteg.gob.mx/c/H2018P4DMA/050.jpg,0,source_jpeg,served_image,200,image/jpeg,151799,45fae197118cb9055c3747b7f3fbcd9a63bc1832c0a797a78cbcd36eda6e5b60,1,
LTMD_U1_W2_MATH_ASSET_AUDIT_0.1,H2018P4DMA,U1-H2018P4DMA,2018,4,Desafíos matemáticos. Libro para el alumno,51,258,51,https://historico.conaliteg.gob.mx/c/H2018P4DMA/051.jpg,0,source_jpeg,served_image,200,image/jpeg,120042,e580fb44b20e5c1395889888a292f6ad0dfa3276f7b8562f33aae3c516179dd7,1,
LTMD_U1_W2_MATH_ASSET_AUDIT_0.1,H2018P4DMA,U1-H2018P4DMA,2018,4,Desafíos matemáticos. Libro para el alumno,52,258,52,https://historico.conaliteg.gob.mx/c/H2018P4DMA/052.jpg,0,source_jpeg,served_image,200,image/jpeg,93648,23f7e7453f1c461cf56df4d16d083edbec1370444635c948786c15f29dd8c7a9,1,
LTMD_U1_W2_MATH_ASSET_AUDIT_0.1,H2018P4DMA,U1-H2018P4DMA,2018,4,Desafíos matemáticos. Libro para el alumno,53,258,53,https://historico.conaliteg.gob.mx/c/H2018P4DMA/053.jpg,0,source_jpeg,served_image,200,image/jpeg,109512,8cf1c4b2c5c07e03724f3a895542a554c9ec2c3343d0b881c46630eee3ba9fbf,1,
LTMD_U1_W2_MATH_ASSET_AUDIT_0.1,H2018P4DMA,U1-H2018P4DMA,2018,4,Desafíos matemáticos. Libro para el alumno,54,258,54,https://historico.conaliteg.gob.mx/c/H2018P4DMA/054.jpg,0,source_jpeg,served_image,200,image/jpeg,59931,40d603fab3a85ba2d279583f225541cee3fecd5618a10a32daef3b510660e314,1,
LTMD_U1_W2_MATH_ASSET_AUDIT_0.1,H2018P4DMA,U1-H2018P4DMA,2018,4,Desafíos matemáticos. Libro para el alumno,55,258,55,https://historico.conaliteg.gob.mx/c/H2018P4DMA/055.jpg,0,source_jpeg,served_image,200,image/jpeg,129328,4405c67702007013552ebc4e94f248c8e35eb3fb0a613717906a1d0ca1e2f89c,1,
LTMD_U1_W2_MATH_ASSET_AUDIT_0.1,H2018P4DMA,U1-H2018P4DMA,2018,4,Desafíos matemáticos. Libro para el alumno,56,258,56,https://historico.conaliteg.gob.mx/c/H2018P4DMA/056.jpg,0,source_jpeg,served_image,200,image/jpeg,153908,eb189be9e9dad7a3e3803e35e5faf6c0c102caa111fd94269720dfb2f4bf07d3,1,
LTMD_U1_W2_MATH_ASSET_AUDIT_0.1,H2018P4DMA,U1-H2018P4DMA,2018,4,Desafíos matemáticos. Libro para el alumno,57,258,57,https://historico.conaliteg.gob.mx/c/H2018P4DMA/057.jpg,0,source_jpeg,served_image,200,image/jpeg,233629,1a54ac34e343363a6dcb61ceb2c11ed330aff8db8d0c9acc5c01df94955fe213,1,
LTMD_U1_W2_MATH_ASSET_AUDIT_0.1,H2018P4DMA,U1-H2018P4DMA,2018,4,Desafíos matemáticos. Libro para el alumno,58,258,58,https://historico.conaliteg.gob.mx/c/H2018P4DMA/058.jpg,0,source_jpeg,served_image,200,image/jpeg,211572,a98541f8b0634dce6a3c492036803061736eafd32c6587a590d06ca3550269a4,1,
LTMD_U1_W2_MATH_ASSET_AUDIT_0.1,H2018P4DMA,U1-H2018P4DMA,2018,4,Desafíos matemáticos. Libro para el alumno,59,258,59,https://historico.conaliteg.gob.mx/c/H2018P4DMA/059.jpg,0,source_jpeg,served_image,200,image/jpeg,129262,7c0ec004a18a6c3a62b6bb22018ffc94c66697593deee96f3d5ac2d3ae6a1859,1,
LTMD_U1_W2_MATH_ASSET_AUDIT_0.1,H2018P4DMA,U1-H2018P4DMA,2018,4,Desafíos matemáticos. Libro para el alumno,60,258,60,https://historico.conaliteg.gob.mx/c/H2018P4DMA/060.jpg,0,source_jpeg,served_image,200,image/jpeg,129994,2a9f283e8365ee37574a4172183359eaafeadd63a73460c0e4dbe77d7818e177,1,
LTMD_U1_W2_MATH_ASSET_AUDIT_0.1,H2018P4DMA,U1-H2018P4DMA,2018,4,Desafíos matemáticos. Libro para el alumno,61,258,61,https://historico.conaliteg.gob.mx/c/H2018P4DMA/061.jpg,0,source_jpeg,served_image,200,image/jpeg,126092,8e10f9bb6ca492b5ade7292043aefd17fa5f85701b3b60ef7e9fedf7f9157926,1,
LTMD_U1_W2_MATH_ASSET_AUDIT_0.1,H2018P4DMA,U1-H2018P4DMA,2018,4,Desafíos matemáticos. Libro para el alumno,62,258,62,https://historico.conaliteg.gob.mx/c/H2018P4DMA/062.jpg,0,source_jpeg,served_image,200,image/jpeg,101179,efd195e9fccd18b6a7c3726c4a29d4244cf23c979030b1c348b6c7e84bceac8c,1,
LTMD_U1_W2_MATH_ASSET_AUDIT_0.1,H2018P4DMA,U1-H2018P4DMA,2018,4,Desafíos matemáticos. Libro para el alumno,63,258,63,https://historico.conaliteg.gob.mx/c/H2018P4DMA/063.jpg,0,source_jpeg,served_image,200,image/jpeg,99122,43009f6d3705a8001291b8b0e129416da5b64d728126d93ba5161d14c6d2f3d6,1,
LTMD_U1_W2_MATH_ASSET_AUDIT_0.1,H2018P4DMA,U1-H2018P4DMA,2018,4,Desafíos matemáticos. Libro para el alumno,64,258,64,https://historico.conaliteg.gob.mx/c/H2018P4DMA/064.jpg,0,source_jpeg,served_image,200,image/jpeg,123985,788fe1cf3d8fc6fd073a24e55aec9f4700bda6aeb6bb5c9d697171cf6fe7d929,1,
LTMD_U1_W2_MATH_ASSET_AUDIT_0.1,H2018P4DMA,U1-H2018P4DMA,2018,4,Desafíos matemáticos. Libro para el alumno,65,258,65,https://historico.conaliteg.gob.mx/c/H2018P4DMA/065.jpg,0,source_jpeg,served_image,200,image/jpeg,158130,d0d14ebfa9a93bc7b849253bd7e04b8309815324d4229774ab39a25f04aff79c,1,
LTMD_U1_W2_MATH_ASSET_AUDIT_0.1,H2018P4DMA,U1-H2018P4DMA,2018,4,Desafíos matemáticos. Libro para el alumno,66,258,66,https://historico.conaliteg.gob.mx/c/H2018P4DMA/066.jpg,0,source_jpeg,served_image,200,image/jpeg,163203,206285b2c8c2dc89859083e89e9475673e2d1a2035229c3a50f4cb5f3e4f184e,1,
LTMD_U1_W2_MATH_ASSET_AUDIT_0.1,H2018P4DMA,U1-H2018P4DMA,2018,4,Desafíos matemáticos. Libro para el alumno,67,258,67,https://historico.conaliteg.gob.mx/c/H2018P4DMA/067.jpg,0,source_jpeg,served_image,200,image/jpeg,99543,ea3c7c6a1e38810a894f6d80b82813b3fd06afe75bd89767f18d41835326f795,1,
LTMD_U1_W2_MATH_ASSET_AUDIT_0.1,H2018P4DMA,U1-H2018P4DMA,2018,4,Desafíos matemáticos. Libro para el alumno,68,258,68,https://historico.conaliteg.gob.mx/c/H2018P4DMA/068.jpg,0,source_jpeg,served_image,200,image/jpeg,136178,bbd17c10bce0e9ecc82ebbf7d1f7ce92d943efc9f5290235260ecbf1ff2969a8,1,
LTMD_U1_W2_MATH_ASSET_AUDIT_0.1,H2018P4DMA,U1-H2018P4DMA,2018,4,Desafíos matemáticos. Libro para el alumno,69,258,69,https://historico.conaliteg.gob.mx/c/H2018P4DMA/069.jpg,0,source_jpeg,served_image,200,image/jpeg,146967,961da79e0d7fe887bef389e1a03d983ad37aa837d52d36147fea448e677770d3,1,
LTMD_U1_W2_MATH_ASSET_AUDIT_0.1,H2018P4DMA,U1-H2018P4DMA,2018,4,Desafíos matemáticos. Libro para el alumno,70,258,70,https://historico.conaliteg.gob.mx/c/H2018P4DMA/070.jpg,0,source_jpeg,served_image,200,image/jpeg,107441,e83bee795c91b309cb98cfe3e83ec3ee2f02791719bee18a0cb95a79c5781260,1,
LTMD_U1_W2_MATH_ASSET_AUDIT_0.1,H2018P4DMA,U1-H2018P4DMA,2018,4,Desafíos matemáticos. Libro para el alumno,71,258,71,https://historico.conaliteg.gob.mx/c/H2018P4DMA/071.jpg,0,source_jpeg,served_image,200,image/jpeg,114760,73fa964d53eb7236684b07e14bba1a164b3f9ce5c51d845c82a368e06b76be2a,1,
LTMD_U1_W2_MATH_ASSET_AUDIT_0.1,H2018P4DMA,U1-H2018P4DMA,2018,4,Desafíos matemáticos. Libro para el alumno,72,258,72,https://historico.conaliteg.gob.mx/c/H2018P4DMA/072.jpg,0,source_jpeg,served_image,200,image/jpeg,132137,a571ff0dd1dc81c2accdc0d002daf15885de3982cd6f230ad9372a396d972dd8,1,
LTMD_U1_W2_MATH_ASSET_AUDIT_0.1,H2018P4DMA,U1-H2018P4DMA,2018,4,Desafíos matemáticos. Libro para el alumno,73,258,73,https://historico.conaliteg.gob.mx/c/H2018P4DMA/073.jpg,0,source_jpeg,served_image,200,image/jpeg,149532,b871525ab4fa27bdc23ef72af08ef118f59d2e9b47ef2d25d28b9bd3a8140226,1,
LTMD_U1_W2_MATH_ASSET_AUDIT_0.1,H2018P4DMA,U1-H2018P4DMA,2018,4,Desafíos matemáticos. Libro para el alumno,74,258,74,https://historico.conaliteg.gob.mx/c/H2018P4DMA/074.jpg,0,source_jpeg,served_image,200,image/jpeg,150083,a6bfcabb13b565cdf67e575e3f52ec344bc2e2f6a3c7961e900b9d8f15ee2e79,1,
LTMD_U1_W2_MATH_ASSET_AUDIT_0.1,H2018P4DMA,U1-H2018P4DMA,2018,4,Desafíos matemáticos. Libro para el alumno,75,258,75,https://historico.conaliteg.gob.mx/c/H2018P4DMA/075.jpg,0,source_jpeg,served_image,200,image/jpeg,153752,96870ffd454b50eb5ae07cc6d5133e2470b0205fd84bb9c94634b0d758c82a7d,1,
LTMD_U1_W2_MATH_ASSET_AUDIT_0.1,H2018P4DMA,U1-H2018P4DMA,2018,4,Desafíos matemáticos. Libro para el alumno,76,258,76,https://historico.conaliteg.gob.mx/c/H2018P4DMA/076.jpg,0,source_jpeg,served_image,200,image/jpeg,147864,7ed27ef50d25ce20ee1dd0459827ad166e4757b8186545af55e3fae1db2269af,1,
LTMD_U1_W2_MATH_ASSET_AUDIT_0.1,H2018P4DMA,U1-H2018P4DMA,2018,4,Desafíos matemáticos. Libro para el alumno,77,258,77,https://historico.conaliteg.gob.mx/c/H2018P4DMA/077.jpg,0,source_jpeg,served_image,200,image/jpeg,173639,968912ecdeecce3c61c17793f678e66ace116e652a865c9ed2992c53f0edc135,1,
LTMD_U1_W2_MATH_ASSET_AUDIT_0.1,H2018P4DMA,U1-H2018P4DMA,2018,4,Desafíos matemáticos. Libro para el alumno,78,258,78,https://historico.conaliteg.gob.mx/c/H2018P4DMA/078.jpg,0,source_jpeg,served_image,200,image/jpeg,113554,adf7e71a9bb01a4cf23d44b5d2e32427f7c49b4768f60ff7c7a1f4b5077194ab,1,
LTMD_U1_W2_MATH_ASSET_AUDIT_0.1,H2018P4DMA,U1-H2018P4DMA,2018,4,Desafíos matemáticos. Libro para el alumno,79,258,79,https://historico.conaliteg.gob.mx/c/H2018P4DMA/079.jpg,0,source_jpeg,served_image,200,image/jpeg,167127,3c7a41584b664dd07e34283e849b605b0ffb0c26c976c30ad173749bbcf637ce,1,
LTMD_U1_W2_MATH_ASSET_AUDIT_0.1,H2018P4DMA,U1-H2018P4DMA,2018,4,Desafíos matemáticos. Libro para el alumno,80,258,80,https://historico.conaliteg.gob.mx/c/H2018P4DMA/080.jpg,0,source_jpeg,served_image,200,image/jpeg,129604,3a3ecd4403671e4aa295434a28ca5481abc9a00c2d8e8905bf5c0b647b16dcb3,1,
LTMD_U1_W2_MATH_ASSET_AUDIT_0.1,H2018P4DMA,U1-H2018P4DMA,2018,4,Desafíos matemáticos. Libro para el alumno,81,258,81,https://historico.conaliteg.gob.mx/c/H2018P4DMA/081.jpg,0,source_jpeg,served_image,200,image/jpeg,238189,1d574fea182f38d2c66fd71845275323fe28202e98b5b213b88eeb9e3fff8763,1,
LTMD_U1_W2_MATH_ASSET_AUDIT_0.1,H2018P4DMA,U1-H2018P4DMA,2018,4,Desafíos matemáticos. Libro para el alumno,82,258,82,https://historico.conaliteg.gob.mx/c/H2018P4DMA/082.jpg,0,source_jpeg,served_image,200,image/jpeg,177174,0b736d5f8d3e8756dc31227b755a03d7d09c09beea7536e699d4f23306a230b7,1,
LTMD_U1_W2_MATH_ASSET_AUDIT_0.1,H2018P4DMA,U1-H2018P4DMA,2018,4,Desafíos matemáticos. Libro para el alumno,83,258,83,https://historico.conaliteg.gob.mx/c/H2018P4DMA/083.jpg,0,source_jpeg,served_image,200,image/jpeg,168076,fc7055d5a217b0501ec27dd005ceb2d0db7d448c75789d87a7f46cc2a02156da,1,
LTMD_U1_W2_MATH_ASSET_AUDIT_0.1,H2018P4DMA,U1-H2018P4DMA,2018,4,Desafíos matemáticos. Libro para el alumno,84,258,84,https://historico.conaliteg.gob.mx/c/H2018P4DMA/084.jpg,0,source_jpeg,served_image,200,image/jpeg,144228,b82443bb9c9baa2f95637c0daddaf175211981ebc57ab5e65a9d3e19363b846a,1,
LTMD_U1_W2_MATH_ASSET_AUDIT_0.1,H2018P4DMA,U1-H2018P4DMA,2018,4,Desafíos matemáticos. Libro para el alumno,85,258,85,https://historico.conaliteg.gob.mx/c/H2018P4DMA/085.jpg,0,source_jpeg,served_image,200,image/jpeg,186469,1957da43f6e790f77f223b2d7f64391a75097d47d2639c1e9f0fbe18a1776369,1,
LTMD_U1_W2_MATH_ASSET_AUDIT_0.1,H2018P4DMA,U1-H2018P4DMA,2018,4,Desafíos matemáticos. Libro para el alumno,86,258,86,https://historico.conaliteg.gob.mx/c/H2018P4DMA/086.jpg,0,source_jpeg,served_image,200,image/jpeg,162054,f1840d58a59af7eea09f94679c3b63f6c53c898e3714eb2f75eab9ac3f3e46c9,1,
LTMD_U1_W2_MATH_ASSET_AUDIT_0.1,H2018P4DMA,U1-H2018P4DMA,2018,4,Desafíos matemáticos. Libro para el alumno,87,258,87,https://historico.conaliteg.gob.mx/c/H2018P4DMA/087.jpg,0,source_jpeg,served_image,200,image/jpeg,149309,508113d664709a56a5c7579974692216e59d292af571c0daccd6449f5c9b6902,1,
LTMD_U1_W2_MATH_ASSET_AUDIT_0.1,H2018P4DMA,U1-H2018P4DMA,2018,4,Desafíos matemáticos. Libro para el alumno,88,258,88,https://historico.conaliteg.gob.mx/c/H2018P4DMA/088.jpg,0,source_jpeg,served_image,200,image/jpeg,227914,a02bb253c74d00797c185a94f6f36e9765cc35c7009fed88b11c2a8ac9501c97,1,
LTMD_U1_W2_MATH_ASSET_AUDIT_0.1,H2018P4DMA,U1-H2018P4DMA,2018,4,Desafíos matemáticos. Libro para el alumno,89,258,89,https://historico.conaliteg.gob.mx/c/H2018P4DMA/089.jpg,0,source_jpeg,served_image,200,image/jpeg,130113,d49dc83d1311094cde97977d37fa73657bb61deae4c7e7569ee91930e2e6310f,1,
LTMD_U1_W2_MATH_ASSET_AUDIT_0.1,H2018P4DMA,U1-H2018P4DMA,2018,4,Desafíos matemáticos. Libro para el alumno,90,258,90,https://historico.conaliteg.gob.mx/c/H2018P4DMA/090.jpg,0,source_jpeg,served_image,200,image/jpeg,225681,af9faa28ea1e2be2c8bfd312a1a8df7f8c021e23f24cb8ae7f09b05445a98f84,1,
LTMD_U1_W2_MATH_ASSET_AUDIT_0.1,H2018P4DMA,U1-H2018P4DMA,2018,4,Desafíos matemáticos. Libro para el alumno,91,258,91,https://historico.conaliteg.gob.mx/c/H2018P4DMA/091.jpg,0,source_jpeg,served_image,200,image/jpeg,180289,e0b9bc7d7a17d41ed49ba499de293f2b92be823927f77765e80fdbf7744b3e51,1,
LTMD_U1_W2_MATH_ASSET_AUDIT_0.1,H2018P4DMA,U1-H2018P4DMA,2018,4,Desafíos matemáticos. Libro para el alumno,92,258,92,https://historico.conaliteg.gob.mx/c/H2018P4DMA/092.jpg,0,source_jpeg,served_image,200,image/jpeg,148446,f1ed35a889ec153f6b35d203614dd9c4a14db55c9f9d783e28b3f1025c6ba0ce,1,
LTMD_U1_W2_MATH_ASSET_AUDIT_0.1,H2018P4DMA,U1-H2018P4DMA,2018,4,Desafíos matemáticos. Libro para el alumno,93,258,93,https://historico.conaliteg.gob.mx/c/H2018P4DMA/093.jpg,0,source_jpeg,served_image,200,image/jpeg,173788,5cddf592b79bed20a698621299a7c495a358d3b95f1a53381392afd98dbcca68,1,
LTMD_U1_W2_MATH_ASSET_AUDIT_0.1,H2018P4DMA,U1-H2018P4DMA,2018,4,Desafíos matemáticos. Libro para el alumno,94,258,94,https://historico.conaliteg.gob.mx/c/H2018P4DMA/094.jpg,0,source_jpeg,served_image,200,image/jpeg,161120,4cc1c39e30b70be5fc94205ad6233d6b4f52f2fbda14d09f4604da1c653a4753,1,
LTMD_U1_W2_MATH_ASSET_AUDIT_0.1,H2018P4DMA,U1-H2018P4DMA,2018,4,Desafíos matemáticos. Libro para el alumno,95,258,95,https://historico.conaliteg.gob.mx/c/H2018P4DMA/095.jpg,0,source_jpeg,served_image,200,image/jpeg,130947,84595b3e255d0021121561091c04360408d4088f510cf8cbed2ae835e38e15ee,1,
LTMD_U1_W2_MATH_ASSET_AUDIT_0.1,H2018P4DMA,U1-H2018P4DMA,2018,4,Desafíos matemáticos. Libro para el alumno,96,258,96,https://historico.conaliteg.gob.mx/c/H2018P4DMA/096.jpg,0,source_jpeg,served_image,200,image/jpeg,138315,d4a0f206729f523278ede106666bef2ad05723c178ad4df16a45fdb3fa29492d,1,
LTMD_U1_W2_MATH_ASSET_AUDIT_0.1,H2018P4DMA,U1-H2018P4DMA,2018,4,Desafíos matemáticos. Libro para el alumno,97,258,97,https://historico.conaliteg.gob.mx/c/H2018P4DMA/097.jpg,0,source_jpeg,served_image,200,image/jpeg,199666,fde9befcc1ae0b4b196dfd8d4174a85928f70859252c12b1dea67c99e493c266,1,
LTMD_U1_W2_MATH_ASSET_AUDIT_0.1,H2018P4DMA,U1-H2018P4DMA,2018,4,Desafíos matemáticos. Libro para el alumno,98,258,98,https://historico.conaliteg.gob.mx/c/H2018P4DMA/098.jpg,0,source_jpeg,served_image,200,image/jpeg,104933,f4efa509d1d243efe4cd7d0ca997d8b7860257c1db331c3c7d39deafc78dd180,1,
LTMD_U1_W2_MATH_ASSET_AUDIT_0.1,H2018P4DMA,U1-H2018P4DMA,2018,4,Desafíos matemáticos. Libro para el alumno,99,258,99,https://historico.conaliteg.gob.mx/c/H2018P4DMA/099.jpg,0,source_jpeg,served_image,200,image/jpeg,73251,2689b667950dd2a141d07e292e8d3b75fbe9fe35038d292bd9e95fccb046f57d,1,
LTMD_U1_W2_MATH_ASSET_AUDIT_0.1,H2018P4DMA,U1-H2018P4DMA,2018,4,Desafíos matemáticos. Libro para el alumno,100,258,100,https://historico.conaliteg.gob.mx/c/H2018P4DMA/100.jpg,0,source_jpeg,served_image,200,image/jpeg,202504,926a654e020e1c00d66d6f85b8f3debfb1d7d362ce06b293ba3f46e42deda18a,1,
LTMD_U1_W2_MATH_ASSET_AUDIT_0.1,H2018P4DMA,U1-H2018P4DMA,2018,4,Desafíos matemáticos. Libro para el alumno,101,258,101,https://historico.conaliteg.gob.mx/c/H2018P4DMA/101.jpg,0,source_jpeg,served_image,200,image/jpeg,149964,54adce65abf89bfe67b4e7d526b45c67b1ee0e95eaff28f0e557eb002ac9833f,1,
LTMD_U1_W2_MATH_ASSET_AUDIT_0.1,H2018P4DMA,U1-H2018P4DMA,2018,4,Desafíos matemáticos. Libro para el alumno,102,258,102,https://historico.conaliteg.gob.mx/c/H2018P4DMA/102.jpg,0,source_jpeg,served_image,200,image/jpeg,192022,aebc79a416e7cd9faabcb2432f847b80f59bf755395c7038de71424c101192eb,1,
LTMD_U1_W2_MATH_ASSET_AUDIT_0.1,H2018P4DMA,U1-H2018P4DMA,2018,4,Desafíos matemáticos. Libro para el alumno,103,258,103,https://historico.conaliteg.gob.mx/c/H2018P4DMA/103.jpg,0,source_jpeg,served_image,200,image/jpeg,120840,b7acca66fef593945f7499882af21651a84db039c10303b577c780c6f0f197a4,1,
LTMD_U1_W2_MATH_ASSET_AUDIT_0.1,H2018P4DMA,U1-H2018P4DMA,2018,4,Desafíos matemáticos. Libro para el alumno,104,258,104,https://historico.conaliteg.gob.mx/c/H2018P4DMA/104.jpg,0,source_jpeg,served_image,200,image/jpeg,82186,041a420bbede53ce2c24b9a64e62ee6ecd2dd932a5c8d67a264a960b3e0a8d5a,1,
LTMD_U1_W2_MATH_ASSET_AUDIT_0.1,H2018P4DMA,U1-H2018P4DMA,2018,4,Desafíos matemáticos. Libro para el alumno,105,258,105,https://historico.conaliteg.gob.mx/c/H2018P4DMA/105.jpg,0,source_jpeg,served_image,200,image/jpeg,107722,753de569073a2e522ecd03fb0fd8a52d9727c9dedec05cec551cdf9632c25a1a,1,
LTMD_U1_W2_MATH_ASSET_AUDIT_0.1,H2018P4DMA,U1-H2018P4DMA,2018,4,Desafíos matemáticos. Libro para el alumno,106,258,106,https://historico.conaliteg.gob.mx/c/H2018P4DMA/106.jpg,0,source_jpeg,served_image,200,image/jpeg,149646,dc33de33410c3ae9d5d6f28861e79a2abdde0bcfd96afc34611db284b1312dc3,1,
LTMD_U1_W2_MATH_ASSET_AUDIT_0.1,H2018P4DMA,U1-H2018P4DMA,2018,4,Desafíos matemáticos. Libro para el alumno,107,258,107,https://historico.conaliteg.gob.mx/c/H2018P4DMA/107.jpg,0,source_jpeg,served_image,200,image/jpeg,123985,0ca7d707dbeb6a45db0608ae6adebff13a9e8a631a62c7158b8ebf7b1450c4e2,1,
LTMD_U1_W2_MATH_ASSET_AUDIT_0.1,H2018P4DMA,U1-H2018P4DMA,2018,4,Desafíos matemáticos. Libro para el alumno,108,258,108,https://historico.conaliteg.gob.mx/c/H2018P4DMA/108.jpg,0,source_jpeg,served_image,200,image/jpeg,169008,de2ae4bf62356144f7f95f9d860101df114c6629e6cb20e5f2df1e9a8e898fbf,1,
LTMD_U1_W2_MATH_ASSET_AUDIT_0.1,H2018P4DMA,U1-H2018P4DMA,2018,4,Desafíos matemáticos. Libro para el alumno,109,258,109,https://historico.conaliteg.gob.mx/c/H2018P4DMA/109.jpg,0,source_jpeg,served_image,200,image/jpeg,166272,0f6a3128562c26ca9fa2b995980bda21f30e4938ca73d5e62389fd8f4b9de5e8,1,
LTMD_U1_W2_MATH_ASSET_AUDIT_0.1,H2018P4DMA,U1-H2018P4DMA,2018,4,Desafíos matemáticos. Libro para el alumno,110,258,110,https://historico.conaliteg.gob.mx/c/H2018P4DMA/110.jpg,0,source_jpeg,served_image,200,image/jpeg,218582,54635c6405f966244f6f94972aea6884207fae396ef2bea42e29b87c543e54c8,1,
LTMD_U1_W2_MATH_ASSET_AUDIT_0.1,H2018P4DMA,U1-H2018P4DMA,2018,4,Desafíos matemáticos. Libro para el alumno,111,258,111,https://historico.conaliteg.gob.mx/c/H2018P4DMA/111.jpg,0,source_jpeg,served_image,200,image/jpeg,180565,44f6354ce5e231014dd0df42523fda1932e50c56d2840c81b71410e44d99f8f3,1,
LTMD_U1_W2_MATH_ASSET_AUDIT_0.1,H2018P4DMA,U1-H2018P4DMA,2018,4,Desafíos matemáticos. Libro para el alumno,112,258,112,https://historico.conaliteg.gob.mx/c/H2018P4DMA/112.jpg,0,source_jpeg,served_image,200,image/jpeg,181862,1e52138288f49b32d8161c063638f3ac4df3c0bd9c89d5c10a690d2b8d19864d,1,
LTMD_U1_W2_MATH_ASSET_AUDIT_0.1,H2018P4DMA,U1-H2018P4DMA,2018,4,Desafíos matemáticos. Libro para el alumno,113,258,113,https://historico.conaliteg.gob.mx/c/H2018P4DMA/113.jpg,0,source_jpeg,served_image,200,image/jpeg,207061,cf2e63dc832a92cc966339d41d3816cde456b7ae0a4bb54ef83e8241d501bd66,1,
LTMD_U1_W2_MATH_ASSET_AUDIT_0.1,H2018P4DMA,U1-H2018P4DMA,2018,4,Desafíos matemáticos. Libro para el alumno,114,258,114,https://historico.conaliteg.gob.mx/c/H2018P4DMA/114.jpg,0,source_jpeg,served_image,200,image/jpeg,215435,cc94a5fbf5b80d3c3e990504fe44f8e5623c07fc54532eeb3855a94455810f36,1,
LTMD_U1_W2_MATH_ASSET_AUDIT_0.1,H2018P4DMA,U1-H2018P4DMA,2018,4,Desafíos matemáticos. Libro para el alumno,115,258,115,https://historico.conaliteg.gob.mx/c/H2018P4DMA/115.jpg,0,source_jpeg,served_image,200,image/jpeg,160843,e076f8616f504209bb0d0d1ab76714f52410eb95489c4075f1f88165c88764ad,1,
LTMD_U1_W2_MATH_ASSET_AUDIT_0.1,H2018P4DMA,U1-H2018P4DMA,2018,4,Desafíos matemáticos. Libro para el alumno,116,258,116,https://historico.conaliteg.gob.mx/c/H2018P4DMA/116.jpg,0,source_jpeg,served_image,200,image/jpeg,186508,6fcb618cb91dca1c8efab004ec138f3b0904f701c06b82a0c5597b2ad42072ab,1,
LTMD_U1_W2_MATH_ASSET_AUDIT_0.1,H2018P4DMA,U1-H2018P4DMA,2018,4,Desafíos matemáticos. Libro para el alumno,117,258,117,https://historico.conaliteg.gob.mx/c/H2018P4DMA/117.jpg,0,source_jpeg,served_image,200,image/jpeg,145811,90859f102b7f4d71f872d6913f624f8bc74bd72e71bc508b61ab9f0b5c8e2631,1,
LTMD_U1_W2_MATH_ASSET_AUDIT_0.1,H2018P4DMA,U1-H2018P4DMA,2018,4,Desafíos matemáticos. Libro para el alumno,118,258,118,https://historico.conaliteg.gob.mx/c/H2018P4DMA/118.jpg,0,source_jpeg,served_image,200,image/jpeg,181502,8033f042779e72ab652292082f6a5e748e6d2513e8dbf470ebc13570a72e4c8e,1,
LTMD_U1_W2_MATH_ASSET_AUDIT_0.1,H2018P4DMA,U1-H2018P4DMA,2018,4,Desafíos matemáticos. Libro para el alumno,119,258,119,https://historico.conaliteg.gob.mx/c/H2018P4DMA/119.jpg,0,source_jpeg,served_image,200,image/jpeg,295114,08f45584e495136e79dedb5ac91e33c45738d5e4fcf1fdb279075e8218d4916a,1,
LTMD_U1_W2_MATH_ASSET_AUDIT_0.1,H2018P4DMA,U1-H2018P4DMA,2018,4,Desafíos matemáticos. Libro para el alumno,120,258,120,https://historico.conaliteg.gob.mx/c/H2018P4DMA/120.jpg,0,source_jpeg,served_image,200,image/jpeg,179580,e0080b93f32d27308749f47b550f6526523016ea5bdf907ab5f06b6f2527f0f9,1,
LTMD_U1_W2_MATH_ASSET_AUDIT_0.1,H2018P4DMA,U1-H2018P4DMA,2018,4,Desafíos matemáticos. Libro para el alumno,121,258,121,https://historico.conaliteg.gob.mx/c/H2018P4DMA/121.jpg,0,source_jpeg,served_image,200,image/jpeg,205330,950e40ad874c941006bd1d1959ef0d7d931e10a96103303a5683876160c34e09,1,
LTMD_U1_W2_MATH_ASSET_AUDIT_0.1,H2018P4DMA,U1-H2018P4DMA,2018,4,Desafíos matemáticos. Libro para el alumno,122,258,122,https://historico.conaliteg.gob.mx/c/H2018P4DMA/122.jpg,0,source_jpeg,served_image,200,image/jpeg,103016,306931e0b9371c66f7757a3c9826d4df64d0aedbb08d2bb209981f9679e2ffb5,1,
LTMD_U1_W2_MATH_ASSET_AUDIT_0.1,H2018P4DMA,U1-H2018P4DMA,2018,4,Desafíos matemáticos. Libro para el alumno,123,258,123,https://historico.conaliteg.gob.mx/c/H2018P4DMA/123.jpg,0,source_jpeg,served_image,200,image/jpeg,180401,10e440e981f43dfd0bbf1474666e887f3701f1866265b037848ebac3382723bb,1,
LTMD_U1_W2_MATH_ASSET_AUDIT_0.1,H2018P4DMA,U1-H2018P4DMA,2018,4,Desafíos matemáticos. Libro para el alumno,124,258,124,https://historico.conaliteg.gob.mx/c/H2018P4DMA/124.jpg,0,source_jpeg,served_image,200,image/jpeg,183660,2c771baa749c46833ba65c9ca3caf7aaf202fc52ff408d538e4a004cacdae72e,1,
LTMD_U1_W2_MATH_ASSET_AUDIT_0.1,H2018P4DMA,U1-H2018P4DMA,2018,4,Desafíos matemáticos. Libro para el alumno,125,258,125,https://historico.conaliteg.gob.mx/c/H2018P4DMA/125.jpg,0,source_jpeg,served_image,200,image/jpeg,142742,ea14c6be34e69e20f60ea32b702b5bcc95d11509c9c1f73222c0517f039bb81f,1,
LTMD_U1_W2_MATH_ASSET_AUDIT_0.1,H2018P4DMA,U1-H2018P4DMA,2018,4,Desafíos matemáticos. Libro para el alumno,126,258,126,https://historico.conaliteg.gob.mx/c/H2018P4DMA/126.jpg,0,source_jpeg,served_image,200,image/jpeg,131163,21725b745a0f82440b0f513673fc55f25bd3e4ec24b2677b7477c62a2f8ef731,1,
LTMD_U1_W2_MATH_ASSET_AUDIT_0.1,H2018P4DMA,U1-H2018P4DMA,2018,4,Desafíos matemáticos. Libro para el alumno,127,258,127,https://historico.conaliteg.gob.mx/c/H2018P4DMA/127.jpg,0,source_jpeg,served_image,200,image/jpeg,182638,2351ff8945888d26dee122c33c8493e4cc3a9788c68512c1cc294a068e36f141,1,
LTMD_U1_W2_MATH_ASSET_AUDIT_0.1,H2018P4DMA,U1-H2018P4DMA,2018,4,Desafíos matemáticos. Libro para el alumno,128,258,128,https://historico.conaliteg.gob.mx/c/H2018P4DMA/128.jpg,0,source_jpeg,served_image,200,image/jpeg,138548,e0a229a99c58f5a09347fbeaf7d645392934e85afef74f9fd3736a03befd8d48,1,
LTMD_U1_W2_MATH_ASSET_AUDIT_0.1,H2018P4DMA,U1-H2018P4DMA,2018,4,Desafíos matemáticos. Libro para el alumno,129,258,129,https://historico.conaliteg.gob.mx/c/H2018P4DMA/129.jpg,0,source_jpeg,served_image,200,image/jpeg,81497,27a2a80b0c54b48322f3330224226d5c0820a6177318837df3679aea6edb41e1,1,
LTMD_U1_W2_MATH_ASSET_AUDIT_0.1,H2018P4DMA,U1-H2018P4DMA,2018,4,Desafíos matemáticos. Libro para el alumno,130,258,130,https://historico.conaliteg.gob.mx/c/H2018P4DMA/130.jpg,0,source_jpeg,served_image,200,image/jpeg,147477,53d0b8653844c940ea5ddcae9f67a1b5a91343582e07d63c00f9925388405162,1,
LTMD_U1_W2_MATH_ASSET_AUDIT_0.1,H2018P4DMA,U1-H2018P4DMA,2018,4,Desafíos matemáticos. Libro para el alumno,131,258,131,https://historico.conaliteg.gob.mx/c/H2018P4DMA/131.jpg,0,source_jpeg,served_image,200,image/jpeg,176753,78a6303d28eed6dfd62dbb34a9ddc10a12156e3e3cd0750bfff6eaba8a6e801c,1,
LTMD_U1_W2_MATH_ASSET_AUDIT_0.1,H2018P4DMA,U1-H2018P4DMA,2018,4,Desafíos matemáticos. Libro para el alumno,132,258,132,https://historico.conaliteg.gob.mx/c/H2018P4DMA/132.jpg,0,source_jpeg,served_image,200,image/jpeg,151484,ce8305274f399b309a25386866a4a9d460d7a916b19deca670d18edc78fce054,1,
LTMD_U1_W2_MATH_ASSET_AUDIT_0.1,H2018P4DMA,U1-H2018P4DMA,2018,4,Desafíos matemáticos. Libro para el alumno,133,258,133,https://historico.conaliteg.gob.mx/c/H2018P4DMA/133.jpg,0,source_jpeg,served_image,200,image/jpeg,164241,03d955ace8b0e01133298fc1a10192d761fb04acdf85e551583cdac4dc3c2291,1,
LTMD_U1_W2_MATH_ASSET_AUDIT_0.1,H2018P4DMA,U1-H2018P4DMA,2018,4,Desafíos matemáticos. Libro para el alumno,134,258,134,https://historico.conaliteg.gob.mx/c/H2018P4DMA/134.jpg,0,source_jpeg,served_image,200,image/jpeg,116192,243d30d9e9a322edff51f243dd61c258441f0014eacd8d1c3503f839bb80f524,1,
LTMD_U1_W2_MATH_ASSET_AUDIT_0.1,H2018P4DMA,U1-H2018P4DMA,2018,4,Desafíos matemáticos. Libro para el alumno,135,258,135,https://historico.conaliteg.gob.mx/c/H2018P4DMA/135.jpg,0,source_jpeg,served_image,200,image/jpeg,132451,0924ba4c6c1150870732b58527b45e9b20ec4fcc693ed937e15cb5d4cd9e769a,1,
LTMD_U1_W2_MATH_ASSET_AUDIT_0.1,H2018P4DMA,U1-H2018P4DMA,2018,4,Desafíos matemáticos. Libro para el alumno,136,258,136,https://historico.conaliteg.gob.mx/c/H2018P4DMA/136.jpg,0,source_jpeg,served_image,200,image/jpeg,118145,3418fd446c0571a26d7aca391a6cc2bc006e8ea03da813b3ea7586360d11bfe2,1,
LTMD_U1_W2_MATH_ASSET_AUDIT_0.1,H2018P4DMA,U1-H2018P4DMA,2018,4,Desafíos matemáticos. Libro para el alumno,137,258,137,https://historico.conaliteg.gob.mx/c/H2018P4DMA/137.jpg,0,source_jpeg,served_image,200,image/jpeg,189206,219f93204a032232d51ec0b9e943e6e83effc5d2633730beba05434f6838249a,1,
LTMD_U1_W2_MATH_ASSET_AUDIT_0.1,H2018P4DMA,U1-H2018P4DMA,2018,4,Desafíos matemáticos. Libro para el alumno,138,258,138,https://historico.conaliteg.gob.mx/c/H2018P4DMA/138.jpg,0,source_jpeg,served_image,200,image/jpeg,135706,d909e42efc09462618582475c6817a4f053434038e90fe27b00b5debb843ddab,1,
LTMD_U1_W2_MATH_ASSET_AUDIT_0.1,H2018P4DMA,U1-H2018P4DMA,2018,4,Desafíos matemáticos. Libro para el alumno,139,258,139,https://historico.conaliteg.gob.mx/c/H2018P4DMA/139.jpg,0,source_jpeg,served_image,200,image/jpeg,153780,f426aad805c78bfa3da07b5fa808ff68b3e38d6db3b815b9b5be1e58caee9b87,1,
LTMD_U1_W2_MATH_ASSET_AUDIT_0.1,H2018P4DMA,U1-H2018P4DMA,2018,4,Desafíos matemáticos. Libro para el alumno,140,258,140,https://historico.conaliteg.gob.mx/c/H2018P4DMA/140.jpg,0,source_jpeg,served_image,200,image/jpeg,196852,67c5398c914d2a429790357caf1b540a2013be10f724c5d1a19d3b1fa54dfc17,1,
LTMD_U1_W2_MATH_ASSET_AUDIT_0.1,H2018P4DMA,U1-H2018P4DMA,2018,4,Desafíos matemáticos. Libro para el alumno,141,258,141,https://historico.conaliteg.gob.mx/c/H2018P4DMA/141.jpg,0,source_jpeg,served_image,200,image/jpeg,162465,1cfdbe7a19110c091f8d82ae6869f3242cdabe7ff78a30e20686ba80058e846f,1,
LTMD_U1_W2_MATH_ASSET_AUDIT_0.1,H2018P4DMA,U1-H2018P4DMA,2018,4,Desafíos matemáticos. Libro para el alumno,142,258,142,https://historico.conaliteg.gob.mx/c/H2018P4DMA/142.jpg,0,source_jpeg,served_image,200,image/jpeg,173022,df5e9cd75f6fe58dd0fe83be33c2b33445ec4886ebe76154f91bb5357dac7bbc,1,
LTMD_U1_W2_MATH_ASSET_AUDIT_0.1,H2018P4DMA,U1-H2018P4DMA,2018,4,Desafíos matemáticos. Libro para el alumno,143,258,143,https://historico.conaliteg.gob.mx/c/H2018P4DMA/143.jpg,0,source_jpeg,served_image,200,image/jpeg,90721,84b5d4b63ea439b8a61b6bc64f6de0ab1609ff6f6be1ff3e4309a1180313ff98,1,
LTMD_U1_W2_MATH_ASSET_AUDIT_0.1,H2018P4DMA,U1-H2018P4DMA,2018,4,Desafíos matemáticos. Libro para el alumno,144,258,144,https://historico.conaliteg.gob.mx/c/H2018P4DMA/144.jpg,0,source_jpeg,served_image,200,image/jpeg,132974,1e6a9b1cdcc17b200040f406e3c2ff29c21440563aba20de20122252e588d025,1,
LTMD_U1_W2_MATH_ASSET_AUDIT_0.1,H2018P4DMA,U1-H2018P4DMA,2018,4,Desafíos matemáticos. Libro para el alumno,145,258,145,https://historico.conaliteg.gob.mx/c/H2018P4DMA/145.jpg,0,source_jpeg,served_image,200,image/jpeg,66355,8ab417c2285cea50628807431acb640a213e50593ba9c08d4944d66174fbebe5,1,
LTMD_U1_W2_MATH_ASSET_AUDIT_0.1,H2018P4DMA,U1-H2018P4DMA,2018,4,Desafíos matemáticos. Libro para el alumno,146,258,146,https://historico.conaliteg.gob.mx/c/H2018P4DMA/146.jpg,0,source_jpeg,served_image,200,image/jpeg,111529,2210e3941e0afc5571d2538d8810c2739579f157983b94118be39728819ffd8f,1,
LTMD_U1_W2_MATH_ASSET_AUDIT_0.1,H2018P4DMA,U1-H2018P4DMA,2018,4,Desafíos matemáticos. Libro para el alumno,147,258,147,https://historico.conaliteg.gob.mx/c/H2018P4DMA/147.jpg,0,source_jpeg,served_image,200,image/jpeg,176321,caa5c3d9aaa0893ee1c54278b638fc37646fdaa75333280fad3df669578a8c30,1,
LTMD_U1_W2_MATH_ASSET_AUDIT_0.1,H2018P4DMA,U1-H2018P4DMA,2018,4,Desafíos matemáticos. Libro para el alumno,148,258,148,https://historico.conaliteg.gob.mx/c/H2018P4DMA/148.jpg,0,source_jpeg,served_image,200,image/jpeg,71813,18ea723efc6453d9a9d5cb3a486b1c3f6cd5bed9e010cb9ff312886a6f4de38a,1,
LTMD_U1_W2_MATH_ASSET_AUDIT_0.1,H2018P4DMA,U1-H2018P4DMA,2018,4,Desafíos matemáticos. Libro para el alumno,149,258,149,https://historico.conaliteg.gob.mx/c/H2018P4DMA/149.jpg,0,source_jpeg,served_image,200,image/jpeg,160788,295e1c9b929f79adb7f9b761b52940636b9107628865cb76a5644cc61ebf220b,1,
LTMD_U1_W2_MATH_ASSET_AUDIT_0.1,H2018P4DMA,U1-H2018P4DMA,2018,4,Desafíos matemáticos. Libro para el alumno,150,258,150,https://historico.conaliteg.gob.mx/c/H2018P4DMA/150.jpg,0,source_jpeg,served_image,200,image/jpeg,69984,843223501ac5cf512371d4fe44c3d846f2f53358bc446d7a8d0828ec7c0d2224,1,
LTMD_U1_W2_MATH_ASSET_AUDIT_0.1,H2018P4DMA,U1-H2018P4DMA,2018,4,Desafíos matemáticos. Libro para el alumno,151,258,151,https://historico.conaliteg.gob.mx/c/H2018P4DMA/151.jpg,0,source_jpeg,served_image,200,image/jpeg,209308,073493971b332b465894a9964698c586f9a24b0858d026c024d95eb4726f584f,1,
LTMD_U1_W2_MATH_ASSET_AUDIT_0.1,H2018P4DMA,U1-H2018P4DMA,2018,4,Desafíos matemáticos. Libro para el alumno,152,258,152,https://historico.conaliteg.gob.mx/c/H2018P4DMA/152.jpg,0,source_jpeg,served_image,200,image/jpeg,230176,8cca35fe8b0ba4a7b4ec4caec16117bdf03d813cfd1adcc9dbe9e1589871c8a2,1,
LTMD_U1_W2_MATH_ASSET_AUDIT_0.1,H2018P4DMA,U1-H2018P4DMA,2018,4,Desafíos matemáticos. Libro para el alumno,153,258,153,https://historico.conaliteg.gob.mx/c/H2018P4DMA/153.jpg,0,source_jpeg,served_image,200,image/jpeg,222343,3a2114a5eee59ba76552e0c45f5a97f85d5ac802e548e3f49e046d8714a76804,1,
LTMD_U1_W2_MATH_ASSET_AUDIT_0.1,H2018P4DMA,U1-H2018P4DMA,2018,4,Desafíos matemáticos. Libro para el alumno,154,258,154,https://historico.conaliteg.gob.mx/c/H2018P4DMA/154.jpg,0,source_jpeg,served_image,200,image/jpeg,214576,f483ccac25e30ad9f4f23f7d1ab5808722b43708191eef27136710ee8ee7873e,1,
LTMD_U1_W2_MATH_ASSET_AUDIT_0.1,H2018P4DMA,U1-H2018P4DMA,2018,4,Desafíos matemáticos. Libro para el alumno,155,258,155,https://historico.conaliteg.gob.mx/c/H2018P4DMA/155.jpg,0,source_jpeg,served_image,200,image/jpeg,190915,b4a7e4a1d718b38e058a3d70ff894eea85a385f340f6ac7a27a15743e0eaf717,1,
LTMD_U1_W2_MATH_ASSET_AUDIT_0.1,H2018P4DMA,U1-H2018P4DMA,2018,4,Desafíos matemáticos. Libro para el alumno,156,258,156,https://historico.conaliteg.gob.mx/c/H2018P4DMA/156.jpg,0,source_jpeg,served_image,200,image/jpeg,138060,e24a36c96af7144cbba38aa023764109b6d6295af6ad89738f6a6fe14a7e78db,1,
LTMD_U1_W2_MATH_ASSET_AUDIT_0.1,H2018P4DMA,U1-H2018P4DMA,2018,4,Desafíos matemáticos. Libro para el alumno,157,258,157,https://historico.conaliteg.gob.mx/c/H2018P4DMA/157.jpg,0,source_jpeg,served_image,200,image/jpeg,154630,61d95027da2b2e2a859623b60fbc0eb9c49fa2f43b30effcb5cc248f5ad33579,1,
LTMD_U1_W2_MATH_ASSET_AUDIT_0.1,H2018P4DMA,U1-H2018P4DMA,2018,4,Desafíos matemáticos. Libro para el alumno,158,258,158,https://historico.conaliteg.gob.mx/c/H2018P4DMA/158.jpg,0,source_jpeg,served_image,200,image/jpeg,162284,d5354cc3bef1234b7b66793c6bdea4a30349f1bba630b4d48362d185284ec4a7,1,
LTMD_U1_W2_MATH_ASSET_AUDIT_0.1,H2018P4DMA,U1-H2018P4DMA,2018,4,Desafíos matemáticos. Libro para el alumno,159,258,159,https://historico.conaliteg.gob.mx/c/H2018P4DMA/159.jpg,0,source_jpeg,served_image,200,image/jpeg,129784,2dba379cba4bfd3aa7e1dee653840dea60452a22583ef112c9e339888f839861,1,
LTMD_U1_W2_MATH_ASSET_AUDIT_0.1,H2018P4DMA,U1-H2018P4DMA,2018,4,Desafíos matemáticos. Libro para el alumno,160,258,160,https://historico.conaliteg.gob.mx/c/H2018P4DMA/160.jpg,0,source_jpeg,served_image,200,image/jpeg,79475,b4999a63c4a71b1365f3fed0ce1045c5daea6e980032f945d09a9c58392a3063,1,
LTMD_U1_W2_MATH_ASSET_AUDIT_0.1,H2018P4DMA,U1-H2018P4DMA,2018,4,Desafíos matemáticos. Libro para el alumno,161,258,161,https://historico.conaliteg.gob.mx/c/H2018P4DMA/161.jpg,0,source_jpeg,served_image,200,image/jpeg,57684,b15b7dadbba948784216f23b76db0cda653980bd00dde23a06cc92d4b45eb65e,1,
LTMD_U1_W2_MATH_ASSET_AUDIT_0.1,H2018P4DMA,U1-H2018P4DMA,2018,4,Desafíos matemáticos. Libro para el alumno,162,258,162,https://historico.conaliteg.gob.mx/c/H2018P4DMA/162.jpg,0,source_jpeg,served_image,200,image/jpeg,118228,75c99f4b0c24a31b1223d5004b304220bc42d411959844d851e4a468197bdd29,1,
LTMD_U1_W2_MATH_ASSET_AUDIT_0.1,H2018P4DMA,U1-H2018P4DMA,2018,4,Desafíos matemáticos. Libro para el alumno,163,258,163,https://historico.conaliteg.gob.mx/c/H2018P4DMA/163.jpg,0,source_jpeg,served_image,200,image/jpeg,171060,4c63533469299ea9b460ca1e2fa197ad4923b555f0b6091d98f2ba8720375155,1,
LTMD_U1_W2_MATH_ASSET_AUDIT_0.1,H2018P4DMA,U1-H2018P4DMA,2018,4,Desafíos matemáticos. Libro para el alumno,164,258,164,https://historico.conaliteg.gob.mx/c/H2018P4DMA/164.jpg,0,source_jpeg,served_image,200,image/jpeg,209377,96c7a711d5cefc625efa49305374ab65dc6b53b8fcb1f434d92113c722a9b596,1,
LTMD_U1_W2_MATH_ASSET_AUDIT_0.1,H2018P4DMA,U1-H2018P4DMA,2018,4,Desafíos matemáticos. Libro para el alumno,165,258,165,https://historico.conaliteg.gob.mx/c/H2018P4DMA/165.jpg,0,source_jpeg,served_image,200,image/jpeg,175991,989ef565344342cb11e55a02e7c6b3554ec61ec50d55ecf388d8ef20ab9edbe5,1,
LTMD_U1_W2_MATH_ASSET_AUDIT_0.1,H2018P4DMA,U1-H2018P4DMA,2018,4,Desafíos matemáticos. Libro para el alumno,166,258,166,https://historico.conaliteg.gob.mx/c/H2018P4DMA/166.jpg,0,source_jpeg,served_image,200,image/jpeg,218753,6ef4f1ed90435fe862fc77024f94293e06da7ebec059b3b79b6fbe3bcd934e2c,1,
LTMD_U1_W2_MATH_ASSET_AUDIT_0.1,H2018P4DMA,U1-H2018P4DMA,2018,4,Desafíos matemáticos. Libro para el alumno,167,258,167,https://historico.conaliteg.gob.mx/c/H2018P4DMA/167.jpg,0,source_jpeg,served_image,200,image/jpeg,180465,a2da368beb68e4536fe787326dba3c28766253beca5e580c0a9f8e62a2df85fd,1,
LTMD_U1_W2_MATH_ASSET_AUDIT_0.1,H2018P4DMA,U1-H2018P4DMA,2018,4,Desafíos matemáticos. Libro para el alumno,168,258,168,https://historico.conaliteg.gob.mx/c/H2018P4DMA/168.jpg,0,source_jpeg,served_image,200,image/jpeg,152670,27999341efee773a40ce3121d3c99e3fd5173ee4568a2ecfc3c3d7ef39edad64,1,
LTMD_U1_W2_MATH_ASSET_AUDIT_0.1,H2018P4DMA,U1-H2018P4DMA,2018,4,Desafíos matemáticos. Libro para el alumno,169,258,169,https://historico.conaliteg.gob.mx/c/H2018P4DMA/169.jpg,0,source_jpeg,served_image,200,image/jpeg,175389,547e7b2a7dbe39c5ea67a501fdcb717246a5d307e6d564d548745db69c52fcbc,1,
LTMD_U1_W2_MATH_ASSET_AUDIT_0.1,H2018P4DMA,U1-H2018P4DMA,2018,4,Desafíos matemáticos. Libro para el alumno,170,258,170,https://historico.conaliteg.gob.mx/c/H2018P4DMA/170.jpg,0,source_jpeg,served_image,200,image/jpeg,164108,b05213b3b5f20a02c892d8d85ca83eb0a6f9ed8ce8a514e6feffa5384b699e9c,1,
LTMD_U1_W2_MATH_ASSET_AUDIT_0.1,H2018P4DMA,U1-H2018P4DMA,2018,4,Desafíos matemáticos. Libro para el alumno,171,258,171,https://historico.conaliteg.gob.mx/c/H2018P4DMA/171.jpg,0,source_jpeg,served_image,200,image/jpeg,191029,8d8b7568639ed890b784c9cd845bfa5013e44b95545893c879de6f3ebf122a08,1,
LTMD_U1_W2_MATH_ASSET_AUDIT_0.1,H2018P4DMA,U1-H2018P4DMA,2018,4,Desafíos matemáticos. Libro para el alumno,172,258,172,https://historico.conaliteg.gob.mx/c/H2018P4DMA/172.jpg,0,source_jpeg,served_image,200,image/jpeg,134701,efde70af1ed1e650d9d579df61d61efe4723890950c5e4683e991e7295cdb8e2,1,
LTMD_U1_W2_MATH_ASSET_AUDIT_0.1,H2018P4DMA,U1-H2018P4DMA,2018,4,Desafíos matemáticos. Libro para el alumno,173,258,173,https://historico.conaliteg.gob.mx/c/H2018P4DMA/173.jpg,0,source_jpeg,served_image,200,image/jpeg,268098,10dd1efd68443bc0144617a4963d4fae1e6a700ffcd69987c8db333b2fc0c229,1,
LTMD_U1_W2_MATH_ASSET_AUDIT_0.1,H2018P4DMA,U1-H2018P4DMA,2018,4,Desafíos matemáticos. Libro para el alumno,174,258,174,https://historico.conaliteg.gob.mx/c/H2018P4DMA/174.jpg,0,source_jpeg,served_image,200,image/jpeg,252339,43442608736b9bd91a87b0a3dec816984e2506a209cde3d9a5d2724bd6534c39,1,
LTMD_U1_W2_MATH_ASSET_AUDIT_0.1,H2018P4DMA,U1-H2018P4DMA,2018,4,Desafíos matemáticos. Libro para el alumno,175,258,175,https://historico.conaliteg.gob.mx/c/H2018P4DMA/175.jpg,0,source_jpeg,served_image,200,image/jpeg,179540,76d3801de352e9e600c4824e0751e8607123abe8c7f027795a8a6efb22012fd5,1,
LTMD_U1_W2_MATH_ASSET_AUDIT_0.1,H2018P4DMA,U1-H2018P4DMA,2018,4,Desafíos matemáticos. Libro para el alumno,176,258,176,https://historico.conaliteg.gob.mx/c/H2018P4DMA/176.jpg,0,source_jpeg,served_image,200,image/jpeg,170422,e1bbf3178a05793240aca966f7252da38ae5ed12dc95ecb68e61d4a6de3ad4ff,1,
LTMD_U1_W2_MATH_ASSET_AUDIT_0.1,H2018P4DMA,U1-H2018P4DMA,2018,4,Desafíos matemáticos. Libro para el alumno,177,258,177,https://historico.conaliteg.gob.mx/c/H2018P4DMA/177.jpg,0,source_jpeg,served_image,200,image/jpeg,174873,cdcda457c4697a0002a089e42e7477b8b401b0650093bd12eabfb2bf6c19caf8,1,
LTMD_U1_W2_MATH_ASSET_AUDIT_0.1,H2018P4DMA,U1-H2018P4DMA,2018,4,Desafíos matemáticos. Libro para el alumno,178,258,178,https://historico.conaliteg.gob.mx/c/H2018P4DMA/178.jpg,0,source_jpeg,served_image,200,image/jpeg,146660,4fd7764199bc83730132f865688fb9bf90b1e7f334581997fea8516cd2416122,1,
LTMD_U1_W2_MATH_ASSET_AUDIT_0.1,H2018P4DMA,U1-H2018P4DMA,2018,4,Desafíos matemáticos. Libro para el alumno,179,258,179,https://historico.conaliteg.gob.mx/c/H2018P4DMA/179.jpg,0,source_jpeg,served_image,200,image/jpeg,120342,94962e9b3d5b7c4d8a0be93c1b12051e779585e4e32c6ef393d0135affa96e8d,1,
LTMD_U1_W2_MATH_ASSET_AUDIT_0.1,H2018P4DMA,U1-H2018P4DMA,2018,4,Desafíos matemáticos. Libro para el alumno,180,258,180,https://historico.conaliteg.gob.mx/c/H2018P4DMA/180.jpg,0,source_jpeg,served_image,200,image/jpeg,150141,b42ed5519023c74875693d9c0dd80c9bae98d18257944df09f1c01e0e0d8dbba,1,
LTMD_U1_W2_MATH_ASSET_AUDIT_0.1,H2018P4DMA,U1-H2018P4DMA,2018,4,Desafíos matemáticos. Libro para el alumno,181,258,181,https://historico.conaliteg.gob.mx/c/H2018P4DMA/181.jpg,0,source_jpeg,served_image,200,image/jpeg,138998,599e334b6ee0fb232ace48a436240499c113a0a6be4aadb4a1bd67bf30b4ded7,1,
LTMD_U1_W2_MATH_ASSET_AUDIT_0.1,H2018P4DMA,U1-H2018P4DMA,2018,4,Desafíos matemáticos. Libro para el alumno,182,258,182,https://historico.conaliteg.gob.mx/c/H2018P4DMA/182.jpg,0,source_jpeg,served_image,200,image/jpeg,188347,f0c8e276a09fc51ea29297d16a1ce607c8df9a73b08780df565c2b4ff6b5e0c6,1,
LTMD_U1_W2_MATH_ASSET_AUDIT_0.1,H2018P4DMA,U1-H2018P4DMA,2018,4,Desafíos matemáticos. Libro para el alumno,183,258,183,https://historico.conaliteg.gob.mx/c/H2018P4DMA/183.jpg,0,source_jpeg,served_image,200,image/jpeg,136241,0b19bec6265343bbf21a4489cd168e50104c21d86f80992bc3f1b280a4f5b6af,1,
LTMD_U1_W2_MATH_ASSET_AUDIT_0.1,H2018P4DMA,U1-H2018P4DMA,2018,4,Desafíos matemáticos. Libro para el alumno,184,258,184,https://historico.conaliteg.gob.mx/c/H2018P4DMA/184.jpg,0,source_jpeg,served_image,200,image/jpeg,148767,a4d4d987f13f89aff053cb67955f33cc63d4660241c6163d23c0b546e0128e76,1,
LTMD_U1_W2_MATH_ASSET_AUDIT_0.1,H2018P4DMA,U1-H2018P4DMA,2018,4,Desafíos matemáticos. Libro para el alumno,185,258,185,https://historico.conaliteg.gob.mx/c/H2018P4DMA/185.jpg,0,source_jpeg,served_image,200,image/jpeg,180462,9cc9fd42099bf77a9767cef39fac7e4e3e5b28a23ae1015d64ab2408daa647ca,1,
LTMD_U1_W2_MATH_ASSET_AUDIT_0.1,H2018P4DMA,U1-H2018P4DMA,2018,4,Desafíos matemáticos. Libro para el alumno,186,258,186,https://historico.conaliteg.gob.mx/c/H2018P4DMA/186.jpg,0,source_jpeg,served_image,200,image/jpeg,176220,fde6cb40b49ddcf816bd24b081d048a0b45dcb5e18e5bfea9a6ece2e01bc3ff5,1,
LTMD_U1_W2_MATH_ASSET_AUDIT_0.1,H2018P4DMA,U1-H2018P4DMA,2018,4,Desafíos matemáticos. Libro para el alumno,187,258,187,https://historico.conaliteg.gob.mx/c/H2018P4DMA/187.jpg,0,source_jpeg,served_image,200,image/jpeg,129586,39b20b96dd77429dcbeea37f86c62c24f8dd0d6178346fc246adeb250a712cce,1,
LTMD_U1_W2_MATH_ASSET_AUDIT_0.1,H2018P4DMA,U1-H2018P4DMA,2018,4,Desafíos matemáticos. Libro para el alumno,188,258,188,https://historico.conaliteg.gob.mx/c/H2018P4DMA/188.jpg,0,source_jpeg,served_image,200,image/jpeg,217097,98939d76f5a3021dfab3b8fb8718a2bf3e6a7e3934ca1d2f6c798b380f8c7a49,1,
LTMD_U1_W2_MATH_ASSET_AUDIT_0.1,H2018P4DMA,U1-H2018P4DMA,2018,4,Desafíos matemáticos. Libro para el alumno,189,258,189,https://historico.conaliteg.gob.mx/c/H2018P4DMA/189.jpg,0,source_jpeg,served_image,200,image/jpeg,163420,3585e2c792c7aa29622679e98180e3f2c41f887832f2f226bda9b81bdd282c87,1,
LTMD_U1_W2_MATH_ASSET_AUDIT_0.1,H2018P4DMA,U1-H2018P4DMA,2018,4,Desafíos matemáticos. Libro para el alumno,190,258,190,https://historico.conaliteg.gob.mx/c/H2018P4DMA/190.jpg,0,source_jpeg,served_image,200,image/jpeg,142830,619b72fb848d58e6a5609be1a15f900d67493f3a723a5f7706892821973d53b9,1,
LTMD_U1_W2_MATH_ASSET_AUDIT_0.1,H2018P4DMA,U1-H2018P4DMA,2018,4,Desafíos matemáticos. Libro para el alumno,191,258,191,https://historico.conaliteg.gob.mx/c/H2018P4DMA/191.jpg,0,source_jpeg,served_image,200,image/jpeg,128684,e4403983f2fef7d3805bf47ef8f30b7e894ddb44460ac9d675e6322c4c0726d5,1,
LTMD_U1_W2_MATH_ASSET_AUDIT_0.1,H2018P4DMA,U1-H2018P4DMA,2018,4,Desafíos matemáticos. Libro para el alumno,192,258,192,https://historico.conaliteg.gob.mx/c/H2018P4DMA/192.jpg,0,source_jpeg,served_image,200,image/jpeg,175048,5c1ebe7a5fe8300c469e9d79077656326b2b649b836d53fb9bcd2a92e43ae99e,1,
LTMD_U1_W2_MATH_ASSET_AUDIT_0.1,H2018P4DMA,U1-H2018P4DMA,2018,4,Desafíos matemáticos. Libro para el alumno,193,258,193,https://historico.conaliteg.gob.mx/c/H2018P4DMA/193.jpg,0,source_jpeg,served_image,200,image/jpeg,154043,ca9d8f193b05a77f376bb12c78fea91286d47db8febb0bd8470f763b7c5ee9c7,1,
LTMD_U1_W2_MATH_ASSET_AUDIT_0.1,H2018P4DMA,U1-H2018P4DMA,2018,4,Desafíos matemáticos. Libro para el alumno,194,258,194,https://historico.conaliteg.gob.mx/c/H2018P4DMA/194.jpg,0,source_jpeg,served_image,200,image/jpeg,124958,ded256654f240b2e587fc58ffd715e2819f8912c1600e270fc293267b59070c3,1,
LTMD_U1_W2_MATH_ASSET_AUDIT_0.1,H2018P4DMA,U1-H2018P4DMA,2018,4,Desafíos matemáticos. Libro para el alumno,195,258,195,https://historico.conaliteg.gob.mx/c/H2018P4DMA/195.jpg,0,source_jpeg,served_image,200,image/jpeg,210609,154186168fba4685b08c0c071707aa9ee9cffacd5a5a4a58cde0309be33f23e2,1,
LTMD_U1_W2_MATH_ASSET_AUDIT_0.1,H2018P4DMA,U1-H2018P4DMA,2018,4,Desafíos matemáticos. Libro para el alumno,196,258,196,https://historico.conaliteg.gob.mx/c/H2018P4DMA/196.jpg,0,source_jpeg,served_image,200,image/jpeg,135183,58bc73a609fb9fa53a6c4b543ab6a39b597ca263e5391a6169b6fde71ebd5682,1,
LTMD_U1_W2_MATH_ASSET_AUDIT_0.1,H2018P4DMA,U1-H2018P4DMA,2018,4,Desafíos matemáticos. Libro para el alumno,197,258,197,https://historico.conaliteg.gob.mx/c/H2018P4DMA/197.jpg,0,source_jpeg,served_image,200,image/jpeg,138862,fd9b46a945b230334982749cffcc7642dc3b14100ed0169d021531e076afc239,1,
LTMD_U1_W2_MATH_ASSET_AUDIT_0.1,H2018P4DMA,U1-H2018P4DMA,2018,4,Desafíos matemáticos. Libro para el alumno,198,258,198,https://historico.conaliteg.gob.mx/c/H2018P4DMA/198.jpg,0,source_jpeg,served_image,200,image/jpeg,146132,464a6cb3ea3a1f343d2865010dacf22e49b53233d12442ee4db3fa1a69fdf4cf,1,
LTMD_U1_W2_MATH_ASSET_AUDIT_0.1,H2018P4DMA,U1-H2018P4DMA,2018,4,Desafíos matemáticos. Libro para el alumno,199,258,199,https://historico.conaliteg.gob.mx/c/H2018P4DMA/199.jpg,0,source_jpeg,served_image,200,image/jpeg,354494,3127da30dddaebb41361e9966018dadf466a0436dee62d5d89c9dfd881163547,1,
LTMD_U1_W2_MATH_ASSET_AUDIT_0.1,H2018P4DMA,U1-H2018P4DMA,2018,4,Desafíos matemáticos. Libro para el alumno,200,258,200,https://historico.conaliteg.gob.mx/c/H2018P4DMA/200.jpg,0,source_jpeg,served_image,200,image/jpeg,104841,1b76dcc62f1445f749a37d26b36087a6b09e5bfae8538a0daa149f678e82802e,1,
LTMD_U1_W2_MATH_ASSET_AUDIT_0.1,H2018P4DMA,U1-H2018P4DMA,2018,4,Desafíos matemáticos. Libro para el alumno,201,258,201,https://historico.conaliteg.gob.mx/c/H2018P4DMA/201.jpg,0,source_jpeg,served_image,200,image/jpeg,111504,7d39a235453ceec24674a945960ea5dc0089b95ad8d5c65e1ac618ae901e4760,1,
LTMD_U1_W2_MATH_ASSET_AUDIT_0.1,H2018P4DMA,U1-H2018P4DMA,2018,4,Desafíos matemáticos. Libro para el alumno,202,258,202,https://historico.conaliteg.gob.mx/c/H2018P4DMA/202.jpg,0,source_jpeg,served_image,200,image/jpeg,111165,19cffdc1650cab9c149a36efc28ebe6e5ab3f6664ce8dfef7f3af70f4f2bcbb6,1,
LTMD_U1_W2_MATH_ASSET_AUDIT_0.1,H2018P4DMA,U1-H2018P4DMA,2018,4,Desafíos matemáticos. Libro para el alumno,203,258,203,https://historico.conaliteg.gob.mx/c/H2018P4DMA/203.jpg,0,source_jpeg,served_image,200,image/jpeg,118891,57bb97c8276b15dc5c33def8a9506915cdb2754bb9f823aa97b9274b7657d049,1,
LTMD_U1_W2_MATH_ASSET_AUDIT_0.1,H2018P4DMA,U1-H2018P4DMA,2018,4,Desafíos matemáticos. Libro para el alumno,204,258,204,https://historico.conaliteg.gob.mx/c/H2018P4DMA/204.jpg,0,source_jpeg,served_image,200,image/jpeg,111165,39adba69aef7a44b7a867d395cce249bc1d3b0d7cbedf5642056c40838b8eb54,1,
LTMD_U1_W2_MATH_ASSET_AUDIT_0.1,H2018P4DMA,U1-H2018P4DMA,2018,4,Desafíos matemáticos. Libro para el alumno,205,258,205,https://historico.conaliteg.gob.mx/c/H2018P4DMA/205.jpg,0,source_jpeg,served_image,200,image/jpeg,128428,d01c7dcc670d1fea754af4ce742d64c9db75138387bb1c9a3a80b6f78395a889,1,
LTMD_U1_W2_MATH_ASSET_AUDIT_0.1,H2018P4DMA,U1-H2018P4DMA,2018,4,Desafíos matemáticos. Libro para el alumno,206,258,206,https://historico.conaliteg.gob.mx/c/H2018P4DMA/206.jpg,0,source_jpeg,served_image,200,image/jpeg,104841,c23a12ee4505c751363825ceaddbfc6be5e3f91d8506ee4f05892394db518458,1,
LTMD_U1_W2_MATH_ASSET_AUDIT_0.1,H2018P4DMA,U1-H2018P4DMA,2018,4,Desafíos matemáticos. Libro para el alumno,207,258,207,https://historico.conaliteg.gob.mx/c/H2018P4DMA/207.jpg,0,source_jpeg,served_image,200,image/jpeg,145291,b9c8fbfe73190d7c3740a0699211658774dc03e8c89df83a8fb1860e4cc3af3c,1,
LTMD_U1_W2_MATH_ASSET_AUDIT_0.1,H2018P4DMA,U1-H2018P4DMA,2018,4,Desafíos matemáticos. Libro para el alumno,208,258,208,https://historico.conaliteg.gob.mx/c/H2018P4DMA/208.jpg,0,source_jpeg,served_image,200,image/jpeg,111165,49ae4c19e6f9edbd3eb38d62da6f67d097d1e09a5861a96986b3cff41f2fbdbd,1,
LTMD_U1_W2_MATH_ASSET_AUDIT_0.1,H2018P4DMA,U1-H2018P4DMA,2018,4,Desafíos matemáticos. Libro para el alumno,209,258,209,https://historico.conaliteg.gob.mx/c/H2018P4DMA/209.jpg,0,source_jpeg,served_image,200,image/jpeg,97735,a3331d6ee3bc3e86fafcfe528e765383b729ad9495888d4c34044d0fa536b656,1,
LTMD_U1_W2_MATH_ASSET_AUDIT_0.1,H2018P4DMA,U1-H2018P4DMA,2018,4,Desafíos matemáticos. Libro para el alumno,210,258,210,https://historico.conaliteg.gob.mx/c/H2018P4DMA/210.jpg,0,source_jpeg,served_image,200,image/jpeg,111165,e6d5dc92e0e62d5ecc63aaf9b36decdbde19c494441f966426405ef8a4914630,1,
LTMD_U1_W2_MATH_ASSET_AUDIT_0.1,H2018P4DMA,U1-H2018P4DMA,2018,4,Desafíos matemáticos. Libro para el alumno,211,258,211,https://historico.conaliteg.gob.mx/c/H2018P4DMA/211.jpg,0,source_jpeg,served_image,200,image/jpeg,97726,d64cec7fbde832033200ef39dbad6758c8edd7350003a61457376805402779d2,1,
LTMD_U1_W2_MATH_ASSET_AUDIT_0.1,H2018P4DMA,U1-H2018P4DMA,2018,4,Desafíos matemáticos. Libro para el alumno,212,258,212,https://historico.conaliteg.gob.mx/c/H2018P4DMA/212.jpg,0,source_jpeg,served_image,200,image/jpeg,104841,170af848512867f4d7706c8f39301e5c298c3df989f23b53e8370f1fbd7cdecc,1,
LTMD_U1_W2_MATH_ASSET_AUDIT_0.1,H2018P4DMA,U1-H2018P4DMA,2018,4,Desafíos matemáticos. Libro para el alumno,213,258,213,https://historico.conaliteg.gob.mx/c/H2018P4DMA/213.jpg,0,source_jpeg,served_image,200,image/jpeg,131688,86263a5f13d0be39531a385c2bbea08d4e6a33ab74ccef900847c78403c699bb,1,
LTMD_U1_W2_MATH_ASSET_AUDIT_0.1,H2018P4DMA,U1-H2018P4DMA,2018,4,Desafíos matemáticos. Libro para el alumno,214,258,214,https://historico.conaliteg.gob.mx/c/H2018P4DMA/214.jpg,0,source_jpeg,served_image,200,image/jpeg,111165,76e1aa5d91aefaa792fc771c287daf321fc5ee0fa554405748fe2c244c7343fc,1,
LTMD_U1_W2_MATH_ASSET_AUDIT_0.1,H2018P4DMA,U1-H2018P4DMA,2018,4,Desafíos matemáticos. Libro para el alumno,215,258,215,https://historico.conaliteg.gob.mx/c/H2018P4DMA/215.jpg,0,source_jpeg,served_image,200,image/jpeg,133629,70c3f52afa1c5d714b5b60403bcb16731b2b97e0a2a356ec92ac3e8e15080cd0,1,
LTMD_U1_W2_MATH_ASSET_AUDIT_0.1,H2018P4DMA,U1-H2018P4DMA,2018,4,Desafíos matemáticos. Libro para el alumno,216,258,216,https://historico.conaliteg.gob.mx/c/H2018P4DMA/216.jpg,0,source_jpeg,served_image,200,image/jpeg,104841,061f127b882f99a5c752da649d07318622d0ed22ed8feb7b6f9e6e25e8149cb8,1,
LTMD_U1_W2_MATH_ASSET_AUDIT_0.1,H2018P4DMA,U1-H2018P4DMA,2018,4,Desafíos matemáticos. Libro para el alumno,217,258,217,https://historico.conaliteg.gob.mx/c/H2018P4DMA/217.jpg,0,source_jpeg,served_image,200,image/jpeg,89148,4b0406fa10293f68a7d58e6673bb96c510d224048e46580a4067eb74e08478ca,1,
LTMD_U1_W2_MATH_ASSET_AUDIT_0.1,H2018P4DMA,U1-H2018P4DMA,2018,4,Desafíos matemáticos. Libro para el alumno,218,258,218,https://historico.conaliteg.gob.mx/c/H2018P4DMA/218.jpg,0,source_jpeg,served_image,200,image/jpeg,104841,db4149a7a467f51d65d72f853eeea647429094adf568d3b5822bb7a91cf19707,1,
LTMD_U1_W2_MATH_ASSET_AUDIT_0.1,H2018P4DMA,U1-H2018P4DMA,2018,4,Desafíos matemáticos. Libro para el alumno,219,258,219,https://historico.conaliteg.gob.mx/c/H2018P4DMA/219.jpg,0,source_jpeg,served_image,200,image/jpeg,116428,1c93ccab54df235a05cbabe2b51670f2015cc30d965fb87b23daab03ed410c6c,1,
LTMD_U1_W2_MATH_ASSET_AUDIT_0.1,H2018P4DMA,U1-H2018P4DMA,2018,4,Desafíos matemáticos. Libro para el alumno,220,258,220,https://historico.conaliteg.gob.mx/c/H2018P4DMA/220.jpg,0,source_jpeg,served_image,200,image/jpeg,104841,b521ca0561b91d3f99bf4ddcfc0e1b66755253df75336ed7db75ffff76996ef4,1,
LTMD_U1_W2_MATH_ASSET_AUDIT_0.1,H2018P4DMA,U1-H2018P4DMA,2018,4,Desafíos matemáticos. Libro para el alumno,221,258,221,https://historico.conaliteg.gob.mx/c/H2018P4DMA/221.jpg,0,source_jpeg,served_image,200,image/jpeg,125068,c2cb68e92ddd52ca1331c3b607483fa65504da9d28af704c9bdb96c572d276d8,1,
LTMD_U1_W2_MATH_ASSET_AUDIT_0.1,H2018P4DMA,U1-H2018P4DMA,2018,4,Desafíos matemáticos. Libro para el alumno,222,258,222,https://historico.conaliteg.gob.mx/c/H2018P4DMA/222.jpg,0,source_jpeg,served_image,200,image/jpeg,104841,771f41ba4c048e350be63616db6c942fdcad05fa07c22dceaba9d21af7d157ba,1,
LTMD_U1_W2_MATH_ASSET_AUDIT_0.1,H2018P4DMA,U1-H2018P4DMA,2018,4,Desafíos matemáticos. Libro para el alumno,223,258,223,https://historico.conaliteg.gob.mx/c/H2018P4DMA/223.jpg,0,source_jpeg,served_image,200,image/jpeg,119274,0092fa7612920a09a11026ed0545ba86a9e0f025cb951533b5d24ddd47db52eb,1,
LTMD_U1_W2_MATH_ASSET_AUDIT_0.1,H2018P4DMA,U1-H2018P4DMA,2018,4,Desafíos matemáticos. Libro para el alumno,224,258,224,https://historico.conaliteg.gob.mx/c/H2018P4DMA/224.jpg,0,source_jpeg,served_image,200,image/jpeg,111165,a410c31d9de023daa1e427c53ecbd948562099b1b3176384fe3e4556da09ad5c,1,
LTMD_U1_W2_MATH_ASSET_AUDIT_0.1,H2018P4DMA,U1-H2018P4DMA,2018,4,Desafíos matemáticos. Libro para el alumno,225,258,225,https://historico.conaliteg.gob.mx/c/H2018P4DMA/225.jpg,0,source_jpeg,served_image,200,image/jpeg,152627,70da08dcad9b1e603bd241c7088120d65b1158b963ec5d842b1ab441356ab5fe,1,
LTMD_U1_W2_MATH_ASSET_AUDIT_0.1,H2018P4DMA,U1-H2018P4DMA,2018,4,Desafíos matemáticos. Libro para el alumno,226,258,226,https://historico.conaliteg.gob.mx/c/H2018P4DMA/226.jpg,0,source_jpeg,served_image,200,image/jpeg,111165,8666153b549ed9c0734dcfbf12ce45e9cdd671a108a8dbedd9c1d1a52b932665,1,
LTMD_U1_W2_MATH_ASSET_AUDIT_0.1,H2018P4DMA,U1-H2018P4DMA,2018,4,Desafíos matemáticos. Libro para el alumno,227,258,227,https://historico.conaliteg.gob.mx/c/H2018P4DMA/227.jpg,0,source_jpeg,served_image,200,image/jpeg,156986,4814465bed5c56a2f2087a2280a52028a1cdbaf8aa66f2f1b421709a81543eb3,1,
LTMD_U1_W2_MATH_ASSET_AUDIT_0.1,H2018P4DMA,U1-H2018P4DMA,2018,4,Desafíos matemáticos. Libro para el alumno,228,258,228,https://historico.conaliteg.gob.mx/c/H2018P4DMA/228.jpg,0,source_jpeg,served_image,200,image/jpeg,111165,8eb416caf600698d6165e19b36ee88733af5d1210ee71b2f08d8367bbe780f7d,1,
LTMD_U1_W2_MATH_ASSET_AUDIT_0.1,H2018P4DMA,U1-H2018P4DMA,2018,4,Desafíos matemáticos. Libro para el alumno,229,258,229,https://historico.conaliteg.gob.mx/c/H2018P4DMA/229.jpg,0,source_jpeg,served_image,200,image/jpeg,163638,b323b23b2599ba7e522e8472e7116f3183b32e2b2ace4f829b94086aa7b6f2b6,1,
LTMD_U1_W2_MATH_ASSET_AUDIT_0.1,H2018P4DMA,U1-H2018P4DMA,2018,4,Desafíos matemáticos. Libro para el alumno,230,258,230,https://historico.conaliteg.gob.mx/c/H2018P4DMA/230.jpg,0,source_jpeg,served_image,200,image/jpeg,111165,f4b629e55ce745a1110e5d418c78a0c3a10c02bba7501a11f4390a254ed4c493,1,
LTMD_U1_W2_MATH_ASSET_AUDIT_0.1,H2018P4DMA,U1-H2018P4DMA,2018,4,Desafíos matemáticos. Libro para el alumno,231,258,231,https://historico.conaliteg.gob.mx/c/H2018P4DMA/231.jpg,0,source_jpeg,served_image,200,image/jpeg,172056,33650755e6d6e1536e838bd594c43953ebe4cb060fc30a77350312c525274357,1,
LTMD_U1_W2_MATH_ASSET_AUDIT_0.1,H2018P4DMA,U1-H2018P4DMA,2018,4,Desafíos matemáticos. Libro para el alumno,232,258,232,https://historico.conaliteg.gob.mx/c/H2018P4DMA/232.jpg,0,source_jpeg,served_image,200,image/jpeg,111165,990952176fc9e5f8945724e4ca7f68c652bc6e631d173cfde09bb6358c946b8b,1,
LTMD_U1_W2_MATH_ASSET_AUDIT_0.1,H2018P4DMA,U1-H2018P4DMA,2018,4,Desafíos matemáticos. Libro para el alumno,233,258,233,https://historico.conaliteg.gob.mx/c/H2018P4DMA/233.jpg,0,source_jpeg,served_image,200,image/jpeg,203906,724900ef72ae53c745372c167117446e3e6656df9943b13a1667725ba3bec354,1,
LTMD_U1_W2_MATH_ASSET_AUDIT_0.1,H2018P4DMA,U1-H2018P4DMA,2018,4,Desafíos matemáticos. Libro para el alumno,234,258,234,https://historico.conaliteg.gob.mx/c/H2018P4DMA/234.jpg,0,source_jpeg,served_image,200,image/jpeg,111165,da38e043d00c2f259ef0e9e4058ce699d059733198207a8c806007ba06adec1a,1,
LTMD_U1_W2_MATH_ASSET_AUDIT_0.1,H2018P4DMA,U1-H2018P4DMA,2018,4,Desafíos matemáticos. Libro para el alumno,235,258,235,https://historico.conaliteg.gob.mx/c/H2018P4DMA/235.jpg,0,source_jpeg,served_image,200,image/jpeg,316268,de36331a555653569384f62bdcb75c3032154c92bd219adfc843614725259e14,1,
LTMD_U1_W2_MATH_ASSET_AUDIT_0.1,H2018P4DMA,U1-H2018P4DMA,2018,4,Desafíos matemáticos. Libro para el alumno,236,258,236,https://historico.conaliteg.gob.mx/c/H2018P4DMA/236.jpg,0,source_jpeg,served_image,200,image/jpeg,104841,a58a69d603b376b63e58997e8b1bcb17d5c259bb2506eef2b6e17c78f8ba5b19,1,
LTMD_U1_W2_MATH_ASSET_AUDIT_0.1,H2018P4DMA,U1-H2018P4DMA,2018,4,Desafíos matemáticos. Libro para el alumno,237,258,237,https://historico.conaliteg.gob.mx/c/H2018P4DMA/237.jpg,0,source_jpeg,served_image,200,image/jpeg,111677,8eb4a93ad4441b1c633feab0e15cb4a2f9d1fc68544e8f467cd8b93ddd9d8484,1,
LTMD_U1_W2_MATH_ASSET_AUDIT_0.1,H2018P4DMA,U1-H2018P4DMA,2018,4,Desafíos matemáticos. Libro para el alumno,238,258,238,https://historico.conaliteg.gob.mx/c/H2018P4DMA/238.jpg,0,source_jpeg,served_image,200,image/jpeg,111165,791e724b74dc18b1fd2e9adc066942d884616e7a208de3312746679b3d7d71ac,1,
LTMD_U1_W2_MATH_ASSET_AUDIT_0.1,H2018P4DMA,U1-H2018P4DMA,2018,4,Desafíos matemáticos. Libro para el alumno,239,258,239,https://historico.conaliteg.gob.mx/c/H2018P4DMA/239.jpg,0,source_jpeg,served_image,200,image/jpeg,96402,b9c48562389e760137f7dc15c79a9bf5e47c5dada3fde120c37702b328f14063,1,
LTMD_U1_W2_MATH_ASSET_AUDIT_0.1,H2018P4DMA,U1-H2018P4DMA,2018,4,Desafíos matemáticos. Libro para el alumno,240,258,240,https://historico.conaliteg.gob.mx/c/H2018P4DMA/240.jpg,0,source_jpeg,served_image,200,image/jpeg,104841,7403d05cb1e2af3182dcc74ae446066f8020e6cf18004e38e205d33dfa95798e,1,
LTMD_U1_W2_MATH_ASSET_AUDIT_0.1,H2018P4DMA,U1-H2018P4DMA,2018,4,Desafíos matemáticos. Libro para el alumno,241,258,241,https://historico.conaliteg.gob.mx/c/H2018P4DMA/241.jpg,0,source_jpeg,served_image,200,image/jpeg,96661,781e7d3d7e92dfc06b816cfa9ee4440605a0a1ea3498fb7914c2dda6804af537,1,
LTMD_U1_W2_MATH_ASSET_AUDIT_0.1,H2018P4DMA,U1-H2018P4DMA,2018,4,Desafíos matemáticos. Libro para el alumno,242,258,242,https://historico.conaliteg.gob.mx/c/H2018P4DMA/242.jpg,0,source_jpeg,served_image,200,image/jpeg,111165,d6fe82477f246f813574da9f2d09ee67297d8fbc15eaf42babf811410d882d60,1,
LTMD_U1_W2_MATH_ASSET_AUDIT_0.1,H2018P4DMA,U1-H2018P4DMA,2018,4,Desafíos matemáticos. Libro para el alumno,243,258,243,https://historico.conaliteg.gob.mx/c/H2018P4DMA/243.jpg,0,source_jpeg,served_image,200,image/jpeg,145465,464ef326f6524b1bc3e2485ac377cbfb82faff8e72fbfe2a16f38f6f9d5758ab,1,
LTMD_U1_W2_MATH_ASSET_AUDIT_0.1,H2018P4DMA,U1-H2018P4DMA,2018,4,Desafíos matemáticos. Libro para el alumno,244,258,244,https://historico.conaliteg.gob.mx/c/H2018P4DMA/244.jpg,0,source_jpeg,served_image,200,image/jpeg,104841,f338603415ec612ff427da44bbd34846cd47f36a07347d9a916aafd9a7076db0,1,
LTMD_U1_W2_MATH_ASSET_AUDIT_0.1,H2018P4DMA,U1-H2018P4DMA,2018,4,Desafíos matemáticos. Libro para el alumno,245,258,245,https://historico.conaliteg.gob.mx/c/H2018P4DMA/245.jpg,0,source_jpeg,served_image,200,image/jpeg,153279,aeaa3866a46bc6c4ff95d0239d4c2123a05d50c22fcf0e8516c42e57966d09c2,1,
LTMD_U1_W2_MATH_ASSET_AUDIT_0.1,H2018P4DMA,U1-H2018P4DMA,2018,4,Desafíos matemáticos. Libro para el alumno,246,258,246,https://historico.conaliteg.gob.mx/c/H2018P4DMA/246.jpg,0,source_jpeg,served_image,200,image/jpeg,111165,a3e249edc26022f71059b8b834fdfaa1b2302f7f76b5a524fb78f72a8307ebd8,1,
LTMD_U1_W2_MATH_ASSET_AUDIT_0.1,H2018P4DMA,U1-H2018P4DMA,2018,4,Desafíos matemáticos. Libro para el alumno,247,258,247,https://historico.conaliteg.gob.mx/c/H2018P4DMA/247.jpg,0,source_jpeg,served_image,200,image/jpeg,103800,a0da75401f1f661a73d58c0feffcd4605fddb51bbd6bc2e0e784181f19721e08,1,
LTMD_U1_W2_MATH_ASSET_AUDIT_0.1,H2018P4DMA,U1-H2018P4DMA,2018,4,Desafíos matemáticos. Libro para el alumno,248,258,248,https://historico.conaliteg.gob.mx/c/H2018P4DMA/248.jpg,0,source_jpeg,served_image,200,image/jpeg,111165,6b5b17bd09432dcf645145ccd7fe4f03736aa52c18eaca64abd7f7f2b5e9d5f4,1,
LTMD_U1_W2_MATH_ASSET_AUDIT_0.1,H2018P4DMA,U1-H2018P4DMA,2018,4,Desafíos matemáticos. Libro para el alumno,249,258,249,https://historico.conaliteg.gob.mx/c/H2018P4DMA/249.jpg,0,source_jpeg,served_image,200,image/jpeg,112107,0dc2f91eeb2191e63b28a6119d699def7ea3e17b37db6a4db243db2b95559cc6,1,
LTMD_U1_W2_MATH_ASSET_AUDIT_0.1,H2018P4DMA,U1-H2018P4DMA,2018,4,Desafíos matemáticos. Libro para el alumno,250,258,250,https://historico.conaliteg.gob.mx/c/H2018P4DMA/250.jpg,0,source_jpeg,served_image,200,image/jpeg,104841,78600bdd26887e4201ad155be291b140476e172efad975ce3af18c636653c137,1,
LTMD_U1_W2_MATH_ASSET_AUDIT_0.1,H2018P4DMA,U1-H2018P4DMA,2018,4,Desafíos matemáticos. Libro para el alumno,251,258,251,https://historico.conaliteg.gob.mx/c/H2018P4DMA/251.jpg,0,source_jpeg,served_image,200,image/jpeg,141719,a5372ccbcb0ca2930a2d5ff6180e7389a153e2259258dedb5c1fb1dd9acad03d,1,
LTMD_U1_W2_MATH_ASSET_AUDIT_0.1,H2018P4DMA,U1-H2018P4DMA,2018,4,Desafíos matemáticos. Libro para el alumno,252,258,252,https://historico.conaliteg.gob.mx/c/H2018P4DMA/252.jpg,0,source_jpeg,served_image,200,image/jpeg,111165,295889fac813f7312e09f72ff80690042289285f51a982be65fa6f95fb1c7e45,1,
LTMD_U1_W2_MATH_ASSET_AUDIT_0.1,H2018P4DMA,U1-H2018P4DMA,2018,4,Desafíos matemáticos. Libro para el alumno,253,258,253,https://historico.conaliteg.gob.mx/c/H2018P4DMA/253.jpg,0,source_jpeg,served_image,200,image/jpeg,96919,62511e057dc34f764441326fc92a2f1b2ee9327fb1eb62558a9f422890eca16b,1,
LTMD_U1_W2_MATH_ASSET_AUDIT_0.1,H2018P4DMA,U1-H2018P4DMA,2018,4,Desafíos matemáticos. Libro para el alumno,254,258,254,https://historico.conaliteg.gob.mx/c/H2018P4DMA/254.jpg,0,source_jpeg,served_image,200,image/jpeg,104810,beede62e38f6db0e0e5a1b53e1e62dfe820bebc7d38735c0fc9bf989d1744c8d,1,
LTMD_U1_W2_MATH_ASSET_AUDIT_0.1,H2018P4DMA,U1-H2018P4DMA,2018,4,Desafíos matemáticos. Libro para el alumno,255,258,255,https://historico.conaliteg.gob.mx/c/H2018P4DMA/255.jpg,0,source_jpeg,served_image,200,image/jpeg,155300,0613b8fdb777dd747134093fdd6b05651a1ccc37916932b374491b690189483a,1,
LTMD_U1_W2_MATH_ASSET_AUDIT_0.1,H2018P4DMA,U1-H2018P4DMA,2018,4,Desafíos matemáticos. Libro para el alumno,256,258,256,https://historico.conaliteg.gob.mx/c/H2018P4DMA/256.jpg,0,source_jpeg,served_image,200,image/jpeg,82916,afd47c969f5667bb5a690c86838e0b8e75cefe7eb6004dcd3b2665b5d5668a6f,1,
LTMD_U1_W2_MATH_ASSET_AUDIT_0.1,H2018P4DMA,U1-H2018P4DMA,2018,4,Desafíos matemáticos. Libro para el alumno,257,258,257,https://historico.conaliteg.gob.mx/c/H2018P4DMA/257.jpg,0,source_jpeg,served_image,200,image/jpeg,295073,6ee291ebfba6a5b88a9cad51c03398fa35303a641dc276f60670706d413ccfde,1,
LTMD_U1_W2_MATH_ASSET_AUDIT_0.1,H2018P4DMA,U1-H2018P4DMA,2018,4,Desafíos matemáticos. Libro para el alumno,258,258,258,https://historico.conaliteg.gob.mx/c/H2018P4DMA/258.jpg,1,terminal_synthetic_candidate,http_404,404,text/html; charset=iso-8859-1,,,1,HTTP 404
LTMD_U1_W2_MATH_ASSET_AUDIT_0.1,H2018P5DMA,U1-H2018P5DMA,2018,5,Desafíos matemáticos. Libro para el alumno,1,226,0,https://historico.conaliteg.gob.mx/c/H2018P5DMA/000.jpg,0,source_jpeg,served_image,200,image/jpeg,185148,8671f7513154afef94e0f0b995bc084ea9d4cf41a0df870711208fd42e281b7a,1,
LTMD_U1_W2_MATH_ASSET_AUDIT_0.1,H2018P5DMA,U1-H2018P5DMA,2018,5,Desafíos matemáticos. Libro para el alumno,2,226,2,https://historico.conaliteg.gob.mx/c/H2018P5DMA/002.jpg,0,source_jpeg,served_image,200,image/jpeg,320399,79cd26dd053f4c12238739c34d4b41d48ddaa81603f86936627b7189f551e530,1,
LTMD_U1_W2_MATH_ASSET_AUDIT_0.1,H2018P5DMA,U1-H2018P5DMA,2018,5,Desafíos matemáticos. Libro para el alumno,3,226,3,https://historico.conaliteg.gob.mx/c/H2018P5DMA/003.jpg,0,source_jpeg,served_image,200,image/jpeg,263859,f266c30ff3dc94b3fad3102255749e8d5ba65bbe51f86f58417c9ef4893e62e1,1,
LTMD_U1_W2_MATH_ASSET_AUDIT_0.1,H2018P5DMA,U1-H2018P5DMA,2018,5,Desafíos matemáticos. Libro para el alumno,4,226,4,https://historico.conaliteg.gob.mx/c/H2018P5DMA/004.jpg,0,source_jpeg,served_image,200,image/jpeg,387292,7d0185b158fc04cef1828c3e34a312770e40b96ce8c0bd049c1ea0dbe0cb7a7c,1,
LTMD_U1_W2_MATH_ASSET_AUDIT_0.1,H2018P5DMA,U1-H2018P5DMA,2018,5,Desafíos matemáticos. Libro para el alumno,5,226,5,https://historico.conaliteg.gob.mx/c/H2018P5DMA/005.jpg,0,source_jpeg,served_image,200,image/jpeg,411513,852361b8877eaadb6aee69741aa0757699a2de9cd5a1a034d0577bb78e4a78ec,1,
LTMD_U1_W2_MATH_ASSET_AUDIT_0.1,H2018P5DMA,U1-H2018P5DMA,2018,5,Desafíos matemáticos. Libro para el alumno,6,226,6,https://historico.conaliteg.gob.mx/c/H2018P5DMA/006.jpg,0,source_jpeg,served_image,200,image/jpeg,401926,2aaee20aa338d1aa14c643a5bb2b6967e780d658ca1435891fa3cb7a28d25a68,1,
LTMD_U1_W2_MATH_ASSET_AUDIT_0.1,H2018P5DMA,U1-H2018P5DMA,2018,5,Desafíos matemáticos. Libro para el alumno,7,226,7,https://historico.conaliteg.gob.mx/c/H2018P5DMA/007.jpg,0,source_jpeg,served_image,200,image/jpeg,436337,d536971840964fc419325aa27628a19a6fe0c2e8e14a6fbbd8f198cf5f373e9b,1,
LTMD_U1_W2_MATH_ASSET_AUDIT_0.1,H2018P5DMA,U1-H2018P5DMA,2018,5,Desafíos matemáticos. Libro para el alumno,8,226,8,https://historico.conaliteg.gob.mx/c/H2018P5DMA/008.jpg,0,source_jpeg,served_image,200,image/jpeg,397245,314942a4349e8b39ec398a808028c65c94074a48a3de09ac9b4edd72838195f8,1,
LTMD_U1_W2_MATH_ASSET_AUDIT_0.1,H2018P5DMA,U1-H2018P5DMA,2018,5,Desafíos matemáticos. Libro para el alumno,9,226,9,https://historico.conaliteg.gob.mx/c/H2018P5DMA/009.jpg,0,source_jpeg,served_image,200,image/jpeg,207692,08336f17f0f9ea77486de075a73712f72d0733f6533fa262c087fd54621eee29,1,
LTMD_U1_W2_MATH_ASSET_AUDIT_0.1,H2018P5DMA,U1-H2018P5DMA,2018,5,Desafíos matemáticos. Libro para el alumno,10,226,10,https://historico.conaliteg.gob.mx/c/H2018P5DMA/010.jpg,0,source_jpeg,served_image,200,image/jpeg,289803,6394c3cfccc687083dcf652cda6dded4ea7cc7838d4e313c8fcc206d072c5abd,1,
LTMD_U1_W2_MATH_ASSET_AUDIT_0.1,H2018P5DMA,U1-H2018P5DMA,2018,5,Desafíos matemáticos. Libro para el alumno,11,226,11,https://historico.conaliteg.gob.mx/c/H2018P5DMA/011.jpg,0,source_jpeg,served_image,200,image/jpeg,439945,af77b54155fb935a96e40ad56ca81126de1514312792df4f68c7e8a0403ed1c1,1,
LTMD_U1_W2_MATH_ASSET_AUDIT_0.1,H2018P5DMA,U1-H2018P5DMA,2018,5,Desafíos matemáticos. Libro para el alumno,12,226,12,https://historico.conaliteg.gob.mx/c/H2018P5DMA/012.jpg,0,source_jpeg,served_image,200,image/jpeg,450461,4b83d27a876507474791f67c7a8e345e2b0d023ab1201d0cea31c36bc28bbe27,1,
LTMD_U1_W2_MATH_ASSET_AUDIT_0.1,H2018P5DMA,U1-H2018P5DMA,2018,5,Desafíos matemáticos. Libro para el alumno,13,226,13,https://historico.conaliteg.gob.mx/c/H2018P5DMA/013.jpg,0,source_jpeg,served_image,200,image/jpeg,406752,c10a0721567395c2cb6ae7d02890aba09ce422cac3faa74bdec794ad2b5a86f9,1,
LTMD_U1_W2_MATH_ASSET_AUDIT_0.1,H2018P5DMA,U1-H2018P5DMA,2018,5,Desafíos matemáticos. Libro para el alumno,14,226,14,https://historico.conaliteg.gob.mx/c/H2018P5DMA/014.jpg,0,source_jpeg,served_image,200,image/jpeg,224850,e4c8ec205c711c6ba00000d1941d57682a45e71b9e87fef9e553f129aa200520,1,
LTMD_U1_W2_MATH_ASSET_AUDIT_0.1,H2018P5DMA,U1-H2018P5DMA,2018,5,Desafíos matemáticos. Libro para el alumno,15,226,15,https://historico.conaliteg.gob.mx/c/H2018P5DMA/015.jpg,0,source_jpeg,served_image,200,image/jpeg,375123,d2c76a1b17e94a18bdd53891439f87984c5499b4d1cb3b64e65fdaa067b81b89,1,
LTMD_U1_W2_MATH_ASSET_AUDIT_0.1,H2018P5DMA,U1-H2018P5DMA,2018,5,Desafíos matemáticos. Libro para el alumno,16,226,16,https://historico.conaliteg.gob.mx/c/H2018P5DMA/016.jpg,0,source_jpeg,served_image,200,image/jpeg,441482,ddecc0c9d26f79265897d663a21c06c1be72e83691067bd2fc01aaf27fdd4d4b,1,
LTMD_U1_W2_MATH_ASSET_AUDIT_0.1,H2018P5DMA,U1-H2018P5DMA,2018,5,Desafíos matemáticos. Libro para el alumno,17,226,17,https://historico.conaliteg.gob.mx/c/H2018P5DMA/017.jpg,0,source_jpeg,served_image,200,image/jpeg,268736,afa36290371a1f9acd649f9d189ba4a6ede8df87045106ed6c5e2e4f340aa42d,1,
LTMD_U1_W2_MATH_ASSET_AUDIT_0.1,H2018P5DMA,U1-H2018P5DMA,2018,5,Desafíos matemáticos. Libro para el alumno,18,226,18,https://historico.conaliteg.gob.mx/c/H2018P5DMA/018.jpg,0,source_jpeg,served_image,200,image/jpeg,398804,dbc3fe5637068ac87680218320b5eec37a9b89061177eff995993e029bea8880,1,
LTMD_U1_W2_MATH_ASSET_AUDIT_0.1,H2018P5DMA,U1-H2018P5DMA,2018,5,Desafíos matemáticos. Libro para el alumno,19,226,19,https://historico.conaliteg.gob.mx/c/H2018P5DMA/019.jpg,0,source_jpeg,served_image,200,image/jpeg,260333,557c7353038fa00c82b8a28bf61d554eeb5e7e4041d6c4c3096ee11b3830be5a,1,
LTMD_U1_W2_MATH_ASSET_AUDIT_0.1,H2018P5DMA,U1-H2018P5DMA,2018,5,Desafíos matemáticos. Libro para el alumno,20,226,20,https://historico.conaliteg.gob.mx/c/H2018P5DMA/020.jpg,0,source_jpeg,served_image,200,image/jpeg,176297,a6909fc9d3825d4b8ed4c22dbc57078db1ae2daa03dcd74924e2ad7532685e87,1,
LTMD_U1_W2_MATH_ASSET_AUDIT_0.1,H2018P5DMA,U1-H2018P5DMA,2018,5,Desafíos matemáticos. Libro para el alumno,21,226,21,https://historico.conaliteg.gob.mx/c/H2018P5DMA/021.jpg,0,source_jpeg,served_image,200,image/jpeg,469794,51bb11e318ffb9294ab54d806b0ae39bfa9ac9b3744c8abaeed874ece28d5fa1,1,
LTMD_U1_W2_MATH_ASSET_AUDIT_0.1,H2018P5DMA,U1-H2018P5DMA,2018,5,Desafíos matemáticos. Libro para el alumno,22,226,22,https://historico.conaliteg.gob.mx/c/H2018P5DMA/022.jpg,0,source_jpeg,served_image,200,image/jpeg,334130,f7eaba6a37c1c6bd069b64e15045015fab636d2ffc421307e77a03007893ee4a,1,
LTMD_U1_W2_MATH_ASSET_AUDIT_0.1,H2018P5DMA,U1-H2018P5DMA,2018,5,Desafíos matemáticos. Libro para el alumno,23,226,23,https://historico.conaliteg.gob.mx/c/H2018P5DMA/023.jpg,0,source_jpeg,served_image,200,image/jpeg,313268,40ff6dcff86e322ff25108baae7e71a3b6cb10b4e30b3a7ead5205e8a24b19bc,1,
LTMD_U1_W2_MATH_ASSET_AUDIT_0.1,H2018P5DMA,U1-H2018P5DMA,2018,5,Desafíos matemáticos. Libro para el alumno,24,226,24,https://historico.conaliteg.gob.mx/c/H2018P5DMA/024.jpg,0,source_jpeg,served_image,200,image/jpeg,256465,c684477ffe83fc68c4ce7658c1f3518613cfbd0b2d65e2b478be339b84c8a753,1,
LTMD_U1_W2_MATH_ASSET_AUDIT_0.1,H2018P5DMA,U1-H2018P5DMA,2018,5,Desafíos matemáticos. Libro para el alumno,25,226,25,https://historico.conaliteg.gob.mx/c/H2018P5DMA/025.jpg,0,source_jpeg,served_image,200,image/jpeg,326240,d2e0cfe5f5cdeaeab78e549cbac46b4bfc62413a9de36c11148d727c9de20365,1,
LTMD_U1_W2_MATH_ASSET_AUDIT_0.1,H2018P5DMA,U1-H2018P5DMA,2018,5,Desafíos matemáticos. Libro para el alumno,26,226,26,https://historico.conaliteg.gob.mx/c/H2018P5DMA/026.jpg,0,source_jpeg,served_image,200,image/jpeg,281899,9d3110681f56b7e35fb81b0a90a1beea7cbe388297696f71c68f684a5422ca6a,1,
LTMD_U1_W2_MATH_ASSET_AUDIT_0.1,H2018P5DMA,U1-H2018P5DMA,2018,5,Desafíos matemáticos. Libro para el alumno,27,226,27,https://historico.conaliteg.gob.mx/c/H2018P5DMA/027.jpg,0,source_jpeg,served_image,200,image/jpeg,215466,8f298c0cbf4eb740829349822c777a88f40d43b78b97c55d0f6b7556ac968e80,1,
LTMD_U1_W2_MATH_ASSET_AUDIT_0.1,H2018P5DMA,U1-H2018P5DMA,2018,5,Desafíos matemáticos. Libro para el alumno,28,226,28,https://historico.conaliteg.gob.mx/c/H2018P5DMA/028.jpg,0,source_jpeg,served_image,200,image/jpeg,378907,02d3b9bda26fab1d4fc7e9ed493a8cfa2a24c794412658e52f8811e7e6d686f2,1,
LTMD_U1_W2_MATH_ASSET_AUDIT_0.1,H2018P5DMA,U1-H2018P5DMA,2018,5,Desafíos matemáticos. Libro para el alumno,29,226,29,https://historico.conaliteg.gob.mx/c/H2018P5DMA/029.jpg,0,source_jpeg,served_image,200,image/jpeg,383354,9f2eebcd10517e8b8f04949000916b594c972b5bf54a52b1c0ce5723c2487090,1,
LTMD_U1_W2_MATH_ASSET_AUDIT_0.1,H2018P5DMA,U1-H2018P5DMA,2018,5,Desafíos matemáticos. Libro para el alumno,30,226,30,https://historico.conaliteg.gob.mx/c/H2018P5DMA/030.jpg,0,source_jpeg,served_image,200,image/jpeg,334145,688a385f62762e91b1941020c45503fa36fdd29e351d658f61773ccbc23a3291,1,
LTMD_U1_W2_MATH_ASSET_AUDIT_0.1,H2018P5DMA,U1-H2018P5DMA,2018,5,Desafíos matemáticos. Libro para el alumno,31,226,31,https://historico.conaliteg.gob.mx/c/H2018P5DMA/031.jpg,0,source_jpeg,served_image,200,image/jpeg,357320,17fc1ec24a29a60b870ff2a333bc688b61d5d217bfd65575f96594b2db173387,1,
LTMD_U1_W2_MATH_ASSET_AUDIT_0.1,H2018P5DMA,U1-H2018P5DMA,2018,5,Desafíos matemáticos. Libro para el alumno,32,226,32,https://historico.conaliteg.gob.mx/c/H2018P5DMA/032.jpg,0,source_jpeg,served_image,200,image/jpeg,304684,6d41e6b9b89d24463cbc5892ddd8c677b1ddc9923f241ab992e1bada4217936a,1,
LTMD_U1_W2_MATH_ASSET_AUDIT_0.1,H2018P5DMA,U1-H2018P5DMA,2018,5,Desafíos matemáticos. Libro para el alumno,33,226,33,https://historico.conaliteg.gob.mx/c/H2018P5DMA/033.jpg,0,source_jpeg,served_image,200,image/jpeg,331223,7c32a9e23fb9c3dfe6635c2c0152a6218ee0d6b881ce70c1117d2a8bb1174e65,1,
LTMD_U1_W2_MATH_ASSET_AUDIT_0.1,H2018P5DMA,U1-H2018P5DMA,2018,5,Desafíos matemáticos. Libro para el alumno,34,226,34,https://historico.conaliteg.gob.mx/c/H2018P5DMA/034.jpg,0,source_jpeg,served_image,200,image/jpeg,433424,3ea1efd15494979c2e6e7cd9111d1eb9d679352a791616601b21868a87fd0c19,1,
LTMD_U1_W2_MATH_ASSET_AUDIT_0.1,H2018P5DMA,U1-H2018P5DMA,2018,5,Desafíos matemáticos. Libro para el alumno,35,226,35,https://historico.conaliteg.gob.mx/c/H2018P5DMA/035.jpg,0,source_jpeg,served_image,200,image/jpeg,407528,1bd4470dc8fb2eab85daa483d834dc56f26746a7163e10249cede9c86ba74969,1,
LTMD_U1_W2_MATH_ASSET_AUDIT_0.1,H2018P5DMA,U1-H2018P5DMA,2018,5,Desafíos matemáticos. Libro para el alumno,36,226,36,https://historico.conaliteg.gob.mx/c/H2018P5DMA/036.jpg,0,source_jpeg,served_image,200,image/jpeg,400490,57beead4fd022fc0f67dbd9fec06f5996f6d1994e37f0471e79a4ea0ed7eed43,1,
LTMD_U1_W2_MATH_ASSET_AUDIT_0.1,H2018P5DMA,U1-H2018P5DMA,2018,5,Desafíos matemáticos. Libro para el alumno,37,226,37,https://historico.conaliteg.gob.mx/c/H2018P5DMA/037.jpg,0,source_jpeg,served_image,200,image/jpeg,320458,62a06503c1d4c91a78a0234f7d0763a9997883de67280bda017760826ccc0525,1,
LTMD_U1_W2_MATH_ASSET_AUDIT_0.1,H2018P5DMA,U1-H2018P5DMA,2018,5,Desafíos matemáticos. Libro para el alumno,38,226,38,https://historico.conaliteg.gob.mx/c/H2018P5DMA/038.jpg,0,source_jpeg,served_image,200,image/jpeg,264113,b5e19afee47b2eb83262d3ef71e70f30a52016511df884754196303241102d1f,1,
LTMD_U1_W2_MATH_ASSET_AUDIT_0.1,H2018P5DMA,U1-H2018P5DMA,2018,5,Desafíos matemáticos. Libro para el alumno,39,226,39,https://historico.conaliteg.gob.mx/c/H2018P5DMA/039.jpg,0,source_jpeg,served_image,200,image/jpeg,283663,3a41824c7867048f23dc4fffd874aa96d27546e294e561a64d48aed801b9393a,1,
LTMD_U1_W2_MATH_ASSET_AUDIT_0.1,H2018P5DMA,U1-H2018P5DMA,2018,5,Desafíos matemáticos. Libro para el alumno,40,226,40,https://historico.conaliteg.gob.mx/c/H2018P5DMA/040.jpg,0,source_jpeg,served_image,200,image/jpeg,301418,29b312b0651b4c610b22e0f71350174cbc776863d09f96395ca633266f233997,1,
LTMD_U1_W2_MATH_ASSET_AUDIT_0.1,H2018P5DMA,U1-H2018P5DMA,2018,5,Desafíos matemáticos. Libro para el alumno,41,226,41,https://historico.conaliteg.gob.mx/c/H2018P5DMA/041.jpg,0,source_jpeg,served_image,200,image/jpeg,445482,4e3930ef63f44d0467f75ab6ea9fe49a40940496559032f2dac3a93dc786a085,1,
LTMD_U1_W2_MATH_ASSET_AUDIT_0.1,H2018P5DMA,U1-H2018P5DMA,2018,5,Desafíos matemáticos. Libro para el alumno,42,226,42,https://historico.conaliteg.gob.mx/c/H2018P5DMA/042.jpg,0,source_jpeg,served_image,200,image/jpeg,425217,ec60858dd8d29d965afad1799e8549622da65b627050e5b8ed66e997cf0a761d,1,
LTMD_U1_W2_MATH_ASSET_AUDIT_0.1,H2018P5DMA,U1-H2018P5DMA,2018,5,Desafíos matemáticos. Libro para el alumno,43,226,43,https://historico.conaliteg.gob.mx/c/H2018P5DMA/043.jpg,0,source_jpeg,served_image,200,image/jpeg,352105,fbf5c3e840cbbf207b4dc5dc19114ca1af18f6bc23ba249f2cfcbc33f25685f2,1,
LTMD_U1_W2_MATH_ASSET_AUDIT_0.1,H2018P5DMA,U1-H2018P5DMA,2018,5,Desafíos matemáticos. Libro para el alumno,44,226,44,https://historico.conaliteg.gob.mx/c/H2018P5DMA/044.jpg,0,source_jpeg,served_image,200,image/jpeg,259324,855c739ab3ae67657df6688ceeb996cfedd53b5c222fb2a92b1abd592a20e3d0,1,
LTMD_U1_W2_MATH_ASSET_AUDIT_0.1,H2018P5DMA,U1-H2018P5DMA,2018,5,Desafíos matemáticos. Libro para el alumno,45,226,45,https://historico.conaliteg.gob.mx/c/H2018P5DMA/045.jpg,0,source_jpeg,served_image,200,image/jpeg,256929,117d920f05c5476cc34fa3f4b886e76178872ebd021348a4ed421a44b16d51af,1,
LTMD_U1_W2_MATH_ASSET_AUDIT_0.1,H2018P5DMA,U1-H2018P5DMA,2018,5,Desafíos matemáticos. Libro para el alumno,46,226,46,https://historico.conaliteg.gob.mx/c/H2018P5DMA/046.jpg,0,source_jpeg,served_image,200,image/jpeg,358447,88abca3d9652566162f63645643c8a756aaf66764be26f2cb8a908f0a02373dc,1,
LTMD_U1_W2_MATH_ASSET_AUDIT_0.1,H2018P5DMA,U1-H2018P5DMA,2018,5,Desafíos matemáticos. Libro para el alumno,47,226,47,https://historico.conaliteg.gob.mx/c/H2018P5DMA/047.jpg,0,source_jpeg,served_image,200,image/jpeg,317721,b1c4de91f672b79475a674522ac9a8c78499e13b7645d50daa5938bea0188f5c,1,
LTMD_U1_W2_MATH_ASSET_AUDIT_0.1,H2018P5DMA,U1-H2018P5DMA,2018,5,Desafíos matemáticos. Libro para el alumno,48,226,48,https://historico.conaliteg.gob.mx/c/H2018P5DMA/048.jpg,0,source_jpeg,served_image,200,image/jpeg,403470,9b61529887d065860c46be6acb074f0cd35ff85c14f9aa8433668a82946a885f,1,
LTMD_U1_W2_MATH_ASSET_AUDIT_0.1,H2018P5DMA,U1-H2018P5DMA,2018,5,Desafíos matemáticos. Libro para el alumno,49,226,49,https://historico.conaliteg.gob.mx/c/H2018P5DMA/049.jpg,0,source_jpeg,served_image,200,image/jpeg,277765,d87e30dbf6f6066f92cddec04043542ee6e2f6b1989c87f619bbdef89b041a4f,1,
LTMD_U1_W2_MATH_ASSET_AUDIT_0.1,H2018P5DMA,U1-H2018P5DMA,2018,5,Desafíos matemáticos. Libro para el alumno,50,226,50,https://historico.conaliteg.gob.mx/c/H2018P5DMA/050.jpg,0,source_jpeg,served_image,200,image/jpeg,406618,d993bf1c4e22fe5ffb92ba353fd8444d354f1b790bf8b6f248fec3658e46bbbf,1,
LTMD_U1_W2_MATH_ASSET_AUDIT_0.1,H2018P5DMA,U1-H2018P5DMA,2018,5,Desafíos matemáticos. Libro para el alumno,51,226,51,https://historico.conaliteg.gob.mx/c/H2018P5DMA/051.jpg,0,source_jpeg,served_image,200,image/jpeg,228268,0416116a6ad64db2952b146d835fd56b5e95c96235aa4946856fecb7003b597a,1,
LTMD_U1_W2_MATH_ASSET_AUDIT_0.1,H2018P5DMA,U1-H2018P5DMA,2018,5,Desafíos matemáticos. Libro para el alumno,52,226,52,https://historico.conaliteg.gob.mx/c/H2018P5DMA/052.jpg,0,source_jpeg,served_image,200,image/jpeg,269970,397070997f4744d6a0d7dbacf68808d21bec4c1dcfc3d4afab0cdf3b60849a66,1,
LTMD_U1_W2_MATH_ASSET_AUDIT_0.1,H2018P5DMA,U1-H2018P5DMA,2018,5,Desafíos matemáticos. Libro para el alumno,53,226,53,https://historico.conaliteg.gob.mx/c/H2018P5DMA/053.jpg,0,source_jpeg,served_image,200,image/jpeg,290703,11a7b17fccc267547c0b02e0f149499bd9b766359ad033bde2e6ec7b7047fa74,1,
LTMD_U1_W2_MATH_ASSET_AUDIT_0.1,H2018P5DMA,U1-H2018P5DMA,2018,5,Desafíos matemáticos. Libro para el alumno,54,226,54,https://historico.conaliteg.gob.mx/c/H2018P5DMA/054.jpg,0,source_jpeg,served_image,200,image/jpeg,472601,4f19e7274563d77befe87043ab1e8b08fe5842c0993b05be5278ffacf3c0d167,1,
LTMD_U1_W2_MATH_ASSET_AUDIT_0.1,H2018P5DMA,U1-H2018P5DMA,2018,5,Desafíos matemáticos. Libro para el alumno,55,226,55,https://historico.conaliteg.gob.mx/c/H2018P5DMA/055.jpg,0,source_jpeg,served_image,200,image/jpeg,466633,402c7e3ec6616ae90a22900441ab716302b8dccbd6b32c3026ac4aec5175b9d4,1,
LTMD_U1_W2_MATH_ASSET_AUDIT_0.1,H2018P5DMA,U1-H2018P5DMA,2018,5,Desafíos matemáticos. Libro para el alumno,56,226,56,https://historico.conaliteg.gob.mx/c/H2018P5DMA/056.jpg,0,source_jpeg,served_image,200,image/jpeg,479467,5b5f8d6c428ec9b1dcada013e3bc1634bb9f0bf8680dec8a1e89dff0a2b24632,1,
LTMD_U1_W2_MATH_ASSET_AUDIT_0.1,H2018P5DMA,U1-H2018P5DMA,2018,5,Desafíos matemáticos. Libro para el alumno,57,226,57,https://historico.conaliteg.gob.mx/c/H2018P5DMA/057.jpg,0,source_jpeg,served_image,200,image/jpeg,224286,34bf41559bac864f748a805308d35a5f8bb8b989c77e3bffeb4d7eebad153302,1,
LTMD_U1_W2_MATH_ASSET_AUDIT_0.1,H2018P5DMA,U1-H2018P5DMA,2018,5,Desafíos matemáticos. Libro para el alumno,58,226,58,https://historico.conaliteg.gob.mx/c/H2018P5DMA/058.jpg,0,source_jpeg,served_image,200,image/jpeg,210991,c4207b3c4dfca06bb150e3c414ab8ea6c54bbbdde4ecd1f500a994af32b9f694,1,
LTMD_U1_W2_MATH_ASSET_AUDIT_0.1,H2018P5DMA,U1-H2018P5DMA,2018,5,Desafíos matemáticos. Libro para el alumno,59,226,59,https://historico.conaliteg.gob.mx/c/H2018P5DMA/059.jpg,0,source_jpeg,served_image,200,image/jpeg,473659,8e95a8ef578011fc8622a0aaaaec7f631ad261adc8b9c3dc30d0d1d948d5409a,1,
LTMD_U1_W2_MATH_ASSET_AUDIT_0.1,H2018P5DMA,U1-H2018P5DMA,2018,5,Desafíos matemáticos. Libro para el alumno,60,226,60,https://historico.conaliteg.gob.mx/c/H2018P5DMA/060.jpg,0,source_jpeg,served_image,200,image/jpeg,211707,be2d5b45804276501acc7f132b7ee3ed5de36e8760f9aefe9579b02153fa4f7d,1,
LTMD_U1_W2_MATH_ASSET_AUDIT_0.1,H2018P5DMA,U1-H2018P5DMA,2018,5,Desafíos matemáticos. Libro para el alumno,61,226,61,https://historico.conaliteg.gob.mx/c/H2018P5DMA/061.jpg,0,source_jpeg,served_image,200,image/jpeg,389186,dd277c8aad4fbeb2521f1c6742372c69284d3d2ba2c0b4dc035181c1f68b7f32,1,
LTMD_U1_W2_MATH_ASSET_AUDIT_0.1,H2018P5DMA,U1-H2018P5DMA,2018,5,Desafíos matemáticos. Libro para el alumno,62,226,62,https://historico.conaliteg.gob.mx/c/H2018P5DMA/062.jpg,0,source_jpeg,served_image,200,image/jpeg,360484,37537c57b8bb3bed1b114c6e675f8a76ace6f4552b189d31b1011242acdffaf7,1,
LTMD_U1_W2_MATH_ASSET_AUDIT_0.1,H2018P5DMA,U1-H2018P5DMA,2018,5,Desafíos matemáticos. Libro para el alumno,63,226,63,https://historico.conaliteg.gob.mx/c/H2018P5DMA/063.jpg,0,source_jpeg,served_image,200,image/jpeg,447119,83f6139f900e497f91f71e71c118b5abc38beffaa62964f84fe4e7fcf958150b,1,
LTMD_U1_W2_MATH_ASSET_AUDIT_0.1,H2018P5DMA,U1-H2018P5DMA,2018,5,Desafíos matemáticos. Libro para el alumno,64,226,64,https://historico.conaliteg.gob.mx/c/H2018P5DMA/064.jpg,0,source_jpeg,served_image,200,image/jpeg,312075,a90f285f272f822e817f3df2e2aace398f82c6de970174c71e616abfb59bf102,1,
LTMD_U1_W2_MATH_ASSET_AUDIT_0.1,H2018P5DMA,U1-H2018P5DMA,2018,5,Desafíos matemáticos. Libro para el alumno,65,226,65,https://historico.conaliteg.gob.mx/c/H2018P5DMA/065.jpg,0,source_jpeg,served_image,200,image/jpeg,219031,1d6b2edb4cd0af84eb7c6af6afbfb3718668cd1bade8ab7914bb79fce0d9afdf,1,
LTMD_U1_W2_MATH_ASSET_AUDIT_0.1,H2018P5DMA,U1-H2018P5DMA,2018,5,Desafíos matemáticos. Libro para el alumno,66,226,66,https://historico.conaliteg.gob.mx/c/H2018P5DMA/066.jpg,0,source_jpeg,served_image,200,image/jpeg,300532,a6a58d7a3611897ce3e709092fc03cddc0b6cf90d8d22544859e5c178043d700,1,
LTMD_U1_W2_MATH_ASSET_AUDIT_0.1,H2018P5DMA,U1-H2018P5DMA,2018,5,Desafíos matemáticos. Libro para el alumno,67,226,67,https://historico.conaliteg.gob.mx/c/H2018P5DMA/067.jpg,0,source_jpeg,served_image,200,image/jpeg,364248,10a6dc868fa95a387e3d919057534bebcdb6620ec8d1563a57454533c7c7dde3,1,
LTMD_U1_W2_MATH_ASSET_AUDIT_0.1,H2018P5DMA,U1-H2018P5DMA,2018,5,Desafíos matemáticos. Libro para el alumno,68,226,68,https://historico.conaliteg.gob.mx/c/H2018P5DMA/068.jpg,0,source_jpeg,served_image,200,image/jpeg,352345,03332bbeef1e74843abbdd581d74b4b18d42e3415d3f923e50cfe1127f99d6ff,1,
LTMD_U1_W2_MATH_ASSET_AUDIT_0.1,H2018P5DMA,U1-H2018P5DMA,2018,5,Desafíos matemáticos. Libro para el alumno,69,226,69,https://historico.conaliteg.gob.mx/c/H2018P5DMA/069.jpg,0,source_jpeg,served_image,200,image/jpeg,424070,0a02aa5c1fa0e27faf7b928cd5510f2d22bfb3bbf5f840064e20a0d35bdb416d,1,
LTMD_U1_W2_MATH_ASSET_AUDIT_0.1,H2018P5DMA,U1-H2018P5DMA,2018,5,Desafíos matemáticos. Libro para el alumno,70,226,70,https://historico.conaliteg.gob.mx/c/H2018P5DMA/070.jpg,0,source_jpeg,served_image,200,image/jpeg,418415,e6ebc9cce6d80223c6e2fbe2792c041b86f7e96acfd94c39d197462838096657,1,
LTMD_U1_W2_MATH_ASSET_AUDIT_0.1,H2018P5DMA,U1-H2018P5DMA,2018,5,Desafíos matemáticos. Libro para el alumno,71,226,71,https://historico.conaliteg.gob.mx/c/H2018P5DMA/071.jpg,0,source_jpeg,served_image,200,image/jpeg,392381,6e7d1ff691a767cec2702f8a64462d89cec79529154ecf5d62d158706b82c29a,1,
LTMD_U1_W2_MATH_ASSET_AUDIT_0.1,H2018P5DMA,U1-H2018P5DMA,2018,5,Desafíos matemáticos. Libro para el alumno,72,226,72,https://historico.conaliteg.gob.mx/c/H2018P5DMA/072.jpg,0,source_jpeg,served_image,200,image/jpeg,227688,19671898ab45866004ea1db8e69800074e68e60768accf4ed5c3ff3d91d0a05a,1,
LTMD_U1_W2_MATH_ASSET_AUDIT_0.1,H2018P5DMA,U1-H2018P5DMA,2018,5,Desafíos matemáticos. Libro para el alumno,73,226,73,https://historico.conaliteg.gob.mx/c/H2018P5DMA/073.jpg,0,source_jpeg,served_image,200,image/jpeg,377902,2180d90dcf40527884d1ae9e9b5481393b6be2aa5ff0e9fa6699cd83602c30d6,1,
LTMD_U1_W2_MATH_ASSET_AUDIT_0.1,H2018P5DMA,U1-H2018P5DMA,2018,5,Desafíos matemáticos. Libro para el alumno,74,226,74,https://historico.conaliteg.gob.mx/c/H2018P5DMA/074.jpg,0,source_jpeg,served_image,200,image/jpeg,307873,ed13ccec68a2cdeb793816b8c2c8ef5499e812c3d2a41ac52c13076e972abb3c,1,
LTMD_U1_W2_MATH_ASSET_AUDIT_0.1,H2018P5DMA,U1-H2018P5DMA,2018,5,Desafíos matemáticos. Libro para el alumno,75,226,75,https://historico.conaliteg.gob.mx/c/H2018P5DMA/075.jpg,0,source_jpeg,served_image,200,image/jpeg,403300,e5b6d92d7bf6654e02a477ff39efc7720a391c15a31b7ebf09fd4dd7e224c04b,1,
LTMD_U1_W2_MATH_ASSET_AUDIT_0.1,H2018P5DMA,U1-H2018P5DMA,2018,5,Desafíos matemáticos. Libro para el alumno,76,226,76,https://historico.conaliteg.gob.mx/c/H2018P5DMA/076.jpg,0,source_jpeg,served_image,200,image/jpeg,384594,b6f690835f64bc824999ee003ef79d631364f5438482a21a6cf97f236b9c456f,1,
LTMD_U1_W2_MATH_ASSET_AUDIT_0.1,H2018P5DMA,U1-H2018P5DMA,2018,5,Desafíos matemáticos. Libro para el alumno,77,226,77,https://historico.conaliteg.gob.mx/c/H2018P5DMA/077.jpg,0,source_jpeg,served_image,200,image/jpeg,211723,f9a82686855286f0a994e9633dbf9f9a07b9389a948338c2790bb73af5afa906,1,
LTMD_U1_W2_MATH_ASSET_AUDIT_0.1,H2018P5DMA,U1-H2018P5DMA,2018,5,Desafíos matemáticos. Libro para el alumno,78,226,78,https://historico.conaliteg.gob.mx/c/H2018P5DMA/078.jpg,0,source_jpeg,served_image,200,image/jpeg,376719,395c704b4371cae099898c561835c1d3b7bd8b5b0010f12eb71496a11059fd4d,1,
LTMD_U1_W2_MATH_ASSET_AUDIT_0.1,H2018P5DMA,U1-H2018P5DMA,2018,5,Desafíos matemáticos. Libro para el alumno,79,226,79,https://historico.conaliteg.gob.mx/c/H2018P5DMA/079.jpg,0,source_jpeg,served_image,200,image/jpeg,422893,7d4559b138ff92fe8fa0d8555a4aaf52c559c7700b7cddf49f076e3f9934f8ca,1,
LTMD_U1_W2_MATH_ASSET_AUDIT_0.1,H2018P5DMA,U1-H2018P5DMA,2018,5,Desafíos matemáticos. Libro para el alumno,80,226,80,https://historico.conaliteg.gob.mx/c/H2018P5DMA/080.jpg,0,source_jpeg,served_image,200,image/jpeg,288564,e65e209aad623cbb99ade6ce05d6c7ae939d134c567e30f6bfceb219c65a756c,1,
LTMD_U1_W2_MATH_ASSET_AUDIT_0.1,H2018P5DMA,U1-H2018P5DMA,2018,5,Desafíos matemáticos. Libro para el alumno,81,226,81,https://historico.conaliteg.gob.mx/c/H2018P5DMA/081.jpg,0,source_jpeg,served_image,200,image/jpeg,240518,c6e652b0074c3efeee9ca92b21fb01fb4ecbb50b11afbc22e714000d6cdb4c66,1,
LTMD_U1_W2_MATH_ASSET_AUDIT_0.1,H2018P5DMA,U1-H2018P5DMA,2018,5,Desafíos matemáticos. Libro para el alumno,82,226,82,https://historico.conaliteg.gob.mx/c/H2018P5DMA/082.jpg,0,source_jpeg,served_image,200,image/jpeg,334940,400f69e50613a3f68a6f978099776e825b2d68f2d2f75a42a8e9d461022d1319,1,
LTMD_U1_W2_MATH_ASSET_AUDIT_0.1,H2018P5DMA,U1-H2018P5DMA,2018,5,Desafíos matemáticos. Libro para el alumno,83,226,83,https://historico.conaliteg.gob.mx/c/H2018P5DMA/083.jpg,0,source_jpeg,served_image,200,image/jpeg,429515,669da5345e17ce9cb92323103f9983c3a21baeebb0d79723e0868c5fa39e4c41,1,
LTMD_U1_W2_MATH_ASSET_AUDIT_0.1,H2018P5DMA,U1-H2018P5DMA,2018,5,Desafíos matemáticos. Libro para el alumno,84,226,84,https://historico.conaliteg.gob.mx/c/H2018P5DMA/084.jpg,0,source_jpeg,served_image,200,image/jpeg,443320,906cfa3e8da1615ceeb540c07d5bcb6d3340bf13d4c92060c9c64d61d2e9b225,1,
LTMD_U1_W2_MATH_ASSET_AUDIT_0.1,H2018P5DMA,U1-H2018P5DMA,2018,5,Desafíos matemáticos. Libro para el alumno,85,226,85,https://historico.conaliteg.gob.mx/c/H2018P5DMA/085.jpg,0,source_jpeg,served_image,200,image/jpeg,395575,e1f9488c55c07788826f94f30696b1fa745132beb14a685bbd59635d02632a5e,1,
LTMD_U1_W2_MATH_ASSET_AUDIT_0.1,H2018P5DMA,U1-H2018P5DMA,2018,5,Desafíos matemáticos. Libro para el alumno,86,226,86,https://historico.conaliteg.gob.mx/c/H2018P5DMA/086.jpg,0,source_jpeg,served_image,200,image/jpeg,446394,e8a8aa4aa9ba56763f87ae1edb00b0610d6422bb6b0aa15e84171de1aab0ac5e,1,
LTMD_U1_W2_MATH_ASSET_AUDIT_0.1,H2018P5DMA,U1-H2018P5DMA,2018,5,Desafíos matemáticos. Libro para el alumno,87,226,87,https://historico.conaliteg.gob.mx/c/H2018P5DMA/087.jpg,0,source_jpeg,served_image,200,image/jpeg,275134,889b7671fd041832e906d6cc16ec9326c6b42fcabc5066958df47dfd5f5883e7,1,
LTMD_U1_W2_MATH_ASSET_AUDIT_0.1,H2018P5DMA,U1-H2018P5DMA,2018,5,Desafíos matemáticos. Libro para el alumno,88,226,88,https://historico.conaliteg.gob.mx/c/H2018P5DMA/088.jpg,0,source_jpeg,served_image,200,image/jpeg,300746,bb8a72e2dc89ef54e7f2dcf43a38c139f49cd926ce424c0fccac7af401791217,1,
LTMD_U1_W2_MATH_ASSET_AUDIT_0.1,H2018P5DMA,U1-H2018P5DMA,2018,5,Desafíos matemáticos. Libro para el alumno,89,226,89,https://historico.conaliteg.gob.mx/c/H2018P5DMA/089.jpg,0,source_jpeg,served_image,200,image/jpeg,223108,8ef1069ce0bb67453c1da03673919c73d65f4c52c378b7fb31847aff8a03c924,1,
LTMD_U1_W2_MATH_ASSET_AUDIT_0.1,H2018P5DMA,U1-H2018P5DMA,2018,5,Desafíos matemáticos. Libro para el alumno,90,226,90,https://historico.conaliteg.gob.mx/c/H2018P5DMA/090.jpg,0,source_jpeg,served_image,200,image/jpeg,378208,7f556ee11e9446a3369eba86bbe675ae674b278b57d3e5fe32956ba811ed5f4f,1,
LTMD_U1_W2_MATH_ASSET_AUDIT_0.1,H2018P5DMA,U1-H2018P5DMA,2018,5,Desafíos matemáticos. Libro para el alumno,91,226,91,https://historico.conaliteg.gob.mx/c/H2018P5DMA/091.jpg,0,source_jpeg,served_image,200,image/jpeg,352460,fd3e7dc915e6f991b71ef1c6258b695bc6a5b09b65f69be1ec5b71d1e11cae44,1,
LTMD_U1_W2_MATH_ASSET_AUDIT_0.1,H2018P5DMA,U1-H2018P5DMA,2018,5,Desafíos matemáticos. Libro para el alumno,92,226,92,https://historico.conaliteg.gob.mx/c/H2018P5DMA/092.jpg,0,source_jpeg,served_image,200,image/jpeg,316523,11924bfb4c1a66379522060a7070e0bf11f124342316aadece52bc4975a48cb8,1,
LTMD_U1_W2_MATH_ASSET_AUDIT_0.1,H2018P5DMA,U1-H2018P5DMA,2018,5,Desafíos matemáticos. Libro para el alumno,93,226,93,https://historico.conaliteg.gob.mx/c/H2018P5DMA/093.jpg,0,source_jpeg,served_image,200,image/jpeg,360084,e80b8bd071034d9c22c7d82320a9a852d8d660f7d348f5ab3cb3897d02f54997,1,
LTMD_U1_W2_MATH_ASSET_AUDIT_0.1,H2018P5DMA,U1-H2018P5DMA,2018,5,Desafíos matemáticos. Libro para el alumno,94,226,94,https://historico.conaliteg.gob.mx/c/H2018P5DMA/094.jpg,0,source_jpeg,served_image,200,image/jpeg,418172,d65944ec4a9cdba13ff06f250b8a0a93a171c631204958b9ef06c93cfc556543,1,
LTMD_U1_W2_MATH_ASSET_AUDIT_0.1,H2018P5DMA,U1-H2018P5DMA,2018,5,Desafíos matemáticos. Libro para el alumno,95,226,95,https://historico.conaliteg.gob.mx/c/H2018P5DMA/095.jpg,0,source_jpeg,served_image,200,image/jpeg,292412,67a10ed194b8c396fedade580cb2f6474dc02159018a3a6c2bc2d7514c715f82,1,
LTMD_U1_W2_MATH_ASSET_AUDIT_0.1,H2018P5DMA,U1-H2018P5DMA,2018,5,Desafíos matemáticos. Libro para el alumno,96,226,96,https://historico.conaliteg.gob.mx/c/H2018P5DMA/096.jpg,0,source_jpeg,served_image,200,image/jpeg,331185,92397937f7db0224a6b9951e4e706f0e16774b60f46a5cb0081bc5344c3ee07f,1,
LTMD_U1_W2_MATH_ASSET_AUDIT_0.1,H2018P5DMA,U1-H2018P5DMA,2018,5,Desafíos matemáticos. Libro para el alumno,97,226,97,https://historico.conaliteg.gob.mx/c/H2018P5DMA/097.jpg,0,source_jpeg,served_image,200,image/jpeg,389097,aebd43e65af389a3b62d7d0015e9bfb9d0fd8e6f0c5e58baa6cf1df7ae880e79,1,
LTMD_U1_W2_MATH_ASSET_AUDIT_0.1,H2018P5DMA,U1-H2018P5DMA,2018,5,Desafíos matemáticos. Libro para el alumno,98,226,98,https://historico.conaliteg.gob.mx/c/H2018P5DMA/098.jpg,0,source_jpeg,served_image,200,image/jpeg,240954,03f2676a44dffcbd2403c7ab306014374147e9244bc4cba783be679c7839cba7,1,
LTMD_U1_W2_MATH_ASSET_AUDIT_0.1,H2018P5DMA,U1-H2018P5DMA,2018,5,Desafíos matemáticos. Libro para el alumno,99,226,99,https://historico.conaliteg.gob.mx/c/H2018P5DMA/099.jpg,0,source_jpeg,served_image,200,image/jpeg,272205,216520dd066a7a30a3d8926da143ca6154873cb6e1b221ef3e07924fda0e74f5,1,
LTMD_U1_W2_MATH_ASSET_AUDIT_0.1,H2018P5DMA,U1-H2018P5DMA,2018,5,Desafíos matemáticos. Libro para el alumno,100,226,100,https://historico.conaliteg.gob.mx/c/H2018P5DMA/100.jpg,0,source_jpeg,served_image,200,image/jpeg,201921,f687286d92f29145c62c4c3ca7ee3e895eb03b1a01b7d3b90def414290a8f90b,1,
LTMD_U1_W2_MATH_ASSET_AUDIT_0.1,H2018P5DMA,U1-H2018P5DMA,2018,5,Desafíos matemáticos. Libro para el alumno,101,226,101,https://historico.conaliteg.gob.mx/c/H2018P5DMA/101.jpg,0,source_jpeg,served_image,200,image/jpeg,306663,64b35ba852dddff52bf5982577953aac38e00a1f9f028634d242cdabb13f9431,1,
LTMD_U1_W2_MATH_ASSET_AUDIT_0.1,H2018P5DMA,U1-H2018P5DMA,2018,5,Desafíos matemáticos. Libro para el alumno,102,226,102,https://historico.conaliteg.gob.mx/c/H2018P5DMA/102.jpg,0,source_jpeg,served_image,200,image/jpeg,414708,9898f12522d688710902f87da4e5d7b82f1025a94fb511d49d57ee1a201fdeab,1,
LTMD_U1_W2_MATH_ASSET_AUDIT_0.1,H2018P5DMA,U1-H2018P5DMA,2018,5,Desafíos matemáticos. Libro para el alumno,103,226,103,https://historico.conaliteg.gob.mx/c/H2018P5DMA/103.jpg,0,source_jpeg,served_image,200,image/jpeg,254017,27ebf7fb65c261df02a456ee9cbeb9452149245c9dcb7dda80b0429530991ffe,1,
LTMD_U1_W2_MATH_ASSET_AUDIT_0.1,H2018P5DMA,U1-H2018P5DMA,2018,5,Desafíos matemáticos. Libro para el alumno,104,226,104,https://historico.conaliteg.gob.mx/c/H2018P5DMA/104.jpg,0,source_jpeg,served_image,200,image/jpeg,326311,147691cc12b35912520230b50898b773811ee2d7f926733c707798a3dd9cfe84,1,
LTMD_U1_W2_MATH_ASSET_AUDIT_0.1,H2018P5DMA,U1-H2018P5DMA,2018,5,Desafíos matemáticos. Libro para el alumno,105,226,105,https://historico.conaliteg.gob.mx/c/H2018P5DMA/105.jpg,0,source_jpeg,served_image,200,image/jpeg,359196,b2de9c3b6272c65c815490a4f1ccfd90ebe842828d263673b7c078cc26593ffe,1,
LTMD_U1_W2_MATH_ASSET_AUDIT_0.1,H2018P5DMA,U1-H2018P5DMA,2018,5,Desafíos matemáticos. Libro para el alumno,106,226,106,https://historico.conaliteg.gob.mx/c/H2018P5DMA/106.jpg,0,source_jpeg,served_image,200,image/jpeg,369677,77d5e88b274294edadf79903cacff9f5f05ef0093582c5b7ec07e3de21abfc8d,1,
LTMD_U1_W2_MATH_ASSET_AUDIT_0.1,H2018P5DMA,U1-H2018P5DMA,2018,5,Desafíos matemáticos. Libro para el alumno,107,226,107,https://historico.conaliteg.gob.mx/c/H2018P5DMA/107.jpg,0,source_jpeg,served_image,200,image/jpeg,365241,06a9587c01a0d5006a65b4c8db5cdb1149ca12bf5d94d04b3b79af8618358a5e,1,
LTMD_U1_W2_MATH_ASSET_AUDIT_0.1,H2018P5DMA,U1-H2018P5DMA,2018,5,Desafíos matemáticos. Libro para el alumno,108,226,108,https://historico.conaliteg.gob.mx/c/H2018P5DMA/108.jpg,0,source_jpeg,served_image,200,image/jpeg,390720,2459c3382989a0513071b5b3fc7ce15683cad31d9016c13037917492668c61f5,1,
LTMD_U1_W2_MATH_ASSET_AUDIT_0.1,H2018P5DMA,U1-H2018P5DMA,2018,5,Desafíos matemáticos. Libro para el alumno,109,226,109,https://historico.conaliteg.gob.mx/c/H2018P5DMA/109.jpg,0,source_jpeg,served_image,200,image/jpeg,164841,a5f01ddb4817a13a70b2ff12cc46c32be7c83ebb42b263a66f8efd0eb35619ee,1,
LTMD_U1_W2_MATH_ASSET_AUDIT_0.1,H2018P5DMA,U1-H2018P5DMA,2018,5,Desafíos matemáticos. Libro para el alumno,110,226,110,https://historico.conaliteg.gob.mx/c/H2018P5DMA/110.jpg,0,source_jpeg,served_image,200,image/jpeg,360313,3900bdb7e655b5db398ec35af43661ea217fa96b6ee82fa7eb3228d64f795b94,1,
LTMD_U1_W2_MATH_ASSET_AUDIT_0.1,H2018P5DMA,U1-H2018P5DMA,2018,5,Desafíos matemáticos. Libro para el alumno,111,226,111,https://historico.conaliteg.gob.mx/c/H2018P5DMA/111.jpg,0,source_jpeg,served_image,200,image/jpeg,327289,f342034bdee14d234f9e7480485fdaa7e68def52bc0aebfcf5f6b3a10f03a5bc,1,
LTMD_U1_W2_MATH_ASSET_AUDIT_0.1,H2018P5DMA,U1-H2018P5DMA,2018,5,Desafíos matemáticos. Libro para el alumno,112,226,112,https://historico.conaliteg.gob.mx/c/H2018P5DMA/112.jpg,0,source_jpeg,served_image,200,image/jpeg,328443,b994c2d66230869b035e1f5311073515023ecdb0f57db6034ca50bedfb631552,1,
LTMD_U1_W2_MATH_ASSET_AUDIT_0.1,H2018P5DMA,U1-H2018P5DMA,2018,5,Desafíos matemáticos. Libro para el alumno,113,226,113,https://historico.conaliteg.gob.mx/c/H2018P5DMA/113.jpg,0,source_jpeg,served_image,200,image/jpeg,294342,a4ef9969fa53594894c348ac0fa33b3538c0964bd2b1a060c0cdae220d78848a,1,
LTMD_U1_W2_MATH_ASSET_AUDIT_0.1,H2018P5DMA,U1-H2018P5DMA,2018,5,Desafíos matemáticos. Libro para el alumno,114,226,114,https://historico.conaliteg.gob.mx/c/H2018P5DMA/114.jpg,0,source_jpeg,served_image,200,image/jpeg,339586,b5765c0ccee2d4158339e358db2e8bf5eb26cec2715d6f46097ead56c2546eee,1,
LTMD_U1_W2_MATH_ASSET_AUDIT_0.1,H2018P5DMA,U1-H2018P5DMA,2018,5,Desafíos matemáticos. Libro para el alumno,115,226,115,https://historico.conaliteg.gob.mx/c/H2018P5DMA/115.jpg,0,source_jpeg,served_image,200,image/jpeg,299684,4dc26b74cf094b2a5716dd8b46beee9b97cbf8a44630855889364bf81d0b6d85,1,
LTMD_U1_W2_MATH_ASSET_AUDIT_0.1,H2018P5DMA,U1-H2018P5DMA,2018,5,Desafíos matemáticos. Libro para el alumno,116,226,116,https://historico.conaliteg.gob.mx/c/H2018P5DMA/116.jpg,0,source_jpeg,served_image,200,image/jpeg,362864,1da87cf165bea04723bd473db9b0627b4b64f4dff508b590881076e0d02ed110,1,
LTMD_U1_W2_MATH_ASSET_AUDIT_0.1,H2018P5DMA,U1-H2018P5DMA,2018,5,Desafíos matemáticos. Libro para el alumno,117,226,117,https://historico.conaliteg.gob.mx/c/H2018P5DMA/117.jpg,0,source_jpeg,served_image,200,image/jpeg,423606,060815cc3c41b883574ce114240dd1f56d94cf22574e11c48799eba8d1e6c98a,1,
LTMD_U1_W2_MATH_ASSET_AUDIT_0.1,H2018P5DMA,U1-H2018P5DMA,2018,5,Desafíos matemáticos. Libro para el alumno,118,226,118,https://historico.conaliteg.gob.mx/c/H2018P5DMA/118.jpg,0,source_jpeg,served_image,200,image/jpeg,370627,dbe612cda23802a82aec937b588030475fe8cb10a68d6eb199eaaf37c7d0bfbe,1,
LTMD_U1_W2_MATH_ASSET_AUDIT_0.1,H2018P5DMA,U1-H2018P5DMA,2018,5,Desafíos matemáticos. Libro para el alumno,119,226,119,https://historico.conaliteg.gob.mx/c/H2018P5DMA/119.jpg,0,source_jpeg,served_image,200,image/jpeg,218737,c4c217afcfa4efc1dd97b2e81897d54ce6fe724e4343068c8193ca098697a8e8,1,
LTMD_U1_W2_MATH_ASSET_AUDIT_0.1,H2018P5DMA,U1-H2018P5DMA,2018,5,Desafíos matemáticos. Libro para el alumno,120,226,120,https://historico.conaliteg.gob.mx/c/H2018P5DMA/120.jpg,0,source_jpeg,served_image,200,image/jpeg,214239,afae602777dc923b12fe15ce5f04ff24a8194ed36a76b90a38879ab947d69587,1,
LTMD_U1_W2_MATH_ASSET_AUDIT_0.1,H2018P5DMA,U1-H2018P5DMA,2018,5,Desafíos matemáticos. Libro para el alumno,121,226,121,https://historico.conaliteg.gob.mx/c/H2018P5DMA/121.jpg,0,source_jpeg,served_image,200,image/jpeg,353355,4d2b5a5f07af9bae4262c202e72c97c57c277924c162a09486dcd675dcae4804,1,
LTMD_U1_W2_MATH_ASSET_AUDIT_0.1,H2018P5DMA,U1-H2018P5DMA,2018,5,Desafíos matemáticos. Libro para el alumno,122,226,122,https://historico.conaliteg.gob.mx/c/H2018P5DMA/122.jpg,0,source_jpeg,served_image,200,image/jpeg,372941,c8a68cffd0e30e8eac238b83ef5685136753dfcf335700f2cb6b4d5cc8b8f064,1,
LTMD_U1_W2_MATH_ASSET_AUDIT_0.1,H2018P5DMA,U1-H2018P5DMA,2018,5,Desafíos matemáticos. Libro para el alumno,123,226,123,https://historico.conaliteg.gob.mx/c/H2018P5DMA/123.jpg,0,source_jpeg,served_image,200,image/jpeg,194053,819744e710890787f65da97fd49b19610826f7c0251490fadbc3b98a7257e783,1,
LTMD_U1_W2_MATH_ASSET_AUDIT_0.1,H2018P5DMA,U1-H2018P5DMA,2018,5,Desafíos matemáticos. Libro para el alumno,124,226,124,https://historico.conaliteg.gob.mx/c/H2018P5DMA/124.jpg,0,source_jpeg,served_image,200,image/jpeg,267717,2aaf6d3a8b9887bbed52b5056d5770693663171511407aa221e98128993d98ba,1,
LTMD_U1_W2_MATH_ASSET_AUDIT_0.1,H2018P5DMA,U1-H2018P5DMA,2018,5,Desafíos matemáticos. Libro para el alumno,125,226,125,https://historico.conaliteg.gob.mx/c/H2018P5DMA/125.jpg,0,source_jpeg,served_image,200,image/jpeg,305040,4a01f67b9f2351d8ba27aad12a14d1ef63d5c6861b543b5adbaf1bd8d35fe022,1,
LTMD_U1_W2_MATH_ASSET_AUDIT_0.1,H2018P5DMA,U1-H2018P5DMA,2018,5,Desafíos matemáticos. Libro para el alumno,126,226,126,https://historico.conaliteg.gob.mx/c/H2018P5DMA/126.jpg,0,source_jpeg,served_image,200,image/jpeg,454495,854e32f0756ac19c21e0fadbd3d42a9a3675e06fbcbfd5afcbb9e98b15706a96,1,
LTMD_U1_W2_MATH_ASSET_AUDIT_0.1,H2018P5DMA,U1-H2018P5DMA,2018,5,Desafíos matemáticos. Libro para el alumno,127,226,127,https://historico.conaliteg.gob.mx/c/H2018P5DMA/127.jpg,0,source_jpeg,served_image,200,image/jpeg,425977,86b3a776c479d66ff03e589a01edc73f568bbb9ae5ebe9c3fe846e6ba28d0635,1,
LTMD_U1_W2_MATH_ASSET_AUDIT_0.1,H2018P5DMA,U1-H2018P5DMA,2018,5,Desafíos matemáticos. Libro para el alumno,128,226,128,https://historico.conaliteg.gob.mx/c/H2018P5DMA/128.jpg,0,source_jpeg,served_image,200,image/jpeg,339583,562e953a4931cb4d4a2e6ad63363030f1426e6df3d585b03ac99c629c1e3c69e,1,
LTMD_U1_W2_MATH_ASSET_AUDIT_0.1,H2018P5DMA,U1-H2018P5DMA,2018,5,Desafíos matemáticos. Libro para el alumno,129,226,129,https://historico.conaliteg.gob.mx/c/H2018P5DMA/129.jpg,0,source_jpeg,served_image,200,image/jpeg,208340,2643a4a5fc0d3de0b046e9d7254ca9a9379712276359ae3c71b18f1e99903dd9,1,
LTMD_U1_W2_MATH_ASSET_AUDIT_0.1,H2018P5DMA,U1-H2018P5DMA,2018,5,Desafíos matemáticos. Libro para el alumno,130,226,130,https://historico.conaliteg.gob.mx/c/H2018P5DMA/130.jpg,0,source_jpeg,served_image,200,image/jpeg,361864,87e0f3261b3da6b776f931887bf179b061089aa3a635749bd2ae5cfe0d0d2903,1,
LTMD_U1_W2_MATH_ASSET_AUDIT_0.1,H2018P5DMA,U1-H2018P5DMA,2018,5,Desafíos matemáticos. Libro para el alumno,131,226,131,https://historico.conaliteg.gob.mx/c/H2018P5DMA/131.jpg,0,source_jpeg,served_image,200,image/jpeg,268012,a47ca15ae898b060c31341534eed02b5cc7584e1fac02c21ef5bc580a64ca090,1,
LTMD_U1_W2_MATH_ASSET_AUDIT_0.1,H2018P5DMA,U1-H2018P5DMA,2018,5,Desafíos matemáticos. Libro para el alumno,132,226,132,https://historico.conaliteg.gob.mx/c/H2018P5DMA/132.jpg,0,source_jpeg,served_image,200,image/jpeg,403441,64e4be83645611b1841f87fa95885b1996edb750922be79999537ec7a8439d60,1,
LTMD_U1_W2_MATH_ASSET_AUDIT_0.1,H2018P5DMA,U1-H2018P5DMA,2018,5,Desafíos matemáticos. Libro para el alumno,133,226,133,https://historico.conaliteg.gob.mx/c/H2018P5DMA/133.jpg,0,source_jpeg,served_image,200,image/jpeg,202533,f94b13f6c618a02522c5e2179f27905a914642280365d4480d7b603b3930eb23,1,
LTMD_U1_W2_MATH_ASSET_AUDIT_0.1,H2018P5DMA,U1-H2018P5DMA,2018,5,Desafíos matemáticos. Libro para el alumno,134,226,134,https://historico.conaliteg.gob.mx/c/H2018P5DMA/134.jpg,0,source_jpeg,served_image,200,image/jpeg,94551,9ea6f0ff8767a4d2c9cb2c3048e2795c9b7e1a764b7f237fd412f706971a4136,1,
LTMD_U1_W2_MATH_ASSET_AUDIT_0.1,H2018P5DMA,U1-H2018P5DMA,2018,5,Desafíos matemáticos. Libro para el alumno,135,226,135,https://historico.conaliteg.gob.mx/c/H2018P5DMA/135.jpg,0,source_jpeg,served_image,200,image/jpeg,98449,d7233fa02863589ad7c96d8466cba18a6583d95a13d954ce5cbad2e35ca88326,1,
LTMD_U1_W2_MATH_ASSET_AUDIT_0.1,H2018P5DMA,U1-H2018P5DMA,2018,5,Desafíos matemáticos. Libro para el alumno,136,226,136,https://historico.conaliteg.gob.mx/c/H2018P5DMA/136.jpg,0,source_jpeg,served_image,200,image/jpeg,407556,80d032e2cee96008767b6abdc166b8dc795ac80651a8e463239a66f36102b312,1,
LTMD_U1_W2_MATH_ASSET_AUDIT_0.1,H2018P5DMA,U1-H2018P5DMA,2018,5,Desafíos matemáticos. Libro para el alumno,137,226,137,https://historico.conaliteg.gob.mx/c/H2018P5DMA/137.jpg,0,source_jpeg,served_image,200,image/jpeg,325874,dac2ad0d99c7e6b5d17ce350d890e09dc6a80b5d5da119c0fe81e80f0a8a7ee4,1,
LTMD_U1_W2_MATH_ASSET_AUDIT_0.1,H2018P5DMA,U1-H2018P5DMA,2018,5,Desafíos matemáticos. Libro para el alumno,138,226,138,https://historico.conaliteg.gob.mx/c/H2018P5DMA/138.jpg,0,source_jpeg,served_image,200,image/jpeg,347935,21c5b0f0af89cbaaa79c1e22c7e8fc2329a0d8fa1a5a8d6ca3ca21cd879ebb4f,1,
LTMD_U1_W2_MATH_ASSET_AUDIT_0.1,H2018P5DMA,U1-H2018P5DMA,2018,5,Desafíos matemáticos. Libro para el alumno,139,226,139,https://historico.conaliteg.gob.mx/c/H2018P5DMA/139.jpg,0,source_jpeg,served_image,200,image/jpeg,429605,7ee494cc842f5f946e1ba0b92fbdf1446947f3e7551f2be893c59c62a811dfb3,1,
LTMD_U1_W2_MATH_ASSET_AUDIT_0.1,H2018P5DMA,U1-H2018P5DMA,2018,5,Desafíos matemáticos. Libro para el alumno,140,226,140,https://historico.conaliteg.gob.mx/c/H2018P5DMA/140.jpg,0,source_jpeg,served_image,200,image/jpeg,266277,cf121acddd743a3bed86106bfe3cb1de7cf1951266a2215edef05174b7142a3b,1,
LTMD_U1_W2_MATH_ASSET_AUDIT_0.1,H2018P5DMA,U1-H2018P5DMA,2018,5,Desafíos matemáticos. Libro para el alumno,141,226,141,https://historico.conaliteg.gob.mx/c/H2018P5DMA/141.jpg,0,source_jpeg,served_image,200,image/jpeg,373363,5c8e61083b485236afdd100d8f0d5dfd0e07cb922ac06dabfe4a4df3f4972c37,1,
LTMD_U1_W2_MATH_ASSET_AUDIT_0.1,H2018P5DMA,U1-H2018P5DMA,2018,5,Desafíos matemáticos. Libro para el alumno,142,226,142,https://historico.conaliteg.gob.mx/c/H2018P5DMA/142.jpg,0,source_jpeg,served_image,200,image/jpeg,306181,b227f5c1c59f7ee23d90cfa5b35500377bd06e61030dab4682b000fb4fb61816,1,
LTMD_U1_W2_MATH_ASSET_AUDIT_0.1,H2018P5DMA,U1-H2018P5DMA,2018,5,Desafíos matemáticos. Libro para el alumno,143,226,143,https://historico.conaliteg.gob.mx/c/H2018P5DMA/143.jpg,0,source_jpeg,served_image,200,image/jpeg,366511,7fd54ccf55a68faf2848e7046f2972ac59732a74364dd9a9c9e7cf114681228c,1,
LTMD_U1_W2_MATH_ASSET_AUDIT_0.1,H2018P5DMA,U1-H2018P5DMA,2018,5,Desafíos matemáticos. Libro para el alumno,144,226,144,https://historico.conaliteg.gob.mx/c/H2018P5DMA/144.jpg,0,source_jpeg,served_image,200,image/jpeg,260636,eaf335db3fac0fba152efd8bc19d2865e7dde6605e7a9357f4188771ee2d4e6a,1,
LTMD_U1_W2_MATH_ASSET_AUDIT_0.1,H2018P5DMA,U1-H2018P5DMA,2018,5,Desafíos matemáticos. Libro para el alumno,145,226,145,https://historico.conaliteg.gob.mx/c/H2018P5DMA/145.jpg,0,source_jpeg,served_image,200,image/jpeg,372102,08ca7e527a54ef376254c2fb43084da624cc31abf658cb6429bacf30ac4d35e5,1,
LTMD_U1_W2_MATH_ASSET_AUDIT_0.1,H2018P5DMA,U1-H2018P5DMA,2018,5,Desafíos matemáticos. Libro para el alumno,146,226,146,https://historico.conaliteg.gob.mx/c/H2018P5DMA/146.jpg,0,source_jpeg,served_image,200,image/jpeg,319295,6498787ac77fc13773c74ab7f8127a44645d6f1318ac05b1fbabeda6a40a4e8f,1,
LTMD_U1_W2_MATH_ASSET_AUDIT_0.1,H2018P5DMA,U1-H2018P5DMA,2018,5,Desafíos matemáticos. Libro para el alumno,147,226,147,https://historico.conaliteg.gob.mx/c/H2018P5DMA/147.jpg,0,source_jpeg,served_image,200,image/jpeg,326408,12bcae4560002516b00f947cb5a571dfc19d64b44805e023f0cba9115edc18a6,1,
LTMD_U1_W2_MATH_ASSET_AUDIT_0.1,H2018P5DMA,U1-H2018P5DMA,2018,5,Desafíos matemáticos. Libro para el alumno,148,226,148,https://historico.conaliteg.gob.mx/c/H2018P5DMA/148.jpg,0,source_jpeg,served_image,200,image/jpeg,190828,10b633b5e56c90f875339bf023679c28b738f92fdf1b88dee20ca7bb70513606,1,
LTMD_U1_W2_MATH_ASSET_AUDIT_0.1,H2018P5DMA,U1-H2018P5DMA,2018,5,Desafíos matemáticos. Libro para el alumno,149,226,149,https://historico.conaliteg.gob.mx/c/H2018P5DMA/149.jpg,0,source_jpeg,served_image,200,image/jpeg,189135,ac553b7da5c4ea0bcabebde6db759fe60fe0fbea17dad95eabcd4b105def22fa,1,
LTMD_U1_W2_MATH_ASSET_AUDIT_0.1,H2018P5DMA,U1-H2018P5DMA,2018,5,Desafíos matemáticos. Libro para el alumno,150,226,150,https://historico.conaliteg.gob.mx/c/H2018P5DMA/150.jpg,0,source_jpeg,served_image,200,image/jpeg,324677,72025bae45fe6b90721fd14e30f2a15699b454f766c178868bcbf60b0388406b,1,
LTMD_U1_W2_MATH_ASSET_AUDIT_0.1,H2018P5DMA,U1-H2018P5DMA,2018,5,Desafíos matemáticos. Libro para el alumno,151,226,151,https://historico.conaliteg.gob.mx/c/H2018P5DMA/151.jpg,0,source_jpeg,served_image,200,image/jpeg,244300,63381341c8aee9a2d1b30f0877a7377c52810971f7fa4c3f94581150f5257dff,1,
LTMD_U1_W2_MATH_ASSET_AUDIT_0.1,H2018P5DMA,U1-H2018P5DMA,2018,5,Desafíos matemáticos. Libro para el alumno,152,226,152,https://historico.conaliteg.gob.mx/c/H2018P5DMA/152.jpg,0,source_jpeg,served_image,200,image/jpeg,382423,921aface5dd405a9f7b32ad55f52fb6d18609031b79d86dc61e4cf472ec025f3,1,
LTMD_U1_W2_MATH_ASSET_AUDIT_0.1,H2018P5DMA,U1-H2018P5DMA,2018,5,Desafíos matemáticos. Libro para el alumno,153,226,153,https://historico.conaliteg.gob.mx/c/H2018P5DMA/153.jpg,0,source_jpeg,served_image,200,image/jpeg,307056,36b74ead281f295c7a4c39348a3567b89ae60a81a38fed0953af84a6363c2a6d,1,
LTMD_U1_W2_MATH_ASSET_AUDIT_0.1,H2018P5DMA,U1-H2018P5DMA,2018,5,Desafíos matemáticos. Libro para el alumno,154,226,154,https://historico.conaliteg.gob.mx/c/H2018P5DMA/154.jpg,0,source_jpeg,served_image,200,image/jpeg,405652,2054a980c2d8dae2274155ff6d9c7e9d8d1d317101ffe34268dc38f8c78aa896,1,
LTMD_U1_W2_MATH_ASSET_AUDIT_0.1,H2018P5DMA,U1-H2018P5DMA,2018,5,Desafíos matemáticos. Libro para el alumno,155,226,155,https://historico.conaliteg.gob.mx/c/H2018P5DMA/155.jpg,0,source_jpeg,served_image,200,image/jpeg,297301,02d838b610cfaa56090da0b10644cf2a4e46388d983c06263f5178dc6b56d6f7,1,
LTMD_U1_W2_MATH_ASSET_AUDIT_0.1,H2018P5DMA,U1-H2018P5DMA,2018,5,Desafíos matemáticos. Libro para el alumno,156,226,156,https://historico.conaliteg.gob.mx/c/H2018P5DMA/156.jpg,0,source_jpeg,served_image,200,image/jpeg,304945,fc7e63737c3737b30e6ae753c26d4d447a3980372dc68d700a32b8d38f79854c,1,
LTMD_U1_W2_MATH_ASSET_AUDIT_0.1,H2018P5DMA,U1-H2018P5DMA,2018,5,Desafíos matemáticos. Libro para el alumno,157,226,157,https://historico.conaliteg.gob.mx/c/H2018P5DMA/157.jpg,0,source_jpeg,served_image,200,image/jpeg,318080,b617955b0db6f790999f2571014114d584f6f2717c038ad772ddaa4942186222,1,
LTMD_U1_W2_MATH_ASSET_AUDIT_0.1,H2018P5DMA,U1-H2018P5DMA,2018,5,Desafíos matemáticos. Libro para el alumno,158,226,158,https://historico.conaliteg.gob.mx/c/H2018P5DMA/158.jpg,0,source_jpeg,served_image,200,image/jpeg,468744,797e6815c00b75215a3c35d64cbe9463a3ecb988a54b89674c909e2786b6f6ef,1,
LTMD_U1_W2_MATH_ASSET_AUDIT_0.1,H2018P5DMA,U1-H2018P5DMA,2018,5,Desafíos matemáticos. Libro para el alumno,159,226,159,https://historico.conaliteg.gob.mx/c/H2018P5DMA/159.jpg,0,source_jpeg,served_image,200,image/jpeg,277660,73a71b82ac9096dec540b88a14fc9b89fce0cf85e0b95db40895bc9293d68cf4,1,
LTMD_U1_W2_MATH_ASSET_AUDIT_0.1,H2018P5DMA,U1-H2018P5DMA,2018,5,Desafíos matemáticos. Libro para el alumno,160,226,160,https://historico.conaliteg.gob.mx/c/H2018P5DMA/160.jpg,0,source_jpeg,served_image,200,image/jpeg,450791,85b633a1db8985c600744ec4c1772153b5dce85382de2b721a2f5d9ce7ab56dd,1,
LTMD_U1_W2_MATH_ASSET_AUDIT_0.1,H2018P5DMA,U1-H2018P5DMA,2018,5,Desafíos matemáticos. Libro para el alumno,161,226,161,https://historico.conaliteg.gob.mx/c/H2018P5DMA/161.jpg,0,source_jpeg,served_image,200,image/jpeg,432582,9b4aecc4e7c9c4f85b513be3ed91704d460ebba90ab7ef52d314afb1c64eec07,1,
LTMD_U1_W2_MATH_ASSET_AUDIT_0.1,H2018P5DMA,U1-H2018P5DMA,2018,5,Desafíos matemáticos. Libro para el alumno,162,226,162,https://historico.conaliteg.gob.mx/c/H2018P5DMA/162.jpg,0,source_jpeg,served_image,200,image/jpeg,387919,cbe66705ae785d8715eb109ffb5b0b660999bd1fbeeb7a6e908b872961a35fba,1,
LTMD_U1_W2_MATH_ASSET_AUDIT_0.1,H2018P5DMA,U1-H2018P5DMA,2018,5,Desafíos matemáticos. Libro para el alumno,163,226,163,https://historico.conaliteg.gob.mx/c/H2018P5DMA/163.jpg,0,source_jpeg,served_image,200,image/jpeg,367020,5e6184a490934f5372761da2f5dd2a5193b828e41eaf7c4b82f1f3caac4f03ce,1,
LTMD_U1_W2_MATH_ASSET_AUDIT_0.1,H2018P5DMA,U1-H2018P5DMA,2018,5,Desafíos matemáticos. Libro para el alumno,164,226,164,https://historico.conaliteg.gob.mx/c/H2018P5DMA/164.jpg,0,source_jpeg,served_image,200,image/jpeg,372822,58cab398aed7f811016db65b1d311ff85e51df803d4b7a33e606be61cc6f6d66,1,
LTMD_U1_W2_MATH_ASSET_AUDIT_0.1,H2018P5DMA,U1-H2018P5DMA,2018,5,Desafíos matemáticos. Libro para el alumno,165,226,165,https://historico.conaliteg.gob.mx/c/H2018P5DMA/165.jpg,0,source_jpeg,served_image,200,image/jpeg,318224,ac46f8bf7e89c2b170574c13cf64ec458226310a6d26b4e94ffca7b0b62cc67d,1,
LTMD_U1_W2_MATH_ASSET_AUDIT_0.1,H2018P5DMA,U1-H2018P5DMA,2018,5,Desafíos matemáticos. Libro para el alumno,166,226,166,https://historico.conaliteg.gob.mx/c/H2018P5DMA/166.jpg,0,source_jpeg,served_image,200,image/jpeg,284902,dd95409b741da4f0aae1910cbfd8374fcef7e29b304518765b77c6de54115e25,1,
LTMD_U1_W2_MATH_ASSET_AUDIT_0.1,H2018P5DMA,U1-H2018P5DMA,2018,5,Desafíos matemáticos. Libro para el alumno,167,226,167,https://historico.conaliteg.gob.mx/c/H2018P5DMA/167.jpg,0,source_jpeg,served_image,200,image/jpeg,449085,1bef31cbf3267e382c65c28bff18c811b304c0bc420f082c3c3b5cd507e12556,1,
LTMD_U1_W2_MATH_ASSET_AUDIT_0.1,H2018P5DMA,U1-H2018P5DMA,2018,5,Desafíos matemáticos. Libro para el alumno,168,226,168,https://historico.conaliteg.gob.mx/c/H2018P5DMA/168.jpg,0,source_jpeg,served_image,200,image/jpeg,364926,551f28fefe6861a083b9dafe544f67df5473441fb004e32548c53eedc67eb039,1,
LTMD_U1_W2_MATH_ASSET_AUDIT_0.1,H2018P5DMA,U1-H2018P5DMA,2018,5,Desafíos matemáticos. Libro para el alumno,169,226,169,https://historico.conaliteg.gob.mx/c/H2018P5DMA/169.jpg,0,source_jpeg,served_image,200,image/jpeg,490451,72951349c420ffad9894add5581b2d611f3bd5d9c5b6da739046e5032469bfe6,1,
LTMD_U1_W2_MATH_ASSET_AUDIT_0.1,H2018P5DMA,U1-H2018P5DMA,2018,5,Desafíos matemáticos. Libro para el alumno,170,226,170,https://historico.conaliteg.gob.mx/c/H2018P5DMA/170.jpg,0,source_jpeg,served_image,200,image/jpeg,441405,a043cc05ad029f2e011c6dd1f852db3a5fce5b1e8ba15fc924fe571511dd3354,1,
LTMD_U1_W2_MATH_ASSET_AUDIT_0.1,H2018P5DMA,U1-H2018P5DMA,2018,5,Desafíos matemáticos. Libro para el alumno,171,226,171,https://historico.conaliteg.gob.mx/c/H2018P5DMA/171.jpg,0,source_jpeg,served_image,200,image/jpeg,229416,eb320a23df8a1cfce211c1e8d547866f60976c93f737a6d6d8da568f43985627,1,
LTMD_U1_W2_MATH_ASSET_AUDIT_0.1,H2018P5DMA,U1-H2018P5DMA,2018,5,Desafíos matemáticos. Libro para el alumno,172,226,172,https://historico.conaliteg.gob.mx/c/H2018P5DMA/172.jpg,0,source_jpeg,served_image,200,image/jpeg,252196,310101920448efa57b9d83667eaf85444aff5cee310a175cdf5c6526c0c17f68,1,
LTMD_U1_W2_MATH_ASSET_AUDIT_0.1,H2018P5DMA,U1-H2018P5DMA,2018,5,Desafíos matemáticos. Libro para el alumno,173,226,173,https://historico.conaliteg.gob.mx/c/H2018P5DMA/173.jpg,0,source_jpeg,served_image,200,image/jpeg,79496,b128e0466b616c026f7ddd0d79defeb69efc223c6f111b2b553bc97c78ed3e78,1,
LTMD_U1_W2_MATH_ASSET_AUDIT_0.1,H2018P5DMA,U1-H2018P5DMA,2018,5,Desafíos matemáticos. Libro para el alumno,174,226,174,https://historico.conaliteg.gob.mx/c/H2018P5DMA/174.jpg,0,source_jpeg,served_image,200,image/jpeg,276032,6891fa759064907127683a6985abca831e6da0ba65f8f215e0afc817eba92521,1,
LTMD_U1_W2_MATH_ASSET_AUDIT_0.1,H2018P5DMA,U1-H2018P5DMA,2018,5,Desafíos matemáticos. Libro para el alumno,175,226,175,https://historico.conaliteg.gob.mx/c/H2018P5DMA/175.jpg,0,source_jpeg,served_image,200,image/jpeg,374595,07d284c62f76f93d71be71b4771b2bea6a6f5592e87f9d1621f4923f86206491,1,
LTMD_U1_W2_MATH_ASSET_AUDIT_0.1,H2018P5DMA,U1-H2018P5DMA,2018,5,Desafíos matemáticos. Libro para el alumno,176,226,176,https://historico.conaliteg.gob.mx/c/H2018P5DMA/176.jpg,0,source_jpeg,served_image,200,image/jpeg,161208,01d6e71bcc3220a6c2b7f5836d6734f6bfd00ac762562ad525006d54b539d138,1,
LTMD_U1_W2_MATH_ASSET_AUDIT_0.1,H2018P5DMA,U1-H2018P5DMA,2018,5,Desafíos matemáticos. Libro para el alumno,177,226,177,https://historico.conaliteg.gob.mx/c/H2018P5DMA/177.jpg,0,source_jpeg,served_image,200,image/jpeg,341863,7911b4fc1a4bd0396a474ab4ce624ed1cfac140a73b871383fce79fc5a80d2c6,1,
LTMD_U1_W2_MATH_ASSET_AUDIT_0.1,H2018P5DMA,U1-H2018P5DMA,2018,5,Desafíos matemáticos. Libro para el alumno,178,226,178,https://historico.conaliteg.gob.mx/c/H2018P5DMA/178.jpg,0,source_jpeg,served_image,200,image/jpeg,164013,8c93ab89bb4f49ddeb1b5c2e2d3bea7059bedf11fc38ef44e62114a38e811842,1,
LTMD_U1_W2_MATH_ASSET_AUDIT_0.1,H2018P5DMA,U1-H2018P5DMA,2018,5,Desafíos matemáticos. Libro para el alumno,179,226,179,https://historico.conaliteg.gob.mx/c/H2018P5DMA/179.jpg,0,source_jpeg,served_image,200,image/jpeg,179225,596f97eb6ed9f3a270d452c6c233943a51e56c282f36a0790847232494447738,1,
LTMD_U1_W2_MATH_ASSET_AUDIT_0.1,H2018P5DMA,U1-H2018P5DMA,2018,5,Desafíos matemáticos. Libro para el alumno,180,226,180,https://historico.conaliteg.gob.mx/c/H2018P5DMA/180.jpg,0,source_jpeg,served_image,200,image/jpeg,237255,398943e865245767da9befbf17eeb86736f54807e482f8c780aa8937b33ca370,1,
LTMD_U1_W2_MATH_ASSET_AUDIT_0.1,H2018P5DMA,U1-H2018P5DMA,2018,5,Desafíos matemáticos. Libro para el alumno,181,226,181,https://historico.conaliteg.gob.mx/c/H2018P5DMA/181.jpg,0,source_jpeg,served_image,200,image/jpeg,389428,e19d76def223f11242c51e2588c6e748de43f0c576ab361eb061ec05678760f6,1,
LTMD_U1_W2_MATH_ASSET_AUDIT_0.1,H2018P5DMA,U1-H2018P5DMA,2018,5,Desafíos matemáticos. Libro para el alumno,182,226,182,https://historico.conaliteg.gob.mx/c/H2018P5DMA/182.jpg,0,source_jpeg,served_image,200,image/jpeg,450621,448bb54a44296c3ce28bb3af0b7fc6566aee0c5e2fb94563a45fb83b114a3d4d,1,
LTMD_U1_W2_MATH_ASSET_AUDIT_0.1,H2018P5DMA,U1-H2018P5DMA,2018,5,Desafíos matemáticos. Libro para el alumno,183,226,183,https://historico.conaliteg.gob.mx/c/H2018P5DMA/183.jpg,0,source_jpeg,served_image,200,image/jpeg,455713,8a6ae401733a9a7b9a3c9937b4a22ffeb9b2b246a005fccd8399cb61728defcf,1,
LTMD_U1_W2_MATH_ASSET_AUDIT_0.1,H2018P5DMA,U1-H2018P5DMA,2018,5,Desafíos matemáticos. Libro para el alumno,184,226,184,https://historico.conaliteg.gob.mx/c/H2018P5DMA/184.jpg,0,source_jpeg,served_image,200,image/jpeg,279051,65e60feb0ee496ac3c56f95a7a20a1f7d4305b77b8ef6f39df95e633a4e0b5b5,1,
LTMD_U1_W2_MATH_ASSET_AUDIT_0.1,H2018P5DMA,U1-H2018P5DMA,2018,5,Desafíos matemáticos. Libro para el alumno,185,226,185,https://historico.conaliteg.gob.mx/c/H2018P5DMA/185.jpg,0,source_jpeg,served_image,200,image/jpeg,486961,c24cbf1eb10d815a96652186f753a8e4145237daa35a879768b91662f1ec45db,1,
LTMD_U1_W2_MATH_ASSET_AUDIT_0.1,H2018P5DMA,U1-H2018P5DMA,2018,5,Desafíos matemáticos. Libro para el alumno,186,226,186,https://historico.conaliteg.gob.mx/c/H2018P5DMA/186.jpg,0,source_jpeg,served_image,200,image/jpeg,267121,b252f695127051fc93cd21da02ae2c79168ac41a433230263e813581b0225316,1,
LTMD_U1_W2_MATH_ASSET_AUDIT_0.1,H2018P5DMA,U1-H2018P5DMA,2018,5,Desafíos matemáticos. Libro para el alumno,187,226,187,https://historico.conaliteg.gob.mx/c/H2018P5DMA/187.jpg,0,source_jpeg,served_image,200,image/jpeg,285253,1afe859b35ea66378f7d9700a7241870e53cc44be4bd3a88773d5945d077e833,1,
LTMD_U1_W2_MATH_ASSET_AUDIT_0.1,H2018P5DMA,U1-H2018P5DMA,2018,5,Desafíos matemáticos. Libro para el alumno,188,226,188,https://historico.conaliteg.gob.mx/c/H2018P5DMA/188.jpg,0,source_jpeg,served_image,200,image/jpeg,470130,8f1c6383a04f4db99fdecd554eb1a6c62f63d702ec02ce37390bb5701f70a99f,1,
LTMD_U1_W2_MATH_ASSET_AUDIT_0.1,H2018P5DMA,U1-H2018P5DMA,2018,5,Desafíos matemáticos. Libro para el alumno,189,226,189,https://historico.conaliteg.gob.mx/c/H2018P5DMA/189.jpg,0,source_jpeg,served_image,200,image/jpeg,286688,7bcf53609043958c6aebca6abfd5393dae786f355ff09c6ae8afbd25c3c70708,1,
LTMD_U1_W2_MATH_ASSET_AUDIT_0.1,H2018P5DMA,U1-H2018P5DMA,2018,5,Desafíos matemáticos. Libro para el alumno,190,226,190,https://historico.conaliteg.gob.mx/c/H2018P5DMA/190.jpg,0,source_jpeg,served_image,200,image/jpeg,391617,a99991bf74fed1255b0646ea3b550638e924d3bd86b87d62d37320ac668f2320,1,
LTMD_U1_W2_MATH_ASSET_AUDIT_0.1,H2018P5DMA,U1-H2018P5DMA,2018,5,Desafíos matemáticos. Libro para el alumno,191,226,191,https://historico.conaliteg.gob.mx/c/H2018P5DMA/191.jpg,0,source_jpeg,served_image,200,image/jpeg,310925,aa82f91c439821180041e4c8dc5b945f0955a9e7ab55c96d9e9b93178609423e,1,
LTMD_U1_W2_MATH_ASSET_AUDIT_0.1,H2018P5DMA,U1-H2018P5DMA,2018,5,Desafíos matemáticos. Libro para el alumno,192,226,192,https://historico.conaliteg.gob.mx/c/H2018P5DMA/192.jpg,0,source_jpeg,served_image,200,image/jpeg,156384,3230dc435cc0fc8f8ad0bba6240a1c681b3c3a14af0f229283e5c91b79846a2e,1,
LTMD_U1_W2_MATH_ASSET_AUDIT_0.1,H2018P5DMA,U1-H2018P5DMA,2018,5,Desafíos matemáticos. Libro para el alumno,193,226,193,https://historico.conaliteg.gob.mx/c/H2018P5DMA/193.jpg,0,source_jpeg,served_image,200,image/jpeg,156579,b734fb51cd0d7186bc226a11395a25d38de6984fd69b86f3dbde2ea3b383631b,1,
LTMD_U1_W2_MATH_ASSET_AUDIT_0.1,H2018P5DMA,U1-H2018P5DMA,2018,5,Desafíos matemáticos. Libro para el alumno,194,226,194,https://historico.conaliteg.gob.mx/c/H2018P5DMA/194.jpg,0,source_jpeg,served_image,200,image/jpeg,319009,b29a1a638d6c22e4bf92904896d590ae0007bf753fbb96095b2ae53b45822a21,1,
LTMD_U1_W2_MATH_ASSET_AUDIT_0.1,H2018P5DMA,U1-H2018P5DMA,2018,5,Desafíos matemáticos. Libro para el alumno,195,226,195,https://historico.conaliteg.gob.mx/c/H2018P5DMA/195.jpg,0,source_jpeg,served_image,200,image/jpeg,228174,7a89c80aebc12aca487b27ba78c62560ff325d6b7069c06df462981656e9475a,1,
LTMD_U1_W2_MATH_ASSET_AUDIT_0.1,H2018P5DMA,U1-H2018P5DMA,2018,5,Desafíos matemáticos. Libro para el alumno,196,226,196,https://historico.conaliteg.gob.mx/c/H2018P5DMA/196.jpg,0,source_jpeg,served_image,200,image/jpeg,319009,bf90a0f7e8fd5f918c02f29597af309b4ebfd9e1801453fe639a9e7ebbca7a37,1,
LTMD_U1_W2_MATH_ASSET_AUDIT_0.1,H2018P5DMA,U1-H2018P5DMA,2018,5,Desafíos matemáticos. Libro para el alumno,197,226,197,https://historico.conaliteg.gob.mx/c/H2018P5DMA/197.jpg,0,source_jpeg,served_image,200,image/jpeg,235439,24dbf5a7484eadb790e34d9722c0b3cc5b942facdc963319256c88b6cf93d62c,1,
LTMD_U1_W2_MATH_ASSET_AUDIT_0.1,H2018P5DMA,U1-H2018P5DMA,2018,5,Desafíos matemáticos. Libro para el alumno,198,226,198,https://historico.conaliteg.gob.mx/c/H2018P5DMA/198.jpg,0,source_jpeg,served_image,200,image/jpeg,319009,7d1683b6ebd04c6feec8414d937a83a724fef185dddf8b5e67838a0d6329404d,1,
LTMD_U1_W2_MATH_ASSET_AUDIT_0.1,H2018P5DMA,U1-H2018P5DMA,2018,5,Desafíos matemáticos. Libro para el alumno,199,226,199,https://historico.conaliteg.gob.mx/c/H2018P5DMA/199.jpg,0,source_jpeg,served_image,200,image/jpeg,211439,872637598ef5d88e25e1896e9e6833bbfe2359d327b91fafd6548a2baf673f88,1,
LTMD_U1_W2_MATH_ASSET_AUDIT_0.1,H2018P5DMA,U1-H2018P5DMA,2018,5,Desafíos matemáticos. Libro para el alumno,200,226,200,https://historico.conaliteg.gob.mx/c/H2018P5DMA/200.jpg,0,source_jpeg,served_image,200,image/jpeg,319009,3d399338c8f9704d461c2eb385c7628126a53a84f9d41a958dbce75dfa3155bb,1,
LTMD_U1_W2_MATH_ASSET_AUDIT_0.1,H2018P5DMA,U1-H2018P5DMA,2018,5,Desafíos matemáticos. Libro para el alumno,201,226,201,https://historico.conaliteg.gob.mx/c/H2018P5DMA/201.jpg,0,source_jpeg,served_image,200,image/jpeg,212463,ec016ba08b9588ba3bafd40d2d1a1ae17b335b4d6db4351ab831b52da6f264c6,1,
LTMD_U1_W2_MATH_ASSET_AUDIT_0.1,H2018P5DMA,U1-H2018P5DMA,2018,5,Desafíos matemáticos. Libro para el alumno,202,226,202,https://historico.conaliteg.gob.mx/c/H2018P5DMA/202.jpg,0,source_jpeg,served_image,200,image/jpeg,319009,5fc4f9c39541bf10eba059a3139eeb63ac6318e0f1c0530ecc65f2dcc199e93b,1,
LTMD_U1_W2_MATH_ASSET_AUDIT_0.1,H2018P5DMA,U1-H2018P5DMA,2018,5,Desafíos matemáticos. Libro para el alumno,203,226,203,https://historico.conaliteg.gob.mx/c/H2018P5DMA/203.jpg,0,source_jpeg,served_image,200,image/jpeg,220596,ed7179f31a716b3d80e3ebb4c02e544686f9ac6c201c9fce559b59f85cb68e65,1,
LTMD_U1_W2_MATH_ASSET_AUDIT_0.1,H2018P5DMA,U1-H2018P5DMA,2018,5,Desafíos matemáticos. Libro para el alumno,204,226,204,https://historico.conaliteg.gob.mx/c/H2018P5DMA/204.jpg,0,source_jpeg,served_image,200,image/jpeg,319009,898952959b963deb7defb72a595e15d342c5b06fed511e5c6be3ebb76f2009f1,1,
LTMD_U1_W2_MATH_ASSET_AUDIT_0.1,H2018P5DMA,U1-H2018P5DMA,2018,5,Desafíos matemáticos. Libro para el alumno,205,226,205,https://historico.conaliteg.gob.mx/c/H2018P5DMA/205.jpg,0,source_jpeg,served_image,200,image/jpeg,276573,f282b019cd4c50cd510d1b2bf5f135ea4f70398a596bd74cb662ea7883b44590,1,
LTMD_U1_W2_MATH_ASSET_AUDIT_0.1,H2018P5DMA,U1-H2018P5DMA,2018,5,Desafíos matemáticos. Libro para el alumno,206,226,206,https://historico.conaliteg.gob.mx/c/H2018P5DMA/206.jpg,0,source_jpeg,served_image,200,image/jpeg,319009,428fbe50312123819c68dc70bad97b7ca39dbd1a941d2b36cc997b84927bcd2a,1,
LTMD_U1_W2_MATH_ASSET_AUDIT_0.1,H2018P5DMA,U1-H2018P5DMA,2018,5,Desafíos matemáticos. Libro para el alumno,207,226,207,https://historico.conaliteg.gob.mx/c/H2018P5DMA/207.jpg,0,source_jpeg,served_image,200,image/jpeg,181183,8be1eaab1ce16ea03c1b6472e9ac4f8b4d449c5c92f3af28a75ff7791f2ca612,1,
LTMD_U1_W2_MATH_ASSET_AUDIT_0.1,H2018P5DMA,U1-H2018P5DMA,2018,5,Desafíos matemáticos. Libro para el alumno,208,226,208,https://historico.conaliteg.gob.mx/c/H2018P5DMA/208.jpg,0,source_jpeg,served_image,200,image/jpeg,319009,8ab5205b2985cd00918c64b1463e7cb202ba1c675ff5804e084b43651ea87aac,1,
LTMD_U1_W2_MATH_ASSET_AUDIT_0.1,H2018P5DMA,U1-H2018P5DMA,2018,5,Desafíos matemáticos. Libro para el alumno,209,226,209,https://historico.conaliteg.gob.mx/c/H2018P5DMA/209.jpg,0,source_jpeg,served_image,200,image/jpeg,159625,87cae5e0f8efe00be0d7cf5890c187e3441d64dcdee425ba97558fb2311bc16e,1,
LTMD_U1_W2_MATH_ASSET_AUDIT_0.1,H2018P5DMA,U1-H2018P5DMA,2018,5,Desafíos matemáticos. Libro para el alumno,210,226,210,https://historico.conaliteg.gob.mx/c/H2018P5DMA/210.jpg,0,source_jpeg,served_image,200,image/jpeg,319009,14392208b00c7ff39b4efd243bd8f65cd39ac05a87058ad41b5d3bc34928ebca,1,
LTMD_U1_W2_MATH_ASSET_AUDIT_0.1,H2018P5DMA,U1-H2018P5DMA,2018,5,Desafíos matemáticos. Libro para el alumno,211,226,211,https://historico.conaliteg.gob.mx/c/H2018P5DMA/211.jpg,0,source_jpeg,served_image,200,image/jpeg,280581,d0d602e5607a0fe78296509708f7543b40324b8f1791f786c20d96443dd8eb33,1,
LTMD_U1_W2_MATH_ASSET_AUDIT_0.1,H2018P5DMA,U1-H2018P5DMA,2018,5,Desafíos matemáticos. Libro para el alumno,212,226,212,https://historico.conaliteg.gob.mx/c/H2018P5DMA/212.jpg,0,source_jpeg,served_image,200,image/jpeg,319009,db8dd3c79f3db013371d5f8ace57b4449c00e95134a63833f594c7131a73cd0c,1,
LTMD_U1_W2_MATH_ASSET_AUDIT_0.1,H2018P5DMA,U1-H2018P5DMA,2018,5,Desafíos matemáticos. Libro para el alumno,213,226,213,https://historico.conaliteg.gob.mx/c/H2018P5DMA/213.jpg,0,source_jpeg,served_image,200,image/jpeg,361662,b5cf3f00c5081dd6603a13915b0de379c36cacfebe4024801bcbc3e9f2bb2492,1,
LTMD_U1_W2_MATH_ASSET_AUDIT_0.1,H2018P5DMA,U1-H2018P5DMA,2018,5,Desafíos matemáticos. Libro para el alumno,214,226,214,https://historico.conaliteg.gob.mx/c/H2018P5DMA/214.jpg,0,source_jpeg,served_image,200,image/jpeg,319009,3ca3c599f54d2d61a48ba49f4426d5a5ec39653c63953defb78349e2d2666e9d,1,
LTMD_U1_W2_MATH_ASSET_AUDIT_0.1,H2018P5DMA,U1-H2018P5DMA,2018,5,Desafíos matemáticos. Libro para el alumno,215,226,215,https://historico.conaliteg.gob.mx/c/H2018P5DMA/215.jpg,0,source_jpeg,served_image,200,image/jpeg,113959,a7303a2f298a1089a2e71459ad84741dde3b2ade0fdaa5358a121108be84cc57,1,
LTMD_U1_W2_MATH_ASSET_AUDIT_0.1,H2018P5DMA,U1-H2018P5DMA,2018,5,Desafíos matemáticos. Libro para el alumno,216,226,216,https://historico.conaliteg.gob.mx/c/H2018P5DMA/216.jpg,0,source_jpeg,served_image,200,image/jpeg,319009,45cefb5414e8847409ccbe49e520e70503f1ca6ea0f61d33b3750477f2935d4b,1,
LTMD_U1_W2_MATH_ASSET_AUDIT_0.1,H2018P5DMA,U1-H2018P5DMA,2018,5,Desafíos matemáticos. Libro para el alumno,217,226,217,https://historico.conaliteg.gob.mx/c/H2018P5DMA/217.jpg,0,source_jpeg,served_image,200,image/jpeg,176968,5ed9bd2c0d9b730498cb8f5338548eb363de1ee2c4ef2ad12289092655c6cd90,1,
LTMD_U1_W2_MATH_ASSET_AUDIT_0.1,H2018P5DMA,U1-H2018P5DMA,2018,5,Desafíos matemáticos. Libro para el alumno,218,226,218,https://historico.conaliteg.gob.mx/c/H2018P5DMA/218.jpg,0,source_jpeg,served_image,200,image/jpeg,319009,6e704a2b86e4e004daa2b35ecda63eebf76d2b6d5d1ad3bc58d716d8f0212fcb,1,
LTMD_U1_W2_MATH_ASSET_AUDIT_0.1,H2018P5DMA,U1-H2018P5DMA,2018,5,Desafíos matemáticos. Libro para el alumno,219,226,219,https://historico.conaliteg.gob.mx/c/H2018P5DMA/219.jpg,0,source_jpeg,served_image,200,image/jpeg,129456,e7086478aee26d4469fdbbd9841384cad96f96fdcb1c6e2fe091495dd1780764,1,
LTMD_U1_W2_MATH_ASSET_AUDIT_0.1,H2018P5DMA,U1-H2018P5DMA,2018,5,Desafíos matemáticos. Libro para el alumno,220,226,220,https://historico.conaliteg.gob.mx/c/H2018P5DMA/220.jpg,0,source_jpeg,served_image,200,image/jpeg,319009,df5a1d03395e22004c73c130c7ec0f57522acd21230144061b756996c7bfff5c,1,
LTMD_U1_W2_MATH_ASSET_AUDIT_0.1,H2018P5DMA,U1-H2018P5DMA,2018,5,Desafíos matemáticos. Libro para el alumno,221,226,221,https://historico.conaliteg.gob.mx/c/H2018P5DMA/221.jpg,0,source_jpeg,served_image,200,image/jpeg,209521,87506ce9f46d4ff2ad946e556130586027baa637308f86a49ae2122c0457e12c,1,
LTMD_U1_W2_MATH_ASSET_AUDIT_0.1,H2018P5DMA,U1-H2018P5DMA,2018,5,Desafíos matemáticos. Libro para el alumno,222,226,222,https://historico.conaliteg.gob.mx/c/H2018P5DMA/222.jpg,0,source_jpeg,served_image,200,image/jpeg,319009,3789c6c28d15a311c4886159a7359045ec6a764a9851c613222e4d80a6e217db,1,
LTMD_U1_W2_MATH_ASSET_AUDIT_0.1,H2018P5DMA,U1-H2018P5DMA,2018,5,Desafíos matemáticos. Libro para el alumno,223,226,223,https://historico.conaliteg.gob.mx/c/H2018P5DMA/223.jpg,0,source_jpeg,served_image,200,image/jpeg,230301,179936d78dc50b111cd660d1c039bc68ab71710b25f5aea9d7e8f5888fee98a0,1,
LTMD_U1_W2_MATH_ASSET_AUDIT_0.1,H2018P5DMA,U1-H2018P5DMA,2018,5,Desafíos matemáticos. Libro para el alumno,224,226,224,https://historico.conaliteg.gob.mx/c/H2018P5DMA/224.jpg,0,source_jpeg,served_image,200,image/jpeg,319009,eef6242daa2ea38c974affa2cb65f5d9bf1fb3423cd3811300aff0337ce2f748,1,
LTMD_U1_W2_MATH_ASSET_AUDIT_0.1,H2018P5DMA,U1-H2018P5DMA,2018,5,Desafíos matemáticos. Libro para el alumno,225,226,225,https://historico.conaliteg.gob.mx/c/H2018P5DMA/225.jpg,0,source_jpeg,served_image,200,image/jpeg,216247,44fe4ae2b7aa26f88e2fc0de7fc8699917cc22a51cbaed0482d0b5318dfb7ba7,1,
LTMD_U1_W2_MATH_ASSET_AUDIT_0.1,H2018P5DMA,U1-H2018P5DMA,2018,5,Desafíos matemáticos. Libro para el alumno,226,226,226,https://historico.conaliteg.gob.mx/c/H2018P5DMA/226.jpg,1,terminal_synthetic_candidate,http_404,404,text/html; charset=iso-8859-1,,,1,HTTP 404
LTMD_U1_W2_MATH_ASSET_AUDIT_0.1,H2018P6DMA,U1-H2018P6DMA,2018,6,Desafíos matemáticos. Libro para el alumno,1,186,0,https://historico.conaliteg.gob.mx/c/H2018P6DMA/000.jpg,0,source_jpeg,served_image,200,image/jpeg,187127,fd7cded4a2a413aae899354214b079b9bd52e9fa8255b8d287efd861371e0dc8,1,
LTMD_U1_W2_MATH_ASSET_AUDIT_0.1,H2018P6DMA,U1-H2018P6DMA,2018,6,Desafíos matemáticos. Libro para el alumno,2,186,2,https://historico.conaliteg.gob.mx/c/H2018P6DMA/002.jpg,0,source_jpeg,served_image,200,image/jpeg,316714,c7301f976eb7f36d96b8ed8f13a4727ff91dfa9d1f12ec9d07b87c704d2821fa,1,
LTMD_U1_W2_MATH_ASSET_AUDIT_0.1,H2018P6DMA,U1-H2018P6DMA,2018,6,Desafíos matemáticos. Libro para el alumno,3,186,3,https://historico.conaliteg.gob.mx/c/H2018P6DMA/003.jpg,0,source_jpeg,served_image,200,image/jpeg,270123,d0912efa573c69d6c528147c001f2b946a4f00aa965ef98734651018ac332d7a,1,
LTMD_U1_W2_MATH_ASSET_AUDIT_0.1,H2018P6DMA,U1-H2018P6DMA,2018,6,Desafíos matemáticos. Libro para el alumno,4,186,4,https://historico.conaliteg.gob.mx/c/H2018P6DMA/004.jpg,0,source_jpeg,served_image,200,image/jpeg,360547,a2cce9b281bcc6baeb5e57b25952269546bf200e7d51a0c913ebb9137c1e7677,1,
LTMD_U1_W2_MATH_ASSET_AUDIT_0.1,H2018P6DMA,U1-H2018P6DMA,2018,6,Desafíos matemáticos. Libro para el alumno,5,186,5,https://historico.conaliteg.gob.mx/c/H2018P6DMA/005.jpg,0,source_jpeg,served_image,200,image/jpeg,352773,993fc3637b202f31d7ddaba12d5cd3a11d792b6fc17d67399c281a9ce141e7a9,1,
LTMD_U1_W2_MATH_ASSET_AUDIT_0.1,H2018P6DMA,U1-H2018P6DMA,2018,6,Desafíos matemáticos. Libro para el alumno,6,186,6,https://historico.conaliteg.gob.mx/c/H2018P6DMA/006.jpg,0,source_jpeg,served_image,200,image/jpeg,339363,2c62bed58abf9cfd6941657130032977acc66d073c4dca29401333eb15b7b2cc,1,
LTMD_U1_W2_MATH_ASSET_AUDIT_0.1,H2018P6DMA,U1-H2018P6DMA,2018,6,Desafíos matemáticos. Libro para el alumno,7,186,7,https://historico.conaliteg.gob.mx/c/H2018P6DMA/007.jpg,0,source_jpeg,served_image,200,image/jpeg,439162,8e6624513d7a4ecbdc4fd1d80a1069cbc5c959d8ad19cc4569cbefb696a47a51,1,
LTMD_U1_W2_MATH_ASSET_AUDIT_0.1,H2018P6DMA,U1-H2018P6DMA,2018,6,Desafíos matemáticos. Libro para el alumno,8,186,8,https://historico.conaliteg.gob.mx/c/H2018P6DMA/008.jpg,0,source_jpeg,served_image,200,image/jpeg,400413,d3979c155f30c476be4b30bf3eb0e06dfe78f99b7bf485930850e621282efe56,1,
LTMD_U1_W2_MATH_ASSET_AUDIT_0.1,H2018P6DMA,U1-H2018P6DMA,2018,6,Desafíos matemáticos. Libro para el alumno,9,186,9,https://historico.conaliteg.gob.mx/c/H2018P6DMA/009.jpg,0,source_jpeg,served_image,200,image/jpeg,216474,514ef8495e6dd83443e7a4abbbdf81c0db8536407bb0fd110037c3feb03ce6a6,1,
LTMD_U1_W2_MATH_ASSET_AUDIT_0.1,H2018P6DMA,U1-H2018P6DMA,2018,6,Desafíos matemáticos. Libro para el alumno,10,186,10,https://historico.conaliteg.gob.mx/c/H2018P6DMA/010.jpg,0,source_jpeg,served_image,200,image/jpeg,497205,54b589137eaed2d825a9e85e8b314fd099c64db6efbf0e2708889091a09a2136,1,
LTMD_U1_W2_MATH_ASSET_AUDIT_0.1,H2018P6DMA,U1-H2018P6DMA,2018,6,Desafíos matemáticos. Libro para el alumno,11,186,11,https://historico.conaliteg.gob.mx/c/H2018P6DMA/011.jpg,0,source_jpeg,served_image,200,image/jpeg,412750,df61585d0f2ed4939d18a6ed7bdc721c07307bac69ba5b334f3211249b204af2,1,
LTMD_U1_W2_MATH_ASSET_AUDIT_0.1,H2018P6DMA,U1-H2018P6DMA,2018,6,Desafíos matemáticos. Libro para el alumno,12,186,12,https://historico.conaliteg.gob.mx/c/H2018P6DMA/012.jpg,0,source_jpeg,served_image,200,image/jpeg,310577,fad0a44bf68541aba2457280236407bcc34a0cd23b6f71b1bee98b4db230edd0,1,
LTMD_U1_W2_MATH_ASSET_AUDIT_0.1,H2018P6DMA,U1-H2018P6DMA,2018,6,Desafíos matemáticos. Libro para el alumno,13,186,13,https://historico.conaliteg.gob.mx/c/H2018P6DMA/013.jpg,0,source_jpeg,served_image,200,image/jpeg,448707,09ae331adfe60589a742b602cb0e0af3cd9c92e2777e1ee614863b91f3e4cbd2,1,
LTMD_U1_W2_MATH_ASSET_AUDIT_0.1,H2018P6DMA,U1-H2018P6DMA,2018,6,Desafíos matemáticos. Libro para el alumno,14,186,14,https://historico.conaliteg.gob.mx/c/H2018P6DMA/014.jpg,0,source_jpeg,served_image,200,image/jpeg,240100,36f42538ab3df4315d2cd35bac312cfdfd5ee96360b62984c8a10aa01356ab29,1,
LTMD_U1_W2_MATH_ASSET_AUDIT_0.1,H2018P6DMA,U1-H2018P6DMA,2018,6,Desafíos matemáticos. Libro para el alumno,15,186,15,https://historico.conaliteg.gob.mx/c/H2018P6DMA/015.jpg,0,source_jpeg,served_image,200,image/jpeg,293707,1fdcb24f4387a05948e32a2381a6111c35db4a75e1c030a51dda4c177b6baf63,1,
LTMD_U1_W2_MATH_ASSET_AUDIT_0.1,H2018P6DMA,U1-H2018P6DMA,2018,6,Desafíos matemáticos. Libro para el alumno,16,186,16,https://historico.conaliteg.gob.mx/c/H2018P6DMA/016.jpg,0,source_jpeg,served_image,200,image/jpeg,259835,990378c760226aea5f06c603e5254ee09845190bacf7c659ad6f5fa58f659fe0,1,
LTMD_U1_W2_MATH_ASSET_AUDIT_0.1,H2018P6DMA,U1-H2018P6DMA,2018,6,Desafíos matemáticos. Libro para el alumno,17,186,17,https://historico.conaliteg.gob.mx/c/H2018P6DMA/017.jpg,0,source_jpeg,served_image,200,image/jpeg,283749,793f1bc3ad7bf85e37a05f4a06517caa48ce92897393962840ecbcb83cd0a745,1,
LTMD_U1_W2_MATH_ASSET_AUDIT_0.1,H2018P6DMA,U1-H2018P6DMA,2018,6,Desafíos matemáticos. Libro para el alumno,18,186,18,https://historico.conaliteg.gob.mx/c/H2018P6DMA/018.jpg,0,source_jpeg,served_image,200,image/jpeg,220041,124f6bacba19903cb9eb3d6db235ba42ecded25cc93a0e267068e7146a216ed9,1,
LTMD_U1_W2_MATH_ASSET_AUDIT_0.1,H2018P6DMA,U1-H2018P6DMA,2018,6,Desafíos matemáticos. Libro para el alumno,19,186,19,https://historico.conaliteg.gob.mx/c/H2018P6DMA/019.jpg,0,source_jpeg,served_image,200,image/jpeg,360379,485097a319bbd82cb705dd6bc54a7db0df9c4df217b8fbb3c9300b50e6da80dc,1,
LTMD_U1_W2_MATH_ASSET_AUDIT_0.1,H2018P6DMA,U1-H2018P6DMA,2018,6,Desafíos matemáticos. Libro para el alumno,20,186,20,https://historico.conaliteg.gob.mx/c/H2018P6DMA/020.jpg,0,source_jpeg,served_image,200,image/jpeg,382343,f345a7b831aab4e1f5f846393fd45e97747ef41bff1994879e77b7b226a0461d,1,
LTMD_U1_W2_MATH_ASSET_AUDIT_0.1,H2018P6DMA,U1-H2018P6DMA,2018,6,Desafíos matemáticos. Libro para el alumno,21,186,21,https://historico.conaliteg.gob.mx/c/H2018P6DMA/021.jpg,0,source_jpeg,served_image,200,image/jpeg,395650,6e406fdfc130dabe7ad640ed629efd447d9762705b57fe6e696478884da97b17,1,
LTMD_U1_W2_MATH_ASSET_AUDIT_0.1,H2018P6DMA,U1-H2018P6DMA,2018,6,Desafíos matemáticos. Libro para el alumno,22,186,22,https://historico.conaliteg.gob.mx/c/H2018P6DMA/022.jpg,0,source_jpeg,served_image,200,image/jpeg,337788,73df58bbe714f3ccdc66d929cbbb5d6bc49f489bc6c0ad6818431cbe581c1d5a,1,
LTMD_U1_W2_MATH_ASSET_AUDIT_0.1,H2018P6DMA,U1-H2018P6DMA,2018,6,Desafíos matemáticos. Libro para el alumno,23,186,23,https://historico.conaliteg.gob.mx/c/H2018P6DMA/023.jpg,0,source_jpeg,served_image,200,image/jpeg,330344,e18746f4deb9214b58dc7211e4589275b002a5b6ec3b5d409dfb22bf3f410e67,1,
LTMD_U1_W2_MATH_ASSET_AUDIT_0.1,H2018P6DMA,U1-H2018P6DMA,2018,6,Desafíos matemáticos. Libro para el alumno,24,186,24,https://historico.conaliteg.gob.mx/c/H2018P6DMA/024.jpg,0,source_jpeg,served_image,200,image/jpeg,280082,9dd102bcd7080d273c59001587565b15175c8f8ac872d701f10a0ea63d393c5a,1,
LTMD_U1_W2_MATH_ASSET_AUDIT_0.1,H2018P6DMA,U1-H2018P6DMA,2018,6,Desafíos matemáticos. Libro para el alumno,25,186,25,https://historico.conaliteg.gob.mx/c/H2018P6DMA/025.jpg,0,source_jpeg,served_image,200,image/jpeg,380948,7ce2cd317032488f16389cb0b9eebd7cc0efb924b6b265f3b94aadbec6233a85,1,
LTMD_U1_W2_MATH_ASSET_AUDIT_0.1,H2018P6DMA,U1-H2018P6DMA,2018,6,Desafíos matemáticos. Libro para el alumno,26,186,26,https://historico.conaliteg.gob.mx/c/H2018P6DMA/026.jpg,0,source_jpeg,served_image,200,image/jpeg,311365,cd57b513c9e1acf8e8f9a93a136e6eaab426ac22d3dd12b18c42e9602f433044,1,
LTMD_U1_W2_MATH_ASSET_AUDIT_0.1,H2018P6DMA,U1-H2018P6DMA,2018,6,Desafíos matemáticos. Libro para el alumno,27,186,27,https://historico.conaliteg.gob.mx/c/H2018P6DMA/027.jpg,0,source_jpeg,served_image,200,image/jpeg,238480,a8d6af50181392316be70f3e5962b31ce4eedad2142071d7dabc2c38328246cb,1,
LTMD_U1_W2_MATH_ASSET_AUDIT_0.1,H2018P6DMA,U1-H2018P6DMA,2018,6,Desafíos matemáticos. Libro para el alumno,28,186,28,https://historico.conaliteg.gob.mx/c/H2018P6DMA/028.jpg,0,source_jpeg,served_image,200,image/jpeg,348523,ae4761fb594207f38d623d28fe1f0ea24f88d0818c1c2da3ac7a0adbf8b78e23,1,
LTMD_U1_W2_MATH_ASSET_AUDIT_0.1,H2018P6DMA,U1-H2018P6DMA,2018,6,Desafíos matemáticos. Libro para el alumno,29,186,29,https://historico.conaliteg.gob.mx/c/H2018P6DMA/029.jpg,0,source_jpeg,served_image,200,image/jpeg,402435,5591e6aba67f14045bd991a9afad9e3ff5a1326053372652d0ebdfccf698d573,1,
LTMD_U1_W2_MATH_ASSET_AUDIT_0.1,H2018P6DMA,U1-H2018P6DMA,2018,6,Desafíos matemáticos. Libro para el alumno,30,186,30,https://historico.conaliteg.gob.mx/c/H2018P6DMA/030.jpg,0,source_jpeg,served_image,200,image/jpeg,334223,448d0e2175b9a1cda1657b18e9858223d34f759b20c094d7ade8ca1b290fa869,1,
LTMD_U1_W2_MATH_ASSET_AUDIT_0.1,H2018P6DMA,U1-H2018P6DMA,2018,6,Desafíos matemáticos. Libro para el alumno,31,186,31,https://historico.conaliteg.gob.mx/c/H2018P6DMA/031.jpg,0,source_jpeg,served_image,200,image/jpeg,231505,60a7cf71d33da8d66abed51e1be41982f274357aa85b5202c539b9c108979f19,1,
LTMD_U1_W2_MATH_ASSET_AUDIT_0.1,H2018P6DMA,U1-H2018P6DMA,2018,6,Desafíos matemáticos. Libro para el alumno,32,186,32,https://historico.conaliteg.gob.mx/c/H2018P6DMA/032.jpg,0,source_jpeg,served_image,200,image/jpeg,481899,779942e5d9bb341bf431577436c4b2cf04d577a66b6c1070337ca7b1825c8670,1,
LTMD_U1_W2_MATH_ASSET_AUDIT_0.1,H2018P6DMA,U1-H2018P6DMA,2018,6,Desafíos matemáticos. Libro para el alumno,33,186,33,https://historico.conaliteg.gob.mx/c/H2018P6DMA/033.jpg,0,source_jpeg,served_image,200,image/jpeg,322331,43787e14c02f484d537368c24a38c98543c171b28d38506e8f903aa60f578cae,1,
LTMD_U1_W2_MATH_ASSET_AUDIT_0.1,H2018P6DMA,U1-H2018P6DMA,2018,6,Desafíos matemáticos. Libro para el alumno,34,186,34,https://historico.conaliteg.gob.mx/c/H2018P6DMA/034.jpg,0,source_jpeg,served_image,200,image/jpeg,319825,64a306156a76101a16dd44407ac6758acbb467e57e0bb44855e8b905c8da4870,1,
LTMD_U1_W2_MATH_ASSET_AUDIT_0.1,H2018P6DMA,U1-H2018P6DMA,2018,6,Desafíos matemáticos. Libro para el alumno,35,186,35,https://historico.conaliteg.gob.mx/c/H2018P6DMA/035.jpg,0,source_jpeg,served_image,200,image/jpeg,350211,257a9b50dc7615ac6a560beb801302153221cdc66b93ce313e594533e289d817,1,
LTMD_U1_W2_MATH_ASSET_AUDIT_0.1,H2018P6DMA,U1-H2018P6DMA,2018,6,Desafíos matemáticos. Libro para el alumno,36,186,36,https://historico.conaliteg.gob.mx/c/H2018P6DMA/036.jpg,0,source_jpeg,served_image,200,image/jpeg,329680,2a22ccac94901c3faefa747f487b46d53c638429845e16779d69056a13c0349c,1,
LTMD_U1_W2_MATH_ASSET_AUDIT_0.1,H2018P6DMA,U1-H2018P6DMA,2018,6,Desafíos matemáticos. Libro para el alumno,37,186,37,https://historico.conaliteg.gob.mx/c/H2018P6DMA/037.jpg,0,source_jpeg,served_image,200,image/jpeg,349116,7acdb74bdb8429ebb0fcff5ce6ad15ce971a4fe3fcb742498a932608dad66239,1,
LTMD_U1_W2_MATH_ASSET_AUDIT_0.1,H2018P6DMA,U1-H2018P6DMA,2018,6,Desafíos matemáticos. Libro para el alumno,38,186,38,https://historico.conaliteg.gob.mx/c/H2018P6DMA/038.jpg,0,source_jpeg,served_image,200,image/jpeg,421075,7207eedd5ed21eab339a1b7216d4b3b96097f6c38accd61a0daa791f90e76b14,1,
LTMD_U1_W2_MATH_ASSET_AUDIT_0.1,H2018P6DMA,U1-H2018P6DMA,2018,6,Desafíos matemáticos. Libro para el alumno,39,186,39,https://historico.conaliteg.gob.mx/c/H2018P6DMA/039.jpg,0,source_jpeg,served_image,200,image/jpeg,315464,9dc6569d26fd5d0abcf90cc093dfd3f3a75786d4414386da162ebd5803a9d422,1,
LTMD_U1_W2_MATH_ASSET_AUDIT_0.1,H2018P6DMA,U1-H2018P6DMA,2018,6,Desafíos matemáticos. Libro para el alumno,40,186,40,https://historico.conaliteg.gob.mx/c/H2018P6DMA/040.jpg,0,source_jpeg,served_image,200,image/jpeg,419284,f364c73a9427e75e268aaa113f50e4cdc753e86604d8751a23376bc764f2d213,1,
LTMD_U1_W2_MATH_ASSET_AUDIT_0.1,H2018P6DMA,U1-H2018P6DMA,2018,6,Desafíos matemáticos. Libro para el alumno,41,186,41,https://historico.conaliteg.gob.mx/c/H2018P6DMA/041.jpg,0,source_jpeg,served_image,200,image/jpeg,354709,78c1cf51fb2a4a926925f1d332be2a996a58d1d2e3f10f594337506a6dc06fe2,1,
LTMD_U1_W2_MATH_ASSET_AUDIT_0.1,H2018P6DMA,U1-H2018P6DMA,2018,6,Desafíos matemáticos. Libro para el alumno,42,186,42,https://historico.conaliteg.gob.mx/c/H2018P6DMA/042.jpg,0,source_jpeg,served_image,200,image/jpeg,366905,3735187d668c45f8fe91f177135030f1c60b3a554d9364c8cb561791995b2a1a,1,
LTMD_U1_W2_MATH_ASSET_AUDIT_0.1,H2018P6DMA,U1-H2018P6DMA,2018,6,Desafíos matemáticos. Libro para el alumno,43,186,43,https://historico.conaliteg.gob.mx/c/H2018P6DMA/043.jpg,0,source_jpeg,served_image,200,image/jpeg,308336,84615c3904dfcc5fab013be262ca7b0b67f3c1ee79feea62b03b3450927767e3,1,
LTMD_U1_W2_MATH_ASSET_AUDIT_0.1,H2018P6DMA,U1-H2018P6DMA,2018,6,Desafíos matemáticos. Libro para el alumno,44,186,44,https://historico.conaliteg.gob.mx/c/H2018P6DMA/044.jpg,0,source_jpeg,served_image,200,image/jpeg,271777,c97146af9dd95bad91f7d16701cf33afea1b7d01b95a40a4b0b18830f8556b05,1,
LTMD_U1_W2_MATH_ASSET_AUDIT_0.1,H2018P6DMA,U1-H2018P6DMA,2018,6,Desafíos matemáticos. Libro para el alumno,45,186,45,https://historico.conaliteg.gob.mx/c/H2018P6DMA/045.jpg,0,source_jpeg,served_image,200,image/jpeg,407292,7342836bfe6a29d59d9951d90f0e0922d4ff53c2b017214c739acb5ffc9f4b44,1,
LTMD_U1_W2_MATH_ASSET_AUDIT_0.1,H2018P6DMA,U1-H2018P6DMA,2018,6,Desafíos matemáticos. Libro para el alumno,46,186,46,https://historico.conaliteg.gob.mx/c/H2018P6DMA/046.jpg,0,source_jpeg,served_image,200,image/jpeg,280744,614298fd0068622350eabe7152acf976dce18ac7e9391de895f2f26731eba921,1,
LTMD_U1_W2_MATH_ASSET_AUDIT_0.1,H2018P6DMA,U1-H2018P6DMA,2018,6,Desafíos matemáticos. Libro para el alumno,47,186,47,https://historico.conaliteg.gob.mx/c/H2018P6DMA/047.jpg,0,source_jpeg,served_image,200,image/jpeg,316730,bcb710972a1d3c78fa504f5e49ab23ab8653c4963c9db59cd51303de9dd92dbd,1,
LTMD_U1_W2_MATH_ASSET_AUDIT_0.1,H2018P6DMA,U1-H2018P6DMA,2018,6,Desafíos matemáticos. Libro para el alumno,48,186,48,https://historico.conaliteg.gob.mx/c/H2018P6DMA/048.jpg,0,source_jpeg,served_image,200,image/jpeg,416107,905e7606d85813e54d18a73505628f8640e187e990fc589bc992ede629d6b5b8,1,
LTMD_U1_W2_MATH_ASSET_AUDIT_0.1,H2018P6DMA,U1-H2018P6DMA,2018,6,Desafíos matemáticos. Libro para el alumno,49,186,49,https://historico.conaliteg.gob.mx/c/H2018P6DMA/049.jpg,0,source_jpeg,served_image,200,image/jpeg,336730,ac89d54bf720d08cd7530109bcdab38f9c18771e4c4420868da6be460a3b9e47,1,
LTMD_U1_W2_MATH_ASSET_AUDIT_0.1,H2018P6DMA,U1-H2018P6DMA,2018,6,Desafíos matemáticos. Libro para el alumno,50,186,50,https://historico.conaliteg.gob.mx/c/H2018P6DMA/050.jpg,0,source_jpeg,served_image,200,image/jpeg,370945,851eeaf131f6008ec885b3a6f2d3bf5ee7ea388eaaa6ee8b44b4445d53c9a9fd,1,
LTMD_U1_W2_MATH_ASSET_AUDIT_0.1,H2018P6DMA,U1-H2018P6DMA,2018,6,Desafíos matemáticos. Libro para el alumno,51,186,51,https://historico.conaliteg.gob.mx/c/H2018P6DMA/051.jpg,0,source_jpeg,served_image,200,image/jpeg,330686,6646db25d48e7587e403405e9678f0be0252bf5c77409504ff20f372de351996,1,
LTMD_U1_W2_MATH_ASSET_AUDIT_0.1,H2018P6DMA,U1-H2018P6DMA,2018,6,Desafíos matemáticos. Libro para el alumno,52,186,52,https://historico.conaliteg.gob.mx/c/H2018P6DMA/052.jpg,0,source_jpeg,served_image,200,image/jpeg,311764,67fa23b0a001fae6faf4a1b708113d7c1f7722d179e2d0b896abbc5738b5c266,1,
LTMD_U1_W2_MATH_ASSET_AUDIT_0.1,H2018P6DMA,U1-H2018P6DMA,2018,6,Desafíos matemáticos. Libro para el alumno,53,186,53,https://historico.conaliteg.gob.mx/c/H2018P6DMA/053.jpg,0,source_jpeg,served_image,200,image/jpeg,325206,166825c48fa28d00d06b5a22e04ccd4d16b55679666cf3e69f5ccd5986569028,1,
LTMD_U1_W2_MATH_ASSET_AUDIT_0.1,H2018P6DMA,U1-H2018P6DMA,2018,6,Desafíos matemáticos. Libro para el alumno,54,186,54,https://historico.conaliteg.gob.mx/c/H2018P6DMA/054.jpg,0,source_jpeg,served_image,200,image/jpeg,360299,d0727ddd306c1002058dda743f14a8efc12a73e4a62269a9f0dfd179d13f40af,1,
LTMD_U1_W2_MATH_ASSET_AUDIT_0.1,H2018P6DMA,U1-H2018P6DMA,2018,6,Desafíos matemáticos. Libro para el alumno,55,186,55,https://historico.conaliteg.gob.mx/c/H2018P6DMA/055.jpg,0,source_jpeg,served_image,200,image/jpeg,244460,fb0fba88cf79ae626e9248113ad57821bdfcb9f186ed554937e94f2ea04799ce,1,
LTMD_U1_W2_MATH_ASSET_AUDIT_0.1,H2018P6DMA,U1-H2018P6DMA,2018,6,Desafíos matemáticos. Libro para el alumno,56,186,56,https://historico.conaliteg.gob.mx/c/H2018P6DMA/056.jpg,0,source_jpeg,served_image,200,image/jpeg,284048,0e2bf32df7a0378330e13c3ff0915f7ebe453db017d0654bcfb8fc8b785e6f80,1,
LTMD_U1_W2_MATH_ASSET_AUDIT_0.1,H2018P6DMA,U1-H2018P6DMA,2018,6,Desafíos matemáticos. Libro para el alumno,57,186,57,https://historico.conaliteg.gob.mx/c/H2018P6DMA/057.jpg,0,source_jpeg,served_image,200,image/jpeg,346629,8f3efedc390d11fd7d958120527d5f8fed29e2c136373c185b4e44926c761893,1,
LTMD_U1_W2_MATH_ASSET_AUDIT_0.1,H2018P6DMA,U1-H2018P6DMA,2018,6,Desafíos matemáticos. Libro para el alumno,58,186,58,https://historico.conaliteg.gob.mx/c/H2018P6DMA/058.jpg,0,source_jpeg,served_image,200,image/jpeg,303642,b7cd9330710c40a0380bce1bb81d23c2635551d5f3d97c3d61906701ee0769b1,1,
LTMD_U1_W2_MATH_ASSET_AUDIT_0.1,H2018P6DMA,U1-H2018P6DMA,2018,6,Desafíos matemáticos. Libro para el alumno,59,186,59,https://historico.conaliteg.gob.mx/c/H2018P6DMA/059.jpg,0,source_jpeg,served_image,200,image/jpeg,366467,944c549901fb3ddacbe38786b2d0d691972fc9d6c60eec5f44cf4efa39eb3363,1,
LTMD_U1_W2_MATH_ASSET_AUDIT_0.1,H2018P6DMA,U1-H2018P6DMA,2018,6,Desafíos matemáticos. Libro para el alumno,60,186,60,https://historico.conaliteg.gob.mx/c/H2018P6DMA/060.jpg,0,source_jpeg,served_image,200,image/jpeg,316539,791c4fc68ffab6814ea497b47aefe0ca57602cb913f2e0f756b3775273e93e62,1,
LTMD_U1_W2_MATH_ASSET_AUDIT_0.1,H2018P6DMA,U1-H2018P6DMA,2018,6,Desafíos matemáticos. Libro para el alumno,61,186,61,https://historico.conaliteg.gob.mx/c/H2018P6DMA/061.jpg,0,source_jpeg,served_image,200,image/jpeg,445031,f4cc148c8b4d1ef34d91edee62b47d8f593589deefaa9cbbd5f403caf5d0d5d7,1,
LTMD_U1_W2_MATH_ASSET_AUDIT_0.1,H2018P6DMA,U1-H2018P6DMA,2018,6,Desafíos matemáticos. Libro para el alumno,62,186,62,https://historico.conaliteg.gob.mx/c/H2018P6DMA/062.jpg,0,source_jpeg,served_image,200,image/jpeg,416241,fb6db4b1215763473dd55f5ddecc7844ced65aef29cd3af64ba50992f68096a3,1,
LTMD_U1_W2_MATH_ASSET_AUDIT_0.1,H2018P6DMA,U1-H2018P6DMA,2018,6,Desafíos matemáticos. Libro para el alumno,63,186,63,https://historico.conaliteg.gob.mx/c/H2018P6DMA/063.jpg,0,source_jpeg,served_image,200,image/jpeg,450228,1b4bf5ed90d0e3446874770b9ce89c44ff76611f618c6d16cbd1199a20314603,1,
LTMD_U1_W2_MATH_ASSET_AUDIT_0.1,H2018P6DMA,U1-H2018P6DMA,2018,6,Desafíos matemáticos. Libro para el alumno,64,186,64,https://historico.conaliteg.gob.mx/c/H2018P6DMA/064.jpg,0,source_jpeg,served_image,200,image/jpeg,276438,906722ce5127420e14f2bca49e7f39c31e5f759ed2fca84b50d0fec01fd653e9,1,
LTMD_U1_W2_MATH_ASSET_AUDIT_0.1,H2018P6DMA,U1-H2018P6DMA,2018,6,Desafíos matemáticos. Libro para el alumno,65,186,65,https://historico.conaliteg.gob.mx/c/H2018P6DMA/065.jpg,0,source_jpeg,served_image,200,image/jpeg,456525,6887bd4c918471bfbac726b4cd8dd8c8d934c666fdae3b878f2e00859ea4aad9,1,
LTMD_U1_W2_MATH_ASSET_AUDIT_0.1,H2018P6DMA,U1-H2018P6DMA,2018,6,Desafíos matemáticos. Libro para el alumno,66,186,66,https://historico.conaliteg.gob.mx/c/H2018P6DMA/066.jpg,0,source_jpeg,served_image,200,image/jpeg,287233,8ed204650c9bc998a3cdbafc70e36ad972a2382c6be434546e59e4e027b433e9,1,
LTMD_U1_W2_MATH_ASSET_AUDIT_0.1,H2018P6DMA,U1-H2018P6DMA,2018,6,Desafíos matemáticos. Libro para el alumno,67,186,67,https://historico.conaliteg.gob.mx/c/H2018P6DMA/067.jpg,0,source_jpeg,served_image,200,image/jpeg,337384,295cd21d2a403c3c3c201fc8a34e31ee0591d6f663a2de0710ffda4fd47451c5,1,
LTMD_U1_W2_MATH_ASSET_AUDIT_0.1,H2018P6DMA,U1-H2018P6DMA,2018,6,Desafíos matemáticos. Libro para el alumno,68,186,68,https://historico.conaliteg.gob.mx/c/H2018P6DMA/068.jpg,0,source_jpeg,served_image,200,image/jpeg,381869,9d276476b9c71230de3690b1fcda13d30305fc5663438ba03248b6d7cfe23056,1,
LTMD_U1_W2_MATH_ASSET_AUDIT_0.1,H2018P6DMA,U1-H2018P6DMA,2018,6,Desafíos matemáticos. Libro para el alumno,69,186,69,https://historico.conaliteg.gob.mx/c/H2018P6DMA/069.jpg,0,source_jpeg,served_image,200,image/jpeg,350705,000f1feed75ffbdf35c7b4b5ae0e3fe314e141219c6685999c2c7b0863c3d8da,1,
LTMD_U1_W2_MATH_ASSET_AUDIT_0.1,H2018P6DMA,U1-H2018P6DMA,2018,6,Desafíos matemáticos. Libro para el alumno,70,186,70,https://historico.conaliteg.gob.mx/c/H2018P6DMA/070.jpg,0,source_jpeg,served_image,200,image/jpeg,316640,27e28d496a43ebaabb7d72a7610a2776a33bf6ae04ef5f67e16bbd2da541ff9a,1,
LTMD_U1_W2_MATH_ASSET_AUDIT_0.1,H2018P6DMA,U1-H2018P6DMA,2018,6,Desafíos matemáticos. Libro para el alumno,71,186,71,https://historico.conaliteg.gob.mx/c/H2018P6DMA/071.jpg,0,source_jpeg,served_image,200,image/jpeg,224220,fb84e7ca823bdb7cd2f7366fba2fbe32179fd147ac0858ce0506977ccb93ba53,1,
LTMD_U1_W2_MATH_ASSET_AUDIT_0.1,H2018P6DMA,U1-H2018P6DMA,2018,6,Desafíos matemáticos. Libro para el alumno,72,186,72,https://historico.conaliteg.gob.mx/c/H2018P6DMA/072.jpg,0,source_jpeg,served_image,200,image/jpeg,483376,c651c7e3747d1bfbbb7ef43e42ea67ea7be1d9f4ba487cd3d5f68e577f7f30c4,1,
LTMD_U1_W2_MATH_ASSET_AUDIT_0.1,H2018P6DMA,U1-H2018P6DMA,2018,6,Desafíos matemáticos. Libro para el alumno,73,186,73,https://historico.conaliteg.gob.mx/c/H2018P6DMA/073.jpg,0,source_jpeg,served_image,200,image/jpeg,372069,1005f755531035caf40a3d1636f83c18c82a2c449c71ad662dc2d55cd14c9c38,1,
LTMD_U1_W2_MATH_ASSET_AUDIT_0.1,H2018P6DMA,U1-H2018P6DMA,2018,6,Desafíos matemáticos. Libro para el alumno,74,186,74,https://historico.conaliteg.gob.mx/c/H2018P6DMA/074.jpg,0,source_jpeg,served_image,200,image/jpeg,366789,edaab703b110d40a84d715972464ce93e8ca0f5e91a96a0dcb2543ca07c2c1dc,1,
LTMD_U1_W2_MATH_ASSET_AUDIT_0.1,H2018P6DMA,U1-H2018P6DMA,2018,6,Desafíos matemáticos. Libro para el alumno,75,186,75,https://historico.conaliteg.gob.mx/c/H2018P6DMA/075.jpg,0,source_jpeg,served_image,200,image/jpeg,336583,5f070cb653716faf911ac1e39dd1b6d1a624b36f099f399143cebeaa960b102c,1,
LTMD_U1_W2_MATH_ASSET_AUDIT_0.1,H2018P6DMA,U1-H2018P6DMA,2018,6,Desafíos matemáticos. Libro para el alumno,76,186,76,https://historico.conaliteg.gob.mx/c/H2018P6DMA/076.jpg,0,source_jpeg,served_image,200,image/jpeg,192669,9af9fc5c7b63824afaafd48952d832a51e28a17aee912076993e4a0189d59705,1,
LTMD_U1_W2_MATH_ASSET_AUDIT_0.1,H2018P6DMA,U1-H2018P6DMA,2018,6,Desafíos matemáticos. Libro para el alumno,77,186,77,https://historico.conaliteg.gob.mx/c/H2018P6DMA/077.jpg,0,source_jpeg,served_image,200,image/jpeg,352803,dcd4f3f50df5bbdb7ce4865a2db408f8e2a3cd37cd3a1bceb05b45e6bf3ad352,1,
LTMD_U1_W2_MATH_ASSET_AUDIT_0.1,H2018P6DMA,U1-H2018P6DMA,2018,6,Desafíos matemáticos. Libro para el alumno,78,186,78,https://historico.conaliteg.gob.mx/c/H2018P6DMA/078.jpg,0,source_jpeg,served_image,200,image/jpeg,227628,651d713953e198fd20671ecae9da02a3c66837c0ee9b601b78e0fb92ba8e4a1c,1,
LTMD_U1_W2_MATH_ASSET_AUDIT_0.1,H2018P6DMA,U1-H2018P6DMA,2018,6,Desafíos matemáticos. Libro para el alumno,79,186,79,https://historico.conaliteg.gob.mx/c/H2018P6DMA/079.jpg,0,source_jpeg,served_image,200,image/jpeg,237758,1306bd81415f255c2944b75b5dae12f73edeb85cfa3da4977801cb65274585f5,1,
LTMD_U1_W2_MATH_ASSET_AUDIT_0.1,H2018P6DMA,U1-H2018P6DMA,2018,6,Desafíos matemáticos. Libro para el alumno,80,186,80,https://historico.conaliteg.gob.mx/c/H2018P6DMA/080.jpg,0,source_jpeg,served_image,200,image/jpeg,280967,dfe8c11288637ce19a5f29d017e501fcca6e698aa4009a7c07d9ada86c6c67f2,1,
LTMD_U1_W2_MATH_ASSET_AUDIT_0.1,H2018P6DMA,U1-H2018P6DMA,2018,6,Desafíos matemáticos. Libro para el alumno,81,186,81,https://historico.conaliteg.gob.mx/c/H2018P6DMA/081.jpg,0,source_jpeg,served_image,200,image/jpeg,438304,ab885e038ae448d051639689d059eb48e0b9a25d30a28959793b4b98ea9eccb8,1,
LTMD_U1_W2_MATH_ASSET_AUDIT_0.1,H2018P6DMA,U1-H2018P6DMA,2018,6,Desafíos matemáticos. Libro para el alumno,82,186,82,https://historico.conaliteg.gob.mx/c/H2018P6DMA/082.jpg,0,source_jpeg,served_image,200,image/jpeg,270699,df713ddba665128afafdbe848cc3e0cecab9b88de1db0c26a97fb8b56b0e4995,1,
LTMD_U1_W2_MATH_ASSET_AUDIT_0.1,H2018P6DMA,U1-H2018P6DMA,2018,6,Desafíos matemáticos. Libro para el alumno,83,186,83,https://historico.conaliteg.gob.mx/c/H2018P6DMA/083.jpg,0,source_jpeg,served_image,200,image/jpeg,407315,29036906601f3ec5695c13822b504b428c37b352d898d555e041da81a2bd737e,1,
LTMD_U1_W2_MATH_ASSET_AUDIT_0.1,H2018P6DMA,U1-H2018P6DMA,2018,6,Desafíos matemáticos. Libro para el alumno,84,186,84,https://historico.conaliteg.gob.mx/c/H2018P6DMA/084.jpg,0,source_jpeg,served_image,200,image/jpeg,217004,103fffaea374b95014a271c955c6ae3870d580419ae8a14727ef6c3e07582f3b,1,
LTMD_U1_W2_MATH_ASSET_AUDIT_0.1,H2018P6DMA,U1-H2018P6DMA,2018,6,Desafíos matemáticos. Libro para el alumno,85,186,85,https://historico.conaliteg.gob.mx/c/H2018P6DMA/085.jpg,0,source_jpeg,served_image,200,image/jpeg,278381,20c79953669d967f68bedc25a73f7d01d7ddafe6bb44784b69660b4e56f4533c,1,
LTMD_U1_W2_MATH_ASSET_AUDIT_0.1,H2018P6DMA,U1-H2018P6DMA,2018,6,Desafíos matemáticos. Libro para el alumno,86,186,86,https://historico.conaliteg.gob.mx/c/H2018P6DMA/086.jpg,0,source_jpeg,served_image,200,image/jpeg,373497,6e4f789b81ee4c3d375a8801b1f98ef9bdff95479b9b456c0168f93dd545b3fe,1,
LTMD_U1_W2_MATH_ASSET_AUDIT_0.1,H2018P6DMA,U1-H2018P6DMA,2018,6,Desafíos matemáticos. Libro para el alumno,87,186,87,https://historico.conaliteg.gob.mx/c/H2018P6DMA/087.jpg,0,source_jpeg,served_image,200,image/jpeg,231211,068e2d047a4ed7ab4dd127d81c7cb7e7a67e8867aded06287d888f17c1205649,1,
LTMD_U1_W2_MATH_ASSET_AUDIT_0.1,H2018P6DMA,U1-H2018P6DMA,2018,6,Desafíos matemáticos. Libro para el alumno,88,186,88,https://historico.conaliteg.gob.mx/c/H2018P6DMA/088.jpg,0,source_jpeg,served_image,200,image/jpeg,319413,84c6d0f13fad8c1938e3b12b596385246a77337a590bf135705b390659b19809,1,
LTMD_U1_W2_MATH_ASSET_AUDIT_0.1,H2018P6DMA,U1-H2018P6DMA,2018,6,Desafíos matemáticos. Libro para el alumno,89,186,89,https://historico.conaliteg.gob.mx/c/H2018P6DMA/089.jpg,0,source_jpeg,served_image,200,image/jpeg,320673,feb8625b57cc88346b23a16e0db309318bcdc0dc4b3d9303f8feb2851e1b5620,1,
LTMD_U1_W2_MATH_ASSET_AUDIT_0.1,H2018P6DMA,U1-H2018P6DMA,2018,6,Desafíos matemáticos. Libro para el alumno,90,186,90,https://historico.conaliteg.gob.mx/c/H2018P6DMA/090.jpg,0,source_jpeg,served_image,200,image/jpeg,391339,1318e70dfa842bb9ea1559e06b5139438bdf2f2c8289c9830b22b9b50b8d5da4,1,
LTMD_U1_W2_MATH_ASSET_AUDIT_0.1,H2018P6DMA,U1-H2018P6DMA,2018,6,Desafíos matemáticos. Libro para el alumno,91,186,91,https://historico.conaliteg.gob.mx/c/H2018P6DMA/091.jpg,0,source_jpeg,served_image,200,image/jpeg,424566,6ca6c96cc9c26da5a8073cd7ba3bc93903515f1adbede63ff5294644a9cb8ea8,1,
LTMD_U1_W2_MATH_ASSET_AUDIT_0.1,H2018P6DMA,U1-H2018P6DMA,2018,6,Desafíos matemáticos. Libro para el alumno,92,186,92,https://historico.conaliteg.gob.mx/c/H2018P6DMA/092.jpg,0,source_jpeg,served_image,200,image/jpeg,482471,45797cc76c4544346f52f1ed62cea4f41ab0cff80b13c883bc0d396ab09f15a2,1,
LTMD_U1_W2_MATH_ASSET_AUDIT_0.1,H2018P6DMA,U1-H2018P6DMA,2018,6,Desafíos matemáticos. Libro para el alumno,93,186,93,https://historico.conaliteg.gob.mx/c/H2018P6DMA/093.jpg,0,source_jpeg,served_image,200,image/jpeg,487698,42c2988daeebebb8b795ec2500be91fd0709a3ec682f9492d262500e821d1348,1,
LTMD_U1_W2_MATH_ASSET_AUDIT_0.1,H2018P6DMA,U1-H2018P6DMA,2018,6,Desafíos matemáticos. Libro para el alumno,94,186,94,https://historico.conaliteg.gob.mx/c/H2018P6DMA/094.jpg,0,source_jpeg,served_image,200,image/jpeg,466225,f6d2e1c222a89cfeb41769b7ffd086971cb2054ee9dc7d3aa6b9b886f3755f36,1,
LTMD_U1_W2_MATH_ASSET_AUDIT_0.1,H2018P6DMA,U1-H2018P6DMA,2018,6,Desafíos matemáticos. Libro para el alumno,95,186,95,https://historico.conaliteg.gob.mx/c/H2018P6DMA/095.jpg,0,source_jpeg,served_image,200,image/jpeg,463913,e9c8849a1123f7b9ffb63e1c80b7038fe41f98c2cc62a42a91c2bee2478bc9be,1,
LTMD_U1_W2_MATH_ASSET_AUDIT_0.1,H2018P6DMA,U1-H2018P6DMA,2018,6,Desafíos matemáticos. Libro para el alumno,96,186,96,https://historico.conaliteg.gob.mx/c/H2018P6DMA/096.jpg,0,source_jpeg,served_image,200,image/jpeg,450362,7f1686668501439210cee8be5f80d9a8569de81e3129a75a1d1aff2e26b391e4,1,
LTMD_U1_W2_MATH_ASSET_AUDIT_0.1,H2018P6DMA,U1-H2018P6DMA,2018,6,Desafíos matemáticos. Libro para el alumno,97,186,97,https://historico.conaliteg.gob.mx/c/H2018P6DMA/097.jpg,0,source_jpeg,served_image,200,image/jpeg,437327,1cf3e977e08aa578626c6dd24d3e1305c30db6b344079de61d65fccbeb93af03,1,
LTMD_U1_W2_MATH_ASSET_AUDIT_0.1,H2018P6DMA,U1-H2018P6DMA,2018,6,Desafíos matemáticos. Libro para el alumno,98,186,98,https://historico.conaliteg.gob.mx/c/H2018P6DMA/098.jpg,0,source_jpeg,served_image,200,image/jpeg,385870,14ecba7c5a576f30badd26e8c2f567847a077a522043df5efc6986d503c9dac3,1,
LTMD_U1_W2_MATH_ASSET_AUDIT_0.1,H2018P6DMA,U1-H2018P6DMA,2018,6,Desafíos matemáticos. Libro para el alumno,99,186,99,https://historico.conaliteg.gob.mx/c/H2018P6DMA/099.jpg,0,source_jpeg,served_image,200,image/jpeg,400746,f96a5bb2b71eacc9622fbb5751b5e5d7d046e672086ff484af52703a99db580c,1,
LTMD_U1_W2_MATH_ASSET_AUDIT_0.1,H2018P6DMA,U1-H2018P6DMA,2018,6,Desafíos matemáticos. Libro para el alumno,100,186,100,https://historico.conaliteg.gob.mx/c/H2018P6DMA/100.jpg,0,source_jpeg,served_image,200,image/jpeg,430590,20672803e5731fbbe02e428aa278f8ef047a9c00846793b6fefbd0273ee00f4b,1,
LTMD_U1_W2_MATH_ASSET_AUDIT_0.1,H2018P6DMA,U1-H2018P6DMA,2018,6,Desafíos matemáticos. Libro para el alumno,101,186,101,https://historico.conaliteg.gob.mx/c/H2018P6DMA/101.jpg,0,source_jpeg,served_image,200,image/jpeg,207661,b1ce6e1a3a9c085574edfa52ee1fceabf73fd9fe8159c05224e487299f18033c,1,
LTMD_U1_W2_MATH_ASSET_AUDIT_0.1,H2018P6DMA,U1-H2018P6DMA,2018,6,Desafíos matemáticos. Libro para el alumno,102,186,102,https://historico.conaliteg.gob.mx/c/H2018P6DMA/102.jpg,0,source_jpeg,served_image,200,image/jpeg,484582,ce06bb269e2944ccda952f231efe06c57444951e9bbfb9eb6eab8fbbdd7760fb,1,
LTMD_U1_W2_MATH_ASSET_AUDIT_0.1,H2018P6DMA,U1-H2018P6DMA,2018,6,Desafíos matemáticos. Libro para el alumno,103,186,103,https://historico.conaliteg.gob.mx/c/H2018P6DMA/103.jpg,0,source_jpeg,served_image,200,image/jpeg,196331,4b0705b8ab102effa09269967e9776feab650792e985fb71cb7bffdd234fbe52,1,
LTMD_U1_W2_MATH_ASSET_AUDIT_0.1,H2018P6DMA,U1-H2018P6DMA,2018,6,Desafíos matemáticos. Libro para el alumno,104,186,104,https://historico.conaliteg.gob.mx/c/H2018P6DMA/104.jpg,0,source_jpeg,served_image,200,image/jpeg,404609,54aacab6a1b1f5acc9d331fb542e6baa73d08748731b209291ca5134b7007671,1,
LTMD_U1_W2_MATH_ASSET_AUDIT_0.1,H2018P6DMA,U1-H2018P6DMA,2018,6,Desafíos matemáticos. Libro para el alumno,105,186,105,https://historico.conaliteg.gob.mx/c/H2018P6DMA/105.jpg,0,source_jpeg,served_image,200,image/jpeg,278730,513f4059f3f065e9071a4d1d2a4669c4b776393c10fb7d8779fd13162ceb90de,1,
LTMD_U1_W2_MATH_ASSET_AUDIT_0.1,H2018P6DMA,U1-H2018P6DMA,2018,6,Desafíos matemáticos. Libro para el alumno,106,186,106,https://historico.conaliteg.gob.mx/c/H2018P6DMA/106.jpg,0,source_jpeg,served_image,200,image/jpeg,379911,0df4a53b12033c06a335990d3cde97042aabc72656588e89458088d234bf1f9e,1,
LTMD_U1_W2_MATH_ASSET_AUDIT_0.1,H2018P6DMA,U1-H2018P6DMA,2018,6,Desafíos matemáticos. Libro para el alumno,107,186,107,https://historico.conaliteg.gob.mx/c/H2018P6DMA/107.jpg,0,source_jpeg,served_image,200,image/jpeg,401184,bd562b07828f8fbb70a0e75465c5dcebac138c4bdbfa2ba06f3f119b1a8a222c,1,
LTMD_U1_W2_MATH_ASSET_AUDIT_0.1,H2018P6DMA,U1-H2018P6DMA,2018,6,Desafíos matemáticos. Libro para el alumno,108,186,108,https://historico.conaliteg.gob.mx/c/H2018P6DMA/108.jpg,0,source_jpeg,served_image,200,image/jpeg,271749,d9bf916ed208decfb26c48cddc3844c4ff1841e1b403b230246c6597e98607ef,1,
LTMD_U1_W2_MATH_ASSET_AUDIT_0.1,H2018P6DMA,U1-H2018P6DMA,2018,6,Desafíos matemáticos. Libro para el alumno,109,186,109,https://historico.conaliteg.gob.mx/c/H2018P6DMA/109.jpg,0,source_jpeg,served_image,200,image/jpeg,270014,c2de7a6ea3e8691dcd38641ef465d292c3fff265bd61d3f987f0d30f6037cff4,1,
LTMD_U1_W2_MATH_ASSET_AUDIT_0.1,H2018P6DMA,U1-H2018P6DMA,2018,6,Desafíos matemáticos. Libro para el alumno,110,186,110,https://historico.conaliteg.gob.mx/c/H2018P6DMA/110.jpg,0,source_jpeg,served_image,200,image/jpeg,437244,99f8ce64fe853aff4d70553cc9a0431e09cc16f0a136fdbdac2385c91741479e,1,
LTMD_U1_W2_MATH_ASSET_AUDIT_0.1,H2018P6DMA,U1-H2018P6DMA,2018,6,Desafíos matemáticos. Libro para el alumno,111,186,111,https://historico.conaliteg.gob.mx/c/H2018P6DMA/111.jpg,0,source_jpeg,served_image,200,image/jpeg,202082,c8b1fe4712b9874d0ba4f6bbd000757f9743b50b3b08d0dd3c2c3657b8760a4e,1,
LTMD_U1_W2_MATH_ASSET_AUDIT_0.1,H2018P6DMA,U1-H2018P6DMA,2018,6,Desafíos matemáticos. Libro para el alumno,112,186,112,https://historico.conaliteg.gob.mx/c/H2018P6DMA/112.jpg,0,source_jpeg,served_image,200,image/jpeg,453317,f2d95c25fcc444b60b64a412961ce76eed986124c108b730bd2a8b4b939eda2d,1,
LTMD_U1_W2_MATH_ASSET_AUDIT_0.1,H2018P6DMA,U1-H2018P6DMA,2018,6,Desafíos matemáticos. Libro para el alumno,113,186,113,https://historico.conaliteg.gob.mx/c/H2018P6DMA/113.jpg,0,source_jpeg,served_image,200,image/jpeg,307324,3f5eca5bd84557ce80e6cf16941a0763f027b6f1935287c1437b5422440404b3,1,
LTMD_U1_W2_MATH_ASSET_AUDIT_0.1,H2018P6DMA,U1-H2018P6DMA,2018,6,Desafíos matemáticos. Libro para el alumno,114,186,114,https://historico.conaliteg.gob.mx/c/H2018P6DMA/114.jpg,0,source_jpeg,served_image,200,image/jpeg,354602,219c6cd545455b44ece3dfa81ec5c83c7387364df99747ed2d9ed833fe3527e2,1,
LTMD_U1_W2_MATH_ASSET_AUDIT_0.1,H2018P6DMA,U1-H2018P6DMA,2018,6,Desafíos matemáticos. Libro para el alumno,115,186,115,https://historico.conaliteg.gob.mx/c/H2018P6DMA/115.jpg,0,source_jpeg,served_image,200,image/jpeg,456913,da2faf3b37c00c57869dcf3812878e0367f693b1bb6486123ad2674e62a3651f,1,
LTMD_U1_W2_MATH_ASSET_AUDIT_0.1,H2018P6DMA,U1-H2018P6DMA,2018,6,Desafíos matemáticos. Libro para el alumno,116,186,116,https://historico.conaliteg.gob.mx/c/H2018P6DMA/116.jpg,0,source_jpeg,served_image,200,image/jpeg,269490,c26cfe766d5ee5bc1806e4fdaa6b2454f9098af4a86e1857b65d0cf19f0d6160,1,
LTMD_U1_W2_MATH_ASSET_AUDIT_0.1,H2018P6DMA,U1-H2018P6DMA,2018,6,Desafíos matemáticos. Libro para el alumno,117,186,117,https://historico.conaliteg.gob.mx/c/H2018P6DMA/117.jpg,0,source_jpeg,served_image,200,image/jpeg,379517,7d1144ff543965326bebe0e030d6443c30263b460e7ddd82e9cede6b6f022870,1,
LTMD_U1_W2_MATH_ASSET_AUDIT_0.1,H2018P6DMA,U1-H2018P6DMA,2018,6,Desafíos matemáticos. Libro para el alumno,118,186,118,https://historico.conaliteg.gob.mx/c/H2018P6DMA/118.jpg,0,source_jpeg,served_image,200,image/jpeg,405014,56bb214be6d1eaf28a906e261113f8cfeb5d94bed66fbbc445356fd298c52bb2,1,
LTMD_U1_W2_MATH_ASSET_AUDIT_0.1,H2018P6DMA,U1-H2018P6DMA,2018,6,Desafíos matemáticos. Libro para el alumno,119,186,119,https://historico.conaliteg.gob.mx/c/H2018P6DMA/119.jpg,0,source_jpeg,served_image,200,image/jpeg,355996,39f4b812d06d3b2e46b6ed3b45fa85bec77be870a2e28581f70d35c6379e2be2,1,
LTMD_U1_W2_MATH_ASSET_AUDIT_0.1,H2018P6DMA,U1-H2018P6DMA,2018,6,Desafíos matemáticos. Libro para el alumno,120,186,120,https://historico.conaliteg.gob.mx/c/H2018P6DMA/120.jpg,0,source_jpeg,served_image,200,image/jpeg,287583,9c3245016c8704413be9a7233c7f0a600a90d7673c87e09bfb643050cb629f74,1,
LTMD_U1_W2_MATH_ASSET_AUDIT_0.1,H2018P6DMA,U1-H2018P6DMA,2018,6,Desafíos matemáticos. Libro para el alumno,121,186,121,https://historico.conaliteg.gob.mx/c/H2018P6DMA/121.jpg,0,source_jpeg,served_image,200,image/jpeg,469706,7b906ca015bf35231daf511b7c2d58be417c6095ab383914db733ce528fe34ca,1,
LTMD_U1_W2_MATH_ASSET_AUDIT_0.1,H2018P6DMA,U1-H2018P6DMA,2018,6,Desafíos matemáticos. Libro para el alumno,122,186,122,https://historico.conaliteg.gob.mx/c/H2018P6DMA/122.jpg,0,source_jpeg,served_image,200,image/jpeg,457111,13d2d460f7371c2ba1c64b43314cde75b25fde0ad9c02a6f264c6ae9311748d1,1,
LTMD_U1_W2_MATH_ASSET_AUDIT_0.1,H2018P6DMA,U1-H2018P6DMA,2018,6,Desafíos matemáticos. Libro para el alumno,123,186,123,https://historico.conaliteg.gob.mx/c/H2018P6DMA/123.jpg,0,source_jpeg,served_image,200,image/jpeg,272577,d19c00004c524bf8a99d5c017136e52b6e1af58ccac70e28835472695d75016a,1,
LTMD_U1_W2_MATH_ASSET_AUDIT_0.1,H2018P6DMA,U1-H2018P6DMA,2018,6,Desafíos matemáticos. Libro para el alumno,124,186,124,https://historico.conaliteg.gob.mx/c/H2018P6DMA/124.jpg,0,source_jpeg,served_image,200,image/jpeg,314211,ff39b721f0db70e9404462a9d059ab611b6f20e0d908933405db2370eb1f716e,1,
LTMD_U1_W2_MATH_ASSET_AUDIT_0.1,H2018P6DMA,U1-H2018P6DMA,2018,6,Desafíos matemáticos. Libro para el alumno,125,186,125,https://historico.conaliteg.gob.mx/c/H2018P6DMA/125.jpg,0,source_jpeg,served_image,200,image/jpeg,296816,1d761058f63e7cf33cbcf7eb9e72eb62cf96a317adc031253d65eaf9259845a1,1,
LTMD_U1_W2_MATH_ASSET_AUDIT_0.1,H2018P6DMA,U1-H2018P6DMA,2018,6,Desafíos matemáticos. Libro para el alumno,126,186,126,https://historico.conaliteg.gob.mx/c/H2018P6DMA/126.jpg,0,source_jpeg,served_image,200,image/jpeg,368999,41ab3d69a414652494add3661716edf15613bc4d363c2bd332955a9498eb2fcd,1,
LTMD_U1_W2_MATH_ASSET_AUDIT_0.1,H2018P6DMA,U1-H2018P6DMA,2018,6,Desafíos matemáticos. Libro para el alumno,127,186,127,https://historico.conaliteg.gob.mx/c/H2018P6DMA/127.jpg,0,source_jpeg,served_image,200,image/jpeg,318021,6e85da54b9ad0748b7ba5a059adf9f710e1b7ba6c8d9d965cb1e566f9d618ab1,1,
LTMD_U1_W2_MATH_ASSET_AUDIT_0.1,H2018P6DMA,U1-H2018P6DMA,2018,6,Desafíos matemáticos. Libro para el alumno,128,186,128,https://historico.conaliteg.gob.mx/c/H2018P6DMA/128.jpg,0,source_jpeg,served_image,200,image/jpeg,338383,b3786312eee9398f1fd2a19d80c1bea0d9bf546963480151442f7b2bc4d3ddca,1,
LTMD_U1_W2_MATH_ASSET_AUDIT_0.1,H2018P6DMA,U1-H2018P6DMA,2018,6,Desafíos matemáticos. Libro para el alumno,129,186,129,https://historico.conaliteg.gob.mx/c/H2018P6DMA/129.jpg,0,source_jpeg,served_image,200,image/jpeg,393323,5b016e8c88e4b8ce78783baa70786479823e88c76359988672da94e35855a97b,1,
LTMD_U1_W2_MATH_ASSET_AUDIT_0.1,H2018P6DMA,U1-H2018P6DMA,2018,6,Desafíos matemáticos. Libro para el alumno,130,186,130,https://historico.conaliteg.gob.mx/c/H2018P6DMA/130.jpg,0,source_jpeg,served_image,200,image/jpeg,490112,24111c0c7f166dcc961cfc9413f7aab4adefceb424c3acc5ce3b0f61a737522d,1,
LTMD_U1_W2_MATH_ASSET_AUDIT_0.1,H2018P6DMA,U1-H2018P6DMA,2018,6,Desafíos matemáticos. Libro para el alumno,131,186,131,https://historico.conaliteg.gob.mx/c/H2018P6DMA/131.jpg,0,source_jpeg,served_image,200,image/jpeg,405448,ac130cc208e2733785b69cb10649e8459b21106e98d2406db368dfe5555561a5,1,
LTMD_U1_W2_MATH_ASSET_AUDIT_0.1,H2018P6DMA,U1-H2018P6DMA,2018,6,Desafíos matemáticos. Libro para el alumno,132,186,132,https://historico.conaliteg.gob.mx/c/H2018P6DMA/132.jpg,0,source_jpeg,served_image,200,image/jpeg,175407,208b41d129875de11ffb3e8195ac9051a0c3bab670036a2f6f8dd07ef3b551a5,1,
LTMD_U1_W2_MATH_ASSET_AUDIT_0.1,H2018P6DMA,U1-H2018P6DMA,2018,6,Desafíos matemáticos. Libro para el alumno,133,186,133,https://historico.conaliteg.gob.mx/c/H2018P6DMA/133.jpg,0,source_jpeg,served_image,200,image/jpeg,174635,2fdf13b2a7dc198ddf3159ed422011ab27da9e0d470aa563665619c0a97da26d,1,
LTMD_U1_W2_MATH_ASSET_AUDIT_0.1,H2018P6DMA,U1-H2018P6DMA,2018,6,Desafíos matemáticos. Libro para el alumno,134,186,134,https://historico.conaliteg.gob.mx/c/H2018P6DMA/134.jpg,0,source_jpeg,served_image,200,image/jpeg,338726,038f2606675d2535569af98adf48a7241e982ae0f0e8aa947fe72263f1a6615e,1,
LTMD_U1_W2_MATH_ASSET_AUDIT_0.1,H2018P6DMA,U1-H2018P6DMA,2018,6,Desafíos matemáticos. Libro para el alumno,135,186,135,https://historico.conaliteg.gob.mx/c/H2018P6DMA/135.jpg,0,source_jpeg,served_image,200,image/jpeg,368819,562d69e846284a3b83230c2cc4cb7f4c8408ae66571fec00402c9d9352c0a531,1,
LTMD_U1_W2_MATH_ASSET_AUDIT_0.1,H2018P6DMA,U1-H2018P6DMA,2018,6,Desafíos matemáticos. Libro para el alumno,136,186,136,https://historico.conaliteg.gob.mx/c/H2018P6DMA/136.jpg,0,source_jpeg,served_image,200,image/jpeg,348684,36d41f1ba40eae1a6f076dd25d51083a2dbc40cf24e8d0c38b64361d4b3e7e96,1,
LTMD_U1_W2_MATH_ASSET_AUDIT_0.1,H2018P6DMA,U1-H2018P6DMA,2018,6,Desafíos matemáticos. Libro para el alumno,137,186,137,https://historico.conaliteg.gob.mx/c/H2018P6DMA/137.jpg,0,source_jpeg,served_image,200,image/jpeg,254111,02a37a8347849ac5ade41c424ca70b23d6c8ff58afd13a4550e24f196a2adf99,1,
LTMD_U1_W2_MATH_ASSET_AUDIT_0.1,H2018P6DMA,U1-H2018P6DMA,2018,6,Desafíos matemáticos. Libro para el alumno,138,186,138,https://historico.conaliteg.gob.mx/c/H2018P6DMA/138.jpg,0,source_jpeg,served_image,200,image/jpeg,420495,fd7bee13802e3908233a2e4798f9b7ece997223023423f4bc58388b0c434204f,1,
LTMD_U1_W2_MATH_ASSET_AUDIT_0.1,H2018P6DMA,U1-H2018P6DMA,2018,6,Desafíos matemáticos. Libro para el alumno,139,186,139,https://historico.conaliteg.gob.mx/c/H2018P6DMA/139.jpg,0,source_jpeg,served_image,200,image/jpeg,385568,2d1cd4f4657f57d6c7c525fc0dbe9dd7114d39d85b71f974a15b781a2e68125b,1,
LTMD_U1_W2_MATH_ASSET_AUDIT_0.1,H2018P6DMA,U1-H2018P6DMA,2018,6,Desafíos matemáticos. Libro para el alumno,140,186,140,https://historico.conaliteg.gob.mx/c/H2018P6DMA/140.jpg,0,source_jpeg,served_image,200,image/jpeg,287977,460e0919f3ef6b4867979bf9b904cf569464015cfca0b577f7935b7c20f1e62f,1,
LTMD_U1_W2_MATH_ASSET_AUDIT_0.1,H2018P6DMA,U1-H2018P6DMA,2018,6,Desafíos matemáticos. Libro para el alumno,141,186,141,https://historico.conaliteg.gob.mx/c/H2018P6DMA/141.jpg,0,source_jpeg,served_image,200,image/jpeg,254418,a955d241c5ecb807147fdef7f6626a67ababf883fe09bc7483f251c009ceb903,1,
LTMD_U1_W2_MATH_ASSET_AUDIT_0.1,H2018P6DMA,U1-H2018P6DMA,2018,6,Desafíos matemáticos. Libro para el alumno,142,186,142,https://historico.conaliteg.gob.mx/c/H2018P6DMA/142.jpg,0,source_jpeg,served_image,200,image/jpeg,287946,18c606ef9ac7abbd8b72306361028157a1d4e941b9bf27e8a80d0ed8064088ab,1,
LTMD_U1_W2_MATH_ASSET_AUDIT_0.1,H2018P6DMA,U1-H2018P6DMA,2018,6,Desafíos matemáticos. Libro para el alumno,143,186,143,https://historico.conaliteg.gob.mx/c/H2018P6DMA/143.jpg,0,source_jpeg,served_image,200,image/jpeg,287926,4e28063cd6868f09cf0b22fc94ce0cb96dcd9bbb2d9c836fd828bdc786913c8f,1,
LTMD_U1_W2_MATH_ASSET_AUDIT_0.1,H2018P6DMA,U1-H2018P6DMA,2018,6,Desafíos matemáticos. Libro para el alumno,144,186,144,https://historico.conaliteg.gob.mx/c/H2018P6DMA/144.jpg,0,source_jpeg,served_image,200,image/jpeg,360382,6edef9a4de71122e1539d19802208394692b909e926c55fd0ce77dd20814b42f,1,
LTMD_U1_W2_MATH_ASSET_AUDIT_0.1,H2018P6DMA,U1-H2018P6DMA,2018,6,Desafíos matemáticos. Libro para el alumno,145,186,145,https://historico.conaliteg.gob.mx/c/H2018P6DMA/145.jpg,0,source_jpeg,served_image,200,image/jpeg,428915,af0905b6e195507263103bbc92bc17306cb0e141fbdf1511b0e5a7025a15fcc1,1,
LTMD_U1_W2_MATH_ASSET_AUDIT_0.1,H2018P6DMA,U1-H2018P6DMA,2018,6,Desafíos matemáticos. Libro para el alumno,146,186,146,https://historico.conaliteg.gob.mx/c/H2018P6DMA/146.jpg,0,source_jpeg,served_image,200,image/jpeg,458203,39e9f48ea992436917ef0a32db26cdd2d13f2aeaf533273ac9171c55bbe22339,1,
LTMD_U1_W2_MATH_ASSET_AUDIT_0.1,H2018P6DMA,U1-H2018P6DMA,2018,6,Desafíos matemáticos. Libro para el alumno,147,186,147,https://historico.conaliteg.gob.mx/c/H2018P6DMA/147.jpg,0,source_jpeg,served_image,200,image/jpeg,410391,d67a2ab197b483d58730a3fd0deb32fd92332f061f6eec4b940b7ac48d496f44,1,
LTMD_U1_W2_MATH_ASSET_AUDIT_0.1,H2018P6DMA,U1-H2018P6DMA,2018,6,Desafíos matemáticos. Libro para el alumno,148,186,148,https://historico.conaliteg.gob.mx/c/H2018P6DMA/148.jpg,0,source_jpeg,served_image,200,image/jpeg,241355,38df80ba9a61ab53ef70b3fefc6a1a00fb77221cdd5a0a83982dacbcac73c728,1,
LTMD_U1_W2_MATH_ASSET_AUDIT_0.1,H2018P6DMA,U1-H2018P6DMA,2018,6,Desafíos matemáticos. Libro para el alumno,149,186,149,https://historico.conaliteg.gob.mx/c/H2018P6DMA/149.jpg,0,source_jpeg,served_image,200,image/jpeg,344362,5a809d1811ae0a4e8016d04aba7f508a65efeeb251edf6ded490b15b98b94b4c,1,
LTMD_U1_W2_MATH_ASSET_AUDIT_0.1,H2018P6DMA,U1-H2018P6DMA,2018,6,Desafíos matemáticos. Libro para el alumno,150,186,150,https://historico.conaliteg.gob.mx/c/H2018P6DMA/150.jpg,0,source_jpeg,served_image,200,image/jpeg,475206,cd2ad0b88da4f72247542c2ad78a12044ed9330c2d5b1e9d5cd251a1b09f17ff,1,
LTMD_U1_W2_MATH_ASSET_AUDIT_0.1,H2018P6DMA,U1-H2018P6DMA,2018,6,Desafíos matemáticos. Libro para el alumno,151,186,151,https://historico.conaliteg.gob.mx/c/H2018P6DMA/151.jpg,0,source_jpeg,served_image,200,image/jpeg,390404,37c3a08accd69e03d7d326764300674f5eafa0646e35ef033816708348a6f8cd,1,
LTMD_U1_W2_MATH_ASSET_AUDIT_0.1,H2018P6DMA,U1-H2018P6DMA,2018,6,Desafíos matemáticos. Libro para el alumno,152,186,152,https://historico.conaliteg.gob.mx/c/H2018P6DMA/152.jpg,0,source_jpeg,served_image,200,image/jpeg,299390,92ed1a3bfbc9c887b9e0fabb9b6dea14deb6cf2e33aed875d14d90bdbbfd6aa9,1,
LTMD_U1_W2_MATH_ASSET_AUDIT_0.1,H2018P6DMA,U1-H2018P6DMA,2018,6,Desafíos matemáticos. Libro para el alumno,153,186,153,https://historico.conaliteg.gob.mx/c/H2018P6DMA/153.jpg,0,source_jpeg,served_image,200,image/jpeg,195075,a68c5c2bbec62adc9241e27dd273c5c5b3c186528ed89b5826a0e8613af24fa5,1,
LTMD_U1_W2_MATH_ASSET_AUDIT_0.1,H2018P6DMA,U1-H2018P6DMA,2018,6,Desafíos matemáticos. Libro para el alumno,154,186,154,https://historico.conaliteg.gob.mx/c/H2018P6DMA/154.jpg,0,source_jpeg,served_image,200,image/jpeg,320393,184e66a108f4dd576b4b3cb7ba3acc0c1b4bccbdbbc7717436074b5d07892bab,1,
LTMD_U1_W2_MATH_ASSET_AUDIT_0.1,H2018P6DMA,U1-H2018P6DMA,2018,6,Desafíos matemáticos. Libro para el alumno,155,186,155,https://historico.conaliteg.gob.mx/c/H2018P6DMA/155.jpg,0,source_jpeg,served_image,200,image/jpeg,202899,3756088b6b0661c653ba8b66c601128f6a216aeb0f33d069b2d55a6d4f157084,1,
LTMD_U1_W2_MATH_ASSET_AUDIT_0.1,H2018P6DMA,U1-H2018P6DMA,2018,6,Desafíos matemáticos. Libro para el alumno,156,186,156,https://historico.conaliteg.gob.mx/c/H2018P6DMA/156.jpg,0,source_jpeg,served_image,200,image/jpeg,320393,952f7dff64306f5e3383e799beb4bc1d8deac8902fa62170ab611aba09b1bc7d,1,
LTMD_U1_W2_MATH_ASSET_AUDIT_0.1,H2018P6DMA,U1-H2018P6DMA,2018,6,Desafíos matemáticos. Libro para el alumno,157,186,157,https://historico.conaliteg.gob.mx/c/H2018P6DMA/157.jpg,0,source_jpeg,served_image,200,image/jpeg,176971,49b659883d6ff89c3caab92bd0e07e4e54ad659efc99b7d6188b53600448b02a,1,
LTMD_U1_W2_MATH_ASSET_AUDIT_0.1,H2018P6DMA,U1-H2018P6DMA,2018,6,Desafíos matemáticos. Libro para el alumno,158,186,158,https://historico.conaliteg.gob.mx/c/H2018P6DMA/158.jpg,0,source_jpeg,served_image,200,image/jpeg,320393,c9b010609fda2050a516a80b0c49a3696494634a7c7866d9109ec5133cee3665,1,
LTMD_U1_W2_MATH_ASSET_AUDIT_0.1,H2018P6DMA,U1-H2018P6DMA,2018,6,Desafíos matemáticos. Libro para el alumno,159,186,159,https://historico.conaliteg.gob.mx/c/H2018P6DMA/159.jpg,0,source_jpeg,served_image,200,image/jpeg,323816,eebfe3927e1300ced4bf466900ebd8d45f0b45a2bfc4a0994d52f1f26a65408b,1,
LTMD_U1_W2_MATH_ASSET_AUDIT_0.1,H2018P6DMA,U1-H2018P6DMA,2018,6,Desafíos matemáticos. Libro para el alumno,160,186,160,https://historico.conaliteg.gob.mx/c/H2018P6DMA/160.jpg,0,source_jpeg,served_image,200,image/jpeg,320393,4172d9c15e96e99c2aba0f14211183398d4b9c8f6fbc863416823a27f849d211,1,
LTMD_U1_W2_MATH_ASSET_AUDIT_0.1,H2018P6DMA,U1-H2018P6DMA,2018,6,Desafíos matemáticos. Libro para el alumno,161,186,161,https://historico.conaliteg.gob.mx/c/H2018P6DMA/161.jpg,0,source_jpeg,served_image,200,image/jpeg,170534,212057a46191675138d3eb9d4b3d82ef565e5da1cd24ad8a7ecdaf52c73e71af,1,
LTMD_U1_W2_MATH_ASSET_AUDIT_0.1,H2018P6DMA,U1-H2018P6DMA,2018,6,Desafíos matemáticos. Libro para el alumno,162,186,162,https://historico.conaliteg.gob.mx/c/H2018P6DMA/162.jpg,0,source_jpeg,served_image,200,image/jpeg,320393,147c6f093965040037d407e899e2bda17e83ed2f1cdf11fa833ea78da77acf3b,1,
LTMD_U1_W2_MATH_ASSET_AUDIT_0.1,H2018P6DMA,U1-H2018P6DMA,2018,6,Desafíos matemáticos. Libro para el alumno,163,186,163,https://historico.conaliteg.gob.mx/c/H2018P6DMA/163.jpg,0,source_jpeg,served_image,200,image/jpeg,137003,e23c5e9223e21c1a21aea110caa74341134a6a5da18a552b73d35a6ab1e57903,1,
LTMD_U1_W2_MATH_ASSET_AUDIT_0.1,H2018P6DMA,U1-H2018P6DMA,2018,6,Desafíos matemáticos. Libro para el alumno,164,186,164,https://historico.conaliteg.gob.mx/c/H2018P6DMA/164.jpg,0,source_jpeg,served_image,200,image/jpeg,320393,a57c8a71f83dc1a49dd5a7c34f470bea1a8f298ef05cdfe9a5f22e6636b6391d,1,
LTMD_U1_W2_MATH_ASSET_AUDIT_0.1,H2018P6DMA,U1-H2018P6DMA,2018,6,Desafíos matemáticos. Libro para el alumno,165,186,165,https://historico.conaliteg.gob.mx/c/H2018P6DMA/165.jpg,0,source_jpeg,served_image,200,image/jpeg,144729,674d06ea67f87b09ec0d4efe7d0dd8c2b9ce58ee259f78b957c5c7600e8981d8,1,
LTMD_U1_W2_MATH_ASSET_AUDIT_0.1,H2018P6DMA,U1-H2018P6DMA,2018,6,Desafíos matemáticos. Libro para el alumno,166,186,166,https://historico.conaliteg.gob.mx/c/H2018P6DMA/166.jpg,0,source_jpeg,served_image,200,image/jpeg,320393,17dc695bd25206907b987cdfe31f86f0d53faed5fc5a601981c681b03f94e4dc,1,
LTMD_U1_W2_MATH_ASSET_AUDIT_0.1,H2018P6DMA,U1-H2018P6DMA,2018,6,Desafíos matemáticos. Libro para el alumno,167,186,167,https://historico.conaliteg.gob.mx/c/H2018P6DMA/167.jpg,0,source_jpeg,served_image,200,image/jpeg,140028,af6ef60334e6b398de94adcd25115dd0280f46d61795ffdd609fb872cacfbdbf,1,
LTMD_U1_W2_MATH_ASSET_AUDIT_0.1,H2018P6DMA,U1-H2018P6DMA,2018,6,Desafíos matemáticos. Libro para el alumno,168,186,168,https://historico.conaliteg.gob.mx/c/H2018P6DMA/168.jpg,0,source_jpeg,served_image,200,image/jpeg,320393,1d9581df8cef399fb53d22c8ff7853fbb41a5c1a7b5d56b01ff10c10e9d629fe,1,
LTMD_U1_W2_MATH_ASSET_AUDIT_0.1,H2018P6DMA,U1-H2018P6DMA,2018,6,Desafíos matemáticos. Libro para el alumno,169,186,169,https://historico.conaliteg.gob.mx/c/H2018P6DMA/169.jpg,0,source_jpeg,served_image,200,image/jpeg,95113,4d66150af51e761a707670eaf66d8a33c6c55a434580105f79276a00bb960a28,1,
LTMD_U1_W2_MATH_ASSET_AUDIT_0.1,H2018P6DMA,U1-H2018P6DMA,2018,6,Desafíos matemáticos. Libro para el alumno,170,186,170,https://historico.conaliteg.gob.mx/c/H2018P6DMA/170.jpg,0,source_jpeg,served_image,200,image/jpeg,320393,cae4a9664d9517c03ea591ff05d59d0083448a1eb92d287b0c69c71779b1f363,1,
LTMD_U1_W2_MATH_ASSET_AUDIT_0.1,H2018P6DMA,U1-H2018P6DMA,2018,6,Desafíos matemáticos. Libro para el alumno,171,186,171,https://historico.conaliteg.gob.mx/c/H2018P6DMA/171.jpg,0,source_jpeg,served_image,200,image/jpeg,162397,2773112730b91a2163c81bf92dd6dbc4f758b2457bd42ea92c457e6d57d15f58,1,
LTMD_U1_W2_MATH_ASSET_AUDIT_0.1,H2018P6DMA,U1-H2018P6DMA,2018,6,Desafíos matemáticos. Libro para el alumno,172,186,172,https://historico.conaliteg.gob.mx/c/H2018P6DMA/172.jpg,0,source_jpeg,served_image,200,image/jpeg,320393,79d372a63905f8eba4c68d731799cb1d1d0fae8e33117b4658f85de79f191501,1,
LTMD_U1_W2_MATH_ASSET_AUDIT_0.1,H2018P6DMA,U1-H2018P6DMA,2018,6,Desafíos matemáticos. Libro para el alumno,173,186,173,https://historico.conaliteg.gob.mx/c/H2018P6DMA/173.jpg,0,source_jpeg,served_image,200,image/jpeg,162450,eb757c7942f96f749f3b5287f5e05a94ab12036116f1a647716f8a1528de253b,1,
LTMD_U1_W2_MATH_ASSET_AUDIT_0.1,H2018P6DMA,U1-H2018P6DMA,2018,6,Desafíos matemáticos. Libro para el alumno,174,186,174,https://historico.conaliteg.gob.mx/c/H2018P6DMA/174.jpg,0,source_jpeg,served_image,200,image/jpeg,320393,2b2b21a769b5cb055bd95d5b93e9b5ad0519450ecb1c180aa286be51fcb5a445,1,
LTMD_U1_W2_MATH_ASSET_AUDIT_0.1,H2018P6DMA,U1-H2018P6DMA,2018,6,Desafíos matemáticos. Libro para el alumno,175,186,175,https://historico.conaliteg.gob.mx/c/H2018P6DMA/175.jpg,0,source_jpeg,served_image,200,image/jpeg,123001,e8c10618fa6fe81c1ddf67ef1a2296a5916d2e49d6c01b6b80d712503e5bee36,1,
LTMD_U1_W2_MATH_ASSET_AUDIT_0.1,H2018P6DMA,U1-H2018P6DMA,2018,6,Desafíos matemáticos. Libro para el alumno,176,186,176,https://historico.conaliteg.gob.mx/c/H2018P6DMA/176.jpg,0,source_jpeg,served_image,200,image/jpeg,320393,d5d4fc1fdba688af1cab6e703d4781364c62e00b341bee862c9abdef5a0bedd4,1,
LTMD_U1_W2_MATH_ASSET_AUDIT_0.1,H2018P6DMA,U1-H2018P6DMA,2018,6,Desafíos matemáticos. Libro para el alumno,177,186,177,https://historico.conaliteg.gob.mx/c/H2018P6DMA/177.jpg,0,source_jpeg,served_image,200,image/jpeg,171983,683c97bbfe4664307b50f852bb7c0e9ab2bcfcc64bd8d70da33265077bb9baf9,1,
LTMD_U1_W2_MATH_ASSET_AUDIT_0.1,H2018P6DMA,U1-H2018P6DMA,2018,6,Desafíos matemáticos. Libro para el alumno,178,186,178,https://historico.conaliteg.gob.mx/c/H2018P6DMA/178.jpg,0,source_jpeg,served_image,200,image/jpeg,320393,cda6462e4e533a20a187d5a01c54d5f50f9006dcfa013d6a41b08281cb153b96,1,
LTMD_U1_W2_MATH_ASSET_AUDIT_0.1,H2018P6DMA,U1-H2018P6DMA,2018,6,Desafíos matemáticos. Libro para el alumno,179,186,179,https://historico.conaliteg.gob.mx/c/H2018P6DMA/179.jpg,0,source_jpeg,served_image,200,image/jpeg,193240,21929f2100d4095c928ca73747de58aa279c546e4301fb6579e94b6dfa336d6e,1,
LTMD_U1_W2_MATH_ASSET_AUDIT_0.1,H2018P6DMA,U1-H2018P6DMA,2018,6,Desafíos matemáticos. Libro para el alumno,180,186,180,https://historico.conaliteg.gob.mx/c/H2018P6DMA/180.jpg,0,source_jpeg,served_image,200,image/jpeg,320393,5c82958aa6b40b0ee6f648323160fd3c4aa8f4b3390cab39471703f16ab86877,1,
LTMD_U1_W2_MATH_ASSET_AUDIT_0.1,H2018P6DMA,U1-H2018P6DMA,2018,6,Desafíos matemáticos. Libro para el alumno,181,186,181,https://historico.conaliteg.gob.mx/c/H2018P6DMA/181.jpg,0,source_jpeg,served_image,200,image/jpeg,259290,54e44da516fbbd982f8383e7c6458e057ba6e977801ca8ac113ea58371936138,1,
LTMD_U1_W2_MATH_ASSET_AUDIT_0.1,H2018P6DMA,U1-H2018P6DMA,2018,6,Desafíos matemáticos. Libro para el alumno,182,186,182,https://historico.conaliteg.gob.mx/c/H2018P6DMA/182.jpg,0,source_jpeg,served_image,200,image/jpeg,320723,e1f2f50ba051029cfba07624b8d89dcb2710ebad371deb360b1ac8fd8b411ffb,1,
LTMD_U1_W2_MATH_ASSET_AUDIT_0.1,H2018P6DMA,U1-H2018P6DMA,2018,6,Desafíos matemáticos. Libro para el alumno,183,186,183,https://historico.conaliteg.gob.mx/c/H2018P6DMA/183.jpg,0,source_jpeg,served_image,200,image/jpeg,308477,02ec12251f9d4f31b5eab053a7e48ce4dd3f60a0037d9b55b776b9394d0ff4b9,1,
LTMD_U1_W2_MATH_ASSET_AUDIT_0.1,H2018P6DMA,U1-H2018P6DMA,2018,6,Desafíos matemáticos. Libro para el alumno,184,186,184,https://historico.conaliteg.gob.mx/c/H2018P6DMA/184.jpg,0,source_jpeg,served_image,200,image/jpeg,161514,be3425930964abf7221a280fc0cd7c1d9b04862946917403804d93a6b5e57898,1,
LTMD_U1_W2_MATH_ASSET_AUDIT_0.1,H2018P6DMA,U1-H2018P6DMA,2018,6,Desafíos matemáticos. Libro para el alumno,185,186,185,https://historico.conaliteg.gob.mx/c/H2018P6DMA/185.jpg,0,source_jpeg,served_image,200,image/jpeg,222772,f2e22c4d1b42e73139c554a1e435940f8df33b0fe84c5c32679ec6e11d4f343b,1,
LTMD_U1_W2_MATH_ASSET_AUDIT_0.1,H2018P6DMA,U1-H2018P6DMA,2018,6,Desafíos matemáticos. Libro para el alumno,186,186,186,https://historico.conaliteg.gob.mx/c/H2018P6DMA/186.jpg,1,terminal_synthetic_candidate,http_404,404,text/html; charset=iso-8859-1,,,1,HTTP 404
LTMD_U1_W2_MATH_ASSET_AUDIT_0.1,H2019P3DMA,U1-H2019P3DMA,2019,3,Desafíos matemáticos. Libro para el alumno,1,226,0,https://historico.conaliteg.gob.mx/c/H2019P3DMA/000.jpg,0,source_jpeg,served_image,200,image/jpeg,140970,4ed343f81d664f26ec9c372c7419288d47294f3059d43cba6677416210a01828,1,
LTMD_U1_W2_MATH_ASSET_AUDIT_0.1,H2019P3DMA,U1-H2019P3DMA,2019,3,Desafíos matemáticos. Libro para el alumno,2,226,2,https://historico.conaliteg.gob.mx/c/H2019P3DMA/002.jpg,0,source_jpeg,served_image,200,image/jpeg,85017,598df365a9617803ba7d1912e0f65574f59142e2dcfb235cf780db556f25d8b4,1,
LTMD_U1_W2_MATH_ASSET_AUDIT_0.1,H2019P3DMA,U1-H2019P3DMA,2019,3,Desafíos matemáticos. Libro para el alumno,3,226,3,https://historico.conaliteg.gob.mx/c/H2019P3DMA/003.jpg,0,source_jpeg,served_image,200,image/jpeg,84964,8e5bea2014fd1dc97282a05bbfe74e21549249d60d9268b906dc5a7d991428a3,1,
LTMD_U1_W2_MATH_ASSET_AUDIT_0.1,H2019P3DMA,U1-H2019P3DMA,2019,3,Desafíos matemáticos. Libro para el alumno,4,226,4,https://historico.conaliteg.gob.mx/c/H2019P3DMA/004.jpg,0,source_jpeg,served_image,200,image/jpeg,90707,6e28c030f6d789b7690c33604b99467f51cf354bffd426174d39f28352e9617e,1,
LTMD_U1_W2_MATH_ASSET_AUDIT_0.1,H2019P3DMA,U1-H2019P3DMA,2019,3,Desafíos matemáticos. Libro para el alumno,5,226,5,https://historico.conaliteg.gob.mx/c/H2019P3DMA/005.jpg,0,source_jpeg,served_image,200,image/jpeg,86762,d9295764c65e80db3fbfa70530f96b787fbb87b1c9425f6e2e1e9996051cc7d3,1,
LTMD_U1_W2_MATH_ASSET_AUDIT_0.1,H2019P3DMA,U1-H2019P3DMA,2019,3,Desafíos matemáticos. Libro para el alumno,6,226,6,https://historico.conaliteg.gob.mx/c/H2019P3DMA/006.jpg,0,source_jpeg,served_image,200,image/jpeg,95618,1b5b8a11c3ac8ca005c375231d07dae12b1d9033ef3066513c4fcaa63249c7eb,1,
LTMD_U1_W2_MATH_ASSET_AUDIT_0.1,H2019P3DMA,U1-H2019P3DMA,2019,3,Desafíos matemáticos. Libro para el alumno,7,226,7,https://historico.conaliteg.gob.mx/c/H2019P3DMA/007.jpg,0,source_jpeg,served_image,200,image/jpeg,127890,6a28a54a01459e9b749e11d9e90ebbf2f7c20b7e07d175cac68573a35862e930,1,
LTMD_U1_W2_MATH_ASSET_AUDIT_0.1,H2019P3DMA,U1-H2019P3DMA,2019,3,Desafíos matemáticos. Libro para el alumno,8,226,8,https://historico.conaliteg.gob.mx/c/H2019P3DMA/008.jpg,0,source_jpeg,served_image,200,image/jpeg,8520,9705d34eddc20e766146e95f790fd57882c4f85351c19a36be123245743b68f2,1,
LTMD_U1_W2_MATH_ASSET_AUDIT_0.1,H2019P3DMA,U1-H2019P3DMA,2019,3,Desafíos matemáticos. Libro para el alumno,9,226,9,https://historico.conaliteg.gob.mx/c/H2019P3DMA/009.jpg,0,source_jpeg,served_image,200,image/jpeg,156822,22c76b829e1d9a1b87e0a4cf7ab41b779fe2e3b39a703482cfeeb92f258982c0,1,
LTMD_U1_W2_MATH_ASSET_AUDIT_0.1,H2019P3DMA,U1-H2019P3DMA,2019,3,Desafíos matemáticos. Libro para el alumno,10,226,10,https://historico.conaliteg.gob.mx/c/H2019P3DMA/010.jpg,0,source_jpeg,served_image,200,image/jpeg,120020,71e4dd766ef825e1bbd44c5fd2bbff488c5eefda18bee68b91bae1782f966576,1,
LTMD_U1_W2_MATH_ASSET_AUDIT_0.1,H2019P3DMA,U1-H2019P3DMA,2019,3,Desafíos matemáticos. Libro para el alumno,11,226,11,https://historico.conaliteg.gob.mx/c/H2019P3DMA/011.jpg,0,source_jpeg,served_image,200,image/jpeg,69348,8253f8bcfeaf70a9e545dd61b638c0c73db0a0621d9f02d927d23331116a03a2,1,
LTMD_U1_W2_MATH_ASSET_AUDIT_0.1,H2019P3DMA,U1-H2019P3DMA,2019,3,Desafíos matemáticos. Libro para el alumno,12,226,12,https://historico.conaliteg.gob.mx/c/H2019P3DMA/012.jpg,0,source_jpeg,served_image,200,image/jpeg,100985,210e472a1c9fcca02e6a0c376564558a4c88857d6980ca254bb79fd998d3f1f8,1,
LTMD_U1_W2_MATH_ASSET_AUDIT_0.1,H2019P3DMA,U1-H2019P3DMA,2019,3,Desafíos matemáticos. Libro para el alumno,13,226,13,https://historico.conaliteg.gob.mx/c/H2019P3DMA/013.jpg,0,source_jpeg,served_image,200,image/jpeg,94131,05e82d2b3690a1f7d6b4c193ae8d00c4b527f703d81a387bc4ccc43412fdfa63,1,
LTMD_U1_W2_MATH_ASSET_AUDIT_0.1,H2019P3DMA,U1-H2019P3DMA,2019,3,Desafíos matemáticos. Libro para el alumno,14,226,14,https://historico.conaliteg.gob.mx/c/H2019P3DMA/014.jpg,0,source_jpeg,served_image,200,image/jpeg,87190,37d56a8608b227427eebbd87563447380fe84748d07ea9379ed3423612da8a95,1,
LTMD_U1_W2_MATH_ASSET_AUDIT_0.1,H2019P3DMA,U1-H2019P3DMA,2019,3,Desafíos matemáticos. Libro para el alumno,15,226,15,https://historico.conaliteg.gob.mx/c/H2019P3DMA/015.jpg,0,source_jpeg,served_image,200,image/jpeg,85726,2e02b53142fcce76e9862e6033205a15d15355f49b6762a460a2acbefbfb0361,1,
LTMD_U1_W2_MATH_ASSET_AUDIT_0.1,H2019P3DMA,U1-H2019P3DMA,2019,3,Desafíos matemáticos. Libro para el alumno,16,226,16,https://historico.conaliteg.gob.mx/c/H2019P3DMA/016.jpg,0,source_jpeg,served_image,200,image/jpeg,87029,d0bc03f91b914a6918582e51b6951defc78a645c41acecf07ca63096239d6717,1,
LTMD_U1_W2_MATH_ASSET_AUDIT_0.1,H2019P3DMA,U1-H2019P3DMA,2019,3,Desafíos matemáticos. Libro para el alumno,17,226,17,https://historico.conaliteg.gob.mx/c/H2019P3DMA/017.jpg,0,source_jpeg,served_image,200,image/jpeg,117170,9e2b1e35ed5b6b449164f66679c7960e83890cff413081b469727652efec7fc2,1,
LTMD_U1_W2_MATH_ASSET_AUDIT_0.1,H2019P3DMA,U1-H2019P3DMA,2019,3,Desafíos matemáticos. Libro para el alumno,18,226,18,https://historico.conaliteg.gob.mx/c/H2019P3DMA/018.jpg,0,source_jpeg,served_image,200,image/jpeg,136067,de139ac1caa633c9a67a9a6972ea5582fc525e6ea92678fede58d6d1c190abd5,1,
LTMD_U1_W2_MATH_ASSET_AUDIT_0.1,H2019P3DMA,U1-H2019P3DMA,2019,3,Desafíos matemáticos. Libro para el alumno,19,226,19,https://historico.conaliteg.gob.mx/c/H2019P3DMA/019.jpg,0,source_jpeg,served_image,200,image/jpeg,65726,e6b74fa44d8b7c651596a9116ae09255651af082f229c61fcae6050b7e007182,1,
LTMD_U1_W2_MATH_ASSET_AUDIT_0.1,H2019P3DMA,U1-H2019P3DMA,2019,3,Desafíos matemáticos. Libro para el alumno,20,226,20,https://historico.conaliteg.gob.mx/c/H2019P3DMA/020.jpg,0,source_jpeg,served_image,200,image/jpeg,79868,971845b235d28d5c5d0f9d23f26ca370174ca4ebfc9e248e58795216acbe1cc4,1,
LTMD_U1_W2_MATH_ASSET_AUDIT_0.1,H2019P3DMA,U1-H2019P3DMA,2019,3,Desafíos matemáticos. Libro para el alumno,21,226,21,https://historico.conaliteg.gob.mx/c/H2019P3DMA/021.jpg,0,source_jpeg,served_image,200,image/jpeg,97862,9ad0890c39da3968e15518d109baf0ea08dc118395eaee998fd76749ee98c93e,1,
LTMD_U1_W2_MATH_ASSET_AUDIT_0.1,H2019P3DMA,U1-H2019P3DMA,2019,3,Desafíos matemáticos. Libro para el alumno,22,226,22,https://historico.conaliteg.gob.mx/c/H2019P3DMA/022.jpg,0,source_jpeg,served_image,200,image/jpeg,57546,5e8e374ba03b4e3fa7f08985d055c6f9ed5452ff2fca36a44c9156fd3b290d2c,1,
LTMD_U1_W2_MATH_ASSET_AUDIT_0.1,H2019P3DMA,U1-H2019P3DMA,2019,3,Desafíos matemáticos. Libro para el alumno,23,226,23,https://historico.conaliteg.gob.mx/c/H2019P3DMA/023.jpg,0,source_jpeg,served_image,200,image/jpeg,112599,5ed95b429b5b3f4958309877ade51b14d06f7b138f595902398ab0dcf7dfdeb3,1,
LTMD_U1_W2_MATH_ASSET_AUDIT_0.1,H2019P3DMA,U1-H2019P3DMA,2019,3,Desafíos matemáticos. Libro para el alumno,24,226,24,https://historico.conaliteg.gob.mx/c/H2019P3DMA/024.jpg,0,source_jpeg,served_image,200,image/jpeg,85910,4898e4a910e06acc0ba95d1962c56fdcfde233657d24f8c644e7409cf538914e,1,
LTMD_U1_W2_MATH_ASSET_AUDIT_0.1,H2019P3DMA,U1-H2019P3DMA,2019,3,Desafíos matemáticos. Libro para el alumno,25,226,25,https://historico.conaliteg.gob.mx/c/H2019P3DMA/025.jpg,0,source_jpeg,served_image,200,image/jpeg,78025,33d8a9b23388727efd28dc1a84930d564c458b2c1a94604d7063e61a8d32c30b,1,
LTMD_U1_W2_MATH_ASSET_AUDIT_0.1,H2019P3DMA,U1-H2019P3DMA,2019,3,Desafíos matemáticos. Libro para el alumno,26,226,26,https://historico.conaliteg.gob.mx/c/H2019P3DMA/026.jpg,0,source_jpeg,served_image,200,image/jpeg,97868,810d4d7b66fb4d55f88999a08737b3854949b081eb90d269b27bad769c2d1819,1,
LTMD_U1_W2_MATH_ASSET_AUDIT_0.1,H2019P3DMA,U1-H2019P3DMA,2019,3,Desafíos matemáticos. Libro para el alumno,27,226,27,https://historico.conaliteg.gob.mx/c/H2019P3DMA/027.jpg,0,source_jpeg,served_image,200,image/jpeg,60138,ff189ef40e932434802858077751629711e3e112dd4b83ddd46a6309cd1d3455,1,
LTMD_U1_W2_MATH_ASSET_AUDIT_0.1,H2019P3DMA,U1-H2019P3DMA,2019,3,Desafíos matemáticos. Libro para el alumno,28,226,28,https://historico.conaliteg.gob.mx/c/H2019P3DMA/028.jpg,0,source_jpeg,served_image,200,image/jpeg,102565,133ea08a130a2c6a70370dc29a3846e3568cd0709b60d381fb59e0a22471200d,1,
LTMD_U1_W2_MATH_ASSET_AUDIT_0.1,H2019P3DMA,U1-H2019P3DMA,2019,3,Desafíos matemáticos. Libro para el alumno,29,226,29,https://historico.conaliteg.gob.mx/c/H2019P3DMA/029.jpg,0,source_jpeg,served_image,200,image/jpeg,83634,420d98984f1afec97c4e45b925af361c13ab0fcc44e95b70fbd75fbcca9504db,1,
LTMD_U1_W2_MATH_ASSET_AUDIT_0.1,H2019P3DMA,U1-H2019P3DMA,2019,3,Desafíos matemáticos. Libro para el alumno,30,226,30,https://historico.conaliteg.gob.mx/c/H2019P3DMA/030.jpg,0,source_jpeg,served_image,200,image/jpeg,97331,bac49453920a89ab736a9d7846be5ecd122bb853f30ed6494c356a10d8a80e6e,1,
LTMD_U1_W2_MATH_ASSET_AUDIT_0.1,H2019P3DMA,U1-H2019P3DMA,2019,3,Desafíos matemáticos. Libro para el alumno,31,226,31,https://historico.conaliteg.gob.mx/c/H2019P3DMA/031.jpg,0,source_jpeg,served_image,200,image/jpeg,121785,a6a77d743b7c4baf27919c574f07d62feee56250c3f9e17729fc9c9409a872d8,1,
LTMD_U1_W2_MATH_ASSET_AUDIT_0.1,H2019P3DMA,U1-H2019P3DMA,2019,3,Desafíos matemáticos. Libro para el alumno,32,226,32,https://historico.conaliteg.gob.mx/c/H2019P3DMA/032.jpg,0,source_jpeg,served_image,200,image/jpeg,92783,6038fe95680be92feb58d4457d71d8054e285bfda041da951fb19db771f934fd,1,
LTMD_U1_W2_MATH_ASSET_AUDIT_0.1,H2019P3DMA,U1-H2019P3DMA,2019,3,Desafíos matemáticos. Libro para el alumno,33,226,33,https://historico.conaliteg.gob.mx/c/H2019P3DMA/033.jpg,0,source_jpeg,served_image,200,image/jpeg,93727,8b59abf6773597b5c633d5eb5fa5b9836b13aab674ce9f809c9a70b8c4eddbc2,1,
LTMD_U1_W2_MATH_ASSET_AUDIT_0.1,H2019P3DMA,U1-H2019P3DMA,2019,3,Desafíos matemáticos. Libro para el alumno,34,226,34,https://historico.conaliteg.gob.mx/c/H2019P3DMA/034.jpg,0,source_jpeg,served_image,200,image/jpeg,102689,e60d364f8bd4ebd622424120adf5134f46a4593220d85e83492a10a0c438c62d,1,
LTMD_U1_W2_MATH_ASSET_AUDIT_0.1,H2019P3DMA,U1-H2019P3DMA,2019,3,Desafíos matemáticos. Libro para el alumno,35,226,35,https://historico.conaliteg.gob.mx/c/H2019P3DMA/035.jpg,0,source_jpeg,served_image,200,image/jpeg,84018,6420835f4ad0d6f8fd9e36cc7d3c3a1aef0e076473f8749196b3dbf33bb7b747,1,
LTMD_U1_W2_MATH_ASSET_AUDIT_0.1,H2019P3DMA,U1-H2019P3DMA,2019,3,Desafíos matemáticos. Libro para el alumno,36,226,36,https://historico.conaliteg.gob.mx/c/H2019P3DMA/036.jpg,0,source_jpeg,served_image,200,image/jpeg,100784,f0c82164fa4755c2ec1202ac985fd140e9faea287f6d37b78b7fb6c3271371d0,1,
LTMD_U1_W2_MATH_ASSET_AUDIT_0.1,H2019P3DMA,U1-H2019P3DMA,2019,3,Desafíos matemáticos. Libro para el alumno,37,226,37,https://historico.conaliteg.gob.mx/c/H2019P3DMA/037.jpg,0,source_jpeg,served_image,200,image/jpeg,69528,89dea397c523155ec65cfc2a11719b7e2777961d133206515d31cf1759f78b41,1,
LTMD_U1_W2_MATH_ASSET_AUDIT_0.1,H2019P3DMA,U1-H2019P3DMA,2019,3,Desafíos matemáticos. Libro para el alumno,38,226,38,https://historico.conaliteg.gob.mx/c/H2019P3DMA/038.jpg,0,source_jpeg,served_image,200,image/jpeg,62008,cb0cd5ec3c598166c45bc8a050c9308982fe8b1e03f337e21ce90c00578beb6e,1,
LTMD_U1_W2_MATH_ASSET_AUDIT_0.1,H2019P3DMA,U1-H2019P3DMA,2019,3,Desafíos matemáticos. Libro para el alumno,39,226,39,https://historico.conaliteg.gob.mx/c/H2019P3DMA/039.jpg,0,source_jpeg,served_image,200,image/jpeg,102649,f4577a177c35a455b081725bab4806749646cc863b5d7197f091080986586081,1,
LTMD_U1_W2_MATH_ASSET_AUDIT_0.1,H2019P3DMA,U1-H2019P3DMA,2019,3,Desafíos matemáticos. Libro para el alumno,40,226,40,https://historico.conaliteg.gob.mx/c/H2019P3DMA/040.jpg,0,source_jpeg,served_image,200,image/jpeg,116466,ff0666630477a6b7dc4b6fa94df7a423f5516a1e70eed5fb2cf67ae67b11f900,1,
LTMD_U1_W2_MATH_ASSET_AUDIT_0.1,H2019P3DMA,U1-H2019P3DMA,2019,3,Desafíos matemáticos. Libro para el alumno,41,226,41,https://historico.conaliteg.gob.mx/c/H2019P3DMA/041.jpg,0,source_jpeg,served_image,200,image/jpeg,129508,2b5edfc6f6b4e8c0a03be763c320bb1b19b4f276a9796ff41a77330a73c50069,1,
LTMD_U1_W2_MATH_ASSET_AUDIT_0.1,H2019P3DMA,U1-H2019P3DMA,2019,3,Desafíos matemáticos. Libro para el alumno,42,226,42,https://historico.conaliteg.gob.mx/c/H2019P3DMA/042.jpg,0,source_jpeg,served_image,200,image/jpeg,100770,6e5fd82f922fcc547bd5c070abde0a69aafb941ad5e39f49ce7cdb53c6b43a67,1,
LTMD_U1_W2_MATH_ASSET_AUDIT_0.1,H2019P3DMA,U1-H2019P3DMA,2019,3,Desafíos matemáticos. Libro para el alumno,43,226,43,https://historico.conaliteg.gob.mx/c/H2019P3DMA/043.jpg,0,source_jpeg,served_image,200,image/jpeg,56836,f2d1912ddd13cb689759c108723394bf827dab7524d086ddb97b5c63fa280c8f,1,
LTMD_U1_W2_MATH_ASSET_AUDIT_0.1,H2019P3DMA,U1-H2019P3DMA,2019,3,Desafíos matemáticos. Libro para el alumno,44,226,44,https://historico.conaliteg.gob.mx/c/H2019P3DMA/044.jpg,0,source_jpeg,served_image,200,image/jpeg,109070,fda3c09e850054bfcd094345c184b2b93b4c9d35989f53a3741ac350a0bb92bb,1,
LTMD_U1_W2_MATH_ASSET_AUDIT_0.1,H2019P3DMA,U1-H2019P3DMA,2019,3,Desafíos matemáticos. Libro para el alumno,45,226,45,https://historico.conaliteg.gob.mx/c/H2019P3DMA/045.jpg,0,source_jpeg,served_image,200,image/jpeg,77557,3b2b0886fb86d813f97457c30d923129d2fdb70a872af4dffba2e2bcefd955d5,1,
LTMD_U1_W2_MATH_ASSET_AUDIT_0.1,H2019P3DMA,U1-H2019P3DMA,2019,3,Desafíos matemáticos. Libro para el alumno,46,226,46,https://historico.conaliteg.gob.mx/c/H2019P3DMA/046.jpg,0,source_jpeg,served_image,200,image/jpeg,81054,18cad2ef8b46d15f4567919560bbfbaddfbfeac18ba3c1271b1e2b43ac2f9a90,1,
LTMD_U1_W2_MATH_ASSET_AUDIT_0.1,H2019P3DMA,U1-H2019P3DMA,2019,3,Desafíos matemáticos. Libro para el alumno,47,226,47,https://historico.conaliteg.gob.mx/c/H2019P3DMA/047.jpg,0,source_jpeg,served_image,200,image/jpeg,90229,55a15ff3051cec1f3a10e1ff4e2645edca2fdd7a0d0ddc7b1e1394662a35c248,1,
LTMD_U1_W2_MATH_ASSET_AUDIT_0.1,H2019P3DMA,U1-H2019P3DMA,2019,3,Desafíos matemáticos. Libro para el alumno,48,226,48,https://historico.conaliteg.gob.mx/c/H2019P3DMA/048.jpg,0,source_jpeg,served_image,200,image/jpeg,99212,e4b5b0ce5e12cc5052f6c34e683761c1f03f462eb83536b5215a620720d44bf6,1,
LTMD_U1_W2_MATH_ASSET_AUDIT_0.1,H2019P3DMA,U1-H2019P3DMA,2019,3,Desafíos matemáticos. Libro para el alumno,49,226,49,https://historico.conaliteg.gob.mx/c/H2019P3DMA/049.jpg,0,source_jpeg,served_image,200,image/jpeg,94704,53918f3d4b231a74caf6010dc8d0a044b03c1c728f5730dd31a03da94c9f34cd,1,
LTMD_U1_W2_MATH_ASSET_AUDIT_0.1,H2019P3DMA,U1-H2019P3DMA,2019,3,Desafíos matemáticos. Libro para el alumno,50,226,50,https://historico.conaliteg.gob.mx/c/H2019P3DMA/050.jpg,0,source_jpeg,served_image,200,image/jpeg,106275,87797ae506306c1a899f937e591ad15ae15292fa242b6da3a7ee907da965e652,1,
LTMD_U1_W2_MATH_ASSET_AUDIT_0.1,H2019P3DMA,U1-H2019P3DMA,2019,3,Desafíos matemáticos. Libro para el alumno,51,226,51,https://historico.conaliteg.gob.mx/c/H2019P3DMA/051.jpg,0,source_jpeg,served_image,200,image/jpeg,82878,c2bf39f83e997f8d7a786dea10ce52d16207b48e571ea65de175d20a881b394f,1,
LTMD_U1_W2_MATH_ASSET_AUDIT_0.1,H2019P3DMA,U1-H2019P3DMA,2019,3,Desafíos matemáticos. Libro para el alumno,52,226,52,https://historico.conaliteg.gob.mx/c/H2019P3DMA/052.jpg,0,source_jpeg,served_image,200,image/jpeg,69771,8adfaf6ed4fc7d238079e2a6850b4f126f3bac79a028dc22cf1472895f295cab,1,
LTMD_U1_W2_MATH_ASSET_AUDIT_0.1,H2019P3DMA,U1-H2019P3DMA,2019,3,Desafíos matemáticos. Libro para el alumno,53,226,53,https://historico.conaliteg.gob.mx/c/H2019P3DMA/053.jpg,0,source_jpeg,served_image,200,image/jpeg,75972,f69a6a555e65c0dc468a71c5abef0205a037bd92d797056e35e7623afa15acfe,1,
LTMD_U1_W2_MATH_ASSET_AUDIT_0.1,H2019P3DMA,U1-H2019P3DMA,2019,3,Desafíos matemáticos. Libro para el alumno,54,226,54,https://historico.conaliteg.gob.mx/c/H2019P3DMA/054.jpg,0,source_jpeg,served_image,200,image/jpeg,62970,0d32a2e619fd1a047f74bf5c457e2be8db76210a5b812e869e73c0a15722c7ee,1,
LTMD_U1_W2_MATH_ASSET_AUDIT_0.1,H2019P3DMA,U1-H2019P3DMA,2019,3,Desafíos matemáticos. Libro para el alumno,55,226,55,https://historico.conaliteg.gob.mx/c/H2019P3DMA/055.jpg,0,source_jpeg,served_image,200,image/jpeg,62596,a717efdecb2d1aa4cbe0d7e32921495d454487979ade32904f0963acc22cc71a,1,
LTMD_U1_W2_MATH_ASSET_AUDIT_0.1,H2019P3DMA,U1-H2019P3DMA,2019,3,Desafíos matemáticos. Libro para el alumno,56,226,56,https://historico.conaliteg.gob.mx/c/H2019P3DMA/056.jpg,0,source_jpeg,served_image,200,image/jpeg,80925,f62aff23729437a30bf5ca431db425092848b522b2198bd693262a0a6de65002,1,
LTMD_U1_W2_MATH_ASSET_AUDIT_0.1,H2019P3DMA,U1-H2019P3DMA,2019,3,Desafíos matemáticos. Libro para el alumno,57,226,57,https://historico.conaliteg.gob.mx/c/H2019P3DMA/057.jpg,0,source_jpeg,served_image,200,image/jpeg,72993,cc0278c2d60c295ec1b329e5fd42f99f7671af64be24521396aa50126f7cf061,1,
LTMD_U1_W2_MATH_ASSET_AUDIT_0.1,H2019P3DMA,U1-H2019P3DMA,2019,3,Desafíos matemáticos. Libro para el alumno,58,226,58,https://historico.conaliteg.gob.mx/c/H2019P3DMA/058.jpg,0,source_jpeg,served_image,200,image/jpeg,60418,7b7abec49ce0e23bd6768c0da403b67acee9f26302385736679a6680e547f184,1,
LTMD_U1_W2_MATH_ASSET_AUDIT_0.1,H2019P3DMA,U1-H2019P3DMA,2019,3,Desafíos matemáticos. Libro para el alumno,59,226,59,https://historico.conaliteg.gob.mx/c/H2019P3DMA/059.jpg,0,source_jpeg,served_image,200,image/jpeg,70753,f8edaf76427a99e2a1d5702e97cddffa393a5b87c6976fe0bc3525c710fab5a5,1,
LTMD_U1_W2_MATH_ASSET_AUDIT_0.1,H2019P3DMA,U1-H2019P3DMA,2019,3,Desafíos matemáticos. Libro para el alumno,60,226,60,https://historico.conaliteg.gob.mx/c/H2019P3DMA/060.jpg,0,source_jpeg,served_image,200,image/jpeg,43220,46524b65407ccb124a3f9809f078a7a9291700258e1600d8839066dab59659e0,1,
LTMD_U1_W2_MATH_ASSET_AUDIT_0.1,H2019P3DMA,U1-H2019P3DMA,2019,3,Desafíos matemáticos. Libro para el alumno,61,226,61,https://historico.conaliteg.gob.mx/c/H2019P3DMA/061.jpg,0,source_jpeg,served_image,200,image/jpeg,85910,c39c2e3268251ed1e72148bf3de8d089fa20412aa52d92b98c976701c320f2c2,1,
LTMD_U1_W2_MATH_ASSET_AUDIT_0.1,H2019P3DMA,U1-H2019P3DMA,2019,3,Desafíos matemáticos. Libro para el alumno,62,226,62,https://historico.conaliteg.gob.mx/c/H2019P3DMA/062.jpg,0,source_jpeg,served_image,200,image/jpeg,79383,228377dfec753404107209f41e1e5f45a06110bb622683f88a578a5ceecea087,1,
LTMD_U1_W2_MATH_ASSET_AUDIT_0.1,H2019P3DMA,U1-H2019P3DMA,2019,3,Desafíos matemáticos. Libro para el alumno,63,226,63,https://historico.conaliteg.gob.mx/c/H2019P3DMA/063.jpg,0,source_jpeg,served_image,200,image/jpeg,59449,5af3bae7987bbb98b13fb99019982a9bb73d3fd7b5d4155edb3f35cf6480ce25,1,
LTMD_U1_W2_MATH_ASSET_AUDIT_0.1,H2019P3DMA,U1-H2019P3DMA,2019,3,Desafíos matemáticos. Libro para el alumno,64,226,64,https://historico.conaliteg.gob.mx/c/H2019P3DMA/064.jpg,0,source_jpeg,served_image,200,image/jpeg,74113,a55b38c228a645c99140e2298f3daa3779e15b331791e71c33278f5df91ac740,1,
LTMD_U1_W2_MATH_ASSET_AUDIT_0.1,H2019P3DMA,U1-H2019P3DMA,2019,3,Desafíos matemáticos. Libro para el alumno,65,226,65,https://historico.conaliteg.gob.mx/c/H2019P3DMA/065.jpg,0,source_jpeg,served_image,200,image/jpeg,68062,398662e4c541fef6235a607c51a0543950cdc7ef0aa64c4c24410ed01479cbec,1,
LTMD_U1_W2_MATH_ASSET_AUDIT_0.1,H2019P3DMA,U1-H2019P3DMA,2019,3,Desafíos matemáticos. Libro para el alumno,66,226,66,https://historico.conaliteg.gob.mx/c/H2019P3DMA/066.jpg,0,source_jpeg,served_image,200,image/jpeg,85872,4e9ea6ee0eb7e10536e44470826145400d05c62625445e2626b72cec28152fff,1,
LTMD_U1_W2_MATH_ASSET_AUDIT_0.1,H2019P3DMA,U1-H2019P3DMA,2019,3,Desafíos matemáticos. Libro para el alumno,67,226,67,https://historico.conaliteg.gob.mx/c/H2019P3DMA/067.jpg,0,source_jpeg,served_image,200,image/jpeg,59929,ecde1d1f69d9031d445b8544b6f1a07b2fddebf7f04f719cd3087a4e80d8058c,1,
LTMD_U1_W2_MATH_ASSET_AUDIT_0.1,H2019P3DMA,U1-H2019P3DMA,2019,3,Desafíos matemáticos. Libro para el alumno,68,226,68,https://historico.conaliteg.gob.mx/c/H2019P3DMA/068.jpg,0,source_jpeg,served_image,200,image/jpeg,62674,48691363e5d324db28745d5d8b71bf91bd0f7bb1c95a8e8f66143c7e2a153a32,1,
LTMD_U1_W2_MATH_ASSET_AUDIT_0.1,H2019P3DMA,U1-H2019P3DMA,2019,3,Desafíos matemáticos. Libro para el alumno,69,226,69,https://historico.conaliteg.gob.mx/c/H2019P3DMA/069.jpg,0,source_jpeg,served_image,200,image/jpeg,70103,868dec9b5312a1ab2e07deaa00db16b6d2d316a5bdc3b85cdebf6f78584358d9,1,
LTMD_U1_W2_MATH_ASSET_AUDIT_0.1,H2019P3DMA,U1-H2019P3DMA,2019,3,Desafíos matemáticos. Libro para el alumno,70,226,70,https://historico.conaliteg.gob.mx/c/H2019P3DMA/070.jpg,0,source_jpeg,served_image,200,image/jpeg,71257,36c343fd591dec1045cde1b320976f543ea8e10c0c1606a2a5286968a255e169,1,
LTMD_U1_W2_MATH_ASSET_AUDIT_0.1,H2019P3DMA,U1-H2019P3DMA,2019,3,Desafíos matemáticos. Libro para el alumno,71,226,71,https://historico.conaliteg.gob.mx/c/H2019P3DMA/071.jpg,0,source_jpeg,served_image,200,image/jpeg,95543,7530c3c5063c4c021f28b9d2d90170411829d9f8f2350a9069cede256331cb85,1,
LTMD_U1_W2_MATH_ASSET_AUDIT_0.1,H2019P3DMA,U1-H2019P3DMA,2019,3,Desafíos matemáticos. Libro para el alumno,72,226,72,https://historico.conaliteg.gob.mx/c/H2019P3DMA/072.jpg,0,source_jpeg,served_image,200,image/jpeg,85946,2faebd6ec8ec3a72e26151463a0b0eafb0d7f333710149209165dd29336ea347,1,
LTMD_U1_W2_MATH_ASSET_AUDIT_0.1,H2019P3DMA,U1-H2019P3DMA,2019,3,Desafíos matemáticos. Libro para el alumno,73,226,73,https://historico.conaliteg.gob.mx/c/H2019P3DMA/073.jpg,0,source_jpeg,served_image,200,image/jpeg,52440,f07a6577bcc157bcfd3dc72ff76032d7c6298cfd60ecefd1da4406429e9d5225,1,
LTMD_U1_W2_MATH_ASSET_AUDIT_0.1,H2019P3DMA,U1-H2019P3DMA,2019,3,Desafíos matemáticos. Libro para el alumno,74,226,74,https://historico.conaliteg.gob.mx/c/H2019P3DMA/074.jpg,0,source_jpeg,served_image,200,image/jpeg,47629,82adf33fadd97cbc192b9b932f538d345aef9bb5e9f42ea8ecda3b8c4b3ac8ce,1,
LTMD_U1_W2_MATH_ASSET_AUDIT_0.1,H2019P3DMA,U1-H2019P3DMA,2019,3,Desafíos matemáticos. Libro para el alumno,75,226,75,https://historico.conaliteg.gob.mx/c/H2019P3DMA/075.jpg,0,source_jpeg,served_image,200,image/jpeg,93297,07602f915b7ff7b5f511cd5fab008ac884de527ca02209730836639969612dee,1,
LTMD_U1_W2_MATH_ASSET_AUDIT_0.1,H2019P3DMA,U1-H2019P3DMA,2019,3,Desafíos matemáticos. Libro para el alumno,76,226,76,https://historico.conaliteg.gob.mx/c/H2019P3DMA/076.jpg,0,source_jpeg,served_image,200,image/jpeg,82556,b632c1226aeecfd6db3aa739d3620afce351ecae3a8a44ab2c6758f3e53b9994,1,
LTMD_U1_W2_MATH_ASSET_AUDIT_0.1,H2019P3DMA,U1-H2019P3DMA,2019,3,Desafíos matemáticos. Libro para el alumno,77,226,77,https://historico.conaliteg.gob.mx/c/H2019P3DMA/077.jpg,0,source_jpeg,served_image,200,image/jpeg,79579,abcc2839bf75b94aff0d0645016e0676870a46a2e78797095e12f27b5a7469da,1,
LTMD_U1_W2_MATH_ASSET_AUDIT_0.1,H2019P3DMA,U1-H2019P3DMA,2019,3,Desafíos matemáticos. Libro para el alumno,78,226,78,https://historico.conaliteg.gob.mx/c/H2019P3DMA/078.jpg,0,source_jpeg,served_image,200,image/jpeg,76428,5b78d2c8553e538818bf6bd07a2bc000ee751dde0cf7ef5230a131df8c04e12a,1,
LTMD_U1_W2_MATH_ASSET_AUDIT_0.1,H2019P3DMA,U1-H2019P3DMA,2019,3,Desafíos matemáticos. Libro para el alumno,79,226,79,https://historico.conaliteg.gob.mx/c/H2019P3DMA/079.jpg,0,source_jpeg,served_image,200,image/jpeg,78626,865c3edb81553f0d55e56774a7e6f856a93145b186b9b934f33b6e0595695351,1,
LTMD_U1_W2_MATH_ASSET_AUDIT_0.1,H2019P3DMA,U1-H2019P3DMA,2019,3,Desafíos matemáticos. Libro para el alumno,80,226,80,https://historico.conaliteg.gob.mx/c/H2019P3DMA/080.jpg,0,source_jpeg,served_image,200,image/jpeg,85639,cfb222126f6f4edf2df3bd09ebf85737698fa926cf3da5a8de7582e51a2330a1,1,
LTMD_U1_W2_MATH_ASSET_AUDIT_0.1,H2019P3DMA,U1-H2019P3DMA,2019,3,Desafíos matemáticos. Libro para el alumno,81,226,81,https://historico.conaliteg.gob.mx/c/H2019P3DMA/081.jpg,0,source_jpeg,served_image,200,image/jpeg,64173,65046caca07be8859137d4245c72ca4b7066250ec1cebd1c8f891540c04baa22,1,
LTMD_U1_W2_MATH_ASSET_AUDIT_0.1,H2019P3DMA,U1-H2019P3DMA,2019,3,Desafíos matemáticos. Libro para el alumno,82,226,82,https://historico.conaliteg.gob.mx/c/H2019P3DMA/082.jpg,0,source_jpeg,served_image,200,image/jpeg,89232,1e1b86b1b9d6a22fa01d5897743f1ef72e0436a4d6b3ccb63e8f045d3759d212,1,
LTMD_U1_W2_MATH_ASSET_AUDIT_0.1,H2019P3DMA,U1-H2019P3DMA,2019,3,Desafíos matemáticos. Libro para el alumno,83,226,83,https://historico.conaliteg.gob.mx/c/H2019P3DMA/083.jpg,0,source_jpeg,served_image,200,image/jpeg,115122,ce42e01823d4f54c7cf291b1e44cab1df94e97ac70b516842c62a1dc7d9ff6ed,1,
LTMD_U1_W2_MATH_ASSET_AUDIT_0.1,H2019P3DMA,U1-H2019P3DMA,2019,3,Desafíos matemáticos. Libro para el alumno,84,226,84,https://historico.conaliteg.gob.mx/c/H2019P3DMA/084.jpg,0,source_jpeg,served_image,200,image/jpeg,49858,ff2c11717f9d15d06404f22cb4a53c6bfe94a65fb3f19c645ce797bc6f0b31d0,1,
LTMD_U1_W2_MATH_ASSET_AUDIT_0.1,H2019P3DMA,U1-H2019P3DMA,2019,3,Desafíos matemáticos. Libro para el alumno,85,226,85,https://historico.conaliteg.gob.mx/c/H2019P3DMA/085.jpg,0,source_jpeg,served_image,200,image/jpeg,92724,38cd2ce88f96c731d3482d3d47b90c34832238415d157023edea71ede87b4d7e,1,
LTMD_U1_W2_MATH_ASSET_AUDIT_0.1,H2019P3DMA,U1-H2019P3DMA,2019,3,Desafíos matemáticos. Libro para el alumno,86,226,86,https://historico.conaliteg.gob.mx/c/H2019P3DMA/086.jpg,0,source_jpeg,served_image,200,image/jpeg,73995,1f646e76bca747ad3e62a09cb61350716b9409f2441df3f251e78a2007486dc2,1,
LTMD_U1_W2_MATH_ASSET_AUDIT_0.1,H2019P3DMA,U1-H2019P3DMA,2019,3,Desafíos matemáticos. Libro para el alumno,87,226,87,https://historico.conaliteg.gob.mx/c/H2019P3DMA/087.jpg,0,source_jpeg,served_image,200,image/jpeg,48969,25a87cf153c8d2b424f0445b8dd9ea94201d815438f29fd95e6962bde7868114,1,
LTMD_U1_W2_MATH_ASSET_AUDIT_0.1,H2019P3DMA,U1-H2019P3DMA,2019,3,Desafíos matemáticos. Libro para el alumno,88,226,88,https://historico.conaliteg.gob.mx/c/H2019P3DMA/088.jpg,0,source_jpeg,served_image,200,image/jpeg,74490,05e0ff25cf442c74077a47a7c3ab6cb6f00eb7dfc02620dcd03c9645ff302ff0,1,
LTMD_U1_W2_MATH_ASSET_AUDIT_0.1,H2019P3DMA,U1-H2019P3DMA,2019,3,Desafíos matemáticos. Libro para el alumno,89,226,89,https://historico.conaliteg.gob.mx/c/H2019P3DMA/089.jpg,0,source_jpeg,served_image,200,image/jpeg,81425,e0fc949a8f87f7d06f9097d7f94cb9ff77d24b854909f866f75799d1d4abbede,1,
LTMD_U1_W2_MATH_ASSET_AUDIT_0.1,H2019P3DMA,U1-H2019P3DMA,2019,3,Desafíos matemáticos. Libro para el alumno,90,226,90,https://historico.conaliteg.gob.mx/c/H2019P3DMA/090.jpg,0,source_jpeg,served_image,200,image/jpeg,62829,5bbaaddec344336fe9356f301103312f0f8f3477a339833ea5a9529c093ccb6a,1,
LTMD_U1_W2_MATH_ASSET_AUDIT_0.1,H2019P3DMA,U1-H2019P3DMA,2019,3,Desafíos matemáticos. Libro para el alumno,91,226,91,https://historico.conaliteg.gob.mx/c/H2019P3DMA/091.jpg,0,source_jpeg,served_image,200,image/jpeg,68917,f8bb5bfc3d33da5b8a9e367ee13449175693d7f7bd0657c56c4eb44c678f780c,1,
LTMD_U1_W2_MATH_ASSET_AUDIT_0.1,H2019P3DMA,U1-H2019P3DMA,2019,3,Desafíos matemáticos. Libro para el alumno,92,226,92,https://historico.conaliteg.gob.mx/c/H2019P3DMA/092.jpg,0,source_jpeg,served_image,200,image/jpeg,65593,e3e902b9da687907acc7fece4fc34356a98b715b748eb22f6e27b8663c1d7dcb,1,
LTMD_U1_W2_MATH_ASSET_AUDIT_0.1,H2019P3DMA,U1-H2019P3DMA,2019,3,Desafíos matemáticos. Libro para el alumno,93,226,93,https://historico.conaliteg.gob.mx/c/H2019P3DMA/093.jpg,0,source_jpeg,served_image,200,image/jpeg,95170,a2a669b333f186dae6cb888f21df1ee374c89c7b04d690db11883641698dae63,1,
LTMD_U1_W2_MATH_ASSET_AUDIT_0.1,H2019P3DMA,U1-H2019P3DMA,2019,3,Desafíos matemáticos. Libro para el alumno,94,226,94,https://historico.conaliteg.gob.mx/c/H2019P3DMA/094.jpg,0,source_jpeg,served_image,200,image/jpeg,84323,7af51fd2f4b3e24a3e86800c454791ac59edd3e46b03d854ee42bfec1591da3a,1,
LTMD_U1_W2_MATH_ASSET_AUDIT_0.1,H2019P3DMA,U1-H2019P3DMA,2019,3,Desafíos matemáticos. Libro para el alumno,95,226,95,https://historico.conaliteg.gob.mx/c/H2019P3DMA/095.jpg,0,source_jpeg,served_image,200,image/jpeg,108846,fa2585f3e3a749974fc40b9ef5ba647e2bb46bf1dcf919ff6dc24c1a62fdf4ea,1,
LTMD_U1_W2_MATH_ASSET_AUDIT_0.1,H2019P3DMA,U1-H2019P3DMA,2019,3,Desafíos matemáticos. Libro para el alumno,96,226,96,https://historico.conaliteg.gob.mx/c/H2019P3DMA/096.jpg,0,source_jpeg,served_image,200,image/jpeg,116946,58a3bb4c6927b1a50aac3bb27ddaaa25d7e03b4635ce6493d0ec28f51b21c4cb,1,
LTMD_U1_W2_MATH_ASSET_AUDIT_0.1,H2019P3DMA,U1-H2019P3DMA,2019,3,Desafíos matemáticos. Libro para el alumno,97,226,97,https://historico.conaliteg.gob.mx/c/H2019P3DMA/097.jpg,0,source_jpeg,served_image,200,image/jpeg,84156,dd38a0d7666a855932d0f0ab73e753e34927171a0ee237eaaf4a4f20abb72f5c,1,
LTMD_U1_W2_MATH_ASSET_AUDIT_0.1,H2019P3DMA,U1-H2019P3DMA,2019,3,Desafíos matemáticos. Libro para el alumno,98,226,98,https://historico.conaliteg.gob.mx/c/H2019P3DMA/098.jpg,0,source_jpeg,served_image,200,image/jpeg,65272,6df68a6c503811d295b1dfe79be9d07f0999e6bbbd57143209c5b75eb85569be,1,
LTMD_U1_W2_MATH_ASSET_AUDIT_0.1,H2019P3DMA,U1-H2019P3DMA,2019,3,Desafíos matemáticos. Libro para el alumno,99,226,99,https://historico.conaliteg.gob.mx/c/H2019P3DMA/099.jpg,0,source_jpeg,served_image,200,image/jpeg,106660,d5ab6eebcc0515c78296d1542668af1b25ecf63bafc53629531a14b542ccfddd,1,
LTMD_U1_W2_MATH_ASSET_AUDIT_0.1,H2019P3DMA,U1-H2019P3DMA,2019,3,Desafíos matemáticos. Libro para el alumno,100,226,100,https://historico.conaliteg.gob.mx/c/H2019P3DMA/100.jpg,0,source_jpeg,served_image,200,image/jpeg,104213,08af6fd13c8447415f49d0aff9e7fa9a9cdd28c9797dfa7fd10ceece8ed2710c,1,
LTMD_U1_W2_MATH_ASSET_AUDIT_0.1,H2019P3DMA,U1-H2019P3DMA,2019,3,Desafíos matemáticos. Libro para el alumno,101,226,101,https://historico.conaliteg.gob.mx/c/H2019P3DMA/101.jpg,0,source_jpeg,served_image,200,image/jpeg,92463,da60968d2f4037a422fe2b3fac6cfde274624203998c1cbd033a5af7ed73f0f6,1,
LTMD_U1_W2_MATH_ASSET_AUDIT_0.1,H2019P3DMA,U1-H2019P3DMA,2019,3,Desafíos matemáticos. Libro para el alumno,102,226,102,https://historico.conaliteg.gob.mx/c/H2019P3DMA/102.jpg,0,source_jpeg,served_image,200,image/jpeg,64070,5b454793e6644c92557f3821508d05ff8f1e70f259fb2284d8a4f9361d507c46,1,
LTMD_U1_W2_MATH_ASSET_AUDIT_0.1,H2019P3DMA,U1-H2019P3DMA,2019,3,Desafíos matemáticos. Libro para el alumno,103,226,103,https://historico.conaliteg.gob.mx/c/H2019P3DMA/103.jpg,0,source_jpeg,served_image,200,image/jpeg,87071,f735dd3aa51949c1a1d82a941c123e25e54b6a4438c2fef6ff3203ad28031d2e,1,
LTMD_U1_W2_MATH_ASSET_AUDIT_0.1,H2019P3DMA,U1-H2019P3DMA,2019,3,Desafíos matemáticos. Libro para el alumno,104,226,104,https://historico.conaliteg.gob.mx/c/H2019P3DMA/104.jpg,0,source_jpeg,served_image,200,image/jpeg,108338,2458af924610176e9f6542e12d7e983e9e7a37366e5f53b158c147b073695086,1,
LTMD_U1_W2_MATH_ASSET_AUDIT_0.1,H2019P3DMA,U1-H2019P3DMA,2019,3,Desafíos matemáticos. Libro para el alumno,105,226,105,https://historico.conaliteg.gob.mx/c/H2019P3DMA/105.jpg,0,source_jpeg,served_image,200,image/jpeg,94124,15729c43eafe2258a1cb63f6c8c55c114c2266f81611f899c534e1fa97ba9cb4,1,
LTMD_U1_W2_MATH_ASSET_AUDIT_0.1,H2019P3DMA,U1-H2019P3DMA,2019,3,Desafíos matemáticos. Libro para el alumno,106,226,106,https://historico.conaliteg.gob.mx/c/H2019P3DMA/106.jpg,0,source_jpeg,served_image,200,image/jpeg,104063,07a2894dde6934c47ba037001fb4741487a98ad08a1623c2fc60b210740ddbdc,1,
LTMD_U1_W2_MATH_ASSET_AUDIT_0.1,H2019P3DMA,U1-H2019P3DMA,2019,3,Desafíos matemáticos. Libro para el alumno,107,226,107,https://historico.conaliteg.gob.mx/c/H2019P3DMA/107.jpg,0,source_jpeg,served_image,200,image/jpeg,104826,03c3209d6f335964a7cd22f821970f66f69a7276b528848d7e57e1b91f452728,1,
LTMD_U1_W2_MATH_ASSET_AUDIT_0.1,H2019P3DMA,U1-H2019P3DMA,2019,3,Desafíos matemáticos. Libro para el alumno,108,226,108,https://historico.conaliteg.gob.mx/c/H2019P3DMA/108.jpg,0,source_jpeg,served_image,200,image/jpeg,90494,0075ba9ce5573c07d5afc99d415f6d1d818aede3a884835c41bd2ef63215f39c,1,
LTMD_U1_W2_MATH_ASSET_AUDIT_0.1,H2019P3DMA,U1-H2019P3DMA,2019,3,Desafíos matemáticos. Libro para el alumno,109,226,109,https://historico.conaliteg.gob.mx/c/H2019P3DMA/109.jpg,0,source_jpeg,served_image,200,image/jpeg,87579,97a82071c04018da0e7970a1e63c3dde737765d6e7a2c8d7e4ba815485341ad1,1,
LTMD_U1_W2_MATH_ASSET_AUDIT_0.1,H2019P3DMA,U1-H2019P3DMA,2019,3,Desafíos matemáticos. Libro para el alumno,110,226,110,https://historico.conaliteg.gob.mx/c/H2019P3DMA/110.jpg,0,source_jpeg,served_image,200,image/jpeg,80099,9b92d66306ed9a36e896a79c28dae7b88422ec644f1c66b0ebe6de5e7fcb632b,1,
LTMD_U1_W2_MATH_ASSET_AUDIT_0.1,H2019P3DMA,U1-H2019P3DMA,2019,3,Desafíos matemáticos. Libro para el alumno,111,226,111,https://historico.conaliteg.gob.mx/c/H2019P3DMA/111.jpg,0,source_jpeg,served_image,200,image/jpeg,106106,b7e345ff8e3ccf89650f33d4511314a6bec8165fd06a299c27b4e44597d86f70,1,
LTMD_U1_W2_MATH_ASSET_AUDIT_0.1,H2019P3DMA,U1-H2019P3DMA,2019,3,Desafíos matemáticos. Libro para el alumno,112,226,112,https://historico.conaliteg.gob.mx/c/H2019P3DMA/112.jpg,0,source_jpeg,served_image,200,image/jpeg,58770,1ba31d71c0495c220e1f389180097325589b9dc2ba999755b65094d0d7e5405a,1,
LTMD_U1_W2_MATH_ASSET_AUDIT_0.1,H2019P3DMA,U1-H2019P3DMA,2019,3,Desafíos matemáticos. Libro para el alumno,113,226,113,https://historico.conaliteg.gob.mx/c/H2019P3DMA/113.jpg,0,source_jpeg,served_image,200,image/jpeg,60799,499cd6009120e7cd9853c2f3a4250baf25eee327d57925bba142eb89f1a5d664,1,
LTMD_U1_W2_MATH_ASSET_AUDIT_0.1,H2019P3DMA,U1-H2019P3DMA,2019,3,Desafíos matemáticos. Libro para el alumno,114,226,114,https://historico.conaliteg.gob.mx/c/H2019P3DMA/114.jpg,0,source_jpeg,served_image,200,image/jpeg,39991,94a6bd6200666ed468adba7e8bd1d450bc2f06c8f101fbef87c024a45395a2f1,1,
LTMD_U1_W2_MATH_ASSET_AUDIT_0.1,H2019P3DMA,U1-H2019P3DMA,2019,3,Desafíos matemáticos. Libro para el alumno,115,226,115,https://historico.conaliteg.gob.mx/c/H2019P3DMA/115.jpg,0,source_jpeg,served_image,200,image/jpeg,62250,0831885249259bd16a0a8711159fe6a34cca17c9fadb004b86ef73ab531b4cad,1,
LTMD_U1_W2_MATH_ASSET_AUDIT_0.1,H2019P3DMA,U1-H2019P3DMA,2019,3,Desafíos matemáticos. Libro para el alumno,116,226,116,https://historico.conaliteg.gob.mx/c/H2019P3DMA/116.jpg,0,source_jpeg,served_image,200,image/jpeg,57690,7f9cdb7c6673c66d25d18579ec7c1cb6c3309386f6177d3d6e7c9da0178bb026,1,
LTMD_U1_W2_MATH_ASSET_AUDIT_0.1,H2019P3DMA,U1-H2019P3DMA,2019,3,Desafíos matemáticos. Libro para el alumno,117,226,117,https://historico.conaliteg.gob.mx/c/H2019P3DMA/117.jpg,0,source_jpeg,served_image,200,image/jpeg,100205,5a290227ca789cd450febf89945cbf0d575cf9491e73ae47f555ccecad2a2da4,1,
LTMD_U1_W2_MATH_ASSET_AUDIT_0.1,H2019P3DMA,U1-H2019P3DMA,2019,3,Desafíos matemáticos. Libro para el alumno,118,226,118,https://historico.conaliteg.gob.mx/c/H2019P3DMA/118.jpg,0,source_jpeg,served_image,200,image/jpeg,77120,2994b871209f665f4738de86b63ac4992b35fef36d302380ecad8539750fd6be,1,
LTMD_U1_W2_MATH_ASSET_AUDIT_0.1,H2019P3DMA,U1-H2019P3DMA,2019,3,Desafíos matemáticos. Libro para el alumno,119,226,119,https://historico.conaliteg.gob.mx/c/H2019P3DMA/119.jpg,0,source_jpeg,served_image,200,image/jpeg,76628,98182766502fc88c8a692ca60a29e91ce6beca95d7215092e6d1521ce3390037,1,
LTMD_U1_W2_MATH_ASSET_AUDIT_0.1,H2019P3DMA,U1-H2019P3DMA,2019,3,Desafíos matemáticos. Libro para el alumno,120,226,120,https://historico.conaliteg.gob.mx/c/H2019P3DMA/120.jpg,0,source_jpeg,served_image,200,image/jpeg,85694,7f9206a6fac2775d659d315c6320040846aeffccde2e53bddc0e704068144356,1,
LTMD_U1_W2_MATH_ASSET_AUDIT_0.1,H2019P3DMA,U1-H2019P3DMA,2019,3,Desafíos matemáticos. Libro para el alumno,121,226,121,https://historico.conaliteg.gob.mx/c/H2019P3DMA/121.jpg,0,source_jpeg,served_image,200,image/jpeg,105976,a3b0e2f8ce0e50692543bacdc4e808829dc5d04f1ef0d3db3fb1825bcc03e690,1,
LTMD_U1_W2_MATH_ASSET_AUDIT_0.1,H2019P3DMA,U1-H2019P3DMA,2019,3,Desafíos matemáticos. Libro para el alumno,122,226,122,https://historico.conaliteg.gob.mx/c/H2019P3DMA/122.jpg,0,source_jpeg,served_image,200,image/jpeg,63553,8784ce925c1d10413bb2d74f3b0b165aaab3737c5cc90e2d7fd4d528b5d41037,1,
LTMD_U1_W2_MATH_ASSET_AUDIT_0.1,H2019P3DMA,U1-H2019P3DMA,2019,3,Desafíos matemáticos. Libro para el alumno,123,226,123,https://historico.conaliteg.gob.mx/c/H2019P3DMA/123.jpg,0,source_jpeg,served_image,200,image/jpeg,85255,ccbbb51e4d6746b3d409c1b442ca7eee64a40709334adc9b7e1a1dcb45b974ce,1,
LTMD_U1_W2_MATH_ASSET_AUDIT_0.1,H2019P3DMA,U1-H2019P3DMA,2019,3,Desafíos matemáticos. Libro para el alumno,124,226,124,https://historico.conaliteg.gob.mx/c/H2019P3DMA/124.jpg,0,source_jpeg,served_image,200,image/jpeg,77099,e7ccad51b1e830ff17ae1f15ef40fcc16fdbee19a5336f4e87fefd6ca8eba741,1,
LTMD_U1_W2_MATH_ASSET_AUDIT_0.1,H2019P3DMA,U1-H2019P3DMA,2019,3,Desafíos matemáticos. Libro para el alumno,125,226,125,https://historico.conaliteg.gob.mx/c/H2019P3DMA/125.jpg,0,source_jpeg,served_image,200,image/jpeg,83166,eb1c0c49204f437101488a50390ab1cf5204edad7632aefcd84f72f54541dc95,1,
LTMD_U1_W2_MATH_ASSET_AUDIT_0.1,H2019P3DMA,U1-H2019P3DMA,2019,3,Desafíos matemáticos. Libro para el alumno,126,226,126,https://historico.conaliteg.gob.mx/c/H2019P3DMA/126.jpg,0,source_jpeg,served_image,200,image/jpeg,114344,b98972e45864a0c4bec94c4cff802a628679c6e944ba623eb92e5abd85a34183,1,
LTMD_U1_W2_MATH_ASSET_AUDIT_0.1,H2019P3DMA,U1-H2019P3DMA,2019,3,Desafíos matemáticos. Libro para el alumno,127,226,127,https://historico.conaliteg.gob.mx/c/H2019P3DMA/127.jpg,0,source_jpeg,served_image,200,image/jpeg,129262,885e54c20eb255fb6190ab00902aea2359577ef3c148ea0bae47a2723c85989f,1,
LTMD_U1_W2_MATH_ASSET_AUDIT_0.1,H2019P3DMA,U1-H2019P3DMA,2019,3,Desafíos matemáticos. Libro para el alumno,128,226,128,https://historico.conaliteg.gob.mx/c/H2019P3DMA/128.jpg,0,source_jpeg,served_image,200,image/jpeg,50028,c52cf9c2b12c9ba127cee0df4e61fe31f59c6c693d6b8a085522d52a7b248065,1,
LTMD_U1_W2_MATH_ASSET_AUDIT_0.1,H2019P3DMA,U1-H2019P3DMA,2019,3,Desafíos matemáticos. Libro para el alumno,129,226,129,https://historico.conaliteg.gob.mx/c/H2019P3DMA/129.jpg,0,source_jpeg,served_image,200,image/jpeg,99164,84412fc9a583901ce80e1b92061ceac1c1ce4343e8adb22f90bee26951df852a,1,
LTMD_U1_W2_MATH_ASSET_AUDIT_0.1,H2019P3DMA,U1-H2019P3DMA,2019,3,Desafíos matemáticos. Libro para el alumno,130,226,130,https://historico.conaliteg.gob.mx/c/H2019P3DMA/130.jpg,0,source_jpeg,served_image,200,image/jpeg,77938,4afbe9b1cc4f57fa81ffad5358c84789e67d9b56b386a1abb71bcb558ad95089,1,
LTMD_U1_W2_MATH_ASSET_AUDIT_0.1,H2019P3DMA,U1-H2019P3DMA,2019,3,Desafíos matemáticos. Libro para el alumno,131,226,131,https://historico.conaliteg.gob.mx/c/H2019P3DMA/131.jpg,0,source_jpeg,served_image,200,image/jpeg,85459,ce744c64b4fda21a76950523372dfbb5bb7d3f003bd735a931f7281f6a332562,1,
LTMD_U1_W2_MATH_ASSET_AUDIT_0.1,H2019P3DMA,U1-H2019P3DMA,2019,3,Desafíos matemáticos. Libro para el alumno,132,226,132,https://historico.conaliteg.gob.mx/c/H2019P3DMA/132.jpg,0,source_jpeg,served_image,200,image/jpeg,72034,5c387b4fbff105c3d49b8e8e626bbb4bfe0d097adf4a215431187e815abbab3d,1,
LTMD_U1_W2_MATH_ASSET_AUDIT_0.1,H2019P3DMA,U1-H2019P3DMA,2019,3,Desafíos matemáticos. Libro para el alumno,133,226,133,https://historico.conaliteg.gob.mx/c/H2019P3DMA/133.jpg,0,source_jpeg,served_image,200,image/jpeg,87090,e0a657ab8341dc8b0b64bf3fa2910e05ef2af1495622cdbae7c074380f44bd61,1,
LTMD_U1_W2_MATH_ASSET_AUDIT_0.1,H2019P3DMA,U1-H2019P3DMA,2019,3,Desafíos matemáticos. Libro para el alumno,134,226,134,https://historico.conaliteg.gob.mx/c/H2019P3DMA/134.jpg,0,source_jpeg,served_image,200,image/jpeg,74968,575658da70c335221696d8222d005bd5d7c01cab29a9ea0cda7d17f4864b2a89,1,
LTMD_U1_W2_MATH_ASSET_AUDIT_0.1,H2019P3DMA,U1-H2019P3DMA,2019,3,Desafíos matemáticos. Libro para el alumno,135,226,135,https://historico.conaliteg.gob.mx/c/H2019P3DMA/135.jpg,0,source_jpeg,served_image,200,image/jpeg,66701,41d2cc27e09689ddf27dac8f64c9a70b0d40cefe50657aa54a2803fc97c8c171,1,
LTMD_U1_W2_MATH_ASSET_AUDIT_0.1,H2019P3DMA,U1-H2019P3DMA,2019,3,Desafíos matemáticos. Libro para el alumno,136,226,136,https://historico.conaliteg.gob.mx/c/H2019P3DMA/136.jpg,0,source_jpeg,served_image,200,image/jpeg,61049,9ab02c72fad955763833058d9e71a818d9bfc5e9cf42a3c5bbb5c36068ec9e0a,1,
LTMD_U1_W2_MATH_ASSET_AUDIT_0.1,H2019P3DMA,U1-H2019P3DMA,2019,3,Desafíos matemáticos. Libro para el alumno,137,226,137,https://historico.conaliteg.gob.mx/c/H2019P3DMA/137.jpg,0,source_jpeg,served_image,200,image/jpeg,71278,05dc9caf001bbf7c071eeacd033d5af78cb074125da5fe550a0aac4bd35fac4f,1,
LTMD_U1_W2_MATH_ASSET_AUDIT_0.1,H2019P3DMA,U1-H2019P3DMA,2019,3,Desafíos matemáticos. Libro para el alumno,138,226,138,https://historico.conaliteg.gob.mx/c/H2019P3DMA/138.jpg,0,source_jpeg,served_image,200,image/jpeg,49256,62b94f4ec1765e9a2c2ee32ec525d5b95138deeaf9f5538ead1db358850bb03a,1,
LTMD_U1_W2_MATH_ASSET_AUDIT_0.1,H2019P3DMA,U1-H2019P3DMA,2019,3,Desafíos matemáticos. Libro para el alumno,139,226,139,https://historico.conaliteg.gob.mx/c/H2019P3DMA/139.jpg,0,source_jpeg,served_image,200,image/jpeg,32072,0b9f656095c96deccf337a9046c5c9351f5ca3d12b20bdb32e5fc7565a36d773,1,
LTMD_U1_W2_MATH_ASSET_AUDIT_0.1,H2019P3DMA,U1-H2019P3DMA,2019,3,Desafíos matemáticos. Libro para el alumno,140,226,140,https://historico.conaliteg.gob.mx/c/H2019P3DMA/140.jpg,0,source_jpeg,served_image,200,image/jpeg,39749,8c867a7ecc23d18f8f32c847bfa6818b9f0d21e99976fb95bbe4dddd72c840f3,1,
LTMD_U1_W2_MATH_ASSET_AUDIT_0.1,H2019P3DMA,U1-H2019P3DMA,2019,3,Desafíos matemáticos. Libro para el alumno,141,226,141,https://historico.conaliteg.gob.mx/c/H2019P3DMA/141.jpg,0,source_jpeg,served_image,200,image/jpeg,152141,0767e5fbb59b44ae83a12e0e373f03ddf92c75893cae69cd137da5b9d3485aa7,1,
LTMD_U1_W2_MATH_ASSET_AUDIT_0.1,H2019P3DMA,U1-H2019P3DMA,2019,3,Desafíos matemáticos. Libro para el alumno,142,226,142,https://historico.conaliteg.gob.mx/c/H2019P3DMA/142.jpg,0,source_jpeg,served_image,200,image/jpeg,86045,70ffb5a3d4170076f59c792ee7cac870482efefb3453a63dc23fef57a8535915,1,
LTMD_U1_W2_MATH_ASSET_AUDIT_0.1,H2019P3DMA,U1-H2019P3DMA,2019,3,Desafíos matemáticos. Libro para el alumno,143,226,143,https://historico.conaliteg.gob.mx/c/H2019P3DMA/143.jpg,0,source_jpeg,served_image,200,image/jpeg,37110,3b76523358c07ca469493b6094999be35fb8eea8196c8a5bf74f1cc44d498c2d,1,
LTMD_U1_W2_MATH_ASSET_AUDIT_0.1,H2019P3DMA,U1-H2019P3DMA,2019,3,Desafíos matemáticos. Libro para el alumno,144,226,144,https://historico.conaliteg.gob.mx/c/H2019P3DMA/144.jpg,0,source_jpeg,served_image,200,image/jpeg,56337,3b061d643e11117ed230bb60ccd43062b67dffb7be16d9437616f625767e1298,1,
LTMD_U1_W2_MATH_ASSET_AUDIT_0.1,H2019P3DMA,U1-H2019P3DMA,2019,3,Desafíos matemáticos. Libro para el alumno,145,226,145,https://historico.conaliteg.gob.mx/c/H2019P3DMA/145.jpg,0,source_jpeg,served_image,200,image/jpeg,65138,04d3067791b0ba869cb65495fc75bc7ed09b060d19434236e694383e73077ce2,1,
LTMD_U1_W2_MATH_ASSET_AUDIT_0.1,H2019P3DMA,U1-H2019P3DMA,2019,3,Desafíos matemáticos. Libro para el alumno,146,226,146,https://historico.conaliteg.gob.mx/c/H2019P3DMA/146.jpg,0,source_jpeg,served_image,200,image/jpeg,89430,19c90f9f30addc5922a11ca017f67a23f088b1bcba64e7e80dc4dd5e757e48e3,1,
LTMD_U1_W2_MATH_ASSET_AUDIT_0.1,H2019P3DMA,U1-H2019P3DMA,2019,3,Desafíos matemáticos. Libro para el alumno,147,226,147,https://historico.conaliteg.gob.mx/c/H2019P3DMA/147.jpg,0,source_jpeg,served_image,200,image/jpeg,78788,2bd54b878aea49c0634dc5c422eb52541781d2abd06110ee94e3c65e34618802,1,
LTMD_U1_W2_MATH_ASSET_AUDIT_0.1,H2019P3DMA,U1-H2019P3DMA,2019,3,Desafíos matemáticos. Libro para el alumno,148,226,148,https://historico.conaliteg.gob.mx/c/H2019P3DMA/148.jpg,0,source_jpeg,served_image,200,image/jpeg,96152,3940c7b9e1606a98e7245143c427402f5a3f3a4276d5c0eea7e4b0013acfcdbc,1,
LTMD_U1_W2_MATH_ASSET_AUDIT_0.1,H2019P3DMA,U1-H2019P3DMA,2019,3,Desafíos matemáticos. Libro para el alumno,149,226,149,https://historico.conaliteg.gob.mx/c/H2019P3DMA/149.jpg,0,source_jpeg,served_image,200,image/jpeg,124412,48b8253acd23e79d7c5aeca69e7d2083095fe229a65eca773daca1f71149c0de,1,
LTMD_U1_W2_MATH_ASSET_AUDIT_0.1,H2019P3DMA,U1-H2019P3DMA,2019,3,Desafíos matemáticos. Libro para el alumno,150,226,150,https://historico.conaliteg.gob.mx/c/H2019P3DMA/150.jpg,0,source_jpeg,served_image,200,image/jpeg,77964,0208af6cf70e75709e37a92f8d3e37474c6ffe2e31d55a628f886587b0008068,1,
LTMD_U1_W2_MATH_ASSET_AUDIT_0.1,H2019P3DMA,U1-H2019P3DMA,2019,3,Desafíos matemáticos. Libro para el alumno,151,226,151,https://historico.conaliteg.gob.mx/c/H2019P3DMA/151.jpg,0,source_jpeg,served_image,200,image/jpeg,119107,38b53642187b6e70993e91a0ed9f487726866babe8f695f8b1909f9517bafc11,1,
LTMD_U1_W2_MATH_ASSET_AUDIT_0.1,H2019P3DMA,U1-H2019P3DMA,2019,3,Desafíos matemáticos. Libro para el alumno,152,226,152,https://historico.conaliteg.gob.mx/c/H2019P3DMA/152.jpg,0,source_jpeg,served_image,200,image/jpeg,81521,c2d0e294d8b1482cf599f70a7a8c3a24c1ec5293ab2b97b800a3de00dd928937,1,
LTMD_U1_W2_MATH_ASSET_AUDIT_0.1,H2019P3DMA,U1-H2019P3DMA,2019,3,Desafíos matemáticos. Libro para el alumno,153,226,153,https://historico.conaliteg.gob.mx/c/H2019P3DMA/153.jpg,0,source_jpeg,served_image,200,image/jpeg,74000,f40d08cfd0b03ccfec7e5c15de2d9e97ffcd6336007f5b90d97090bab973256d,1,
LTMD_U1_W2_MATH_ASSET_AUDIT_0.1,H2019P3DMA,U1-H2019P3DMA,2019,3,Desafíos matemáticos. Libro para el alumno,154,226,154,https://historico.conaliteg.gob.mx/c/H2019P3DMA/154.jpg,0,source_jpeg,served_image,200,image/jpeg,110866,d5b4fb3295ab370c7b83f03d2652ed4655dab36c6aa613c00c4c13bd6e7c4a11,1,
LTMD_U1_W2_MATH_ASSET_AUDIT_0.1,H2019P3DMA,U1-H2019P3DMA,2019,3,Desafíos matemáticos. Libro para el alumno,155,226,155,https://historico.conaliteg.gob.mx/c/H2019P3DMA/155.jpg,0,source_jpeg,served_image,200,image/jpeg,112858,13ff8487e460f540ef2127ef444406250b3da55933b5d381d39b23e61df3d7e8,1,
LTMD_U1_W2_MATH_ASSET_AUDIT_0.1,H2019P3DMA,U1-H2019P3DMA,2019,3,Desafíos matemáticos. Libro para el alumno,156,226,156,https://historico.conaliteg.gob.mx/c/H2019P3DMA/156.jpg,0,source_jpeg,served_image,200,image/jpeg,121476,bac45c88c686cd2c4fb722bc1f96b12ec022cde8ac925ce3ec36a2637207340d,1,
LTMD_U1_W2_MATH_ASSET_AUDIT_0.1,H2019P3DMA,U1-H2019P3DMA,2019,3,Desafíos matemáticos. Libro para el alumno,157,226,157,https://historico.conaliteg.gob.mx/c/H2019P3DMA/157.jpg,0,source_jpeg,served_image,200,image/jpeg,122304,ad833eb983c9e082654698cefe6536c625a841aa333ccceb43121a27d6e5a261,1,
LTMD_U1_W2_MATH_ASSET_AUDIT_0.1,H2019P3DMA,U1-H2019P3DMA,2019,3,Desafíos matemáticos. Libro para el alumno,158,226,158,https://historico.conaliteg.gob.mx/c/H2019P3DMA/158.jpg,0,source_jpeg,served_image,200,image/jpeg,124048,b10937d3b4bef935434534367a85752ccb1aa5f4534cd51c5a6efcb11452c157,1,
LTMD_U1_W2_MATH_ASSET_AUDIT_0.1,H2019P3DMA,U1-H2019P3DMA,2019,3,Desafíos matemáticos. Libro para el alumno,159,226,159,https://historico.conaliteg.gob.mx/c/H2019P3DMA/159.jpg,0,source_jpeg,served_image,200,image/jpeg,102175,016975b56c9ecf2134977cce512687816a5f3fe1b6e157da653687f668975ade,1,
LTMD_U1_W2_MATH_ASSET_AUDIT_0.1,H2019P3DMA,U1-H2019P3DMA,2019,3,Desafíos matemáticos. Libro para el alumno,160,226,160,https://historico.conaliteg.gob.mx/c/H2019P3DMA/160.jpg,0,source_jpeg,served_image,200,image/jpeg,103558,e7a4fc594ab1a22fe11ee67a44331af8a73a4cfeb7a4aafc96e1b3534f8f7785,1,
LTMD_U1_W2_MATH_ASSET_AUDIT_0.1,H2019P3DMA,U1-H2019P3DMA,2019,3,Desafíos matemáticos. Libro para el alumno,161,226,161,https://historico.conaliteg.gob.mx/c/H2019P3DMA/161.jpg,0,source_jpeg,served_image,200,image/jpeg,118304,be6db21a08339c3c34ec66c7596a8a43f982b6f070b3fb3fd471081e197c792e,1,
LTMD_U1_W2_MATH_ASSET_AUDIT_0.1,H2019P3DMA,U1-H2019P3DMA,2019,3,Desafíos matemáticos. Libro para el alumno,162,226,162,https://historico.conaliteg.gob.mx/c/H2019P3DMA/162.jpg,0,source_jpeg,served_image,200,image/jpeg,72985,334da6d8d54ae81c1d5e24d9d00b0c70497dab7950c86f7f3c481f0e3695d673,1,
LTMD_U1_W2_MATH_ASSET_AUDIT_0.1,H2019P3DMA,U1-H2019P3DMA,2019,3,Desafíos matemáticos. Libro para el alumno,163,226,163,https://historico.conaliteg.gob.mx/c/H2019P3DMA/163.jpg,0,source_jpeg,served_image,200,image/jpeg,68541,98668f1ca66a899e0d8b7c177c7192c5b592b58191d8d2f3243fd4edcf72b80a,1,
LTMD_U1_W2_MATH_ASSET_AUDIT_0.1,H2019P3DMA,U1-H2019P3DMA,2019,3,Desafíos matemáticos. Libro para el alumno,164,226,164,https://historico.conaliteg.gob.mx/c/H2019P3DMA/164.jpg,0,source_jpeg,served_image,200,image/jpeg,42110,e2094671e2eca12ba6889adce2b502fc351b4a2cbce95aaa18229f2a5ba17c74,1,
LTMD_U1_W2_MATH_ASSET_AUDIT_0.1,H2019P3DMA,U1-H2019P3DMA,2019,3,Desafíos matemáticos. Libro para el alumno,165,226,165,https://historico.conaliteg.gob.mx/c/H2019P3DMA/165.jpg,0,source_jpeg,served_image,200,image/jpeg,73843,2204dab9a665c743d62916cc304f62661810ac80223ef8dc17c6bbaa6cc758dd,1,
LTMD_U1_W2_MATH_ASSET_AUDIT_0.1,H2019P3DMA,U1-H2019P3DMA,2019,3,Desafíos matemáticos. Libro para el alumno,166,226,166,https://historico.conaliteg.gob.mx/c/H2019P3DMA/166.jpg,0,source_jpeg,served_image,200,image/jpeg,42110,a5da89eb3f4dcd42ec58d5b139a3ec9b41343a8d558d58b4a0cd51a296123109,1,
LTMD_U1_W2_MATH_ASSET_AUDIT_0.1,H2019P3DMA,U1-H2019P3DMA,2019,3,Desafíos matemáticos. Libro para el alumno,167,226,167,https://historico.conaliteg.gob.mx/c/H2019P3DMA/167.jpg,0,source_jpeg,served_image,200,image/jpeg,72833,81371ca284bf8bde2aed61f9aa312048193b6d671ea9d316f03282790b51a1a7,1,
LTMD_U1_W2_MATH_ASSET_AUDIT_0.1,H2019P3DMA,U1-H2019P3DMA,2019,3,Desafíos matemáticos. Libro para el alumno,168,226,168,https://historico.conaliteg.gob.mx/c/H2019P3DMA/168.jpg,0,source_jpeg,served_image,200,image/jpeg,42110,5a74b2076f041dade68aeebbf644a118728dca04746d32c9c33e711b528959b4,1,
LTMD_U1_W2_MATH_ASSET_AUDIT_0.1,H2019P3DMA,U1-H2019P3DMA,2019,3,Desafíos matemáticos. Libro para el alumno,169,226,169,https://historico.conaliteg.gob.mx/c/H2019P3DMA/169.jpg,0,source_jpeg,served_image,200,image/jpeg,72502,91781d6e45f373ac0537ef8c028a11264eb304b29df7d0bde3c00890088f8aa9,1,
LTMD_U1_W2_MATH_ASSET_AUDIT_0.1,H2019P3DMA,U1-H2019P3DMA,2019,3,Desafíos matemáticos. Libro para el alumno,170,226,170,https://historico.conaliteg.gob.mx/c/H2019P3DMA/170.jpg,0,source_jpeg,served_image,200,image/jpeg,42110,8e5bc6dc13f6fe48d50116f9dbede85e1c3ab4471f1335625cd2939fbdb76628,1,
LTMD_U1_W2_MATH_ASSET_AUDIT_0.1,H2019P3DMA,U1-H2019P3DMA,2019,3,Desafíos matemáticos. Libro para el alumno,171,226,171,https://historico.conaliteg.gob.mx/c/H2019P3DMA/171.jpg,0,source_jpeg,served_image,200,image/jpeg,53528,7a09a9627370510520749b8a799a1c6c082b9456d203277a841598057b54a1ac,1,
LTMD_U1_W2_MATH_ASSET_AUDIT_0.1,H2019P3DMA,U1-H2019P3DMA,2019,3,Desafíos matemáticos. Libro para el alumno,172,226,172,https://historico.conaliteg.gob.mx/c/H2019P3DMA/172.jpg,0,source_jpeg,served_image,200,image/jpeg,42110,41d9714187049512dfe48e7c78c337f84a4a44985094766687f990c6136a67a4,1,
LTMD_U1_W2_MATH_ASSET_AUDIT_0.1,H2019P3DMA,U1-H2019P3DMA,2019,3,Desafíos matemáticos. Libro para el alumno,173,226,173,https://historico.conaliteg.gob.mx/c/H2019P3DMA/173.jpg,0,source_jpeg,served_image,200,image/jpeg,53579,86f527acdfca4089ecbf3c11bc64e087179ca5490c92100e78fcf70f2cde59e1,1,
LTMD_U1_W2_MATH_ASSET_AUDIT_0.1,H2019P3DMA,U1-H2019P3DMA,2019,3,Desafíos matemáticos. Libro para el alumno,174,226,174,https://historico.conaliteg.gob.mx/c/H2019P3DMA/174.jpg,0,source_jpeg,served_image,200,image/jpeg,42110,a2ddf5cf684ec6b2e98fcbbf6c925a17d4ee52d44a4519dc4f9fbb15c534d205,1,
LTMD_U1_W2_MATH_ASSET_AUDIT_0.1,H2019P3DMA,U1-H2019P3DMA,2019,3,Desafíos matemáticos. Libro para el alumno,175,226,175,https://historico.conaliteg.gob.mx/c/H2019P3DMA/175.jpg,0,source_jpeg,served_image,200,image/jpeg,53537,62a77eccc1ac948f6ad1843d96bcf422739ca3e7e13d8da43d17cafb73cace66,1,
LTMD_U1_W2_MATH_ASSET_AUDIT_0.1,H2019P3DMA,U1-H2019P3DMA,2019,3,Desafíos matemáticos. Libro para el alumno,176,226,176,https://historico.conaliteg.gob.mx/c/H2019P3DMA/176.jpg,0,source_jpeg,served_image,200,image/jpeg,42110,71783c5428fdfee56e3d04ee7f7b2cbf386f5a6ca3d88c111fda1f905e638839,1,
LTMD_U1_W2_MATH_ASSET_AUDIT_0.1,H2019P3DMA,U1-H2019P3DMA,2019,3,Desafíos matemáticos. Libro para el alumno,177,226,177,https://historico.conaliteg.gob.mx/c/H2019P3DMA/177.jpg,0,source_jpeg,served_image,200,image/jpeg,56813,6ce67f74de4f71e3f025aa836957633c06b5d0fba60398c047a2428f69455492,1,
LTMD_U1_W2_MATH_ASSET_AUDIT_0.1,H2019P3DMA,U1-H2019P3DMA,2019,3,Desafíos matemáticos. Libro para el alumno,178,226,178,https://historico.conaliteg.gob.mx/c/H2019P3DMA/178.jpg,0,source_jpeg,served_image,200,image/jpeg,42110,1d2b63f675b1c1597a03c006a8ddbc6dadda9bdca62bc0680430327440e7792d,1,
LTMD_U1_W2_MATH_ASSET_AUDIT_0.1,H2019P3DMA,U1-H2019P3DMA,2019,3,Desafíos matemáticos. Libro para el alumno,179,226,179,https://historico.conaliteg.gob.mx/c/H2019P3DMA/179.jpg,0,source_jpeg,served_image,200,image/jpeg,120206,3d70aada71add354b866b90045b42c6b62f5e1b068364e47b1d2e8108027ec31,1,
LTMD_U1_W2_MATH_ASSET_AUDIT_0.1,H2019P3DMA,U1-H2019P3DMA,2019,3,Desafíos matemáticos. Libro para el alumno,180,226,180,https://historico.conaliteg.gob.mx/c/H2019P3DMA/180.jpg,0,source_jpeg,served_image,200,image/jpeg,42110,ee9c957a576a495519a346ce1b25c0524c71b85964a6a56a6e3cc5e79c359ddd,1,
LTMD_U1_W2_MATH_ASSET_AUDIT_0.1,H2019P3DMA,U1-H2019P3DMA,2019,3,Desafíos matemáticos. Libro para el alumno,181,226,181,https://historico.conaliteg.gob.mx/c/H2019P3DMA/181.jpg,0,source_jpeg,served_image,200,image/jpeg,90678,63edb10c37e9f2901c7fd352d38c637b221e940ac92785abb926f1ebce3aba3c,1,
LTMD_U1_W2_MATH_ASSET_AUDIT_0.1,H2019P3DMA,U1-H2019P3DMA,2019,3,Desafíos matemáticos. Libro para el alumno,182,226,182,https://historico.conaliteg.gob.mx/c/H2019P3DMA/182.jpg,0,source_jpeg,served_image,200,image/jpeg,42110,f745b9d51d389dbe879bcd54144333e422691dcdc6d02e7638180e0343fcaa55,1,
LTMD_U1_W2_MATH_ASSET_AUDIT_0.1,H2019P3DMA,U1-H2019P3DMA,2019,3,Desafíos matemáticos. Libro para el alumno,183,226,183,https://historico.conaliteg.gob.mx/c/H2019P3DMA/183.jpg,0,source_jpeg,served_image,200,image/jpeg,69807,9bb42285bd7fa6ad0177b665a98b7707d98345d1c3d0e6818a1d105af931f2ff,1,
LTMD_U1_W2_MATH_ASSET_AUDIT_0.1,H2019P3DMA,U1-H2019P3DMA,2019,3,Desafíos matemáticos. Libro para el alumno,184,226,184,https://historico.conaliteg.gob.mx/c/H2019P3DMA/184.jpg,0,source_jpeg,served_image,200,image/jpeg,42110,39da8edd7758f84e2b54a3bc9c977e55acfdb198e492156658ea935d1999b41f,1,
LTMD_U1_W2_MATH_ASSET_AUDIT_0.1,H2019P3DMA,U1-H2019P3DMA,2019,3,Desafíos matemáticos. Libro para el alumno,185,226,185,https://historico.conaliteg.gob.mx/c/H2019P3DMA/185.jpg,0,source_jpeg,served_image,200,image/jpeg,76900,0b3c7bc918b1da077e98457793b8348750686d4bfd5334e85c13ba669549bf72,1,
LTMD_U1_W2_MATH_ASSET_AUDIT_0.1,H2019P3DMA,U1-H2019P3DMA,2019,3,Desafíos matemáticos. Libro para el alumno,186,226,186,https://historico.conaliteg.gob.mx/c/H2019P3DMA/186.jpg,0,source_jpeg,served_image,200,image/jpeg,42110,40112c693f3d30daa953159a3d0c49726befcccc8b0a849d0396d22954d81b34,1,
LTMD_U1_W2_MATH_ASSET_AUDIT_0.1,H2019P3DMA,U1-H2019P3DMA,2019,3,Desafíos matemáticos. Libro para el alumno,187,226,187,https://historico.conaliteg.gob.mx/c/H2019P3DMA/187.jpg,0,source_jpeg,served_image,200,image/jpeg,72801,2dbb1afc00a266d29079358705335118d8150a70097fb10c95b99aa6bc37b27b,1,
LTMD_U1_W2_MATH_ASSET_AUDIT_0.1,H2019P3DMA,U1-H2019P3DMA,2019,3,Desafíos matemáticos. Libro para el alumno,188,226,188,https://historico.conaliteg.gob.mx/c/H2019P3DMA/188.jpg,0,source_jpeg,served_image,200,image/jpeg,42110,d6b0dcd8aded3c9fab902e02662f22621d55a0a63b5d4a016e27d4aa7c6150de,1,
LTMD_U1_W2_MATH_ASSET_AUDIT_0.1,H2019P3DMA,U1-H2019P3DMA,2019,3,Desafíos matemáticos. Libro para el alumno,189,226,189,https://historico.conaliteg.gob.mx/c/H2019P3DMA/189.jpg,0,source_jpeg,served_image,200,image/jpeg,83371,226644f32357c899fbd51eb4a57fe2aa320c037a6b0272875f04b65c516b31bd,1,
LTMD_U1_W2_MATH_ASSET_AUDIT_0.1,H2019P3DMA,U1-H2019P3DMA,2019,3,Desafíos matemáticos. Libro para el alumno,190,226,190,https://historico.conaliteg.gob.mx/c/H2019P3DMA/190.jpg,0,source_jpeg,served_image,200,image/jpeg,42110,3a95b87821c3e7e369576ca2ad0c50519befcedb18103e6d2da0705b6e1fd6f5,1,
LTMD_U1_W2_MATH_ASSET_AUDIT_0.1,H2019P3DMA,U1-H2019P3DMA,2019,3,Desafíos matemáticos. Libro para el alumno,191,226,191,https://historico.conaliteg.gob.mx/c/H2019P3DMA/191.jpg,0,source_jpeg,served_image,200,image/jpeg,84888,71068cb3b6533df1192e40be4bf53c395f6fd3bdce74343d7925a18048965b5d,1,
LTMD_U1_W2_MATH_ASSET_AUDIT_0.1,H2019P3DMA,U1-H2019P3DMA,2019,3,Desafíos matemáticos. Libro para el alumno,192,226,192,https://historico.conaliteg.gob.mx/c/H2019P3DMA/192.jpg,0,source_jpeg,served_image,200,image/jpeg,42110,c20ca7b2e7265984093a1b31f6f0612a733e87a368cfe2009394e7d379a65488,1,
LTMD_U1_W2_MATH_ASSET_AUDIT_0.1,H2019P3DMA,U1-H2019P3DMA,2019,3,Desafíos matemáticos. Libro para el alumno,193,226,193,https://historico.conaliteg.gob.mx/c/H2019P3DMA/193.jpg,0,source_jpeg,served_image,200,image/jpeg,84033,cf64cac1431ecee6830334e7b4dcd2ef2839525923d854d530dc6cacc5c3d235,1,
LTMD_U1_W2_MATH_ASSET_AUDIT_0.1,H2019P3DMA,U1-H2019P3DMA,2019,3,Desafíos matemáticos. Libro para el alumno,194,226,194,https://historico.conaliteg.gob.mx/c/H2019P3DMA/194.jpg,0,source_jpeg,served_image,200,image/jpeg,42110,ded53335357419eee4295f787e12e7c2aa6e9f2a866ebbdb14918212253292e0,1,
LTMD_U1_W2_MATH_ASSET_AUDIT_0.1,H2019P3DMA,U1-H2019P3DMA,2019,3,Desafíos matemáticos. Libro para el alumno,195,226,195,https://historico.conaliteg.gob.mx/c/H2019P3DMA/195.jpg,0,source_jpeg,served_image,200,image/jpeg,85068,b1dfcbec53a09a2ee1999a35a12e11e13ca4f9405009442a3d290622bdc78466,1,
LTMD_U1_W2_MATH_ASSET_AUDIT_0.1,H2019P3DMA,U1-H2019P3DMA,2019,3,Desafíos matemáticos. Libro para el alumno,196,226,196,https://historico.conaliteg.gob.mx/c/H2019P3DMA/196.jpg,0,source_jpeg,served_image,200,image/jpeg,42110,5697f89451eadebda6f485da203b16591ab5ffe496fe6ef771f2f5dd2e3e8b72,1,
LTMD_U1_W2_MATH_ASSET_AUDIT_0.1,H2019P3DMA,U1-H2019P3DMA,2019,3,Desafíos matemáticos. Libro para el alumno,197,226,197,https://historico.conaliteg.gob.mx/c/H2019P3DMA/197.jpg,0,source_jpeg,served_image,200,image/jpeg,82108,4b78a60c81734391d03e9755c9535f54936c3dc0bba2609070779a2007030b84,1,
LTMD_U1_W2_MATH_ASSET_AUDIT_0.1,H2019P3DMA,U1-H2019P3DMA,2019,3,Desafíos matemáticos. Libro para el alumno,198,226,198,https://historico.conaliteg.gob.mx/c/H2019P3DMA/198.jpg,0,source_jpeg,served_image,200,image/jpeg,42110,9ca0b3c2258dd0512d55b4cf9dbfbb2b3244655b79eeef25c0fb6b254dcf2263,1,
LTMD_U1_W2_MATH_ASSET_AUDIT_0.1,H2019P3DMA,U1-H2019P3DMA,2019,3,Desafíos matemáticos. Libro para el alumno,199,226,199,https://historico.conaliteg.gob.mx/c/H2019P3DMA/199.jpg,0,source_jpeg,served_image,200,image/jpeg,79573,84c80d8a9bdcea451d2e9cd97563eb704970a8a728cc92d27a4714e984ee8f77,1,
LTMD_U1_W2_MATH_ASSET_AUDIT_0.1,H2019P3DMA,U1-H2019P3DMA,2019,3,Desafíos matemáticos. Libro para el alumno,200,226,200,https://historico.conaliteg.gob.mx/c/H2019P3DMA/200.jpg,0,source_jpeg,served_image,200,image/jpeg,42110,b333d6763bcb4123692a5c56fce520e3292df4d3107ced6a2de81b055e957bbb,1,
LTMD_U1_W2_MATH_ASSET_AUDIT_0.1,H2019P3DMA,U1-H2019P3DMA,2019,3,Desafíos matemáticos. Libro para el alumno,201,226,201,https://historico.conaliteg.gob.mx/c/H2019P3DMA/201.jpg,0,source_jpeg,served_image,200,image/jpeg,78294,ba2f42d7f0b965b3fd8e302a66a1cb516ccd30bcd0ca967174f45c440505ba30,1,
LTMD_U1_W2_MATH_ASSET_AUDIT_0.1,H2019P3DMA,U1-H2019P3DMA,2019,3,Desafíos matemáticos. Libro para el alumno,202,226,202,https://historico.conaliteg.gob.mx/c/H2019P3DMA/202.jpg,0,source_jpeg,served_image,200,image/jpeg,42110,6df14b20f39509b6f3ff0f286a8be4df6eb9f92d22c3eef61a3cb26a79a92e4d,1,
LTMD_U1_W2_MATH_ASSET_AUDIT_0.1,H2019P3DMA,U1-H2019P3DMA,2019,3,Desafíos matemáticos. Libro para el alumno,203,226,203,https://historico.conaliteg.gob.mx/c/H2019P3DMA/203.jpg,0,source_jpeg,served_image,200,image/jpeg,78690,01389f0850544004ce26fab9ce4c46f83ccf8ad187ae445a7bad135cf99e0753,1,
LTMD_U1_W2_MATH_ASSET_AUDIT_0.1,H2019P3DMA,U1-H2019P3DMA,2019,3,Desafíos matemáticos. Libro para el alumno,204,226,204,https://historico.conaliteg.gob.mx/c/H2019P3DMA/204.jpg,0,source_jpeg,served_image,200,image/jpeg,42110,782e476d953e9cc8d00f30b4832613d56672f99fd01fef24695a1b1c8c6e9cfd,1,
LTMD_U1_W2_MATH_ASSET_AUDIT_0.1,H2019P3DMA,U1-H2019P3DMA,2019,3,Desafíos matemáticos. Libro para el alumno,205,226,205,https://historico.conaliteg.gob.mx/c/H2019P3DMA/205.jpg,0,source_jpeg,served_image,200,image/jpeg,78277,eb1601aea3780c3a1d34b67ffdc8dfd58aabc2d26ab0cd921304c09280e4a830,1,
LTMD_U1_W2_MATH_ASSET_AUDIT_0.1,H2019P3DMA,U1-H2019P3DMA,2019,3,Desafíos matemáticos. Libro para el alumno,206,226,206,https://historico.conaliteg.gob.mx/c/H2019P3DMA/206.jpg,0,source_jpeg,served_image,200,image/jpeg,42110,ccd3d0a8f741c52a40331a995c69eb977b2ec8449b3f062fb8e08a45124e9651,1,
LTMD_U1_W2_MATH_ASSET_AUDIT_0.1,H2019P3DMA,U1-H2019P3DMA,2019,3,Desafíos matemáticos. Libro para el alumno,207,226,207,https://historico.conaliteg.gob.mx/c/H2019P3DMA/207.jpg,0,source_jpeg,served_image,200,image/jpeg,75732,9fa59e4a263ea1e339f24d340435de531d3151aa4c3f1a8d9e8d246232b66082,1,
LTMD_U1_W2_MATH_ASSET_AUDIT_0.1,H2019P3DMA,U1-H2019P3DMA,2019,3,Desafíos matemáticos. Libro para el alumno,208,226,208,https://historico.conaliteg.gob.mx/c/H2019P3DMA/208.jpg,0,source_jpeg,served_image,200,image/jpeg,42110,b5edb5f09f1768514d98ab296de0494057ef9a03f6b92748fb5841a93ddfd9be,1,
LTMD_U1_W2_MATH_ASSET_AUDIT_0.1,H2019P3DMA,U1-H2019P3DMA,2019,3,Desafíos matemáticos. Libro para el alumno,209,226,209,https://historico.conaliteg.gob.mx/c/H2019P3DMA/209.jpg,0,source_jpeg,served_image,200,image/jpeg,67503,1543dc63f00ce19bb38e2262ed0d9350eda6899d6f0e105ea9f886b479f8776b,1,
LTMD_U1_W2_MATH_ASSET_AUDIT_0.1,H2019P3DMA,U1-H2019P3DMA,2019,3,Desafíos matemáticos. Libro para el alumno,210,226,210,https://historico.conaliteg.gob.mx/c/H2019P3DMA/210.jpg,0,source_jpeg,served_image,200,image/jpeg,42110,8b91dbf7fe0856f27ca79a91363e47c0dcd88bed0ff03cb7be43265639a7bd51,1,
LTMD_U1_W2_MATH_ASSET_AUDIT_0.1,H2019P3DMA,U1-H2019P3DMA,2019,3,Desafíos matemáticos. Libro para el alumno,211,226,211,https://historico.conaliteg.gob.mx/c/H2019P3DMA/211.jpg,0,source_jpeg,served_image,200,image/jpeg,64797,d0736f633380e173639ec8a7868f56ead85d71f3a3122a27c13e2c9c5c52c0d9,1,
LTMD_U1_W2_MATH_ASSET_AUDIT_0.1,H2019P3DMA,U1-H2019P3DMA,2019,3,Desafíos matemáticos. Libro para el alumno,212,226,212,https://historico.conaliteg.gob.mx/c/H2019P3DMA/212.jpg,0,source_jpeg,served_image,200,image/jpeg,42110,f271d7ca39e470c5976706995b6ae87864d2c25e09d7200807d1c69fcae00a1d,1,
LTMD_U1_W2_MATH_ASSET_AUDIT_0.1,H2019P3DMA,U1-H2019P3DMA,2019,3,Desafíos matemáticos. Libro para el alumno,213,226,213,https://historico.conaliteg.gob.mx/c/H2019P3DMA/213.jpg,0,source_jpeg,served_image,200,image/jpeg,65323,7b4f6e48e96134b3cb48c78879e3f005cbeec468e2b65acf329aaa77397099a4,1,
LTMD_U1_W2_MATH_ASSET_AUDIT_0.1,H2019P3DMA,U1-H2019P3DMA,2019,3,Desafíos matemáticos. Libro para el alumno,214,226,214,https://historico.conaliteg.gob.mx/c/H2019P3DMA/214.jpg,0,source_jpeg,served_image,200,image/jpeg,42110,b61c6640c706f030fc7b984c4e1ba0e8aa6d9ae90dff1aa6c8ec7ee4daa7279b,1,
LTMD_U1_W2_MATH_ASSET_AUDIT_0.1,H2019P3DMA,U1-H2019P3DMA,2019,3,Desafíos matemáticos. Libro para el alumno,215,226,215,https://historico.conaliteg.gob.mx/c/H2019P3DMA/215.jpg,0,source_jpeg,served_image,200,image/jpeg,66443,a0c56f54f3d4e0633eb1cd244f61fe8d5b24893de80d11a12fe2373906191fbf,1,
LTMD_U1_W2_MATH_ASSET_AUDIT_0.1,H2019P3DMA,U1-H2019P3DMA,2019,3,Desafíos matemáticos. Libro para el alumno,216,226,216,https://historico.conaliteg.gob.mx/c/H2019P3DMA/216.jpg,0,source_jpeg,served_image,200,image/jpeg,42110,7cd136dd19db370cb4b016310d135f77cb0c6f8ef08ecdb9617610e1cb4a2d74,1,
LTMD_U1_W2_MATH_ASSET_AUDIT_0.1,H2019P3DMA,U1-H2019P3DMA,2019,3,Desafíos matemáticos. Libro para el alumno,217,226,217,https://historico.conaliteg.gob.mx/c/H2019P3DMA/217.jpg,0,source_jpeg,served_image,200,image/jpeg,62789,115aaa0f55ad3776b19fcfb5985c3b273e6ec523cdcbf18ce7f05f618b289538,1,
LTMD_U1_W2_MATH_ASSET_AUDIT_0.1,H2019P3DMA,U1-H2019P3DMA,2019,3,Desafíos matemáticos. Libro para el alumno,218,226,218,https://historico.conaliteg.gob.mx/c/H2019P3DMA/218.jpg,0,source_jpeg,served_image,200,image/jpeg,42110,f9c86eb8a664e9f3b7d5fb08cc31bec2f4119092a835d7a28229c2aba76301e7,1,
LTMD_U1_W2_MATH_ASSET_AUDIT_0.1,H2019P3DMA,U1-H2019P3DMA,2019,3,Desafíos matemáticos. Libro para el alumno,219,226,219,https://historico.conaliteg.gob.mx/c/H2019P3DMA/219.jpg,0,source_jpeg,served_image,200,image/jpeg,50725,7543318592500db70b724223efb46e0dec7a145a6970d0fc6ae5fc20b7d41845,1,
LTMD_U1_W2_MATH_ASSET_AUDIT_0.1,H2019P3DMA,U1-H2019P3DMA,2019,3,Desafíos matemáticos. Libro para el alumno,220,226,220,https://historico.conaliteg.gob.mx/c/H2019P3DMA/220.jpg,0,source_jpeg,served_image,200,image/jpeg,42110,149dbb38a031142f56be0d6b1bdeab96b6465ce9e67d25bcf0b567af86fed2dc,1,
LTMD_U1_W2_MATH_ASSET_AUDIT_0.1,H2019P3DMA,U1-H2019P3DMA,2019,3,Desafíos matemáticos. Libro para el alumno,221,226,221,https://historico.conaliteg.gob.mx/c/H2019P3DMA/221.jpg,0,source_jpeg,served_image,200,image/jpeg,109862,8bf111aea1c3532faaad9254e5add7337d62a400374c7b03481e0497a632274e,1,
LTMD_U1_W2_MATH_ASSET_AUDIT_0.1,H2019P3DMA,U1-H2019P3DMA,2019,3,Desafíos matemáticos. Libro para el alumno,222,226,222,https://historico.conaliteg.gob.mx/c/H2019P3DMA/222.jpg,0,source_jpeg,served_image,200,image/jpeg,42110,29170c970dbb807651db5e5f6f9b34b7deb2a212339100656b8f456715fec555,1,
LTMD_U1_W2_MATH_ASSET_AUDIT_0.1,H2019P3DMA,U1-H2019P3DMA,2019,3,Desafíos matemáticos. Libro para el alumno,223,226,223,https://historico.conaliteg.gob.mx/c/H2019P3DMA/223.jpg,0,source_jpeg,served_image,200,image/jpeg,90536,6a42eb8b0732702c70fdff620d026b02fa8e96d2dae4929b1a7674500b41b33c,1,
LTMD_U1_W2_MATH_ASSET_AUDIT_0.1,H2019P3DMA,U1-H2019P3DMA,2019,3,Desafíos matemáticos. Libro para el alumno,224,226,224,https://historico.conaliteg.gob.mx/c/H2019P3DMA/224.jpg,0,source_jpeg,served_image,200,image/jpeg,52212,68abac7576df11368a9b16e2b8cb82305a1c96766035eeec2665bdde8b9f749a,1,
LTMD_U1_W2_MATH_ASSET_AUDIT_0.1,H2019P3DMA,U1-H2019P3DMA,2019,3,Desafíos matemáticos. Libro para el alumno,225,226,225,https://historico.conaliteg.gob.mx/c/H2019P3DMA/225.jpg,0,source_jpeg,served_image,200,image/jpeg,76169,5debd282b79f473849c3e9c91eb79fd861b20a7da389500b40f4c17d10a361b6,1,
LTMD_U1_W2_MATH_ASSET_AUDIT_0.1,H2019P3DMA,U1-H2019P3DMA,2019,3,Desafíos matemáticos. Libro para el alumno,226,226,226,https://historico.conaliteg.gob.mx/c/H2019P3DMA/226.jpg,1,terminal_synthetic_candidate,http_404,404,text/html; charset=iso-8859-1,,,1,HTTP 404
LTMD_U1_W2_MATH_ASSET_AUDIT_0.1,H2019P4DMA,U1-H2019P4DMA,2019,4,Desafíos matemáticos. Libro para el alumno,1,258,0,https://historico.conaliteg.gob.mx/c/H2019P4DMA/000.jpg,0,source_jpeg,served_image,200,image/jpeg,104754,4326cf9664047466ea5ff1d243e0840f1b8a4c45c1e7ae9d77d264c91963cbb7,1,
LTMD_U1_W2_MATH_ASSET_AUDIT_0.1,H2019P4DMA,U1-H2019P4DMA,2019,4,Desafíos matemáticos. Libro para el alumno,2,258,2,https://historico.conaliteg.gob.mx/c/H2019P4DMA/002.jpg,0,source_jpeg,served_image,200,image/jpeg,79316,2068122834263d140fa95cf29851f8dec3eee001c33cfe37ae0431c1de1b8437,1,
LTMD_U1_W2_MATH_ASSET_AUDIT_0.1,H2019P4DMA,U1-H2019P4DMA,2019,4,Desafíos matemáticos. Libro para el alumno,3,258,3,https://historico.conaliteg.gob.mx/c/H2019P4DMA/003.jpg,0,source_jpeg,served_image,200,image/jpeg,84627,ce6792c038b922841eab6b0b3cc72bc45663ec957c89254ed8980caa40c9eb6a,1,
LTMD_U1_W2_MATH_ASSET_AUDIT_0.1,H2019P4DMA,U1-H2019P4DMA,2019,4,Desafíos matemáticos. Libro para el alumno,4,258,4,https://historico.conaliteg.gob.mx/c/H2019P4DMA/004.jpg,0,source_jpeg,served_image,200,image/jpeg,95907,e60afe584be46292f948cebe517adfc447b4062b9777fba65eb0241fc2d5d719,1,
LTMD_U1_W2_MATH_ASSET_AUDIT_0.1,H2019P4DMA,U1-H2019P4DMA,2019,4,Desafíos matemáticos. Libro para el alumno,5,258,5,https://historico.conaliteg.gob.mx/c/H2019P4DMA/005.jpg,0,source_jpeg,served_image,200,image/jpeg,111996,9f854bb2840cd37a7f4c4b7002422ea2a66767a7a922d4b5aaab891b0f9bbb7a,1,
LTMD_U1_W2_MATH_ASSET_AUDIT_0.1,H2019P4DMA,U1-H2019P4DMA,2019,4,Desafíos matemáticos. Libro para el alumno,6,258,6,https://historico.conaliteg.gob.mx/c/H2019P4DMA/006.jpg,0,source_jpeg,served_image,200,image/jpeg,113050,a2a05db32e1c35ad3e7f4b113235a7c1106e661576f36a5fa01c924ca36fc84b,1,
LTMD_U1_W2_MATH_ASSET_AUDIT_0.1,H2019P4DMA,U1-H2019P4DMA,2019,4,Desafíos matemáticos. Libro para el alumno,7,258,7,https://historico.conaliteg.gob.mx/c/H2019P4DMA/007.jpg,0,source_jpeg,served_image,200,image/jpeg,131969,3deb6bbba7454f1c11d6bf61bb963a72085d7b3791e5647fff8f4f0096a18109,1,
LTMD_U1_W2_MATH_ASSET_AUDIT_0.1,H2019P4DMA,U1-H2019P4DMA,2019,4,Desafíos matemáticos. Libro para el alumno,8,258,8,https://historico.conaliteg.gob.mx/c/H2019P4DMA/008.jpg,0,source_jpeg,served_image,200,image/jpeg,122138,4592492aee37628b240cce792f951152143cd5bd78087a5dc63ba3db67c3fa30,1,
LTMD_U1_W2_MATH_ASSET_AUDIT_0.1,H2019P4DMA,U1-H2019P4DMA,2019,4,Desafíos matemáticos. Libro para el alumno,9,258,9,https://historico.conaliteg.gob.mx/c/H2019P4DMA/009.jpg,0,source_jpeg,served_image,200,image/jpeg,214086,d73d89225a38046f0370c06de60241639872ae256f454c5318bfe15f1067329f,1,
LTMD_U1_W2_MATH_ASSET_AUDIT_0.1,H2019P4DMA,U1-H2019P4DMA,2019,4,Desafíos matemáticos. Libro para el alumno,10,258,10,https://historico.conaliteg.gob.mx/c/H2019P4DMA/010.jpg,0,source_jpeg,served_image,200,image/jpeg,139042,b8f10fda1d5ac43e01ca0fb513174b82d1b25f57930f22c3446082dd34f74d28,1,
LTMD_U1_W2_MATH_ASSET_AUDIT_0.1,H2019P4DMA,U1-H2019P4DMA,2019,4,Desafíos matemáticos. Libro para el alumno,11,258,11,https://historico.conaliteg.gob.mx/c/H2019P4DMA/011.jpg,0,source_jpeg,served_image,200,image/jpeg,85390,26c2e0a462f9996b30ff5dbf124f67f4eeb2eafe04b8fc4f8a68138f6d356582,1,
LTMD_U1_W2_MATH_ASSET_AUDIT_0.1,H2019P4DMA,U1-H2019P4DMA,2019,4,Desafíos matemáticos. Libro para el alumno,12,258,12,https://historico.conaliteg.gob.mx/c/H2019P4DMA/012.jpg,0,source_jpeg,served_image,200,image/jpeg,80199,ea1f084f06f4b78a6be7f691f4c7f6714961612e7428f1f07d2d0607bacd71ac,1,
LTMD_U1_W2_MATH_ASSET_AUDIT_0.1,H2019P4DMA,U1-H2019P4DMA,2019,4,Desafíos matemáticos. Libro para el alumno,13,258,13,https://historico.conaliteg.gob.mx/c/H2019P4DMA/013.jpg,0,source_jpeg,served_image,200,image/jpeg,130264,6e8cfd114b3b305ed5e7ee1ebc7d6c36ecf4e08e41a97caf8fa12bd90de1628f,1,
LTMD_U1_W2_MATH_ASSET_AUDIT_0.1,H2019P4DMA,U1-H2019P4DMA,2019,4,Desafíos matemáticos. Libro para el alumno,14,258,14,https://historico.conaliteg.gob.mx/c/H2019P4DMA/014.jpg,0,source_jpeg,served_image,200,image/jpeg,101345,f352b44a0dc620abbcfbcffa09b186fc45d459ff817fa587a942212ef1ccd7a4,1,
LTMD_U1_W2_MATH_ASSET_AUDIT_0.1,H2019P4DMA,U1-H2019P4DMA,2019,4,Desafíos matemáticos. Libro para el alumno,15,258,15,https://historico.conaliteg.gob.mx/c/H2019P4DMA/015.jpg,0,source_jpeg,served_image,200,image/jpeg,117649,fc868381211d3dd919c6047c86b7a83d8446aed16ef1173ec763fd57279cb546,1,
LTMD_U1_W2_MATH_ASSET_AUDIT_0.1,H2019P4DMA,U1-H2019P4DMA,2019,4,Desafíos matemáticos. Libro para el alumno,16,258,16,https://historico.conaliteg.gob.mx/c/H2019P4DMA/016.jpg,0,source_jpeg,served_image,200,image/jpeg,121234,8771aefb33bd75f1cf87b2014213293a62eaf2157500849feac6f9dda3e4b173,1,
LTMD_U1_W2_MATH_ASSET_AUDIT_0.1,H2019P4DMA,U1-H2019P4DMA,2019,4,Desafíos matemáticos. Libro para el alumno,17,258,17,https://historico.conaliteg.gob.mx/c/H2019P4DMA/017.jpg,0,source_jpeg,served_image,200,image/jpeg,90356,362193adb2ad7fe62e14ec4e8c7d8ee062c71cb71670bb826bd5d8a24366f009,1,
LTMD_U1_W2_MATH_ASSET_AUDIT_0.1,H2019P4DMA,U1-H2019P4DMA,2019,4,Desafíos matemáticos. Libro para el alumno,18,258,18,https://historico.conaliteg.gob.mx/c/H2019P4DMA/018.jpg,0,source_jpeg,served_image,200,image/jpeg,68283,fe1d789a3d658a66e7350bdeb95e3ea1b79efed005143b9f6e4efa6945f1fe0d,1,
LTMD_U1_W2_MATH_ASSET_AUDIT_0.1,H2019P4DMA,U1-H2019P4DMA,2019,4,Desafíos matemáticos. Libro para el alumno,19,258,19,https://historico.conaliteg.gob.mx/c/H2019P4DMA/019.jpg,0,source_jpeg,served_image,200,image/jpeg,75140,767e5fa8111757d0feb2f84bb40797e44e645214fb4779777bb2f9bd27065d82,1,
LTMD_U1_W2_MATH_ASSET_AUDIT_0.1,H2019P4DMA,U1-H2019P4DMA,2019,4,Desafíos matemáticos. Libro para el alumno,20,258,20,https://historico.conaliteg.gob.mx/c/H2019P4DMA/020.jpg,0,source_jpeg,served_image,200,image/jpeg,129449,bc51894b296be88c34b155baa8aa1a6b6e6e78a94be62e745850dc04fa82e4d5,1,
LTMD_U1_W2_MATH_ASSET_AUDIT_0.1,H2019P4DMA,U1-H2019P4DMA,2019,4,Desafíos matemáticos. Libro para el alumno,21,258,21,https://historico.conaliteg.gob.mx/c/H2019P4DMA/021.jpg,0,source_jpeg,served_image,200,image/jpeg,45236,8fc9ba483d0f634525fec0f4abcda2c7c41bcf8f8c9b1b6b78c5dea9eda9d381,1,
LTMD_U1_W2_MATH_ASSET_AUDIT_0.1,H2019P4DMA,U1-H2019P4DMA,2019,4,Desafíos matemáticos. Libro para el alumno,22,258,22,https://historico.conaliteg.gob.mx/c/H2019P4DMA/022.jpg,0,source_jpeg,served_image,200,image/jpeg,59157,a5763a33b7e61f2ee53881c96450d693a6e0b7de63ee4b601bfecefe9cee088a,1,
LTMD_U1_W2_MATH_ASSET_AUDIT_0.1,H2019P4DMA,U1-H2019P4DMA,2019,4,Desafíos matemáticos. Libro para el alumno,23,258,23,https://historico.conaliteg.gob.mx/c/H2019P4DMA/023.jpg,0,source_jpeg,served_image,200,image/jpeg,46029,671e5b07c7b1006de754ab5bc446fe6a45479f2aa76d74e324e42ab94243c965,1,
LTMD_U1_W2_MATH_ASSET_AUDIT_0.1,H2019P4DMA,U1-H2019P4DMA,2019,4,Desafíos matemáticos. Libro para el alumno,24,258,24,https://historico.conaliteg.gob.mx/c/H2019P4DMA/024.jpg,0,source_jpeg,served_image,200,image/jpeg,87230,d6b6c04edd521717b9953ddd6ad13daeddf61b696a8b4f2e66ddece4aaf84664,1,
LTMD_U1_W2_MATH_ASSET_AUDIT_0.1,H2019P4DMA,U1-H2019P4DMA,2019,4,Desafíos matemáticos. Libro para el alumno,25,258,25,https://historico.conaliteg.gob.mx/c/H2019P4DMA/025.jpg,0,source_jpeg,served_image,200,image/jpeg,75774,15aec64c29e6745dc784929973bb68c15a483428740dbcfa7cbf52aa513280ab,1,
LTMD_U1_W2_MATH_ASSET_AUDIT_0.1,H2019P4DMA,U1-H2019P4DMA,2019,4,Desafíos matemáticos. Libro para el alumno,26,258,26,https://historico.conaliteg.gob.mx/c/H2019P4DMA/026.jpg,0,source_jpeg,served_image,200,image/jpeg,97355,02a90ef5803027415386d736b45533ab5cb563d94938799b83a1ba89a918f4a9,1,
LTMD_U1_W2_MATH_ASSET_AUDIT_0.1,H2019P4DMA,U1-H2019P4DMA,2019,4,Desafíos matemáticos. Libro para el alumno,27,258,27,https://historico.conaliteg.gob.mx/c/H2019P4DMA/027.jpg,0,source_jpeg,served_image,200,image/jpeg,62517,418afe3cb1b2466c23d09b3856deea709eb5103be332ee37a79d53486745fde3,1,
LTMD_U1_W2_MATH_ASSET_AUDIT_0.1,H2019P4DMA,U1-H2019P4DMA,2019,4,Desafíos matemáticos. Libro para el alumno,28,258,28,https://historico.conaliteg.gob.mx/c/H2019P4DMA/028.jpg,0,source_jpeg,served_image,200,image/jpeg,93664,f0f3ae6ab4521a8f2a5aeffc1a4ef6cfa182baf8425922325ac317f2fac34f32,1,
LTMD_U1_W2_MATH_ASSET_AUDIT_0.1,H2019P4DMA,U1-H2019P4DMA,2019,4,Desafíos matemáticos. Libro para el alumno,29,258,29,https://historico.conaliteg.gob.mx/c/H2019P4DMA/029.jpg,0,source_jpeg,served_image,200,image/jpeg,94014,55b7e1cb0d150bd572dd0127b207a56392f0a8559bf028aaea50f9f3defd5e5a,1,
LTMD_U1_W2_MATH_ASSET_AUDIT_0.1,H2019P4DMA,U1-H2019P4DMA,2019,4,Desafíos matemáticos. Libro para el alumno,30,258,30,https://historico.conaliteg.gob.mx/c/H2019P4DMA/030.jpg,0,source_jpeg,served_image,200,image/jpeg,114027,72b686af53fd4a9e28f40e1687a6a80edd8081832170a1873a7b8f5bbd7f7f9a,1,
LTMD_U1_W2_MATH_ASSET_AUDIT_0.1,H2019P4DMA,U1-H2019P4DMA,2019,4,Desafíos matemáticos. Libro para el alumno,31,258,31,https://historico.conaliteg.gob.mx/c/H2019P4DMA/031.jpg,0,source_jpeg,served_image,200,image/jpeg,76825,72dedc793e1ee05623ccb1c2664167175945524d348e2091e8f34feb70d9ace2,1,
LTMD_U1_W2_MATH_ASSET_AUDIT_0.1,H2019P4DMA,U1-H2019P4DMA,2019,4,Desafíos matemáticos. Libro para el alumno,32,258,32,https://historico.conaliteg.gob.mx/c/H2019P4DMA/032.jpg,0,source_jpeg,served_image,200,image/jpeg,83806,6725cd148eeff9a339b01f216a56e235b1849287d4a87d83271d950efbd9dcbb,1,
LTMD_U1_W2_MATH_ASSET_AUDIT_0.1,H2019P4DMA,U1-H2019P4DMA,2019,4,Desafíos matemáticos. Libro para el alumno,33,258,33,https://historico.conaliteg.gob.mx/c/H2019P4DMA/033.jpg,0,source_jpeg,served_image,200,image/jpeg,66361,dcc51f059b52f65f054bf15969dadad56f22073de168c3429010813d22551370,1,
LTMD_U1_W2_MATH_ASSET_AUDIT_0.1,H2019P4DMA,U1-H2019P4DMA,2019,4,Desafíos matemáticos. Libro para el alumno,34,258,34,https://historico.conaliteg.gob.mx/c/H2019P4DMA/034.jpg,0,source_jpeg,served_image,200,image/jpeg,107433,72e25bb59110a247781d8524df3b0af04514353cde60d605450dae38880a8705,1,
LTMD_U1_W2_MATH_ASSET_AUDIT_0.1,H2019P4DMA,U1-H2019P4DMA,2019,4,Desafíos matemáticos. Libro para el alumno,35,258,35,https://historico.conaliteg.gob.mx/c/H2019P4DMA/035.jpg,0,source_jpeg,served_image,200,image/jpeg,70562,feaf965dc8e058ef461e6fade70cf13ce74bf136bfe8b0e947f792e15700517e,1,
LTMD_U1_W2_MATH_ASSET_AUDIT_0.1,H2019P4DMA,U1-H2019P4DMA,2019,4,Desafíos matemáticos. Libro para el alumno,36,258,36,https://historico.conaliteg.gob.mx/c/H2019P4DMA/036.jpg,0,source_jpeg,served_image,200,image/jpeg,49213,9686b7280f9bdc89543804d28aa02d6adafe8ca16d38c47b64ae5739cbda36b4,1,
LTMD_U1_W2_MATH_ASSET_AUDIT_0.1,H2019P4DMA,U1-H2019P4DMA,2019,4,Desafíos matemáticos. Libro para el alumno,37,258,37,https://historico.conaliteg.gob.mx/c/H2019P4DMA/037.jpg,0,source_jpeg,served_image,200,image/jpeg,72594,b60b3dd5fee0fd8b9efe42eb6c1a1e68179b5ffddbcacbe9d112c89f4147bf5e,1,
LTMD_U1_W2_MATH_ASSET_AUDIT_0.1,H2019P4DMA,U1-H2019P4DMA,2019,4,Desafíos matemáticos. Libro para el alumno,38,258,38,https://historico.conaliteg.gob.mx/c/H2019P4DMA/038.jpg,0,source_jpeg,served_image,200,image/jpeg,101413,235edffbe86e1897901ba65c64613e942a5d7520a437718c7ed56f27b41424c2,1,
LTMD_U1_W2_MATH_ASSET_AUDIT_0.1,H2019P4DMA,U1-H2019P4DMA,2019,4,Desafíos matemáticos. Libro para el alumno,39,258,39,https://historico.conaliteg.gob.mx/c/H2019P4DMA/039.jpg,0,source_jpeg,served_image,200,image/jpeg,86437,6456a78da8027a66f5e435308e1061846836fd70358d25f6f91a80ecec95eca2,1,
LTMD_U1_W2_MATH_ASSET_AUDIT_0.1,H2019P4DMA,U1-H2019P4DMA,2019,4,Desafíos matemáticos. Libro para el alumno,40,258,40,https://historico.conaliteg.gob.mx/c/H2019P4DMA/040.jpg,0,source_jpeg,served_image,200,image/jpeg,95061,5c36b5b7f6bd18842fc58dabbb6074896e13924922d501a76dab28c76b31984f,1,
LTMD_U1_W2_MATH_ASSET_AUDIT_0.1,H2019P4DMA,U1-H2019P4DMA,2019,4,Desafíos matemáticos. Libro para el alumno,41,258,41,https://historico.conaliteg.gob.mx/c/H2019P4DMA/041.jpg,0,source_jpeg,served_image,200,image/jpeg,47292,1a87093935c9a541e34eba666674f48a350802fe08501b6f41f82f4007d4015b,1,
LTMD_U1_W2_MATH_ASSET_AUDIT_0.1,H2019P4DMA,U1-H2019P4DMA,2019,4,Desafíos matemáticos. Libro para el alumno,42,258,42,https://historico.conaliteg.gob.mx/c/H2019P4DMA/042.jpg,0,source_jpeg,served_image,200,image/jpeg,151323,f6a66ae2ba644f50cdb07207be7ef4a77f28c975f78e11fe148ef9d4a6e05fad,1,
LTMD_U1_W2_MATH_ASSET_AUDIT_0.1,H2019P4DMA,U1-H2019P4DMA,2019,4,Desafíos matemáticos. Libro para el alumno,43,258,43,https://historico.conaliteg.gob.mx/c/H2019P4DMA/043.jpg,0,source_jpeg,served_image,200,image/jpeg,115397,8650e05370f466aa180ba8276865728a4667e2fd063d98f6eab31bad53c3290d,1,
LTMD_U1_W2_MATH_ASSET_AUDIT_0.1,H2019P4DMA,U1-H2019P4DMA,2019,4,Desafíos matemáticos. Libro para el alumno,44,258,44,https://historico.conaliteg.gob.mx/c/H2019P4DMA/044.jpg,0,source_jpeg,served_image,200,image/jpeg,82455,804478ef5ab595cf4837339ea89ee0cca5e1c3f829c4f07808dd1c62989a3107,1,
LTMD_U1_W2_MATH_ASSET_AUDIT_0.1,H2019P4DMA,U1-H2019P4DMA,2019,4,Desafíos matemáticos. Libro para el alumno,45,258,45,https://historico.conaliteg.gob.mx/c/H2019P4DMA/045.jpg,0,source_jpeg,served_image,200,image/jpeg,82089,d32b6a759a453a0a99954399c8b0b81568dbe7b32ad0f56cc8ec8c9c3a5a0209,1,
LTMD_U1_W2_MATH_ASSET_AUDIT_0.1,H2019P4DMA,U1-H2019P4DMA,2019,4,Desafíos matemáticos. Libro para el alumno,46,258,46,https://historico.conaliteg.gob.mx/c/H2019P4DMA/046.jpg,0,source_jpeg,served_image,200,image/jpeg,89718,c4444d76179ecf2b9d7850901e016631b1ec522182ff36ca15a8e4d823362281,1,
LTMD_U1_W2_MATH_ASSET_AUDIT_0.1,H2019P4DMA,U1-H2019P4DMA,2019,4,Desafíos matemáticos. Libro para el alumno,47,258,47,https://historico.conaliteg.gob.mx/c/H2019P4DMA/047.jpg,0,source_jpeg,served_image,200,image/jpeg,111685,6386f9641240d28b8b3525fe09bd89e2e8f3264d22d34d1301eaf0945eb57d97,1,
LTMD_U1_W2_MATH_ASSET_AUDIT_0.1,H2019P4DMA,U1-H2019P4DMA,2019,4,Desafíos matemáticos. Libro para el alumno,48,258,48,https://historico.conaliteg.gob.mx/c/H2019P4DMA/048.jpg,0,source_jpeg,served_image,200,image/jpeg,66946,5aef617b821439bc420af2a6a6d83af07efa49ae3cc3877e900ccd647788c1ad,1,
LTMD_U1_W2_MATH_ASSET_AUDIT_0.1,H2019P4DMA,U1-H2019P4DMA,2019,4,Desafíos matemáticos. Libro para el alumno,49,258,49,https://historico.conaliteg.gob.mx/c/H2019P4DMA/049.jpg,0,source_jpeg,served_image,200,image/jpeg,71718,5d8c5dbf5dabbdca6ef6cad1040e997b21093a34aab6e345c9b0f552dae87b98,1,
LTMD_U1_W2_MATH_ASSET_AUDIT_0.1,H2019P4DMA,U1-H2019P4DMA,2019,4,Desafíos matemáticos. Libro para el alumno,50,258,50,https://historico.conaliteg.gob.mx/c/H2019P4DMA/050.jpg,0,source_jpeg,served_image,200,image/jpeg,70417,fbeba0f92a0a7fcdac76ad09f7fc0e128eccc6f4e66e9663c1f88266333d61e7,1,
LTMD_U1_W2_MATH_ASSET_AUDIT_0.1,H2019P4DMA,U1-H2019P4DMA,2019,4,Desafíos matemáticos. Libro para el alumno,51,258,51,https://historico.conaliteg.gob.mx/c/H2019P4DMA/051.jpg,0,source_jpeg,served_image,200,image/jpeg,67849,5a6a213e8a63e9397041488c97d5cdcedb4f7f0722bedb58d0e3743a41c67fe5,1,
LTMD_U1_W2_MATH_ASSET_AUDIT_0.1,H2019P4DMA,U1-H2019P4DMA,2019,4,Desafíos matemáticos. Libro para el alumno,52,258,52,https://historico.conaliteg.gob.mx/c/H2019P4DMA/052.jpg,0,source_jpeg,served_image,200,image/jpeg,56383,a281bdec8201e3d469a531f7d82f928d847a1aec1c4912c313c563b44b0c8e7d,1,
LTMD_U1_W2_MATH_ASSET_AUDIT_0.1,H2019P4DMA,U1-H2019P4DMA,2019,4,Desafíos matemáticos. Libro para el alumno,53,258,53,https://historico.conaliteg.gob.mx/c/H2019P4DMA/053.jpg,0,source_jpeg,served_image,200,image/jpeg,60138,98bde4661f370e74539f462c9270f2dcefe2827580cb48b7a30f51a61b55bf0c,1,
LTMD_U1_W2_MATH_ASSET_AUDIT_0.1,H2019P4DMA,U1-H2019P4DMA,2019,4,Desafíos matemáticos. Libro para el alumno,54,258,54,https://historico.conaliteg.gob.mx/c/H2019P4DMA/054.jpg,0,source_jpeg,served_image,200,image/jpeg,34157,611a0ebb6e88bb983cd2d829ee7e6ab9b2f4052440ece86385779c2d3c27b8e2,1,
LTMD_U1_W2_MATH_ASSET_AUDIT_0.1,H2019P4DMA,U1-H2019P4DMA,2019,4,Desafíos matemáticos. Libro para el alumno,55,258,55,https://historico.conaliteg.gob.mx/c/H2019P4DMA/055.jpg,0,source_jpeg,served_image,200,image/jpeg,73832,e587a43c3859d13e5fd9672e29cc1f5e741121bdd9d2747b1e39304e354fe1df,1,
LTMD_U1_W2_MATH_ASSET_AUDIT_0.1,H2019P4DMA,U1-H2019P4DMA,2019,4,Desafíos matemáticos. Libro para el alumno,56,258,56,https://historico.conaliteg.gob.mx/c/H2019P4DMA/056.jpg,0,source_jpeg,served_image,200,image/jpeg,78585,ff19e9820418efde68dd2b942d07659bb442ccbe4e0fb3b8a66e5cd34fa8bb6a,1,
LTMD_U1_W2_MATH_ASSET_AUDIT_0.1,H2019P4DMA,U1-H2019P4DMA,2019,4,Desafíos matemáticos. Libro para el alumno,57,258,57,https://historico.conaliteg.gob.mx/c/H2019P4DMA/057.jpg,0,source_jpeg,served_image,200,image/jpeg,127352,18ed86e9faf81f9f47f1d979d12b8c1f1a1843a3c469410165241ba0be9dd7b7,1,
LTMD_U1_W2_MATH_ASSET_AUDIT_0.1,H2019P4DMA,U1-H2019P4DMA,2019,4,Desafíos matemáticos. Libro para el alumno,58,258,58,https://historico.conaliteg.gob.mx/c/H2019P4DMA/058.jpg,0,source_jpeg,served_image,200,image/jpeg,121708,818c0b9d4238a21638f9f94aedce018988d7b094c37538c30d217c1b8a05f203,1,
LTMD_U1_W2_MATH_ASSET_AUDIT_0.1,H2019P4DMA,U1-H2019P4DMA,2019,4,Desafíos matemáticos. Libro para el alumno,59,258,59,https://historico.conaliteg.gob.mx/c/H2019P4DMA/059.jpg,0,source_jpeg,served_image,200,image/jpeg,66310,ab779b34077b780f411e58a058742861398242fdf28c1c0df3b8eeb431421d68,1,
LTMD_U1_W2_MATH_ASSET_AUDIT_0.1,H2019P4DMA,U1-H2019P4DMA,2019,4,Desafíos matemáticos. Libro para el alumno,60,258,60,https://historico.conaliteg.gob.mx/c/H2019P4DMA/060.jpg,0,source_jpeg,served_image,200,image/jpeg,62479,276350955a4dce5fc2eaa7c5c154263c6f6186c2d01b34879677706f7b2976be,1,
LTMD_U1_W2_MATH_ASSET_AUDIT_0.1,H2019P4DMA,U1-H2019P4DMA,2019,4,Desafíos matemáticos. Libro para el alumno,61,258,61,https://historico.conaliteg.gob.mx/c/H2019P4DMA/061.jpg,0,source_jpeg,served_image,200,image/jpeg,61103,bbc823d155ff74767d0b9a2feb42f5661c4084f048f8af1fbbf0a03709913334,1,
LTMD_U1_W2_MATH_ASSET_AUDIT_0.1,H2019P4DMA,U1-H2019P4DMA,2019,4,Desafíos matemáticos. Libro para el alumno,62,258,62,https://historico.conaliteg.gob.mx/c/H2019P4DMA/062.jpg,0,source_jpeg,served_image,200,image/jpeg,55937,481360f985fed19268d740282d356af3393b97a4df9e5962257e8dcd21220e89,1,
LTMD_U1_W2_MATH_ASSET_AUDIT_0.1,H2019P4DMA,U1-H2019P4DMA,2019,4,Desafíos matemáticos. Libro para el alumno,63,258,63,https://historico.conaliteg.gob.mx/c/H2019P4DMA/063.jpg,0,source_jpeg,served_image,200,image/jpeg,54370,4711b7647e1d4270d9c2284b781d492f8ee37c49dc134a10c3df97b1eaf33f3b,1,
LTMD_U1_W2_MATH_ASSET_AUDIT_0.1,H2019P4DMA,U1-H2019P4DMA,2019,4,Desafíos matemáticos. Libro para el alumno,64,258,64,https://historico.conaliteg.gob.mx/c/H2019P4DMA/064.jpg,0,source_jpeg,served_image,200,image/jpeg,74384,6d9dddba7d0dc3c24ed38cb3833e85180413de995e5726fc79430e98553b1f5f,1,
LTMD_U1_W2_MATH_ASSET_AUDIT_0.1,H2019P4DMA,U1-H2019P4DMA,2019,4,Desafíos matemáticos. Libro para el alumno,65,258,65,https://historico.conaliteg.gob.mx/c/H2019P4DMA/065.jpg,0,source_jpeg,served_image,200,image/jpeg,86633,44de612e3f9eb06901a2c6e064d25d633ea058141de741eeeb6010de9e59c24c,1,
LTMD_U1_W2_MATH_ASSET_AUDIT_0.1,H2019P4DMA,U1-H2019P4DMA,2019,4,Desafíos matemáticos. Libro para el alumno,66,258,66,https://historico.conaliteg.gob.mx/c/H2019P4DMA/066.jpg,0,source_jpeg,served_image,200,image/jpeg,96653,325252f06db46190d28eea62ee6f466df378cf234be9d16e25985e8dc3c6664a,1,
LTMD_U1_W2_MATH_ASSET_AUDIT_0.1,H2019P4DMA,U1-H2019P4DMA,2019,4,Desafíos matemáticos. Libro para el alumno,67,258,67,https://historico.conaliteg.gob.mx/c/H2019P4DMA/067.jpg,0,source_jpeg,served_image,200,image/jpeg,51703,804a4fcc75adbfd9cdbfbc3644870b3eafaec2f8100b67fde7559c0f9e4af6ae,1,
LTMD_U1_W2_MATH_ASSET_AUDIT_0.1,H2019P4DMA,U1-H2019P4DMA,2019,4,Desafíos matemáticos. Libro para el alumno,68,258,68,https://historico.conaliteg.gob.mx/c/H2019P4DMA/068.jpg,0,source_jpeg,served_image,200,image/jpeg,70875,cad0feda5fa13e1ed2f320fa3651efdb4e9aa1d90da88130c014a1c3c89253e8,1,
LTMD_U1_W2_MATH_ASSET_AUDIT_0.1,H2019P4DMA,U1-H2019P4DMA,2019,4,Desafíos matemáticos. Libro para el alumno,69,258,69,https://historico.conaliteg.gob.mx/c/H2019P4DMA/069.jpg,0,source_jpeg,served_image,200,image/jpeg,75849,3476c2e69896abec99abb08da1381b2b98c78456c3d4cfddf409f0f2b7ad6f9c,1,
LTMD_U1_W2_MATH_ASSET_AUDIT_0.1,H2019P4DMA,U1-H2019P4DMA,2019,4,Desafíos matemáticos. Libro para el alumno,70,258,70,https://historico.conaliteg.gob.mx/c/H2019P4DMA/070.jpg,0,source_jpeg,served_image,200,image/jpeg,59802,f30a5eeb79ed04d6476410616c215cffa69f50a88e92ad7526bf4af993f5bf37,1,
LTMD_U1_W2_MATH_ASSET_AUDIT_0.1,H2019P4DMA,U1-H2019P4DMA,2019,4,Desafíos matemáticos. Libro para el alumno,71,258,71,https://historico.conaliteg.gob.mx/c/H2019P4DMA/071.jpg,0,source_jpeg,served_image,200,image/jpeg,63862,0361a3cc0f2260bafa58b9e955532263eab60a7025f30e8c980928a3e78dafe4,1,
LTMD_U1_W2_MATH_ASSET_AUDIT_0.1,H2019P4DMA,U1-H2019P4DMA,2019,4,Desafíos matemáticos. Libro para el alumno,72,258,72,https://historico.conaliteg.gob.mx/c/H2019P4DMA/072.jpg,0,source_jpeg,served_image,200,image/jpeg,68999,5ca477021f6bb9c1d0e3763fa4a0134298e486eb6bda8430b08b8a54dadf89b5,1,
LTMD_U1_W2_MATH_ASSET_AUDIT_0.1,H2019P4DMA,U1-H2019P4DMA,2019,4,Desafíos matemáticos. Libro para el alumno,73,258,73,https://historico.conaliteg.gob.mx/c/H2019P4DMA/073.jpg,0,source_jpeg,served_image,200,image/jpeg,82021,efa5078fa883f39c75e6a2953ef381465831a52b4fdb7d7a743f11fc41ac9fbd,1,
LTMD_U1_W2_MATH_ASSET_AUDIT_0.1,H2019P4DMA,U1-H2019P4DMA,2019,4,Desafíos matemáticos. Libro para el alumno,74,258,74,https://historico.conaliteg.gob.mx/c/H2019P4DMA/074.jpg,0,source_jpeg,served_image,200,image/jpeg,72826,9dd6936bea171abf85a317adfbe8d24715820cc88fd0bbb84a206f7f853e6137,1,
LTMD_U1_W2_MATH_ASSET_AUDIT_0.1,H2019P4DMA,U1-H2019P4DMA,2019,4,Desafíos matemáticos. Libro para el alumno,75,258,75,https://historico.conaliteg.gob.mx/c/H2019P4DMA/075.jpg,0,source_jpeg,served_image,200,image/jpeg,78685,075ef1b5f26a695f44f7e2506ae8218b4e7915841e5c298fc61118d077ff18a4,1,
LTMD_U1_W2_MATH_ASSET_AUDIT_0.1,H2019P4DMA,U1-H2019P4DMA,2019,4,Desafíos matemáticos. Libro para el alumno,76,258,76,https://historico.conaliteg.gob.mx/c/H2019P4DMA/076.jpg,0,source_jpeg,served_image,200,image/jpeg,71480,e8e8cb4d661f9a27862adeff0edd1173dab58237945b766d189f113e573648a9,1,
LTMD_U1_W2_MATH_ASSET_AUDIT_0.1,H2019P4DMA,U1-H2019P4DMA,2019,4,Desafíos matemáticos. Libro para el alumno,77,258,77,https://historico.conaliteg.gob.mx/c/H2019P4DMA/077.jpg,0,source_jpeg,served_image,200,image/jpeg,90316,1329268ed9c383371774d84cb8925f40628e7c01cd499921c2a36e2659d0bb13,1,
LTMD_U1_W2_MATH_ASSET_AUDIT_0.1,H2019P4DMA,U1-H2019P4DMA,2019,4,Desafíos matemáticos. Libro para el alumno,78,258,78,https://historico.conaliteg.gob.mx/c/H2019P4DMA/078.jpg,0,source_jpeg,served_image,200,image/jpeg,59358,16910bf337819b2ecdb51b8035368d46ab58f10b96ed2fb4d103c27a43be5849,1,
LTMD_U1_W2_MATH_ASSET_AUDIT_0.1,H2019P4DMA,U1-H2019P4DMA,2019,4,Desafíos matemáticos. Libro para el alumno,79,258,79,https://historico.conaliteg.gob.mx/c/H2019P4DMA/079.jpg,0,source_jpeg,served_image,200,image/jpeg,79950,8d96f93eae3906aea37d694e3c09e710fb8a675e168e15b9b5525497419549e3,1,
LTMD_U1_W2_MATH_ASSET_AUDIT_0.1,H2019P4DMA,U1-H2019P4DMA,2019,4,Desafíos matemáticos. Libro para el alumno,80,258,80,https://historico.conaliteg.gob.mx/c/H2019P4DMA/080.jpg,0,source_jpeg,served_image,200,image/jpeg,60180,d4e99d32ae33ef8111e5614a06e75364f436f55774a742ba7c2f9aab8a5398a9,1,
LTMD_U1_W2_MATH_ASSET_AUDIT_0.1,H2019P4DMA,U1-H2019P4DMA,2019,4,Desafíos matemáticos. Libro para el alumno,81,258,81,https://historico.conaliteg.gob.mx/c/H2019P4DMA/081.jpg,0,source_jpeg,served_image,200,image/jpeg,102107,5814890ef00cea37d9167a3035aaff06fa493700972678caf6e2010bfdb7d86a,1,
LTMD_U1_W2_MATH_ASSET_AUDIT_0.1,H2019P4DMA,U1-H2019P4DMA,2019,4,Desafíos matemáticos. Libro para el alumno,82,258,82,https://historico.conaliteg.gob.mx/c/H2019P4DMA/082.jpg,0,source_jpeg,served_image,200,image/jpeg,90830,2172c746a3b198dd238b08d947faeaf9a68b782cca02ab24b38434ee5ad092a8,1,
LTMD_U1_W2_MATH_ASSET_AUDIT_0.1,H2019P4DMA,U1-H2019P4DMA,2019,4,Desafíos matemáticos. Libro para el alumno,83,258,83,https://historico.conaliteg.gob.mx/c/H2019P4DMA/083.jpg,0,source_jpeg,served_image,200,image/jpeg,90464,8c8a7d3cf1fceba843be12c1d4978241237196bc785c165be245759f5b6356c6,1,
LTMD_U1_W2_MATH_ASSET_AUDIT_0.1,H2019P4DMA,U1-H2019P4DMA,2019,4,Desafíos matemáticos. Libro para el alumno,84,258,84,https://historico.conaliteg.gob.mx/c/H2019P4DMA/084.jpg,0,source_jpeg,served_image,200,image/jpeg,84349,9c384d8225189ac43da2bbd5a27a2ad5d3e22cbd2c038af52e178abfddf02c38,1,
LTMD_U1_W2_MATH_ASSET_AUDIT_0.1,H2019P4DMA,U1-H2019P4DMA,2019,4,Desafíos matemáticos. Libro para el alumno,85,258,85,https://historico.conaliteg.gob.mx/c/H2019P4DMA/085.jpg,0,source_jpeg,served_image,200,image/jpeg,96862,4b4e8e77e1a287072c47257a1edefdb8bb061f95c7742e0d8ea29a8f8ee101c2,1,
LTMD_U1_W2_MATH_ASSET_AUDIT_0.1,H2019P4DMA,U1-H2019P4DMA,2019,4,Desafíos matemáticos. Libro para el alumno,86,258,86,https://historico.conaliteg.gob.mx/c/H2019P4DMA/086.jpg,0,source_jpeg,served_image,200,image/jpeg,85428,89fce4bca26c0158bafeb6f8dec0ffbbbbabcc5c63aace0de776287e72eb0726,1,
LTMD_U1_W2_MATH_ASSET_AUDIT_0.1,H2019P4DMA,U1-H2019P4DMA,2019,4,Desafíos matemáticos. Libro para el alumno,87,258,87,https://historico.conaliteg.gob.mx/c/H2019P4DMA/087.jpg,0,source_jpeg,served_image,200,image/jpeg,86542,18dd62ae1973c90ab9c71e548c32f788f2a912bb401ec9fea7f402169e95a9ba,1,
LTMD_U1_W2_MATH_ASSET_AUDIT_0.1,H2019P4DMA,U1-H2019P4DMA,2019,4,Desafíos matemáticos. Libro para el alumno,88,258,88,https://historico.conaliteg.gob.mx/c/H2019P4DMA/088.jpg,0,source_jpeg,served_image,200,image/jpeg,131664,e80b303ddb143ad259ee0606478dbe361bba9a2a4a614e34e7c6606f021935e3,1,
LTMD_U1_W2_MATH_ASSET_AUDIT_0.1,H2019P4DMA,U1-H2019P4DMA,2019,4,Desafíos matemáticos. Libro para el alumno,89,258,89,https://historico.conaliteg.gob.mx/c/H2019P4DMA/089.jpg,0,source_jpeg,served_image,200,image/jpeg,63540,e028980fd32eb31fd122da7bf7e12b8554ee6cbd25daba4c8dedf37a26093ab3,1,
LTMD_U1_W2_MATH_ASSET_AUDIT_0.1,H2019P4DMA,U1-H2019P4DMA,2019,4,Desafíos matemáticos. Libro para el alumno,90,258,90,https://historico.conaliteg.gob.mx/c/H2019P4DMA/090.jpg,0,source_jpeg,served_image,200,image/jpeg,122047,bb83fa77f28e00b3fd1f7f2a7eaffdc2ff7b174cd6bd533d6b7885505687db3b,1,
LTMD_U1_W2_MATH_ASSET_AUDIT_0.1,H2019P4DMA,U1-H2019P4DMA,2019,4,Desafíos matemáticos. Libro para el alumno,91,258,91,https://historico.conaliteg.gob.mx/c/H2019P4DMA/091.jpg,0,source_jpeg,served_image,200,image/jpeg,92854,11c0f0b297bd35533581298e2e4c2d4b5334931b701583fb702a786e69a0bfe5,1,
LTMD_U1_W2_MATH_ASSET_AUDIT_0.1,H2019P4DMA,U1-H2019P4DMA,2019,4,Desafíos matemáticos. Libro para el alumno,92,258,92,https://historico.conaliteg.gob.mx/c/H2019P4DMA/092.jpg,0,source_jpeg,served_image,200,image/jpeg,78781,13ca29ef085484da8e967d2332c6a46c3868a0254f8a967ef5270987905065f1,1,
LTMD_U1_W2_MATH_ASSET_AUDIT_0.1,H2019P4DMA,U1-H2019P4DMA,2019,4,Desafíos matemáticos. Libro para el alumno,93,258,93,https://historico.conaliteg.gob.mx/c/H2019P4DMA/093.jpg,0,source_jpeg,served_image,200,image/jpeg,85909,2f7d951efee2f3086c8c61878a7444370eef1556828dfedd30000c8735621ea9,1,
LTMD_U1_W2_MATH_ASSET_AUDIT_0.1,H2019P4DMA,U1-H2019P4DMA,2019,4,Desafíos matemáticos. Libro para el alumno,94,258,94,https://historico.conaliteg.gob.mx/c/H2019P4DMA/094.jpg,0,source_jpeg,served_image,200,image/jpeg,78062,679c6898ac50d8805ba0b9498b9c9c632565f996e176ac2f4aee2809bb1b1923,1,
LTMD_U1_W2_MATH_ASSET_AUDIT_0.1,H2019P4DMA,U1-H2019P4DMA,2019,4,Desafíos matemáticos. Libro para el alumno,95,258,95,https://historico.conaliteg.gob.mx/c/H2019P4DMA/095.jpg,0,source_jpeg,served_image,200,image/jpeg,72294,b6a51aa347f163c039c3a85430836b6d822b8f1c559ef316619cc7186538b625,1,
LTMD_U1_W2_MATH_ASSET_AUDIT_0.1,H2019P4DMA,U1-H2019P4DMA,2019,4,Desafíos matemáticos. Libro para el alumno,96,258,96,https://historico.conaliteg.gob.mx/c/H2019P4DMA/096.jpg,0,source_jpeg,served_image,200,image/jpeg,70523,a243deecc08d551adb320db53df90cec8f1bfe3e16e97cf345468f9f0cb8c94d,1,
LTMD_U1_W2_MATH_ASSET_AUDIT_0.1,H2019P4DMA,U1-H2019P4DMA,2019,4,Desafíos matemáticos. Libro para el alumno,97,258,97,https://historico.conaliteg.gob.mx/c/H2019P4DMA/097.jpg,0,source_jpeg,served_image,200,image/jpeg,110738,9854baea378344746d30cc3f060b10486c71ae7acbc5034a26fdd28fdff4afab,1,
LTMD_U1_W2_MATH_ASSET_AUDIT_0.1,H2019P4DMA,U1-H2019P4DMA,2019,4,Desafíos matemáticos. Libro para el alumno,98,258,98,https://historico.conaliteg.gob.mx/c/H2019P4DMA/098.jpg,0,source_jpeg,served_image,200,image/jpeg,56653,86d9af624d9e0e9ba141ecb37b30f2db06662789f4087691b83d5599c0d2e771,1,
LTMD_U1_W2_MATH_ASSET_AUDIT_0.1,H2019P4DMA,U1-H2019P4DMA,2019,4,Desafíos matemáticos. Libro para el alumno,99,258,99,https://historico.conaliteg.gob.mx/c/H2019P4DMA/099.jpg,0,source_jpeg,served_image,200,image/jpeg,37788,c00c053e28ad32ee5507f83aa995e90094af11193686cfb749b9c520cb275978,1,
LTMD_U1_W2_MATH_ASSET_AUDIT_0.1,H2019P4DMA,U1-H2019P4DMA,2019,4,Desafíos matemáticos. Libro para el alumno,100,258,100,https://historico.conaliteg.gob.mx/c/H2019P4DMA/100.jpg,0,source_jpeg,served_image,200,image/jpeg,105991,b55e867904caf8fb7157841213ce5da616403c94fc5c1181ee3353a23aebc657,1,
LTMD_U1_W2_MATH_ASSET_AUDIT_0.1,H2019P4DMA,U1-H2019P4DMA,2019,4,Desafíos matemáticos. Libro para el alumno,101,258,101,https://historico.conaliteg.gob.mx/c/H2019P4DMA/101.jpg,0,source_jpeg,served_image,200,image/jpeg,84602,85a41d7957ee591aae8fbf8c2c6a74f35352295b5658f3fd688e3b99cffd9a4e,1,
LTMD_U1_W2_MATH_ASSET_AUDIT_0.1,H2019P4DMA,U1-H2019P4DMA,2019,4,Desafíos matemáticos. Libro para el alumno,102,258,102,https://historico.conaliteg.gob.mx/c/H2019P4DMA/102.jpg,0,source_jpeg,served_image,200,image/jpeg,104490,982dea3e6906df3223ed40d2dfed8e9e3b24c1a169ad1b56519534bdb669ec5b,1,
LTMD_U1_W2_MATH_ASSET_AUDIT_0.1,H2019P4DMA,U1-H2019P4DMA,2019,4,Desafíos matemáticos. Libro para el alumno,103,258,103,https://historico.conaliteg.gob.mx/c/H2019P4DMA/103.jpg,0,source_jpeg,served_image,200,image/jpeg,71783,c04b1d4c7fd3d4e8be2e88619aed3038b310aab47f5f44dab1fee774eb88c816,1,
LTMD_U1_W2_MATH_ASSET_AUDIT_0.1,H2019P4DMA,U1-H2019P4DMA,2019,4,Desafíos matemáticos. Libro para el alumno,104,258,104,https://historico.conaliteg.gob.mx/c/H2019P4DMA/104.jpg,0,source_jpeg,served_image,200,image/jpeg,47430,8272ee0bfa2aad4ef36c74ed9314e7ffa73cd2cb367ba1660afdcad9f508bc74,1,
LTMD_U1_W2_MATH_ASSET_AUDIT_0.1,H2019P4DMA,U1-H2019P4DMA,2019,4,Desafíos matemáticos. Libro para el alumno,105,258,105,https://historico.conaliteg.gob.mx/c/H2019P4DMA/105.jpg,0,source_jpeg,served_image,200,image/jpeg,58240,38fb3618ca4d32ec13b6ed4391cf843c911fd2392ee89e177354ef5781e83bcd,1,
LTMD_U1_W2_MATH_ASSET_AUDIT_0.1,H2019P4DMA,U1-H2019P4DMA,2019,4,Desafíos matemáticos. Libro para el alumno,106,258,106,https://historico.conaliteg.gob.mx/c/H2019P4DMA/106.jpg,0,source_jpeg,served_image,200,image/jpeg,78950,94f34058270f902c21e8dd681ad6134a033701e40492f47eadb5fb9aa2800346,1,
LTMD_U1_W2_MATH_ASSET_AUDIT_0.1,H2019P4DMA,U1-H2019P4DMA,2019,4,Desafíos matemáticos. Libro para el alumno,107,258,107,https://historico.conaliteg.gob.mx/c/H2019P4DMA/107.jpg,0,source_jpeg,served_image,200,image/jpeg,64833,763236f44cf2855cddcdbde20c3fabf3cda16b1fb20402468d8fc42b738714d9,1,
LTMD_U1_W2_MATH_ASSET_AUDIT_0.1,H2019P4DMA,U1-H2019P4DMA,2019,4,Desafíos matemáticos. Libro para el alumno,108,258,108,https://historico.conaliteg.gob.mx/c/H2019P4DMA/108.jpg,0,source_jpeg,served_image,200,image/jpeg,96514,e6b5d0ff81ff70867f7f09a5cb72addb82166cbad05489731b2a3b9a85abb834,1,
LTMD_U1_W2_MATH_ASSET_AUDIT_0.1,H2019P4DMA,U1-H2019P4DMA,2019,4,Desafíos matemáticos. Libro para el alumno,109,258,109,https://historico.conaliteg.gob.mx/c/H2019P4DMA/109.jpg,0,source_jpeg,served_image,200,image/jpeg,77743,7a2eb471d10ed9fcb963def2bee9bb07d956a361e42aab75150af526f58e6504,1,
LTMD_U1_W2_MATH_ASSET_AUDIT_0.1,H2019P4DMA,U1-H2019P4DMA,2019,4,Desafíos matemáticos. Libro para el alumno,110,258,110,https://historico.conaliteg.gob.mx/c/H2019P4DMA/110.jpg,0,source_jpeg,served_image,200,image/jpeg,121376,f359c1eddac3e6b3ce5b1d49028ca920c069a89f2367620a575566bfa9e4c5fb,1,
LTMD_U1_W2_MATH_ASSET_AUDIT_0.1,H2019P4DMA,U1-H2019P4DMA,2019,4,Desafíos matemáticos. Libro para el alumno,111,258,111,https://historico.conaliteg.gob.mx/c/H2019P4DMA/111.jpg,0,source_jpeg,served_image,200,image/jpeg,103788,882b2d742cb4cbd673c44ba57ab9b47dae71ab45c256d27dd77d100bf6dd7262,1,
LTMD_U1_W2_MATH_ASSET_AUDIT_0.1,H2019P4DMA,U1-H2019P4DMA,2019,4,Desafíos matemáticos. Libro para el alumno,112,258,112,https://historico.conaliteg.gob.mx/c/H2019P4DMA/112.jpg,0,source_jpeg,served_image,200,image/jpeg,99524,6074688d0fbd10a0d17992970daba7d42fc00ea8436ec53236f49f4b4926f8ef,1,
LTMD_U1_W2_MATH_ASSET_AUDIT_0.1,H2019P4DMA,U1-H2019P4DMA,2019,4,Desafíos matemáticos. Libro para el alumno,113,258,113,https://historico.conaliteg.gob.mx/c/H2019P4DMA/113.jpg,0,source_jpeg,served_image,200,image/jpeg,108300,f922eecc6176f0416436b96b6b198005a3260547cc4012a61fb18db95922d061,1,
LTMD_U1_W2_MATH_ASSET_AUDIT_0.1,H2019P4DMA,U1-H2019P4DMA,2019,4,Desafíos matemáticos. Libro para el alumno,114,258,114,https://historico.conaliteg.gob.mx/c/H2019P4DMA/114.jpg,0,source_jpeg,served_image,200,image/jpeg,117767,4d677a18187a3c8273b466be0a128f86a1cfb9d389b9c55382766d4dcb70f40a,1,
LTMD_U1_W2_MATH_ASSET_AUDIT_0.1,H2019P4DMA,U1-H2019P4DMA,2019,4,Desafíos matemáticos. Libro para el alumno,115,258,115,https://historico.conaliteg.gob.mx/c/H2019P4DMA/115.jpg,0,source_jpeg,served_image,200,image/jpeg,86340,9e442629f61b1afe73deb268f8e4b7a20e800bb5c2d4748246287b61afe2b9e9,1,
LTMD_U1_W2_MATH_ASSET_AUDIT_0.1,H2019P4DMA,U1-H2019P4DMA,2019,4,Desafíos matemáticos. Libro para el alumno,116,258,116,https://historico.conaliteg.gob.mx/c/H2019P4DMA/116.jpg,0,source_jpeg,served_image,200,image/jpeg,100063,17ee34ecab0173e90055bf58a3ea787d8b2f6dd71b58ed6a45158687cf97e391,1,
LTMD_U1_W2_MATH_ASSET_AUDIT_0.1,H2019P4DMA,U1-H2019P4DMA,2019,4,Desafíos matemáticos. Libro para el alumno,117,258,117,https://historico.conaliteg.gob.mx/c/H2019P4DMA/117.jpg,0,source_jpeg,served_image,200,image/jpeg,78739,43cb59c341458afa2a1282be23fdf1fb15cd0b23083adb870a26db1f3658f412,1,
LTMD_U1_W2_MATH_ASSET_AUDIT_0.1,H2019P4DMA,U1-H2019P4DMA,2019,4,Desafíos matemáticos. Libro para el alumno,118,258,118,https://historico.conaliteg.gob.mx/c/H2019P4DMA/118.jpg,0,source_jpeg,served_image,200,image/jpeg,100481,5f41648f7d3a3cd0ebf822d897da38fe8adcca87f9f04ddfeaf86fcd1851a331,1,
LTMD_U1_W2_MATH_ASSET_AUDIT_0.1,H2019P4DMA,U1-H2019P4DMA,2019,4,Desafíos matemáticos. Libro para el alumno,119,258,119,https://historico.conaliteg.gob.mx/c/H2019P4DMA/119.jpg,0,source_jpeg,served_image,200,image/jpeg,164058,cb5e43a967bc293a4629e2e7a9dc9ef113fa175a7345089171f28aa129258589,1,
LTMD_U1_W2_MATH_ASSET_AUDIT_0.1,H2019P4DMA,U1-H2019P4DMA,2019,4,Desafíos matemáticos. Libro para el alumno,120,258,120,https://historico.conaliteg.gob.mx/c/H2019P4DMA/120.jpg,0,source_jpeg,served_image,200,image/jpeg,89559,cfeb3d1218613c5f671206e5dc29cac4089a3befdeef183bd107da0d9b589c7a,1,
LTMD_U1_W2_MATH_ASSET_AUDIT_0.1,H2019P4DMA,U1-H2019P4DMA,2019,4,Desafíos matemáticos. Libro para el alumno,121,258,121,https://historico.conaliteg.gob.mx/c/H2019P4DMA/121.jpg,0,source_jpeg,served_image,200,image/jpeg,95829,05283bb0539cac4ea8ac2c7f26dde1b4a7cea8b63ad09defb4e6c5153c8e0c9f,1,
LTMD_U1_W2_MATH_ASSET_AUDIT_0.1,H2019P4DMA,U1-H2019P4DMA,2019,4,Desafíos matemáticos. Libro para el alumno,122,258,122,https://historico.conaliteg.gob.mx/c/H2019P4DMA/122.jpg,0,source_jpeg,served_image,200,image/jpeg,54781,98471b749a15ebfbab226e719237d04b53137db97531e516df51a0c4f2f1d65c,1,
LTMD_U1_W2_MATH_ASSET_AUDIT_0.1,H2019P4DMA,U1-H2019P4DMA,2019,4,Desafíos matemáticos. Libro para el alumno,123,258,123,https://historico.conaliteg.gob.mx/c/H2019P4DMA/123.jpg,0,source_jpeg,served_image,200,image/jpeg,98383,b0eb2757cfe9ad19673dc4e675274426a18fa9111304eb4db34af27ef4e1153a,1,
LTMD_U1_W2_MATH_ASSET_AUDIT_0.1,H2019P4DMA,U1-H2019P4DMA,2019,4,Desafíos matemáticos. Libro para el alumno,124,258,124,https://historico.conaliteg.gob.mx/c/H2019P4DMA/124.jpg,0,source_jpeg,served_image,200,image/jpeg,100090,bb525834ae161a438ab69e3f57183ee487a78db7141b3fb5aabaf270dd99e62d,1,
LTMD_U1_W2_MATH_ASSET_AUDIT_0.1,H2019P4DMA,U1-H2019P4DMA,2019,4,Desafíos matemáticos. Libro para el alumno,125,258,125,https://historico.conaliteg.gob.mx/c/H2019P4DMA/125.jpg,0,source_jpeg,served_image,200,image/jpeg,73093,5ce2e27cf02520b73de410e30eafe68167652de246180bbd5127000c0531b63b,1,
LTMD_U1_W2_MATH_ASSET_AUDIT_0.1,H2019P4DMA,U1-H2019P4DMA,2019,4,Desafíos matemáticos. Libro para el alumno,126,258,126,https://historico.conaliteg.gob.mx/c/H2019P4DMA/126.jpg,0,source_jpeg,served_image,200,image/jpeg,77759,13041589247052ad232b32fc310f5c83de7c49b3a0006b375d23442c23388246,1,
LTMD_U1_W2_MATH_ASSET_AUDIT_0.1,H2019P4DMA,U1-H2019P4DMA,2019,4,Desafíos matemáticos. Libro para el alumno,127,258,127,https://historico.conaliteg.gob.mx/c/H2019P4DMA/127.jpg,0,source_jpeg,served_image,200,image/jpeg,89653,d568da89e4f51e78e43c55d26fb244da383baa49f4f86be7a7f2f7432bf38615,1,
LTMD_U1_W2_MATH_ASSET_AUDIT_0.1,H2019P4DMA,U1-H2019P4DMA,2019,4,Desafíos matemáticos. Libro para el alumno,128,258,128,https://historico.conaliteg.gob.mx/c/H2019P4DMA/128.jpg,0,source_jpeg,served_image,200,image/jpeg,78762,905846c49e2ef712b35f16b497f8ad1b3f7dc79c55183548cbedaee14c248a61,1,
LTMD_U1_W2_MATH_ASSET_AUDIT_0.1,H2019P4DMA,U1-H2019P4DMA,2019,4,Desafíos matemáticos. Libro para el alumno,129,258,129,https://historico.conaliteg.gob.mx/c/H2019P4DMA/129.jpg,0,source_jpeg,served_image,200,image/jpeg,43886,37705e26febe72932b3c4e9455872ff0c46062eae0a92a40dcdd24398d217a03,1,
LTMD_U1_W2_MATH_ASSET_AUDIT_0.1,H2019P4DMA,U1-H2019P4DMA,2019,4,Desafíos matemáticos. Libro para el alumno,130,258,130,https://historico.conaliteg.gob.mx/c/H2019P4DMA/130.jpg,0,source_jpeg,served_image,200,image/jpeg,85821,3eb71fd8e84b3caf4fc9d31111252f7da5ed213c9e031aed01039d4d7774ea8c,1,
LTMD_U1_W2_MATH_ASSET_AUDIT_0.1,H2019P4DMA,U1-H2019P4DMA,2019,4,Desafíos matemáticos. Libro para el alumno,131,258,131,https://historico.conaliteg.gob.mx/c/H2019P4DMA/131.jpg,0,source_jpeg,served_image,200,image/jpeg,91332,7abe07f7dfe917e8cfe7ad6545fc535a186ac664b5db35adeaf90a384272f5c2,1,
LTMD_U1_W2_MATH_ASSET_AUDIT_0.1,H2019P4DMA,U1-H2019P4DMA,2019,4,Desafíos matemáticos. Libro para el alumno,132,258,132,https://historico.conaliteg.gob.mx/c/H2019P4DMA/132.jpg,0,source_jpeg,served_image,200,image/jpeg,76466,6bd2d8fee652c47720effcf2892845f696cec7d94665022e7db36f8c7c5ae464,1,
LTMD_U1_W2_MATH_ASSET_AUDIT_0.1,H2019P4DMA,U1-H2019P4DMA,2019,4,Desafíos matemáticos. Libro para el alumno,133,258,133,https://historico.conaliteg.gob.mx/c/H2019P4DMA/133.jpg,0,source_jpeg,served_image,200,image/jpeg,87808,b9fd77ef1d286b557deae722654e54afdb1edc94dc4d8b89d5600f81c1d1ef42,1,
LTMD_U1_W2_MATH_ASSET_AUDIT_0.1,H2019P4DMA,U1-H2019P4DMA,2019,4,Desafíos matemáticos. Libro para el alumno,134,258,134,https://historico.conaliteg.gob.mx/c/H2019P4DMA/134.jpg,0,source_jpeg,served_image,200,image/jpeg,61936,4b7e3d2d4e63a2ff3b9864a9c8fbd7398ed7a7633bbda4b59853136e21a6b41c,1,
LTMD_U1_W2_MATH_ASSET_AUDIT_0.1,H2019P4DMA,U1-H2019P4DMA,2019,4,Desafíos matemáticos. Libro para el alumno,135,258,135,https://historico.conaliteg.gob.mx/c/H2019P4DMA/135.jpg,0,source_jpeg,served_image,200,image/jpeg,63022,988da7141963c2193c0af6df7b82309377d6c1053e66fd9a1d5b663ce13a16a3,1,
LTMD_U1_W2_MATH_ASSET_AUDIT_0.1,H2019P4DMA,U1-H2019P4DMA,2019,4,Desafíos matemáticos. Libro para el alumno,136,258,136,https://historico.conaliteg.gob.mx/c/H2019P4DMA/136.jpg,0,source_jpeg,served_image,200,image/jpeg,66498,3de6ff740f7ead7f9b487329d33150aa268034e257564f9ee428985a5ec678e7,1,
LTMD_U1_W2_MATH_ASSET_AUDIT_0.1,H2019P4DMA,U1-H2019P4DMA,2019,4,Desafíos matemáticos. Libro para el alumno,137,258,137,https://historico.conaliteg.gob.mx/c/H2019P4DMA/137.jpg,0,source_jpeg,served_image,200,image/jpeg,74951,0a0c1488459664782daf2f7cc0e4440b4c78bb295360226e4601b9310a724ead,1,
LTMD_U1_W2_MATH_ASSET_AUDIT_0.1,H2019P4DMA,U1-H2019P4DMA,2019,4,Desafíos matemáticos. Libro para el alumno,138,258,138,https://historico.conaliteg.gob.mx/c/H2019P4DMA/138.jpg,0,source_jpeg,served_image,200,image/jpeg,81255,87efb1917a3bcac56bbc01d6c659157fc5616fe0a168eaf6aea5e43d5712c2f2,1,
LTMD_U1_W2_MATH_ASSET_AUDIT_0.1,H2019P4DMA,U1-H2019P4DMA,2019,4,Desafíos matemáticos. Libro para el alumno,139,258,139,https://historico.conaliteg.gob.mx/c/H2019P4DMA/139.jpg,0,source_jpeg,served_image,200,image/jpeg,76359,73b75e4053c899f81f268ec848f9dbc8af0ad51c6f8836d9c3d86dcc87b0fd90,1,
LTMD_U1_W2_MATH_ASSET_AUDIT_0.1,H2019P4DMA,U1-H2019P4DMA,2019,4,Desafíos matemáticos. Libro para el alumno,140,258,140,https://historico.conaliteg.gob.mx/c/H2019P4DMA/140.jpg,0,source_jpeg,served_image,200,image/jpeg,89904,237a1495fbfbc94c851f5e8c03fc2b2cbce7335c963f709b04fefb12487aef3b,1,
LTMD_U1_W2_MATH_ASSET_AUDIT_0.1,H2019P4DMA,U1-H2019P4DMA,2019,4,Desafíos matemáticos. Libro para el alumno,141,258,141,https://historico.conaliteg.gob.mx/c/H2019P4DMA/141.jpg,0,source_jpeg,served_image,200,image/jpeg,79049,b3d3f1f2193f8851aea80eb865f0c71a12c3b54c98a19a0472821b59c632823d,1,
LTMD_U1_W2_MATH_ASSET_AUDIT_0.1,H2019P4DMA,U1-H2019P4DMA,2019,4,Desafíos matemáticos. Libro para el alumno,142,258,142,https://historico.conaliteg.gob.mx/c/H2019P4DMA/142.jpg,0,source_jpeg,served_image,200,image/jpeg,76118,8d0833dc927ee35b28674b991c57cd90938ec1a58c0c3a2728e3cff1086941ea,1,
LTMD_U1_W2_MATH_ASSET_AUDIT_0.1,H2019P4DMA,U1-H2019P4DMA,2019,4,Desafíos matemáticos. Libro para el alumno,143,258,143,https://historico.conaliteg.gob.mx/c/H2019P4DMA/143.jpg,0,source_jpeg,served_image,200,image/jpeg,52709,11d4410c27ebbb986f5789f6cd63002b7edc85b758081f4bc68d9df8c87623ad,1,
LTMD_U1_W2_MATH_ASSET_AUDIT_0.1,H2019P4DMA,U1-H2019P4DMA,2019,4,Desafíos matemáticos. Libro para el alumno,144,258,144,https://historico.conaliteg.gob.mx/c/H2019P4DMA/144.jpg,0,source_jpeg,served_image,200,image/jpeg,65538,183caf384164cbbedd574b448f43c83706a80b6f5f2cf3f5c346fb64460422de,1,
LTMD_U1_W2_MATH_ASSET_AUDIT_0.1,H2019P4DMA,U1-H2019P4DMA,2019,4,Desafíos matemáticos. Libro para el alumno,145,258,145,https://historico.conaliteg.gob.mx/c/H2019P4DMA/145.jpg,0,source_jpeg,served_image,200,image/jpeg,33990,cebfa81712a050f18ab4339d25b31573dc8d4f6009928d41c28a26ca50a9dfbf,1,
LTMD_U1_W2_MATH_ASSET_AUDIT_0.1,H2019P4DMA,U1-H2019P4DMA,2019,4,Desafíos matemáticos. Libro para el alumno,146,258,146,https://historico.conaliteg.gob.mx/c/H2019P4DMA/146.jpg,0,source_jpeg,served_image,200,image/jpeg,60836,18b50b70a3f4890cb46e158fecbdf0c8b484e380452ff4e9043c48c8e5e29ea8,1,
LTMD_U1_W2_MATH_ASSET_AUDIT_0.1,H2019P4DMA,U1-H2019P4DMA,2019,4,Desafíos matemáticos. Libro para el alumno,147,258,147,https://historico.conaliteg.gob.mx/c/H2019P4DMA/147.jpg,0,source_jpeg,served_image,200,image/jpeg,83593,ea94a48ccea74a155cfd18fde56be0f2b21c01bb5eaaabae5ec97e527bb695e4,1,
LTMD_U1_W2_MATH_ASSET_AUDIT_0.1,H2019P4DMA,U1-H2019P4DMA,2019,4,Desafíos matemáticos. Libro para el alumno,148,258,148,https://historico.conaliteg.gob.mx/c/H2019P4DMA/148.jpg,0,source_jpeg,served_image,200,image/jpeg,36052,e88582dfb9df2ceb9044c75f8326b2aa7d81d3e4bc0fcd7d18d230e21a4b71cf,1,
LTMD_U1_W2_MATH_ASSET_AUDIT_0.1,H2019P4DMA,U1-H2019P4DMA,2019,4,Desafíos matemáticos. Libro para el alumno,149,258,149,https://historico.conaliteg.gob.mx/c/H2019P4DMA/149.jpg,0,source_jpeg,served_image,200,image/jpeg,94280,ca8d9064426c8c444d3808458ac2c1b159de19055a23dbd158c7df8d768b11cd,1,
LTMD_U1_W2_MATH_ASSET_AUDIT_0.1,H2019P4DMA,U1-H2019P4DMA,2019,4,Desafíos matemáticos. Libro para el alumno,150,258,150,https://historico.conaliteg.gob.mx/c/H2019P4DMA/150.jpg,0,source_jpeg,served_image,200,image/jpeg,39820,ae97f52d61276513033db38727da08f42fc6156dd3436667f8dc8f46cb4980dd,1,
LTMD_U1_W2_MATH_ASSET_AUDIT_0.1,H2019P4DMA,U1-H2019P4DMA,2019,4,Desafíos matemáticos. Libro para el alumno,151,258,151,https://historico.conaliteg.gob.mx/c/H2019P4DMA/151.jpg,0,source_jpeg,served_image,200,image/jpeg,127364,0ce90bf85a09cc637bb04bf1723a753208924c8ebfa84384bee20b9a685a7996,1,
LTMD_U1_W2_MATH_ASSET_AUDIT_0.1,H2019P4DMA,U1-H2019P4DMA,2019,4,Desafíos matemáticos. Libro para el alumno,152,258,152,https://historico.conaliteg.gob.mx/c/H2019P4DMA/152.jpg,0,source_jpeg,served_image,200,image/jpeg,123507,3c2a0ef74c962219db541106039586f6d429815e9325a6213b702d40b4814934,1,
LTMD_U1_W2_MATH_ASSET_AUDIT_0.1,H2019P4DMA,U1-H2019P4DMA,2019,4,Desafíos matemáticos. Libro para el alumno,153,258,153,https://historico.conaliteg.gob.mx/c/H2019P4DMA/153.jpg,0,source_jpeg,served_image,200,image/jpeg,119794,9f788e0615544135d7e31ded09b53e2d50271ea3678ac20bb6020dfccc97917e,1,
LTMD_U1_W2_MATH_ASSET_AUDIT_0.1,H2019P4DMA,U1-H2019P4DMA,2019,4,Desafíos matemáticos. Libro para el alumno,154,258,154,https://historico.conaliteg.gob.mx/c/H2019P4DMA/154.jpg,0,source_jpeg,served_image,200,image/jpeg,113922,1ec2c42ba2f3c96bbb25c072d090a0f6e5eb23cb4ce605b972185e931094ccf0,1,
LTMD_U1_W2_MATH_ASSET_AUDIT_0.1,H2019P4DMA,U1-H2019P4DMA,2019,4,Desafíos matemáticos. Libro para el alumno,155,258,155,https://historico.conaliteg.gob.mx/c/H2019P4DMA/155.jpg,0,source_jpeg,served_image,200,image/jpeg,91883,a6ae653aaabb62c8d8d585dc86f755f7a6389a75cf893d591d531f54fa23ceb0,1,
LTMD_U1_W2_MATH_ASSET_AUDIT_0.1,H2019P4DMA,U1-H2019P4DMA,2019,4,Desafíos matemáticos. Libro para el alumno,156,258,156,https://historico.conaliteg.gob.mx/c/H2019P4DMA/156.jpg,0,source_jpeg,served_image,200,image/jpeg,79392,1515ace68ea4f67c074bdeab323c64e6f5d85ef7596ce2c4d0a7d8bdd6e0785e,1,
LTMD_U1_W2_MATH_ASSET_AUDIT_0.1,H2019P4DMA,U1-H2019P4DMA,2019,4,Desafíos matemáticos. Libro para el alumno,157,258,157,https://historico.conaliteg.gob.mx/c/H2019P4DMA/157.jpg,0,source_jpeg,served_image,200,image/jpeg,86673,14a76d532e781dc4cf57205e014dcd7c22d0ab8c74065eff3e0518f0fae801a2,1,
LTMD_U1_W2_MATH_ASSET_AUDIT_0.1,H2019P4DMA,U1-H2019P4DMA,2019,4,Desafíos matemáticos. Libro para el alumno,158,258,158,https://historico.conaliteg.gob.mx/c/H2019P4DMA/158.jpg,0,source_jpeg,served_image,200,image/jpeg,75348,5593ebd205fd251c3b20cabababe544bcc8e0bf9051a69bd5ef97a0a805cfbb6,1,
LTMD_U1_W2_MATH_ASSET_AUDIT_0.1,H2019P4DMA,U1-H2019P4DMA,2019,4,Desafíos matemáticos. Libro para el alumno,159,258,159,https://historico.conaliteg.gob.mx/c/H2019P4DMA/159.jpg,0,source_jpeg,served_image,200,image/jpeg,61681,f941e28d6b1609facb29852adcf393a653dff1b2129896600ad3ceab8e4d3eaf,1,
LTMD_U1_W2_MATH_ASSET_AUDIT_0.1,H2019P4DMA,U1-H2019P4DMA,2019,4,Desafíos matemáticos. Libro para el alumno,160,258,160,https://historico.conaliteg.gob.mx/c/H2019P4DMA/160.jpg,0,source_jpeg,served_image,200,image/jpeg,41714,3a4e5d873544887b9b17e5ea51bbc1c7178d95379fd929476ce91610e34089cd,1,
LTMD_U1_W2_MATH_ASSET_AUDIT_0.1,H2019P4DMA,U1-H2019P4DMA,2019,4,Desafíos matemáticos. Libro para el alumno,161,258,161,https://historico.conaliteg.gob.mx/c/H2019P4DMA/161.jpg,0,source_jpeg,served_image,200,image/jpeg,26278,0243932cc3448654ab722deced09886ac32d6e7b9255e8c4bbbd865454f5c1e9,1,
LTMD_U1_W2_MATH_ASSET_AUDIT_0.1,H2019P4DMA,U1-H2019P4DMA,2019,4,Desafíos matemáticos. Libro para el alumno,162,258,162,https://historico.conaliteg.gob.mx/c/H2019P4DMA/162.jpg,0,source_jpeg,served_image,200,image/jpeg,71343,9ff95bb9e6e4f5d811cd760623598b8183da08d7fb819e5000d1ed7628b6dade,1,
LTMD_U1_W2_MATH_ASSET_AUDIT_0.1,H2019P4DMA,U1-H2019P4DMA,2019,4,Desafíos matemáticos. Libro para el alumno,163,258,163,https://historico.conaliteg.gob.mx/c/H2019P4DMA/163.jpg,0,source_jpeg,served_image,200,image/jpeg,77763,9094532e146d9a9adefc35250a1c0a925b6973462e65764cf286888586718369,1,
LTMD_U1_W2_MATH_ASSET_AUDIT_0.1,H2019P4DMA,U1-H2019P4DMA,2019,4,Desafíos matemáticos. Libro para el alumno,164,258,164,https://historico.conaliteg.gob.mx/c/H2019P4DMA/164.jpg,0,source_jpeg,served_image,200,image/jpeg,101519,21cd7d978a9f6f19714dcab5f3e805a5536d16da51240357f996839b17dac3f3,1,
LTMD_U1_W2_MATH_ASSET_AUDIT_0.1,H2019P4DMA,U1-H2019P4DMA,2019,4,Desafíos matemáticos. Libro para el alumno,165,258,165,https://historico.conaliteg.gob.mx/c/H2019P4DMA/165.jpg,0,source_jpeg,served_image,200,image/jpeg,83434,7a665b2b20f93f3d39b5b1ec2647152d2cabefe0f9d1e0025adc316fe11cf28c,1,
LTMD_U1_W2_MATH_ASSET_AUDIT_0.1,H2019P4DMA,U1-H2019P4DMA,2019,4,Desafíos matemáticos. Libro para el alumno,166,258,166,https://historico.conaliteg.gob.mx/c/H2019P4DMA/166.jpg,0,source_jpeg,served_image,200,image/jpeg,96356,004f6ef37b6a01d7ffc84c091fa34d1992a50751e38baebbb9a05fd5c152043e,1,
LTMD_U1_W2_MATH_ASSET_AUDIT_0.1,H2019P4DMA,U1-H2019P4DMA,2019,4,Desafíos matemáticos. Libro para el alumno,167,258,167,https://historico.conaliteg.gob.mx/c/H2019P4DMA/167.jpg,0,source_jpeg,served_image,200,image/jpeg,85040,f14aeb391557dec529b6d2f9ec5f17d1d6276c525a722a7239a880a185a9c0f0,1,
LTMD_U1_W2_MATH_ASSET_AUDIT_0.1,H2019P4DMA,U1-H2019P4DMA,2019,4,Desafíos matemáticos. Libro para el alumno,168,258,168,https://historico.conaliteg.gob.mx/c/H2019P4DMA/168.jpg,0,source_jpeg,served_image,200,image/jpeg,87130,39dc7d9bedfe351de45d2cb09f68c76da3e58ded1704aa73b2cc5d8f0e547664,1,
LTMD_U1_W2_MATH_ASSET_AUDIT_0.1,H2019P4DMA,U1-H2019P4DMA,2019,4,Desafíos matemáticos. Libro para el alumno,169,258,169,https://historico.conaliteg.gob.mx/c/H2019P4DMA/169.jpg,0,source_jpeg,served_image,200,image/jpeg,90800,47a6eaa3ac2c37547cd663648d7eff65c3a8366a027f0c2afbc57593da498312,1,
LTMD_U1_W2_MATH_ASSET_AUDIT_0.1,H2019P4DMA,U1-H2019P4DMA,2019,4,Desafíos matemáticos. Libro para el alumno,170,258,170,https://historico.conaliteg.gob.mx/c/H2019P4DMA/170.jpg,0,source_jpeg,served_image,200,image/jpeg,84880,f0bdb9f9d3296da38705acb330993c1ad61019398aa1cb9c8aababdb7a77fa7b,1,
LTMD_U1_W2_MATH_ASSET_AUDIT_0.1,H2019P4DMA,U1-H2019P4DMA,2019,4,Desafíos matemáticos. Libro para el alumno,171,258,171,https://historico.conaliteg.gob.mx/c/H2019P4DMA/171.jpg,0,source_jpeg,served_image,200,image/jpeg,110359,560695288d9374e65edde8397864e0c37856ca032aa5f9c13b0b8bbfbc95b73d,1,
LTMD_U1_W2_MATH_ASSET_AUDIT_0.1,H2019P4DMA,U1-H2019P4DMA,2019,4,Desafíos matemáticos. Libro para el alumno,172,258,172,https://historico.conaliteg.gob.mx/c/H2019P4DMA/172.jpg,0,source_jpeg,served_image,200,image/jpeg,61433,ee39cd2aa71ac67b5c5fd874be983e522fa25a8e6917e405901fbedc22f0adc8,1,
LTMD_U1_W2_MATH_ASSET_AUDIT_0.1,H2019P4DMA,U1-H2019P4DMA,2019,4,Desafíos matemáticos. Libro para el alumno,173,258,173,https://historico.conaliteg.gob.mx/c/H2019P4DMA/173.jpg,0,source_jpeg,served_image,200,image/jpeg,151833,0776fb207d8f0087dccfeacb86848dbe7337072e24ed0d2e522cfc9d62ec9e64,1,
LTMD_U1_W2_MATH_ASSET_AUDIT_0.1,H2019P4DMA,U1-H2019P4DMA,2019,4,Desafíos matemáticos. Libro para el alumno,174,258,174,https://historico.conaliteg.gob.mx/c/H2019P4DMA/174.jpg,0,source_jpeg,served_image,200,image/jpeg,148131,a9ca394a42d172c00edfb35843b5003d74868379b08dd7bde3ad9d92706c4dae,1,
LTMD_U1_W2_MATH_ASSET_AUDIT_0.1,H2019P4DMA,U1-H2019P4DMA,2019,4,Desafíos matemáticos. Libro para el alumno,175,258,175,https://historico.conaliteg.gob.mx/c/H2019P4DMA/175.jpg,0,source_jpeg,served_image,200,image/jpeg,96658,213d3e4a6d85215e06a1635b5e88a54d61352a85e9394a73b36898f6b34f5951,1,
LTMD_U1_W2_MATH_ASSET_AUDIT_0.1,H2019P4DMA,U1-H2019P4DMA,2019,4,Desafíos matemáticos. Libro para el alumno,176,258,176,https://historico.conaliteg.gob.mx/c/H2019P4DMA/176.jpg,0,source_jpeg,served_image,200,image/jpeg,87816,7b910663dd200e55752bde4f9d48c19f8655c32dc8c56c3ed33f0adf54d7abd1,1,
LTMD_U1_W2_MATH_ASSET_AUDIT_0.1,H2019P4DMA,U1-H2019P4DMA,2019,4,Desafíos matemáticos. Libro para el alumno,177,258,177,https://historico.conaliteg.gob.mx/c/H2019P4DMA/177.jpg,0,source_jpeg,served_image,200,image/jpeg,92778,530ea41e6ac3e5a88db3f2896fc987c1b7e1c9f9e2c77396a57a98ce7c87a755,1,
LTMD_U1_W2_MATH_ASSET_AUDIT_0.1,H2019P4DMA,U1-H2019P4DMA,2019,4,Desafíos matemáticos. Libro para el alumno,178,258,178,https://historico.conaliteg.gob.mx/c/H2019P4DMA/178.jpg,0,source_jpeg,served_image,200,image/jpeg,82869,27823f9fd23843dd67838893b50000deb43e1686132a11ccd38bbf296e7188c4,1,
LTMD_U1_W2_MATH_ASSET_AUDIT_0.1,H2019P4DMA,U1-H2019P4DMA,2019,4,Desafíos matemáticos. Libro para el alumno,179,258,179,https://historico.conaliteg.gob.mx/c/H2019P4DMA/179.jpg,0,source_jpeg,served_image,200,image/jpeg,68206,6723fbe7915d151c56c5b497832ac5a5111935fdc461b0bee7b4cb2aeca58a96,1,
LTMD_U1_W2_MATH_ASSET_AUDIT_0.1,H2019P4DMA,U1-H2019P4DMA,2019,4,Desafíos matemáticos. Libro para el alumno,180,258,180,https://historico.conaliteg.gob.mx/c/H2019P4DMA/180.jpg,0,source_jpeg,served_image,200,image/jpeg,74839,09b67303252232dace35ee0dcf45a2552a861b95467028028f09d38e946a345f,1,
LTMD_U1_W2_MATH_ASSET_AUDIT_0.1,H2019P4DMA,U1-H2019P4DMA,2019,4,Desafíos matemáticos. Libro para el alumno,181,258,181,https://historico.conaliteg.gob.mx/c/H2019P4DMA/181.jpg,0,source_jpeg,served_image,200,image/jpeg,76744,1a418371bef2e0c3955cad20d7c1981578c5f31f5723775a55775d1840a7b71d,1,
LTMD_U1_W2_MATH_ASSET_AUDIT_0.1,H2019P4DMA,U1-H2019P4DMA,2019,4,Desafíos matemáticos. Libro para el alumno,182,258,182,https://historico.conaliteg.gob.mx/c/H2019P4DMA/182.jpg,0,source_jpeg,served_image,200,image/jpeg,95935,4f89b4f90b22f3c3d163ee4dfcee0436f3931a327c34de8bdcb13448f560d334,1,
LTMD_U1_W2_MATH_ASSET_AUDIT_0.1,H2019P4DMA,U1-H2019P4DMA,2019,4,Desafíos matemáticos. Libro para el alumno,183,258,183,https://historico.conaliteg.gob.mx/c/H2019P4DMA/183.jpg,0,source_jpeg,served_image,200,image/jpeg,76088,0bb98836014c499193afab67a3624d9b260678ab42a6f5e3cbd7ef52dea64f9d,1,
LTMD_U1_W2_MATH_ASSET_AUDIT_0.1,H2019P4DMA,U1-H2019P4DMA,2019,4,Desafíos matemáticos. Libro para el alumno,184,258,184,https://historico.conaliteg.gob.mx/c/H2019P4DMA/184.jpg,0,source_jpeg,served_image,200,image/jpeg,74065,95bffd18decbd054469e0125a17e3615f72fead628f2f960f98598d961fe4efa,1,
LTMD_U1_W2_MATH_ASSET_AUDIT_0.1,H2019P4DMA,U1-H2019P4DMA,2019,4,Desafíos matemáticos. Libro para el alumno,185,258,185,https://historico.conaliteg.gob.mx/c/H2019P4DMA/185.jpg,0,source_jpeg,served_image,200,image/jpeg,95786,dce6d1326b6b7139d3117f078cc2ec5795edd65ffd836d1a48c0bd675925dfb2,1,
LTMD_U1_W2_MATH_ASSET_AUDIT_0.1,H2019P4DMA,U1-H2019P4DMA,2019,4,Desafíos matemáticos. Libro para el alumno,186,258,186,https://historico.conaliteg.gob.mx/c/H2019P4DMA/186.jpg,0,source_jpeg,served_image,200,image/jpeg,89796,1652513f6c7ba4e7c41d8b9c932a8a518bfb532a13f2f78514dfe255590dffd1,1,
LTMD_U1_W2_MATH_ASSET_AUDIT_0.1,H2019P4DMA,U1-H2019P4DMA,2019,4,Desafíos matemáticos. Libro para el alumno,187,258,187,https://historico.conaliteg.gob.mx/c/H2019P4DMA/187.jpg,0,source_jpeg,served_image,200,image/jpeg,69645,1226eff3271dad5af3602da1248bfcbb5293a5a41679a845bad7f63fc8e3ba68,1,
LTMD_U1_W2_MATH_ASSET_AUDIT_0.1,H2019P4DMA,U1-H2019P4DMA,2019,4,Desafíos matemáticos. Libro para el alumno,188,258,188,https://historico.conaliteg.gob.mx/c/H2019P4DMA/188.jpg,0,source_jpeg,served_image,200,image/jpeg,113109,893759ed64b860243d7f1f7b3a8f932109e8755883dc20b4c040921ed576e5ff,1,
LTMD_U1_W2_MATH_ASSET_AUDIT_0.1,H2019P4DMA,U1-H2019P4DMA,2019,4,Desafíos matemáticos. Libro para el alumno,189,258,189,https://historico.conaliteg.gob.mx/c/H2019P4DMA/189.jpg,0,source_jpeg,served_image,200,image/jpeg,84989,94e38da12c989441b2cd9bfd12c732330a65e20ff1fb6a140c491ce62ba7f5bd,1,
LTMD_U1_W2_MATH_ASSET_AUDIT_0.1,H2019P4DMA,U1-H2019P4DMA,2019,4,Desafíos matemáticos. Libro para el alumno,190,258,190,https://historico.conaliteg.gob.mx/c/H2019P4DMA/190.jpg,0,source_jpeg,served_image,200,image/jpeg,80716,b6413e9242981b3d1aee28647eb4bab596d7fc8fecf5ea2945ed74c7c626a453,1,
LTMD_U1_W2_MATH_ASSET_AUDIT_0.1,H2019P4DMA,U1-H2019P4DMA,2019,4,Desafíos matemáticos. Libro para el alumno,191,258,191,https://historico.conaliteg.gob.mx/c/H2019P4DMA/191.jpg,0,source_jpeg,served_image,200,image/jpeg,73099,d1cea49a65dd86c446c17213d90471e43901aa9d908d0d6d2505fa7512bf29bb,1,
LTMD_U1_W2_MATH_ASSET_AUDIT_0.1,H2019P4DMA,U1-H2019P4DMA,2019,4,Desafíos matemáticos. Libro para el alumno,192,258,192,https://historico.conaliteg.gob.mx/c/H2019P4DMA/192.jpg,0,source_jpeg,served_image,200,image/jpeg,89364,a726636acfd2a7e85852d01cf9c879880af3aa97ac194bd9fbb58d1beb70eb55,1,
LTMD_U1_W2_MATH_ASSET_AUDIT_0.1,H2019P4DMA,U1-H2019P4DMA,2019,4,Desafíos matemáticos. Libro para el alumno,193,258,193,https://historico.conaliteg.gob.mx/c/H2019P4DMA/193.jpg,0,source_jpeg,served_image,200,image/jpeg,83239,0cc2d9c92653d2801811772cad1c22ff134702633d66dd12445ba90660e2474f,1,
LTMD_U1_W2_MATH_ASSET_AUDIT_0.1,H2019P4DMA,U1-H2019P4DMA,2019,4,Desafíos matemáticos. Libro para el alumno,194,258,194,https://historico.conaliteg.gob.mx/c/H2019P4DMA/194.jpg,0,source_jpeg,served_image,200,image/jpeg,61734,d62745306a15005c4a2df8235bfe3bf04e9f0c76da79eb7de160f4e25468c54d,1,
LTMD_U1_W2_MATH_ASSET_AUDIT_0.1,H2019P4DMA,U1-H2019P4DMA,2019,4,Desafíos matemáticos. Libro para el alumno,195,258,195,https://historico.conaliteg.gob.mx/c/H2019P4DMA/195.jpg,0,source_jpeg,served_image,200,image/jpeg,116038,cdb1ced8693fe08b74ff88ab8f8b84ee3f2bf18ea3f18c07b5b16d2618fc08c5,1,
LTMD_U1_W2_MATH_ASSET_AUDIT_0.1,H2019P4DMA,U1-H2019P4DMA,2019,4,Desafíos matemáticos. Libro para el alumno,196,258,196,https://historico.conaliteg.gob.mx/c/H2019P4DMA/196.jpg,0,source_jpeg,served_image,200,image/jpeg,73510,8e6f088881cab766763b9ff041763cba21ac38defda82b4f27061aa4cf5c0291,1,
LTMD_U1_W2_MATH_ASSET_AUDIT_0.1,H2019P4DMA,U1-H2019P4DMA,2019,4,Desafíos matemáticos. Libro para el alumno,197,258,197,https://historico.conaliteg.gob.mx/c/H2019P4DMA/197.jpg,0,source_jpeg,served_image,200,image/jpeg,74983,0d7c6e9c3fc2e3acecff7cbb580cd3b6911855704936abd217fae215dc18142c,1,
LTMD_U1_W2_MATH_ASSET_AUDIT_0.1,H2019P4DMA,U1-H2019P4DMA,2019,4,Desafíos matemáticos. Libro para el alumno,198,258,198,https://historico.conaliteg.gob.mx/c/H2019P4DMA/198.jpg,0,source_jpeg,served_image,200,image/jpeg,75874,a1bd88f1dfbd26d3cba694277c2b48bd0c0ecf1d73dfc6fd3b461a365e9c0f5d,1,
LTMD_U1_W2_MATH_ASSET_AUDIT_0.1,H2019P4DMA,U1-H2019P4DMA,2019,4,Desafíos matemáticos. Libro para el alumno,199,258,199,https://historico.conaliteg.gob.mx/c/H2019P4DMA/199.jpg,0,source_jpeg,served_image,200,image/jpeg,170274,d4f108423b815aed8dd3454fd7a4063627212f5fccf0ad5a4dd3a253a1cc1e6e,1,
LTMD_U1_W2_MATH_ASSET_AUDIT_0.1,H2019P4DMA,U1-H2019P4DMA,2019,4,Desafíos matemáticos. Libro para el alumno,200,258,200,https://historico.conaliteg.gob.mx/c/H2019P4DMA/200.jpg,0,source_jpeg,served_image,200,image/jpeg,42576,4592b082d08766be6ec540af1b93da4de75a4d60c5545584b04a0431db40b3d5,1,
LTMD_U1_W2_MATH_ASSET_AUDIT_0.1,H2019P4DMA,U1-H2019P4DMA,2019,4,Desafíos matemáticos. Libro para el alumno,201,258,201,https://historico.conaliteg.gob.mx/c/H2019P4DMA/201.jpg,0,source_jpeg,served_image,200,image/jpeg,56929,8c989785e393d5ae6953cf4d327c11013b50dc3aa90b275aec35bbe214951673,1,
LTMD_U1_W2_MATH_ASSET_AUDIT_0.1,H2019P4DMA,U1-H2019P4DMA,2019,4,Desafíos matemáticos. Libro para el alumno,202,258,202,https://historico.conaliteg.gob.mx/c/H2019P4DMA/202.jpg,0,source_jpeg,served_image,200,image/jpeg,42576,ea2910841e057c41ed34d8e31a5793eef9c047c9246e89d3280ff3d01d1a73ab,1,
LTMD_U1_W2_MATH_ASSET_AUDIT_0.1,H2019P4DMA,U1-H2019P4DMA,2019,4,Desafíos matemáticos. Libro para el alumno,203,258,203,https://historico.conaliteg.gob.mx/c/H2019P4DMA/203.jpg,0,source_jpeg,served_image,200,image/jpeg,64678,3afcb5818fc5e61e104b84f32a598cf155eafbd77cbc10f1916034ee947c91b2,1,
LTMD_U1_W2_MATH_ASSET_AUDIT_0.1,H2019P4DMA,U1-H2019P4DMA,2019,4,Desafíos matemáticos. Libro para el alumno,204,258,204,https://historico.conaliteg.gob.mx/c/H2019P4DMA/204.jpg,0,source_jpeg,served_image,200,image/jpeg,42576,9081b2a8476d5a8089529dfe058ca36764d6665e06d682237e02541b149366cb,1,
LTMD_U1_W2_MATH_ASSET_AUDIT_0.1,H2019P4DMA,U1-H2019P4DMA,2019,4,Desafíos matemáticos. Libro para el alumno,205,258,205,https://historico.conaliteg.gob.mx/c/H2019P4DMA/205.jpg,0,source_jpeg,served_image,200,image/jpeg,76120,ac917df00c1d1fa404668162c6511f4854390d9342d02ce2fa65bd83e419eb9e,1,
LTMD_U1_W2_MATH_ASSET_AUDIT_0.1,H2019P4DMA,U1-H2019P4DMA,2019,4,Desafíos matemáticos. Libro para el alumno,206,258,206,https://historico.conaliteg.gob.mx/c/H2019P4DMA/206.jpg,0,source_jpeg,served_image,200,image/jpeg,42576,4e441d1e4bfee273fe684ebe0f6cd0db8abc603000ce28064c4cbe564594da8d,1,
LTMD_U1_W2_MATH_ASSET_AUDIT_0.1,H2019P4DMA,U1-H2019P4DMA,2019,4,Desafíos matemáticos. Libro para el alumno,207,258,207,https://historico.conaliteg.gob.mx/c/H2019P4DMA/207.jpg,0,source_jpeg,served_image,200,image/jpeg,78041,a44b9447d72f73ea93576cf357c16fec7ec8d6d41b511840832e7c21441f6307,1,
LTMD_U1_W2_MATH_ASSET_AUDIT_0.1,H2019P4DMA,U1-H2019P4DMA,2019,4,Desafíos matemáticos. Libro para el alumno,208,258,208,https://historico.conaliteg.gob.mx/c/H2019P4DMA/208.jpg,0,source_jpeg,served_image,200,image/jpeg,42576,c042ff3d0c1f3ac970aa487cdd8986f2b433bf50019fb29ec57de77e84b99c27,1,
LTMD_U1_W2_MATH_ASSET_AUDIT_0.1,H2019P4DMA,U1-H2019P4DMA,2019,4,Desafíos matemáticos. Libro para el alumno,209,258,209,https://historico.conaliteg.gob.mx/c/H2019P4DMA/209.jpg,0,source_jpeg,served_image,200,image/jpeg,59090,bb6e04d5215f3af3d73c15a91701ff60ef020a6fed2107e5f6091ade7d631097,1,
LTMD_U1_W2_MATH_ASSET_AUDIT_0.1,H2019P4DMA,U1-H2019P4DMA,2019,4,Desafíos matemáticos. Libro para el alumno,210,258,210,https://historico.conaliteg.gob.mx/c/H2019P4DMA/210.jpg,0,source_jpeg,served_image,200,image/jpeg,42576,f48a80efccccab6209aee898aa9fc3603623b5271fb406e60e97350fd7162530,1,
LTMD_U1_W2_MATH_ASSET_AUDIT_0.1,H2019P4DMA,U1-H2019P4DMA,2019,4,Desafíos matemáticos. Libro para el alumno,211,258,211,https://historico.conaliteg.gob.mx/c/H2019P4DMA/211.jpg,0,source_jpeg,served_image,200,image/jpeg,57105,3dfd874aaaeb0670e9c1ab86ef497bde66673bf12096b22b4eff96127a3877e6,1,
LTMD_U1_W2_MATH_ASSET_AUDIT_0.1,H2019P4DMA,U1-H2019P4DMA,2019,4,Desafíos matemáticos. Libro para el alumno,212,258,212,https://historico.conaliteg.gob.mx/c/H2019P4DMA/212.jpg,0,source_jpeg,served_image,200,image/jpeg,42576,522e44dbf8373eccf9ebd2fa1f61a8b64600fe85d0647476cfcf66f3978615c3,1,
LTMD_U1_W2_MATH_ASSET_AUDIT_0.1,H2019P4DMA,U1-H2019P4DMA,2019,4,Desafíos matemáticos. Libro para el alumno,213,258,213,https://historico.conaliteg.gob.mx/c/H2019P4DMA/213.jpg,0,source_jpeg,served_image,200,image/jpeg,69425,fb3babc8681844e6b7b5d7f9da5967579aea50c027974d59aece445dac3f74d0,1,
LTMD_U1_W2_MATH_ASSET_AUDIT_0.1,H2019P4DMA,U1-H2019P4DMA,2019,4,Desafíos matemáticos. Libro para el alumno,214,258,214,https://historico.conaliteg.gob.mx/c/H2019P4DMA/214.jpg,0,source_jpeg,served_image,200,image/jpeg,42576,c006b93deca086bbc346e9b2f8401bab1ee8a6cc5fb30d4fb60e4c3375fe0be7,1,
LTMD_U1_W2_MATH_ASSET_AUDIT_0.1,H2019P4DMA,U1-H2019P4DMA,2019,4,Desafíos matemáticos. Libro para el alumno,215,258,215,https://historico.conaliteg.gob.mx/c/H2019P4DMA/215.jpg,0,source_jpeg,served_image,200,image/jpeg,66620,3add4c41aca2dfe5926f9eea2638e51d822d4f494cbda20db737c2e261592a0b,1,
LTMD_U1_W2_MATH_ASSET_AUDIT_0.1,H2019P4DMA,U1-H2019P4DMA,2019,4,Desafíos matemáticos. Libro para el alumno,216,258,216,https://historico.conaliteg.gob.mx/c/H2019P4DMA/216.jpg,0,source_jpeg,served_image,200,image/jpeg,42576,ff73df8783ee228ad2530bde75cc3b3e8111ba162e6ac9140e79d35ec3e92299,1,
LTMD_U1_W2_MATH_ASSET_AUDIT_0.1,H2019P4DMA,U1-H2019P4DMA,2019,4,Desafíos matemáticos. Libro para el alumno,217,258,217,https://historico.conaliteg.gob.mx/c/H2019P4DMA/217.jpg,0,source_jpeg,served_image,200,image/jpeg,42441,360005ae426c2f3ca6dd728705f599ad79682a64d0ba6657fdf94b691f3f9c26,1,
LTMD_U1_W2_MATH_ASSET_AUDIT_0.1,H2019P4DMA,U1-H2019P4DMA,2019,4,Desafíos matemáticos. Libro para el alumno,218,258,218,https://historico.conaliteg.gob.mx/c/H2019P4DMA/218.jpg,0,source_jpeg,served_image,200,image/jpeg,42576,4d3c7f787cf0ccc3c42c2ef3f77f4274ac0d40c2ffc9cb7ccb71bcecdcc152b0,1,
LTMD_U1_W2_MATH_ASSET_AUDIT_0.1,H2019P4DMA,U1-H2019P4DMA,2019,4,Desafíos matemáticos. Libro para el alumno,219,258,219,https://historico.conaliteg.gob.mx/c/H2019P4DMA/219.jpg,0,source_jpeg,served_image,200,image/jpeg,59858,d96c8d36d204191de11cf8185d3dbca9b2aa025e94312efec32fc6c7d3449cab,1,
LTMD_U1_W2_MATH_ASSET_AUDIT_0.1,H2019P4DMA,U1-H2019P4DMA,2019,4,Desafíos matemáticos. Libro para el alumno,220,258,220,https://historico.conaliteg.gob.mx/c/H2019P4DMA/220.jpg,0,source_jpeg,served_image,200,image/jpeg,42576,581d2894ec30858eed3311ee13ce1b9c4184c2c705dfb8e9d5e7adbb7ba16930,1,
LTMD_U1_W2_MATH_ASSET_AUDIT_0.1,H2019P4DMA,U1-H2019P4DMA,2019,4,Desafíos matemáticos. Libro para el alumno,221,258,221,https://historico.conaliteg.gob.mx/c/H2019P4DMA/221.jpg,0,source_jpeg,served_image,200,image/jpeg,60798,821b4931de47044acd060b3ffbc4c0bac295da8cf1747fcd0c81b408c8d4670e,1,
LTMD_U1_W2_MATH_ASSET_AUDIT_0.1,H2019P4DMA,U1-H2019P4DMA,2019,4,Desafíos matemáticos. Libro para el alumno,222,258,222,https://historico.conaliteg.gob.mx/c/H2019P4DMA/222.jpg,0,source_jpeg,served_image,200,image/jpeg,42576,dba65e56da1ab65624dc0917d664a07b76a997de9e2c5bb8210ef6fd2dedac0f,1,
LTMD_U1_W2_MATH_ASSET_AUDIT_0.1,H2019P4DMA,U1-H2019P4DMA,2019,4,Desafíos matemáticos. Libro para el alumno,223,258,223,https://historico.conaliteg.gob.mx/c/H2019P4DMA/223.jpg,0,source_jpeg,served_image,200,image/jpeg,61376,264c7e09afd9fedb8ef386116a11103b8f7d14156b6d5cd4ce425b152d4c9cf7,1,
LTMD_U1_W2_MATH_ASSET_AUDIT_0.1,H2019P4DMA,U1-H2019P4DMA,2019,4,Desafíos matemáticos. Libro para el alumno,224,258,224,https://historico.conaliteg.gob.mx/c/H2019P4DMA/224.jpg,0,source_jpeg,served_image,200,image/jpeg,42576,0104994a01284aeed30f82267f3f9517b5a64622f21be2df128c25bdf0ee1969,1,
LTMD_U1_W2_MATH_ASSET_AUDIT_0.1,H2019P4DMA,U1-H2019P4DMA,2019,4,Desafíos matemáticos. Libro para el alumno,225,258,225,https://historico.conaliteg.gob.mx/c/H2019P4DMA/225.jpg,0,source_jpeg,served_image,200,image/jpeg,93976,55c3753189fbc274fc1f99fea1d362174347756fa6eda94e4e114fb0c9fa3279,1,
LTMD_U1_W2_MATH_ASSET_AUDIT_0.1,H2019P4DMA,U1-H2019P4DMA,2019,4,Desafíos matemáticos. Libro para el alumno,226,258,226,https://historico.conaliteg.gob.mx/c/H2019P4DMA/226.jpg,0,source_jpeg,served_image,200,image/jpeg,42576,4b364532927396e4e7e714a11af9e4348a8b8d220cd6d47d376e62846f6f4bae,1,
LTMD_U1_W2_MATH_ASSET_AUDIT_0.1,H2019P4DMA,U1-H2019P4DMA,2019,4,Desafíos matemáticos. Libro para el alumno,227,258,227,https://historico.conaliteg.gob.mx/c/H2019P4DMA/227.jpg,0,source_jpeg,served_image,200,image/jpeg,92916,426c1d0bd92aafb370e35bba12eb6f3563d83860f83d2fe31a834404512804c3,1,
LTMD_U1_W2_MATH_ASSET_AUDIT_0.1,H2019P4DMA,U1-H2019P4DMA,2019,4,Desafíos matemáticos. Libro para el alumno,228,258,228,https://historico.conaliteg.gob.mx/c/H2019P4DMA/228.jpg,0,source_jpeg,served_image,200,image/jpeg,42576,c0ae56e45c3faa92ea01afa220fe0395256edccf04035f0a795bc3f3cb2e92a3,1,
LTMD_U1_W2_MATH_ASSET_AUDIT_0.1,H2019P4DMA,U1-H2019P4DMA,2019,4,Desafíos matemáticos. Libro para el alumno,229,258,229,https://historico.conaliteg.gob.mx/c/H2019P4DMA/229.jpg,0,source_jpeg,served_image,200,image/jpeg,87454,e6bdfcc3436e5e98c344f65d10844f7211f47e7b8324c274a40d02c9e956eeb3,1,
LTMD_U1_W2_MATH_ASSET_AUDIT_0.1,H2019P4DMA,U1-H2019P4DMA,2019,4,Desafíos matemáticos. Libro para el alumno,230,258,230,https://historico.conaliteg.gob.mx/c/H2019P4DMA/230.jpg,0,source_jpeg,served_image,200,image/jpeg,42576,07924c5bbe42d3983efe5f20d4b67dd012c4161ae7c87fb6f7dfebc85600d5fd,1,
LTMD_U1_W2_MATH_ASSET_AUDIT_0.1,H2019P4DMA,U1-H2019P4DMA,2019,4,Desafíos matemáticos. Libro para el alumno,231,258,231,https://historico.conaliteg.gob.mx/c/H2019P4DMA/231.jpg,0,source_jpeg,served_image,200,image/jpeg,89344,0b30d7953eb3daed00e7386386a93c7ca94995576d2f5fd62439ac9eee241e07,1,
LTMD_U1_W2_MATH_ASSET_AUDIT_0.1,H2019P4DMA,U1-H2019P4DMA,2019,4,Desafíos matemáticos. Libro para el alumno,232,258,232,https://historico.conaliteg.gob.mx/c/H2019P4DMA/232.jpg,0,source_jpeg,served_image,200,image/jpeg,42576,037c28a0316357f2484bc7bfbba4134f0778ff4816fa474ee59bce018aa48782,1,
LTMD_U1_W2_MATH_ASSET_AUDIT_0.1,H2019P4DMA,U1-H2019P4DMA,2019,4,Desafíos matemáticos. Libro para el alumno,233,258,233,https://historico.conaliteg.gob.mx/c/H2019P4DMA/233.jpg,0,source_jpeg,served_image,200,image/jpeg,120947,b0c126f5d88952832ca4820cee9597db7652405bc7f6136629bf04d7458176f1,1,
LTMD_U1_W2_MATH_ASSET_AUDIT_0.1,H2019P4DMA,U1-H2019P4DMA,2019,4,Desafíos matemáticos. Libro para el alumno,234,258,234,https://historico.conaliteg.gob.mx/c/H2019P4DMA/234.jpg,0,source_jpeg,served_image,200,image/jpeg,42576,1870f96c7468f241df1ae7036b75dad374e7921a973ba515564d685b30dfc3f9,1,
LTMD_U1_W2_MATH_ASSET_AUDIT_0.1,H2019P4DMA,U1-H2019P4DMA,2019,4,Desafíos matemáticos. Libro para el alumno,235,258,235,https://historico.conaliteg.gob.mx/c/H2019P4DMA/235.jpg,0,source_jpeg,served_image,200,image/jpeg,188988,9b6ff069fa8004869fb0a4660128a6f44f90ff098f7e81a8ba68a74a8adee9bf,1,
LTMD_U1_W2_MATH_ASSET_AUDIT_0.1,H2019P4DMA,U1-H2019P4DMA,2019,4,Desafíos matemáticos. Libro para el alumno,236,258,236,https://historico.conaliteg.gob.mx/c/H2019P4DMA/236.jpg,0,source_jpeg,served_image,200,image/jpeg,42576,61f0627a34a46c56be204de15230d69cb7cbc0adc97a18f71beef271c28f87b9,1,
LTMD_U1_W2_MATH_ASSET_AUDIT_0.1,H2019P4DMA,U1-H2019P4DMA,2019,4,Desafíos matemáticos. Libro para el alumno,237,258,237,https://historico.conaliteg.gob.mx/c/H2019P4DMA/237.jpg,0,source_jpeg,served_image,200,image/jpeg,65859,92578657c4cb14f4c1b1139e8e1e98be1610ad7c0deb8f1ae09645962b8eb794,1,
LTMD_U1_W2_MATH_ASSET_AUDIT_0.1,H2019P4DMA,U1-H2019P4DMA,2019,4,Desafíos matemáticos. Libro para el alumno,238,258,238,https://historico.conaliteg.gob.mx/c/H2019P4DMA/238.jpg,0,source_jpeg,served_image,200,image/jpeg,42576,e90613f337289a4cd6cdf3cf2eb8b1252391f1854669d1bdc6e0fd80e8ee0ebe,1,
LTMD_U1_W2_MATH_ASSET_AUDIT_0.1,H2019P4DMA,U1-H2019P4DMA,2019,4,Desafíos matemáticos. Libro para el alumno,239,258,239,https://historico.conaliteg.gob.mx/c/H2019P4DMA/239.jpg,0,source_jpeg,served_image,200,image/jpeg,57245,cc403e90d61ea8cba343213a9424b6a8e04ab24ea5e042b450663f22acde009b,1,
LTMD_U1_W2_MATH_ASSET_AUDIT_0.1,H2019P4DMA,U1-H2019P4DMA,2019,4,Desafíos matemáticos. Libro para el alumno,240,258,240,https://historico.conaliteg.gob.mx/c/H2019P4DMA/240.jpg,0,source_jpeg,served_image,200,image/jpeg,42576,c72c9ed17d5c870297f88610be905fdb39d465db82bfcd9aca5a60ce3290c202,1,
LTMD_U1_W2_MATH_ASSET_AUDIT_0.1,H2019P4DMA,U1-H2019P4DMA,2019,4,Desafíos matemáticos. Libro para el alumno,241,258,241,https://historico.conaliteg.gob.mx/c/H2019P4DMA/241.jpg,0,source_jpeg,served_image,200,image/jpeg,57454,484a7f080bae7aaf307adf6a950e532189b8d8ec3216016252e0ebf61b0fdffc,1,
LTMD_U1_W2_MATH_ASSET_AUDIT_0.1,H2019P4DMA,U1-H2019P4DMA,2019,4,Desafíos matemáticos. Libro para el alumno,242,258,242,https://historico.conaliteg.gob.mx/c/H2019P4DMA/242.jpg,0,source_jpeg,served_image,200,image/jpeg,42576,0ca551801f2157b9dc590ea077fc674bae839b5179d178c2e4de523c7e09957f,1,
LTMD_U1_W2_MATH_ASSET_AUDIT_0.1,H2019P4DMA,U1-H2019P4DMA,2019,4,Desafíos matemáticos. Libro para el alumno,243,258,243,https://historico.conaliteg.gob.mx/c/H2019P4DMA/243.jpg,0,source_jpeg,served_image,200,image/jpeg,79743,3ac95d91b27faf4c2da5827a11120836c6699d9a2e8bb27ef946ef7e64cf4a84,1,
LTMD_U1_W2_MATH_ASSET_AUDIT_0.1,H2019P4DMA,U1-H2019P4DMA,2019,4,Desafíos matemáticos. Libro para el alumno,244,258,244,https://historico.conaliteg.gob.mx/c/H2019P4DMA/244.jpg,0,source_jpeg,served_image,200,image/jpeg,42576,5be4db8c3bb329a371ecef4dec6f0e2e0312b99651cfc7cef885132cc92b9d6a,1,
LTMD_U1_W2_MATH_ASSET_AUDIT_0.1,H2019P4DMA,U1-H2019P4DMA,2019,4,Desafíos matemáticos. Libro para el alumno,245,258,245,https://historico.conaliteg.gob.mx/c/H2019P4DMA/245.jpg,0,source_jpeg,served_image,200,image/jpeg,81176,a525b21e93d60582dd712642729989f1b6d0bf8103d8aca7f2b0cae9faf90478,1,
LTMD_U1_W2_MATH_ASSET_AUDIT_0.1,H2019P4DMA,U1-H2019P4DMA,2019,4,Desafíos matemáticos. Libro para el alumno,246,258,246,https://historico.conaliteg.gob.mx/c/H2019P4DMA/246.jpg,0,source_jpeg,served_image,200,image/jpeg,42576,1f355b38a52af39973985f66cc63b086196b75c9dd6ac1c3489794edc0f225f1,1,
LTMD_U1_W2_MATH_ASSET_AUDIT_0.1,H2019P4DMA,U1-H2019P4DMA,2019,4,Desafíos matemáticos. Libro para el alumno,247,258,247,https://historico.conaliteg.gob.mx/c/H2019P4DMA/247.jpg,0,source_jpeg,served_image,200,image/jpeg,54946,b0fb5c23041230d2ebe73fee7b0b0da20721deb63037d146a123359293b71a75,1,
LTMD_U1_W2_MATH_ASSET_AUDIT_0.1,H2019P4DMA,U1-H2019P4DMA,2019,4,Desafíos matemáticos. Libro para el alumno,248,258,248,https://historico.conaliteg.gob.mx/c/H2019P4DMA/248.jpg,0,source_jpeg,served_image,200,image/jpeg,42576,2c28a42bff20f0c474c99fadbf9f896ce486699e9bddceaefb676f7543285a79,1,
LTMD_U1_W2_MATH_ASSET_AUDIT_0.1,H2019P4DMA,U1-H2019P4DMA,2019,4,Desafíos matemáticos. Libro para el alumno,249,258,249,https://historico.conaliteg.gob.mx/c/H2019P4DMA/249.jpg,0,source_jpeg,served_image,200,image/jpeg,54924,19e6f4afd34e16ef1b41d83651005ab65ba313a208b8aa85fbe1a108a0ae247f,1,
LTMD_U1_W2_MATH_ASSET_AUDIT_0.1,H2019P4DMA,U1-H2019P4DMA,2019,4,Desafíos matemáticos. Libro para el alumno,250,258,250,https://historico.conaliteg.gob.mx/c/H2019P4DMA/250.jpg,0,source_jpeg,served_image,200,image/jpeg,42576,111afe5e788c3e39611d8b286fabb08707168da0b58de0510e4579cc8c6a97cc,1,
LTMD_U1_W2_MATH_ASSET_AUDIT_0.1,H2019P4DMA,U1-H2019P4DMA,2019,4,Desafíos matemáticos. Libro para el alumno,251,258,251,https://historico.conaliteg.gob.mx/c/H2019P4DMA/251.jpg,0,source_jpeg,served_image,200,image/jpeg,78206,a00f570ed8529f0938c6e828d2112dbde32151f6f26448769d0e26363cfe727c,1,
LTMD_U1_W2_MATH_ASSET_AUDIT_0.1,H2019P4DMA,U1-H2019P4DMA,2019,4,Desafíos matemáticos. Libro para el alumno,252,258,252,https://historico.conaliteg.gob.mx/c/H2019P4DMA/252.jpg,0,source_jpeg,served_image,200,image/jpeg,42576,204fc215d67376e8363c24310fc06f271472929841d8859e5d3946952c25e84f,1,
LTMD_U1_W2_MATH_ASSET_AUDIT_0.1,H2019P4DMA,U1-H2019P4DMA,2019,4,Desafíos matemáticos. Libro para el alumno,253,258,253,https://historico.conaliteg.gob.mx/c/H2019P4DMA/253.jpg,0,source_jpeg,served_image,200,image/jpeg,52464,2c9ffe5d26d7848e9724d74116eef1028a000c56d30084611c49bae8ef0c2899,1,
LTMD_U1_W2_MATH_ASSET_AUDIT_0.1,H2019P4DMA,U1-H2019P4DMA,2019,4,Desafíos matemáticos. Libro para el alumno,254,258,254,https://historico.conaliteg.gob.mx/c/H2019P4DMA/254.jpg,0,source_jpeg,served_image,200,image/jpeg,42580,f7c440eef08e65018f869e6b67613eb6846c6828bf632ee7e33cb1e516c61f50,1,
LTMD_U1_W2_MATH_ASSET_AUDIT_0.1,H2019P4DMA,U1-H2019P4DMA,2019,4,Desafíos matemáticos. Libro para el alumno,255,258,255,https://historico.conaliteg.gob.mx/c/H2019P4DMA/255.jpg,0,source_jpeg,served_image,200,image/jpeg,93179,b9cc684ed8e01be696b023361496ff227cd5cabd577daaf43c7f1a921afd4b5e,1,
LTMD_U1_W2_MATH_ASSET_AUDIT_0.1,H2019P4DMA,U1-H2019P4DMA,2019,4,Desafíos matemáticos. Libro para el alumno,256,258,256,https://historico.conaliteg.gob.mx/c/H2019P4DMA/256.jpg,0,source_jpeg,served_image,200,image/jpeg,52742,85c3a365ab6ab69005e364feb0bc0bb89084df4d73ca0b9f385f571ec9cb63ea,1,
LTMD_U1_W2_MATH_ASSET_AUDIT_0.1,H2019P4DMA,U1-H2019P4DMA,2019,4,Desafíos matemáticos. Libro para el alumno,257,258,257,https://historico.conaliteg.gob.mx/c/H2019P4DMA/257.jpg,0,source_jpeg,served_image,200,image/jpeg,71535,81811baa1f56fade244a0a0139d325459aed1f107e74154c1e85f5be6f5036f6,1,
LTMD_U1_W2_MATH_ASSET_AUDIT_0.1,H2019P4DMA,U1-H2019P4DMA,2019,4,Desafíos matemáticos. Libro para el alumno,258,258,258,https://historico.conaliteg.gob.mx/c/H2019P4DMA/258.jpg,1,terminal_synthetic_candidate,http_404,404,text/html; charset=iso-8859-1,,,1,HTTP 404
LTMD_U1_W2_MATH_ASSET_AUDIT_0.1,H2019P5DMA,U1-H2019P5DMA,2019,5,Desafíos matemáticos. Libro para el alumno,1,226,0,https://historico.conaliteg.gob.mx/c/H2019P5DMA/000.jpg,0,source_jpeg,served_image,200,image/jpeg,114956,015ac82b63f579f94cd61fde0d32b81e0f82a377668b6ea6a45e8a935df49d52,1,
LTMD_U1_W2_MATH_ASSET_AUDIT_0.1,H2019P5DMA,U1-H2019P5DMA,2019,5,Desafíos matemáticos. Libro para el alumno,2,226,2,https://historico.conaliteg.gob.mx/c/H2019P5DMA/002.jpg,0,source_jpeg,served_image,200,image/jpeg,123121,73a74eb08840a38507da6b97bcab9d14309c0e48ba754582775d18e1c4c3e937,1,
LTMD_U1_W2_MATH_ASSET_AUDIT_0.1,H2019P5DMA,U1-H2019P5DMA,2019,5,Desafíos matemáticos. Libro para el alumno,3,226,3,https://historico.conaliteg.gob.mx/c/H2019P5DMA/003.jpg,0,source_jpeg,served_image,200,image/jpeg,84336,369e9f065e80b0ff7d37837a0897b7d4441331faf87715a1c2e05a4471b9a812,1,
LTMD_U1_W2_MATH_ASSET_AUDIT_0.1,H2019P5DMA,U1-H2019P5DMA,2019,5,Desafíos matemáticos. Libro para el alumno,4,226,4,https://historico.conaliteg.gob.mx/c/H2019P5DMA/004.jpg,0,source_jpeg,served_image,200,image/jpeg,94178,2d6d740653c596ec31b77a444287352bfd67e2212ea44f5c796ffa504285d475,1,
LTMD_U1_W2_MATH_ASSET_AUDIT_0.1,H2019P5DMA,U1-H2019P5DMA,2019,5,Desafíos matemáticos. Libro para el alumno,5,226,5,https://historico.conaliteg.gob.mx/c/H2019P5DMA/005.jpg,0,source_jpeg,served_image,200,image/jpeg,89196,4b6c7cc6182d16bf75742f9feccc67a121a7968441dd92d470e109e76ab14cf9,1,
LTMD_U1_W2_MATH_ASSET_AUDIT_0.1,H2019P5DMA,U1-H2019P5DMA,2019,5,Desafíos matemáticos. Libro para el alumno,6,226,6,https://historico.conaliteg.gob.mx/c/H2019P5DMA/006.jpg,0,source_jpeg,served_image,200,image/jpeg,99700,055ca19dd8223e7127be0a4907f0d4d54bbc7efbaf0710d5127d2d9ce4a55e70,1,
LTMD_U1_W2_MATH_ASSET_AUDIT_0.1,H2019P5DMA,U1-H2019P5DMA,2019,5,Desafíos matemáticos. Libro para el alumno,7,226,7,https://historico.conaliteg.gob.mx/c/H2019P5DMA/007.jpg,0,source_jpeg,served_image,200,image/jpeg,135686,d50192cf46c819fad28df2459f7541d3a0c14f6472f069f117164835ccbe4e24,1,
LTMD_U1_W2_MATH_ASSET_AUDIT_0.1,H2019P5DMA,U1-H2019P5DMA,2019,5,Desafíos matemáticos. Libro para el alumno,8,226,8,https://historico.conaliteg.gob.mx/c/H2019P5DMA/008.jpg,0,source_jpeg,served_image,200,image/jpeg,121934,5bb2199e0a570f45d9b2aec8d93fd085c3ca460e239d999cfc0c1cf8b6195137,1,
LTMD_U1_W2_MATH_ASSET_AUDIT_0.1,H2019P5DMA,U1-H2019P5DMA,2019,5,Desafíos matemáticos. Libro para el alumno,9,226,9,https://historico.conaliteg.gob.mx/c/H2019P5DMA/009.jpg,0,source_jpeg,served_image,200,image/jpeg,106583,864626479c3e3ab802f9083f5382dc8dda7663f930519936d65ca50646d73de4,1,
LTMD_U1_W2_MATH_ASSET_AUDIT_0.1,H2019P5DMA,U1-H2019P5DMA,2019,5,Desafíos matemáticos. Libro para el alumno,10,226,10,https://historico.conaliteg.gob.mx/c/H2019P5DMA/010.jpg,0,source_jpeg,served_image,200,image/jpeg,82256,5a647adca6ad6f4b80ed80788f1ccd333da81bbc2befba5538549549d1b2227d,1,
LTMD_U1_W2_MATH_ASSET_AUDIT_0.1,H2019P5DMA,U1-H2019P5DMA,2019,5,Desafíos matemáticos. Libro para el alumno,11,226,11,https://historico.conaliteg.gob.mx/c/H2019P5DMA/011.jpg,0,source_jpeg,served_image,200,image/jpeg,112069,6059a03cbfe6ba8cd4ba7b1b7fa62313a1477608265f70b39af4c26b08e79a48,1,
LTMD_U1_W2_MATH_ASSET_AUDIT_0.1,H2019P5DMA,U1-H2019P5DMA,2019,5,Desafíos matemáticos. Libro para el alumno,12,226,12,https://historico.conaliteg.gob.mx/c/H2019P5DMA/012.jpg,0,source_jpeg,served_image,200,image/jpeg,103331,d92825ee1910a2dbf8fdb1cab65c240a0024618e3b566ed81baa1bc18d96f400,1,
LTMD_U1_W2_MATH_ASSET_AUDIT_0.1,H2019P5DMA,U1-H2019P5DMA,2019,5,Desafíos matemáticos. Libro para el alumno,13,226,13,https://historico.conaliteg.gob.mx/c/H2019P5DMA/013.jpg,0,source_jpeg,served_image,200,image/jpeg,97795,94c876e0974b6d63337ecf2cffe1432548e5737c40e2b4f51fcaaefd50c35f1c,1,
LTMD_U1_W2_MATH_ASSET_AUDIT_0.1,H2019P5DMA,U1-H2019P5DMA,2019,5,Desafíos matemáticos. Libro para el alumno,14,226,14,https://historico.conaliteg.gob.mx/c/H2019P5DMA/014.jpg,0,source_jpeg,served_image,200,image/jpeg,58669,8c310d7b8c32fbb4c510178fe95c94fe5c9ca5fc58cdd323c317f22227410f22,1,
LTMD_U1_W2_MATH_ASSET_AUDIT_0.1,H2019P5DMA,U1-H2019P5DMA,2019,5,Desafíos matemáticos. Libro para el alumno,15,226,15,https://historico.conaliteg.gob.mx/c/H2019P5DMA/015.jpg,0,source_jpeg,served_image,200,image/jpeg,79610,bd1abcdeb430272f11045045226e8ac5f6e6efabcbb88410462304f820bc2aa6,1,
LTMD_U1_W2_MATH_ASSET_AUDIT_0.1,H2019P5DMA,U1-H2019P5DMA,2019,5,Desafíos matemáticos. Libro para el alumno,16,226,16,https://historico.conaliteg.gob.mx/c/H2019P5DMA/016.jpg,0,source_jpeg,served_image,200,image/jpeg,111631,d81a16edb6c5a50b51267f5d070bd2bc58f20b9472abbbf9690374b4e889b9a4,1,
LTMD_U1_W2_MATH_ASSET_AUDIT_0.1,H2019P5DMA,U1-H2019P5DMA,2019,5,Desafíos matemáticos. Libro para el alumno,17,226,17,https://historico.conaliteg.gob.mx/c/H2019P5DMA/017.jpg,0,source_jpeg,served_image,200,image/jpeg,79967,7461a2efb97a14eccb55e416b36d648f7d00681caf30cfcd306b40f073dec6bd,1,
LTMD_U1_W2_MATH_ASSET_AUDIT_0.1,H2019P5DMA,U1-H2019P5DMA,2019,5,Desafíos matemáticos. Libro para el alumno,18,226,18,https://historico.conaliteg.gob.mx/c/H2019P5DMA/018.jpg,0,source_jpeg,served_image,200,image/jpeg,102374,0447bc90d1868225a99bcc8ed2417d52fd6c7d2563a444749fae215b43c17edc,1,
LTMD_U1_W2_MATH_ASSET_AUDIT_0.1,H2019P5DMA,U1-H2019P5DMA,2019,5,Desafíos matemáticos. Libro para el alumno,19,226,19,https://historico.conaliteg.gob.mx/c/H2019P5DMA/019.jpg,0,source_jpeg,served_image,200,image/jpeg,74934,6d89079c6a0be114083a7d46699995c3fd2b956b29afe6d583b26985ae5f0b6a,1,
LTMD_U1_W2_MATH_ASSET_AUDIT_0.1,H2019P5DMA,U1-H2019P5DMA,2019,5,Desafíos matemáticos. Libro para el alumno,20,226,20,https://historico.conaliteg.gob.mx/c/H2019P5DMA/020.jpg,0,source_jpeg,served_image,200,image/jpeg,52660,51121243a8f1225280df2895c96d17f7834c063dab099bc323e1ae5b4b038c26,1,
LTMD_U1_W2_MATH_ASSET_AUDIT_0.1,H2019P5DMA,U1-H2019P5DMA,2019,5,Desafíos matemáticos. Libro para el alumno,21,226,21,https://historico.conaliteg.gob.mx/c/H2019P5DMA/021.jpg,0,source_jpeg,served_image,200,image/jpeg,104202,3458acd3583f34bd660173110de964aea93d794f192b8f19bbe4c7c3fe900063,1,
LTMD_U1_W2_MATH_ASSET_AUDIT_0.1,H2019P5DMA,U1-H2019P5DMA,2019,5,Desafíos matemáticos. Libro para el alumno,22,226,22,https://historico.conaliteg.gob.mx/c/H2019P5DMA/022.jpg,0,source_jpeg,served_image,200,image/jpeg,90523,55b954d3942e35efe2d118b606984d9cc1007ccfb7291171cc7ff8b40bb02ca3,1,
LTMD_U1_W2_MATH_ASSET_AUDIT_0.1,H2019P5DMA,U1-H2019P5DMA,2019,5,Desafíos matemáticos. Libro para el alumno,23,226,23,https://historico.conaliteg.gob.mx/c/H2019P5DMA/023.jpg,0,source_jpeg,served_image,200,image/jpeg,69848,9acd96445542ced8a59b61cf9eb8bc329b46d6bd8fc61fef91fa07afbb8f8bdb,1,
LTMD_U1_W2_MATH_ASSET_AUDIT_0.1,H2019P5DMA,U1-H2019P5DMA,2019,5,Desafíos matemáticos. Libro para el alumno,24,226,24,https://historico.conaliteg.gob.mx/c/H2019P5DMA/024.jpg,0,source_jpeg,served_image,200,image/jpeg,143500,c8a0376c8dd4910f2df69be09f3071748b282a130184bd3e04566d6c597c8229,1,
LTMD_U1_W2_MATH_ASSET_AUDIT_0.1,H2019P5DMA,U1-H2019P5DMA,2019,5,Desafíos matemáticos. Libro para el alumno,25,226,25,https://historico.conaliteg.gob.mx/c/H2019P5DMA/025.jpg,0,source_jpeg,served_image,200,image/jpeg,93234,3d92eb3acf75c9ff0800bfc11bf86a3e509f661689021c50b50be9382464f7d9,1,
LTMD_U1_W2_MATH_ASSET_AUDIT_0.1,H2019P5DMA,U1-H2019P5DMA,2019,5,Desafíos matemáticos. Libro para el alumno,26,226,26,https://historico.conaliteg.gob.mx/c/H2019P5DMA/026.jpg,0,source_jpeg,served_image,200,image/jpeg,158218,eebc77dffc51b2e1ae0bbcadf581b44f0014ddf8b9d14f141994e6c3966ce1e5,1,
LTMD_U1_W2_MATH_ASSET_AUDIT_0.1,H2019P5DMA,U1-H2019P5DMA,2019,5,Desafíos matemáticos. Libro para el alumno,27,226,27,https://historico.conaliteg.gob.mx/c/H2019P5DMA/027.jpg,0,source_jpeg,served_image,200,image/jpeg,109285,70e8ffdb674836bb1ed0c8d3d1275e980ab57f8bbe54e7cc638bce4cc5cf1304,1,
LTMD_U1_W2_MATH_ASSET_AUDIT_0.1,H2019P5DMA,U1-H2019P5DMA,2019,5,Desafíos matemáticos. Libro para el alumno,28,226,28,https://historico.conaliteg.gob.mx/c/H2019P5DMA/028.jpg,0,source_jpeg,served_image,200,image/jpeg,103849,791d1904e945905c71dbab52398f8b6864bb82fd6e1e51aaed96420b807a19c4,1,
LTMD_U1_W2_MATH_ASSET_AUDIT_0.1,H2019P5DMA,U1-H2019P5DMA,2019,5,Desafíos matemáticos. Libro para el alumno,29,226,29,https://historico.conaliteg.gob.mx/c/H2019P5DMA/029.jpg,0,source_jpeg,served_image,200,image/jpeg,96256,4439ba346cde89fdfa6705ebabb5ba1f8c2e36179a4d4d793e9ba585b30c147d,1,
LTMD_U1_W2_MATH_ASSET_AUDIT_0.1,H2019P5DMA,U1-H2019P5DMA,2019,5,Desafíos matemáticos. Libro para el alumno,30,226,30,https://historico.conaliteg.gob.mx/c/H2019P5DMA/030.jpg,0,source_jpeg,served_image,200,image/jpeg,91506,b40020c2a9a392937f38bd5ddea28a88a2177f8b9f6251fd94253b1f1f433e7c,1,
LTMD_U1_W2_MATH_ASSET_AUDIT_0.1,H2019P5DMA,U1-H2019P5DMA,2019,5,Desafíos matemáticos. Libro para el alumno,31,226,31,https://historico.conaliteg.gob.mx/c/H2019P5DMA/031.jpg,0,source_jpeg,served_image,200,image/jpeg,89720,4ee939c66d03334f8f9b2f9402f41ba7024555abbf48226ae0e9ae3a882dcbe1,1,
LTMD_U1_W2_MATH_ASSET_AUDIT_0.1,H2019P5DMA,U1-H2019P5DMA,2019,5,Desafíos matemáticos. Libro para el alumno,32,226,32,https://historico.conaliteg.gob.mx/c/H2019P5DMA/032.jpg,0,source_jpeg,served_image,200,image/jpeg,90670,9f7e5593b52140f5a0051f54772c157fdbb6857186b257f041d6d104476e1180,1,
LTMD_U1_W2_MATH_ASSET_AUDIT_0.1,H2019P5DMA,U1-H2019P5DMA,2019,5,Desafíos matemáticos. Libro para el alumno,33,226,33,https://historico.conaliteg.gob.mx/c/H2019P5DMA/033.jpg,0,source_jpeg,served_image,200,image/jpeg,85848,186860bffeafe696bf18d89f203138628606135a6f8e29543a782213db39e834,1,
LTMD_U1_W2_MATH_ASSET_AUDIT_0.1,H2019P5DMA,U1-H2019P5DMA,2019,5,Desafíos matemáticos. Libro para el alumno,34,226,34,https://historico.conaliteg.gob.mx/c/H2019P5DMA/034.jpg,0,source_jpeg,served_image,200,image/jpeg,117187,791da3e553623f36e098630c8ddc497c42ebfa68c37110638414ab7e27bcd8ba,1,
LTMD_U1_W2_MATH_ASSET_AUDIT_0.1,H2019P5DMA,U1-H2019P5DMA,2019,5,Desafíos matemáticos. Libro para el alumno,35,226,35,https://historico.conaliteg.gob.mx/c/H2019P5DMA/035.jpg,0,source_jpeg,served_image,200,image/jpeg,114228,c0d28614d3d899a2fbf9937d3fab0081cad6e2bfab9c0d30d1382689e012c18f,1,
LTMD_U1_W2_MATH_ASSET_AUDIT_0.1,H2019P5DMA,U1-H2019P5DMA,2019,5,Desafíos matemáticos. Libro para el alumno,36,226,36,https://historico.conaliteg.gob.mx/c/H2019P5DMA/036.jpg,0,source_jpeg,served_image,200,image/jpeg,111023,34b1c14309fd0cd14b6102a6f531a17318d06a938ab64663feca2640d396534e,1,
LTMD_U1_W2_MATH_ASSET_AUDIT_0.1,H2019P5DMA,U1-H2019P5DMA,2019,5,Desafíos matemáticos. Libro para el alumno,37,226,37,https://historico.conaliteg.gob.mx/c/H2019P5DMA/037.jpg,0,source_jpeg,served_image,200,image/jpeg,88813,6877fc231458c6206216a06e0da28874e70498222cf1d80c98fa3fa9f9d9a0aa,1,
LTMD_U1_W2_MATH_ASSET_AUDIT_0.1,H2019P5DMA,U1-H2019P5DMA,2019,5,Desafíos matemáticos. Libro para el alumno,38,226,38,https://historico.conaliteg.gob.mx/c/H2019P5DMA/038.jpg,0,source_jpeg,served_image,200,image/jpeg,68195,9b7daada9d3ce529a2aee433fc07717c900960f39852321cea185837a9b9585d,1,
LTMD_U1_W2_MATH_ASSET_AUDIT_0.1,H2019P5DMA,U1-H2019P5DMA,2019,5,Desafíos matemáticos. Libro para el alumno,39,226,39,https://historico.conaliteg.gob.mx/c/H2019P5DMA/039.jpg,0,source_jpeg,served_image,200,image/jpeg,77954,4d50d970326ca4f206afe8e7abc589a6e6a76513426e35019c016f02a428312d,1,
LTMD_U1_W2_MATH_ASSET_AUDIT_0.1,H2019P5DMA,U1-H2019P5DMA,2019,5,Desafíos matemáticos. Libro para el alumno,40,226,40,https://historico.conaliteg.gob.mx/c/H2019P5DMA/040.jpg,0,source_jpeg,served_image,200,image/jpeg,92219,0b00bf6c609b6d09c2eb2ef9efd7bb47e318659a2e5abe17a9584691adb1d95a,1,
LTMD_U1_W2_MATH_ASSET_AUDIT_0.1,H2019P5DMA,U1-H2019P5DMA,2019,5,Desafíos matemáticos. Libro para el alumno,41,226,41,https://historico.conaliteg.gob.mx/c/H2019P5DMA/041.jpg,0,source_jpeg,served_image,200,image/jpeg,92665,94f3f379bd98a9ed9318ad7d14797120c17fa4a823de8fde91d930cb02d85057,1,
LTMD_U1_W2_MATH_ASSET_AUDIT_0.1,H2019P5DMA,U1-H2019P5DMA,2019,5,Desafíos matemáticos. Libro para el alumno,42,226,42,https://historico.conaliteg.gob.mx/c/H2019P5DMA/042.jpg,0,source_jpeg,served_image,200,image/jpeg,97454,12107d4918bccf3dbc484de475e4b75146e05de7186f7616f451b3e66664bb40,1,
LTMD_U1_W2_MATH_ASSET_AUDIT_0.1,H2019P5DMA,U1-H2019P5DMA,2019,5,Desafíos matemáticos. Libro para el alumno,43,226,43,https://historico.conaliteg.gob.mx/c/H2019P5DMA/043.jpg,0,source_jpeg,served_image,200,image/jpeg,88909,07f8099ae50bce4560e513bdffd694303bde4ab7a258e8ba22b55d14cd8c8546,1,
LTMD_U1_W2_MATH_ASSET_AUDIT_0.1,H2019P5DMA,U1-H2019P5DMA,2019,5,Desafíos matemáticos. Libro para el alumno,44,226,44,https://historico.conaliteg.gob.mx/c/H2019P5DMA/044.jpg,0,source_jpeg,served_image,200,image/jpeg,84148,5dfce9febae2d48edbb87a7b696807a538e6632b4ebbcb918aa702598b2a5e7b,1,
LTMD_U1_W2_MATH_ASSET_AUDIT_0.1,H2019P5DMA,U1-H2019P5DMA,2019,5,Desafíos matemáticos. Libro para el alumno,45,226,45,https://historico.conaliteg.gob.mx/c/H2019P5DMA/045.jpg,0,source_jpeg,served_image,200,image/jpeg,73347,8811dbd59ffd5ea48e98bf330f2545e8817da2e87a4579163255c2c515a286b9,1,
LTMD_U1_W2_MATH_ASSET_AUDIT_0.1,H2019P5DMA,U1-H2019P5DMA,2019,5,Desafíos matemáticos. Libro para el alumno,46,226,46,https://historico.conaliteg.gob.mx/c/H2019P5DMA/046.jpg,0,source_jpeg,served_image,200,image/jpeg,87964,d5edddf32ff30c0bf2e06b2206914f25e055eb782d1b93f2cc26af45665be39e,1,
LTMD_U1_W2_MATH_ASSET_AUDIT_0.1,H2019P5DMA,U1-H2019P5DMA,2019,5,Desafíos matemáticos. Libro para el alumno,47,226,47,https://historico.conaliteg.gob.mx/c/H2019P5DMA/047.jpg,0,source_jpeg,served_image,200,image/jpeg,83602,8b88accd0052a4fe0f3a70f84f083d6f4c5b7a2ba8e6edd3233428eb6b80f3c5,1,
LTMD_U1_W2_MATH_ASSET_AUDIT_0.1,H2019P5DMA,U1-H2019P5DMA,2019,5,Desafíos matemáticos. Libro para el alumno,48,226,48,https://historico.conaliteg.gob.mx/c/H2019P5DMA/048.jpg,0,source_jpeg,served_image,200,image/jpeg,98462,adb9f1982260eb730daf5a0a390502eb653a0b223c792ae3c07d3bb8a2b66e3c,1,
LTMD_U1_W2_MATH_ASSET_AUDIT_0.1,H2019P5DMA,U1-H2019P5DMA,2019,5,Desafíos matemáticos. Libro para el alumno,49,226,49,https://historico.conaliteg.gob.mx/c/H2019P5DMA/049.jpg,0,source_jpeg,served_image,200,image/jpeg,162353,f6bd75fffa7aa1e20d589c0f10c41e028d52ba77824083ecd759190aadca6a1e,1,
LTMD_U1_W2_MATH_ASSET_AUDIT_0.1,H2019P5DMA,U1-H2019P5DMA,2019,5,Desafíos matemáticos. Libro para el alumno,50,226,50,https://historico.conaliteg.gob.mx/c/H2019P5DMA/050.jpg,0,source_jpeg,served_image,200,image/jpeg,100754,5465c540a3123cb23834cec7ade81d36f61b3bcdca04240896b8df73e0191888,1,
LTMD_U1_W2_MATH_ASSET_AUDIT_0.1,H2019P5DMA,U1-H2019P5DMA,2019,5,Desafíos matemáticos. Libro para el alumno,51,226,51,https://historico.conaliteg.gob.mx/c/H2019P5DMA/051.jpg,0,source_jpeg,served_image,200,image/jpeg,57902,5c62bb6323f286ef7ba9e847e521733c7ac673bdb4df7e09835dc04eb11019b3,1,
LTMD_U1_W2_MATH_ASSET_AUDIT_0.1,H2019P5DMA,U1-H2019P5DMA,2019,5,Desafíos matemáticos. Libro para el alumno,52,226,52,https://historico.conaliteg.gob.mx/c/H2019P5DMA/052.jpg,0,source_jpeg,served_image,200,image/jpeg,158353,6c2bcd5cee3ec076652360db12d8c6b2ffd9d99214950fddecfb64862d36bcff,1,
LTMD_U1_W2_MATH_ASSET_AUDIT_0.1,H2019P5DMA,U1-H2019P5DMA,2019,5,Desafíos matemáticos. Libro para el alumno,53,226,53,https://historico.conaliteg.gob.mx/c/H2019P5DMA/053.jpg,0,source_jpeg,served_image,200,image/jpeg,170100,c0a1f184673aabc3f6100a1d9c6cd431b39c6067f56b8d69504ceb7d22d007d5,1,
LTMD_U1_W2_MATH_ASSET_AUDIT_0.1,H2019P5DMA,U1-H2019P5DMA,2019,5,Desafíos matemáticos. Libro para el alumno,54,226,54,https://historico.conaliteg.gob.mx/c/H2019P5DMA/054.jpg,0,source_jpeg,served_image,200,image/jpeg,124719,00327d524bc0b80790610dcae941eb7e7a7929c4f6be3c1f4096c88eb2be86f6,1,
LTMD_U1_W2_MATH_ASSET_AUDIT_0.1,H2019P5DMA,U1-H2019P5DMA,2019,5,Desafíos matemáticos. Libro para el alumno,55,226,55,https://historico.conaliteg.gob.mx/c/H2019P5DMA/055.jpg,0,source_jpeg,served_image,200,image/jpeg,124661,b505ff5f7c9f0d08ef600552eea37c28505e167127ad5b93ebdc1fcbba3bebb1,1,
LTMD_U1_W2_MATH_ASSET_AUDIT_0.1,H2019P5DMA,U1-H2019P5DMA,2019,5,Desafíos matemáticos. Libro para el alumno,56,226,56,https://historico.conaliteg.gob.mx/c/H2019P5DMA/056.jpg,0,source_jpeg,served_image,200,image/jpeg,124886,c32f8b06cbe211a346eba55479010beb493f82b1a8b03334614f03c5e9ee0b51,1,
LTMD_U1_W2_MATH_ASSET_AUDIT_0.1,H2019P5DMA,U1-H2019P5DMA,2019,5,Desafíos matemáticos. Libro para el alumno,57,226,57,https://historico.conaliteg.gob.mx/c/H2019P5DMA/057.jpg,0,source_jpeg,served_image,200,image/jpeg,131339,1696066cae0d3c025e928838f39cb234b21629f51a74e76a4aafb625717d0b1a,1,
LTMD_U1_W2_MATH_ASSET_AUDIT_0.1,H2019P5DMA,U1-H2019P5DMA,2019,5,Desafíos matemáticos. Libro para el alumno,58,226,58,https://historico.conaliteg.gob.mx/c/H2019P5DMA/058.jpg,0,source_jpeg,served_image,200,image/jpeg,126297,ea42911844f649caa98c7fb9d45047d16e1f2bbd9a2d44a959bcea72e507dc8c,1,
LTMD_U1_W2_MATH_ASSET_AUDIT_0.1,H2019P5DMA,U1-H2019P5DMA,2019,5,Desafíos matemáticos. Libro para el alumno,59,226,59,https://historico.conaliteg.gob.mx/c/H2019P5DMA/059.jpg,0,source_jpeg,served_image,200,image/jpeg,114028,55a72163f65ca26c8b9d467769f9950c2dcf3cda3887b95fc79e44737b440609,1,
LTMD_U1_W2_MATH_ASSET_AUDIT_0.1,H2019P5DMA,U1-H2019P5DMA,2019,5,Desafíos matemáticos. Libro para el alumno,60,226,60,https://historico.conaliteg.gob.mx/c/H2019P5DMA/060.jpg,0,source_jpeg,served_image,200,image/jpeg,125525,006c76d9d8249e4ff420fec7044c241875484410218bc49f5e53b51c397139d0,1,
LTMD_U1_W2_MATH_ASSET_AUDIT_0.1,H2019P5DMA,U1-H2019P5DMA,2019,5,Desafíos matemáticos. Libro para el alumno,61,226,61,https://historico.conaliteg.gob.mx/c/H2019P5DMA/061.jpg,0,source_jpeg,served_image,200,image/jpeg,97286,d036489725f6a4d92931b4eb30aee98e3c9d6acb82704c48ad79d8aa2a4caf28,1,
LTMD_U1_W2_MATH_ASSET_AUDIT_0.1,H2019P5DMA,U1-H2019P5DMA,2019,5,Desafíos matemáticos. Libro para el alumno,62,226,62,https://historico.conaliteg.gob.mx/c/H2019P5DMA/062.jpg,0,source_jpeg,served_image,200,image/jpeg,91064,37bae3f4e5e56e5f1b2e579cac1dae36d60d0f702836fc877b9f3c89ba6ac71d,1,
LTMD_U1_W2_MATH_ASSET_AUDIT_0.1,H2019P5DMA,U1-H2019P5DMA,2019,5,Desafíos matemáticos. Libro para el alumno,63,226,63,https://historico.conaliteg.gob.mx/c/H2019P5DMA/063.jpg,0,source_jpeg,served_image,200,image/jpeg,109430,84e34c5cf0618dad73d6009d6054276d67ddeb5d89a783e180e6f68f661b38be,1,
LTMD_U1_W2_MATH_ASSET_AUDIT_0.1,H2019P5DMA,U1-H2019P5DMA,2019,5,Desafíos matemáticos. Libro para el alumno,64,226,64,https://historico.conaliteg.gob.mx/c/H2019P5DMA/064.jpg,0,source_jpeg,served_image,200,image/jpeg,83092,1a88791f51efdf9cbf5b6fc0bf89b8c7ef79308dee4302f7d4b8a2db19b55983,1,
LTMD_U1_W2_MATH_ASSET_AUDIT_0.1,H2019P5DMA,U1-H2019P5DMA,2019,5,Desafíos matemáticos. Libro para el alumno,65,226,65,https://historico.conaliteg.gob.mx/c/H2019P5DMA/065.jpg,0,source_jpeg,served_image,200,image/jpeg,121892,715291fbc58a1006c64bc8c0b28b4defc9314f01cd0d299a82985a07d78093db,1,
LTMD_U1_W2_MATH_ASSET_AUDIT_0.1,H2019P5DMA,U1-H2019P5DMA,2019,5,Desafíos matemáticos. Libro para el alumno,66,226,66,https://historico.conaliteg.gob.mx/c/H2019P5DMA/066.jpg,0,source_jpeg,served_image,200,image/jpeg,155404,9b5b258c086fce1cf799991ff58ecbf079a2c8c6805dcea796a1e22574f21a03,1,
LTMD_U1_W2_MATH_ASSET_AUDIT_0.1,H2019P5DMA,U1-H2019P5DMA,2019,5,Desafíos matemáticos. Libro para el alumno,67,226,67,https://historico.conaliteg.gob.mx/c/H2019P5DMA/067.jpg,0,source_jpeg,served_image,200,image/jpeg,194738,5f560c5d83291eaea51b9d9464bb0498cfb8a92bd1870282033154368e21f15f,1,
LTMD_U1_W2_MATH_ASSET_AUDIT_0.1,H2019P5DMA,U1-H2019P5DMA,2019,5,Desafíos matemáticos. Libro para el alumno,68,226,68,https://historico.conaliteg.gob.mx/c/H2019P5DMA/068.jpg,0,source_jpeg,served_image,200,image/jpeg,90151,5a250c321bc408beaf41430afb3043dccb1d706f8d772c166c5cb7d14aa2c175,1,
LTMD_U1_W2_MATH_ASSET_AUDIT_0.1,H2019P5DMA,U1-H2019P5DMA,2019,5,Desafíos matemáticos. Libro para el alumno,69,226,69,https://historico.conaliteg.gob.mx/c/H2019P5DMA/069.jpg,0,source_jpeg,served_image,200,image/jpeg,106076,018ed7e03faf866a4d21d9fd3852e760ec17e3355ce969fb21d46ddb1126b3c5,1,
LTMD_U1_W2_MATH_ASSET_AUDIT_0.1,H2019P5DMA,U1-H2019P5DMA,2019,5,Desafíos matemáticos. Libro para el alumno,70,226,70,https://historico.conaliteg.gob.mx/c/H2019P5DMA/070.jpg,0,source_jpeg,served_image,200,image/jpeg,114870,5ea05e5f1245519ae6eba91315d6d7079693c27ad9de50e60c5abf683e1ea6c6,1,
LTMD_U1_W2_MATH_ASSET_AUDIT_0.1,H2019P5DMA,U1-H2019P5DMA,2019,5,Desafíos matemáticos. Libro para el alumno,71,226,71,https://historico.conaliteg.gob.mx/c/H2019P5DMA/071.jpg,0,source_jpeg,served_image,200,image/jpeg,99906,d341f6309b33dae64956f0803226d549059ceba837d40c9dad7f6028763620b6,1,
LTMD_U1_W2_MATH_ASSET_AUDIT_0.1,H2019P5DMA,U1-H2019P5DMA,2019,5,Desafíos matemáticos. Libro para el alumno,72,226,72,https://historico.conaliteg.gob.mx/c/H2019P5DMA/072.jpg,0,source_jpeg,served_image,200,image/jpeg,59354,2947e05f09d0379909f4cc12d6f97cbbca13147fe15ee08b04f5569125f99a2c,1,
LTMD_U1_W2_MATH_ASSET_AUDIT_0.1,H2019P5DMA,U1-H2019P5DMA,2019,5,Desafíos matemáticos. Libro para el alumno,73,226,73,https://historico.conaliteg.gob.mx/c/H2019P5DMA/073.jpg,0,source_jpeg,served_image,200,image/jpeg,97122,e6175d25c2de047dadd960355e0c8663962dcab1a2376fc758693ae52d27bd30,1,
LTMD_U1_W2_MATH_ASSET_AUDIT_0.1,H2019P5DMA,U1-H2019P5DMA,2019,5,Desafíos matemáticos. Libro para el alumno,74,226,74,https://historico.conaliteg.gob.mx/c/H2019P5DMA/074.jpg,0,source_jpeg,served_image,200,image/jpeg,79551,2e189594ed54ffdb4cfc8ae36ebd33a60e2de7906fd699bd353f09c9dfd8a736,1,
LTMD_U1_W2_MATH_ASSET_AUDIT_0.1,H2019P5DMA,U1-H2019P5DMA,2019,5,Desafíos matemáticos. Libro para el alumno,75,226,75,https://historico.conaliteg.gob.mx/c/H2019P5DMA/075.jpg,0,source_jpeg,served_image,200,image/jpeg,102266,0a2c744abce5bd5a3fdde34afd1eca99723dfefa9933e0c7e57662bc8f52d498,1,
LTMD_U1_W2_MATH_ASSET_AUDIT_0.1,H2019P5DMA,U1-H2019P5DMA,2019,5,Desafíos matemáticos. Libro para el alumno,76,226,76,https://historico.conaliteg.gob.mx/c/H2019P5DMA/076.jpg,0,source_jpeg,served_image,200,image/jpeg,94653,0059f253c06d2f6f295c47ad7bfe1508a54bf38ef5280200d32c0c7ce0ae7203,1,
LTMD_U1_W2_MATH_ASSET_AUDIT_0.1,H2019P5DMA,U1-H2019P5DMA,2019,5,Desafíos matemáticos. Libro para el alumno,77,226,77,https://historico.conaliteg.gob.mx/c/H2019P5DMA/077.jpg,0,source_jpeg,served_image,200,image/jpeg,103902,15d4c1df1966f89acef73e73f1429f35db5aa7f4461a372d57945c0b901f43cd,1,
LTMD_U1_W2_MATH_ASSET_AUDIT_0.1,H2019P5DMA,U1-H2019P5DMA,2019,5,Desafíos matemáticos. Libro para el alumno,78,226,78,https://historico.conaliteg.gob.mx/c/H2019P5DMA/078.jpg,0,source_jpeg,served_image,200,image/jpeg,96490,4ffd36fce29e0dc6913a346d32b01d2a2703de96aa577dd8554d0342f21d01fa,1,
LTMD_U1_W2_MATH_ASSET_AUDIT_0.1,H2019P5DMA,U1-H2019P5DMA,2019,5,Desafíos matemáticos. Libro para el alumno,79,226,79,https://historico.conaliteg.gob.mx/c/H2019P5DMA/079.jpg,0,source_jpeg,served_image,200,image/jpeg,97331,0d3ce6ac37226216deea147ce2f92ac3216cd1af80d2a79cd4e33209482543bf,1,
LTMD_U1_W2_MATH_ASSET_AUDIT_0.1,H2019P5DMA,U1-H2019P5DMA,2019,5,Desafíos matemáticos. Libro para el alumno,80,226,80,https://historico.conaliteg.gob.mx/c/H2019P5DMA/080.jpg,0,source_jpeg,served_image,200,image/jpeg,81728,fb5fdc37e884d6d98ee34e0359e774058013a2d57b414c0541df2038ea4c472c,1,
LTMD_U1_W2_MATH_ASSET_AUDIT_0.1,H2019P5DMA,U1-H2019P5DMA,2019,5,Desafíos matemáticos. Libro para el alumno,81,226,81,https://historico.conaliteg.gob.mx/c/H2019P5DMA/081.jpg,0,source_jpeg,served_image,200,image/jpeg,59986,3d73d183b39811065d6b909e4cd13ebdfcd8b12638a605d14143370290d0ad52,1,
LTMD_U1_W2_MATH_ASSET_AUDIT_0.1,H2019P5DMA,U1-H2019P5DMA,2019,5,Desafíos matemáticos. Libro para el alumno,82,226,82,https://historico.conaliteg.gob.mx/c/H2019P5DMA/082.jpg,0,source_jpeg,served_image,200,image/jpeg,76503,d678ee3272ca578a6e980c137901f244a7a3fd28594af1d3f5c8cb99738746e8,1,
LTMD_U1_W2_MATH_ASSET_AUDIT_0.1,H2019P5DMA,U1-H2019P5DMA,2019,5,Desafíos matemáticos. Libro para el alumno,83,226,83,https://historico.conaliteg.gob.mx/c/H2019P5DMA/083.jpg,0,source_jpeg,served_image,200,image/jpeg,99270,674d70f009e3b6451beb7a586ae9bb60da50fa0dcc087fc48d356110046c67f4,1,
LTMD_U1_W2_MATH_ASSET_AUDIT_0.1,H2019P5DMA,U1-H2019P5DMA,2019,5,Desafíos matemáticos. Libro para el alumno,84,226,84,https://historico.conaliteg.gob.mx/c/H2019P5DMA/084.jpg,0,source_jpeg,served_image,200,image/jpeg,104100,162d7ed35d8ffe883b5c30fc81774673067e6df185337a9694266c0dfced887e,1,
LTMD_U1_W2_MATH_ASSET_AUDIT_0.1,H2019P5DMA,U1-H2019P5DMA,2019,5,Desafíos matemáticos. Libro para el alumno,85,226,85,https://historico.conaliteg.gob.mx/c/H2019P5DMA/085.jpg,0,source_jpeg,served_image,200,image/jpeg,90085,2b1a517b60b8e7418b0df511ec80ebba21a198f75a6b078fb74dbab646c9c62e,1,
LTMD_U1_W2_MATH_ASSET_AUDIT_0.1,H2019P5DMA,U1-H2019P5DMA,2019,5,Desafíos matemáticos. Libro para el alumno,86,226,86,https://historico.conaliteg.gob.mx/c/H2019P5DMA/086.jpg,0,source_jpeg,served_image,200,image/jpeg,87911,f8b345d9b543ba97b93eefdf273938aa09c6c8f4fe9fb6d0c2cebd00d407db57,1,
LTMD_U1_W2_MATH_ASSET_AUDIT_0.1,H2019P5DMA,U1-H2019P5DMA,2019,5,Desafíos matemáticos. Libro para el alumno,87,226,87,https://historico.conaliteg.gob.mx/c/H2019P5DMA/087.jpg,0,source_jpeg,served_image,200,image/jpeg,68802,781f1481a8ba9c765b25d37a69c0499256440369ec059b2289fd46430c90234e,1,
LTMD_U1_W2_MATH_ASSET_AUDIT_0.1,H2019P5DMA,U1-H2019P5DMA,2019,5,Desafíos matemáticos. Libro para el alumno,88,226,88,https://historico.conaliteg.gob.mx/c/H2019P5DMA/088.jpg,0,source_jpeg,served_image,200,image/jpeg,81218,20efb9e8f966082aed61e2de9d418fe3ce9cdcde1cdeec73ff2a5c87094c24f3,1,
LTMD_U1_W2_MATH_ASSET_AUDIT_0.1,H2019P5DMA,U1-H2019P5DMA,2019,5,Desafíos matemáticos. Libro para el alumno,89,226,89,https://historico.conaliteg.gob.mx/c/H2019P5DMA/089.jpg,0,source_jpeg,served_image,200,image/jpeg,129136,bdbc28ed2fdcd0e2b59db2f41cc28d752893cd0d9675f9caaaaa5d24b5c959d0,1,
LTMD_U1_W2_MATH_ASSET_AUDIT_0.1,H2019P5DMA,U1-H2019P5DMA,2019,5,Desafíos matemáticos. Libro para el alumno,90,226,90,https://historico.conaliteg.gob.mx/c/H2019P5DMA/090.jpg,0,source_jpeg,served_image,200,image/jpeg,81261,6fdf70fe6cddec9e47ae9d903a0463d8ff197655accdf04e9977b6a7ca00635b,1,
LTMD_U1_W2_MATH_ASSET_AUDIT_0.1,H2019P5DMA,U1-H2019P5DMA,2019,5,Desafíos matemáticos. Libro para el alumno,91,226,91,https://historico.conaliteg.gob.mx/c/H2019P5DMA/091.jpg,0,source_jpeg,served_image,200,image/jpeg,83168,6162c90dd4ca64839a5ca07f56046d72ee47f057494d90777d77c78d072d5c63,1,
LTMD_U1_W2_MATH_ASSET_AUDIT_0.1,H2019P5DMA,U1-H2019P5DMA,2019,5,Desafíos matemáticos. Libro para el alumno,92,226,92,https://historico.conaliteg.gob.mx/c/H2019P5DMA/092.jpg,0,source_jpeg,served_image,200,image/jpeg,90689,7a304e91310d24ab2ee3e645726b88736d89615fa639f3c382125deeb736e5a2,1,
LTMD_U1_W2_MATH_ASSET_AUDIT_0.1,H2019P5DMA,U1-H2019P5DMA,2019,5,Desafíos matemáticos. Libro para el alumno,93,226,93,https://historico.conaliteg.gob.mx/c/H2019P5DMA/093.jpg,0,source_jpeg,served_image,200,image/jpeg,92924,358fb9769a4d690f1883710af8abb43ea741f452c926d6ecc8b9676d27e2af9a,1,
LTMD_U1_W2_MATH_ASSET_AUDIT_0.1,H2019P5DMA,U1-H2019P5DMA,2019,5,Desafíos matemáticos. Libro para el alumno,94,226,94,https://historico.conaliteg.gob.mx/c/H2019P5DMA/094.jpg,0,source_jpeg,served_image,200,image/jpeg,93070,d5985f0a344831be3036495df97b2f687d84e0f786a5b441bd106044e075aba2,1,
LTMD_U1_W2_MATH_ASSET_AUDIT_0.1,H2019P5DMA,U1-H2019P5DMA,2019,5,Desafíos matemáticos. Libro para el alumno,95,226,95,https://historico.conaliteg.gob.mx/c/H2019P5DMA/095.jpg,0,source_jpeg,served_image,200,image/jpeg,83160,feb33de706ac5268e6dcf897f898f12c92e1f1e927660ca702e65e04edbb7ce6,1,
LTMD_U1_W2_MATH_ASSET_AUDIT_0.1,H2019P5DMA,U1-H2019P5DMA,2019,5,Desafíos matemáticos. Libro para el alumno,96,226,96,https://historico.conaliteg.gob.mx/c/H2019P5DMA/096.jpg,0,source_jpeg,served_image,200,image/jpeg,85141,e07fdaa9c56c940005a6af33d3508282fdfc0e7de65b577baae7515dcc639eb8,1,
LTMD_U1_W2_MATH_ASSET_AUDIT_0.1,H2019P5DMA,U1-H2019P5DMA,2019,5,Desafíos matemáticos. Libro para el alumno,97,226,97,https://historico.conaliteg.gob.mx/c/H2019P5DMA/097.jpg,0,source_jpeg,served_image,200,image/jpeg,109053,e77acfb1b6022d37751163db4d61f0bfa93289cdc88c307f0a44f3748e95f02a,1,
LTMD_U1_W2_MATH_ASSET_AUDIT_0.1,H2019P5DMA,U1-H2019P5DMA,2019,5,Desafíos matemáticos. Libro para el alumno,98,226,98,https://historico.conaliteg.gob.mx/c/H2019P5DMA/098.jpg,0,source_jpeg,served_image,200,image/jpeg,66864,b7ed5d3dc6eeb48095b55de307ac2dcbe117eb2be208462aa62ae065368cbbe8,1,
LTMD_U1_W2_MATH_ASSET_AUDIT_0.1,H2019P5DMA,U1-H2019P5DMA,2019,5,Desafíos matemáticos. Libro para el alumno,99,226,99,https://historico.conaliteg.gob.mx/c/H2019P5DMA/099.jpg,0,source_jpeg,served_image,200,image/jpeg,75705,e2c1b7e9189f01ac1425613c951b1fcd27219d8fcd53b469624811d09787c364,1,
LTMD_U1_W2_MATH_ASSET_AUDIT_0.1,H2019P5DMA,U1-H2019P5DMA,2019,5,Desafíos matemáticos. Libro para el alumno,100,226,100,https://historico.conaliteg.gob.mx/c/H2019P5DMA/100.jpg,0,source_jpeg,served_image,200,image/jpeg,62753,9332ab712cc58251d88f643e1acfb60cf649bd205d6825e00a9bb137f08ad771,1,
LTMD_U1_W2_MATH_ASSET_AUDIT_0.1,H2019P5DMA,U1-H2019P5DMA,2019,5,Desafíos matemáticos. Libro para el alumno,101,226,101,https://historico.conaliteg.gob.mx/c/H2019P5DMA/101.jpg,0,source_jpeg,served_image,200,image/jpeg,89998,765284c93f7c13a80dd9de7426322e36eccd4bb222069d8889ee23ef7d3b52e4,1,
LTMD_U1_W2_MATH_ASSET_AUDIT_0.1,H2019P5DMA,U1-H2019P5DMA,2019,5,Desafíos matemáticos. Libro para el alumno,102,226,102,https://historico.conaliteg.gob.mx/c/H2019P5DMA/102.jpg,0,source_jpeg,served_image,200,image/jpeg,107068,7f8da7c01aa3e627e599eb8cfeea9810b5de09c95a3d9c6a8bbcecedc5b6f054,1,
LTMD_U1_W2_MATH_ASSET_AUDIT_0.1,H2019P5DMA,U1-H2019P5DMA,2019,5,Desafíos matemáticos. Libro para el alumno,103,226,103,https://historico.conaliteg.gob.mx/c/H2019P5DMA/103.jpg,0,source_jpeg,served_image,200,image/jpeg,76612,944c819dab280522d5932dd034a8ff084d7b39df1d704098e13feb7aaf4176da,1,
LTMD_U1_W2_MATH_ASSET_AUDIT_0.1,H2019P5DMA,U1-H2019P5DMA,2019,5,Desafíos matemáticos. Libro para el alumno,104,226,104,https://historico.conaliteg.gob.mx/c/H2019P5DMA/104.jpg,0,source_jpeg,served_image,200,image/jpeg,95279,d43bfc27872f567df5cf3db908d94320a84a151f4af7b5648a65f8906f413ec1,1,
LTMD_U1_W2_MATH_ASSET_AUDIT_0.1,H2019P5DMA,U1-H2019P5DMA,2019,5,Desafíos matemáticos. Libro para el alumno,105,226,105,https://historico.conaliteg.gob.mx/c/H2019P5DMA/105.jpg,0,source_jpeg,served_image,200,image/jpeg,101637,04c58358c2ef476b1df813fa0ceef59dd036dc5058b9dfb81eac7288a2c027c7,1,
LTMD_U1_W2_MATH_ASSET_AUDIT_0.1,H2019P5DMA,U1-H2019P5DMA,2019,5,Desafíos matemáticos. Libro para el alumno,106,226,106,https://historico.conaliteg.gob.mx/c/H2019P5DMA/106.jpg,0,source_jpeg,served_image,200,image/jpeg,91307,1e56047500f26cd773f27f2fa128a05d044ccfd1d0baa44a8c676ec9792be471,1,
LTMD_U1_W2_MATH_ASSET_AUDIT_0.1,H2019P5DMA,U1-H2019P5DMA,2019,5,Desafíos matemáticos. Libro para el alumno,107,226,107,https://historico.conaliteg.gob.mx/c/H2019P5DMA/107.jpg,0,source_jpeg,served_image,200,image/jpeg,89081,5778ff0e53bf496509f9ef9d1d838f2f87113c963ccb7b3ec422aac62bbef0e4,1,
LTMD_U1_W2_MATH_ASSET_AUDIT_0.1,H2019P5DMA,U1-H2019P5DMA,2019,5,Desafíos matemáticos. Libro para el alumno,108,226,108,https://historico.conaliteg.gob.mx/c/H2019P5DMA/108.jpg,0,source_jpeg,served_image,200,image/jpeg,104948,af9f3f39cf3340cae5cab6758d9c400be590ad713d60dfc41628fa795cfba059,1,
LTMD_U1_W2_MATH_ASSET_AUDIT_0.1,H2019P5DMA,U1-H2019P5DMA,2019,5,Desafíos matemáticos. Libro para el alumno,109,226,109,https://historico.conaliteg.gob.mx/c/H2019P5DMA/109.jpg,0,source_jpeg,served_image,200,image/jpeg,79064,b6fcecb4bd7ce2396d6b53be261b4dd542d0e0b754fdb09fddaabbdb84f41fcd,1,
LTMD_U1_W2_MATH_ASSET_AUDIT_0.1,H2019P5DMA,U1-H2019P5DMA,2019,5,Desafíos matemáticos. Libro para el alumno,110,226,110,https://historico.conaliteg.gob.mx/c/H2019P5DMA/110.jpg,0,source_jpeg,served_image,200,image/jpeg,81293,99f27cfceea2100054bb8f98e4a6de17e369fd26eb3fb9f89eea32b90a2a1cbc,1,
LTMD_U1_W2_MATH_ASSET_AUDIT_0.1,H2019P5DMA,U1-H2019P5DMA,2019,5,Desafíos matemáticos. Libro para el alumno,111,226,111,https://historico.conaliteg.gob.mx/c/H2019P5DMA/111.jpg,0,source_jpeg,served_image,200,image/jpeg,75843,bce59071c5f2c29ac424ce849af6cf7c2a326f1345f64d0aaf5196de9c1ccc4f,1,
LTMD_U1_W2_MATH_ASSET_AUDIT_0.1,H2019P5DMA,U1-H2019P5DMA,2019,5,Desafíos matemáticos. Libro para el alumno,112,226,112,https://historico.conaliteg.gob.mx/c/H2019P5DMA/112.jpg,0,source_jpeg,served_image,200,image/jpeg,67394,a45c29c15611bafb10f093534f6907925385c2a8573cd76da756053966b1246c,1,
LTMD_U1_W2_MATH_ASSET_AUDIT_0.1,H2019P5DMA,U1-H2019P5DMA,2019,5,Desafíos matemáticos. Libro para el alumno,113,226,113,https://historico.conaliteg.gob.mx/c/H2019P5DMA/113.jpg,0,source_jpeg,served_image,200,image/jpeg,84982,4c11f0ce096d5f307a4481f52fd80bf39405be23e7ef643c4168b46fb8e6b84b,1,
LTMD_U1_W2_MATH_ASSET_AUDIT_0.1,H2019P5DMA,U1-H2019P5DMA,2019,5,Desafíos matemáticos. Libro para el alumno,114,226,114,https://historico.conaliteg.gob.mx/c/H2019P5DMA/114.jpg,0,source_jpeg,served_image,200,image/jpeg,74406,3c5cdb9c7f5bf56b0a308c35ba7eb5c3a3dfe01aff265fa95fdf818abc9f4999,1,
LTMD_U1_W2_MATH_ASSET_AUDIT_0.1,H2019P5DMA,U1-H2019P5DMA,2019,5,Desafíos matemáticos. Libro para el alumno,115,226,115,https://historico.conaliteg.gob.mx/c/H2019P5DMA/115.jpg,0,source_jpeg,served_image,200,image/jpeg,82174,3b116c26009d2b35de5ca94d8ceb580b4ddf9befef28e4c1ad88c7cd14d933fd,1,
LTMD_U1_W2_MATH_ASSET_AUDIT_0.1,H2019P5DMA,U1-H2019P5DMA,2019,5,Desafíos matemáticos. Libro para el alumno,116,226,116,https://historico.conaliteg.gob.mx/c/H2019P5DMA/116.jpg,0,source_jpeg,served_image,200,image/jpeg,91746,d684947973a28221605143a40533fc7f5cd1801976d4bcc69445996c4d015489,1,
LTMD_U1_W2_MATH_ASSET_AUDIT_0.1,H2019P5DMA,U1-H2019P5DMA,2019,5,Desafíos matemáticos. Libro para el alumno,117,226,117,https://historico.conaliteg.gob.mx/c/H2019P5DMA/117.jpg,0,source_jpeg,served_image,200,image/jpeg,91382,2c9a1e9feece2918c256c12bbdb06fea89df9a3aeb0bb868696e7d1c4c3cf000,1,
LTMD_U1_W2_MATH_ASSET_AUDIT_0.1,H2019P5DMA,U1-H2019P5DMA,2019,5,Desafíos matemáticos. Libro para el alumno,118,226,118,https://historico.conaliteg.gob.mx/c/H2019P5DMA/118.jpg,0,source_jpeg,served_image,200,image/jpeg,96084,90300498e3a19e44791724ebce1ff94117eabfefe7c609f545a5c80e68949812,1,
LTMD_U1_W2_MATH_ASSET_AUDIT_0.1,H2019P5DMA,U1-H2019P5DMA,2019,5,Desafíos matemáticos. Libro para el alumno,119,226,119,https://historico.conaliteg.gob.mx/c/H2019P5DMA/119.jpg,0,source_jpeg,served_image,200,image/jpeg,61125,ac6f2fb4bf8392c6d0e9955992474c80582874f23cedb4ded46cab083be3f6d6,1,
LTMD_U1_W2_MATH_ASSET_AUDIT_0.1,H2019P5DMA,U1-H2019P5DMA,2019,5,Desafíos matemáticos. Libro para el alumno,120,226,120,https://historico.conaliteg.gob.mx/c/H2019P5DMA/120.jpg,0,source_jpeg,served_image,200,image/jpeg,125251,a1eb4afd1dffe6e2693f29693331b88f65034d2d3aed59de4ca750322eee5148,1,
LTMD_U1_W2_MATH_ASSET_AUDIT_0.1,H2019P5DMA,U1-H2019P5DMA,2019,5,Desafíos matemáticos. Libro para el alumno,121,226,121,https://historico.conaliteg.gob.mx/c/H2019P5DMA/121.jpg,0,source_jpeg,served_image,200,image/jpeg,87922,a841da29b605f6edaf203e274ecc9a9779f1ea7e57b69789135bfcf22a59477d,1,
LTMD_U1_W2_MATH_ASSET_AUDIT_0.1,H2019P5DMA,U1-H2019P5DMA,2019,5,Desafíos matemáticos. Libro para el alumno,122,226,122,https://historico.conaliteg.gob.mx/c/H2019P5DMA/122.jpg,0,source_jpeg,served_image,200,image/jpeg,86956,79d72ef062318443ecd3b04a79c8655b24e78f2856857716905159d5e46c8a71,1,
LTMD_U1_W2_MATH_ASSET_AUDIT_0.1,H2019P5DMA,U1-H2019P5DMA,2019,5,Desafíos matemáticos. Libro para el alumno,123,226,123,https://historico.conaliteg.gob.mx/c/H2019P5DMA/123.jpg,0,source_jpeg,served_image,200,image/jpeg,50495,a564eb8c8c8c4a623ddbac9b27562a025da932a6990472bbf9dd422334021d59,1,
LTMD_U1_W2_MATH_ASSET_AUDIT_0.1,H2019P5DMA,U1-H2019P5DMA,2019,5,Desafíos matemáticos. Libro para el alumno,124,226,124,https://historico.conaliteg.gob.mx/c/H2019P5DMA/124.jpg,0,source_jpeg,served_image,200,image/jpeg,59583,ee297ca84a8f3530396756723c789fb86b793657433c5b1ccc9caa38558de3bd,1,
LTMD_U1_W2_MATH_ASSET_AUDIT_0.1,H2019P5DMA,U1-H2019P5DMA,2019,5,Desafíos matemáticos. Libro para el alumno,125,226,125,https://historico.conaliteg.gob.mx/c/H2019P5DMA/125.jpg,0,source_jpeg,served_image,200,image/jpeg,63034,daacfead0e31c3061cd00c22c8975b5e277789ed69b7eddf1073c4c46c72c92a,1,
LTMD_U1_W2_MATH_ASSET_AUDIT_0.1,H2019P5DMA,U1-H2019P5DMA,2019,5,Desafíos matemáticos. Libro para el alumno,126,226,126,https://historico.conaliteg.gob.mx/c/H2019P5DMA/126.jpg,0,source_jpeg,served_image,200,image/jpeg,98413,c3390e0c6c0ea3426089928ee3fa3632c49869885c1621c5e0112e430601aa84,1,
LTMD_U1_W2_MATH_ASSET_AUDIT_0.1,H2019P5DMA,U1-H2019P5DMA,2019,5,Desafíos matemáticos. Libro para el alumno,127,226,127,https://historico.conaliteg.gob.mx/c/H2019P5DMA/127.jpg,0,source_jpeg,served_image,200,image/jpeg,101695,a94507387b82afd40d9909f9e618fcffb96663478907aeb021ed194016857910,1,
LTMD_U1_W2_MATH_ASSET_AUDIT_0.1,H2019P5DMA,U1-H2019P5DMA,2019,5,Desafíos matemáticos. Libro para el alumno,128,226,128,https://historico.conaliteg.gob.mx/c/H2019P5DMA/128.jpg,0,source_jpeg,served_image,200,image/jpeg,93136,1b2333d328e77d41e074c320096a0bbf5a5ed9473ea6bdcf246301aed997335b,1,
LTMD_U1_W2_MATH_ASSET_AUDIT_0.1,H2019P5DMA,U1-H2019P5DMA,2019,5,Desafíos matemáticos. Libro para el alumno,129,226,129,https://historico.conaliteg.gob.mx/c/H2019P5DMA/129.jpg,0,source_jpeg,served_image,200,image/jpeg,60160,426591e9bf32fdc0ee29bf21c79dd463fd950b94d0dc70d400ab2e2ca7b7e8cb,1,
LTMD_U1_W2_MATH_ASSET_AUDIT_0.1,H2019P5DMA,U1-H2019P5DMA,2019,5,Desafíos matemáticos. Libro para el alumno,130,226,130,https://historico.conaliteg.gob.mx/c/H2019P5DMA/130.jpg,0,source_jpeg,served_image,200,image/jpeg,89625,59305bf2f54e74d2382c18640c982e799c6dc7e841cfa7866e76241625efb025,1,
LTMD_U1_W2_MATH_ASSET_AUDIT_0.1,H2019P5DMA,U1-H2019P5DMA,2019,5,Desafíos matemáticos. Libro para el alumno,131,226,131,https://historico.conaliteg.gob.mx/c/H2019P5DMA/131.jpg,0,source_jpeg,served_image,200,image/jpeg,78458,17968323b7bf15936aca03f8080d01da2c470f76652fc0d0765e9096022d3e08,1,
LTMD_U1_W2_MATH_ASSET_AUDIT_0.1,H2019P5DMA,U1-H2019P5DMA,2019,5,Desafíos matemáticos. Libro para el alumno,132,226,132,https://historico.conaliteg.gob.mx/c/H2019P5DMA/132.jpg,0,source_jpeg,served_image,200,image/jpeg,78566,0218b1fbe22880c5f88998b0c361626d9f398090717a7e9aeb5d2024060e3b7d,1,
LTMD_U1_W2_MATH_ASSET_AUDIT_0.1,H2019P5DMA,U1-H2019P5DMA,2019,5,Desafíos matemáticos. Libro para el alumno,133,226,133,https://historico.conaliteg.gob.mx/c/H2019P5DMA/133.jpg,0,source_jpeg,served_image,200,image/jpeg,56663,55c21c9ba8c22513731f3d0c18475cbf804c2a10f04779a606c74e15fd7ea248,1,
LTMD_U1_W2_MATH_ASSET_AUDIT_0.1,H2019P5DMA,U1-H2019P5DMA,2019,5,Desafíos matemáticos. Libro para el alumno,134,226,134,https://historico.conaliteg.gob.mx/c/H2019P5DMA/134.jpg,0,source_jpeg,served_image,200,image/jpeg,27361,1222119eaa2efbc58a6c1d2f3dd48c76147db3e6f4ba76e7a1c7587f1bd7335c,1,
LTMD_U1_W2_MATH_ASSET_AUDIT_0.1,H2019P5DMA,U1-H2019P5DMA,2019,5,Desafíos matemáticos. Libro para el alumno,135,226,135,https://historico.conaliteg.gob.mx/c/H2019P5DMA/135.jpg,0,source_jpeg,served_image,200,image/jpeg,33102,ee50d5c906cada06e1cdfafad22d49f30a2b53091b79cbbb199ed091045afea2,1,
LTMD_U1_W2_MATH_ASSET_AUDIT_0.1,H2019P5DMA,U1-H2019P5DMA,2019,5,Desafíos matemáticos. Libro para el alumno,136,226,136,https://historico.conaliteg.gob.mx/c/H2019P5DMA/136.jpg,0,source_jpeg,served_image,200,image/jpeg,95798,d0e84b99dfa67ea711bfb1c6237874906b66441a46835dc3013ba476a5d8221c,1,
LTMD_U1_W2_MATH_ASSET_AUDIT_0.1,H2019P5DMA,U1-H2019P5DMA,2019,5,Desafíos matemáticos. Libro para el alumno,137,226,137,https://historico.conaliteg.gob.mx/c/H2019P5DMA/137.jpg,0,source_jpeg,served_image,200,image/jpeg,81929,6ec655dc69c403e4fb173e98cee4457669cce41efc6d2ed3761b25bec63dc041,1,
LTMD_U1_W2_MATH_ASSET_AUDIT_0.1,H2019P5DMA,U1-H2019P5DMA,2019,5,Desafíos matemáticos. Libro para el alumno,138,226,138,https://historico.conaliteg.gob.mx/c/H2019P5DMA/138.jpg,0,source_jpeg,served_image,200,image/jpeg,95390,f9cafb56915783ed2e7edc2621fd635b1932a8520edac71839368c3c5bd5ba35,1,
LTMD_U1_W2_MATH_ASSET_AUDIT_0.1,H2019P5DMA,U1-H2019P5DMA,2019,5,Desafíos matemáticos. Libro para el alumno,139,226,139,https://historico.conaliteg.gob.mx/c/H2019P5DMA/139.jpg,0,source_jpeg,served_image,200,image/jpeg,83552,d1f52697fadbdedbb975b33b9fb6e8c3aa597de23a753d286f5c8ab0f451f601,1,
LTMD_U1_W2_MATH_ASSET_AUDIT_0.1,H2019P5DMA,U1-H2019P5DMA,2019,5,Desafíos matemáticos. Libro para el alumno,140,226,140,https://historico.conaliteg.gob.mx/c/H2019P5DMA/140.jpg,0,source_jpeg,served_image,200,image/jpeg,72624,8c3c5a5cdb519c11fec5ff91826effaf169e0a1c7612f6b579f9b39498154c84,1,
LTMD_U1_W2_MATH_ASSET_AUDIT_0.1,H2019P5DMA,U1-H2019P5DMA,2019,5,Desafíos matemáticos. Libro para el alumno,141,226,141,https://historico.conaliteg.gob.mx/c/H2019P5DMA/141.jpg,0,source_jpeg,served_image,200,image/jpeg,93934,26228986915046906878d8dadea3f76284408b3c108a9b955d680a46a926773d,1,
LTMD_U1_W2_MATH_ASSET_AUDIT_0.1,H2019P5DMA,U1-H2019P5DMA,2019,5,Desafíos matemáticos. Libro para el alumno,142,226,142,https://historico.conaliteg.gob.mx/c/H2019P5DMA/142.jpg,0,source_jpeg,served_image,200,image/jpeg,82108,b91ba1686c19c5950cac08e3f994488449c57f76968e888f20ee9011fb738986,1,
LTMD_U1_W2_MATH_ASSET_AUDIT_0.1,H2019P5DMA,U1-H2019P5DMA,2019,5,Desafíos matemáticos. Libro para el alumno,143,226,143,https://historico.conaliteg.gob.mx/c/H2019P5DMA/143.jpg,0,source_jpeg,served_image,200,image/jpeg,93237,cf034588be22be1c4fed169932c553b8119b85ce38318e21f302205c9be3ca31,1,
LTMD_U1_W2_MATH_ASSET_AUDIT_0.1,H2019P5DMA,U1-H2019P5DMA,2019,5,Desafíos matemáticos. Libro para el alumno,144,226,144,https://historico.conaliteg.gob.mx/c/H2019P5DMA/144.jpg,0,source_jpeg,served_image,200,image/jpeg,72669,8456692b4b07269cb6aadceaea0ce629d4fbc00d4b09e57fefd04b6cf49d3f20,1,
LTMD_U1_W2_MATH_ASSET_AUDIT_0.1,H2019P5DMA,U1-H2019P5DMA,2019,5,Desafíos matemáticos. Libro para el alumno,145,226,145,https://historico.conaliteg.gob.mx/c/H2019P5DMA/145.jpg,0,source_jpeg,served_image,200,image/jpeg,75073,6e0bf71b710fcf836edd579fbbb59bc8b908ba10b69f77533b350917e122f337,1,
LTMD_U1_W2_MATH_ASSET_AUDIT_0.1,H2019P5DMA,U1-H2019P5DMA,2019,5,Desafíos matemáticos. Libro para el alumno,146,226,146,https://historico.conaliteg.gob.mx/c/H2019P5DMA/146.jpg,0,source_jpeg,served_image,200,image/jpeg,82861,554a65cb77bc1e027b7a86756fad454fe2d5978887a2732772d527c207270b65,1,
LTMD_U1_W2_MATH_ASSET_AUDIT_0.1,H2019P5DMA,U1-H2019P5DMA,2019,5,Desafíos matemáticos. Libro para el alumno,147,226,147,https://historico.conaliteg.gob.mx/c/H2019P5DMA/147.jpg,0,source_jpeg,served_image,200,image/jpeg,73322,9094afd6d00eaab5c857670b52c51ccd2ab37d3b467d7aa4198ab75061f8ee5b,1,
LTMD_U1_W2_MATH_ASSET_AUDIT_0.1,H2019P5DMA,U1-H2019P5DMA,2019,5,Desafíos matemáticos. Libro para el alumno,148,226,148,https://historico.conaliteg.gob.mx/c/H2019P5DMA/148.jpg,0,source_jpeg,served_image,200,image/jpeg,52406,122a1b3f995a06c9f04e9e386ed1989ea7477987fcd2ef7c59206aec6f47453b,1,
LTMD_U1_W2_MATH_ASSET_AUDIT_0.1,H2019P5DMA,U1-H2019P5DMA,2019,5,Desafíos matemáticos. Libro para el alumno,149,226,149,https://historico.conaliteg.gob.mx/c/H2019P5DMA/149.jpg,0,source_jpeg,served_image,200,image/jpeg,55771,342e773ec5222cc5c91535d9090381cc7ee019ac06ee0bc0aed55b1ddc8aeb18,1,
LTMD_U1_W2_MATH_ASSET_AUDIT_0.1,H2019P5DMA,U1-H2019P5DMA,2019,5,Desafíos matemáticos. Libro para el alumno,150,226,150,https://historico.conaliteg.gob.mx/c/H2019P5DMA/150.jpg,0,source_jpeg,served_image,200,image/jpeg,72347,40864655755acd9bec392ee83326276a4f0eb2f4c8be826330fb645f6b6eb289,1,
LTMD_U1_W2_MATH_ASSET_AUDIT_0.1,H2019P5DMA,U1-H2019P5DMA,2019,5,Desafíos matemáticos. Libro para el alumno,151,226,151,https://historico.conaliteg.gob.mx/c/H2019P5DMA/151.jpg,0,source_jpeg,served_image,200,image/jpeg,129048,1763b91839303ee3b753ff39d21b4fc4538006aca2a8bb94681914438201c294,1,
LTMD_U1_W2_MATH_ASSET_AUDIT_0.1,H2019P5DMA,U1-H2019P5DMA,2019,5,Desafíos matemáticos. Libro para el alumno,152,226,152,https://historico.conaliteg.gob.mx/c/H2019P5DMA/152.jpg,0,source_jpeg,served_image,200,image/jpeg,92581,dd0f446fa39ad480f807f43c99847da7ad9811394437175c8b01267ec7eaffc0,1,
LTMD_U1_W2_MATH_ASSET_AUDIT_0.1,H2019P5DMA,U1-H2019P5DMA,2019,5,Desafíos matemáticos. Libro para el alumno,153,226,153,https://historico.conaliteg.gob.mx/c/H2019P5DMA/153.jpg,0,source_jpeg,served_image,200,image/jpeg,78586,7d615e2070188bb97f2e8da4daf5b90e9bf349666bc1fbef9db14a6c7bfc7ed8,1,
LTMD_U1_W2_MATH_ASSET_AUDIT_0.1,H2019P5DMA,U1-H2019P5DMA,2019,5,Desafíos matemáticos. Libro para el alumno,154,226,154,https://historico.conaliteg.gob.mx/c/H2019P5DMA/154.jpg,0,source_jpeg,served_image,200,image/jpeg,91956,a3c0c3a220edfd47e7ac5c7e4dbb2a4938c18f660791cc6e25e2af2a2eb5e105,1,
LTMD_U1_W2_MATH_ASSET_AUDIT_0.1,H2019P5DMA,U1-H2019P5DMA,2019,5,Desafíos matemáticos. Libro para el alumno,155,226,155,https://historico.conaliteg.gob.mx/c/H2019P5DMA/155.jpg,0,source_jpeg,served_image,200,image/jpeg,76371,a110f304f7d9e008b8f0b6e3d0f7b06aa46227dd7d05dbce603fceca34d1025d,1,
LTMD_U1_W2_MATH_ASSET_AUDIT_0.1,H2019P5DMA,U1-H2019P5DMA,2019,5,Desafíos matemáticos. Libro para el alumno,156,226,156,https://historico.conaliteg.gob.mx/c/H2019P5DMA/156.jpg,0,source_jpeg,served_image,200,image/jpeg,73293,3b3f8323a3bcd497866ce03ca1acf3d07aa18afa627d7e519f1961c9e65b1c7f,1,
LTMD_U1_W2_MATH_ASSET_AUDIT_0.1,H2019P5DMA,U1-H2019P5DMA,2019,5,Desafíos matemáticos. Libro para el alumno,157,226,157,https://historico.conaliteg.gob.mx/c/H2019P5DMA/157.jpg,0,source_jpeg,served_image,200,image/jpeg,74572,a014e45a5f8ee9e57fd95a35207e6465af26641bfb5a8a7dd999e6e98bb13c10,1,
LTMD_U1_W2_MATH_ASSET_AUDIT_0.1,H2019P5DMA,U1-H2019P5DMA,2019,5,Desafíos matemáticos. Libro para el alumno,158,226,158,https://historico.conaliteg.gob.mx/c/H2019P5DMA/158.jpg,0,source_jpeg,served_image,200,image/jpeg,107148,8466f520d8f8312ede42c7e910eda05f6785a10fd128654c666679cc770161b2,1,
LTMD_U1_W2_MATH_ASSET_AUDIT_0.1,H2019P5DMA,U1-H2019P5DMA,2019,5,Desafíos matemáticos. Libro para el alumno,159,226,159,https://historico.conaliteg.gob.mx/c/H2019P5DMA/159.jpg,0,source_jpeg,served_image,200,image/jpeg,74304,82792cdd61f63a6c487b42617a59605c1f5d33f9c051aac39432e340982dd2ba,1,
LTMD_U1_W2_MATH_ASSET_AUDIT_0.1,H2019P5DMA,U1-H2019P5DMA,2019,5,Desafíos matemáticos. Libro para el alumno,160,226,160,https://historico.conaliteg.gob.mx/c/H2019P5DMA/160.jpg,0,source_jpeg,served_image,200,image/jpeg,101906,5a556c9095cb616f881250a8e99c74e373f38dba001e4a83fae15479ab93fb08,1,
LTMD_U1_W2_MATH_ASSET_AUDIT_0.1,H2019P5DMA,U1-H2019P5DMA,2019,5,Desafíos matemáticos. Libro para el alumno,161,226,161,https://historico.conaliteg.gob.mx/c/H2019P5DMA/161.jpg,0,source_jpeg,served_image,200,image/jpeg,107208,3d2af1f49c058f0d4d3b512060b800e92a06403e605c7c5399c928f30933433e,1,
LTMD_U1_W2_MATH_ASSET_AUDIT_0.1,H2019P5DMA,U1-H2019P5DMA,2019,5,Desafíos matemáticos. Libro para el alumno,162,226,162,https://historico.conaliteg.gob.mx/c/H2019P5DMA/162.jpg,0,source_jpeg,served_image,200,image/jpeg,87369,c99192fbefa703ce60f13233e5b4bc48eb6cca7438d2ffb770122d6f17f62dd8,1,
LTMD_U1_W2_MATH_ASSET_AUDIT_0.1,H2019P5DMA,U1-H2019P5DMA,2019,5,Desafíos matemáticos. Libro para el alumno,163,226,163,https://historico.conaliteg.gob.mx/c/H2019P5DMA/163.jpg,0,source_jpeg,served_image,200,image/jpeg,94241,0a4a20ef59143e871f49484f26d727b932f0bbcec24a94ff0ac3bd7224f25b29,1,
LTMD_U1_W2_MATH_ASSET_AUDIT_0.1,H2019P5DMA,U1-H2019P5DMA,2019,5,Desafíos matemáticos. Libro para el alumno,164,226,164,https://historico.conaliteg.gob.mx/c/H2019P5DMA/164.jpg,0,source_jpeg,served_image,200,image/jpeg,82486,e57c6d4ed3b5d6e0bd44404ce3f41eba473aa02b0044610d72030dcaa1c39090,1,
LTMD_U1_W2_MATH_ASSET_AUDIT_0.1,H2019P5DMA,U1-H2019P5DMA,2019,5,Desafíos matemáticos. Libro para el alumno,165,226,165,https://historico.conaliteg.gob.mx/c/H2019P5DMA/165.jpg,0,source_jpeg,served_image,200,image/jpeg,78865,a0515effdbbb3ebf7e4b47b15251e352c946a0054ee3337edf379e080f9042ef,1,
LTMD_U1_W2_MATH_ASSET_AUDIT_0.1,H2019P5DMA,U1-H2019P5DMA,2019,5,Desafíos matemáticos. Libro para el alumno,166,226,166,https://historico.conaliteg.gob.mx/c/H2019P5DMA/166.jpg,0,source_jpeg,served_image,200,image/jpeg,69468,6090f8473e23976f6092b880591db620b0febe5cd06c9ee7cffc97224eafe5a7,1,
LTMD_U1_W2_MATH_ASSET_AUDIT_0.1,H2019P5DMA,U1-H2019P5DMA,2019,5,Desafíos matemáticos. Libro para el alumno,167,226,167,https://historico.conaliteg.gob.mx/c/H2019P5DMA/167.jpg,0,source_jpeg,served_image,200,image/jpeg,104083,07a242580cfd1adbd5eba3b7f0df239fa65ebfc84c71a74b902bb0e03dd035a1,1,
LTMD_U1_W2_MATH_ASSET_AUDIT_0.1,H2019P5DMA,U1-H2019P5DMA,2019,5,Desafíos matemáticos. Libro para el alumno,168,226,168,https://historico.conaliteg.gob.mx/c/H2019P5DMA/168.jpg,0,source_jpeg,served_image,200,image/jpeg,92784,80773c1326e301e4793df123a29466f9c0a971a73ce20f749777ec0b4b5e70a3,1,
LTMD_U1_W2_MATH_ASSET_AUDIT_0.1,H2019P5DMA,U1-H2019P5DMA,2019,5,Desafíos matemáticos. Libro para el alumno,169,226,169,https://historico.conaliteg.gob.mx/c/H2019P5DMA/169.jpg,0,source_jpeg,served_image,200,image/jpeg,114413,32db3b6b0e894ff72bdfae89dce76bfef34e3a38501f3cc70a81fdb8e1469857,1,
LTMD_U1_W2_MATH_ASSET_AUDIT_0.1,H2019P5DMA,U1-H2019P5DMA,2019,5,Desafíos matemáticos. Libro para el alumno,170,226,170,https://historico.conaliteg.gob.mx/c/H2019P5DMA/170.jpg,0,source_jpeg,served_image,200,image/jpeg,87770,bed86fbafa2115d46931c5efb4a133e169420142a00eb0c73c08e83c325784c6,1,
LTMD_U1_W2_MATH_ASSET_AUDIT_0.1,H2019P5DMA,U1-H2019P5DMA,2019,5,Desafíos matemáticos. Libro para el alumno,171,226,171,https://historico.conaliteg.gob.mx/c/H2019P5DMA/171.jpg,0,source_jpeg,served_image,200,image/jpeg,72821,1aa870fda36dea9633c4db0ca91c07fe680e59d7c5e2e3e9f3b9449d96ec4440,1,
LTMD_U1_W2_MATH_ASSET_AUDIT_0.1,H2019P5DMA,U1-H2019P5DMA,2019,5,Desafíos matemáticos. Libro para el alumno,172,226,172,https://historico.conaliteg.gob.mx/c/H2019P5DMA/172.jpg,0,source_jpeg,served_image,200,image/jpeg,72444,bf2b2551c7912e382991fb1952a39e311a4584376a8a28b61e19f1962f6f67e9,1,
LTMD_U1_W2_MATH_ASSET_AUDIT_0.1,H2019P5DMA,U1-H2019P5DMA,2019,5,Desafíos matemáticos. Libro para el alumno,173,226,173,https://historico.conaliteg.gob.mx/c/H2019P5DMA/173.jpg,0,source_jpeg,served_image,200,image/jpeg,26845,911d6e8d0e78b11c74787d6ae6a4a8b6bc09a03c185bad8128926b588a6d7c44,1,
LTMD_U1_W2_MATH_ASSET_AUDIT_0.1,H2019P5DMA,U1-H2019P5DMA,2019,5,Desafíos matemáticos. Libro para el alumno,174,226,174,https://historico.conaliteg.gob.mx/c/H2019P5DMA/174.jpg,0,source_jpeg,served_image,200,image/jpeg,82308,bfed3edc59dd834817c814d373ce675e7a8e965b6cdec691fba22274bba45574,1,
LTMD_U1_W2_MATH_ASSET_AUDIT_0.1,H2019P5DMA,U1-H2019P5DMA,2019,5,Desafíos matemáticos. Libro para el alumno,175,226,175,https://historico.conaliteg.gob.mx/c/H2019P5DMA/175.jpg,0,source_jpeg,served_image,200,image/jpeg,91595,26e7100a70391d59808f9acc7a43b504e3bda6a110857f6a1b6d28b3700b7ac8,1,
LTMD_U1_W2_MATH_ASSET_AUDIT_0.1,H2019P5DMA,U1-H2019P5DMA,2019,5,Desafíos matemáticos. Libro para el alumno,176,226,176,https://historico.conaliteg.gob.mx/c/H2019P5DMA/176.jpg,0,source_jpeg,served_image,200,image/jpeg,46270,a103bdceb7a64e4f1e238fed590c7aa3383adb9f08bf52eafb56e4c1ef419891,1,
LTMD_U1_W2_MATH_ASSET_AUDIT_0.1,H2019P5DMA,U1-H2019P5DMA,2019,5,Desafíos matemáticos. Libro para el alumno,177,226,177,https://historico.conaliteg.gob.mx/c/H2019P5DMA/177.jpg,0,source_jpeg,served_image,200,image/jpeg,65510,1dc83d864d37d3e29c6c4ba7b550143000f2bf151a41300565bc2c8724c6c8f4,1,
LTMD_U1_W2_MATH_ASSET_AUDIT_0.1,H2019P5DMA,U1-H2019P5DMA,2019,5,Desafíos matemáticos. Libro para el alumno,178,226,178,https://historico.conaliteg.gob.mx/c/H2019P5DMA/178.jpg,0,source_jpeg,served_image,200,image/jpeg,48110,2e05f7b48672f47937e7a822035c2f6f199f9f249d974a35f3b72fa30051bcaa,1,
LTMD_U1_W2_MATH_ASSET_AUDIT_0.1,H2019P5DMA,U1-H2019P5DMA,2019,5,Desafíos matemáticos. Libro para el alumno,179,226,179,https://historico.conaliteg.gob.mx/c/H2019P5DMA/179.jpg,0,source_jpeg,served_image,200,image/jpeg,44594,dbdadd2be949f9f5e67f72f9969844accdf204ff0162be0ed4b7d03b4f71ecb9,1,
LTMD_U1_W2_MATH_ASSET_AUDIT_0.1,H2019P5DMA,U1-H2019P5DMA,2019,5,Desafíos matemáticos. Libro para el alumno,180,226,180,https://historico.conaliteg.gob.mx/c/H2019P5DMA/180.jpg,0,source_jpeg,served_image,200,image/jpeg,137951,7e6d4b51edd916b02ca9885f5d9a6b1f476bfc1e6c645eeeae31818a06591af9,1,
LTMD_U1_W2_MATH_ASSET_AUDIT_0.1,H2019P5DMA,U1-H2019P5DMA,2019,5,Desafíos matemáticos. Libro para el alumno,181,226,181,https://historico.conaliteg.gob.mx/c/H2019P5DMA/181.jpg,0,source_jpeg,served_image,200,image/jpeg,100065,55357b4f1bf2f72dff9507f3a79fe3c5374571d52bebe2bcc549df530ec61ac1,1,
LTMD_U1_W2_MATH_ASSET_AUDIT_0.1,H2019P5DMA,U1-H2019P5DMA,2019,5,Desafíos matemáticos. Libro para el alumno,182,226,182,https://historico.conaliteg.gob.mx/c/H2019P5DMA/182.jpg,0,source_jpeg,served_image,200,image/jpeg,110856,97b6fc760f6b53b91bf2cd0df3e15836018733c6ada74f03fe3a34be3205a8fe,1,
LTMD_U1_W2_MATH_ASSET_AUDIT_0.1,H2019P5DMA,U1-H2019P5DMA,2019,5,Desafíos matemáticos. Libro para el alumno,183,226,183,https://historico.conaliteg.gob.mx/c/H2019P5DMA/183.jpg,0,source_jpeg,served_image,200,image/jpeg,104617,e6134c8eefe396aab6fccad7d6796ec28a972124527be80e621bf4003323bde3,1,
LTMD_U1_W2_MATH_ASSET_AUDIT_0.1,H2019P5DMA,U1-H2019P5DMA,2019,5,Desafíos matemáticos. Libro para el alumno,184,226,184,https://historico.conaliteg.gob.mx/c/H2019P5DMA/184.jpg,0,source_jpeg,served_image,200,image/jpeg,83236,1d691573979e2b409021ae210967b8fe5c4013addac6ed5c00474ceb20706157,1,
LTMD_U1_W2_MATH_ASSET_AUDIT_0.1,H2019P5DMA,U1-H2019P5DMA,2019,5,Desafíos matemáticos. Libro para el alumno,185,226,185,https://historico.conaliteg.gob.mx/c/H2019P5DMA/185.jpg,0,source_jpeg,served_image,200,image/jpeg,108886,1ab1a86a4161a9bfccb3f20677b720fbd51b4a98cf44df996999646e31af36f3,1,
LTMD_U1_W2_MATH_ASSET_AUDIT_0.1,H2019P5DMA,U1-H2019P5DMA,2019,5,Desafíos matemáticos. Libro para el alumno,186,226,186,https://historico.conaliteg.gob.mx/c/H2019P5DMA/186.jpg,0,source_jpeg,served_image,200,image/jpeg,70858,ba91274e2fa6b22891f62bd5bb113c3b8558a2b063a64a58a176444f403700c8,1,
LTMD_U1_W2_MATH_ASSET_AUDIT_0.1,H2019P5DMA,U1-H2019P5DMA,2019,5,Desafíos matemáticos. Libro para el alumno,187,226,187,https://historico.conaliteg.gob.mx/c/H2019P5DMA/187.jpg,0,source_jpeg,served_image,200,image/jpeg,77595,71da53b54ba29540a7a7068fa70e7ddf2535d8d98e6e034238eb39d4765d3b15,1,
LTMD_U1_W2_MATH_ASSET_AUDIT_0.1,H2019P5DMA,U1-H2019P5DMA,2019,5,Desafíos matemáticos. Libro para el alumno,188,226,188,https://historico.conaliteg.gob.mx/c/H2019P5DMA/188.jpg,0,source_jpeg,served_image,200,image/jpeg,99712,caa9780843f502c1f494020d6141ae0592d710e828ab3d2b64765fe3ec0caf72,1,
LTMD_U1_W2_MATH_ASSET_AUDIT_0.1,H2019P5DMA,U1-H2019P5DMA,2019,5,Desafíos matemáticos. Libro para el alumno,189,226,189,https://historico.conaliteg.gob.mx/c/H2019P5DMA/189.jpg,0,source_jpeg,served_image,200,image/jpeg,81557,7499734d7ab327eae90abe5784dc168322bc38df5724fc1cc685bf1126cf63a7,1,
LTMD_U1_W2_MATH_ASSET_AUDIT_0.1,H2019P5DMA,U1-H2019P5DMA,2019,5,Desafíos matemáticos. Libro para el alumno,190,226,190,https://historico.conaliteg.gob.mx/c/H2019P5DMA/190.jpg,0,source_jpeg,served_image,200,image/jpeg,82981,804bdc33c2c6c91f3bb37e2c4bcccbb2ca8b0db7c2ea8dd9a70c06c046dcf886,1,
LTMD_U1_W2_MATH_ASSET_AUDIT_0.1,H2019P5DMA,U1-H2019P5DMA,2019,5,Desafíos matemáticos. Libro para el alumno,191,226,191,https://historico.conaliteg.gob.mx/c/H2019P5DMA/191.jpg,0,source_jpeg,served_image,200,image/jpeg,84306,631945430c149fabd51f09de6a3e57a4c54e326f3ecffafa51826e4df8d7c1d9,1,
LTMD_U1_W2_MATH_ASSET_AUDIT_0.1,H2019P5DMA,U1-H2019P5DMA,2019,5,Desafíos matemáticos. Libro para el alumno,192,226,192,https://historico.conaliteg.gob.mx/c/H2019P5DMA/192.jpg,0,source_jpeg,served_image,200,image/jpeg,48309,58cecfd112c284357853348fd14af75af825bee055d07ec9e8712f3235c2b5d4,1,
LTMD_U1_W2_MATH_ASSET_AUDIT_0.1,H2019P5DMA,U1-H2019P5DMA,2019,5,Desafíos matemáticos. Libro para el alumno,193,226,193,https://historico.conaliteg.gob.mx/c/H2019P5DMA/193.jpg,0,source_jpeg,served_image,200,image/jpeg,76030,a7ea0df8f937c817d41bf2a0917d50ed75ad8bfaf44a8c84354811667eb5bb08,1,
LTMD_U1_W2_MATH_ASSET_AUDIT_0.1,H2019P5DMA,U1-H2019P5DMA,2019,5,Desafíos matemáticos. Libro para el alumno,194,226,194,https://historico.conaliteg.gob.mx/c/H2019P5DMA/194.jpg,0,source_jpeg,served_image,200,image/jpeg,42125,9f4e5b8136116fd3b94c33e5354112d3887782ea0125d2ce47fd0b9af01f4a0a,1,
LTMD_U1_W2_MATH_ASSET_AUDIT_0.1,H2019P5DMA,U1-H2019P5DMA,2019,5,Desafíos matemáticos. Libro para el alumno,195,226,195,https://historico.conaliteg.gob.mx/c/H2019P5DMA/195.jpg,0,source_jpeg,served_image,200,image/jpeg,62621,b4f66de5ff154f6360565e1b04f7238adfbf32e9b361b103c3f2c01bb6efa008,1,
LTMD_U1_W2_MATH_ASSET_AUDIT_0.1,H2019P5DMA,U1-H2019P5DMA,2019,5,Desafíos matemáticos. Libro para el alumno,196,226,196,https://historico.conaliteg.gob.mx/c/H2019P5DMA/196.jpg,0,source_jpeg,served_image,200,image/jpeg,42125,d36d5ddf445fe5ccb778d9c877b7aadee9b9b18eadea2f2be482d5f4c0397f54,1,
LTMD_U1_W2_MATH_ASSET_AUDIT_0.1,H2019P5DMA,U1-H2019P5DMA,2019,5,Desafíos matemáticos. Libro para el alumno,197,226,197,https://historico.conaliteg.gob.mx/c/H2019P5DMA/197.jpg,0,source_jpeg,served_image,200,image/jpeg,61218,31f74b861fc9c066a2aefd4121f45ccc20d21df884e0cb3cc0728d4fc1aa27a2,1,
LTMD_U1_W2_MATH_ASSET_AUDIT_0.1,H2019P5DMA,U1-H2019P5DMA,2019,5,Desafíos matemáticos. Libro para el alumno,198,226,198,https://historico.conaliteg.gob.mx/c/H2019P5DMA/198.jpg,0,source_jpeg,served_image,200,image/jpeg,42125,88b9a425041c0c398de67163cd74bcdc28f5378190b10d1798b4d397d55b2efb,1,
LTMD_U1_W2_MATH_ASSET_AUDIT_0.1,H2019P5DMA,U1-H2019P5DMA,2019,5,Desafíos matemáticos. Libro para el alumno,199,226,199,https://historico.conaliteg.gob.mx/c/H2019P5DMA/199.jpg,0,source_jpeg,served_image,200,image/jpeg,58726,7c3239884800d61a0d01d14a3e2632dc762a4b236ce77dd38f45ac3cf25b9be5,1,
LTMD_U1_W2_MATH_ASSET_AUDIT_0.1,H2019P5DMA,U1-H2019P5DMA,2019,5,Desafíos matemáticos. Libro para el alumno,200,226,200,https://historico.conaliteg.gob.mx/c/H2019P5DMA/200.jpg,0,source_jpeg,served_image,200,image/jpeg,42125,6a95181d210f7e2ce80f56e751d93cd3c83bbffdc56cf7e33453b6ae9233b0be,1,
LTMD_U1_W2_MATH_ASSET_AUDIT_0.1,H2019P5DMA,U1-H2019P5DMA,2019,5,Desafíos matemáticos. Libro para el alumno,201,226,201,https://historico.conaliteg.gob.mx/c/H2019P5DMA/201.jpg,0,source_jpeg,served_image,200,image/jpeg,58594,483a72507d55a6cf587f46147a4b3368ba1fd03bebc72ab6451f27e16bdd99d7,1,
LTMD_U1_W2_MATH_ASSET_AUDIT_0.1,H2019P5DMA,U1-H2019P5DMA,2019,5,Desafíos matemáticos. Libro para el alumno,202,226,202,https://historico.conaliteg.gob.mx/c/H2019P5DMA/202.jpg,0,source_jpeg,served_image,200,image/jpeg,42125,029a11a78ce42c182a78cdafe3cbc5c8f487e394a75e171b94496b5147bac5af,1,
LTMD_U1_W2_MATH_ASSET_AUDIT_0.1,H2019P5DMA,U1-H2019P5DMA,2019,5,Desafíos matemáticos. Libro para el alumno,203,226,203,https://historico.conaliteg.gob.mx/c/H2019P5DMA/203.jpg,0,source_jpeg,served_image,200,image/jpeg,56835,23c679ddde5ac968730615c5d2f8741da5184af55f96277c241637929c83ca82,1,
LTMD_U1_W2_MATH_ASSET_AUDIT_0.1,H2019P5DMA,U1-H2019P5DMA,2019,5,Desafíos matemáticos. Libro para el alumno,204,226,204,https://historico.conaliteg.gob.mx/c/H2019P5DMA/204.jpg,0,source_jpeg,served_image,200,image/jpeg,42125,864fa30d33cd1043cac500fc7b94e9b7fee954673119c656c3d80c7fb354536a,1,
LTMD_U1_W2_MATH_ASSET_AUDIT_0.1,H2019P5DMA,U1-H2019P5DMA,2019,5,Desafíos matemáticos. Libro para el alumno,205,226,205,https://historico.conaliteg.gob.mx/c/H2019P5DMA/205.jpg,0,source_jpeg,served_image,200,image/jpeg,72991,42b9aad06d90f02dfabc9c61f1cc12f4a6c50d908f8046b6dcbbe7d215b22961,1,
LTMD_U1_W2_MATH_ASSET_AUDIT_0.1,H2019P5DMA,U1-H2019P5DMA,2019,5,Desafíos matemáticos. Libro para el alumno,206,226,206,https://historico.conaliteg.gob.mx/c/H2019P5DMA/206.jpg,0,source_jpeg,served_image,200,image/jpeg,42125,9f0658d02948c7c00cbb5e8549fe96c64e8b5d9896cbe3499f689b26bb23bac8,1,
LTMD_U1_W2_MATH_ASSET_AUDIT_0.1,H2019P5DMA,U1-H2019P5DMA,2019,5,Desafíos matemáticos. Libro para el alumno,207,226,207,https://historico.conaliteg.gob.mx/c/H2019P5DMA/207.jpg,0,source_jpeg,served_image,200,image/jpeg,53263,fa9acec989a4c646b93e1618bdb2aca85c4d4c84853eea1f021b09577b1e3839,1,
LTMD_U1_W2_MATH_ASSET_AUDIT_0.1,H2019P5DMA,U1-H2019P5DMA,2019,5,Desafíos matemáticos. Libro para el alumno,208,226,208,https://historico.conaliteg.gob.mx/c/H2019P5DMA/208.jpg,0,source_jpeg,served_image,200,image/jpeg,42125,7ff6c0ad28558fd3a7d05143e6d26a562ceb11e6c3e180eebe7b81cdb7c14c4e,1,
LTMD_U1_W2_MATH_ASSET_AUDIT_0.1,H2019P5DMA,U1-H2019P5DMA,2019,5,Desafíos matemáticos. Libro para el alumno,209,226,209,https://historico.conaliteg.gob.mx/c/H2019P5DMA/209.jpg,0,source_jpeg,served_image,200,image/jpeg,47168,2c093261329a8f4099647171fb4df37a2dc197dfed300687ebec2b699d8242c8,1,
LTMD_U1_W2_MATH_ASSET_AUDIT_0.1,H2019P5DMA,U1-H2019P5DMA,2019,5,Desafíos matemáticos. Libro para el alumno,210,226,210,https://historico.conaliteg.gob.mx/c/H2019P5DMA/210.jpg,0,source_jpeg,served_image,200,image/jpeg,42125,91281883bca19faa248a256cde08f89f956631e237f6ef67a4c2188eec0d87fb,1,
LTMD_U1_W2_MATH_ASSET_AUDIT_0.1,H2019P5DMA,U1-H2019P5DMA,2019,5,Desafíos matemáticos. Libro para el alumno,211,226,211,https://historico.conaliteg.gob.mx/c/H2019P5DMA/211.jpg,0,source_jpeg,served_image,200,image/jpeg,82310,c6d5e1c2d1b0b1b76ef47d2afdb68698c555173f374e7ea1d94368e00f921d6b,1,
LTMD_U1_W2_MATH_ASSET_AUDIT_0.1,H2019P5DMA,U1-H2019P5DMA,2019,5,Desafíos matemáticos. Libro para el alumno,212,226,212,https://historico.conaliteg.gob.mx/c/H2019P5DMA/212.jpg,0,source_jpeg,served_image,200,image/jpeg,42125,0221a108251eb51e12b539b201332d0ed5084496842cf83a193cad097830afdd,1,
LTMD_U1_W2_MATH_ASSET_AUDIT_0.1,H2019P5DMA,U1-H2019P5DMA,2019,5,Desafíos matemáticos. Libro para el alumno,213,226,213,https://historico.conaliteg.gob.mx/c/H2019P5DMA/213.jpg,0,source_jpeg,served_image,200,image/jpeg,98604,6b655b1ec761634977d8525e65fbfc53dec8d7fa04be3c15fefd6a55e8872eb5,1,
LTMD_U1_W2_MATH_ASSET_AUDIT_0.1,H2019P5DMA,U1-H2019P5DMA,2019,5,Desafíos matemáticos. Libro para el alumno,214,226,214,https://historico.conaliteg.gob.mx/c/H2019P5DMA/214.jpg,0,source_jpeg,served_image,200,image/jpeg,42125,42596bb765308b4131cf279d99606c66792b4b8cbf83a361a6f34aa50119f81f,1,
LTMD_U1_W2_MATH_ASSET_AUDIT_0.1,H2019P5DMA,U1-H2019P5DMA,2019,5,Desafíos matemáticos. Libro para el alumno,215,226,215,https://historico.conaliteg.gob.mx/c/H2019P5DMA/215.jpg,0,source_jpeg,served_image,200,image/jpeg,36057,6413ec4edcc0f690e814bd10a2c88afe5f4219f0b24a96c9316ae7d8b9cf62a3,1,
LTMD_U1_W2_MATH_ASSET_AUDIT_0.1,H2019P5DMA,U1-H2019P5DMA,2019,5,Desafíos matemáticos. Libro para el alumno,216,226,216,https://historico.conaliteg.gob.mx/c/H2019P5DMA/216.jpg,0,source_jpeg,served_image,200,image/jpeg,42125,b1ee39cd67949e5d60f89c8faeaab214a5ea86410d7b45920ccac9b3977a0e90,1,
LTMD_U1_W2_MATH_ASSET_AUDIT_0.1,H2019P5DMA,U1-H2019P5DMA,2019,5,Desafíos matemáticos. Libro para el alumno,217,226,217,https://historico.conaliteg.gob.mx/c/H2019P5DMA/217.jpg,0,source_jpeg,served_image,200,image/jpeg,54180,a2aa67a8262f2f3e29dfb762002f2f8e4ae96456a1521bbe819154f3dcc37b96,1,
LTMD_U1_W2_MATH_ASSET_AUDIT_0.1,H2019P5DMA,U1-H2019P5DMA,2019,5,Desafíos matemáticos. Libro para el alumno,218,226,218,https://historico.conaliteg.gob.mx/c/H2019P5DMA/218.jpg,0,source_jpeg,served_image,200,image/jpeg,42125,5c6da1d13399ed1409cb48fd7badef33e388427197785bed14797d50e7df1d67,1,
LTMD_U1_W2_MATH_ASSET_AUDIT_0.1,H2019P5DMA,U1-H2019P5DMA,2019,5,Desafíos matemáticos. Libro para el alumno,219,226,219,https://historico.conaliteg.gob.mx/c/H2019P5DMA/219.jpg,0,source_jpeg,served_image,200,image/jpeg,37154,47fb16f4bc2d24422b9eb28faf79f805239f85713162db3ef569b4c3ecb9cc9c,1,
LTMD_U1_W2_MATH_ASSET_AUDIT_0.1,H2019P5DMA,U1-H2019P5DMA,2019,5,Desafíos matemáticos. Libro para el alumno,220,226,220,https://historico.conaliteg.gob.mx/c/H2019P5DMA/220.jpg,0,source_jpeg,served_image,200,image/jpeg,42125,fd7536c99083e058610c8c4d484195bb0f16eef536554d8da5367cdff36c5289,1,
LTMD_U1_W2_MATH_ASSET_AUDIT_0.1,H2019P5DMA,U1-H2019P5DMA,2019,5,Desafíos matemáticos. Libro para el alumno,221,226,221,https://historico.conaliteg.gob.mx/c/H2019P5DMA/221.jpg,0,source_jpeg,served_image,200,image/jpeg,54569,b5557962a853efe628303d235e2675021874c284da1bc8935da9a7c23ee155b6,1,
LTMD_U1_W2_MATH_ASSET_AUDIT_0.1,H2019P5DMA,U1-H2019P5DMA,2019,5,Desafíos matemáticos. Libro para el alumno,222,226,222,https://historico.conaliteg.gob.mx/c/H2019P5DMA/222.jpg,0,source_jpeg,served_image,200,image/jpeg,42125,6cdcaaf203667c74728b4bcf44bb7474a355f2035e8568cf8a056838340a18b8,1,
LTMD_U1_W2_MATH_ASSET_AUDIT_0.1,H2019P5DMA,U1-H2019P5DMA,2019,5,Desafíos matemáticos. Libro para el alumno,223,226,223,https://historico.conaliteg.gob.mx/c/H2019P5DMA/223.jpg,0,source_jpeg,served_image,200,image/jpeg,64846,1fca34876c1a1efb46455190133f8000decb7dd4a2d1a5ab69a8f5018cbb272d,1,
LTMD_U1_W2_MATH_ASSET_AUDIT_0.1,H2019P5DMA,U1-H2019P5DMA,2019,5,Desafíos matemáticos. Libro para el alumno,224,226,224,https://historico.conaliteg.gob.mx/c/H2019P5DMA/224.jpg,0,source_jpeg,served_image,200,image/jpeg,42125,1c1c2d8506e146f49df51628ac0d75d2f049bd21412c36483ac2ca37e5888c0f,1,
LTMD_U1_W2_MATH_ASSET_AUDIT_0.1,H2019P5DMA,U1-H2019P5DMA,2019,5,Desafíos matemáticos. Libro para el alumno,225,226,225,https://historico.conaliteg.gob.mx/c/H2019P5DMA/225.jpg,0,source_jpeg,served_image,200,image/jpeg,71472,459aafe9eb3ffa1df92928396cb6ec92a0d2192bcea08000d38429275dc1da4e,1,
LTMD_U1_W2_MATH_ASSET_AUDIT_0.1,H2019P5DMA,U1-H2019P5DMA,2019,5,Desafíos matemáticos. Libro para el alumno,226,226,226,https://historico.conaliteg.gob.mx/c/H2019P5DMA/226.jpg,1,terminal_synthetic_candidate,http_404,404,text/html; charset=iso-8859-1,,,1,HTTP 404
LTMD_U1_W2_MATH_ASSET_AUDIT_0.1,H2019P6DMA,U1-H2019P6DMA,2019,6,Desafíos matemáticos. Libro para el alumno,1,186,0,https://historico.conaliteg.gob.mx/c/H2019P6DMA/000.jpg,0,source_jpeg,served_image,200,image/jpeg,113859,5d0168cc344d67c4dd8e8f60d88ea1bb9cfba63b2e73ecba957846fae54a342e,1,
LTMD_U1_W2_MATH_ASSET_AUDIT_0.1,H2019P6DMA,U1-H2019P6DMA,2019,6,Desafíos matemáticos. Libro para el alumno,2,186,2,https://historico.conaliteg.gob.mx/c/H2019P6DMA/002.jpg,0,source_jpeg,served_image,200,image/jpeg,118310,2104b60b9066b9b659faa21cc3840bb2f765849add58c790cb50e0e8c87a35d4,1,
LTMD_U1_W2_MATH_ASSET_AUDIT_0.1,H2019P6DMA,U1-H2019P6DMA,2019,6,Desafíos matemáticos. Libro para el alumno,3,186,3,https://historico.conaliteg.gob.mx/c/H2019P6DMA/003.jpg,0,source_jpeg,served_image,200,image/jpeg,86645,029a027a768bc1911697a169ac22effda3f3e3f6b1aa18a4e02af2b5ce4b91dd,1,
LTMD_U1_W2_MATH_ASSET_AUDIT_0.1,H2019P6DMA,U1-H2019P6DMA,2019,6,Desafíos matemáticos. Libro para el alumno,4,186,4,https://historico.conaliteg.gob.mx/c/H2019P6DMA/004.jpg,0,source_jpeg,served_image,200,image/jpeg,86605,eb8e4220f2664d8ff1e2d2315425be7fa24aa26b645542a3d0991955dc080af1,1,
LTMD_U1_W2_MATH_ASSET_AUDIT_0.1,H2019P6DMA,U1-H2019P6DMA,2019,6,Desafíos matemáticos. Libro para el alumno,5,186,5,https://historico.conaliteg.gob.mx/c/H2019P6DMA/005.jpg,0,source_jpeg,served_image,200,image/jpeg,86327,aef034e4c4380a01f6a8d54aa4b5fe58f4b499bd1f9f2c3f0a0634e9008b73c9,1,
LTMD_U1_W2_MATH_ASSET_AUDIT_0.1,H2019P6DMA,U1-H2019P6DMA,2019,6,Desafíos matemáticos. Libro para el alumno,6,186,6,https://historico.conaliteg.gob.mx/c/H2019P6DMA/006.jpg,0,source_jpeg,served_image,200,image/jpeg,84711,eeaad9cde5603b1ac8bc2ef38c14e76518dfc8605a422800704bb3fc090c564f,1,
LTMD_U1_W2_MATH_ASSET_AUDIT_0.1,H2019P6DMA,U1-H2019P6DMA,2019,6,Desafíos matemáticos. Libro para el alumno,7,186,7,https://historico.conaliteg.gob.mx/c/H2019P6DMA/007.jpg,0,source_jpeg,served_image,200,image/jpeg,130132,65f2268bf193ab3d2c8de9df0412b82cf284a92808447d4acdfb30e649e430f9,1,
LTMD_U1_W2_MATH_ASSET_AUDIT_0.1,H2019P6DMA,U1-H2019P6DMA,2019,6,Desafíos matemáticos. Libro para el alumno,8,186,8,https://historico.conaliteg.gob.mx/c/H2019P6DMA/008.jpg,0,source_jpeg,served_image,200,image/jpeg,119101,4917f6249ba21c201fd1525b652d5ec35c23a49717510e5dbd5e9f535dddd5f6,1,
LTMD_U1_W2_MATH_ASSET_AUDIT_0.1,H2019P6DMA,U1-H2019P6DMA,2019,6,Desafíos matemáticos. Libro para el alumno,9,186,9,https://historico.conaliteg.gob.mx/c/H2019P6DMA/009.jpg,0,source_jpeg,served_image,200,image/jpeg,103176,8e77de9b4e9c9fafb424303c71b1a561539ce314e5f70a97f9e100357408f0c9,1,
LTMD_U1_W2_MATH_ASSET_AUDIT_0.1,H2019P6DMA,U1-H2019P6DMA,2019,6,Desafíos matemáticos. Libro para el alumno,10,186,10,https://historico.conaliteg.gob.mx/c/H2019P6DMA/010.jpg,0,source_jpeg,served_image,200,image/jpeg,101023,9f878b9378afa8d436d3486824ba6156cc10735f8cc416543be4d8ddfcedc4ad,1,
LTMD_U1_W2_MATH_ASSET_AUDIT_0.1,H2019P6DMA,U1-H2019P6DMA,2019,6,Desafíos matemáticos. Libro para el alumno,11,186,11,https://historico.conaliteg.gob.mx/c/H2019P6DMA/011.jpg,0,source_jpeg,served_image,200,image/jpeg,86697,e4d348f7a199f69b6742c38e158dafb085e62409d2e23e65314e4682e8bccc49,1,
LTMD_U1_W2_MATH_ASSET_AUDIT_0.1,H2019P6DMA,U1-H2019P6DMA,2019,6,Desafíos matemáticos. Libro para el alumno,12,186,12,https://historico.conaliteg.gob.mx/c/H2019P6DMA/012.jpg,0,source_jpeg,served_image,200,image/jpeg,84328,206b81c7654adfc475118e65176fd3b3638e276a2a2e3394414dc9100956fdb6,1,
LTMD_U1_W2_MATH_ASSET_AUDIT_0.1,H2019P6DMA,U1-H2019P6DMA,2019,6,Desafíos matemáticos. Libro para el alumno,13,186,13,https://historico.conaliteg.gob.mx/c/H2019P6DMA/013.jpg,0,source_jpeg,served_image,200,image/jpeg,109950,9f12018053f7b79709805181d3b229bb56eddb1927d80c8ac6ac566448a54629,1,
LTMD_U1_W2_MATH_ASSET_AUDIT_0.1,H2019P6DMA,U1-H2019P6DMA,2019,6,Desafíos matemáticos. Libro para el alumno,14,186,14,https://historico.conaliteg.gob.mx/c/H2019P6DMA/014.jpg,0,source_jpeg,served_image,200,image/jpeg,58791,4e04dcd67808f059ae82252ab25a49a8154d80fb31d70bbc3a9dfe33d74d0cc6,1,
LTMD_U1_W2_MATH_ASSET_AUDIT_0.1,H2019P6DMA,U1-H2019P6DMA,2019,6,Desafíos matemáticos. Libro para el alumno,15,186,15,https://historico.conaliteg.gob.mx/c/H2019P6DMA/015.jpg,0,source_jpeg,served_image,200,image/jpeg,75415,e55df9708856b59378d348593f73076c55f93cc7120be8e3b559178d7adcf5e9,1,
LTMD_U1_W2_MATH_ASSET_AUDIT_0.1,H2019P6DMA,U1-H2019P6DMA,2019,6,Desafíos matemáticos. Libro para el alumno,16,186,16,https://historico.conaliteg.gob.mx/c/H2019P6DMA/016.jpg,0,source_jpeg,served_image,200,image/jpeg,66571,e1b3d11aeeda97b7402e9c44a5a576de934d3fb3f069ab8a5e7a4e0ceab78977,1,
LTMD_U1_W2_MATH_ASSET_AUDIT_0.1,H2019P6DMA,U1-H2019P6DMA,2019,6,Desafíos matemáticos. Libro para el alumno,17,186,17,https://historico.conaliteg.gob.mx/c/H2019P6DMA/017.jpg,0,source_jpeg,served_image,200,image/jpeg,65271,535c875aeeda9077105dd5dc99ce23e3716a05a91b46f0846a4263e742aa5144,1,
LTMD_U1_W2_MATH_ASSET_AUDIT_0.1,H2019P6DMA,U1-H2019P6DMA,2019,6,Desafíos matemáticos. Libro para el alumno,18,186,18,https://historico.conaliteg.gob.mx/c/H2019P6DMA/018.jpg,0,source_jpeg,served_image,200,image/jpeg,59198,6d9405ce7aaadeeee22b52baea934eee48d9c37573cace091779981f05a91fa3,1,
LTMD_U1_W2_MATH_ASSET_AUDIT_0.1,H2019P6DMA,U1-H2019P6DMA,2019,6,Desafíos matemáticos. Libro para el alumno,19,186,19,https://historico.conaliteg.gob.mx/c/H2019P6DMA/019.jpg,0,source_jpeg,served_image,200,image/jpeg,83167,8b51b93feb0ed998c01c36ccdb11c8c38dd4bd4d241af3371fd7304cc6a56d7e,1,
LTMD_U1_W2_MATH_ASSET_AUDIT_0.1,H2019P6DMA,U1-H2019P6DMA,2019,6,Desafíos matemáticos. Libro para el alumno,20,186,20,https://historico.conaliteg.gob.mx/c/H2019P6DMA/020.jpg,0,source_jpeg,served_image,200,image/jpeg,86742,a9a7ff7e1a672b6532de48da1429ef5298cf76160281cbcb57c6ff564335855d,1,
LTMD_U1_W2_MATH_ASSET_AUDIT_0.1,H2019P6DMA,U1-H2019P6DMA,2019,6,Desafíos matemáticos. Libro para el alumno,21,186,21,https://historico.conaliteg.gob.mx/c/H2019P6DMA/021.jpg,0,source_jpeg,served_image,200,image/jpeg,90498,19e0e125398541005dc51a7bb294cc35bfa403348b4ae97ed284bb1b545028e5,1,
LTMD_U1_W2_MATH_ASSET_AUDIT_0.1,H2019P6DMA,U1-H2019P6DMA,2019,6,Desafíos matemáticos. Libro para el alumno,22,186,22,https://historico.conaliteg.gob.mx/c/H2019P6DMA/022.jpg,0,source_jpeg,served_image,200,image/jpeg,84989,a547c008253584f9cd2b684401accf9ac0d41e424a74002a1a7ad2a7f1da3532,1,
LTMD_U1_W2_MATH_ASSET_AUDIT_0.1,H2019P6DMA,U1-H2019P6DMA,2019,6,Desafíos matemáticos. Libro para el alumno,23,186,23,https://historico.conaliteg.gob.mx/c/H2019P6DMA/023.jpg,0,source_jpeg,served_image,200,image/jpeg,92778,2d0b30608677a378b5f333bf3de8b3cd97ce7f064bef917151a5a468b34b7063,1,
LTMD_U1_W2_MATH_ASSET_AUDIT_0.1,H2019P6DMA,U1-H2019P6DMA,2019,6,Desafíos matemáticos. Libro para el alumno,24,186,24,https://historico.conaliteg.gob.mx/c/H2019P6DMA/024.jpg,0,source_jpeg,served_image,200,image/jpeg,80905,ef40ce7321a44c005094a000b2e8197755352e15dd60fcca31e7f514930859a7,1,
LTMD_U1_W2_MATH_ASSET_AUDIT_0.1,H2019P6DMA,U1-H2019P6DMA,2019,6,Desafíos matemáticos. Libro para el alumno,25,186,25,https://historico.conaliteg.gob.mx/c/H2019P6DMA/025.jpg,0,source_jpeg,served_image,200,image/jpeg,110884,286f5e01a1ce851afeaf09f71c80cfcb0220b6ae0a93ce59fc917ffc3bd51a26,1,
LTMD_U1_W2_MATH_ASSET_AUDIT_0.1,H2019P6DMA,U1-H2019P6DMA,2019,6,Desafíos matemáticos. Libro para el alumno,26,186,26,https://historico.conaliteg.gob.mx/c/H2019P6DMA/026.jpg,0,source_jpeg,served_image,200,image/jpeg,80344,743808814294c41af5de00e8a834adea16221db3cb10046c013c0a483c71284f,1,
LTMD_U1_W2_MATH_ASSET_AUDIT_0.1,H2019P6DMA,U1-H2019P6DMA,2019,6,Desafíos matemáticos. Libro para el alumno,27,186,27,https://historico.conaliteg.gob.mx/c/H2019P6DMA/027.jpg,0,source_jpeg,served_image,200,image/jpeg,130288,2cf494ad2a754372192b3095ecb4412837d16970305c0afc48f089efd4beee12,1,
LTMD_U1_W2_MATH_ASSET_AUDIT_0.1,H2019P6DMA,U1-H2019P6DMA,2019,6,Desafíos matemáticos. Libro para el alumno,28,186,28,https://historico.conaliteg.gob.mx/c/H2019P6DMA/028.jpg,0,source_jpeg,served_image,200,image/jpeg,94482,06fcedaa7eda7beed256786d2a1dbea2406d3eaf88add78d9ef85b13f521d73d,1,
LTMD_U1_W2_MATH_ASSET_AUDIT_0.1,H2019P6DMA,U1-H2019P6DMA,2019,6,Desafíos matemáticos. Libro para el alumno,29,186,29,https://historico.conaliteg.gob.mx/c/H2019P6DMA/029.jpg,0,source_jpeg,served_image,200,image/jpeg,99842,0f564a66ef67b54277b20394747e466f9ff0e318fbf280e6ecdfe993078c9e4d,1,
LTMD_U1_W2_MATH_ASSET_AUDIT_0.1,H2019P6DMA,U1-H2019P6DMA,2019,6,Desafíos matemáticos. Libro para el alumno,30,186,30,https://historico.conaliteg.gob.mx/c/H2019P6DMA/030.jpg,0,source_jpeg,served_image,200,image/jpeg,89588,a7961b186d8bed6040ef32fda3f800f17cdee5bf10739ff2d4aafc5270ad96ea,1,
LTMD_U1_W2_MATH_ASSET_AUDIT_0.1,H2019P6DMA,U1-H2019P6DMA,2019,6,Desafíos matemáticos. Libro para el alumno,31,186,31,https://historico.conaliteg.gob.mx/c/H2019P6DMA/031.jpg,0,source_jpeg,served_image,200,image/jpeg,127621,eb5aa8318fd8ee46297d08c160faaa639311c6dfc3f5504d290259466562d3bc,1,
LTMD_U1_W2_MATH_ASSET_AUDIT_0.1,H2019P6DMA,U1-H2019P6DMA,2019,6,Desafíos matemáticos. Libro para el alumno,32,186,32,https://historico.conaliteg.gob.mx/c/H2019P6DMA/032.jpg,0,source_jpeg,served_image,200,image/jpeg,123473,badd809b8088c8e5a98768854640fabb856e0be0406ca00d81bfd90ae51ef56d,1,
LTMD_U1_W2_MATH_ASSET_AUDIT_0.1,H2019P6DMA,U1-H2019P6DMA,2019,6,Desafíos matemáticos. Libro para el alumno,33,186,33,https://historico.conaliteg.gob.mx/c/H2019P6DMA/033.jpg,0,source_jpeg,served_image,200,image/jpeg,73479,8bb63042f4aeef99b3d8cae47f99f684c503a79e4186801b5270b122c5097817,1,
LTMD_U1_W2_MATH_ASSET_AUDIT_0.1,H2019P6DMA,U1-H2019P6DMA,2019,6,Desafíos matemáticos. Libro para el alumno,34,186,34,https://historico.conaliteg.gob.mx/c/H2019P6DMA/034.jpg,0,source_jpeg,served_image,200,image/jpeg,81729,11f79c02b56522a2ee413f1bc66db6489a4a05a89f061d89e2ca0f5a25cd2403,1,
LTMD_U1_W2_MATH_ASSET_AUDIT_0.1,H2019P6DMA,U1-H2019P6DMA,2019,6,Desafíos matemáticos. Libro para el alumno,35,186,35,https://historico.conaliteg.gob.mx/c/H2019P6DMA/035.jpg,0,source_jpeg,served_image,200,image/jpeg,85296,3e7bcd15417e8b5fa7b3cc529eb26a2195a2097c3f8802c9edc9853effb3a914,1,
LTMD_U1_W2_MATH_ASSET_AUDIT_0.1,H2019P6DMA,U1-H2019P6DMA,2019,6,Desafíos matemáticos. Libro para el alumno,36,186,36,https://historico.conaliteg.gob.mx/c/H2019P6DMA/036.jpg,0,source_jpeg,served_image,200,image/jpeg,77672,b7c88d5006061780d9fd1f9cc6ab6142a346652fe17e6190ccec3777bd12923b,1,
LTMD_U1_W2_MATH_ASSET_AUDIT_0.1,H2019P6DMA,U1-H2019P6DMA,2019,6,Desafíos matemáticos. Libro para el alumno,37,186,37,https://historico.conaliteg.gob.mx/c/H2019P6DMA/037.jpg,0,source_jpeg,served_image,200,image/jpeg,86690,4302ebf8224aebdbe13b5ad46e8e72cc6ffabae3aa5bf78eb630f0f9dcfa57dc,1,
LTMD_U1_W2_MATH_ASSET_AUDIT_0.1,H2019P6DMA,U1-H2019P6DMA,2019,6,Desafíos matemáticos. Libro para el alumno,38,186,38,https://historico.conaliteg.gob.mx/c/H2019P6DMA/038.jpg,0,source_jpeg,served_image,200,image/jpeg,85513,5d38a1fc1aeff3e51961a24038a8c43ff8ec526cb0bd7f75916b2e7d4282b2c2,1,
LTMD_U1_W2_MATH_ASSET_AUDIT_0.1,H2019P6DMA,U1-H2019P6DMA,2019,6,Desafíos matemáticos. Libro para el alumno,39,186,39,https://historico.conaliteg.gob.mx/c/H2019P6DMA/039.jpg,0,source_jpeg,served_image,200,image/jpeg,83057,52f6bd9460b6884a9734dab5dec80b9cd112803f282715d2647b2248fe025c40,1,
LTMD_U1_W2_MATH_ASSET_AUDIT_0.1,H2019P6DMA,U1-H2019P6DMA,2019,6,Desafíos matemáticos. Libro para el alumno,40,186,40,https://historico.conaliteg.gob.mx/c/H2019P6DMA/040.jpg,0,source_jpeg,served_image,200,image/jpeg,109813,9b760952f4dbd1895457cf9204369fb8b1bdba8e65604087951ab95ceae0139f,1,
LTMD_U1_W2_MATH_ASSET_AUDIT_0.1,H2019P6DMA,U1-H2019P6DMA,2019,6,Desafíos matemáticos. Libro para el alumno,41,186,41,https://historico.conaliteg.gob.mx/c/H2019P6DMA/041.jpg,0,source_jpeg,served_image,200,image/jpeg,86654,8a68a2246645680eab8d534c544637e226342f89d8de323c19eee8be3533ec13,1,
LTMD_U1_W2_MATH_ASSET_AUDIT_0.1,H2019P6DMA,U1-H2019P6DMA,2019,6,Desafíos matemáticos. Libro para el alumno,42,186,42,https://historico.conaliteg.gob.mx/c/H2019P6DMA/042.jpg,0,source_jpeg,served_image,200,image/jpeg,83150,c7b94376b85d44f020a1ec4cbafe4ef91c6f1e3c00ae8b3782c5ea532c576421,1,
LTMD_U1_W2_MATH_ASSET_AUDIT_0.1,H2019P6DMA,U1-H2019P6DMA,2019,6,Desafíos matemáticos. Libro para el alumno,43,186,43,https://historico.conaliteg.gob.mx/c/H2019P6DMA/043.jpg,0,source_jpeg,served_image,200,image/jpeg,49225,823dbeaf824537c3e1f1d67410d5a260db2369d75df121a52b00ff29a81d3bf7,1,
LTMD_U1_W2_MATH_ASSET_AUDIT_0.1,H2019P6DMA,U1-H2019P6DMA,2019,6,Desafíos matemáticos. Libro para el alumno,44,186,44,https://historico.conaliteg.gob.mx/c/H2019P6DMA/044.jpg,0,source_jpeg,served_image,200,image/jpeg,63268,a9c0cc49d362dc345c56e7f8118d89f9c791ea59510fdacd888928e502bf799c,1,
LTMD_U1_W2_MATH_ASSET_AUDIT_0.1,H2019P6DMA,U1-H2019P6DMA,2019,6,Desafíos matemáticos. Libro para el alumno,45,186,45,https://historico.conaliteg.gob.mx/c/H2019P6DMA/045.jpg,0,source_jpeg,served_image,200,image/jpeg,100060,6967f9d2a01dd584501f4761d049a50415b92fb201af1fa1c3d6a7825c1f7b13,1,
LTMD_U1_W2_MATH_ASSET_AUDIT_0.1,H2019P6DMA,U1-H2019P6DMA,2019,6,Desafíos matemáticos. Libro para el alumno,46,186,46,https://historico.conaliteg.gob.mx/c/H2019P6DMA/046.jpg,0,source_jpeg,served_image,200,image/jpeg,72416,0b49575b18e1b03ed8975be2f80f0142f0ff989fb5392fee1b58c8f5348d4a51,1,
LTMD_U1_W2_MATH_ASSET_AUDIT_0.1,H2019P6DMA,U1-H2019P6DMA,2019,6,Desafíos matemáticos. Libro para el alumno,47,186,47,https://historico.conaliteg.gob.mx/c/H2019P6DMA/047.jpg,0,source_jpeg,served_image,200,image/jpeg,67143,7f01b1f718073886954e0be2dee92e7e61ce34cc77b2edabb4360ae23d3c1bb2,1,
LTMD_U1_W2_MATH_ASSET_AUDIT_0.1,H2019P6DMA,U1-H2019P6DMA,2019,6,Desafíos matemáticos. Libro para el alumno,48,186,48,https://historico.conaliteg.gob.mx/c/H2019P6DMA/048.jpg,0,source_jpeg,served_image,200,image/jpeg,99852,9274160d8357f50d66318c16203f6926376322a648043de7942666ab9f6870c7,1,
LTMD_U1_W2_MATH_ASSET_AUDIT_0.1,H2019P6DMA,U1-H2019P6DMA,2019,6,Desafíos matemáticos. Libro para el alumno,49,186,49,https://historico.conaliteg.gob.mx/c/H2019P6DMA/049.jpg,0,source_jpeg,served_image,200,image/jpeg,72354,1e9b971de6e8113e629cc628e8b9de556cc28541ba3c22d4854f16447ee6196b,1,
LTMD_U1_W2_MATH_ASSET_AUDIT_0.1,H2019P6DMA,U1-H2019P6DMA,2019,6,Desafíos matemáticos. Libro para el alumno,50,186,50,https://historico.conaliteg.gob.mx/c/H2019P6DMA/050.jpg,0,source_jpeg,served_image,200,image/jpeg,89497,57352d974b3906184e762f0bdd9a5163bea728bbef101d824d1ef3da7243dc30,1,
LTMD_U1_W2_MATH_ASSET_AUDIT_0.1,H2019P6DMA,U1-H2019P6DMA,2019,6,Desafíos matemáticos. Libro para el alumno,51,186,51,https://historico.conaliteg.gob.mx/c/H2019P6DMA/051.jpg,0,source_jpeg,served_image,200,image/jpeg,89631,449a7c62760772bb4d3bc0d56a8e7ea80a3b530a2d9ae7c5bfb296b8781ec7f8,1,
LTMD_U1_W2_MATH_ASSET_AUDIT_0.1,H2019P6DMA,U1-H2019P6DMA,2019,6,Desafíos matemáticos. Libro para el alumno,52,186,52,https://historico.conaliteg.gob.mx/c/H2019P6DMA/052.jpg,0,source_jpeg,served_image,200,image/jpeg,71682,7fcae4f65eb0e6e46d4d00b8a44c3be20db2bfb5d3746e9e9f8da0256bb132e7,1,
LTMD_U1_W2_MATH_ASSET_AUDIT_0.1,H2019P6DMA,U1-H2019P6DMA,2019,6,Desafíos matemáticos. Libro para el alumno,53,186,53,https://historico.conaliteg.gob.mx/c/H2019P6DMA/053.jpg,0,source_jpeg,served_image,200,image/jpeg,83191,bdc49d309ce5629a0b2c1849ff824d2f3a9fb864d7ebc571656dfd4dfd981537,1,
LTMD_U1_W2_MATH_ASSET_AUDIT_0.1,H2019P6DMA,U1-H2019P6DMA,2019,6,Desafíos matemáticos. Libro para el alumno,54,186,54,https://historico.conaliteg.gob.mx/c/H2019P6DMA/054.jpg,0,source_jpeg,served_image,200,image/jpeg,83693,5795aa9c07fa372149339a645a0a4f79ec213e75d8cc9b3d9115f720bcd18c63,1,
LTMD_U1_W2_MATH_ASSET_AUDIT_0.1,H2019P6DMA,U1-H2019P6DMA,2019,6,Desafíos matemáticos. Libro para el alumno,55,186,55,https://historico.conaliteg.gob.mx/c/H2019P6DMA/055.jpg,0,source_jpeg,served_image,200,image/jpeg,65857,8d9471285379360a41263f2e85cdd7149b8f70af7a250dcb19e189041968464b,1,
LTMD_U1_W2_MATH_ASSET_AUDIT_0.1,H2019P6DMA,U1-H2019P6DMA,2019,6,Desafíos matemáticos. Libro para el alumno,56,186,56,https://historico.conaliteg.gob.mx/c/H2019P6DMA/056.jpg,0,source_jpeg,served_image,200,image/jpeg,65404,0affbb45f3095d50f29aabbcee4f43b2b243b2996838cb4a53c55398038ba251,1,
LTMD_U1_W2_MATH_ASSET_AUDIT_0.1,H2019P6DMA,U1-H2019P6DMA,2019,6,Desafíos matemáticos. Libro para el alumno,57,186,57,https://historico.conaliteg.gob.mx/c/H2019P6DMA/057.jpg,0,source_jpeg,served_image,200,image/jpeg,83840,49aad50cc2e76b41cad1ef7bb917c73d8d239d8ab04d03d1000135dfd0490a57,1,
LTMD_U1_W2_MATH_ASSET_AUDIT_0.1,H2019P6DMA,U1-H2019P6DMA,2019,6,Desafíos matemáticos. Libro para el alumno,58,186,58,https://historico.conaliteg.gob.mx/c/H2019P6DMA/058.jpg,0,source_jpeg,served_image,200,image/jpeg,64798,dc6d2502d442ad60cd683fcafc7b4dc6147bbf810918e4bb8cdcf85106b0ae8b,1,
LTMD_U1_W2_MATH_ASSET_AUDIT_0.1,H2019P6DMA,U1-H2019P6DMA,2019,6,Desafíos matemáticos. Libro para el alumno,59,186,59,https://historico.conaliteg.gob.mx/c/H2019P6DMA/059.jpg,0,source_jpeg,served_image,200,image/jpeg,70344,de1495a78053503525ae1065fd82ea3223f9aedede98337ec9006705d5a6d75b,1,
LTMD_U1_W2_MATH_ASSET_AUDIT_0.1,H2019P6DMA,U1-H2019P6DMA,2019,6,Desafíos matemáticos. Libro para el alumno,60,186,60,https://historico.conaliteg.gob.mx/c/H2019P6DMA/060.jpg,0,source_jpeg,served_image,200,image/jpeg,84880,e5ad79c380fa907bc4a8df017fc3e11f6bdaa72f89b2d1a39fef3f0e96f5ecb7,1,
LTMD_U1_W2_MATH_ASSET_AUDIT_0.1,H2019P6DMA,U1-H2019P6DMA,2019,6,Desafíos matemáticos. Libro para el alumno,61,186,61,https://historico.conaliteg.gob.mx/c/H2019P6DMA/061.jpg,0,source_jpeg,served_image,200,image/jpeg,100452,e778d7cef6d2192210ad075083786b33b1fba8a1717def1eef0eacfe2699e2be,1,
LTMD_U1_W2_MATH_ASSET_AUDIT_0.1,H2019P6DMA,U1-H2019P6DMA,2019,6,Desafíos matemáticos. Libro para el alumno,62,186,62,https://historico.conaliteg.gob.mx/c/H2019P6DMA/062.jpg,0,source_jpeg,served_image,200,image/jpeg,103871,8fb451ec5844d7e68ea6acf16aeef79aee98b2b2949aca239efc6760f2ef4d3c,1,
LTMD_U1_W2_MATH_ASSET_AUDIT_0.1,H2019P6DMA,U1-H2019P6DMA,2019,6,Desafíos matemáticos. Libro para el alumno,63,186,63,https://historico.conaliteg.gob.mx/c/H2019P6DMA/063.jpg,0,source_jpeg,served_image,200,image/jpeg,103572,b980d3f100b2c0755068ab18bf5c00da53147ecdb239fdf44093c314cd676d21,1,
LTMD_U1_W2_MATH_ASSET_AUDIT_0.1,H2019P6DMA,U1-H2019P6DMA,2019,6,Desafíos matemáticos. Libro para el alumno,64,186,64,https://historico.conaliteg.gob.mx/c/H2019P6DMA/064.jpg,0,source_jpeg,served_image,200,image/jpeg,75312,f12bd390aba9c904e0573861d46c3ab14923bc4f96155273c2500c98a102d465,1,
LTMD_U1_W2_MATH_ASSET_AUDIT_0.1,H2019P6DMA,U1-H2019P6DMA,2019,6,Desafíos matemáticos. Libro para el alumno,65,186,65,https://historico.conaliteg.gob.mx/c/H2019P6DMA/065.jpg,0,source_jpeg,served_image,200,image/jpeg,114323,2bdbf8b4b35ad5b75379b50f9d09c104763af778a4b0e319e1476cdeb6da0842,1,
LTMD_U1_W2_MATH_ASSET_AUDIT_0.1,H2019P6DMA,U1-H2019P6DMA,2019,6,Desafíos matemáticos. Libro para el alumno,66,186,66,https://historico.conaliteg.gob.mx/c/H2019P6DMA/066.jpg,0,source_jpeg,served_image,200,image/jpeg,78377,65e99158a91ed841baab1e4cdfa03a07049b0466f7412cb21edfb2e47b78ada6,1,
LTMD_U1_W2_MATH_ASSET_AUDIT_0.1,H2019P6DMA,U1-H2019P6DMA,2019,6,Desafíos matemáticos. Libro para el alumno,67,186,67,https://historico.conaliteg.gob.mx/c/H2019P6DMA/067.jpg,0,source_jpeg,served_image,200,image/jpeg,85160,26c731b3bd7b623bac44963b76b1483e4aba7da2ada1516cd5ed3f0898ba98c7,1,
LTMD_U1_W2_MATH_ASSET_AUDIT_0.1,H2019P6DMA,U1-H2019P6DMA,2019,6,Desafíos matemáticos. Libro para el alumno,68,186,68,https://historico.conaliteg.gob.mx/c/H2019P6DMA/068.jpg,0,source_jpeg,served_image,200,image/jpeg,106263,a3a388a8b80a73ceef707f06158001b64c7bc46ecdb85bd4fa01625758ef0c01,1,
LTMD_U1_W2_MATH_ASSET_AUDIT_0.1,H2019P6DMA,U1-H2019P6DMA,2019,6,Desafíos matemáticos. Libro para el alumno,69,186,69,https://historico.conaliteg.gob.mx/c/H2019P6DMA/069.jpg,0,source_jpeg,served_image,200,image/jpeg,95608,05de4c0f67c0017ae5ca81505e46e2f07789017f083f5574b66c37c10e4714d0,1,
LTMD_U1_W2_MATH_ASSET_AUDIT_0.1,H2019P6DMA,U1-H2019P6DMA,2019,6,Desafíos matemáticos. Libro para el alumno,70,186,70,https://historico.conaliteg.gob.mx/c/H2019P6DMA/070.jpg,0,source_jpeg,served_image,200,image/jpeg,88365,85f3dc900c25398b85e786c0b94172dfc9b561c26eeef0a2dc09a0756085bdcf,1,
LTMD_U1_W2_MATH_ASSET_AUDIT_0.1,H2019P6DMA,U1-H2019P6DMA,2019,6,Desafíos matemáticos. Libro para el alumno,71,186,71,https://historico.conaliteg.gob.mx/c/H2019P6DMA/071.jpg,0,source_jpeg,served_image,200,image/jpeg,115177,8fff06ea19361fc83aae72d1d169bb4ad7f5a31f4165da55df672303ee68c282,1,
LTMD_U1_W2_MATH_ASSET_AUDIT_0.1,H2019P6DMA,U1-H2019P6DMA,2019,6,Desafíos matemáticos. Libro para el alumno,72,186,72,https://historico.conaliteg.gob.mx/c/H2019P6DMA/072.jpg,0,source_jpeg,served_image,200,image/jpeg,112850,4a67850a4e30222d53ea60690db549c8c8a055b5f4c8345aa3ec805c207b2bba,1,
LTMD_U1_W2_MATH_ASSET_AUDIT_0.1,H2019P6DMA,U1-H2019P6DMA,2019,6,Desafíos matemáticos. Libro para el alumno,73,186,73,https://historico.conaliteg.gob.mx/c/H2019P6DMA/073.jpg,0,source_jpeg,served_image,200,image/jpeg,82579,a59fc954e0e82d466bfe82409a863c4832b66daaabb163de735655884375e048,1,
LTMD_U1_W2_MATH_ASSET_AUDIT_0.1,H2019P6DMA,U1-H2019P6DMA,2019,6,Desafíos matemáticos. Libro para el alumno,74,186,74,https://historico.conaliteg.gob.mx/c/H2019P6DMA/074.jpg,0,source_jpeg,served_image,200,image/jpeg,78435,b2031f10a9ac1c5c51901cacc9a1607c1f35be18c449711f8214a6e64dcc7f2c,1,
LTMD_U1_W2_MATH_ASSET_AUDIT_0.1,H2019P6DMA,U1-H2019P6DMA,2019,6,Desafíos matemáticos. Libro para el alumno,75,186,75,https://historico.conaliteg.gob.mx/c/H2019P6DMA/075.jpg,0,source_jpeg,served_image,200,image/jpeg,75551,c53fd2fcf794c3bfba3780596bb215c09798095d18292b73ea8d959cc2806bbe,1,
LTMD_U1_W2_MATH_ASSET_AUDIT_0.1,H2019P6DMA,U1-H2019P6DMA,2019,6,Desafíos matemáticos. Libro para el alumno,76,186,76,https://historico.conaliteg.gob.mx/c/H2019P6DMA/076.jpg,0,source_jpeg,served_image,200,image/jpeg,99568,5ac5629dcd43eb5701a2f7c7c5cd693f41f02b78a36d617b8f401cbe3a795683,1,
LTMD_U1_W2_MATH_ASSET_AUDIT_0.1,H2019P6DMA,U1-H2019P6DMA,2019,6,Desafíos matemáticos. Libro para el alumno,77,186,77,https://historico.conaliteg.gob.mx/c/H2019P6DMA/077.jpg,0,source_jpeg,served_image,200,image/jpeg,75290,4482c3149c406d1c2709832eb31b5506577fcb14126c72f42680fac35352c64c,1,
LTMD_U1_W2_MATH_ASSET_AUDIT_0.1,H2019P6DMA,U1-H2019P6DMA,2019,6,Desafíos matemáticos. Libro para el alumno,78,186,78,https://historico.conaliteg.gob.mx/c/H2019P6DMA/078.jpg,0,source_jpeg,served_image,200,image/jpeg,55274,8dd6cd3e46b923c7d1a8e6fc109ca22a55bafbc7be3a2cc0978795d039976eb5,1,
LTMD_U1_W2_MATH_ASSET_AUDIT_0.1,H2019P6DMA,U1-H2019P6DMA,2019,6,Desafíos matemáticos. Libro para el alumno,79,186,79,https://historico.conaliteg.gob.mx/c/H2019P6DMA/079.jpg,0,source_jpeg,served_image,200,image/jpeg,65800,fe5a92f71bb56500058de7c6dd9c5c508c50fa8ffd8a27cf9c851e311f5eb276,1,
LTMD_U1_W2_MATH_ASSET_AUDIT_0.1,H2019P6DMA,U1-H2019P6DMA,2019,6,Desafíos matemáticos. Libro para el alumno,80,186,80,https://historico.conaliteg.gob.mx/c/H2019P6DMA/080.jpg,0,source_jpeg,served_image,200,image/jpeg,65195,f9d5d2c190b1bd323ca7627d6a85b78110f0d92a4bcfc681a18a4e8fa7a9445d,1,
LTMD_U1_W2_MATH_ASSET_AUDIT_0.1,H2019P6DMA,U1-H2019P6DMA,2019,6,Desafíos matemáticos. Libro para el alumno,81,186,81,https://historico.conaliteg.gob.mx/c/H2019P6DMA/081.jpg,0,source_jpeg,served_image,200,image/jpeg,107085,293b92ac2e965a9b3b2041c0deb6319ac807f18aafa9e088e20023eee2588d31,1,
LTMD_U1_W2_MATH_ASSET_AUDIT_0.1,H2019P6DMA,U1-H2019P6DMA,2019,6,Desafíos matemáticos. Libro para el alumno,82,186,82,https://historico.conaliteg.gob.mx/c/H2019P6DMA/082.jpg,0,source_jpeg,served_image,200,image/jpeg,73825,d55d29150c1ef87024d11de9e0507d7729bdd7a7400ee328f7a005fa2cf2d719,1,
LTMD_U1_W2_MATH_ASSET_AUDIT_0.1,H2019P6DMA,U1-H2019P6DMA,2019,6,Desafíos matemáticos. Libro para el alumno,83,186,83,https://historico.conaliteg.gob.mx/c/H2019P6DMA/083.jpg,0,source_jpeg,served_image,200,image/jpeg,105743,f2b44ccfaa2f9213dade15049e134614058ee65bbe9a2d8367fb0aa6c7816276,1,
LTMD_U1_W2_MATH_ASSET_AUDIT_0.1,H2019P6DMA,U1-H2019P6DMA,2019,6,Desafíos matemáticos. Libro para el alumno,84,186,84,https://historico.conaliteg.gob.mx/c/H2019P6DMA/084.jpg,0,source_jpeg,served_image,200,image/jpeg,123026,9747e5dcdef7860a10ca1749e111d4f9afa27c82739cff4f47cf48c360599394,1,
LTMD_U1_W2_MATH_ASSET_AUDIT_0.1,H2019P6DMA,U1-H2019P6DMA,2019,6,Desafíos matemáticos. Libro para el alumno,85,186,85,https://historico.conaliteg.gob.mx/c/H2019P6DMA/085.jpg,0,source_jpeg,served_image,200,image/jpeg,72515,801835977b6c07a4de3fb8fdba1fb6fd76878f6442e43bd0ef1f11bfca80851b,1,
LTMD_U1_W2_MATH_ASSET_AUDIT_0.1,H2019P6DMA,U1-H2019P6DMA,2019,6,Desafíos matemáticos. Libro para el alumno,86,186,86,https://historico.conaliteg.gob.mx/c/H2019P6DMA/086.jpg,0,source_jpeg,served_image,200,image/jpeg,94043,03c12793a28ca825dcd723558100c288623902a5a462233fd82f3744a113b16f,1,
LTMD_U1_W2_MATH_ASSET_AUDIT_0.1,H2019P6DMA,U1-H2019P6DMA,2019,6,Desafíos matemáticos. Libro para el alumno,87,186,87,https://historico.conaliteg.gob.mx/c/H2019P6DMA/087.jpg,0,source_jpeg,served_image,200,image/jpeg,64455,53f7528a1744dc5aba1083be63a2755106442fb4882c578f7398a27282054368,1,
LTMD_U1_W2_MATH_ASSET_AUDIT_0.1,H2019P6DMA,U1-H2019P6DMA,2019,6,Desafíos matemáticos. Libro para el alumno,88,186,88,https://historico.conaliteg.gob.mx/c/H2019P6DMA/088.jpg,0,source_jpeg,served_image,200,image/jpeg,83812,9b3b7f5e2c2c419a62955d46fb5145f5d0b2c05c055974ce624dbfa80754a243,1,
LTMD_U1_W2_MATH_ASSET_AUDIT_0.1,H2019P6DMA,U1-H2019P6DMA,2019,6,Desafíos matemáticos. Libro para el alumno,89,186,89,https://historico.conaliteg.gob.mx/c/H2019P6DMA/089.jpg,0,source_jpeg,served_image,200,image/jpeg,75091,5027f7cfd2abca7e8761d865d17937334f7d86088af8de9dd41b4cc732a0e720,1,
LTMD_U1_W2_MATH_ASSET_AUDIT_0.1,H2019P6DMA,U1-H2019P6DMA,2019,6,Desafíos matemáticos. Libro para el alumno,90,186,90,https://historico.conaliteg.gob.mx/c/H2019P6DMA/090.jpg,0,source_jpeg,served_image,200,image/jpeg,85769,71a9e5cd483472d64c32619bf9c5c287daa620273d18acef579dfc97e534c36e,1,
LTMD_U1_W2_MATH_ASSET_AUDIT_0.1,H2019P6DMA,U1-H2019P6DMA,2019,6,Desafíos matemáticos. Libro para el alumno,91,186,91,https://historico.conaliteg.gob.mx/c/H2019P6DMA/091.jpg,0,source_jpeg,served_image,200,image/jpeg,107160,bb5fce3b47a58d174e700db7015248c0015ec7e1fee946cfe644710192be2781,1,
LTMD_U1_W2_MATH_ASSET_AUDIT_0.1,H2019P6DMA,U1-H2019P6DMA,2019,6,Desafíos matemáticos. Libro para el alumno,92,186,92,https://historico.conaliteg.gob.mx/c/H2019P6DMA/092.jpg,0,source_jpeg,served_image,200,image/jpeg,115756,9ee3dcd95dacc4eea5aa824e196341ac7c35f51757b9db559cb7a29bc184785b,1,
LTMD_U1_W2_MATH_ASSET_AUDIT_0.1,H2019P6DMA,U1-H2019P6DMA,2019,6,Desafíos matemáticos. Libro para el alumno,93,186,93,https://historico.conaliteg.gob.mx/c/H2019P6DMA/093.jpg,0,source_jpeg,served_image,200,image/jpeg,104578,51449c478c34879e93b279036c6d89521f3a2ad35d0fe391a6582a701a458f63,1,
LTMD_U1_W2_MATH_ASSET_AUDIT_0.1,H2019P6DMA,U1-H2019P6DMA,2019,6,Desafíos matemáticos. Libro para el alumno,94,186,94,https://historico.conaliteg.gob.mx/c/H2019P6DMA/094.jpg,0,source_jpeg,served_image,200,image/jpeg,111268,e41d3df5f33876b1e33f67de8f100e09e8f0bb7f6891a4d6f7241ee609ad3d1d,1,
LTMD_U1_W2_MATH_ASSET_AUDIT_0.1,H2019P6DMA,U1-H2019P6DMA,2019,6,Desafíos matemáticos. Libro para el alumno,95,186,95,https://historico.conaliteg.gob.mx/c/H2019P6DMA/095.jpg,0,source_jpeg,served_image,200,image/jpeg,108799,dca738d8bc82bb932dc3673402c447c2c5ded951f4c2470c707620730b0ef30a,1,
LTMD_U1_W2_MATH_ASSET_AUDIT_0.1,H2019P6DMA,U1-H2019P6DMA,2019,6,Desafíos matemáticos. Libro para el alumno,96,186,96,https://historico.conaliteg.gob.mx/c/H2019P6DMA/096.jpg,0,source_jpeg,served_image,200,image/jpeg,112993,343b3f19877612cc6318962c245e3b6338b2986d7648e887fe80d2364b7197c6,1,
LTMD_U1_W2_MATH_ASSET_AUDIT_0.1,H2019P6DMA,U1-H2019P6DMA,2019,6,Desafíos matemáticos. Libro para el alumno,97,186,97,https://historico.conaliteg.gob.mx/c/H2019P6DMA/097.jpg,0,source_jpeg,served_image,200,image/jpeg,103868,ec14db015495bd38d9b71232fbcc0b2eb36aef68efa8d3d5bca130c7cc29ccde,1,
LTMD_U1_W2_MATH_ASSET_AUDIT_0.1,H2019P6DMA,U1-H2019P6DMA,2019,6,Desafíos matemáticos. Libro para el alumno,98,186,98,https://historico.conaliteg.gob.mx/c/H2019P6DMA/098.jpg,0,source_jpeg,served_image,200,image/jpeg,95024,372e1694bc96a9b28108e0a2ad6770335889a66e978e6f4ccb5763b89d06a6a8,1,
LTMD_U1_W2_MATH_ASSET_AUDIT_0.1,H2019P6DMA,U1-H2019P6DMA,2019,6,Desafíos matemáticos. Libro para el alumno,99,186,99,https://historico.conaliteg.gob.mx/c/H2019P6DMA/099.jpg,0,source_jpeg,served_image,200,image/jpeg,85410,b5cc65d9780a6868ff7ba33e11c9ad399e2acfd3be13b43820fdc24cd60a6610,1,
LTMD_U1_W2_MATH_ASSET_AUDIT_0.1,H2019P6DMA,U1-H2019P6DMA,2019,6,Desafíos matemáticos. Libro para el alumno,100,186,100,https://historico.conaliteg.gob.mx/c/H2019P6DMA/100.jpg,0,source_jpeg,served_image,200,image/jpeg,84374,80009f63024b5c33d29df4d611821c092f7f18665b83c11e473212fcfe105e62,1,
LTMD_U1_W2_MATH_ASSET_AUDIT_0.1,H2019P6DMA,U1-H2019P6DMA,2019,6,Desafíos matemáticos. Libro para el alumno,101,186,101,https://historico.conaliteg.gob.mx/c/H2019P6DMA/101.jpg,0,source_jpeg,served_image,200,image/jpeg,121916,179f1c10925beb67fe3045cb262389cfaad03bc28c9d86b087a181e3eb4e057b,1,
LTMD_U1_W2_MATH_ASSET_AUDIT_0.1,H2019P6DMA,U1-H2019P6DMA,2019,6,Desafíos matemáticos. Libro para el alumno,102,186,102,https://historico.conaliteg.gob.mx/c/H2019P6DMA/102.jpg,0,source_jpeg,served_image,200,image/jpeg,103990,ca4bbe7fb1db217f1f3bc4bcfcc0e15ba5cf34a56d9b213c564a539d753a2cbb,1,
LTMD_U1_W2_MATH_ASSET_AUDIT_0.1,H2019P6DMA,U1-H2019P6DMA,2019,6,Desafíos matemáticos. Libro para el alumno,103,186,103,https://historico.conaliteg.gob.mx/c/H2019P6DMA/103.jpg,0,source_jpeg,served_image,200,image/jpeg,110715,0240ec42fa434454a34bf5e3570be3215543869bcefe965915016a60dd4882d0,1,
LTMD_U1_W2_MATH_ASSET_AUDIT_0.1,H2019P6DMA,U1-H2019P6DMA,2019,6,Desafíos matemáticos. Libro para el alumno,104,186,104,https://historico.conaliteg.gob.mx/c/H2019P6DMA/104.jpg,0,source_jpeg,served_image,200,image/jpeg,100643,1d6331a51d40cee40af405809a0ad672628c03dde875dc3574f228c4bd764a47,1,
LTMD_U1_W2_MATH_ASSET_AUDIT_0.1,H2019P6DMA,U1-H2019P6DMA,2019,6,Desafíos matemáticos. Libro para el alumno,105,186,105,https://historico.conaliteg.gob.mx/c/H2019P6DMA/105.jpg,0,source_jpeg,served_image,200,image/jpeg,72446,600e2fd5fbb578fdd5b54dabb7d817908296e77e02368437754e97385d6c4929,1,
LTMD_U1_W2_MATH_ASSET_AUDIT_0.1,H2019P6DMA,U1-H2019P6DMA,2019,6,Desafíos matemáticos. Libro para el alumno,106,186,106,https://historico.conaliteg.gob.mx/c/H2019P6DMA/106.jpg,0,source_jpeg,served_image,200,image/jpeg,88320,d4fccc07ce3f59c81c76925645dde93a9e93c4a08b1fcf92f699691ed61cd7a3,1,
LTMD_U1_W2_MATH_ASSET_AUDIT_0.1,H2019P6DMA,U1-H2019P6DMA,2019,6,Desafíos matemáticos. Libro para el alumno,107,186,107,https://historico.conaliteg.gob.mx/c/H2019P6DMA/107.jpg,0,source_jpeg,served_image,200,image/jpeg,103824,7f942a80fbf5a81f5b4a93c7794630db3409cc13e1cce670f9fe6b3f341d6b51,1,
LTMD_U1_W2_MATH_ASSET_AUDIT_0.1,H2019P6DMA,U1-H2019P6DMA,2019,6,Desafíos matemáticos. Libro para el alumno,108,186,108,https://historico.conaliteg.gob.mx/c/H2019P6DMA/108.jpg,0,source_jpeg,served_image,200,image/jpeg,71746,1f7a5f00ad6b217a34c9961f4c48bf6fd3d2d9a0fdc7a2ac8a21d69ef8f231e4,1,
LTMD_U1_W2_MATH_ASSET_AUDIT_0.1,H2019P6DMA,U1-H2019P6DMA,2019,6,Desafíos matemáticos. Libro para el alumno,109,186,109,https://historico.conaliteg.gob.mx/c/H2019P6DMA/109.jpg,0,source_jpeg,served_image,200,image/jpeg,69516,eb7929b5dd6937c3b9fde62203087c6a03e7f3d6a6987f3c15ab31775b14e1dc,1,
LTMD_U1_W2_MATH_ASSET_AUDIT_0.1,H2019P6DMA,U1-H2019P6DMA,2019,6,Desafíos matemáticos. Libro para el alumno,110,186,110,https://historico.conaliteg.gob.mx/c/H2019P6DMA/110.jpg,0,source_jpeg,served_image,200,image/jpeg,84342,b54bbb66aa4f65f709e1687a5e6b88c695eab8677ecd0674f92cdc30e1cfe3e4,1,
LTMD_U1_W2_MATH_ASSET_AUDIT_0.1,H2019P6DMA,U1-H2019P6DMA,2019,6,Desafíos matemáticos. Libro para el alumno,111,186,111,https://historico.conaliteg.gob.mx/c/H2019P6DMA/111.jpg,0,source_jpeg,served_image,200,image/jpeg,93093,aac15fe9c7327a3714efb27bf7dcec00a48d3b18428328c3d39a6a6a4e437b46,1,
LTMD_U1_W2_MATH_ASSET_AUDIT_0.1,H2019P6DMA,U1-H2019P6DMA,2019,6,Desafíos matemáticos. Libro para el alumno,112,186,112,https://historico.conaliteg.gob.mx/c/H2019P6DMA/112.jpg,0,source_jpeg,served_image,200,image/jpeg,105951,ef5e1fabb5a09dd239ba082e36cd16043f4f893603b2326da523ca573d1bbcf8,1,
LTMD_U1_W2_MATH_ASSET_AUDIT_0.1,H2019P6DMA,U1-H2019P6DMA,2019,6,Desafíos matemáticos. Libro para el alumno,113,186,113,https://historico.conaliteg.gob.mx/c/H2019P6DMA/113.jpg,0,source_jpeg,served_image,200,image/jpeg,67886,4fda22e0d00ac59a874e6ef3e449d89dce73622279a6b32d53c3f8eca3eb6a3d,1,
LTMD_U1_W2_MATH_ASSET_AUDIT_0.1,H2019P6DMA,U1-H2019P6DMA,2019,6,Desafíos matemáticos. Libro para el alumno,114,186,114,https://historico.conaliteg.gob.mx/c/H2019P6DMA/114.jpg,0,source_jpeg,served_image,200,image/jpeg,77251,3acab5fe2b4204496a027b01086e388326e4c482632f11975446e547aac004d4,1,
LTMD_U1_W2_MATH_ASSET_AUDIT_0.1,H2019P6DMA,U1-H2019P6DMA,2019,6,Desafíos matemáticos. Libro para el alumno,115,186,115,https://historico.conaliteg.gob.mx/c/H2019P6DMA/115.jpg,0,source_jpeg,served_image,200,image/jpeg,110028,eed4f843b55c65ea0af8b893f4b8cf76b483c61b0fc2f8473d553f4ada175eea,1,
LTMD_U1_W2_MATH_ASSET_AUDIT_0.1,H2019P6DMA,U1-H2019P6DMA,2019,6,Desafíos matemáticos. Libro para el alumno,116,186,116,https://historico.conaliteg.gob.mx/c/H2019P6DMA/116.jpg,0,source_jpeg,served_image,200,image/jpeg,64459,8f391d2e386ca61add32f0e66067f8ecc2ee06afebe9356fa749b9c7fea3c6ea,1,
LTMD_U1_W2_MATH_ASSET_AUDIT_0.1,H2019P6DMA,U1-H2019P6DMA,2019,6,Desafíos matemáticos. Libro para el alumno,117,186,117,https://historico.conaliteg.gob.mx/c/H2019P6DMA/117.jpg,0,source_jpeg,served_image,200,image/jpeg,94756,ef3382df932da24f6f7e793f3d96681d438ac14842f073c695304187e411d8a6,1,
LTMD_U1_W2_MATH_ASSET_AUDIT_0.1,H2019P6DMA,U1-H2019P6DMA,2019,6,Desafíos matemáticos. Libro para el alumno,118,186,118,https://historico.conaliteg.gob.mx/c/H2019P6DMA/118.jpg,0,source_jpeg,served_image,200,image/jpeg,77846,7327a9cff6f73f2a217bdfb391bc76ab1fbb4cd4a1efd4d338dd05d8dfafc422,1,
LTMD_U1_W2_MATH_ASSET_AUDIT_0.1,H2019P6DMA,U1-H2019P6DMA,2019,6,Desafíos matemáticos. Libro para el alumno,119,186,119,https://historico.conaliteg.gob.mx/c/H2019P6DMA/119.jpg,0,source_jpeg,served_image,200,image/jpeg,86033,81316d2d522f9600020db69d9a18c17f1c54b6b0354ad7479de657f74af1444d,1,
LTMD_U1_W2_MATH_ASSET_AUDIT_0.1,H2019P6DMA,U1-H2019P6DMA,2019,6,Desafíos matemáticos. Libro para el alumno,120,186,120,https://historico.conaliteg.gob.mx/c/H2019P6DMA/120.jpg,0,source_jpeg,served_image,200,image/jpeg,79974,0a25a9564dcac10b73bf06cc7e0509c20feacd9bb8a86674c3377ccc57102e9d,1,
LTMD_U1_W2_MATH_ASSET_AUDIT_0.1,H2019P6DMA,U1-H2019P6DMA,2019,6,Desafíos matemáticos. Libro para el alumno,121,186,121,https://historico.conaliteg.gob.mx/c/H2019P6DMA/121.jpg,0,source_jpeg,served_image,200,image/jpeg,86641,987c1dd337580e427d574d09b782df46962f91e0df99f9fd28869ae15bff9737,1,
LTMD_U1_W2_MATH_ASSET_AUDIT_0.1,H2019P6DMA,U1-H2019P6DMA,2019,6,Desafíos matemáticos. Libro para el alumno,122,186,122,https://historico.conaliteg.gob.mx/c/H2019P6DMA/122.jpg,0,source_jpeg,served_image,200,image/jpeg,99575,cc092b1d62e96f4512ab89085ff408d1246e48c8ba5e253076d1b4e399eba39a,1,
LTMD_U1_W2_MATH_ASSET_AUDIT_0.1,H2019P6DMA,U1-H2019P6DMA,2019,6,Desafíos matemáticos. Libro para el alumno,123,186,123,https://historico.conaliteg.gob.mx/c/H2019P6DMA/123.jpg,0,source_jpeg,served_image,200,image/jpeg,63157,8113b4c19ad5eefa6fa4cfbf7878bf02749c44cb7f302906bcc639746b0b8302,1,
LTMD_U1_W2_MATH_ASSET_AUDIT_0.1,H2019P6DMA,U1-H2019P6DMA,2019,6,Desafíos matemáticos. Libro para el alumno,124,186,124,https://historico.conaliteg.gob.mx/c/H2019P6DMA/124.jpg,0,source_jpeg,served_image,200,image/jpeg,65249,0a4f6983b2c21f0ae86a1ca733381edb3fc6ef41cb6641650852800abde8eb25,1,
LTMD_U1_W2_MATH_ASSET_AUDIT_0.1,H2019P6DMA,U1-H2019P6DMA,2019,6,Desafíos matemáticos. Libro para el alumno,125,186,125,https://historico.conaliteg.gob.mx/c/H2019P6DMA/125.jpg,0,source_jpeg,served_image,200,image/jpeg,74896,5e35edc27fc77af9dde36b12a3a48306e007fb91f473a2b39165cb17c8e240f5,1,
LTMD_U1_W2_MATH_ASSET_AUDIT_0.1,H2019P6DMA,U1-H2019P6DMA,2019,6,Desafíos matemáticos. Libro para el alumno,126,186,126,https://historico.conaliteg.gob.mx/c/H2019P6DMA/126.jpg,0,source_jpeg,served_image,200,image/jpeg,80589,9b283ffadc0a7768a8400189b73fd77f5320fedcd6061e2d6006bb5a15723aaf,1,
LTMD_U1_W2_MATH_ASSET_AUDIT_0.1,H2019P6DMA,U1-H2019P6DMA,2019,6,Desafíos matemáticos. Libro para el alumno,127,186,127,https://historico.conaliteg.gob.mx/c/H2019P6DMA/127.jpg,0,source_jpeg,served_image,200,image/jpeg,72566,8a7923bca84140a76f0c0dcbbc419cc1c5eaf4e5ab142caf25ccafdbcd96fc85,1,
LTMD_U1_W2_MATH_ASSET_AUDIT_0.1,H2019P6DMA,U1-H2019P6DMA,2019,6,Desafíos matemáticos. Libro para el alumno,128,186,128,https://historico.conaliteg.gob.mx/c/H2019P6DMA/128.jpg,0,source_jpeg,served_image,200,image/jpeg,82468,36d4415eccaf2df3f2093f24eb6ea0b3123b9b5de82516a2b2373cf437b38cc2,1,
LTMD_U1_W2_MATH_ASSET_AUDIT_0.1,H2019P6DMA,U1-H2019P6DMA,2019,6,Desafíos matemáticos. Libro para el alumno,129,186,129,https://historico.conaliteg.gob.mx/c/H2019P6DMA/129.jpg,0,source_jpeg,served_image,200,image/jpeg,97207,478556b366c595ea6cf1d7af9b3f2e4155030428eed9e28f5287794912731e1d,1,
LTMD_U1_W2_MATH_ASSET_AUDIT_0.1,H2019P6DMA,U1-H2019P6DMA,2019,6,Desafíos matemáticos. Libro para el alumno,130,186,130,https://historico.conaliteg.gob.mx/c/H2019P6DMA/130.jpg,0,source_jpeg,served_image,200,image/jpeg,111922,4dbcd16f293325facb9f32a846bb0b5b97b5b8c4f5fa1c514fdc47a2a2ed928b,1,
LTMD_U1_W2_MATH_ASSET_AUDIT_0.1,H2019P6DMA,U1-H2019P6DMA,2019,6,Desafíos matemáticos. Libro para el alumno,131,186,131,https://historico.conaliteg.gob.mx/c/H2019P6DMA/131.jpg,0,source_jpeg,served_image,200,image/jpeg,92170,1bd61a93635744ef46e47e594c68dfde5c2eaa64e0c6323e66769208069be246,1,
LTMD_U1_W2_MATH_ASSET_AUDIT_0.1,H2019P6DMA,U1-H2019P6DMA,2019,6,Desafíos matemáticos. Libro para el alumno,132,186,132,https://historico.conaliteg.gob.mx/c/H2019P6DMA/132.jpg,0,source_jpeg,served_image,200,image/jpeg,49191,dbe22f91a4d0db1976beff491c9d37d73f866b53d1126d4a7ad502a5501bf5d9,1,
LTMD_U1_W2_MATH_ASSET_AUDIT_0.1,H2019P6DMA,U1-H2019P6DMA,2019,6,Desafíos matemáticos. Libro para el alumno,133,186,133,https://historico.conaliteg.gob.mx/c/H2019P6DMA/133.jpg,0,source_jpeg,served_image,200,image/jpeg,97088,46fad263415a89cdb2ae1392fc42fe8b8ad54a995565e7d72e4973f97e892413,1,
LTMD_U1_W2_MATH_ASSET_AUDIT_0.1,H2019P6DMA,U1-H2019P6DMA,2019,6,Desafíos matemáticos. Libro para el alumno,134,186,134,https://historico.conaliteg.gob.mx/c/H2019P6DMA/134.jpg,0,source_jpeg,served_image,200,image/jpeg,88994,a509f36b88ff0b89833f74ed3bc42c24908096d57c5892ef6fa8d2db7de3f0f3,1,
LTMD_U1_W2_MATH_ASSET_AUDIT_0.1,H2019P6DMA,U1-H2019P6DMA,2019,6,Desafíos matemáticos. Libro para el alumno,135,186,135,https://historico.conaliteg.gob.mx/c/H2019P6DMA/135.jpg,0,source_jpeg,served_image,200,image/jpeg,86686,e9e6f83598281ec0b5d016cbaf21b8ad17ae3688082ad7790f413bf079d66bff,1,
LTMD_U1_W2_MATH_ASSET_AUDIT_0.1,H2019P6DMA,U1-H2019P6DMA,2019,6,Desafíos matemáticos. Libro para el alumno,136,186,136,https://historico.conaliteg.gob.mx/c/H2019P6DMA/136.jpg,0,source_jpeg,served_image,200,image/jpeg,73420,b5806d855cf69ded0d0bef21d2d4826584a7eb8de01722112a9aece30e4d82dd,1,
LTMD_U1_W2_MATH_ASSET_AUDIT_0.1,H2019P6DMA,U1-H2019P6DMA,2019,6,Desafíos matemáticos. Libro para el alumno,137,186,137,https://historico.conaliteg.gob.mx/c/H2019P6DMA/137.jpg,0,source_jpeg,served_image,200,image/jpeg,82552,cf19811c0b40b8a615ee9a4393fd8d2bd042059cca6499154d37ca70f8271ede,1,
LTMD_U1_W2_MATH_ASSET_AUDIT_0.1,H2019P6DMA,U1-H2019P6DMA,2019,6,Desafíos matemáticos. Libro para el alumno,138,186,138,https://historico.conaliteg.gob.mx/c/H2019P6DMA/138.jpg,0,source_jpeg,served_image,200,image/jpeg,77043,ddbb6196540fb4c95c9aeb03717b7967c11baecd1497f25540535b46d31100f2,1,
LTMD_U1_W2_MATH_ASSET_AUDIT_0.1,H2019P6DMA,U1-H2019P6DMA,2019,6,Desafíos matemáticos. Libro para el alumno,139,186,139,https://historico.conaliteg.gob.mx/c/H2019P6DMA/139.jpg,0,source_jpeg,served_image,200,image/jpeg,104144,669f6352f5340fc15a6d729f1e34ffa3e87f0609b2794fdfbf0797d66be8fbbb,1,
LTMD_U1_W2_MATH_ASSET_AUDIT_0.1,H2019P6DMA,U1-H2019P6DMA,2019,6,Desafíos matemáticos. Libro para el alumno,140,186,140,https://historico.conaliteg.gob.mx/c/H2019P6DMA/140.jpg,0,source_jpeg,served_image,200,image/jpeg,69571,fac1017916a393255bb48e04d4977407df70a1e09e64f69d7869b9a752e095f5,1,
LTMD_U1_W2_MATH_ASSET_AUDIT_0.1,H2019P6DMA,U1-H2019P6DMA,2019,6,Desafíos matemáticos. Libro para el alumno,141,186,141,https://historico.conaliteg.gob.mx/c/H2019P6DMA/141.jpg,0,source_jpeg,served_image,200,image/jpeg,62473,37ccc076fed1f1fdb4c0281a506495c3287049e7ca8fbeac48abcf26875ab8e8,1,
LTMD_U1_W2_MATH_ASSET_AUDIT_0.1,H2019P6DMA,U1-H2019P6DMA,2019,6,Desafíos matemáticos. Libro para el alumno,142,186,142,https://historico.conaliteg.gob.mx/c/H2019P6DMA/142.jpg,0,source_jpeg,served_image,200,image/jpeg,74450,996172ece3a6b3b58a6fe1aea998634cfecfbbcdd7fcef32bbeaec2cd08cb698,1,
LTMD_U1_W2_MATH_ASSET_AUDIT_0.1,H2019P6DMA,U1-H2019P6DMA,2019,6,Desafíos matemáticos. Libro para el alumno,143,186,143,https://historico.conaliteg.gob.mx/c/H2019P6DMA/143.jpg,0,source_jpeg,served_image,200,image/jpeg,77459,69f6a0adc2735016f02e7067f76734ac379a560fc927fabc15eb3ed4ec298c9e,1,
LTMD_U1_W2_MATH_ASSET_AUDIT_0.1,H2019P6DMA,U1-H2019P6DMA,2019,6,Desafíos matemáticos. Libro para el alumno,144,186,144,https://historico.conaliteg.gob.mx/c/H2019P6DMA/144.jpg,0,source_jpeg,served_image,200,image/jpeg,82968,6d7dbc6904b6866a8acb8eb8e03a1fcfac0b5b1a2cc7a62c0a0f8d565ae258fe,1,
LTMD_U1_W2_MATH_ASSET_AUDIT_0.1,H2019P6DMA,U1-H2019P6DMA,2019,6,Desafíos matemáticos. Libro para el alumno,145,186,145,https://historico.conaliteg.gob.mx/c/H2019P6DMA/145.jpg,0,source_jpeg,served_image,200,image/jpeg,102718,bf9885917a5513d05ead2a613f2b4171f6569273553d081ab8bd6dcbf4620249,1,
LTMD_U1_W2_MATH_ASSET_AUDIT_0.1,H2019P6DMA,U1-H2019P6DMA,2019,6,Desafíos matemáticos. Libro para el alumno,146,186,146,https://historico.conaliteg.gob.mx/c/H2019P6DMA/146.jpg,0,source_jpeg,served_image,200,image/jpeg,99031,3999af121ad2371fe0458780a074ee94154099c59bd4b2f3a30cf0b1ea882c62,1,
LTMD_U1_W2_MATH_ASSET_AUDIT_0.1,H2019P6DMA,U1-H2019P6DMA,2019,6,Desafíos matemáticos. Libro para el alumno,147,186,147,https://historico.conaliteg.gob.mx/c/H2019P6DMA/147.jpg,0,source_jpeg,served_image,200,image/jpeg,83674,237db9cf48edbf833bc8217c6c3903ddfe8077b3834b43d7e05481dd2d7cdf35,1,
LTMD_U1_W2_MATH_ASSET_AUDIT_0.1,H2019P6DMA,U1-H2019P6DMA,2019,6,Desafíos matemáticos. Libro para el alumno,148,186,148,https://historico.conaliteg.gob.mx/c/H2019P6DMA/148.jpg,0,source_jpeg,served_image,200,image/jpeg,60451,b23f74bf395c04017a1c7fd381d72b6cff5bdaed218e727676b7bf317942fd3b,1,
LTMD_U1_W2_MATH_ASSET_AUDIT_0.1,H2019P6DMA,U1-H2019P6DMA,2019,6,Desafíos matemáticos. Libro para el alumno,149,186,149,https://historico.conaliteg.gob.mx/c/H2019P6DMA/149.jpg,0,source_jpeg,served_image,200,image/jpeg,92712,c5f8014ef7ef666de4d24634db8c8c8bd6b80ec7c4191f6934a4781ec4a6cd68,1,
LTMD_U1_W2_MATH_ASSET_AUDIT_0.1,H2019P6DMA,U1-H2019P6DMA,2019,6,Desafíos matemáticos. Libro para el alumno,150,186,150,https://historico.conaliteg.gob.mx/c/H2019P6DMA/150.jpg,0,source_jpeg,served_image,200,image/jpeg,89149,7e8e274285fbc8b7d466bf4e3b64e1d9455eaef5acd83db3ed9c3bdd8cbd9de3,1,
LTMD_U1_W2_MATH_ASSET_AUDIT_0.1,H2019P6DMA,U1-H2019P6DMA,2019,6,Desafíos matemáticos. Libro para el alumno,151,186,151,https://historico.conaliteg.gob.mx/c/H2019P6DMA/151.jpg,0,source_jpeg,served_image,200,image/jpeg,95878,fd51eda490c1c70d92cf6b2975f072c138079aaede73bbe3e541ebef56a7d646,1,
LTMD_U1_W2_MATH_ASSET_AUDIT_0.1,H2019P6DMA,U1-H2019P6DMA,2019,6,Desafíos matemáticos. Libro para el alumno,152,186,152,https://historico.conaliteg.gob.mx/c/H2019P6DMA/152.jpg,0,source_jpeg,served_image,200,image/jpeg,78558,4b41d706fac28b0d2db43ee4f0fdc66289e3526af9c83708a98b97d4f93a9dc4,1,
LTMD_U1_W2_MATH_ASSET_AUDIT_0.1,H2019P6DMA,U1-H2019P6DMA,2019,6,Desafíos matemáticos. Libro para el alumno,153,186,153,https://historico.conaliteg.gob.mx/c/H2019P6DMA/153.jpg,0,source_jpeg,served_image,200,image/jpeg,99306,f3615dce5eabbac7115cce1b9806db6f7339637f0e7d81f4e867f2ae399ab1ce,1,
LTMD_U1_W2_MATH_ASSET_AUDIT_0.1,H2019P6DMA,U1-H2019P6DMA,2019,6,Desafíos matemáticos. Libro para el alumno,154,186,154,https://historico.conaliteg.gob.mx/c/H2019P6DMA/154.jpg,0,source_jpeg,served_image,200,image/jpeg,42458,55058c6dc8ebba939295ea8d8ef9d30e4cc7684d839e2ae77153d0b7722c755a,1,
LTMD_U1_W2_MATH_ASSET_AUDIT_0.1,H2019P6DMA,U1-H2019P6DMA,2019,6,Desafíos matemáticos. Libro para el alumno,155,186,155,https://historico.conaliteg.gob.mx/c/H2019P6DMA/155.jpg,0,source_jpeg,served_image,200,image/jpeg,50206,2593cd4ff45e08ea41eaa21e3edd263e9967689d7dcb4d3d77e1e5d5b74d63c8,1,
LTMD_U1_W2_MATH_ASSET_AUDIT_0.1,H2019P6DMA,U1-H2019P6DMA,2019,6,Desafíos matemáticos. Libro para el alumno,156,186,156,https://historico.conaliteg.gob.mx/c/H2019P6DMA/156.jpg,0,source_jpeg,served_image,200,image/jpeg,42458,19579f569ddf12f7ffc4d1de309da2173cfa925c3a4a608885d95ab3d766d9c4,1,
LTMD_U1_W2_MATH_ASSET_AUDIT_0.1,H2019P6DMA,U1-H2019P6DMA,2019,6,Desafíos matemáticos. Libro para el alumno,157,186,157,https://historico.conaliteg.gob.mx/c/H2019P6DMA/157.jpg,0,source_jpeg,served_image,200,image/jpeg,45202,c7ddb2dff1725f2e973598e22d8fdfcceb1b5ba3fb8670f91b0518f90d20df60,1,
LTMD_U1_W2_MATH_ASSET_AUDIT_0.1,H2019P6DMA,U1-H2019P6DMA,2019,6,Desafíos matemáticos. Libro para el alumno,158,186,158,https://historico.conaliteg.gob.mx/c/H2019P6DMA/158.jpg,0,source_jpeg,served_image,200,image/jpeg,42456,53230bf6d5a6cf111e061efd39ab8947b0fe2c879fbb2ec714732eca2c92bc27,1,
LTMD_U1_W2_MATH_ASSET_AUDIT_0.1,H2019P6DMA,U1-H2019P6DMA,2019,6,Desafíos matemáticos. Libro para el alumno,159,186,159,https://historico.conaliteg.gob.mx/c/H2019P6DMA/159.jpg,0,source_jpeg,served_image,200,image/jpeg,81783,85962cc8a98e099633daa8e5714623aedbaea942fc2519e7ec1908a92db26bb3,1,
LTMD_U1_W2_MATH_ASSET_AUDIT_0.1,H2019P6DMA,U1-H2019P6DMA,2019,6,Desafíos matemáticos. Libro para el alumno,160,186,160,https://historico.conaliteg.gob.mx/c/H2019P6DMA/160.jpg,0,source_jpeg,served_image,200,image/jpeg,42456,748d56323b5e781ee1bb6a81aeffd677d208a5a919f3e62191bc71e4f4084b46,1,
LTMD_U1_W2_MATH_ASSET_AUDIT_0.1,H2019P6DMA,U1-H2019P6DMA,2019,6,Desafíos matemáticos. Libro para el alumno,161,186,161,https://historico.conaliteg.gob.mx/c/H2019P6DMA/161.jpg,0,source_jpeg,served_image,200,image/jpeg,50981,d923900d870ed8c2cb54b54e1085925b908a68d6f90379dbc6d482ac9ea18d73,1,
LTMD_U1_W2_MATH_ASSET_AUDIT_0.1,H2019P6DMA,U1-H2019P6DMA,2019,6,Desafíos matemáticos. Libro para el alumno,162,186,162,https://historico.conaliteg.gob.mx/c/H2019P6DMA/162.jpg,0,source_jpeg,served_image,200,image/jpeg,42458,a82a6bcfd7fc65398f44b4715be90374ddf3b854c32608e1e096fdee1fd4884c,1,
LTMD_U1_W2_MATH_ASSET_AUDIT_0.1,H2019P6DMA,U1-H2019P6DMA,2019,6,Desafíos matemáticos. Libro para el alumno,163,186,163,https://historico.conaliteg.gob.mx/c/H2019P6DMA/163.jpg,0,source_jpeg,served_image,200,image/jpeg,40655,016e5b1bc4493e8b214283d7dc48a54128686f64c518327b053ff1983c2c1d1d,1,
LTMD_U1_W2_MATH_ASSET_AUDIT_0.1,H2019P6DMA,U1-H2019P6DMA,2019,6,Desafíos matemáticos. Libro para el alumno,164,186,164,https://historico.conaliteg.gob.mx/c/H2019P6DMA/164.jpg,0,source_jpeg,served_image,200,image/jpeg,42458,bfe7b124caae77ea4655ed1cd191330b650b9f8281a224da6d42efe7c14d395f,1,
LTMD_U1_W2_MATH_ASSET_AUDIT_0.1,H2019P6DMA,U1-H2019P6DMA,2019,6,Desafíos matemáticos. Libro para el alumno,165,186,165,https://historico.conaliteg.gob.mx/c/H2019P6DMA/165.jpg,0,source_jpeg,served_image,200,image/jpeg,42907,e5bcb609f412d9715d97dc4d295bc5a6784675f50769b1fe3c3d36314bc650dd,1,
LTMD_U1_W2_MATH_ASSET_AUDIT_0.1,H2019P6DMA,U1-H2019P6DMA,2019,6,Desafíos matemáticos. Libro para el alumno,166,186,166,https://historico.conaliteg.gob.mx/c/H2019P6DMA/166.jpg,0,source_jpeg,served_image,200,image/jpeg,42458,96b3e69df5ed1c0b5fcb32a60144e834ddd45eb6001e552844a0eb344126d0cc,1,
LTMD_U1_W2_MATH_ASSET_AUDIT_0.1,H2019P6DMA,U1-H2019P6DMA,2019,6,Desafíos matemáticos. Libro para el alumno,167,186,167,https://historico.conaliteg.gob.mx/c/H2019P6DMA/167.jpg,0,source_jpeg,served_image,200,image/jpeg,41226,3beef840bcc9a856660d2eb121ed6d64d0073ed45ea1053271466400d66caaa8,1,
LTMD_U1_W2_MATH_ASSET_AUDIT_0.1,H2019P6DMA,U1-H2019P6DMA,2019,6,Desafíos matemáticos. Libro para el alumno,168,186,168,https://historico.conaliteg.gob.mx/c/H2019P6DMA/168.jpg,0,source_jpeg,served_image,200,image/jpeg,42458,e7964d57dbc91cdb0ada856926679e9e3e6be568ebc3c1daeef9a980a070c795,1,
LTMD_U1_W2_MATH_ASSET_AUDIT_0.1,H2019P6DMA,U1-H2019P6DMA,2019,6,Desafíos matemáticos. Libro para el alumno,169,186,169,https://historico.conaliteg.gob.mx/c/H2019P6DMA/169.jpg,0,source_jpeg,served_image,200,image/jpeg,29349,e645bbf962e182cded4c076b4616cce631cb0e73255a8baa1c9234ac3b1b8434,1,
LTMD_U1_W2_MATH_ASSET_AUDIT_0.1,H2019P6DMA,U1-H2019P6DMA,2019,6,Desafíos matemáticos. Libro para el alumno,170,186,170,https://historico.conaliteg.gob.mx/c/H2019P6DMA/170.jpg,0,source_jpeg,served_image,200,image/jpeg,42458,61b258f144ce0555e6a38a253cdf817b5ce79fbb852a5c7cb6f5bb24ca5c8b0b,1,
LTMD_U1_W2_MATH_ASSET_AUDIT_0.1,H2019P6DMA,U1-H2019P6DMA,2019,6,Desafíos matemáticos. Libro para el alumno,171,186,171,https://historico.conaliteg.gob.mx/c/H2019P6DMA/171.jpg,0,source_jpeg,served_image,200,image/jpeg,47874,67c8844337b65117233036924c36cfd6429f53d7ffcfaa17eb4053bd513521a2,1,
LTMD_U1_W2_MATH_ASSET_AUDIT_0.1,H2019P6DMA,U1-H2019P6DMA,2019,6,Desafíos matemáticos. Libro para el alumno,172,186,172,https://historico.conaliteg.gob.mx/c/H2019P6DMA/172.jpg,0,source_jpeg,served_image,200,image/jpeg,42458,14d5dbc4e04affdb2059d863125bef77e4ab67f8b809dde9bcfa6bb79f47ecac,1,
LTMD_U1_W2_MATH_ASSET_AUDIT_0.1,H2019P6DMA,U1-H2019P6DMA,2019,6,Desafíos matemáticos. Libro para el alumno,173,186,173,https://historico.conaliteg.gob.mx/c/H2019P6DMA/173.jpg,0,source_jpeg,served_image,200,image/jpeg,47920,ab45e3d8a1639c6ad16107613adf449f3524b6840201a5302990f9acebc9f8d2,1,
LTMD_U1_W2_MATH_ASSET_AUDIT_0.1,H2019P6DMA,U1-H2019P6DMA,2019,6,Desafíos matemáticos. Libro para el alumno,174,186,174,https://historico.conaliteg.gob.mx/c/H2019P6DMA/174.jpg,0,source_jpeg,served_image,200,image/jpeg,42458,fdd6b5e940c4b4415aac2b39aebdde94e999b756ff36479528ba7d3a73ba9d1c,1,
LTMD_U1_W2_MATH_ASSET_AUDIT_0.1,H2019P6DMA,U1-H2019P6DMA,2019,6,Desafíos matemáticos. Libro para el alumno,175,186,175,https://historico.conaliteg.gob.mx/c/H2019P6DMA/175.jpg,0,source_jpeg,served_image,200,image/jpeg,33365,caa5a8509a43d0ccd57fd9ed1f91e572c3a0ca6035735e8b098b57f1112ef795,1,
LTMD_U1_W2_MATH_ASSET_AUDIT_0.1,H2019P6DMA,U1-H2019P6DMA,2019,6,Desafíos matemáticos. Libro para el alumno,176,186,176,https://historico.conaliteg.gob.mx/c/H2019P6DMA/176.jpg,0,source_jpeg,served_image,200,image/jpeg,42458,3416c4d8ec4fd684de4c670cc2eb3cfffb920ad45fcc44220613bd848cf1ad31,1,
LTMD_U1_W2_MATH_ASSET_AUDIT_0.1,H2019P6DMA,U1-H2019P6DMA,2019,6,Desafíos matemáticos. Libro para el alumno,177,186,177,https://historico.conaliteg.gob.mx/c/H2019P6DMA/177.jpg,0,source_jpeg,served_image,200,image/jpeg,42966,0d686fb536739d67974a53c7f6e9d50f096aefef082e43b4dcab17c41b700657,1,
LTMD_U1_W2_MATH_ASSET_AUDIT_0.1,H2019P6DMA,U1-H2019P6DMA,2019,6,Desafíos matemáticos. Libro para el alumno,178,186,178,https://historico.conaliteg.gob.mx/c/H2019P6DMA/178.jpg,0,source_jpeg,served_image,200,image/jpeg,42458,dcc05f6016747ce885c6d67513ae972ab5f5a4de4bb20a0bdb76ccbded126f19,1,
LTMD_U1_W2_MATH_ASSET_AUDIT_0.1,H2019P6DMA,U1-H2019P6DMA,2019,6,Desafíos matemáticos. Libro para el alumno,179,186,179,https://historico.conaliteg.gob.mx/c/H2019P6DMA/179.jpg,0,source_jpeg,served_image,200,image/jpeg,51153,2bf7a49cd160d57997a274b42533754669ddb1df60a3afdaf2c21807f4080880,1,
LTMD_U1_W2_MATH_ASSET_AUDIT_0.1,H2019P6DMA,U1-H2019P6DMA,2019,6,Desafíos matemáticos. Libro para el alumno,180,186,180,https://historico.conaliteg.gob.mx/c/H2019P6DMA/180.jpg,0,source_jpeg,served_image,200,image/jpeg,42458,9e277e41495f14d872c7d51f2c0e49e43f82a3d03f697462952b4c745e537689,1,
LTMD_U1_W2_MATH_ASSET_AUDIT_0.1,H2019P6DMA,U1-H2019P6DMA,2019,6,Desafíos matemáticos. Libro para el alumno,181,186,181,https://historico.conaliteg.gob.mx/c/H2019P6DMA/181.jpg,0,source_jpeg,served_image,200,image/jpeg,68999,56f568569b151fb0758682e312e936d43d55e608dea9529612d7d1c06584f28b,1,
LTMD_U1_W2_MATH_ASSET_AUDIT_0.1,H2019P6DMA,U1-H2019P6DMA,2019,6,Desafíos matemáticos. Libro para el alumno,182,186,182,https://historico.conaliteg.gob.mx/c/H2019P6DMA/182.jpg,0,source_jpeg,served_image,200,image/jpeg,42521,eb109ae547114044332ea1fffd5d30298f8acc03c7365245274dc2947a59bfb6,1,
LTMD_U1_W2_MATH_ASSET_AUDIT_0.1,H2019P6DMA,U1-H2019P6DMA,2019,6,Desafíos matemáticos. Libro para el alumno,183,186,183,https://historico.conaliteg.gob.mx/c/H2019P6DMA/183.jpg,0,source_jpeg,served_image,200,image/jpeg,91816,2877e3e2cbc79b668004067bc4d1c48f8a201a1fb38150d5f77feba61f6806b3,1,
LTMD_U1_W2_MATH_ASSET_AUDIT_0.1,H2019P6DMA,U1-H2019P6DMA,2019,6,Desafíos matemáticos. Libro para el alumno,184,186,184,https://historico.conaliteg.gob.mx/c/H2019P6DMA/184.jpg,0,source_jpeg,served_image,200,image/jpeg,51247,4a40c91e7ec15f0767eadfc592d7352d39ac1a91a846020380bcc8edde871fbe,1,
LTMD_U1_W2_MATH_ASSET_AUDIT_0.1,H2019P6DMA,U1-H2019P6DMA,2019,6,Desafíos matemáticos. Libro para el alumno,185,186,185,https://historico.conaliteg.gob.mx/c/H2019P6DMA/185.jpg,0,source_jpeg,served_image,200,image/jpeg,82439,c8c7e063f4017e82a22a6eda8c291375dbb98bd9bf43096f82a3e2b3a74fb10c,1,
LTMD_U1_W2_MATH_ASSET_AUDIT_0.1,H2019P6DMA,U1-H2019P6DMA,2019,6,Desafíos matemáticos. Libro para el alumno,186,186,186,https://historico.conaliteg.gob.mx/c/H2019P6DMA/186.jpg,1,terminal_synthetic_candidate,http_404,404,text/html; charset=iso-8859-1,,,1,HTTP 404
