manifest_version,page_id,book_id,viewer_key,catalog_generation,grade_code,title_core,viewer_page,source_image_index,processing_mode,source_provenance,source_asset_url,byte_size,sha256,asset_status
LTMD_U1_W9_EDUCACION_FISICA_PROCESSING_TOPOLOGY_0.1,U1-H2008P1ED252-P001,H2008P1ED252,H2008P1ED252,2008,1,EDUCACION FISICA,1,0,direct_canonical,official_conaliteg_source_jpeg_sha256_verified,https://historico.conaliteg.gob.mx/c/H2008P1ED252/000.jpg,275194,f603609348394476ad12cb184f37b6131e83433c65318444c7f55874481528dc,source_jpeg
LTMD_U1_W9_EDUCACION_FISICA_PROCESSING_TOPOLOGY_0.1,U1-H2008P1ED252-P002,H2008P1ED252,H2008P1ED252,2008,1,EDUCACION FISICA,2,2,direct_canonical,official_conaliteg_source_jpeg_sha256_verified,https://historico.conaliteg.gob.mx/c/H2008P1ED252/002.jpg,309407,8763cd940090e347ad2613479858fe14bc84ffaeec9c2b167326619051e89c44,source_jpeg
LTMD_U1_W9_EDUCACION_FISICA_PROCESSING_TOPOLOGY_0.1,U1-H2008P1ED252-P003,H2008P1ED252,H2008P1ED252,2008,1,EDUCACION FISICA,3,3,direct_canonical,official_conaliteg_source_jpeg_sha256_verified,https://historico.conaliteg.gob.mx/c/H2008P1ED252/003.jpg,292592,c38a139b33111af4e0eb2cd4606400df329ae151513aa5279127c32f64079d6e,source_jpeg
LTMD_U1_W9_EDUCACION_FISICA_PROCESSING_TOPOLOGY_0.1,U1-H2008P1ED252-P004,H2008P1ED252,H2008P1ED252,2008,1,EDUCACION FISICA,4,4,direct_canonical,official_conaliteg_source_jpeg_sha256_verified,https://historico.conaliteg.gob.mx/c/H2008P1ED252/004.jpg,228319,4a79fabf8f977303735316ac00225f310e64fc237d08155e5c19ad7c700963f5,source_jpeg
LTMD_U1_W9_EDUCACION_FISICA_PROCESSING_TOPOLOGY_0.1,U1-H2008P1ED252-P005,H2008P1ED252,H2008P1ED252,2008,1,EDUCACION FISICA,5,5,direct_canonical,official_conaliteg_source_jpeg_sha256_verified,https://historico.conaliteg.gob.mx/c/H2008P1ED252/005.jpg,272631,8a27dadd9bb68ada7a833ce406c0ca9f93071dcee71fdb2cbcaa6b86cbd85367,source_jpeg
LTMD_U1_W9_EDUCACION_FISICA_PROCESSING_TOPOLOGY_0.1,U1-H2008P1ED252-P006,H2008P1ED252,H2008P1ED252,2008,1,EDUCACION FISICA,6,6,direct_canonical,official_conaliteg_source_jpeg_sha256_verified,https://historico.conaliteg.gob.mx/c/H2008P1ED252/006.jpg,293972,86e3b1585209591e3335480c6ff81992802beff7038b35d029a29a3dd11c4c32,source_jpeg
LTMD_U1_W9_EDUCACION_FISICA_PROCESSING_TOPOLOGY_0.1,U1-H2008P1ED252-P007,H2008P1ED252,H2008P1ED252,2008,1,EDUCACION FISICA,7,7,direct_canonical,official_conaliteg_source_jpeg_sha256_verified,https://historico.conaliteg.gob.mx/c/H2008P1ED252/007.jpg,382626,f24fcbaf9fa5facbf6fb963fbf2bcfdfb257681c492e175e64185bdb5b462acd,source_jpeg
LTMD_U1_W9_EDUCACION_FISICA_PROCESSING_TOPOLOGY_0.1,U1-H2008P1ED252-P008,H2008P1ED252,H2008P1ED252,2008,1,EDUCACION FISICA,8,8,direct_canonical,official_conaliteg_source_jpeg_sha256_verified,https://historico.conaliteg.gob.mx/c/H2008P1ED252/008.jpg,200957,e95f103dd1ec33fe5a49ecb8625be5e9c51fa2c7bd4cc8eee2c14198f677fb1b,source_jpeg
LTMD_U1_W9_EDUCACION_FISICA_PROCESSING_TOPOLOGY_0.1,U1-H2008P1ED252-P009,H2008P1ED252,H2008P1ED252,2008,1,EDUCACION FISICA,9,9,direct_canonical,official_conaliteg_source_jpeg_sha256_verified,https://historico.conaliteg.gob.mx/c/H2008P1ED252/009.jpg,224285,ea523c0d5e2c8d0af013c8673eff8a5b993e0e56aef215c245ff7d3ec42deedc,source_jpeg
LTMD_U1_W9_EDUCACION_FISICA_PROCESSING_TOPOLOGY_0.1,U1-H2008P1ED252-P010,H2008P1ED252,H2008P1ED252,2008,1,EDUCACION FISICA,10,10,direct_canonical,official_conaliteg_source_jpeg_sha256_verified,https://historico.conaliteg.gob.mx/c/H2008P1ED252/010.jpg,249832,7cae68995bfbbc0d76547ef2994f26b2d599f6282a9721702daff25068666197,source_jpeg
LTMD_U1_W9_EDUCACION_FISICA_PROCESSING_TOPOLOGY_0.1,U1-H2008P1ED252-P011,H2008P1ED252,H2008P1ED252,2008,1,EDUCACION FISICA,11,11,direct_canonical,official_conaliteg_source_jpeg_sha256_verified,https://historico.conaliteg.gob.mx/c/H2008P1ED252/011.jpg,258254,133c552d15b68770712f87acd7e9bdd3b8448c6f894e9433d853fe90441e9739,source_jpeg
LTMD_U1_W9_EDUCACION_FISICA_PROCESSING_TOPOLOGY_0.1,U1-H2008P1ED252-P012,H2008P1ED252,H2008P1ED252,2008,1,EDUCACION FISICA,12,12,direct_canonical,official_conaliteg_source_jpeg_sha256_verified,https://historico.conaliteg.gob.mx/c/H2008P1ED252/012.jpg,254470,65fa6dabdda552bf3b33e89a3b383113f1d68b853b18edb133c5c9bbc160d6b8,source_jpeg
LTMD_U1_W9_EDUCACION_FISICA_PROCESSING_TOPOLOGY_0.1,U1-H2008P1ED252-P013,H2008P1ED252,H2008P1ED252,2008,1,EDUCACION FISICA,13,13,direct_canonical,official_conaliteg_source_jpeg_sha256_verified,https://historico.conaliteg.gob.mx/c/H2008P1ED252/013.jpg,226720,0a1f7d2f2554b87005f1c9f6a7efca2c2f9deb2850c3ab1efbf2cd7616626627,source_jpeg
LTMD_U1_W9_EDUCACION_FISICA_PROCESSING_TOPOLOGY_0.1,U1-H2008P1ED252-P014,H2008P1ED252,H2008P1ED252,2008,1,EDUCACION FISICA,14,14,direct_canonical,official_conaliteg_source_jpeg_sha256_verified,https://historico.conaliteg.gob.mx/c/H2008P1ED252/014.jpg,283423,d5e2b174c30890cff8131869c415b53ef3f90e848a5c19d17b3a25472d1dc6d5,source_jpeg
LTMD_U1_W9_EDUCACION_FISICA_PROCESSING_TOPOLOGY_0.1,U1-H2008P1ED252-P015,H2008P1ED252,H2008P1ED252,2008,1,EDUCACION FISICA,15,15,direct_canonical,official_conaliteg_source_jpeg_sha256_verified,https://historico.conaliteg.gob.mx/c/H2008P1ED252/015.jpg,226386,3c79457165f6cefb9057348db57e2c24283f1e25150115e7b8c948c36b707c96,source_jpeg
LTMD_U1_W9_EDUCACION_FISICA_PROCESSING_TOPOLOGY_0.1,U1-H2008P1ED252-P016,H2008P1ED252,H2008P1ED252,2008,1,EDUCACION FISICA,16,16,direct_canonical,official_conaliteg_source_jpeg_sha256_verified,https://historico.conaliteg.gob.mx/c/H2008P1ED252/016.jpg,249795,6c6a2c739f2ae5b449f82b111bf0bd1a24b2eb1280beede107978ece77cd103c,source_jpeg
LTMD_U1_W9_EDUCACION_FISICA_PROCESSING_TOPOLOGY_0.1,U1-H2008P1ED252-P017,H2008P1ED252,H2008P1ED252,2008,1,EDUCACION FISICA,17,17,direct_canonical,official_conaliteg_source_jpeg_sha256_verified,https://historico.conaliteg.gob.mx/c/H2008P1ED252/017.jpg,264708,d17d79663e94ec64905098c9b96439f378ab0a2b51dcad218720e4d793aebc04,source_jpeg
LTMD_U1_W9_EDUCACION_FISICA_PROCESSING_TOPOLOGY_0.1,U1-H2008P1ED252-P018,H2008P1ED252,H2008P1ED252,2008,1,EDUCACION FISICA,18,18,direct_canonical,official_conaliteg_source_jpeg_sha256_verified,https://historico.conaliteg.gob.mx/c/H2008P1ED252/018.jpg,303024,d271904f12179754e0c0c7b064742d7a4d0c3052358aee93e477fe58f50103ea,source_jpeg
LTMD_U1_W9_EDUCACION_FISICA_PROCESSING_TOPOLOGY_0.1,U1-H2008P1ED252-P019,H2008P1ED252,H2008P1ED252,2008,1,EDUCACION FISICA,19,19,direct_canonical,official_conaliteg_source_jpeg_sha256_verified,https://historico.conaliteg.gob.mx/c/H2008P1ED252/019.jpg,293567,070bf17c7215371353b270a3ce38ab7cfcde4f7c86f6590d28f6eba98e5b24fb,source_jpeg
LTMD_U1_W9_EDUCACION_FISICA_PROCESSING_TOPOLOGY_0.1,U1-H2008P1ED252-P020,H2008P1ED252,H2008P1ED252,2008,1,EDUCACION FISICA,20,20,direct_canonical,official_conaliteg_source_jpeg_sha256_verified,https://historico.conaliteg.gob.mx/c/H2008P1ED252/020.jpg,280018,6e491d24f3ca8de774c53b5b3a9e550cc9a5ca435bbb28daae752723bf60043f,source_jpeg
LTMD_U1_W9_EDUCACION_FISICA_PROCESSING_TOPOLOGY_0.1,U1-H2008P1ED252-P021,H2008P1ED252,H2008P1ED252,2008,1,EDUCACION FISICA,21,21,direct_canonical,official_conaliteg_source_jpeg_sha256_verified,https://historico.conaliteg.gob.mx/c/H2008P1ED252/021.jpg,260138,428d0ff41f2392fd6efcb8e6c42c3f141c4c588611d9c5dad7cef6be96cc8ade,source_jpeg
LTMD_U1_W9_EDUCACION_FISICA_PROCESSING_TOPOLOGY_0.1,U1-H2008P1ED252-P022,H2008P1ED252,H2008P1ED252,2008,1,EDUCACION FISICA,22,22,direct_canonical,official_conaliteg_source_jpeg_sha256_verified,https://historico.conaliteg.gob.mx/c/H2008P1ED252/022.jpg,279806,d91b815b5ed85acd4749eeb49ac892331750a2494d6cceafbb8bbe58eaca9577,source_jpeg
LTMD_U1_W9_EDUCACION_FISICA_PROCESSING_TOPOLOGY_0.1,U1-H2008P1ED252-P023,H2008P1ED252,H2008P1ED252,2008,1,EDUCACION FISICA,23,23,direct_canonical,official_conaliteg_source_jpeg_sha256_verified,https://historico.conaliteg.gob.mx/c/H2008P1ED252/023.jpg,336841,f0a70c5dbd4842ad0933fbb6966b654f1f8b559be996d09b7a55c3790590d836,source_jpeg
LTMD_U1_W9_EDUCACION_FISICA_PROCESSING_TOPOLOGY_0.1,U1-H2008P1ED252-P024,H2008P1ED252,H2008P1ED252,2008,1,EDUCACION FISICA,24,24,direct_canonical,official_conaliteg_source_jpeg_sha256_verified,https://historico.conaliteg.gob.mx/c/H2008P1ED252/024.jpg,248462,508b222b2cbd18bbc7c99e977910966ac7aae10f5717d0d50e0e62ac55c9a036,source_jpeg
LTMD_U1_W9_EDUCACION_FISICA_PROCESSING_TOPOLOGY_0.1,U1-H2008P1ED252-P025,H2008P1ED252,H2008P1ED252,2008,1,EDUCACION FISICA,25,25,direct_canonical,official_conaliteg_source_jpeg_sha256_verified,https://historico.conaliteg.gob.mx/c/H2008P1ED252/025.jpg,236591,18ba41d6c9fc9331004a9abaefa8b35b24eb35f88c58916d687ea04178ef9292,source_jpeg
LTMD_U1_W9_EDUCACION_FISICA_PROCESSING_TOPOLOGY_0.1,U1-H2008P1ED252-P026,H2008P1ED252,H2008P1ED252,2008,1,EDUCACION FISICA,26,26,direct_canonical,official_conaliteg_source_jpeg_sha256_verified,https://historico.conaliteg.gob.mx/c/H2008P1ED252/026.jpg,289870,2c99ace4d573b22b87eac938fe086bfbd1b5eecc1f5f756eb74a1ce5cfaabcff,source_jpeg
LTMD_U1_W9_EDUCACION_FISICA_PROCESSING_TOPOLOGY_0.1,U1-H2008P1ED252-P027,H2008P1ED252,H2008P1ED252,2008,1,EDUCACION FISICA,27,27,direct_canonical,official_conaliteg_source_jpeg_sha256_verified,https://historico.conaliteg.gob.mx/c/H2008P1ED252/027.jpg,265406,954ab5b9f264cce65f4fdd46b0d8f0b1297350866c88442a8eba1f47475e0c93,source_jpeg
LTMD_U1_W9_EDUCACION_FISICA_PROCESSING_TOPOLOGY_0.1,U1-H2008P1ED252-P028,H2008P1ED252,H2008P1ED252,2008,1,EDUCACION FISICA,28,28,direct_canonical,official_conaliteg_source_jpeg_sha256_verified,https://historico.conaliteg.gob.mx/c/H2008P1ED252/028.jpg,278845,c089352f314497b73b6d20a8851bc7855d92f41982ad0c1a890d343eaf997b63,source_jpeg
LTMD_U1_W9_EDUCACION_FISICA_PROCESSING_TOPOLOGY_0.1,U1-H2008P1ED252-P029,H2008P1ED252,H2008P1ED252,2008,1,EDUCACION FISICA,29,29,direct_canonical,official_conaliteg_source_jpeg_sha256_verified,https://historico.conaliteg.gob.mx/c/H2008P1ED252/029.jpg,266638,c542546252d133dd0338a5c45361a376c86b705df262625ddfb61f2ad803e9c7,source_jpeg
LTMD_U1_W9_EDUCACION_FISICA_PROCESSING_TOPOLOGY_0.1,U1-H2008P1ED252-P030,H2008P1ED252,H2008P1ED252,2008,1,EDUCACION FISICA,30,30,direct_canonical,official_conaliteg_source_jpeg_sha256_verified,https://historico.conaliteg.gob.mx/c/H2008P1ED252/030.jpg,240757,a167c5daeb82d018bbc7ca429900e0df7f7ab6d23b6eca12636808517ca34ae3,source_jpeg
LTMD_U1_W9_EDUCACION_FISICA_PROCESSING_TOPOLOGY_0.1,U1-H2008P1ED252-P031,H2008P1ED252,H2008P1ED252,2008,1,EDUCACION FISICA,31,31,direct_canonical,official_conaliteg_source_jpeg_sha256_verified,https://historico.conaliteg.gob.mx/c/H2008P1ED252/031.jpg,276480,2c78afdd7bc3781a759c0733f88cc51eea7a9ed7c6e7424a38a58cf0a8d3cca8,source_jpeg
LTMD_U1_W9_EDUCACION_FISICA_PROCESSING_TOPOLOGY_0.1,U1-H2008P1ED252-P032,H2008P1ED252,H2008P1ED252,2008,1,EDUCACION FISICA,32,32,direct_canonical,official_conaliteg_source_jpeg_sha256_verified,https://historico.conaliteg.gob.mx/c/H2008P1ED252/032.jpg,309052,0424e6f4a666b1a6e5d0836d0ffc33e118c62169e9100734f540abae6ff26fd3,source_jpeg
LTMD_U1_W9_EDUCACION_FISICA_PROCESSING_TOPOLOGY_0.1,U1-H2008P1ED252-P033,H2008P1ED252,H2008P1ED252,2008,1,EDUCACION FISICA,33,33,direct_canonical,official_conaliteg_source_jpeg_sha256_verified,https://historico.conaliteg.gob.mx/c/H2008P1ED252/033.jpg,288069,5556886ad31693deeb174c2dabb9559957cbeae5af1b867c2251148026a212ac,source_jpeg
LTMD_U1_W9_EDUCACION_FISICA_PROCESSING_TOPOLOGY_0.1,U1-H2008P1ED252-P034,H2008P1ED252,H2008P1ED252,2008,1,EDUCACION FISICA,34,34,direct_canonical,official_conaliteg_source_jpeg_sha256_verified,https://historico.conaliteg.gob.mx/c/H2008P1ED252/034.jpg,327814,78487dd45f0bda157b69759defce8e42a96c2ef396688a0dde967c8455aaa5f9,source_jpeg
LTMD_U1_W9_EDUCACION_FISICA_PROCESSING_TOPOLOGY_0.1,U1-H2008P1ED252-P035,H2008P1ED252,H2008P1ED252,2008,1,EDUCACION FISICA,35,35,direct_canonical,official_conaliteg_source_jpeg_sha256_verified,https://historico.conaliteg.gob.mx/c/H2008P1ED252/035.jpg,293828,2c4cd3914ccf361938a5e9ff8dbe78f5bd9caa557814931a0ff275252bb4e228,source_jpeg
LTMD_U1_W9_EDUCACION_FISICA_PROCESSING_TOPOLOGY_0.1,U1-H2008P1ED252-P036,H2008P1ED252,H2008P1ED252,2008,1,EDUCACION FISICA,36,36,direct_canonical,official_conaliteg_source_jpeg_sha256_verified,https://historico.conaliteg.gob.mx/c/H2008P1ED252/036.jpg,321732,46ec07ebba8c834c272f0e7d115115013ac9fe9c7f46e9adce287aee878d959b,source_jpeg
LTMD_U1_W9_EDUCACION_FISICA_PROCESSING_TOPOLOGY_0.1,U1-H2008P1ED252-P037,H2008P1ED252,H2008P1ED252,2008,1,EDUCACION FISICA,37,37,direct_canonical,official_conaliteg_source_jpeg_sha256_verified,https://historico.conaliteg.gob.mx/c/H2008P1ED252/037.jpg,294845,b644e3e642bf0f377e21ab2e561444db8407ea843980f25fc1a9dd33b12b1a52,source_jpeg
LTMD_U1_W9_EDUCACION_FISICA_PROCESSING_TOPOLOGY_0.1,U1-H2008P1ED252-P038,H2008P1ED252,H2008P1ED252,2008,1,EDUCACION FISICA,38,38,direct_canonical,official_conaliteg_source_jpeg_sha256_verified,https://historico.conaliteg.gob.mx/c/H2008P1ED252/038.jpg,291835,7ed6f17b2a59b6704b1424995f43e866fc8a1b627c2f9690cba6f7f7a3e6d096,source_jpeg
LTMD_U1_W9_EDUCACION_FISICA_PROCESSING_TOPOLOGY_0.1,U1-H2008P1ED252-P039,H2008P1ED252,H2008P1ED252,2008,1,EDUCACION FISICA,39,39,direct_canonical,official_conaliteg_source_jpeg_sha256_verified,https://historico.conaliteg.gob.mx/c/H2008P1ED252/039.jpg,315620,242b2c9e8a0c5d06de3af463b90a6fb7fbe4630734bbf011d9f5fbb79d37bebd,source_jpeg
LTMD_U1_W9_EDUCACION_FISICA_PROCESSING_TOPOLOGY_0.1,U1-H2008P1ED252-P040,H2008P1ED252,H2008P1ED252,2008,1,EDUCACION FISICA,40,40,direct_canonical,official_conaliteg_source_jpeg_sha256_verified,https://historico.conaliteg.gob.mx/c/H2008P1ED252/040.jpg,286838,c218ad572a9da010b01483cb2a70d7164230798a0ae3abdb2a4de51fd010f04d,source_jpeg
LTMD_U1_W9_EDUCACION_FISICA_PROCESSING_TOPOLOGY_0.1,U1-H2008P1ED252-P041,H2008P1ED252,H2008P1ED252,2008,1,EDUCACION FISICA,41,41,direct_canonical,official_conaliteg_source_jpeg_sha256_verified,https://historico.conaliteg.gob.mx/c/H2008P1ED252/041.jpg,264763,b5af53b25f9331f50e1acc33e8dffacc233e06110ee95a60ea9071253462b2ab,source_jpeg
LTMD_U1_W9_EDUCACION_FISICA_PROCESSING_TOPOLOGY_0.1,U1-H2008P1ED252-P042,H2008P1ED252,H2008P1ED252,2008,1,EDUCACION FISICA,42,42,direct_canonical,official_conaliteg_source_jpeg_sha256_verified,https://historico.conaliteg.gob.mx/c/H2008P1ED252/042.jpg,335237,6791839471c8fd3126f6aad4dab851958c14273340a58133245ef88536d42325,source_jpeg
LTMD_U1_W9_EDUCACION_FISICA_PROCESSING_TOPOLOGY_0.1,U1-H2008P1ED252-P043,H2008P1ED252,H2008P1ED252,2008,1,EDUCACION FISICA,43,43,direct_canonical,official_conaliteg_source_jpeg_sha256_verified,https://historico.conaliteg.gob.mx/c/H2008P1ED252/043.jpg,278504,93acaa5437c0f87d475d835ef5c717b88e770ccf14729a359d533b6fd717e9bb,source_jpeg
LTMD_U1_W9_EDUCACION_FISICA_PROCESSING_TOPOLOGY_0.1,U1-H2008P1ED252-P044,H2008P1ED252,H2008P1ED252,2008,1,EDUCACION FISICA,44,44,direct_canonical,official_conaliteg_source_jpeg_sha256_verified,https://historico.conaliteg.gob.mx/c/H2008P1ED252/044.jpg,309996,0c2224d55dbe4a5e184ce46113ecf5d5fbb0bfa307a7590f8772dbea30025867,source_jpeg
LTMD_U1_W9_EDUCACION_FISICA_PROCESSING_TOPOLOGY_0.1,U1-H2008P1ED252-P045,H2008P1ED252,H2008P1ED252,2008,1,EDUCACION FISICA,45,45,direct_canonical,official_conaliteg_source_jpeg_sha256_verified,https://historico.conaliteg.gob.mx/c/H2008P1ED252/045.jpg,237000,1d9b39c392db8ecf61f8793f0523dfbc477025f3e3ed12e81c75cd21fad0457f,source_jpeg
LTMD_U1_W9_EDUCACION_FISICA_PROCESSING_TOPOLOGY_0.1,U1-H2008P1ED252-P046,H2008P1ED252,H2008P1ED252,2008,1,EDUCACION FISICA,46,46,direct_canonical,official_conaliteg_source_jpeg_sha256_verified,https://historico.conaliteg.gob.mx/c/H2008P1ED252/046.jpg,304050,60258636b80159d2f166fc48967e60fa2ff377cc4213cfa708fc3a56047870df,source_jpeg
LTMD_U1_W9_EDUCACION_FISICA_PROCESSING_TOPOLOGY_0.1,U1-H2008P1ED252-P047,H2008P1ED252,H2008P1ED252,2008,1,EDUCACION FISICA,47,47,direct_canonical,official_conaliteg_source_jpeg_sha256_verified,https://historico.conaliteg.gob.mx/c/H2008P1ED252/047.jpg,253584,b3faeb117a2d41e0a68616ef21e851179d77c551c0f3cd601e94158c14251b25,source_jpeg
LTMD_U1_W9_EDUCACION_FISICA_PROCESSING_TOPOLOGY_0.1,U1-H2008P1ED252-P048,H2008P1ED252,H2008P1ED252,2008,1,EDUCACION FISICA,48,48,direct_canonical,official_conaliteg_source_jpeg_sha256_verified,https://historico.conaliteg.gob.mx/c/H2008P1ED252/048.jpg,376810,1cc4b28ad3b4ce0de2fb7f4b7666a0e3e77a2130c71e837f806c0be4800628c7,source_jpeg
LTMD_U1_W9_EDUCACION_FISICA_PROCESSING_TOPOLOGY_0.1,U1-H2008P1ED252-P049,H2008P1ED252,H2008P1ED252,2008,1,EDUCACION FISICA,49,49,direct_canonical,official_conaliteg_source_jpeg_sha256_verified,https://historico.conaliteg.gob.mx/c/H2008P1ED252/049.jpg,326075,66b5043d7e3c738d5a3c762a8be2c4e694ff381d049094757c0662c9b2392b5a,source_jpeg
LTMD_U1_W9_EDUCACION_FISICA_PROCESSING_TOPOLOGY_0.1,U1-H2008P1ED252-P050,H2008P1ED252,H2008P1ED252,2008,1,EDUCACION FISICA,50,50,direct_canonical,official_conaliteg_source_jpeg_sha256_verified,https://historico.conaliteg.gob.mx/c/H2008P1ED252/050.jpg,284357,ae6a6d064a95d92f79e400115a162cec8b8ea6b3ba4ad74d83a839a535528598,source_jpeg
LTMD_U1_W9_EDUCACION_FISICA_PROCESSING_TOPOLOGY_0.1,U1-H2008P1ED252-P051,H2008P1ED252,H2008P1ED252,2008,1,EDUCACION FISICA,51,51,direct_canonical,official_conaliteg_source_jpeg_sha256_verified,https://historico.conaliteg.gob.mx/c/H2008P1ED252/051.jpg,260529,1a0d1548991e05ac11814a64e5e84f6e5dcf5f83a440f5f9a47a8919ab5fe731,source_jpeg
LTMD_U1_W9_EDUCACION_FISICA_PROCESSING_TOPOLOGY_0.1,U1-H2008P1ED252-P052,H2008P1ED252,H2008P1ED252,2008,1,EDUCACION FISICA,52,52,direct_canonical,official_conaliteg_source_jpeg_sha256_verified,https://historico.conaliteg.gob.mx/c/H2008P1ED252/052.jpg,258883,31c552eae21de0df59623f84a7d87a673069b6886233a9f089320fc4c1cd26e8,source_jpeg
LTMD_U1_W9_EDUCACION_FISICA_PROCESSING_TOPOLOGY_0.1,U1-H2008P1ED252-P053,H2008P1ED252,H2008P1ED252,2008,1,EDUCACION FISICA,53,53,direct_canonical,official_conaliteg_source_jpeg_sha256_verified,https://historico.conaliteg.gob.mx/c/H2008P1ED252/053.jpg,266666,c81777af5a6be6ad0a6d9eb78837d7b48b8ea105832d33957456f1b5cb234f92,source_jpeg
LTMD_U1_W9_EDUCACION_FISICA_PROCESSING_TOPOLOGY_0.1,U1-H2008P1ED252-P054,H2008P1ED252,H2008P1ED252,2008,1,EDUCACION FISICA,54,54,direct_canonical,official_conaliteg_source_jpeg_sha256_verified,https://historico.conaliteg.gob.mx/c/H2008P1ED252/054.jpg,287327,7dbb11155c330807ea955cd12b1974f7d72b793cdd6c50502a998af63db5ef4f,source_jpeg
LTMD_U1_W9_EDUCACION_FISICA_PROCESSING_TOPOLOGY_0.1,U1-H2008P1ED252-P055,H2008P1ED252,H2008P1ED252,2008,1,EDUCACION FISICA,55,55,direct_canonical,official_conaliteg_source_jpeg_sha256_verified,https://historico.conaliteg.gob.mx/c/H2008P1ED252/055.jpg,277783,aa8cf60b7f37aa157c2b25d34205effb566a345f71c47a62dccf29b7bdb8aff8,source_jpeg
LTMD_U1_W9_EDUCACION_FISICA_PROCESSING_TOPOLOGY_0.1,U1-H2008P1ED252-P056,H2008P1ED252,H2008P1ED252,2008,1,EDUCACION FISICA,56,56,direct_canonical,official_conaliteg_source_jpeg_sha256_verified,https://historico.conaliteg.gob.mx/c/H2008P1ED252/056.jpg,337125,e5d5541fab962c52c6bebb5e8c6581c0c0272acf8e64b93b265c47f3a13e5420,source_jpeg
LTMD_U1_W9_EDUCACION_FISICA_PROCESSING_TOPOLOGY_0.1,U1-H2008P1ED252-P057,H2008P1ED252,H2008P1ED252,2008,1,EDUCACION FISICA,57,57,direct_canonical,official_conaliteg_source_jpeg_sha256_verified,https://historico.conaliteg.gob.mx/c/H2008P1ED252/057.jpg,253156,a11eb8abb14efdbe87c303d7e6b6b89104c26ee45ea30f32c5a85c1648aacc2d,source_jpeg
LTMD_U1_W9_EDUCACION_FISICA_PROCESSING_TOPOLOGY_0.1,U1-H2008P1ED252-P058,H2008P1ED252,H2008P1ED252,2008,1,EDUCACION FISICA,58,58,direct_canonical,official_conaliteg_source_jpeg_sha256_verified,https://historico.conaliteg.gob.mx/c/H2008P1ED252/058.jpg,278823,63d21b3baa5112ad7af0eed401475d4af50e388ce561a75d578ed347595a7c07,source_jpeg
LTMD_U1_W9_EDUCACION_FISICA_PROCESSING_TOPOLOGY_0.1,U1-H2008P1ED252-P059,H2008P1ED252,H2008P1ED252,2008,1,EDUCACION FISICA,59,59,direct_canonical,official_conaliteg_source_jpeg_sha256_verified,https://historico.conaliteg.gob.mx/c/H2008P1ED252/059.jpg,217523,4065010c9b8600073eaaa9abefc72efb84adc051abd9fb56a9b86755aa03afe8,source_jpeg
LTMD_U1_W9_EDUCACION_FISICA_PROCESSING_TOPOLOGY_0.1,U1-H2008P1ED252-P060,H2008P1ED252,H2008P1ED252,2008,1,EDUCACION FISICA,60,60,direct_canonical,official_conaliteg_source_jpeg_sha256_verified,https://historico.conaliteg.gob.mx/c/H2008P1ED252/060.jpg,323197,5678f30f0248d7e83eea3173026828847f20694a899a65aadc2d846c777641b5,source_jpeg
LTMD_U1_W9_EDUCACION_FISICA_PROCESSING_TOPOLOGY_0.1,U1-H2008P1ED252-P061,H2008P1ED252,H2008P1ED252,2008,1,EDUCACION FISICA,61,61,direct_canonical,official_conaliteg_source_jpeg_sha256_verified,https://historico.conaliteg.gob.mx/c/H2008P1ED252/061.jpg,250798,cfea88bd1483efd255a16a7a59ac39ef06d47a4c489d6a096df88550e2fc9385,source_jpeg
LTMD_U1_W9_EDUCACION_FISICA_PROCESSING_TOPOLOGY_0.1,U1-H2008P1ED252-P062,H2008P1ED252,H2008P1ED252,2008,1,EDUCACION FISICA,62,62,direct_canonical,official_conaliteg_source_jpeg_sha256_verified,https://historico.conaliteg.gob.mx/c/H2008P1ED252/062.jpg,297764,9c328380fc7ed610fa0909f4325c22e58eaad7a543b589f5a289f5e23a2d9446,source_jpeg
LTMD_U1_W9_EDUCACION_FISICA_PROCESSING_TOPOLOGY_0.1,U1-H2008P1ED252-P063,H2008P1ED252,H2008P1ED252,2008,1,EDUCACION FISICA,63,63,direct_canonical,official_conaliteg_source_jpeg_sha256_verified,https://historico.conaliteg.gob.mx/c/H2008P1ED252/063.jpg,311147,24242ad5ba32fad8e927d035c7dd24fd96ca2e8e41f317121ac2b9ff89c78977,source_jpeg
LTMD_U1_W9_EDUCACION_FISICA_PROCESSING_TOPOLOGY_0.1,U1-H2008P1ED252-P064,H2008P1ED252,H2008P1ED252,2008,1,EDUCACION FISICA,64,64,direct_canonical,official_conaliteg_source_jpeg_sha256_verified,https://historico.conaliteg.gob.mx/c/H2008P1ED252/064.jpg,321022,13e59509e37ae343918047453e56b56835b076671525515c84d5efa91c767a81,source_jpeg
LTMD_U1_W9_EDUCACION_FISICA_PROCESSING_TOPOLOGY_0.1,U1-H2008P1ED252-P065,H2008P1ED252,H2008P1ED252,2008,1,EDUCACION FISICA,65,65,direct_canonical,official_conaliteg_source_jpeg_sha256_verified,https://historico.conaliteg.gob.mx/c/H2008P1ED252/065.jpg,318168,af123252692c0c076923a4300f4b9526686805d20b6c99cabc359c5f0ab3e82f,source_jpeg
LTMD_U1_W9_EDUCACION_FISICA_PROCESSING_TOPOLOGY_0.1,U1-H2008P1ED252-P066,H2008P1ED252,H2008P1ED252,2008,1,EDUCACION FISICA,66,66,direct_canonical,official_conaliteg_source_jpeg_sha256_verified,https://historico.conaliteg.gob.mx/c/H2008P1ED252/066.jpg,272644,f53182fb6e3dcdb183f134068969a67648cf7a36dc701a60915fbc37c9ba8321,source_jpeg
LTMD_U1_W9_EDUCACION_FISICA_PROCESSING_TOPOLOGY_0.1,U1-H2008P1ED252-P067,H2008P1ED252,H2008P1ED252,2008,1,EDUCACION FISICA,67,67,direct_canonical,official_conaliteg_source_jpeg_sha256_verified,https://historico.conaliteg.gob.mx/c/H2008P1ED252/067.jpg,261220,1e6eceb47eb20f71b0e29e71205d104d44debf151ba1c431f53613cc96dc5601,source_jpeg
LTMD_U1_W9_EDUCACION_FISICA_PROCESSING_TOPOLOGY_0.1,U1-H2008P1ED252-P068,H2008P1ED252,H2008P1ED252,2008,1,EDUCACION FISICA,68,68,direct_canonical,official_conaliteg_source_jpeg_sha256_verified,https://historico.conaliteg.gob.mx/c/H2008P1ED252/068.jpg,311797,9e3aeffacb648ad4de9fa9b9af61b67f74e770dd507ae4b715f1315c3ec4cb1f,source_jpeg
LTMD_U1_W9_EDUCACION_FISICA_PROCESSING_TOPOLOGY_0.1,U1-H2008P1ED252-P069,H2008P1ED252,H2008P1ED252,2008,1,EDUCACION FISICA,69,69,direct_canonical,official_conaliteg_source_jpeg_sha256_verified,https://historico.conaliteg.gob.mx/c/H2008P1ED252/069.jpg,274169,0a62340b15ad020018daf0580f02933f10828fe04c44ad4a9fbb5950fee65409,source_jpeg
LTMD_U1_W9_EDUCACION_FISICA_PROCESSING_TOPOLOGY_0.1,U1-H2008P1ED252-P070,H2008P1ED252,H2008P1ED252,2008,1,EDUCACION FISICA,70,70,direct_canonical,official_conaliteg_source_jpeg_sha256_verified,https://historico.conaliteg.gob.mx/c/H2008P1ED252/070.jpg,364651,152427e33f8508180879555736885215f50396ab9fffb23f9c73f27a983f01a9,source_jpeg
LTMD_U1_W9_EDUCACION_FISICA_PROCESSING_TOPOLOGY_0.1,U1-H2008P1ED252-P071,H2008P1ED252,H2008P1ED252,2008,1,EDUCACION FISICA,71,71,direct_canonical,official_conaliteg_source_jpeg_sha256_verified,https://historico.conaliteg.gob.mx/c/H2008P1ED252/071.jpg,291994,475030384de569a2a811441252adcc049f438fbab166b9e0e77cf5184dc96b04,source_jpeg
LTMD_U1_W9_EDUCACION_FISICA_PROCESSING_TOPOLOGY_0.1,U1-H2008P1ED252-P072,H2008P1ED252,H2008P1ED252,2008,1,EDUCACION FISICA,72,72,direct_canonical,official_conaliteg_source_jpeg_sha256_verified,https://historico.conaliteg.gob.mx/c/H2008P1ED252/072.jpg,391597,f0f39006ccf8ed2b3ba4d112091af566e5c73447fd8b64152565d6c2d9efaaca,source_jpeg
LTMD_U1_W9_EDUCACION_FISICA_PROCESSING_TOPOLOGY_0.1,U1-H2008P1ED252-P073,H2008P1ED252,H2008P1ED252,2008,1,EDUCACION FISICA,73,73,direct_canonical,official_conaliteg_source_jpeg_sha256_verified,https://historico.conaliteg.gob.mx/c/H2008P1ED252/073.jpg,316705,2e870b5454e2366bbe5601307d5815eb2dc2c1e85abe176f5acf2d461d63c7be,source_jpeg
LTMD_U1_W9_EDUCACION_FISICA_PROCESSING_TOPOLOGY_0.1,U1-H2008P1ED252-P074,H2008P1ED252,H2008P1ED252,2008,1,EDUCACION FISICA,74,74,direct_canonical,official_conaliteg_source_jpeg_sha256_verified,https://historico.conaliteg.gob.mx/c/H2008P1ED252/074.jpg,349489,d07cc67df57cb8850ef495d64d31a4b2c3c6ef1fd4d2d5cf3a222fe59a9195d7,source_jpeg
LTMD_U1_W9_EDUCACION_FISICA_PROCESSING_TOPOLOGY_0.1,U1-H2008P1ED252-P075,H2008P1ED252,H2008P1ED252,2008,1,EDUCACION FISICA,75,75,direct_canonical,official_conaliteg_source_jpeg_sha256_verified,https://historico.conaliteg.gob.mx/c/H2008P1ED252/075.jpg,297810,b007263cfd3d013f2d73dfed0da049859e2f1b5db943581026f84139190e8914,source_jpeg
LTMD_U1_W9_EDUCACION_FISICA_PROCESSING_TOPOLOGY_0.1,U1-H2008P1ED252-P076,H2008P1ED252,H2008P1ED252,2008,1,EDUCACION FISICA,76,76,direct_canonical,official_conaliteg_source_jpeg_sha256_verified,https://historico.conaliteg.gob.mx/c/H2008P1ED252/076.jpg,349988,a0324a761ebac1e072216877d5b1ddf934804f1b6844c873c8423e0a62d0c45d,source_jpeg
LTMD_U1_W9_EDUCACION_FISICA_PROCESSING_TOPOLOGY_0.1,U1-H2008P1ED252-P077,H2008P1ED252,H2008P1ED252,2008,1,EDUCACION FISICA,77,77,direct_canonical,official_conaliteg_source_jpeg_sha256_verified,https://historico.conaliteg.gob.mx/c/H2008P1ED252/077.jpg,285360,8ad15ac8c58295e5d9e1b0e8d5afca39e8ba9174fede76a73d4adfd227ca4a8c,source_jpeg
LTMD_U1_W9_EDUCACION_FISICA_PROCESSING_TOPOLOGY_0.1,U1-H2008P1ED252-P078,H2008P1ED252,H2008P1ED252,2008,1,EDUCACION FISICA,78,78,direct_canonical,official_conaliteg_source_jpeg_sha256_verified,https://historico.conaliteg.gob.mx/c/H2008P1ED252/078.jpg,368845,78adf99a7be5b78eed8bcb129c3c60230a5b72c0e0c61981ea7fc49d2ffdc312,source_jpeg
LTMD_U1_W9_EDUCACION_FISICA_PROCESSING_TOPOLOGY_0.1,U1-H2008P1ED252-P079,H2008P1ED252,H2008P1ED252,2008,1,EDUCACION FISICA,79,79,direct_canonical,official_conaliteg_source_jpeg_sha256_verified,https://historico.conaliteg.gob.mx/c/H2008P1ED252/079.jpg,282588,1c43e33cb393b0c25c59aae74b1b688b2a616190d0a40e1a16d4a446ebcc16f6,source_jpeg
LTMD_U1_W9_EDUCACION_FISICA_PROCESSING_TOPOLOGY_0.1,U1-H2008P1ED252-P080,H2008P1ED252,H2008P1ED252,2008,1,EDUCACION FISICA,80,80,direct_canonical,official_conaliteg_source_jpeg_sha256_verified,https://historico.conaliteg.gob.mx/c/H2008P1ED252/080.jpg,391161,4a3f230d4d44bebf7f9a9e88d5ced5501c6fc9e43daa21e92b7453d79ea33e32,source_jpeg
LTMD_U1_W9_EDUCACION_FISICA_PROCESSING_TOPOLOGY_0.1,U1-H2008P1ED252-P081,H2008P1ED252,H2008P1ED252,2008,1,EDUCACION FISICA,81,81,direct_canonical,official_conaliteg_source_jpeg_sha256_verified,https://historico.conaliteg.gob.mx/c/H2008P1ED252/081.jpg,331620,c57a65e72b9b7e73cea44b50906891cdc451137d138ef86a2a7c31b6fa4f4729,source_jpeg
LTMD_U1_W9_EDUCACION_FISICA_PROCESSING_TOPOLOGY_0.1,U1-H2008P1ED252-P082,H2008P1ED252,H2008P1ED252,2008,1,EDUCACION FISICA,82,82,direct_canonical,official_conaliteg_source_jpeg_sha256_verified,https://historico.conaliteg.gob.mx/c/H2008P1ED252/082.jpg,383403,5079674c8672435f0773f50b1ff4c424f904a331945cb25acdd8cc1bab672c8b,source_jpeg
LTMD_U1_W9_EDUCACION_FISICA_PROCESSING_TOPOLOGY_0.1,U1-H2008P1ED252-P083,H2008P1ED252,H2008P1ED252,2008,1,EDUCACION FISICA,83,83,direct_canonical,official_conaliteg_source_jpeg_sha256_verified,https://historico.conaliteg.gob.mx/c/H2008P1ED252/083.jpg,345599,e0e8fa3d75cf5dcbfa6fc8b9ff26cf7d071f4156c4bc902ffb96e0858c80d87f,source_jpeg
LTMD_U1_W9_EDUCACION_FISICA_PROCESSING_TOPOLOGY_0.1,U1-H2008P1ED252-P084,H2008P1ED252,H2008P1ED252,2008,1,EDUCACION FISICA,84,84,direct_canonical,official_conaliteg_source_jpeg_sha256_verified,https://historico.conaliteg.gob.mx/c/H2008P1ED252/084.jpg,376895,16991776ca519e9d908c4e3d7c0b6be7f7de092dafa7891d95a3517a4c1270a0,source_jpeg
LTMD_U1_W9_EDUCACION_FISICA_PROCESSING_TOPOLOGY_0.1,U1-H2008P1ED252-P085,H2008P1ED252,H2008P1ED252,2008,1,EDUCACION FISICA,85,85,direct_canonical,official_conaliteg_source_jpeg_sha256_verified,https://historico.conaliteg.gob.mx/c/H2008P1ED252/085.jpg,315480,0b17e28c7102427704290d5fb396bb9c42b81784baf170d3fb3ced188597f439,source_jpeg
LTMD_U1_W9_EDUCACION_FISICA_PROCESSING_TOPOLOGY_0.1,U1-H2008P1ED252-P086,H2008P1ED252,H2008P1ED252,2008,1,EDUCACION FISICA,86,86,direct_canonical,official_conaliteg_source_jpeg_sha256_verified,https://historico.conaliteg.gob.mx/c/H2008P1ED252/086.jpg,433400,cc9444ab683a5f76c2f9ca3c7a77a09e4be0b89295559dca53034c157f0af9e4,source_jpeg
LTMD_U1_W9_EDUCACION_FISICA_PROCESSING_TOPOLOGY_0.1,U1-H2008P1ED252-P087,H2008P1ED252,H2008P1ED252,2008,1,EDUCACION FISICA,87,87,direct_canonical,official_conaliteg_source_jpeg_sha256_verified,https://historico.conaliteg.gob.mx/c/H2008P1ED252/087.jpg,297132,2fdaccbcecf99d4992be047aa7e39ca78cdde8df974347e1129af98db6af1496,source_jpeg
LTMD_U1_W9_EDUCACION_FISICA_PROCESSING_TOPOLOGY_0.1,U1-H2008P1ED252-P088,H2008P1ED252,H2008P1ED252,2008,1,EDUCACION FISICA,88,88,direct_canonical,official_conaliteg_source_jpeg_sha256_verified,https://historico.conaliteg.gob.mx/c/H2008P1ED252/088.jpg,329939,f4937b84ec29c1cf0dd8ef71edd582b427cdd68b95f35e7c1520d9e7c84ebe3d,source_jpeg
LTMD_U1_W9_EDUCACION_FISICA_PROCESSING_TOPOLOGY_0.1,U1-H2008P1ED252-P089,H2008P1ED252,H2008P1ED252,2008,1,EDUCACION FISICA,89,89,direct_canonical,official_conaliteg_source_jpeg_sha256_verified,https://historico.conaliteg.gob.mx/c/H2008P1ED252/089.jpg,254559,2be5463da4f7fc0a7ab7e716dffa7ac90ae813b4a8faccb5bed36a74bde6e58a,source_jpeg
LTMD_U1_W9_EDUCACION_FISICA_PROCESSING_TOPOLOGY_0.1,U1-H2008P1ED252-P090,H2008P1ED252,H2008P1ED252,2008,1,EDUCACION FISICA,90,90,direct_canonical,official_conaliteg_source_jpeg_sha256_verified,https://historico.conaliteg.gob.mx/c/H2008P1ED252/090.jpg,397214,e3026325dbf6a9619b2e7b3f0e35534a83b461f5121f1b2b5f26107c3d0d221c,source_jpeg
LTMD_U1_W9_EDUCACION_FISICA_PROCESSING_TOPOLOGY_0.1,U1-H2008P1ED252-P091,H2008P1ED252,H2008P1ED252,2008,1,EDUCACION FISICA,91,91,direct_canonical,official_conaliteg_source_jpeg_sha256_verified,https://historico.conaliteg.gob.mx/c/H2008P1ED252/091.jpg,384976,d6fba7738c22b3c4e1de6c15ec72d5b037d526ede725511fc535e99cc25913df,source_jpeg
LTMD_U1_W9_EDUCACION_FISICA_PROCESSING_TOPOLOGY_0.1,U1-H2008P1ED252-P092,H2008P1ED252,H2008P1ED252,2008,1,EDUCACION FISICA,92,92,direct_canonical,official_conaliteg_source_jpeg_sha256_verified,https://historico.conaliteg.gob.mx/c/H2008P1ED252/092.jpg,319207,3a41100d4f9aa92856d7227b0de218fb611f8993e7a7079920497b72cf3237ef,source_jpeg
LTMD_U1_W9_EDUCACION_FISICA_PROCESSING_TOPOLOGY_0.1,U1-H2008P1ED252-P093,H2008P1ED252,H2008P1ED252,2008,1,EDUCACION FISICA,93,93,direct_canonical,official_conaliteg_source_jpeg_sha256_verified,https://historico.conaliteg.gob.mx/c/H2008P1ED252/093.jpg,331219,96424f327fe3a972dc6c4bfd9412ddb786b7b3cca16ae04d975f22363691169f,source_jpeg
LTMD_U1_W9_EDUCACION_FISICA_PROCESSING_TOPOLOGY_0.1,U1-H2008P1ED252-P094,H2008P1ED252,H2008P1ED252,2008,1,EDUCACION FISICA,94,94,direct_canonical,official_conaliteg_source_jpeg_sha256_verified,https://historico.conaliteg.gob.mx/c/H2008P1ED252/094.jpg,327825,4993f6723a0196a0793521e000b68a02280833fafe2b7f3a883f5f53c217b5b4,source_jpeg
LTMD_U1_W9_EDUCACION_FISICA_PROCESSING_TOPOLOGY_0.1,U1-H2008P1ED252-P095,H2008P1ED252,H2008P1ED252,2008,1,EDUCACION FISICA,95,95,direct_canonical,official_conaliteg_source_jpeg_sha256_verified,https://historico.conaliteg.gob.mx/c/H2008P1ED252/095.jpg,318430,25a42b2448e7b73c38a7f2b0b44fa0743c7813e6927e04b7488bc892817cc926,source_jpeg
LTMD_U1_W9_EDUCACION_FISICA_PROCESSING_TOPOLOGY_0.1,U1-H2008P1ED252-P096,H2008P1ED252,H2008P1ED252,2008,1,EDUCACION FISICA,96,96,direct_canonical,official_conaliteg_source_jpeg_sha256_verified,https://historico.conaliteg.gob.mx/c/H2008P1ED252/096.jpg,354308,0049f08fd08451b962262b9ca6808b57b446ff0e504a48375f9d2a57e1b00eac,source_jpeg
LTMD_U1_W9_EDUCACION_FISICA_PROCESSING_TOPOLOGY_0.1,U1-H2008P1ED252-P097,H2008P1ED252,H2008P1ED252,2008,1,EDUCACION FISICA,97,97,direct_canonical,official_conaliteg_source_jpeg_sha256_verified,https://historico.conaliteg.gob.mx/c/H2008P1ED252/097.jpg,319122,e427fa5faa29844f6b5b33040ba90ccdcbac56560014f2157bd7b543097dd50a,source_jpeg
LTMD_U1_W9_EDUCACION_FISICA_PROCESSING_TOPOLOGY_0.1,U1-H2008P1ED252-P098,H2008P1ED252,H2008P1ED252,2008,1,EDUCACION FISICA,98,98,direct_canonical,official_conaliteg_source_jpeg_sha256_verified,https://historico.conaliteg.gob.mx/c/H2008P1ED252/098.jpg,305880,3e45939dc23e0b665bbb43bf56c02e2717c03a168e9d032cbc812a7fe9bb3f0f,source_jpeg
LTMD_U1_W9_EDUCACION_FISICA_PROCESSING_TOPOLOGY_0.1,U1-H2008P1ED252-P099,H2008P1ED252,H2008P1ED252,2008,1,EDUCACION FISICA,99,99,direct_canonical,official_conaliteg_source_jpeg_sha256_verified,https://historico.conaliteg.gob.mx/c/H2008P1ED252/099.jpg,313188,4aa463e25976c5431d92dc4e359e0224b26d1f7642f73ab184cea12951b5b277,source_jpeg
LTMD_U1_W9_EDUCACION_FISICA_PROCESSING_TOPOLOGY_0.1,U1-H2008P1ED252-P100,H2008P1ED252,H2008P1ED252,2008,1,EDUCACION FISICA,100,100,direct_canonical,official_conaliteg_source_jpeg_sha256_verified,https://historico.conaliteg.gob.mx/c/H2008P1ED252/100.jpg,386616,17e1628f922ffc0b4b4869d07fafcdfd90d312c86a46e5bba85194674624d6a8,source_jpeg
LTMD_U1_W9_EDUCACION_FISICA_PROCESSING_TOPOLOGY_0.1,U1-H2008P1ED252-P101,H2008P1ED252,H2008P1ED252,2008,1,EDUCACION FISICA,101,101,direct_canonical,official_conaliteg_source_jpeg_sha256_verified,https://historico.conaliteg.gob.mx/c/H2008P1ED252/101.jpg,260495,4563777ffd25debf63091d28c71c7783e95bc5ac1e82aedc6501427b81d949cd,source_jpeg
LTMD_U1_W9_EDUCACION_FISICA_PROCESSING_TOPOLOGY_0.1,U1-H2008P1ED252-P102,H2008P1ED252,H2008P1ED252,2008,1,EDUCACION FISICA,102,102,direct_canonical,official_conaliteg_source_jpeg_sha256_verified,https://historico.conaliteg.gob.mx/c/H2008P1ED252/102.jpg,214748,0661a6a1ddeed8600ae852d631599c2c28bc8a378d754efa2cbe8a80005ce441,source_jpeg
LTMD_U1_W9_EDUCACION_FISICA_PROCESSING_TOPOLOGY_0.1,U1-H2008P1ED252-P103,H2008P1ED252,H2008P1ED252,2008,1,EDUCACION FISICA,103,103,direct_canonical,official_conaliteg_source_jpeg_sha256_verified,https://historico.conaliteg.gob.mx/c/H2008P1ED252/103.jpg,194457,683eea983771c7c9be00fa86e05c29d38ff279fdf40776761944430d8871777c,source_jpeg
LTMD_U1_W9_EDUCACION_FISICA_PROCESSING_TOPOLOGY_0.1,U1-H2008P1ED252-P104,H2008P1ED252,H2008P1ED252,2008,1,EDUCACION FISICA,104,104,direct_canonical,official_conaliteg_source_jpeg_sha256_verified,https://historico.conaliteg.gob.mx/c/H2008P1ED252/104.jpg,177345,5bad64c4604020b1300c24e5dba06fe76170f9b35f80463a4a761b7c8a161fa1,source_jpeg
LTMD_U1_W9_EDUCACION_FISICA_PROCESSING_TOPOLOGY_0.1,U1-H2008P1ED252-P105,H2008P1ED252,H2008P1ED252,2008,1,EDUCACION FISICA,105,105,direct_canonical,official_conaliteg_source_jpeg_sha256_verified,https://historico.conaliteg.gob.mx/c/H2008P1ED252/105.jpg,208857,7484c0fc3f7abff0683ca18f8ae8d2f1498806d07a8e09898adccd06b3d152d5,source_jpeg
LTMD_U1_W9_EDUCACION_FISICA_PROCESSING_TOPOLOGY_0.1,U1-H2008P1ED252-P106,H2008P1ED252,H2008P1ED252,2008,1,EDUCACION FISICA,106,106,direct_canonical,official_conaliteg_source_jpeg_sha256_verified,https://historico.conaliteg.gob.mx/c/H2008P1ED252/106.jpg,202421,b0faeb6c609945c676ab1c95d7118854a4b629c797cf4caf06a47ac9559d81d5,source_jpeg
LTMD_U1_W9_EDUCACION_FISICA_PROCESSING_TOPOLOGY_0.1,U1-H2008P1ED252-P107,H2008P1ED252,H2008P1ED252,2008,1,EDUCACION FISICA,107,107,direct_canonical,official_conaliteg_source_jpeg_sha256_verified,https://historico.conaliteg.gob.mx/c/H2008P1ED252/107.jpg,424205,fbe468e750dbe1505e03b4e35d7b1c7bfb956da500593b3df9405093388f219b,source_jpeg
LTMD_U1_W9_EDUCACION_FISICA_PROCESSING_TOPOLOGY_0.1,U1-H2008P1ED252-P108,H2008P1ED252,H2008P1ED252,2008,1,EDUCACION FISICA,108,108,direct_canonical,official_conaliteg_source_jpeg_sha256_verified,https://historico.conaliteg.gob.mx/c/H2008P1ED252/108.jpg,350861,67cd17fd5df9e3892b4507307681603a90d8b899072a02ac5a34dd5bfa3ca224,source_jpeg
LTMD_U1_W9_EDUCACION_FISICA_PROCESSING_TOPOLOGY_0.1,U1-H2008P1ED252-P109,H2008P1ED252,H2008P1ED252,2008,1,EDUCACION FISICA,109,109,direct_canonical,official_conaliteg_source_jpeg_sha256_verified,https://historico.conaliteg.gob.mx/c/H2008P1ED252/109.jpg,285547,cc22b527ee0449ecb795c6bce421b5b8e4a8a71642e1c8847b4ece197fe9810e,source_jpeg
LTMD_U1_W9_EDUCACION_FISICA_PROCESSING_TOPOLOGY_0.1,U1-H2008P1ED252-P110,H2008P1ED252,H2008P1ED252,2008,1,EDUCACION FISICA,110,110,direct_canonical,official_conaliteg_source_jpeg_sha256_verified,https://historico.conaliteg.gob.mx/c/H2008P1ED252/110.jpg,285426,c0d532e896c54745e3ff72af7b28ff1e226bbad844ba75e8f54592b3bc342678,source_jpeg
LTMD_U1_W9_EDUCACION_FISICA_PROCESSING_TOPOLOGY_0.1,U1-H2008P1ED252-P111,H2008P1ED252,H2008P1ED252,2008,1,EDUCACION FISICA,111,111,direct_canonical,official_conaliteg_source_jpeg_sha256_verified,https://historico.conaliteg.gob.mx/c/H2008P1ED252/111.jpg,261170,ede15e824bbf400b08372c3fa6aad062cd262a39095cacac41439fbdb4a44892,source_jpeg
LTMD_U1_W9_EDUCACION_FISICA_PROCESSING_TOPOLOGY_0.1,U1-H2008P1ED252-P112,H2008P1ED252,H2008P1ED252,2008,1,EDUCACION FISICA,112,112,direct_canonical,official_conaliteg_source_jpeg_sha256_verified,https://historico.conaliteg.gob.mx/c/H2008P1ED252/112.jpg,147632,0c20286395587ef34de7c8f88edcb7679ba17275e25954673eca940c9a305cb4,source_jpeg
LTMD_U1_W9_EDUCACION_FISICA_PROCESSING_TOPOLOGY_0.1,U1-H2008P1ED252-P113,H2008P1ED252,H2008P1ED252,2008,1,EDUCACION FISICA,113,113,direct_canonical,official_conaliteg_source_jpeg_sha256_verified,https://historico.conaliteg.gob.mx/c/H2008P1ED252/113.jpg,219139,97fe48479f6739710b7ddc5a767b93913c9e33011c783f0e4f3c1939f1702a70,source_jpeg
LTMD_U1_W9_EDUCACION_FISICA_PROCESSING_TOPOLOGY_0.1,U1-H2008P1ED252-P114,H2008P1ED252,H2008P1ED252,2008,1,EDUCACION FISICA,114,114,direct_canonical,official_conaliteg_source_jpeg_sha256_verified,https://historico.conaliteg.gob.mx/c/H2008P1ED252/114.jpg,190759,29e17a67d5bbecae69a3c4ba625f0062e0ab2232610fa45752b466961ea1ae4e,source_jpeg
LTMD_U1_W9_EDUCACION_FISICA_PROCESSING_TOPOLOGY_0.1,U1-H2008P2ED260-P001,H2008P2ED260,H2008P2ED260,2008,2,EDUCACION FISICA,1,0,direct_canonical,official_conaliteg_source_jpeg_sha256_verified,https://historico.conaliteg.gob.mx/c/H2008P2ED260/000.jpg,171777,b4370637dc22ecdb10b52ae55df3aba88d52d928e041986b162df68738c869d8,source_jpeg
LTMD_U1_W9_EDUCACION_FISICA_PROCESSING_TOPOLOGY_0.1,U1-H2008P2ED260-P002,H2008P2ED260,H2008P2ED260,2008,2,EDUCACION FISICA,2,2,direct_canonical,official_conaliteg_source_jpeg_sha256_verified,https://historico.conaliteg.gob.mx/c/H2008P2ED260/002.jpg,68657,c09a49fd93050ba72212b7e8c34d70f3ee75aedc2983e591639a0ed179be2824,source_jpeg
LTMD_U1_W9_EDUCACION_FISICA_PROCESSING_TOPOLOGY_0.1,U1-H2008P2ED260-P003,H2008P2ED260,H2008P2ED260,2008,2,EDUCACION FISICA,3,3,direct_canonical,official_conaliteg_source_jpeg_sha256_verified,https://historico.conaliteg.gob.mx/c/H2008P2ED260/003.jpg,83118,92eef266157364e0e705910e27a67b1818483ab4c3c15f0dad2dcb1e3e3b3707,source_jpeg
LTMD_U1_W9_EDUCACION_FISICA_PROCESSING_TOPOLOGY_0.1,U1-H2008P2ED260-P004,H2008P2ED260,H2008P2ED260,2008,2,EDUCACION FISICA,4,4,direct_canonical,official_conaliteg_source_jpeg_sha256_verified,https://historico.conaliteg.gob.mx/c/H2008P2ED260/004.jpg,58511,3760c636c29152ecb054d3ebd7729b73e585164168ec6f69bc102f955b1418fb,source_jpeg
LTMD_U1_W9_EDUCACION_FISICA_PROCESSING_TOPOLOGY_0.1,U1-H2008P2ED260-P005,H2008P2ED260,H2008P2ED260,2008,2,EDUCACION FISICA,5,5,direct_canonical,official_conaliteg_source_jpeg_sha256_verified,https://historico.conaliteg.gob.mx/c/H2008P2ED260/005.jpg,53168,aa77bc38b0e42260076831f8baabee0670ec80a7271930d1bcd4de77ae220317,source_jpeg
LTMD_U1_W9_EDUCACION_FISICA_PROCESSING_TOPOLOGY_0.1,U1-H2008P2ED260-P006,H2008P2ED260,H2008P2ED260,2008,2,EDUCACION FISICA,6,6,direct_canonical,official_conaliteg_source_jpeg_sha256_verified,https://historico.conaliteg.gob.mx/c/H2008P2ED260/006.jpg,44245,1d513e35d72f30e444f3d5031bb3040ed35f098930ba897fcd0d318ba13644ed,source_jpeg
LTMD_U1_W9_EDUCACION_FISICA_PROCESSING_TOPOLOGY_0.1,U1-H2008P2ED260-P007,H2008P2ED260,H2008P2ED260,2008,2,EDUCACION FISICA,7,7,direct_canonical,official_conaliteg_source_jpeg_sha256_verified,https://historico.conaliteg.gob.mx/c/H2008P2ED260/007.jpg,74576,3e99f319c338ac277c75cdc86186991c61c90867a2904aa5724dd2e0d3098e72,source_jpeg
LTMD_U1_W9_EDUCACION_FISICA_PROCESSING_TOPOLOGY_0.1,U1-H2008P2ED260-P008,H2008P2ED260,H2008P2ED260,2008,2,EDUCACION FISICA,8,8,direct_canonical,official_conaliteg_source_jpeg_sha256_verified,https://historico.conaliteg.gob.mx/c/H2008P2ED260/008.jpg,46949,2549d6f8baf62284f588643090d9bbeb01602baad0eb37efed5ac617697ba444,source_jpeg
LTMD_U1_W9_EDUCACION_FISICA_PROCESSING_TOPOLOGY_0.1,U1-H2008P2ED260-P009,H2008P2ED260,H2008P2ED260,2008,2,EDUCACION FISICA,9,9,direct_canonical,official_conaliteg_source_jpeg_sha256_verified,https://historico.conaliteg.gob.mx/c/H2008P2ED260/009.jpg,53449,c111bb24f186cf575c6d649192f7ca2da6a55d7b5c59c66158d8bdbd3a2a7782,source_jpeg
LTMD_U1_W9_EDUCACION_FISICA_PROCESSING_TOPOLOGY_0.1,U1-H2008P2ED260-P010,H2008P2ED260,H2008P2ED260,2008,2,EDUCACION FISICA,10,10,direct_canonical,official_conaliteg_source_jpeg_sha256_verified,https://historico.conaliteg.gob.mx/c/H2008P2ED260/010.jpg,60591,88c9bd69af85a5663061a2b42538c90b34af91527401b0494e5f784a80ca854c,source_jpeg
LTMD_U1_W9_EDUCACION_FISICA_PROCESSING_TOPOLOGY_0.1,U1-H2008P2ED260-P011,H2008P2ED260,H2008P2ED260,2008,2,EDUCACION FISICA,11,11,direct_canonical,official_conaliteg_source_jpeg_sha256_verified,https://historico.conaliteg.gob.mx/c/H2008P2ED260/011.jpg,65004,1ce1becd4f292c35d54a57133a831cb81bf167ca87925352207e29b49824311c,source_jpeg
LTMD_U1_W9_EDUCACION_FISICA_PROCESSING_TOPOLOGY_0.1,U1-H2008P2ED260-P012,H2008P2ED260,H2008P2ED260,2008,2,EDUCACION FISICA,12,12,direct_canonical,official_conaliteg_source_jpeg_sha256_verified,https://historico.conaliteg.gob.mx/c/H2008P2ED260/012.jpg,60423,82c7948bca5116bea80b860704bb457ea61f3cd45f6327a6774538bf721fd9d7,source_jpeg
LTMD_U1_W9_EDUCACION_FISICA_PROCESSING_TOPOLOGY_0.1,U1-H2008P2ED260-P013,H2008P2ED260,H2008P2ED260,2008,2,EDUCACION FISICA,13,13,direct_canonical,official_conaliteg_source_jpeg_sha256_verified,https://historico.conaliteg.gob.mx/c/H2008P2ED260/013.jpg,55347,c71d4ec2105da7be1b743686a35c76e80b8942e89ad07cf5de87f882317350a0,source_jpeg
LTMD_U1_W9_EDUCACION_FISICA_PROCESSING_TOPOLOGY_0.1,U1-H2008P2ED260-P014,H2008P2ED260,H2008P2ED260,2008,2,EDUCACION FISICA,14,14,direct_canonical,official_conaliteg_source_jpeg_sha256_verified,https://historico.conaliteg.gob.mx/c/H2008P2ED260/014.jpg,55165,f0a2d0902ed7b2676ad1f15dee08f5645b8d11e80131f4bd026ccd23128480ea,source_jpeg
LTMD_U1_W9_EDUCACION_FISICA_PROCESSING_TOPOLOGY_0.1,U1-H2008P2ED260-P015,H2008P2ED260,H2008P2ED260,2008,2,EDUCACION FISICA,15,15,direct_canonical,official_conaliteg_source_jpeg_sha256_verified,https://historico.conaliteg.gob.mx/c/H2008P2ED260/015.jpg,57163,141a8d07afc21ead93fa050ac2b339be7f79d0475e0f3b4df92cb6239a966d0c,source_jpeg
LTMD_U1_W9_EDUCACION_FISICA_PROCESSING_TOPOLOGY_0.1,U1-H2008P2ED260-P016,H2008P2ED260,H2008P2ED260,2008,2,EDUCACION FISICA,16,16,direct_canonical,official_conaliteg_source_jpeg_sha256_verified,https://historico.conaliteg.gob.mx/c/H2008P2ED260/016.jpg,56917,edcb94d067ff8366ecbf1a6f5369107e8382b622478ac51a8cd30992a7edc2a3,source_jpeg
LTMD_U1_W9_EDUCACION_FISICA_PROCESSING_TOPOLOGY_0.1,U1-H2008P2ED260-P017,H2008P2ED260,H2008P2ED260,2008,2,EDUCACION FISICA,17,17,direct_canonical,official_conaliteg_source_jpeg_sha256_verified,https://historico.conaliteg.gob.mx/c/H2008P2ED260/017.jpg,64504,3bbb821986f126ff85a1275aa2b3fa61eced0228596f14a6288de1111659032f,source_jpeg
LTMD_U1_W9_EDUCACION_FISICA_PROCESSING_TOPOLOGY_0.1,U1-H2008P2ED260-P018,H2008P2ED260,H2008P2ED260,2008,2,EDUCACION FISICA,18,18,direct_canonical,official_conaliteg_source_jpeg_sha256_verified,https://historico.conaliteg.gob.mx/c/H2008P2ED260/018.jpg,51521,d24c0206c9fe181471ade0d1650b98f8909c2f27d0a2662ad897ced5d77ec28e,source_jpeg
LTMD_U1_W9_EDUCACION_FISICA_PROCESSING_TOPOLOGY_0.1,U1-H2008P2ED260-P019,H2008P2ED260,H2008P2ED260,2008,2,EDUCACION FISICA,19,19,direct_canonical,official_conaliteg_source_jpeg_sha256_verified,https://historico.conaliteg.gob.mx/c/H2008P2ED260/019.jpg,59264,4e9bc1526056e3a183bd98248ede349580f81470c8efbe12126c3b2e9a505cbd,source_jpeg
LTMD_U1_W9_EDUCACION_FISICA_PROCESSING_TOPOLOGY_0.1,U1-H2008P2ED260-P020,H2008P2ED260,H2008P2ED260,2008,2,EDUCACION FISICA,20,20,direct_canonical,official_conaliteg_source_jpeg_sha256_verified,https://historico.conaliteg.gob.mx/c/H2008P2ED260/020.jpg,55145,0aca4bebddc21712b99311895225a1afed426b04eb8fb3861eee4da23cb59225,source_jpeg
LTMD_U1_W9_EDUCACION_FISICA_PROCESSING_TOPOLOGY_0.1,U1-H2008P2ED260-P021,H2008P2ED260,H2008P2ED260,2008,2,EDUCACION FISICA,21,21,direct_canonical,official_conaliteg_source_jpeg_sha256_verified,https://historico.conaliteg.gob.mx/c/H2008P2ED260/021.jpg,64885,9928b7c2a957b26a083ff8f134cf995fc5fcc82fcadd61e531a11c6f50c5bddb,source_jpeg
LTMD_U1_W9_EDUCACION_FISICA_PROCESSING_TOPOLOGY_0.1,U1-H2008P2ED260-P022,H2008P2ED260,H2008P2ED260,2008,2,EDUCACION FISICA,22,22,direct_canonical,official_conaliteg_source_jpeg_sha256_verified,https://historico.conaliteg.gob.mx/c/H2008P2ED260/022.jpg,57538,988a0a84ab5e5b7a405c3c83dcfc765385a0adcfb25253a20a3baca10894808b,source_jpeg
LTMD_U1_W9_EDUCACION_FISICA_PROCESSING_TOPOLOGY_0.1,U1-H2008P2ED260-P023,H2008P2ED260,H2008P2ED260,2008,2,EDUCACION FISICA,23,23,direct_canonical,official_conaliteg_source_jpeg_sha256_verified,https://historico.conaliteg.gob.mx/c/H2008P2ED260/023.jpg,67078,c1faf9cd208ec42ed789c61808de54d190efefd75130e72358eb1fef8998dcc1,source_jpeg
LTMD_U1_W9_EDUCACION_FISICA_PROCESSING_TOPOLOGY_0.1,U1-H2008P2ED260-P024,H2008P2ED260,H2008P2ED260,2008,2,EDUCACION FISICA,24,24,direct_canonical,official_conaliteg_source_jpeg_sha256_verified,https://historico.conaliteg.gob.mx/c/H2008P2ED260/024.jpg,51680,2911b2052346f3be3c83c66fe351436f68c739a06d283b3d04acae4bbde9b0cd,source_jpeg
LTMD_U1_W9_EDUCACION_FISICA_PROCESSING_TOPOLOGY_0.1,U1-H2008P2ED260-P025,H2008P2ED260,H2008P2ED260,2008,2,EDUCACION FISICA,25,25,direct_canonical,official_conaliteg_source_jpeg_sha256_verified,https://historico.conaliteg.gob.mx/c/H2008P2ED260/025.jpg,54174,f5b49a7d0e28001d4f633927af171e17032b543d83eccbafe2656cecefca3a1b,source_jpeg
LTMD_U1_W9_EDUCACION_FISICA_PROCESSING_TOPOLOGY_0.1,U1-H2008P2ED260-P026,H2008P2ED260,H2008P2ED260,2008,2,EDUCACION FISICA,26,26,direct_canonical,official_conaliteg_source_jpeg_sha256_verified,https://historico.conaliteg.gob.mx/c/H2008P2ED260/026.jpg,65527,90e78bd705a5e1149520a8bc175e95e382b84ae0d43c32b9056efbfde6160e34,source_jpeg
LTMD_U1_W9_EDUCACION_FISICA_PROCESSING_TOPOLOGY_0.1,U1-H2008P2ED260-P027,H2008P2ED260,H2008P2ED260,2008,2,EDUCACION FISICA,27,27,direct_canonical,official_conaliteg_source_jpeg_sha256_verified,https://historico.conaliteg.gob.mx/c/H2008P2ED260/027.jpg,64598,e653156cb1ae8420351ded121d07b7553bff02419f7a949a11bdc50e80b22950,source_jpeg
LTMD_U1_W9_EDUCACION_FISICA_PROCESSING_TOPOLOGY_0.1,U1-H2008P2ED260-P028,H2008P2ED260,H2008P2ED260,2008,2,EDUCACION FISICA,28,28,direct_canonical,official_conaliteg_source_jpeg_sha256_verified,https://historico.conaliteg.gob.mx/c/H2008P2ED260/028.jpg,50690,87e4619f9b61b59d90ff219ed00acd89b78adbfabe396fbe38d88ae208b94e5b,source_jpeg
LTMD_U1_W9_EDUCACION_FISICA_PROCESSING_TOPOLOGY_0.1,U1-H2008P2ED260-P029,H2008P2ED260,H2008P2ED260,2008,2,EDUCACION FISICA,29,29,direct_canonical,official_conaliteg_source_jpeg_sha256_verified,https://historico.conaliteg.gob.mx/c/H2008P2ED260/029.jpg,54110,238fb15fd25e4ad35576ea7cf4f3293627e643c229cbc330153ce698b97930d9,source_jpeg
LTMD_U1_W9_EDUCACION_FISICA_PROCESSING_TOPOLOGY_0.1,U1-H2008P2ED260-P030,H2008P2ED260,H2008P2ED260,2008,2,EDUCACION FISICA,30,30,direct_canonical,official_conaliteg_source_jpeg_sha256_verified,https://historico.conaliteg.gob.mx/c/H2008P2ED260/030.jpg,59185,dbe66e0a9ac49cd505d57cf98c4d93358e923a00027ad4bf0ddc8e2df1d0da0a,source_jpeg
LTMD_U1_W9_EDUCACION_FISICA_PROCESSING_TOPOLOGY_0.1,U1-H2008P2ED260-P031,H2008P2ED260,H2008P2ED260,2008,2,EDUCACION FISICA,31,31,direct_canonical,official_conaliteg_source_jpeg_sha256_verified,https://historico.conaliteg.gob.mx/c/H2008P2ED260/031.jpg,63025,7c544f9fead2865e72b265676853c04bfea7cbce78287bee5b411d3895035b4c,source_jpeg
LTMD_U1_W9_EDUCACION_FISICA_PROCESSING_TOPOLOGY_0.1,U1-H2008P2ED260-P032,H2008P2ED260,H2008P2ED260,2008,2,EDUCACION FISICA,32,32,direct_canonical,official_conaliteg_source_jpeg_sha256_verified,https://historico.conaliteg.gob.mx/c/H2008P2ED260/032.jpg,55115,35428fd7aad4a056c2b44747e5903cfb9cd323ab8ef1f39ff17c2c292e79940e,source_jpeg
LTMD_U1_W9_EDUCACION_FISICA_PROCESSING_TOPOLOGY_0.1,U1-H2008P2ED260-P033,H2008P2ED260,H2008P2ED260,2008,2,EDUCACION FISICA,33,33,direct_canonical,official_conaliteg_source_jpeg_sha256_verified,https://historico.conaliteg.gob.mx/c/H2008P2ED260/033.jpg,47615,655aefff831503d138b495ed6ae82e31c0cd83526a61af5ae1a31ab1d86a09f1,source_jpeg
LTMD_U1_W9_EDUCACION_FISICA_PROCESSING_TOPOLOGY_0.1,U1-H2008P2ED260-P034,H2008P2ED260,H2008P2ED260,2008,2,EDUCACION FISICA,34,34,direct_canonical,official_conaliteg_source_jpeg_sha256_verified,https://historico.conaliteg.gob.mx/c/H2008P2ED260/034.jpg,49985,e7199c62f2816c167c52fcdf17c8845095e55341e21c9210ebea94e49c999ea5,source_jpeg
LTMD_U1_W9_EDUCACION_FISICA_PROCESSING_TOPOLOGY_0.1,U1-H2008P2ED260-P035,H2008P2ED260,H2008P2ED260,2008,2,EDUCACION FISICA,35,35,direct_canonical,official_conaliteg_source_jpeg_sha256_verified,https://historico.conaliteg.gob.mx/c/H2008P2ED260/035.jpg,45036,c353aa6aa0c4e5457cf9329397699766e647a6931c6bd74bc54ef83b1f82ccfd,source_jpeg
LTMD_U1_W9_EDUCACION_FISICA_PROCESSING_TOPOLOGY_0.1,U1-H2008P2ED260-P036,H2008P2ED260,H2008P2ED260,2008,2,EDUCACION FISICA,36,36,direct_canonical,official_conaliteg_source_jpeg_sha256_verified,https://historico.conaliteg.gob.mx/c/H2008P2ED260/036.jpg,57049,37044103cb9b1e0e9bc7c38e1da61d2239d491aafd83b6e0d2202fdd8e13873d,source_jpeg
LTMD_U1_W9_EDUCACION_FISICA_PROCESSING_TOPOLOGY_0.1,U1-H2008P2ED260-P037,H2008P2ED260,H2008P2ED260,2008,2,EDUCACION FISICA,37,37,direct_canonical,official_conaliteg_source_jpeg_sha256_verified,https://historico.conaliteg.gob.mx/c/H2008P2ED260/037.jpg,48239,83adb42ef292e4564463e244c53795c3fa0d1000808135f0924d1b95a89c7188,source_jpeg
LTMD_U1_W9_EDUCACION_FISICA_PROCESSING_TOPOLOGY_0.1,U1-H2008P2ED260-P038,H2008P2ED260,H2008P2ED260,2008,2,EDUCACION FISICA,38,38,direct_canonical,official_conaliteg_source_jpeg_sha256_verified,https://historico.conaliteg.gob.mx/c/H2008P2ED260/038.jpg,58004,aa463b13803216219cce1f183ac9e97b8f6fef9bd7999e401e144a17e34e5d09,source_jpeg
LTMD_U1_W9_EDUCACION_FISICA_PROCESSING_TOPOLOGY_0.1,U1-H2008P2ED260-P039,H2008P2ED260,H2008P2ED260,2008,2,EDUCACION FISICA,39,39,direct_canonical,official_conaliteg_source_jpeg_sha256_verified,https://historico.conaliteg.gob.mx/c/H2008P2ED260/039.jpg,58924,f8f9a53ad96852dd365de75545fe79c0dedb53722bea238b6dc01264f3238ebb,source_jpeg
LTMD_U1_W9_EDUCACION_FISICA_PROCESSING_TOPOLOGY_0.1,U1-H2008P2ED260-P040,H2008P2ED260,H2008P2ED260,2008,2,EDUCACION FISICA,40,40,direct_canonical,official_conaliteg_source_jpeg_sha256_verified,https://historico.conaliteg.gob.mx/c/H2008P2ED260/040.jpg,59687,99b1b5a5fd7969854f06e65e1ff8c697cf565990847f4197a99c6001476b28a7,source_jpeg
LTMD_U1_W9_EDUCACION_FISICA_PROCESSING_TOPOLOGY_0.1,U1-H2008P2ED260-P041,H2008P2ED260,H2008P2ED260,2008,2,EDUCACION FISICA,41,41,direct_canonical,official_conaliteg_source_jpeg_sha256_verified,https://historico.conaliteg.gob.mx/c/H2008P2ED260/041.jpg,66390,060f6ca3d0846d988b741dac37c3885029e560a0ee8ad7c5c253b42e866472da,source_jpeg
LTMD_U1_W9_EDUCACION_FISICA_PROCESSING_TOPOLOGY_0.1,U1-H2008P2ED260-P042,H2008P2ED260,H2008P2ED260,2008,2,EDUCACION FISICA,42,42,direct_canonical,official_conaliteg_source_jpeg_sha256_verified,https://historico.conaliteg.gob.mx/c/H2008P2ED260/042.jpg,68049,a6563b57b18524ca109334a177cb22aef653c7d589d45ba82fd1cdcec436f97a,source_jpeg
LTMD_U1_W9_EDUCACION_FISICA_PROCESSING_TOPOLOGY_0.1,U1-H2008P2ED260-P043,H2008P2ED260,H2008P2ED260,2008,2,EDUCACION FISICA,43,43,direct_canonical,official_conaliteg_source_jpeg_sha256_verified,https://historico.conaliteg.gob.mx/c/H2008P2ED260/043.jpg,49283,811ea4b4f1c1839008e01b81d13fbfde95538f37149575f5b0860caad5daa6e6,source_jpeg
LTMD_U1_W9_EDUCACION_FISICA_PROCESSING_TOPOLOGY_0.1,U1-H2008P2ED260-P044,H2008P2ED260,H2008P2ED260,2008,2,EDUCACION FISICA,44,44,direct_canonical,official_conaliteg_source_jpeg_sha256_verified,https://historico.conaliteg.gob.mx/c/H2008P2ED260/044.jpg,60321,e2cc6b67981f39f149851e8c63bc303e201b41db2d065cb130af3449a1c92b06,source_jpeg
LTMD_U1_W9_EDUCACION_FISICA_PROCESSING_TOPOLOGY_0.1,U1-H2008P2ED260-P045,H2008P2ED260,H2008P2ED260,2008,2,EDUCACION FISICA,45,45,direct_canonical,official_conaliteg_source_jpeg_sha256_verified,https://historico.conaliteg.gob.mx/c/H2008P2ED260/045.jpg,57349,b91a2f87947f8051425cc0e62b6918d26b82b42337fd44ba04c63ce7386f188c,source_jpeg
LTMD_U1_W9_EDUCACION_FISICA_PROCESSING_TOPOLOGY_0.1,U1-H2008P2ED260-P046,H2008P2ED260,H2008P2ED260,2008,2,EDUCACION FISICA,46,46,direct_canonical,official_conaliteg_source_jpeg_sha256_verified,https://historico.conaliteg.gob.mx/c/H2008P2ED260/046.jpg,53977,b93079fa2b5a0ac6aac0f9664549fca9f6abfb5c42e2db1e8e495502079ba7d2,source_jpeg
LTMD_U1_W9_EDUCACION_FISICA_PROCESSING_TOPOLOGY_0.1,U1-H2008P2ED260-P047,H2008P2ED260,H2008P2ED260,2008,2,EDUCACION FISICA,47,47,direct_canonical,official_conaliteg_source_jpeg_sha256_verified,https://historico.conaliteg.gob.mx/c/H2008P2ED260/047.jpg,56881,38eb68b30c1bfde9fe9f610fa4c7458704999896c8d9a5ba49d2566ad4a415d5,source_jpeg
LTMD_U1_W9_EDUCACION_FISICA_PROCESSING_TOPOLOGY_0.1,U1-H2008P2ED260-P048,H2008P2ED260,H2008P2ED260,2008,2,EDUCACION FISICA,48,48,direct_canonical,official_conaliteg_source_jpeg_sha256_verified,https://historico.conaliteg.gob.mx/c/H2008P2ED260/048.jpg,60166,4701ff1974b0cb40e2b38ca744bf8be7040e0dd4d01dc3e0e8a242be035af52c,source_jpeg
LTMD_U1_W9_EDUCACION_FISICA_PROCESSING_TOPOLOGY_0.1,U1-H2008P2ED260-P049,H2008P2ED260,H2008P2ED260,2008,2,EDUCACION FISICA,49,49,direct_canonical,official_conaliteg_source_jpeg_sha256_verified,https://historico.conaliteg.gob.mx/c/H2008P2ED260/049.jpg,46343,874616b1261b3cecf12a56d9f4c41b9378b731a6c5ed1fc503dc6c766e5b0365,source_jpeg
LTMD_U1_W9_EDUCACION_FISICA_PROCESSING_TOPOLOGY_0.1,U1-H2008P2ED260-P050,H2008P2ED260,H2008P2ED260,2008,2,EDUCACION FISICA,50,50,direct_canonical,official_conaliteg_source_jpeg_sha256_verified,https://historico.conaliteg.gob.mx/c/H2008P2ED260/050.jpg,64170,96466282811f416d849b80c430b0c58f04ce5d43527b317dc60c97316edd3c96,source_jpeg
LTMD_U1_W9_EDUCACION_FISICA_PROCESSING_TOPOLOGY_0.1,U1-H2008P2ED260-P051,H2008P2ED260,H2008P2ED260,2008,2,EDUCACION FISICA,51,51,direct_canonical,official_conaliteg_source_jpeg_sha256_verified,https://historico.conaliteg.gob.mx/c/H2008P2ED260/051.jpg,62732,606ba06a3475066eeb863080fe426449725c8c117242291802d91149cc5e0737,source_jpeg
LTMD_U1_W9_EDUCACION_FISICA_PROCESSING_TOPOLOGY_0.1,U1-H2008P2ED260-P052,H2008P2ED260,H2008P2ED260,2008,2,EDUCACION FISICA,52,52,direct_canonical,official_conaliteg_source_jpeg_sha256_verified,https://historico.conaliteg.gob.mx/c/H2008P2ED260/052.jpg,59848,9c097ee6c0f12c062f7bea73f746b92a20531bd734f29266c5c63e005ccc6e91,source_jpeg
LTMD_U1_W9_EDUCACION_FISICA_PROCESSING_TOPOLOGY_0.1,U1-H2008P2ED260-P053,H2008P2ED260,H2008P2ED260,2008,2,EDUCACION FISICA,53,53,direct_canonical,official_conaliteg_source_jpeg_sha256_verified,https://historico.conaliteg.gob.mx/c/H2008P2ED260/053.jpg,46479,7cfc1cfcc00b5880d444070986515e663260891c83ad8554a020aa23754ce49b,source_jpeg
LTMD_U1_W9_EDUCACION_FISICA_PROCESSING_TOPOLOGY_0.1,U1-H2008P2ED260-P054,H2008P2ED260,H2008P2ED260,2008,2,EDUCACION FISICA,54,54,direct_canonical,official_conaliteg_source_jpeg_sha256_verified,https://historico.conaliteg.gob.mx/c/H2008P2ED260/054.jpg,63260,6ff99cf99a735b5138464d869b8a0e95633324378bb0575c4c4217ef28757ddf,source_jpeg
LTMD_U1_W9_EDUCACION_FISICA_PROCESSING_TOPOLOGY_0.1,U1-H2008P2ED260-P055,H2008P2ED260,H2008P2ED260,2008,2,EDUCACION FISICA,55,55,direct_canonical,official_conaliteg_source_jpeg_sha256_verified,https://historico.conaliteg.gob.mx/c/H2008P2ED260/055.jpg,65267,08bae3cf95bf736caefc621b2e243e1b5f717b7cc2aa9e87e4bdda8b3fcd911b,source_jpeg
LTMD_U1_W9_EDUCACION_FISICA_PROCESSING_TOPOLOGY_0.1,U1-H2008P2ED260-P056,H2008P2ED260,H2008P2ED260,2008,2,EDUCACION FISICA,56,56,direct_canonical,official_conaliteg_source_jpeg_sha256_verified,https://historico.conaliteg.gob.mx/c/H2008P2ED260/056.jpg,54306,88a0a94ab6a2e1861d501294287bc00a917b6e79b0e05b930423e47db676b268,source_jpeg
LTMD_U1_W9_EDUCACION_FISICA_PROCESSING_TOPOLOGY_0.1,U1-H2008P2ED260-P057,H2008P2ED260,H2008P2ED260,2008,2,EDUCACION FISICA,57,57,direct_canonical,official_conaliteg_source_jpeg_sha256_verified,https://historico.conaliteg.gob.mx/c/H2008P2ED260/057.jpg,39607,253eb941c3c0ec4a85df40644651e4ca13c5629b1b3ae2a4482c49c9b7a356a3,source_jpeg
LTMD_U1_W9_EDUCACION_FISICA_PROCESSING_TOPOLOGY_0.1,U1-H2008P2ED260-P058,H2008P2ED260,H2008P2ED260,2008,2,EDUCACION FISICA,58,58,direct_canonical,official_conaliteg_source_jpeg_sha256_verified,https://historico.conaliteg.gob.mx/c/H2008P2ED260/058.jpg,55343,c78b6d8bf7c52f9cf92cc04435f6418c6269b3ddc8bf6460ad0ca95c7455a2cd,source_jpeg
LTMD_U1_W9_EDUCACION_FISICA_PROCESSING_TOPOLOGY_0.1,U1-H2008P2ED260-P059,H2008P2ED260,H2008P2ED260,2008,2,EDUCACION FISICA,59,59,direct_canonical,official_conaliteg_source_jpeg_sha256_verified,https://historico.conaliteg.gob.mx/c/H2008P2ED260/059.jpg,54252,6b6589c2fac118a8b6ef267f170bac6c6cd38cf120f3386a6afee11f01f33c85,source_jpeg
LTMD_U1_W9_EDUCACION_FISICA_PROCESSING_TOPOLOGY_0.1,U1-H2008P2ED260-P060,H2008P2ED260,H2008P2ED260,2008,2,EDUCACION FISICA,60,60,direct_canonical,official_conaliteg_source_jpeg_sha256_verified,https://historico.conaliteg.gob.mx/c/H2008P2ED260/060.jpg,59721,ba8fbbbf14e86e3e3cd7938eb4648c5a1ee3d084cb250e4dce7940f96d90c12c,source_jpeg
LTMD_U1_W9_EDUCACION_FISICA_PROCESSING_TOPOLOGY_0.1,U1-H2008P2ED260-P061,H2008P2ED260,H2008P2ED260,2008,2,EDUCACION FISICA,61,61,direct_canonical,official_conaliteg_source_jpeg_sha256_verified,https://historico.conaliteg.gob.mx/c/H2008P2ED260/061.jpg,64748,094e11f28f5229b62e9b43c8aeeb6be7aeaf859a7fb10fdbb87719851b509bd4,source_jpeg
LTMD_U1_W9_EDUCACION_FISICA_PROCESSING_TOPOLOGY_0.1,U1-H2008P2ED260-P062,H2008P2ED260,H2008P2ED260,2008,2,EDUCACION FISICA,62,62,direct_canonical,official_conaliteg_source_jpeg_sha256_verified,https://historico.conaliteg.gob.mx/c/H2008P2ED260/062.jpg,44145,00466e11d4ad38da8c5cda34cdb97d64a72a113d09aee6a03ee23a616d4197ce,source_jpeg
LTMD_U1_W9_EDUCACION_FISICA_PROCESSING_TOPOLOGY_0.1,U1-H2008P2ED260-P063,H2008P2ED260,H2008P2ED260,2008,2,EDUCACION FISICA,63,63,direct_canonical,official_conaliteg_source_jpeg_sha256_verified,https://historico.conaliteg.gob.mx/c/H2008P2ED260/063.jpg,45546,11bd8a5ab5c42d96fb015ed43f113e36cb42ce98fbf0909990caaae2df748d0d,source_jpeg
LTMD_U1_W9_EDUCACION_FISICA_PROCESSING_TOPOLOGY_0.1,U1-H2008P2ED260-P064,H2008P2ED260,H2008P2ED260,2008,2,EDUCACION FISICA,64,64,direct_canonical,official_conaliteg_source_jpeg_sha256_verified,https://historico.conaliteg.gob.mx/c/H2008P2ED260/064.jpg,59650,1c67147f62c86afe32c5405ee43a5734fddad301c6f26798d1e4dfdd783ef563,source_jpeg
LTMD_U1_W9_EDUCACION_FISICA_PROCESSING_TOPOLOGY_0.1,U1-H2008P2ED260-P065,H2008P2ED260,H2008P2ED260,2008,2,EDUCACION FISICA,65,65,direct_canonical,official_conaliteg_source_jpeg_sha256_verified,https://historico.conaliteg.gob.mx/c/H2008P2ED260/065.jpg,68715,fa8df2310fbf7ea6c13ceb60e45f57a7e865529d56d49c41cfa02e6a0ab91096,source_jpeg
LTMD_U1_W9_EDUCACION_FISICA_PROCESSING_TOPOLOGY_0.1,U1-H2008P2ED260-P066,H2008P2ED260,H2008P2ED260,2008,2,EDUCACION FISICA,66,66,direct_canonical,official_conaliteg_source_jpeg_sha256_verified,https://historico.conaliteg.gob.mx/c/H2008P2ED260/066.jpg,63107,567a2a30737b4c52d514abc5ba416d97b0408fce609c4e703f8c24a254a52de9,source_jpeg
LTMD_U1_W9_EDUCACION_FISICA_PROCESSING_TOPOLOGY_0.1,U1-H2008P2ED260-P067,H2008P2ED260,H2008P2ED260,2008,2,EDUCACION FISICA,67,67,direct_canonical,official_conaliteg_source_jpeg_sha256_verified,https://historico.conaliteg.gob.mx/c/H2008P2ED260/067.jpg,62798,e350147594a0a30edde13368c0b1e11ab164771064b7634a4f8a4e8ea5dc827f,source_jpeg
LTMD_U1_W9_EDUCACION_FISICA_PROCESSING_TOPOLOGY_0.1,U1-H2008P2ED260-P068,H2008P2ED260,H2008P2ED260,2008,2,EDUCACION FISICA,68,68,direct_canonical,official_conaliteg_source_jpeg_sha256_verified,https://historico.conaliteg.gob.mx/c/H2008P2ED260/068.jpg,53234,bf4ba59312f3f260c7856e3547b25acbfea9b70472b55d40334092423b7080f1,source_jpeg
LTMD_U1_W9_EDUCACION_FISICA_PROCESSING_TOPOLOGY_0.1,U1-H2008P2ED260-P069,H2008P2ED260,H2008P2ED260,2008,2,EDUCACION FISICA,69,69,direct_canonical,official_conaliteg_source_jpeg_sha256_verified,https://historico.conaliteg.gob.mx/c/H2008P2ED260/069.jpg,52497,91f1e1afd06c889197b10c00be92adfafdeb0fb4bc94b3db34e02a3e47e315ad,source_jpeg
LTMD_U1_W9_EDUCACION_FISICA_PROCESSING_TOPOLOGY_0.1,U1-H2008P2ED260-P070,H2008P2ED260,H2008P2ED260,2008,2,EDUCACION FISICA,70,70,direct_canonical,official_conaliteg_source_jpeg_sha256_verified,https://historico.conaliteg.gob.mx/c/H2008P2ED260/070.jpg,62148,003857d098a960e5ac84200b2e4c892bb33b0a6b0ee485c38a2cc4fd81b6cb49,source_jpeg
LTMD_U1_W9_EDUCACION_FISICA_PROCESSING_TOPOLOGY_0.1,U1-H2008P2ED260-P071,H2008P2ED260,H2008P2ED260,2008,2,EDUCACION FISICA,71,71,direct_canonical,official_conaliteg_source_jpeg_sha256_verified,https://historico.conaliteg.gob.mx/c/H2008P2ED260/071.jpg,58559,c0510753474b00729baa1a888b7826c6243d9a587e0080b287c3c799da0177b1,source_jpeg
LTMD_U1_W9_EDUCACION_FISICA_PROCESSING_TOPOLOGY_0.1,U1-H2008P2ED260-P072,H2008P2ED260,H2008P2ED260,2008,2,EDUCACION FISICA,72,72,direct_canonical,official_conaliteg_source_jpeg_sha256_verified,https://historico.conaliteg.gob.mx/c/H2008P2ED260/072.jpg,60384,046a4ae4144460efcaff94803b5f8e8ce0695fedb1ea28efaf656b76e48c490c,source_jpeg
LTMD_U1_W9_EDUCACION_FISICA_PROCESSING_TOPOLOGY_0.1,U1-H2008P2ED260-P073,H2008P2ED260,H2008P2ED260,2008,2,EDUCACION FISICA,73,73,direct_canonical,official_conaliteg_source_jpeg_sha256_verified,https://historico.conaliteg.gob.mx/c/H2008P2ED260/073.jpg,58434,314b882da8f805cb2b48b83c70e17bbd7726bc889e79792bce1a744cc104aac4,source_jpeg
LTMD_U1_W9_EDUCACION_FISICA_PROCESSING_TOPOLOGY_0.1,U1-H2008P2ED260-P074,H2008P2ED260,H2008P2ED260,2008,2,EDUCACION FISICA,74,74,direct_canonical,official_conaliteg_source_jpeg_sha256_verified,https://historico.conaliteg.gob.mx/c/H2008P2ED260/074.jpg,60764,25bff4f8666e113a33f3a6fc4d2941d1af56135915179658e4d0862497a7c6f4,source_jpeg
LTMD_U1_W9_EDUCACION_FISICA_PROCESSING_TOPOLOGY_0.1,U1-H2008P2ED260-P075,H2008P2ED260,H2008P2ED260,2008,2,EDUCACION FISICA,75,75,direct_canonical,official_conaliteg_source_jpeg_sha256_verified,https://historico.conaliteg.gob.mx/c/H2008P2ED260/075.jpg,58773,be10e6a6cb48a20d7a9a3a724e507c594092271eceb581a6d532bc96c9880fa3,source_jpeg
LTMD_U1_W9_EDUCACION_FISICA_PROCESSING_TOPOLOGY_0.1,U1-H2008P2ED260-P076,H2008P2ED260,H2008P2ED260,2008,2,EDUCACION FISICA,76,76,direct_canonical,official_conaliteg_source_jpeg_sha256_verified,https://historico.conaliteg.gob.mx/c/H2008P2ED260/076.jpg,58168,d1cd543e95efc6d797c805f0b4c0003396413b6c7f8f11606ade51301822cf6c,source_jpeg
LTMD_U1_W9_EDUCACION_FISICA_PROCESSING_TOPOLOGY_0.1,U1-H2008P2ED260-P077,H2008P2ED260,H2008P2ED260,2008,2,EDUCACION FISICA,77,77,direct_canonical,official_conaliteg_source_jpeg_sha256_verified,https://historico.conaliteg.gob.mx/c/H2008P2ED260/077.jpg,50658,5880e70e5d2cab5f8ff2c634b785b39098031185b26dbced3d220e7763bf000e,source_jpeg
LTMD_U1_W9_EDUCACION_FISICA_PROCESSING_TOPOLOGY_0.1,U1-H2008P2ED260-P078,H2008P2ED260,H2008P2ED260,2008,2,EDUCACION FISICA,78,78,direct_canonical,official_conaliteg_source_jpeg_sha256_verified,https://historico.conaliteg.gob.mx/c/H2008P2ED260/078.jpg,63405,2a8dbfc671c57bc614477f4d7b66b33707b19367c0ebbefca27cd7d30d609c11,source_jpeg
LTMD_U1_W9_EDUCACION_FISICA_PROCESSING_TOPOLOGY_0.1,U1-H2008P2ED260-P079,H2008P2ED260,H2008P2ED260,2008,2,EDUCACION FISICA,79,79,direct_canonical,official_conaliteg_source_jpeg_sha256_verified,https://historico.conaliteg.gob.mx/c/H2008P2ED260/079.jpg,58728,45f4caa7883432b957e9462973861efdc3b36d994eb4032f4b8a17d2ceb5e521,source_jpeg
LTMD_U1_W9_EDUCACION_FISICA_PROCESSING_TOPOLOGY_0.1,U1-H2008P2ED260-P080,H2008P2ED260,H2008P2ED260,2008,2,EDUCACION FISICA,80,80,direct_canonical,official_conaliteg_source_jpeg_sha256_verified,https://historico.conaliteg.gob.mx/c/H2008P2ED260/080.jpg,45251,5cb7a822556ffee8c825423b2fea0103ad5762cab86f0fe04335aa5d3494b0be,source_jpeg
LTMD_U1_W9_EDUCACION_FISICA_PROCESSING_TOPOLOGY_0.1,U1-H2008P2ED260-P081,H2008P2ED260,H2008P2ED260,2008,2,EDUCACION FISICA,81,81,direct_canonical,official_conaliteg_source_jpeg_sha256_verified,https://historico.conaliteg.gob.mx/c/H2008P2ED260/081.jpg,55207,0e7e9545aa4277e0c5cabe1b3428f46f465b963ad25ce897685df34706961cbf,source_jpeg
LTMD_U1_W9_EDUCACION_FISICA_PROCESSING_TOPOLOGY_0.1,U1-H2008P2ED260-P082,H2008P2ED260,H2008P2ED260,2008,2,EDUCACION FISICA,82,82,direct_canonical,official_conaliteg_source_jpeg_sha256_verified,https://historico.conaliteg.gob.mx/c/H2008P2ED260/082.jpg,59072,54d44800f3e0805fd44f02c2f9b7b0c331dceace4070faba17478ac97738f36d,source_jpeg
LTMD_U1_W9_EDUCACION_FISICA_PROCESSING_TOPOLOGY_0.1,U1-H2008P2ED260-P083,H2008P2ED260,H2008P2ED260,2008,2,EDUCACION FISICA,83,83,direct_canonical,official_conaliteg_source_jpeg_sha256_verified,https://historico.conaliteg.gob.mx/c/H2008P2ED260/083.jpg,41549,32e95a96ec4603a85c2d779604fba17a6cd85f7ecb57580c7760dac2b389a559,source_jpeg
LTMD_U1_W9_EDUCACION_FISICA_PROCESSING_TOPOLOGY_0.1,U1-H2008P2ED260-P084,H2008P2ED260,H2008P2ED260,2008,2,EDUCACION FISICA,84,84,direct_canonical,official_conaliteg_source_jpeg_sha256_verified,https://historico.conaliteg.gob.mx/c/H2008P2ED260/084.jpg,67609,15335fc32244ca2c2e8113a00e3531fc3ec8ab12cd09e91dd09936a0926b73b8,source_jpeg
LTMD_U1_W9_EDUCACION_FISICA_PROCESSING_TOPOLOGY_0.1,U1-H2008P2ED260-P085,H2008P2ED260,H2008P2ED260,2008,2,EDUCACION FISICA,85,85,direct_canonical,official_conaliteg_source_jpeg_sha256_verified,https://historico.conaliteg.gob.mx/c/H2008P2ED260/085.jpg,67002,81779bdfb564c66595b24498dd03b1b5dd4b47e6b35cd91f9ad04bced978d3d1,source_jpeg
LTMD_U1_W9_EDUCACION_FISICA_PROCESSING_TOPOLOGY_0.1,U1-H2008P2ED260-P086,H2008P2ED260,H2008P2ED260,2008,2,EDUCACION FISICA,86,86,direct_canonical,official_conaliteg_source_jpeg_sha256_verified,https://historico.conaliteg.gob.mx/c/H2008P2ED260/086.jpg,59455,74aeb8a810b28c6525a1126c2e6c7514c72783138aa75f81dbc26f64d85be302,source_jpeg
LTMD_U1_W9_EDUCACION_FISICA_PROCESSING_TOPOLOGY_0.1,U1-H2008P2ED260-P087,H2008P2ED260,H2008P2ED260,2008,2,EDUCACION FISICA,87,87,direct_canonical,official_conaliteg_source_jpeg_sha256_verified,https://historico.conaliteg.gob.mx/c/H2008P2ED260/087.jpg,41706,ed156ec7815630a00fe9b3c657f92130846f21ccdae0a9bb4675b5478adaf131,source_jpeg
LTMD_U1_W9_EDUCACION_FISICA_PROCESSING_TOPOLOGY_0.1,U1-H2008P2ED260-P088,H2008P2ED260,H2008P2ED260,2008,2,EDUCACION FISICA,88,88,direct_canonical,official_conaliteg_source_jpeg_sha256_verified,https://historico.conaliteg.gob.mx/c/H2008P2ED260/088.jpg,58094,3b95d202bff032c6604b01585286dfa41be1549a58fe9dff5222d81e1755c364,source_jpeg
LTMD_U1_W9_EDUCACION_FISICA_PROCESSING_TOPOLOGY_0.1,U1-H2008P2ED260-P089,H2008P2ED260,H2008P2ED260,2008,2,EDUCACION FISICA,89,89,direct_canonical,official_conaliteg_source_jpeg_sha256_verified,https://historico.conaliteg.gob.mx/c/H2008P2ED260/089.jpg,54959,d75cf0a7a8da66a37a925ae101a4f92466382503f06cdcabcaa1d55e3e08fcae,source_jpeg
LTMD_U1_W9_EDUCACION_FISICA_PROCESSING_TOPOLOGY_0.1,U1-H2008P2ED260-P090,H2008P2ED260,H2008P2ED260,2008,2,EDUCACION FISICA,90,90,direct_canonical,official_conaliteg_source_jpeg_sha256_verified,https://historico.conaliteg.gob.mx/c/H2008P2ED260/090.jpg,58423,171d40da080312daccd0543fd2279a1ae37acc4ce6da1dd204a3276ed8de6753,source_jpeg
LTMD_U1_W9_EDUCACION_FISICA_PROCESSING_TOPOLOGY_0.1,U1-H2008P2ED260-P091,H2008P2ED260,H2008P2ED260,2008,2,EDUCACION FISICA,91,91,direct_canonical,official_conaliteg_source_jpeg_sha256_verified,https://historico.conaliteg.gob.mx/c/H2008P2ED260/091.jpg,45903,4a75db497aaa16469e6ad702cd57c4bf72e8a969b357fbb5b13afb02fe173a73,source_jpeg
LTMD_U1_W9_EDUCACION_FISICA_PROCESSING_TOPOLOGY_0.1,U1-H2008P2ED260-P092,H2008P2ED260,H2008P2ED260,2008,2,EDUCACION FISICA,92,92,direct_canonical,official_conaliteg_source_jpeg_sha256_verified,https://historico.conaliteg.gob.mx/c/H2008P2ED260/092.jpg,59620,d4e3499b7db9c007397c8b4dc699463c76d528bd2a45d9849ac5676ebc251c26,source_jpeg
LTMD_U1_W9_EDUCACION_FISICA_PROCESSING_TOPOLOGY_0.1,U1-H2008P2ED260-P093,H2008P2ED260,H2008P2ED260,2008,2,EDUCACION FISICA,93,93,direct_canonical,official_conaliteg_source_jpeg_sha256_verified,https://historico.conaliteg.gob.mx/c/H2008P2ED260/093.jpg,67541,bddf43b4fd3a6e712820cdd1984993ec78babae1c48099865f61720adbdfa655,source_jpeg
LTMD_U1_W9_EDUCACION_FISICA_PROCESSING_TOPOLOGY_0.1,U1-H2008P2ED260-P094,H2008P2ED260,H2008P2ED260,2008,2,EDUCACION FISICA,94,94,direct_canonical,official_conaliteg_source_jpeg_sha256_verified,https://historico.conaliteg.gob.mx/c/H2008P2ED260/094.jpg,48928,6c0adb0669467d4d07f5408a6708e22388b0dd04a85bd1c042eae2032fa4a788,source_jpeg
LTMD_U1_W9_EDUCACION_FISICA_PROCESSING_TOPOLOGY_0.1,U1-H2008P2ED260-P095,H2008P2ED260,H2008P2ED260,2008,2,EDUCACION FISICA,95,95,direct_canonical,official_conaliteg_source_jpeg_sha256_verified,https://historico.conaliteg.gob.mx/c/H2008P2ED260/095.jpg,46587,f03c5d102fa786f94487beaea32a54226e3da0e1193d17b8f242f5a6cdee4893,source_jpeg
LTMD_U1_W9_EDUCACION_FISICA_PROCESSING_TOPOLOGY_0.1,U1-H2008P2ED260-P096,H2008P2ED260,H2008P2ED260,2008,2,EDUCACION FISICA,96,96,direct_canonical,official_conaliteg_source_jpeg_sha256_verified,https://historico.conaliteg.gob.mx/c/H2008P2ED260/096.jpg,43366,c2c9065d63cf7ec7299f03f34b3b647a6b223662cd1742cf6e44a592cdc21e4c,source_jpeg
LTMD_U1_W9_EDUCACION_FISICA_PROCESSING_TOPOLOGY_0.1,U1-H2008P2ED260-P097,H2008P2ED260,H2008P2ED260,2008,2,EDUCACION FISICA,97,97,direct_canonical,official_conaliteg_source_jpeg_sha256_verified,https://historico.conaliteg.gob.mx/c/H2008P2ED260/097.jpg,84117,9a7975700ebb4e0aa3ddb8cdfac60dc7581f74a98135b535ccfb5bbaffe99429,source_jpeg
LTMD_U1_W9_EDUCACION_FISICA_PROCESSING_TOPOLOGY_0.1,U1-H2008P2ED260-P098,H2008P2ED260,H2008P2ED260,2008,2,EDUCACION FISICA,98,98,direct_canonical,official_conaliteg_source_jpeg_sha256_verified,https://historico.conaliteg.gob.mx/c/H2008P2ED260/098.jpg,62345,fe4705001393c8fb52b801dd457973dd457fa81d2bcc99bf3a9e244a01fca404,source_jpeg
LTMD_U1_W9_EDUCACION_FISICA_PROCESSING_TOPOLOGY_0.1,U1-H2008P2ED260-P099,H2008P2ED260,H2008P2ED260,2008,2,EDUCACION FISICA,99,99,direct_canonical,official_conaliteg_source_jpeg_sha256_verified,https://historico.conaliteg.gob.mx/c/H2008P2ED260/099.jpg,41595,0ac9d35c5f8a595509cd5ba2cfdb8673fe652c8bb8c0b9e7a67872f59022c0f1,source_jpeg
LTMD_U1_W9_EDUCACION_FISICA_PROCESSING_TOPOLOGY_0.1,U1-H2008P2ED260-P100,H2008P2ED260,H2008P2ED260,2008,2,EDUCACION FISICA,100,100,direct_canonical,official_conaliteg_source_jpeg_sha256_verified,https://historico.conaliteg.gob.mx/c/H2008P2ED260/100.jpg,64958,ab24b6d768d5151e6fd533dfd013e4bd15a2f4d6c4b49d48c84165e83f114b0c,source_jpeg
LTMD_U1_W9_EDUCACION_FISICA_PROCESSING_TOPOLOGY_0.1,U1-H2008P2ED260-P101,H2008P2ED260,H2008P2ED260,2008,2,EDUCACION FISICA,101,101,direct_canonical,official_conaliteg_source_jpeg_sha256_verified,https://historico.conaliteg.gob.mx/c/H2008P2ED260/101.jpg,60865,e28461769c8ee2021018a0a927634ca3266fda74acf249bdd3953ac4ccced71e,source_jpeg
LTMD_U1_W9_EDUCACION_FISICA_PROCESSING_TOPOLOGY_0.1,U1-H2008P2ED260-P102,H2008P2ED260,H2008P2ED260,2008,2,EDUCACION FISICA,102,102,direct_canonical,official_conaliteg_source_jpeg_sha256_verified,https://historico.conaliteg.gob.mx/c/H2008P2ED260/102.jpg,68067,6260113e19451edf02ec2c0cbe1f580ce429a3d372941a240b33b9700f00c6be,source_jpeg
LTMD_U1_W9_EDUCACION_FISICA_PROCESSING_TOPOLOGY_0.1,U1-H2008P2ED260-P103,H2008P2ED260,H2008P2ED260,2008,2,EDUCACION FISICA,103,103,direct_canonical,official_conaliteg_source_jpeg_sha256_verified,https://historico.conaliteg.gob.mx/c/H2008P2ED260/103.jpg,49969,cc4263d61d50a821fc27b03dd0b3d882838e6f381d50a38156b9779190e7c0f0,source_jpeg
LTMD_U1_W9_EDUCACION_FISICA_PROCESSING_TOPOLOGY_0.1,U1-H2008P2ED260-P104,H2008P2ED260,H2008P2ED260,2008,2,EDUCACION FISICA,104,104,direct_canonical,official_conaliteg_source_jpeg_sha256_verified,https://historico.conaliteg.gob.mx/c/H2008P2ED260/104.jpg,39738,0a67f37a5fd9f51e394643077b31336a12e8eb5a7b3ab821435f838d09e0f06c,source_jpeg
LTMD_U1_W9_EDUCACION_FISICA_PROCESSING_TOPOLOGY_0.1,U1-H2008P2ED260-P105,H2008P2ED260,H2008P2ED260,2008,2,EDUCACION FISICA,105,105,direct_canonical,official_conaliteg_source_jpeg_sha256_verified,https://historico.conaliteg.gob.mx/c/H2008P2ED260/105.jpg,40190,14b2d749febde946043d8d581f403b3950895f518b29ea0fb7e21e4550af7d96,source_jpeg
LTMD_U1_W9_EDUCACION_FISICA_PROCESSING_TOPOLOGY_0.1,U1-H2008P2ED260-P106,H2008P2ED260,H2008P2ED260,2008,2,EDUCACION FISICA,106,106,direct_canonical,official_conaliteg_source_jpeg_sha256_verified,https://historico.conaliteg.gob.mx/c/H2008P2ED260/106.jpg,134218,30bd25338adc593c579e5810c5242e9af0fa8c1a2d5c0818372e3b51b3b4a4f0,source_jpeg
LTMD_U1_W9_EDUCACION_FISICA_PROCESSING_TOPOLOGY_0.1,U1-H2008P5ED280-P001,H2008P5ED280,H2008P5ED280,2008,5,EDUCACIÓN FÍSICA,1,0,direct_canonical,official_conaliteg_source_jpeg_sha256_verified,https://historico.conaliteg.gob.mx/c/H2008P5ED280/000.jpg,243577,07d5b2fdaeec4fc411e84313950feb9f769df2b5f1edb5bf3b2c91237cccb743,source_jpeg
LTMD_U1_W9_EDUCACION_FISICA_PROCESSING_TOPOLOGY_0.1,U1-H2008P5ED280-P002,H2008P5ED280,H2008P5ED280,2008,5,EDUCACIÓN FÍSICA,2,2,direct_canonical,official_conaliteg_source_jpeg_sha256_verified,https://historico.conaliteg.gob.mx/c/H2008P5ED280/002.jpg,229180,75f4df41f51f7c7bd0ee95440da88eec861bf596758d57f5c4b097b7d1a03648,source_jpeg
LTMD_U1_W9_EDUCACION_FISICA_PROCESSING_TOPOLOGY_0.1,U1-H2008P5ED280-P003,H2008P5ED280,H2008P5ED280,2008,5,EDUCACIÓN FÍSICA,3,3,direct_canonical,official_conaliteg_source_jpeg_sha256_verified,https://historico.conaliteg.gob.mx/c/H2008P5ED280/003.jpg,330144,7469f629ddd39e0e53d48574ef656451d4733a9296440d27c3b4c9254b0a8bfa,source_jpeg
LTMD_U1_W9_EDUCACION_FISICA_PROCESSING_TOPOLOGY_0.1,U1-H2008P5ED280-P004,H2008P5ED280,H2008P5ED280,2008,5,EDUCACIÓN FÍSICA,4,4,direct_canonical,official_conaliteg_source_jpeg_sha256_verified,https://historico.conaliteg.gob.mx/c/H2008P5ED280/004.jpg,254019,dd3a44667268c552e824766892f09665e14072184df3f7ea1cf228dced4fbe03,source_jpeg
LTMD_U1_W9_EDUCACION_FISICA_PROCESSING_TOPOLOGY_0.1,U1-H2008P5ED280-P005,H2008P5ED280,H2008P5ED280,2008,5,EDUCACIÓN FÍSICA,5,5,direct_canonical,official_conaliteg_source_jpeg_sha256_verified,https://historico.conaliteg.gob.mx/c/H2008P5ED280/005.jpg,249136,e52e33b61056b73708761d3d43fe32d7fb384221ca1bf3b12c9983e73039f737,source_jpeg
LTMD_U1_W9_EDUCACION_FISICA_PROCESSING_TOPOLOGY_0.1,U1-H2008P5ED280-P006,H2008P5ED280,H2008P5ED280,2008,5,EDUCACIÓN FÍSICA,6,6,direct_canonical,official_conaliteg_source_jpeg_sha256_verified,https://historico.conaliteg.gob.mx/c/H2008P5ED280/006.jpg,221593,13a5f2a5d1faf0be750c83daff17f6ebbbcd9deee2de84272c1e0c53681ed827,source_jpeg
LTMD_U1_W9_EDUCACION_FISICA_PROCESSING_TOPOLOGY_0.1,U1-H2008P5ED280-P007,H2008P5ED280,H2008P5ED280,2008,5,EDUCACIÓN FÍSICA,7,7,direct_canonical,official_conaliteg_source_jpeg_sha256_verified,https://historico.conaliteg.gob.mx/c/H2008P5ED280/007.jpg,347621,d68f28065e023dc2e691b457208ab0714bfa1bf6795a1e29c16a394dbaabfe87,source_jpeg
LTMD_U1_W9_EDUCACION_FISICA_PROCESSING_TOPOLOGY_0.1,U1-H2008P5ED280-P008,H2008P5ED280,H2008P5ED280,2008,5,EDUCACIÓN FÍSICA,8,8,direct_canonical,official_conaliteg_source_jpeg_sha256_verified,https://historico.conaliteg.gob.mx/c/H2008P5ED280/008.jpg,249172,25abc62a43043682b138e4613f5de84f55f830d04f9c3883c7a8cfc11dfab71f,source_jpeg
LTMD_U1_W9_EDUCACION_FISICA_PROCESSING_TOPOLOGY_0.1,U1-H2008P5ED280-P009,H2008P5ED280,H2008P5ED280,2008,5,EDUCACIÓN FÍSICA,9,9,direct_canonical,official_conaliteg_source_jpeg_sha256_verified,https://historico.conaliteg.gob.mx/c/H2008P5ED280/009.jpg,291386,144f63fa181c6b3da1c15696b12991bef6ded96716ce79692c1a83ab1d9118fa,source_jpeg
LTMD_U1_W9_EDUCACION_FISICA_PROCESSING_TOPOLOGY_0.1,U1-H2008P5ED280-P010,H2008P5ED280,H2008P5ED280,2008,5,EDUCACIÓN FÍSICA,10,10,direct_canonical,official_conaliteg_source_jpeg_sha256_verified,https://historico.conaliteg.gob.mx/c/H2008P5ED280/010.jpg,270365,5f3f6febf9762a168a56ba4d89417fb5956c916b669728bc4f2bc25eb142215f,source_jpeg
LTMD_U1_W9_EDUCACION_FISICA_PROCESSING_TOPOLOGY_0.1,U1-H2008P5ED280-P011,H2008P5ED280,H2008P5ED280,2008,5,EDUCACIÓN FÍSICA,11,11,direct_canonical,official_conaliteg_source_jpeg_sha256_verified,https://historico.conaliteg.gob.mx/c/H2008P5ED280/011.jpg,264995,b4fd560bb412775f7dda5e661c302a0dafd7dde6809e009e5328cc24ba117547,source_jpeg
LTMD_U1_W9_EDUCACION_FISICA_PROCESSING_TOPOLOGY_0.1,U1-H2008P5ED280-P012,H2008P5ED280,H2008P5ED280,2008,5,EDUCACIÓN FÍSICA,12,12,direct_canonical,official_conaliteg_source_jpeg_sha256_verified,https://historico.conaliteg.gob.mx/c/H2008P5ED280/012.jpg,180358,f150169797044ac1ed0c683eaabe0bd4d28ee9c067e1167a4d913442d07f4ad1,source_jpeg
LTMD_U1_W9_EDUCACION_FISICA_PROCESSING_TOPOLOGY_0.1,U1-H2008P5ED280-P013,H2008P5ED280,H2008P5ED280,2008,5,EDUCACIÓN FÍSICA,13,13,direct_canonical,official_conaliteg_source_jpeg_sha256_verified,https://historico.conaliteg.gob.mx/c/H2008P5ED280/013.jpg,255010,a56501346412d6b0d1a866b19f9f0e4ee13252e480291aac604028f89283444f,source_jpeg
LTMD_U1_W9_EDUCACION_FISICA_PROCESSING_TOPOLOGY_0.1,U1-H2008P5ED280-P014,H2008P5ED280,H2008P5ED280,2008,5,EDUCACIÓN FÍSICA,14,14,direct_canonical,official_conaliteg_source_jpeg_sha256_verified,https://historico.conaliteg.gob.mx/c/H2008P5ED280/014.jpg,312197,27f08d086fd061118a860a0f899f854e0f258549a2a753b37dd8629ab7fb0620,source_jpeg
LTMD_U1_W9_EDUCACION_FISICA_PROCESSING_TOPOLOGY_0.1,U1-H2008P5ED280-P015,H2008P5ED280,H2008P5ED280,2008,5,EDUCACIÓN FÍSICA,15,15,direct_canonical,official_conaliteg_source_jpeg_sha256_verified,https://historico.conaliteg.gob.mx/c/H2008P5ED280/015.jpg,251768,4b618b13e8aea08eed0c58ca761bb20304f1ce12a0e400768e2aeba9f27e3880,source_jpeg
LTMD_U1_W9_EDUCACION_FISICA_PROCESSING_TOPOLOGY_0.1,U1-H2008P5ED280-P016,H2008P5ED280,H2008P5ED280,2008,5,EDUCACIÓN FÍSICA,16,16,direct_canonical,official_conaliteg_source_jpeg_sha256_verified,https://historico.conaliteg.gob.mx/c/H2008P5ED280/016.jpg,316708,5c9d7004fa8662675045d6478840008fb1f115b34c64df05e36dae276c49dd74,source_jpeg
LTMD_U1_W9_EDUCACION_FISICA_PROCESSING_TOPOLOGY_0.1,U1-H2008P5ED280-P017,H2008P5ED280,H2008P5ED280,2008,5,EDUCACIÓN FÍSICA,17,17,direct_canonical,official_conaliteg_source_jpeg_sha256_verified,https://historico.conaliteg.gob.mx/c/H2008P5ED280/017.jpg,297579,9a4ea34e097936fa466c8cfb8190ab9b621ecc76d7c703227a8dcf94377cf739,source_jpeg
LTMD_U1_W9_EDUCACION_FISICA_PROCESSING_TOPOLOGY_0.1,U1-H2008P5ED280-P018,H2008P5ED280,H2008P5ED280,2008,5,EDUCACIÓN FÍSICA,18,18,direct_canonical,official_conaliteg_source_jpeg_sha256_verified,https://historico.conaliteg.gob.mx/c/H2008P5ED280/018.jpg,332805,8f5df3d7634f4539228217dac4aace4fd698552809d17c15616f6af4ce410c9d,source_jpeg
LTMD_U1_W9_EDUCACION_FISICA_PROCESSING_TOPOLOGY_0.1,U1-H2008P5ED280-P019,H2008P5ED280,H2008P5ED280,2008,5,EDUCACIÓN FÍSICA,19,19,direct_canonical,official_conaliteg_source_jpeg_sha256_verified,https://historico.conaliteg.gob.mx/c/H2008P5ED280/019.jpg,315751,b577df29466007b3ec5f3e5a625e8b5ce09321662334435ce9ad169a013af560,source_jpeg
LTMD_U1_W9_EDUCACION_FISICA_PROCESSING_TOPOLOGY_0.1,U1-H2008P5ED280-P020,H2008P5ED280,H2008P5ED280,2008,5,EDUCACIÓN FÍSICA,20,20,direct_canonical,official_conaliteg_source_jpeg_sha256_verified,https://historico.conaliteg.gob.mx/c/H2008P5ED280/020.jpg,313758,a1e6e5a581fe78f5a693c47516072125e617237605b852e61fa52f69476189af,source_jpeg
LTMD_U1_W9_EDUCACION_FISICA_PROCESSING_TOPOLOGY_0.1,U1-H2008P5ED280-P021,H2008P5ED280,H2008P5ED280,2008,5,EDUCACIÓN FÍSICA,21,21,direct_canonical,official_conaliteg_source_jpeg_sha256_verified,https://historico.conaliteg.gob.mx/c/H2008P5ED280/021.jpg,243471,486a3488469342c41fde437ac23146cea4ff3b0b3526543539870f93262c6d52,source_jpeg
LTMD_U1_W9_EDUCACION_FISICA_PROCESSING_TOPOLOGY_0.1,U1-H2008P5ED280-P022,H2008P5ED280,H2008P5ED280,2008,5,EDUCACIÓN FÍSICA,22,22,direct_canonical,official_conaliteg_source_jpeg_sha256_verified,https://historico.conaliteg.gob.mx/c/H2008P5ED280/022.jpg,183060,99360e27b6aff423a92b8364f9325d5107253e9a181f0163f749bc51f4977f39,source_jpeg
LTMD_U1_W9_EDUCACION_FISICA_PROCESSING_TOPOLOGY_0.1,U1-H2008P5ED280-P023,H2008P5ED280,H2008P5ED280,2008,5,EDUCACIÓN FÍSICA,23,23,direct_canonical,official_conaliteg_source_jpeg_sha256_verified,https://historico.conaliteg.gob.mx/c/H2008P5ED280/023.jpg,291321,d9b48b23f94dde38e734388f56443b5b6130dc1dec0cd1273ff71cf3a12ca4e4,source_jpeg
LTMD_U1_W9_EDUCACION_FISICA_PROCESSING_TOPOLOGY_0.1,U1-H2008P5ED280-P024,H2008P5ED280,H2008P5ED280,2008,5,EDUCACIÓN FÍSICA,24,24,direct_canonical,official_conaliteg_source_jpeg_sha256_verified,https://historico.conaliteg.gob.mx/c/H2008P5ED280/024.jpg,313877,314a0e1f7c89d70067b2aa3b6cdefae5111ccb4fd46a4431dbf3ae57842b634f,source_jpeg
LTMD_U1_W9_EDUCACION_FISICA_PROCESSING_TOPOLOGY_0.1,U1-H2008P5ED280-P025,H2008P5ED280,H2008P5ED280,2008,5,EDUCACIÓN FÍSICA,25,25,direct_canonical,official_conaliteg_source_jpeg_sha256_verified,https://historico.conaliteg.gob.mx/c/H2008P5ED280/025.jpg,309027,52be1be48469b5d7a7937f3b8438194b2b92ca28f5de5b5cf8d083cc9b3499b1,source_jpeg
LTMD_U1_W9_EDUCACION_FISICA_PROCESSING_TOPOLOGY_0.1,U1-H2008P5ED280-P026,H2008P5ED280,H2008P5ED280,2008,5,EDUCACIÓN FÍSICA,26,26,direct_canonical,official_conaliteg_source_jpeg_sha256_verified,https://historico.conaliteg.gob.mx/c/H2008P5ED280/026.jpg,279468,59402d68e2445de87552bc7a48bcc737e4be350e2b1e0e2b64ebd8a06e0d0b20,source_jpeg
LTMD_U1_W9_EDUCACION_FISICA_PROCESSING_TOPOLOGY_0.1,U1-H2008P5ED280-P027,H2008P5ED280,H2008P5ED280,2008,5,EDUCACIÓN FÍSICA,27,27,direct_canonical,official_conaliteg_source_jpeg_sha256_verified,https://historico.conaliteg.gob.mx/c/H2008P5ED280/027.jpg,265377,578c54e617f308369ca5e3764c63af7a8485b67510fa9568f0e201af0b1b219c,source_jpeg
LTMD_U1_W9_EDUCACION_FISICA_PROCESSING_TOPOLOGY_0.1,U1-H2008P5ED280-P028,H2008P5ED280,H2008P5ED280,2008,5,EDUCACIÓN FÍSICA,28,28,direct_canonical,official_conaliteg_source_jpeg_sha256_verified,https://historico.conaliteg.gob.mx/c/H2008P5ED280/028.jpg,265081,9d73d6c8d81f796af729a01e5ca298a4621ece00272349a630437e596a9f1025,source_jpeg
LTMD_U1_W9_EDUCACION_FISICA_PROCESSING_TOPOLOGY_0.1,U1-H2008P5ED280-P029,H2008P5ED280,H2008P5ED280,2008,5,EDUCACIÓN FÍSICA,29,29,direct_canonical,official_conaliteg_source_jpeg_sha256_verified,https://historico.conaliteg.gob.mx/c/H2008P5ED280/029.jpg,272986,22d3d5e148d87c0973c0326913f265e843edfcdf96cea8777fbcdbe45cb4a950,source_jpeg
LTMD_U1_W9_EDUCACION_FISICA_PROCESSING_TOPOLOGY_0.1,U1-H2008P5ED280-P030,H2008P5ED280,H2008P5ED280,2008,5,EDUCACIÓN FÍSICA,30,30,direct_canonical,official_conaliteg_source_jpeg_sha256_verified,https://historico.conaliteg.gob.mx/c/H2008P5ED280/030.jpg,303120,d20d05d8589ddad2284a6fcd05591016d248a811104efe7200288d8bf0bae04a,source_jpeg
LTMD_U1_W9_EDUCACION_FISICA_PROCESSING_TOPOLOGY_0.1,U1-H2008P5ED280-P031,H2008P5ED280,H2008P5ED280,2008,5,EDUCACIÓN FÍSICA,31,31,direct_canonical,official_conaliteg_source_jpeg_sha256_verified,https://historico.conaliteg.gob.mx/c/H2008P5ED280/031.jpg,272480,287f9a907823d18309b15d171f541fa6ee5d0dfd89068e460c8ce9dd7d7e632f,source_jpeg
LTMD_U1_W9_EDUCACION_FISICA_PROCESSING_TOPOLOGY_0.1,U1-H2008P5ED280-P032,H2008P5ED280,H2008P5ED280,2008,5,EDUCACIÓN FÍSICA,32,32,direct_canonical,official_conaliteg_source_jpeg_sha256_verified,https://historico.conaliteg.gob.mx/c/H2008P5ED280/032.jpg,243249,1337776548c95c99cd7ec91e378b8c84aee78822c592939e2f201f3f0f0e1266,source_jpeg
LTMD_U1_W9_EDUCACION_FISICA_PROCESSING_TOPOLOGY_0.1,U1-H2008P5ED280-P033,H2008P5ED280,H2008P5ED280,2008,5,EDUCACIÓN FÍSICA,33,33,direct_canonical,official_conaliteg_source_jpeg_sha256_verified,https://historico.conaliteg.gob.mx/c/H2008P5ED280/033.jpg,252163,e8ef686cadde595af5b9c46806ed21728c61290fc2fba63c690af9f934f04fd0,source_jpeg
LTMD_U1_W9_EDUCACION_FISICA_PROCESSING_TOPOLOGY_0.1,U1-H2008P5ED280-P034,H2008P5ED280,H2008P5ED280,2008,5,EDUCACIÓN FÍSICA,34,34,direct_canonical,official_conaliteg_source_jpeg_sha256_verified,https://historico.conaliteg.gob.mx/c/H2008P5ED280/034.jpg,316465,bf1345cac32282985147dc47cc52e0681e556244c9b21aeba9e26fffa5f45efe,source_jpeg
LTMD_U1_W9_EDUCACION_FISICA_PROCESSING_TOPOLOGY_0.1,U1-H2008P5ED280-P035,H2008P5ED280,H2008P5ED280,2008,5,EDUCACIÓN FÍSICA,35,35,direct_canonical,official_conaliteg_source_jpeg_sha256_verified,https://historico.conaliteg.gob.mx/c/H2008P5ED280/035.jpg,334464,5a966bc95729004506e4e3e09c6fe8ddc593b21129d0a9e803937d800e53a03a,source_jpeg
LTMD_U1_W9_EDUCACION_FISICA_PROCESSING_TOPOLOGY_0.1,U1-H2008P5ED280-P036,H2008P5ED280,H2008P5ED280,2008,5,EDUCACIÓN FÍSICA,36,36,direct_canonical,official_conaliteg_source_jpeg_sha256_verified,https://historico.conaliteg.gob.mx/c/H2008P5ED280/036.jpg,281013,bfaba13a4ed74c2cc2bf404f3be617d8e9c58a8d54558f1a6cc043e9b3cbc2c4,source_jpeg
LTMD_U1_W9_EDUCACION_FISICA_PROCESSING_TOPOLOGY_0.1,U1-H2008P5ED280-P037,H2008P5ED280,H2008P5ED280,2008,5,EDUCACIÓN FÍSICA,37,37,direct_canonical,official_conaliteg_source_jpeg_sha256_verified,https://historico.conaliteg.gob.mx/c/H2008P5ED280/037.jpg,273819,4c0b129dc956ea3cecdb8e4161e547c9f62021354ba9cd2b4372f91445e91a11,source_jpeg
LTMD_U1_W9_EDUCACION_FISICA_PROCESSING_TOPOLOGY_0.1,U1-H2008P5ED280-P038,H2008P5ED280,H2008P5ED280,2008,5,EDUCACIÓN FÍSICA,38,38,direct_canonical,official_conaliteg_source_jpeg_sha256_verified,https://historico.conaliteg.gob.mx/c/H2008P5ED280/038.jpg,279802,73a2e14c4427c79fbf734e6cfd5cba236231fdc1d25c182e11b0d6e41e8131ab,source_jpeg
LTMD_U1_W9_EDUCACION_FISICA_PROCESSING_TOPOLOGY_0.1,U1-H2008P5ED280-P039,H2008P5ED280,H2008P5ED280,2008,5,EDUCACIÓN FÍSICA,39,39,direct_canonical,official_conaliteg_source_jpeg_sha256_verified,https://historico.conaliteg.gob.mx/c/H2008P5ED280/039.jpg,300088,df90ff0e25ac88c579f698d35540f70bd5ffe64e4e8ab233161760c2c187ba9f,source_jpeg
LTMD_U1_W9_EDUCACION_FISICA_PROCESSING_TOPOLOGY_0.1,U1-H2008P5ED280-P040,H2008P5ED280,H2008P5ED280,2008,5,EDUCACIÓN FÍSICA,40,40,direct_canonical,official_conaliteg_source_jpeg_sha256_verified,https://historico.conaliteg.gob.mx/c/H2008P5ED280/040.jpg,259146,8f147abe9e6b6c385b538389ed0181e76ce6ebba8daf54d549c14c3add83e02b,source_jpeg
LTMD_U1_W9_EDUCACION_FISICA_PROCESSING_TOPOLOGY_0.1,U1-H2008P5ED280-P041,H2008P5ED280,H2008P5ED280,2008,5,EDUCACIÓN FÍSICA,41,41,direct_canonical,official_conaliteg_source_jpeg_sha256_verified,https://historico.conaliteg.gob.mx/c/H2008P5ED280/041.jpg,267521,20e1247dfdf69690cd3312547e95becc01de7b3640eed4a5ee749fd02f733f9a,source_jpeg
LTMD_U1_W9_EDUCACION_FISICA_PROCESSING_TOPOLOGY_0.1,U1-H2008P5ED280-P042,H2008P5ED280,H2008P5ED280,2008,5,EDUCACIÓN FÍSICA,42,42,direct_canonical,official_conaliteg_source_jpeg_sha256_verified,https://historico.conaliteg.gob.mx/c/H2008P5ED280/042.jpg,271378,21d422fb6411fd0408c1d705d72918f7a22734583823c5cb25c2dc1d3f095ddd,source_jpeg
LTMD_U1_W9_EDUCACION_FISICA_PROCESSING_TOPOLOGY_0.1,U1-H2008P5ED280-P043,H2008P5ED280,H2008P5ED280,2008,5,EDUCACIÓN FÍSICA,43,43,direct_canonical,official_conaliteg_source_jpeg_sha256_verified,https://historico.conaliteg.gob.mx/c/H2008P5ED280/043.jpg,259118,4715e602937ef6c94549d0a1bf00543da188be6d1c8075e470385a5c99b5ecc3,source_jpeg
LTMD_U1_W9_EDUCACION_FISICA_PROCESSING_TOPOLOGY_0.1,U1-H2008P5ED280-P044,H2008P5ED280,H2008P5ED280,2008,5,EDUCACIÓN FÍSICA,44,44,direct_canonical,official_conaliteg_source_jpeg_sha256_verified,https://historico.conaliteg.gob.mx/c/H2008P5ED280/044.jpg,306193,36280b393808923a0f79e2da26cf656bdaaaf1246d5dd728ac0ba2f41b6c8125,source_jpeg
LTMD_U1_W9_EDUCACION_FISICA_PROCESSING_TOPOLOGY_0.1,U1-H2008P5ED280-P045,H2008P5ED280,H2008P5ED280,2008,5,EDUCACIÓN FÍSICA,45,45,direct_canonical,official_conaliteg_source_jpeg_sha256_verified,https://historico.conaliteg.gob.mx/c/H2008P5ED280/045.jpg,329074,ebcd93245ff745d22ec89237d85dd68c5b29ae1a0b9d3d62fb8e5e45c3b8cf30,source_jpeg
LTMD_U1_W9_EDUCACION_FISICA_PROCESSING_TOPOLOGY_0.1,U1-H2008P5ED280-P046,H2008P5ED280,H2008P5ED280,2008,5,EDUCACIÓN FÍSICA,46,46,direct_canonical,official_conaliteg_source_jpeg_sha256_verified,https://historico.conaliteg.gob.mx/c/H2008P5ED280/046.jpg,300269,79e255fcf7f9871ada73f5d71795398fd87fb6eddaedeefab9b966a2c9b9d1ca,source_jpeg
LTMD_U1_W9_EDUCACION_FISICA_PROCESSING_TOPOLOGY_0.1,U1-H2008P5ED280-P047,H2008P5ED280,H2008P5ED280,2008,5,EDUCACIÓN FÍSICA,47,47,direct_canonical,official_conaliteg_source_jpeg_sha256_verified,https://historico.conaliteg.gob.mx/c/H2008P5ED280/047.jpg,312860,77973169aa5f2413b6dc0758bd2fb57fb11ee5af3a1d709e25593ab991d20e7b,source_jpeg
LTMD_U1_W9_EDUCACION_FISICA_PROCESSING_TOPOLOGY_0.1,U1-H2008P5ED280-P048,H2008P5ED280,H2008P5ED280,2008,5,EDUCACIÓN FÍSICA,48,48,direct_canonical,official_conaliteg_source_jpeg_sha256_verified,https://historico.conaliteg.gob.mx/c/H2008P5ED280/048.jpg,295000,86ce31df69aad1608dfe8193adaa52c0599696c22aa1d5ab6b7c4de1a99365d6,source_jpeg
LTMD_U1_W9_EDUCACION_FISICA_PROCESSING_TOPOLOGY_0.1,U1-H2008P5ED280-P049,H2008P5ED280,H2008P5ED280,2008,5,EDUCACIÓN FÍSICA,49,49,direct_canonical,official_conaliteg_source_jpeg_sha256_verified,https://historico.conaliteg.gob.mx/c/H2008P5ED280/049.jpg,313152,da18ead40e9da242961c114f2969b0c03c2476a74df81f104f32a5ef3305fd70,source_jpeg
LTMD_U1_W9_EDUCACION_FISICA_PROCESSING_TOPOLOGY_0.1,U1-H2008P5ED280-P050,H2008P5ED280,H2008P5ED280,2008,5,EDUCACIÓN FÍSICA,50,50,direct_canonical,official_conaliteg_source_jpeg_sha256_verified,https://historico.conaliteg.gob.mx/c/H2008P5ED280/050.jpg,322338,0601fa61aa064480c843aa3f8d5a038b46f3b2082af0ddc4e3cbe69d74e9caae,source_jpeg
LTMD_U1_W9_EDUCACION_FISICA_PROCESSING_TOPOLOGY_0.1,U1-H2008P5ED280-P051,H2008P5ED280,H2008P5ED280,2008,5,EDUCACIÓN FÍSICA,51,51,direct_canonical,official_conaliteg_source_jpeg_sha256_verified,https://historico.conaliteg.gob.mx/c/H2008P5ED280/051.jpg,266345,5035c8d655ac6f7ff08ee4cb67ef8de16e8bdbc64bc690140bbdf14a63871c82,source_jpeg
LTMD_U1_W9_EDUCACION_FISICA_PROCESSING_TOPOLOGY_0.1,U1-H2008P5ED280-P052,H2008P5ED280,H2008P5ED280,2008,5,EDUCACIÓN FÍSICA,52,52,direct_canonical,official_conaliteg_source_jpeg_sha256_verified,https://historico.conaliteg.gob.mx/c/H2008P5ED280/052.jpg,287615,60a7ff6d76928ab058d8c004a1d8e46517131569ab75760d01a9b1ccd54b1de2,source_jpeg
LTMD_U1_W9_EDUCACION_FISICA_PROCESSING_TOPOLOGY_0.1,U1-H2008P5ED280-P053,H2008P5ED280,H2008P5ED280,2008,5,EDUCACIÓN FÍSICA,53,53,direct_canonical,official_conaliteg_source_jpeg_sha256_verified,https://historico.conaliteg.gob.mx/c/H2008P5ED280/053.jpg,302043,ae1127127b0c8ffb5b9c82a3d1bfce50ecd02abdf5c490cec32fccf2b2998c17,source_jpeg
LTMD_U1_W9_EDUCACION_FISICA_PROCESSING_TOPOLOGY_0.1,U1-H2008P5ED280-P054,H2008P5ED280,H2008P5ED280,2008,5,EDUCACIÓN FÍSICA,54,54,direct_canonical,official_conaliteg_source_jpeg_sha256_verified,https://historico.conaliteg.gob.mx/c/H2008P5ED280/054.jpg,335987,ce67517d54c8b4eeb49c7770f4ed527562d2bd2c0ce410708ccbde7209dda756,source_jpeg
LTMD_U1_W9_EDUCACION_FISICA_PROCESSING_TOPOLOGY_0.1,U1-H2008P5ED280-P055,H2008P5ED280,H2008P5ED280,2008,5,EDUCACIÓN FÍSICA,55,55,direct_canonical,official_conaliteg_source_jpeg_sha256_verified,https://historico.conaliteg.gob.mx/c/H2008P5ED280/055.jpg,287572,58b3d1207b6be4827a1e135a36f473c0394655e2d67d6f1e7a573818822295df,source_jpeg
LTMD_U1_W9_EDUCACION_FISICA_PROCESSING_TOPOLOGY_0.1,U1-H2008P5ED280-P056,H2008P5ED280,H2008P5ED280,2008,5,EDUCACIÓN FÍSICA,56,56,direct_canonical,official_conaliteg_source_jpeg_sha256_verified,https://historico.conaliteg.gob.mx/c/H2008P5ED280/056.jpg,306514,4aa77b0dde7a717a50848ab581894aea261fe85f36f1d80939906dce41c3b909,source_jpeg
LTMD_U1_W9_EDUCACION_FISICA_PROCESSING_TOPOLOGY_0.1,U1-H2008P5ED280-P057,H2008P5ED280,H2008P5ED280,2008,5,EDUCACIÓN FÍSICA,57,57,direct_canonical,official_conaliteg_source_jpeg_sha256_verified,https://historico.conaliteg.gob.mx/c/H2008P5ED280/057.jpg,270235,d7806e81baafc2c7d50fcac95f8ae375e31e3d2d959b9a8d9fd75e9dbeaa9a96,source_jpeg
LTMD_U1_W9_EDUCACION_FISICA_PROCESSING_TOPOLOGY_0.1,U1-H2008P5ED280-P058,H2008P5ED280,H2008P5ED280,2008,5,EDUCACIÓN FÍSICA,58,58,direct_canonical,official_conaliteg_source_jpeg_sha256_verified,https://historico.conaliteg.gob.mx/c/H2008P5ED280/058.jpg,319210,84592f92e01029f197b1fa53a78d44c5738a9bf2096cb38922433139323e4dee,source_jpeg
LTMD_U1_W9_EDUCACION_FISICA_PROCESSING_TOPOLOGY_0.1,U1-H2008P5ED280-P059,H2008P5ED280,H2008P5ED280,2008,5,EDUCACIÓN FÍSICA,59,59,direct_canonical,official_conaliteg_source_jpeg_sha256_verified,https://historico.conaliteg.gob.mx/c/H2008P5ED280/059.jpg,309999,659f55a9899533cdc626cccf46c515cfcba44cbf53ced5bd8a4312fcc8e62069,source_jpeg
LTMD_U1_W9_EDUCACION_FISICA_PROCESSING_TOPOLOGY_0.1,U1-H2008P5ED280-P060,H2008P5ED280,H2008P5ED280,2008,5,EDUCACIÓN FÍSICA,60,60,direct_canonical,official_conaliteg_source_jpeg_sha256_verified,https://historico.conaliteg.gob.mx/c/H2008P5ED280/060.jpg,306717,46121be5f937253f9a906dbe20532ca4cfa99e1a153eb885f5c7db33ff5bb90b,source_jpeg
LTMD_U1_W9_EDUCACION_FISICA_PROCESSING_TOPOLOGY_0.1,U1-H2008P5ED280-P061,H2008P5ED280,H2008P5ED280,2008,5,EDUCACIÓN FÍSICA,61,61,direct_canonical,official_conaliteg_source_jpeg_sha256_verified,https://historico.conaliteg.gob.mx/c/H2008P5ED280/061.jpg,286524,37e959dde928d3b9987a21936c01c77d9c8e5990740306352963728b80582fcd,source_jpeg
LTMD_U1_W9_EDUCACION_FISICA_PROCESSING_TOPOLOGY_0.1,U1-H2008P5ED280-P062,H2008P5ED280,H2008P5ED280,2008,5,EDUCACIÓN FÍSICA,62,62,direct_canonical,official_conaliteg_source_jpeg_sha256_verified,https://historico.conaliteg.gob.mx/c/H2008P5ED280/062.jpg,254343,0c1f89f2c9b9c4d3edf74b05419ec56ce0874e25deedd75f5d7dca957b32cfb8,source_jpeg
LTMD_U1_W9_EDUCACION_FISICA_PROCESSING_TOPOLOGY_0.1,U1-H2008P5ED280-P063,H2008P5ED280,H2008P5ED280,2008,5,EDUCACIÓN FÍSICA,63,63,direct_canonical,official_conaliteg_source_jpeg_sha256_verified,https://historico.conaliteg.gob.mx/c/H2008P5ED280/063.jpg,275915,18d3a99b776ec865c08fe0489a7756a628fb6ded8aba05e37cdb4fa83a3e936f,source_jpeg
LTMD_U1_W9_EDUCACION_FISICA_PROCESSING_TOPOLOGY_0.1,U1-H2008P5ED280-P064,H2008P5ED280,H2008P5ED280,2008,5,EDUCACIÓN FÍSICA,64,64,direct_canonical,official_conaliteg_source_jpeg_sha256_verified,https://historico.conaliteg.gob.mx/c/H2008P5ED280/064.jpg,277984,c4435dfbe126b456edd30871da2ebc4cbfb8d3d18fe240fc67d2493cb631a049,source_jpeg
LTMD_U1_W9_EDUCACION_FISICA_PROCESSING_TOPOLOGY_0.1,U1-H2008P5ED280-P065,H2008P5ED280,H2008P5ED280,2008,5,EDUCACIÓN FÍSICA,65,65,direct_canonical,official_conaliteg_source_jpeg_sha256_verified,https://historico.conaliteg.gob.mx/c/H2008P5ED280/065.jpg,307359,a0ff334d22539a1d1c1edf06ac5e488b6aaca5679fa0392a3844ce60182d0bfd,source_jpeg
LTMD_U1_W9_EDUCACION_FISICA_PROCESSING_TOPOLOGY_0.1,U1-H2008P5ED280-P066,H2008P5ED280,H2008P5ED280,2008,5,EDUCACIÓN FÍSICA,66,66,direct_canonical,official_conaliteg_source_jpeg_sha256_verified,https://historico.conaliteg.gob.mx/c/H2008P5ED280/066.jpg,277881,9cf0eb9badd08dc59dc7b70906e28e2488de55e75145bb3dd6dc1dbec7172857,source_jpeg
LTMD_U1_W9_EDUCACION_FISICA_PROCESSING_TOPOLOGY_0.1,U1-H2008P5ED280-P067,H2008P5ED280,H2008P5ED280,2008,5,EDUCACIÓN FÍSICA,67,67,direct_canonical,official_conaliteg_source_jpeg_sha256_verified,https://historico.conaliteg.gob.mx/c/H2008P5ED280/067.jpg,264658,b576ddac00d3f1df9c707c7ffc7df059593c1c4e9ab0daaf7f23e50168b29b14,source_jpeg
LTMD_U1_W9_EDUCACION_FISICA_PROCESSING_TOPOLOGY_0.1,U1-H2008P5ED280-P068,H2008P5ED280,H2008P5ED280,2008,5,EDUCACIÓN FÍSICA,68,68,direct_canonical,official_conaliteg_source_jpeg_sha256_verified,https://historico.conaliteg.gob.mx/c/H2008P5ED280/068.jpg,290896,69ec3c91360a420a7dec3cb4c88e6ce220eebfea0dc189c1d6195920c71c1504,source_jpeg
LTMD_U1_W9_EDUCACION_FISICA_PROCESSING_TOPOLOGY_0.1,U1-H2008P5ED280-P069,H2008P5ED280,H2008P5ED280,2008,5,EDUCACIÓN FÍSICA,69,69,direct_canonical,official_conaliteg_source_jpeg_sha256_verified,https://historico.conaliteg.gob.mx/c/H2008P5ED280/069.jpg,240214,bf55f4dd50f32b8e5de8388b1318978ba4cca2ab0477d1ab22f4008fb64e7b87,source_jpeg
LTMD_U1_W9_EDUCACION_FISICA_PROCESSING_TOPOLOGY_0.1,U1-H2008P5ED280-P070,H2008P5ED280,H2008P5ED280,2008,5,EDUCACIÓN FÍSICA,70,70,direct_canonical,official_conaliteg_source_jpeg_sha256_verified,https://historico.conaliteg.gob.mx/c/H2008P5ED280/070.jpg,247957,f934ef3e24b44b5f07c64f0026a3225ede8fed4196ded174f1d6838fa45fe088,source_jpeg
LTMD_U1_W9_EDUCACION_FISICA_PROCESSING_TOPOLOGY_0.1,U1-H2008P5ED280-P071,H2008P5ED280,H2008P5ED280,2008,5,EDUCACIÓN FÍSICA,71,71,direct_canonical,official_conaliteg_source_jpeg_sha256_verified,https://historico.conaliteg.gob.mx/c/H2008P5ED280/071.jpg,246217,a274b66cfbf841a7043de37570652b8ac2835e47b25448fa3b8a3c3fa9af46c5,source_jpeg
LTMD_U1_W9_EDUCACION_FISICA_PROCESSING_TOPOLOGY_0.1,U1-H2008P5ED280-P072,H2008P5ED280,H2008P5ED280,2008,5,EDUCACIÓN FÍSICA,72,72,direct_canonical,official_conaliteg_source_jpeg_sha256_verified,https://historico.conaliteg.gob.mx/c/H2008P5ED280/072.jpg,269924,e30dbaf3a35e61eac8b42927d14bbea1153d0e59383bd21dedc7bbc3766a30e0,source_jpeg
LTMD_U1_W9_EDUCACION_FISICA_PROCESSING_TOPOLOGY_0.1,U1-H2008P5ED280-P073,H2008P5ED280,H2008P5ED280,2008,5,EDUCACIÓN FÍSICA,73,73,direct_canonical,official_conaliteg_source_jpeg_sha256_verified,https://historico.conaliteg.gob.mx/c/H2008P5ED280/073.jpg,212506,20ff56c1588daea7e1b038dcf8c6fae5b8f43556c38ec005100fc61c36ead1ba,source_jpeg
LTMD_U1_W9_EDUCACION_FISICA_PROCESSING_TOPOLOGY_0.1,U1-H2008P5ED280-P074,H2008P5ED280,H2008P5ED280,2008,5,EDUCACIÓN FÍSICA,74,74,direct_canonical,official_conaliteg_source_jpeg_sha256_verified,https://historico.conaliteg.gob.mx/c/H2008P5ED280/074.jpg,257696,6a8bf0470759bf4e713979d828c1b1df96c6fc0abd7570c935f335805eb690e0,source_jpeg
LTMD_U1_W9_EDUCACION_FISICA_PROCESSING_TOPOLOGY_0.1,U1-H2008P5ED280-P075,H2008P5ED280,H2008P5ED280,2008,5,EDUCACIÓN FÍSICA,75,75,direct_canonical,official_conaliteg_source_jpeg_sha256_verified,https://historico.conaliteg.gob.mx/c/H2008P5ED280/075.jpg,287098,0055eeb0c886931b7b6a9f80eba40ba394fc61353e1390399bca56e8953e008e,source_jpeg
LTMD_U1_W9_EDUCACION_FISICA_PROCESSING_TOPOLOGY_0.1,U1-H2008P5ED280-P076,H2008P5ED280,H2008P5ED280,2008,5,EDUCACIÓN FÍSICA,76,76,direct_canonical,official_conaliteg_source_jpeg_sha256_verified,https://historico.conaliteg.gob.mx/c/H2008P5ED280/076.jpg,273076,cc61fe42becdfaf874f107536157d131c02265bbfd49b7c32d7bfc9b67461fa5,source_jpeg
LTMD_U1_W9_EDUCACION_FISICA_PROCESSING_TOPOLOGY_0.1,U1-H2008P5ED280-P077,H2008P5ED280,H2008P5ED280,2008,5,EDUCACIÓN FÍSICA,77,77,direct_canonical,official_conaliteg_source_jpeg_sha256_verified,https://historico.conaliteg.gob.mx/c/H2008P5ED280/077.jpg,252248,c5fce855518d437fe0d875f9074ee397ffcb7ce749b99e516c3c1a3ab32bbbc7,source_jpeg
LTMD_U1_W9_EDUCACION_FISICA_PROCESSING_TOPOLOGY_0.1,U1-H2008P5ED280-P078,H2008P5ED280,H2008P5ED280,2008,5,EDUCACIÓN FÍSICA,78,78,direct_canonical,official_conaliteg_source_jpeg_sha256_verified,https://historico.conaliteg.gob.mx/c/H2008P5ED280/078.jpg,314552,5be817c68ed3579756a46f8235e68f3fa7b7b666a9b8577b5c75dc910d7e1838,source_jpeg
LTMD_U1_W9_EDUCACION_FISICA_PROCESSING_TOPOLOGY_0.1,U1-H2008P5ED280-P079,H2008P5ED280,H2008P5ED280,2008,5,EDUCACIÓN FÍSICA,79,79,direct_canonical,official_conaliteg_source_jpeg_sha256_verified,https://historico.conaliteg.gob.mx/c/H2008P5ED280/079.jpg,259311,d2b781982042ae06ddabe45b627e38a9e0a78f223c7749e601c8e8881d59ac24,source_jpeg
LTMD_U1_W9_EDUCACION_FISICA_PROCESSING_TOPOLOGY_0.1,U1-H2008P5ED280-P080,H2008P5ED280,H2008P5ED280,2008,5,EDUCACIÓN FÍSICA,80,80,direct_canonical,official_conaliteg_source_jpeg_sha256_verified,https://historico.conaliteg.gob.mx/c/H2008P5ED280/080.jpg,299513,0aadfefb9c22fc4afe046ca3551a013a89e47da4c3ac21bdbf15b71cadd5cd16,source_jpeg
LTMD_U1_W9_EDUCACION_FISICA_PROCESSING_TOPOLOGY_0.1,U1-H2008P5ED280-P081,H2008P5ED280,H2008P5ED280,2008,5,EDUCACIÓN FÍSICA,81,81,direct_canonical,official_conaliteg_source_jpeg_sha256_verified,https://historico.conaliteg.gob.mx/c/H2008P5ED280/081.jpg,297476,b90701730ad0961e45bbcbe8ad83bf21ee8b2928425f550764537db0f8f99626,source_jpeg
LTMD_U1_W9_EDUCACION_FISICA_PROCESSING_TOPOLOGY_0.1,U1-H2008P5ED280-P082,H2008P5ED280,H2008P5ED280,2008,5,EDUCACIÓN FÍSICA,82,82,direct_canonical,official_conaliteg_source_jpeg_sha256_verified,https://historico.conaliteg.gob.mx/c/H2008P5ED280/082.jpg,299289,053c51dd69ca10651b4db133ad79c1e4603d89df20cfcfe90cecfa19a83a2bf8,source_jpeg
LTMD_U1_W9_EDUCACION_FISICA_PROCESSING_TOPOLOGY_0.1,U1-H2008P5ED280-P083,H2008P5ED280,H2008P5ED280,2008,5,EDUCACIÓN FÍSICA,83,83,direct_canonical,official_conaliteg_source_jpeg_sha256_verified,https://historico.conaliteg.gob.mx/c/H2008P5ED280/083.jpg,302124,890735d017a3634f27899f5d4d7b510e57c2a386553e6b5f27aaab1e7bfc641f,source_jpeg
LTMD_U1_W9_EDUCACION_FISICA_PROCESSING_TOPOLOGY_0.1,U1-H2008P5ED280-P084,H2008P5ED280,H2008P5ED280,2008,5,EDUCACIÓN FÍSICA,84,84,direct_canonical,official_conaliteg_source_jpeg_sha256_verified,https://historico.conaliteg.gob.mx/c/H2008P5ED280/084.jpg,312304,f296ce2f875738cb7fbcae711d6f6f1084847ff8dfe80c00e61abe58309b9a37,source_jpeg
LTMD_U1_W9_EDUCACION_FISICA_PROCESSING_TOPOLOGY_0.1,U1-H2008P5ED280-P085,H2008P5ED280,H2008P5ED280,2008,5,EDUCACIÓN FÍSICA,85,85,direct_canonical,official_conaliteg_source_jpeg_sha256_verified,https://historico.conaliteg.gob.mx/c/H2008P5ED280/085.jpg,293400,1216de8eeed5124b53a5ab8473899ddc2a3d611310d9c9a0cec220c199fa9fb9,source_jpeg
LTMD_U1_W9_EDUCACION_FISICA_PROCESSING_TOPOLOGY_0.1,U1-H2008P5ED280-P086,H2008P5ED280,H2008P5ED280,2008,5,EDUCACIÓN FÍSICA,86,86,direct_canonical,official_conaliteg_source_jpeg_sha256_verified,https://historico.conaliteg.gob.mx/c/H2008P5ED280/086.jpg,331895,95dfda5620aae3fe10b4a6b27d49545861575320fa1545170116f852a63f1b6e,source_jpeg
LTMD_U1_W9_EDUCACION_FISICA_PROCESSING_TOPOLOGY_0.1,U1-H2008P5ED280-P087,H2008P5ED280,H2008P5ED280,2008,5,EDUCACIÓN FÍSICA,87,87,direct_canonical,official_conaliteg_source_jpeg_sha256_verified,https://historico.conaliteg.gob.mx/c/H2008P5ED280/087.jpg,232640,6f8fa08db37aa89d810f2338abaeb22f7dfd8c43275cf97f83410c74730c855a,source_jpeg
LTMD_U1_W9_EDUCACION_FISICA_PROCESSING_TOPOLOGY_0.1,U1-H2008P5ED280-P088,H2008P5ED280,H2008P5ED280,2008,5,EDUCACIÓN FÍSICA,88,88,direct_canonical,official_conaliteg_source_jpeg_sha256_verified,https://historico.conaliteg.gob.mx/c/H2008P5ED280/088.jpg,302197,4ff88466dcccffd78422ae65b8fd224557b3d94fae7e64017dad994c18b8560c,source_jpeg
LTMD_U1_W9_EDUCACION_FISICA_PROCESSING_TOPOLOGY_0.1,U1-H2008P5ED280-P089,H2008P5ED280,H2008P5ED280,2008,5,EDUCACIÓN FÍSICA,89,89,direct_canonical,official_conaliteg_source_jpeg_sha256_verified,https://historico.conaliteg.gob.mx/c/H2008P5ED280/089.jpg,251949,af35d506652e8b1aa93f61240f3427ade49b918e77d9debea0757b4c74319650,source_jpeg
LTMD_U1_W9_EDUCACION_FISICA_PROCESSING_TOPOLOGY_0.1,U1-H2008P5ED280-P090,H2008P5ED280,H2008P5ED280,2008,5,EDUCACIÓN FÍSICA,90,90,direct_canonical,official_conaliteg_source_jpeg_sha256_verified,https://historico.conaliteg.gob.mx/c/H2008P5ED280/090.jpg,294058,76e866ce333afc693df7692111dedd5962416468812f4c4c016281f116c90f34,source_jpeg
LTMD_U1_W9_EDUCACION_FISICA_PROCESSING_TOPOLOGY_0.1,U1-H2008P5ED280-P091,H2008P5ED280,H2008P5ED280,2008,5,EDUCACIÓN FÍSICA,91,91,direct_canonical,official_conaliteg_source_jpeg_sha256_verified,https://historico.conaliteg.gob.mx/c/H2008P5ED280/091.jpg,286167,68241abc4abc63a071f4a2d67094365039c0730e7b82b57cfb2c42fb7905283a,source_jpeg
LTMD_U1_W9_EDUCACION_FISICA_PROCESSING_TOPOLOGY_0.1,U1-H2008P5ED280-P092,H2008P5ED280,H2008P5ED280,2008,5,EDUCACIÓN FÍSICA,92,92,direct_canonical,official_conaliteg_source_jpeg_sha256_verified,https://historico.conaliteg.gob.mx/c/H2008P5ED280/092.jpg,279153,998e102294f4603ec926e9e518a778a8cf1c73b51d7bc08bbfecbeddbe4aa61b,source_jpeg
LTMD_U1_W9_EDUCACION_FISICA_PROCESSING_TOPOLOGY_0.1,U1-H2008P5ED280-P093,H2008P5ED280,H2008P5ED280,2008,5,EDUCACIÓN FÍSICA,93,93,direct_canonical,official_conaliteg_source_jpeg_sha256_verified,https://historico.conaliteg.gob.mx/c/H2008P5ED280/093.jpg,312941,5d0c663904c886346e751b8d9238447b0ba40e2b959ed03bdaac3f748743840c,source_jpeg
LTMD_U1_W9_EDUCACION_FISICA_PROCESSING_TOPOLOGY_0.1,U1-H2008P5ED280-P094,H2008P5ED280,H2008P5ED280,2008,5,EDUCACIÓN FÍSICA,94,94,direct_canonical,official_conaliteg_source_jpeg_sha256_verified,https://historico.conaliteg.gob.mx/c/H2008P5ED280/094.jpg,276203,40e56ab3ebae9059e2e28936811531a4b7e9c1cf906f466c553bd904ee1ad4dc,source_jpeg
LTMD_U1_W9_EDUCACION_FISICA_PROCESSING_TOPOLOGY_0.1,U1-H2008P5ED280-P095,H2008P5ED280,H2008P5ED280,2008,5,EDUCACIÓN FÍSICA,95,95,direct_canonical,official_conaliteg_source_jpeg_sha256_verified,https://historico.conaliteg.gob.mx/c/H2008P5ED280/095.jpg,266148,0f45bfb8fbb07501482952be94f3c007e71bccaa52dfbf40a840c3c019919a6e,source_jpeg
LTMD_U1_W9_EDUCACION_FISICA_PROCESSING_TOPOLOGY_0.1,U1-H2008P5ED280-P096,H2008P5ED280,H2008P5ED280,2008,5,EDUCACIÓN FÍSICA,96,96,direct_canonical,official_conaliteg_source_jpeg_sha256_verified,https://historico.conaliteg.gob.mx/c/H2008P5ED280/096.jpg,238074,334dae62731a7ad76dedc987eebeb42b100f8d06da3c4343cb199fc3998cdf75,source_jpeg
LTMD_U1_W9_EDUCACION_FISICA_PROCESSING_TOPOLOGY_0.1,U1-H2008P5ED280-P097,H2008P5ED280,H2008P5ED280,2008,5,EDUCACIÓN FÍSICA,97,97,direct_canonical,official_conaliteg_source_jpeg_sha256_verified,https://historico.conaliteg.gob.mx/c/H2008P5ED280/097.jpg,231510,66eba60c80bbb69378d535545382da0b47ff86850a9242c1ccdc260672142177,source_jpeg
LTMD_U1_W9_EDUCACION_FISICA_PROCESSING_TOPOLOGY_0.1,U1-H2008P5ED280-P098,H2008P5ED280,H2008P5ED280,2008,5,EDUCACIÓN FÍSICA,98,98,direct_canonical,official_conaliteg_source_jpeg_sha256_verified,https://historico.conaliteg.gob.mx/c/H2008P5ED280/098.jpg,321259,c0d1cb249648ebf67428719258e11fc485fbcdec541ad5cd409c9d539d927a3d,source_jpeg
LTMD_U1_W9_EDUCACION_FISICA_PROCESSING_TOPOLOGY_0.1,U1-H2008P5ED280-P099,H2008P5ED280,H2008P5ED280,2008,5,EDUCACIÓN FÍSICA,99,99,direct_canonical,official_conaliteg_source_jpeg_sha256_verified,https://historico.conaliteg.gob.mx/c/H2008P5ED280/099.jpg,256416,d6b3ae7b12bd0174af45da5e440815c003f6d4d9ce74309248f3e9eaa97e5b5b,source_jpeg
LTMD_U1_W9_EDUCACION_FISICA_PROCESSING_TOPOLOGY_0.1,U1-H2008P5ED280-P100,H2008P5ED280,H2008P5ED280,2008,5,EDUCACIÓN FÍSICA,100,100,direct_canonical,official_conaliteg_source_jpeg_sha256_verified,https://historico.conaliteg.gob.mx/c/H2008P5ED280/100.jpg,231880,ffb57f380a561bf066c798878c9df2263249fbbf32ad4d818f8a1cbb1bbf8f11,source_jpeg
LTMD_U1_W9_EDUCACION_FISICA_PROCESSING_TOPOLOGY_0.1,U1-H2008P5ED280-P101,H2008P5ED280,H2008P5ED280,2008,5,EDUCACIÓN FÍSICA,101,101,direct_canonical,official_conaliteg_source_jpeg_sha256_verified,https://historico.conaliteg.gob.mx/c/H2008P5ED280/101.jpg,217918,903cef8311de7ef5487c58b492ead9f16dc65ba3989f078effc50c67edd0c736,source_jpeg
LTMD_U1_W9_EDUCACION_FISICA_PROCESSING_TOPOLOGY_0.1,U1-H2008P5ED280-P102,H2008P5ED280,H2008P5ED280,2008,5,EDUCACIÓN FÍSICA,102,102,direct_canonical,official_conaliteg_source_jpeg_sha256_verified,https://historico.conaliteg.gob.mx/c/H2008P5ED280/102.jpg,225250,bbe21e9fe5cef9a0dd6418cce9fbc9d794947440d4ce98bda09bd3772678a206,source_jpeg
LTMD_U1_W9_EDUCACION_FISICA_PROCESSING_TOPOLOGY_0.1,U1-H2008P5ED280-P103,H2008P5ED280,H2008P5ED280,2008,5,EDUCACIÓN FÍSICA,103,103,direct_canonical,official_conaliteg_source_jpeg_sha256_verified,https://historico.conaliteg.gob.mx/c/H2008P5ED280/103.jpg,235311,226305ba7ce208a274fc226fb52d7910f8ea1c2ea58734a0cdf8c46f185641de,source_jpeg
LTMD_U1_W9_EDUCACION_FISICA_PROCESSING_TOPOLOGY_0.1,U1-H2008P5ED280-P104,H2008P5ED280,H2008P5ED280,2008,5,EDUCACIÓN FÍSICA,104,104,direct_canonical,official_conaliteg_source_jpeg_sha256_verified,https://historico.conaliteg.gob.mx/c/H2008P5ED280/104.jpg,240645,50d4ea007137bd9f2972f880445b2d763f5f61132817e7c7d9a0a232f83d0ad3,source_jpeg
LTMD_U1_W9_EDUCACION_FISICA_PROCESSING_TOPOLOGY_0.1,U1-H2008P5ED280-P105,H2008P5ED280,H2008P5ED280,2008,5,EDUCACIÓN FÍSICA,105,105,direct_canonical,official_conaliteg_source_jpeg_sha256_verified,https://historico.conaliteg.gob.mx/c/H2008P5ED280/105.jpg,303248,ef8547c1e8583d0616fc67c97c70dcb912400b37090e246baaa228fe93300c86,source_jpeg
LTMD_U1_W9_EDUCACION_FISICA_PROCESSING_TOPOLOGY_0.1,U1-H2008P5ED280-P106,H2008P5ED280,H2008P5ED280,2008,5,EDUCACIÓN FÍSICA,106,106,direct_canonical,official_conaliteg_source_jpeg_sha256_verified,https://historico.conaliteg.gob.mx/c/H2008P5ED280/106.jpg,262532,4c4086382e77ef5ada7d599d24cc88a1d8ef066545bafa8d834fe72fbdd6e381,source_jpeg
LTMD_U1_W9_EDUCACION_FISICA_PROCESSING_TOPOLOGY_0.1,U1-H2008P5ED280-P107,H2008P5ED280,H2008P5ED280,2008,5,EDUCACIÓN FÍSICA,107,107,direct_canonical,official_conaliteg_source_jpeg_sha256_verified,https://historico.conaliteg.gob.mx/c/H2008P5ED280/107.jpg,270546,16d1990e61eb720c304365ded2fda0dd68ab4593d7fd7d7901f764c56131b05c,source_jpeg
LTMD_U1_W9_EDUCACION_FISICA_PROCESSING_TOPOLOGY_0.1,U1-H2008P5ED280-P108,H2008P5ED280,H2008P5ED280,2008,5,EDUCACIÓN FÍSICA,108,108,direct_canonical,official_conaliteg_source_jpeg_sha256_verified,https://historico.conaliteg.gob.mx/c/H2008P5ED280/108.jpg,259082,05d7ed74b0c49575a1c5d17eee34695ff29bcc3b301f7a3af7b878373a2cba8d,source_jpeg
LTMD_U1_W9_EDUCACION_FISICA_PROCESSING_TOPOLOGY_0.1,U1-H2008P5ED280-P109,H2008P5ED280,H2008P5ED280,2008,5,EDUCACIÓN FÍSICA,109,109,direct_canonical,official_conaliteg_source_jpeg_sha256_verified,https://historico.conaliteg.gob.mx/c/H2008P5ED280/109.jpg,229174,ed3a4d1b6dc25c51e65f6fae22865a56b6eb44cd07078afdb3bc83e32bcef49c,source_jpeg
LTMD_U1_W9_EDUCACION_FISICA_PROCESSING_TOPOLOGY_0.1,U1-H2008P5ED280-P110,H2008P5ED280,H2008P5ED280,2008,5,EDUCACIÓN FÍSICA,110,110,direct_canonical,official_conaliteg_source_jpeg_sha256_verified,https://historico.conaliteg.gob.mx/c/H2008P5ED280/110.jpg,226475,87a1d691028b6257dea8ea7578fdb88a5dbd309994e2fe34272ecf5e1fc2eb94,source_jpeg
LTMD_U1_W9_EDUCACION_FISICA_PROCESSING_TOPOLOGY_0.1,U1-H2008P5ED280-P111,H2008P5ED280,H2008P5ED280,2008,5,EDUCACIÓN FÍSICA,111,111,direct_canonical,official_conaliteg_source_jpeg_sha256_verified,https://historico.conaliteg.gob.mx/c/H2008P5ED280/111.jpg,268627,3cbcb2719908e4021cdd6cd3f37cd9d93ec45ab024595b2d88810f0b3933abd7,source_jpeg
LTMD_U1_W9_EDUCACION_FISICA_PROCESSING_TOPOLOGY_0.1,U1-H2008P5ED280-P112,H2008P5ED280,H2008P5ED280,2008,5,EDUCACIÓN FÍSICA,112,112,direct_canonical,official_conaliteg_source_jpeg_sha256_verified,https://historico.conaliteg.gob.mx/c/H2008P5ED280/112.jpg,174066,861ab4a57054031fe77388cab84607dc17334a1bd25a39368db32e64f0a0b3d4,source_jpeg
LTMD_U1_W9_EDUCACION_FISICA_PROCESSING_TOPOLOGY_0.1,U1-H2008P5ED280-P113,H2008P5ED280,H2008P5ED280,2008,5,EDUCACIÓN FÍSICA,113,113,direct_canonical,official_conaliteg_source_jpeg_sha256_verified,https://historico.conaliteg.gob.mx/c/H2008P5ED280/113.jpg,167335,e90e4a1ea0b5dccbcea1b3a9b708c2feaba54e225739e41ef1277b50a1dd1174,source_jpeg
LTMD_U1_W9_EDUCACION_FISICA_PROCESSING_TOPOLOGY_0.1,U1-H2008P5ED280-P114,H2008P5ED280,H2008P5ED280,2008,5,EDUCACIÓN FÍSICA,114,114,direct_canonical,official_conaliteg_source_jpeg_sha256_verified,https://historico.conaliteg.gob.mx/c/H2008P5ED280/114.jpg,190179,3d6170e8b9dc346e1b0c9591f73ea4ab1c98ef039cd237746c053b996950c827,source_jpeg
LTMD_U1_W9_EDUCACION_FISICA_PROCESSING_TOPOLOGY_0.1,U1-H2008P6ED287-P001,H2008P6ED287,H2008P6ED287,2008,6,EDUCACIÓN FÍSICA,1,0,direct_canonical,official_conaliteg_source_jpeg_sha256_verified,https://historico.conaliteg.gob.mx/c/H2008P6ED287/000.jpg,310321,129663780b988f4858a96f9b14fe52adbe3a35f18ecdc0a992d0123492183f38,source_jpeg
LTMD_U1_W9_EDUCACION_FISICA_PROCESSING_TOPOLOGY_0.1,U1-H2008P6ED287-P002,H2008P6ED287,H2008P6ED287,2008,6,EDUCACIÓN FÍSICA,2,2,direct_canonical,official_conaliteg_source_jpeg_sha256_verified,https://historico.conaliteg.gob.mx/c/H2008P6ED287/002.jpg,231697,94de0ec883ed352624443d600cc1a8673416c519664669dfb5fb1ea7749d6fab,source_jpeg
LTMD_U1_W9_EDUCACION_FISICA_PROCESSING_TOPOLOGY_0.1,U1-H2008P6ED287-P003,H2008P6ED287,H2008P6ED287,2008,6,EDUCACIÓN FÍSICA,3,3,direct_canonical,official_conaliteg_source_jpeg_sha256_verified,https://historico.conaliteg.gob.mx/c/H2008P6ED287/003.jpg,303651,790e47a353ffb3b77e62f86d3604a260a094e88f4862908a33677c75a098a307,source_jpeg
LTMD_U1_W9_EDUCACION_FISICA_PROCESSING_TOPOLOGY_0.1,U1-H2008P6ED287-P004,H2008P6ED287,H2008P6ED287,2008,6,EDUCACIÓN FÍSICA,4,4,direct_canonical,official_conaliteg_source_jpeg_sha256_verified,https://historico.conaliteg.gob.mx/c/H2008P6ED287/004.jpg,273317,3a1a05de17533562e63d21f3b904401babf44a3efe9a54be2c13a768e62e01f0,source_jpeg
LTMD_U1_W9_EDUCACION_FISICA_PROCESSING_TOPOLOGY_0.1,U1-H2008P6ED287-P005,H2008P6ED287,H2008P6ED287,2008,6,EDUCACIÓN FÍSICA,5,5,direct_canonical,official_conaliteg_source_jpeg_sha256_verified,https://historico.conaliteg.gob.mx/c/H2008P6ED287/005.jpg,252026,3161a4cffc25b7c6d8b2cfd21d31f13d0a6c218211cabd99f12b034694ea36ab,source_jpeg
LTMD_U1_W9_EDUCACION_FISICA_PROCESSING_TOPOLOGY_0.1,U1-H2008P6ED287-P006,H2008P6ED287,H2008P6ED287,2008,6,EDUCACIÓN FÍSICA,6,6,direct_canonical,official_conaliteg_source_jpeg_sha256_verified,https://historico.conaliteg.gob.mx/c/H2008P6ED287/006.jpg,298271,67472fbdbedb07473b2ceb1f5b7dd26ad09494cf95717e5d61a6b6b6a4300536,source_jpeg
LTMD_U1_W9_EDUCACION_FISICA_PROCESSING_TOPOLOGY_0.1,U1-H2008P6ED287-P007,H2008P6ED287,H2008P6ED287,2008,6,EDUCACIÓN FÍSICA,7,7,direct_canonical,official_conaliteg_source_jpeg_sha256_verified,https://historico.conaliteg.gob.mx/c/H2008P6ED287/007.jpg,346817,1906d51ac368002867f4c3cac321b69bfa33d9899cd84300f3b70e3524b626c5,source_jpeg
LTMD_U1_W9_EDUCACION_FISICA_PROCESSING_TOPOLOGY_0.1,U1-H2008P6ED287-P008,H2008P6ED287,H2008P6ED287,2008,6,EDUCACIÓN FÍSICA,8,8,direct_canonical,official_conaliteg_source_jpeg_sha256_verified,https://historico.conaliteg.gob.mx/c/H2008P6ED287/008.jpg,276834,f8029d806299182c6cb23ebc2dad86b6c23f3e9a097023f378bd4c60c05f74f0,source_jpeg
LTMD_U1_W9_EDUCACION_FISICA_PROCESSING_TOPOLOGY_0.1,U1-H2008P6ED287-P009,H2008P6ED287,H2008P6ED287,2008,6,EDUCACIÓN FÍSICA,9,9,direct_canonical,official_conaliteg_source_jpeg_sha256_verified,https://historico.conaliteg.gob.mx/c/H2008P6ED287/009.jpg,264166,ce6c4662d7809cdfdf527be7c05e27859f3be8d3eea3229de1bd3c22ae470a13,source_jpeg
LTMD_U1_W9_EDUCACION_FISICA_PROCESSING_TOPOLOGY_0.1,U1-H2008P6ED287-P010,H2008P6ED287,H2008P6ED287,2008,6,EDUCACIÓN FÍSICA,10,10,direct_canonical,official_conaliteg_source_jpeg_sha256_verified,https://historico.conaliteg.gob.mx/c/H2008P6ED287/010.jpg,309211,0de95761f59a305e39f5e241b929ea430d862fcf68ae0862851ceefa5933ab73,source_jpeg
LTMD_U1_W9_EDUCACION_FISICA_PROCESSING_TOPOLOGY_0.1,U1-H2008P6ED287-P011,H2008P6ED287,H2008P6ED287,2008,6,EDUCACIÓN FÍSICA,11,11,direct_canonical,official_conaliteg_source_jpeg_sha256_verified,https://historico.conaliteg.gob.mx/c/H2008P6ED287/011.jpg,257874,03dacb58daa853294db3c45de79b3273254585047c62285ebe5d8a762aa4e272,source_jpeg
LTMD_U1_W9_EDUCACION_FISICA_PROCESSING_TOPOLOGY_0.1,U1-H2008P6ED287-P012,H2008P6ED287,H2008P6ED287,2008,6,EDUCACIÓN FÍSICA,12,12,direct_canonical,official_conaliteg_source_jpeg_sha256_verified,https://historico.conaliteg.gob.mx/c/H2008P6ED287/012.jpg,309599,6121ed4bd2f4aa355876cab7512e8b4e3b173eb5146f24f3f82857b51161462b,source_jpeg
LTMD_U1_W9_EDUCACION_FISICA_PROCESSING_TOPOLOGY_0.1,U1-H2008P6ED287-P013,H2008P6ED287,H2008P6ED287,2008,6,EDUCACIÓN FÍSICA,13,13,direct_canonical,official_conaliteg_source_jpeg_sha256_verified,https://historico.conaliteg.gob.mx/c/H2008P6ED287/013.jpg,326322,235561621671975a47f7a6ec26cdd259b6af78883c5d4688b55cfbb6354ed4ca,source_jpeg
LTMD_U1_W9_EDUCACION_FISICA_PROCESSING_TOPOLOGY_0.1,U1-H2008P6ED287-P014,H2008P6ED287,H2008P6ED287,2008,6,EDUCACIÓN FÍSICA,14,14,direct_canonical,official_conaliteg_source_jpeg_sha256_verified,https://historico.conaliteg.gob.mx/c/H2008P6ED287/014.jpg,362500,ca0376c192c4583594ec1acf80fe3634a9277f89fc850100557bd443d20371f2,source_jpeg
LTMD_U1_W9_EDUCACION_FISICA_PROCESSING_TOPOLOGY_0.1,U1-H2008P6ED287-P015,H2008P6ED287,H2008P6ED287,2008,6,EDUCACIÓN FÍSICA,15,15,direct_canonical,official_conaliteg_source_jpeg_sha256_verified,https://historico.conaliteg.gob.mx/c/H2008P6ED287/015.jpg,265522,35ca4cef789a73e89193c023015e6be5e80e85a867478dbff0560bd2bf5eff41,source_jpeg
LTMD_U1_W9_EDUCACION_FISICA_PROCESSING_TOPOLOGY_0.1,U1-H2008P6ED287-P016,H2008P6ED287,H2008P6ED287,2008,6,EDUCACIÓN FÍSICA,16,16,direct_canonical,official_conaliteg_source_jpeg_sha256_verified,https://historico.conaliteg.gob.mx/c/H2008P6ED287/016.jpg,309097,999ff8b19a8feeb034c540d8e02cfebb46fe15811183e30414e4c3485a14df93,source_jpeg
LTMD_U1_W9_EDUCACION_FISICA_PROCESSING_TOPOLOGY_0.1,U1-H2008P6ED287-P017,H2008P6ED287,H2008P6ED287,2008,6,EDUCACIÓN FÍSICA,17,17,direct_canonical,official_conaliteg_source_jpeg_sha256_verified,https://historico.conaliteg.gob.mx/c/H2008P6ED287/017.jpg,323283,5cd77691586b0988a716a6384b3a1582e0d69563f0db89bcd36f7fefa7d4e8c8,source_jpeg
LTMD_U1_W9_EDUCACION_FISICA_PROCESSING_TOPOLOGY_0.1,U1-H2008P6ED287-P018,H2008P6ED287,H2008P6ED287,2008,6,EDUCACIÓN FÍSICA,18,18,direct_canonical,official_conaliteg_source_jpeg_sha256_verified,https://historico.conaliteg.gob.mx/c/H2008P6ED287/018.jpg,179509,4059f7f878371d1bf8ba5223cb828668307b5f963bd22d2cf308e3d1ddfe13d5,source_jpeg
LTMD_U1_W9_EDUCACION_FISICA_PROCESSING_TOPOLOGY_0.1,U1-H2008P6ED287-P019,H2008P6ED287,H2008P6ED287,2008,6,EDUCACIÓN FÍSICA,19,19,direct_canonical,official_conaliteg_source_jpeg_sha256_verified,https://historico.conaliteg.gob.mx/c/H2008P6ED287/019.jpg,249316,c10976f37ca6b5afc94f14c3922f3434ee54708118836df4f4cf8ee15cc3844c,source_jpeg
LTMD_U1_W9_EDUCACION_FISICA_PROCESSING_TOPOLOGY_0.1,U1-H2008P6ED287-P020,H2008P6ED287,H2008P6ED287,2008,6,EDUCACIÓN FÍSICA,20,20,direct_canonical,official_conaliteg_source_jpeg_sha256_verified,https://historico.conaliteg.gob.mx/c/H2008P6ED287/020.jpg,317141,94d188c1e678b1bbf79d499c5281dc150147aa2365b9648329e7292df7ccd04b,source_jpeg
LTMD_U1_W9_EDUCACION_FISICA_PROCESSING_TOPOLOGY_0.1,U1-H2008P6ED287-P021,H2008P6ED287,H2008P6ED287,2008,6,EDUCACIÓN FÍSICA,21,21,direct_canonical,official_conaliteg_source_jpeg_sha256_verified,https://historico.conaliteg.gob.mx/c/H2008P6ED287/021.jpg,232082,186f6dee7b4e5bb7f63dba9578535e358b81826eaaeda4919481944e69cb243a,source_jpeg
LTMD_U1_W9_EDUCACION_FISICA_PROCESSING_TOPOLOGY_0.1,U1-H2008P6ED287-P022,H2008P6ED287,H2008P6ED287,2008,6,EDUCACIÓN FÍSICA,22,22,direct_canonical,official_conaliteg_source_jpeg_sha256_verified,https://historico.conaliteg.gob.mx/c/H2008P6ED287/022.jpg,297912,0446d67afd3ea5979cadd70f5d73182480306d9647b9ac5139a25ab0b7c18015,source_jpeg
LTMD_U1_W9_EDUCACION_FISICA_PROCESSING_TOPOLOGY_0.1,U1-H2008P6ED287-P023,H2008P6ED287,H2008P6ED287,2008,6,EDUCACIÓN FÍSICA,23,23,direct_canonical,official_conaliteg_source_jpeg_sha256_verified,https://historico.conaliteg.gob.mx/c/H2008P6ED287/023.jpg,317452,8939a4bbd6d1c1f7c1884e3d57cad6f5e75ca1b544c6f32fa4710c0d8b2c1831,source_jpeg
LTMD_U1_W9_EDUCACION_FISICA_PROCESSING_TOPOLOGY_0.1,U1-H2008P6ED287-P024,H2008P6ED287,H2008P6ED287,2008,6,EDUCACIÓN FÍSICA,24,24,direct_canonical,official_conaliteg_source_jpeg_sha256_verified,https://historico.conaliteg.gob.mx/c/H2008P6ED287/024.jpg,322601,9f93d19ec4622b20080dd6314ba63c5540a86d3eba07d4b92860e507346020e8,source_jpeg
LTMD_U1_W9_EDUCACION_FISICA_PROCESSING_TOPOLOGY_0.1,U1-H2008P6ED287-P025,H2008P6ED287,H2008P6ED287,2008,6,EDUCACIÓN FÍSICA,25,25,direct_canonical,official_conaliteg_source_jpeg_sha256_verified,https://historico.conaliteg.gob.mx/c/H2008P6ED287/025.jpg,240920,8bd564be71f6c880bd9bb1ac0a6335f9be5c81482e559995b2da8d37d1081c74,source_jpeg
LTMD_U1_W9_EDUCACION_FISICA_PROCESSING_TOPOLOGY_0.1,U1-H2008P6ED287-P026,H2008P6ED287,H2008P6ED287,2008,6,EDUCACIÓN FÍSICA,26,26,direct_canonical,official_conaliteg_source_jpeg_sha256_verified,https://historico.conaliteg.gob.mx/c/H2008P6ED287/026.jpg,279237,796e77f0f5aa2230b59ea8bf32dfa1b0e7e6ec75f4eca1db0a6ecbbe43909b8a,source_jpeg
LTMD_U1_W9_EDUCACION_FISICA_PROCESSING_TOPOLOGY_0.1,U1-H2008P6ED287-P027,H2008P6ED287,H2008P6ED287,2008,6,EDUCACIÓN FÍSICA,27,27,direct_canonical,official_conaliteg_source_jpeg_sha256_verified,https://historico.conaliteg.gob.mx/c/H2008P6ED287/027.jpg,315856,b4c5c63957ef0894dd668c7a8f550e9ae144a577e936db61b2722a137bad9a1c,source_jpeg
LTMD_U1_W9_EDUCACION_FISICA_PROCESSING_TOPOLOGY_0.1,U1-H2008P6ED287-P028,H2008P6ED287,H2008P6ED287,2008,6,EDUCACIÓN FÍSICA,28,28,direct_canonical,official_conaliteg_source_jpeg_sha256_verified,https://historico.conaliteg.gob.mx/c/H2008P6ED287/028.jpg,321078,85abca05d09d8158b97c5732c0c465c0c046b0d8e76c38e5270a0a0816116069,source_jpeg
LTMD_U1_W9_EDUCACION_FISICA_PROCESSING_TOPOLOGY_0.1,U1-H2008P6ED287-P029,H2008P6ED287,H2008P6ED287,2008,6,EDUCACIÓN FÍSICA,29,29,direct_canonical,official_conaliteg_source_jpeg_sha256_verified,https://historico.conaliteg.gob.mx/c/H2008P6ED287/029.jpg,274502,e9b16a9b16df986b18c1005ab72c2ed6285a9292bc8cfc983a83e169450d3be8,source_jpeg
LTMD_U1_W9_EDUCACION_FISICA_PROCESSING_TOPOLOGY_0.1,U1-H2008P6ED287-P030,H2008P6ED287,H2008P6ED287,2008,6,EDUCACIÓN FÍSICA,30,30,direct_canonical,official_conaliteg_source_jpeg_sha256_verified,https://historico.conaliteg.gob.mx/c/H2008P6ED287/030.jpg,316636,822ba337819aa5af5bbafe54bb10593a98c63ed08ac7067db0efb69f4a8f3d91,source_jpeg
LTMD_U1_W9_EDUCACION_FISICA_PROCESSING_TOPOLOGY_0.1,U1-H2008P6ED287-P031,H2008P6ED287,H2008P6ED287,2008,6,EDUCACIÓN FÍSICA,31,31,direct_canonical,official_conaliteg_source_jpeg_sha256_verified,https://historico.conaliteg.gob.mx/c/H2008P6ED287/031.jpg,252872,4eaa068416d63148205f90fb337d23b8b82d3268ec2075858319cd3c53ffa05b,source_jpeg
LTMD_U1_W9_EDUCACION_FISICA_PROCESSING_TOPOLOGY_0.1,U1-H2008P6ED287-P032,H2008P6ED287,H2008P6ED287,2008,6,EDUCACIÓN FÍSICA,32,32,direct_canonical,official_conaliteg_source_jpeg_sha256_verified,https://historico.conaliteg.gob.mx/c/H2008P6ED287/032.jpg,322331,f76037ea84b1a817bad5cfc807e0cc6ead96fc552d60aca2a77e5f4122194faf,source_jpeg
LTMD_U1_W9_EDUCACION_FISICA_PROCESSING_TOPOLOGY_0.1,U1-H2008P6ED287-P033,H2008P6ED287,H2008P6ED287,2008,6,EDUCACIÓN FÍSICA,33,33,direct_canonical,official_conaliteg_source_jpeg_sha256_verified,https://historico.conaliteg.gob.mx/c/H2008P6ED287/033.jpg,342689,c1230a62d347f61e51605e69d8c7ecdf8d863c33f0343f9468aad88f9b2f0651,source_jpeg
LTMD_U1_W9_EDUCACION_FISICA_PROCESSING_TOPOLOGY_0.1,U1-H2008P6ED287-P034,H2008P6ED287,H2008P6ED287,2008,6,EDUCACIÓN FÍSICA,34,34,direct_canonical,official_conaliteg_source_jpeg_sha256_verified,https://historico.conaliteg.gob.mx/c/H2008P6ED287/034.jpg,314148,84afa1956992ce62f082adc5a6b8d45da2ee44df61d242928c06cc857d6fd3d5,source_jpeg
LTMD_U1_W9_EDUCACION_FISICA_PROCESSING_TOPOLOGY_0.1,U1-H2008P6ED287-P035,H2008P6ED287,H2008P6ED287,2008,6,EDUCACIÓN FÍSICA,35,35,direct_canonical,official_conaliteg_source_jpeg_sha256_verified,https://historico.conaliteg.gob.mx/c/H2008P6ED287/035.jpg,263662,4899e026be1a1b017a1caec619d7116d882572bcd6b77b7a2b8face19d674bc7,source_jpeg
LTMD_U1_W9_EDUCACION_FISICA_PROCESSING_TOPOLOGY_0.1,U1-H2008P6ED287-P036,H2008P6ED287,H2008P6ED287,2008,6,EDUCACIÓN FÍSICA,36,36,direct_canonical,official_conaliteg_source_jpeg_sha256_verified,https://historico.conaliteg.gob.mx/c/H2008P6ED287/036.jpg,402609,78a5d5d38386b74348cdf9d23c0e5ca8acb69a940302b40eacd3dc87ef94a77f,source_jpeg
LTMD_U1_W9_EDUCACION_FISICA_PROCESSING_TOPOLOGY_0.1,U1-H2008P6ED287-P037,H2008P6ED287,H2008P6ED287,2008,6,EDUCACIÓN FÍSICA,37,37,direct_canonical,official_conaliteg_source_jpeg_sha256_verified,https://historico.conaliteg.gob.mx/c/H2008P6ED287/037.jpg,321172,1db14092eb18378beff4b0cf5db0ef603e814d952be77ffd15730a559ee020f3,source_jpeg
LTMD_U1_W9_EDUCACION_FISICA_PROCESSING_TOPOLOGY_0.1,U1-H2008P6ED287-P038,H2008P6ED287,H2008P6ED287,2008,6,EDUCACIÓN FÍSICA,38,38,direct_canonical,official_conaliteg_source_jpeg_sha256_verified,https://historico.conaliteg.gob.mx/c/H2008P6ED287/038.jpg,360184,feec5179a920981f69a44db8ad4d592d44384f168f6f3ce64e5cc2bde99cb4c7,source_jpeg
LTMD_U1_W9_EDUCACION_FISICA_PROCESSING_TOPOLOGY_0.1,U1-H2008P6ED287-P039,H2008P6ED287,H2008P6ED287,2008,6,EDUCACIÓN FÍSICA,39,39,direct_canonical,official_conaliteg_source_jpeg_sha256_verified,https://historico.conaliteg.gob.mx/c/H2008P6ED287/039.jpg,295338,5eb494a9f625659dd1576640e6d85ee2e70c2af71913ba692063afdb6a0b93f5,source_jpeg
LTMD_U1_W9_EDUCACION_FISICA_PROCESSING_TOPOLOGY_0.1,U1-H2008P6ED287-P040,H2008P6ED287,H2008P6ED287,2008,6,EDUCACIÓN FÍSICA,40,40,direct_canonical,official_conaliteg_source_jpeg_sha256_verified,https://historico.conaliteg.gob.mx/c/H2008P6ED287/040.jpg,209064,eedd6eb00c3440aa1e0026ab7c507d4d61aeac3376c98e327dd5a1fd1f8b8d39,source_jpeg
LTMD_U1_W9_EDUCACION_FISICA_PROCESSING_TOPOLOGY_0.1,U1-H2008P6ED287-P041,H2008P6ED287,H2008P6ED287,2008,6,EDUCACIÓN FÍSICA,41,41,direct_canonical,official_conaliteg_source_jpeg_sha256_verified,https://historico.conaliteg.gob.mx/c/H2008P6ED287/041.jpg,266165,0e0c169bf008cac6b6cb519ed4c518b180056ada0711ed1f68929a0c6b83d84e,source_jpeg
LTMD_U1_W9_EDUCACION_FISICA_PROCESSING_TOPOLOGY_0.1,U1-H2008P6ED287-P042,H2008P6ED287,H2008P6ED287,2008,6,EDUCACIÓN FÍSICA,42,42,direct_canonical,official_conaliteg_source_jpeg_sha256_verified,https://historico.conaliteg.gob.mx/c/H2008P6ED287/042.jpg,354390,7f97981a130474ee9d0344e30ca522a5e695d7c0ed91aa81c19cc94edd6bd0ab,source_jpeg
LTMD_U1_W9_EDUCACION_FISICA_PROCESSING_TOPOLOGY_0.1,U1-H2008P6ED287-P043,H2008P6ED287,H2008P6ED287,2008,6,EDUCACIÓN FÍSICA,43,43,direct_canonical,official_conaliteg_source_jpeg_sha256_verified,https://historico.conaliteg.gob.mx/c/H2008P6ED287/043.jpg,208638,12fb21f52eceda6a7839f6cd834f67af5a31f7f2a956c02a9378b83b831a0be4,source_jpeg
LTMD_U1_W9_EDUCACION_FISICA_PROCESSING_TOPOLOGY_0.1,U1-H2008P6ED287-P044,H2008P6ED287,H2008P6ED287,2008,6,EDUCACIÓN FÍSICA,44,44,direct_canonical,official_conaliteg_source_jpeg_sha256_verified,https://historico.conaliteg.gob.mx/c/H2008P6ED287/044.jpg,274067,bf60ac6bdb8048dbfe06b725ef8cdff142f31bd8f653d80613363b771a545b57,source_jpeg
LTMD_U1_W9_EDUCACION_FISICA_PROCESSING_TOPOLOGY_0.1,U1-H2008P6ED287-P045,H2008P6ED287,H2008P6ED287,2008,6,EDUCACIÓN FÍSICA,45,45,direct_canonical,official_conaliteg_source_jpeg_sha256_verified,https://historico.conaliteg.gob.mx/c/H2008P6ED287/045.jpg,296500,2708894c0253d3af6c58ce26c6a1d28a91ff49160331671da35e0234343c91c3,source_jpeg
LTMD_U1_W9_EDUCACION_FISICA_PROCESSING_TOPOLOGY_0.1,U1-H2008P6ED287-P046,H2008P6ED287,H2008P6ED287,2008,6,EDUCACIÓN FÍSICA,46,46,direct_canonical,official_conaliteg_source_jpeg_sha256_verified,https://historico.conaliteg.gob.mx/c/H2008P6ED287/046.jpg,374269,b11fd3110ec759bfbe522407f1bdf2fe4580027de2e9264992642bc9b85cc5bf,source_jpeg
LTMD_U1_W9_EDUCACION_FISICA_PROCESSING_TOPOLOGY_0.1,U1-H2008P6ED287-P047,H2008P6ED287,H2008P6ED287,2008,6,EDUCACIÓN FÍSICA,47,47,direct_canonical,official_conaliteg_source_jpeg_sha256_verified,https://historico.conaliteg.gob.mx/c/H2008P6ED287/047.jpg,246549,c02e1157f74f7b202a3cc8e7e43f65512e827ae7b62d0112219e645b09f7b174,source_jpeg
LTMD_U1_W9_EDUCACION_FISICA_PROCESSING_TOPOLOGY_0.1,U1-H2008P6ED287-P048,H2008P6ED287,H2008P6ED287,2008,6,EDUCACIÓN FÍSICA,48,48,direct_canonical,official_conaliteg_source_jpeg_sha256_verified,https://historico.conaliteg.gob.mx/c/H2008P6ED287/048.jpg,348767,6140417bffb633e1189794ed419a2c73dd0c5a5d82b0621c20d06daa63c7f63d,source_jpeg
LTMD_U1_W9_EDUCACION_FISICA_PROCESSING_TOPOLOGY_0.1,U1-H2008P6ED287-P049,H2008P6ED287,H2008P6ED287,2008,6,EDUCACIÓN FÍSICA,49,49,direct_canonical,official_conaliteg_source_jpeg_sha256_verified,https://historico.conaliteg.gob.mx/c/H2008P6ED287/049.jpg,232680,c37a4bab656a55c7457b24f4768ded7f72f8f7c29e6fc0fd9c758c670d5d4910,source_jpeg
LTMD_U1_W9_EDUCACION_FISICA_PROCESSING_TOPOLOGY_0.1,U1-H2008P6ED287-P050,H2008P6ED287,H2008P6ED287,2008,6,EDUCACIÓN FÍSICA,50,50,direct_canonical,official_conaliteg_source_jpeg_sha256_verified,https://historico.conaliteg.gob.mx/c/H2008P6ED287/050.jpg,318712,cdf1a8f2b0b0216e364addcd43ab33e301440a4b844ced15c85ae6c375d4d852,source_jpeg
LTMD_U1_W9_EDUCACION_FISICA_PROCESSING_TOPOLOGY_0.1,U1-H2008P6ED287-P051,H2008P6ED287,H2008P6ED287,2008,6,EDUCACIÓN FÍSICA,51,51,direct_canonical,official_conaliteg_source_jpeg_sha256_verified,https://historico.conaliteg.gob.mx/c/H2008P6ED287/051.jpg,293604,ef885a11e60b1cfabdf7bb1c7e34c0846877a11c1dd3216ef2b234612f1a5055,source_jpeg
LTMD_U1_W9_EDUCACION_FISICA_PROCESSING_TOPOLOGY_0.1,U1-H2008P6ED287-P052,H2008P6ED287,H2008P6ED287,2008,6,EDUCACIÓN FÍSICA,52,52,direct_canonical,official_conaliteg_source_jpeg_sha256_verified,https://historico.conaliteg.gob.mx/c/H2008P6ED287/052.jpg,327994,3b97a0055682d3cc779f67f97b01c8ecc6680cf13103f0d9ff316a4edeb4f3d5,source_jpeg
LTMD_U1_W9_EDUCACION_FISICA_PROCESSING_TOPOLOGY_0.1,U1-H2008P6ED287-P053,H2008P6ED287,H2008P6ED287,2008,6,EDUCACIÓN FÍSICA,53,53,direct_canonical,official_conaliteg_source_jpeg_sha256_verified,https://historico.conaliteg.gob.mx/c/H2008P6ED287/053.jpg,283145,ad4a12660f9c30599dad61c2ae67c8e958cd06d9d311eb88068dce56026cbc28,source_jpeg
LTMD_U1_W9_EDUCACION_FISICA_PROCESSING_TOPOLOGY_0.1,U1-H2008P6ED287-P054,H2008P6ED287,H2008P6ED287,2008,6,EDUCACIÓN FÍSICA,54,54,direct_canonical,official_conaliteg_source_jpeg_sha256_verified,https://historico.conaliteg.gob.mx/c/H2008P6ED287/054.jpg,233348,8bd061bbb27876bde14930ea836e7ae2ce54b5350416b566825233acaf572853,source_jpeg
LTMD_U1_W9_EDUCACION_FISICA_PROCESSING_TOPOLOGY_0.1,U1-H2008P6ED287-P055,H2008P6ED287,H2008P6ED287,2008,6,EDUCACIÓN FÍSICA,55,55,direct_canonical,official_conaliteg_source_jpeg_sha256_verified,https://historico.conaliteg.gob.mx/c/H2008P6ED287/055.jpg,292647,e05bb0892475ea1a443db93a62fdfb990bad7e76e1e906bb4f29f2c7de54da30,source_jpeg
LTMD_U1_W9_EDUCACION_FISICA_PROCESSING_TOPOLOGY_0.1,U1-H2008P6ED287-P056,H2008P6ED287,H2008P6ED287,2008,6,EDUCACIÓN FÍSICA,56,56,direct_canonical,official_conaliteg_source_jpeg_sha256_verified,https://historico.conaliteg.gob.mx/c/H2008P6ED287/056.jpg,279632,4a46a729ccaaa486b329b415afa99738d3cef3ac4476b22dbcfc13c2c309c508,source_jpeg
LTMD_U1_W9_EDUCACION_FISICA_PROCESSING_TOPOLOGY_0.1,U1-H2008P6ED287-P057,H2008P6ED287,H2008P6ED287,2008,6,EDUCACIÓN FÍSICA,57,57,direct_canonical,official_conaliteg_source_jpeg_sha256_verified,https://historico.conaliteg.gob.mx/c/H2008P6ED287/057.jpg,211536,5d3e7db5caabbd58deb27104e00d56fd03f036ef56b198f448f9cd319d150405,source_jpeg
LTMD_U1_W9_EDUCACION_FISICA_PROCESSING_TOPOLOGY_0.1,U1-H2008P6ED287-P058,H2008P6ED287,H2008P6ED287,2008,6,EDUCACIÓN FÍSICA,58,58,direct_canonical,official_conaliteg_source_jpeg_sha256_verified,https://historico.conaliteg.gob.mx/c/H2008P6ED287/058.jpg,271415,88ebbacf6e32b796e405da9678e5bc67c2709dd767818abc1d09ad8912baae31,source_jpeg
LTMD_U1_W9_EDUCACION_FISICA_PROCESSING_TOPOLOGY_0.1,U1-H2008P6ED287-P059,H2008P6ED287,H2008P6ED287,2008,6,EDUCACIÓN FÍSICA,59,59,direct_canonical,official_conaliteg_source_jpeg_sha256_verified,https://historico.conaliteg.gob.mx/c/H2008P6ED287/059.jpg,268230,b81aefc20aafceb68e230d3a8fd90e5b84e3a749b1f13684d7bc72a5a6da1e5f,source_jpeg
LTMD_U1_W9_EDUCACION_FISICA_PROCESSING_TOPOLOGY_0.1,U1-H2008P6ED287-P060,H2008P6ED287,H2008P6ED287,2008,6,EDUCACIÓN FÍSICA,60,60,direct_canonical,official_conaliteg_source_jpeg_sha256_verified,https://historico.conaliteg.gob.mx/c/H2008P6ED287/060.jpg,228760,6d095530aa46eb13b2586460b0612b50d606dbaa3da96df4d89f3628a5ee85e6,source_jpeg
LTMD_U1_W9_EDUCACION_FISICA_PROCESSING_TOPOLOGY_0.1,U1-H2008P6ED287-P061,H2008P6ED287,H2008P6ED287,2008,6,EDUCACIÓN FÍSICA,61,61,direct_canonical,official_conaliteg_source_jpeg_sha256_verified,https://historico.conaliteg.gob.mx/c/H2008P6ED287/061.jpg,216199,00e0d2fd1f1b2775d5fd877fb60a04604cc986ecaf4e6fb507d06dce8f5ab696,source_jpeg
LTMD_U1_W9_EDUCACION_FISICA_PROCESSING_TOPOLOGY_0.1,U1-H2008P6ED287-P062,H2008P6ED287,H2008P6ED287,2008,6,EDUCACIÓN FÍSICA,62,62,direct_canonical,official_conaliteg_source_jpeg_sha256_verified,https://historico.conaliteg.gob.mx/c/H2008P6ED287/062.jpg,264829,c396636e4feaedecc78c602f3e417020d208b7b21b5390ac0868881dbee84996,source_jpeg
LTMD_U1_W9_EDUCACION_FISICA_PROCESSING_TOPOLOGY_0.1,U1-H2008P6ED287-P063,H2008P6ED287,H2008P6ED287,2008,6,EDUCACIÓN FÍSICA,63,63,direct_canonical,official_conaliteg_source_jpeg_sha256_verified,https://historico.conaliteg.gob.mx/c/H2008P6ED287/063.jpg,196269,352120448569ba65f33f5f3e03164f39e90a53cd2ce39429191e30ce3606354d,source_jpeg
LTMD_U1_W9_EDUCACION_FISICA_PROCESSING_TOPOLOGY_0.1,U1-H2008P6ED287-P064,H2008P6ED287,H2008P6ED287,2008,6,EDUCACIÓN FÍSICA,64,64,direct_canonical,official_conaliteg_source_jpeg_sha256_verified,https://historico.conaliteg.gob.mx/c/H2008P6ED287/064.jpg,263937,b1e434027aa588782ca13990a6d497039b514e3103189c3f8e6347406224a011,source_jpeg
LTMD_U1_W9_EDUCACION_FISICA_PROCESSING_TOPOLOGY_0.1,U1-H2008P6ED287-P065,H2008P6ED287,H2008P6ED287,2008,6,EDUCACIÓN FÍSICA,65,65,direct_canonical,official_conaliteg_source_jpeg_sha256_verified,https://historico.conaliteg.gob.mx/c/H2008P6ED287/065.jpg,250043,85054e17b9874cffeb644caaa1b36341ae88486650cbddb24c31ac0ffa33fd5e,source_jpeg
LTMD_U1_W9_EDUCACION_FISICA_PROCESSING_TOPOLOGY_0.1,U1-H2008P6ED287-P066,H2008P6ED287,H2008P6ED287,2008,6,EDUCACIÓN FÍSICA,66,66,direct_canonical,official_conaliteg_source_jpeg_sha256_verified,https://historico.conaliteg.gob.mx/c/H2008P6ED287/066.jpg,163321,eb9418da144c48f4694593d36097779afd7079f193e1d2807513efc5323cd1aa,source_jpeg
LTMD_U1_W9_EDUCACION_FISICA_PROCESSING_TOPOLOGY_0.1,U1-H2008P6ED287-P067,H2008P6ED287,H2008P6ED287,2008,6,EDUCACIÓN FÍSICA,67,67,direct_canonical,official_conaliteg_source_jpeg_sha256_verified,https://historico.conaliteg.gob.mx/c/H2008P6ED287/067.jpg,247739,3a93fee86a11861163c854b9c7427a4fdc49e852c4d4c5b6c1d85d84cdb556f1,source_jpeg
LTMD_U1_W9_EDUCACION_FISICA_PROCESSING_TOPOLOGY_0.1,U1-H2008P6ED287-P068,H2008P6ED287,H2008P6ED287,2008,6,EDUCACIÓN FÍSICA,68,68,direct_canonical,official_conaliteg_source_jpeg_sha256_verified,https://historico.conaliteg.gob.mx/c/H2008P6ED287/068.jpg,270546,4883174caa358de2c6164ff420d18da5531703bb7cb627fba4e8dcdbf24a04c0,source_jpeg
LTMD_U1_W9_EDUCACION_FISICA_PROCESSING_TOPOLOGY_0.1,U1-H2008P6ED287-P069,H2008P6ED287,H2008P6ED287,2008,6,EDUCACIÓN FÍSICA,69,69,direct_canonical,official_conaliteg_source_jpeg_sha256_verified,https://historico.conaliteg.gob.mx/c/H2008P6ED287/069.jpg,232811,49abcd23103d7409607588353fda471bce2054ee4f8861471ce6be600acabeaf,source_jpeg
LTMD_U1_W9_EDUCACION_FISICA_PROCESSING_TOPOLOGY_0.1,U1-H2008P6ED287-P070,H2008P6ED287,H2008P6ED287,2008,6,EDUCACIÓN FÍSICA,70,70,direct_canonical,official_conaliteg_source_jpeg_sha256_verified,https://historico.conaliteg.gob.mx/c/H2008P6ED287/070.jpg,283369,00edf04f21d93efe260ffa9fe2b1d571bccd2ebf7d877e12cde8bde7bdbba4fe,source_jpeg
LTMD_U1_W9_EDUCACION_FISICA_PROCESSING_TOPOLOGY_0.1,U1-H2008P6ED287-P071,H2008P6ED287,H2008P6ED287,2008,6,EDUCACIÓN FÍSICA,71,71,direct_canonical,official_conaliteg_source_jpeg_sha256_verified,https://historico.conaliteg.gob.mx/c/H2008P6ED287/071.jpg,278714,1f928a1dba2461239294521ddfae47471711921e1e1000f8f78a90092b466597,source_jpeg
LTMD_U1_W9_EDUCACION_FISICA_PROCESSING_TOPOLOGY_0.1,U1-H2008P6ED287-P072,H2008P6ED287,H2008P6ED287,2008,6,EDUCACIÓN FÍSICA,72,72,direct_canonical,official_conaliteg_source_jpeg_sha256_verified,https://historico.conaliteg.gob.mx/c/H2008P6ED287/072.jpg,232251,95aa14ddde3eb4a9c213589abf9a69fc6273b8d019dfadc6aa70bb38b628ec35,source_jpeg
LTMD_U1_W9_EDUCACION_FISICA_PROCESSING_TOPOLOGY_0.1,U1-H2008P6ED287-P073,H2008P6ED287,H2008P6ED287,2008,6,EDUCACIÓN FÍSICA,73,73,direct_canonical,official_conaliteg_source_jpeg_sha256_verified,https://historico.conaliteg.gob.mx/c/H2008P6ED287/073.jpg,278924,f90e70cbd84a1d55a38507f964069b67a714aa4e2eef5875a9558294d35b0f1a,source_jpeg
LTMD_U1_W9_EDUCACION_FISICA_PROCESSING_TOPOLOGY_0.1,U1-H2008P6ED287-P074,H2008P6ED287,H2008P6ED287,2008,6,EDUCACIÓN FÍSICA,74,74,direct_canonical,official_conaliteg_source_jpeg_sha256_verified,https://historico.conaliteg.gob.mx/c/H2008P6ED287/074.jpg,338712,63a8cc0fba9696c068e7fc4fd35ccf988e562b96f3056104fbda0b2fa29485e5,source_jpeg
LTMD_U1_W9_EDUCACION_FISICA_PROCESSING_TOPOLOGY_0.1,U1-H2008P6ED287-P075,H2008P6ED287,H2008P6ED287,2008,6,EDUCACIÓN FÍSICA,75,75,direct_canonical,official_conaliteg_source_jpeg_sha256_verified,https://historico.conaliteg.gob.mx/c/H2008P6ED287/075.jpg,272886,1cc5a96d4e8af96dcf8569c36e12521c287a7de984481464f71a426a441bcbda,source_jpeg
LTMD_U1_W9_EDUCACION_FISICA_PROCESSING_TOPOLOGY_0.1,U1-H2008P6ED287-P076,H2008P6ED287,H2008P6ED287,2008,6,EDUCACIÓN FÍSICA,76,76,direct_canonical,official_conaliteg_source_jpeg_sha256_verified,https://historico.conaliteg.gob.mx/c/H2008P6ED287/076.jpg,256458,719f971b89a7d2bd0e0fcdf518f2bbfe6cd575e7681d7678298bf8429b78c5ff,source_jpeg
LTMD_U1_W9_EDUCACION_FISICA_PROCESSING_TOPOLOGY_0.1,U1-H2008P6ED287-P077,H2008P6ED287,H2008P6ED287,2008,6,EDUCACIÓN FÍSICA,77,77,direct_canonical,official_conaliteg_source_jpeg_sha256_verified,https://historico.conaliteg.gob.mx/c/H2008P6ED287/077.jpg,259105,1282ccef538dd2ef1c9fb87d67fa2c2f99197f38345196b2dd0c2f4c1d4c3fca,source_jpeg
LTMD_U1_W9_EDUCACION_FISICA_PROCESSING_TOPOLOGY_0.1,U1-H2008P6ED287-P078,H2008P6ED287,H2008P6ED287,2008,6,EDUCACIÓN FÍSICA,78,78,direct_canonical,official_conaliteg_source_jpeg_sha256_verified,https://historico.conaliteg.gob.mx/c/H2008P6ED287/078.jpg,248932,403c1aeeec243d2afd5bef252b4c26941d9cf5cba22c3d5a077181b8783da8e6,source_jpeg
LTMD_U1_W9_EDUCACION_FISICA_PROCESSING_TOPOLOGY_0.1,U1-H2008P6ED287-P079,H2008P6ED287,H2008P6ED287,2008,6,EDUCACIÓN FÍSICA,79,79,direct_canonical,official_conaliteg_source_jpeg_sha256_verified,https://historico.conaliteg.gob.mx/c/H2008P6ED287/079.jpg,267579,f71eb2066cb228abd84873679c91f2a20232015ae304c3bc61d426c51a4a6a6f,source_jpeg
LTMD_U1_W9_EDUCACION_FISICA_PROCESSING_TOPOLOGY_0.1,U1-H2008P6ED287-P080,H2008P6ED287,H2008P6ED287,2008,6,EDUCACIÓN FÍSICA,80,80,direct_canonical,official_conaliteg_source_jpeg_sha256_verified,https://historico.conaliteg.gob.mx/c/H2008P6ED287/080.jpg,301851,95ce0051b7e6322ed0f3ed673f90304357c79cf046ec17294d7e0843ed4071dc,source_jpeg
LTMD_U1_W9_EDUCACION_FISICA_PROCESSING_TOPOLOGY_0.1,U1-H2008P6ED287-P081,H2008P6ED287,H2008P6ED287,2008,6,EDUCACIÓN FÍSICA,81,81,direct_canonical,official_conaliteg_source_jpeg_sha256_verified,https://historico.conaliteg.gob.mx/c/H2008P6ED287/081.jpg,302502,6f091acd93a9fc6887a596ef8fc04855b9f79dce2a33da632fcebb961395866c,source_jpeg
LTMD_U1_W9_EDUCACION_FISICA_PROCESSING_TOPOLOGY_0.1,U1-H2008P6ED287-P082,H2008P6ED287,H2008P6ED287,2008,6,EDUCACIÓN FÍSICA,82,82,direct_canonical,official_conaliteg_source_jpeg_sha256_verified,https://historico.conaliteg.gob.mx/c/H2008P6ED287/082.jpg,254466,ba19de0488a238437fe0f3b921e281fe46d060cb8427a94c0f6ae6289fb928cf,source_jpeg
LTMD_U1_W9_EDUCACION_FISICA_PROCESSING_TOPOLOGY_0.1,U1-H2008P6ED287-P083,H2008P6ED287,H2008P6ED287,2008,6,EDUCACIÓN FÍSICA,83,83,direct_canonical,official_conaliteg_source_jpeg_sha256_verified,https://historico.conaliteg.gob.mx/c/H2008P6ED287/083.jpg,250114,0a9c4a4e5525199e321e9d7039c8455bb9c5933d6f4e7212be62da97d1bb57b9,source_jpeg
LTMD_U1_W9_EDUCACION_FISICA_PROCESSING_TOPOLOGY_0.1,U1-H2008P6ED287-P084,H2008P6ED287,H2008P6ED287,2008,6,EDUCACIÓN FÍSICA,84,84,direct_canonical,official_conaliteg_source_jpeg_sha256_verified,https://historico.conaliteg.gob.mx/c/H2008P6ED287/084.jpg,319061,65efae787a5046aa21fa847ad860e57acee83005b6785169791278dc3e479ef0,source_jpeg
LTMD_U1_W9_EDUCACION_FISICA_PROCESSING_TOPOLOGY_0.1,U1-H2008P6ED287-P085,H2008P6ED287,H2008P6ED287,2008,6,EDUCACIÓN FÍSICA,85,85,direct_canonical,official_conaliteg_source_jpeg_sha256_verified,https://historico.conaliteg.gob.mx/c/H2008P6ED287/085.jpg,278768,35cb208d4d1bf4988d8205d4508198b40656a85ae261a89aff7b5f7f8e4f4108,source_jpeg
LTMD_U1_W9_EDUCACION_FISICA_PROCESSING_TOPOLOGY_0.1,U1-H2008P6ED287-P086,H2008P6ED287,H2008P6ED287,2008,6,EDUCACIÓN FÍSICA,86,86,direct_canonical,official_conaliteg_source_jpeg_sha256_verified,https://historico.conaliteg.gob.mx/c/H2008P6ED287/086.jpg,280155,dfc4831ad1944d665c2d96519b6d9c40b5d8f1146a2914e3abfd9a1065344995,source_jpeg
LTMD_U1_W9_EDUCACION_FISICA_PROCESSING_TOPOLOGY_0.1,U1-H2008P6ED287-P087,H2008P6ED287,H2008P6ED287,2008,6,EDUCACIÓN FÍSICA,87,87,direct_canonical,official_conaliteg_source_jpeg_sha256_verified,https://historico.conaliteg.gob.mx/c/H2008P6ED287/087.jpg,295720,3e548b683c6b36c6ace57c036714ceeec079b0484b4295c6b0e6fb3183a2de67,source_jpeg
LTMD_U1_W9_EDUCACION_FISICA_PROCESSING_TOPOLOGY_0.1,U1-H2008P6ED287-P088,H2008P6ED287,H2008P6ED287,2008,6,EDUCACIÓN FÍSICA,88,88,direct_canonical,official_conaliteg_source_jpeg_sha256_verified,https://historico.conaliteg.gob.mx/c/H2008P6ED287/088.jpg,292288,4843cf01c4b6fa822e0c627c59d6c7e5f3b02bafda72b9372da625633c669c25,source_jpeg
LTMD_U1_W9_EDUCACION_FISICA_PROCESSING_TOPOLOGY_0.1,U1-H2008P6ED287-P089,H2008P6ED287,H2008P6ED287,2008,6,EDUCACIÓN FÍSICA,89,89,direct_canonical,official_conaliteg_source_jpeg_sha256_verified,https://historico.conaliteg.gob.mx/c/H2008P6ED287/089.jpg,256732,551c23e6945d3450fff9db2af81ce5c86917d59e8f262d313c9368a3dbf3de8e,source_jpeg
LTMD_U1_W9_EDUCACION_FISICA_PROCESSING_TOPOLOGY_0.1,U1-H2008P6ED287-P090,H2008P6ED287,H2008P6ED287,2008,6,EDUCACIÓN FÍSICA,90,90,direct_canonical,official_conaliteg_source_jpeg_sha256_verified,https://historico.conaliteg.gob.mx/c/H2008P6ED287/090.jpg,186941,20191c1f1b7889e91acbcdf16739d9ae3854ea16cd20e01045571de8241c52b8,source_jpeg
LTMD_U1_W9_EDUCACION_FISICA_PROCESSING_TOPOLOGY_0.1,U1-H2008P6ED287-P091,H2008P6ED287,H2008P6ED287,2008,6,EDUCACIÓN FÍSICA,91,91,direct_canonical,official_conaliteg_source_jpeg_sha256_verified,https://historico.conaliteg.gob.mx/c/H2008P6ED287/091.jpg,240534,1c7d57f1cba0512ca0afe2d57091fda67140a2caaea5370797ad7b1e1c229a9e,source_jpeg
LTMD_U1_W9_EDUCACION_FISICA_PROCESSING_TOPOLOGY_0.1,U1-H2008P6ED287-P092,H2008P6ED287,H2008P6ED287,2008,6,EDUCACIÓN FÍSICA,92,92,direct_canonical,official_conaliteg_source_jpeg_sha256_verified,https://historico.conaliteg.gob.mx/c/H2008P6ED287/092.jpg,285410,fba5de69971baece51e04feca6f58325318aa73e47c39f12660524b451be267d,source_jpeg
LTMD_U1_W9_EDUCACION_FISICA_PROCESSING_TOPOLOGY_0.1,U1-H2008P6ED287-P093,H2008P6ED287,H2008P6ED287,2008,6,EDUCACIÓN FÍSICA,93,93,direct_canonical,official_conaliteg_source_jpeg_sha256_verified,https://historico.conaliteg.gob.mx/c/H2008P6ED287/093.jpg,259828,c3af4ef5b31f6408231397e5b30c75704ed5864badefbe2b730f7c0432788cfd,source_jpeg
LTMD_U1_W9_EDUCACION_FISICA_PROCESSING_TOPOLOGY_0.1,U1-H2008P6ED287-P094,H2008P6ED287,H2008P6ED287,2008,6,EDUCACIÓN FÍSICA,94,94,direct_canonical,official_conaliteg_source_jpeg_sha256_verified,https://historico.conaliteg.gob.mx/c/H2008P6ED287/094.jpg,264066,c8abd5ca49801419da4edbbf49888e3053fe86dd565a896f564c5ae3b5cf9ef1,source_jpeg
LTMD_U1_W9_EDUCACION_FISICA_PROCESSING_TOPOLOGY_0.1,U1-H2008P6ED287-P095,H2008P6ED287,H2008P6ED287,2008,6,EDUCACIÓN FÍSICA,95,95,direct_canonical,official_conaliteg_source_jpeg_sha256_verified,https://historico.conaliteg.gob.mx/c/H2008P6ED287/095.jpg,264147,feb36f32ed47093f4605f458fade410e2ad05d3f095158fc079bc3bbd5a4f056,source_jpeg
LTMD_U1_W9_EDUCACION_FISICA_PROCESSING_TOPOLOGY_0.1,U1-H2008P6ED287-P096,H2008P6ED287,H2008P6ED287,2008,6,EDUCACIÓN FÍSICA,96,96,direct_canonical,official_conaliteg_source_jpeg_sha256_verified,https://historico.conaliteg.gob.mx/c/H2008P6ED287/096.jpg,257892,b9caf661d99405853a83169faad8e517c4230477c4e4fcc8c14ab7c76aa51e7d,source_jpeg
LTMD_U1_W9_EDUCACION_FISICA_PROCESSING_TOPOLOGY_0.1,U1-H2008P6ED287-P097,H2008P6ED287,H2008P6ED287,2008,6,EDUCACIÓN FÍSICA,97,97,direct_canonical,official_conaliteg_source_jpeg_sha256_verified,https://historico.conaliteg.gob.mx/c/H2008P6ED287/097.jpg,277616,de3c261d0e3f8e36b068eda4a504e19a745c46bcb9eed5a36bfba19704474e41,source_jpeg
LTMD_U1_W9_EDUCACION_FISICA_PROCESSING_TOPOLOGY_0.1,U1-H2008P6ED287-P098,H2008P6ED287,H2008P6ED287,2008,6,EDUCACIÓN FÍSICA,98,98,direct_canonical,official_conaliteg_source_jpeg_sha256_verified,https://historico.conaliteg.gob.mx/c/H2008P6ED287/098.jpg,317047,75eadcb7bd650d85dc947206dcf663560988e33cc6203074cb6cb4e0c585fda2,source_jpeg
LTMD_U1_W9_EDUCACION_FISICA_PROCESSING_TOPOLOGY_0.1,U1-H2008P6ED287-P099,H2008P6ED287,H2008P6ED287,2008,6,EDUCACIÓN FÍSICA,99,99,direct_canonical,official_conaliteg_source_jpeg_sha256_verified,https://historico.conaliteg.gob.mx/c/H2008P6ED287/099.jpg,255334,24484e414959e7d85bd97b126644642743ebe15d6dafd8cc536227219161a683,source_jpeg
LTMD_U1_W9_EDUCACION_FISICA_PROCESSING_TOPOLOGY_0.1,U1-H2008P6ED287-P100,H2008P6ED287,H2008P6ED287,2008,6,EDUCACIÓN FÍSICA,100,100,direct_canonical,official_conaliteg_source_jpeg_sha256_verified,https://historico.conaliteg.gob.mx/c/H2008P6ED287/100.jpg,274513,226b2446553bad02a36dd27a0c62b73c8a3f2e8ee765a19b6240995b2d7eefd2,source_jpeg
LTMD_U1_W9_EDUCACION_FISICA_PROCESSING_TOPOLOGY_0.1,U1-H2008P6ED287-P101,H2008P6ED287,H2008P6ED287,2008,6,EDUCACIÓN FÍSICA,101,101,direct_canonical,official_conaliteg_source_jpeg_sha256_verified,https://historico.conaliteg.gob.mx/c/H2008P6ED287/101.jpg,282325,290d6565c5e20bd76de3ade9b6e469d7ebc03519081ff9d33e208160ad2c7689,source_jpeg
LTMD_U1_W9_EDUCACION_FISICA_PROCESSING_TOPOLOGY_0.1,U1-H2008P6ED287-P102,H2008P6ED287,H2008P6ED287,2008,6,EDUCACIÓN FÍSICA,102,102,direct_canonical,official_conaliteg_source_jpeg_sha256_verified,https://historico.conaliteg.gob.mx/c/H2008P6ED287/102.jpg,300875,d800c0e9f76e30a1a0e5fe156dd14375d1504f796c907569ad7317f8fe552d36,source_jpeg
LTMD_U1_W9_EDUCACION_FISICA_PROCESSING_TOPOLOGY_0.1,U1-H2008P6ED287-P103,H2008P6ED287,H2008P6ED287,2008,6,EDUCACIÓN FÍSICA,103,103,direct_canonical,official_conaliteg_source_jpeg_sha256_verified,https://historico.conaliteg.gob.mx/c/H2008P6ED287/103.jpg,288199,8a487e2fd95d5872691b0cf7ac9648e45f1b63d34b6b71513d873ec41206db3c,source_jpeg
LTMD_U1_W9_EDUCACION_FISICA_PROCESSING_TOPOLOGY_0.1,U1-H2008P6ED287-P104,H2008P6ED287,H2008P6ED287,2008,6,EDUCACIÓN FÍSICA,104,104,direct_canonical,official_conaliteg_source_jpeg_sha256_verified,https://historico.conaliteg.gob.mx/c/H2008P6ED287/104.jpg,322028,48fc545ae968ac48bd956f68ef34ef937fddfb412afe77aa46a1455b139a3649,source_jpeg
LTMD_U1_W9_EDUCACION_FISICA_PROCESSING_TOPOLOGY_0.1,U1-H2008P6ED287-P105,H2008P6ED287,H2008P6ED287,2008,6,EDUCACIÓN FÍSICA,105,105,direct_canonical,official_conaliteg_source_jpeg_sha256_verified,https://historico.conaliteg.gob.mx/c/H2008P6ED287/105.jpg,267873,096304141d4637daac3621397f57151fb57ac14f9db77dda0f44c73dae5f9173,source_jpeg
LTMD_U1_W9_EDUCACION_FISICA_PROCESSING_TOPOLOGY_0.1,U1-H2008P6ED287-P106,H2008P6ED287,H2008P6ED287,2008,6,EDUCACIÓN FÍSICA,106,106,direct_canonical,official_conaliteg_source_jpeg_sha256_verified,https://historico.conaliteg.gob.mx/c/H2008P6ED287/106.jpg,317116,7d4f70a76f067ad9979aa62c2c9a44edad4c1e89a3d7b0629aae2bbaecf0f427,source_jpeg
LTMD_U1_W9_EDUCACION_FISICA_PROCESSING_TOPOLOGY_0.1,U1-H2008P6ED287-P107,H2008P6ED287,H2008P6ED287,2008,6,EDUCACIÓN FÍSICA,107,107,direct_canonical,official_conaliteg_source_jpeg_sha256_verified,https://historico.conaliteg.gob.mx/c/H2008P6ED287/107.jpg,256623,c86e3f31ed4fdd5fb423953b4f4ab870605d235bdd98ec5b3d8c9071def0187b,source_jpeg
LTMD_U1_W9_EDUCACION_FISICA_PROCESSING_TOPOLOGY_0.1,U1-H2008P6ED287-P108,H2008P6ED287,H2008P6ED287,2008,6,EDUCACIÓN FÍSICA,108,108,direct_canonical,official_conaliteg_source_jpeg_sha256_verified,https://historico.conaliteg.gob.mx/c/H2008P6ED287/108.jpg,307988,371bf9ea74ea6354d8f129d127aaad9fd290c515c0b2773ff9ac823534769470,source_jpeg
LTMD_U1_W9_EDUCACION_FISICA_PROCESSING_TOPOLOGY_0.1,U1-H2008P6ED287-P109,H2008P6ED287,H2008P6ED287,2008,6,EDUCACIÓN FÍSICA,109,109,direct_canonical,official_conaliteg_source_jpeg_sha256_verified,https://historico.conaliteg.gob.mx/c/H2008P6ED287/109.jpg,254794,282f292a8258d505a756e90b31c731c80d3b50625ef1bf58f04c4aee8d3ae708,source_jpeg
LTMD_U1_W9_EDUCACION_FISICA_PROCESSING_TOPOLOGY_0.1,U1-H2008P6ED287-P110,H2008P6ED287,H2008P6ED287,2008,6,EDUCACIÓN FÍSICA,110,110,direct_canonical,official_conaliteg_source_jpeg_sha256_verified,https://historico.conaliteg.gob.mx/c/H2008P6ED287/110.jpg,135713,822ee40e1598732917fffeeaf5b8d19dfbc8f239f3ba386b6b3e4cab6cc3530c,source_jpeg
LTMD_U1_W9_EDUCACION_FISICA_PROCESSING_TOPOLOGY_0.1,U1-H2008P6ED287-P111,H2008P6ED287,H2008P6ED287,2008,6,EDUCACIÓN FÍSICA,111,111,direct_canonical,official_conaliteg_source_jpeg_sha256_verified,https://historico.conaliteg.gob.mx/c/H2008P6ED287/111.jpg,280558,f7e60b7bbc8d03eed3ea9e46f4f883a4d673d1e35b4d00a33fffb85fc123c45b,source_jpeg
LTMD_U1_W9_EDUCACION_FISICA_PROCESSING_TOPOLOGY_0.1,U1-H2008P6ED287-P112,H2008P6ED287,H2008P6ED287,2008,6,EDUCACIÓN FÍSICA,112,112,direct_canonical,official_conaliteg_source_jpeg_sha256_verified,https://historico.conaliteg.gob.mx/c/H2008P6ED287/112.jpg,144552,9458e2b25c37bf47566b5ae5e899f8f8de11121af1134c2fc80cd9135ab010f9,source_jpeg
LTMD_U1_W9_EDUCACION_FISICA_PROCESSING_TOPOLOGY_0.1,U1-H2008P6ED287-P113,H2008P6ED287,H2008P6ED287,2008,6,EDUCACIÓN FÍSICA,113,113,direct_canonical,official_conaliteg_source_jpeg_sha256_verified,https://historico.conaliteg.gob.mx/c/H2008P6ED287/113.jpg,170738,c2a75b8f9e8f15f5e1d6bc38a137c927e9c8e7d1fc0f781c98c71c671915538d,source_jpeg
LTMD_U1_W9_EDUCACION_FISICA_PROCESSING_TOPOLOGY_0.1,U1-H2008P6ED287-P114,H2008P6ED287,H2008P6ED287,2008,6,EDUCACIÓN FÍSICA,114,114,direct_canonical,official_conaliteg_source_jpeg_sha256_verified,https://historico.conaliteg.gob.mx/c/H2008P6ED287/114.jpg,302421,29e94b659e0fc5e9894109fce836d5532805bd14683290538105f76df968fab1,source_jpeg
