audit_version,viewer_key,catalog_generation,grade_code,title_core,technical_route,ag_clave,viewer_page,declared_positions,source_image_index,source_asset_url,is_final_declared_position,probe_state,http_status,content_type,byte_size,sha256,attempts,error,asset_status
LTMD_U1_W11_NONSTANDARD_ASSET_AUDIT_0.1,H1993P4CI192,1993,4,Conoce nuestra constitución,nonstandard_html_official_config,H1993P4CI192,1,67,0,https://historico.conaliteg.gob.mx/c/H1993P4CI192/000.jpg,0,served_image,200,image/jpeg,488874,b29d6421ba4cf545d4d9e57191e75ed7f65a78a3a4bfcab863da03d0987c5599,1,,source_jpeg
LTMD_U1_W11_NONSTANDARD_ASSET_AUDIT_0.1,H1993P4CI192,1993,4,Conoce nuestra constitución,nonstandard_html_official_config,H1993P4CI192,2,67,2,https://historico.conaliteg.gob.mx/c/H1993P4CI192/002.jpg,0,served_image,200,image/jpeg,63717,23bcb2f561f177d5ddb833a224e7b9a99a3568f9262ec55ba656b7dcf5600bfa,1,,source_jpeg
LTMD_U1_W11_NONSTANDARD_ASSET_AUDIT_0.1,H1993P4CI192,1993,4,Conoce nuestra constitución,nonstandard_html_official_config,H1993P4CI192,3,67,3,https://historico.conaliteg.gob.mx/c/H1993P4CI192/003.jpg,0,served_image,200,image/jpeg,409709,3ea67f7029e99fbc8079437dc032e20e20da5e2848b724454ca73b973ad5ad7a,1,,source_jpeg
LTMD_U1_W11_NONSTANDARD_ASSET_AUDIT_0.1,H1993P4CI192,1993,4,Conoce nuestra constitución,nonstandard_html_official_config,H1993P4CI192,4,67,4,https://historico.conaliteg.gob.mx/c/H1993P4CI192/004.jpg,0,served_image,200,image/jpeg,181544,f1102c87f1cf64bb37832ecaae773c57d0adf40a48c32dd9fbbf6aeba856330c,1,,source_jpeg
LTMD_U1_W11_NONSTANDARD_ASSET_AUDIT_0.1,H1993P4CI192,1993,4,Conoce nuestra constitución,nonstandard_html_official_config,H1993P4CI192,5,67,5,https://historico.conaliteg.gob.mx/c/H1993P4CI192/005.jpg,0,served_image,200,image/jpeg,152407,e18decc278558fcf3250ff608c05c31f7ca4f849f9a610c0cbef866b55abd363,1,,source_jpeg
LTMD_U1_W11_NONSTANDARD_ASSET_AUDIT_0.1,H1993P4CI192,1993,4,Conoce nuestra constitución,nonstandard_html_official_config,H1993P4CI192,6,67,6,https://historico.conaliteg.gob.mx/c/H1993P4CI192/006.jpg,0,served_image,200,image/jpeg,82124,f11b72acce3383daa836c0661f47cbd8f82df1d8c5b4b0bfcb90fc98ace7057e,1,,source_jpeg
LTMD_U1_W11_NONSTANDARD_ASSET_AUDIT_0.1,H1993P4CI192,1993,4,Conoce nuestra constitución,nonstandard_html_official_config,H1993P4CI192,7,67,7,https://historico.conaliteg.gob.mx/c/H1993P4CI192/007.jpg,0,served_image,200,image/jpeg,223731,04dcd76866ceab3a6290cab1f4022f2c50a249961c49bc2188866f32c8c492cf,1,,source_jpeg
LTMD_U1_W11_NONSTANDARD_ASSET_AUDIT_0.1,H1993P4CI192,1993,4,Conoce nuestra constitución,nonstandard_html_official_config,H1993P4CI192,8,67,8,https://historico.conaliteg.gob.mx/c/H1993P4CI192/008.jpg,0,served_image,200,image/jpeg,224025,2e14e5e26e4ade22fa83a814b2a69684391c9fd1983b4a0bdaac575b246c01a4,1,,source_jpeg
LTMD_U1_W11_NONSTANDARD_ASSET_AUDIT_0.1,H1993P4CI192,1993,4,Conoce nuestra constitución,nonstandard_html_official_config,H1993P4CI192,9,67,9,https://historico.conaliteg.gob.mx/c/H1993P4CI192/009.jpg,0,served_image,200,image/jpeg,225566,12949ad805bcccb6a2570bb154a69974531525e68c4636a88b52dd3c32c9488b,1,,source_jpeg
LTMD_U1_W11_NONSTANDARD_ASSET_AUDIT_0.1,H1993P4CI192,1993,4,Conoce nuestra constitución,nonstandard_html_official_config,H1993P4CI192,10,67,10,https://historico.conaliteg.gob.mx/c/H1993P4CI192/010.jpg,0,served_image,200,image/jpeg,89537,2a314403e0f4644aff90a345cf245c53b7f37aa70e6fa8147b1f9b864371a60f,1,,source_jpeg
LTMD_U1_W11_NONSTANDARD_ASSET_AUDIT_0.1,H1993P4CI192,1993,4,Conoce nuestra constitución,nonstandard_html_official_config,H1993P4CI192,11,67,11,https://historico.conaliteg.gob.mx/c/H1993P4CI192/011.jpg,0,served_image,200,image/jpeg,343239,8a876b4d87c7d09ef6372f90ab4c74ad79136ce962bc80110656be89cb2abba7,1,,source_jpeg
LTMD_U1_W11_NONSTANDARD_ASSET_AUDIT_0.1,H1993P4CI192,1993,4,Conoce nuestra constitución,nonstandard_html_official_config,H1993P4CI192,12,67,12,https://historico.conaliteg.gob.mx/c/H1993P4CI192/012.jpg,0,served_image,200,image/jpeg,248026,d8c01f293feeaffb9835c81b0ba2bf662ad143b80c8706d31f79ec6aa490a94b,1,,source_jpeg
LTMD_U1_W11_NONSTANDARD_ASSET_AUDIT_0.1,H1993P4CI192,1993,4,Conoce nuestra constitución,nonstandard_html_official_config,H1993P4CI192,13,67,13,https://historico.conaliteg.gob.mx/c/H1993P4CI192/013.jpg,0,served_image,200,image/jpeg,266287,58f6c4dfb4963d241fc6d457eb8da749b9031e61a794015c85c471dc5844ae56,1,,source_jpeg
LTMD_U1_W11_NONSTANDARD_ASSET_AUDIT_0.1,H1993P4CI192,1993,4,Conoce nuestra constitución,nonstandard_html_official_config,H1993P4CI192,14,67,14,https://historico.conaliteg.gob.mx/c/H1993P4CI192/014.jpg,0,served_image,200,image/jpeg,291733,5dd72d677ace292750118880444bdeb1d874b2335eb182bbd9f54226c039a599,1,,source_jpeg
LTMD_U1_W11_NONSTANDARD_ASSET_AUDIT_0.1,H1993P4CI192,1993,4,Conoce nuestra constitución,nonstandard_html_official_config,H1993P4CI192,15,67,15,https://historico.conaliteg.gob.mx/c/H1993P4CI192/015.jpg,0,served_image,200,image/jpeg,300325,633795965e78eee9501e4eaef3e1b0e7a709920943fb08ab8e167ebfe5de23d2,1,,source_jpeg
LTMD_U1_W11_NONSTANDARD_ASSET_AUDIT_0.1,H1993P4CI192,1993,4,Conoce nuestra constitución,nonstandard_html_official_config,H1993P4CI192,16,67,16,https://historico.conaliteg.gob.mx/c/H1993P4CI192/016.jpg,0,served_image,200,image/jpeg,323749,998d2d6411878cab3db48f019a6c2c7bc313fd94055be3db3ff63d6624e99708,1,,source_jpeg
LTMD_U1_W11_NONSTANDARD_ASSET_AUDIT_0.1,H1993P4CI192,1993,4,Conoce nuestra constitución,nonstandard_html_official_config,H1993P4CI192,17,67,17,https://historico.conaliteg.gob.mx/c/H1993P4CI192/017.jpg,0,served_image,200,image/jpeg,318508,165de99bb697b8769f620fe1bdaee9160038b1179dd6b54c110937413760f5db,1,,source_jpeg
LTMD_U1_W11_NONSTANDARD_ASSET_AUDIT_0.1,H1993P4CI192,1993,4,Conoce nuestra constitución,nonstandard_html_official_config,H1993P4CI192,18,67,18,https://historico.conaliteg.gob.mx/c/H1993P4CI192/018.jpg,0,served_image,200,image/jpeg,295627,b346065558f7b1145e957e41c63612f158cb7c1abf899ebcf44ab80ddac20c8b,1,,source_jpeg
LTMD_U1_W11_NONSTANDARD_ASSET_AUDIT_0.1,H1993P4CI192,1993,4,Conoce nuestra constitución,nonstandard_html_official_config,H1993P4CI192,19,67,19,https://historico.conaliteg.gob.mx/c/H1993P4CI192/019.jpg,0,served_image,200,image/jpeg,332893,e7f14f7bca421a8f4f219c8475b1896b92e5da2961624e16bb789206680b3497,1,,source_jpeg
LTMD_U1_W11_NONSTANDARD_ASSET_AUDIT_0.1,H1993P4CI192,1993,4,Conoce nuestra constitución,nonstandard_html_official_config,H1993P4CI192,20,67,20,https://historico.conaliteg.gob.mx/c/H1993P4CI192/020.jpg,0,served_image,200,image/jpeg,318622,27432919af443814c8707651bafbb790ed4bb10fa7784c26693c3352a3943978,1,,source_jpeg
LTMD_U1_W11_NONSTANDARD_ASSET_AUDIT_0.1,H1993P4CI192,1993,4,Conoce nuestra constitución,nonstandard_html_official_config,H1993P4CI192,21,67,21,https://historico.conaliteg.gob.mx/c/H1993P4CI192/021.jpg,0,served_image,200,image/jpeg,302122,80bb42b6dc46ff5424fb89eef5e769997368b4b14b880e035bfcf4d9086b9929,1,,source_jpeg
LTMD_U1_W11_NONSTANDARD_ASSET_AUDIT_0.1,H1993P4CI192,1993,4,Conoce nuestra constitución,nonstandard_html_official_config,H1993P4CI192,22,67,22,https://historico.conaliteg.gob.mx/c/H1993P4CI192/022.jpg,0,served_image,200,image/jpeg,318034,f0c193590a4e97c0550128e27614468c4f24bc10fd7c1293a57385000c8bd039,1,,source_jpeg
LTMD_U1_W11_NONSTANDARD_ASSET_AUDIT_0.1,H1993P4CI192,1993,4,Conoce nuestra constitución,nonstandard_html_official_config,H1993P4CI192,23,67,23,https://historico.conaliteg.gob.mx/c/H1993P4CI192/023.jpg,0,served_image,200,image/jpeg,311508,cd47bda69dd0ea01a7d09160505dc6a235e72be56f3d1587fb8ca03bbc6adc7a,1,,source_jpeg
LTMD_U1_W11_NONSTANDARD_ASSET_AUDIT_0.1,H1993P4CI192,1993,4,Conoce nuestra constitución,nonstandard_html_official_config,H1993P4CI192,24,67,24,https://historico.conaliteg.gob.mx/c/H1993P4CI192/024.jpg,0,served_image,200,image/jpeg,282083,08eb4c68b086fcdc325ae454b62323f223888861714fa2c08ae3cc6e781b59b9,1,,source_jpeg
LTMD_U1_W11_NONSTANDARD_ASSET_AUDIT_0.1,H1993P4CI192,1993,4,Conoce nuestra constitución,nonstandard_html_official_config,H1993P4CI192,25,67,25,https://historico.conaliteg.gob.mx/c/H1993P4CI192/025.jpg,0,served_image,200,image/jpeg,297259,1ce01395fc193cc84d68564254e3cf1d22178446a4907d1bf63581c6fdcb8293,1,,source_jpeg
LTMD_U1_W11_NONSTANDARD_ASSET_AUDIT_0.1,H1993P4CI192,1993,4,Conoce nuestra constitución,nonstandard_html_official_config,H1993P4CI192,26,67,26,https://historico.conaliteg.gob.mx/c/H1993P4CI192/026.jpg,0,served_image,200,image/jpeg,284738,77d39c6de3043d2ee3b2e3f4e3f51ad32bf0c349e21207a450adfa12ff54a60e,1,,source_jpeg
LTMD_U1_W11_NONSTANDARD_ASSET_AUDIT_0.1,H1993P4CI192,1993,4,Conoce nuestra constitución,nonstandard_html_official_config,H1993P4CI192,27,67,27,https://historico.conaliteg.gob.mx/c/H1993P4CI192/027.jpg,0,served_image,200,image/jpeg,277249,d4e778a096bfd50a1e42aed12444e12f6ed7a64a32b4b04e5cc436095ff603e3,1,,source_jpeg
LTMD_U1_W11_NONSTANDARD_ASSET_AUDIT_0.1,H1993P4CI192,1993,4,Conoce nuestra constitución,nonstandard_html_official_config,H1993P4CI192,28,67,28,https://historico.conaliteg.gob.mx/c/H1993P4CI192/028.jpg,0,served_image,200,image/jpeg,250234,529c5417e8a42cbf18ed0dd451773c4ca1a03cd6abb95feab28a57d99b7ea023,1,,source_jpeg
LTMD_U1_W11_NONSTANDARD_ASSET_AUDIT_0.1,H1993P4CI192,1993,4,Conoce nuestra constitución,nonstandard_html_official_config,H1993P4CI192,29,67,29,https://historico.conaliteg.gob.mx/c/H1993P4CI192/029.jpg,0,served_image,200,image/jpeg,303523,cd0bc7bd0741d4e5b7470908908a4b1707beb3de13a61439a4ef7a112a047ce2,1,,source_jpeg
LTMD_U1_W11_NONSTANDARD_ASSET_AUDIT_0.1,H1993P4CI192,1993,4,Conoce nuestra constitución,nonstandard_html_official_config,H1993P4CI192,30,67,30,https://historico.conaliteg.gob.mx/c/H1993P4CI192/030.jpg,0,served_image,200,image/jpeg,309913,3ab55bf9121cafadafbcceb555880ecd3d8f4be110d101f232e1220be46c7a25,1,,source_jpeg
LTMD_U1_W11_NONSTANDARD_ASSET_AUDIT_0.1,H1993P4CI192,1993,4,Conoce nuestra constitución,nonstandard_html_official_config,H1993P4CI192,31,67,31,https://historico.conaliteg.gob.mx/c/H1993P4CI192/031.jpg,0,served_image,200,image/jpeg,305844,34b7f845e39db1bd9793a5e94ac5b1f31dd933a89b318e2f97605e49e9d8b23f,1,,source_jpeg
LTMD_U1_W11_NONSTANDARD_ASSET_AUDIT_0.1,H1993P4CI192,1993,4,Conoce nuestra constitución,nonstandard_html_official_config,H1993P4CI192,32,67,32,https://historico.conaliteg.gob.mx/c/H1993P4CI192/032.jpg,0,served_image,200,image/jpeg,290159,24bdcf9995a4757eed06498934e5e8af6ec247e4743c186b8518d8c4ad639bf6,1,,source_jpeg
LTMD_U1_W11_NONSTANDARD_ASSET_AUDIT_0.1,H1993P4CI192,1993,4,Conoce nuestra constitución,nonstandard_html_official_config,H1993P4CI192,33,67,33,https://historico.conaliteg.gob.mx/c/H1993P4CI192/033.jpg,0,served_image,200,image/jpeg,290451,335f5a0027d4de60c1284bf02570785be8901e9231b7ffe93810fccaca69e4bf,1,,source_jpeg
LTMD_U1_W11_NONSTANDARD_ASSET_AUDIT_0.1,H1993P4CI192,1993,4,Conoce nuestra constitución,nonstandard_html_official_config,H1993P4CI192,34,67,34,https://historico.conaliteg.gob.mx/c/H1993P4CI192/034.jpg,0,served_image,200,image/jpeg,304046,b88d8fdbef48cde96d8fcd4a55b49f231c09d5a41df8bd54395303f6ed65a20d,1,,source_jpeg
LTMD_U1_W11_NONSTANDARD_ASSET_AUDIT_0.1,H1993P4CI192,1993,4,Conoce nuestra constitución,nonstandard_html_official_config,H1993P4CI192,35,67,35,https://historico.conaliteg.gob.mx/c/H1993P4CI192/035.jpg,0,served_image,200,image/jpeg,322393,8fc3e54df58ea653f3618055687c685faba249f6ef069b5f29a89dfafd69e74a,1,,source_jpeg
LTMD_U1_W11_NONSTANDARD_ASSET_AUDIT_0.1,H1993P4CI192,1993,4,Conoce nuestra constitución,nonstandard_html_official_config,H1993P4CI192,36,67,36,https://historico.conaliteg.gob.mx/c/H1993P4CI192/036.jpg,0,served_image,200,image/jpeg,310458,4b37f07724fb3e7ca778db4890238f9214a3ee58110ba908849ca9a00ef5a1ee,1,,source_jpeg
LTMD_U1_W11_NONSTANDARD_ASSET_AUDIT_0.1,H1993P4CI192,1993,4,Conoce nuestra constitución,nonstandard_html_official_config,H1993P4CI192,37,67,37,https://historico.conaliteg.gob.mx/c/H1993P4CI192/037.jpg,0,served_image,200,image/jpeg,354411,bcce8ec28dcb39ba8bf95b9bd9078a758de54142c6e006a8f0b20e31fce45af8,1,,source_jpeg
LTMD_U1_W11_NONSTANDARD_ASSET_AUDIT_0.1,H1993P4CI192,1993,4,Conoce nuestra constitución,nonstandard_html_official_config,H1993P4CI192,38,67,38,https://historico.conaliteg.gob.mx/c/H1993P4CI192/038.jpg,0,served_image,200,image/jpeg,281775,24676b2a92e9a4962b66b1ae43dc9e22722e67d2c097e990dfa21167516a6a96,1,,source_jpeg
LTMD_U1_W11_NONSTANDARD_ASSET_AUDIT_0.1,H1993P4CI192,1993,4,Conoce nuestra constitución,nonstandard_html_official_config,H1993P4CI192,39,67,39,https://historico.conaliteg.gob.mx/c/H1993P4CI192/039.jpg,0,served_image,200,image/jpeg,273161,b529664f9bd6bcb35e8f297dc86ded8711aa3cfa51e07a6e84682c70c0f3b24d,1,,source_jpeg
LTMD_U1_W11_NONSTANDARD_ASSET_AUDIT_0.1,H1993P4CI192,1993,4,Conoce nuestra constitución,nonstandard_html_official_config,H1993P4CI192,40,67,40,https://historico.conaliteg.gob.mx/c/H1993P4CI192/040.jpg,0,served_image,200,image/jpeg,379975,3edbaf05532461192ed5142efc842d3f5fccce1e78a6bf72e9720883e4dc98e2,1,,source_jpeg
LTMD_U1_W11_NONSTANDARD_ASSET_AUDIT_0.1,H1993P4CI192,1993,4,Conoce nuestra constitución,nonstandard_html_official_config,H1993P4CI192,41,67,41,https://historico.conaliteg.gob.mx/c/H1993P4CI192/041.jpg,0,served_image,200,image/jpeg,303825,ec3bdaac5387dc1c4f03d69a0f556d8faf5f333cfd2a0e23ad0fa6a0e6252bbe,1,,source_jpeg
LTMD_U1_W11_NONSTANDARD_ASSET_AUDIT_0.1,H1993P4CI192,1993,4,Conoce nuestra constitución,nonstandard_html_official_config,H1993P4CI192,42,67,42,https://historico.conaliteg.gob.mx/c/H1993P4CI192/042.jpg,0,served_image,200,image/jpeg,319698,aa99aaefc203d19f8d6378bc79983951677cf9e442f7f49f6099054e25ad8f57,1,,source_jpeg
LTMD_U1_W11_NONSTANDARD_ASSET_AUDIT_0.1,H1993P4CI192,1993,4,Conoce nuestra constitución,nonstandard_html_official_config,H1993P4CI192,43,67,43,https://historico.conaliteg.gob.mx/c/H1993P4CI192/043.jpg,0,served_image,200,image/jpeg,295979,bc65653ac37b46d2c654371a2a481bd351e1eff46702b4132702f2823b723d06,1,,source_jpeg
LTMD_U1_W11_NONSTANDARD_ASSET_AUDIT_0.1,H1993P4CI192,1993,4,Conoce nuestra constitución,nonstandard_html_official_config,H1993P4CI192,44,67,44,https://historico.conaliteg.gob.mx/c/H1993P4CI192/044.jpg,0,served_image,200,image/jpeg,314129,b80c1b103cb4da35e2fc3f049a111e8b68071b3fb5af9ade117cea55f0c741ea,1,,source_jpeg
LTMD_U1_W11_NONSTANDARD_ASSET_AUDIT_0.1,H1993P4CI192,1993,4,Conoce nuestra constitución,nonstandard_html_official_config,H1993P4CI192,45,67,45,https://historico.conaliteg.gob.mx/c/H1993P4CI192/045.jpg,0,served_image,200,image/jpeg,250835,adee02876f194cca929c087891ddbd360e375e48935a6e847e1c3606d62b6619,1,,source_jpeg
LTMD_U1_W11_NONSTANDARD_ASSET_AUDIT_0.1,H1993P4CI192,1993,4,Conoce nuestra constitución,nonstandard_html_official_config,H1993P4CI192,46,67,46,https://historico.conaliteg.gob.mx/c/H1993P4CI192/046.jpg,0,served_image,200,image/jpeg,301020,5701c29b888edd1384ba49c987a851ed10d99320dbd2489cc0251fb5f9f5a108,1,,source_jpeg
LTMD_U1_W11_NONSTANDARD_ASSET_AUDIT_0.1,H1993P4CI192,1993,4,Conoce nuestra constitución,nonstandard_html_official_config,H1993P4CI192,47,67,47,https://historico.conaliteg.gob.mx/c/H1993P4CI192/047.jpg,0,served_image,200,image/jpeg,326739,d85fdc0639ca8abdf8ed3b7b50a54f0b0e84666e79795f537241f5fefa74b9c7,1,,source_jpeg
LTMD_U1_W11_NONSTANDARD_ASSET_AUDIT_0.1,H1993P4CI192,1993,4,Conoce nuestra constitución,nonstandard_html_official_config,H1993P4CI192,48,67,48,https://historico.conaliteg.gob.mx/c/H1993P4CI192/048.jpg,0,served_image,200,image/jpeg,279395,8c85475c09905ebf65d4284c38b012fd477eb3e21b9b488dbd632aefc6a0b884,1,,source_jpeg
LTMD_U1_W11_NONSTANDARD_ASSET_AUDIT_0.1,H1993P4CI192,1993,4,Conoce nuestra constitución,nonstandard_html_official_config,H1993P4CI192,49,67,49,https://historico.conaliteg.gob.mx/c/H1993P4CI192/049.jpg,0,served_image,200,image/jpeg,306690,10cfc76876b573da459e20d0d9b2f8f47a9aba05ef54286d08e52f06a668d5e8,1,,source_jpeg
LTMD_U1_W11_NONSTANDARD_ASSET_AUDIT_0.1,H1993P4CI192,1993,4,Conoce nuestra constitución,nonstandard_html_official_config,H1993P4CI192,50,67,50,https://historico.conaliteg.gob.mx/c/H1993P4CI192/050.jpg,0,served_image,200,image/jpeg,250196,3d7c8aff106397dc468663e22fbda46ef384dc9cfd6bdd323dcab565f08f7061,1,,source_jpeg
LTMD_U1_W11_NONSTANDARD_ASSET_AUDIT_0.1,H1993P4CI192,1993,4,Conoce nuestra constitución,nonstandard_html_official_config,H1993P4CI192,51,67,51,https://historico.conaliteg.gob.mx/c/H1993P4CI192/051.jpg,0,served_image,200,image/jpeg,299535,aa4b18f9755d181843d4398e9ebe204ace5bbc45835ec68298200dc3e577f98c,1,,source_jpeg
LTMD_U1_W11_NONSTANDARD_ASSET_AUDIT_0.1,H1993P4CI192,1993,4,Conoce nuestra constitución,nonstandard_html_official_config,H1993P4CI192,52,67,52,https://historico.conaliteg.gob.mx/c/H1993P4CI192/052.jpg,0,served_image,200,image/jpeg,297072,5c012abc1d1145e15cb8ceee6560000f1f67b8ece77e0d935b3bccf91975846b,1,,source_jpeg
LTMD_U1_W11_NONSTANDARD_ASSET_AUDIT_0.1,H1993P4CI192,1993,4,Conoce nuestra constitución,nonstandard_html_official_config,H1993P4CI192,53,67,53,https://historico.conaliteg.gob.mx/c/H1993P4CI192/053.jpg,0,served_image,200,image/jpeg,306991,10284d8c457cb701c21eab0cce92a2143638a00261a82729aba8bd78470e0306,1,,source_jpeg
LTMD_U1_W11_NONSTANDARD_ASSET_AUDIT_0.1,H1993P4CI192,1993,4,Conoce nuestra constitución,nonstandard_html_official_config,H1993P4CI192,54,67,54,https://historico.conaliteg.gob.mx/c/H1993P4CI192/054.jpg,0,served_image,200,image/jpeg,288812,f1668e685319b09f2472a417b670c2fe88aa63e7c84d948078189f69893bec15,1,,source_jpeg
LTMD_U1_W11_NONSTANDARD_ASSET_AUDIT_0.1,H1993P4CI192,1993,4,Conoce nuestra constitución,nonstandard_html_official_config,H1993P4CI192,55,67,55,https://historico.conaliteg.gob.mx/c/H1993P4CI192/055.jpg,0,served_image,200,image/jpeg,286952,f9f9b5256c9dced370f08b631f51951560ce2e440481bb3bc212f3c8bf8882fa,1,,source_jpeg
LTMD_U1_W11_NONSTANDARD_ASSET_AUDIT_0.1,H1993P4CI192,1993,4,Conoce nuestra constitución,nonstandard_html_official_config,H1993P4CI192,56,67,56,https://historico.conaliteg.gob.mx/c/H1993P4CI192/056.jpg,0,served_image,200,image/jpeg,317862,03e1901e39c7626b8b6ab9a88d3c16725545418a3aed348e26243a8335e065d3,1,,source_jpeg
LTMD_U1_W11_NONSTANDARD_ASSET_AUDIT_0.1,H1993P4CI192,1993,4,Conoce nuestra constitución,nonstandard_html_official_config,H1993P4CI192,57,67,57,https://historico.conaliteg.gob.mx/c/H1993P4CI192/057.jpg,0,served_image,200,image/jpeg,296548,d6d009bd069ca522b5338513c16c8c1e40a6c907d8e3b7c5545d6745b58bdfe5,1,,source_jpeg
LTMD_U1_W11_NONSTANDARD_ASSET_AUDIT_0.1,H1993P4CI192,1993,4,Conoce nuestra constitución,nonstandard_html_official_config,H1993P4CI192,58,67,58,https://historico.conaliteg.gob.mx/c/H1993P4CI192/058.jpg,0,served_image,200,image/jpeg,292488,1c282ac7c98ec90f761124cbdc634fa0e0cb818dab91910c3d90ca6991077b04,1,,source_jpeg
LTMD_U1_W11_NONSTANDARD_ASSET_AUDIT_0.1,H1993P4CI192,1993,4,Conoce nuestra constitución,nonstandard_html_official_config,H1993P4CI192,59,67,59,https://historico.conaliteg.gob.mx/c/H1993P4CI192/059.jpg,0,served_image,200,image/jpeg,300691,e5fe3795fd0d1aaff1c0e2dd0a028f46be0e967233ae0b9bac4efe38caebef44,1,,source_jpeg
LTMD_U1_W11_NONSTANDARD_ASSET_AUDIT_0.1,H1993P4CI192,1993,4,Conoce nuestra constitución,nonstandard_html_official_config,H1993P4CI192,60,67,60,https://historico.conaliteg.gob.mx/c/H1993P4CI192/060.jpg,0,served_image,200,image/jpeg,248367,00c635f530b4b5366642de5ff576b51e5fd907fe311dcfcb10956589c836a701,1,,source_jpeg
LTMD_U1_W11_NONSTANDARD_ASSET_AUDIT_0.1,H1993P4CI192,1993,4,Conoce nuestra constitución,nonstandard_html_official_config,H1993P4CI192,61,67,61,https://historico.conaliteg.gob.mx/c/H1993P4CI192/061.jpg,0,served_image,200,image/jpeg,170837,80cca1e70b1d9b3f173f35e79f311634f9703ff1628a330a7dfa9f5c13637297,1,,source_jpeg
LTMD_U1_W11_NONSTANDARD_ASSET_AUDIT_0.1,H1993P4CI192,1993,4,Conoce nuestra constitución,nonstandard_html_official_config,H1993P4CI192,62,67,62,https://historico.conaliteg.gob.mx/c/H1993P4CI192/062.jpg,0,served_image,200,image/jpeg,174355,6fd2152656b51cfe53da7c34617e1c6a5b53ea08413aba15694aed00edfd505a,1,,source_jpeg
LTMD_U1_W11_NONSTANDARD_ASSET_AUDIT_0.1,H1993P4CI192,1993,4,Conoce nuestra constitución,nonstandard_html_official_config,H1993P4CI192,63,67,63,https://historico.conaliteg.gob.mx/c/H1993P4CI192/063.jpg,0,served_image,200,image/jpeg,106892,ca68459df75cc2abf5aed6f61aba47218166bae05b13fddc3545359b05767878,1,,source_jpeg
LTMD_U1_W11_NONSTANDARD_ASSET_AUDIT_0.1,H1993P4CI192,1993,4,Conoce nuestra constitución,nonstandard_html_official_config,H1993P4CI192,64,67,64,https://historico.conaliteg.gob.mx/c/H1993P4CI192/064.jpg,0,served_image,200,image/jpeg,77321,05343c1599e4243e305ef192714ab6c527159e277f721b5b9dfdb3a604f361e9,1,,source_jpeg
LTMD_U1_W11_NONSTANDARD_ASSET_AUDIT_0.1,H1993P4CI192,1993,4,Conoce nuestra constitución,nonstandard_html_official_config,H1993P4CI192,65,67,65,https://historico.conaliteg.gob.mx/c/H1993P4CI192/065.jpg,0,served_image,200,image/jpeg,111689,0f591dcc41e261f3b0e107688b0610e189d37207b61715eb9800aae89922ec54,1,,source_jpeg
LTMD_U1_W11_NONSTANDARD_ASSET_AUDIT_0.1,H1993P4CI192,1993,4,Conoce nuestra constitución,nonstandard_html_official_config,H1993P4CI192,66,67,66,https://historico.conaliteg.gob.mx/c/H1993P4CI192/066.jpg,0,served_image,200,image/jpeg,562091,9b8dea2f1e5af0fe00122da51a769ccb5e9c2dc9830d52a2cfde7addaee9e436,1,,source_jpeg
LTMD_U1_W11_NONSTANDARD_ASSET_AUDIT_0.1,H1993P4CI192,1993,4,Conoce nuestra constitución,nonstandard_html_official_config,H1993P4CI192,67,67,67,https://historico.conaliteg.gob.mx/c/H1993P4CI192/067.jpg,1,http_404,404,text/html; charset=iso-8859-1,,,1,HTTP 404,terminal_synthetic_candidate
LTMD_U1_W11_NONSTANDARD_ASSET_AUDIT_0.1,H2008P4CI270,2008,4,CONOCE NUESTRA CONSTITUCIÓN,nonstandard_html_official_config,H2008P4CI270,1,67,0,https://historico.conaliteg.gob.mx/c/H2008P4CI270/000.jpg,0,served_image,200,image/jpeg,488874,b29d6421ba4cf545d4d9e57191e75ed7f65a78a3a4bfcab863da03d0987c5599,1,,source_jpeg
LTMD_U1_W11_NONSTANDARD_ASSET_AUDIT_0.1,H2008P4CI270,2008,4,CONOCE NUESTRA CONSTITUCIÓN,nonstandard_html_official_config,H2008P4CI270,2,67,2,https://historico.conaliteg.gob.mx/c/H2008P4CI270/002.jpg,0,served_image,200,image/jpeg,63717,23bcb2f561f177d5ddb833a224e7b9a99a3568f9262ec55ba656b7dcf5600bfa,1,,source_jpeg
LTMD_U1_W11_NONSTANDARD_ASSET_AUDIT_0.1,H2008P4CI270,2008,4,CONOCE NUESTRA CONSTITUCIÓN,nonstandard_html_official_config,H2008P4CI270,3,67,3,https://historico.conaliteg.gob.mx/c/H2008P4CI270/003.jpg,0,served_image,200,image/jpeg,409709,3ea67f7029e99fbc8079437dc032e20e20da5e2848b724454ca73b973ad5ad7a,1,,source_jpeg
LTMD_U1_W11_NONSTANDARD_ASSET_AUDIT_0.1,H2008P4CI270,2008,4,CONOCE NUESTRA CONSTITUCIÓN,nonstandard_html_official_config,H2008P4CI270,4,67,4,https://historico.conaliteg.gob.mx/c/H2008P4CI270/004.jpg,0,served_image,200,image/jpeg,181544,f1102c87f1cf64bb37832ecaae773c57d0adf40a48c32dd9fbbf6aeba856330c,1,,source_jpeg
LTMD_U1_W11_NONSTANDARD_ASSET_AUDIT_0.1,H2008P4CI270,2008,4,CONOCE NUESTRA CONSTITUCIÓN,nonstandard_html_official_config,H2008P4CI270,5,67,5,https://historico.conaliteg.gob.mx/c/H2008P4CI270/005.jpg,0,served_image,200,image/jpeg,152407,e18decc278558fcf3250ff608c05c31f7ca4f849f9a610c0cbef866b55abd363,1,,source_jpeg
LTMD_U1_W11_NONSTANDARD_ASSET_AUDIT_0.1,H2008P4CI270,2008,4,CONOCE NUESTRA CONSTITUCIÓN,nonstandard_html_official_config,H2008P4CI270,6,67,6,https://historico.conaliteg.gob.mx/c/H2008P4CI270/006.jpg,0,served_image,200,image/jpeg,82124,f11b72acce3383daa836c0661f47cbd8f82df1d8c5b4b0bfcb90fc98ace7057e,1,,source_jpeg
LTMD_U1_W11_NONSTANDARD_ASSET_AUDIT_0.1,H2008P4CI270,2008,4,CONOCE NUESTRA CONSTITUCIÓN,nonstandard_html_official_config,H2008P4CI270,7,67,7,https://historico.conaliteg.gob.mx/c/H2008P4CI270/007.jpg,0,served_image,200,image/jpeg,223731,04dcd76866ceab3a6290cab1f4022f2c50a249961c49bc2188866f32c8c492cf,1,,source_jpeg
LTMD_U1_W11_NONSTANDARD_ASSET_AUDIT_0.1,H2008P4CI270,2008,4,CONOCE NUESTRA CONSTITUCIÓN,nonstandard_html_official_config,H2008P4CI270,8,67,8,https://historico.conaliteg.gob.mx/c/H2008P4CI270/008.jpg,0,served_image,200,image/jpeg,224025,2e14e5e26e4ade22fa83a814b2a69684391c9fd1983b4a0bdaac575b246c01a4,1,,source_jpeg
LTMD_U1_W11_NONSTANDARD_ASSET_AUDIT_0.1,H2008P4CI270,2008,4,CONOCE NUESTRA CONSTITUCIÓN,nonstandard_html_official_config,H2008P4CI270,9,67,9,https://historico.conaliteg.gob.mx/c/H2008P4CI270/009.jpg,0,served_image,200,image/jpeg,225566,12949ad805bcccb6a2570bb154a69974531525e68c4636a88b52dd3c32c9488b,1,,source_jpeg
LTMD_U1_W11_NONSTANDARD_ASSET_AUDIT_0.1,H2008P4CI270,2008,4,CONOCE NUESTRA CONSTITUCIÓN,nonstandard_html_official_config,H2008P4CI270,10,67,10,https://historico.conaliteg.gob.mx/c/H2008P4CI270/010.jpg,0,served_image,200,image/jpeg,89537,2a314403e0f4644aff90a345cf245c53b7f37aa70e6fa8147b1f9b864371a60f,1,,source_jpeg
LTMD_U1_W11_NONSTANDARD_ASSET_AUDIT_0.1,H2008P4CI270,2008,4,CONOCE NUESTRA CONSTITUCIÓN,nonstandard_html_official_config,H2008P4CI270,11,67,11,https://historico.conaliteg.gob.mx/c/H2008P4CI270/011.jpg,0,served_image,200,image/jpeg,343239,8a876b4d87c7d09ef6372f90ab4c74ad79136ce962bc80110656be89cb2abba7,1,,source_jpeg
LTMD_U1_W11_NONSTANDARD_ASSET_AUDIT_0.1,H2008P4CI270,2008,4,CONOCE NUESTRA CONSTITUCIÓN,nonstandard_html_official_config,H2008P4CI270,12,67,12,https://historico.conaliteg.gob.mx/c/H2008P4CI270/012.jpg,0,served_image,200,image/jpeg,248026,d8c01f293feeaffb9835c81b0ba2bf662ad143b80c8706d31f79ec6aa490a94b,1,,source_jpeg
LTMD_U1_W11_NONSTANDARD_ASSET_AUDIT_0.1,H2008P4CI270,2008,4,CONOCE NUESTRA CONSTITUCIÓN,nonstandard_html_official_config,H2008P4CI270,13,67,13,https://historico.conaliteg.gob.mx/c/H2008P4CI270/013.jpg,0,served_image,200,image/jpeg,266287,58f6c4dfb4963d241fc6d457eb8da749b9031e61a794015c85c471dc5844ae56,1,,source_jpeg
LTMD_U1_W11_NONSTANDARD_ASSET_AUDIT_0.1,H2008P4CI270,2008,4,CONOCE NUESTRA CONSTITUCIÓN,nonstandard_html_official_config,H2008P4CI270,14,67,14,https://historico.conaliteg.gob.mx/c/H2008P4CI270/014.jpg,0,served_image,200,image/jpeg,291733,5dd72d677ace292750118880444bdeb1d874b2335eb182bbd9f54226c039a599,1,,source_jpeg
LTMD_U1_W11_NONSTANDARD_ASSET_AUDIT_0.1,H2008P4CI270,2008,4,CONOCE NUESTRA CONSTITUCIÓN,nonstandard_html_official_config,H2008P4CI270,15,67,15,https://historico.conaliteg.gob.mx/c/H2008P4CI270/015.jpg,0,served_image,200,image/jpeg,300325,633795965e78eee9501e4eaef3e1b0e7a709920943fb08ab8e167ebfe5de23d2,1,,source_jpeg
LTMD_U1_W11_NONSTANDARD_ASSET_AUDIT_0.1,H2008P4CI270,2008,4,CONOCE NUESTRA CONSTITUCIÓN,nonstandard_html_official_config,H2008P4CI270,16,67,16,https://historico.conaliteg.gob.mx/c/H2008P4CI270/016.jpg,0,served_image,200,image/jpeg,323749,998d2d6411878cab3db48f019a6c2c7bc313fd94055be3db3ff63d6624e99708,1,,source_jpeg
LTMD_U1_W11_NONSTANDARD_ASSET_AUDIT_0.1,H2008P4CI270,2008,4,CONOCE NUESTRA CONSTITUCIÓN,nonstandard_html_official_config,H2008P4CI270,17,67,17,https://historico.conaliteg.gob.mx/c/H2008P4CI270/017.jpg,0,served_image,200,image/jpeg,318508,165de99bb697b8769f620fe1bdaee9160038b1179dd6b54c110937413760f5db,1,,source_jpeg
LTMD_U1_W11_NONSTANDARD_ASSET_AUDIT_0.1,H2008P4CI270,2008,4,CONOCE NUESTRA CONSTITUCIÓN,nonstandard_html_official_config,H2008P4CI270,18,67,18,https://historico.conaliteg.gob.mx/c/H2008P4CI270/018.jpg,0,served_image,200,image/jpeg,295627,b346065558f7b1145e957e41c63612f158cb7c1abf899ebcf44ab80ddac20c8b,1,,source_jpeg
LTMD_U1_W11_NONSTANDARD_ASSET_AUDIT_0.1,H2008P4CI270,2008,4,CONOCE NUESTRA CONSTITUCIÓN,nonstandard_html_official_config,H2008P4CI270,19,67,19,https://historico.conaliteg.gob.mx/c/H2008P4CI270/019.jpg,0,served_image,200,image/jpeg,332893,e7f14f7bca421a8f4f219c8475b1896b92e5da2961624e16bb789206680b3497,1,,source_jpeg
LTMD_U1_W11_NONSTANDARD_ASSET_AUDIT_0.1,H2008P4CI270,2008,4,CONOCE NUESTRA CONSTITUCIÓN,nonstandard_html_official_config,H2008P4CI270,20,67,20,https://historico.conaliteg.gob.mx/c/H2008P4CI270/020.jpg,0,served_image,200,image/jpeg,318622,27432919af443814c8707651bafbb790ed4bb10fa7784c26693c3352a3943978,1,,source_jpeg
LTMD_U1_W11_NONSTANDARD_ASSET_AUDIT_0.1,H2008P4CI270,2008,4,CONOCE NUESTRA CONSTITUCIÓN,nonstandard_html_official_config,H2008P4CI270,21,67,21,https://historico.conaliteg.gob.mx/c/H2008P4CI270/021.jpg,0,served_image,200,image/jpeg,302122,80bb42b6dc46ff5424fb89eef5e769997368b4b14b880e035bfcf4d9086b9929,1,,source_jpeg
LTMD_U1_W11_NONSTANDARD_ASSET_AUDIT_0.1,H2008P4CI270,2008,4,CONOCE NUESTRA CONSTITUCIÓN,nonstandard_html_official_config,H2008P4CI270,22,67,22,https://historico.conaliteg.gob.mx/c/H2008P4CI270/022.jpg,0,served_image,200,image/jpeg,318034,f0c193590a4e97c0550128e27614468c4f24bc10fd7c1293a57385000c8bd039,1,,source_jpeg
LTMD_U1_W11_NONSTANDARD_ASSET_AUDIT_0.1,H2008P4CI270,2008,4,CONOCE NUESTRA CONSTITUCIÓN,nonstandard_html_official_config,H2008P4CI270,23,67,23,https://historico.conaliteg.gob.mx/c/H2008P4CI270/023.jpg,0,served_image,200,image/jpeg,311508,cd47bda69dd0ea01a7d09160505dc6a235e72be56f3d1587fb8ca03bbc6adc7a,1,,source_jpeg
LTMD_U1_W11_NONSTANDARD_ASSET_AUDIT_0.1,H2008P4CI270,2008,4,CONOCE NUESTRA CONSTITUCIÓN,nonstandard_html_official_config,H2008P4CI270,24,67,24,https://historico.conaliteg.gob.mx/c/H2008P4CI270/024.jpg,0,served_image,200,image/jpeg,282083,08eb4c68b086fcdc325ae454b62323f223888861714fa2c08ae3cc6e781b59b9,1,,source_jpeg
LTMD_U1_W11_NONSTANDARD_ASSET_AUDIT_0.1,H2008P4CI270,2008,4,CONOCE NUESTRA CONSTITUCIÓN,nonstandard_html_official_config,H2008P4CI270,25,67,25,https://historico.conaliteg.gob.mx/c/H2008P4CI270/025.jpg,0,served_image,200,image/jpeg,297259,1ce01395fc193cc84d68564254e3cf1d22178446a4907d1bf63581c6fdcb8293,1,,source_jpeg
LTMD_U1_W11_NONSTANDARD_ASSET_AUDIT_0.1,H2008P4CI270,2008,4,CONOCE NUESTRA CONSTITUCIÓN,nonstandard_html_official_config,H2008P4CI270,26,67,26,https://historico.conaliteg.gob.mx/c/H2008P4CI270/026.jpg,0,served_image,200,image/jpeg,284738,77d39c6de3043d2ee3b2e3f4e3f51ad32bf0c349e21207a450adfa12ff54a60e,1,,source_jpeg
LTMD_U1_W11_NONSTANDARD_ASSET_AUDIT_0.1,H2008P4CI270,2008,4,CONOCE NUESTRA CONSTITUCIÓN,nonstandard_html_official_config,H2008P4CI270,27,67,27,https://historico.conaliteg.gob.mx/c/H2008P4CI270/027.jpg,0,served_image,200,image/jpeg,277249,d4e778a096bfd50a1e42aed12444e12f6ed7a64a32b4b04e5cc436095ff603e3,1,,source_jpeg
LTMD_U1_W11_NONSTANDARD_ASSET_AUDIT_0.1,H2008P4CI270,2008,4,CONOCE NUESTRA CONSTITUCIÓN,nonstandard_html_official_config,H2008P4CI270,28,67,28,https://historico.conaliteg.gob.mx/c/H2008P4CI270/028.jpg,0,served_image,200,image/jpeg,250234,529c5417e8a42cbf18ed0dd451773c4ca1a03cd6abb95feab28a57d99b7ea023,1,,source_jpeg
LTMD_U1_W11_NONSTANDARD_ASSET_AUDIT_0.1,H2008P4CI270,2008,4,CONOCE NUESTRA CONSTITUCIÓN,nonstandard_html_official_config,H2008P4CI270,29,67,29,https://historico.conaliteg.gob.mx/c/H2008P4CI270/029.jpg,0,served_image,200,image/jpeg,303523,cd0bc7bd0741d4e5b7470908908a4b1707beb3de13a61439a4ef7a112a047ce2,1,,source_jpeg
LTMD_U1_W11_NONSTANDARD_ASSET_AUDIT_0.1,H2008P4CI270,2008,4,CONOCE NUESTRA CONSTITUCIÓN,nonstandard_html_official_config,H2008P4CI270,30,67,30,https://historico.conaliteg.gob.mx/c/H2008P4CI270/030.jpg,0,served_image,200,image/jpeg,309913,3ab55bf9121cafadafbcceb555880ecd3d8f4be110d101f232e1220be46c7a25,1,,source_jpeg
LTMD_U1_W11_NONSTANDARD_ASSET_AUDIT_0.1,H2008P4CI270,2008,4,CONOCE NUESTRA CONSTITUCIÓN,nonstandard_html_official_config,H2008P4CI270,31,67,31,https://historico.conaliteg.gob.mx/c/H2008P4CI270/031.jpg,0,served_image,200,image/jpeg,305844,34b7f845e39db1bd9793a5e94ac5b1f31dd933a89b318e2f97605e49e9d8b23f,1,,source_jpeg
LTMD_U1_W11_NONSTANDARD_ASSET_AUDIT_0.1,H2008P4CI270,2008,4,CONOCE NUESTRA CONSTITUCIÓN,nonstandard_html_official_config,H2008P4CI270,32,67,32,https://historico.conaliteg.gob.mx/c/H2008P4CI270/032.jpg,0,served_image,200,image/jpeg,290159,24bdcf9995a4757eed06498934e5e8af6ec247e4743c186b8518d8c4ad639bf6,1,,source_jpeg
LTMD_U1_W11_NONSTANDARD_ASSET_AUDIT_0.1,H2008P4CI270,2008,4,CONOCE NUESTRA CONSTITUCIÓN,nonstandard_html_official_config,H2008P4CI270,33,67,33,https://historico.conaliteg.gob.mx/c/H2008P4CI270/033.jpg,0,served_image,200,image/jpeg,290451,335f5a0027d4de60c1284bf02570785be8901e9231b7ffe93810fccaca69e4bf,1,,source_jpeg
LTMD_U1_W11_NONSTANDARD_ASSET_AUDIT_0.1,H2008P4CI270,2008,4,CONOCE NUESTRA CONSTITUCIÓN,nonstandard_html_official_config,H2008P4CI270,34,67,34,https://historico.conaliteg.gob.mx/c/H2008P4CI270/034.jpg,0,served_image,200,image/jpeg,304046,b88d8fdbef48cde96d8fcd4a55b49f231c09d5a41df8bd54395303f6ed65a20d,1,,source_jpeg
LTMD_U1_W11_NONSTANDARD_ASSET_AUDIT_0.1,H2008P4CI270,2008,4,CONOCE NUESTRA CONSTITUCIÓN,nonstandard_html_official_config,H2008P4CI270,35,67,35,https://historico.conaliteg.gob.mx/c/H2008P4CI270/035.jpg,0,served_image,200,image/jpeg,322393,8fc3e54df58ea653f3618055687c685faba249f6ef069b5f29a89dfafd69e74a,1,,source_jpeg
LTMD_U1_W11_NONSTANDARD_ASSET_AUDIT_0.1,H2008P4CI270,2008,4,CONOCE NUESTRA CONSTITUCIÓN,nonstandard_html_official_config,H2008P4CI270,36,67,36,https://historico.conaliteg.gob.mx/c/H2008P4CI270/036.jpg,0,served_image,200,image/jpeg,310458,4b37f07724fb3e7ca778db4890238f9214a3ee58110ba908849ca9a00ef5a1ee,1,,source_jpeg
LTMD_U1_W11_NONSTANDARD_ASSET_AUDIT_0.1,H2008P4CI270,2008,4,CONOCE NUESTRA CONSTITUCIÓN,nonstandard_html_official_config,H2008P4CI270,37,67,37,https://historico.conaliteg.gob.mx/c/H2008P4CI270/037.jpg,0,served_image,200,image/jpeg,354411,bcce8ec28dcb39ba8bf95b9bd9078a758de54142c6e006a8f0b20e31fce45af8,1,,source_jpeg
LTMD_U1_W11_NONSTANDARD_ASSET_AUDIT_0.1,H2008P4CI270,2008,4,CONOCE NUESTRA CONSTITUCIÓN,nonstandard_html_official_config,H2008P4CI270,38,67,38,https://historico.conaliteg.gob.mx/c/H2008P4CI270/038.jpg,0,served_image,200,image/jpeg,281775,24676b2a92e9a4962b66b1ae43dc9e22722e67d2c097e990dfa21167516a6a96,1,,source_jpeg
LTMD_U1_W11_NONSTANDARD_ASSET_AUDIT_0.1,H2008P4CI270,2008,4,CONOCE NUESTRA CONSTITUCIÓN,nonstandard_html_official_config,H2008P4CI270,39,67,39,https://historico.conaliteg.gob.mx/c/H2008P4CI270/039.jpg,0,served_image,200,image/jpeg,273161,b529664f9bd6bcb35e8f297dc86ded8711aa3cfa51e07a6e84682c70c0f3b24d,1,,source_jpeg
LTMD_U1_W11_NONSTANDARD_ASSET_AUDIT_0.1,H2008P4CI270,2008,4,CONOCE NUESTRA CONSTITUCIÓN,nonstandard_html_official_config,H2008P4CI270,40,67,40,https://historico.conaliteg.gob.mx/c/H2008P4CI270/040.jpg,0,served_image,200,image/jpeg,379975,3edbaf05532461192ed5142efc842d3f5fccce1e78a6bf72e9720883e4dc98e2,1,,source_jpeg
LTMD_U1_W11_NONSTANDARD_ASSET_AUDIT_0.1,H2008P4CI270,2008,4,CONOCE NUESTRA CONSTITUCIÓN,nonstandard_html_official_config,H2008P4CI270,41,67,41,https://historico.conaliteg.gob.mx/c/H2008P4CI270/041.jpg,0,served_image,200,image/jpeg,303825,ec3bdaac5387dc1c4f03d69a0f556d8faf5f333cfd2a0e23ad0fa6a0e6252bbe,1,,source_jpeg
LTMD_U1_W11_NONSTANDARD_ASSET_AUDIT_0.1,H2008P4CI270,2008,4,CONOCE NUESTRA CONSTITUCIÓN,nonstandard_html_official_config,H2008P4CI270,42,67,42,https://historico.conaliteg.gob.mx/c/H2008P4CI270/042.jpg,0,served_image,200,image/jpeg,319698,aa99aaefc203d19f8d6378bc79983951677cf9e442f7f49f6099054e25ad8f57,1,,source_jpeg
LTMD_U1_W11_NONSTANDARD_ASSET_AUDIT_0.1,H2008P4CI270,2008,4,CONOCE NUESTRA CONSTITUCIÓN,nonstandard_html_official_config,H2008P4CI270,43,67,43,https://historico.conaliteg.gob.mx/c/H2008P4CI270/043.jpg,0,served_image,200,image/jpeg,295979,bc65653ac37b46d2c654371a2a481bd351e1eff46702b4132702f2823b723d06,1,,source_jpeg
LTMD_U1_W11_NONSTANDARD_ASSET_AUDIT_0.1,H2008P4CI270,2008,4,CONOCE NUESTRA CONSTITUCIÓN,nonstandard_html_official_config,H2008P4CI270,44,67,44,https://historico.conaliteg.gob.mx/c/H2008P4CI270/044.jpg,0,served_image,200,image/jpeg,314129,b80c1b103cb4da35e2fc3f049a111e8b68071b3fb5af9ade117cea55f0c741ea,1,,source_jpeg
LTMD_U1_W11_NONSTANDARD_ASSET_AUDIT_0.1,H2008P4CI270,2008,4,CONOCE NUESTRA CONSTITUCIÓN,nonstandard_html_official_config,H2008P4CI270,45,67,45,https://historico.conaliteg.gob.mx/c/H2008P4CI270/045.jpg,0,served_image,200,image/jpeg,250835,adee02876f194cca929c087891ddbd360e375e48935a6e847e1c3606d62b6619,1,,source_jpeg
LTMD_U1_W11_NONSTANDARD_ASSET_AUDIT_0.1,H2008P4CI270,2008,4,CONOCE NUESTRA CONSTITUCIÓN,nonstandard_html_official_config,H2008P4CI270,46,67,46,https://historico.conaliteg.gob.mx/c/H2008P4CI270/046.jpg,0,served_image,200,image/jpeg,301020,5701c29b888edd1384ba49c987a851ed10d99320dbd2489cc0251fb5f9f5a108,1,,source_jpeg
LTMD_U1_W11_NONSTANDARD_ASSET_AUDIT_0.1,H2008P4CI270,2008,4,CONOCE NUESTRA CONSTITUCIÓN,nonstandard_html_official_config,H2008P4CI270,47,67,47,https://historico.conaliteg.gob.mx/c/H2008P4CI270/047.jpg,0,served_image,200,image/jpeg,326739,d85fdc0639ca8abdf8ed3b7b50a54f0b0e84666e79795f537241f5fefa74b9c7,1,,source_jpeg
LTMD_U1_W11_NONSTANDARD_ASSET_AUDIT_0.1,H2008P4CI270,2008,4,CONOCE NUESTRA CONSTITUCIÓN,nonstandard_html_official_config,H2008P4CI270,48,67,48,https://historico.conaliteg.gob.mx/c/H2008P4CI270/048.jpg,0,served_image,200,image/jpeg,279395,8c85475c09905ebf65d4284c38b012fd477eb3e21b9b488dbd632aefc6a0b884,1,,source_jpeg
LTMD_U1_W11_NONSTANDARD_ASSET_AUDIT_0.1,H2008P4CI270,2008,4,CONOCE NUESTRA CONSTITUCIÓN,nonstandard_html_official_config,H2008P4CI270,49,67,49,https://historico.conaliteg.gob.mx/c/H2008P4CI270/049.jpg,0,served_image,200,image/jpeg,306690,10cfc76876b573da459e20d0d9b2f8f47a9aba05ef54286d08e52f06a668d5e8,1,,source_jpeg
LTMD_U1_W11_NONSTANDARD_ASSET_AUDIT_0.1,H2008P4CI270,2008,4,CONOCE NUESTRA CONSTITUCIÓN,nonstandard_html_official_config,H2008P4CI270,50,67,50,https://historico.conaliteg.gob.mx/c/H2008P4CI270/050.jpg,0,served_image,200,image/jpeg,250196,3d7c8aff106397dc468663e22fbda46ef384dc9cfd6bdd323dcab565f08f7061,1,,source_jpeg
LTMD_U1_W11_NONSTANDARD_ASSET_AUDIT_0.1,H2008P4CI270,2008,4,CONOCE NUESTRA CONSTITUCIÓN,nonstandard_html_official_config,H2008P4CI270,51,67,51,https://historico.conaliteg.gob.mx/c/H2008P4CI270/051.jpg,0,served_image,200,image/jpeg,299535,aa4b18f9755d181843d4398e9ebe204ace5bbc45835ec68298200dc3e577f98c,1,,source_jpeg
LTMD_U1_W11_NONSTANDARD_ASSET_AUDIT_0.1,H2008P4CI270,2008,4,CONOCE NUESTRA CONSTITUCIÓN,nonstandard_html_official_config,H2008P4CI270,52,67,52,https://historico.conaliteg.gob.mx/c/H2008P4CI270/052.jpg,0,served_image,200,image/jpeg,297072,5c012abc1d1145e15cb8ceee6560000f1f67b8ece77e0d935b3bccf91975846b,1,,source_jpeg
LTMD_U1_W11_NONSTANDARD_ASSET_AUDIT_0.1,H2008P4CI270,2008,4,CONOCE NUESTRA CONSTITUCIÓN,nonstandard_html_official_config,H2008P4CI270,53,67,53,https://historico.conaliteg.gob.mx/c/H2008P4CI270/053.jpg,0,served_image,200,image/jpeg,306991,10284d8c457cb701c21eab0cce92a2143638a00261a82729aba8bd78470e0306,1,,source_jpeg
LTMD_U1_W11_NONSTANDARD_ASSET_AUDIT_0.1,H2008P4CI270,2008,4,CONOCE NUESTRA CONSTITUCIÓN,nonstandard_html_official_config,H2008P4CI270,54,67,54,https://historico.conaliteg.gob.mx/c/H2008P4CI270/054.jpg,0,served_image,200,image/jpeg,288812,f1668e685319b09f2472a417b670c2fe88aa63e7c84d948078189f69893bec15,1,,source_jpeg
LTMD_U1_W11_NONSTANDARD_ASSET_AUDIT_0.1,H2008P4CI270,2008,4,CONOCE NUESTRA CONSTITUCIÓN,nonstandard_html_official_config,H2008P4CI270,55,67,55,https://historico.conaliteg.gob.mx/c/H2008P4CI270/055.jpg,0,served_image,200,image/jpeg,286952,f9f9b5256c9dced370f08b631f51951560ce2e440481bb3bc212f3c8bf8882fa,1,,source_jpeg
LTMD_U1_W11_NONSTANDARD_ASSET_AUDIT_0.1,H2008P4CI270,2008,4,CONOCE NUESTRA CONSTITUCIÓN,nonstandard_html_official_config,H2008P4CI270,56,67,56,https://historico.conaliteg.gob.mx/c/H2008P4CI270/056.jpg,0,served_image,200,image/jpeg,317862,03e1901e39c7626b8b6ab9a88d3c16725545418a3aed348e26243a8335e065d3,1,,source_jpeg
LTMD_U1_W11_NONSTANDARD_ASSET_AUDIT_0.1,H2008P4CI270,2008,4,CONOCE NUESTRA CONSTITUCIÓN,nonstandard_html_official_config,H2008P4CI270,57,67,57,https://historico.conaliteg.gob.mx/c/H2008P4CI270/057.jpg,0,served_image,200,image/jpeg,296548,d6d009bd069ca522b5338513c16c8c1e40a6c907d8e3b7c5545d6745b58bdfe5,1,,source_jpeg
LTMD_U1_W11_NONSTANDARD_ASSET_AUDIT_0.1,H2008P4CI270,2008,4,CONOCE NUESTRA CONSTITUCIÓN,nonstandard_html_official_config,H2008P4CI270,58,67,58,https://historico.conaliteg.gob.mx/c/H2008P4CI270/058.jpg,0,served_image,200,image/jpeg,292488,1c282ac7c98ec90f761124cbdc634fa0e0cb818dab91910c3d90ca6991077b04,1,,source_jpeg
LTMD_U1_W11_NONSTANDARD_ASSET_AUDIT_0.1,H2008P4CI270,2008,4,CONOCE NUESTRA CONSTITUCIÓN,nonstandard_html_official_config,H2008P4CI270,59,67,59,https://historico.conaliteg.gob.mx/c/H2008P4CI270/059.jpg,0,served_image,200,image/jpeg,300691,e5fe3795fd0d1aaff1c0e2dd0a028f46be0e967233ae0b9bac4efe38caebef44,1,,source_jpeg
LTMD_U1_W11_NONSTANDARD_ASSET_AUDIT_0.1,H2008P4CI270,2008,4,CONOCE NUESTRA CONSTITUCIÓN,nonstandard_html_official_config,H2008P4CI270,60,67,60,https://historico.conaliteg.gob.mx/c/H2008P4CI270/060.jpg,0,served_image,200,image/jpeg,248367,00c635f530b4b5366642de5ff576b51e5fd907fe311dcfcb10956589c836a701,1,,source_jpeg
LTMD_U1_W11_NONSTANDARD_ASSET_AUDIT_0.1,H2008P4CI270,2008,4,CONOCE NUESTRA CONSTITUCIÓN,nonstandard_html_official_config,H2008P4CI270,61,67,61,https://historico.conaliteg.gob.mx/c/H2008P4CI270/061.jpg,0,served_image,200,image/jpeg,170837,80cca1e70b1d9b3f173f35e79f311634f9703ff1628a330a7dfa9f5c13637297,1,,source_jpeg
LTMD_U1_W11_NONSTANDARD_ASSET_AUDIT_0.1,H2008P4CI270,2008,4,CONOCE NUESTRA CONSTITUCIÓN,nonstandard_html_official_config,H2008P4CI270,62,67,62,https://historico.conaliteg.gob.mx/c/H2008P4CI270/062.jpg,0,served_image,200,image/jpeg,174355,6fd2152656b51cfe53da7c34617e1c6a5b53ea08413aba15694aed00edfd505a,1,,source_jpeg
LTMD_U1_W11_NONSTANDARD_ASSET_AUDIT_0.1,H2008P4CI270,2008,4,CONOCE NUESTRA CONSTITUCIÓN,nonstandard_html_official_config,H2008P4CI270,63,67,63,https://historico.conaliteg.gob.mx/c/H2008P4CI270/063.jpg,0,served_image,200,image/jpeg,106892,ca68459df75cc2abf5aed6f61aba47218166bae05b13fddc3545359b05767878,1,,source_jpeg
LTMD_U1_W11_NONSTANDARD_ASSET_AUDIT_0.1,H2008P4CI270,2008,4,CONOCE NUESTRA CONSTITUCIÓN,nonstandard_html_official_config,H2008P4CI270,64,67,64,https://historico.conaliteg.gob.mx/c/H2008P4CI270/064.jpg,0,served_image,200,image/jpeg,77321,05343c1599e4243e305ef192714ab6c527159e277f721b5b9dfdb3a604f361e9,1,,source_jpeg
LTMD_U1_W11_NONSTANDARD_ASSET_AUDIT_0.1,H2008P4CI270,2008,4,CONOCE NUESTRA CONSTITUCIÓN,nonstandard_html_official_config,H2008P4CI270,65,67,65,https://historico.conaliteg.gob.mx/c/H2008P4CI270/065.jpg,0,served_image,200,image/jpeg,111689,0f591dcc41e261f3b0e107688b0610e189d37207b61715eb9800aae89922ec54,1,,source_jpeg
LTMD_U1_W11_NONSTANDARD_ASSET_AUDIT_0.1,H2008P4CI270,2008,4,CONOCE NUESTRA CONSTITUCIÓN,nonstandard_html_official_config,H2008P4CI270,66,67,66,https://historico.conaliteg.gob.mx/c/H2008P4CI270/066.jpg,0,served_image,200,image/jpeg,562091,9b8dea2f1e5af0fe00122da51a769ccb5e9c2dc9830d52a2cfde7addaee9e436,1,,source_jpeg
LTMD_U1_W11_NONSTANDARD_ASSET_AUDIT_0.1,H2008P4CI270,2008,4,CONOCE NUESTRA CONSTITUCIÓN,nonstandard_html_official_config,H2008P4CI270,67,67,67,https://historico.conaliteg.gob.mx/c/H2008P4CI270/067.jpg,1,http_404,404,text/html; charset=iso-8859-1,,,1,HTTP 404,terminal_synthetic_candidate
LTMD_U1_W11_NONSTANDARD_ASSET_AUDIT_0.1,H2011P4CI316,2011,4,CONOCE NUESTRA CONSTITICIÓN,nonstandard_html_official_config,H2011P4CI316,1,66,0,https://historico.conaliteg.gob.mx/c/H2011P4CI316/000.jpg,0,served_image,200,image/jpeg,455813,683f2e74780905152e1e652e63b3d29d86cbd3a909496ec90e957a3b6f9e23b0,1,,source_jpeg
LTMD_U1_W11_NONSTANDARD_ASSET_AUDIT_0.1,H2011P4CI316,2011,4,CONOCE NUESTRA CONSTITICIÓN,nonstandard_html_official_config,H2011P4CI316,2,66,2,https://historico.conaliteg.gob.mx/c/H2011P4CI316/002.jpg,0,served_image,200,image/jpeg,57742,2ea2f9b5d33e10bb892c1bab1f43cf975dc73f4972f04bf59e6098785689a267,1,,source_jpeg
LTMD_U1_W11_NONSTANDARD_ASSET_AUDIT_0.1,H2011P4CI316,2011,4,CONOCE NUESTRA CONSTITICIÓN,nonstandard_html_official_config,H2011P4CI316,3,66,3,https://historico.conaliteg.gob.mx/c/H2011P4CI316/003.jpg,0,served_image,200,image/jpeg,562705,ea3b696f3c1df2b0034d933791600ac5294542c3d8c06ad9348f161460b503af,1,,source_jpeg
LTMD_U1_W11_NONSTANDARD_ASSET_AUDIT_0.1,H2011P4CI316,2011,4,CONOCE NUESTRA CONSTITICIÓN,nonstandard_html_official_config,H2011P4CI316,4,66,4,https://historico.conaliteg.gob.mx/c/H2011P4CI316/004.jpg,0,served_image,200,image/jpeg,122192,73f0dc43619af58f0233fe41b6b6cbdaa73176af013407fd99426cb9b251b82a,1,,source_jpeg
LTMD_U1_W11_NONSTANDARD_ASSET_AUDIT_0.1,H2011P4CI316,2011,4,CONOCE NUESTRA CONSTITICIÓN,nonstandard_html_official_config,H2011P4CI316,5,66,5,https://historico.conaliteg.gob.mx/c/H2011P4CI316/005.jpg,0,served_image,200,image/jpeg,164104,cc0b3b1c2565e6feb9868bb64cfee5237fed7d21273910d2dff579ce5fc22567,1,,source_jpeg
LTMD_U1_W11_NONSTANDARD_ASSET_AUDIT_0.1,H2011P4CI316,2011,4,CONOCE NUESTRA CONSTITICIÓN,nonstandard_html_official_config,H2011P4CI316,6,66,6,https://historico.conaliteg.gob.mx/c/H2011P4CI316/006.jpg,0,served_image,200,image/jpeg,48836,62753bad7ff1b3b163c7c4809b197fadc1395b3521ac1cc80d8a5d973b56134d,1,,source_jpeg
LTMD_U1_W11_NONSTANDARD_ASSET_AUDIT_0.1,H2011P4CI316,2011,4,CONOCE NUESTRA CONSTITICIÓN,nonstandard_html_official_config,H2011P4CI316,7,66,7,https://historico.conaliteg.gob.mx/c/H2011P4CI316/007.jpg,0,served_image,200,image/jpeg,245226,0093bcc95488e621673689254f0efbbd80eb9655b169d7ce072b7a4d5904a1db,1,,source_jpeg
LTMD_U1_W11_NONSTANDARD_ASSET_AUDIT_0.1,H2011P4CI316,2011,4,CONOCE NUESTRA CONSTITICIÓN,nonstandard_html_official_config,H2011P4CI316,8,66,8,https://historico.conaliteg.gob.mx/c/H2011P4CI316/008.jpg,0,served_image,200,image/jpeg,248986,c0490675523053b1f666dc01982f5ac87e93a7475cf2f3e49dbf185cb8a7a24a,1,,source_jpeg
LTMD_U1_W11_NONSTANDARD_ASSET_AUDIT_0.1,H2011P4CI316,2011,4,CONOCE NUESTRA CONSTITICIÓN,nonstandard_html_official_config,H2011P4CI316,9,66,9,https://historico.conaliteg.gob.mx/c/H2011P4CI316/009.jpg,0,served_image,200,image/jpeg,247364,6a7ff7176c24cae0b7b38f0e21b93d28b65731a0ea2e94270b4ba1829e02d579,1,,source_jpeg
LTMD_U1_W11_NONSTANDARD_ASSET_AUDIT_0.1,H2011P4CI316,2011,4,CONOCE NUESTRA CONSTITICIÓN,nonstandard_html_official_config,H2011P4CI316,10,66,10,https://historico.conaliteg.gob.mx/c/H2011P4CI316/010.jpg,0,served_image,200,image/jpeg,42514,da355e38ee2e6f6a897ba841e57ff1442ae78c26ff261cd6b45386e2360cc850,1,,source_jpeg
LTMD_U1_W11_NONSTANDARD_ASSET_AUDIT_0.1,H2011P4CI316,2011,4,CONOCE NUESTRA CONSTITICIÓN,nonstandard_html_official_config,H2011P4CI316,11,66,11,https://historico.conaliteg.gob.mx/c/H2011P4CI316/011.jpg,0,served_image,200,image/jpeg,441371,f404e92ebd2cd5b6b099e692ac30cc328209675f305088b72dc7cb11c0e72cc0,1,,source_jpeg
LTMD_U1_W11_NONSTANDARD_ASSET_AUDIT_0.1,H2011P4CI316,2011,4,CONOCE NUESTRA CONSTITICIÓN,nonstandard_html_official_config,H2011P4CI316,12,66,12,https://historico.conaliteg.gob.mx/c/H2011P4CI316/012.jpg,0,served_image,200,image/jpeg,268795,4ad6123b96c9bb48c4dd3842c7232b924ffb27eed6314c92a587dff59fe12ae0,1,,source_jpeg
LTMD_U1_W11_NONSTANDARD_ASSET_AUDIT_0.1,H2011P4CI316,2011,4,CONOCE NUESTRA CONSTITICIÓN,nonstandard_html_official_config,H2011P4CI316,13,66,13,https://historico.conaliteg.gob.mx/c/H2011P4CI316/013.jpg,0,served_image,200,image/jpeg,335941,e658cd5e325e9d606558cd480e7e3a15c5c9a09acb3cf8f7bc1e9ba073764bff,1,,source_jpeg
LTMD_U1_W11_NONSTANDARD_ASSET_AUDIT_0.1,H2011P4CI316,2011,4,CONOCE NUESTRA CONSTITICIÓN,nonstandard_html_official_config,H2011P4CI316,14,66,14,https://historico.conaliteg.gob.mx/c/H2011P4CI316/014.jpg,0,served_image,200,image/jpeg,349098,0e26f55aea0096ab1632d50141371cade2d1cc30a647148a5263c0e070761785,1,,source_jpeg
LTMD_U1_W11_NONSTANDARD_ASSET_AUDIT_0.1,H2011P4CI316,2011,4,CONOCE NUESTRA CONSTITICIÓN,nonstandard_html_official_config,H2011P4CI316,15,66,15,https://historico.conaliteg.gob.mx/c/H2011P4CI316/015.jpg,0,served_image,200,image/jpeg,347074,6c4d0dd908b09fb7a7730ed4f643c7651093ef6ca657dfcc6cd110af104ba7bb,1,,source_jpeg
LTMD_U1_W11_NONSTANDARD_ASSET_AUDIT_0.1,H2011P4CI316,2011,4,CONOCE NUESTRA CONSTITICIÓN,nonstandard_html_official_config,H2011P4CI316,16,66,16,https://historico.conaliteg.gob.mx/c/H2011P4CI316/016.jpg,0,served_image,200,image/jpeg,408251,1326ce7df910447134470d5f56c3db17afefaaaa2fc387857cee7af55ae70493,1,,source_jpeg
LTMD_U1_W11_NONSTANDARD_ASSET_AUDIT_0.1,H2011P4CI316,2011,4,CONOCE NUESTRA CONSTITICIÓN,nonstandard_html_official_config,H2011P4CI316,17,66,17,https://historico.conaliteg.gob.mx/c/H2011P4CI316/017.jpg,0,served_image,200,image/jpeg,430077,4fecffc7ec5ed028781523c5c3dab68e95834b1971e3ad5dc84892818e8ccf5b,1,,source_jpeg
LTMD_U1_W11_NONSTANDARD_ASSET_AUDIT_0.1,H2011P4CI316,2011,4,CONOCE NUESTRA CONSTITICIÓN,nonstandard_html_official_config,H2011P4CI316,18,66,18,https://historico.conaliteg.gob.mx/c/H2011P4CI316/018.jpg,0,served_image,200,image/jpeg,356498,05366ed67f201f855286d6e31fdd0b47f03d8cd03943d443266a3eafa0305b89,1,,source_jpeg
LTMD_U1_W11_NONSTANDARD_ASSET_AUDIT_0.1,H2011P4CI316,2011,4,CONOCE NUESTRA CONSTITICIÓN,nonstandard_html_official_config,H2011P4CI316,19,66,19,https://historico.conaliteg.gob.mx/c/H2011P4CI316/019.jpg,0,served_image,200,image/jpeg,364119,186a5d0e961fb3f3e2a7bd1bccd90fdba6210499792e9049f4badb9db7a6df4c,1,,source_jpeg
LTMD_U1_W11_NONSTANDARD_ASSET_AUDIT_0.1,H2011P4CI316,2011,4,CONOCE NUESTRA CONSTITICIÓN,nonstandard_html_official_config,H2011P4CI316,20,66,20,https://historico.conaliteg.gob.mx/c/H2011P4CI316/020.jpg,0,served_image,200,image/jpeg,378696,bb7b2dc0756787b126197afa71d756e3df3bc33d9723cd3093f1a65b7348762e,1,,source_jpeg
LTMD_U1_W11_NONSTANDARD_ASSET_AUDIT_0.1,H2011P4CI316,2011,4,CONOCE NUESTRA CONSTITICIÓN,nonstandard_html_official_config,H2011P4CI316,21,66,21,https://historico.conaliteg.gob.mx/c/H2011P4CI316/021.jpg,0,served_image,200,image/jpeg,390615,5ce7638cdb033199571fc61344ef9f33ca715c855d30c580251c979c501576cc,1,,source_jpeg
LTMD_U1_W11_NONSTANDARD_ASSET_AUDIT_0.1,H2011P4CI316,2011,4,CONOCE NUESTRA CONSTITICIÓN,nonstandard_html_official_config,H2011P4CI316,22,66,22,https://historico.conaliteg.gob.mx/c/H2011P4CI316/022.jpg,0,served_image,200,image/jpeg,368424,a8d78b7c4f03a847fda64f8b661f0c4c9b83ac07f0f9966d416315945d763270,1,,source_jpeg
LTMD_U1_W11_NONSTANDARD_ASSET_AUDIT_0.1,H2011P4CI316,2011,4,CONOCE NUESTRA CONSTITICIÓN,nonstandard_html_official_config,H2011P4CI316,23,66,23,https://historico.conaliteg.gob.mx/c/H2011P4CI316/023.jpg,0,served_image,200,image/jpeg,386949,428c28f71bb1bf29a4c4e8aaa79990ce3274e0683b7145784768f0fd2103f524,1,,source_jpeg
LTMD_U1_W11_NONSTANDARD_ASSET_AUDIT_0.1,H2011P4CI316,2011,4,CONOCE NUESTRA CONSTITICIÓN,nonstandard_html_official_config,H2011P4CI316,24,66,24,https://historico.conaliteg.gob.mx/c/H2011P4CI316/024.jpg,0,served_image,200,image/jpeg,385397,04786f72e987931a16d99a9c5b2a9df6a84adc64d3a2fd71d67dcf31a02297f6,1,,source_jpeg
LTMD_U1_W11_NONSTANDARD_ASSET_AUDIT_0.1,H2011P4CI316,2011,4,CONOCE NUESTRA CONSTITICIÓN,nonstandard_html_official_config,H2011P4CI316,25,66,25,https://historico.conaliteg.gob.mx/c/H2011P4CI316/025.jpg,0,served_image,200,image/jpeg,413451,84321011c778c3b2d98558fa4bc82e902148f2710fb0b678c8d64e809aaaf825,1,,source_jpeg
LTMD_U1_W11_NONSTANDARD_ASSET_AUDIT_0.1,H2011P4CI316,2011,4,CONOCE NUESTRA CONSTITICIÓN,nonstandard_html_official_config,H2011P4CI316,26,66,26,https://historico.conaliteg.gob.mx/c/H2011P4CI316/026.jpg,0,served_image,200,image/jpeg,383956,cfedcb7be3ca2ea3219d9bab7d4247df479b567b4371fd38e05f7a7f5fe2738e,1,,source_jpeg
LTMD_U1_W11_NONSTANDARD_ASSET_AUDIT_0.1,H2011P4CI316,2011,4,CONOCE NUESTRA CONSTITICIÓN,nonstandard_html_official_config,H2011P4CI316,27,66,27,https://historico.conaliteg.gob.mx/c/H2011P4CI316/027.jpg,0,served_image,200,image/jpeg,339237,0380305705550b9e790651b218655474b9f40ceaf9bf43a9df83d83829d05f50,1,,source_jpeg
LTMD_U1_W11_NONSTANDARD_ASSET_AUDIT_0.1,H2011P4CI316,2011,4,CONOCE NUESTRA CONSTITICIÓN,nonstandard_html_official_config,H2011P4CI316,28,66,28,https://historico.conaliteg.gob.mx/c/H2011P4CI316/028.jpg,0,served_image,200,image/jpeg,317104,5e6701f1cbacd4bfc5b08b2fbcb3dc8bebdf855373dc317149bee7d69598e81d,1,,source_jpeg
LTMD_U1_W11_NONSTANDARD_ASSET_AUDIT_0.1,H2011P4CI316,2011,4,CONOCE NUESTRA CONSTITICIÓN,nonstandard_html_official_config,H2011P4CI316,29,66,29,https://historico.conaliteg.gob.mx/c/H2011P4CI316/029.jpg,0,served_image,200,image/jpeg,396655,08d9439508c5ff784746f524c7b20f6543b54d6a84db9f58016c42767cb86c17,1,,source_jpeg
LTMD_U1_W11_NONSTANDARD_ASSET_AUDIT_0.1,H2011P4CI316,2011,4,CONOCE NUESTRA CONSTITICIÓN,nonstandard_html_official_config,H2011P4CI316,30,66,30,https://historico.conaliteg.gob.mx/c/H2011P4CI316/030.jpg,0,served_image,200,image/jpeg,405726,b76eb454885d912461d7b7a368f32dadb8a0877fcde799018881fc36ef904189,1,,source_jpeg
LTMD_U1_W11_NONSTANDARD_ASSET_AUDIT_0.1,H2011P4CI316,2011,4,CONOCE NUESTRA CONSTITICIÓN,nonstandard_html_official_config,H2011P4CI316,31,66,31,https://historico.conaliteg.gob.mx/c/H2011P4CI316/031.jpg,0,served_image,200,image/jpeg,410069,328ef157e14cd8c6440e51625d2d02fb59193d42d98bf78d8ccb6d60878d22d8,1,,source_jpeg
LTMD_U1_W11_NONSTANDARD_ASSET_AUDIT_0.1,H2011P4CI316,2011,4,CONOCE NUESTRA CONSTITICIÓN,nonstandard_html_official_config,H2011P4CI316,32,66,32,https://historico.conaliteg.gob.mx/c/H2011P4CI316/032.jpg,0,served_image,200,image/jpeg,383499,9f30852c286adbaf8b6bee79829b9af94cd58b76debeaf357ad7c624a799c3a3,1,,source_jpeg
LTMD_U1_W11_NONSTANDARD_ASSET_AUDIT_0.1,H2011P4CI316,2011,4,CONOCE NUESTRA CONSTITICIÓN,nonstandard_html_official_config,H2011P4CI316,33,66,33,https://historico.conaliteg.gob.mx/c/H2011P4CI316/033.jpg,0,served_image,200,image/jpeg,379799,b28a4d8a1bfec6223dd7ebd9f55ffbef4ff19db1432c8f954fa7586252746c6d,1,,source_jpeg
LTMD_U1_W11_NONSTANDARD_ASSET_AUDIT_0.1,H2011P4CI316,2011,4,CONOCE NUESTRA CONSTITICIÓN,nonstandard_html_official_config,H2011P4CI316,34,66,34,https://historico.conaliteg.gob.mx/c/H2011P4CI316/034.jpg,0,served_image,200,image/jpeg,364117,dadbd435dd04dd7cc5bea23f8fc07c561d73bf4812779b23d21365432c4df3ba,1,,source_jpeg
LTMD_U1_W11_NONSTANDARD_ASSET_AUDIT_0.1,H2011P4CI316,2011,4,CONOCE NUESTRA CONSTITICIÓN,nonstandard_html_official_config,H2011P4CI316,35,66,35,https://historico.conaliteg.gob.mx/c/H2011P4CI316/035.jpg,0,served_image,200,image/jpeg,354099,4f02ec2197f90767962a6f04318cc888c52e4b06d79c7bd77c19f64eb05b90e6,1,,source_jpeg
LTMD_U1_W11_NONSTANDARD_ASSET_AUDIT_0.1,H2011P4CI316,2011,4,CONOCE NUESTRA CONSTITICIÓN,nonstandard_html_official_config,H2011P4CI316,36,66,36,https://historico.conaliteg.gob.mx/c/H2011P4CI316/036.jpg,0,served_image,200,image/jpeg,401629,e725cb5e099bcd4dea3451ed4a640ce194634a585a5909b7e5e24ac618246451,1,,source_jpeg
LTMD_U1_W11_NONSTANDARD_ASSET_AUDIT_0.1,H2011P4CI316,2011,4,CONOCE NUESTRA CONSTITICIÓN,nonstandard_html_official_config,H2011P4CI316,37,66,37,https://historico.conaliteg.gob.mx/c/H2011P4CI316/037.jpg,0,served_image,200,image/jpeg,438331,b0cee5d0ecf1746c0807d191240ee6d8687b11a7066133106dd480306c0e5636,1,,source_jpeg
LTMD_U1_W11_NONSTANDARD_ASSET_AUDIT_0.1,H2011P4CI316,2011,4,CONOCE NUESTRA CONSTITICIÓN,nonstandard_html_official_config,H2011P4CI316,38,66,38,https://historico.conaliteg.gob.mx/c/H2011P4CI316/038.jpg,0,served_image,200,image/jpeg,406604,4435b5e9a7df1bf61a80a0d445ad9328fe6f72392a37174e8ccdd80e4df65762,1,,source_jpeg
LTMD_U1_W11_NONSTANDARD_ASSET_AUDIT_0.1,H2011P4CI316,2011,4,CONOCE NUESTRA CONSTITICIÓN,nonstandard_html_official_config,H2011P4CI316,39,66,39,https://historico.conaliteg.gob.mx/c/H2011P4CI316/039.jpg,0,served_image,200,image/jpeg,364679,156a55d78332ad888f0a6cbffb9f75ddcd1fa6d23fe143da14e91d422f47cda3,1,,source_jpeg
LTMD_U1_W11_NONSTANDARD_ASSET_AUDIT_0.1,H2011P4CI316,2011,4,CONOCE NUESTRA CONSTITICIÓN,nonstandard_html_official_config,H2011P4CI316,40,66,40,https://historico.conaliteg.gob.mx/c/H2011P4CI316/040.jpg,0,served_image,200,image/jpeg,469632,ca670598ef576af9cdc0cbd402323d88ddf03963ac71d1df994413ec2dbb7cc0,1,,source_jpeg
LTMD_U1_W11_NONSTANDARD_ASSET_AUDIT_0.1,H2011P4CI316,2011,4,CONOCE NUESTRA CONSTITICIÓN,nonstandard_html_official_config,H2011P4CI316,41,66,41,https://historico.conaliteg.gob.mx/c/H2011P4CI316/041.jpg,0,served_image,200,image/jpeg,381318,d3e579007a8e0cec94322bf9a40d99a67d718a1f3dd091fbae4db295af3eaf98,1,,source_jpeg
LTMD_U1_W11_NONSTANDARD_ASSET_AUDIT_0.1,H2011P4CI316,2011,4,CONOCE NUESTRA CONSTITICIÓN,nonstandard_html_official_config,H2011P4CI316,42,66,42,https://historico.conaliteg.gob.mx/c/H2011P4CI316/042.jpg,0,served_image,200,image/jpeg,366368,9648be150c30543f7073ab46ddd1b2b31a31621b40596db48f544b938dca02c2,1,,source_jpeg
LTMD_U1_W11_NONSTANDARD_ASSET_AUDIT_0.1,H2011P4CI316,2011,4,CONOCE NUESTRA CONSTITICIÓN,nonstandard_html_official_config,H2011P4CI316,43,66,43,https://historico.conaliteg.gob.mx/c/H2011P4CI316/043.jpg,0,served_image,200,image/jpeg,359145,2b997cf59fcdcdec43e01c82597e87712d185683c2e405358e1afc6cae179453,1,,source_jpeg
LTMD_U1_W11_NONSTANDARD_ASSET_AUDIT_0.1,H2011P4CI316,2011,4,CONOCE NUESTRA CONSTITICIÓN,nonstandard_html_official_config,H2011P4CI316,44,66,44,https://historico.conaliteg.gob.mx/c/H2011P4CI316/044.jpg,0,served_image,200,image/jpeg,390624,31a83979daebf1bc3ca0cc70c84b924304e6758fadb069e013cd801ea3eaa364,1,,source_jpeg
LTMD_U1_W11_NONSTANDARD_ASSET_AUDIT_0.1,H2011P4CI316,2011,4,CONOCE NUESTRA CONSTITICIÓN,nonstandard_html_official_config,H2011P4CI316,45,66,45,https://historico.conaliteg.gob.mx/c/H2011P4CI316/045.jpg,0,served_image,200,image/jpeg,286159,7de9cf6e1c7bed87dea6764f19dd3c7e9372a0837342e6baa82c744fea98af92,1,,source_jpeg
LTMD_U1_W11_NONSTANDARD_ASSET_AUDIT_0.1,H2011P4CI316,2011,4,CONOCE NUESTRA CONSTITICIÓN,nonstandard_html_official_config,H2011P4CI316,46,66,46,https://historico.conaliteg.gob.mx/c/H2011P4CI316/046.jpg,0,served_image,200,image/jpeg,392133,887487e26a64579bd024a4243e81cc6959d705ff70f579b86a1d909a7457cad1,1,,source_jpeg
LTMD_U1_W11_NONSTANDARD_ASSET_AUDIT_0.1,H2011P4CI316,2011,4,CONOCE NUESTRA CONSTITICIÓN,nonstandard_html_official_config,H2011P4CI316,47,66,47,https://historico.conaliteg.gob.mx/c/H2011P4CI316/047.jpg,0,served_image,200,image/jpeg,410251,9a74001498151bd404eea73b28e4c1f831a890a98a2275b63731b65749a42018,1,,source_jpeg
LTMD_U1_W11_NONSTANDARD_ASSET_AUDIT_0.1,H2011P4CI316,2011,4,CONOCE NUESTRA CONSTITICIÓN,nonstandard_html_official_config,H2011P4CI316,48,66,48,https://historico.conaliteg.gob.mx/c/H2011P4CI316/048.jpg,0,served_image,200,image/jpeg,348653,23adbdd59078fa551a027faf3199749a4ce079f67f1c02bad17fc601e116652c,1,,source_jpeg
LTMD_U1_W11_NONSTANDARD_ASSET_AUDIT_0.1,H2011P4CI316,2011,4,CONOCE NUESTRA CONSTITICIÓN,nonstandard_html_official_config,H2011P4CI316,49,66,49,https://historico.conaliteg.gob.mx/c/H2011P4CI316/049.jpg,0,served_image,200,image/jpeg,381974,267cee44062676f57a4394c75adeaa52326a0cea298f0daeb01826571fc02304,1,,source_jpeg
LTMD_U1_W11_NONSTANDARD_ASSET_AUDIT_0.1,H2011P4CI316,2011,4,CONOCE NUESTRA CONSTITICIÓN,nonstandard_html_official_config,H2011P4CI316,50,66,50,https://historico.conaliteg.gob.mx/c/H2011P4CI316/050.jpg,0,served_image,200,image/jpeg,312478,8a829af32f9cad7331235937cb657435f66f68f173fa519080750833e762d473,1,,source_jpeg
LTMD_U1_W11_NONSTANDARD_ASSET_AUDIT_0.1,H2011P4CI316,2011,4,CONOCE NUESTRA CONSTITICIÓN,nonstandard_html_official_config,H2011P4CI316,51,66,51,https://historico.conaliteg.gob.mx/c/H2011P4CI316/051.jpg,0,served_image,200,image/jpeg,351353,019bd52ae323b08ccd20563b6dfa7d5a81c2ff50928779c66431e2cc0b462f05,1,,source_jpeg
LTMD_U1_W11_NONSTANDARD_ASSET_AUDIT_0.1,H2011P4CI316,2011,4,CONOCE NUESTRA CONSTITICIÓN,nonstandard_html_official_config,H2011P4CI316,52,66,52,https://historico.conaliteg.gob.mx/c/H2011P4CI316/052.jpg,0,served_image,200,image/jpeg,383145,38b4ae55ca787ec496d7cce579c04bb976ec8a68218b67751f160e191f187a9e,1,,source_jpeg
LTMD_U1_W11_NONSTANDARD_ASSET_AUDIT_0.1,H2011P4CI316,2011,4,CONOCE NUESTRA CONSTITICIÓN,nonstandard_html_official_config,H2011P4CI316,53,66,53,https://historico.conaliteg.gob.mx/c/H2011P4CI316/053.jpg,0,served_image,200,image/jpeg,379137,8aa5db64b10a7e4f209bb11e2c01c36b9066f94ec4425f8ceb0178325e13e1e9,1,,source_jpeg
LTMD_U1_W11_NONSTANDARD_ASSET_AUDIT_0.1,H2011P4CI316,2011,4,CONOCE NUESTRA CONSTITICIÓN,nonstandard_html_official_config,H2011P4CI316,54,66,54,https://historico.conaliteg.gob.mx/c/H2011P4CI316/054.jpg,0,served_image,200,image/jpeg,368519,3dcf4a42d197b56c8dddd992d5eab64fc83d4b2ba1c3aee989f6d170bfc8ab3b,1,,source_jpeg
LTMD_U1_W11_NONSTANDARD_ASSET_AUDIT_0.1,H2011P4CI316,2011,4,CONOCE NUESTRA CONSTITICIÓN,nonstandard_html_official_config,H2011P4CI316,55,66,55,https://historico.conaliteg.gob.mx/c/H2011P4CI316/055.jpg,0,served_image,200,image/jpeg,357940,3e6202ce52e6557aeb97e2d1f1764cb05610ffccf51936d6e5c6543acf7b6dba,1,,source_jpeg
LTMD_U1_W11_NONSTANDARD_ASSET_AUDIT_0.1,H2011P4CI316,2011,4,CONOCE NUESTRA CONSTITICIÓN,nonstandard_html_official_config,H2011P4CI316,56,66,56,https://historico.conaliteg.gob.mx/c/H2011P4CI316/056.jpg,0,served_image,200,image/jpeg,375845,825c77d86c10d7551c5061cd9f1992795fb19cbe54e25e864bb354c8d8200794,1,,source_jpeg
LTMD_U1_W11_NONSTANDARD_ASSET_AUDIT_0.1,H2011P4CI316,2011,4,CONOCE NUESTRA CONSTITICIÓN,nonstandard_html_official_config,H2011P4CI316,57,66,57,https://historico.conaliteg.gob.mx/c/H2011P4CI316/057.jpg,0,served_image,200,image/jpeg,358582,5d3c906184673a4ec1aef20783438c148d15c8845f15586a6299ebbde5ac6255,1,,source_jpeg
LTMD_U1_W11_NONSTANDARD_ASSET_AUDIT_0.1,H2011P4CI316,2011,4,CONOCE NUESTRA CONSTITICIÓN,nonstandard_html_official_config,H2011P4CI316,58,66,58,https://historico.conaliteg.gob.mx/c/H2011P4CI316/058.jpg,0,served_image,200,image/jpeg,339649,12dfc9132a4f8dd150656f9acbc8f85f4b865cb729f1a5cb4bc10038805f6a6a,1,,source_jpeg
LTMD_U1_W11_NONSTANDARD_ASSET_AUDIT_0.1,H2011P4CI316,2011,4,CONOCE NUESTRA CONSTITICIÓN,nonstandard_html_official_config,H2011P4CI316,59,66,59,https://historico.conaliteg.gob.mx/c/H2011P4CI316/059.jpg,0,served_image,200,image/jpeg,411926,652c171fa4fb36d044a77c9a706c74be38e21ade3f66fd9fa81962fb26f7e522,1,,source_jpeg
LTMD_U1_W11_NONSTANDARD_ASSET_AUDIT_0.1,H2011P4CI316,2011,4,CONOCE NUESTRA CONSTITICIÓN,nonstandard_html_official_config,H2011P4CI316,60,66,60,https://historico.conaliteg.gob.mx/c/H2011P4CI316/060.jpg,0,served_image,200,image/jpeg,286006,e8c7059223a9c5d2e226d9a49dc8dc868b9c92f360c728b9e570917e70dd5589,1,,source_jpeg
LTMD_U1_W11_NONSTANDARD_ASSET_AUDIT_0.1,H2011P4CI316,2011,4,CONOCE NUESTRA CONSTITICIÓN,nonstandard_html_official_config,H2011P4CI316,61,66,61,https://historico.conaliteg.gob.mx/c/H2011P4CI316/061.jpg,0,served_image,200,image/jpeg,176430,82d6b255226742968fe5af843b6d987869a6b7a45ae98a86cccaf4e33f08664c,1,,source_jpeg
LTMD_U1_W11_NONSTANDARD_ASSET_AUDIT_0.1,H2011P4CI316,2011,4,CONOCE NUESTRA CONSTITICIÓN,nonstandard_html_official_config,H2011P4CI316,62,66,62,https://historico.conaliteg.gob.mx/c/H2011P4CI316/062.jpg,0,served_image,200,image/jpeg,174890,b7a4abf10c6c782cd80aa6664d510914d970b1bd63c2ed6b42470a62ee682ab5,1,,source_jpeg
LTMD_U1_W11_NONSTANDARD_ASSET_AUDIT_0.1,H2011P4CI316,2011,4,CONOCE NUESTRA CONSTITICIÓN,nonstandard_html_official_config,H2011P4CI316,63,66,63,https://historico.conaliteg.gob.mx/c/H2011P4CI316/063.jpg,0,served_image,200,image/jpeg,92163,fcb94287e13dbbf62e48d95d6756e503a39134c7dca578fb680d076c0f0d2c90,1,,source_jpeg
LTMD_U1_W11_NONSTANDARD_ASSET_AUDIT_0.1,H2011P4CI316,2011,4,CONOCE NUESTRA CONSTITICIÓN,nonstandard_html_official_config,H2011P4CI316,64,66,64,https://historico.conaliteg.gob.mx/c/H2011P4CI316/064.jpg,0,served_image,200,image/jpeg,48838,5ced765826515bd1f8714fca163e6ad7a26850f6f44e32782547924608262c87,1,,source_jpeg
LTMD_U1_W11_NONSTANDARD_ASSET_AUDIT_0.1,H2011P4CI316,2011,4,CONOCE NUESTRA CONSTITICIÓN,nonstandard_html_official_config,H2011P4CI316,65,66,65,https://historico.conaliteg.gob.mx/c/H2011P4CI316/065.jpg,0,served_image,200,image/jpeg,486150,f73f83b7e55f07749c6e295dfd59c9d3071b38f81940e0e31b40d10b376ecd4d,1,,source_jpeg
LTMD_U1_W11_NONSTANDARD_ASSET_AUDIT_0.1,H2011P4CI316,2011,4,CONOCE NUESTRA CONSTITICIÓN,nonstandard_html_official_config,H2011P4CI316,66,66,66,https://historico.conaliteg.gob.mx/c/H2011P4CI316/066.jpg,1,http_404,404,text/html; charset=iso-8859-1,,,1,HTTP 404,terminal_synthetic_candidate
LTMD_U1_W11_NONSTANDARD_ASSET_AUDIT_0.1,H2014P1CAM,2014,1,"Material de apoyo a la alfabetización inicial, Tiras recortables y cartel con el alfabeto",nonstandard_html_official_config,H2014P1CAM,1,115,0,https://historico.conaliteg.gob.mx/c/H2014P1CAM/000.jpg,0,served_image,200,image/jpeg,1339785,3ffef39ee5f9b78b8d64812c958e3fc2c3f8fe4990d06d52cf074a556cc2b8aa,1,,source_jpeg
LTMD_U1_W11_NONSTANDARD_ASSET_AUDIT_0.1,H2014P1CAM,2014,1,"Material de apoyo a la alfabetización inicial, Tiras recortables y cartel con el alfabeto",nonstandard_html_official_config,H2014P1CAM,2,115,2,https://historico.conaliteg.gob.mx/c/H2014P1CAM/002.jpg,0,served_image,200,image/jpeg,298942,f8e8171c775b8b1d4b44b891d8bc5557909b7eaa4d9fe271774ec1ac18d7a6b4,1,,source_jpeg
LTMD_U1_W11_NONSTANDARD_ASSET_AUDIT_0.1,H2014P1CAM,2014,1,"Material de apoyo a la alfabetización inicial, Tiras recortables y cartel con el alfabeto",nonstandard_html_official_config,H2014P1CAM,3,115,3,https://historico.conaliteg.gob.mx/c/H2014P1CAM/003.jpg,0,served_image,200,image/jpeg,879032,845fb0b91973c2beb9b8950c477116b2ea55f8223782ed2172c17fee4f629f9e,1,,source_jpeg
LTMD_U1_W11_NONSTANDARD_ASSET_AUDIT_0.1,H2014P1CAM,2014,1,"Material de apoyo a la alfabetización inicial, Tiras recortables y cartel con el alfabeto",nonstandard_html_official_config,H2014P1CAM,4,115,4,https://historico.conaliteg.gob.mx/c/H2014P1CAM/004.jpg,0,served_image,200,image/jpeg,416931,6e06533495645f3630e47ba2abcaaab8d592b6c78f2809941b4e194f6c25eceb,1,,source_jpeg
LTMD_U1_W11_NONSTANDARD_ASSET_AUDIT_0.1,H2014P1CAM,2014,1,"Material de apoyo a la alfabetización inicial, Tiras recortables y cartel con el alfabeto",nonstandard_html_official_config,H2014P1CAM,5,115,5,https://historico.conaliteg.gob.mx/c/H2014P1CAM/005.jpg,0,served_image,200,image/jpeg,746620,ad4f7767662e5b8dc81e58e44b525997c332791380b1c48ac3b96cd71c3c8a4b,1,,source_jpeg
LTMD_U1_W11_NONSTANDARD_ASSET_AUDIT_0.1,H2014P1CAM,2014,1,"Material de apoyo a la alfabetización inicial, Tiras recortables y cartel con el alfabeto",nonstandard_html_official_config,H2014P1CAM,6,115,6,https://historico.conaliteg.gob.mx/c/H2014P1CAM/006.jpg,0,served_image,200,image/jpeg,25878,e4ed4bd12499ee029d3b0649314a75229f4cc8230c96369ffbab6620e102088b,1,,source_jpeg
LTMD_U1_W11_NONSTANDARD_ASSET_AUDIT_0.1,H2014P1CAM,2014,1,"Material de apoyo a la alfabetización inicial, Tiras recortables y cartel con el alfabeto",nonstandard_html_official_config,H2014P1CAM,7,115,7,https://historico.conaliteg.gob.mx/c/H2014P1CAM/007.jpg,0,served_image,200,image/jpeg,272377,e2a720489dc53190e9b2d19ccd4e2771c481acd581572ad9626b1122742488e7,1,,source_jpeg
LTMD_U1_W11_NONSTANDARD_ASSET_AUDIT_0.1,H2014P1CAM,2014,1,"Material de apoyo a la alfabetización inicial, Tiras recortables y cartel con el alfabeto",nonstandard_html_official_config,H2014P1CAM,8,115,8,https://historico.conaliteg.gob.mx/c/H2014P1CAM/008.jpg,0,served_image,200,image/jpeg,25878,f5e4fbadb4d68c3b7998c39ffec641d67104657c4e739cc55a42d25f23b973ea,1,,source_jpeg
LTMD_U1_W11_NONSTANDARD_ASSET_AUDIT_0.1,H2014P1CAM,2014,1,"Material de apoyo a la alfabetización inicial, Tiras recortables y cartel con el alfabeto",nonstandard_html_official_config,H2014P1CAM,9,115,9,https://historico.conaliteg.gob.mx/c/H2014P1CAM/009.jpg,0,served_image,200,image/jpeg,213993,80d4ab4ff7a5e7ddd491fa65546bbdda5c3fd7a7cd65d383f85458338a588ea5,1,,source_jpeg
LTMD_U1_W11_NONSTANDARD_ASSET_AUDIT_0.1,H2014P1CAM,2014,1,"Material de apoyo a la alfabetización inicial, Tiras recortables y cartel con el alfabeto",nonstandard_html_official_config,H2014P1CAM,10,115,10,https://historico.conaliteg.gob.mx/c/H2014P1CAM/010.jpg,0,served_image,200,image/jpeg,25880,24a29863119ee59c5c4199fcea2b19ddd4dea3f3a4a42ea2c3a7adb439cfed41,1,,source_jpeg
LTMD_U1_W11_NONSTANDARD_ASSET_AUDIT_0.1,H2014P1CAM,2014,1,"Material de apoyo a la alfabetización inicial, Tiras recortables y cartel con el alfabeto",nonstandard_html_official_config,H2014P1CAM,11,115,11,https://historico.conaliteg.gob.mx/c/H2014P1CAM/011.jpg,0,served_image,200,image/jpeg,453846,d93b16703c0fbfd2f5c728455358ec815915e2d4f1b7222eb156806d16547aff,1,,source_jpeg
LTMD_U1_W11_NONSTANDARD_ASSET_AUDIT_0.1,H2014P1CAM,2014,1,"Material de apoyo a la alfabetización inicial, Tiras recortables y cartel con el alfabeto",nonstandard_html_official_config,H2014P1CAM,12,115,12,https://historico.conaliteg.gob.mx/c/H2014P1CAM/012.jpg,0,served_image,200,image/jpeg,25880,7b3f44dddce4669e433be22bf165c988a462445db70e90c0f99a8f68ba78f220,1,,source_jpeg
LTMD_U1_W11_NONSTANDARD_ASSET_AUDIT_0.1,H2014P1CAM,2014,1,"Material de apoyo a la alfabetización inicial, Tiras recortables y cartel con el alfabeto",nonstandard_html_official_config,H2014P1CAM,13,115,13,https://historico.conaliteg.gob.mx/c/H2014P1CAM/013.jpg,0,served_image,200,image/jpeg,408367,57b3c6500a9aee3d65cff45c151197a736c9d8c73a597d2d5133737b19921c64,1,,source_jpeg
LTMD_U1_W11_NONSTANDARD_ASSET_AUDIT_0.1,H2014P1CAM,2014,1,"Material de apoyo a la alfabetización inicial, Tiras recortables y cartel con el alfabeto",nonstandard_html_official_config,H2014P1CAM,14,115,14,https://historico.conaliteg.gob.mx/c/H2014P1CAM/014.jpg,0,served_image,200,image/jpeg,25880,e328cf08f94c9ad93de68f1b2e456b887ea639380a96b79f57fb95debba8d8ce,1,,source_jpeg
LTMD_U1_W11_NONSTANDARD_ASSET_AUDIT_0.1,H2014P1CAM,2014,1,"Material de apoyo a la alfabetización inicial, Tiras recortables y cartel con el alfabeto",nonstandard_html_official_config,H2014P1CAM,15,115,15,https://historico.conaliteg.gob.mx/c/H2014P1CAM/015.jpg,0,served_image,200,image/jpeg,362283,a2f86cd7008fc678ec993d03b0d81695695afd94de7af375312c88fc3881c6f3,1,,source_jpeg
LTMD_U1_W11_NONSTANDARD_ASSET_AUDIT_0.1,H2014P1CAM,2014,1,"Material de apoyo a la alfabetización inicial, Tiras recortables y cartel con el alfabeto",nonstandard_html_official_config,H2014P1CAM,16,115,16,https://historico.conaliteg.gob.mx/c/H2014P1CAM/016.jpg,0,served_image,200,image/jpeg,25880,c002c8e43d16d42de5fcf5b4aadb3eab07ecbbd05f16b26097eae96d220dd7da,1,,source_jpeg
LTMD_U1_W11_NONSTANDARD_ASSET_AUDIT_0.1,H2014P1CAM,2014,1,"Material de apoyo a la alfabetización inicial, Tiras recortables y cartel con el alfabeto",nonstandard_html_official_config,H2014P1CAM,17,115,17,https://historico.conaliteg.gob.mx/c/H2014P1CAM/017.jpg,0,served_image,200,image/jpeg,423446,6b936afa9dc76c89ea7a934951b6a794da4caf213aea8e78a84c7bc0c4fb0be9,1,,source_jpeg
LTMD_U1_W11_NONSTANDARD_ASSET_AUDIT_0.1,H2014P1CAM,2014,1,"Material de apoyo a la alfabetización inicial, Tiras recortables y cartel con el alfabeto",nonstandard_html_official_config,H2014P1CAM,18,115,18,https://historico.conaliteg.gob.mx/c/H2014P1CAM/018.jpg,0,served_image,200,image/jpeg,25880,92efb413a469434f3b320ff298867117106771ca812c0bb6b87780c71df2f92b,1,,source_jpeg
LTMD_U1_W11_NONSTANDARD_ASSET_AUDIT_0.1,H2014P1CAM,2014,1,"Material de apoyo a la alfabetización inicial, Tiras recortables y cartel con el alfabeto",nonstandard_html_official_config,H2014P1CAM,19,115,19,https://historico.conaliteg.gob.mx/c/H2014P1CAM/019.jpg,0,served_image,200,image/jpeg,352675,926d26b3843df75b9af1b60722ae314ab9939b0f0acf04f63c54cd093af4fb32,1,,source_jpeg
LTMD_U1_W11_NONSTANDARD_ASSET_AUDIT_0.1,H2014P1CAM,2014,1,"Material de apoyo a la alfabetización inicial, Tiras recortables y cartel con el alfabeto",nonstandard_html_official_config,H2014P1CAM,20,115,20,https://historico.conaliteg.gob.mx/c/H2014P1CAM/020.jpg,0,served_image,200,image/jpeg,25880,9ebf8cc9e74db3fe5ad07e775a405544c19015d038848aa708f97064f4cf6d55,1,,source_jpeg
LTMD_U1_W11_NONSTANDARD_ASSET_AUDIT_0.1,H2014P1CAM,2014,1,"Material de apoyo a la alfabetización inicial, Tiras recortables y cartel con el alfabeto",nonstandard_html_official_config,H2014P1CAM,21,115,21,https://historico.conaliteg.gob.mx/c/H2014P1CAM/021.jpg,0,served_image,200,image/jpeg,215984,6a6e7bdb9088437008e408f0e89520ab41416517b1d9d89fd456dc1f589731e1,1,,source_jpeg
LTMD_U1_W11_NONSTANDARD_ASSET_AUDIT_0.1,H2014P1CAM,2014,1,"Material de apoyo a la alfabetización inicial, Tiras recortables y cartel con el alfabeto",nonstandard_html_official_config,H2014P1CAM,22,115,22,https://historico.conaliteg.gob.mx/c/H2014P1CAM/022.jpg,0,served_image,200,image/jpeg,25880,b62473282e23933253b70a376cf81465d716a9afbd889d2a76cecfdf1ac6f6a4,1,,source_jpeg
LTMD_U1_W11_NONSTANDARD_ASSET_AUDIT_0.1,H2014P1CAM,2014,1,"Material de apoyo a la alfabetización inicial, Tiras recortables y cartel con el alfabeto",nonstandard_html_official_config,H2014P1CAM,23,115,23,https://historico.conaliteg.gob.mx/c/H2014P1CAM/023.jpg,0,served_image,200,image/jpeg,226299,b2f6a00c387623dc82bcbb01e7eed14febd766eb196d4087e468dbfc72a826b9,1,,source_jpeg
LTMD_U1_W11_NONSTANDARD_ASSET_AUDIT_0.1,H2014P1CAM,2014,1,"Material de apoyo a la alfabetización inicial, Tiras recortables y cartel con el alfabeto",nonstandard_html_official_config,H2014P1CAM,24,115,24,https://historico.conaliteg.gob.mx/c/H2014P1CAM/024.jpg,0,served_image,200,image/jpeg,25880,c628fcb8e961a07f996b3849879aa94fd4fe2c7d506dbc6444387134949deebc,1,,source_jpeg
LTMD_U1_W11_NONSTANDARD_ASSET_AUDIT_0.1,H2014P1CAM,2014,1,"Material de apoyo a la alfabetización inicial, Tiras recortables y cartel con el alfabeto",nonstandard_html_official_config,H2014P1CAM,25,115,25,https://historico.conaliteg.gob.mx/c/H2014P1CAM/025.jpg,0,served_image,200,image/jpeg,227164,dbca1c9ab1c91b9422c0aabfb63651f509c89309145f74abf0a4947b03e0c791,1,,source_jpeg
LTMD_U1_W11_NONSTANDARD_ASSET_AUDIT_0.1,H2014P1CAM,2014,1,"Material de apoyo a la alfabetización inicial, Tiras recortables y cartel con el alfabeto",nonstandard_html_official_config,H2014P1CAM,26,115,26,https://historico.conaliteg.gob.mx/c/H2014P1CAM/026.jpg,0,served_image,200,image/jpeg,25880,f82b832abcba863ddc7cea8fd26e5e696b21bb4f81143e0f949f527ca5db8040,1,,source_jpeg
LTMD_U1_W11_NONSTANDARD_ASSET_AUDIT_0.1,H2014P1CAM,2014,1,"Material de apoyo a la alfabetización inicial, Tiras recortables y cartel con el alfabeto",nonstandard_html_official_config,H2014P1CAM,27,115,27,https://historico.conaliteg.gob.mx/c/H2014P1CAM/027.jpg,0,served_image,200,image/jpeg,228652,7ef32ed545b58eb1ac01437bfe75940fdf55330ad7f85f8bbc444da3383fc8d4,1,,source_jpeg
LTMD_U1_W11_NONSTANDARD_ASSET_AUDIT_0.1,H2014P1CAM,2014,1,"Material de apoyo a la alfabetización inicial, Tiras recortables y cartel con el alfabeto",nonstandard_html_official_config,H2014P1CAM,28,115,28,https://historico.conaliteg.gob.mx/c/H2014P1CAM/028.jpg,0,served_image,200,image/jpeg,25880,185dc56114d51cd068d850970d062f6735510b994bd9ad80cc78a5d9bfc808e1,1,,source_jpeg
LTMD_U1_W11_NONSTANDARD_ASSET_AUDIT_0.1,H2014P1CAM,2014,1,"Material de apoyo a la alfabetización inicial, Tiras recortables y cartel con el alfabeto",nonstandard_html_official_config,H2014P1CAM,29,115,29,https://historico.conaliteg.gob.mx/c/H2014P1CAM/029.jpg,0,served_image,200,image/jpeg,306143,ddf6d217117c37f4041a357a94bced72d3d1d02aec1b6f5c8719702fcdc535e3,1,,source_jpeg
LTMD_U1_W11_NONSTANDARD_ASSET_AUDIT_0.1,H2014P1CAM,2014,1,"Material de apoyo a la alfabetización inicial, Tiras recortables y cartel con el alfabeto",nonstandard_html_official_config,H2014P1CAM,30,115,30,https://historico.conaliteg.gob.mx/c/H2014P1CAM/030.jpg,0,served_image,200,image/jpeg,25880,246fe556fa1a02f16a59ac1666d916ee82596e0e9c945214b79331e70d928687,1,,source_jpeg
LTMD_U1_W11_NONSTANDARD_ASSET_AUDIT_0.1,H2014P1CAM,2014,1,"Material de apoyo a la alfabetización inicial, Tiras recortables y cartel con el alfabeto",nonstandard_html_official_config,H2014P1CAM,31,115,31,https://historico.conaliteg.gob.mx/c/H2014P1CAM/031.jpg,0,served_image,200,image/jpeg,400442,b66f70dea5352b842abf26591953cbf1e79b4c23bb34e9a1b1ade35106e56935,1,,source_jpeg
LTMD_U1_W11_NONSTANDARD_ASSET_AUDIT_0.1,H2014P1CAM,2014,1,"Material de apoyo a la alfabetización inicial, Tiras recortables y cartel con el alfabeto",nonstandard_html_official_config,H2014P1CAM,32,115,32,https://historico.conaliteg.gob.mx/c/H2014P1CAM/032.jpg,0,served_image,200,image/jpeg,25880,4d12c35ab41b465c14f03a4b160c9e08bf0f43da75d3d11c84f03efca2dc5ec8,1,,source_jpeg
LTMD_U1_W11_NONSTANDARD_ASSET_AUDIT_0.1,H2014P1CAM,2014,1,"Material de apoyo a la alfabetización inicial, Tiras recortables y cartel con el alfabeto",nonstandard_html_official_config,H2014P1CAM,33,115,33,https://historico.conaliteg.gob.mx/c/H2014P1CAM/033.jpg,0,served_image,200,image/jpeg,451031,60d9e6589a303c5860071261324c6b13ccada6846eb0d1bc0d154089c665b22a,1,,source_jpeg
LTMD_U1_W11_NONSTANDARD_ASSET_AUDIT_0.1,H2014P1CAM,2014,1,"Material de apoyo a la alfabetización inicial, Tiras recortables y cartel con el alfabeto",nonstandard_html_official_config,H2014P1CAM,34,115,34,https://historico.conaliteg.gob.mx/c/H2014P1CAM/034.jpg,0,served_image,200,image/jpeg,25880,6f7a259161e8a6cd6da2b30bfb2e65cfaa8b65efc3b979d55aca8cc59b236915,1,,source_jpeg
LTMD_U1_W11_NONSTANDARD_ASSET_AUDIT_0.1,H2014P1CAM,2014,1,"Material de apoyo a la alfabetización inicial, Tiras recortables y cartel con el alfabeto",nonstandard_html_official_config,H2014P1CAM,35,115,35,https://historico.conaliteg.gob.mx/c/H2014P1CAM/035.jpg,0,served_image,200,image/jpeg,444628,5d7c95d65371d8a5435428e83cf53a0dd54099ba8ad0e778a5eea8fd13dc908e,1,,source_jpeg
LTMD_U1_W11_NONSTANDARD_ASSET_AUDIT_0.1,H2014P1CAM,2014,1,"Material de apoyo a la alfabetización inicial, Tiras recortables y cartel con el alfabeto",nonstandard_html_official_config,H2014P1CAM,36,115,36,https://historico.conaliteg.gob.mx/c/H2014P1CAM/036.jpg,0,served_image,200,image/jpeg,25880,4fdbb2ba0f5d1383d9799dd62ea9f4cb105a436c2c5a8623a38df268d23791d7,1,,source_jpeg
LTMD_U1_W11_NONSTANDARD_ASSET_AUDIT_0.1,H2014P1CAM,2014,1,"Material de apoyo a la alfabetización inicial, Tiras recortables y cartel con el alfabeto",nonstandard_html_official_config,H2014P1CAM,37,115,37,https://historico.conaliteg.gob.mx/c/H2014P1CAM/037.jpg,0,served_image,200,image/jpeg,440305,5a9f30aabd0ac6b9d2cd5a459a5e235d8a19312b14b3fe19b7596ac46cb499df,1,,source_jpeg
LTMD_U1_W11_NONSTANDARD_ASSET_AUDIT_0.1,H2014P1CAM,2014,1,"Material de apoyo a la alfabetización inicial, Tiras recortables y cartel con el alfabeto",nonstandard_html_official_config,H2014P1CAM,38,115,38,https://historico.conaliteg.gob.mx/c/H2014P1CAM/038.jpg,0,served_image,200,image/jpeg,25880,f06c24f7ce583da076c5ca35f6b68894ea92e640ff008cdcabd5b242e4e3983f,1,,source_jpeg
LTMD_U1_W11_NONSTANDARD_ASSET_AUDIT_0.1,H2014P1CAM,2014,1,"Material de apoyo a la alfabetización inicial, Tiras recortables y cartel con el alfabeto",nonstandard_html_official_config,H2014P1CAM,39,115,39,https://historico.conaliteg.gob.mx/c/H2014P1CAM/039.jpg,0,served_image,200,image/jpeg,415678,01974d1c0226d071688ead0093534b0537aac7837d6a738f94be90f58d706d95,1,,source_jpeg
LTMD_U1_W11_NONSTANDARD_ASSET_AUDIT_0.1,H2014P1CAM,2014,1,"Material de apoyo a la alfabetización inicial, Tiras recortables y cartel con el alfabeto",nonstandard_html_official_config,H2014P1CAM,40,115,40,https://historico.conaliteg.gob.mx/c/H2014P1CAM/040.jpg,0,served_image,200,image/jpeg,25880,04c582007a728e92698a0088b7af7ece4f320199f746a51fb1a0e21bb7f2b523,1,,source_jpeg
LTMD_U1_W11_NONSTANDARD_ASSET_AUDIT_0.1,H2014P1CAM,2014,1,"Material de apoyo a la alfabetización inicial, Tiras recortables y cartel con el alfabeto",nonstandard_html_official_config,H2014P1CAM,41,115,41,https://historico.conaliteg.gob.mx/c/H2014P1CAM/041.jpg,0,served_image,200,image/jpeg,413375,6622120e7c1f50eb2f4ed1df5d17d8fa9005d1ed874b8b153a34a1549977c570,1,,source_jpeg
LTMD_U1_W11_NONSTANDARD_ASSET_AUDIT_0.1,H2014P1CAM,2014,1,"Material de apoyo a la alfabetización inicial, Tiras recortables y cartel con el alfabeto",nonstandard_html_official_config,H2014P1CAM,42,115,42,https://historico.conaliteg.gob.mx/c/H2014P1CAM/042.jpg,0,served_image,200,image/jpeg,25880,6747977a2f060d6e95761afb69d94d714172167624638d84b79ce1bc646993c9,1,,source_jpeg
LTMD_U1_W11_NONSTANDARD_ASSET_AUDIT_0.1,H2014P1CAM,2014,1,"Material de apoyo a la alfabetización inicial, Tiras recortables y cartel con el alfabeto",nonstandard_html_official_config,H2014P1CAM,43,115,43,https://historico.conaliteg.gob.mx/c/H2014P1CAM/043.jpg,0,served_image,200,image/jpeg,425479,37c93afb2388fdad4393c29586570ce177e48b6bd125055c8f07036642302c0e,1,,source_jpeg
LTMD_U1_W11_NONSTANDARD_ASSET_AUDIT_0.1,H2014P1CAM,2014,1,"Material de apoyo a la alfabetización inicial, Tiras recortables y cartel con el alfabeto",nonstandard_html_official_config,H2014P1CAM,44,115,44,https://historico.conaliteg.gob.mx/c/H2014P1CAM/044.jpg,0,served_image,200,image/jpeg,25880,a567bb58795f5a9266f5e11d8e655920d872130795f802e7af97cb707f3e22f7,1,,source_jpeg
LTMD_U1_W11_NONSTANDARD_ASSET_AUDIT_0.1,H2014P1CAM,2014,1,"Material de apoyo a la alfabetización inicial, Tiras recortables y cartel con el alfabeto",nonstandard_html_official_config,H2014P1CAM,45,115,45,https://historico.conaliteg.gob.mx/c/H2014P1CAM/045.jpg,0,served_image,200,image/jpeg,387600,b9e2b5bb5026e1c3ffd4cf6b0ffb0d014f3c40a81a29effc5679f43adddd7a83,1,,source_jpeg
LTMD_U1_W11_NONSTANDARD_ASSET_AUDIT_0.1,H2014P1CAM,2014,1,"Material de apoyo a la alfabetización inicial, Tiras recortables y cartel con el alfabeto",nonstandard_html_official_config,H2014P1CAM,46,115,46,https://historico.conaliteg.gob.mx/c/H2014P1CAM/046.jpg,0,served_image,200,image/jpeg,25880,f6ae9a6a7d70fd997c4be540f8be82eb8b8bbb9ae94989ec93aa5074bdc8c83b,1,,source_jpeg
LTMD_U1_W11_NONSTANDARD_ASSET_AUDIT_0.1,H2014P1CAM,2014,1,"Material de apoyo a la alfabetización inicial, Tiras recortables y cartel con el alfabeto",nonstandard_html_official_config,H2014P1CAM,47,115,47,https://historico.conaliteg.gob.mx/c/H2014P1CAM/047.jpg,0,served_image,200,image/jpeg,352466,d10ee38f10b4fdf373959c8bfc585ba106b4acd465fb2d5606ddf46e138a7552,1,,source_jpeg
LTMD_U1_W11_NONSTANDARD_ASSET_AUDIT_0.1,H2014P1CAM,2014,1,"Material de apoyo a la alfabetización inicial, Tiras recortables y cartel con el alfabeto",nonstandard_html_official_config,H2014P1CAM,48,115,48,https://historico.conaliteg.gob.mx/c/H2014P1CAM/048.jpg,0,served_image,200,image/jpeg,25880,70f7fccdd52f18ecd7f39add64b4cf70acd18cfbb1f312aafc88b723eeb72ce1,1,,source_jpeg
LTMD_U1_W11_NONSTANDARD_ASSET_AUDIT_0.1,H2014P1CAM,2014,1,"Material de apoyo a la alfabetización inicial, Tiras recortables y cartel con el alfabeto",nonstandard_html_official_config,H2014P1CAM,49,115,49,https://historico.conaliteg.gob.mx/c/H2014P1CAM/049.jpg,0,served_image,200,image/jpeg,419811,3344f1981f34eae035d4d4103c7e888e00594c8eeaf6f0220c3cb560193a4c7d,1,,source_jpeg
LTMD_U1_W11_NONSTANDARD_ASSET_AUDIT_0.1,H2014P1CAM,2014,1,"Material de apoyo a la alfabetización inicial, Tiras recortables y cartel con el alfabeto",nonstandard_html_official_config,H2014P1CAM,50,115,50,https://historico.conaliteg.gob.mx/c/H2014P1CAM/050.jpg,0,served_image,200,image/jpeg,25880,368c69632933011a59b7a378b32a8f42617fabb610f978cf00f37f48de6285b5,1,,source_jpeg
LTMD_U1_W11_NONSTANDARD_ASSET_AUDIT_0.1,H2014P1CAM,2014,1,"Material de apoyo a la alfabetización inicial, Tiras recortables y cartel con el alfabeto",nonstandard_html_official_config,H2014P1CAM,51,115,51,https://historico.conaliteg.gob.mx/c/H2014P1CAM/051.jpg,0,served_image,200,image/jpeg,390147,a918a328680a3fa35095fcf91fd6b68d8b37180238bf77a881877ef8436d430d,1,,source_jpeg
LTMD_U1_W11_NONSTANDARD_ASSET_AUDIT_0.1,H2014P1CAM,2014,1,"Material de apoyo a la alfabetización inicial, Tiras recortables y cartel con el alfabeto",nonstandard_html_official_config,H2014P1CAM,52,115,52,https://historico.conaliteg.gob.mx/c/H2014P1CAM/052.jpg,0,served_image,200,image/jpeg,25880,9c6ccfa1f75b43c9dc2cc015417ee7f0b1453bd83794e16848590f7123a33bce,1,,source_jpeg
LTMD_U1_W11_NONSTANDARD_ASSET_AUDIT_0.1,H2014P1CAM,2014,1,"Material de apoyo a la alfabetización inicial, Tiras recortables y cartel con el alfabeto",nonstandard_html_official_config,H2014P1CAM,53,115,53,https://historico.conaliteg.gob.mx/c/H2014P1CAM/053.jpg,0,served_image,200,image/jpeg,315513,1560719abe97c004c904d3ff1df6c907245250172f02ec76d390c747974843af,1,,source_jpeg
LTMD_U1_W11_NONSTANDARD_ASSET_AUDIT_0.1,H2014P1CAM,2014,1,"Material de apoyo a la alfabetización inicial, Tiras recortables y cartel con el alfabeto",nonstandard_html_official_config,H2014P1CAM,54,115,54,https://historico.conaliteg.gob.mx/c/H2014P1CAM/054.jpg,0,served_image,200,image/jpeg,25880,62d3279d315a4585db12363ba083d2edd9a7d8f31a96a89121c26a2e481fa7b3,1,,source_jpeg
LTMD_U1_W11_NONSTANDARD_ASSET_AUDIT_0.1,H2014P1CAM,2014,1,"Material de apoyo a la alfabetización inicial, Tiras recortables y cartel con el alfabeto",nonstandard_html_official_config,H2014P1CAM,55,115,55,https://historico.conaliteg.gob.mx/c/H2014P1CAM/055.jpg,0,served_image,200,image/jpeg,344360,52622e888eb231881c780f158f8bf892c0985b51d3e8d7074ce672a583c981c1,1,,source_jpeg
LTMD_U1_W11_NONSTANDARD_ASSET_AUDIT_0.1,H2014P1CAM,2014,1,"Material de apoyo a la alfabetización inicial, Tiras recortables y cartel con el alfabeto",nonstandard_html_official_config,H2014P1CAM,56,115,56,https://historico.conaliteg.gob.mx/c/H2014P1CAM/056.jpg,0,served_image,200,image/jpeg,25880,e055bcbcd50bb3fc5b2be6609b371b4076cc5975db27bc699a69803d37738518,1,,source_jpeg
LTMD_U1_W11_NONSTANDARD_ASSET_AUDIT_0.1,H2014P1CAM,2014,1,"Material de apoyo a la alfabetización inicial, Tiras recortables y cartel con el alfabeto",nonstandard_html_official_config,H2014P1CAM,57,115,57,https://historico.conaliteg.gob.mx/c/H2014P1CAM/057.jpg,0,served_image,200,image/jpeg,379341,29b60ddef956e9ced88827f3d447aea105c5753cc8c49f8e21078f36fe2c6724,1,,source_jpeg
LTMD_U1_W11_NONSTANDARD_ASSET_AUDIT_0.1,H2014P1CAM,2014,1,"Material de apoyo a la alfabetización inicial, Tiras recortables y cartel con el alfabeto",nonstandard_html_official_config,H2014P1CAM,58,115,58,https://historico.conaliteg.gob.mx/c/H2014P1CAM/058.jpg,0,served_image,200,image/jpeg,25880,8061222b1a194e6f51c483579e657c6da07bd00e3afdd5f6fde488ae308993d7,1,,source_jpeg
LTMD_U1_W11_NONSTANDARD_ASSET_AUDIT_0.1,H2014P1CAM,2014,1,"Material de apoyo a la alfabetización inicial, Tiras recortables y cartel con el alfabeto",nonstandard_html_official_config,H2014P1CAM,59,115,59,https://historico.conaliteg.gob.mx/c/H2014P1CAM/059.jpg,0,served_image,200,image/jpeg,385042,d53248c4f7328726e9025466c3497cf1a1c09fb99dd3b7958b58e726b756dd08,1,,source_jpeg
LTMD_U1_W11_NONSTANDARD_ASSET_AUDIT_0.1,H2014P1CAM,2014,1,"Material de apoyo a la alfabetización inicial, Tiras recortables y cartel con el alfabeto",nonstandard_html_official_config,H2014P1CAM,60,115,60,https://historico.conaliteg.gob.mx/c/H2014P1CAM/060.jpg,0,served_image,200,image/jpeg,25942,ee706b322ab44b1795f489c3d183696a90e3652956dc36819016bd1e7f12fdbf,1,,source_jpeg
LTMD_U1_W11_NONSTANDARD_ASSET_AUDIT_0.1,H2014P1CAM,2014,1,"Material de apoyo a la alfabetización inicial, Tiras recortables y cartel con el alfabeto",nonstandard_html_official_config,H2014P1CAM,61,115,61,https://historico.conaliteg.gob.mx/c/H2014P1CAM/061.jpg,0,served_image,200,image/jpeg,375277,e61519a0fd5d4e70e87f0b211ffed3ad77624a9bf1fa0a12351699492ca6368e,1,,source_jpeg
LTMD_U1_W11_NONSTANDARD_ASSET_AUDIT_0.1,H2014P1CAM,2014,1,"Material de apoyo a la alfabetización inicial, Tiras recortables y cartel con el alfabeto",nonstandard_html_official_config,H2014P1CAM,62,115,62,https://historico.conaliteg.gob.mx/c/H2014P1CAM/062.jpg,0,served_image,200,image/jpeg,25942,f85cb96923557657cd6e341e4345110c616484de1eade21b5e47ae56f3c9dbe3,1,,source_jpeg
LTMD_U1_W11_NONSTANDARD_ASSET_AUDIT_0.1,H2014P1CAM,2014,1,"Material de apoyo a la alfabetización inicial, Tiras recortables y cartel con el alfabeto",nonstandard_html_official_config,H2014P1CAM,63,115,63,https://historico.conaliteg.gob.mx/c/H2014P1CAM/063.jpg,0,served_image,200,image/jpeg,361786,af07671920685ebc6613a72ab89daba3de579b2c50b57e538b1d24452d9cf57d,1,,source_jpeg
LTMD_U1_W11_NONSTANDARD_ASSET_AUDIT_0.1,H2014P1CAM,2014,1,"Material de apoyo a la alfabetización inicial, Tiras recortables y cartel con el alfabeto",nonstandard_html_official_config,H2014P1CAM,64,115,64,https://historico.conaliteg.gob.mx/c/H2014P1CAM/064.jpg,0,served_image,200,image/jpeg,25942,c0f699a3e1c0e6e52ac2805205e8ee47b2ed4671ce249d88df7d746c155949c5,1,,source_jpeg
LTMD_U1_W11_NONSTANDARD_ASSET_AUDIT_0.1,H2014P1CAM,2014,1,"Material de apoyo a la alfabetización inicial, Tiras recortables y cartel con el alfabeto",nonstandard_html_official_config,H2014P1CAM,65,115,65,https://historico.conaliteg.gob.mx/c/H2014P1CAM/065.jpg,0,served_image,200,image/jpeg,412339,683068d3a31b04e5b41c7c4f9b07019cd4d0bc7ef124e6f2067cf6113b5e910e,1,,source_jpeg
LTMD_U1_W11_NONSTANDARD_ASSET_AUDIT_0.1,H2014P1CAM,2014,1,"Material de apoyo a la alfabetización inicial, Tiras recortables y cartel con el alfabeto",nonstandard_html_official_config,H2014P1CAM,66,115,66,https://historico.conaliteg.gob.mx/c/H2014P1CAM/066.jpg,0,served_image,200,image/jpeg,25942,406606866c4f09e32d29d907d5836f3f51c05dda43951b1b60d0cbadfca624b0,1,,source_jpeg
LTMD_U1_W11_NONSTANDARD_ASSET_AUDIT_0.1,H2014P1CAM,2014,1,"Material de apoyo a la alfabetización inicial, Tiras recortables y cartel con el alfabeto",nonstandard_html_official_config,H2014P1CAM,67,115,67,https://historico.conaliteg.gob.mx/c/H2014P1CAM/067.jpg,0,served_image,200,image/jpeg,425120,0682a12e4a4dad8a54d1b44122075156024fc6a500a80ba7fe1f72f794447662,1,,source_jpeg
LTMD_U1_W11_NONSTANDARD_ASSET_AUDIT_0.1,H2014P1CAM,2014,1,"Material de apoyo a la alfabetización inicial, Tiras recortables y cartel con el alfabeto",nonstandard_html_official_config,H2014P1CAM,68,115,68,https://historico.conaliteg.gob.mx/c/H2014P1CAM/068.jpg,0,served_image,200,image/jpeg,25942,15c5e2868c73e0d273d5edfd56a5dba1957930f1ddb206d367bf129e89012587,1,,source_jpeg
LTMD_U1_W11_NONSTANDARD_ASSET_AUDIT_0.1,H2014P1CAM,2014,1,"Material de apoyo a la alfabetización inicial, Tiras recortables y cartel con el alfabeto",nonstandard_html_official_config,H2014P1CAM,69,115,69,https://historico.conaliteg.gob.mx/c/H2014P1CAM/069.jpg,0,served_image,200,image/jpeg,413259,55896d6cde26736ac1663cebb8d9ddc69616383eebfa46e2e33b6e2d3f240d76,1,,source_jpeg
LTMD_U1_W11_NONSTANDARD_ASSET_AUDIT_0.1,H2014P1CAM,2014,1,"Material de apoyo a la alfabetización inicial, Tiras recortables y cartel con el alfabeto",nonstandard_html_official_config,H2014P1CAM,70,115,70,https://historico.conaliteg.gob.mx/c/H2014P1CAM/070.jpg,0,served_image,200,image/jpeg,25942,610ec081715f02c33549d0b24882a6311cc4e4eaf063387f1086b2405f1e155b,1,,source_jpeg
LTMD_U1_W11_NONSTANDARD_ASSET_AUDIT_0.1,H2014P1CAM,2014,1,"Material de apoyo a la alfabetización inicial, Tiras recortables y cartel con el alfabeto",nonstandard_html_official_config,H2014P1CAM,71,115,71,https://historico.conaliteg.gob.mx/c/H2014P1CAM/071.jpg,0,served_image,200,image/jpeg,400718,70fcbc22f780f7c25388ce2d51df546cf75b04ee0916b5ccf6638b47b6702956,1,,source_jpeg
LTMD_U1_W11_NONSTANDARD_ASSET_AUDIT_0.1,H2014P1CAM,2014,1,"Material de apoyo a la alfabetización inicial, Tiras recortables y cartel con el alfabeto",nonstandard_html_official_config,H2014P1CAM,72,115,72,https://historico.conaliteg.gob.mx/c/H2014P1CAM/072.jpg,0,served_image,200,image/jpeg,25942,2ffe8cf0e67ab89b79e34415bd0c7521e60e1e64c769901c296aedd1217149d9,1,,source_jpeg
LTMD_U1_W11_NONSTANDARD_ASSET_AUDIT_0.1,H2014P1CAM,2014,1,"Material de apoyo a la alfabetización inicial, Tiras recortables y cartel con el alfabeto",nonstandard_html_official_config,H2014P1CAM,73,115,73,https://historico.conaliteg.gob.mx/c/H2014P1CAM/073.jpg,0,served_image,200,image/jpeg,408501,64732775f1aa6f8859f1dd9a22b2bc03f995ba887489c3dc813238083431717e,1,,source_jpeg
LTMD_U1_W11_NONSTANDARD_ASSET_AUDIT_0.1,H2014P1CAM,2014,1,"Material de apoyo a la alfabetización inicial, Tiras recortables y cartel con el alfabeto",nonstandard_html_official_config,H2014P1CAM,74,115,74,https://historico.conaliteg.gob.mx/c/H2014P1CAM/074.jpg,0,served_image,200,image/jpeg,25942,bd32cf59f4fdc0e3db56d6f1ee8b40075856df706046b6f8c9eab922de6fc2dd,1,,source_jpeg
LTMD_U1_W11_NONSTANDARD_ASSET_AUDIT_0.1,H2014P1CAM,2014,1,"Material de apoyo a la alfabetización inicial, Tiras recortables y cartel con el alfabeto",nonstandard_html_official_config,H2014P1CAM,75,115,75,https://historico.conaliteg.gob.mx/c/H2014P1CAM/075.jpg,0,served_image,200,image/jpeg,400846,c127b1b075d6627fc3f9447bd93da13a41ed6500c029914ea25eafbc62eb8c81,1,,source_jpeg
LTMD_U1_W11_NONSTANDARD_ASSET_AUDIT_0.1,H2014P1CAM,2014,1,"Material de apoyo a la alfabetización inicial, Tiras recortables y cartel con el alfabeto",nonstandard_html_official_config,H2014P1CAM,76,115,76,https://historico.conaliteg.gob.mx/c/H2014P1CAM/076.jpg,0,served_image,200,image/jpeg,25942,4122dfea3410b8bc62f51283734dc3a64607b614790ecdb58eb2ba5da19be207,1,,source_jpeg
LTMD_U1_W11_NONSTANDARD_ASSET_AUDIT_0.1,H2014P1CAM,2014,1,"Material de apoyo a la alfabetización inicial, Tiras recortables y cartel con el alfabeto",nonstandard_html_official_config,H2014P1CAM,77,115,77,https://historico.conaliteg.gob.mx/c/H2014P1CAM/077.jpg,0,served_image,200,image/jpeg,349095,1187e4625c4830059af5230db3849ff0af18553a61aa3293f0052d8533708663,1,,source_jpeg
LTMD_U1_W11_NONSTANDARD_ASSET_AUDIT_0.1,H2014P1CAM,2014,1,"Material de apoyo a la alfabetización inicial, Tiras recortables y cartel con el alfabeto",nonstandard_html_official_config,H2014P1CAM,78,115,78,https://historico.conaliteg.gob.mx/c/H2014P1CAM/078.jpg,0,served_image,200,image/jpeg,25942,820b35def0a4e411248a9fdc975d7a9b93d2d167b500326655d82cb871560dd5,1,,source_jpeg
LTMD_U1_W11_NONSTANDARD_ASSET_AUDIT_0.1,H2014P1CAM,2014,1,"Material de apoyo a la alfabetización inicial, Tiras recortables y cartel con el alfabeto",nonstandard_html_official_config,H2014P1CAM,79,115,79,https://historico.conaliteg.gob.mx/c/H2014P1CAM/079.jpg,0,served_image,200,image/jpeg,384286,d51495d19e4f0d90d4e95136e9b0dc9c192745ee327dfaf8b14f557806d034b1,1,,source_jpeg
LTMD_U1_W11_NONSTANDARD_ASSET_AUDIT_0.1,H2014P1CAM,2014,1,"Material de apoyo a la alfabetización inicial, Tiras recortables y cartel con el alfabeto",nonstandard_html_official_config,H2014P1CAM,80,115,80,https://historico.conaliteg.gob.mx/c/H2014P1CAM/080.jpg,0,served_image,200,image/jpeg,25942,7edb3a6c99344f7980cef27ea4bcf54a633132efcba1beffc49dfa6899041966,1,,source_jpeg
LTMD_U1_W11_NONSTANDARD_ASSET_AUDIT_0.1,H2014P1CAM,2014,1,"Material de apoyo a la alfabetización inicial, Tiras recortables y cartel con el alfabeto",nonstandard_html_official_config,H2014P1CAM,81,115,81,https://historico.conaliteg.gob.mx/c/H2014P1CAM/081.jpg,0,served_image,200,image/jpeg,407302,feaa828595b82858749ec20ff6fc4d00dd8ff1f39ce0c3095135213d6014dc8e,1,,source_jpeg
LTMD_U1_W11_NONSTANDARD_ASSET_AUDIT_0.1,H2014P1CAM,2014,1,"Material de apoyo a la alfabetización inicial, Tiras recortables y cartel con el alfabeto",nonstandard_html_official_config,H2014P1CAM,82,115,82,https://historico.conaliteg.gob.mx/c/H2014P1CAM/082.jpg,0,served_image,200,image/jpeg,25942,30feac3520c68de5725e054e3bbc6b1c97341bda8f5129cbf29da892914199af,1,,source_jpeg
LTMD_U1_W11_NONSTANDARD_ASSET_AUDIT_0.1,H2014P1CAM,2014,1,"Material de apoyo a la alfabetización inicial, Tiras recortables y cartel con el alfabeto",nonstandard_html_official_config,H2014P1CAM,83,115,83,https://historico.conaliteg.gob.mx/c/H2014P1CAM/083.jpg,0,served_image,200,image/jpeg,395865,664c4d4d46c4a330c33069b175c7702dca80930db88ea1c77d6ab237375d1ea1,1,,source_jpeg
LTMD_U1_W11_NONSTANDARD_ASSET_AUDIT_0.1,H2014P1CAM,2014,1,"Material de apoyo a la alfabetización inicial, Tiras recortables y cartel con el alfabeto",nonstandard_html_official_config,H2014P1CAM,84,115,84,https://historico.conaliteg.gob.mx/c/H2014P1CAM/084.jpg,0,served_image,200,image/jpeg,25942,eb5b6738e51c32ec7b88bfe91109453f2d9ffa9420b971dfa6941044e305cc11,1,,source_jpeg
LTMD_U1_W11_NONSTANDARD_ASSET_AUDIT_0.1,H2014P1CAM,2014,1,"Material de apoyo a la alfabetización inicial, Tiras recortables y cartel con el alfabeto",nonstandard_html_official_config,H2014P1CAM,85,115,85,https://historico.conaliteg.gob.mx/c/H2014P1CAM/085.jpg,0,served_image,200,image/jpeg,351537,e9059566042020d59a700d33efd017b43ec046aa1137334f7e91ce4c89bf8a83,1,,source_jpeg
LTMD_U1_W11_NONSTANDARD_ASSET_AUDIT_0.1,H2014P1CAM,2014,1,"Material de apoyo a la alfabetización inicial, Tiras recortables y cartel con el alfabeto",nonstandard_html_official_config,H2014P1CAM,86,115,86,https://historico.conaliteg.gob.mx/c/H2014P1CAM/086.jpg,0,served_image,200,image/jpeg,25942,bcafb0d64177b0f8234f7a4feacd21cc5d970ed83f4517a3e7523bd875e9c7a0,1,,source_jpeg
LTMD_U1_W11_NONSTANDARD_ASSET_AUDIT_0.1,H2014P1CAM,2014,1,"Material de apoyo a la alfabetización inicial, Tiras recortables y cartel con el alfabeto",nonstandard_html_official_config,H2014P1CAM,87,115,87,https://historico.conaliteg.gob.mx/c/H2014P1CAM/087.jpg,0,served_image,200,image/jpeg,301445,1231ceb2da8de0655c0798451a0f79c0b34faa905382fff07e72d98af8864926,1,,source_jpeg
LTMD_U1_W11_NONSTANDARD_ASSET_AUDIT_0.1,H2014P1CAM,2014,1,"Material de apoyo a la alfabetización inicial, Tiras recortables y cartel con el alfabeto",nonstandard_html_official_config,H2014P1CAM,88,115,88,https://historico.conaliteg.gob.mx/c/H2014P1CAM/088.jpg,0,served_image,200,image/jpeg,25942,46032e17eb20b6a1a2f2bf500d54618c36b544475c792a8301f478356a2b85bc,1,,source_jpeg
LTMD_U1_W11_NONSTANDARD_ASSET_AUDIT_0.1,H2014P1CAM,2014,1,"Material de apoyo a la alfabetización inicial, Tiras recortables y cartel con el alfabeto",nonstandard_html_official_config,H2014P1CAM,89,115,89,https://historico.conaliteg.gob.mx/c/H2014P1CAM/089.jpg,0,served_image,200,image/jpeg,370417,194d215103c4a059bc7622cd1bff05b8885a5c75158fae4129454ff6a8d40463,1,,source_jpeg
LTMD_U1_W11_NONSTANDARD_ASSET_AUDIT_0.1,H2014P1CAM,2014,1,"Material de apoyo a la alfabetización inicial, Tiras recortables y cartel con el alfabeto",nonstandard_html_official_config,H2014P1CAM,90,115,90,https://historico.conaliteg.gob.mx/c/H2014P1CAM/090.jpg,0,served_image,200,image/jpeg,25942,79cd3d1998a9003c467da02a0856214f4abe4c972cf71afb9e6711f6d1cb9e86,1,,source_jpeg
LTMD_U1_W11_NONSTANDARD_ASSET_AUDIT_0.1,H2014P1CAM,2014,1,"Material de apoyo a la alfabetización inicial, Tiras recortables y cartel con el alfabeto",nonstandard_html_official_config,H2014P1CAM,91,115,91,https://historico.conaliteg.gob.mx/c/H2014P1CAM/091.jpg,0,served_image,200,image/jpeg,359985,da62990d1ed8a4bc28bbe291ac62e13e9d03683d3e1f6142cb1319c9307d6c26,1,,source_jpeg
LTMD_U1_W11_NONSTANDARD_ASSET_AUDIT_0.1,H2014P1CAM,2014,1,"Material de apoyo a la alfabetización inicial, Tiras recortables y cartel con el alfabeto",nonstandard_html_official_config,H2014P1CAM,92,115,92,https://historico.conaliteg.gob.mx/c/H2014P1CAM/092.jpg,0,served_image,200,image/jpeg,25942,a6a83eb3d683fa0e69c01533ba30c923a6d1057cc1d2814c0d75aebcf6098e86,1,,source_jpeg
LTMD_U1_W11_NONSTANDARD_ASSET_AUDIT_0.1,H2014P1CAM,2014,1,"Material de apoyo a la alfabetización inicial, Tiras recortables y cartel con el alfabeto",nonstandard_html_official_config,H2014P1CAM,93,115,93,https://historico.conaliteg.gob.mx/c/H2014P1CAM/093.jpg,0,served_image,200,image/jpeg,348685,a5c8adbdf1206693b85763d2ff255096a5262741929a413798bd7f1bf658cf65,1,,source_jpeg
LTMD_U1_W11_NONSTANDARD_ASSET_AUDIT_0.1,H2014P1CAM,2014,1,"Material de apoyo a la alfabetización inicial, Tiras recortables y cartel con el alfabeto",nonstandard_html_official_config,H2014P1CAM,94,115,94,https://historico.conaliteg.gob.mx/c/H2014P1CAM/094.jpg,0,served_image,200,image/jpeg,25942,3e3df75ad2d8bd5ed7b4a91ec7b9a06b67e3d8d3a3460ae440979114743c73fa,1,,source_jpeg
LTMD_U1_W11_NONSTANDARD_ASSET_AUDIT_0.1,H2014P1CAM,2014,1,"Material de apoyo a la alfabetización inicial, Tiras recortables y cartel con el alfabeto",nonstandard_html_official_config,H2014P1CAM,95,115,95,https://historico.conaliteg.gob.mx/c/H2014P1CAM/095.jpg,0,served_image,200,image/jpeg,361429,bedbd5e40d375e8d3b914fcdbe3d35902cd7d42f61108c990b84344c4d970084,1,,source_jpeg
LTMD_U1_W11_NONSTANDARD_ASSET_AUDIT_0.1,H2014P1CAM,2014,1,"Material de apoyo a la alfabetización inicial, Tiras recortables y cartel con el alfabeto",nonstandard_html_official_config,H2014P1CAM,96,115,96,https://historico.conaliteg.gob.mx/c/H2014P1CAM/096.jpg,0,served_image,200,image/jpeg,25942,d0452d642bf3f6c92fab9343c50476af845691bf674ac1654109089d652ad8b8,1,,source_jpeg
LTMD_U1_W11_NONSTANDARD_ASSET_AUDIT_0.1,H2014P1CAM,2014,1,"Material de apoyo a la alfabetización inicial, Tiras recortables y cartel con el alfabeto",nonstandard_html_official_config,H2014P1CAM,97,115,97,https://historico.conaliteg.gob.mx/c/H2014P1CAM/097.jpg,0,served_image,200,image/jpeg,306381,e2e75f3e8c6984d95835b21b86800327a125451bb8fdc52561797e908681f76c,1,,source_jpeg
LTMD_U1_W11_NONSTANDARD_ASSET_AUDIT_0.1,H2014P1CAM,2014,1,"Material de apoyo a la alfabetización inicial, Tiras recortables y cartel con el alfabeto",nonstandard_html_official_config,H2014P1CAM,98,115,98,https://historico.conaliteg.gob.mx/c/H2014P1CAM/098.jpg,0,served_image,200,image/jpeg,25942,1069c09ca70eb0b3c3b309e3af29422449346362d398ded53359405b038b02d7,1,,source_jpeg
LTMD_U1_W11_NONSTANDARD_ASSET_AUDIT_0.1,H2014P1CAM,2014,1,"Material de apoyo a la alfabetización inicial, Tiras recortables y cartel con el alfabeto",nonstandard_html_official_config,H2014P1CAM,99,115,99,https://historico.conaliteg.gob.mx/c/H2014P1CAM/099.jpg,0,served_image,200,image/jpeg,235643,ccfd5ce8e4ab43621a1099a3a8cfbd02da431cad85d475e10389e25b403b52c5,1,,source_jpeg
LTMD_U1_W11_NONSTANDARD_ASSET_AUDIT_0.1,H2014P1CAM,2014,1,"Material de apoyo a la alfabetización inicial, Tiras recortables y cartel con el alfabeto",nonstandard_html_official_config,H2014P1CAM,100,115,100,https://historico.conaliteg.gob.mx/c/H2014P1CAM/100.jpg,0,served_image,200,image/jpeg,25944,82b61fc1495673dcacb0e234f273b3d599a86d4e6968658040067afa92eebebb,1,,source_jpeg
LTMD_U1_W11_NONSTANDARD_ASSET_AUDIT_0.1,H2014P1CAM,2014,1,"Material de apoyo a la alfabetización inicial, Tiras recortables y cartel con el alfabeto",nonstandard_html_official_config,H2014P1CAM,101,115,101,https://historico.conaliteg.gob.mx/c/H2014P1CAM/101.jpg,0,served_image,200,image/jpeg,307062,5e931ccee2015ac9ebed456f627ed68ba48e12797650ada70e0ee8ce6362813b,1,,source_jpeg
LTMD_U1_W11_NONSTANDARD_ASSET_AUDIT_0.1,H2014P1CAM,2014,1,"Material de apoyo a la alfabetización inicial, Tiras recortables y cartel con el alfabeto",nonstandard_html_official_config,H2014P1CAM,102,115,102,https://historico.conaliteg.gob.mx/c/H2014P1CAM/102.jpg,0,served_image,200,image/jpeg,25944,6cb8dca355845cf6948e1edb1838bf56dd0f6f8a5ec8b274f3f75ab798ba84d2,1,,source_jpeg
LTMD_U1_W11_NONSTANDARD_ASSET_AUDIT_0.1,H2014P1CAM,2014,1,"Material de apoyo a la alfabetización inicial, Tiras recortables y cartel con el alfabeto",nonstandard_html_official_config,H2014P1CAM,103,115,103,https://historico.conaliteg.gob.mx/c/H2014P1CAM/103.jpg,0,served_image,200,image/jpeg,296022,0a23f889288cdc7704b0d1ed696ec3e34478a0897c153fbc53bbf4d039e9ebb6,1,,source_jpeg
LTMD_U1_W11_NONSTANDARD_ASSET_AUDIT_0.1,H2014P1CAM,2014,1,"Material de apoyo a la alfabetización inicial, Tiras recortables y cartel con el alfabeto",nonstandard_html_official_config,H2014P1CAM,104,115,104,https://historico.conaliteg.gob.mx/c/H2014P1CAM/104.jpg,0,served_image,200,image/jpeg,25944,59a2031c90a560fb08d3794e6cebe06ed82bd9ab3f4be3e9d4f0f2bb38cfe36e,1,,source_jpeg
LTMD_U1_W11_NONSTANDARD_ASSET_AUDIT_0.1,H2014P1CAM,2014,1,"Material de apoyo a la alfabetización inicial, Tiras recortables y cartel con el alfabeto",nonstandard_html_official_config,H2014P1CAM,105,115,105,https://historico.conaliteg.gob.mx/c/H2014P1CAM/105.jpg,0,served_image,200,image/jpeg,259046,b19651be2fe2ab568c9cf8c6aafbafc035b902b3ffea496e440533c4e913425c,1,,source_jpeg
LTMD_U1_W11_NONSTANDARD_ASSET_AUDIT_0.1,H2014P1CAM,2014,1,"Material de apoyo a la alfabetización inicial, Tiras recortables y cartel con el alfabeto",nonstandard_html_official_config,H2014P1CAM,106,115,106,https://historico.conaliteg.gob.mx/c/H2014P1CAM/106.jpg,0,served_image,200,image/jpeg,25944,a05c9dab53cd2dab21b9c62973a53dd07a9f5ee005c7127ad80c1c5fc999d247,1,,source_jpeg
LTMD_U1_W11_NONSTANDARD_ASSET_AUDIT_0.1,H2014P1CAM,2014,1,"Material de apoyo a la alfabetización inicial, Tiras recortables y cartel con el alfabeto",nonstandard_html_official_config,H2014P1CAM,107,115,107,https://historico.conaliteg.gob.mx/c/H2014P1CAM/107.jpg,0,served_image,200,image/jpeg,311402,e089a9d443bb334f8bbaef6049440625ecdc1ef06449216e11eea2d6ab75adaa,1,,source_jpeg
LTMD_U1_W11_NONSTANDARD_ASSET_AUDIT_0.1,H2014P1CAM,2014,1,"Material de apoyo a la alfabetización inicial, Tiras recortables y cartel con el alfabeto",nonstandard_html_official_config,H2014P1CAM,108,115,108,https://historico.conaliteg.gob.mx/c/H2014P1CAM/108.jpg,0,served_image,200,image/jpeg,25944,d96d43de97d18c143fd3b10987927f0c0c4d3985a34a2938e9fb3c06e75e0437,1,,source_jpeg
LTMD_U1_W11_NONSTANDARD_ASSET_AUDIT_0.1,H2014P1CAM,2014,1,"Material de apoyo a la alfabetización inicial, Tiras recortables y cartel con el alfabeto",nonstandard_html_official_config,H2014P1CAM,109,115,109,https://historico.conaliteg.gob.mx/c/H2014P1CAM/109.jpg,0,served_image,200,image/jpeg,318822,9344c836c892426bfbc321683719b103526ce752a2463f0f475a8af3243fea68,1,,source_jpeg
LTMD_U1_W11_NONSTANDARD_ASSET_AUDIT_0.1,H2014P1CAM,2014,1,"Material de apoyo a la alfabetización inicial, Tiras recortables y cartel con el alfabeto",nonstandard_html_official_config,H2014P1CAM,110,115,110,https://historico.conaliteg.gob.mx/c/H2014P1CAM/110.jpg,0,served_image,200,image/jpeg,25944,1c4b63fedd15fa9006bd560dd175934d3f6451b690aae712ddb6c489c6f8d7b3,1,,source_jpeg
LTMD_U1_W11_NONSTANDARD_ASSET_AUDIT_0.1,H2014P1CAM,2014,1,"Material de apoyo a la alfabetización inicial, Tiras recortables y cartel con el alfabeto",nonstandard_html_official_config,H2014P1CAM,111,115,111,https://historico.conaliteg.gob.mx/c/H2014P1CAM/111.jpg,0,served_image,200,image/jpeg,231607,693c47513b2ec6e400db94d14a41bcce51b29c40378cec6c77dbc7acca64fead,1,,source_jpeg
LTMD_U1_W11_NONSTANDARD_ASSET_AUDIT_0.1,H2014P1CAM,2014,1,"Material de apoyo a la alfabetización inicial, Tiras recortables y cartel con el alfabeto",nonstandard_html_official_config,H2014P1CAM,112,115,112,https://historico.conaliteg.gob.mx/c/H2014P1CAM/112.jpg,0,served_image,200,image/jpeg,25944,c5c61bd28b2b5a08ed5dfc86b23b05b9d9edf381a90d9a50147087a07f6d3926,1,,source_jpeg
LTMD_U1_W11_NONSTANDARD_ASSET_AUDIT_0.1,H2014P1CAM,2014,1,"Material de apoyo a la alfabetización inicial, Tiras recortables y cartel con el alfabeto",nonstandard_html_official_config,H2014P1CAM,113,115,113,https://historico.conaliteg.gob.mx/c/H2014P1CAM/113.jpg,0,served_image,200,image/jpeg,1127401,1f5f154be0a85e4440cac5db8af9e16b7e6c074eab99c3d30f028cdec6c9cb34,1,,source_jpeg
LTMD_U1_W11_NONSTANDARD_ASSET_AUDIT_0.1,H2014P1CAM,2014,1,"Material de apoyo a la alfabetización inicial, Tiras recortables y cartel con el alfabeto",nonstandard_html_official_config,H2014P1CAM,114,115,114,https://historico.conaliteg.gob.mx/c/H2014P1CAM/114.jpg,0,served_image,200,image/jpeg,653773,3a02d7acf1cbc18c469c050886f2c11584df97aaefa657ce3dbcf83b7c565e24,1,,source_jpeg
LTMD_U1_W11_NONSTANDARD_ASSET_AUDIT_0.1,H2014P1CAM,2014,1,"Material de apoyo a la alfabetización inicial, Tiras recortables y cartel con el alfabeto",nonstandard_html_official_config,H2014P1CAM,115,115,115,https://historico.conaliteg.gob.mx/c/H2014P1CAM/115.jpg,1,http_404,404,text/html; charset=iso-8859-1,,,1,HTTP 404,terminal_synthetic_candidate
LTMD_U1_W11_NONSTANDARD_ASSET_AUDIT_0.1,H2014P1EAM,2014,1,Fichero didactico (incluye DVD),nonstandard_html_official_config,H2014P1EAM,1,49,0,https://historico.conaliteg.gob.mx/c/H2014P1EAM/000.jpg,0,served_image,200,image/jpeg,2314747,4a9369a90fc28500e27742ea0fcacdb0b79198eed5d23487c39972200999dd2d,1,,source_jpeg
LTMD_U1_W11_NONSTANDARD_ASSET_AUDIT_0.1,H2014P1EAM,2014,1,Fichero didactico (incluye DVD),nonstandard_html_official_config,H2014P1EAM,2,49,2,https://historico.conaliteg.gob.mx/c/H2014P1EAM/002.jpg,0,served_image,200,image/jpeg,1032413,70ee693858e81663c2622b214864ec594303c2b979f9e5e826eee9365ee43b2b,1,,source_jpeg
LTMD_U1_W11_NONSTANDARD_ASSET_AUDIT_0.1,H2014P1EAM,2014,1,Fichero didactico (incluye DVD),nonstandard_html_official_config,H2014P1EAM,3,49,3,https://historico.conaliteg.gob.mx/c/H2014P1EAM/003.jpg,0,served_image,200,image/jpeg,966590,b522297edaa09fde08c60a256772d7db221354fe32b2a7545949f7dd5973e6ca,1,,source_jpeg
LTMD_U1_W11_NONSTANDARD_ASSET_AUDIT_0.1,H2014P1EAM,2014,1,Fichero didactico (incluye DVD),nonstandard_html_official_config,H2014P1EAM,4,49,4,https://historico.conaliteg.gob.mx/c/H2014P1EAM/004.jpg,0,served_image,200,image/jpeg,1011924,a748994cf9bb226bb53bcd49b744a72be44bafed0a4d59d7b7bf7abae2c59956,1,,source_jpeg
LTMD_U1_W11_NONSTANDARD_ASSET_AUDIT_0.1,H2014P1EAM,2014,1,Fichero didactico (incluye DVD),nonstandard_html_official_config,H2014P1EAM,5,49,5,https://historico.conaliteg.gob.mx/c/H2014P1EAM/005.jpg,0,served_image,200,image/jpeg,912436,31c35f79de1986f12fdb00b969bd74eaed2e2057c2d9ceccaa3e18c98788d956,1,,source_jpeg
LTMD_U1_W11_NONSTANDARD_ASSET_AUDIT_0.1,H2014P1EAM,2014,1,Fichero didactico (incluye DVD),nonstandard_html_official_config,H2014P1EAM,6,49,6,https://historico.conaliteg.gob.mx/c/H2014P1EAM/006.jpg,0,served_image,200,image/jpeg,1735833,6ab047c025103e0ee02f162aa9bb47549fd827ff1db87295182786bda4a3e7df,1,,source_jpeg
LTMD_U1_W11_NONSTANDARD_ASSET_AUDIT_0.1,H2014P1EAM,2014,1,Fichero didactico (incluye DVD),nonstandard_html_official_config,H2014P1EAM,7,49,7,https://historico.conaliteg.gob.mx/c/H2014P1EAM/007.jpg,0,served_image,200,image/jpeg,2538772,85e0c7616ecc86e85fad55d1d6d3fc26ff2513d3e6649a03e56e6395a125ae78,1,,source_jpeg
LTMD_U1_W11_NONSTANDARD_ASSET_AUDIT_0.1,H2014P1EAM,2014,1,Fichero didactico (incluye DVD),nonstandard_html_official_config,H2014P1EAM,8,49,8,https://historico.conaliteg.gob.mx/c/H2014P1EAM/008.jpg,0,served_image,200,image/jpeg,1568868,a31cf0b7b55466d05a3c9df3dfb9d808b232440afadeb131323f0c6303862307,1,,source_jpeg
LTMD_U1_W11_NONSTANDARD_ASSET_AUDIT_0.1,H2014P1EAM,2014,1,Fichero didactico (incluye DVD),nonstandard_html_official_config,H2014P1EAM,9,49,9,https://historico.conaliteg.gob.mx/c/H2014P1EAM/009.jpg,0,served_image,200,image/jpeg,2731957,b053686e20fcee4fd27606dec642bdd1aebe2b6425a8ccfffd3d17970986f264,1,,source_jpeg
LTMD_U1_W11_NONSTANDARD_ASSET_AUDIT_0.1,H2014P1EAM,2014,1,Fichero didactico (incluye DVD),nonstandard_html_official_config,H2014P1EAM,10,49,10,https://historico.conaliteg.gob.mx/c/H2014P1EAM/010.jpg,0,served_image,200,image/jpeg,1751353,c5f71e3b88c1c249b7486a582705faaae370150ceae89fb91bc6b2ad06755719,1,,source_jpeg
LTMD_U1_W11_NONSTANDARD_ASSET_AUDIT_0.1,H2014P1EAM,2014,1,Fichero didactico (incluye DVD),nonstandard_html_official_config,H2014P1EAM,11,49,11,https://historico.conaliteg.gob.mx/c/H2014P1EAM/011.jpg,0,served_image,200,image/jpeg,3163415,85b69667999a7ef5d5a9ce03a98ed771eb105ab2fb9810cf81d46df8777c5c3b,1,,source_jpeg
LTMD_U1_W11_NONSTANDARD_ASSET_AUDIT_0.1,H2014P1EAM,2014,1,Fichero didactico (incluye DVD),nonstandard_html_official_config,H2014P1EAM,12,49,12,https://historico.conaliteg.gob.mx/c/H2014P1EAM/012.jpg,0,served_image,200,image/jpeg,1609466,12e994ff087c299e59c323756967a6b32eb101441b14453769d7f520b658296e,1,,source_jpeg
LTMD_U1_W11_NONSTANDARD_ASSET_AUDIT_0.1,H2014P1EAM,2014,1,Fichero didactico (incluye DVD),nonstandard_html_official_config,H2014P1EAM,13,49,13,https://historico.conaliteg.gob.mx/c/H2014P1EAM/013.jpg,0,served_image,200,image/jpeg,2156970,d35ce4ae4073143fbfaf27f7c4eda19f73b65a3e7c4fc802cdfa9586e2c30dee,1,,source_jpeg
LTMD_U1_W11_NONSTANDARD_ASSET_AUDIT_0.1,H2014P1EAM,2014,1,Fichero didactico (incluye DVD),nonstandard_html_official_config,H2014P1EAM,14,49,14,https://historico.conaliteg.gob.mx/c/H2014P1EAM/014.jpg,0,served_image,200,image/jpeg,1372961,f84700fa3df34bae501da3f8f6864cc8af5a9323f0f4b91b3ef616b7d08451b4,1,,source_jpeg
LTMD_U1_W11_NONSTANDARD_ASSET_AUDIT_0.1,H2014P1EAM,2014,1,Fichero didactico (incluye DVD),nonstandard_html_official_config,H2014P1EAM,15,49,15,https://historico.conaliteg.gob.mx/c/H2014P1EAM/015.jpg,0,served_image,200,image/jpeg,1133551,8914d014bc5182853206135ba10e3797dc45c9ef1af3d2ae9fb43cf35cd6ab97,1,,source_jpeg
LTMD_U1_W11_NONSTANDARD_ASSET_AUDIT_0.1,H2014P1EAM,2014,1,Fichero didactico (incluye DVD),nonstandard_html_official_config,H2014P1EAM,16,49,16,https://historico.conaliteg.gob.mx/c/H2014P1EAM/016.jpg,0,served_image,200,image/jpeg,1435710,d8eb2b3b54e8b4105564ba2c6005a63b155db6726281b3e6fef0e71823cd5dce,1,,source_jpeg
LTMD_U1_W11_NONSTANDARD_ASSET_AUDIT_0.1,H2014P1EAM,2014,1,Fichero didactico (incluye DVD),nonstandard_html_official_config,H2014P1EAM,17,49,17,https://historico.conaliteg.gob.mx/c/H2014P1EAM/017.jpg,0,served_image,200,image/jpeg,2893625,dcd7d19d1d2084f0f06f6c0e4b9f64ae3b889d6c527859f264ce72e2ffca5614,1,,source_jpeg
LTMD_U1_W11_NONSTANDARD_ASSET_AUDIT_0.1,H2014P1EAM,2014,1,Fichero didactico (incluye DVD),nonstandard_html_official_config,H2014P1EAM,18,49,18,https://historico.conaliteg.gob.mx/c/H2014P1EAM/018.jpg,0,served_image,200,image/jpeg,1681343,7dad5747c9dd34bdc947073f7c95ec61033725b38109fef91f3a3f0627cee4b5,1,,source_jpeg
LTMD_U1_W11_NONSTANDARD_ASSET_AUDIT_0.1,H2014P1EAM,2014,1,Fichero didactico (incluye DVD),nonstandard_html_official_config,H2014P1EAM,19,49,19,https://historico.conaliteg.gob.mx/c/H2014P1EAM/019.jpg,0,served_image,200,image/jpeg,2765583,f9369860ad4867870f3937b1f3e67ac76a482bf253e411d4339ea215f7e5ca91,1,,source_jpeg
LTMD_U1_W11_NONSTANDARD_ASSET_AUDIT_0.1,H2014P1EAM,2014,1,Fichero didactico (incluye DVD),nonstandard_html_official_config,H2014P1EAM,20,49,20,https://historico.conaliteg.gob.mx/c/H2014P1EAM/020.jpg,0,served_image,200,image/jpeg,1307676,5e930cc0f1bb8f8a02b6442231ebe58091f568315bda6ca7562885062d5e7032,1,,source_jpeg
LTMD_U1_W11_NONSTANDARD_ASSET_AUDIT_0.1,H2014P1EAM,2014,1,Fichero didactico (incluye DVD),nonstandard_html_official_config,H2014P1EAM,21,49,21,https://historico.conaliteg.gob.mx/c/H2014P1EAM/021.jpg,0,served_image,200,image/jpeg,2848828,a40ff35ab5a9799f63e4e2c9f5e56d2e1b33da998b273240250dbcb17e7fc780,1,,source_jpeg
LTMD_U1_W11_NONSTANDARD_ASSET_AUDIT_0.1,H2014P1EAM,2014,1,Fichero didactico (incluye DVD),nonstandard_html_official_config,H2014P1EAM,22,49,22,https://historico.conaliteg.gob.mx/c/H2014P1EAM/022.jpg,0,served_image,200,image/jpeg,1746940,8318b7422d224cbd8f68771abae3c828034a6d7ac2788a90c4959ddf858dbcd2,1,,source_jpeg
LTMD_U1_W11_NONSTANDARD_ASSET_AUDIT_0.1,H2014P1EAM,2014,1,Fichero didactico (incluye DVD),nonstandard_html_official_config,H2014P1EAM,23,49,23,https://historico.conaliteg.gob.mx/c/H2014P1EAM/023.jpg,0,served_image,200,image/jpeg,1839565,86ef03f36600b6370cedbca677a9c35e67652fca003ee758597ffe300549be83,1,,source_jpeg
LTMD_U1_W11_NONSTANDARD_ASSET_AUDIT_0.1,H2014P1EAM,2014,1,Fichero didactico (incluye DVD),nonstandard_html_official_config,H2014P1EAM,24,49,24,https://historico.conaliteg.gob.mx/c/H2014P1EAM/024.jpg,0,served_image,200,image/jpeg,1561728,728aaddbd7c04daec97e73172698f9db2f03212ed94c8b8641df676f6a169ab3,1,,source_jpeg
LTMD_U1_W11_NONSTANDARD_ASSET_AUDIT_0.1,H2014P1EAM,2014,1,Fichero didactico (incluye DVD),nonstandard_html_official_config,H2014P1EAM,25,49,25,https://historico.conaliteg.gob.mx/c/H2014P1EAM/025.jpg,0,served_image,200,image/jpeg,2617734,3d9396c3389f0651e65728067332752a94cd314755c3ddbaec6690efdd716c5c,1,,source_jpeg
LTMD_U1_W11_NONSTANDARD_ASSET_AUDIT_0.1,H2014P1EAM,2014,1,Fichero didactico (incluye DVD),nonstandard_html_official_config,H2014P1EAM,26,49,26,https://historico.conaliteg.gob.mx/c/H2014P1EAM/026.jpg,0,served_image,200,image/jpeg,1468659,3fd11fe8afeac86694370bff205c146e557163d11e3ea6be45cdb49b638f30a3,1,,source_jpeg
LTMD_U1_W11_NONSTANDARD_ASSET_AUDIT_0.1,H2014P1EAM,2014,1,Fichero didactico (incluye DVD),nonstandard_html_official_config,H2014P1EAM,27,49,27,https://historico.conaliteg.gob.mx/c/H2014P1EAM/027.jpg,0,served_image,200,image/jpeg,2397121,aec44e1f134199dc7c784646a5915fcd6d4a2a94c36bf1f21ddf4b7941785257,1,,source_jpeg
LTMD_U1_W11_NONSTANDARD_ASSET_AUDIT_0.1,H2014P1EAM,2014,1,Fichero didactico (incluye DVD),nonstandard_html_official_config,H2014P1EAM,28,49,28,https://historico.conaliteg.gob.mx/c/H2014P1EAM/028.jpg,0,served_image,200,image/jpeg,1367949,2804318a49f76f3042c492fb4bd6638909e2f63eccba4137e8460e704da646bd,1,,source_jpeg
LTMD_U1_W11_NONSTANDARD_ASSET_AUDIT_0.1,H2014P1EAM,2014,1,Fichero didactico (incluye DVD),nonstandard_html_official_config,H2014P1EAM,29,49,29,https://historico.conaliteg.gob.mx/c/H2014P1EAM/029.jpg,0,served_image,200,image/jpeg,2226219,b1ffdca66be7deef96f761651b38431b28f0fc3a53a29e5d772b10605f0785d1,1,,source_jpeg
LTMD_U1_W11_NONSTANDARD_ASSET_AUDIT_0.1,H2014P1EAM,2014,1,Fichero didactico (incluye DVD),nonstandard_html_official_config,H2014P1EAM,30,49,30,https://historico.conaliteg.gob.mx/c/H2014P1EAM/030.jpg,0,served_image,200,image/jpeg,1294416,dd14541de9253ab61c3fb8881316ecaca38dfddd3d8cf0108a89b9d11780bba0,1,,source_jpeg
LTMD_U1_W11_NONSTANDARD_ASSET_AUDIT_0.1,H2014P1EAM,2014,1,Fichero didactico (incluye DVD),nonstandard_html_official_config,H2014P1EAM,31,49,31,https://historico.conaliteg.gob.mx/c/H2014P1EAM/031.jpg,0,served_image,200,image/jpeg,1013674,6a1072c082e0999325bba26d4331a2f910fffab22fe52439b1f9ce4f5d63afd5,1,,source_jpeg
LTMD_U1_W11_NONSTANDARD_ASSET_AUDIT_0.1,H2014P1EAM,2014,1,Fichero didactico (incluye DVD),nonstandard_html_official_config,H2014P1EAM,32,49,32,https://historico.conaliteg.gob.mx/c/H2014P1EAM/032.jpg,0,served_image,200,image/jpeg,1485949,0a36aca7ac11692689caaea559eee3316ae3db4dc50b5e01c09029acaaafae86,1,,source_jpeg
LTMD_U1_W11_NONSTANDARD_ASSET_AUDIT_0.1,H2014P1EAM,2014,1,Fichero didactico (incluye DVD),nonstandard_html_official_config,H2014P1EAM,33,49,33,https://historico.conaliteg.gob.mx/c/H2014P1EAM/033.jpg,0,served_image,200,image/jpeg,1130097,306a19c987b92d19d601fe58140789f657f13afdfe191e5c4344455d62986fd8,1,,source_jpeg
LTMD_U1_W11_NONSTANDARD_ASSET_AUDIT_0.1,H2014P1EAM,2014,1,Fichero didactico (incluye DVD),nonstandard_html_official_config,H2014P1EAM,34,49,34,https://historico.conaliteg.gob.mx/c/H2014P1EAM/034.jpg,0,served_image,200,image/jpeg,1430582,98ed392073e9b897a1e8aed32d43b9dc5395011bab9b582d5b581f1d1c4485a4,1,,source_jpeg
LTMD_U1_W11_NONSTANDARD_ASSET_AUDIT_0.1,H2014P1EAM,2014,1,Fichero didactico (incluye DVD),nonstandard_html_official_config,H2014P1EAM,35,49,35,https://historico.conaliteg.gob.mx/c/H2014P1EAM/035.jpg,0,served_image,200,image/jpeg,2583044,556802c6058260defd877aa3284d1eb9c9493085cadb7234d1c8bc046722136a,1,,source_jpeg
LTMD_U1_W11_NONSTANDARD_ASSET_AUDIT_0.1,H2014P1EAM,2014,1,Fichero didactico (incluye DVD),nonstandard_html_official_config,H2014P1EAM,36,49,36,https://historico.conaliteg.gob.mx/c/H2014P1EAM/036.jpg,0,served_image,200,image/jpeg,1341641,8fabbbffe78ed5ca4c31bf341e915069a38a1e1fc39b1206ceb8e98a875404fb,1,,source_jpeg
LTMD_U1_W11_NONSTANDARD_ASSET_AUDIT_0.1,H2014P1EAM,2014,1,Fichero didactico (incluye DVD),nonstandard_html_official_config,H2014P1EAM,37,49,37,https://historico.conaliteg.gob.mx/c/H2014P1EAM/037.jpg,0,served_image,200,image/jpeg,976463,eba74529bb7960f771f1cb521a0a474d769a551ee278489d3d28f6ffb984ff93,1,,source_jpeg
LTMD_U1_W11_NONSTANDARD_ASSET_AUDIT_0.1,H2014P1EAM,2014,1,Fichero didactico (incluye DVD),nonstandard_html_official_config,H2014P1EAM,38,49,38,https://historico.conaliteg.gob.mx/c/H2014P1EAM/038.jpg,0,served_image,200,image/jpeg,1338543,a3e00c9edb2c1a3de29b7a12559fe4649335300a4d1ef3182c7277bb707e7437,1,,source_jpeg
LTMD_U1_W11_NONSTANDARD_ASSET_AUDIT_0.1,H2014P1EAM,2014,1,Fichero didactico (incluye DVD),nonstandard_html_official_config,H2014P1EAM,39,49,39,https://historico.conaliteg.gob.mx/c/H2014P1EAM/039.jpg,0,served_image,200,image/jpeg,2175785,abc3fb9f60b5aac972b9ec162ca13405a779e0f8da392259ccf7ea4472c4db9b,1,,source_jpeg
LTMD_U1_W11_NONSTANDARD_ASSET_AUDIT_0.1,H2014P1EAM,2014,1,Fichero didactico (incluye DVD),nonstandard_html_official_config,H2014P1EAM,40,49,40,https://historico.conaliteg.gob.mx/c/H2014P1EAM/040.jpg,0,served_image,200,image/jpeg,1446917,7f798d83db3e22ebdf83191a8dca587d44b09eb1acf7bbdf647f6349ab431918,1,,source_jpeg
LTMD_U1_W11_NONSTANDARD_ASSET_AUDIT_0.1,H2014P1EAM,2014,1,Fichero didactico (incluye DVD),nonstandard_html_official_config,H2014P1EAM,41,49,41,https://historico.conaliteg.gob.mx/c/H2014P1EAM/041.jpg,0,http_404,404,text/html; charset=iso-8859-1,,,1,HTTP 404,internal_unserved
LTMD_U1_W11_NONSTANDARD_ASSET_AUDIT_0.1,H2014P1EAM,2014,1,Fichero didactico (incluye DVD),nonstandard_html_official_config,H2014P1EAM,42,49,42,https://historico.conaliteg.gob.mx/c/H2014P1EAM/042.jpg,0,served_image,200,image/jpeg,1039969,02299499deb33e109c6cd1210ef6cb1dbfdc966d1441682cd46c53d3c7e96d71,1,,source_jpeg
LTMD_U1_W11_NONSTANDARD_ASSET_AUDIT_0.1,H2014P1EAM,2014,1,Fichero didactico (incluye DVD),nonstandard_html_official_config,H2014P1EAM,43,49,43,https://historico.conaliteg.gob.mx/c/H2014P1EAM/043.jpg,0,served_image,200,image/jpeg,928731,6fd2685f901cbe461136572a16061bcfb840e8912511b00b5bd720e1f7f8a1f8,1,,source_jpeg
LTMD_U1_W11_NONSTANDARD_ASSET_AUDIT_0.1,H2014P1EAM,2014,1,Fichero didactico (incluye DVD),nonstandard_html_official_config,H2014P1EAM,44,49,44,https://historico.conaliteg.gob.mx/c/H2014P1EAM/044.jpg,0,served_image,200,image/jpeg,1246569,6b62fbec8007e7071e8ca02ec4f477a31ab63c7af6288d19ea7d774f9799dadb,1,,source_jpeg
LTMD_U1_W11_NONSTANDARD_ASSET_AUDIT_0.1,H2014P1EAM,2014,1,Fichero didactico (incluye DVD),nonstandard_html_official_config,H2014P1EAM,45,49,45,https://historico.conaliteg.gob.mx/c/H2014P1EAM/045.jpg,0,served_image,200,image/jpeg,1918419,65b6966b4b9749c2515866eb375bf375196f147c131ba767a02281b2d8a888b0,1,,source_jpeg
LTMD_U1_W11_NONSTANDARD_ASSET_AUDIT_0.1,H2014P1EAM,2014,1,Fichero didactico (incluye DVD),nonstandard_html_official_config,H2014P1EAM,46,49,46,https://historico.conaliteg.gob.mx/c/H2014P1EAM/046.jpg,0,served_image,200,image/jpeg,678439,c11dd6cfbd72b9c27542e13a82fb19e40be956a4815e3a080febb6db00e1c339,1,,source_jpeg
LTMD_U1_W11_NONSTANDARD_ASSET_AUDIT_0.1,H2014P1EAM,2014,1,Fichero didactico (incluye DVD),nonstandard_html_official_config,H2014P1EAM,47,49,47,https://historico.conaliteg.gob.mx/c/H2014P1EAM/047.jpg,0,served_image,200,image/jpeg,44481,0887c08e66ffeb5ed6bdd8959f8786a84ea7b959c249814e89312d7d690ace78,1,,source_jpeg
LTMD_U1_W11_NONSTANDARD_ASSET_AUDIT_0.1,H2014P1EAM,2014,1,Fichero didactico (incluye DVD),nonstandard_html_official_config,H2014P1EAM,48,49,48,https://historico.conaliteg.gob.mx/c/H2014P1EAM/048.jpg,0,served_image,200,image/jpeg,95436,dca157e1a1ce21308373cde690a752f3814bf396f9126e7c2542d4e86e6e6b3d,1,,source_jpeg
LTMD_U1_W11_NONSTANDARD_ASSET_AUDIT_0.1,H2014P1EAM,2014,1,Fichero didactico (incluye DVD),nonstandard_html_official_config,H2014P1EAM,49,49,49,https://historico.conaliteg.gob.mx/c/H2014P1EAM/049.jpg,1,served_image,200,image/jpeg,86533,091ec8bb0a7665a1911fd6c953148138a836ec1a6286e40628c3a6d1b98c1e7e,1,,source_jpeg
LTMD_U1_W11_NONSTANDARD_ASSET_AUDIT_0.1,H2014P2EAM,2014,2,Fichero didactico (incluye DVD),nonstandard_html_official_config,H2014P2EAM,1,19,0,https://historico.conaliteg.gob.mx/c/H2014P2EAM/000.jpg,0,served_image,200,image/jpeg,2292633,2e687951b32eaaae830cd1a778263943d348da154abfb98606734a7f3054b1b3,1,,source_jpeg
LTMD_U1_W11_NONSTANDARD_ASSET_AUDIT_0.1,H2014P2EAM,2014,2,Fichero didactico (incluye DVD),nonstandard_html_official_config,H2014P2EAM,2,19,2,https://historico.conaliteg.gob.mx/c/H2014P2EAM/002.jpg,0,served_image,200,image/jpeg,1031069,d4f249dc7fe7f9b9dabbae8ea9ea92cbce049fce0811eab84587b16843f8dbb3,1,,source_jpeg
LTMD_U1_W11_NONSTANDARD_ASSET_AUDIT_0.1,H2014P2EAM,2014,2,Fichero didactico (incluye DVD),nonstandard_html_official_config,H2014P2EAM,3,19,3,https://historico.conaliteg.gob.mx/c/H2014P2EAM/003.jpg,0,served_image,200,image/jpeg,833979,75ca0158a49ab21bcfba59eefdce33d5fcd0a26642d3bcb7f12e6d0f18e59567,1,,source_jpeg
LTMD_U1_W11_NONSTANDARD_ASSET_AUDIT_0.1,H2014P2EAM,2014,2,Fichero didactico (incluye DVD),nonstandard_html_official_config,H2014P2EAM,4,19,4,https://historico.conaliteg.gob.mx/c/H2014P2EAM/004.jpg,0,served_image,200,image/jpeg,1058133,878a055735184181176aa782d02be41cda0ac300ac2fd7c5ecf10f0c937f9698,1,,source_jpeg
LTMD_U1_W11_NONSTANDARD_ASSET_AUDIT_0.1,H2014P2EAM,2014,2,Fichero didactico (incluye DVD),nonstandard_html_official_config,H2014P2EAM,5,19,5,https://historico.conaliteg.gob.mx/c/H2014P2EAM/005.jpg,0,served_image,200,image/jpeg,935691,e70e5ceaaa40263d732d91565b57cc43600039873be596b4cc96db23a9152fb0,1,,source_jpeg
LTMD_U1_W11_NONSTANDARD_ASSET_AUDIT_0.1,H2014P2EAM,2014,2,Fichero didactico (incluye DVD),nonstandard_html_official_config,H2014P2EAM,6,19,6,https://historico.conaliteg.gob.mx/c/H2014P2EAM/006.jpg,0,served_image,200,image/jpeg,1459793,f9aeee1952558661fa6f4a00d13ba6d9546f0adcac352213c2e539bae4822e72,1,,source_jpeg
LTMD_U1_W11_NONSTANDARD_ASSET_AUDIT_0.1,H2014P2EAM,2014,2,Fichero didactico (incluye DVD),nonstandard_html_official_config,H2014P2EAM,7,19,7,https://historico.conaliteg.gob.mx/c/H2014P2EAM/007.jpg,0,served_image,200,image/jpeg,2989095,620373b073ee43045b331a9787eb1a1953778e3efb8e3e0db7581ce55010a541,1,,source_jpeg
LTMD_U1_W11_NONSTANDARD_ASSET_AUDIT_0.1,H2014P2EAM,2014,2,Fichero didactico (incluye DVD),nonstandard_html_official_config,H2014P2EAM,8,19,8,https://historico.conaliteg.gob.mx/c/H2014P2EAM/008.jpg,0,served_image,200,image/jpeg,1468614,fafa52838a44ea5d15e2e4c47bb9f097f664f9c8161e16ac2ab73d9bda63102d,1,,source_jpeg
LTMD_U1_W11_NONSTANDARD_ASSET_AUDIT_0.1,H2014P2EAM,2014,2,Fichero didactico (incluye DVD),nonstandard_html_official_config,H2014P2EAM,9,19,9,https://historico.conaliteg.gob.mx/c/H2014P2EAM/009.jpg,0,served_image,200,image/jpeg,3963268,be52040109989d722f19a46ce9488b1884f0c858d870a64ecbfdac1a3d1d048b,1,,source_jpeg
LTMD_U1_W11_NONSTANDARD_ASSET_AUDIT_0.1,H2014P2EAM,2014,2,Fichero didactico (incluye DVD),nonstandard_html_official_config,H2014P2EAM,10,19,10,https://historico.conaliteg.gob.mx/c/H2014P2EAM/010.jpg,0,served_image,200,image/jpeg,1611918,f1c37b1fa414f156506717201766073b5b7fd4831e1c16a6886b9a1ee0520921,1,,source_jpeg
LTMD_U1_W11_NONSTANDARD_ASSET_AUDIT_0.1,H2014P2EAM,2014,2,Fichero didactico (incluye DVD),nonstandard_html_official_config,H2014P2EAM,11,19,11,https://historico.conaliteg.gob.mx/c/H2014P2EAM/011.jpg,0,served_image,200,image/jpeg,3317231,9ab26a4c8c02138dd8cffc39f663c3a764edf3075240cf2090d10e405d8da89b,1,,source_jpeg
LTMD_U1_W11_NONSTANDARD_ASSET_AUDIT_0.1,H2014P2EAM,2014,2,Fichero didactico (incluye DVD),nonstandard_html_official_config,H2014P2EAM,12,19,12,https://historico.conaliteg.gob.mx/c/H2014P2EAM/012.jpg,0,served_image,200,image/jpeg,1688083,e7c3ae6c6a313058fe56987af963e0d16231bb4ccc22e312a77e1a9bf5922708,1,,source_jpeg
LTMD_U1_W11_NONSTANDARD_ASSET_AUDIT_0.1,H2014P2EAM,2014,2,Fichero didactico (incluye DVD),nonstandard_html_official_config,H2014P2EAM,13,19,13,https://historico.conaliteg.gob.mx/c/H2014P2EAM/013.jpg,0,http_404,404,text/html; charset=iso-8859-1,,,1,HTTP 404,internal_unserved
LTMD_U1_W11_NONSTANDARD_ASSET_AUDIT_0.1,H2014P2EAM,2014,2,Fichero didactico (incluye DVD),nonstandard_html_official_config,H2014P2EAM,14,19,14,https://historico.conaliteg.gob.mx/c/H2014P2EAM/014.jpg,0,served_image,200,image/jpeg,1693241,6b4b02a57f3430c12ea0f14bdb4df1476f5471fdff2082fe4e289de788c18903,1,,source_jpeg
LTMD_U1_W11_NONSTANDARD_ASSET_AUDIT_0.1,H2014P2EAM,2014,2,Fichero didactico (incluye DVD),nonstandard_html_official_config,H2014P2EAM,15,19,15,https://historico.conaliteg.gob.mx/c/H2014P2EAM/015.jpg,0,served_image,200,image/jpeg,1656911,16e652c9f0b73f73d3e4669307a538561a6143fee1e701f75a58ca77868ad34e,1,,source_jpeg
LTMD_U1_W11_NONSTANDARD_ASSET_AUDIT_0.1,H2014P2EAM,2014,2,Fichero didactico (incluye DVD),nonstandard_html_official_config,H2014P2EAM,16,19,16,https://historico.conaliteg.gob.mx/c/H2014P2EAM/016.jpg,0,served_image,200,image/jpeg,1615780,9eb03f9977cc63f64929cdf76cff80e182e2be8b1d8e053754eb2872bb2b2089,1,,source_jpeg
LTMD_U1_W11_NONSTANDARD_ASSET_AUDIT_0.1,H2014P2EAM,2014,2,Fichero didactico (incluye DVD),nonstandard_html_official_config,H2014P2EAM,17,19,17,https://historico.conaliteg.gob.mx/c/H2014P2EAM/017.jpg,0,http_404,404,text/html; charset=iso-8859-1,,,1,HTTP 404,internal_unserved
LTMD_U1_W11_NONSTANDARD_ASSET_AUDIT_0.1,H2014P2EAM,2014,2,Fichero didactico (incluye DVD),nonstandard_html_official_config,H2014P2EAM,18,19,18,https://historico.conaliteg.gob.mx/c/H2014P2EAM/018.jpg,0,served_image,200,image/jpeg,1454479,1930a742fff187283098a49be56f932dbdca5a180a46c33ed8dc52643d8b5e2e,1,,source_jpeg
LTMD_U1_W11_NONSTANDARD_ASSET_AUDIT_0.1,H2014P2EAM,2014,2,Fichero didactico (incluye DVD),nonstandard_html_official_config,H2014P2EAM,19,19,19,https://historico.conaliteg.gob.mx/c/H2014P2EAM/019.jpg,1,served_image,200,image/jpeg,1950304,25ec6ccc641db04ee44ecd08f1d7389b1a161c5eec5b0ea172cc801ebf3fa38e,1,,source_jpeg
LTMD_U1_W11_NONSTANDARD_ASSET_AUDIT_0.1,H2014P4CCA,2014,4,Conoce nuestra Constitución,nonstandard_html_official_config,H2014P4CCA,1,66,0,https://historico.conaliteg.gob.mx/c/H2014P4CCA/000.jpg,0,served_image,200,image/jpeg,644359,d76cf09451a6a49347af615e2b893ac064f181b988dff7b7bd78500c8efbac4b,1,,source_jpeg
LTMD_U1_W11_NONSTANDARD_ASSET_AUDIT_0.1,H2014P4CCA,2014,4,Conoce nuestra Constitución,nonstandard_html_official_config,H2014P4CCA,2,66,2,https://historico.conaliteg.gob.mx/c/H2014P4CCA/002.jpg,0,served_image,200,image/jpeg,31541,ef802702519e4619e6c43f903beb72ee0d3f0e3ba1f0bbb61c6678d7dd20a75f,1,,source_jpeg
LTMD_U1_W11_NONSTANDARD_ASSET_AUDIT_0.1,H2014P4CCA,2014,4,Conoce nuestra Constitución,nonstandard_html_official_config,H2014P4CCA,3,66,3,https://historico.conaliteg.gob.mx/c/H2014P4CCA/003.jpg,0,served_image,200,image/jpeg,1194458,f5f74faacb023cb2d9a765b0b8e61fd59e80da526c782b1c00509bdc8567c927,1,,source_jpeg
LTMD_U1_W11_NONSTANDARD_ASSET_AUDIT_0.1,H2014P4CCA,2014,4,Conoce nuestra Constitución,nonstandard_html_official_config,H2014P4CCA,4,66,4,https://historico.conaliteg.gob.mx/c/H2014P4CCA/004.jpg,0,served_image,200,image/jpeg,194309,689e8e10dc5353359586b6fb0feab9910bfa905234dc2edc96dae83d7342df11,1,,source_jpeg
LTMD_U1_W11_NONSTANDARD_ASSET_AUDIT_0.1,H2014P4CCA,2014,4,Conoce nuestra Constitución,nonstandard_html_official_config,H2014P4CCA,5,66,5,https://historico.conaliteg.gob.mx/c/H2014P4CCA/005.jpg,0,served_image,200,image/jpeg,235634,4c81d9ecac29c18d412743b5330aaedc8ccc772053495a8fcbb81d56fde2a1c4,1,,source_jpeg
LTMD_U1_W11_NONSTANDARD_ASSET_AUDIT_0.1,H2014P4CCA,2014,4,Conoce nuestra Constitución,nonstandard_html_official_config,H2014P4CCA,6,66,6,https://historico.conaliteg.gob.mx/c/H2014P4CCA/006.jpg,0,served_image,200,image/jpeg,17357,08a93209f390fc0594eb90f1f37d59443f47e9507d81296db6fd7992656b092b,1,,source_jpeg
LTMD_U1_W11_NONSTANDARD_ASSET_AUDIT_0.1,H2014P4CCA,2014,4,Conoce nuestra Constitución,nonstandard_html_official_config,H2014P4CCA,7,66,7,https://historico.conaliteg.gob.mx/c/H2014P4CCA/007.jpg,0,served_image,200,image/jpeg,376849,166361bf535b3fbaa1a3b85686d10d6011e5aa3c1444745e6f8f9b3c6bf5969a,1,,source_jpeg
LTMD_U1_W11_NONSTANDARD_ASSET_AUDIT_0.1,H2014P4CCA,2014,4,Conoce nuestra Constitución,nonstandard_html_official_config,H2014P4CCA,8,66,8,https://historico.conaliteg.gob.mx/c/H2014P4CCA/008.jpg,0,served_image,200,image/jpeg,369651,e26b27ecd34ac9ce912b8d6c9b3098bc7777241e27b7c74cda13e9e47ecc2718,1,,source_jpeg
LTMD_U1_W11_NONSTANDARD_ASSET_AUDIT_0.1,H2014P4CCA,2014,4,Conoce nuestra Constitución,nonstandard_html_official_config,H2014P4CCA,9,66,9,https://historico.conaliteg.gob.mx/c/H2014P4CCA/009.jpg,0,served_image,200,image/jpeg,319980,7a5d6fdae954b2288dfa6b627e1b53b5eb50fc69c442ae5c733d48b12f5ca642,1,,source_jpeg
LTMD_U1_W11_NONSTANDARD_ASSET_AUDIT_0.1,H2014P4CCA,2014,4,Conoce nuestra Constitución,nonstandard_html_official_config,H2014P4CCA,10,66,10,https://historico.conaliteg.gob.mx/c/H2014P4CCA/010.jpg,0,served_image,200,image/jpeg,17359,12f9486a077db3da9c9edaa40dd00d94386a5638f13fe720c2a4815a06935967,1,,source_jpeg
LTMD_U1_W11_NONSTANDARD_ASSET_AUDIT_0.1,H2014P4CCA,2014,4,Conoce nuestra Constitución,nonstandard_html_official_config,H2014P4CCA,11,66,11,https://historico.conaliteg.gob.mx/c/H2014P4CCA/011.jpg,0,served_image,200,image/jpeg,914758,b16d31582eaebd7f14bcdaf7e03c3bb0897829a416b1ba6cccfc5369ef19695c,1,,source_jpeg
LTMD_U1_W11_NONSTANDARD_ASSET_AUDIT_0.1,H2014P4CCA,2014,4,Conoce nuestra Constitución,nonstandard_html_official_config,H2014P4CCA,12,66,12,https://historico.conaliteg.gob.mx/c/H2014P4CCA/012.jpg,0,served_image,200,image/jpeg,493397,0ecabe8f628a635ef6162f35c64ca95d9c5c55ad13980a140624e51eda4606ca,1,,source_jpeg
LTMD_U1_W11_NONSTANDARD_ASSET_AUDIT_0.1,H2014P4CCA,2014,4,Conoce nuestra Constitución,nonstandard_html_official_config,H2014P4CCA,13,66,13,https://historico.conaliteg.gob.mx/c/H2014P4CCA/013.jpg,0,served_image,200,image/jpeg,562561,0b0c73b937405fdc024b55e3b64a4a8ca28300632f51922fd7f4edf114561072,1,,source_jpeg
LTMD_U1_W11_NONSTANDARD_ASSET_AUDIT_0.1,H2014P4CCA,2014,4,Conoce nuestra Constitución,nonstandard_html_official_config,H2014P4CCA,14,66,14,https://historico.conaliteg.gob.mx/c/H2014P4CCA/014.jpg,0,served_image,200,image/jpeg,731035,48a77c039299c73a9360463e5f3aa24e3d251261ba49d9c54f7aa68ee1dcb5b7,1,,source_jpeg
LTMD_U1_W11_NONSTANDARD_ASSET_AUDIT_0.1,H2014P4CCA,2014,4,Conoce nuestra Constitución,nonstandard_html_official_config,H2014P4CCA,15,66,15,https://historico.conaliteg.gob.mx/c/H2014P4CCA/015.jpg,0,served_image,200,image/jpeg,732729,0905d525160a1a9e3f549cae02abdae9cc0dc2b49fb42d3ea40e9a81009e3ea1,1,,source_jpeg
LTMD_U1_W11_NONSTANDARD_ASSET_AUDIT_0.1,H2014P4CCA,2014,4,Conoce nuestra Constitución,nonstandard_html_official_config,H2014P4CCA,16,66,16,https://historico.conaliteg.gob.mx/c/H2014P4CCA/016.jpg,0,served_image,200,image/jpeg,796743,e9620994e628c5bdfcb48bcea9613437255bedff3a942f48905c7c7dde756067,1,,source_jpeg
LTMD_U1_W11_NONSTANDARD_ASSET_AUDIT_0.1,H2014P4CCA,2014,4,Conoce nuestra Constitución,nonstandard_html_official_config,H2014P4CCA,17,66,17,https://historico.conaliteg.gob.mx/c/H2014P4CCA/017.jpg,0,served_image,200,image/jpeg,806591,707aa3fd5b4b4268e42938e14eda724a1473b3a120386a23110fd7df525de385,1,,source_jpeg
LTMD_U1_W11_NONSTANDARD_ASSET_AUDIT_0.1,H2014P4CCA,2014,4,Conoce nuestra Constitución,nonstandard_html_official_config,H2014P4CCA,18,66,18,https://historico.conaliteg.gob.mx/c/H2014P4CCA/018.jpg,0,served_image,200,image/jpeg,777932,b43b72b305908d57c1f759bbc9b4d4bbd276a0b2ed66c027709df0f2dc034c22,1,,source_jpeg
LTMD_U1_W11_NONSTANDARD_ASSET_AUDIT_0.1,H2014P4CCA,2014,4,Conoce nuestra Constitución,nonstandard_html_official_config,H2014P4CCA,19,66,19,https://historico.conaliteg.gob.mx/c/H2014P4CCA/019.jpg,0,served_image,200,image/jpeg,738238,3d487f3e0c6732a7f4003633cbfbdc5af5bdd923739ae59db7289278cb8e5490,1,,source_jpeg
LTMD_U1_W11_NONSTANDARD_ASSET_AUDIT_0.1,H2014P4CCA,2014,4,Conoce nuestra Constitución,nonstandard_html_official_config,H2014P4CCA,20,66,20,https://historico.conaliteg.gob.mx/c/H2014P4CCA/020.jpg,0,served_image,200,image/jpeg,758142,31a28d128b80667cef82d932b5c37a282158dfcff16f1321e7b4675b33f5f6fe,1,,source_jpeg
LTMD_U1_W11_NONSTANDARD_ASSET_AUDIT_0.1,H2014P4CCA,2014,4,Conoce nuestra Constitución,nonstandard_html_official_config,H2014P4CCA,21,66,21,https://historico.conaliteg.gob.mx/c/H2014P4CCA/021.jpg,0,served_image,200,image/jpeg,797993,f8c98112178c8083c0491e6dcd03d304e2ef5d4c5f72a39118690116cae39f4e,1,,source_jpeg
LTMD_U1_W11_NONSTANDARD_ASSET_AUDIT_0.1,H2014P4CCA,2014,4,Conoce nuestra Constitución,nonstandard_html_official_config,H2014P4CCA,22,66,22,https://historico.conaliteg.gob.mx/c/H2014P4CCA/022.jpg,0,served_image,200,image/jpeg,767670,4fd49fbe287e15a80e12a59828141effca8a2730afc8e0f0b55238fd4e114616,1,,source_jpeg
LTMD_U1_W11_NONSTANDARD_ASSET_AUDIT_0.1,H2014P4CCA,2014,4,Conoce nuestra Constitución,nonstandard_html_official_config,H2014P4CCA,23,66,23,https://historico.conaliteg.gob.mx/c/H2014P4CCA/023.jpg,0,served_image,200,image/jpeg,801492,3856bdce04c5950366ab8030fa4a36fec33de4ad3c1519289c67c3b585777407,1,,source_jpeg
LTMD_U1_W11_NONSTANDARD_ASSET_AUDIT_0.1,H2014P4CCA,2014,4,Conoce nuestra Constitución,nonstandard_html_official_config,H2014P4CCA,24,66,24,https://historico.conaliteg.gob.mx/c/H2014P4CCA/024.jpg,0,served_image,200,image/jpeg,742751,c5d441afec9aff05d64bc13a8cdbbbab26b858a894fec0e8498d671179d93462,1,,source_jpeg
LTMD_U1_W11_NONSTANDARD_ASSET_AUDIT_0.1,H2014P4CCA,2014,4,Conoce nuestra Constitución,nonstandard_html_official_config,H2014P4CCA,25,66,25,https://historico.conaliteg.gob.mx/c/H2014P4CCA/025.jpg,0,served_image,200,image/jpeg,747764,256a637a860b4fc0ca0bca573680b5ce3534e611511d735f31d601b68c647ea0,1,,source_jpeg
LTMD_U1_W11_NONSTANDARD_ASSET_AUDIT_0.1,H2014P4CCA,2014,4,Conoce nuestra Constitución,nonstandard_html_official_config,H2014P4CCA,26,66,26,https://historico.conaliteg.gob.mx/c/H2014P4CCA/026.jpg,0,served_image,200,image/jpeg,693808,d08adb21c2b5a36d3e2288690102042f09a2030240b8bb9b6db5a2aac164da07,1,,source_jpeg
LTMD_U1_W11_NONSTANDARD_ASSET_AUDIT_0.1,H2014P4CCA,2014,4,Conoce nuestra Constitución,nonstandard_html_official_config,H2014P4CCA,27,66,27,https://historico.conaliteg.gob.mx/c/H2014P4CCA/027.jpg,0,served_image,200,image/jpeg,688105,235ee0f4df747ea8c3cf23285ff96822e74fa3cdbea866e30783d96420b5928f,1,,source_jpeg
LTMD_U1_W11_NONSTANDARD_ASSET_AUDIT_0.1,H2014P4CCA,2014,4,Conoce nuestra Constitución,nonstandard_html_official_config,H2014P4CCA,28,66,28,https://historico.conaliteg.gob.mx/c/H2014P4CCA/028.jpg,0,served_image,200,image/jpeg,608378,ece09cedcaffe0dd3d11dee95ecfe12842366a2aa06935b6d87657542c31d2db,1,,source_jpeg
LTMD_U1_W11_NONSTANDARD_ASSET_AUDIT_0.1,H2014P4CCA,2014,4,Conoce nuestra Constitución,nonstandard_html_official_config,H2014P4CCA,29,66,29,https://historico.conaliteg.gob.mx/c/H2014P4CCA/029.jpg,0,served_image,200,image/jpeg,788595,b33026e7190db6706165d7778f88929d6dbb2155f3ef1fe2b4f5bde06e459bed,1,,source_jpeg
LTMD_U1_W11_NONSTANDARD_ASSET_AUDIT_0.1,H2014P4CCA,2014,4,Conoce nuestra Constitución,nonstandard_html_official_config,H2014P4CCA,30,66,30,https://historico.conaliteg.gob.mx/c/H2014P4CCA/030.jpg,0,served_image,200,image/jpeg,741629,d03ff1b730493baa349d397e7db19eeaf526f31936cbd2949ef8aad8e0b710d7,1,,source_jpeg
LTMD_U1_W11_NONSTANDARD_ASSET_AUDIT_0.1,H2014P4CCA,2014,4,Conoce nuestra Constitución,nonstandard_html_official_config,H2014P4CCA,31,66,31,https://historico.conaliteg.gob.mx/c/H2014P4CCA/031.jpg,0,served_image,200,image/jpeg,749799,3e1a152185bdcb177818adb9535f652f22d9a30dd8e8939946e665b1d47be100,1,,source_jpeg
LTMD_U1_W11_NONSTANDARD_ASSET_AUDIT_0.1,H2014P4CCA,2014,4,Conoce nuestra Constitución,nonstandard_html_official_config,H2014P4CCA,32,66,32,https://historico.conaliteg.gob.mx/c/H2014P4CCA/032.jpg,0,served_image,200,image/jpeg,730505,58438711d898887635a5896b80c70ccd22b2e40dd342a5aec689e9f3d4d85aa8,1,,source_jpeg
LTMD_U1_W11_NONSTANDARD_ASSET_AUDIT_0.1,H2014P4CCA,2014,4,Conoce nuestra Constitución,nonstandard_html_official_config,H2014P4CCA,33,66,33,https://historico.conaliteg.gob.mx/c/H2014P4CCA/033.jpg,0,served_image,200,image/jpeg,691675,8320367d9da0f8648f0091658b67541b184ed9390e5a15eca975f537c1379578,1,,source_jpeg
LTMD_U1_W11_NONSTANDARD_ASSET_AUDIT_0.1,H2014P4CCA,2014,4,Conoce nuestra Constitución,nonstandard_html_official_config,H2014P4CCA,34,66,34,https://historico.conaliteg.gob.mx/c/H2014P4CCA/034.jpg,0,served_image,200,image/jpeg,807210,cb712c67abfaf7868c0b193dad93b131b94a3cf6485025fdbaf1ed3fbe362857,1,,source_jpeg
LTMD_U1_W11_NONSTANDARD_ASSET_AUDIT_0.1,H2014P4CCA,2014,4,Conoce nuestra Constitución,nonstandard_html_official_config,H2014P4CCA,35,66,35,https://historico.conaliteg.gob.mx/c/H2014P4CCA/035.jpg,0,served_image,200,image/jpeg,777541,4bf5b43bcc3120128711874bc15084a161bc2def2184baefdb156f2d18101c39,1,,source_jpeg
LTMD_U1_W11_NONSTANDARD_ASSET_AUDIT_0.1,H2014P4CCA,2014,4,Conoce nuestra Constitución,nonstandard_html_official_config,H2014P4CCA,36,66,36,https://historico.conaliteg.gob.mx/c/H2014P4CCA/036.jpg,0,served_image,200,image/jpeg,711092,f25999408dea113ec082a3edaec153f9ee961928359a5666769ee2dc002ca184,1,,source_jpeg
LTMD_U1_W11_NONSTANDARD_ASSET_AUDIT_0.1,H2014P4CCA,2014,4,Conoce nuestra Constitución,nonstandard_html_official_config,H2014P4CCA,37,66,37,https://historico.conaliteg.gob.mx/c/H2014P4CCA/037.jpg,0,served_image,200,image/jpeg,876864,008c17eca53a8344369f24c81e5ce18711e99344b7e09bb44f1c5aedc6de467f,1,,source_jpeg
LTMD_U1_W11_NONSTANDARD_ASSET_AUDIT_0.1,H2014P4CCA,2014,4,Conoce nuestra Constitución,nonstandard_html_official_config,H2014P4CCA,38,66,38,https://historico.conaliteg.gob.mx/c/H2014P4CCA/038.jpg,0,served_image,200,image/jpeg,766743,4108a600d7986e17623aa276698416bc907e354c76ca354a6f7fd291358a60d8,1,,source_jpeg
LTMD_U1_W11_NONSTANDARD_ASSET_AUDIT_0.1,H2014P4CCA,2014,4,Conoce nuestra Constitución,nonstandard_html_official_config,H2014P4CCA,39,66,39,https://historico.conaliteg.gob.mx/c/H2014P4CCA/039.jpg,0,served_image,200,image/jpeg,653355,6d215451a7f1f63c734b364b2ecdedbb8996150c9cefbbb76113330600bcb0af,1,,source_jpeg
LTMD_U1_W11_NONSTANDARD_ASSET_AUDIT_0.1,H2014P4CCA,2014,4,Conoce nuestra Constitución,nonstandard_html_official_config,H2014P4CCA,40,66,40,https://historico.conaliteg.gob.mx/c/H2014P4CCA/040.jpg,0,served_image,200,image/jpeg,944466,60682c7e2b4d51c5cd4361ee0c9dca9769f7bfbf4e4b08ebd2b6757beb7b16da,1,,source_jpeg
LTMD_U1_W11_NONSTANDARD_ASSET_AUDIT_0.1,H2014P4CCA,2014,4,Conoce nuestra Constitución,nonstandard_html_official_config,H2014P4CCA,41,66,41,https://historico.conaliteg.gob.mx/c/H2014P4CCA/041.jpg,0,served_image,200,image/jpeg,719533,32679d516121722c269e4b41d51f9e41fccdef3af0e1e84687ef2ca3bfa850d7,1,,source_jpeg
LTMD_U1_W11_NONSTANDARD_ASSET_AUDIT_0.1,H2014P4CCA,2014,4,Conoce nuestra Constitución,nonstandard_html_official_config,H2014P4CCA,42,66,42,https://historico.conaliteg.gob.mx/c/H2014P4CCA/042.jpg,0,served_image,200,image/jpeg,697891,432147018bb27e572d8842a5366108584f522eb3a5fe3dfd33a23ef718ff18a4,1,,source_jpeg
LTMD_U1_W11_NONSTANDARD_ASSET_AUDIT_0.1,H2014P4CCA,2014,4,Conoce nuestra Constitución,nonstandard_html_official_config,H2014P4CCA,43,66,43,https://historico.conaliteg.gob.mx/c/H2014P4CCA/043.jpg,0,served_image,200,image/jpeg,650991,a3b3bb986a60b6bdd5c3a1a88aec3b59a631086be8aa8d72672c292dd2fd9472,1,,source_jpeg
LTMD_U1_W11_NONSTANDARD_ASSET_AUDIT_0.1,H2014P4CCA,2014,4,Conoce nuestra Constitución,nonstandard_html_official_config,H2014P4CCA,44,66,44,https://historico.conaliteg.gob.mx/c/H2014P4CCA/044.jpg,0,served_image,200,image/jpeg,783321,e9e6c164e8b763b1f81aefd464f96be878804ef5accf07ef8d60a971906a3bf0,1,,source_jpeg
LTMD_U1_W11_NONSTANDARD_ASSET_AUDIT_0.1,H2014P4CCA,2014,4,Conoce nuestra Constitución,nonstandard_html_official_config,H2014P4CCA,45,66,45,https://historico.conaliteg.gob.mx/c/H2014P4CCA/045.jpg,0,served_image,200,image/jpeg,479878,8d1c18c6e1621b63ad6c84641a77d8e6aee8ff783b217eeb42baadae910ee700,1,,source_jpeg
LTMD_U1_W11_NONSTANDARD_ASSET_AUDIT_0.1,H2014P4CCA,2014,4,Conoce nuestra Constitución,nonstandard_html_official_config,H2014P4CCA,46,66,46,https://historico.conaliteg.gob.mx/c/H2014P4CCA/046.jpg,0,served_image,200,image/jpeg,773625,078f5b63a75b691ccbc1494584610a28a73845004b9effe95edb40cc998b84a0,1,,source_jpeg
LTMD_U1_W11_NONSTANDARD_ASSET_AUDIT_0.1,H2014P4CCA,2014,4,Conoce nuestra Constitución,nonstandard_html_official_config,H2014P4CCA,47,66,47,https://historico.conaliteg.gob.mx/c/H2014P4CCA/047.jpg,0,served_image,200,image/jpeg,804599,19ad021db7612e2a106c8a3b01b58c2ba04f574ded05c60b0f4f8554ad5a64de,1,,source_jpeg
LTMD_U1_W11_NONSTANDARD_ASSET_AUDIT_0.1,H2014P4CCA,2014,4,Conoce nuestra Constitución,nonstandard_html_official_config,H2014P4CCA,48,66,48,https://historico.conaliteg.gob.mx/c/H2014P4CCA/048.jpg,0,served_image,200,image/jpeg,567588,4593698da123f417f39e7d41442efaa40e08b0afaa371142fbc4924fe183b6c5,1,,source_jpeg
LTMD_U1_W11_NONSTANDARD_ASSET_AUDIT_0.1,H2014P4CCA,2014,4,Conoce nuestra Constitución,nonstandard_html_official_config,H2014P4CCA,49,66,49,https://historico.conaliteg.gob.mx/c/H2014P4CCA/049.jpg,0,served_image,200,image/jpeg,695521,d2381ce7ae04aa8121da3124a6e84672f84695c99210d90704c737c9907ad66b,1,,source_jpeg
LTMD_U1_W11_NONSTANDARD_ASSET_AUDIT_0.1,H2014P4CCA,2014,4,Conoce nuestra Constitución,nonstandard_html_official_config,H2014P4CCA,50,66,50,https://historico.conaliteg.gob.mx/c/H2014P4CCA/050.jpg,0,served_image,200,image/jpeg,555072,8cb8d2f94d58040bbd3c24f38b001ecfe17d4210375679f1687afe286b65bdd8,1,,source_jpeg
LTMD_U1_W11_NONSTANDARD_ASSET_AUDIT_0.1,H2014P4CCA,2014,4,Conoce nuestra Constitución,nonstandard_html_official_config,H2014P4CCA,51,66,51,https://historico.conaliteg.gob.mx/c/H2014P4CCA/051.jpg,0,served_image,200,image/jpeg,676799,476fc6a5c5d718c925a1decadd2e8f21c72ae2833a06d1024ccf8151aedadb27,1,,source_jpeg
LTMD_U1_W11_NONSTANDARD_ASSET_AUDIT_0.1,H2014P4CCA,2014,4,Conoce nuestra Constitución,nonstandard_html_official_config,H2014P4CCA,52,66,52,https://historico.conaliteg.gob.mx/c/H2014P4CCA/052.jpg,0,served_image,200,image/jpeg,570714,7506c35b8e38ebeb53cdf207131fff4e79a7bdf04845ebecedadb8ef5e102ce1,1,,source_jpeg
LTMD_U1_W11_NONSTANDARD_ASSET_AUDIT_0.1,H2014P4CCA,2014,4,Conoce nuestra Constitución,nonstandard_html_official_config,H2014P4CCA,53,66,53,https://historico.conaliteg.gob.mx/c/H2014P4CCA/053.jpg,0,served_image,200,image/jpeg,685430,153299da29e020922cffc477de8f4766fc195bbd7bce535d3d541c33bb250e04,1,,source_jpeg
LTMD_U1_W11_NONSTANDARD_ASSET_AUDIT_0.1,H2014P4CCA,2014,4,Conoce nuestra Constitución,nonstandard_html_official_config,H2014P4CCA,54,66,54,https://historico.conaliteg.gob.mx/c/H2014P4CCA/054.jpg,0,served_image,200,image/jpeg,674605,086de9409a3599dd7717c5e3e952a105899a708e2ed60589f11f6c34e7f5278c,1,,source_jpeg
LTMD_U1_W11_NONSTANDARD_ASSET_AUDIT_0.1,H2014P4CCA,2014,4,Conoce nuestra Constitución,nonstandard_html_official_config,H2014P4CCA,55,66,55,https://historico.conaliteg.gob.mx/c/H2014P4CCA/055.jpg,0,served_image,200,image/jpeg,671518,7d1337119a645f94eb18e7fadd4f939a7e2ef43977adcfe9f25fc5ced5d4c150,1,,source_jpeg
LTMD_U1_W11_NONSTANDARD_ASSET_AUDIT_0.1,H2014P4CCA,2014,4,Conoce nuestra Constitución,nonstandard_html_official_config,H2014P4CCA,56,66,56,https://historico.conaliteg.gob.mx/c/H2014P4CCA/056.jpg,0,served_image,200,image/jpeg,728018,2ab4f68344715a29db03faa76db5fc3f257ba0f6d85268ed0bd1a2dcdf044543,1,,source_jpeg
LTMD_U1_W11_NONSTANDARD_ASSET_AUDIT_0.1,H2014P4CCA,2014,4,Conoce nuestra Constitución,nonstandard_html_official_config,H2014P4CCA,57,66,57,https://historico.conaliteg.gob.mx/c/H2014P4CCA/057.jpg,0,served_image,200,image/jpeg,675046,75fde2bb3093e8bc884db1e8ad065919b6c4c96a7cf77fbd4c4014fd95f3f911,1,,source_jpeg
LTMD_U1_W11_NONSTANDARD_ASSET_AUDIT_0.1,H2014P4CCA,2014,4,Conoce nuestra Constitución,nonstandard_html_official_config,H2014P4CCA,58,66,58,https://historico.conaliteg.gob.mx/c/H2014P4CCA/058.jpg,0,served_image,200,image/jpeg,740011,738d7b717f9684342f59ba579d5167e23cf8562b998ebab597c184f9f4c1d256,1,,source_jpeg
LTMD_U1_W11_NONSTANDARD_ASSET_AUDIT_0.1,H2014P4CCA,2014,4,Conoce nuestra Constitución,nonstandard_html_official_config,H2014P4CCA,59,66,59,https://historico.conaliteg.gob.mx/c/H2014P4CCA/059.jpg,0,served_image,200,image/jpeg,563484,096c2a811a1532e25af718fcddfa6777f8aa0f4d9f4efaa006d571718a88c805,1,,source_jpeg
LTMD_U1_W11_NONSTANDARD_ASSET_AUDIT_0.1,H2014P4CCA,2014,4,Conoce nuestra Constitución,nonstandard_html_official_config,H2014P4CCA,60,66,60,https://historico.conaliteg.gob.mx/c/H2014P4CCA/060.jpg,0,served_image,200,image/jpeg,152142,362d55d6191504cf8d9d818ace7670babc6ce87dfa382f13415da24c6b479b76,1,,source_jpeg
LTMD_U1_W11_NONSTANDARD_ASSET_AUDIT_0.1,H2014P4CCA,2014,4,Conoce nuestra Constitución,nonstandard_html_official_config,H2014P4CCA,61,66,61,https://historico.conaliteg.gob.mx/c/H2014P4CCA/061.jpg,0,served_image,200,image/jpeg,248530,b31dbbeb83195fdceb64f5608c80fe36779fe43306d23623510d8d600754690b,1,,source_jpeg
LTMD_U1_W11_NONSTANDARD_ASSET_AUDIT_0.1,H2014P4CCA,2014,4,Conoce nuestra Constitución,nonstandard_html_official_config,H2014P4CCA,62,66,62,https://historico.conaliteg.gob.mx/c/H2014P4CCA/062.jpg,0,served_image,200,image/jpeg,232910,fc78a8c90290e3a154ef1533d5cbaa2bfce3833f74bb6c9a6c7272d3bb2b6d0a,1,,source_jpeg
LTMD_U1_W11_NONSTANDARD_ASSET_AUDIT_0.1,H2014P4CCA,2014,4,Conoce nuestra Constitución,nonstandard_html_official_config,H2014P4CCA,63,66,63,https://historico.conaliteg.gob.mx/c/H2014P4CCA/063.jpg,0,served_image,200,image/jpeg,100183,708a7871f7eaf71ba121470a0fbea60e709fc47173e9ae4911779fbe9776b8d9,1,,source_jpeg
LTMD_U1_W11_NONSTANDARD_ASSET_AUDIT_0.1,H2014P4CCA,2014,4,Conoce nuestra Constitución,nonstandard_html_official_config,H2014P4CCA,64,66,64,https://historico.conaliteg.gob.mx/c/H2014P4CCA/064.jpg,0,served_image,200,image/jpeg,132405,91cb50f9a5ca39b9e6df34d2b4d60742091b7609d233fae0695b6d759c21ba0f,1,,source_jpeg
LTMD_U1_W11_NONSTANDARD_ASSET_AUDIT_0.1,H2014P4CCA,2014,4,Conoce nuestra Constitución,nonstandard_html_official_config,H2014P4CCA,65,66,65,https://historico.conaliteg.gob.mx/c/H2014P4CCA/065.jpg,0,served_image,200,image/jpeg,76511,c8acc4dd1b0582c63c06a43f8a3bbf951f6732d2e1a8fb6c346dd6bcff9b00eb,1,,source_jpeg
LTMD_U1_W11_NONSTANDARD_ASSET_AUDIT_0.1,H2014P4CCA,2014,4,Conoce nuestra Constitución,nonstandard_html_official_config,H2014P4CCA,66,66,66,https://historico.conaliteg.gob.mx/c/H2014P4CCA/066.jpg,1,http_404,404,text/html; charset=iso-8859-1,,,1,HTTP 404,terminal_synthetic_candidate
LTMD_U1_W11_NONSTANDARD_ASSET_AUDIT_0.1,H2018P1CAM,2018,1,Material de apoyo a la alfabetización Inicial. Tiras recortables,nonstandard_html_official_config,H2018P1CAM,1,114,0,https://historico.conaliteg.gob.mx/c/H2018P1CAM/000.jpg,0,served_image,200,image/jpeg,311515,da667c7723a0a13d9ea0723e21e2ad2cd8138be08024c9d774e08a5e06ea66aa,1,,source_jpeg
LTMD_U1_W11_NONSTANDARD_ASSET_AUDIT_0.1,H2018P1CAM,2018,1,Material de apoyo a la alfabetización Inicial. Tiras recortables,nonstandard_html_official_config,H2018P1CAM,2,114,2,https://historico.conaliteg.gob.mx/c/H2018P1CAM/002.jpg,0,served_image,200,image/jpeg,165191,fd618afc52f697e665521bc33482130e546386607d716201faa5425cffbf678f,1,,source_jpeg
LTMD_U1_W11_NONSTANDARD_ASSET_AUDIT_0.1,H2018P1CAM,2018,1,Material de apoyo a la alfabetización Inicial. Tiras recortables,nonstandard_html_official_config,H2018P1CAM,3,114,3,https://historico.conaliteg.gob.mx/c/H2018P1CAM/003.jpg,0,served_image,200,image/jpeg,275817,82e6df5e8d663fa4b3b30741a160078b66e82bbe3757329aa5e2955ca693a739,1,,source_jpeg
LTMD_U1_W11_NONSTANDARD_ASSET_AUDIT_0.1,H2018P1CAM,2018,1,Material de apoyo a la alfabetización Inicial. Tiras recortables,nonstandard_html_official_config,H2018P1CAM,4,114,4,https://historico.conaliteg.gob.mx/c/H2018P1CAM/004.jpg,0,served_image,200,image/jpeg,91098,7a1bfe8eed99063b501035f8808b6c5142374fef5e6ca17c84b66e576ed92ae0,1,,source_jpeg
LTMD_U1_W11_NONSTANDARD_ASSET_AUDIT_0.1,H2018P1CAM,2018,1,Material de apoyo a la alfabetización Inicial. Tiras recortables,nonstandard_html_official_config,H2018P1CAM,5,114,5,https://historico.conaliteg.gob.mx/c/H2018P1CAM/005.jpg,0,served_image,200,image/jpeg,145272,33ec876dfb8e3456d42791689cab0b23a8104fc9d77d921a72f1bbe1144a16db,1,,source_jpeg
LTMD_U1_W11_NONSTANDARD_ASSET_AUDIT_0.1,H2018P1CAM,2018,1,Material de apoyo a la alfabetización Inicial. Tiras recortables,nonstandard_html_official_config,H2018P1CAM,6,114,6,https://historico.conaliteg.gob.mx/c/H2018P1CAM/006.jpg,0,served_image,200,image/jpeg,91090,9523edda0c1b56a730b9a7f6a9c19c6a4aaf7d05aa96cd1f7c6d68f0375f49c9,1,,source_jpeg
LTMD_U1_W11_NONSTANDARD_ASSET_AUDIT_0.1,H2018P1CAM,2018,1,Material de apoyo a la alfabetización Inicial. Tiras recortables,nonstandard_html_official_config,H2018P1CAM,7,114,7,https://historico.conaliteg.gob.mx/c/H2018P1CAM/007.jpg,0,served_image,200,image/jpeg,200897,1ae797330c2cd4f04c32fca9b96b5a000f58e2c45381d5b56e81a38dc7379e77,1,,source_jpeg
LTMD_U1_W11_NONSTANDARD_ASSET_AUDIT_0.1,H2018P1CAM,2018,1,Material de apoyo a la alfabetización Inicial. Tiras recortables,nonstandard_html_official_config,H2018P1CAM,8,114,8,https://historico.conaliteg.gob.mx/c/H2018P1CAM/008.jpg,0,served_image,200,image/jpeg,91090,b0dc2d54d110ddc8e6017cb1dd0f35a175d5b26a2df27fe435805bae92d4651a,1,,source_jpeg
LTMD_U1_W11_NONSTANDARD_ASSET_AUDIT_0.1,H2018P1CAM,2018,1,Material de apoyo a la alfabetización Inicial. Tiras recortables,nonstandard_html_official_config,H2018P1CAM,9,114,9,https://historico.conaliteg.gob.mx/c/H2018P1CAM/009.jpg,0,served_image,200,image/jpeg,254137,84b398c4b9eddfe36599f961b391eb8f2580c7724694b690b2aa113e35e7ea9e,1,,source_jpeg
LTMD_U1_W11_NONSTANDARD_ASSET_AUDIT_0.1,H2018P1CAM,2018,1,Material de apoyo a la alfabetización Inicial. Tiras recortables,nonstandard_html_official_config,H2018P1CAM,10,114,10,https://historico.conaliteg.gob.mx/c/H2018P1CAM/010.jpg,0,served_image,200,image/jpeg,91100,06c9aca96c0adff3ce013dc7d43959505f80804db1099d99531146b2bd1aa7af,1,,source_jpeg
LTMD_U1_W11_NONSTANDARD_ASSET_AUDIT_0.1,H2018P1CAM,2018,1,Material de apoyo a la alfabetización Inicial. Tiras recortables,nonstandard_html_official_config,H2018P1CAM,11,114,11,https://historico.conaliteg.gob.mx/c/H2018P1CAM/011.jpg,0,served_image,200,image/jpeg,244872,d0939eddae290caa9db3113e002d7f14b037aa90114f0c1c4275b7d314278eec,1,,source_jpeg
LTMD_U1_W11_NONSTANDARD_ASSET_AUDIT_0.1,H2018P1CAM,2018,1,Material de apoyo a la alfabetización Inicial. Tiras recortables,nonstandard_html_official_config,H2018P1CAM,12,114,12,https://historico.conaliteg.gob.mx/c/H2018P1CAM/012.jpg,0,served_image,200,image/jpeg,91092,e8c90706e4c7f739caafd5642fb589ebf783135a02b95a8f15aca055e57442d2,1,,source_jpeg
LTMD_U1_W11_NONSTANDARD_ASSET_AUDIT_0.1,H2018P1CAM,2018,1,Material de apoyo a la alfabetización Inicial. Tiras recortables,nonstandard_html_official_config,H2018P1CAM,13,114,13,https://historico.conaliteg.gob.mx/c/H2018P1CAM/013.jpg,0,served_image,200,image/jpeg,194744,523ba4cf709d16124ba3be44a347e63412e6c849d2097893734436d254eaf16c,1,,source_jpeg
LTMD_U1_W11_NONSTANDARD_ASSET_AUDIT_0.1,H2018P1CAM,2018,1,Material de apoyo a la alfabetización Inicial. Tiras recortables,nonstandard_html_official_config,H2018P1CAM,14,114,14,https://historico.conaliteg.gob.mx/c/H2018P1CAM/014.jpg,0,served_image,200,image/jpeg,91092,cfd8d3d61beb03ae03e8efbdf9bef1596d76dc81ccad05d26c246944d8872a1e,1,,source_jpeg
LTMD_U1_W11_NONSTANDARD_ASSET_AUDIT_0.1,H2018P1CAM,2018,1,Material de apoyo a la alfabetización Inicial. Tiras recortables,nonstandard_html_official_config,H2018P1CAM,15,114,15,https://historico.conaliteg.gob.mx/c/H2018P1CAM/015.jpg,0,served_image,200,image/jpeg,183270,e4568c91761d4b9e71da4ee98fb22abb2ea00af168e86bf5f5fdea4e340bc82d,1,,source_jpeg
LTMD_U1_W11_NONSTANDARD_ASSET_AUDIT_0.1,H2018P1CAM,2018,1,Material de apoyo a la alfabetización Inicial. Tiras recortables,nonstandard_html_official_config,H2018P1CAM,16,114,16,https://historico.conaliteg.gob.mx/c/H2018P1CAM/016.jpg,0,served_image,200,image/jpeg,91092,01a97cd2ea1d885560989e01cfe4967d7e70210b99b939c8170307dba1056a78,1,,source_jpeg
LTMD_U1_W11_NONSTANDARD_ASSET_AUDIT_0.1,H2018P1CAM,2018,1,Material de apoyo a la alfabetización Inicial. Tiras recortables,nonstandard_html_official_config,H2018P1CAM,17,114,17,https://historico.conaliteg.gob.mx/c/H2018P1CAM/017.jpg,0,served_image,200,image/jpeg,209967,b30b25584ebe8fca5caa6e5b78c23ea565e39f4c557563fc0257d00cb19120b4,1,,source_jpeg
LTMD_U1_W11_NONSTANDARD_ASSET_AUDIT_0.1,H2018P1CAM,2018,1,Material de apoyo a la alfabetización Inicial. Tiras recortables,nonstandard_html_official_config,H2018P1CAM,18,114,18,https://historico.conaliteg.gob.mx/c/H2018P1CAM/018.jpg,0,served_image,200,image/jpeg,91092,38f092bada847bde3f9b5713d611df482e62bf18bac9601fca743abf1db812f1,1,,source_jpeg
LTMD_U1_W11_NONSTANDARD_ASSET_AUDIT_0.1,H2018P1CAM,2018,1,Material de apoyo a la alfabetización Inicial. Tiras recortables,nonstandard_html_official_config,H2018P1CAM,19,114,19,https://historico.conaliteg.gob.mx/c/H2018P1CAM/019.jpg,0,served_image,200,image/jpeg,210689,b912d0eb439f002daa9abcb2d554f615ae243f6b24d4e1d03afcc206fb1878e0,1,,source_jpeg
LTMD_U1_W11_NONSTANDARD_ASSET_AUDIT_0.1,H2018P1CAM,2018,1,Material de apoyo a la alfabetización Inicial. Tiras recortables,nonstandard_html_official_config,H2018P1CAM,20,114,20,https://historico.conaliteg.gob.mx/c/H2018P1CAM/020.jpg,0,served_image,200,image/jpeg,91092,af1577e60bd2761df9d98855815849c4a66c3297fdd419c17d8442a755eaa67f,1,,source_jpeg
LTMD_U1_W11_NONSTANDARD_ASSET_AUDIT_0.1,H2018P1CAM,2018,1,Material de apoyo a la alfabetización Inicial. Tiras recortables,nonstandard_html_official_config,H2018P1CAM,21,114,21,https://historico.conaliteg.gob.mx/c/H2018P1CAM/021.jpg,0,served_image,200,image/jpeg,214395,51a4a896c3e30cb3d9fec31b85999c299a20d4a6798bcea424c2c312361749b4,1,,source_jpeg
LTMD_U1_W11_NONSTANDARD_ASSET_AUDIT_0.1,H2018P1CAM,2018,1,Material de apoyo a la alfabetización Inicial. Tiras recortables,nonstandard_html_official_config,H2018P1CAM,22,114,22,https://historico.conaliteg.gob.mx/c/H2018P1CAM/022.jpg,0,served_image,200,image/jpeg,91100,1067c376a39f2402129230e0f693ca847ff1f81a8ddd6da456960fb9162e2a4d,1,,source_jpeg
LTMD_U1_W11_NONSTANDARD_ASSET_AUDIT_0.1,H2018P1CAM,2018,1,Material de apoyo a la alfabetización Inicial. Tiras recortables,nonstandard_html_official_config,H2018P1CAM,23,114,23,https://historico.conaliteg.gob.mx/c/H2018P1CAM/023.jpg,0,served_image,200,image/jpeg,180654,645dc1adb9aa4e8a3f9e8d1cbe4b2d52d18ad958a09b78b4a44daa5d6ca247f1,1,,source_jpeg
LTMD_U1_W11_NONSTANDARD_ASSET_AUDIT_0.1,H2018P1CAM,2018,1,Material de apoyo a la alfabetización Inicial. Tiras recortables,nonstandard_html_official_config,H2018P1CAM,24,114,24,https://historico.conaliteg.gob.mx/c/H2018P1CAM/024.jpg,0,served_image,200,image/jpeg,91100,a524a65957ba224fe70a48a50dd7f3f4ad8164e9f178205b6567684bdb9224b3,1,,source_jpeg
LTMD_U1_W11_NONSTANDARD_ASSET_AUDIT_0.1,H2018P1CAM,2018,1,Material de apoyo a la alfabetización Inicial. Tiras recortables,nonstandard_html_official_config,H2018P1CAM,25,114,25,https://historico.conaliteg.gob.mx/c/H2018P1CAM/025.jpg,0,served_image,200,image/jpeg,172398,01bde1d4b569a270aa49c8c6b68426792e4250e121c9e42f8e653cf4bdb71b90,1,,source_jpeg
LTMD_U1_W11_NONSTANDARD_ASSET_AUDIT_0.1,H2018P1CAM,2018,1,Material de apoyo a la alfabetización Inicial. Tiras recortables,nonstandard_html_official_config,H2018P1CAM,26,114,26,https://historico.conaliteg.gob.mx/c/H2018P1CAM/026.jpg,0,served_image,200,image/jpeg,91092,b5bb44f05912866c3cfa1413309bbbe18c65221d0e3a7a5cea481d02c5a97abb,1,,source_jpeg
LTMD_U1_W11_NONSTANDARD_ASSET_AUDIT_0.1,H2018P1CAM,2018,1,Material de apoyo a la alfabetización Inicial. Tiras recortables,nonstandard_html_official_config,H2018P1CAM,27,114,27,https://historico.conaliteg.gob.mx/c/H2018P1CAM/027.jpg,0,served_image,200,image/jpeg,190784,7905e79647315b6d5c9d489fd4cbc204bfe6bc0c67869b08a7ac8f6e804dc949,1,,source_jpeg
LTMD_U1_W11_NONSTANDARD_ASSET_AUDIT_0.1,H2018P1CAM,2018,1,Material de apoyo a la alfabetización Inicial. Tiras recortables,nonstandard_html_official_config,H2018P1CAM,28,114,28,https://historico.conaliteg.gob.mx/c/H2018P1CAM/028.jpg,0,served_image,200,image/jpeg,91092,26a8a8519ca2b3248e5074e23d4829f5e600e56a8406c875ec1ed2c0e5842569,1,,source_jpeg
LTMD_U1_W11_NONSTANDARD_ASSET_AUDIT_0.1,H2018P1CAM,2018,1,Material de apoyo a la alfabetización Inicial. Tiras recortables,nonstandard_html_official_config,H2018P1CAM,29,114,29,https://historico.conaliteg.gob.mx/c/H2018P1CAM/029.jpg,0,served_image,200,image/jpeg,165981,fb231c7caa39d242181d42f12d3d94eda85e8b5e67eaa8284f828122c2d28cee,1,,source_jpeg
LTMD_U1_W11_NONSTANDARD_ASSET_AUDIT_0.1,H2018P1CAM,2018,1,Material de apoyo a la alfabetización Inicial. Tiras recortables,nonstandard_html_official_config,H2018P1CAM,30,114,30,https://historico.conaliteg.gob.mx/c/H2018P1CAM/030.jpg,0,served_image,200,image/jpeg,91092,2679155d1e05f9aeecdc38f54ba9979c2db30e0001543d3c2be221278284a741,1,,source_jpeg
LTMD_U1_W11_NONSTANDARD_ASSET_AUDIT_0.1,H2018P1CAM,2018,1,Material de apoyo a la alfabetización Inicial. Tiras recortables,nonstandard_html_official_config,H2018P1CAM,31,114,31,https://historico.conaliteg.gob.mx/c/H2018P1CAM/031.jpg,0,served_image,200,image/jpeg,200021,200bf4509ce61bf1099f0fff56957e1192bd474205e758c14421cf6721a83920,1,,source_jpeg
LTMD_U1_W11_NONSTANDARD_ASSET_AUDIT_0.1,H2018P1CAM,2018,1,Material de apoyo a la alfabetización Inicial. Tiras recortables,nonstandard_html_official_config,H2018P1CAM,32,114,32,https://historico.conaliteg.gob.mx/c/H2018P1CAM/032.jpg,0,served_image,200,image/jpeg,91092,5e3a9d552550a6bc5ae48e4683df955dd9bcbbb8c9970c23261e1c30a3c37cdf,1,,source_jpeg
LTMD_U1_W11_NONSTANDARD_ASSET_AUDIT_0.1,H2018P1CAM,2018,1,Material de apoyo a la alfabetización Inicial. Tiras recortables,nonstandard_html_official_config,H2018P1CAM,33,114,33,https://historico.conaliteg.gob.mx/c/H2018P1CAM/033.jpg,0,served_image,200,image/jpeg,138341,ac310e2aa095f3458ac8a22d929097dc94c17fb286f6ab22807869d8d3f68ea5,1,,source_jpeg
LTMD_U1_W11_NONSTANDARD_ASSET_AUDIT_0.1,H2018P1CAM,2018,1,Material de apoyo a la alfabetización Inicial. Tiras recortables,nonstandard_html_official_config,H2018P1CAM,34,114,34,https://historico.conaliteg.gob.mx/c/H2018P1CAM/034.jpg,0,served_image,200,image/jpeg,91100,0c0ae3c6de5c309d5af7072fa611d6c8538b8ed6aefcb2ccf6805997e906853d,1,,source_jpeg
LTMD_U1_W11_NONSTANDARD_ASSET_AUDIT_0.1,H2018P1CAM,2018,1,Material de apoyo a la alfabetización Inicial. Tiras recortables,nonstandard_html_official_config,H2018P1CAM,35,114,35,https://historico.conaliteg.gob.mx/c/H2018P1CAM/035.jpg,0,served_image,200,image/jpeg,225684,92777eb5aa97478e0632773b1a2a53b7de4d50f9afdc5733c62dcb803ec77960,1,,source_jpeg
LTMD_U1_W11_NONSTANDARD_ASSET_AUDIT_0.1,H2018P1CAM,2018,1,Material de apoyo a la alfabetización Inicial. Tiras recortables,nonstandard_html_official_config,H2018P1CAM,36,114,36,https://historico.conaliteg.gob.mx/c/H2018P1CAM/036.jpg,0,served_image,200,image/jpeg,91092,ccd11c35c9b2e1a7aaad6bf7258f05988adec0e4b21cb3ab908e560d88d5251e,1,,source_jpeg
LTMD_U1_W11_NONSTANDARD_ASSET_AUDIT_0.1,H2018P1CAM,2018,1,Material de apoyo a la alfabetización Inicial. Tiras recortables,nonstandard_html_official_config,H2018P1CAM,37,114,37,https://historico.conaliteg.gob.mx/c/H2018P1CAM/037.jpg,0,served_image,200,image/jpeg,251148,3c0a5ce4ba729f96c2f5296c58ca1a7aafcf2ceef054501dd99f7be10ab78a86,1,,source_jpeg
LTMD_U1_W11_NONSTANDARD_ASSET_AUDIT_0.1,H2018P1CAM,2018,1,Material de apoyo a la alfabetización Inicial. Tiras recortables,nonstandard_html_official_config,H2018P1CAM,38,114,38,https://historico.conaliteg.gob.mx/c/H2018P1CAM/038.jpg,0,served_image,200,image/jpeg,91092,fbf3edb695cad1a116d05a83155c9f5b964780255eac6e4bad6fce7fa36b4dec,1,,source_jpeg
LTMD_U1_W11_NONSTANDARD_ASSET_AUDIT_0.1,H2018P1CAM,2018,1,Material de apoyo a la alfabetización Inicial. Tiras recortables,nonstandard_html_official_config,H2018P1CAM,39,114,39,https://historico.conaliteg.gob.mx/c/H2018P1CAM/039.jpg,0,served_image,200,image/jpeg,187865,a5e8a0ea1ec8e888b5fb5dbd5c3a44c1b21e5308b3b773075ff8ba2315baddaf,1,,source_jpeg
LTMD_U1_W11_NONSTANDARD_ASSET_AUDIT_0.1,H2018P1CAM,2018,1,Material de apoyo a la alfabetización Inicial. Tiras recortables,nonstandard_html_official_config,H2018P1CAM,40,114,40,https://historico.conaliteg.gob.mx/c/H2018P1CAM/040.jpg,0,served_image,200,image/jpeg,91092,826f6c5a60f2149fbd6e78c9aa061989a2fcdc320ade6cf9f5ba163eff9b9fb2,1,,source_jpeg
LTMD_U1_W11_NONSTANDARD_ASSET_AUDIT_0.1,H2018P1CAM,2018,1,Material de apoyo a la alfabetización Inicial. Tiras recortables,nonstandard_html_official_config,H2018P1CAM,41,114,41,https://historico.conaliteg.gob.mx/c/H2018P1CAM/041.jpg,0,served_image,200,image/jpeg,185992,de2a0ef7e6ff9f4dc53e7e2233dec70312ad67fbee5c025adc6b3c6778b3cbe1,1,,source_jpeg
LTMD_U1_W11_NONSTANDARD_ASSET_AUDIT_0.1,H2018P1CAM,2018,1,Material de apoyo a la alfabetización Inicial. Tiras recortables,nonstandard_html_official_config,H2018P1CAM,42,114,42,https://historico.conaliteg.gob.mx/c/H2018P1CAM/042.jpg,0,served_image,200,image/jpeg,91092,ca823c9c8c30e7a32f923fb37ec20ce9c7267801aeebd93451ebed3ab82e019d,1,,source_jpeg
LTMD_U1_W11_NONSTANDARD_ASSET_AUDIT_0.1,H2018P1CAM,2018,1,Material de apoyo a la alfabetización Inicial. Tiras recortables,nonstandard_html_official_config,H2018P1CAM,43,114,43,https://historico.conaliteg.gob.mx/c/H2018P1CAM/043.jpg,0,served_image,200,image/jpeg,169222,5e7aad6466f1450b538265f76544a2329653441e1d32b3f9c3fe1fc4a5e31d02,1,,source_jpeg
LTMD_U1_W11_NONSTANDARD_ASSET_AUDIT_0.1,H2018P1CAM,2018,1,Material de apoyo a la alfabetización Inicial. Tiras recortables,nonstandard_html_official_config,H2018P1CAM,44,114,44,https://historico.conaliteg.gob.mx/c/H2018P1CAM/044.jpg,0,served_image,200,image/jpeg,91092,996dd24f3ebd0c8f603cffe1be9150000837c1860aab4519e224241510809b8f,1,,source_jpeg
LTMD_U1_W11_NONSTANDARD_ASSET_AUDIT_0.1,H2018P1CAM,2018,1,Material de apoyo a la alfabetización Inicial. Tiras recortables,nonstandard_html_official_config,H2018P1CAM,45,114,45,https://historico.conaliteg.gob.mx/c/H2018P1CAM/045.jpg,0,served_image,200,image/jpeg,175250,08a1b6b0d5df45ba25677315efe905cffeaa09b320d74da75641315624846f56,1,,source_jpeg
LTMD_U1_W11_NONSTANDARD_ASSET_AUDIT_0.1,H2018P1CAM,2018,1,Material de apoyo a la alfabetización Inicial. Tiras recortables,nonstandard_html_official_config,H2018P1CAM,46,114,46,https://historico.conaliteg.gob.mx/c/H2018P1CAM/046.jpg,0,served_image,200,image/jpeg,91092,c977caf0ff6364c06b60912f84f3356c33a4622236b139fe1ab4753a4ca8347f,1,,source_jpeg
LTMD_U1_W11_NONSTANDARD_ASSET_AUDIT_0.1,H2018P1CAM,2018,1,Material de apoyo a la alfabetización Inicial. Tiras recortables,nonstandard_html_official_config,H2018P1CAM,47,114,47,https://historico.conaliteg.gob.mx/c/H2018P1CAM/047.jpg,0,served_image,200,image/jpeg,173170,71b45eb9a1ce6bfcfab4d0ccbec42bc15440ecfd6fd9f69c68d71d201ba25696,1,,source_jpeg
LTMD_U1_W11_NONSTANDARD_ASSET_AUDIT_0.1,H2018P1CAM,2018,1,Material de apoyo a la alfabetización Inicial. Tiras recortables,nonstandard_html_official_config,H2018P1CAM,48,114,48,https://historico.conaliteg.gob.mx/c/H2018P1CAM/048.jpg,0,served_image,200,image/jpeg,91100,609c6af8b20d175d7c0093a1098c0c59cf54436d0489dd3d3c89a90bfedef57e,1,,source_jpeg
LTMD_U1_W11_NONSTANDARD_ASSET_AUDIT_0.1,H2018P1CAM,2018,1,Material de apoyo a la alfabetización Inicial. Tiras recortables,nonstandard_html_official_config,H2018P1CAM,49,114,49,https://historico.conaliteg.gob.mx/c/H2018P1CAM/049.jpg,0,served_image,200,image/jpeg,169215,284e835104d470bfdde6b4541fc1ec821e85ef07fced4b032fc4878372d80f03,1,,source_jpeg
LTMD_U1_W11_NONSTANDARD_ASSET_AUDIT_0.1,H2018P1CAM,2018,1,Material de apoyo a la alfabetización Inicial. Tiras recortables,nonstandard_html_official_config,H2018P1CAM,50,114,50,https://historico.conaliteg.gob.mx/c/H2018P1CAM/050.jpg,0,served_image,200,image/jpeg,91092,42a4710c4f8c156869b82ae832e7052a4d265a673635b1858f776d79eb322014,1,,source_jpeg
LTMD_U1_W11_NONSTANDARD_ASSET_AUDIT_0.1,H2018P1CAM,2018,1,Material de apoyo a la alfabetización Inicial. Tiras recortables,nonstandard_html_official_config,H2018P1CAM,51,114,51,https://historico.conaliteg.gob.mx/c/H2018P1CAM/051.jpg,0,served_image,200,image/jpeg,165751,a316e5f42a74ea1ca98109dd24b6d0890493839f51e6cf122c01c38927fccd1b,1,,source_jpeg
LTMD_U1_W11_NONSTANDARD_ASSET_AUDIT_0.1,H2018P1CAM,2018,1,Material de apoyo a la alfabetización Inicial. Tiras recortables,nonstandard_html_official_config,H2018P1CAM,52,114,52,https://historico.conaliteg.gob.mx/c/H2018P1CAM/052.jpg,0,served_image,200,image/jpeg,91092,d4636a3bdec0ddb892abe8bb1b53b5bb8cc5ee6dd5c7450fbd5c301df125913b,1,,source_jpeg
LTMD_U1_W11_NONSTANDARD_ASSET_AUDIT_0.1,H2018P1CAM,2018,1,Material de apoyo a la alfabetización Inicial. Tiras recortables,nonstandard_html_official_config,H2018P1CAM,53,114,53,https://historico.conaliteg.gob.mx/c/H2018P1CAM/053.jpg,0,served_image,200,image/jpeg,235902,73991e18c46776c21af152d2da107fc3a407725efb63b5d029b23f7fdc9981c4,1,,source_jpeg
LTMD_U1_W11_NONSTANDARD_ASSET_AUDIT_0.1,H2018P1CAM,2018,1,Material de apoyo a la alfabetización Inicial. Tiras recortables,nonstandard_html_official_config,H2018P1CAM,54,114,54,https://historico.conaliteg.gob.mx/c/H2018P1CAM/054.jpg,0,served_image,200,image/jpeg,91092,d460037517c39004a9157a1be572d07598040f5bd796ea4cc3a71ee4259024cf,1,,source_jpeg
LTMD_U1_W11_NONSTANDARD_ASSET_AUDIT_0.1,H2018P1CAM,2018,1,Material de apoyo a la alfabetización Inicial. Tiras recortables,nonstandard_html_official_config,H2018P1CAM,55,114,55,https://historico.conaliteg.gob.mx/c/H2018P1CAM/055.jpg,0,served_image,200,image/jpeg,188302,1fc2b50e52b02f63cbd08feaef5dbd2fecc7b5c641bb51990f393ea59301bdc9,1,,source_jpeg
LTMD_U1_W11_NONSTANDARD_ASSET_AUDIT_0.1,H2018P1CAM,2018,1,Material de apoyo a la alfabetización Inicial. Tiras recortables,nonstandard_html_official_config,H2018P1CAM,56,114,56,https://historico.conaliteg.gob.mx/c/H2018P1CAM/056.jpg,0,served_image,200,image/jpeg,91092,69e21f167acffe1a98c18eaebc7cc9320bab02521fe1074dcce01b7da92c3c60,1,,source_jpeg
LTMD_U1_W11_NONSTANDARD_ASSET_AUDIT_0.1,H2018P1CAM,2018,1,Material de apoyo a la alfabetización Inicial. Tiras recortables,nonstandard_html_official_config,H2018P1CAM,57,114,57,https://historico.conaliteg.gob.mx/c/H2018P1CAM/057.jpg,0,served_image,200,image/jpeg,278714,4af6d88fbf384e81512beb13a6cd01656680efb1200b5675c03c8c364d8b8e9c,1,,source_jpeg
LTMD_U1_W11_NONSTANDARD_ASSET_AUDIT_0.1,H2018P1CAM,2018,1,Material de apoyo a la alfabetización Inicial. Tiras recortables,nonstandard_html_official_config,H2018P1CAM,58,114,58,https://historico.conaliteg.gob.mx/c/H2018P1CAM/058.jpg,0,served_image,200,image/jpeg,91092,70bba0b9cc74890f9496714a90326be29e698a07646a11eefd563696e3b8e137,1,,source_jpeg
LTMD_U1_W11_NONSTANDARD_ASSET_AUDIT_0.1,H2018P1CAM,2018,1,Material de apoyo a la alfabetización Inicial. Tiras recortables,nonstandard_html_official_config,H2018P1CAM,59,114,59,https://historico.conaliteg.gob.mx/c/H2018P1CAM/059.jpg,0,served_image,200,image/jpeg,265430,8595954363cc2d6df66d8664ab71673fcdf061f0d3c6dee4b2c997e82951f740,1,,source_jpeg
LTMD_U1_W11_NONSTANDARD_ASSET_AUDIT_0.1,H2018P1CAM,2018,1,Material de apoyo a la alfabetización Inicial. Tiras recortables,nonstandard_html_official_config,H2018P1CAM,60,114,60,https://historico.conaliteg.gob.mx/c/H2018P1CAM/060.jpg,0,served_image,200,image/jpeg,91092,91c9ccfc86b6c6810d59a197235d909d6006053f559c6f2290c16e59fe44c1b7,1,,source_jpeg
LTMD_U1_W11_NONSTANDARD_ASSET_AUDIT_0.1,H2018P1CAM,2018,1,Material de apoyo a la alfabetización Inicial. Tiras recortables,nonstandard_html_official_config,H2018P1CAM,61,114,61,https://historico.conaliteg.gob.mx/c/H2018P1CAM/061.jpg,0,served_image,200,image/jpeg,256114,b935f93de471234c3f31ad5659eefeb5bbf104b49533240d18cdda93b58dc643,1,,source_jpeg
LTMD_U1_W11_NONSTANDARD_ASSET_AUDIT_0.1,H2018P1CAM,2018,1,Material de apoyo a la alfabetización Inicial. Tiras recortables,nonstandard_html_official_config,H2018P1CAM,62,114,62,https://historico.conaliteg.gob.mx/c/H2018P1CAM/062.jpg,0,served_image,200,image/jpeg,91092,7f4c1dc820025dcca2e2bb6aa6eed5033096fd1839a5f5abe8a433c56b9dce3b,1,,source_jpeg
LTMD_U1_W11_NONSTANDARD_ASSET_AUDIT_0.1,H2018P1CAM,2018,1,Material de apoyo a la alfabetización Inicial. Tiras recortables,nonstandard_html_official_config,H2018P1CAM,63,114,63,https://historico.conaliteg.gob.mx/c/H2018P1CAM/063.jpg,0,served_image,200,image/jpeg,256563,49e09f5267327aaf7f1830c4488254a7e4266975b66a9ff63af99054d8ff5c56,1,,source_jpeg
LTMD_U1_W11_NONSTANDARD_ASSET_AUDIT_0.1,H2018P1CAM,2018,1,Material de apoyo a la alfabetización Inicial. Tiras recortables,nonstandard_html_official_config,H2018P1CAM,64,114,64,https://historico.conaliteg.gob.mx/c/H2018P1CAM/064.jpg,0,served_image,200,image/jpeg,91100,be356e5eaba75ee528006a0f3c99349182e75e665049a5b027ef1e9cb7b61e38,1,,source_jpeg
LTMD_U1_W11_NONSTANDARD_ASSET_AUDIT_0.1,H2018P1CAM,2018,1,Material de apoyo a la alfabetización Inicial. Tiras recortables,nonstandard_html_official_config,H2018P1CAM,65,114,65,https://historico.conaliteg.gob.mx/c/H2018P1CAM/065.jpg,0,served_image,200,image/jpeg,269212,c0f991ef13bdf8a7151ed3697bfd4aba544ab64ce95e74cf09c8085f9d19801c,1,,source_jpeg
LTMD_U1_W11_NONSTANDARD_ASSET_AUDIT_0.1,H2018P1CAM,2018,1,Material de apoyo a la alfabetización Inicial. Tiras recortables,nonstandard_html_official_config,H2018P1CAM,66,114,66,https://historico.conaliteg.gob.mx/c/H2018P1CAM/066.jpg,0,served_image,200,image/jpeg,91100,cd590d613e0fa958e129cf381e7070d8365b6e1e60877e90a56649426d58e465,1,,source_jpeg
LTMD_U1_W11_NONSTANDARD_ASSET_AUDIT_0.1,H2018P1CAM,2018,1,Material de apoyo a la alfabetización Inicial. Tiras recortables,nonstandard_html_official_config,H2018P1CAM,67,114,67,https://historico.conaliteg.gob.mx/c/H2018P1CAM/067.jpg,0,served_image,200,image/jpeg,211004,4db73cb97f088d297b84f97a043740c4191bb8ff35f026a2df400dc917682931,1,,source_jpeg
LTMD_U1_W11_NONSTANDARD_ASSET_AUDIT_0.1,H2018P1CAM,2018,1,Material de apoyo a la alfabetización Inicial. Tiras recortables,nonstandard_html_official_config,H2018P1CAM,68,114,68,https://historico.conaliteg.gob.mx/c/H2018P1CAM/068.jpg,0,served_image,200,image/jpeg,91092,c95550cbfa89597354921a1fcd8885dd7439366fabb534a383839499447c8559,1,,source_jpeg
LTMD_U1_W11_NONSTANDARD_ASSET_AUDIT_0.1,H2018P1CAM,2018,1,Material de apoyo a la alfabetización Inicial. Tiras recortables,nonstandard_html_official_config,H2018P1CAM,69,114,69,https://historico.conaliteg.gob.mx/c/H2018P1CAM/069.jpg,0,served_image,200,image/jpeg,224503,2bd99eac07d38741b381d970d56b3171f5bb33b4f51a18b4b8e5455512900749,1,,source_jpeg
LTMD_U1_W11_NONSTANDARD_ASSET_AUDIT_0.1,H2018P1CAM,2018,1,Material de apoyo a la alfabetización Inicial. Tiras recortables,nonstandard_html_official_config,H2018P1CAM,70,114,70,https://historico.conaliteg.gob.mx/c/H2018P1CAM/070.jpg,0,served_image,200,image/jpeg,91092,df3674dfbdb7f16d25297c9e2433a8890e1c8407acc4ffb76d6089aa0859e53d,1,,source_jpeg
LTMD_U1_W11_NONSTANDARD_ASSET_AUDIT_0.1,H2018P1CAM,2018,1,Material de apoyo a la alfabetización Inicial. Tiras recortables,nonstandard_html_official_config,H2018P1CAM,71,114,71,https://historico.conaliteg.gob.mx/c/H2018P1CAM/071.jpg,0,served_image,200,image/jpeg,204707,cc8f9404e994d1ce3181195987fc44181eeea6a7b5bbbc0d09061d97840ed3fe,1,,source_jpeg
LTMD_U1_W11_NONSTANDARD_ASSET_AUDIT_0.1,H2018P1CAM,2018,1,Material de apoyo a la alfabetización Inicial. Tiras recortables,nonstandard_html_official_config,H2018P1CAM,72,114,72,https://historico.conaliteg.gob.mx/c/H2018P1CAM/072.jpg,0,served_image,200,image/jpeg,91092,d91e908a927ad882bbdf3accf12241c44817589d17d70aa63a9c9d71653f41ad,1,,source_jpeg
LTMD_U1_W11_NONSTANDARD_ASSET_AUDIT_0.1,H2018P1CAM,2018,1,Material de apoyo a la alfabetización Inicial. Tiras recortables,nonstandard_html_official_config,H2018P1CAM,73,114,73,https://historico.conaliteg.gob.mx/c/H2018P1CAM/073.jpg,0,served_image,200,image/jpeg,234906,ad69821733fe130189784dead8f4cddc905f41cfd564ebba06485ce3e1133914,1,,source_jpeg
LTMD_U1_W11_NONSTANDARD_ASSET_AUDIT_0.1,H2018P1CAM,2018,1,Material de apoyo a la alfabetización Inicial. Tiras recortables,nonstandard_html_official_config,H2018P1CAM,74,114,74,https://historico.conaliteg.gob.mx/c/H2018P1CAM/074.jpg,0,served_image,200,image/jpeg,91100,f839abb4350d88fe39402bf5a609f43d80901ce04d378659227c6407516c977e,1,,source_jpeg
LTMD_U1_W11_NONSTANDARD_ASSET_AUDIT_0.1,H2018P1CAM,2018,1,Material de apoyo a la alfabetización Inicial. Tiras recortables,nonstandard_html_official_config,H2018P1CAM,75,114,75,https://historico.conaliteg.gob.mx/c/H2018P1CAM/075.jpg,0,served_image,200,image/jpeg,210141,eb445c3660b30d7f44e27c022b32cc93b7abbf8664a48dea65930b915e95e89a,1,,source_jpeg
LTMD_U1_W11_NONSTANDARD_ASSET_AUDIT_0.1,H2018P1CAM,2018,1,Material de apoyo a la alfabetización Inicial. Tiras recortables,nonstandard_html_official_config,H2018P1CAM,76,114,76,https://historico.conaliteg.gob.mx/c/H2018P1CAM/076.jpg,0,served_image,200,image/jpeg,91092,3f7f54af6ed1d86edcc5f030e9a2de435102403646f2a54c111d1a38875ec800,1,,source_jpeg
LTMD_U1_W11_NONSTANDARD_ASSET_AUDIT_0.1,H2018P1CAM,2018,1,Material de apoyo a la alfabetización Inicial. Tiras recortables,nonstandard_html_official_config,H2018P1CAM,77,114,77,https://historico.conaliteg.gob.mx/c/H2018P1CAM/077.jpg,0,served_image,200,image/jpeg,245337,b66e6e7b4e1501990f24fb1cca58531eed17229fcbcfd35cd511ee1bc5145df0,1,,source_jpeg
LTMD_U1_W11_NONSTANDARD_ASSET_AUDIT_0.1,H2018P1CAM,2018,1,Material de apoyo a la alfabetización Inicial. Tiras recortables,nonstandard_html_official_config,H2018P1CAM,78,114,78,https://historico.conaliteg.gob.mx/c/H2018P1CAM/078.jpg,0,served_image,200,image/jpeg,91092,72e7326ffa3fc48471b7857941668479fd68dd61d8b90197428ad17e89fa4d00,1,,source_jpeg
LTMD_U1_W11_NONSTANDARD_ASSET_AUDIT_0.1,H2018P1CAM,2018,1,Material de apoyo a la alfabetización Inicial. Tiras recortables,nonstandard_html_official_config,H2018P1CAM,79,114,79,https://historico.conaliteg.gob.mx/c/H2018P1CAM/079.jpg,0,served_image,200,image/jpeg,220114,542949fddd8d186a2772041e138937db3def94cb6a5490deadf6ad50f29b3a45,1,,source_jpeg
LTMD_U1_W11_NONSTANDARD_ASSET_AUDIT_0.1,H2018P1CAM,2018,1,Material de apoyo a la alfabetización Inicial. Tiras recortables,nonstandard_html_official_config,H2018P1CAM,80,114,80,https://historico.conaliteg.gob.mx/c/H2018P1CAM/080.jpg,0,served_image,200,image/jpeg,91092,8b9e3e7ea6279c950e53e02d499800aec6b5b6d58ac52248e45d5c0303214783,1,,source_jpeg
LTMD_U1_W11_NONSTANDARD_ASSET_AUDIT_0.1,H2018P1CAM,2018,1,Material de apoyo a la alfabetización Inicial. Tiras recortables,nonstandard_html_official_config,H2018P1CAM,81,114,81,https://historico.conaliteg.gob.mx/c/H2018P1CAM/081.jpg,0,served_image,200,image/jpeg,227345,394045b422fc527b74f0a743a4bd3701199f0c6accb911ec6e720c06eab7a276,1,,source_jpeg
LTMD_U1_W11_NONSTANDARD_ASSET_AUDIT_0.1,H2018P1CAM,2018,1,Material de apoyo a la alfabetización Inicial. Tiras recortables,nonstandard_html_official_config,H2018P1CAM,82,114,82,https://historico.conaliteg.gob.mx/c/H2018P1CAM/082.jpg,0,served_image,200,image/jpeg,91092,b5d9a9ed4c05ec9b4b654a3d845895203683f30dc0355323eb464081ca51e456,1,,source_jpeg
LTMD_U1_W11_NONSTANDARD_ASSET_AUDIT_0.1,H2018P1CAM,2018,1,Material de apoyo a la alfabetización Inicial. Tiras recortables,nonstandard_html_official_config,H2018P1CAM,83,114,83,https://historico.conaliteg.gob.mx/c/H2018P1CAM/083.jpg,0,served_image,200,image/jpeg,232393,b49fc2bdc1b1397c109eba429fe5b68f880b0657bd1617091fa61250246f9f11,1,,source_jpeg
LTMD_U1_W11_NONSTANDARD_ASSET_AUDIT_0.1,H2018P1CAM,2018,1,Material de apoyo a la alfabetización Inicial. Tiras recortables,nonstandard_html_official_config,H2018P1CAM,84,114,84,https://historico.conaliteg.gob.mx/c/H2018P1CAM/084.jpg,0,served_image,200,image/jpeg,91092,398eafa40ba06d514c72e4c14a35f257f536b830e294c4c5a2ce892ed07261cc,1,,source_jpeg
LTMD_U1_W11_NONSTANDARD_ASSET_AUDIT_0.1,H2018P1CAM,2018,1,Material de apoyo a la alfabetización Inicial. Tiras recortables,nonstandard_html_official_config,H2018P1CAM,85,114,85,https://historico.conaliteg.gob.mx/c/H2018P1CAM/085.jpg,0,served_image,200,image/jpeg,232964,64a791585ab130abd9a30193effb02cde99c518ee74d259573894812e2b9e8e6,1,,source_jpeg
LTMD_U1_W11_NONSTANDARD_ASSET_AUDIT_0.1,H2018P1CAM,2018,1,Material de apoyo a la alfabetización Inicial. Tiras recortables,nonstandard_html_official_config,H2018P1CAM,86,114,86,https://historico.conaliteg.gob.mx/c/H2018P1CAM/086.jpg,0,served_image,200,image/jpeg,91092,b0b544ded955b9036fcff7c40e11e727c22d7009a61a494e95c4d6f050c085d1,1,,source_jpeg
LTMD_U1_W11_NONSTANDARD_ASSET_AUDIT_0.1,H2018P1CAM,2018,1,Material de apoyo a la alfabetización Inicial. Tiras recortables,nonstandard_html_official_config,H2018P1CAM,87,114,87,https://historico.conaliteg.gob.mx/c/H2018P1CAM/087.jpg,0,served_image,200,image/jpeg,215979,a123b668bdda1cecc65e91886c5d093baad3583c0f4cc52af3f32143d8535f9d,1,,source_jpeg
LTMD_U1_W11_NONSTANDARD_ASSET_AUDIT_0.1,H2018P1CAM,2018,1,Material de apoyo a la alfabetización Inicial. Tiras recortables,nonstandard_html_official_config,H2018P1CAM,88,114,88,https://historico.conaliteg.gob.mx/c/H2018P1CAM/088.jpg,0,served_image,200,image/jpeg,91100,2312a1b76b96e5575c39bc0d7ed12b52588963d8c0e50ff4d1ce51cb11c8235c,1,,source_jpeg
LTMD_U1_W11_NONSTANDARD_ASSET_AUDIT_0.1,H2018P1CAM,2018,1,Material de apoyo a la alfabetización Inicial. Tiras recortables,nonstandard_html_official_config,H2018P1CAM,89,114,89,https://historico.conaliteg.gob.mx/c/H2018P1CAM/089.jpg,0,served_image,200,image/jpeg,204226,b4e57e268d674fc4e42b7a1d8b6c31bdaaf886d0455e42a84f6ddd284d3f68ad,1,,source_jpeg
LTMD_U1_W11_NONSTANDARD_ASSET_AUDIT_0.1,H2018P1CAM,2018,1,Material de apoyo a la alfabetización Inicial. Tiras recortables,nonstandard_html_official_config,H2018P1CAM,90,114,90,https://historico.conaliteg.gob.mx/c/H2018P1CAM/090.jpg,0,served_image,200,image/jpeg,91100,c0874a0c6691eba2be96348e54b6ec4cf0435805ac7cfeccefa2a67b2e58eeb8,1,,source_jpeg
LTMD_U1_W11_NONSTANDARD_ASSET_AUDIT_0.1,H2018P1CAM,2018,1,Material de apoyo a la alfabetización Inicial. Tiras recortables,nonstandard_html_official_config,H2018P1CAM,91,114,91,https://historico.conaliteg.gob.mx/c/H2018P1CAM/091.jpg,0,served_image,200,image/jpeg,217407,d16fb83844acc8e3bb32f566c4432d4edd02544d70ee094e04a9a96ccbc6ddc0,1,,source_jpeg
LTMD_U1_W11_NONSTANDARD_ASSET_AUDIT_0.1,H2018P1CAM,2018,1,Material de apoyo a la alfabetización Inicial. Tiras recortables,nonstandard_html_official_config,H2018P1CAM,92,114,92,https://historico.conaliteg.gob.mx/c/H2018P1CAM/092.jpg,0,served_image,200,image/jpeg,91092,b8b0ab6b9810405259261c0bd345293b711ee969539a67608f31115ff540326a,1,,source_jpeg
LTMD_U1_W11_NONSTANDARD_ASSET_AUDIT_0.1,H2018P1CAM,2018,1,Material de apoyo a la alfabetización Inicial. Tiras recortables,nonstandard_html_official_config,H2018P1CAM,93,114,93,https://historico.conaliteg.gob.mx/c/H2018P1CAM/093.jpg,0,served_image,200,image/jpeg,188818,cb1d584e1743f30c1301b73b3730ba5a1388cba768ef6987c8bd17ac048664a9,1,,source_jpeg
LTMD_U1_W11_NONSTANDARD_ASSET_AUDIT_0.1,H2018P1CAM,2018,1,Material de apoyo a la alfabetización Inicial. Tiras recortables,nonstandard_html_official_config,H2018P1CAM,94,114,94,https://historico.conaliteg.gob.mx/c/H2018P1CAM/094.jpg,0,served_image,200,image/jpeg,91092,96dc33f5d8a8b9b5989879d00dac614eb924899678e0896ce616982f397e6b05,1,,source_jpeg
LTMD_U1_W11_NONSTANDARD_ASSET_AUDIT_0.1,H2018P1CAM,2018,1,Material de apoyo a la alfabetización Inicial. Tiras recortables,nonstandard_html_official_config,H2018P1CAM,95,114,95,https://historico.conaliteg.gob.mx/c/H2018P1CAM/095.jpg,0,served_image,200,image/jpeg,187857,5d7afede58330cde481f0073d6c0c6064ef0bfe3ff4240ed548f23627d3932e0,1,,source_jpeg
LTMD_U1_W11_NONSTANDARD_ASSET_AUDIT_0.1,H2018P1CAM,2018,1,Material de apoyo a la alfabetización Inicial. Tiras recortables,nonstandard_html_official_config,H2018P1CAM,96,114,96,https://historico.conaliteg.gob.mx/c/H2018P1CAM/096.jpg,0,served_image,200,image/jpeg,91092,a4d61903d1c49d4093d187c9785b35d25ccc9e1641f15e07bcaf6dd660832efe,1,,source_jpeg
LTMD_U1_W11_NONSTANDARD_ASSET_AUDIT_0.1,H2018P1CAM,2018,1,Material de apoyo a la alfabetización Inicial. Tiras recortables,nonstandard_html_official_config,H2018P1CAM,97,114,97,https://historico.conaliteg.gob.mx/c/H2018P1CAM/097.jpg,0,served_image,200,image/jpeg,177110,0c710d8dd2ee7506fba7f8ea0181cd8dab707a680bf5238da42935fa093e77ab,1,,source_jpeg
LTMD_U1_W11_NONSTANDARD_ASSET_AUDIT_0.1,H2018P1CAM,2018,1,Material de apoyo a la alfabetización Inicial. Tiras recortables,nonstandard_html_official_config,H2018P1CAM,98,114,98,https://historico.conaliteg.gob.mx/c/H2018P1CAM/098.jpg,0,served_image,200,image/jpeg,91092,7b21bfc745902b9df0a77e25cbb3a940e29ee42bdc5eb93a6027e0883bffd9d8,1,,source_jpeg
LTMD_U1_W11_NONSTANDARD_ASSET_AUDIT_0.1,H2018P1CAM,2018,1,Material de apoyo a la alfabetización Inicial. Tiras recortables,nonstandard_html_official_config,H2018P1CAM,99,114,99,https://historico.conaliteg.gob.mx/c/H2018P1CAM/099.jpg,0,served_image,200,image/jpeg,159630,8a0446824fa95a703a361d022a0cabdb8b7e52dd27f07f4710aae170509947a1,1,,source_jpeg
LTMD_U1_W11_NONSTANDARD_ASSET_AUDIT_0.1,H2018P1CAM,2018,1,Material de apoyo a la alfabetización Inicial. Tiras recortables,nonstandard_html_official_config,H2018P1CAM,100,114,100,https://historico.conaliteg.gob.mx/c/H2018P1CAM/100.jpg,0,served_image,200,image/jpeg,91102,01be4f47b41b090cd26b7edf9ae02de367412c07068819a885628f9e64487e7a,1,,source_jpeg
LTMD_U1_W11_NONSTANDARD_ASSET_AUDIT_0.1,H2018P1CAM,2018,1,Material de apoyo a la alfabetización Inicial. Tiras recortables,nonstandard_html_official_config,H2018P1CAM,101,114,101,https://historico.conaliteg.gob.mx/c/H2018P1CAM/101.jpg,0,served_image,200,image/jpeg,181106,861d0e75b3c45bea63175fea88ba78b670f049a1af24b382ad84d74ad33101f6,1,,source_jpeg
LTMD_U1_W11_NONSTANDARD_ASSET_AUDIT_0.1,H2018P1CAM,2018,1,Material de apoyo a la alfabetización Inicial. Tiras recortables,nonstandard_html_official_config,H2018P1CAM,102,114,102,https://historico.conaliteg.gob.mx/c/H2018P1CAM/102.jpg,0,served_image,200,image/jpeg,91094,e5ed9b1b829625eec01d0a472866108e98b54eaed5490b8830b995db42b2799f,1,,source_jpeg
LTMD_U1_W11_NONSTANDARD_ASSET_AUDIT_0.1,H2018P1CAM,2018,1,Material de apoyo a la alfabetización Inicial. Tiras recortables,nonstandard_html_official_config,H2018P1CAM,103,114,103,https://historico.conaliteg.gob.mx/c/H2018P1CAM/103.jpg,0,served_image,200,image/jpeg,191453,a9138a9e1cce31f6a17417dfb21e2fae38aa5deca2adb31fe1b69062dd9dd59b,1,,source_jpeg
LTMD_U1_W11_NONSTANDARD_ASSET_AUDIT_0.1,H2018P1CAM,2018,1,Material de apoyo a la alfabetización Inicial. Tiras recortables,nonstandard_html_official_config,H2018P1CAM,104,114,104,https://historico.conaliteg.gob.mx/c/H2018P1CAM/104.jpg,0,served_image,200,image/jpeg,91094,d91b66b78239a2122384023a490bf93dd29d8c4d57700865fbbd747008e785ba,1,,source_jpeg
LTMD_U1_W11_NONSTANDARD_ASSET_AUDIT_0.1,H2018P1CAM,2018,1,Material de apoyo a la alfabetización Inicial. Tiras recortables,nonstandard_html_official_config,H2018P1CAM,105,114,105,https://historico.conaliteg.gob.mx/c/H2018P1CAM/105.jpg,0,served_image,200,image/jpeg,173997,edd9f1c2b003e64b48f4a13b7722648e94072733f8586ee76422f1f5bcebd16c,1,,source_jpeg
LTMD_U1_W11_NONSTANDARD_ASSET_AUDIT_0.1,H2018P1CAM,2018,1,Material de apoyo a la alfabetización Inicial. Tiras recortables,nonstandard_html_official_config,H2018P1CAM,106,114,106,https://historico.conaliteg.gob.mx/c/H2018P1CAM/106.jpg,0,served_image,200,image/jpeg,91094,ee9201d2acff9f9e864e34fa297bb33de05b06f26baecbca3df5a55c3fd9cae3,1,,source_jpeg
LTMD_U1_W11_NONSTANDARD_ASSET_AUDIT_0.1,H2018P1CAM,2018,1,Material de apoyo a la alfabetización Inicial. Tiras recortables,nonstandard_html_official_config,H2018P1CAM,107,114,107,https://historico.conaliteg.gob.mx/c/H2018P1CAM/107.jpg,0,served_image,200,image/jpeg,169598,85b76ef54793dc9efe32bc87983018ae9608ce64e4c18e753644c89fdb10f82e,1,,source_jpeg
LTMD_U1_W11_NONSTANDARD_ASSET_AUDIT_0.1,H2018P1CAM,2018,1,Material de apoyo a la alfabetización Inicial. Tiras recortables,nonstandard_html_official_config,H2018P1CAM,108,114,108,https://historico.conaliteg.gob.mx/c/H2018P1CAM/108.jpg,0,served_image,200,image/jpeg,91094,7dd23fd223d8bb90e2b5d1a2a78d847d8c204a6646906f82402210643741870b,1,,source_jpeg
LTMD_U1_W11_NONSTANDARD_ASSET_AUDIT_0.1,H2018P1CAM,2018,1,Material de apoyo a la alfabetización Inicial. Tiras recortables,nonstandard_html_official_config,H2018P1CAM,109,114,109,https://historico.conaliteg.gob.mx/c/H2018P1CAM/109.jpg,0,served_image,200,image/jpeg,91094,387b6b3212003144e382b9c97bb013857a296cc6f12726c65b4ab852fd5df1f9,1,,source_jpeg
LTMD_U1_W11_NONSTANDARD_ASSET_AUDIT_0.1,H2018P1CAM,2018,1,Material de apoyo a la alfabetización Inicial. Tiras recortables,nonstandard_html_official_config,H2018P1CAM,110,114,110,https://historico.conaliteg.gob.mx/c/H2018P1CAM/110.jpg,0,served_image,200,image/jpeg,219648,24bb91261e6921b647b586818f31dd1e4b4a002c301e4981a52249fde4308074,1,,source_jpeg
LTMD_U1_W11_NONSTANDARD_ASSET_AUDIT_0.1,H2018P1CAM,2018,1,Material de apoyo a la alfabetización Inicial. Tiras recortables,nonstandard_html_official_config,H2018P1CAM,111,114,111,https://historico.conaliteg.gob.mx/c/H2018P1CAM/111.jpg,0,served_image,200,image/jpeg,91094,c8d7affbfaeb88e115adb0d48dc729121e9b72c23a0d1cadb2e033609f2ad1fd,1,,source_jpeg
LTMD_U1_W11_NONSTANDARD_ASSET_AUDIT_0.1,H2018P1CAM,2018,1,Material de apoyo a la alfabetización Inicial. Tiras recortables,nonstandard_html_official_config,H2018P1CAM,112,114,112,https://historico.conaliteg.gob.mx/c/H2018P1CAM/112.jpg,0,served_image,200,image/jpeg,91094,c8d7affbfaeb88e115adb0d48dc729121e9b72c23a0d1cadb2e033609f2ad1fd,1,,source_jpeg
LTMD_U1_W11_NONSTANDARD_ASSET_AUDIT_0.1,H2018P1CAM,2018,1,Material de apoyo a la alfabetización Inicial. Tiras recortables,nonstandard_html_official_config,H2018P1CAM,113,114,113,https://historico.conaliteg.gob.mx/c/H2018P1CAM/113.jpg,0,served_image,200,image/jpeg,187190,a7cc90752b5cf6a9f0a266f52074026ce4776c5a95b3d5ef214132801e3882a0,1,,source_jpeg
LTMD_U1_W11_NONSTANDARD_ASSET_AUDIT_0.1,H2018P1CAM,2018,1,Material de apoyo a la alfabetización Inicial. Tiras recortables,nonstandard_html_official_config,H2018P1CAM,114,114,114,https://historico.conaliteg.gob.mx/c/H2018P1CAM/114.jpg,1,http_404,404,text/html; charset=iso-8859-1,,,1,HTTP 404,terminal_synthetic_candidate
LTMD_U1_W11_NONSTANDARD_ASSET_AUDIT_0.1,H2018P4CCA,2018,4,Conoce Nuestra Constitución,nonstandard_html_official_config,H2018P4CCA,1,66,0,https://historico.conaliteg.gob.mx/c/H2018P4CCA/000.jpg,0,served_image,200,image/jpeg,302324,244e90e9851f015049e361e8054083808dd1d3ee32d461a20048bc821e430e46,1,,source_jpeg
LTMD_U1_W11_NONSTANDARD_ASSET_AUDIT_0.1,H2018P4CCA,2018,4,Conoce Nuestra Constitución,nonstandard_html_official_config,H2018P4CCA,2,66,2,https://historico.conaliteg.gob.mx/c/H2018P4CCA/002.jpg,0,served_image,200,image/jpeg,61501,6acb48b483c61a803563fe899d4aa37ab61eb985e2edad140bf02ebb007161ab,1,,source_jpeg
LTMD_U1_W11_NONSTANDARD_ASSET_AUDIT_0.1,H2018P4CCA,2018,4,Conoce Nuestra Constitución,nonstandard_html_official_config,H2018P4CCA,3,66,3,https://historico.conaliteg.gob.mx/c/H2018P4CCA/003.jpg,0,served_image,200,image/jpeg,290892,60fd3336d92048623c0af00b24f9f03d15e911e54b9398fb371b26a6d8bf444c,1,,source_jpeg
LTMD_U1_W11_NONSTANDARD_ASSET_AUDIT_0.1,H2018P4CCA,2018,4,Conoce Nuestra Constitución,nonstandard_html_official_config,H2018P4CCA,4,66,4,https://historico.conaliteg.gob.mx/c/H2018P4CCA/004.jpg,0,served_image,200,image/jpeg,157969,700d7abd5cb586f1d23c47cd88909e02177f49341f97267806b8dbbb05e8befc,1,,source_jpeg
LTMD_U1_W11_NONSTANDARD_ASSET_AUDIT_0.1,H2018P4CCA,2018,4,Conoce Nuestra Constitución,nonstandard_html_official_config,H2018P4CCA,5,66,5,https://historico.conaliteg.gob.mx/c/H2018P4CCA/005.jpg,0,served_image,200,image/jpeg,152388,ab1af5bf28a2045015b639302ae22f65ad0d61f494abec406cd6f64ac1102c2b,1,,source_jpeg
LTMD_U1_W11_NONSTANDARD_ASSET_AUDIT_0.1,H2018P4CCA,2018,4,Conoce Nuestra Constitución,nonstandard_html_official_config,H2018P4CCA,6,66,6,https://historico.conaliteg.gob.mx/c/H2018P4CCA/006.jpg,0,served_image,200,image/jpeg,53698,4407e9e87808ff39d3c9712a622213e4e1506502833120d3c2657c9a3b865801,1,,source_jpeg
LTMD_U1_W11_NONSTANDARD_ASSET_AUDIT_0.1,H2018P4CCA,2018,4,Conoce Nuestra Constitución,nonstandard_html_official_config,H2018P4CCA,7,66,7,https://historico.conaliteg.gob.mx/c/H2018P4CCA/007.jpg,0,served_image,200,image/jpeg,231858,8a7cb38fe80a1b198e9df9aa628fc05bcc459f56878ef2ea747d2215dc34294c,1,,source_jpeg
LTMD_U1_W11_NONSTANDARD_ASSET_AUDIT_0.1,H2018P4CCA,2018,4,Conoce Nuestra Constitución,nonstandard_html_official_config,H2018P4CCA,8,66,8,https://historico.conaliteg.gob.mx/c/H2018P4CCA/008.jpg,0,served_image,200,image/jpeg,225421,4722e2e5dde4567fec9ff08821aa4117c4ef32e3d62de509ef55cda6b7be75a4,1,,source_jpeg
LTMD_U1_W11_NONSTANDARD_ASSET_AUDIT_0.1,H2018P4CCA,2018,4,Conoce Nuestra Constitución,nonstandard_html_official_config,H2018P4CCA,9,66,9,https://historico.conaliteg.gob.mx/c/H2018P4CCA/009.jpg,0,served_image,200,image/jpeg,203680,27fa35b65beb46d53ba5057056c74d89d8fb9228f780b558e3c78c1ad208e760,1,,source_jpeg
LTMD_U1_W11_NONSTANDARD_ASSET_AUDIT_0.1,H2018P4CCA,2018,4,Conoce Nuestra Constitución,nonstandard_html_official_config,H2018P4CCA,10,66,10,https://historico.conaliteg.gob.mx/c/H2018P4CCA/010.jpg,0,served_image,200,image/jpeg,53700,3daa1e8baa0d138c87ff4bea59140df139b2b4d1149a5ce94560b076eab9a9a0,1,,source_jpeg
LTMD_U1_W11_NONSTANDARD_ASSET_AUDIT_0.1,H2018P4CCA,2018,4,Conoce Nuestra Constitución,nonstandard_html_official_config,H2018P4CCA,11,66,11,https://historico.conaliteg.gob.mx/c/H2018P4CCA/011.jpg,0,served_image,200,image/jpeg,299411,1750a8709b5e7fd563ec0ecb0099adf72d584d1830e905f0c25ab81b382b2164,1,,source_jpeg
LTMD_U1_W11_NONSTANDARD_ASSET_AUDIT_0.1,H2018P4CCA,2018,4,Conoce Nuestra Constitución,nonstandard_html_official_config,H2018P4CCA,12,66,12,https://historico.conaliteg.gob.mx/c/H2018P4CCA/012.jpg,0,served_image,200,image/jpeg,263403,46766589734e57c087beca53d65369386545834dba868c693a07059662fdc863,1,,source_jpeg
LTMD_U1_W11_NONSTANDARD_ASSET_AUDIT_0.1,H2018P4CCA,2018,4,Conoce Nuestra Constitución,nonstandard_html_official_config,H2018P4CCA,13,66,13,https://historico.conaliteg.gob.mx/c/H2018P4CCA/013.jpg,0,served_image,200,image/jpeg,281414,1c8f282f8e0b1e86e1fa744c1d37cb1243bd166c0873201e7f6b6d0cc1990de9,1,,source_jpeg
LTMD_U1_W11_NONSTANDARD_ASSET_AUDIT_0.1,H2018P4CCA,2018,4,Conoce Nuestra Constitución,nonstandard_html_official_config,H2018P4CCA,14,66,14,https://historico.conaliteg.gob.mx/c/H2018P4CCA/014.jpg,0,served_image,200,image/jpeg,372211,f8a8cfbaf9ef415b962b25ed03cb4d277422bf437f3f7d063857ce528e4afb54,1,,source_jpeg
LTMD_U1_W11_NONSTANDARD_ASSET_AUDIT_0.1,H2018P4CCA,2018,4,Conoce Nuestra Constitución,nonstandard_html_official_config,H2018P4CCA,15,66,15,https://historico.conaliteg.gob.mx/c/H2018P4CCA/015.jpg,0,served_image,200,image/jpeg,383197,645548928da5cd64b0fb94a843e2f67182016dea8efa0dbfcd5b036e33f8229f,1,,source_jpeg
LTMD_U1_W11_NONSTANDARD_ASSET_AUDIT_0.1,H2018P4CCA,2018,4,Conoce Nuestra Constitución,nonstandard_html_official_config,H2018P4CCA,16,66,16,https://historico.conaliteg.gob.mx/c/H2018P4CCA/016.jpg,0,served_image,200,image/jpeg,399870,03f85da2ca29e8d00c4cb7710bfe46c2b25363743a8a6e52db1c289c70f091b1,1,,source_jpeg
LTMD_U1_W11_NONSTANDARD_ASSET_AUDIT_0.1,H2018P4CCA,2018,4,Conoce Nuestra Constitución,nonstandard_html_official_config,H2018P4CCA,17,66,17,https://historico.conaliteg.gob.mx/c/H2018P4CCA/017.jpg,0,served_image,200,image/jpeg,411187,6568c05cdba89aaecd8e76512130c6baf34ad00eb12274837011d74ba504bb8c,1,,source_jpeg
LTMD_U1_W11_NONSTANDARD_ASSET_AUDIT_0.1,H2018P4CCA,2018,4,Conoce Nuestra Constitución,nonstandard_html_official_config,H2018P4CCA,18,66,18,https://historico.conaliteg.gob.mx/c/H2018P4CCA/018.jpg,0,served_image,200,image/jpeg,310003,a158d25116dc2be3d5e87a6db50e0fce03e0ee0fe59956b27b60da0c232e9662,1,,source_jpeg
LTMD_U1_W11_NONSTANDARD_ASSET_AUDIT_0.1,H2018P4CCA,2018,4,Conoce Nuestra Constitución,nonstandard_html_official_config,H2018P4CCA,19,66,19,https://historico.conaliteg.gob.mx/c/H2018P4CCA/019.jpg,0,served_image,200,image/jpeg,409821,09d2fa5bb2e10b6534f21d543d6b0c12babc65e61a6350fb455b17548c8e1882,1,,source_jpeg
LTMD_U1_W11_NONSTANDARD_ASSET_AUDIT_0.1,H2018P4CCA,2018,4,Conoce Nuestra Constitución,nonstandard_html_official_config,H2018P4CCA,20,66,20,https://historico.conaliteg.gob.mx/c/H2018P4CCA/020.jpg,0,served_image,200,image/jpeg,386767,10afa297eaa0516b284c8433d66ce707b16d0789eeba24e6c738869a5affe68f,1,,source_jpeg
LTMD_U1_W11_NONSTANDARD_ASSET_AUDIT_0.1,H2018P4CCA,2018,4,Conoce Nuestra Constitución,nonstandard_html_official_config,H2018P4CCA,21,66,21,https://historico.conaliteg.gob.mx/c/H2018P4CCA/021.jpg,0,served_image,200,image/jpeg,398665,23b128e223d89519149a0d265ad11a86c054c753ecdd2edf4edcaf693d666dd1,1,,source_jpeg
LTMD_U1_W11_NONSTANDARD_ASSET_AUDIT_0.1,H2018P4CCA,2018,4,Conoce Nuestra Constitución,nonstandard_html_official_config,H2018P4CCA,22,66,22,https://historico.conaliteg.gob.mx/c/H2018P4CCA/022.jpg,0,served_image,200,image/jpeg,393940,a9a4956b2464d2541edd85cad8bacc49ca487c1d49c0a4c15249f3c2ee213f46,1,,source_jpeg
LTMD_U1_W11_NONSTANDARD_ASSET_AUDIT_0.1,H2018P4CCA,2018,4,Conoce Nuestra Constitución,nonstandard_html_official_config,H2018P4CCA,23,66,23,https://historico.conaliteg.gob.mx/c/H2018P4CCA/023.jpg,0,served_image,200,image/jpeg,394084,a13620e8bf04b204d85e0abf7a8dd7ec627684e5dc33e6f822901459882f42e6,1,,source_jpeg
LTMD_U1_W11_NONSTANDARD_ASSET_AUDIT_0.1,H2018P4CCA,2018,4,Conoce Nuestra Constitución,nonstandard_html_official_config,H2018P4CCA,24,66,24,https://historico.conaliteg.gob.mx/c/H2018P4CCA/024.jpg,0,served_image,200,image/jpeg,366733,993aa019d80771a4c5e817d5791128e2faa615db7e18cda72e2a6d8715e130e8,1,,source_jpeg
LTMD_U1_W11_NONSTANDARD_ASSET_AUDIT_0.1,H2018P4CCA,2018,4,Conoce Nuestra Constitución,nonstandard_html_official_config,H2018P4CCA,25,66,25,https://historico.conaliteg.gob.mx/c/H2018P4CCA/025.jpg,0,served_image,200,image/jpeg,379184,fa733c800f84a47d6b7a113d7d7c57e0b5608e6834604a77fc8648eccf713cd1,1,,source_jpeg
LTMD_U1_W11_NONSTANDARD_ASSET_AUDIT_0.1,H2018P4CCA,2018,4,Conoce Nuestra Constitución,nonstandard_html_official_config,H2018P4CCA,26,66,26,https://historico.conaliteg.gob.mx/c/H2018P4CCA/026.jpg,0,served_image,200,image/jpeg,362100,95863126d22ec227dfe43cd79bf63bb8849de7d723342521f2028dc3e96e3810,1,,source_jpeg
LTMD_U1_W11_NONSTANDARD_ASSET_AUDIT_0.1,H2018P4CCA,2018,4,Conoce Nuestra Constitución,nonstandard_html_official_config,H2018P4CCA,27,66,27,https://historico.conaliteg.gob.mx/c/H2018P4CCA/027.jpg,0,served_image,200,image/jpeg,341010,857288149cc4e314ee665183f0002f59e252990fd413bdfa0cf455ba48b18b80,1,,source_jpeg
LTMD_U1_W11_NONSTANDARD_ASSET_AUDIT_0.1,H2018P4CCA,2018,4,Conoce Nuestra Constitución,nonstandard_html_official_config,H2018P4CCA,28,66,28,https://historico.conaliteg.gob.mx/c/H2018P4CCA/028.jpg,0,served_image,200,image/jpeg,323432,6cf27c0b58d88dd5468798bd349e06791dedd8ade3044bd1ccbd0bfbd48ff9eb,1,,source_jpeg
LTMD_U1_W11_NONSTANDARD_ASSET_AUDIT_0.1,H2018P4CCA,2018,4,Conoce Nuestra Constitución,nonstandard_html_official_config,H2018P4CCA,29,66,29,https://historico.conaliteg.gob.mx/c/H2018P4CCA/029.jpg,0,served_image,200,image/jpeg,394669,fa255c5c70ce6c28aba9af49271f7044c8efad476adc56b3fb2aae4e434d9d92,1,,source_jpeg
LTMD_U1_W11_NONSTANDARD_ASSET_AUDIT_0.1,H2018P4CCA,2018,4,Conoce Nuestra Constitución,nonstandard_html_official_config,H2018P4CCA,30,66,30,https://historico.conaliteg.gob.mx/c/H2018P4CCA/030.jpg,0,served_image,200,image/jpeg,388692,0b257e2e15fe16a20f730f72ac752e4dd60c7e50871891c8d104479d50023c0e,1,,source_jpeg
LTMD_U1_W11_NONSTANDARD_ASSET_AUDIT_0.1,H2018P4CCA,2018,4,Conoce Nuestra Constitución,nonstandard_html_official_config,H2018P4CCA,31,66,31,https://historico.conaliteg.gob.mx/c/H2018P4CCA/031.jpg,0,served_image,200,image/jpeg,380391,c742e38456503706481685f7c00cb3e57ccb48752e5f6523cb058754c882c945,1,,source_jpeg
LTMD_U1_W11_NONSTANDARD_ASSET_AUDIT_0.1,H2018P4CCA,2018,4,Conoce Nuestra Constitución,nonstandard_html_official_config,H2018P4CCA,32,66,32,https://historico.conaliteg.gob.mx/c/H2018P4CCA/032.jpg,0,served_image,200,image/jpeg,362839,f7c1fa78eb624396529aea94c0af7c7b910519204bb5e212903d5acab8a4c703,1,,source_jpeg
LTMD_U1_W11_NONSTANDARD_ASSET_AUDIT_0.1,H2018P4CCA,2018,4,Conoce Nuestra Constitución,nonstandard_html_official_config,H2018P4CCA,33,66,33,https://historico.conaliteg.gob.mx/c/H2018P4CCA/033.jpg,0,served_image,200,image/jpeg,346639,e2e8ee4726aa8f8d7dd5067146328c2ae1ed93434072fe73085188e19bc45b7d,1,,source_jpeg
LTMD_U1_W11_NONSTANDARD_ASSET_AUDIT_0.1,H2018P4CCA,2018,4,Conoce Nuestra Constitución,nonstandard_html_official_config,H2018P4CCA,34,66,34,https://historico.conaliteg.gob.mx/c/H2018P4CCA/034.jpg,0,served_image,200,image/jpeg,412846,5ccc441858a6f901e908e3648d5e2b1e910fd42cd01d4cae70974e28ba33d160,1,,source_jpeg
LTMD_U1_W11_NONSTANDARD_ASSET_AUDIT_0.1,H2018P4CCA,2018,4,Conoce Nuestra Constitución,nonstandard_html_official_config,H2018P4CCA,35,66,35,https://historico.conaliteg.gob.mx/c/H2018P4CCA/035.jpg,0,served_image,200,image/jpeg,407730,524fee9dcc4af2ed0a382d6b03bd3523a0cb703a2187bebafa62d9f22a0bfaed,1,,source_jpeg
LTMD_U1_W11_NONSTANDARD_ASSET_AUDIT_0.1,H2018P4CCA,2018,4,Conoce Nuestra Constitución,nonstandard_html_official_config,H2018P4CCA,36,66,36,https://historico.conaliteg.gob.mx/c/H2018P4CCA/036.jpg,0,served_image,200,image/jpeg,351457,53cd1f0e468c9fe4eae3d2e80028f291fb562d1dae026b715c9a92327b7016ec,1,,source_jpeg
LTMD_U1_W11_NONSTANDARD_ASSET_AUDIT_0.1,H2018P4CCA,2018,4,Conoce Nuestra Constitución,nonstandard_html_official_config,H2018P4CCA,37,66,37,https://historico.conaliteg.gob.mx/c/H2018P4CCA/037.jpg,0,served_image,200,image/jpeg,417886,88819cdc215ea378142ec29178b86bb14427e5a36259ef3892c7521067001eb3,1,,source_jpeg
LTMD_U1_W11_NONSTANDARD_ASSET_AUDIT_0.1,H2018P4CCA,2018,4,Conoce Nuestra Constitución,nonstandard_html_official_config,H2018P4CCA,38,66,38,https://historico.conaliteg.gob.mx/c/H2018P4CCA/038.jpg,0,served_image,200,image/jpeg,375883,7a13df2d2fb45213b55f3468a3700cae1037210eb377569f00b03fafe5e96652,1,,source_jpeg
LTMD_U1_W11_NONSTANDARD_ASSET_AUDIT_0.1,H2018P4CCA,2018,4,Conoce Nuestra Constitución,nonstandard_html_official_config,H2018P4CCA,39,66,39,https://historico.conaliteg.gob.mx/c/H2018P4CCA/039.jpg,0,served_image,200,image/jpeg,315992,8060341a4aa557d0541e9662f4c66baedc9186143d1754247dd6cdfcdc52d924,1,,source_jpeg
LTMD_U1_W11_NONSTANDARD_ASSET_AUDIT_0.1,H2018P4CCA,2018,4,Conoce Nuestra Constitución,nonstandard_html_official_config,H2018P4CCA,40,66,40,https://historico.conaliteg.gob.mx/c/H2018P4CCA/040.jpg,0,served_image,200,image/jpeg,320320,66820924d07cc7b7ad8490f310d25b17cc4d48dde74d8b50a9d9bdcced787c6d,1,,source_jpeg
LTMD_U1_W11_NONSTANDARD_ASSET_AUDIT_0.1,H2018P4CCA,2018,4,Conoce Nuestra Constitución,nonstandard_html_official_config,H2018P4CCA,41,66,41,https://historico.conaliteg.gob.mx/c/H2018P4CCA/041.jpg,0,served_image,200,image/jpeg,366172,3a6cc7808fc4d46d8788454d1c74715b6e7c6ed0a00229f394b70494cc67b560,1,,source_jpeg
LTMD_U1_W11_NONSTANDARD_ASSET_AUDIT_0.1,H2018P4CCA,2018,4,Conoce Nuestra Constitución,nonstandard_html_official_config,H2018P4CCA,42,66,42,https://historico.conaliteg.gob.mx/c/H2018P4CCA/042.jpg,0,served_image,200,image/jpeg,336618,03c6833d09d0403e175408ac49ce72fe0007ef9e47013052c12a90d191084e46,1,,source_jpeg
LTMD_U1_W11_NONSTANDARD_ASSET_AUDIT_0.1,H2018P4CCA,2018,4,Conoce Nuestra Constitución,nonstandard_html_official_config,H2018P4CCA,43,66,43,https://historico.conaliteg.gob.mx/c/H2018P4CCA/043.jpg,0,served_image,200,image/jpeg,330705,2fb12a8e059a030b280db7d5a59949a986c965b200c4c88371c8817cc3bc6cfc,1,,source_jpeg
LTMD_U1_W11_NONSTANDARD_ASSET_AUDIT_0.1,H2018P4CCA,2018,4,Conoce Nuestra Constitución,nonstandard_html_official_config,H2018P4CCA,44,66,44,https://historico.conaliteg.gob.mx/c/H2018P4CCA/044.jpg,0,served_image,200,image/jpeg,389726,525c1f53b7f18b3f30019930a7410c59a12fd9cafb195a6f82c070a7c69c0e7c,1,,source_jpeg
LTMD_U1_W11_NONSTANDARD_ASSET_AUDIT_0.1,H2018P4CCA,2018,4,Conoce Nuestra Constitución,nonstandard_html_official_config,H2018P4CCA,45,66,45,https://historico.conaliteg.gob.mx/c/H2018P4CCA/045.jpg,0,served_image,200,image/jpeg,269364,151d723c453a5316d6ce3cb4886009cd7492802660d489e351f3e73332cd1e3d,1,,source_jpeg
LTMD_U1_W11_NONSTANDARD_ASSET_AUDIT_0.1,H2018P4CCA,2018,4,Conoce Nuestra Constitución,nonstandard_html_official_config,H2018P4CCA,46,66,46,https://historico.conaliteg.gob.mx/c/H2018P4CCA/046.jpg,0,served_image,200,image/jpeg,381187,b5df23ea754e61760c59da926cb10fee51def6ab9b6a8bb472f1b1fde58f3135,1,,source_jpeg
LTMD_U1_W11_NONSTANDARD_ASSET_AUDIT_0.1,H2018P4CCA,2018,4,Conoce Nuestra Constitución,nonstandard_html_official_config,H2018P4CCA,47,66,47,https://historico.conaliteg.gob.mx/c/H2018P4CCA/047.jpg,0,served_image,200,image/jpeg,387812,5a4b43701f14623c9461bbc7e66782cce71ee7a329d5747b5975f2356a3025f4,1,,source_jpeg
LTMD_U1_W11_NONSTANDARD_ASSET_AUDIT_0.1,H2018P4CCA,2018,4,Conoce Nuestra Constitución,nonstandard_html_official_config,H2018P4CCA,48,66,48,https://historico.conaliteg.gob.mx/c/H2018P4CCA/048.jpg,0,served_image,200,image/jpeg,293918,39838d11885b2acdb0edaa29ad4bc6904a5f1e134a0ea7fb77f3dc2ac73b6581,1,,source_jpeg
LTMD_U1_W11_NONSTANDARD_ASSET_AUDIT_0.1,H2018P4CCA,2018,4,Conoce Nuestra Constitución,nonstandard_html_official_config,H2018P4CCA,49,66,49,https://historico.conaliteg.gob.mx/c/H2018P4CCA/049.jpg,0,served_image,200,image/jpeg,340035,81f21025127868dd36c9e2c52bbeaf673079c8008e0a320c013159bb87501f07,1,,source_jpeg
LTMD_U1_W11_NONSTANDARD_ASSET_AUDIT_0.1,H2018P4CCA,2018,4,Conoce Nuestra Constitución,nonstandard_html_official_config,H2018P4CCA,50,66,50,https://historico.conaliteg.gob.mx/c/H2018P4CCA/050.jpg,0,served_image,200,image/jpeg,289962,4cbf54198843cd979d75bcee6de1b60b82a8de6ff6cd79664baadf7141a8bfde,1,,source_jpeg
LTMD_U1_W11_NONSTANDARD_ASSET_AUDIT_0.1,H2018P4CCA,2018,4,Conoce Nuestra Constitución,nonstandard_html_official_config,H2018P4CCA,51,66,51,https://historico.conaliteg.gob.mx/c/H2018P4CCA/051.jpg,0,served_image,200,image/jpeg,342703,e92b414e6c9037f9415d27f4e04f4e3e32b95b46735d63406638b1cb201a7429,1,,source_jpeg
LTMD_U1_W11_NONSTANDARD_ASSET_AUDIT_0.1,H2018P4CCA,2018,4,Conoce Nuestra Constitución,nonstandard_html_official_config,H2018P4CCA,52,66,52,https://historico.conaliteg.gob.mx/c/H2018P4CCA/052.jpg,0,served_image,200,image/jpeg,290483,74d9a6557ab5791fce779b5412f1690b02ad54f212b4482f61664091a494f619,1,,source_jpeg
LTMD_U1_W11_NONSTANDARD_ASSET_AUDIT_0.1,H2018P4CCA,2018,4,Conoce Nuestra Constitución,nonstandard_html_official_config,H2018P4CCA,53,66,53,https://historico.conaliteg.gob.mx/c/H2018P4CCA/053.jpg,0,served_image,200,image/jpeg,336693,f6206b83568434ed966d44c4440a91e3e9ff40a7a2dfa8a60f3a026df5032399,1,,source_jpeg
LTMD_U1_W11_NONSTANDARD_ASSET_AUDIT_0.1,H2018P4CCA,2018,4,Conoce Nuestra Constitución,nonstandard_html_official_config,H2018P4CCA,54,66,54,https://historico.conaliteg.gob.mx/c/H2018P4CCA/054.jpg,0,served_image,200,image/jpeg,328924,33be402de407938ad28a224ad1407d4da88b835a4407edc98afa338d75a6eac0,1,,source_jpeg
LTMD_U1_W11_NONSTANDARD_ASSET_AUDIT_0.1,H2018P4CCA,2018,4,Conoce Nuestra Constitución,nonstandard_html_official_config,H2018P4CCA,55,66,55,https://historico.conaliteg.gob.mx/c/H2018P4CCA/055.jpg,0,served_image,200,image/jpeg,334448,ee4b2c11554dc98031d53f42db5c30bd09cd967b782e6a549cfb6cef7d5c53fa,1,,source_jpeg
LTMD_U1_W11_NONSTANDARD_ASSET_AUDIT_0.1,H2018P4CCA,2018,4,Conoce Nuestra Constitución,nonstandard_html_official_config,H2018P4CCA,56,66,56,https://historico.conaliteg.gob.mx/c/H2018P4CCA/056.jpg,0,served_image,200,image/jpeg,375168,a3995248076baa2b5442bf98c8b538e9068b5afa9fa54072c574425ec1f3da93,1,,source_jpeg
LTMD_U1_W11_NONSTANDARD_ASSET_AUDIT_0.1,H2018P4CCA,2018,4,Conoce Nuestra Constitución,nonstandard_html_official_config,H2018P4CCA,57,66,57,https://historico.conaliteg.gob.mx/c/H2018P4CCA/057.jpg,0,served_image,200,image/jpeg,371736,46ff2cc27b4b20828c2cf857ead92910d9bbd9cf9551701d7b96886b58f769eb,1,,source_jpeg
LTMD_U1_W11_NONSTANDARD_ASSET_AUDIT_0.1,H2018P4CCA,2018,4,Conoce Nuestra Constitución,nonstandard_html_official_config,H2018P4CCA,58,66,58,https://historico.conaliteg.gob.mx/c/H2018P4CCA/058.jpg,0,served_image,200,image/jpeg,349163,5b15e803294f4b6479d4f521155c576b5fa37d9de414d7c845f3815697c51abc,1,,source_jpeg
LTMD_U1_W11_NONSTANDARD_ASSET_AUDIT_0.1,H2018P4CCA,2018,4,Conoce Nuestra Constitución,nonstandard_html_official_config,H2018P4CCA,59,66,59,https://historico.conaliteg.gob.mx/c/H2018P4CCA/059.jpg,0,served_image,200,image/jpeg,287914,2a90a5be87861497ec96ddf049a4436ef6c16665506095413f1595c72f475f63,1,,source_jpeg
LTMD_U1_W11_NONSTANDARD_ASSET_AUDIT_0.1,H2018P4CCA,2018,4,Conoce Nuestra Constitución,nonstandard_html_official_config,H2018P4CCA,60,66,60,https://historico.conaliteg.gob.mx/c/H2018P4CCA/060.jpg,0,served_image,200,image/jpeg,109260,d1ed08fb4ada7b2ac082cc7f62eb72bed38228e183e45350fd01af3d7e9c80a0,1,,source_jpeg
LTMD_U1_W11_NONSTANDARD_ASSET_AUDIT_0.1,H2018P4CCA,2018,4,Conoce Nuestra Constitución,nonstandard_html_official_config,H2018P4CCA,61,66,61,https://historico.conaliteg.gob.mx/c/H2018P4CCA/061.jpg,0,served_image,200,image/jpeg,169085,d806c5755ad9d248d74dace95349ba82d995602be3291ceb9481b61daa6fa6bd,1,,source_jpeg
LTMD_U1_W11_NONSTANDARD_ASSET_AUDIT_0.1,H2018P4CCA,2018,4,Conoce Nuestra Constitución,nonstandard_html_official_config,H2018P4CCA,62,66,62,https://historico.conaliteg.gob.mx/c/H2018P4CCA/062.jpg,0,served_image,200,image/jpeg,164834,6283a64946d752ff8aedc12948de5c0c6247fd49264aa951c967bfe72e19656f,1,,source_jpeg
LTMD_U1_W11_NONSTANDARD_ASSET_AUDIT_0.1,H2018P4CCA,2018,4,Conoce Nuestra Constitución,nonstandard_html_official_config,H2018P4CCA,63,66,63,https://historico.conaliteg.gob.mx/c/H2018P4CCA/063.jpg,0,served_image,200,image/jpeg,98428,036d3bd92ac40744a52b74fc71a87d9e06168a0142847ceba9d920d011f04f13,1,,source_jpeg
LTMD_U1_W11_NONSTANDARD_ASSET_AUDIT_0.1,H2018P4CCA,2018,4,Conoce Nuestra Constitución,nonstandard_html_official_config,H2018P4CCA,64,66,64,https://historico.conaliteg.gob.mx/c/H2018P4CCA/064.jpg,0,served_image,200,image/jpeg,103622,431f0a9214242ddb54a82f795ff4090c2f00c6a69863920b360c5983c08dbdae,1,,source_jpeg
LTMD_U1_W11_NONSTANDARD_ASSET_AUDIT_0.1,H2018P4CCA,2018,4,Conoce Nuestra Constitución,nonstandard_html_official_config,H2018P4CCA,65,66,65,https://historico.conaliteg.gob.mx/c/H2018P4CCA/065.jpg,0,served_image,200,image/jpeg,82199,4248233b6ba864f71f2bf63ecefe049517d6def875045fd31ec6912f9a44b732,1,,source_jpeg
LTMD_U1_W11_NONSTANDARD_ASSET_AUDIT_0.1,H2018P4CCA,2018,4,Conoce Nuestra Constitución,nonstandard_html_official_config,H2018P4CCA,66,66,66,https://historico.conaliteg.gob.mx/c/H2018P4CCA/066.jpg,1,http_404,404,text/html; charset=iso-8859-1,,,1,HTTP 404,terminal_synthetic_candidate
LTMD_U1_W11_NONSTANDARD_ASSET_AUDIT_0.1,H2019P1CAM,2019,1,Material de apoyo a la alfabetización Inicial. Tiras recortables. PrImer grado,nonstandard_html_official_config,H2019P1CAM,1,154,0,https://historico.conaliteg.gob.mx/c/H2019P1CAM/000.jpg,0,served_image,200,image/jpeg,172585,09947c0ceb6596e191f867f69fee6ed480c48f702eae2c6cb910758b15280554,1,,source_jpeg
LTMD_U1_W11_NONSTANDARD_ASSET_AUDIT_0.1,H2019P1CAM,2019,1,Material de apoyo a la alfabetización Inicial. Tiras recortables. PrImer grado,nonstandard_html_official_config,H2019P1CAM,2,154,2,https://historico.conaliteg.gob.mx/c/H2019P1CAM/002.jpg,0,served_image,200,image/jpeg,65261,df3222ef18e109f3e28b86e065340a7874690a2646a5f6fd89a188f2820833b7,1,,source_jpeg
LTMD_U1_W11_NONSTANDARD_ASSET_AUDIT_0.1,H2019P1CAM,2019,1,Material de apoyo a la alfabetización Inicial. Tiras recortables. PrImer grado,nonstandard_html_official_config,H2019P1CAM,3,154,3,https://historico.conaliteg.gob.mx/c/H2019P1CAM/003.jpg,0,served_image,200,image/jpeg,98024,939930b8d1e34c68d47ad0c9cb84f485492788eaf98735a00ea39995bad464a4,1,,source_jpeg
LTMD_U1_W11_NONSTANDARD_ASSET_AUDIT_0.1,H2019P1CAM,2019,1,Material de apoyo a la alfabetización Inicial. Tiras recortables. PrImer grado,nonstandard_html_official_config,H2019P1CAM,4,154,4,https://historico.conaliteg.gob.mx/c/H2019P1CAM/004.jpg,0,served_image,200,image/jpeg,16963,163fb4f881be74e7c38a3c2a538bbd9c2706e70a58f49322d4337a54a9105df0,1,,source_jpeg
LTMD_U1_W11_NONSTANDARD_ASSET_AUDIT_0.1,H2019P1CAM,2019,1,Material de apoyo a la alfabetización Inicial. Tiras recortables. PrImer grado,nonstandard_html_official_config,H2019P1CAM,5,154,5,https://historico.conaliteg.gob.mx/c/H2019P1CAM/005.jpg,0,served_image,200,image/jpeg,58217,7315fbc45f076b4d47b71d8146c7bde382267506db2f5f4d5a0990ede8fd5674,1,,source_jpeg
LTMD_U1_W11_NONSTANDARD_ASSET_AUDIT_0.1,H2019P1CAM,2019,1,Material de apoyo a la alfabetización Inicial. Tiras recortables. PrImer grado,nonstandard_html_official_config,H2019P1CAM,6,154,6,https://historico.conaliteg.gob.mx/c/H2019P1CAM/006.jpg,0,served_image,200,image/jpeg,16963,98f4ce1a5dd92918cddbc7ebdfdbd76f78a69165d7cc6a4d23119bdab77a6deb,1,,source_jpeg
LTMD_U1_W11_NONSTANDARD_ASSET_AUDIT_0.1,H2019P1CAM,2019,1,Material de apoyo a la alfabetización Inicial. Tiras recortables. PrImer grado,nonstandard_html_official_config,H2019P1CAM,7,154,7,https://historico.conaliteg.gob.mx/c/H2019P1CAM/007.jpg,0,served_image,200,image/jpeg,100225,4e5dd5afcf8e1453ea751ad7ed841034d24c196bf83f284e5466ff98c94352e6,1,,source_jpeg
LTMD_U1_W11_NONSTANDARD_ASSET_AUDIT_0.1,H2019P1CAM,2019,1,Material de apoyo a la alfabetización Inicial. Tiras recortables. PrImer grado,nonstandard_html_official_config,H2019P1CAM,8,154,8,https://historico.conaliteg.gob.mx/c/H2019P1CAM/008.jpg,0,served_image,200,image/jpeg,16963,c766b4b67754d6e2ca987af4033aa467f48aca39d2e33d93ae74754a4ca97fbd,1,,source_jpeg
LTMD_U1_W11_NONSTANDARD_ASSET_AUDIT_0.1,H2019P1CAM,2019,1,Material de apoyo a la alfabetización Inicial. Tiras recortables. PrImer grado,nonstandard_html_official_config,H2019P1CAM,9,154,9,https://historico.conaliteg.gob.mx/c/H2019P1CAM/009.jpg,0,served_image,200,image/jpeg,137987,2d6d60662d20e2125c57d84ac5e537d1f89d6427612ae69709ffb02433b74709,1,,source_jpeg
LTMD_U1_W11_NONSTANDARD_ASSET_AUDIT_0.1,H2019P1CAM,2019,1,Material de apoyo a la alfabetización Inicial. Tiras recortables. PrImer grado,nonstandard_html_official_config,H2019P1CAM,10,154,10,https://historico.conaliteg.gob.mx/c/H2019P1CAM/010.jpg,0,served_image,200,image/jpeg,16963,f86fccc24a2457e250a32f2f6d3592d510e3102014f61b0ede4f07dcf1209abe,1,,source_jpeg
LTMD_U1_W11_NONSTANDARD_ASSET_AUDIT_0.1,H2019P1CAM,2019,1,Material de apoyo a la alfabetización Inicial. Tiras recortables. PrImer grado,nonstandard_html_official_config,H2019P1CAM,11,154,11,https://historico.conaliteg.gob.mx/c/H2019P1CAM/011.jpg,0,served_image,200,image/jpeg,129626,7612069c1015b6bd54e203db419f028ae593ec5607237af182efecfb312e067c,1,,source_jpeg
LTMD_U1_W11_NONSTANDARD_ASSET_AUDIT_0.1,H2019P1CAM,2019,1,Material de apoyo a la alfabetización Inicial. Tiras recortables. PrImer grado,nonstandard_html_official_config,H2019P1CAM,12,154,12,https://historico.conaliteg.gob.mx/c/H2019P1CAM/012.jpg,0,served_image,200,image/jpeg,16963,f6eee3542a83b65c1d8e519c965964617617bddf24f736fdec9826e0afebe75e,1,,source_jpeg
LTMD_U1_W11_NONSTANDARD_ASSET_AUDIT_0.1,H2019P1CAM,2019,1,Material de apoyo a la alfabetización Inicial. Tiras recortables. PrImer grado,nonstandard_html_official_config,H2019P1CAM,13,154,13,https://historico.conaliteg.gob.mx/c/H2019P1CAM/013.jpg,0,served_image,200,image/jpeg,94919,85b0bd49d8c67075a08712055e688448196330c20f10386bd4b5b67e9baa16a7,1,,source_jpeg
LTMD_U1_W11_NONSTANDARD_ASSET_AUDIT_0.1,H2019P1CAM,2019,1,Material de apoyo a la alfabetización Inicial. Tiras recortables. PrImer grado,nonstandard_html_official_config,H2019P1CAM,14,154,14,https://historico.conaliteg.gob.mx/c/H2019P1CAM/014.jpg,0,served_image,200,image/jpeg,16963,1bc288a16201414afa7caedfdbd8664c4341324edec5bb18f5134585b846c90b,1,,source_jpeg
LTMD_U1_W11_NONSTANDARD_ASSET_AUDIT_0.1,H2019P1CAM,2019,1,Material de apoyo a la alfabetización Inicial. Tiras recortables. PrImer grado,nonstandard_html_official_config,H2019P1CAM,15,154,15,https://historico.conaliteg.gob.mx/c/H2019P1CAM/015.jpg,0,served_image,200,image/jpeg,86260,e3432ae62cbfec0fd001413452e837adaabf1f8fef8905983e6979c37da81631,1,,source_jpeg
LTMD_U1_W11_NONSTANDARD_ASSET_AUDIT_0.1,H2019P1CAM,2019,1,Material de apoyo a la alfabetización Inicial. Tiras recortables. PrImer grado,nonstandard_html_official_config,H2019P1CAM,16,154,16,https://historico.conaliteg.gob.mx/c/H2019P1CAM/016.jpg,0,served_image,200,image/jpeg,16963,b27e2a76735899df5e8d6edb68bbe7867a1d3d91bf0a679957676a97c2f44a4d,1,,source_jpeg
LTMD_U1_W11_NONSTANDARD_ASSET_AUDIT_0.1,H2019P1CAM,2019,1,Material de apoyo a la alfabetización Inicial. Tiras recortables. PrImer grado,nonstandard_html_official_config,H2019P1CAM,17,154,17,https://historico.conaliteg.gob.mx/c/H2019P1CAM/017.jpg,0,served_image,200,image/jpeg,108097,f1509e5988010bfcc5aa7ebbdbdf5309d82350ce8b76512cc41385c00a04c449,1,,source_jpeg
LTMD_U1_W11_NONSTANDARD_ASSET_AUDIT_0.1,H2019P1CAM,2019,1,Material de apoyo a la alfabetización Inicial. Tiras recortables. PrImer grado,nonstandard_html_official_config,H2019P1CAM,18,154,18,https://historico.conaliteg.gob.mx/c/H2019P1CAM/018.jpg,0,served_image,200,image/jpeg,16963,efb6c7c178218cfd1033858cbdaf3e7fa019893c0b5c9bc5b8c3cc7166be729a,1,,source_jpeg
LTMD_U1_W11_NONSTANDARD_ASSET_AUDIT_0.1,H2019P1CAM,2019,1,Material de apoyo a la alfabetización Inicial. Tiras recortables. PrImer grado,nonstandard_html_official_config,H2019P1CAM,19,154,19,https://historico.conaliteg.gob.mx/c/H2019P1CAM/019.jpg,0,served_image,200,image/jpeg,108012,4eabf0dccbbfa9997a604bd6eec413878cc333b9b0489f68b82fbddd4edabf4d,1,,source_jpeg
LTMD_U1_W11_NONSTANDARD_ASSET_AUDIT_0.1,H2019P1CAM,2019,1,Material de apoyo a la alfabetización Inicial. Tiras recortables. PrImer grado,nonstandard_html_official_config,H2019P1CAM,20,154,20,https://historico.conaliteg.gob.mx/c/H2019P1CAM/020.jpg,0,served_image,200,image/jpeg,16963,52a517ecd64b0eb8772689aab621b4490cbfbd40f6df1bd6d5f8deb50f22f347,1,,source_jpeg
LTMD_U1_W11_NONSTANDARD_ASSET_AUDIT_0.1,H2019P1CAM,2019,1,Material de apoyo a la alfabetización Inicial. Tiras recortables. PrImer grado,nonstandard_html_official_config,H2019P1CAM,21,154,21,https://historico.conaliteg.gob.mx/c/H2019P1CAM/021.jpg,0,served_image,200,image/jpeg,108055,aaca04f53f164a50eabc5e42ad9437f4dafe973178cf15f1ad94476db8caa80f,1,,source_jpeg
LTMD_U1_W11_NONSTANDARD_ASSET_AUDIT_0.1,H2019P1CAM,2019,1,Material de apoyo a la alfabetización Inicial. Tiras recortables. PrImer grado,nonstandard_html_official_config,H2019P1CAM,22,154,22,https://historico.conaliteg.gob.mx/c/H2019P1CAM/022.jpg,0,served_image,200,image/jpeg,16963,9630a300bde55c7cf5a62f2e613404cabef1b3873dd29bbad92e8572f2749b98,1,,source_jpeg
LTMD_U1_W11_NONSTANDARD_ASSET_AUDIT_0.1,H2019P1CAM,2019,1,Material de apoyo a la alfabetización Inicial. Tiras recortables. PrImer grado,nonstandard_html_official_config,H2019P1CAM,23,154,23,https://historico.conaliteg.gob.mx/c/H2019P1CAM/023.jpg,0,served_image,200,image/jpeg,83797,dfad6a27f12965a4ba4e9b9f6d3b1fa5d91bd7d210a82553dca0d972cc309fa5,1,,source_jpeg
LTMD_U1_W11_NONSTANDARD_ASSET_AUDIT_0.1,H2019P1CAM,2019,1,Material de apoyo a la alfabetización Inicial. Tiras recortables. PrImer grado,nonstandard_html_official_config,H2019P1CAM,24,154,24,https://historico.conaliteg.gob.mx/c/H2019P1CAM/024.jpg,0,served_image,200,image/jpeg,16963,95cd86a72b97ee397474851ac6ca276b990a879c89bf36fe1a4e495dc4ce5234,1,,source_jpeg
LTMD_U1_W11_NONSTANDARD_ASSET_AUDIT_0.1,H2019P1CAM,2019,1,Material de apoyo a la alfabetización Inicial. Tiras recortables. PrImer grado,nonstandard_html_official_config,H2019P1CAM,25,154,25,https://historico.conaliteg.gob.mx/c/H2019P1CAM/025.jpg,0,served_image,200,image/jpeg,78992,80c8daab0a4f92f3080945962c44e56f93fc22bf7cb037071a49f832a08b8202,1,,source_jpeg
LTMD_U1_W11_NONSTANDARD_ASSET_AUDIT_0.1,H2019P1CAM,2019,1,Material de apoyo a la alfabetización Inicial. Tiras recortables. PrImer grado,nonstandard_html_official_config,H2019P1CAM,26,154,26,https://historico.conaliteg.gob.mx/c/H2019P1CAM/026.jpg,0,served_image,200,image/jpeg,16963,007b00b529aba07560b1120b351336ad7efe5fb8c81f21586f1e49d9c2d3e5cf,1,,source_jpeg
LTMD_U1_W11_NONSTANDARD_ASSET_AUDIT_0.1,H2019P1CAM,2019,1,Material de apoyo a la alfabetización Inicial. Tiras recortables. PrImer grado,nonstandard_html_official_config,H2019P1CAM,27,154,27,https://historico.conaliteg.gob.mx/c/H2019P1CAM/027.jpg,0,served_image,200,image/jpeg,93180,2f723cfa1b2bda2342ef6937ddd643b788f9c541949dd4cabd8c0fb3c929728e,1,,source_jpeg
LTMD_U1_W11_NONSTANDARD_ASSET_AUDIT_0.1,H2019P1CAM,2019,1,Material de apoyo a la alfabetización Inicial. Tiras recortables. PrImer grado,nonstandard_html_official_config,H2019P1CAM,28,154,28,https://historico.conaliteg.gob.mx/c/H2019P1CAM/028.jpg,0,served_image,200,image/jpeg,16963,b40e145a63c442ce250ab8e797629fd73e857c830edb2c284642b437f0d3cac0,1,,source_jpeg
LTMD_U1_W11_NONSTANDARD_ASSET_AUDIT_0.1,H2019P1CAM,2019,1,Material de apoyo a la alfabetización Inicial. Tiras recortables. PrImer grado,nonstandard_html_official_config,H2019P1CAM,29,154,29,https://historico.conaliteg.gob.mx/c/H2019P1CAM/029.jpg,0,served_image,200,image/jpeg,72854,bd61991860fa9ca3f64b82e740f909e7078b81af75ba73dc0a6f820814746790,1,,source_jpeg
LTMD_U1_W11_NONSTANDARD_ASSET_AUDIT_0.1,H2019P1CAM,2019,1,Material de apoyo a la alfabetización Inicial. Tiras recortables. PrImer grado,nonstandard_html_official_config,H2019P1CAM,30,154,30,https://historico.conaliteg.gob.mx/c/H2019P1CAM/030.jpg,0,served_image,200,image/jpeg,16963,6c007fe0c17179a350b3b149a81cf8d8bdb5f35ed721321e1db5279827b9cca9,1,,source_jpeg
LTMD_U1_W11_NONSTANDARD_ASSET_AUDIT_0.1,H2019P1CAM,2019,1,Material de apoyo a la alfabetización Inicial. Tiras recortables. PrImer grado,nonstandard_html_official_config,H2019P1CAM,31,154,31,https://historico.conaliteg.gob.mx/c/H2019P1CAM/031.jpg,0,served_image,200,image/jpeg,98502,bcd67596b7d773c89662366499a9bb2a3c421866b72fba8ba7bb3fbabee4c984,1,,source_jpeg
LTMD_U1_W11_NONSTANDARD_ASSET_AUDIT_0.1,H2019P1CAM,2019,1,Material de apoyo a la alfabetización Inicial. Tiras recortables. PrImer grado,nonstandard_html_official_config,H2019P1CAM,32,154,32,https://historico.conaliteg.gob.mx/c/H2019P1CAM/032.jpg,0,served_image,200,image/jpeg,16963,ee1a9a30434c1c0ddb43e203962d5cd2b5d5105368535b08a6ac4c23c5f22b01,1,,source_jpeg
LTMD_U1_W11_NONSTANDARD_ASSET_AUDIT_0.1,H2019P1CAM,2019,1,Material de apoyo a la alfabetización Inicial. Tiras recortables. PrImer grado,nonstandard_html_official_config,H2019P1CAM,33,154,33,https://historico.conaliteg.gob.mx/c/H2019P1CAM/033.jpg,0,served_image,200,image/jpeg,50706,0f8911ac35d074ad2f5249ae8641a577ad509e4cee9f69bc8fdd2c06b9bd19e9,1,,source_jpeg
LTMD_U1_W11_NONSTANDARD_ASSET_AUDIT_0.1,H2019P1CAM,2019,1,Material de apoyo a la alfabetización Inicial. Tiras recortables. PrImer grado,nonstandard_html_official_config,H2019P1CAM,34,154,34,https://historico.conaliteg.gob.mx/c/H2019P1CAM/034.jpg,0,served_image,200,image/jpeg,16963,7e23e89a8788cd631a3252725764c06c8633a8e576d1773b4b1cd51f613ce746,1,,source_jpeg
LTMD_U1_W11_NONSTANDARD_ASSET_AUDIT_0.1,H2019P1CAM,2019,1,Material de apoyo a la alfabetización Inicial. Tiras recortables. PrImer grado,nonstandard_html_official_config,H2019P1CAM,35,154,35,https://historico.conaliteg.gob.mx/c/H2019P1CAM/035.jpg,0,served_image,200,image/jpeg,119803,8012008333634ef7f09f879bbff42b50a8faad983a268790a72356cf75ad0e9f,1,,source_jpeg
LTMD_U1_W11_NONSTANDARD_ASSET_AUDIT_0.1,H2019P1CAM,2019,1,Material de apoyo a la alfabetización Inicial. Tiras recortables. PrImer grado,nonstandard_html_official_config,H2019P1CAM,36,154,36,https://historico.conaliteg.gob.mx/c/H2019P1CAM/036.jpg,0,served_image,200,image/jpeg,16963,6aa1359d407cc62334e09807744d5a075137a5329c6d5520c26bbb8e9da49707,1,,source_jpeg
LTMD_U1_W11_NONSTANDARD_ASSET_AUDIT_0.1,H2019P1CAM,2019,1,Material de apoyo a la alfabetización Inicial. Tiras recortables. PrImer grado,nonstandard_html_official_config,H2019P1CAM,37,154,37,https://historico.conaliteg.gob.mx/c/H2019P1CAM/037.jpg,0,served_image,200,image/jpeg,134189,4a61fb6424781a887683270774ec9a5e483b88c0fb017657f177057704f3922c,1,,source_jpeg
LTMD_U1_W11_NONSTANDARD_ASSET_AUDIT_0.1,H2019P1CAM,2019,1,Material de apoyo a la alfabetización Inicial. Tiras recortables. PrImer grado,nonstandard_html_official_config,H2019P1CAM,38,154,38,https://historico.conaliteg.gob.mx/c/H2019P1CAM/038.jpg,0,served_image,200,image/jpeg,16963,7060ccb84ac8a29e25f30f89ca3cf7aa36e026efe01b115be4183b0aef2828fb,1,,source_jpeg
LTMD_U1_W11_NONSTANDARD_ASSET_AUDIT_0.1,H2019P1CAM,2019,1,Material de apoyo a la alfabetización Inicial. Tiras recortables. PrImer grado,nonstandard_html_official_config,H2019P1CAM,39,154,39,https://historico.conaliteg.gob.mx/c/H2019P1CAM/039.jpg,0,served_image,200,image/jpeg,89417,7329402f3ef7eb1eee6c936f64fbb3d53d77f2cbfd56cd0ea64c3640db93b3c3,1,,source_jpeg
LTMD_U1_W11_NONSTANDARD_ASSET_AUDIT_0.1,H2019P1CAM,2019,1,Material de apoyo a la alfabetización Inicial. Tiras recortables. PrImer grado,nonstandard_html_official_config,H2019P1CAM,40,154,40,https://historico.conaliteg.gob.mx/c/H2019P1CAM/040.jpg,0,served_image,200,image/jpeg,16963,598fda30c8d697023dc46184bf27bc149cfa9316a1dfe71f4b0ba6e885d15c27,1,,source_jpeg
LTMD_U1_W11_NONSTANDARD_ASSET_AUDIT_0.1,H2019P1CAM,2019,1,Material de apoyo a la alfabetización Inicial. Tiras recortables. PrImer grado,nonstandard_html_official_config,H2019P1CAM,41,154,41,https://historico.conaliteg.gob.mx/c/H2019P1CAM/041.jpg,0,served_image,200,image/jpeg,87379,cb71e7b89307fc0289c9016b416e65c08e4d72d6244726fe89861df28c612cc2,1,,source_jpeg
LTMD_U1_W11_NONSTANDARD_ASSET_AUDIT_0.1,H2019P1CAM,2019,1,Material de apoyo a la alfabetización Inicial. Tiras recortables. PrImer grado,nonstandard_html_official_config,H2019P1CAM,42,154,42,https://historico.conaliteg.gob.mx/c/H2019P1CAM/042.jpg,0,served_image,200,image/jpeg,16963,ed0499402348a9e24087d910b299e79412c965a9d4f63c1f3e189a28bc2a1392,1,,source_jpeg
LTMD_U1_W11_NONSTANDARD_ASSET_AUDIT_0.1,H2019P1CAM,2019,1,Material de apoyo a la alfabetización Inicial. Tiras recortables. PrImer grado,nonstandard_html_official_config,H2019P1CAM,43,154,43,https://historico.conaliteg.gob.mx/c/H2019P1CAM/043.jpg,0,served_image,200,image/jpeg,74244,42c01b509a517f1e7026987274765992d3be1d1d9eb4bee1d82a4d4a4ac8386c,1,,source_jpeg
LTMD_U1_W11_NONSTANDARD_ASSET_AUDIT_0.1,H2019P1CAM,2019,1,Material de apoyo a la alfabetización Inicial. Tiras recortables. PrImer grado,nonstandard_html_official_config,H2019P1CAM,44,154,44,https://historico.conaliteg.gob.mx/c/H2019P1CAM/044.jpg,0,served_image,200,image/jpeg,16963,f1226bed0a109e9f8271fc1cbca40d495da176ca665aacc7cea4ca028ccd849a,1,,source_jpeg
LTMD_U1_W11_NONSTANDARD_ASSET_AUDIT_0.1,H2019P1CAM,2019,1,Material de apoyo a la alfabetización Inicial. Tiras recortables. PrImer grado,nonstandard_html_official_config,H2019P1CAM,45,154,45,https://historico.conaliteg.gob.mx/c/H2019P1CAM/045.jpg,0,served_image,200,image/jpeg,78119,fa02a98d4f28e1fa032f2701e36c0b1c009ef07012fa232b3e7b1e11d16c0fda,1,,source_jpeg
LTMD_U1_W11_NONSTANDARD_ASSET_AUDIT_0.1,H2019P1CAM,2019,1,Material de apoyo a la alfabetización Inicial. Tiras recortables. PrImer grado,nonstandard_html_official_config,H2019P1CAM,46,154,46,https://historico.conaliteg.gob.mx/c/H2019P1CAM/046.jpg,0,served_image,200,image/jpeg,16963,a0271bd7d6a9b33f96ecbac867cf5ec9fec2871d6fbba3908448dbf59875ccb6,1,,source_jpeg
LTMD_U1_W11_NONSTANDARD_ASSET_AUDIT_0.1,H2019P1CAM,2019,1,Material de apoyo a la alfabetización Inicial. Tiras recortables. PrImer grado,nonstandard_html_official_config,H2019P1CAM,47,154,47,https://historico.conaliteg.gob.mx/c/H2019P1CAM/047.jpg,0,served_image,200,image/jpeg,79847,2a951f7c7c82779c5e2f0a804c40aa5c460006ea13a84a290362532865c2be74,1,,source_jpeg
LTMD_U1_W11_NONSTANDARD_ASSET_AUDIT_0.1,H2019P1CAM,2019,1,Material de apoyo a la alfabetización Inicial. Tiras recortables. PrImer grado,nonstandard_html_official_config,H2019P1CAM,48,154,48,https://historico.conaliteg.gob.mx/c/H2019P1CAM/048.jpg,0,served_image,200,image/jpeg,16963,7c60eb43901057921f6a4a2cc8eb9129863a46fa37421d2c0952ea69dd1d02c4,1,,source_jpeg
LTMD_U1_W11_NONSTANDARD_ASSET_AUDIT_0.1,H2019P1CAM,2019,1,Material de apoyo a la alfabetización Inicial. Tiras recortables. PrImer grado,nonstandard_html_official_config,H2019P1CAM,49,154,49,https://historico.conaliteg.gob.mx/c/H2019P1CAM/049.jpg,0,served_image,200,image/jpeg,76526,5e7321405bfacd2a64ee920d2037c5b620b92d5b8fa14e8ce0f0f430effa05ec,1,,source_jpeg
LTMD_U1_W11_NONSTANDARD_ASSET_AUDIT_0.1,H2019P1CAM,2019,1,Material de apoyo a la alfabetización Inicial. Tiras recortables. PrImer grado,nonstandard_html_official_config,H2019P1CAM,50,154,50,https://historico.conaliteg.gob.mx/c/H2019P1CAM/050.jpg,0,served_image,200,image/jpeg,16963,2f1db2e341e35305d28f65752aaa07cb06d200c19927f5a325d6fb87335e9705,1,,source_jpeg
LTMD_U1_W11_NONSTANDARD_ASSET_AUDIT_0.1,H2019P1CAM,2019,1,Material de apoyo a la alfabetización Inicial. Tiras recortables. PrImer grado,nonstandard_html_official_config,H2019P1CAM,51,154,51,https://historico.conaliteg.gob.mx/c/H2019P1CAM/051.jpg,0,served_image,200,image/jpeg,73461,6a30a4085514ddbe44211bc4c7503ba6c4b29e8a21e0b6fb46d466e23610156c,1,,source_jpeg
LTMD_U1_W11_NONSTANDARD_ASSET_AUDIT_0.1,H2019P1CAM,2019,1,Material de apoyo a la alfabetización Inicial. Tiras recortables. PrImer grado,nonstandard_html_official_config,H2019P1CAM,52,154,52,https://historico.conaliteg.gob.mx/c/H2019P1CAM/052.jpg,0,served_image,200,image/jpeg,16963,a26b43d34739a14439b80612c46eb7cba7f8d084b0fa64ae5f6f510abad49149,1,,source_jpeg
LTMD_U1_W11_NONSTANDARD_ASSET_AUDIT_0.1,H2019P1CAM,2019,1,Material de apoyo a la alfabetización Inicial. Tiras recortables. PrImer grado,nonstandard_html_official_config,H2019P1CAM,53,154,53,https://historico.conaliteg.gob.mx/c/H2019P1CAM/053.jpg,0,served_image,200,image/jpeg,126784,491fdbb308f7cbe5b3fbd4453ab6808c74415f7ae79588c02b0a6f68cc0a74c4,1,,source_jpeg
LTMD_U1_W11_NONSTANDARD_ASSET_AUDIT_0.1,H2019P1CAM,2019,1,Material de apoyo a la alfabetización Inicial. Tiras recortables. PrImer grado,nonstandard_html_official_config,H2019P1CAM,54,154,54,https://historico.conaliteg.gob.mx/c/H2019P1CAM/054.jpg,0,served_image,200,image/jpeg,16963,c1f004cde5ad3bec26c2ba760294db862c8118aef3f18942bfd55745854742fa,1,,source_jpeg
LTMD_U1_W11_NONSTANDARD_ASSET_AUDIT_0.1,H2019P1CAM,2019,1,Material de apoyo a la alfabetización Inicial. Tiras recortables. PrImer grado,nonstandard_html_official_config,H2019P1CAM,55,154,55,https://historico.conaliteg.gob.mx/c/H2019P1CAM/055.jpg,0,served_image,200,image/jpeg,91611,4636ab4b39177d773c1ab10fdf7101927b1a0de05d526989edcfa69e13856125,1,,source_jpeg
LTMD_U1_W11_NONSTANDARD_ASSET_AUDIT_0.1,H2019P1CAM,2019,1,Material de apoyo a la alfabetización Inicial. Tiras recortables. PrImer grado,nonstandard_html_official_config,H2019P1CAM,56,154,56,https://historico.conaliteg.gob.mx/c/H2019P1CAM/056.jpg,0,served_image,200,image/jpeg,16963,e871cd68598ca335c0dd6d71672b4ab05c65348c7f77fd3de7d440ff5848630b,1,,source_jpeg
LTMD_U1_W11_NONSTANDARD_ASSET_AUDIT_0.1,H2019P1CAM,2019,1,Material de apoyo a la alfabetización Inicial. Tiras recortables. PrImer grado,nonstandard_html_official_config,H2019P1CAM,57,154,57,https://historico.conaliteg.gob.mx/c/H2019P1CAM/057.jpg,0,served_image,200,image/jpeg,146389,e59adfad08efb16372ce16cd5cb1df56b4f2155d3086c041e9fb88c1b9ff28ce,1,,source_jpeg
LTMD_U1_W11_NONSTANDARD_ASSET_AUDIT_0.1,H2019P1CAM,2019,1,Material de apoyo a la alfabetización Inicial. Tiras recortables. PrImer grado,nonstandard_html_official_config,H2019P1CAM,58,154,58,https://historico.conaliteg.gob.mx/c/H2019P1CAM/058.jpg,0,served_image,200,image/jpeg,16963,6bfd19651e3fc6b3b9f887b8f5b7a4b7b55ce240d89908f0b17171c74c0b50dd,1,,source_jpeg
LTMD_U1_W11_NONSTANDARD_ASSET_AUDIT_0.1,H2019P1CAM,2019,1,Material de apoyo a la alfabetización Inicial. Tiras recortables. PrImer grado,nonstandard_html_official_config,H2019P1CAM,59,154,59,https://historico.conaliteg.gob.mx/c/H2019P1CAM/059.jpg,0,served_image,200,image/jpeg,136647,109440203361289ce5f2bb61e7042a6b77549061e49750a978f2ac4f5401b968,1,,source_jpeg
LTMD_U1_W11_NONSTANDARD_ASSET_AUDIT_0.1,H2019P1CAM,2019,1,Material de apoyo a la alfabetización Inicial. Tiras recortables. PrImer grado,nonstandard_html_official_config,H2019P1CAM,60,154,60,https://historico.conaliteg.gob.mx/c/H2019P1CAM/060.jpg,0,served_image,200,image/jpeg,16963,a7b36747de82ad0a48708667df8f971178a8c997e51417568419bb28c2af283c,1,,source_jpeg
LTMD_U1_W11_NONSTANDARD_ASSET_AUDIT_0.1,H2019P1CAM,2019,1,Material de apoyo a la alfabetización Inicial. Tiras recortables. PrImer grado,nonstandard_html_official_config,H2019P1CAM,61,154,61,https://historico.conaliteg.gob.mx/c/H2019P1CAM/061.jpg,0,served_image,200,image/jpeg,130621,4c9b0e923afd036ea4acdf61fd97df3982c54286bcc5a9885d505f5716c76fc6,1,,source_jpeg
LTMD_U1_W11_NONSTANDARD_ASSET_AUDIT_0.1,H2019P1CAM,2019,1,Material de apoyo a la alfabetización Inicial. Tiras recortables. PrImer grado,nonstandard_html_official_config,H2019P1CAM,62,154,62,https://historico.conaliteg.gob.mx/c/H2019P1CAM/062.jpg,0,served_image,200,image/jpeg,16963,254842c25f4a943f16e31ca22ce9980ccfa229665b5ca9c0c514e040e05618f4,1,,source_jpeg
LTMD_U1_W11_NONSTANDARD_ASSET_AUDIT_0.1,H2019P1CAM,2019,1,Material de apoyo a la alfabetización Inicial. Tiras recortables. PrImer grado,nonstandard_html_official_config,H2019P1CAM,63,154,63,https://historico.conaliteg.gob.mx/c/H2019P1CAM/063.jpg,0,served_image,200,image/jpeg,131231,5c82fd1096da9d5c71a1ce2fe5ca51b083f6dcaa208f14405b3f7b2b773e4365,1,,source_jpeg
LTMD_U1_W11_NONSTANDARD_ASSET_AUDIT_0.1,H2019P1CAM,2019,1,Material de apoyo a la alfabetización Inicial. Tiras recortables. PrImer grado,nonstandard_html_official_config,H2019P1CAM,64,154,64,https://historico.conaliteg.gob.mx/c/H2019P1CAM/064.jpg,0,served_image,200,image/jpeg,16963,fe19d5e096b47b9ccbf0246e64d57b52dbaa3949a37c12f4b6d0f4ed4ec2acb6,1,,source_jpeg
LTMD_U1_W11_NONSTANDARD_ASSET_AUDIT_0.1,H2019P1CAM,2019,1,Material de apoyo a la alfabetización Inicial. Tiras recortables. PrImer grado,nonstandard_html_official_config,H2019P1CAM,65,154,65,https://historico.conaliteg.gob.mx/c/H2019P1CAM/065.jpg,0,served_image,200,image/jpeg,139774,bcdd255399ae26731946675533507d461c9daf2aba0228cda23b4ee2a9d45378,1,,source_jpeg
LTMD_U1_W11_NONSTANDARD_ASSET_AUDIT_0.1,H2019P1CAM,2019,1,Material de apoyo a la alfabetización Inicial. Tiras recortables. PrImer grado,nonstandard_html_official_config,H2019P1CAM,66,154,66,https://historico.conaliteg.gob.mx/c/H2019P1CAM/066.jpg,0,served_image,200,image/jpeg,16963,5738c78ed7454d09972dcae699a6fc428030822b022ddcf14fafc3f8cccd55c4,1,,source_jpeg
LTMD_U1_W11_NONSTANDARD_ASSET_AUDIT_0.1,H2019P1CAM,2019,1,Material de apoyo a la alfabetización Inicial. Tiras recortables. PrImer grado,nonstandard_html_official_config,H2019P1CAM,67,154,67,https://historico.conaliteg.gob.mx/c/H2019P1CAM/067.jpg,0,served_image,200,image/jpeg,108108,ccc939d40142ee220da965a4463531064e997c601a086d9d5a81a1aa004f2627,1,,source_jpeg
LTMD_U1_W11_NONSTANDARD_ASSET_AUDIT_0.1,H2019P1CAM,2019,1,Material de apoyo a la alfabetización Inicial. Tiras recortables. PrImer grado,nonstandard_html_official_config,H2019P1CAM,68,154,68,https://historico.conaliteg.gob.mx/c/H2019P1CAM/068.jpg,0,served_image,200,image/jpeg,16963,ba0a5d820d65f4070cb0df0d4fa4318926358491d37c15db2c1deac47988d8b3,1,,source_jpeg
LTMD_U1_W11_NONSTANDARD_ASSET_AUDIT_0.1,H2019P1CAM,2019,1,Material de apoyo a la alfabetización Inicial. Tiras recortables. PrImer grado,nonstandard_html_official_config,H2019P1CAM,69,154,69,https://historico.conaliteg.gob.mx/c/H2019P1CAM/069.jpg,0,served_image,200,image/jpeg,117591,ca86ad39eb5a72c5a1e77274e6a51c24f7644062d226b63682b4a4df9f017e07,1,,source_jpeg
LTMD_U1_W11_NONSTANDARD_ASSET_AUDIT_0.1,H2019P1CAM,2019,1,Material de apoyo a la alfabetización Inicial. Tiras recortables. PrImer grado,nonstandard_html_official_config,H2019P1CAM,70,154,70,https://historico.conaliteg.gob.mx/c/H2019P1CAM/070.jpg,0,served_image,200,image/jpeg,16963,fdae6c8c04c09c40839e9bf0f54072969d5e383d338cb1e9f31abafe421a0b50,1,,source_jpeg
LTMD_U1_W11_NONSTANDARD_ASSET_AUDIT_0.1,H2019P1CAM,2019,1,Material de apoyo a la alfabetización Inicial. Tiras recortables. PrImer grado,nonstandard_html_official_config,H2019P1CAM,71,154,71,https://historico.conaliteg.gob.mx/c/H2019P1CAM/071.jpg,0,served_image,200,image/jpeg,102217,6d7d9deaae132de16a06dd8a25dcb7914cdb14cdc0fafa46b87764816954052e,1,,source_jpeg
LTMD_U1_W11_NONSTANDARD_ASSET_AUDIT_0.1,H2019P1CAM,2019,1,Material de apoyo a la alfabetización Inicial. Tiras recortables. PrImer grado,nonstandard_html_official_config,H2019P1CAM,72,154,72,https://historico.conaliteg.gob.mx/c/H2019P1CAM/072.jpg,0,served_image,200,image/jpeg,16963,f89caf18888f050e763b825b6ce1f85b7a82b9c12a7b749dedda7d305c2ee297,1,,source_jpeg
LTMD_U1_W11_NONSTANDARD_ASSET_AUDIT_0.1,H2019P1CAM,2019,1,Material de apoyo a la alfabetización Inicial. Tiras recortables. PrImer grado,nonstandard_html_official_config,H2019P1CAM,73,154,73,https://historico.conaliteg.gob.mx/c/H2019P1CAM/073.jpg,0,served_image,200,image/jpeg,125588,3b96cdd3b67aed5628af471db7a1c8888dc0a510d7b60d894e3a858ce656164d,1,,source_jpeg
LTMD_U1_W11_NONSTANDARD_ASSET_AUDIT_0.1,H2019P1CAM,2019,1,Material de apoyo a la alfabetización Inicial. Tiras recortables. PrImer grado,nonstandard_html_official_config,H2019P1CAM,74,154,74,https://historico.conaliteg.gob.mx/c/H2019P1CAM/074.jpg,0,served_image,200,image/jpeg,16963,23ca6d0cf70b5adb7d6195bde794f040f216672aa8a8d3bb578ce9ea385ea48c,1,,source_jpeg
LTMD_U1_W11_NONSTANDARD_ASSET_AUDIT_0.1,H2019P1CAM,2019,1,Material de apoyo a la alfabetización Inicial. Tiras recortables. PrImer grado,nonstandard_html_official_config,H2019P1CAM,75,154,75,https://historico.conaliteg.gob.mx/c/H2019P1CAM/075.jpg,0,served_image,200,image/jpeg,107232,d6917a9de9d994c55313ef20cf341f1a2e36c1cc7f95cc36d49086316658b58d,1,,source_jpeg
LTMD_U1_W11_NONSTANDARD_ASSET_AUDIT_0.1,H2019P1CAM,2019,1,Material de apoyo a la alfabetización Inicial. Tiras recortables. PrImer grado,nonstandard_html_official_config,H2019P1CAM,76,154,76,https://historico.conaliteg.gob.mx/c/H2019P1CAM/076.jpg,0,served_image,200,image/jpeg,16963,30a3464d69c0ba5ac9478e0cd53fdf1cfafbcbe09fe6a52907928721a071ca03,1,,source_jpeg
LTMD_U1_W11_NONSTANDARD_ASSET_AUDIT_0.1,H2019P1CAM,2019,1,Material de apoyo a la alfabetización Inicial. Tiras recortables. PrImer grado,nonstandard_html_official_config,H2019P1CAM,77,154,77,https://historico.conaliteg.gob.mx/c/H2019P1CAM/077.jpg,0,served_image,200,image/jpeg,128349,9624e4d9dbc9b4dc790da41d41dcb48690fed781eeafbb357b7a889c37b340ac,1,,source_jpeg
LTMD_U1_W11_NONSTANDARD_ASSET_AUDIT_0.1,H2019P1CAM,2019,1,Material de apoyo a la alfabetización Inicial. Tiras recortables. PrImer grado,nonstandard_html_official_config,H2019P1CAM,78,154,78,https://historico.conaliteg.gob.mx/c/H2019P1CAM/078.jpg,0,served_image,200,image/jpeg,16963,3dcef36603c22117a039f89299777e462fd3a2a8f7dbea540dfd53a80b9d4e6a,1,,source_jpeg
LTMD_U1_W11_NONSTANDARD_ASSET_AUDIT_0.1,H2019P1CAM,2019,1,Material de apoyo a la alfabetización Inicial. Tiras recortables. PrImer grado,nonstandard_html_official_config,H2019P1CAM,79,154,79,https://historico.conaliteg.gob.mx/c/H2019P1CAM/079.jpg,0,served_image,200,image/jpeg,112945,c9f7130552fddb45c4d526b182398562be82bb9f9d1030546d1375155d429fb0,1,,source_jpeg
LTMD_U1_W11_NONSTANDARD_ASSET_AUDIT_0.1,H2019P1CAM,2019,1,Material de apoyo a la alfabetización Inicial. Tiras recortables. PrImer grado,nonstandard_html_official_config,H2019P1CAM,80,154,80,https://historico.conaliteg.gob.mx/c/H2019P1CAM/080.jpg,0,served_image,200,image/jpeg,16963,ebf501271771c0574bf0c86b119cb60df8612b6e582122ba51f7b6324933dc61,1,,source_jpeg
LTMD_U1_W11_NONSTANDARD_ASSET_AUDIT_0.1,H2019P1CAM,2019,1,Material de apoyo a la alfabetización Inicial. Tiras recortables. PrImer grado,nonstandard_html_official_config,H2019P1CAM,81,154,81,https://historico.conaliteg.gob.mx/c/H2019P1CAM/081.jpg,0,served_image,200,image/jpeg,117701,2dcb66c32d920f8d60bd1d954bca9180416f551ac6ffbfb784e4fcf66cdc3830,1,,source_jpeg
LTMD_U1_W11_NONSTANDARD_ASSET_AUDIT_0.1,H2019P1CAM,2019,1,Material de apoyo a la alfabetización Inicial. Tiras recortables. PrImer grado,nonstandard_html_official_config,H2019P1CAM,82,154,82,https://historico.conaliteg.gob.mx/c/H2019P1CAM/082.jpg,0,served_image,200,image/jpeg,16963,09202ba902719be1eaca9fe59b7f1f6a99bd9d7135a25cbfdfd543437e0e6de2,1,,source_jpeg
LTMD_U1_W11_NONSTANDARD_ASSET_AUDIT_0.1,H2019P1CAM,2019,1,Material de apoyo a la alfabetización Inicial. Tiras recortables. PrImer grado,nonstandard_html_official_config,H2019P1CAM,83,154,83,https://historico.conaliteg.gob.mx/c/H2019P1CAM/083.jpg,0,served_image,200,image/jpeg,117542,a08683b225d3c74514374f479808884c234c18a3ae62cec8fa7474d46f0a5e3b,1,,source_jpeg
LTMD_U1_W11_NONSTANDARD_ASSET_AUDIT_0.1,H2019P1CAM,2019,1,Material de apoyo a la alfabetización Inicial. Tiras recortables. PrImer grado,nonstandard_html_official_config,H2019P1CAM,84,154,84,https://historico.conaliteg.gob.mx/c/H2019P1CAM/084.jpg,0,served_image,200,image/jpeg,16963,e5d36f6d121ce9ea365dafa2511a7aa2c0d53e71b482e94b6f29c2470dd2b56d,1,,source_jpeg
LTMD_U1_W11_NONSTANDARD_ASSET_AUDIT_0.1,H2019P1CAM,2019,1,Material de apoyo a la alfabetización Inicial. Tiras recortables. PrImer grado,nonstandard_html_official_config,H2019P1CAM,85,154,85,https://historico.conaliteg.gob.mx/c/H2019P1CAM/085.jpg,0,served_image,200,image/jpeg,120959,f67004e784cd7ba1dee499c85afdaaa42e6500f6ffb647f420570059c07e43b3,1,,source_jpeg
LTMD_U1_W11_NONSTANDARD_ASSET_AUDIT_0.1,H2019P1CAM,2019,1,Material de apoyo a la alfabetización Inicial. Tiras recortables. PrImer grado,nonstandard_html_official_config,H2019P1CAM,86,154,86,https://historico.conaliteg.gob.mx/c/H2019P1CAM/086.jpg,0,served_image,200,image/jpeg,16963,3d6216d2e5824feab3f0cd79a73e783477e9b1cd7fdca93a2457e0757ea3a751,1,,source_jpeg
LTMD_U1_W11_NONSTANDARD_ASSET_AUDIT_0.1,H2019P1CAM,2019,1,Material de apoyo a la alfabetización Inicial. Tiras recortables. PrImer grado,nonstandard_html_official_config,H2019P1CAM,87,154,87,https://historico.conaliteg.gob.mx/c/H2019P1CAM/087.jpg,0,served_image,200,image/jpeg,107523,0b05fe1f58bc0fee043116c72ab1d06d7deee7cd63f2872bb078ffb3dc2c24ad,1,,source_jpeg
LTMD_U1_W11_NONSTANDARD_ASSET_AUDIT_0.1,H2019P1CAM,2019,1,Material de apoyo a la alfabetización Inicial. Tiras recortables. PrImer grado,nonstandard_html_official_config,H2019P1CAM,88,154,88,https://historico.conaliteg.gob.mx/c/H2019P1CAM/088.jpg,0,served_image,200,image/jpeg,16963,8223b4e902ccd38a52fb2e988a8594ea8dc491fcb64157a3d871b46015825858,1,,source_jpeg
LTMD_U1_W11_NONSTANDARD_ASSET_AUDIT_0.1,H2019P1CAM,2019,1,Material de apoyo a la alfabetización Inicial. Tiras recortables. PrImer grado,nonstandard_html_official_config,H2019P1CAM,89,154,89,https://historico.conaliteg.gob.mx/c/H2019P1CAM/089.jpg,0,served_image,200,image/jpeg,101523,deb15adfdde55335f43785faed2125ad67ac7df3d531b3b17c9a0f3afce79613,1,,source_jpeg
LTMD_U1_W11_NONSTANDARD_ASSET_AUDIT_0.1,H2019P1CAM,2019,1,Material de apoyo a la alfabetización Inicial. Tiras recortables. PrImer grado,nonstandard_html_official_config,H2019P1CAM,90,154,90,https://historico.conaliteg.gob.mx/c/H2019P1CAM/090.jpg,0,served_image,200,image/jpeg,16963,be119a1751eb1ad8873132498887ef2a6c77be81f8d534327e6a27d3cc082986,1,,source_jpeg
LTMD_U1_W11_NONSTANDARD_ASSET_AUDIT_0.1,H2019P1CAM,2019,1,Material de apoyo a la alfabetización Inicial. Tiras recortables. PrImer grado,nonstandard_html_official_config,H2019P1CAM,91,154,91,https://historico.conaliteg.gob.mx/c/H2019P1CAM/091.jpg,0,served_image,200,image/jpeg,108836,3c5e97ee6a6d9838bb5035e9260088e65ac8d939012f1875fb683f21778883ac,1,,source_jpeg
LTMD_U1_W11_NONSTANDARD_ASSET_AUDIT_0.1,H2019P1CAM,2019,1,Material de apoyo a la alfabetización Inicial. Tiras recortables. PrImer grado,nonstandard_html_official_config,H2019P1CAM,92,154,92,https://historico.conaliteg.gob.mx/c/H2019P1CAM/092.jpg,0,served_image,200,image/jpeg,16963,c33c81d1e147d7ad6ac68e1f42cffce4d2a490dfd0f39393f9cf588a5bc35437,1,,source_jpeg
LTMD_U1_W11_NONSTANDARD_ASSET_AUDIT_0.1,H2019P1CAM,2019,1,Material de apoyo a la alfabetización Inicial. Tiras recortables. PrImer grado,nonstandard_html_official_config,H2019P1CAM,93,154,93,https://historico.conaliteg.gob.mx/c/H2019P1CAM/093.jpg,0,served_image,200,image/jpeg,89201,4cd47928a340e84d368f41da2d813f25eb2de0fe75f99f37085f6dde727ab354,1,,source_jpeg
LTMD_U1_W11_NONSTANDARD_ASSET_AUDIT_0.1,H2019P1CAM,2019,1,Material de apoyo a la alfabetización Inicial. Tiras recortables. PrImer grado,nonstandard_html_official_config,H2019P1CAM,94,154,94,https://historico.conaliteg.gob.mx/c/H2019P1CAM/094.jpg,0,served_image,200,image/jpeg,16963,e72b87b521bf10420c5a19092b14e5dced4f614a9bdadafaf05a9161ffdb9faf,1,,source_jpeg
LTMD_U1_W11_NONSTANDARD_ASSET_AUDIT_0.1,H2019P1CAM,2019,1,Material de apoyo a la alfabetización Inicial. Tiras recortables. PrImer grado,nonstandard_html_official_config,H2019P1CAM,95,154,95,https://historico.conaliteg.gob.mx/c/H2019P1CAM/095.jpg,0,served_image,200,image/jpeg,91033,bc1650ca77ce5a371d17581549a577e08cbda3a8c8f25f7ee7d00dab51cd6320,1,,source_jpeg
LTMD_U1_W11_NONSTANDARD_ASSET_AUDIT_0.1,H2019P1CAM,2019,1,Material de apoyo a la alfabetización Inicial. Tiras recortables. PrImer grado,nonstandard_html_official_config,H2019P1CAM,96,154,96,https://historico.conaliteg.gob.mx/c/H2019P1CAM/096.jpg,0,served_image,200,image/jpeg,16963,36e5b6a03e3ad87b7d6ba7557ab8973971e6d173c8022e6c0ee95be28c4a9dcf,1,,source_jpeg
LTMD_U1_W11_NONSTANDARD_ASSET_AUDIT_0.1,H2019P1CAM,2019,1,Material de apoyo a la alfabetización Inicial. Tiras recortables. PrImer grado,nonstandard_html_official_config,H2019P1CAM,97,154,97,https://historico.conaliteg.gob.mx/c/H2019P1CAM/097.jpg,0,served_image,200,image/jpeg,84150,bf36725be7f817bb40bc856659658be11e4b01c259a7cd13749b24e80aa6cdef,1,,source_jpeg
LTMD_U1_W11_NONSTANDARD_ASSET_AUDIT_0.1,H2019P1CAM,2019,1,Material de apoyo a la alfabetización Inicial. Tiras recortables. PrImer grado,nonstandard_html_official_config,H2019P1CAM,98,154,98,https://historico.conaliteg.gob.mx/c/H2019P1CAM/098.jpg,0,served_image,200,image/jpeg,16963,da04d555bdc2b7a81616601bc5d2355d207f4c112b5a3dfa0f0d0533377958db,1,,source_jpeg
LTMD_U1_W11_NONSTANDARD_ASSET_AUDIT_0.1,H2019P1CAM,2019,1,Material de apoyo a la alfabetización Inicial. Tiras recortables. PrImer grado,nonstandard_html_official_config,H2019P1CAM,99,154,99,https://historico.conaliteg.gob.mx/c/H2019P1CAM/099.jpg,0,served_image,200,image/jpeg,69188,725e3af56a4ea81c23567b1a2bce9b94e8a8b7fe43c586711047acf37e4e3bf2,1,,source_jpeg
LTMD_U1_W11_NONSTANDARD_ASSET_AUDIT_0.1,H2019P1CAM,2019,1,Material de apoyo a la alfabetización Inicial. Tiras recortables. PrImer grado,nonstandard_html_official_config,H2019P1CAM,100,154,100,https://historico.conaliteg.gob.mx/c/H2019P1CAM/100.jpg,0,served_image,200,image/jpeg,16963,4f39bd21e5d3bd78c0f9f219823182babea1c6031af2977b4ad80dc2fe5736d6,1,,source_jpeg
LTMD_U1_W11_NONSTANDARD_ASSET_AUDIT_0.1,H2019P1CAM,2019,1,Material de apoyo a la alfabetización Inicial. Tiras recortables. PrImer grado,nonstandard_html_official_config,H2019P1CAM,101,154,101,https://historico.conaliteg.gob.mx/c/H2019P1CAM/101.jpg,0,served_image,200,image/jpeg,86428,4ebe4d7c1e36532d5b2d73a28f9d58016efbde1ed2c6c5369920bb8382f4b14c,1,,source_jpeg
LTMD_U1_W11_NONSTANDARD_ASSET_AUDIT_0.1,H2019P1CAM,2019,1,Material de apoyo a la alfabetización Inicial. Tiras recortables. PrImer grado,nonstandard_html_official_config,H2019P1CAM,102,154,102,https://historico.conaliteg.gob.mx/c/H2019P1CAM/102.jpg,0,served_image,200,image/jpeg,16963,9aa3d24748873864a4ff68b13a7256f270985fc7c700748705288863b51eb988,1,,source_jpeg
LTMD_U1_W11_NONSTANDARD_ASSET_AUDIT_0.1,H2019P1CAM,2019,1,Material de apoyo a la alfabetización Inicial. Tiras recortables. PrImer grado,nonstandard_html_official_config,H2019P1CAM,103,154,103,https://historico.conaliteg.gob.mx/c/H2019P1CAM/103.jpg,0,served_image,200,image/jpeg,95312,dc912c9f6cdb2285a610bc34d6175b67332347d94cd1793de517de69d63f8d6b,1,,source_jpeg
LTMD_U1_W11_NONSTANDARD_ASSET_AUDIT_0.1,H2019P1CAM,2019,1,Material de apoyo a la alfabetización Inicial. Tiras recortables. PrImer grado,nonstandard_html_official_config,H2019P1CAM,104,154,104,https://historico.conaliteg.gob.mx/c/H2019P1CAM/104.jpg,0,served_image,200,image/jpeg,16963,7f5a52802f28c9bfdb258d5b3d0dc38f3b3e3bd82404429ed9d77218dc4d337f,1,,source_jpeg
LTMD_U1_W11_NONSTANDARD_ASSET_AUDIT_0.1,H2019P1CAM,2019,1,Material de apoyo a la alfabetización Inicial. Tiras recortables. PrImer grado,nonstandard_html_official_config,H2019P1CAM,105,154,105,https://historico.conaliteg.gob.mx/c/H2019P1CAM/105.jpg,0,served_image,200,image/jpeg,82295,a2a8d98a220d53c3df5f8ae246a42bf7f61e330e8b238de185eca65cb8504ea0,1,,source_jpeg
LTMD_U1_W11_NONSTANDARD_ASSET_AUDIT_0.1,H2019P1CAM,2019,1,Material de apoyo a la alfabetización Inicial. Tiras recortables. PrImer grado,nonstandard_html_official_config,H2019P1CAM,106,154,106,https://historico.conaliteg.gob.mx/c/H2019P1CAM/106.jpg,0,served_image,200,image/jpeg,16963,6e6292a035bcb64b93aa201b41fbdb597e749a6aafd0c20a9d82d60b1550d634,1,,source_jpeg
LTMD_U1_W11_NONSTANDARD_ASSET_AUDIT_0.1,H2019P1CAM,2019,1,Material de apoyo a la alfabetización Inicial. Tiras recortables. PrImer grado,nonstandard_html_official_config,H2019P1CAM,107,154,107,https://historico.conaliteg.gob.mx/c/H2019P1CAM/107.jpg,0,served_image,200,image/jpeg,76368,a8ae1611b36ece257d3c6c37e44ed735f991aef1251f765454ea368b99f8bbf4,1,,source_jpeg
LTMD_U1_W11_NONSTANDARD_ASSET_AUDIT_0.1,H2019P1CAM,2019,1,Material de apoyo a la alfabetización Inicial. Tiras recortables. PrImer grado,nonstandard_html_official_config,H2019P1CAM,108,154,108,https://historico.conaliteg.gob.mx/c/H2019P1CAM/108.jpg,0,served_image,200,image/jpeg,16963,0e6de52ca271d03d2a7c33f00deee4346a3d988aba24ea5d64ae9fa478946b00,1,,source_jpeg
LTMD_U1_W11_NONSTANDARD_ASSET_AUDIT_0.1,H2019P1CAM,2019,1,Material de apoyo a la alfabetización Inicial. Tiras recortables. PrImer grado,nonstandard_html_official_config,H2019P1CAM,109,154,109,https://historico.conaliteg.gob.mx/c/H2019P1CAM/109.jpg,0,served_image,200,image/jpeg,16963,cac8a01c4bab789a09c4acf0982453a15dd1fb0e4c463d5c7fd18f456071e9c9,1,,source_jpeg
LTMD_U1_W11_NONSTANDARD_ASSET_AUDIT_0.1,H2019P1CAM,2019,1,Material de apoyo a la alfabetización Inicial. Tiras recortables. PrImer grado,nonstandard_html_official_config,H2019P1CAM,110,154,110,https://historico.conaliteg.gob.mx/c/H2019P1CAM/110.jpg,0,served_image,200,image/jpeg,118888,f1c131c4e0059111e092613c591358bfe790b1eb50ad45078a77b02fef002df3,1,,source_jpeg
LTMD_U1_W11_NONSTANDARD_ASSET_AUDIT_0.1,H2019P1CAM,2019,1,Material de apoyo a la alfabetización Inicial. Tiras recortables. PrImer grado,nonstandard_html_official_config,H2019P1CAM,111,154,111,https://historico.conaliteg.gob.mx/c/H2019P1CAM/111.jpg,0,served_image,200,image/jpeg,16963,e1f49e2c6fc1fdb14792526f62828d3dc5249b6aa9f47401c883594013d5caec,1,,source_jpeg
LTMD_U1_W11_NONSTANDARD_ASSET_AUDIT_0.1,H2019P1CAM,2019,1,Material de apoyo a la alfabetización Inicial. Tiras recortables. PrImer grado,nonstandard_html_official_config,H2019P1CAM,112,154,112,https://historico.conaliteg.gob.mx/c/H2019P1CAM/112.jpg,0,served_image,200,image/jpeg,23546,41a2249e25d27cff45a57911281681d73a39feeb7efa5fd40f74c3bed4f84732,1,,source_jpeg
LTMD_U1_W11_NONSTANDARD_ASSET_AUDIT_0.1,H2019P1CAM,2019,1,Material de apoyo a la alfabetización Inicial. Tiras recortables. PrImer grado,nonstandard_html_official_config,H2019P1CAM,113,154,113,https://historico.conaliteg.gob.mx/c/H2019P1CAM/113.jpg,0,served_image,200,image/jpeg,91515,05c54095302d0437c94f16b927c9096b40153bef4f267004c8817170fc79e415,1,,source_jpeg
LTMD_U1_W11_NONSTANDARD_ASSET_AUDIT_0.1,H2019P1CAM,2019,1,Material de apoyo a la alfabetización Inicial. Tiras recortables. PrImer grado,nonstandard_html_official_config,H2019P1CAM,114,154,114,https://historico.conaliteg.gob.mx/c/H2019P1CAM/114.jpg,0,served_image,200,image/jpeg,185348,2d781a9293c5e73bff0ac30976262d5f6b3ec1ba3b36058c7453078ced591bcb,1,,source_jpeg
LTMD_U1_W11_NONSTANDARD_ASSET_AUDIT_0.1,H2019P1CAM,2019,1,Material de apoyo a la alfabetización Inicial. Tiras recortables. PrImer grado,nonstandard_html_official_config,H2019P1CAM,115,154,115,https://historico.conaliteg.gob.mx/c/H2019P1CAM/115.jpg,0,served_image,200,image/jpeg,168997,d5347e1574ddadaf22e9465428f73f6fa3b5a59c7ae34a1b9f6c731de4a489ed,1,,source_jpeg
LTMD_U1_W11_NONSTANDARD_ASSET_AUDIT_0.1,H2019P1CAM,2019,1,Material de apoyo a la alfabetización Inicial. Tiras recortables. PrImer grado,nonstandard_html_official_config,H2019P1CAM,116,154,116,https://historico.conaliteg.gob.mx/c/H2019P1CAM/116.jpg,0,served_image,200,image/jpeg,123108,b00fdbd11d38538ae7cecf21dd32dc73c7b0b1d75764d022dcb085fc82654db6,1,,source_jpeg
LTMD_U1_W11_NONSTANDARD_ASSET_AUDIT_0.1,H2019P1CAM,2019,1,Material de apoyo a la alfabetización Inicial. Tiras recortables. PrImer grado,nonstandard_html_official_config,H2019P1CAM,117,154,117,https://historico.conaliteg.gob.mx/c/H2019P1CAM/117.jpg,0,served_image,200,image/jpeg,142557,1c271586caacb280e62b1e4ce0cdcc70910fa46b2da33cbc96cc5848ba2efb9d,1,,source_jpeg
LTMD_U1_W11_NONSTANDARD_ASSET_AUDIT_0.1,H2019P1CAM,2019,1,Material de apoyo a la alfabetización Inicial. Tiras recortables. PrImer grado,nonstandard_html_official_config,H2019P1CAM,118,154,118,https://historico.conaliteg.gob.mx/c/H2019P1CAM/118.jpg,0,served_image,200,image/jpeg,153962,37bab00d1e79937be61a0e62fa0ee1bb0781647fe84604ece545b6a694516076,1,,source_jpeg
LTMD_U1_W11_NONSTANDARD_ASSET_AUDIT_0.1,H2019P1CAM,2019,1,Material de apoyo a la alfabetización Inicial. Tiras recortables. PrImer grado,nonstandard_html_official_config,H2019P1CAM,119,154,119,https://historico.conaliteg.gob.mx/c/H2019P1CAM/119.jpg,0,served_image,200,image/jpeg,152692,e0498e25a3a85c8eab4d0ea2fd1762ab5a8b03569987e1515b89a25097b2ceff,1,,source_jpeg
LTMD_U1_W11_NONSTANDARD_ASSET_AUDIT_0.1,H2019P1CAM,2019,1,Material de apoyo a la alfabetización Inicial. Tiras recortables. PrImer grado,nonstandard_html_official_config,H2019P1CAM,120,154,120,https://historico.conaliteg.gob.mx/c/H2019P1CAM/120.jpg,0,served_image,200,image/jpeg,104395,ed71c642176241d4cccd77bb5278ec52d0ae18fdc84f53e7622a134b4fa8c38d,1,,source_jpeg
LTMD_U1_W11_NONSTANDARD_ASSET_AUDIT_0.1,H2019P1CAM,2019,1,Material de apoyo a la alfabetización Inicial. Tiras recortables. PrImer grado,nonstandard_html_official_config,H2019P1CAM,121,154,121,https://historico.conaliteg.gob.mx/c/H2019P1CAM/121.jpg,0,served_image,200,image/jpeg,171203,a4d65e2376b9032f6cb4aa4032db58db551382be2a6de7df9af02ed44fbd2dd6,1,,source_jpeg
LTMD_U1_W11_NONSTANDARD_ASSET_AUDIT_0.1,H2019P1CAM,2019,1,Material de apoyo a la alfabetización Inicial. Tiras recortables. PrImer grado,nonstandard_html_official_config,H2019P1CAM,122,154,122,https://historico.conaliteg.gob.mx/c/H2019P1CAM/122.jpg,0,served_image,200,image/jpeg,202029,11db9517aad8a961409b74554feccfaf4741f16ec3dbad9c37871de76cd1245d,1,,source_jpeg
LTMD_U1_W11_NONSTANDARD_ASSET_AUDIT_0.1,H2019P1CAM,2019,1,Material de apoyo a la alfabetización Inicial. Tiras recortables. PrImer grado,nonstandard_html_official_config,H2019P1CAM,123,154,123,https://historico.conaliteg.gob.mx/c/H2019P1CAM/123.jpg,0,served_image,200,image/jpeg,201888,0892171442d9cae84bc5b4f1eafaabbf27eef4e71887317e5b333d10407109d2,1,,source_jpeg
LTMD_U1_W11_NONSTANDARD_ASSET_AUDIT_0.1,H2019P1CAM,2019,1,Material de apoyo a la alfabetización Inicial. Tiras recortables. PrImer grado,nonstandard_html_official_config,H2019P1CAM,124,154,124,https://historico.conaliteg.gob.mx/c/H2019P1CAM/124.jpg,0,served_image,200,image/jpeg,183009,d926d2996d75d693de03fc894911949431bef88620ac86f7b4f2da34044c3134,1,,source_jpeg
LTMD_U1_W11_NONSTANDARD_ASSET_AUDIT_0.1,H2019P1CAM,2019,1,Material de apoyo a la alfabetización Inicial. Tiras recortables. PrImer grado,nonstandard_html_official_config,H2019P1CAM,125,154,125,https://historico.conaliteg.gob.mx/c/H2019P1CAM/125.jpg,0,served_image,200,image/jpeg,108035,6f1fe425fcfe04bf70081997f7d34f5b2ad39bd4ed6ed5a8d4436dce5e79afba,1,,source_jpeg
LTMD_U1_W11_NONSTANDARD_ASSET_AUDIT_0.1,H2019P1CAM,2019,1,Material de apoyo a la alfabetización Inicial. Tiras recortables. PrImer grado,nonstandard_html_official_config,H2019P1CAM,126,154,126,https://historico.conaliteg.gob.mx/c/H2019P1CAM/126.jpg,0,served_image,200,image/jpeg,184974,497ed4cf70b2fa4903f1af12ca03265ddc91a936879d7f11c60315da5beb2d7a,1,,source_jpeg
LTMD_U1_W11_NONSTANDARD_ASSET_AUDIT_0.1,H2019P1CAM,2019,1,Material de apoyo a la alfabetización Inicial. Tiras recortables. PrImer grado,nonstandard_html_official_config,H2019P1CAM,127,154,127,https://historico.conaliteg.gob.mx/c/H2019P1CAM/127.jpg,0,served_image,200,image/jpeg,179282,9ff6652a8c1e4b65277f447103547607083cbdc1dbe11f905a2b27963cf7d7b5,1,,source_jpeg
LTMD_U1_W11_NONSTANDARD_ASSET_AUDIT_0.1,H2019P1CAM,2019,1,Material de apoyo a la alfabetización Inicial. Tiras recortables. PrImer grado,nonstandard_html_official_config,H2019P1CAM,128,154,128,https://historico.conaliteg.gob.mx/c/H2019P1CAM/128.jpg,0,served_image,200,image/jpeg,186784,c3e83a1bb3869a509b38a54d9eb7a853a7ab6f500bfbdec834f43a02c4177618,1,,source_jpeg
LTMD_U1_W11_NONSTANDARD_ASSET_AUDIT_0.1,H2019P1CAM,2019,1,Material de apoyo a la alfabetización Inicial. Tiras recortables. PrImer grado,nonstandard_html_official_config,H2019P1CAM,129,154,129,https://historico.conaliteg.gob.mx/c/H2019P1CAM/129.jpg,0,served_image,200,image/jpeg,191005,7bfebb97657164adce8fbcb4bf4632d045037efa2b612caba5dd661deb4944af,1,,source_jpeg
LTMD_U1_W11_NONSTANDARD_ASSET_AUDIT_0.1,H2019P1CAM,2019,1,Material de apoyo a la alfabetización Inicial. Tiras recortables. PrImer grado,nonstandard_html_official_config,H2019P1CAM,130,154,130,https://historico.conaliteg.gob.mx/c/H2019P1CAM/130.jpg,0,served_image,200,image/jpeg,100826,a0f452b4e3221f5f8b4933c654026d6ee1abe31d93f179d2d4909ba852f47129,1,,source_jpeg
LTMD_U1_W11_NONSTANDARD_ASSET_AUDIT_0.1,H2019P1CAM,2019,1,Material de apoyo a la alfabetización Inicial. Tiras recortables. PrImer grado,nonstandard_html_official_config,H2019P1CAM,131,154,131,https://historico.conaliteg.gob.mx/c/H2019P1CAM/131.jpg,0,served_image,200,image/jpeg,173313,7ea6f0010e44d1b18320eadaaccfa8c7fcd65d2beeedbce03ee8b9d26552268a,1,,source_jpeg
LTMD_U1_W11_NONSTANDARD_ASSET_AUDIT_0.1,H2019P1CAM,2019,1,Material de apoyo a la alfabetización Inicial. Tiras recortables. PrImer grado,nonstandard_html_official_config,H2019P1CAM,132,154,132,https://historico.conaliteg.gob.mx/c/H2019P1CAM/132.jpg,0,served_image,200,image/jpeg,186214,980aedca061c1340951e0045fe2c724e03f6d0cce54d239e4e9f6747e7421a68,1,,source_jpeg
LTMD_U1_W11_NONSTANDARD_ASSET_AUDIT_0.1,H2019P1CAM,2019,1,Material de apoyo a la alfabetización Inicial. Tiras recortables. PrImer grado,nonstandard_html_official_config,H2019P1CAM,133,154,133,https://historico.conaliteg.gob.mx/c/H2019P1CAM/133.jpg,0,served_image,200,image/jpeg,173646,42963348d59e0321b6bd05d1ef22ce249a6c51725fde05c0a7eab4bef8676f4d,1,,source_jpeg
LTMD_U1_W11_NONSTANDARD_ASSET_AUDIT_0.1,H2019P1CAM,2019,1,Material de apoyo a la alfabetización Inicial. Tiras recortables. PrImer grado,nonstandard_html_official_config,H2019P1CAM,134,154,134,https://historico.conaliteg.gob.mx/c/H2019P1CAM/134.jpg,0,served_image,200,image/jpeg,201400,1b4c11b95195835b95291e22be2c8f89bbb95baf842944ace5a30d94a96332c6,1,,source_jpeg
LTMD_U1_W11_NONSTANDARD_ASSET_AUDIT_0.1,H2019P1CAM,2019,1,Material de apoyo a la alfabetización Inicial. Tiras recortables. PrImer grado,nonstandard_html_official_config,H2019P1CAM,135,154,135,https://historico.conaliteg.gob.mx/c/H2019P1CAM/135.jpg,0,served_image,200,image/jpeg,168686,d334b94760b78250a5cbf1a945f5f88e78189c9e21f20c5368746a6f32c84414,1,,source_jpeg
LTMD_U1_W11_NONSTANDARD_ASSET_AUDIT_0.1,H2019P1CAM,2019,1,Material de apoyo a la alfabetización Inicial. Tiras recortables. PrImer grado,nonstandard_html_official_config,H2019P1CAM,136,154,136,https://historico.conaliteg.gob.mx/c/H2019P1CAM/136.jpg,0,served_image,200,image/jpeg,116188,2451d4bfb4184114929a9109ca8ed575366e5a64e1c66a032be324124d2dbb55,1,,source_jpeg
LTMD_U1_W11_NONSTANDARD_ASSET_AUDIT_0.1,H2019P1CAM,2019,1,Material de apoyo a la alfabetización Inicial. Tiras recortables. PrImer grado,nonstandard_html_official_config,H2019P1CAM,137,154,137,https://historico.conaliteg.gob.mx/c/H2019P1CAM/137.jpg,0,served_image,200,image/jpeg,193610,24f805bfc8560c68582920260bb405c9537a3cf18b8969d9a979f0bd12b66e34,1,,source_jpeg
LTMD_U1_W11_NONSTANDARD_ASSET_AUDIT_0.1,H2019P1CAM,2019,1,Material de apoyo a la alfabetización Inicial. Tiras recortables. PrImer grado,nonstandard_html_official_config,H2019P1CAM,138,154,138,https://historico.conaliteg.gob.mx/c/H2019P1CAM/138.jpg,0,served_image,200,image/jpeg,183575,99e1e6a509ac8e0d3b049c83e02b9c1d82757e225d870078f25276f53017c519,1,,source_jpeg
LTMD_U1_W11_NONSTANDARD_ASSET_AUDIT_0.1,H2019P1CAM,2019,1,Material de apoyo a la alfabetización Inicial. Tiras recortables. PrImer grado,nonstandard_html_official_config,H2019P1CAM,139,154,139,https://historico.conaliteg.gob.mx/c/H2019P1CAM/139.jpg,0,served_image,200,image/jpeg,201155,0d7073839b09340da00ba31cd6ed87e6d55a3f2d891b2c8dacefabddfe11818a,1,,source_jpeg
LTMD_U1_W11_NONSTANDARD_ASSET_AUDIT_0.1,H2019P1CAM,2019,1,Material de apoyo a la alfabetización Inicial. Tiras recortables. PrImer grado,nonstandard_html_official_config,H2019P1CAM,140,154,140,https://historico.conaliteg.gob.mx/c/H2019P1CAM/140.jpg,0,served_image,200,image/jpeg,208477,52a8e9d7f9b5509fbc8e735e9fe338ce82e1011ca6081ebdb830dd4c7b06f6ae,1,,source_jpeg
LTMD_U1_W11_NONSTANDARD_ASSET_AUDIT_0.1,H2019P1CAM,2019,1,Material de apoyo a la alfabetización Inicial. Tiras recortables. PrImer grado,nonstandard_html_official_config,H2019P1CAM,141,154,141,https://historico.conaliteg.gob.mx/c/H2019P1CAM/141.jpg,0,served_image,200,image/jpeg,192315,feb24c577257376cff1c7304301972c1624060024592a8b8ac6f94d698ca0a2b,1,,source_jpeg
LTMD_U1_W11_NONSTANDARD_ASSET_AUDIT_0.1,H2019P1CAM,2019,1,Material de apoyo a la alfabetización Inicial. Tiras recortables. PrImer grado,nonstandard_html_official_config,H2019P1CAM,142,154,142,https://historico.conaliteg.gob.mx/c/H2019P1CAM/142.jpg,0,served_image,200,image/jpeg,115243,93dd30f7d0cc0b1acf3bf37689bf017e02f7f38f41c2b43f6a11aa5c2aed5559,1,,source_jpeg
LTMD_U1_W11_NONSTANDARD_ASSET_AUDIT_0.1,H2019P1CAM,2019,1,Material de apoyo a la alfabetización Inicial. Tiras recortables. PrImer grado,nonstandard_html_official_config,H2019P1CAM,143,154,143,https://historico.conaliteg.gob.mx/c/H2019P1CAM/143.jpg,0,served_image,200,image/jpeg,196315,81fc24717c9e9241fc9bad2270f14202c6c3f0bb794d3690ac94f9834f0ff00f,1,,source_jpeg
LTMD_U1_W11_NONSTANDARD_ASSET_AUDIT_0.1,H2019P1CAM,2019,1,Material de apoyo a la alfabetización Inicial. Tiras recortables. PrImer grado,nonstandard_html_official_config,H2019P1CAM,144,154,144,https://historico.conaliteg.gob.mx/c/H2019P1CAM/144.jpg,0,served_image,200,image/jpeg,198663,4604898cd3b926a468c3c78e21d6ebe63eea2ab488e532485c7e2593f1af304c,1,,source_jpeg
LTMD_U1_W11_NONSTANDARD_ASSET_AUDIT_0.1,H2019P1CAM,2019,1,Material de apoyo a la alfabetización Inicial. Tiras recortables. PrImer grado,nonstandard_html_official_config,H2019P1CAM,145,154,145,https://historico.conaliteg.gob.mx/c/H2019P1CAM/145.jpg,0,served_image,200,image/jpeg,196047,57f2fcffa391d120b0eef7a54cbff8347b5ff636ae6f2c826bae58de5081904d,1,,source_jpeg
LTMD_U1_W11_NONSTANDARD_ASSET_AUDIT_0.1,H2019P1CAM,2019,1,Material de apoyo a la alfabetización Inicial. Tiras recortables. PrImer grado,nonstandard_html_official_config,H2019P1CAM,146,154,146,https://historico.conaliteg.gob.mx/c/H2019P1CAM/146.jpg,0,served_image,200,image/jpeg,169929,727f18676ed88b44de0b708f863812ffc82a0e4169a3f6de27558251be236ea0,1,,source_jpeg
LTMD_U1_W11_NONSTANDARD_ASSET_AUDIT_0.1,H2019P1CAM,2019,1,Material de apoyo a la alfabetización Inicial. Tiras recortables. PrImer grado,nonstandard_html_official_config,H2019P1CAM,147,154,147,https://historico.conaliteg.gob.mx/c/H2019P1CAM/147.jpg,0,served_image,200,image/jpeg,141375,057b2b1193f8b3f9f84ef2e12ca8da5a8bcd5d1b38dc221a03644d3a0261b159,1,,source_jpeg
LTMD_U1_W11_NONSTANDARD_ASSET_AUDIT_0.1,H2019P1CAM,2019,1,Material de apoyo a la alfabetización Inicial. Tiras recortables. PrImer grado,nonstandard_html_official_config,H2019P1CAM,148,154,148,https://historico.conaliteg.gob.mx/c/H2019P1CAM/148.jpg,0,served_image,200,image/jpeg,180856,1f4302ff9c548c5782c0b51cd9bebaae0074092e9956d2ae4ffedfb0ec9f4442,1,,source_jpeg
LTMD_U1_W11_NONSTANDARD_ASSET_AUDIT_0.1,H2019P1CAM,2019,1,Material de apoyo a la alfabetización Inicial. Tiras recortables. PrImer grado,nonstandard_html_official_config,H2019P1CAM,149,154,149,https://historico.conaliteg.gob.mx/c/H2019P1CAM/149.jpg,0,served_image,200,image/jpeg,157991,25acb7c0170eb2af1ba1e4d3e5352161d9729e9c1de981603d6f1e1290beedae,1,,source_jpeg
LTMD_U1_W11_NONSTANDARD_ASSET_AUDIT_0.1,H2019P1CAM,2019,1,Material de apoyo a la alfabetización Inicial. Tiras recortables. PrImer grado,nonstandard_html_official_config,H2019P1CAM,150,154,150,https://historico.conaliteg.gob.mx/c/H2019P1CAM/150.jpg,0,served_image,200,image/jpeg,243752,6a5dec73a94a6931094430ac5ddc70596f6da769d2a7b2ed3f3e49a64304d313,1,,source_jpeg
LTMD_U1_W11_NONSTANDARD_ASSET_AUDIT_0.1,H2019P1CAM,2019,1,Material de apoyo a la alfabetización Inicial. Tiras recortables. PrImer grado,nonstandard_html_official_config,H2019P1CAM,151,154,151,https://historico.conaliteg.gob.mx/c/H2019P1CAM/151.jpg,0,served_image,200,image/jpeg,165524,2daec93c65829bbbc7ce036c6e71ece2736c6f9a723e0ca2bda5d5e33b471697,1,,source_jpeg
LTMD_U1_W11_NONSTANDARD_ASSET_AUDIT_0.1,H2019P1CAM,2019,1,Material de apoyo a la alfabetización Inicial. Tiras recortables. PrImer grado,nonstandard_html_official_config,H2019P1CAM,152,154,152,https://historico.conaliteg.gob.mx/c/H2019P1CAM/152.jpg,0,served_image,200,image/jpeg,20745,343f9272688378f8521cd41006e52712a883a26e59932a16f3ca5047b799ebad,1,,source_jpeg
LTMD_U1_W11_NONSTANDARD_ASSET_AUDIT_0.1,H2019P1CAM,2019,1,Material de apoyo a la alfabetización Inicial. Tiras recortables. PrImer grado,nonstandard_html_official_config,H2019P1CAM,153,154,153,https://historico.conaliteg.gob.mx/c/H2019P1CAM/153.jpg,0,served_image,200,image/jpeg,43254,32050d9ccd0a589a0e20b3de41def42358d4e56ee49005fb54552884959b9099,1,,source_jpeg
LTMD_U1_W11_NONSTANDARD_ASSET_AUDIT_0.1,H2019P1CAM,2019,1,Material de apoyo a la alfabetización Inicial. Tiras recortables. PrImer grado,nonstandard_html_official_config,H2019P1CAM,154,154,154,https://historico.conaliteg.gob.mx/c/H2019P1CAM/154.jpg,1,http_404,404,text/html; charset=iso-8859-1,,,1,HTTP 404,terminal_synthetic_candidate
LTMD_U1_W11_NONSTANDARD_ASSET_AUDIT_0.1,H2019P4CCA,2019,4,Conoce nuestra Constitución,nonstandard_html_official_config,H2019P4CCA,1,66,0,https://historico.conaliteg.gob.mx/c/H2019P4CCA/000.jpg,0,served_image,200,image/jpeg,467698,ab24a118062bc03f35a4ee8cc6e553bf9b5a678804aab1d410ad05bb892d9c77,1,,source_jpeg
LTMD_U1_W11_NONSTANDARD_ASSET_AUDIT_0.1,H2019P4CCA,2019,4,Conoce nuestra Constitución,nonstandard_html_official_config,H2019P4CCA,2,66,2,https://historico.conaliteg.gob.mx/c/H2019P4CCA/002.jpg,0,served_image,200,image/jpeg,107186,20f9c28778e5c382e3502ef83cf56d547bc904d22af1c6488e1e057c25ee65f3,1,,source_jpeg
LTMD_U1_W11_NONSTANDARD_ASSET_AUDIT_0.1,H2019P4CCA,2019,4,Conoce nuestra Constitución,nonstandard_html_official_config,H2019P4CCA,3,66,3,https://historico.conaliteg.gob.mx/c/H2019P4CCA/003.jpg,0,served_image,200,image/jpeg,1095394,7fdbf82bc5aeb0d755af913d30c78063a06d8e6781e272fec155689e15f7192c,1,,source_jpeg
LTMD_U1_W11_NONSTANDARD_ASSET_AUDIT_0.1,H2019P4CCA,2019,4,Conoce nuestra Constitución,nonstandard_html_official_config,H2019P4CCA,4,66,4,https://historico.conaliteg.gob.mx/c/H2019P4CCA/004.jpg,0,served_image,200,image/jpeg,264515,48bd9519bf0b50d32b6b6cc1095716ffc8e6e79ae4b80bd2372232e32403a816,1,,source_jpeg
LTMD_U1_W11_NONSTANDARD_ASSET_AUDIT_0.1,H2019P4CCA,2019,4,Conoce nuestra Constitución,nonstandard_html_official_config,H2019P4CCA,5,66,5,https://historico.conaliteg.gob.mx/c/H2019P4CCA/005.jpg,0,served_image,200,image/jpeg,243501,b471ae8aebd36098f707bb52111577d3f2ffa14cd5295f97c88dcc985e601cac,1,,source_jpeg
LTMD_U1_W11_NONSTANDARD_ASSET_AUDIT_0.1,H2019P4CCA,2019,4,Conoce nuestra Constitución,nonstandard_html_official_config,H2019P4CCA,6,66,6,https://historico.conaliteg.gob.mx/c/H2019P4CCA/006.jpg,0,served_image,200,image/jpeg,95648,18e2f21ce395256eff9592f7235671854aa8a056b01daa331cbe830e6e3aff61,1,,source_jpeg
LTMD_U1_W11_NONSTANDARD_ASSET_AUDIT_0.1,H2019P4CCA,2019,4,Conoce nuestra Constitución,nonstandard_html_official_config,H2019P4CCA,7,66,7,https://historico.conaliteg.gob.mx/c/H2019P4CCA/007.jpg,0,served_image,200,image/jpeg,329442,3abbae3e1e2d018ebf748fbfe26ef9c4e910b0cdbac43ae574364bfcdcb6aca5,1,,source_jpeg
LTMD_U1_W11_NONSTANDARD_ASSET_AUDIT_0.1,H2019P4CCA,2019,4,Conoce nuestra Constitución,nonstandard_html_official_config,H2019P4CCA,8,66,8,https://historico.conaliteg.gob.mx/c/H2019P4CCA/008.jpg,0,served_image,200,image/jpeg,358010,f4286c431343e8c7ffe110803c13710ca639ba370167bfbdc328056ece73a096,1,,source_jpeg
LTMD_U1_W11_NONSTANDARD_ASSET_AUDIT_0.1,H2019P4CCA,2019,4,Conoce nuestra Constitución,nonstandard_html_official_config,H2019P4CCA,9,66,9,https://historico.conaliteg.gob.mx/c/H2019P4CCA/009.jpg,0,served_image,200,image/jpeg,348209,bf177f790c8ed316d17af6d36d8976380d4b30bf140ecc44557c27ee98064087,1,,source_jpeg
LTMD_U1_W11_NONSTANDARD_ASSET_AUDIT_0.1,H2019P4CCA,2019,4,Conoce nuestra Constitución,nonstandard_html_official_config,H2019P4CCA,10,66,10,https://historico.conaliteg.gob.mx/c/H2019P4CCA/010.jpg,0,served_image,200,image/jpeg,95650,023cb5d183959af1e34bbfe9e56902ef784295783a8b9583f04bea63e7891ae9,1,,source_jpeg
LTMD_U1_W11_NONSTANDARD_ASSET_AUDIT_0.1,H2019P4CCA,2019,4,Conoce nuestra Constitución,nonstandard_html_official_config,H2019P4CCA,11,66,11,https://historico.conaliteg.gob.mx/c/H2019P4CCA/011.jpg,0,served_image,200,image/jpeg,481837,1366e211350af393f54d118e99e0426165a8f95e575ee5319dfb0afa1372fb6d,1,,source_jpeg
LTMD_U1_W11_NONSTANDARD_ASSET_AUDIT_0.1,H2019P4CCA,2019,4,Conoce nuestra Constitución,nonstandard_html_official_config,H2019P4CCA,12,66,12,https://historico.conaliteg.gob.mx/c/H2019P4CCA/012.jpg,0,served_image,200,image/jpeg,419893,7964d7608e34f49d934df17613d69744065220c820d77842fec12823a37e264b,1,,source_jpeg
LTMD_U1_W11_NONSTANDARD_ASSET_AUDIT_0.1,H2019P4CCA,2019,4,Conoce nuestra Constitución,nonstandard_html_official_config,H2019P4CCA,13,66,13,https://historico.conaliteg.gob.mx/c/H2019P4CCA/013.jpg,0,served_image,200,image/jpeg,491103,3ffeebbac2f8550d85a5e5354c1291768bc13deafb95da10549c8d0c0be25776,1,,source_jpeg
LTMD_U1_W11_NONSTANDARD_ASSET_AUDIT_0.1,H2019P4CCA,2019,4,Conoce nuestra Constitución,nonstandard_html_official_config,H2019P4CCA,14,66,14,https://historico.conaliteg.gob.mx/c/H2019P4CCA/014.jpg,0,served_image,200,image/jpeg,599689,60e0192052c24f45ccf12cbce0093e5d0984c4afb837118c14a75f3985d6eba1,1,,source_jpeg
LTMD_U1_W11_NONSTANDARD_ASSET_AUDIT_0.1,H2019P4CCA,2019,4,Conoce nuestra Constitución,nonstandard_html_official_config,H2019P4CCA,15,66,15,https://historico.conaliteg.gob.mx/c/H2019P4CCA/015.jpg,0,served_image,200,image/jpeg,347504,6120050ea28e161cb25f38a0adf87fd073331ccc8563b18505d21e4b38b7fb70,1,,source_jpeg
LTMD_U1_W11_NONSTANDARD_ASSET_AUDIT_0.1,H2019P4CCA,2019,4,Conoce nuestra Constitución,nonstandard_html_official_config,H2019P4CCA,16,66,16,https://historico.conaliteg.gob.mx/c/H2019P4CCA/016.jpg,0,served_image,200,image/jpeg,354346,872986ea80a23ad22981e9173c949867882e2d52d41f60fb250ee907bc7edce6,1,,source_jpeg
LTMD_U1_W11_NONSTANDARD_ASSET_AUDIT_0.1,H2019P4CCA,2019,4,Conoce nuestra Constitución,nonstandard_html_official_config,H2019P4CCA,17,66,17,https://historico.conaliteg.gob.mx/c/H2019P4CCA/017.jpg,0,served_image,200,image/jpeg,370570,84d37f85ad850bfc2afaade823875b8fb9417466478ab41c4da5ba19362da308,1,,source_jpeg
LTMD_U1_W11_NONSTANDARD_ASSET_AUDIT_0.1,H2019P4CCA,2019,4,Conoce nuestra Constitución,nonstandard_html_official_config,H2019P4CCA,18,66,18,https://historico.conaliteg.gob.mx/c/H2019P4CCA/018.jpg,0,served_image,200,image/jpeg,395202,d4b79e36e682dd1de64124b293c38c1bacda27964778185572edb0a33e4c4338,1,,source_jpeg
LTMD_U1_W11_NONSTANDARD_ASSET_AUDIT_0.1,H2019P4CCA,2019,4,Conoce nuestra Constitución,nonstandard_html_official_config,H2019P4CCA,19,66,19,https://historico.conaliteg.gob.mx/c/H2019P4CCA/019.jpg,0,served_image,200,image/jpeg,385609,c946e0011c913cb72960693e3ea4f4956f022dd21251f1f9440b3c239f51fc48,1,,source_jpeg
LTMD_U1_W11_NONSTANDARD_ASSET_AUDIT_0.1,H2019P4CCA,2019,4,Conoce nuestra Constitución,nonstandard_html_official_config,H2019P4CCA,20,66,20,https://historico.conaliteg.gob.mx/c/H2019P4CCA/020.jpg,0,served_image,200,image/jpeg,348073,dbb6d5bdaaf499a84ad1b6942127b15dbb86e8ba9b5500396ef5640493b14b62,1,,source_jpeg
LTMD_U1_W11_NONSTANDARD_ASSET_AUDIT_0.1,H2019P4CCA,2019,4,Conoce nuestra Constitución,nonstandard_html_official_config,H2019P4CCA,21,66,21,https://historico.conaliteg.gob.mx/c/H2019P4CCA/021.jpg,0,served_image,200,image/jpeg,357661,0a31a6c2a9fe6cfbcaf9f1bb86c71555a0295d147ea9924f731af83a4fb83cae,1,,source_jpeg
LTMD_U1_W11_NONSTANDARD_ASSET_AUDIT_0.1,H2019P4CCA,2019,4,Conoce nuestra Constitución,nonstandard_html_official_config,H2019P4CCA,22,66,22,https://historico.conaliteg.gob.mx/c/H2019P4CCA/022.jpg,0,served_image,200,image/jpeg,354797,62c5534f0fb0df820fd9f428822d9c072d53aab206378fd924d6a150c422949c,1,,source_jpeg
LTMD_U1_W11_NONSTANDARD_ASSET_AUDIT_0.1,H2019P4CCA,2019,4,Conoce nuestra Constitución,nonstandard_html_official_config,H2019P4CCA,23,66,23,https://historico.conaliteg.gob.mx/c/H2019P4CCA/023.jpg,0,served_image,200,image/jpeg,389680,aa1a773ed5d5387fc5abc16d04690f183ed08fbced66aaa6f06b220edac176e0,1,,source_jpeg
LTMD_U1_W11_NONSTANDARD_ASSET_AUDIT_0.1,H2019P4CCA,2019,4,Conoce nuestra Constitución,nonstandard_html_official_config,H2019P4CCA,24,66,24,https://historico.conaliteg.gob.mx/c/H2019P4CCA/024.jpg,0,served_image,200,image/jpeg,568413,e789737a374546e1f5aee169421031b357bb4e798ac2d27fbe2ba9cb2cb1350f,1,,source_jpeg
LTMD_U1_W11_NONSTANDARD_ASSET_AUDIT_0.1,H2019P4CCA,2019,4,Conoce nuestra Constitución,nonstandard_html_official_config,H2019P4CCA,25,66,25,https://historico.conaliteg.gob.mx/c/H2019P4CCA/025.jpg,0,served_image,200,image/jpeg,358177,dd5c68c274bdf260b9897f8ad03f9e8d3e99d0087dfaeb7c048124d4ddd4c676,1,,source_jpeg
LTMD_U1_W11_NONSTANDARD_ASSET_AUDIT_0.1,H2019P4CCA,2019,4,Conoce nuestra Constitución,nonstandard_html_official_config,H2019P4CCA,26,66,26,https://historico.conaliteg.gob.mx/c/H2019P4CCA/026.jpg,0,served_image,200,image/jpeg,586758,b856af83cd6792274907f431b03afe417d7f342ae669d8f0f6fd47fcc1e04487,1,,source_jpeg
LTMD_U1_W11_NONSTANDARD_ASSET_AUDIT_0.1,H2019P4CCA,2019,4,Conoce nuestra Constitución,nonstandard_html_official_config,H2019P4CCA,27,66,27,https://historico.conaliteg.gob.mx/c/H2019P4CCA/027.jpg,0,served_image,200,image/jpeg,550337,e01a628d23b955b7cdfb61ea4c05cf28585148b56ab551fddc4b708da52538ed,1,,source_jpeg
LTMD_U1_W11_NONSTANDARD_ASSET_AUDIT_0.1,H2019P4CCA,2019,4,Conoce nuestra Constitución,nonstandard_html_official_config,H2019P4CCA,28,66,28,https://historico.conaliteg.gob.mx/c/H2019P4CCA/028.jpg,0,served_image,200,image/jpeg,539481,12d6ae3e9cea70a52778e25d47a6fc4df20c24ed53d6015a9cab1b2ed1c69587,1,,source_jpeg
LTMD_U1_W11_NONSTANDARD_ASSET_AUDIT_0.1,H2019P4CCA,2019,4,Conoce nuestra Constitución,nonstandard_html_official_config,H2019P4CCA,29,66,29,https://historico.conaliteg.gob.mx/c/H2019P4CCA/029.jpg,0,served_image,200,image/jpeg,349622,a9898ab4426643a397beafe7a3ea345b5b409d4a5bcb51f5ce69485e5eeb53f9,1,,source_jpeg
LTMD_U1_W11_NONSTANDARD_ASSET_AUDIT_0.1,H2019P4CCA,2019,4,Conoce nuestra Constitución,nonstandard_html_official_config,H2019P4CCA,30,66,30,https://historico.conaliteg.gob.mx/c/H2019P4CCA/030.jpg,0,served_image,200,image/jpeg,600795,297c2f3818ca1ed3c84510f603d3a10235e067f66c7755166aa265d86f0c1c43,1,,source_jpeg
LTMD_U1_W11_NONSTANDARD_ASSET_AUDIT_0.1,H2019P4CCA,2019,4,Conoce nuestra Constitución,nonstandard_html_official_config,H2019P4CCA,31,66,31,https://historico.conaliteg.gob.mx/c/H2019P4CCA/031.jpg,0,served_image,200,image/jpeg,342024,002667bbb7662fa62e3a38512a13c8ee2855496004e981233e39044e385e7627,1,,source_jpeg
LTMD_U1_W11_NONSTANDARD_ASSET_AUDIT_0.1,H2019P4CCA,2019,4,Conoce nuestra Constitución,nonstandard_html_official_config,H2019P4CCA,32,66,32,https://historico.conaliteg.gob.mx/c/H2019P4CCA/032.jpg,0,served_image,200,image/jpeg,591666,01b50852cdf404995da1b3d092990fba54914f4b1936cbec4594bae4f72ce6c9,1,,source_jpeg
LTMD_U1_W11_NONSTANDARD_ASSET_AUDIT_0.1,H2019P4CCA,2019,4,Conoce nuestra Constitución,nonstandard_html_official_config,H2019P4CCA,33,66,33,https://historico.conaliteg.gob.mx/c/H2019P4CCA/033.jpg,0,served_image,200,image/jpeg,550168,790108df76b416c6c016715a9a22e2c6f4d6afb9586934f0debbc2640fa87a97,1,,source_jpeg
LTMD_U1_W11_NONSTANDARD_ASSET_AUDIT_0.1,H2019P4CCA,2019,4,Conoce nuestra Constitución,nonstandard_html_official_config,H2019P4CCA,34,66,34,https://historico.conaliteg.gob.mx/c/H2019P4CCA/034.jpg,0,served_image,200,image/jpeg,363412,15bca8a32c167844af3a8558e0e4e551dbdee1587142abc0370e64113810b43e,1,,source_jpeg
LTMD_U1_W11_NONSTANDARD_ASSET_AUDIT_0.1,H2019P4CCA,2019,4,Conoce nuestra Constitución,nonstandard_html_official_config,H2019P4CCA,35,66,35,https://historico.conaliteg.gob.mx/c/H2019P4CCA/035.jpg,0,served_image,200,image/jpeg,368036,d3ba1d50eee63d165ab3b6af0da2923f1d467d005a8f2faa379bd88aaaeabeb3,1,,source_jpeg
LTMD_U1_W11_NONSTANDARD_ASSET_AUDIT_0.1,H2019P4CCA,2019,4,Conoce nuestra Constitución,nonstandard_html_official_config,H2019P4CCA,36,66,36,https://historico.conaliteg.gob.mx/c/H2019P4CCA/036.jpg,0,served_image,200,image/jpeg,578500,5670176dec6d9033ce5593e152310bede5ea9eba616a668af2275ff1f442e1ba,1,,source_jpeg
LTMD_U1_W11_NONSTANDARD_ASSET_AUDIT_0.1,H2019P4CCA,2019,4,Conoce nuestra Constitución,nonstandard_html_official_config,H2019P4CCA,37,66,37,https://historico.conaliteg.gob.mx/c/H2019P4CCA/037.jpg,0,served_image,200,image/jpeg,354415,ac7bf2cb913a865b553b0268431fdb82dc58dce3b240cfd117d55450d29b019a,1,,source_jpeg
LTMD_U1_W11_NONSTANDARD_ASSET_AUDIT_0.1,H2019P4CCA,2019,4,Conoce nuestra Constitución,nonstandard_html_official_config,H2019P4CCA,38,66,38,https://historico.conaliteg.gob.mx/c/H2019P4CCA/038.jpg,0,served_image,200,image/jpeg,331127,ae1181c6e4f656399c94e0cdac47061f77c1e0bb2022051166e4a44fe164b3d3,1,,source_jpeg
LTMD_U1_W11_NONSTANDARD_ASSET_AUDIT_0.1,H2019P4CCA,2019,4,Conoce nuestra Constitución,nonstandard_html_official_config,H2019P4CCA,39,66,39,https://historico.conaliteg.gob.mx/c/H2019P4CCA/039.jpg,0,served_image,200,image/jpeg,511972,c4bf328c360deb431f126b4a65ef395f017acb06dd4cb870dda6209d2e71016b,1,,source_jpeg
LTMD_U1_W11_NONSTANDARD_ASSET_AUDIT_0.1,H2019P4CCA,2019,4,Conoce nuestra Constitución,nonstandard_html_official_config,H2019P4CCA,40,66,40,https://historico.conaliteg.gob.mx/c/H2019P4CCA/040.jpg,0,served_image,200,image/jpeg,411120,de279ced211948f5f135004549e4018f8f4aadb40447677acef8b0b28e95aeb5,1,,source_jpeg
LTMD_U1_W11_NONSTANDARD_ASSET_AUDIT_0.1,H2019P4CCA,2019,4,Conoce nuestra Constitución,nonstandard_html_official_config,H2019P4CCA,41,66,41,https://historico.conaliteg.gob.mx/c/H2019P4CCA/041.jpg,0,served_image,200,image/jpeg,589049,3f6c9b36fe6e5491c585a0dc124ca03871b04340fcb704dd3feb0420457c3192,1,,source_jpeg
LTMD_U1_W11_NONSTANDARD_ASSET_AUDIT_0.1,H2019P4CCA,2019,4,Conoce nuestra Constitución,nonstandard_html_official_config,H2019P4CCA,42,66,42,https://historico.conaliteg.gob.mx/c/H2019P4CCA/042.jpg,0,served_image,200,image/jpeg,531307,ad68b9e7e824f0dc0eb5f1e19231fc9d475f98c48abc2a4488ea441b9e6333fc,1,,source_jpeg
LTMD_U1_W11_NONSTANDARD_ASSET_AUDIT_0.1,H2019P4CCA,2019,4,Conoce nuestra Constitución,nonstandard_html_official_config,H2019P4CCA,43,66,43,https://historico.conaliteg.gob.mx/c/H2019P4CCA/043.jpg,0,served_image,200,image/jpeg,552306,6ee5757146322613f7ee9eb01537e1d4a3e6e5dfed4968b0e7c7f3c5c4ed240f,1,,source_jpeg
LTMD_U1_W11_NONSTANDARD_ASSET_AUDIT_0.1,H2019P4CCA,2019,4,Conoce nuestra Constitución,nonstandard_html_official_config,H2019P4CCA,44,66,44,https://historico.conaliteg.gob.mx/c/H2019P4CCA/044.jpg,0,served_image,200,image/jpeg,345960,250be9995959d8190276c4658c0849416b4d327bee4bd58bd3e5680891a2acee,1,,source_jpeg
LTMD_U1_W11_NONSTANDARD_ASSET_AUDIT_0.1,H2019P4CCA,2019,4,Conoce nuestra Constitución,nonstandard_html_official_config,H2019P4CCA,45,66,45,https://historico.conaliteg.gob.mx/c/H2019P4CCA/045.jpg,0,served_image,200,image/jpeg,447916,81ebaddf1921fe50c8416216bf046dd45da0e2ec898602118f19e05225ed1252,1,,source_jpeg
LTMD_U1_W11_NONSTANDARD_ASSET_AUDIT_0.1,H2019P4CCA,2019,4,Conoce nuestra Constitución,nonstandard_html_official_config,H2019P4CCA,46,66,46,https://historico.conaliteg.gob.mx/c/H2019P4CCA/046.jpg,0,served_image,200,image/jpeg,343115,7475cebd992c80cd3602c1c67d2bc3551649c571592ffb843301dcfe80a1b078,1,,source_jpeg
LTMD_U1_W11_NONSTANDARD_ASSET_AUDIT_0.1,H2019P4CCA,2019,4,Conoce nuestra Constitución,nonstandard_html_official_config,H2019P4CCA,47,66,47,https://historico.conaliteg.gob.mx/c/H2019P4CCA/047.jpg,0,served_image,200,image/jpeg,350494,aaf464019cb20e0b32ec34ea591b984c0e0ed1c799acca6c865bbd6994a57321,1,,source_jpeg
LTMD_U1_W11_NONSTANDARD_ASSET_AUDIT_0.1,H2019P4CCA,2019,4,Conoce nuestra Constitución,nonstandard_html_official_config,H2019P4CCA,48,66,48,https://historico.conaliteg.gob.mx/c/H2019P4CCA/048.jpg,0,served_image,200,image/jpeg,524231,2c70808998ddbe35829b7609f62c9332948ccf761dbc01b6a8577f4c889df600,1,,source_jpeg
LTMD_U1_W11_NONSTANDARD_ASSET_AUDIT_0.1,H2019P4CCA,2019,4,Conoce nuestra Constitución,nonstandard_html_official_config,H2019P4CCA,49,66,49,https://historico.conaliteg.gob.mx/c/H2019P4CCA/049.jpg,0,served_image,200,image/jpeg,547390,6497a3c3e9109126027a605716fe3a87df7dd96f3df5098019d2f1568b83712a,1,,source_jpeg
LTMD_U1_W11_NONSTANDARD_ASSET_AUDIT_0.1,H2019P4CCA,2019,4,Conoce nuestra Constitución,nonstandard_html_official_config,H2019P4CCA,50,66,50,https://historico.conaliteg.gob.mx/c/H2019P4CCA/050.jpg,0,served_image,200,image/jpeg,450534,b91e909fd03703ab8bd33cf3932a8bf15d324d7eeaebf0992edbecec050f22b7,1,,source_jpeg
LTMD_U1_W11_NONSTANDARD_ASSET_AUDIT_0.1,H2019P4CCA,2019,4,Conoce nuestra Constitución,nonstandard_html_official_config,H2019P4CCA,51,66,51,https://historico.conaliteg.gob.mx/c/H2019P4CCA/051.jpg,0,served_image,200,image/jpeg,558592,aa80ebe8d425580447f7d69374ecc1072f4f0b9d38d59e7e3facf5affcd4d34b,1,,source_jpeg
LTMD_U1_W11_NONSTANDARD_ASSET_AUDIT_0.1,H2019P4CCA,2019,4,Conoce nuestra Constitución,nonstandard_html_official_config,H2019P4CCA,52,66,52,https://historico.conaliteg.gob.mx/c/H2019P4CCA/052.jpg,0,served_image,200,image/jpeg,496410,4742cfa9039a1f9563873477a989991eb3e62ae2e9a106ddc3fa8d6be7d5b289,1,,source_jpeg
LTMD_U1_W11_NONSTANDARD_ASSET_AUDIT_0.1,H2019P4CCA,2019,4,Conoce nuestra Constitución,nonstandard_html_official_config,H2019P4CCA,53,66,53,https://historico.conaliteg.gob.mx/c/H2019P4CCA/053.jpg,0,served_image,200,image/jpeg,548222,a5fb58135b9f769bce0daad1a3d12d7f4707ab3adebe62ebfb1385633db87906,1,,source_jpeg
LTMD_U1_W11_NONSTANDARD_ASSET_AUDIT_0.1,H2019P4CCA,2019,4,Conoce nuestra Constitución,nonstandard_html_official_config,H2019P4CCA,54,66,54,https://historico.conaliteg.gob.mx/c/H2019P4CCA/054.jpg,0,served_image,200,image/jpeg,541374,efb53c7d582ff38ad8e08a9199a7995366cbbf2abccd604319a0865c526f9522,1,,source_jpeg
LTMD_U1_W11_NONSTANDARD_ASSET_AUDIT_0.1,H2019P4CCA,2019,4,Conoce nuestra Constitución,nonstandard_html_official_config,H2019P4CCA,55,66,55,https://historico.conaliteg.gob.mx/c/H2019P4CCA/055.jpg,0,served_image,200,image/jpeg,537404,20c99d0658c9621531f4b8829b1e9d5ac186425ff59f50257e27ca2efad1201a,1,,source_jpeg
LTMD_U1_W11_NONSTANDARD_ASSET_AUDIT_0.1,H2019P4CCA,2019,4,Conoce nuestra Constitución,nonstandard_html_official_config,H2019P4CCA,56,66,56,https://historico.conaliteg.gob.mx/c/H2019P4CCA/056.jpg,0,served_image,200,image/jpeg,409090,7fe353faafbb78855e16ec38090b1157b3cde76f6ba8a6491fc35124174f6729,1,,source_jpeg
LTMD_U1_W11_NONSTANDARD_ASSET_AUDIT_0.1,H2019P4CCA,2019,4,Conoce nuestra Constitución,nonstandard_html_official_config,H2019P4CCA,57,66,57,https://historico.conaliteg.gob.mx/c/H2019P4CCA/057.jpg,0,served_image,200,image/jpeg,559010,d69a5acce14f339d8c6842c0fc7d84d67f99035b51c9f4d7c961aba2b4ce6977,1,,source_jpeg
LTMD_U1_W11_NONSTANDARD_ASSET_AUDIT_0.1,H2019P4CCA,2019,4,Conoce nuestra Constitución,nonstandard_html_official_config,H2019P4CCA,58,66,58,https://historico.conaliteg.gob.mx/c/H2019P4CCA/058.jpg,0,served_image,200,image/jpeg,592866,c7ad3927be9843c61e90dc12ea140fc8f548306754fd6b17e598beb6d0c49470,1,,source_jpeg
LTMD_U1_W11_NONSTANDARD_ASSET_AUDIT_0.1,H2019P4CCA,2019,4,Conoce nuestra Constitución,nonstandard_html_official_config,H2019P4CCA,59,66,59,https://historico.conaliteg.gob.mx/c/H2019P4CCA/059.jpg,0,served_image,200,image/jpeg,475965,aceab4d50ad99b6a7d279b92e4b1af65ed5abaef813ddb7ce7e19bbf0ce98939,1,,source_jpeg
LTMD_U1_W11_NONSTANDARD_ASSET_AUDIT_0.1,H2019P4CCA,2019,4,Conoce nuestra Constitución,nonstandard_html_official_config,H2019P4CCA,60,66,60,https://historico.conaliteg.gob.mx/c/H2019P4CCA/060.jpg,0,served_image,200,image/jpeg,177011,14d442988d499f63927c12ddde9661adef1a075826d19686d410b8cd3990a15b,1,,source_jpeg
LTMD_U1_W11_NONSTANDARD_ASSET_AUDIT_0.1,H2019P4CCA,2019,4,Conoce nuestra Constitución,nonstandard_html_official_config,H2019P4CCA,61,66,61,https://historico.conaliteg.gob.mx/c/H2019P4CCA/061.jpg,0,served_image,200,image/jpeg,257985,92e72943bde34931a9372d804815e44d5da74b382f73ddc974248af719ce2861,1,,source_jpeg
LTMD_U1_W11_NONSTANDARD_ASSET_AUDIT_0.1,H2019P4CCA,2019,4,Conoce nuestra Constitución,nonstandard_html_official_config,H2019P4CCA,62,66,62,https://historico.conaliteg.gob.mx/c/H2019P4CCA/062.jpg,0,served_image,200,image/jpeg,256074,f0c769066634083f2548ad2a97b6d6edfd2bee029a4c750f5cd76ef2ab1f943f,1,,source_jpeg
LTMD_U1_W11_NONSTANDARD_ASSET_AUDIT_0.1,H2019P4CCA,2019,4,Conoce nuestra Constitución,nonstandard_html_official_config,H2019P4CCA,63,66,63,https://historico.conaliteg.gob.mx/c/H2019P4CCA/063.jpg,0,served_image,200,image/jpeg,154510,99eb5ccb5475de99c1e408f5d9261944dbed1cefa6e048c31f55e28bc207b466,1,,source_jpeg
LTMD_U1_W11_NONSTANDARD_ASSET_AUDIT_0.1,H2019P4CCA,2019,4,Conoce nuestra Constitución,nonstandard_html_official_config,H2019P4CCA,64,66,64,https://historico.conaliteg.gob.mx/c/H2019P4CCA/064.jpg,0,served_image,200,image/jpeg,164485,591b5bf52b118f990e65a5453d7b25d986b59bd715d1c07ab2f9103007f127c1,1,,source_jpeg
LTMD_U1_W11_NONSTANDARD_ASSET_AUDIT_0.1,H2019P4CCA,2019,4,Conoce nuestra Constitución,nonstandard_html_official_config,H2019P4CCA,65,66,65,https://historico.conaliteg.gob.mx/c/H2019P4CCA/065.jpg,0,served_image,200,image/jpeg,273699,7e213c793673079d668496f401bb32259eaaac7b57b794c8a9bdef0015752491,1,,source_jpeg
LTMD_U1_W11_NONSTANDARD_ASSET_AUDIT_0.1,H2019P4CCA,2019,4,Conoce nuestra Constitución,nonstandard_html_official_config,H2019P4CCA,66,66,66,https://historico.conaliteg.gob.mx/c/H2019P4CCA/066.jpg,1,http_404,404,text/html; charset=iso-8859-1,,,1,HTTP 404,terminal_synthetic_candidate
