scanner_version,page_id,viewer_key,catalog_generation,grade,title_core,viewer_page,selected_psm,source_sha256_verified,front_zone,end_zone,front_matter_score,toc_navigation_score,bibliography_credits_score,matched_category_count,error
LTMD_U1_W3_SPANISH_STRUCTKW_0.1,U1-H1960P2ES003-P001,H1960P2ES003,1960,2,MI CUADERNO DE TRABAJO Y ESCRITURA,1,6,1,1,0,0,0,0,0,
LTMD_U1_W3_SPANISH_STRUCTKW_0.1,U1-H1960P2ES003-P002,H1960P2ES003,1960,2,MI CUADERNO DE TRABAJO Y ESCRITURA,2,3,1,1,0,0,0,0,0,
LTMD_U1_W3_SPANISH_STRUCTKW_0.1,U1-H1960P2ES003-P003,H1960P2ES003,1960,2,MI CUADERNO DE TRABAJO Y ESCRITURA,3,3,1,1,0,0,0,0,0,
LTMD_U1_W3_SPANISH_STRUCTKW_0.1,U1-H1960P2ES003-P004,H1960P2ES003,1960,2,MI CUADERNO DE TRABAJO Y ESCRITURA,4,3,1,1,0,0,0,0,0,
LTMD_U1_W3_SPANISH_STRUCTKW_0.1,U1-H1960P2ES003-P005,H1960P2ES003,1960,2,MI CUADERNO DE TRABAJO Y ESCRITURA,5,3,1,1,0,0,0,0,0,
LTMD_U1_W3_SPANISH_STRUCTKW_0.1,U1-H1960P2ES003-P006,H1960P2ES003,1960,2,MI CUADERNO DE TRABAJO Y ESCRITURA,6,3,1,1,0,0,0,2,1,
LTMD_U1_W3_SPANISH_STRUCTKW_0.1,U1-H1960P2ES003-P007,H1960P2ES003,1960,2,MI CUADERNO DE TRABAJO Y ESCRITURA,7,3,1,1,0,0,0,0,0,
LTMD_U1_W3_SPANISH_STRUCTKW_0.1,U1-H1960P2ES003-P008,H1960P2ES003,1960,2,MI CUADERNO DE TRABAJO Y ESCRITURA,8,6,1,1,0,0,0,0,0,
LTMD_U1_W3_SPANISH_STRUCTKW_0.1,U1-H1960P2ES003-P009,H1960P2ES003,1960,2,MI CUADERNO DE TRABAJO Y ESCRITURA,9,3,1,1,0,0,0,0,0,
LTMD_U1_W3_SPANISH_STRUCTKW_0.1,U1-H1960P2ES003-P010,H1960P2ES003,1960,2,MI CUADERNO DE TRABAJO Y ESCRITURA,10,3,1,1,0,0,0,0,0,
LTMD_U1_W3_SPANISH_STRUCTKW_0.1,U1-H1960P2ES003-P011,H1960P2ES003,1960,2,MI CUADERNO DE TRABAJO Y ESCRITURA,11,3,1,1,0,0,0,0,0,
LTMD_U1_W3_SPANISH_STRUCTKW_0.1,U1-H1960P2ES003-P012,H1960P2ES003,1960,2,MI CUADERNO DE TRABAJO Y ESCRITURA,12,3,1,1,0,0,0,0,0,
LTMD_U1_W3_SPANISH_STRUCTKW_0.1,U1-H1960P2ES003-P013,H1960P2ES003,1960,2,MI CUADERNO DE TRABAJO Y ESCRITURA,13,3,1,1,0,0,0,0,0,
LTMD_U1_W3_SPANISH_STRUCTKW_0.1,U1-H1960P2ES003-P014,H1960P2ES003,1960,2,MI CUADERNO DE TRABAJO Y ESCRITURA,14,3,1,1,0,0,0,0,0,
LTMD_U1_W3_SPANISH_STRUCTKW_0.1,U1-H1960P2ES003-P015,H1960P2ES003,1960,2,MI CUADERNO DE TRABAJO Y ESCRITURA,15,3,1,1,0,0,0,0,0,
LTMD_U1_W3_SPANISH_STRUCTKW_0.1,U1-H1960P2ES003-P016,H1960P2ES003,1960,2,MI CUADERNO DE TRABAJO Y ESCRITURA,16,3,1,1,0,0,1,0,1,
LTMD_U1_W3_SPANISH_STRUCTKW_0.1,U1-H1960P2ES003-P203,H1960P2ES003,1960,2,MI CUADERNO DE TRABAJO Y ESCRITURA,203,3,1,0,1,0,0,0,0,
LTMD_U1_W3_SPANISH_STRUCTKW_0.1,U1-H1960P2ES003-P204,H1960P2ES003,1960,2,MI CUADERNO DE TRABAJO Y ESCRITURA,204,3,1,0,1,0,0,0,0,
LTMD_U1_W3_SPANISH_STRUCTKW_0.1,U1-H1960P2ES003-P205,H1960P2ES003,1960,2,MI CUADERNO DE TRABAJO Y ESCRITURA,205,11,1,0,1,0,0,0,0,
LTMD_U1_W3_SPANISH_STRUCTKW_0.1,U1-H1960P2ES003-P206,H1960P2ES003,1960,2,MI CUADERNO DE TRABAJO Y ESCRITURA,206,3,1,0,1,0,0,0,0,
LTMD_U1_W3_SPANISH_STRUCTKW_0.1,U1-H1960P2ES003-P207,H1960P2ES003,1960,2,MI CUADERNO DE TRABAJO Y ESCRITURA,207,3,1,0,1,0,0,0,0,
LTMD_U1_W3_SPANISH_STRUCTKW_0.1,U1-H1960P2ES003-P208,H1960P2ES003,1960,2,MI CUADERNO DE TRABAJO Y ESCRITURA,208,3,1,0,1,0,0,0,0,
LTMD_U1_W3_SPANISH_STRUCTKW_0.1,U1-H1960P2ES003-P209,H1960P2ES003,1960,2,MI CUADERNO DE TRABAJO Y ESCRITURA,209,3,1,0,1,0,0,0,0,
LTMD_U1_W3_SPANISH_STRUCTKW_0.1,U1-H1960P2ES003-P210,H1960P2ES003,1960,2,MI CUADERNO DE TRABAJO Y ESCRITURA,210,3,1,0,1,0,0,0,0,
LTMD_U1_W3_SPANISH_STRUCTKW_0.1,U1-H1960P2ES003-P211,H1960P2ES003,1960,2,MI CUADERNO DE TRABAJO Y ESCRITURA,211,3,1,0,1,0,0,0,0,
LTMD_U1_W3_SPANISH_STRUCTKW_0.1,U1-H1960P2ES003-P212,H1960P2ES003,1960,2,MI CUADERNO DE TRABAJO Y ESCRITURA,212,3,1,0,1,0,0,0,0,
LTMD_U1_W3_SPANISH_STRUCTKW_0.1,U1-H1960P2ES003-P213,H1960P2ES003,1960,2,MI CUADERNO DE TRABAJO Y ESCRITURA,213,3,1,0,1,0,2,0,1,
LTMD_U1_W3_SPANISH_STRUCTKW_0.1,U1-H1960P2ES003-P214,H1960P2ES003,1960,2,MI CUADERNO DE TRABAJO Y ESCRITURA,214,3,1,0,1,0,0,0,0,
LTMD_U1_W3_SPANISH_STRUCTKW_0.1,U1-H1960P2ES003-P215,H1960P2ES003,1960,2,MI CUADERNO DE TRABAJO Y ESCRITURA,215,3,1,0,1,0,0,1,1,
LTMD_U1_W3_SPANISH_STRUCTKW_0.1,U1-H1960P2ES003-P216,H1960P2ES003,1960,2,MI CUADERNO DE TRABAJO Y ESCRITURA,216,11,1,0,1,0,0,0,0,
LTMD_U1_W3_SPANISH_STRUCTKW_0.1,U1-H1960P2ES003-P217,H1960P2ES003,1960,2,MI CUADERNO DE TRABAJO Y ESCRITURA,217,6,1,0,1,0,0,0,0,
LTMD_U1_W3_SPANISH_STRUCTKW_0.1,U1-H1960P2ES003-P218,H1960P2ES003,1960,2,MI CUADERNO DE TRABAJO Y ESCRITURA,218,3,1,0,1,0,0,0,0,
LTMD_U1_W3_SPANISH_STRUCTKW_0.1,U1-H1960P3ES007-P001,H1960P3ES007,1960,3,MI LIBRO DE LENGUA NACIONAL,1,6,1,1,0,0,0,0,0,
LTMD_U1_W3_SPANISH_STRUCTKW_0.1,U1-H1960P3ES007-P002,H1960P3ES007,1960,3,MI LIBRO DE LENGUA NACIONAL,2,6,1,1,0,0,0,0,0,
LTMD_U1_W3_SPANISH_STRUCTKW_0.1,U1-H1960P3ES007-P003,H1960P3ES007,1960,3,MI LIBRO DE LENGUA NACIONAL,3,3,1,1,0,0,0,0,0,
LTMD_U1_W3_SPANISH_STRUCTKW_0.1,U1-H1960P3ES007-P004,H1960P3ES007,1960,3,MI LIBRO DE LENGUA NACIONAL,4,,1,1,0,0,0,0,0,
LTMD_U1_W3_SPANISH_STRUCTKW_0.1,U1-H1960P3ES007-P005,H1960P3ES007,1960,3,MI LIBRO DE LENGUA NACIONAL,5,11,1,1,0,0,0,0,0,
LTMD_U1_W3_SPANISH_STRUCTKW_0.1,U1-H1960P3ES007-P006,H1960P3ES007,1960,3,MI LIBRO DE LENGUA NACIONAL,6,3,1,1,0,0,0,0,0,
LTMD_U1_W3_SPANISH_STRUCTKW_0.1,U1-H1960P3ES007-P007,H1960P3ES007,1960,3,MI LIBRO DE LENGUA NACIONAL,7,3,1,1,0,0,0,0,0,
LTMD_U1_W3_SPANISH_STRUCTKW_0.1,U1-H1960P3ES007-P008,H1960P3ES007,1960,3,MI LIBRO DE LENGUA NACIONAL,8,6,1,1,0,0,0,3,1,
LTMD_U1_W3_SPANISH_STRUCTKW_0.1,U1-H1960P3ES007-P009,H1960P3ES007,1960,3,MI LIBRO DE LENGUA NACIONAL,9,3,1,1,0,0,1,0,1,
LTMD_U1_W3_SPANISH_STRUCTKW_0.1,U1-H1960P3ES007-P010,H1960P3ES007,1960,3,MI LIBRO DE LENGUA NACIONAL,10,3,1,1,0,0,0,0,0,
LTMD_U1_W3_SPANISH_STRUCTKW_0.1,U1-H1960P3ES007-P011,H1960P3ES007,1960,3,MI LIBRO DE LENGUA NACIONAL,11,3,1,1,0,0,1,0,1,
LTMD_U1_W3_SPANISH_STRUCTKW_0.1,U1-H1960P3ES007-P012,H1960P3ES007,1960,3,MI LIBRO DE LENGUA NACIONAL,12,3,1,1,0,0,0,0,0,
LTMD_U1_W3_SPANISH_STRUCTKW_0.1,U1-H1960P3ES007-P013,H1960P3ES007,1960,3,MI LIBRO DE LENGUA NACIONAL,13,3,1,1,0,0,0,0,0,
LTMD_U1_W3_SPANISH_STRUCTKW_0.1,U1-H1960P3ES007-P014,H1960P3ES007,1960,3,MI LIBRO DE LENGUA NACIONAL,14,3,1,1,0,0,1,0,1,
LTMD_U1_W3_SPANISH_STRUCTKW_0.1,U1-H1960P3ES007-P015,H1960P3ES007,1960,3,MI LIBRO DE LENGUA NACIONAL,15,3,1,1,0,0,0,0,0,
LTMD_U1_W3_SPANISH_STRUCTKW_0.1,U1-H1960P3ES007-P016,H1960P3ES007,1960,3,MI LIBRO DE LENGUA NACIONAL,16,3,1,1,0,0,1,0,1,
LTMD_U1_W3_SPANISH_STRUCTKW_0.1,U1-H1960P3ES007-P115,H1960P3ES007,1960,3,MI LIBRO DE LENGUA NACIONAL,115,6,1,0,1,0,0,0,0,
LTMD_U1_W3_SPANISH_STRUCTKW_0.1,U1-H1960P3ES007-P116,H1960P3ES007,1960,3,MI LIBRO DE LENGUA NACIONAL,116,3,1,0,1,0,0,0,0,
LTMD_U1_W3_SPANISH_STRUCTKW_0.1,U1-H1960P3ES007-P117,H1960P3ES007,1960,3,MI LIBRO DE LENGUA NACIONAL,117,3,1,0,1,0,0,0,0,
LTMD_U1_W3_SPANISH_STRUCTKW_0.1,U1-H1960P3ES007-P118,H1960P3ES007,1960,3,MI LIBRO DE LENGUA NACIONAL,118,3,1,0,1,0,0,0,0,
LTMD_U1_W3_SPANISH_STRUCTKW_0.1,U1-H1960P3ES007-P119,H1960P3ES007,1960,3,MI LIBRO DE LENGUA NACIONAL,119,3,1,0,1,0,0,0,0,
LTMD_U1_W3_SPANISH_STRUCTKW_0.1,U1-H1960P3ES007-P120,H1960P3ES007,1960,3,MI LIBRO DE LENGUA NACIONAL,120,3,1,0,1,0,0,0,0,
LTMD_U1_W3_SPANISH_STRUCTKW_0.1,U1-H1960P3ES007-P121,H1960P3ES007,1960,3,MI LIBRO DE LENGUA NACIONAL,121,3,1,0,1,0,1,0,1,
LTMD_U1_W3_SPANISH_STRUCTKW_0.1,U1-H1960P3ES007-P122,H1960P3ES007,1960,3,MI LIBRO DE LENGUA NACIONAL,122,3,1,0,1,0,0,0,0,
LTMD_U1_W3_SPANISH_STRUCTKW_0.1,U1-H1960P3ES007-P123,H1960P3ES007,1960,3,MI LIBRO DE LENGUA NACIONAL,123,3,1,0,1,0,0,0,0,
LTMD_U1_W3_SPANISH_STRUCTKW_0.1,U1-H1960P3ES007-P124,H1960P3ES007,1960,3,MI LIBRO DE LENGUA NACIONAL,124,3,1,0,1,0,1,0,1,
LTMD_U1_W3_SPANISH_STRUCTKW_0.1,U1-H1960P3ES007-P125,H1960P3ES007,1960,3,MI LIBRO DE LENGUA NACIONAL,125,3,1,0,1,0,0,0,0,
LTMD_U1_W3_SPANISH_STRUCTKW_0.1,U1-H1960P3ES007-P126,H1960P3ES007,1960,3,MI LIBRO DE LENGUA NACIONAL,126,3,1,0,1,0,0,0,0,
LTMD_U1_W3_SPANISH_STRUCTKW_0.1,U1-H1960P3ES007-P127,H1960P3ES007,1960,3,MI LIBRO DE LENGUA NACIONAL,127,3,1,0,1,0,0,1,1,
LTMD_U1_W3_SPANISH_STRUCTKW_0.1,U1-H1960P3ES007-P128,H1960P3ES007,1960,3,MI LIBRO DE LENGUA NACIONAL,128,6,1,0,1,0,0,0,0,
LTMD_U1_W3_SPANISH_STRUCTKW_0.1,U1-H1960P3ES007-P129,H1960P3ES007,1960,3,MI LIBRO DE LENGUA NACIONAL,129,6,1,0,1,0,0,0,0,
LTMD_U1_W3_SPANISH_STRUCTKW_0.1,U1-H1960P3ES007-P130,H1960P3ES007,1960,3,MI LIBRO DE LENGUA NACIONAL,130,3,1,0,1,0,0,0,0,
LTMD_U1_W3_SPANISH_STRUCTKW_0.1,U1-H1960P4ES013-P001,H1960P4ES013,1960,4,MI LIBRO DE LENGUA NACIONAL,1,6,1,1,0,0,0,0,0,
LTMD_U1_W3_SPANISH_STRUCTKW_0.1,U1-H1960P4ES013-P002,H1960P4ES013,1960,4,MI LIBRO DE LENGUA NACIONAL,2,3,1,1,0,0,0,0,0,
LTMD_U1_W3_SPANISH_STRUCTKW_0.1,U1-H1960P4ES013-P003,H1960P4ES013,1960,4,MI LIBRO DE LENGUA NACIONAL,3,3,1,1,0,0,0,1,1,
LTMD_U1_W3_SPANISH_STRUCTKW_0.1,U1-H1960P4ES013-P004,H1960P4ES013,1960,4,MI LIBRO DE LENGUA NACIONAL,4,3,1,1,0,0,0,0,0,
LTMD_U1_W3_SPANISH_STRUCTKW_0.1,U1-H1960P4ES013-P005,H1960P4ES013,1960,4,MI LIBRO DE LENGUA NACIONAL,5,3,1,1,0,0,0,1,1,
LTMD_U1_W3_SPANISH_STRUCTKW_0.1,U1-H1960P4ES013-P006,H1960P4ES013,1960,4,MI LIBRO DE LENGUA NACIONAL,6,6,1,1,0,0,0,0,0,
LTMD_U1_W3_SPANISH_STRUCTKW_0.1,U1-H1960P4ES013-P007,H1960P4ES013,1960,4,MI LIBRO DE LENGUA NACIONAL,7,3,1,1,0,0,2,0,1,
LTMD_U1_W3_SPANISH_STRUCTKW_0.1,U1-H1960P4ES013-P008,H1960P4ES013,1960,4,MI LIBRO DE LENGUA NACIONAL,8,3,1,1,0,0,0,0,0,
LTMD_U1_W3_SPANISH_STRUCTKW_0.1,U1-H1960P4ES013-P009,H1960P4ES013,1960,4,MI LIBRO DE LENGUA NACIONAL,9,3,1,1,0,0,0,0,0,
LTMD_U1_W3_SPANISH_STRUCTKW_0.1,U1-H1960P4ES013-P010,H1960P4ES013,1960,4,MI LIBRO DE LENGUA NACIONAL,10,3,1,1,0,0,1,0,1,
LTMD_U1_W3_SPANISH_STRUCTKW_0.1,U1-H1960P4ES013-P011,H1960P4ES013,1960,4,MI LIBRO DE LENGUA NACIONAL,11,3,1,1,0,0,0,0,0,
LTMD_U1_W3_SPANISH_STRUCTKW_0.1,U1-H1960P4ES013-P012,H1960P4ES013,1960,4,MI LIBRO DE LENGUA NACIONAL,12,3,1,1,0,0,0,0,0,
LTMD_U1_W3_SPANISH_STRUCTKW_0.1,U1-H1960P4ES013-P013,H1960P4ES013,1960,4,MI LIBRO DE LENGUA NACIONAL,13,3,1,1,0,0,0,0,0,
LTMD_U1_W3_SPANISH_STRUCTKW_0.1,U1-H1960P4ES013-P014,H1960P4ES013,1960,4,MI LIBRO DE LENGUA NACIONAL,14,3,1,1,0,0,1,0,1,
LTMD_U1_W3_SPANISH_STRUCTKW_0.1,U1-H1960P4ES013-P015,H1960P4ES013,1960,4,MI LIBRO DE LENGUA NACIONAL,15,3,1,1,0,0,0,0,0,
LTMD_U1_W3_SPANISH_STRUCTKW_0.1,U1-H1960P4ES013-P016,H1960P4ES013,1960,4,MI LIBRO DE LENGUA NACIONAL,16,3,1,1,0,0,0,0,0,
LTMD_U1_W3_SPANISH_STRUCTKW_0.1,U1-H1960P4ES013-P113,H1960P4ES013,1960,4,MI LIBRO DE LENGUA NACIONAL,113,3,1,0,1,0,0,0,0,
LTMD_U1_W3_SPANISH_STRUCTKW_0.1,U1-H1960P4ES013-P114,H1960P4ES013,1960,4,MI LIBRO DE LENGUA NACIONAL,114,3,1,0,1,1,0,0,1,
LTMD_U1_W3_SPANISH_STRUCTKW_0.1,U1-H1960P4ES013-P115,H1960P4ES013,1960,4,MI LIBRO DE LENGUA NACIONAL,115,3,1,0,1,0,0,0,0,
LTMD_U1_W3_SPANISH_STRUCTKW_0.1,U1-H1960P4ES013-P116,H1960P4ES013,1960,4,MI LIBRO DE LENGUA NACIONAL,116,3,1,0,1,0,0,0,0,
LTMD_U1_W3_SPANISH_STRUCTKW_0.1,U1-H1960P4ES013-P117,H1960P4ES013,1960,4,MI LIBRO DE LENGUA NACIONAL,117,3,1,0,1,0,0,0,0,
LTMD_U1_W3_SPANISH_STRUCTKW_0.1,U1-H1960P4ES013-P118,H1960P4ES013,1960,4,MI LIBRO DE LENGUA NACIONAL,118,3,1,0,1,0,0,0,0,
LTMD_U1_W3_SPANISH_STRUCTKW_0.1,U1-H1960P4ES013-P119,H1960P4ES013,1960,4,MI LIBRO DE LENGUA NACIONAL,119,3,1,0,1,0,0,0,0,
LTMD_U1_W3_SPANISH_STRUCTKW_0.1,U1-H1960P4ES013-P120,H1960P4ES013,1960,4,MI LIBRO DE LENGUA NACIONAL,120,3,1,0,1,0,0,0,0,
LTMD_U1_W3_SPANISH_STRUCTKW_0.1,U1-H1960P4ES013-P121,H1960P4ES013,1960,4,MI LIBRO DE LENGUA NACIONAL,121,3,1,0,1,0,0,0,0,
LTMD_U1_W3_SPANISH_STRUCTKW_0.1,U1-H1960P4ES013-P122,H1960P4ES013,1960,4,MI LIBRO DE LENGUA NACIONAL,122,3,1,0,1,0,0,0,0,
LTMD_U1_W3_SPANISH_STRUCTKW_0.1,U1-H1960P4ES013-P123,H1960P4ES013,1960,4,MI LIBRO DE LENGUA NACIONAL,123,3,1,0,1,0,2,0,1,
LTMD_U1_W3_SPANISH_STRUCTKW_0.1,U1-H1960P4ES013-P124,H1960P4ES013,1960,4,MI LIBRO DE LENGUA NACIONAL,124,3,1,0,1,0,0,0,0,
LTMD_U1_W3_SPANISH_STRUCTKW_0.1,U1-H1960P4ES013-P125,H1960P4ES013,1960,4,MI LIBRO DE LENGUA NACIONAL,125,3,1,0,1,0,0,1,1,
LTMD_U1_W3_SPANISH_STRUCTKW_0.1,U1-H1960P4ES013-P126,H1960P4ES013,1960,4,MI LIBRO DE LENGUA NACIONAL,126,11,1,0,1,0,0,0,0,
LTMD_U1_W3_SPANISH_STRUCTKW_0.1,U1-H1960P4ES013-P127,H1960P4ES013,1960,4,MI LIBRO DE LENGUA NACIONAL,127,6,1,0,1,0,0,0,0,
LTMD_U1_W3_SPANISH_STRUCTKW_0.1,U1-H1960P4ES013-P128,H1960P4ES013,1960,4,MI LIBRO DE LENGUA NACIONAL,128,3,1,0,1,0,0,0,0,
LTMD_U1_W3_SPANISH_STRUCTKW_0.1,U1-H1966P1ES345-P001,H1966P1ES345,1966,1,MI CUADERNO DE TRABAJO DE LENGUA NACIONAL,1,6,1,1,0,0,0,0,0,
LTMD_U1_W3_SPANISH_STRUCTKW_0.1,U1-H1966P1ES345-P002,H1966P1ES345,1966,1,MI CUADERNO DE TRABAJO DE LENGUA NACIONAL,2,3,1,1,0,0,0,1,1,
LTMD_U1_W3_SPANISH_STRUCTKW_0.1,U1-H1966P1ES345-P003,H1966P1ES345,1966,1,MI CUADERNO DE TRABAJO DE LENGUA NACIONAL,3,3,1,1,0,0,0,1,1,
LTMD_U1_W3_SPANISH_STRUCTKW_0.1,U1-H1966P1ES345-P004,H1966P1ES345,1966,1,MI CUADERNO DE TRABAJO DE LENGUA NACIONAL,4,3,1,1,0,0,0,2,1,
LTMD_U1_W3_SPANISH_STRUCTKW_0.1,U1-H1966P1ES345-P005,H1966P1ES345,1966,1,MI CUADERNO DE TRABAJO DE LENGUA NACIONAL,5,3,1,1,0,0,0,0,0,
LTMD_U1_W3_SPANISH_STRUCTKW_0.1,U1-H1966P1ES345-P006,H1966P1ES345,1966,1,MI CUADERNO DE TRABAJO DE LENGUA NACIONAL,6,6,1,1,0,0,0,0,0,
LTMD_U1_W3_SPANISH_STRUCTKW_0.1,U1-H1966P1ES345-P007,H1966P1ES345,1966,1,MI CUADERNO DE TRABAJO DE LENGUA NACIONAL,7,3,1,1,0,0,0,0,0,
LTMD_U1_W3_SPANISH_STRUCTKW_0.1,U1-H1966P1ES345-P008,H1966P1ES345,1966,1,MI CUADERNO DE TRABAJO DE LENGUA NACIONAL,8,,1,1,0,0,0,0,0,
LTMD_U1_W3_SPANISH_STRUCTKW_0.1,U1-H1966P1ES345-P009,H1966P1ES345,1966,1,MI CUADERNO DE TRABAJO DE LENGUA NACIONAL,9,11,1,1,0,0,0,0,0,
LTMD_U1_W3_SPANISH_STRUCTKW_0.1,U1-H1966P1ES345-P010,H1966P1ES345,1966,1,MI CUADERNO DE TRABAJO DE LENGUA NACIONAL,10,11,1,1,0,0,0,0,0,
LTMD_U1_W3_SPANISH_STRUCTKW_0.1,U1-H1966P1ES345-P011,H1966P1ES345,1966,1,MI CUADERNO DE TRABAJO DE LENGUA NACIONAL,11,11,1,1,0,0,0,0,0,
LTMD_U1_W3_SPANISH_STRUCTKW_0.1,U1-H1966P1ES345-P012,H1966P1ES345,1966,1,MI CUADERNO DE TRABAJO DE LENGUA NACIONAL,12,11,1,1,0,0,0,0,0,
LTMD_U1_W3_SPANISH_STRUCTKW_0.1,U1-H1966P1ES345-P013,H1966P1ES345,1966,1,MI CUADERNO DE TRABAJO DE LENGUA NACIONAL,13,6,1,1,0,0,0,0,0,
LTMD_U1_W3_SPANISH_STRUCTKW_0.1,U1-H1966P1ES345-P014,H1966P1ES345,1966,1,MI CUADERNO DE TRABAJO DE LENGUA NACIONAL,14,3,1,1,0,0,0,0,0,
LTMD_U1_W3_SPANISH_STRUCTKW_0.1,U1-H1966P1ES345-P015,H1966P1ES345,1966,1,MI CUADERNO DE TRABAJO DE LENGUA NACIONAL,15,3,1,1,0,0,0,0,0,
LTMD_U1_W3_SPANISH_STRUCTKW_0.1,U1-H1966P1ES345-P016,H1966P1ES345,1966,1,MI CUADERNO DE TRABAJO DE LENGUA NACIONAL,16,3,1,1,0,0,0,0,0,
LTMD_U1_W3_SPANISH_STRUCTKW_0.1,U1-H1966P1ES345-P203,H1966P1ES345,1966,1,MI CUADERNO DE TRABAJO DE LENGUA NACIONAL,203,3,1,0,1,0,0,0,0,
LTMD_U1_W3_SPANISH_STRUCTKW_0.1,U1-H1966P1ES345-P204,H1966P1ES345,1966,1,MI CUADERNO DE TRABAJO DE LENGUA NACIONAL,204,3,1,0,1,0,0,0,0,
LTMD_U1_W3_SPANISH_STRUCTKW_0.1,U1-H1966P1ES345-P205,H1966P1ES345,1966,1,MI CUADERNO DE TRABAJO DE LENGUA NACIONAL,205,3,1,0,1,0,0,0,0,
LTMD_U1_W3_SPANISH_STRUCTKW_0.1,U1-H1966P1ES345-P206,H1966P1ES345,1966,1,MI CUADERNO DE TRABAJO DE LENGUA NACIONAL,206,3,1,0,1,0,0,0,0,
LTMD_U1_W3_SPANISH_STRUCTKW_0.1,U1-H1966P1ES345-P207,H1966P1ES345,1966,1,MI CUADERNO DE TRABAJO DE LENGUA NACIONAL,207,3,1,0,1,0,0,0,0,
LTMD_U1_W3_SPANISH_STRUCTKW_0.1,U1-H1966P1ES345-P208,H1966P1ES345,1966,1,MI CUADERNO DE TRABAJO DE LENGUA NACIONAL,208,3,1,0,1,0,0,0,0,
LTMD_U1_W3_SPANISH_STRUCTKW_0.1,U1-H1966P1ES345-P209,H1966P1ES345,1966,1,MI CUADERNO DE TRABAJO DE LENGUA NACIONAL,209,3,1,0,1,0,0,0,0,
LTMD_U1_W3_SPANISH_STRUCTKW_0.1,U1-H1966P1ES345-P210,H1966P1ES345,1966,1,MI CUADERNO DE TRABAJO DE LENGUA NACIONAL,210,3,1,0,1,0,0,0,0,
LTMD_U1_W3_SPANISH_STRUCTKW_0.1,U1-H1966P1ES345-P211,H1966P1ES345,1966,1,MI CUADERNO DE TRABAJO DE LENGUA NACIONAL,211,3,1,0,1,0,0,0,0,
LTMD_U1_W3_SPANISH_STRUCTKW_0.1,U1-H1966P1ES345-P212,H1966P1ES345,1966,1,MI CUADERNO DE TRABAJO DE LENGUA NACIONAL,212,3,1,0,1,0,0,0,0,
LTMD_U1_W3_SPANISH_STRUCTKW_0.1,U1-H1966P1ES345-P213,H1966P1ES345,1966,1,MI CUADERNO DE TRABAJO DE LENGUA NACIONAL,213,3,1,0,1,0,0,0,0,
LTMD_U1_W3_SPANISH_STRUCTKW_0.1,U1-H1966P1ES345-P214,H1966P1ES345,1966,1,MI CUADERNO DE TRABAJO DE LENGUA NACIONAL,214,3,1,0,1,0,0,0,0,
LTMD_U1_W3_SPANISH_STRUCTKW_0.1,U1-H1966P1ES345-P215,H1966P1ES345,1966,1,MI CUADERNO DE TRABAJO DE LENGUA NACIONAL,215,3,1,0,1,0,0,0,0,
LTMD_U1_W3_SPANISH_STRUCTKW_0.1,U1-H1966P1ES345-P216,H1966P1ES345,1966,1,MI CUADERNO DE TRABAJO DE LENGUA NACIONAL,216,11,1,0,1,0,0,0,0,
LTMD_U1_W3_SPANISH_STRUCTKW_0.1,U1-H1966P1ES345-P217,H1966P1ES345,1966,1,MI CUADERNO DE TRABAJO DE LENGUA NACIONAL,217,3,1,0,1,0,0,0,0,
LTMD_U1_W3_SPANISH_STRUCTKW_0.1,U1-H1966P1ES345-P218,H1966P1ES345,1966,1,MI CUADERNO DE TRABAJO DE LENGUA NACIONAL,218,3,1,0,1,0,0,0,0,
LTMD_U1_W3_SPANISH_STRUCTKW_0.1,U1-H1966P2ES347-P001,H1966P2ES347,1966,2,MI CUADERNO DE TRABAJO DE LENGUA NACIONAL,1,6,1,1,0,0,0,0,0,
LTMD_U1_W3_SPANISH_STRUCTKW_0.1,U1-H1966P2ES347-P002,H1966P2ES347,1966,2,MI CUADERNO DE TRABAJO DE LENGUA NACIONAL,2,3,1,1,0,0,0,0,0,
LTMD_U1_W3_SPANISH_STRUCTKW_0.1,U1-H1966P2ES347-P003,H1966P2ES347,1966,2,MI CUADERNO DE TRABAJO DE LENGUA NACIONAL,3,3,1,1,0,0,0,0,0,
LTMD_U1_W3_SPANISH_STRUCTKW_0.1,U1-H1966P2ES347-P004,H1966P2ES347,1966,2,MI CUADERNO DE TRABAJO DE LENGUA NACIONAL,4,3,1,1,0,0,0,1,1,
LTMD_U1_W3_SPANISH_STRUCTKW_0.1,U1-H1966P2ES347-P005,H1966P2ES347,1966,2,MI CUADERNO DE TRABAJO DE LENGUA NACIONAL,5,3,1,1,0,0,0,0,0,
LTMD_U1_W3_SPANISH_STRUCTKW_0.1,U1-H1966P2ES347-P006,H1966P2ES347,1966,2,MI CUADERNO DE TRABAJO DE LENGUA NACIONAL,6,6,1,1,0,0,0,0,0,
LTMD_U1_W3_SPANISH_STRUCTKW_0.1,U1-H1966P2ES347-P007,H1966P2ES347,1966,2,MI CUADERNO DE TRABAJO DE LENGUA NACIONAL,7,3,1,1,0,0,0,0,0,
LTMD_U1_W3_SPANISH_STRUCTKW_0.1,U1-H1966P2ES347-P008,H1966P2ES347,1966,2,MI CUADERNO DE TRABAJO DE LENGUA NACIONAL,8,3,1,1,0,0,0,0,0,
LTMD_U1_W3_SPANISH_STRUCTKW_0.1,U1-H1966P2ES347-P009,H1966P2ES347,1966,2,MI CUADERNO DE TRABAJO DE LENGUA NACIONAL,9,3,1,1,0,0,0,0,0,
LTMD_U1_W3_SPANISH_STRUCTKW_0.1,U1-H1966P2ES347-P010,H1966P2ES347,1966,2,MI CUADERNO DE TRABAJO DE LENGUA NACIONAL,10,3,1,1,0,0,0,0,0,
LTMD_U1_W3_SPANISH_STRUCTKW_0.1,U1-H1966P2ES347-P011,H1966P2ES347,1966,2,MI CUADERNO DE TRABAJO DE LENGUA NACIONAL,11,3,1,1,0,0,0,0,0,
LTMD_U1_W3_SPANISH_STRUCTKW_0.1,U1-H1966P2ES347-P012,H1966P2ES347,1966,2,MI CUADERNO DE TRABAJO DE LENGUA NACIONAL,12,3,1,1,0,0,0,0,0,
LTMD_U1_W3_SPANISH_STRUCTKW_0.1,U1-H1966P2ES347-P013,H1966P2ES347,1966,2,MI CUADERNO DE TRABAJO DE LENGUA NACIONAL,13,3,1,1,0,0,0,0,0,
LTMD_U1_W3_SPANISH_STRUCTKW_0.1,U1-H1966P2ES347-P014,H1966P2ES347,1966,2,MI CUADERNO DE TRABAJO DE LENGUA NACIONAL,14,3,1,1,0,0,1,0,1,
LTMD_U1_W3_SPANISH_STRUCTKW_0.1,U1-H1966P2ES347-P015,H1966P2ES347,1966,2,MI CUADERNO DE TRABAJO DE LENGUA NACIONAL,15,3,1,1,0,0,0,0,0,
LTMD_U1_W3_SPANISH_STRUCTKW_0.1,U1-H1966P2ES347-P016,H1966P2ES347,1966,2,MI CUADERNO DE TRABAJO DE LENGUA NACIONAL,16,3,1,1,0,0,0,0,0,
LTMD_U1_W3_SPANISH_STRUCTKW_0.1,U1-H1966P2ES347-P201,H1966P2ES347,1966,2,MI CUADERNO DE TRABAJO DE LENGUA NACIONAL,201,3,1,0,1,0,0,0,0,
LTMD_U1_W3_SPANISH_STRUCTKW_0.1,U1-H1966P2ES347-P202,H1966P2ES347,1966,2,MI CUADERNO DE TRABAJO DE LENGUA NACIONAL,202,3,1,0,1,0,0,0,0,
LTMD_U1_W3_SPANISH_STRUCTKW_0.1,U1-H1966P2ES347-P203,H1966P2ES347,1966,2,MI CUADERNO DE TRABAJO DE LENGUA NACIONAL,203,11,1,0,1,0,0,0,0,
LTMD_U1_W3_SPANISH_STRUCTKW_0.1,U1-H1966P2ES347-P204,H1966P2ES347,1966,2,MI CUADERNO DE TRABAJO DE LENGUA NACIONAL,204,3,1,0,1,0,0,0,0,
LTMD_U1_W3_SPANISH_STRUCTKW_0.1,U1-H1966P2ES347-P205,H1966P2ES347,1966,2,MI CUADERNO DE TRABAJO DE LENGUA NACIONAL,205,3,1,0,1,0,0,0,0,
LTMD_U1_W3_SPANISH_STRUCTKW_0.1,U1-H1966P2ES347-P206,H1966P2ES347,1966,2,MI CUADERNO DE TRABAJO DE LENGUA NACIONAL,206,3,1,0,1,0,0,0,0,
LTMD_U1_W3_SPANISH_STRUCTKW_0.1,U1-H1966P2ES347-P207,H1966P2ES347,1966,2,MI CUADERNO DE TRABAJO DE LENGUA NACIONAL,207,3,1,0,1,0,0,0,0,
LTMD_U1_W3_SPANISH_STRUCTKW_0.1,U1-H1966P2ES347-P208,H1966P2ES347,1966,2,MI CUADERNO DE TRABAJO DE LENGUA NACIONAL,208,3,1,0,1,0,0,0,0,
LTMD_U1_W3_SPANISH_STRUCTKW_0.1,U1-H1966P2ES347-P209,H1966P2ES347,1966,2,MI CUADERNO DE TRABAJO DE LENGUA NACIONAL,209,3,1,0,1,0,0,0,0,
LTMD_U1_W3_SPANISH_STRUCTKW_0.1,U1-H1966P2ES347-P210,H1966P2ES347,1966,2,MI CUADERNO DE TRABAJO DE LENGUA NACIONAL,210,3,1,0,1,0,0,0,0,
LTMD_U1_W3_SPANISH_STRUCTKW_0.1,U1-H1966P2ES347-P211,H1966P2ES347,1966,2,MI CUADERNO DE TRABAJO DE LENGUA NACIONAL,211,3,1,0,1,0,1,0,1,
LTMD_U1_W3_SPANISH_STRUCTKW_0.1,U1-H1966P2ES347-P212,H1966P2ES347,1966,2,MI CUADERNO DE TRABAJO DE LENGUA NACIONAL,212,3,1,0,1,0,0,0,0,
LTMD_U1_W3_SPANISH_STRUCTKW_0.1,U1-H1966P2ES347-P213,H1966P2ES347,1966,2,MI CUADERNO DE TRABAJO DE LENGUA NACIONAL,213,3,1,0,1,0,0,0,0,
LTMD_U1_W3_SPANISH_STRUCTKW_0.1,U1-H1966P2ES347-P214,H1966P2ES347,1966,2,MI CUADERNO DE TRABAJO DE LENGUA NACIONAL,214,11,1,0,1,0,0,0,0,
LTMD_U1_W3_SPANISH_STRUCTKW_0.1,U1-H1966P2ES347-P215,H1966P2ES347,1966,2,MI CUADERNO DE TRABAJO DE LENGUA NACIONAL,215,6,1,0,1,0,0,0,0,
LTMD_U1_W3_SPANISH_STRUCTKW_0.1,U1-H1966P2ES347-P216,H1966P2ES347,1966,2,MI CUADERNO DE TRABAJO DE LENGUA NACIONAL,216,3,1,0,1,0,0,0,0,
LTMD_U1_W3_SPANISH_STRUCTKW_0.1,U1-H1966P3ES350-P001,H1966P3ES350,1966,3,MI LIBRO DE LENGUA NACIONAL,1,6,1,1,0,0,0,0,0,
LTMD_U1_W3_SPANISH_STRUCTKW_0.1,U1-H1966P3ES350-P002,H1966P3ES350,1966,3,MI LIBRO DE LENGUA NACIONAL,2,3,1,1,0,0,0,0,0,
LTMD_U1_W3_SPANISH_STRUCTKW_0.1,U1-H1966P3ES350-P003,H1966P3ES350,1966,3,MI LIBRO DE LENGUA NACIONAL,3,3,1,1,0,0,0,0,0,
LTMD_U1_W3_SPANISH_STRUCTKW_0.1,U1-H1966P3ES350-P004,H1966P3ES350,1966,3,MI LIBRO DE LENGUA NACIONAL,4,,1,1,0,0,0,0,0,
LTMD_U1_W3_SPANISH_STRUCTKW_0.1,U1-H1966P3ES350-P005,H1966P3ES350,1966,3,MI LIBRO DE LENGUA NACIONAL,5,3,1,1,0,0,0,0,0,
LTMD_U1_W3_SPANISH_STRUCTKW_0.1,U1-H1966P3ES350-P006,H1966P3ES350,1966,3,MI LIBRO DE LENGUA NACIONAL,6,3,1,1,0,0,0,1,1,
LTMD_U1_W3_SPANISH_STRUCTKW_0.1,U1-H1966P3ES350-P007,H1966P3ES350,1966,3,MI LIBRO DE LENGUA NACIONAL,7,3,1,1,0,0,0,1,1,
LTMD_U1_W3_SPANISH_STRUCTKW_0.1,U1-H1966P3ES350-P008,H1966P3ES350,1966,3,MI LIBRO DE LENGUA NACIONAL,8,3,1,1,0,0,0,2,1,
LTMD_U1_W3_SPANISH_STRUCTKW_0.1,U1-H1966P3ES350-P009,H1966P3ES350,1966,3,MI LIBRO DE LENGUA NACIONAL,9,3,1,1,0,0,1,0,1,
LTMD_U1_W3_SPANISH_STRUCTKW_0.1,U1-H1966P3ES350-P010,H1966P3ES350,1966,3,MI LIBRO DE LENGUA NACIONAL,10,3,1,1,0,0,0,0,0,
LTMD_U1_W3_SPANISH_STRUCTKW_0.1,U1-H1966P3ES350-P011,H1966P3ES350,1966,3,MI LIBRO DE LENGUA NACIONAL,11,3,1,1,0,0,1,0,1,
LTMD_U1_W3_SPANISH_STRUCTKW_0.1,U1-H1966P3ES350-P012,H1966P3ES350,1966,3,MI LIBRO DE LENGUA NACIONAL,12,3,1,1,0,0,0,0,0,
LTMD_U1_W3_SPANISH_STRUCTKW_0.1,U1-H1966P3ES350-P013,H1966P3ES350,1966,3,MI LIBRO DE LENGUA NACIONAL,13,3,1,1,0,0,0,0,0,
LTMD_U1_W3_SPANISH_STRUCTKW_0.1,U1-H1966P3ES350-P014,H1966P3ES350,1966,3,MI LIBRO DE LENGUA NACIONAL,14,3,1,1,0,0,1,0,1,
LTMD_U1_W3_SPANISH_STRUCTKW_0.1,U1-H1966P3ES350-P015,H1966P3ES350,1966,3,MI LIBRO DE LENGUA NACIONAL,15,3,1,1,0,0,0,0,0,
LTMD_U1_W3_SPANISH_STRUCTKW_0.1,U1-H1966P3ES350-P016,H1966P3ES350,1966,3,MI LIBRO DE LENGUA NACIONAL,16,3,1,1,0,0,1,0,1,
LTMD_U1_W3_SPANISH_STRUCTKW_0.1,U1-H1966P3ES350-P115,H1966P3ES350,1966,3,MI LIBRO DE LENGUA NACIONAL,115,6,1,0,1,0,0,0,0,
LTMD_U1_W3_SPANISH_STRUCTKW_0.1,U1-H1966P3ES350-P116,H1966P3ES350,1966,3,MI LIBRO DE LENGUA NACIONAL,116,3,1,0,1,0,0,0,0,
LTMD_U1_W3_SPANISH_STRUCTKW_0.1,U1-H1966P3ES350-P117,H1966P3ES350,1966,3,MI LIBRO DE LENGUA NACIONAL,117,3,1,0,1,0,0,0,0,
LTMD_U1_W3_SPANISH_STRUCTKW_0.1,U1-H1966P3ES350-P118,H1966P3ES350,1966,3,MI LIBRO DE LENGUA NACIONAL,118,3,1,0,1,0,0,0,0,
LTMD_U1_W3_SPANISH_STRUCTKW_0.1,U1-H1966P3ES350-P119,H1966P3ES350,1966,3,MI LIBRO DE LENGUA NACIONAL,119,3,1,0,1,0,0,0,0,
LTMD_U1_W3_SPANISH_STRUCTKW_0.1,U1-H1966P3ES350-P120,H1966P3ES350,1966,3,MI LIBRO DE LENGUA NACIONAL,120,3,1,0,1,0,0,0,0,
LTMD_U1_W3_SPANISH_STRUCTKW_0.1,U1-H1966P3ES350-P121,H1966P3ES350,1966,3,MI LIBRO DE LENGUA NACIONAL,121,3,1,0,1,0,1,0,1,
LTMD_U1_W3_SPANISH_STRUCTKW_0.1,U1-H1966P3ES350-P122,H1966P3ES350,1966,3,MI LIBRO DE LENGUA NACIONAL,122,3,1,0,1,0,0,0,0,
LTMD_U1_W3_SPANISH_STRUCTKW_0.1,U1-H1966P3ES350-P123,H1966P3ES350,1966,3,MI LIBRO DE LENGUA NACIONAL,123,3,1,0,1,0,0,0,0,
LTMD_U1_W3_SPANISH_STRUCTKW_0.1,U1-H1966P3ES350-P124,H1966P3ES350,1966,3,MI LIBRO DE LENGUA NACIONAL,124,3,1,0,1,0,1,0,1,
LTMD_U1_W3_SPANISH_STRUCTKW_0.1,U1-H1966P3ES350-P125,H1966P3ES350,1966,3,MI LIBRO DE LENGUA NACIONAL,125,3,1,0,1,0,1,0,1,
LTMD_U1_W3_SPANISH_STRUCTKW_0.1,U1-H1966P3ES350-P126,H1966P3ES350,1966,3,MI LIBRO DE LENGUA NACIONAL,126,3,1,0,1,0,0,0,0,
LTMD_U1_W3_SPANISH_STRUCTKW_0.1,U1-H1966P3ES350-P127,H1966P3ES350,1966,3,MI LIBRO DE LENGUA NACIONAL,127,3,1,0,1,0,0,0,0,
LTMD_U1_W3_SPANISH_STRUCTKW_0.1,U1-H1966P3ES350-P128,H1966P3ES350,1966,3,MI LIBRO DE LENGUA NACIONAL,128,6,1,0,1,0,0,0,0,
LTMD_U1_W3_SPANISH_STRUCTKW_0.1,U1-H1966P3ES350-P129,H1966P3ES350,1966,3,MI LIBRO DE LENGUA NACIONAL,129,3,1,0,1,0,0,0,0,
LTMD_U1_W3_SPANISH_STRUCTKW_0.1,U1-H1966P3ES350-P130,H1966P3ES350,1966,3,MI LIBRO DE LENGUA NACIONAL,130,6,1,0,1,0,0,0,0,
LTMD_U1_W3_SPANISH_STRUCTKW_0.1,U1-H1966P4ES358-P001,H1966P4ES358,1966,4,MI LIBRO DE LENGUA NACIONAL,1,3,1,1,0,0,0,0,0,
LTMD_U1_W3_SPANISH_STRUCTKW_0.1,U1-H1966P4ES358-P002,H1966P4ES358,1966,4,MI LIBRO DE LENGUA NACIONAL,2,3,1,1,0,0,0,0,0,
LTMD_U1_W3_SPANISH_STRUCTKW_0.1,U1-H1966P4ES358-P003,H1966P4ES358,1966,4,MI LIBRO DE LENGUA NACIONAL,3,6,1,1,0,0,0,0,0,
LTMD_U1_W3_SPANISH_STRUCTKW_0.1,U1-H1966P4ES358-P004,H1966P4ES358,1966,4,MI LIBRO DE LENGUA NACIONAL,4,3,1,1,0,0,0,0,0,
LTMD_U1_W3_SPANISH_STRUCTKW_0.1,U1-H1966P4ES358-P005,H1966P4ES358,1966,4,MI LIBRO DE LENGUA NACIONAL,5,3,1,1,0,0,0,1,1,
LTMD_U1_W3_SPANISH_STRUCTKW_0.1,U1-H1966P4ES358-P006,H1966P4ES358,1966,4,MI LIBRO DE LENGUA NACIONAL,6,3,1,1,0,0,0,1,1,
LTMD_U1_W3_SPANISH_STRUCTKW_0.1,U1-H1966P4ES358-P007,H1966P4ES358,1966,4,MI LIBRO DE LENGUA NACIONAL,7,3,1,1,0,0,0,1,1,
LTMD_U1_W3_SPANISH_STRUCTKW_0.1,U1-H1966P4ES358-P008,H1966P4ES358,1966,4,MI LIBRO DE LENGUA NACIONAL,8,3,1,1,0,0,0,2,1,
LTMD_U1_W3_SPANISH_STRUCTKW_0.1,U1-H1966P4ES358-P009,H1966P4ES358,1966,4,MI LIBRO DE LENGUA NACIONAL,9,3,1,1,0,0,2,0,1,
LTMD_U1_W3_SPANISH_STRUCTKW_0.1,U1-H1966P4ES358-P010,H1966P4ES358,1966,4,MI LIBRO DE LENGUA NACIONAL,10,3,1,1,0,0,0,0,0,
LTMD_U1_W3_SPANISH_STRUCTKW_0.1,U1-H1966P4ES358-P011,H1966P4ES358,1966,4,MI LIBRO DE LENGUA NACIONAL,11,3,1,1,0,0,0,0,0,
LTMD_U1_W3_SPANISH_STRUCTKW_0.1,U1-H1966P4ES358-P012,H1966P4ES358,1966,4,MI LIBRO DE LENGUA NACIONAL,12,3,1,1,0,0,1,0,1,
LTMD_U1_W3_SPANISH_STRUCTKW_0.1,U1-H1966P4ES358-P013,H1966P4ES358,1966,4,MI LIBRO DE LENGUA NACIONAL,13,3,1,1,0,0,0,0,0,
LTMD_U1_W3_SPANISH_STRUCTKW_0.1,U1-H1966P4ES358-P014,H1966P4ES358,1966,4,MI LIBRO DE LENGUA NACIONAL,14,3,1,1,0,0,0,0,0,
LTMD_U1_W3_SPANISH_STRUCTKW_0.1,U1-H1966P4ES358-P015,H1966P4ES358,1966,4,MI LIBRO DE LENGUA NACIONAL,15,3,1,1,0,0,0,0,0,
LTMD_U1_W3_SPANISH_STRUCTKW_0.1,U1-H1966P4ES358-P016,H1966P4ES358,1966,4,MI LIBRO DE LENGUA NACIONAL,16,3,1,1,0,0,1,0,1,
LTMD_U1_W3_SPANISH_STRUCTKW_0.1,U1-H1966P4ES358-P115,H1966P4ES358,1966,4,MI LIBRO DE LENGUA NACIONAL,115,3,1,0,1,0,0,0,0,
LTMD_U1_W3_SPANISH_STRUCTKW_0.1,U1-H1966P4ES358-P116,H1966P4ES358,1966,4,MI LIBRO DE LENGUA NACIONAL,116,3,1,0,1,1,0,0,1,
LTMD_U1_W3_SPANISH_STRUCTKW_0.1,U1-H1966P4ES358-P117,H1966P4ES358,1966,4,MI LIBRO DE LENGUA NACIONAL,117,3,1,0,1,0,0,0,0,
LTMD_U1_W3_SPANISH_STRUCTKW_0.1,U1-H1966P4ES358-P118,H1966P4ES358,1966,4,MI LIBRO DE LENGUA NACIONAL,118,3,1,0,1,0,0,0,0,
LTMD_U1_W3_SPANISH_STRUCTKW_0.1,U1-H1966P4ES358-P119,H1966P4ES358,1966,4,MI LIBRO DE LENGUA NACIONAL,119,3,1,0,1,0,0,0,0,
LTMD_U1_W3_SPANISH_STRUCTKW_0.1,U1-H1966P4ES358-P120,H1966P4ES358,1966,4,MI LIBRO DE LENGUA NACIONAL,120,3,1,0,1,0,0,0,0,
LTMD_U1_W3_SPANISH_STRUCTKW_0.1,U1-H1966P4ES358-P121,H1966P4ES358,1966,4,MI LIBRO DE LENGUA NACIONAL,121,3,1,0,1,0,0,0,0,
LTMD_U1_W3_SPANISH_STRUCTKW_0.1,U1-H1966P4ES358-P122,H1966P4ES358,1966,4,MI LIBRO DE LENGUA NACIONAL,122,3,1,0,1,0,0,0,0,
LTMD_U1_W3_SPANISH_STRUCTKW_0.1,U1-H1966P4ES358-P123,H1966P4ES358,1966,4,MI LIBRO DE LENGUA NACIONAL,123,3,1,0,1,0,0,0,0,
LTMD_U1_W3_SPANISH_STRUCTKW_0.1,U1-H1966P4ES358-P124,H1966P4ES358,1966,4,MI LIBRO DE LENGUA NACIONAL,124,3,1,0,1,0,0,0,0,
LTMD_U1_W3_SPANISH_STRUCTKW_0.1,U1-H1966P4ES358-P125,H1966P4ES358,1966,4,MI LIBRO DE LENGUA NACIONAL,125,3,1,0,1,0,1,0,1,
LTMD_U1_W3_SPANISH_STRUCTKW_0.1,U1-H1966P4ES358-P126,H1966P4ES358,1966,4,MI LIBRO DE LENGUA NACIONAL,126,3,1,0,1,0,0,0,0,
LTMD_U1_W3_SPANISH_STRUCTKW_0.1,U1-H1966P4ES358-P127,H1966P4ES358,1966,4,MI LIBRO DE LENGUA NACIONAL,127,3,1,0,1,0,0,0,0,
LTMD_U1_W3_SPANISH_STRUCTKW_0.1,U1-H1966P4ES358-P128,H1966P4ES358,1966,4,MI LIBRO DE LENGUA NACIONAL,128,6,1,0,1,0,0,0,0,
LTMD_U1_W3_SPANISH_STRUCTKW_0.1,U1-H1966P4ES358-P129,H1966P4ES358,1966,4,MI LIBRO DE LENGUA NACIONAL,129,3,1,0,1,0,0,0,0,
LTMD_U1_W3_SPANISH_STRUCTKW_0.1,U1-H1966P4ES358-P130,H1966P4ES358,1966,4,MI LIBRO DE LENGUA NACIONAL,130,6,1,0,1,0,0,0,0,
LTMD_U1_W3_SPANISH_STRUCTKW_0.1,U1-H1966P5ES365-P001,H1966P5ES365,1966,5,MI CUADERNO DE TRABAJO DE LENGUA NACIONAL,1,3,1,1,0,0,0,0,0,
LTMD_U1_W3_SPANISH_STRUCTKW_0.1,U1-H1966P5ES365-P002,H1966P5ES365,1966,5,MI CUADERNO DE TRABAJO DE LENGUA NACIONAL,2,3,1,1,0,0,0,0,0,
LTMD_U1_W3_SPANISH_STRUCTKW_0.1,U1-H1966P5ES365-P003,H1966P5ES365,1966,5,MI CUADERNO DE TRABAJO DE LENGUA NACIONAL,3,3,1,1,0,0,0,0,0,
LTMD_U1_W3_SPANISH_STRUCTKW_0.1,U1-H1966P5ES365-P004,H1966P5ES365,1966,5,MI CUADERNO DE TRABAJO DE LENGUA NACIONAL,4,3,1,1,0,0,0,1,1,
LTMD_U1_W3_SPANISH_STRUCTKW_0.1,U1-H1966P5ES365-P005,H1966P5ES365,1966,5,MI CUADERNO DE TRABAJO DE LENGUA NACIONAL,5,3,1,1,0,0,0,0,0,
LTMD_U1_W3_SPANISH_STRUCTKW_0.1,U1-H1966P5ES365-P006,H1966P5ES365,1966,5,MI CUADERNO DE TRABAJO DE LENGUA NACIONAL,6,3,1,1,0,0,0,1,1,
LTMD_U1_W3_SPANISH_STRUCTKW_0.1,U1-H1966P5ES365-P007,H1966P5ES365,1966,5,MI CUADERNO DE TRABAJO DE LENGUA NACIONAL,7,3,1,1,0,0,0,1,1,
LTMD_U1_W3_SPANISH_STRUCTKW_0.1,U1-H1966P5ES365-P008,H1966P5ES365,1966,5,MI CUADERNO DE TRABAJO DE LENGUA NACIONAL,8,3,1,1,0,0,0,2,1,
LTMD_U1_W3_SPANISH_STRUCTKW_0.1,U1-H1966P5ES365-P009,H1966P5ES365,1966,5,MI CUADERNO DE TRABAJO DE LENGUA NACIONAL,9,3,1,1,0,0,0,0,0,
LTMD_U1_W3_SPANISH_STRUCTKW_0.1,U1-H1966P5ES365-P010,H1966P5ES365,1966,5,MI CUADERNO DE TRABAJO DE LENGUA NACIONAL,10,3,1,1,0,0,0,0,0,
LTMD_U1_W3_SPANISH_STRUCTKW_0.1,U1-H1966P5ES365-P011,H1966P5ES365,1966,5,MI CUADERNO DE TRABAJO DE LENGUA NACIONAL,11,3,1,1,0,0,1,0,1,
LTMD_U1_W3_SPANISH_STRUCTKW_0.1,U1-H1966P5ES365-P012,H1966P5ES365,1966,5,MI CUADERNO DE TRABAJO DE LENGUA NACIONAL,12,3,1,1,0,0,1,0,1,
LTMD_U1_W3_SPANISH_STRUCTKW_0.1,U1-H1966P5ES365-P013,H1966P5ES365,1966,5,MI CUADERNO DE TRABAJO DE LENGUA NACIONAL,13,6,1,1,0,0,0,0,0,
LTMD_U1_W3_SPANISH_STRUCTKW_0.1,U1-H1966P5ES365-P014,H1966P5ES365,1966,5,MI CUADERNO DE TRABAJO DE LENGUA NACIONAL,14,3,1,1,0,0,2,0,1,
LTMD_U1_W3_SPANISH_STRUCTKW_0.1,U1-H1966P5ES365-P015,H1966P5ES365,1966,5,MI CUADERNO DE TRABAJO DE LENGUA NACIONAL,15,3,1,1,0,0,1,0,1,
LTMD_U1_W3_SPANISH_STRUCTKW_0.1,U1-H1966P5ES365-P016,H1966P5ES365,1966,5,MI CUADERNO DE TRABAJO DE LENGUA NACIONAL,16,3,1,1,0,0,1,0,1,
LTMD_U1_W3_SPANISH_STRUCTKW_0.1,U1-H1966P5ES365-P179,H1966P5ES365,1966,5,MI CUADERNO DE TRABAJO DE LENGUA NACIONAL,179,3,1,0,1,0,0,0,0,
LTMD_U1_W3_SPANISH_STRUCTKW_0.1,U1-H1966P5ES365-P180,H1966P5ES365,1966,5,MI CUADERNO DE TRABAJO DE LENGUA NACIONAL,180,3,1,0,1,0,0,0,0,
LTMD_U1_W3_SPANISH_STRUCTKW_0.1,U1-H1966P5ES365-P181,H1966P5ES365,1966,5,MI CUADERNO DE TRABAJO DE LENGUA NACIONAL,181,3,1,0,1,0,0,0,0,
LTMD_U1_W3_SPANISH_STRUCTKW_0.1,U1-H1966P5ES365-P182,H1966P5ES365,1966,5,MI CUADERNO DE TRABAJO DE LENGUA NACIONAL,182,3,1,0,1,0,0,0,0,
LTMD_U1_W3_SPANISH_STRUCTKW_0.1,U1-H1966P5ES365-P183,H1966P5ES365,1966,5,MI CUADERNO DE TRABAJO DE LENGUA NACIONAL,183,11,1,0,1,0,0,0,0,
LTMD_U1_W3_SPANISH_STRUCTKW_0.1,U1-H1966P5ES365-P184,H1966P5ES365,1966,5,MI CUADERNO DE TRABAJO DE LENGUA NACIONAL,184,3,1,0,1,0,0,0,0,
LTMD_U1_W3_SPANISH_STRUCTKW_0.1,U1-H1966P5ES365-P185,H1966P5ES365,1966,5,MI CUADERNO DE TRABAJO DE LENGUA NACIONAL,185,3,1,0,1,0,0,0,0,
LTMD_U1_W3_SPANISH_STRUCTKW_0.1,U1-H1966P5ES365-P186,H1966P5ES365,1966,5,MI CUADERNO DE TRABAJO DE LENGUA NACIONAL,186,3,1,0,1,0,0,0,0,
LTMD_U1_W3_SPANISH_STRUCTKW_0.1,U1-H1966P5ES365-P187,H1966P5ES365,1966,5,MI CUADERNO DE TRABAJO DE LENGUA NACIONAL,187,3,1,0,1,0,0,0,0,
LTMD_U1_W3_SPANISH_STRUCTKW_0.1,U1-H1966P5ES365-P188,H1966P5ES365,1966,5,MI CUADERNO DE TRABAJO DE LENGUA NACIONAL,188,3,1,0,1,0,0,0,0,
LTMD_U1_W3_SPANISH_STRUCTKW_0.1,U1-H1966P5ES365-P189,H1966P5ES365,1966,5,MI CUADERNO DE TRABAJO DE LENGUA NACIONAL,189,3,1,0,1,0,1,0,1,
LTMD_U1_W3_SPANISH_STRUCTKW_0.1,U1-H1966P5ES365-P190,H1966P5ES365,1966,5,MI CUADERNO DE TRABAJO DE LENGUA NACIONAL,190,3,1,0,1,0,0,0,0,
LTMD_U1_W3_SPANISH_STRUCTKW_0.1,U1-H1966P5ES365-P191,H1966P5ES365,1966,5,MI CUADERNO DE TRABAJO DE LENGUA NACIONAL,191,3,1,0,1,0,0,1,1,
LTMD_U1_W3_SPANISH_STRUCTKW_0.1,U1-H1966P5ES365-P192,H1966P5ES365,1966,5,MI CUADERNO DE TRABAJO DE LENGUA NACIONAL,192,11,1,0,1,0,0,0,0,
LTMD_U1_W3_SPANISH_STRUCTKW_0.1,U1-H1966P5ES365-P193,H1966P5ES365,1966,5,MI CUADERNO DE TRABAJO DE LENGUA NACIONAL,193,6,1,0,1,0,0,0,0,
LTMD_U1_W3_SPANISH_STRUCTKW_0.1,U1-H1966P5ES365-P194,H1966P5ES365,1966,5,MI CUADERNO DE TRABAJO DE LENGUA NACIONAL,194,3,1,0,1,0,0,0,0,
LTMD_U1_W3_SPANISH_STRUCTKW_0.1,U1-H1966P5ES366-P001,H1966P5ES366,1966,5,MI LIBRO DE LENGUA NACIONAL,1,3,1,1,0,0,0,0,0,
LTMD_U1_W3_SPANISH_STRUCTKW_0.1,U1-H1966P5ES366-P002,H1966P5ES366,1966,5,MI LIBRO DE LENGUA NACIONAL,2,3,1,1,0,0,0,0,0,
LTMD_U1_W3_SPANISH_STRUCTKW_0.1,U1-H1966P5ES366-P003,H1966P5ES366,1966,5,MI LIBRO DE LENGUA NACIONAL,3,3,1,1,0,0,0,0,0,
LTMD_U1_W3_SPANISH_STRUCTKW_0.1,U1-H1966P5ES366-P004,H1966P5ES366,1966,5,MI LIBRO DE LENGUA NACIONAL,4,3,1,1,0,0,0,0,0,
LTMD_U1_W3_SPANISH_STRUCTKW_0.1,U1-H1966P5ES366-P005,H1966P5ES366,1966,5,MI LIBRO DE LENGUA NACIONAL,5,3,1,1,0,0,0,0,0,
LTMD_U1_W3_SPANISH_STRUCTKW_0.1,U1-H1966P5ES366-P006,H1966P5ES366,1966,5,MI LIBRO DE LENGUA NACIONAL,6,3,1,1,0,0,0,1,1,
LTMD_U1_W3_SPANISH_STRUCTKW_0.1,U1-H1966P5ES366-P007,H1966P5ES366,1966,5,MI LIBRO DE LENGUA NACIONAL,7,3,1,1,0,0,0,1,1,
LTMD_U1_W3_SPANISH_STRUCTKW_0.1,U1-H1966P5ES366-P008,H1966P5ES366,1966,5,MI LIBRO DE LENGUA NACIONAL,8,3,1,1,0,0,0,1,1,
LTMD_U1_W3_SPANISH_STRUCTKW_0.1,U1-H1966P5ES366-P009,H1966P5ES366,1966,5,MI LIBRO DE LENGUA NACIONAL,9,3,1,1,0,0,0,0,0,
LTMD_U1_W3_SPANISH_STRUCTKW_0.1,U1-H1966P5ES366-P010,H1966P5ES366,1966,5,MI LIBRO DE LENGUA NACIONAL,10,3,1,1,0,0,0,0,0,
LTMD_U1_W3_SPANISH_STRUCTKW_0.1,U1-H1966P5ES366-P011,H1966P5ES366,1966,5,MI LIBRO DE LENGUA NACIONAL,11,3,1,1,0,0,0,0,0,
LTMD_U1_W3_SPANISH_STRUCTKW_0.1,U1-H1966P5ES366-P012,H1966P5ES366,1966,5,MI LIBRO DE LENGUA NACIONAL,12,3,1,1,0,0,1,0,1,
LTMD_U1_W3_SPANISH_STRUCTKW_0.1,U1-H1966P5ES366-P013,H1966P5ES366,1966,5,MI LIBRO DE LENGUA NACIONAL,13,3,1,1,0,0,0,0,0,
LTMD_U1_W3_SPANISH_STRUCTKW_0.1,U1-H1966P5ES366-P014,H1966P5ES366,1966,5,MI LIBRO DE LENGUA NACIONAL,14,3,1,1,0,0,0,0,0,
LTMD_U1_W3_SPANISH_STRUCTKW_0.1,U1-H1966P5ES366-P015,H1966P5ES366,1966,5,MI LIBRO DE LENGUA NACIONAL,15,3,1,1,0,0,0,1,1,
LTMD_U1_W3_SPANISH_STRUCTKW_0.1,U1-H1966P5ES366-P016,H1966P5ES366,1966,5,MI LIBRO DE LENGUA NACIONAL,16,3,1,1,0,0,0,0,0,
LTMD_U1_W3_SPANISH_STRUCTKW_0.1,U1-H1966P5ES366-P195,H1966P5ES366,1966,5,MI LIBRO DE LENGUA NACIONAL,195,3,1,0,1,0,0,0,0,
LTMD_U1_W3_SPANISH_STRUCTKW_0.1,U1-H1966P5ES366-P196,H1966P5ES366,1966,5,MI LIBRO DE LENGUA NACIONAL,196,3,1,0,1,0,0,0,0,
LTMD_U1_W3_SPANISH_STRUCTKW_0.1,U1-H1966P5ES366-P197,H1966P5ES366,1966,5,MI LIBRO DE LENGUA NACIONAL,197,3,1,0,1,0,0,0,0,
LTMD_U1_W3_SPANISH_STRUCTKW_0.1,U1-H1966P5ES366-P198,H1966P5ES366,1966,5,MI LIBRO DE LENGUA NACIONAL,198,3,1,0,1,0,0,0,0,
LTMD_U1_W3_SPANISH_STRUCTKW_0.1,U1-H1966P5ES366-P199,H1966P5ES366,1966,5,MI LIBRO DE LENGUA NACIONAL,199,3,1,0,1,0,0,0,0,
LTMD_U1_W3_SPANISH_STRUCTKW_0.1,U1-H1966P5ES366-P200,H1966P5ES366,1966,5,MI LIBRO DE LENGUA NACIONAL,200,3,1,0,1,0,0,0,0,
LTMD_U1_W3_SPANISH_STRUCTKW_0.1,U1-H1966P5ES366-P201,H1966P5ES366,1966,5,MI LIBRO DE LENGUA NACIONAL,201,3,1,0,1,0,1,0,1,
LTMD_U1_W3_SPANISH_STRUCTKW_0.1,U1-H1966P5ES366-P202,H1966P5ES366,1966,5,MI LIBRO DE LENGUA NACIONAL,202,3,1,0,1,0,0,0,0,
LTMD_U1_W3_SPANISH_STRUCTKW_0.1,U1-H1966P5ES366-P203,H1966P5ES366,1966,5,MI LIBRO DE LENGUA NACIONAL,203,3,1,0,1,0,0,0,0,
LTMD_U1_W3_SPANISH_STRUCTKW_0.1,U1-H1966P5ES366-P204,H1966P5ES366,1966,5,MI LIBRO DE LENGUA NACIONAL,204,3,1,0,1,0,1,0,1,
LTMD_U1_W3_SPANISH_STRUCTKW_0.1,U1-H1966P5ES366-P205,H1966P5ES366,1966,5,MI LIBRO DE LENGUA NACIONAL,205,3,1,0,1,0,1,0,1,
LTMD_U1_W3_SPANISH_STRUCTKW_0.1,U1-H1966P5ES366-P206,H1966P5ES366,1966,5,MI LIBRO DE LENGUA NACIONAL,206,3,1,0,1,0,0,0,0,
LTMD_U1_W3_SPANISH_STRUCTKW_0.1,U1-H1966P5ES366-P207,H1966P5ES366,1966,5,MI LIBRO DE LENGUA NACIONAL,207,3,1,0,1,0,0,0,0,
LTMD_U1_W3_SPANISH_STRUCTKW_0.1,U1-H1966P5ES366-P208,H1966P5ES366,1966,5,MI LIBRO DE LENGUA NACIONAL,208,11,1,0,1,0,0,0,0,
LTMD_U1_W3_SPANISH_STRUCTKW_0.1,U1-H1966P5ES366-P209,H1966P5ES366,1966,5,MI LIBRO DE LENGUA NACIONAL,209,3,1,0,1,0,0,0,0,
LTMD_U1_W3_SPANISH_STRUCTKW_0.1,U1-H1966P5ES366-P210,H1966P5ES366,1966,5,MI LIBRO DE LENGUA NACIONAL,210,6,1,0,1,0,0,0,0,
LTMD_U1_W3_SPANISH_STRUCTKW_0.1,U1-H1966P6ES376-P001,H1966P6ES376,1966,6,MI CUADERNO DE TRABAJO DE LENGUA NACIONAL,1,3,1,1,0,0,0,0,0,
LTMD_U1_W3_SPANISH_STRUCTKW_0.1,U1-H1966P6ES376-P002,H1966P6ES376,1966,6,MI CUADERNO DE TRABAJO DE LENGUA NACIONAL,2,3,1,1,0,0,0,0,0,
LTMD_U1_W3_SPANISH_STRUCTKW_0.1,U1-H1966P6ES376-P003,H1966P6ES376,1966,6,MI CUADERNO DE TRABAJO DE LENGUA NACIONAL,3,3,1,1,0,0,0,0,0,
LTMD_U1_W3_SPANISH_STRUCTKW_0.1,U1-H1966P6ES376-P004,H1966P6ES376,1966,6,MI CUADERNO DE TRABAJO DE LENGUA NACIONAL,4,3,1,1,0,0,0,1,1,
LTMD_U1_W3_SPANISH_STRUCTKW_0.1,U1-H1966P6ES376-P005,H1966P6ES376,1966,6,MI CUADERNO DE TRABAJO DE LENGUA NACIONAL,5,3,1,1,0,0,0,0,0,
LTMD_U1_W3_SPANISH_STRUCTKW_0.1,U1-H1966P6ES376-P006,H1966P6ES376,1966,6,MI CUADERNO DE TRABAJO DE LENGUA NACIONAL,6,3,1,1,0,0,0,1,1,
LTMD_U1_W3_SPANISH_STRUCTKW_0.1,U1-H1966P6ES376-P007,H1966P6ES376,1966,6,MI CUADERNO DE TRABAJO DE LENGUA NACIONAL,7,3,1,1,0,0,0,1,1,
LTMD_U1_W3_SPANISH_STRUCTKW_0.1,U1-H1966P6ES376-P008,H1966P6ES376,1966,6,MI CUADERNO DE TRABAJO DE LENGUA NACIONAL,8,3,1,1,0,0,0,2,1,
LTMD_U1_W3_SPANISH_STRUCTKW_0.1,U1-H1966P6ES376-P009,H1966P6ES376,1966,6,MI CUADERNO DE TRABAJO DE LENGUA NACIONAL,9,3,1,1,0,0,1,0,1,
LTMD_U1_W3_SPANISH_STRUCTKW_0.1,U1-H1966P6ES376-P010,H1966P6ES376,1966,6,MI CUADERNO DE TRABAJO DE LENGUA NACIONAL,10,3,1,1,0,0,1,0,1,
LTMD_U1_W3_SPANISH_STRUCTKW_0.1,U1-H1966P6ES376-P011,H1966P6ES376,1966,6,MI CUADERNO DE TRABAJO DE LENGUA NACIONAL,11,3,1,1,0,0,1,0,1,
LTMD_U1_W3_SPANISH_STRUCTKW_0.1,U1-H1966P6ES376-P012,H1966P6ES376,1966,6,MI CUADERNO DE TRABAJO DE LENGUA NACIONAL,12,3,1,1,0,0,1,0,1,
LTMD_U1_W3_SPANISH_STRUCTKW_0.1,U1-H1966P6ES376-P013,H1966P6ES376,1966,6,MI CUADERNO DE TRABAJO DE LENGUA NACIONAL,13,3,1,1,0,0,0,0,0,
LTMD_U1_W3_SPANISH_STRUCTKW_0.1,U1-H1966P6ES376-P014,H1966P6ES376,1966,6,MI CUADERNO DE TRABAJO DE LENGUA NACIONAL,14,3,1,1,0,0,0,0,0,
LTMD_U1_W3_SPANISH_STRUCTKW_0.1,U1-H1966P6ES376-P015,H1966P6ES376,1966,6,MI CUADERNO DE TRABAJO DE LENGUA NACIONAL,15,3,1,1,0,0,0,0,0,
LTMD_U1_W3_SPANISH_STRUCTKW_0.1,U1-H1966P6ES376-P016,H1966P6ES376,1966,6,MI CUADERNO DE TRABAJO DE LENGUA NACIONAL,16,3,1,1,0,0,0,0,0,
LTMD_U1_W3_SPANISH_STRUCTKW_0.1,U1-H1966P6ES376-P179,H1966P6ES376,1966,6,MI CUADERNO DE TRABAJO DE LENGUA NACIONAL,179,3,1,0,1,0,0,0,0,
LTMD_U1_W3_SPANISH_STRUCTKW_0.1,U1-H1966P6ES376-P180,H1966P6ES376,1966,6,MI CUADERNO DE TRABAJO DE LENGUA NACIONAL,180,6,1,0,1,0,0,0,0,
LTMD_U1_W3_SPANISH_STRUCTKW_0.1,U1-H1966P6ES376-P181,H1966P6ES376,1966,6,MI CUADERNO DE TRABAJO DE LENGUA NACIONAL,181,3,1,0,1,0,0,0,0,
LTMD_U1_W3_SPANISH_STRUCTKW_0.1,U1-H1966P6ES376-P182,H1966P6ES376,1966,6,MI CUADERNO DE TRABAJO DE LENGUA NACIONAL,182,3,1,0,1,0,0,0,0,
LTMD_U1_W3_SPANISH_STRUCTKW_0.1,U1-H1966P6ES376-P183,H1966P6ES376,1966,6,MI CUADERNO DE TRABAJO DE LENGUA NACIONAL,183,3,1,0,1,0,0,0,0,
LTMD_U1_W3_SPANISH_STRUCTKW_0.1,U1-H1966P6ES376-P184,H1966P6ES376,1966,6,MI CUADERNO DE TRABAJO DE LENGUA NACIONAL,184,3,1,0,1,0,0,0,0,
LTMD_U1_W3_SPANISH_STRUCTKW_0.1,U1-H1966P6ES376-P185,H1966P6ES376,1966,6,MI CUADERNO DE TRABAJO DE LENGUA NACIONAL,185,3,1,0,1,0,0,0,0,
LTMD_U1_W3_SPANISH_STRUCTKW_0.1,U1-H1966P6ES376-P186,H1966P6ES376,1966,6,MI CUADERNO DE TRABAJO DE LENGUA NACIONAL,186,3,1,0,1,0,0,0,0,
LTMD_U1_W3_SPANISH_STRUCTKW_0.1,U1-H1966P6ES376-P187,H1966P6ES376,1966,6,MI CUADERNO DE TRABAJO DE LENGUA NACIONAL,187,3,1,0,1,0,1,0,1,
LTMD_U1_W3_SPANISH_STRUCTKW_0.1,U1-H1966P6ES376-P188,H1966P6ES376,1966,6,MI CUADERNO DE TRABAJO DE LENGUA NACIONAL,188,3,1,0,1,0,1,0,1,
LTMD_U1_W3_SPANISH_STRUCTKW_0.1,U1-H1966P6ES376-P189,H1966P6ES376,1966,6,MI CUADERNO DE TRABAJO DE LENGUA NACIONAL,189,3,1,0,1,0,1,0,1,
LTMD_U1_W3_SPANISH_STRUCTKW_0.1,U1-H1966P6ES376-P190,H1966P6ES376,1966,6,MI CUADERNO DE TRABAJO DE LENGUA NACIONAL,190,3,1,0,1,0,0,0,0,
LTMD_U1_W3_SPANISH_STRUCTKW_0.1,U1-H1966P6ES376-P191,H1966P6ES376,1966,6,MI CUADERNO DE TRABAJO DE LENGUA NACIONAL,191,3,1,0,1,0,0,1,1,
LTMD_U1_W3_SPANISH_STRUCTKW_0.1,U1-H1966P6ES376-P192,H1966P6ES376,1966,6,MI CUADERNO DE TRABAJO DE LENGUA NACIONAL,192,11,1,0,1,0,0,0,0,
LTMD_U1_W3_SPANISH_STRUCTKW_0.1,U1-H1966P6ES376-P193,H1966P6ES376,1966,6,MI CUADERNO DE TRABAJO DE LENGUA NACIONAL,193,3,1,0,1,0,0,0,0,
LTMD_U1_W3_SPANISH_STRUCTKW_0.1,U1-H1966P6ES376-P194,H1966P6ES376,1966,6,MI CUADERNO DE TRABAJO DE LENGUA NACIONAL,194,3,1,0,1,0,0,0,0,
LTMD_U1_W3_SPANISH_STRUCTKW_0.1,U1-H1966P6ES377-P001,H1966P6ES377,1966,6,MI LIBRO DE LENGUA NACIONAL,1,3,1,1,0,0,0,0,0,
LTMD_U1_W3_SPANISH_STRUCTKW_0.1,U1-H1966P6ES377-P002,H1966P6ES377,1966,6,MI LIBRO DE LENGUA NACIONAL,2,3,1,1,0,0,0,0,0,
LTMD_U1_W3_SPANISH_STRUCTKW_0.1,U1-H1966P6ES377-P003,H1966P6ES377,1966,6,MI LIBRO DE LENGUA NACIONAL,3,3,1,1,0,0,0,0,0,
LTMD_U1_W3_SPANISH_STRUCTKW_0.1,U1-H1966P6ES377-P004,H1966P6ES377,1966,6,MI LIBRO DE LENGUA NACIONAL,4,3,1,1,0,0,0,0,0,
LTMD_U1_W3_SPANISH_STRUCTKW_0.1,U1-H1966P6ES377-P005,H1966P6ES377,1966,6,MI LIBRO DE LENGUA NACIONAL,5,3,1,1,0,0,0,1,1,
LTMD_U1_W3_SPANISH_STRUCTKW_0.1,U1-H1966P6ES377-P006,H1966P6ES377,1966,6,MI LIBRO DE LENGUA NACIONAL,6,3,1,1,0,0,0,1,1,
LTMD_U1_W3_SPANISH_STRUCTKW_0.1,U1-H1966P6ES377-P007,H1966P6ES377,1966,6,MI LIBRO DE LENGUA NACIONAL,7,3,1,1,0,0,0,0,0,
LTMD_U1_W3_SPANISH_STRUCTKW_0.1,U1-H1966P6ES377-P008,H1966P6ES377,1966,6,MI LIBRO DE LENGUA NACIONAL,8,3,1,1,0,0,0,2,1,
LTMD_U1_W3_SPANISH_STRUCTKW_0.1,U1-H1966P6ES377-P009,H1966P6ES377,1966,6,MI LIBRO DE LENGUA NACIONAL,9,3,1,1,0,0,1,0,1,
LTMD_U1_W3_SPANISH_STRUCTKW_0.1,U1-H1966P6ES377-P010,H1966P6ES377,1966,6,MI LIBRO DE LENGUA NACIONAL,10,3,1,1,0,0,0,0,0,
LTMD_U1_W3_SPANISH_STRUCTKW_0.1,U1-H1966P6ES377-P011,H1966P6ES377,1966,6,MI LIBRO DE LENGUA NACIONAL,11,3,1,1,0,0,0,0,0,
LTMD_U1_W3_SPANISH_STRUCTKW_0.1,U1-H1966P6ES377-P012,H1966P6ES377,1966,6,MI LIBRO DE LENGUA NACIONAL,12,3,1,1,0,0,0,0,0,
LTMD_U1_W3_SPANISH_STRUCTKW_0.1,U1-H1966P6ES377-P013,H1966P6ES377,1966,6,MI LIBRO DE LENGUA NACIONAL,13,3,1,1,0,0,1,0,1,
LTMD_U1_W3_SPANISH_STRUCTKW_0.1,U1-H1966P6ES377-P014,H1966P6ES377,1966,6,MI LIBRO DE LENGUA NACIONAL,14,3,1,1,0,0,0,0,0,
LTMD_U1_W3_SPANISH_STRUCTKW_0.1,U1-H1966P6ES377-P015,H1966P6ES377,1966,6,MI LIBRO DE LENGUA NACIONAL,15,3,1,1,0,0,1,0,1,
LTMD_U1_W3_SPANISH_STRUCTKW_0.1,U1-H1966P6ES377-P016,H1966P6ES377,1966,6,MI LIBRO DE LENGUA NACIONAL,16,3,1,1,0,0,0,0,0,
LTMD_U1_W3_SPANISH_STRUCTKW_0.1,U1-H1966P6ES377-P227,H1966P6ES377,1966,6,MI LIBRO DE LENGUA NACIONAL,227,3,1,0,1,0,0,0,0,
LTMD_U1_W3_SPANISH_STRUCTKW_0.1,U1-H1966P6ES377-P228,H1966P6ES377,1966,6,MI LIBRO DE LENGUA NACIONAL,228,3,1,0,1,0,0,0,0,
LTMD_U1_W3_SPANISH_STRUCTKW_0.1,U1-H1966P6ES377-P229,H1966P6ES377,1966,6,MI LIBRO DE LENGUA NACIONAL,229,3,1,0,1,0,0,0,0,
LTMD_U1_W3_SPANISH_STRUCTKW_0.1,U1-H1966P6ES377-P230,H1966P6ES377,1966,6,MI LIBRO DE LENGUA NACIONAL,230,3,1,0,1,0,0,0,0,
LTMD_U1_W3_SPANISH_STRUCTKW_0.1,U1-H1966P6ES377-P231,H1966P6ES377,1966,6,MI LIBRO DE LENGUA NACIONAL,231,6,1,0,1,0,0,0,0,
LTMD_U1_W3_SPANISH_STRUCTKW_0.1,U1-H1966P6ES377-P232,H1966P6ES377,1966,6,MI LIBRO DE LENGUA NACIONAL,232,3,1,0,1,0,1,0,1,
LTMD_U1_W3_SPANISH_STRUCTKW_0.1,U1-H1966P6ES377-P233,H1966P6ES377,1966,6,MI LIBRO DE LENGUA NACIONAL,233,3,1,0,1,0,2,0,1,
LTMD_U1_W3_SPANISH_STRUCTKW_0.1,U1-H1966P6ES377-P234,H1966P6ES377,1966,6,MI LIBRO DE LENGUA NACIONAL,234,3,1,0,1,0,0,0,0,
LTMD_U1_W3_SPANISH_STRUCTKW_0.1,U1-H1966P6ES377-P235,H1966P6ES377,1966,6,MI LIBRO DE LENGUA NACIONAL,235,3,1,0,1,0,1,0,1,
LTMD_U1_W3_SPANISH_STRUCTKW_0.1,U1-H1966P6ES377-P236,H1966P6ES377,1966,6,MI LIBRO DE LENGUA NACIONAL,236,3,1,0,1,0,1,0,1,
LTMD_U1_W3_SPANISH_STRUCTKW_0.1,U1-H1966P6ES377-P237,H1966P6ES377,1966,6,MI LIBRO DE LENGUA NACIONAL,237,3,1,0,1,0,0,0,0,
LTMD_U1_W3_SPANISH_STRUCTKW_0.1,U1-H1966P6ES377-P238,H1966P6ES377,1966,6,MI LIBRO DE LENGUA NACIONAL,238,3,1,0,1,0,0,0,0,
LTMD_U1_W3_SPANISH_STRUCTKW_0.1,U1-H1966P6ES377-P239,H1966P6ES377,1966,6,MI LIBRO DE LENGUA NACIONAL,239,3,1,0,1,0,0,1,1,
LTMD_U1_W3_SPANISH_STRUCTKW_0.1,U1-H1966P6ES377-P240,H1966P6ES377,1966,6,MI LIBRO DE LENGUA NACIONAL,240,11,1,0,1,0,0,0,0,
LTMD_U1_W3_SPANISH_STRUCTKW_0.1,U1-H1966P6ES377-P241,H1966P6ES377,1966,6,MI LIBRO DE LENGUA NACIONAL,241,11,1,0,1,0,0,0,0,
LTMD_U1_W3_SPANISH_STRUCTKW_0.1,U1-H1966P6ES377-P242,H1966P6ES377,1966,6,MI LIBRO DE LENGUA NACIONAL,242,6,1,0,1,0,0,0,0,
LTMD_U1_W3_SPANISH_STRUCTKW_0.1,U1-H1972P1ES061-P001,H1972P1ES061,1972,1,ESPAÑOL,1,6,1,1,0,0,0,0,0,
LTMD_U1_W3_SPANISH_STRUCTKW_0.1,U1-H1972P1ES061-P002,H1972P1ES061,1972,1,ESPAÑOL,2,3,1,1,0,0,0,1,1,
LTMD_U1_W3_SPANISH_STRUCTKW_0.1,U1-H1972P1ES061-P003,H1972P1ES061,1972,1,ESPAÑOL,3,3,1,1,0,0,0,2,1,
LTMD_U1_W3_SPANISH_STRUCTKW_0.1,U1-H1972P1ES061-P004,H1972P1ES061,1972,1,ESPAÑOL,4,3,1,1,0,0,0,0,0,
LTMD_U1_W3_SPANISH_STRUCTKW_0.1,U1-H1972P1ES061-P005,H1972P1ES061,1972,1,ESPAÑOL,5,6,1,1,0,0,0,0,0,
LTMD_U1_W3_SPANISH_STRUCTKW_0.1,U1-H1972P1ES061-P006,H1972P1ES061,1972,1,ESPAÑOL,6,6,1,1,0,0,0,0,0,
LTMD_U1_W3_SPANISH_STRUCTKW_0.1,U1-H1972P1ES061-P007,H1972P1ES061,1972,1,ESPAÑOL,7,3,1,1,0,0,0,0,0,
LTMD_U1_W3_SPANISH_STRUCTKW_0.1,U1-H1972P1ES061-P008,H1972P1ES061,1972,1,ESPAÑOL,8,3,1,1,0,0,0,0,0,
LTMD_U1_W3_SPANISH_STRUCTKW_0.1,U1-H1972P1ES061-P009,H1972P1ES061,1972,1,ESPAÑOL,9,3,1,1,0,0,1,0,1,
LTMD_U1_W3_SPANISH_STRUCTKW_0.1,U1-H1972P1ES061-P010,H1972P1ES061,1972,1,ESPAÑOL,10,3,1,1,0,0,0,0,0,
LTMD_U1_W3_SPANISH_STRUCTKW_0.1,U1-H1972P1ES061-P011,H1972P1ES061,1972,1,ESPAÑOL,11,3,1,1,0,0,1,0,1,
LTMD_U1_W3_SPANISH_STRUCTKW_0.1,U1-H1972P1ES061-P012,H1972P1ES061,1972,1,ESPAÑOL,12,3,1,1,0,0,1,0,1,
LTMD_U1_W3_SPANISH_STRUCTKW_0.1,U1-H1972P1ES061-P013,H1972P1ES061,1972,1,ESPAÑOL,13,3,1,1,0,0,1,0,1,
LTMD_U1_W3_SPANISH_STRUCTKW_0.1,U1-H1972P1ES061-P014,H1972P1ES061,1972,1,ESPAÑOL,14,3,1,1,0,0,0,0,0,
LTMD_U1_W3_SPANISH_STRUCTKW_0.1,U1-H1972P1ES061-P015,H1972P1ES061,1972,1,ESPAÑOL,15,3,1,1,0,0,1,0,1,
LTMD_U1_W3_SPANISH_STRUCTKW_0.1,U1-H1972P1ES061-P016,H1972P1ES061,1972,1,ESPAÑOL,16,3,1,1,0,0,0,0,0,
LTMD_U1_W3_SPANISH_STRUCTKW_0.1,U1-H1972P1ES061-P209,H1972P1ES061,1972,1,ESPAÑOL,209,3,1,0,1,0,0,0,0,
LTMD_U1_W3_SPANISH_STRUCTKW_0.1,U1-H1972P1ES061-P210,H1972P1ES061,1972,1,ESPAÑOL,210,3,1,0,1,0,0,0,0,
LTMD_U1_W3_SPANISH_STRUCTKW_0.1,U1-H1972P1ES061-P211,H1972P1ES061,1972,1,ESPAÑOL,211,3,1,0,1,0,0,0,0,
LTMD_U1_W3_SPANISH_STRUCTKW_0.1,U1-H1972P1ES061-P212,H1972P1ES061,1972,1,ESPAÑOL,212,3,1,0,1,0,0,0,0,
LTMD_U1_W3_SPANISH_STRUCTKW_0.1,U1-H1972P1ES061-P213,H1972P1ES061,1972,1,ESPAÑOL,213,3,1,0,1,0,0,0,0,
LTMD_U1_W3_SPANISH_STRUCTKW_0.1,U1-H1972P1ES061-P214,H1972P1ES061,1972,1,ESPAÑOL,214,3,1,0,1,1,0,0,1,
LTMD_U1_W3_SPANISH_STRUCTKW_0.1,U1-H1972P1ES061-P215,H1972P1ES061,1972,1,ESPAÑOL,215,3,1,0,1,0,0,0,0,
LTMD_U1_W3_SPANISH_STRUCTKW_0.1,U1-H1972P1ES061-P216,H1972P1ES061,1972,1,ESPAÑOL,216,3,1,0,1,0,0,0,0,
LTMD_U1_W3_SPANISH_STRUCTKW_0.1,U1-H1972P1ES061-P217,H1972P1ES061,1972,1,ESPAÑOL,217,3,1,0,1,0,0,0,0,
LTMD_U1_W3_SPANISH_STRUCTKW_0.1,U1-H1972P1ES061-P218,H1972P1ES061,1972,1,ESPAÑOL,218,3,1,0,1,0,0,0,0,
LTMD_U1_W3_SPANISH_STRUCTKW_0.1,U1-H1972P1ES061-P219,H1972P1ES061,1972,1,ESPAÑOL,219,3,1,0,1,0,0,0,0,
LTMD_U1_W3_SPANISH_STRUCTKW_0.1,U1-H1972P1ES061-P220,H1972P1ES061,1972,1,ESPAÑOL,220,3,1,0,1,0,2,0,1,
LTMD_U1_W3_SPANISH_STRUCTKW_0.1,U1-H1972P1ES061-P221,H1972P1ES061,1972,1,ESPAÑOL,221,3,1,0,1,0,0,0,0,
LTMD_U1_W3_SPANISH_STRUCTKW_0.1,U1-H1972P1ES061-P222,H1972P1ES061,1972,1,ESPAÑOL,222,3,1,0,1,0,0,1,1,
LTMD_U1_W3_SPANISH_STRUCTKW_0.1,U1-H1972P1ES061-P223,H1972P1ES061,1972,1,ESPAÑOL,223,3,1,0,1,0,0,0,0,
LTMD_U1_W3_SPANISH_STRUCTKW_0.1,U1-H1972P1ES061-P224,H1972P1ES061,1972,1,ESPAÑOL,224,,1,0,1,0,0,0,0,
LTMD_U1_W3_SPANISH_STRUCTKW_0.1,U1-H1972P1ES062-P001,H1972P1ES062,1972,1,ESPAÑOL RECORTABLE,1,3,1,1,0,0,0,0,0,
LTMD_U1_W3_SPANISH_STRUCTKW_0.1,U1-H1972P1ES062-P002,H1972P1ES062,1972,1,ESPAÑOL RECORTABLE,2,,1,1,0,0,0,0,0,
LTMD_U1_W3_SPANISH_STRUCTKW_0.1,U1-H1972P1ES062-P003,H1972P1ES062,1972,1,ESPAÑOL RECORTABLE,3,3,1,1,0,0,0,3,1,
LTMD_U1_W3_SPANISH_STRUCTKW_0.1,U1-H1972P1ES062-P004,H1972P1ES062,1972,1,ESPAÑOL RECORTABLE,4,6,1,1,0,0,0,0,0,
LTMD_U1_W3_SPANISH_STRUCTKW_0.1,U1-H1972P1ES062-P005,H1972P1ES062,1972,1,ESPAÑOL RECORTABLE,5,3,1,1,0,0,0,0,0,
LTMD_U1_W3_SPANISH_STRUCTKW_0.1,U1-H1972P1ES062-P006,H1972P1ES062,1972,1,ESPAÑOL RECORTABLE,6,6,1,1,0,0,0,0,0,
LTMD_U1_W3_SPANISH_STRUCTKW_0.1,U1-H1972P1ES062-P007,H1972P1ES062,1972,1,ESPAÑOL RECORTABLE,7,3,1,1,0,0,0,0,0,
LTMD_U1_W3_SPANISH_STRUCTKW_0.1,U1-H1972P1ES062-P008,H1972P1ES062,1972,1,ESPAÑOL RECORTABLE,8,6,1,1,0,0,0,0,0,
LTMD_U1_W3_SPANISH_STRUCTKW_0.1,U1-H1972P1ES062-P009,H1972P1ES062,1972,1,ESPAÑOL RECORTABLE,9,3,1,1,0,0,0,0,0,
LTMD_U1_W3_SPANISH_STRUCTKW_0.1,U1-H1972P1ES062-P010,H1972P1ES062,1972,1,ESPAÑOL RECORTABLE,10,6,1,1,0,0,0,0,0,
LTMD_U1_W3_SPANISH_STRUCTKW_0.1,U1-H1972P1ES062-P011,H1972P1ES062,1972,1,ESPAÑOL RECORTABLE,11,3,1,1,0,0,0,0,0,
LTMD_U1_W3_SPANISH_STRUCTKW_0.1,U1-H1972P1ES062-P012,H1972P1ES062,1972,1,ESPAÑOL RECORTABLE,12,6,1,1,0,0,0,0,0,
LTMD_U1_W3_SPANISH_STRUCTKW_0.1,U1-H1972P1ES062-P013,H1972P1ES062,1972,1,ESPAÑOL RECORTABLE,13,3,1,1,0,0,0,0,0,
LTMD_U1_W3_SPANISH_STRUCTKW_0.1,U1-H1972P1ES062-P014,H1972P1ES062,1972,1,ESPAÑOL RECORTABLE,14,6,1,1,0,0,0,0,0,
LTMD_U1_W3_SPANISH_STRUCTKW_0.1,U1-H1972P1ES062-P015,H1972P1ES062,1972,1,ESPAÑOL RECORTABLE,15,3,1,1,0,0,0,0,0,
LTMD_U1_W3_SPANISH_STRUCTKW_0.1,U1-H1972P1ES062-P016,H1972P1ES062,1972,1,ESPAÑOL RECORTABLE,16,6,1,1,0,0,0,0,0,
LTMD_U1_W3_SPANISH_STRUCTKW_0.1,U1-H1972P1ES062-P179,H1972P1ES062,1972,1,ESPAÑOL RECORTABLE,179,6,1,0,1,0,0,0,0,
LTMD_U1_W3_SPANISH_STRUCTKW_0.1,U1-H1972P1ES062-P180,H1972P1ES062,1972,1,ESPAÑOL RECORTABLE,180,6,1,0,1,0,0,0,0,
LTMD_U1_W3_SPANISH_STRUCTKW_0.1,U1-H1972P1ES062-P181,H1972P1ES062,1972,1,ESPAÑOL RECORTABLE,181,3,1,0,1,0,0,0,0,
LTMD_U1_W3_SPANISH_STRUCTKW_0.1,U1-H1972P1ES062-P182,H1972P1ES062,1972,1,ESPAÑOL RECORTABLE,182,6,1,0,1,0,0,0,0,
LTMD_U1_W3_SPANISH_STRUCTKW_0.1,U1-H1972P1ES062-P183,H1972P1ES062,1972,1,ESPAÑOL RECORTABLE,183,3,1,0,1,0,0,0,0,
LTMD_U1_W3_SPANISH_STRUCTKW_0.1,U1-H1972P1ES062-P184,H1972P1ES062,1972,1,ESPAÑOL RECORTABLE,184,6,1,0,1,0,0,0,0,
LTMD_U1_W3_SPANISH_STRUCTKW_0.1,U1-H1972P1ES062-P185,H1972P1ES062,1972,1,ESPAÑOL RECORTABLE,185,3,1,0,1,0,0,0,0,
LTMD_U1_W3_SPANISH_STRUCTKW_0.1,U1-H1972P1ES062-P186,H1972P1ES062,1972,1,ESPAÑOL RECORTABLE,186,6,1,0,1,0,0,0,0,
LTMD_U1_W3_SPANISH_STRUCTKW_0.1,U1-H1972P1ES062-P187,H1972P1ES062,1972,1,ESPAÑOL RECORTABLE,187,11,1,0,1,0,0,0,0,
LTMD_U1_W3_SPANISH_STRUCTKW_0.1,U1-H1972P1ES062-P188,H1972P1ES062,1972,1,ESPAÑOL RECORTABLE,188,6,1,0,1,0,0,0,0,
LTMD_U1_W3_SPANISH_STRUCTKW_0.1,U1-H1972P1ES062-P189,H1972P1ES062,1972,1,ESPAÑOL RECORTABLE,189,6,1,0,1,0,0,0,0,
LTMD_U1_W3_SPANISH_STRUCTKW_0.1,U1-H1972P1ES062-P190,H1972P1ES062,1972,1,ESPAÑOL RECORTABLE,190,6,1,0,1,0,0,0,0,
LTMD_U1_W3_SPANISH_STRUCTKW_0.1,U1-H1972P1ES062-P191,H1972P1ES062,1972,1,ESPAÑOL RECORTABLE,191,6,1,0,1,0,0,0,0,
LTMD_U1_W3_SPANISH_STRUCTKW_0.1,U1-H1972P1ES062-P192,H1972P1ES062,1972,1,ESPAÑOL RECORTABLE,192,6,1,0,1,0,0,0,0,
LTMD_U1_W3_SPANISH_STRUCTKW_0.1,U1-H1972P1ES062-P193,H1972P1ES062,1972,1,ESPAÑOL RECORTABLE,193,6,1,0,1,0,0,0,0,
LTMD_U1_W3_SPANISH_STRUCTKW_0.1,U1-H1972P1ES062-P194,H1972P1ES062,1972,1,ESPAÑOL RECORTABLE,194,6,1,0,1,0,0,0,0,
LTMD_U1_W3_SPANISH_STRUCTKW_0.1,U1-H1972P2ES066-P001,H1972P2ES066,1972,2,ESPAÑOL,1,6,1,1,0,0,0,0,0,
LTMD_U1_W3_SPANISH_STRUCTKW_0.1,U1-H1972P2ES066-P002,H1972P2ES066,1972,2,ESPAÑOL,2,3,1,1,0,0,0,2,1,
LTMD_U1_W3_SPANISH_STRUCTKW_0.1,U1-H1972P2ES066-P003,H1972P2ES066,1972,2,ESPAÑOL,3,3,1,1,0,0,0,0,0,
LTMD_U1_W3_SPANISH_STRUCTKW_0.1,U1-H1972P2ES066-P004,H1972P2ES066,1972,2,ESPAÑOL,4,6,1,1,0,0,0,2,1,
LTMD_U1_W3_SPANISH_STRUCTKW_0.1,U1-H1972P2ES066-P005,H1972P2ES066,1972,2,ESPAÑOL,5,3,1,1,0,0,0,0,0,
LTMD_U1_W3_SPANISH_STRUCTKW_0.1,U1-H1972P2ES066-P006,H1972P2ES066,1972,2,ESPAÑOL,6,3,1,1,0,0,0,0,0,
LTMD_U1_W3_SPANISH_STRUCTKW_0.1,U1-H1972P2ES066-P007,H1972P2ES066,1972,2,ESPAÑOL,7,3,1,1,0,0,0,0,0,
LTMD_U1_W3_SPANISH_STRUCTKW_0.1,U1-H1972P2ES066-P008,H1972P2ES066,1972,2,ESPAÑOL,8,3,1,1,0,0,0,0,0,
LTMD_U1_W3_SPANISH_STRUCTKW_0.1,U1-H1972P2ES066-P009,H1972P2ES066,1972,2,ESPAÑOL,9,3,1,1,0,0,1,0,1,
LTMD_U1_W3_SPANISH_STRUCTKW_0.1,U1-H1972P2ES066-P010,H1972P2ES066,1972,2,ESPAÑOL,10,3,1,1,0,0,0,0,0,
LTMD_U1_W3_SPANISH_STRUCTKW_0.1,U1-H1972P2ES066-P011,H1972P2ES066,1972,2,ESPAÑOL,11,3,1,1,0,0,0,0,0,
LTMD_U1_W3_SPANISH_STRUCTKW_0.1,U1-H1972P2ES066-P012,H1972P2ES066,1972,2,ESPAÑOL,12,3,1,1,0,0,0,0,0,
LTMD_U1_W3_SPANISH_STRUCTKW_0.1,U1-H1972P2ES066-P013,H1972P2ES066,1972,2,ESPAÑOL,13,3,1,1,0,0,0,0,0,
LTMD_U1_W3_SPANISH_STRUCTKW_0.1,U1-H1972P2ES066-P014,H1972P2ES066,1972,2,ESPAÑOL,14,11,1,1,0,0,0,0,0,
LTMD_U1_W3_SPANISH_STRUCTKW_0.1,U1-H1972P2ES066-P015,H1972P2ES066,1972,2,ESPAÑOL,15,3,1,1,0,0,0,0,0,
LTMD_U1_W3_SPANISH_STRUCTKW_0.1,U1-H1972P2ES066-P016,H1972P2ES066,1972,2,ESPAÑOL,16,3,1,1,0,0,0,0,0,
LTMD_U1_W3_SPANISH_STRUCTKW_0.1,U1-H1972P2ES066-P227,H1972P2ES066,1972,2,ESPAÑOL,227,3,1,0,1,0,0,0,0,
LTMD_U1_W3_SPANISH_STRUCTKW_0.1,U1-H1972P2ES066-P228,H1972P2ES066,1972,2,ESPAÑOL,228,3,1,0,1,0,0,0,0,
LTMD_U1_W3_SPANISH_STRUCTKW_0.1,U1-H1972P2ES066-P229,H1972P2ES066,1972,2,ESPAÑOL,229,3,1,0,1,0,0,0,0,
LTMD_U1_W3_SPANISH_STRUCTKW_0.1,U1-H1972P2ES066-P230,H1972P2ES066,1972,2,ESPAÑOL,230,3,1,0,1,0,0,0,0,
LTMD_U1_W3_SPANISH_STRUCTKW_0.1,U1-H1972P2ES066-P231,H1972P2ES066,1972,2,ESPAÑOL,231,6,1,0,1,0,0,0,0,
LTMD_U1_W3_SPANISH_STRUCTKW_0.1,U1-H1972P2ES066-P232,H1972P2ES066,1972,2,ESPAÑOL,232,3,1,0,1,0,0,0,0,
LTMD_U1_W3_SPANISH_STRUCTKW_0.1,U1-H1972P2ES066-P233,H1972P2ES066,1972,2,ESPAÑOL,233,3,1,0,1,0,0,0,0,
LTMD_U1_W3_SPANISH_STRUCTKW_0.1,U1-H1972P2ES066-P234,H1972P2ES066,1972,2,ESPAÑOL,234,3,1,0,1,0,0,0,0,
LTMD_U1_W3_SPANISH_STRUCTKW_0.1,U1-H1972P2ES066-P235,H1972P2ES066,1972,2,ESPAÑOL,235,3,1,0,1,0,1,0,1,
LTMD_U1_W3_SPANISH_STRUCTKW_0.1,U1-H1972P2ES066-P236,H1972P2ES066,1972,2,ESPAÑOL,236,3,1,0,1,0,0,0,0,
LTMD_U1_W3_SPANISH_STRUCTKW_0.1,U1-H1972P2ES066-P237,H1972P2ES066,1972,2,ESPAÑOL,237,3,1,0,1,0,0,0,0,
LTMD_U1_W3_SPANISH_STRUCTKW_0.1,U1-H1972P2ES066-P238,H1972P2ES066,1972,2,ESPAÑOL,238,3,1,0,1,0,0,0,0,
LTMD_U1_W3_SPANISH_STRUCTKW_0.1,U1-H1972P2ES066-P239,H1972P2ES066,1972,2,ESPAÑOL,239,3,1,0,1,0,0,0,0,
LTMD_U1_W3_SPANISH_STRUCTKW_0.1,U1-H1972P2ES066-P240,H1972P2ES066,1972,2,ESPAÑOL,240,,1,0,1,0,0,0,0,
LTMD_U1_W3_SPANISH_STRUCTKW_0.1,U1-H1972P2ES066-P241,H1972P2ES066,1972,2,ESPAÑOL,241,6,1,0,1,0,0,0,0,
LTMD_U1_W3_SPANISH_STRUCTKW_0.1,U1-H1972P2ES066-P242,H1972P2ES066,1972,2,ESPAÑOL,242,6,1,0,1,0,0,0,0,
LTMD_U1_W3_SPANISH_STRUCTKW_0.1,U1-H1972P2ES067-P001,H1972P2ES067,1972,2,ESPAÑOL EJERCICIOS,1,3,1,1,0,0,0,0,0,
LTMD_U1_W3_SPANISH_STRUCTKW_0.1,U1-H1972P2ES067-P002,H1972P2ES067,1972,2,ESPAÑOL EJERCICIOS,2,3,1,1,0,0,0,3,1,
LTMD_U1_W3_SPANISH_STRUCTKW_0.1,U1-H1972P2ES067-P003,H1972P2ES067,1972,2,ESPAÑOL EJERCICIOS,3,3,1,1,0,0,1,0,1,
LTMD_U1_W3_SPANISH_STRUCTKW_0.1,U1-H1972P2ES067-P004,H1972P2ES067,1972,2,ESPAÑOL EJERCICIOS,4,3,1,1,0,0,0,0,0,
LTMD_U1_W3_SPANISH_STRUCTKW_0.1,U1-H1972P2ES067-P005,H1972P2ES067,1972,2,ESPAÑOL EJERCICIOS,5,3,1,1,0,0,0,0,0,
LTMD_U1_W3_SPANISH_STRUCTKW_0.1,U1-H1972P2ES067-P006,H1972P2ES067,1972,2,ESPAÑOL EJERCICIOS,6,3,1,1,0,0,0,0,0,
LTMD_U1_W3_SPANISH_STRUCTKW_0.1,U1-H1972P2ES067-P007,H1972P2ES067,1972,2,ESPAÑOL EJERCICIOS,7,6,1,1,0,0,0,0,0,
LTMD_U1_W3_SPANISH_STRUCTKW_0.1,U1-H1972P2ES067-P008,H1972P2ES067,1972,2,ESPAÑOL EJERCICIOS,8,3,1,1,0,0,0,0,0,
LTMD_U1_W3_SPANISH_STRUCTKW_0.1,U1-H1972P2ES067-P009,H1972P2ES067,1972,2,ESPAÑOL EJERCICIOS,9,11,1,1,0,0,0,0,0,
LTMD_U1_W3_SPANISH_STRUCTKW_0.1,U1-H1972P2ES067-P010,H1972P2ES067,1972,2,ESPAÑOL EJERCICIOS,10,3,1,1,0,0,0,0,0,
LTMD_U1_W3_SPANISH_STRUCTKW_0.1,U1-H1972P2ES067-P011,H1972P2ES067,1972,2,ESPAÑOL EJERCICIOS,11,3,1,1,0,0,0,0,0,
LTMD_U1_W3_SPANISH_STRUCTKW_0.1,U1-H1972P2ES067-P012,H1972P2ES067,1972,2,ESPAÑOL EJERCICIOS,12,3,1,1,0,0,0,0,0,
LTMD_U1_W3_SPANISH_STRUCTKW_0.1,U1-H1972P2ES067-P013,H1972P2ES067,1972,2,ESPAÑOL EJERCICIOS,13,11,1,1,0,0,0,0,0,
LTMD_U1_W3_SPANISH_STRUCTKW_0.1,U1-H1972P2ES067-P014,H1972P2ES067,1972,2,ESPAÑOL EJERCICIOS,14,3,1,1,0,0,0,0,0,
LTMD_U1_W3_SPANISH_STRUCTKW_0.1,U1-H1972P2ES067-P015,H1972P2ES067,1972,2,ESPAÑOL EJERCICIOS,15,3,1,1,0,0,0,0,0,
LTMD_U1_W3_SPANISH_STRUCTKW_0.1,U1-H1972P2ES067-P016,H1972P2ES067,1972,2,ESPAÑOL EJERCICIOS,16,3,1,1,0,0,0,0,0,
LTMD_U1_W3_SPANISH_STRUCTKW_0.1,U1-H1972P2ES067-P131,H1972P2ES067,1972,2,ESPAÑOL EJERCICIOS,131,3,1,0,1,0,0,0,0,
LTMD_U1_W3_SPANISH_STRUCTKW_0.1,U1-H1972P2ES067-P132,H1972P2ES067,1972,2,ESPAÑOL EJERCICIOS,132,3,1,0,1,0,0,0,0,
LTMD_U1_W3_SPANISH_STRUCTKW_0.1,U1-H1972P2ES067-P133,H1972P2ES067,1972,2,ESPAÑOL EJERCICIOS,133,3,1,0,1,0,0,0,0,
LTMD_U1_W3_SPANISH_STRUCTKW_0.1,U1-H1972P2ES067-P134,H1972P2ES067,1972,2,ESPAÑOL EJERCICIOS,134,3,1,0,1,0,0,0,0,
LTMD_U1_W3_SPANISH_STRUCTKW_0.1,U1-H1972P2ES067-P135,H1972P2ES067,1972,2,ESPAÑOL EJERCICIOS,135,3,1,0,1,0,0,0,0,
LTMD_U1_W3_SPANISH_STRUCTKW_0.1,U1-H1972P2ES067-P136,H1972P2ES067,1972,2,ESPAÑOL EJERCICIOS,136,3,1,0,1,0,0,0,0,
LTMD_U1_W3_SPANISH_STRUCTKW_0.1,U1-H1972P2ES067-P137,H1972P2ES067,1972,2,ESPAÑOL EJERCICIOS,137,3,1,0,1,0,0,0,0,
LTMD_U1_W3_SPANISH_STRUCTKW_0.1,U1-H1972P2ES067-P138,H1972P2ES067,1972,2,ESPAÑOL EJERCICIOS,138,3,1,0,1,0,0,0,0,
LTMD_U1_W3_SPANISH_STRUCTKW_0.1,U1-H1972P2ES067-P139,H1972P2ES067,1972,2,ESPAÑOL EJERCICIOS,139,3,1,0,1,0,0,0,0,
LTMD_U1_W3_SPANISH_STRUCTKW_0.1,U1-H1972P2ES067-P140,H1972P2ES067,1972,2,ESPAÑOL EJERCICIOS,140,3,1,0,1,0,0,0,0,
LTMD_U1_W3_SPANISH_STRUCTKW_0.1,U1-H1972P2ES067-P141,H1972P2ES067,1972,2,ESPAÑOL EJERCICIOS,141,3,1,0,1,0,1,0,1,
LTMD_U1_W3_SPANISH_STRUCTKW_0.1,U1-H1972P2ES067-P142,H1972P2ES067,1972,2,ESPAÑOL EJERCICIOS,142,3,1,0,1,0,0,0,0,
LTMD_U1_W3_SPANISH_STRUCTKW_0.1,U1-H1972P2ES067-P143,H1972P2ES067,1972,2,ESPAÑOL EJERCICIOS,143,3,1,0,1,0,0,0,0,
LTMD_U1_W3_SPANISH_STRUCTKW_0.1,U1-H1972P2ES067-P144,H1972P2ES067,1972,2,ESPAÑOL EJERCICIOS,144,3,1,0,1,0,0,0,0,
LTMD_U1_W3_SPANISH_STRUCTKW_0.1,U1-H1972P2ES067-P145,H1972P2ES067,1972,2,ESPAÑOL EJERCICIOS,145,3,1,0,1,0,0,0,0,
LTMD_U1_W3_SPANISH_STRUCTKW_0.1,U1-H1972P2ES067-P146,H1972P2ES067,1972,2,ESPAÑOL EJERCICIOS,146,,1,0,1,0,0,0,0,
LTMD_U1_W3_SPANISH_STRUCTKW_0.1,U1-H1972P2ES068-P001,H1972P2ES068,1972,2,ESPAÑOL LECTURA,1,6,1,1,0,0,0,0,0,
LTMD_U1_W3_SPANISH_STRUCTKW_0.1,U1-H1972P2ES068-P002,H1972P2ES068,1972,2,ESPAÑOL LECTURA,2,3,1,1,0,0,0,2,1,
LTMD_U1_W3_SPANISH_STRUCTKW_0.1,U1-H1972P2ES068-P003,H1972P2ES068,1972,2,ESPAÑOL LECTURA,3,3,1,1,0,0,0,0,0,
LTMD_U1_W3_SPANISH_STRUCTKW_0.1,U1-H1972P2ES068-P004,H1972P2ES068,1972,2,ESPAÑOL LECTURA,4,3,1,1,0,0,0,0,0,
LTMD_U1_W3_SPANISH_STRUCTKW_0.1,U1-H1972P2ES068-P005,H1972P2ES068,1972,2,ESPAÑOL LECTURA,5,3,1,1,0,0,0,0,0,
LTMD_U1_W3_SPANISH_STRUCTKW_0.1,U1-H1972P2ES068-P006,H1972P2ES068,1972,2,ESPAÑOL LECTURA,6,3,1,1,0,0,0,0,0,
LTMD_U1_W3_SPANISH_STRUCTKW_0.1,U1-H1972P2ES068-P007,H1972P2ES068,1972,2,ESPAÑOL LECTURA,7,3,1,1,0,0,0,0,0,
LTMD_U1_W3_SPANISH_STRUCTKW_0.1,U1-H1972P2ES068-P008,H1972P2ES068,1972,2,ESPAÑOL LECTURA,8,3,1,1,0,0,0,0,0,
LTMD_U1_W3_SPANISH_STRUCTKW_0.1,U1-H1972P2ES068-P009,H1972P2ES068,1972,2,ESPAÑOL LECTURA,9,3,1,1,0,0,0,0,0,
LTMD_U1_W3_SPANISH_STRUCTKW_0.1,U1-H1972P2ES068-P010,H1972P2ES068,1972,2,ESPAÑOL LECTURA,10,3,1,1,0,0,0,0,0,
LTMD_U1_W3_SPANISH_STRUCTKW_0.1,U1-H1972P2ES068-P011,H1972P2ES068,1972,2,ESPAÑOL LECTURA,11,3,1,1,0,0,0,0,0,
LTMD_U1_W3_SPANISH_STRUCTKW_0.1,U1-H1972P2ES068-P012,H1972P2ES068,1972,2,ESPAÑOL LECTURA,12,3,1,1,0,0,0,0,0,
LTMD_U1_W3_SPANISH_STRUCTKW_0.1,U1-H1972P2ES068-P013,H1972P2ES068,1972,2,ESPAÑOL LECTURA,13,3,1,1,0,0,0,0,0,
LTMD_U1_W3_SPANISH_STRUCTKW_0.1,U1-H1972P2ES068-P014,H1972P2ES068,1972,2,ESPAÑOL LECTURA,14,3,1,1,0,0,0,0,0,
LTMD_U1_W3_SPANISH_STRUCTKW_0.1,U1-H1972P2ES068-P015,H1972P2ES068,1972,2,ESPAÑOL LECTURA,15,3,1,1,0,0,0,0,0,
LTMD_U1_W3_SPANISH_STRUCTKW_0.1,U1-H1972P2ES068-P016,H1972P2ES068,1972,2,ESPAÑOL LECTURA,16,3,1,1,0,0,0,0,0,
LTMD_U1_W3_SPANISH_STRUCTKW_0.1,U1-H1972P2ES068-P153,H1972P2ES068,1972,2,ESPAÑOL LECTURA,153,3,1,0,1,0,0,0,0,
LTMD_U1_W3_SPANISH_STRUCTKW_0.1,U1-H1972P2ES068-P154,H1972P2ES068,1972,2,ESPAÑOL LECTURA,154,3,1,0,1,0,0,0,0,
LTMD_U1_W3_SPANISH_STRUCTKW_0.1,U1-H1972P2ES068-P155,H1972P2ES068,1972,2,ESPAÑOL LECTURA,155,3,1,0,1,0,0,0,0,
LTMD_U1_W3_SPANISH_STRUCTKW_0.1,U1-H1972P2ES068-P156,H1972P2ES068,1972,2,ESPAÑOL LECTURA,156,3,1,0,1,0,0,0,0,
LTMD_U1_W3_SPANISH_STRUCTKW_0.1,U1-H1972P2ES068-P157,H1972P2ES068,1972,2,ESPAÑOL LECTURA,157,3,1,0,1,0,0,0,0,
LTMD_U1_W3_SPANISH_STRUCTKW_0.1,U1-H1972P2ES068-P158,H1972P2ES068,1972,2,ESPAÑOL LECTURA,158,3,1,0,1,0,0,0,0,
LTMD_U1_W3_SPANISH_STRUCTKW_0.1,U1-H1972P2ES068-P159,H1972P2ES068,1972,2,ESPAÑOL LECTURA,159,3,1,0,1,0,0,0,0,
LTMD_U1_W3_SPANISH_STRUCTKW_0.1,U1-H1972P2ES068-P160,H1972P2ES068,1972,2,ESPAÑOL LECTURA,160,3,1,0,1,0,0,0,0,
LTMD_U1_W3_SPANISH_STRUCTKW_0.1,U1-H1972P2ES068-P161,H1972P2ES068,1972,2,ESPAÑOL LECTURA,161,6,1,0,1,0,0,0,0,
LTMD_U1_W3_SPANISH_STRUCTKW_0.1,U1-H1972P2ES068-P162,H1972P2ES068,1972,2,ESPAÑOL LECTURA,162,,1,0,1,0,0,0,0,
LTMD_U1_W3_SPANISH_STRUCTKW_0.1,U1-H1972P2ES068-P163,H1972P2ES068,1972,2,ESPAÑOL LECTURA,163,3,1,0,1,0,1,0,1,
LTMD_U1_W3_SPANISH_STRUCTKW_0.1,U1-H1972P2ES068-P164,H1972P2ES068,1972,2,ESPAÑOL LECTURA,164,3,1,0,1,0,0,0,0,
LTMD_U1_W3_SPANISH_STRUCTKW_0.1,U1-H1972P2ES068-P165,H1972P2ES068,1972,2,ESPAÑOL LECTURA,165,3,1,0,1,0,0,0,0,
LTMD_U1_W3_SPANISH_STRUCTKW_0.1,U1-H1972P2ES068-P166,H1972P2ES068,1972,2,ESPAÑOL LECTURA,166,,1,0,1,0,0,0,0,
LTMD_U1_W3_SPANISH_STRUCTKW_0.1,U1-H1972P2ES068-P167,H1972P2ES068,1972,2,ESPAÑOL LECTURA,167,3,1,0,1,0,0,2,1,
LTMD_U1_W3_SPANISH_STRUCTKW_0.1,U1-H1972P2ES068-P168,H1972P2ES068,1972,2,ESPAÑOL LECTURA,168,,1,0,1,0,0,0,0,
LTMD_U1_W3_SPANISH_STRUCTKW_0.1,U1-H1972P3ES073-P001,H1972P3ES073,1972,3,ESPAÑOL,1,6,1,1,0,0,0,0,0,
LTMD_U1_W3_SPANISH_STRUCTKW_0.1,U1-H1972P3ES073-P002,H1972P3ES073,1972,3,ESPAÑOL,2,3,1,1,0,0,0,2,1,
LTMD_U1_W3_SPANISH_STRUCTKW_0.1,U1-H1972P3ES073-P003,H1972P3ES073,1972,3,ESPAÑOL,3,3,1,1,0,0,0,1,1,
LTMD_U1_W3_SPANISH_STRUCTKW_0.1,U1-H1972P3ES073-P004,H1972P3ES073,1972,3,ESPAÑOL,4,3,1,1,0,0,0,2,1,
LTMD_U1_W3_SPANISH_STRUCTKW_0.1,U1-H1972P3ES073-P005,H1972P3ES073,1972,3,ESPAÑOL,5,3,1,1,0,0,0,0,0,
LTMD_U1_W3_SPANISH_STRUCTKW_0.1,U1-H1972P3ES073-P006,H1972P3ES073,1972,3,ESPAÑOL,6,3,1,1,0,0,0,0,0,
LTMD_U1_W3_SPANISH_STRUCTKW_0.1,U1-H1972P3ES073-P007,H1972P3ES073,1972,3,ESPAÑOL,7,3,1,1,0,0,0,0,0,
LTMD_U1_W3_SPANISH_STRUCTKW_0.1,U1-H1972P3ES073-P008,H1972P3ES073,1972,3,ESPAÑOL,8,3,1,1,0,0,0,0,0,
LTMD_U1_W3_SPANISH_STRUCTKW_0.1,U1-H1972P3ES073-P009,H1972P3ES073,1972,3,ESPAÑOL,9,3,1,1,0,0,2,0,1,
LTMD_U1_W3_SPANISH_STRUCTKW_0.1,U1-H1972P3ES073-P010,H1972P3ES073,1972,3,ESPAÑOL,10,3,1,1,0,0,1,0,1,
LTMD_U1_W3_SPANISH_STRUCTKW_0.1,U1-H1972P3ES073-P011,H1972P3ES073,1972,3,ESPAÑOL,11,3,1,1,0,0,2,0,1,
LTMD_U1_W3_SPANISH_STRUCTKW_0.1,U1-H1972P3ES073-P012,H1972P3ES073,1972,3,ESPAÑOL,12,6,1,1,0,0,0,0,0,
LTMD_U1_W3_SPANISH_STRUCTKW_0.1,U1-H1972P3ES073-P013,H1972P3ES073,1972,3,ESPAÑOL,13,6,1,1,0,0,0,0,0,
LTMD_U1_W3_SPANISH_STRUCTKW_0.1,U1-H1972P3ES073-P014,H1972P3ES073,1972,3,ESPAÑOL,14,3,1,1,0,0,0,0,0,
LTMD_U1_W3_SPANISH_STRUCTKW_0.1,U1-H1972P3ES073-P015,H1972P3ES073,1972,3,ESPAÑOL,15,3,1,1,0,0,0,0,0,
LTMD_U1_W3_SPANISH_STRUCTKW_0.1,U1-H1972P3ES073-P016,H1972P3ES073,1972,3,ESPAÑOL,16,3,1,1,0,0,0,0,0,
LTMD_U1_W3_SPANISH_STRUCTKW_0.1,U1-H1972P3ES073-P185,H1972P3ES073,1972,3,ESPAÑOL,185,3,1,0,1,0,0,0,0,
LTMD_U1_W3_SPANISH_STRUCTKW_0.1,U1-H1972P3ES073-P186,H1972P3ES073,1972,3,ESPAÑOL,186,3,1,0,1,0,0,0,0,
LTMD_U1_W3_SPANISH_STRUCTKW_0.1,U1-H1972P3ES073-P187,H1972P3ES073,1972,3,ESPAÑOL,187,3,1,0,1,0,0,0,0,
LTMD_U1_W3_SPANISH_STRUCTKW_0.1,U1-H1972P3ES073-P188,H1972P3ES073,1972,3,ESPAÑOL,188,3,1,0,1,0,0,0,0,
LTMD_U1_W3_SPANISH_STRUCTKW_0.1,U1-H1972P3ES073-P189,H1972P3ES073,1972,3,ESPAÑOL,189,3,1,0,1,0,0,0,0,
LTMD_U1_W3_SPANISH_STRUCTKW_0.1,U1-H1972P3ES073-P190,H1972P3ES073,1972,3,ESPAÑOL,190,3,1,0,1,0,0,0,0,
LTMD_U1_W3_SPANISH_STRUCTKW_0.1,U1-H1972P3ES073-P191,H1972P3ES073,1972,3,ESPAÑOL,191,3,1,0,1,0,0,0,0,
LTMD_U1_W3_SPANISH_STRUCTKW_0.1,U1-H1972P3ES073-P192,H1972P3ES073,1972,3,ESPAÑOL,192,3,1,0,1,0,0,0,0,
LTMD_U1_W3_SPANISH_STRUCTKW_0.1,U1-H1972P3ES073-P193,H1972P3ES073,1972,3,ESPAÑOL,193,3,1,0,1,0,0,0,0,
LTMD_U1_W3_SPANISH_STRUCTKW_0.1,U1-H1972P3ES073-P194,H1972P3ES073,1972,3,ESPAÑOL,194,3,1,0,1,0,0,0,0,
LTMD_U1_W3_SPANISH_STRUCTKW_0.1,U1-H1972P3ES073-P195,H1972P3ES073,1972,3,ESPAÑOL,195,3,1,0,1,0,0,0,0,
LTMD_U1_W3_SPANISH_STRUCTKW_0.1,U1-H1972P3ES073-P196,H1972P3ES073,1972,3,ESPAÑOL,196,6,1,0,1,0,0,0,0,
LTMD_U1_W3_SPANISH_STRUCTKW_0.1,U1-H1972P3ES073-P197,H1972P3ES073,1972,3,ESPAÑOL,197,6,1,0,1,0,0,0,0,
LTMD_U1_W3_SPANISH_STRUCTKW_0.1,U1-H1972P3ES073-P198,H1972P3ES073,1972,3,ESPAÑOL,198,3,1,0,1,0,0,1,1,
LTMD_U1_W3_SPANISH_STRUCTKW_0.1,U1-H1972P3ES073-P199,H1972P3ES073,1972,3,ESPAÑOL,199,3,1,0,1,0,0,0,0,
LTMD_U1_W3_SPANISH_STRUCTKW_0.1,U1-H1972P3ES073-P200,H1972P3ES073,1972,3,ESPAÑOL,200,3,1,0,1,0,0,1,1,
LTMD_U1_W3_SPANISH_STRUCTKW_0.1,U1-H1972P3ES074-P001,H1972P3ES074,1972,3,ESPAÑOL LECTURAS,1,,1,1,0,0,0,0,0,
LTMD_U1_W3_SPANISH_STRUCTKW_0.1,U1-H1972P3ES074-P002,H1972P3ES074,1972,3,ESPAÑOL LECTURAS,2,3,1,1,0,0,0,0,0,
LTMD_U1_W3_SPANISH_STRUCTKW_0.1,U1-H1972P3ES074-P003,H1972P3ES074,1972,3,ESPAÑOL LECTURAS,3,6,1,1,0,0,0,0,0,
LTMD_U1_W3_SPANISH_STRUCTKW_0.1,U1-H1972P3ES074-P004,H1972P3ES074,1972,3,ESPAÑOL LECTURAS,4,3,1,1,0,0,0,2,1,
LTMD_U1_W3_SPANISH_STRUCTKW_0.1,U1-H1972P3ES074-P005,H1972P3ES074,1972,3,ESPAÑOL LECTURAS,5,3,1,1,0,0,0,1,1,
LTMD_U1_W3_SPANISH_STRUCTKW_0.1,U1-H1972P3ES074-P006,H1972P3ES074,1972,3,ESPAÑOL LECTURAS,6,3,1,1,0,1,0,0,1,
LTMD_U1_W3_SPANISH_STRUCTKW_0.1,U1-H1972P3ES074-P007,H1972P3ES074,1972,3,ESPAÑOL LECTURAS,7,3,1,1,0,0,0,0,0,
LTMD_U1_W3_SPANISH_STRUCTKW_0.1,U1-H1972P3ES074-P008,H1972P3ES074,1972,3,ESPAÑOL LECTURAS,8,6,1,1,0,0,0,0,0,
LTMD_U1_W3_SPANISH_STRUCTKW_0.1,U1-H1972P3ES074-P009,H1972P3ES074,1972,3,ESPAÑOL LECTURAS,9,3,1,1,0,1,1,0,2,
LTMD_U1_W3_SPANISH_STRUCTKW_0.1,U1-H1972P3ES074-P010,H1972P3ES074,1972,3,ESPAÑOL LECTURAS,10,3,1,1,0,0,0,0,0,
LTMD_U1_W3_SPANISH_STRUCTKW_0.1,U1-H1972P3ES074-P011,H1972P3ES074,1972,3,ESPAÑOL LECTURAS,11,3,1,1,0,0,0,0,0,
LTMD_U1_W3_SPANISH_STRUCTKW_0.1,U1-H1972P3ES074-P012,H1972P3ES074,1972,3,ESPAÑOL LECTURAS,12,3,1,1,0,0,0,0,0,
LTMD_U1_W3_SPANISH_STRUCTKW_0.1,U1-H1972P3ES074-P013,H1972P3ES074,1972,3,ESPAÑOL LECTURAS,13,3,1,1,0,0,0,0,0,
LTMD_U1_W3_SPANISH_STRUCTKW_0.1,U1-H1972P3ES074-P014,H1972P3ES074,1972,3,ESPAÑOL LECTURAS,14,3,1,1,0,0,0,0,0,
LTMD_U1_W3_SPANISH_STRUCTKW_0.1,U1-H1972P3ES074-P015,H1972P3ES074,1972,3,ESPAÑOL LECTURAS,15,3,1,1,0,0,0,0,0,
LTMD_U1_W3_SPANISH_STRUCTKW_0.1,U1-H1972P3ES074-P016,H1972P3ES074,1972,3,ESPAÑOL LECTURAS,16,3,1,1,0,0,0,0,0,
LTMD_U1_W3_SPANISH_STRUCTKW_0.1,U1-H1972P3ES074-P095,H1972P3ES074,1972,3,ESPAÑOL LECTURAS,95,3,1,0,1,0,0,0,0,
LTMD_U1_W3_SPANISH_STRUCTKW_0.1,U1-H1972P3ES074-P096,H1972P3ES074,1972,3,ESPAÑOL LECTURAS,96,11,1,0,1,0,0,0,0,
LTMD_U1_W3_SPANISH_STRUCTKW_0.1,U1-H1972P3ES074-P097,H1972P3ES074,1972,3,ESPAÑOL LECTURAS,97,3,1,0,1,0,0,0,0,
LTMD_U1_W3_SPANISH_STRUCTKW_0.1,U1-H1972P3ES074-P098,H1972P3ES074,1972,3,ESPAÑOL LECTURAS,98,3,1,0,1,0,0,0,0,
LTMD_U1_W3_SPANISH_STRUCTKW_0.1,U1-H1972P3ES074-P099,H1972P3ES074,1972,3,ESPAÑOL LECTURAS,99,3,1,0,1,0,0,0,0,
LTMD_U1_W3_SPANISH_STRUCTKW_0.1,U1-H1972P3ES074-P100,H1972P3ES074,1972,3,ESPAÑOL LECTURAS,100,3,1,0,1,0,0,0,0,
LTMD_U1_W3_SPANISH_STRUCTKW_0.1,U1-H1972P3ES074-P101,H1972P3ES074,1972,3,ESPAÑOL LECTURAS,101,3,1,0,1,0,0,0,0,
LTMD_U1_W3_SPANISH_STRUCTKW_0.1,U1-H1972P3ES074-P102,H1972P3ES074,1972,3,ESPAÑOL LECTURAS,102,3,1,0,1,0,0,0,0,
LTMD_U1_W3_SPANISH_STRUCTKW_0.1,U1-H1972P3ES074-P103,H1972P3ES074,1972,3,ESPAÑOL LECTURAS,103,3,1,0,1,0,0,0,0,
LTMD_U1_W3_SPANISH_STRUCTKW_0.1,U1-H1972P3ES074-P104,H1972P3ES074,1972,3,ESPAÑOL LECTURAS,104,3,1,0,1,0,0,0,0,
LTMD_U1_W3_SPANISH_STRUCTKW_0.1,U1-H1972P3ES074-P105,H1972P3ES074,1972,3,ESPAÑOL LECTURAS,105,3,1,0,1,0,0,0,0,
LTMD_U1_W3_SPANISH_STRUCTKW_0.1,U1-H1972P3ES074-P106,H1972P3ES074,1972,3,ESPAÑOL LECTURAS,106,3,1,0,1,0,0,0,0,
LTMD_U1_W3_SPANISH_STRUCTKW_0.1,U1-H1972P3ES074-P107,H1972P3ES074,1972,3,ESPAÑOL LECTURAS,107,3,1,0,1,0,0,0,0,
LTMD_U1_W3_SPANISH_STRUCTKW_0.1,U1-H1972P3ES074-P108,H1972P3ES074,1972,3,ESPAÑOL LECTURAS,108,3,1,0,1,0,0,0,0,
LTMD_U1_W3_SPANISH_STRUCTKW_0.1,U1-H1972P3ES074-P109,H1972P3ES074,1972,3,ESPAÑOL LECTURAS,109,3,1,0,1,0,0,0,0,
LTMD_U1_W3_SPANISH_STRUCTKW_0.1,U1-H1972P3ES074-P110,H1972P3ES074,1972,3,ESPAÑOL LECTURAS,110,11,1,0,1,0,0,0,0,
LTMD_U1_W3_SPANISH_STRUCTKW_0.1,U1-H1972P3ES075-P001,H1972P3ES075,1972,3,ESPAÑOL EJERCICIOS Y LECTURAS,1,3,1,1,0,0,0,0,0,
LTMD_U1_W3_SPANISH_STRUCTKW_0.1,U1-H1972P3ES075-P002,H1972P3ES075,1972,3,ESPAÑOL EJERCICIOS Y LECTURAS,2,3,1,1,0,0,0,1,1,
LTMD_U1_W3_SPANISH_STRUCTKW_0.1,U1-H1972P3ES075-P003,H1972P3ES075,1972,3,ESPAÑOL EJERCICIOS Y LECTURAS,3,3,1,1,0,0,0,0,0,
LTMD_U1_W3_SPANISH_STRUCTKW_0.1,U1-H1972P3ES075-P004,H1972P3ES075,1972,3,ESPAÑOL EJERCICIOS Y LECTURAS,4,3,1,1,0,0,0,0,0,
LTMD_U1_W3_SPANISH_STRUCTKW_0.1,U1-H1972P3ES075-P005,H1972P3ES075,1972,3,ESPAÑOL EJERCICIOS Y LECTURAS,5,3,1,1,0,0,0,0,0,
LTMD_U1_W3_SPANISH_STRUCTKW_0.1,U1-H1972P3ES075-P006,H1972P3ES075,1972,3,ESPAÑOL EJERCICIOS Y LECTURAS,6,3,1,1,0,0,0,0,0,
LTMD_U1_W3_SPANISH_STRUCTKW_0.1,U1-H1972P3ES075-P007,H1972P3ES075,1972,3,ESPAÑOL EJERCICIOS Y LECTURAS,7,3,1,1,0,0,2,0,1,
LTMD_U1_W3_SPANISH_STRUCTKW_0.1,U1-H1972P3ES075-P008,H1972P3ES075,1972,3,ESPAÑOL EJERCICIOS Y LECTURAS,8,3,1,1,0,0,1,0,1,
LTMD_U1_W3_SPANISH_STRUCTKW_0.1,U1-H1972P3ES075-P009,H1972P3ES075,1972,3,ESPAÑOL EJERCICIOS Y LECTURAS,9,3,1,1,0,0,2,0,1,
LTMD_U1_W3_SPANISH_STRUCTKW_0.1,U1-H1972P3ES075-P010,H1972P3ES075,1972,3,ESPAÑOL EJERCICIOS Y LECTURAS,10,11,1,1,0,0,0,0,0,
LTMD_U1_W3_SPANISH_STRUCTKW_0.1,U1-H1972P3ES075-P011,H1972P3ES075,1972,3,ESPAÑOL EJERCICIOS Y LECTURAS,11,11,1,1,0,0,0,0,0,
LTMD_U1_W3_SPANISH_STRUCTKW_0.1,U1-H1972P3ES075-P012,H1972P3ES075,1972,3,ESPAÑOL EJERCICIOS Y LECTURAS,12,3,1,1,0,0,0,0,0,
LTMD_U1_W3_SPANISH_STRUCTKW_0.1,U1-H1972P3ES075-P013,H1972P3ES075,1972,3,ESPAÑOL EJERCICIOS Y LECTURAS,13,3,1,1,0,0,0,0,0,
LTMD_U1_W3_SPANISH_STRUCTKW_0.1,U1-H1972P3ES075-P014,H1972P3ES075,1972,3,ESPAÑOL EJERCICIOS Y LECTURAS,14,3,1,1,0,0,0,0,0,
LTMD_U1_W3_SPANISH_STRUCTKW_0.1,U1-H1972P3ES075-P015,H1972P3ES075,1972,3,ESPAÑOL EJERCICIOS Y LECTURAS,15,3,1,1,0,0,0,0,0,
LTMD_U1_W3_SPANISH_STRUCTKW_0.1,U1-H1972P3ES075-P016,H1972P3ES075,1972,3,ESPAÑOL EJERCICIOS Y LECTURAS,16,3,1,1,0,0,0,0,0,
LTMD_U1_W3_SPANISH_STRUCTKW_0.1,U1-H1972P3ES075-P275,H1972P3ES075,1972,3,ESPAÑOL EJERCICIOS Y LECTURAS,275,3,1,0,1,0,0,0,0,
LTMD_U1_W3_SPANISH_STRUCTKW_0.1,U1-H1972P3ES075-P276,H1972P3ES075,1972,3,ESPAÑOL EJERCICIOS Y LECTURAS,276,3,1,0,1,0,0,0,0,
LTMD_U1_W3_SPANISH_STRUCTKW_0.1,U1-H1972P3ES075-P277,H1972P3ES075,1972,3,ESPAÑOL EJERCICIOS Y LECTURAS,277,3,1,0,1,0,0,0,0,
LTMD_U1_W3_SPANISH_STRUCTKW_0.1,U1-H1972P3ES075-P278,H1972P3ES075,1972,3,ESPAÑOL EJERCICIOS Y LECTURAS,278,3,1,0,1,0,0,0,0,
LTMD_U1_W3_SPANISH_STRUCTKW_0.1,U1-H1972P3ES075-P279,H1972P3ES075,1972,3,ESPAÑOL EJERCICIOS Y LECTURAS,279,3,1,0,1,0,0,0,0,
LTMD_U1_W3_SPANISH_STRUCTKW_0.1,U1-H1972P3ES075-P280,H1972P3ES075,1972,3,ESPAÑOL EJERCICIOS Y LECTURAS,280,3,1,0,1,0,0,0,0,
LTMD_U1_W3_SPANISH_STRUCTKW_0.1,U1-H1972P3ES075-P281,H1972P3ES075,1972,3,ESPAÑOL EJERCICIOS Y LECTURAS,281,3,1,0,1,0,0,0,0,
LTMD_U1_W3_SPANISH_STRUCTKW_0.1,U1-H1972P3ES075-P282,H1972P3ES075,1972,3,ESPAÑOL EJERCICIOS Y LECTURAS,282,3,1,0,1,0,0,0,0,
LTMD_U1_W3_SPANISH_STRUCTKW_0.1,U1-H1972P3ES075-P283,H1972P3ES075,1972,3,ESPAÑOL EJERCICIOS Y LECTURAS,283,3,1,0,1,0,0,0,0,
LTMD_U1_W3_SPANISH_STRUCTKW_0.1,U1-H1972P3ES075-P284,H1972P3ES075,1972,3,ESPAÑOL EJERCICIOS Y LECTURAS,284,3,1,0,1,0,0,0,0,
LTMD_U1_W3_SPANISH_STRUCTKW_0.1,U1-H1972P3ES075-P285,H1972P3ES075,1972,3,ESPAÑOL EJERCICIOS Y LECTURAS,285,3,1,0,1,0,0,0,0,
LTMD_U1_W3_SPANISH_STRUCTKW_0.1,U1-H1972P3ES075-P286,H1972P3ES075,1972,3,ESPAÑOL EJERCICIOS Y LECTURAS,286,3,1,0,1,0,0,0,0,
LTMD_U1_W3_SPANISH_STRUCTKW_0.1,U1-H1972P3ES075-P287,H1972P3ES075,1972,3,ESPAÑOL EJERCICIOS Y LECTURAS,287,3,1,0,1,0,0,0,0,
LTMD_U1_W3_SPANISH_STRUCTKW_0.1,U1-H1972P3ES075-P288,H1972P3ES075,1972,3,ESPAÑOL EJERCICIOS Y LECTURAS,288,3,1,0,1,0,0,0,0,
LTMD_U1_W3_SPANISH_STRUCTKW_0.1,U1-H1972P3ES075-P289,H1972P3ES075,1972,3,ESPAÑOL EJERCICIOS Y LECTURAS,289,3,1,0,1,0,0,0,0,
LTMD_U1_W3_SPANISH_STRUCTKW_0.1,U1-H1972P3ES075-P290,H1972P3ES075,1972,3,ESPAÑOL EJERCICIOS Y LECTURAS,290,3,1,0,1,0,0,1,1,
LTMD_U1_W3_SPANISH_STRUCTKW_0.1,U1-H1972P4ES080-P001,H1972P4ES080,1972,4,ESPAÑOL EJERCICIOS,1,,1,1,0,0,0,0,0,
LTMD_U1_W3_SPANISH_STRUCTKW_0.1,U1-H1972P4ES080-P002,H1972P4ES080,1972,4,ESPAÑOL EJERCICIOS,2,3,1,1,0,0,0,3,1,
LTMD_U1_W3_SPANISH_STRUCTKW_0.1,U1-H1972P4ES080-P003,H1972P4ES080,1972,4,ESPAÑOL EJERCICIOS,3,3,1,1,0,0,1,0,1,
LTMD_U1_W3_SPANISH_STRUCTKW_0.1,U1-H1972P4ES080-P004,H1972P4ES080,1972,4,ESPAÑOL EJERCICIOS,4,3,1,1,0,0,1,0,1,
LTMD_U1_W3_SPANISH_STRUCTKW_0.1,U1-H1972P4ES080-P005,H1972P4ES080,1972,4,ESPAÑOL EJERCICIOS,5,3,1,1,0,0,0,0,0,
LTMD_U1_W3_SPANISH_STRUCTKW_0.1,U1-H1972P4ES080-P006,H1972P4ES080,1972,4,ESPAÑOL EJERCICIOS,6,3,1,1,0,0,0,0,0,
LTMD_U1_W3_SPANISH_STRUCTKW_0.1,U1-H1972P4ES080-P007,H1972P4ES080,1972,4,ESPAÑOL EJERCICIOS,7,6,1,1,0,0,0,0,0,
LTMD_U1_W3_SPANISH_STRUCTKW_0.1,U1-H1972P4ES080-P008,H1972P4ES080,1972,4,ESPAÑOL EJERCICIOS,8,3,1,1,0,0,0,0,0,
LTMD_U1_W3_SPANISH_STRUCTKW_0.1,U1-H1972P4ES080-P009,H1972P4ES080,1972,4,ESPAÑOL EJERCICIOS,9,3,1,1,0,0,2,0,1,
LTMD_U1_W3_SPANISH_STRUCTKW_0.1,U1-H1972P4ES080-P010,H1972P4ES080,1972,4,ESPAÑOL EJERCICIOS,10,3,1,1,0,0,0,0,0,
LTMD_U1_W3_SPANISH_STRUCTKW_0.1,U1-H1972P4ES080-P011,H1972P4ES080,1972,4,ESPAÑOL EJERCICIOS,11,3,1,1,0,0,0,0,0,
LTMD_U1_W3_SPANISH_STRUCTKW_0.1,U1-H1972P4ES080-P012,H1972P4ES080,1972,4,ESPAÑOL EJERCICIOS,12,3,1,1,0,0,0,0,0,
LTMD_U1_W3_SPANISH_STRUCTKW_0.1,U1-H1972P4ES080-P013,H1972P4ES080,1972,4,ESPAÑOL EJERCICIOS,13,3,1,1,0,0,0,0,0,
LTMD_U1_W3_SPANISH_STRUCTKW_0.1,U1-H1972P4ES080-P014,H1972P4ES080,1972,4,ESPAÑOL EJERCICIOS,14,3,1,1,0,0,0,0,0,
LTMD_U1_W3_SPANISH_STRUCTKW_0.1,U1-H1972P4ES080-P015,H1972P4ES080,1972,4,ESPAÑOL EJERCICIOS,15,3,1,1,0,0,0,0,0,
LTMD_U1_W3_SPANISH_STRUCTKW_0.1,U1-H1972P4ES080-P016,H1972P4ES080,1972,4,ESPAÑOL EJERCICIOS,16,3,1,1,0,0,0,0,0,
LTMD_U1_W3_SPANISH_STRUCTKW_0.1,U1-H1972P4ES080-P211,H1972P4ES080,1972,4,ESPAÑOL EJERCICIOS,211,3,1,0,1,0,1,0,1,
LTMD_U1_W3_SPANISH_STRUCTKW_0.1,U1-H1972P4ES080-P212,H1972P4ES080,1972,4,ESPAÑOL EJERCICIOS,212,3,1,0,1,0,0,0,0,
LTMD_U1_W3_SPANISH_STRUCTKW_0.1,U1-H1972P4ES080-P213,H1972P4ES080,1972,4,ESPAÑOL EJERCICIOS,213,3,1,0,1,0,0,0,0,
LTMD_U1_W3_SPANISH_STRUCTKW_0.1,U1-H1972P4ES080-P214,H1972P4ES080,1972,4,ESPAÑOL EJERCICIOS,214,3,1,0,1,0,0,0,0,
LTMD_U1_W3_SPANISH_STRUCTKW_0.1,U1-H1972P4ES080-P215,H1972P4ES080,1972,4,ESPAÑOL EJERCICIOS,215,3,1,0,1,0,0,0,0,
LTMD_U1_W3_SPANISH_STRUCTKW_0.1,U1-H1972P4ES080-P216,H1972P4ES080,1972,4,ESPAÑOL EJERCICIOS,216,,1,0,1,0,0,0,0,
LTMD_U1_W3_SPANISH_STRUCTKW_0.1,U1-H1972P4ES080-P217,H1972P4ES080,1972,4,ESPAÑOL EJERCICIOS,217,3,1,0,1,0,0,0,0,
LTMD_U1_W3_SPANISH_STRUCTKW_0.1,U1-H1972P4ES080-P218,H1972P4ES080,1972,4,ESPAÑOL EJERCICIOS,218,3,1,0,1,0,0,0,0,
LTMD_U1_W3_SPANISH_STRUCTKW_0.1,U1-H1972P4ES080-P219,H1972P4ES080,1972,4,ESPAÑOL EJERCICIOS,219,3,1,0,1,0,0,0,0,
LTMD_U1_W3_SPANISH_STRUCTKW_0.1,U1-H1972P4ES080-P220,H1972P4ES080,1972,4,ESPAÑOL EJERCICIOS,220,3,1,0,1,0,0,0,0,
LTMD_U1_W3_SPANISH_STRUCTKW_0.1,U1-H1972P4ES080-P221,H1972P4ES080,1972,4,ESPAÑOL EJERCICIOS,221,3,1,0,1,0,0,0,0,
LTMD_U1_W3_SPANISH_STRUCTKW_0.1,U1-H1972P4ES080-P222,H1972P4ES080,1972,4,ESPAÑOL EJERCICIOS,222,3,1,0,1,0,0,0,0,
LTMD_U1_W3_SPANISH_STRUCTKW_0.1,U1-H1972P4ES080-P223,H1972P4ES080,1972,4,ESPAÑOL EJERCICIOS,223,6,1,0,1,0,0,0,0,
LTMD_U1_W3_SPANISH_STRUCTKW_0.1,U1-H1972P4ES080-P224,H1972P4ES080,1972,4,ESPAÑOL EJERCICIOS,224,3,1,0,1,0,0,1,1,
LTMD_U1_W3_SPANISH_STRUCTKW_0.1,U1-H1972P4ES080-P225,H1972P4ES080,1972,4,ESPAÑOL EJERCICIOS,225,3,1,0,1,0,0,0,0,
LTMD_U1_W3_SPANISH_STRUCTKW_0.1,U1-H1972P4ES080-P226,H1972P4ES080,1972,4,ESPAÑOL EJERCICIOS,226,3,1,0,1,0,0,0,0,
LTMD_U1_W3_SPANISH_STRUCTKW_0.1,U1-H1972P4ES081-P001,H1972P4ES081,1972,4,ESPAÑOL LECTURAS,1,3,1,1,0,0,0,0,0,
LTMD_U1_W3_SPANISH_STRUCTKW_0.1,U1-H1972P4ES081-P002,H1972P4ES081,1972,4,ESPAÑOL LECTURAS,2,3,1,1,0,0,0,1,1,
LTMD_U1_W3_SPANISH_STRUCTKW_0.1,U1-H1972P4ES081-P003,H1972P4ES081,1972,4,ESPAÑOL LECTURAS,3,3,1,1,0,0,0,1,1,
LTMD_U1_W3_SPANISH_STRUCTKW_0.1,U1-H1972P4ES081-P004,H1972P4ES081,1972,4,ESPAÑOL LECTURAS,4,3,1,1,0,0,0,1,1,
LTMD_U1_W3_SPANISH_STRUCTKW_0.1,U1-H1972P4ES081-P005,H1972P4ES081,1972,4,ESPAÑOL LECTURAS,5,6,1,1,0,0,0,0,0,
LTMD_U1_W3_SPANISH_STRUCTKW_0.1,U1-H1972P4ES081-P006,H1972P4ES081,1972,4,ESPAÑOL LECTURAS,6,6,1,1,0,0,0,0,0,
LTMD_U1_W3_SPANISH_STRUCTKW_0.1,U1-H1972P4ES081-P007,H1972P4ES081,1972,4,ESPAÑOL LECTURAS,7,3,1,1,0,0,1,0,1,
LTMD_U1_W3_SPANISH_STRUCTKW_0.1,U1-H1972P4ES081-P008,H1972P4ES081,1972,4,ESPAÑOL LECTURAS,8,3,1,1,0,0,0,0,0,
LTMD_U1_W3_SPANISH_STRUCTKW_0.1,U1-H1972P4ES081-P009,H1972P4ES081,1972,4,ESPAÑOL LECTURAS,9,3,1,1,0,0,0,0,0,
LTMD_U1_W3_SPANISH_STRUCTKW_0.1,U1-H1972P4ES081-P010,H1972P4ES081,1972,4,ESPAÑOL LECTURAS,10,6,1,1,0,0,0,0,0,
LTMD_U1_W3_SPANISH_STRUCTKW_0.1,U1-H1972P4ES081-P011,H1972P4ES081,1972,4,ESPAÑOL LECTURAS,11,3,1,1,0,0,0,0,0,
LTMD_U1_W3_SPANISH_STRUCTKW_0.1,U1-H1972P4ES081-P012,H1972P4ES081,1972,4,ESPAÑOL LECTURAS,12,6,1,1,0,0,0,0,0,
LTMD_U1_W3_SPANISH_STRUCTKW_0.1,U1-H1972P4ES081-P013,H1972P4ES081,1972,4,ESPAÑOL LECTURAS,13,3,1,1,0,0,0,0,0,
LTMD_U1_W3_SPANISH_STRUCTKW_0.1,U1-H1972P4ES081-P014,H1972P4ES081,1972,4,ESPAÑOL LECTURAS,14,3,1,1,0,0,0,0,0,
LTMD_U1_W3_SPANISH_STRUCTKW_0.1,U1-H1972P4ES081-P015,H1972P4ES081,1972,4,ESPAÑOL LECTURAS,15,3,1,1,0,0,0,0,0,
LTMD_U1_W3_SPANISH_STRUCTKW_0.1,U1-H1972P4ES081-P016,H1972P4ES081,1972,4,ESPAÑOL LECTURAS,16,3,1,1,0,0,0,0,0,
LTMD_U1_W3_SPANISH_STRUCTKW_0.1,U1-H1972P4ES081-P115,H1972P4ES081,1972,4,ESPAÑOL LECTURAS,115,3,1,0,1,0,0,0,0,
LTMD_U1_W3_SPANISH_STRUCTKW_0.1,U1-H1972P4ES081-P116,H1972P4ES081,1972,4,ESPAÑOL LECTURAS,116,3,1,0,1,0,0,0,0,
LTMD_U1_W3_SPANISH_STRUCTKW_0.1,U1-H1972P4ES081-P117,H1972P4ES081,1972,4,ESPAÑOL LECTURAS,117,3,1,0,1,0,0,0,0,
LTMD_U1_W3_SPANISH_STRUCTKW_0.1,U1-H1972P4ES081-P118,H1972P4ES081,1972,4,ESPAÑOL LECTURAS,118,3,1,0,1,0,0,0,0,
LTMD_U1_W3_SPANISH_STRUCTKW_0.1,U1-H1972P4ES081-P119,H1972P4ES081,1972,4,ESPAÑOL LECTURAS,119,3,1,0,1,0,0,0,0,
LTMD_U1_W3_SPANISH_STRUCTKW_0.1,U1-H1972P4ES081-P120,H1972P4ES081,1972,4,ESPAÑOL LECTURAS,120,3,1,0,1,0,0,0,0,
LTMD_U1_W3_SPANISH_STRUCTKW_0.1,U1-H1972P4ES081-P121,H1972P4ES081,1972,4,ESPAÑOL LECTURAS,121,3,1,0,1,0,0,0,0,
LTMD_U1_W3_SPANISH_STRUCTKW_0.1,U1-H1972P4ES081-P122,H1972P4ES081,1972,4,ESPAÑOL LECTURAS,122,3,1,0,1,0,0,0,0,
LTMD_U1_W3_SPANISH_STRUCTKW_0.1,U1-H1972P4ES081-P123,H1972P4ES081,1972,4,ESPAÑOL LECTURAS,123,3,1,0,1,0,0,0,0,
LTMD_U1_W3_SPANISH_STRUCTKW_0.1,U1-H1972P4ES081-P124,H1972P4ES081,1972,4,ESPAÑOL LECTURAS,124,3,1,0,1,0,0,0,0,
LTMD_U1_W3_SPANISH_STRUCTKW_0.1,U1-H1972P4ES081-P125,H1972P4ES081,1972,4,ESPAÑOL LECTURAS,125,3,1,0,1,0,0,0,0,
LTMD_U1_W3_SPANISH_STRUCTKW_0.1,U1-H1972P4ES081-P126,H1972P4ES081,1972,4,ESPAÑOL LECTURAS,126,3,1,0,1,0,0,0,0,
LTMD_U1_W3_SPANISH_STRUCTKW_0.1,U1-H1972P4ES081-P127,H1972P4ES081,1972,4,ESPAÑOL LECTURAS,127,6,1,0,1,0,0,0,0,
LTMD_U1_W3_SPANISH_STRUCTKW_0.1,U1-H1972P4ES081-P128,H1972P4ES081,1972,4,ESPAÑOL LECTURAS,128,3,1,0,1,0,0,1,1,
LTMD_U1_W3_SPANISH_STRUCTKW_0.1,U1-H1972P4ES081-P129,H1972P4ES081,1972,4,ESPAÑOL LECTURAS,129,3,1,0,1,0,0,0,0,
LTMD_U1_W3_SPANISH_STRUCTKW_0.1,U1-H1972P4ES081-P130,H1972P4ES081,1972,4,ESPAÑOL LECTURAS,130,6,1,0,1,0,0,1,1,
LTMD_U1_W3_SPANISH_STRUCTKW_0.1,U1-H1972P4ES082-P001,H1972P4ES082,1972,4,ESPAÑOL EJERCICIOS Y LECTURAS,1,3,1,1,0,0,0,0,0,
LTMD_U1_W3_SPANISH_STRUCTKW_0.1,U1-H1972P4ES082-P002,H1972P4ES082,1972,4,ESPAÑOL EJERCICIOS Y LECTURAS,2,3,1,1,0,0,1,0,1,
LTMD_U1_W3_SPANISH_STRUCTKW_0.1,U1-H1972P4ES082-P003,H1972P4ES082,1972,4,ESPAÑOL EJERCICIOS Y LECTURAS,3,3,1,1,0,0,1,0,1,
LTMD_U1_W3_SPANISH_STRUCTKW_0.1,U1-H1972P4ES082-P004,H1972P4ES082,1972,4,ESPAÑOL EJERCICIOS Y LECTURAS,4,3,1,1,0,0,0,0,0,
LTMD_U1_W3_SPANISH_STRUCTKW_0.1,U1-H1972P4ES082-P005,H1972P4ES082,1972,4,ESPAÑOL EJERCICIOS Y LECTURAS,5,3,1,1,0,0,0,0,0,
LTMD_U1_W3_SPANISH_STRUCTKW_0.1,U1-H1972P4ES082-P006,H1972P4ES082,1972,4,ESPAÑOL EJERCICIOS Y LECTURAS,6,3,1,1,0,0,0,0,0,
LTMD_U1_W3_SPANISH_STRUCTKW_0.1,U1-H1972P4ES082-P007,H1972P4ES082,1972,4,ESPAÑOL EJERCICIOS Y LECTURAS,7,3,1,1,0,0,2,0,1,
LTMD_U1_W3_SPANISH_STRUCTKW_0.1,U1-H1972P4ES082-P008,H1972P4ES082,1972,4,ESPAÑOL EJERCICIOS Y LECTURAS,8,3,1,1,0,0,0,0,0,
LTMD_U1_W3_SPANISH_STRUCTKW_0.1,U1-H1972P4ES082-P009,H1972P4ES082,1972,4,ESPAÑOL EJERCICIOS Y LECTURAS,9,3,1,1,0,0,0,0,0,
LTMD_U1_W3_SPANISH_STRUCTKW_0.1,U1-H1972P4ES082-P010,H1972P4ES082,1972,4,ESPAÑOL EJERCICIOS Y LECTURAS,10,3,1,1,0,0,0,0,0,
LTMD_U1_W3_SPANISH_STRUCTKW_0.1,U1-H1972P4ES082-P011,H1972P4ES082,1972,4,ESPAÑOL EJERCICIOS Y LECTURAS,11,3,1,1,0,0,0,0,0,
LTMD_U1_W3_SPANISH_STRUCTKW_0.1,U1-H1972P4ES082-P012,H1972P4ES082,1972,4,ESPAÑOL EJERCICIOS Y LECTURAS,12,3,1,1,0,0,0,0,0,
LTMD_U1_W3_SPANISH_STRUCTKW_0.1,U1-H1972P4ES082-P013,H1972P4ES082,1972,4,ESPAÑOL EJERCICIOS Y LECTURAS,13,3,1,1,0,0,0,0,0,
LTMD_U1_W3_SPANISH_STRUCTKW_0.1,U1-H1972P4ES082-P014,H1972P4ES082,1972,4,ESPAÑOL EJERCICIOS Y LECTURAS,14,3,1,1,0,0,0,0,0,
LTMD_U1_W3_SPANISH_STRUCTKW_0.1,U1-H1972P4ES082-P015,H1972P4ES082,1972,4,ESPAÑOL EJERCICIOS Y LECTURAS,15,3,1,1,0,0,0,0,0,
LTMD_U1_W3_SPANISH_STRUCTKW_0.1,U1-H1972P4ES082-P016,H1972P4ES082,1972,4,ESPAÑOL EJERCICIOS Y LECTURAS,16,3,1,1,0,0,0,0,0,
LTMD_U1_W3_SPANISH_STRUCTKW_0.1,U1-H1972P4ES082-P307,H1972P4ES082,1972,4,ESPAÑOL EJERCICIOS Y LECTURAS,307,3,1,0,1,0,0,0,0,
LTMD_U1_W3_SPANISH_STRUCTKW_0.1,U1-H1972P4ES082-P308,H1972P4ES082,1972,4,ESPAÑOL EJERCICIOS Y LECTURAS,308,3,1,0,1,0,0,0,0,
LTMD_U1_W3_SPANISH_STRUCTKW_0.1,U1-H1972P4ES082-P309,H1972P4ES082,1972,4,ESPAÑOL EJERCICIOS Y LECTURAS,309,3,1,0,1,0,0,0,0,
LTMD_U1_W3_SPANISH_STRUCTKW_0.1,U1-H1972P4ES082-P310,H1972P4ES082,1972,4,ESPAÑOL EJERCICIOS Y LECTURAS,310,3,1,0,1,0,0,0,0,
LTMD_U1_W3_SPANISH_STRUCTKW_0.1,U1-H1972P4ES082-P311,H1972P4ES082,1972,4,ESPAÑOL EJERCICIOS Y LECTURAS,311,3,1,0,1,0,0,0,0,
LTMD_U1_W3_SPANISH_STRUCTKW_0.1,U1-H1972P4ES082-P312,H1972P4ES082,1972,4,ESPAÑOL EJERCICIOS Y LECTURAS,312,3,1,0,1,0,0,0,0,
LTMD_U1_W3_SPANISH_STRUCTKW_0.1,U1-H1972P4ES082-P313,H1972P4ES082,1972,4,ESPAÑOL EJERCICIOS Y LECTURAS,313,3,1,0,1,0,0,0,0,
LTMD_U1_W3_SPANISH_STRUCTKW_0.1,U1-H1972P4ES082-P314,H1972P4ES082,1972,4,ESPAÑOL EJERCICIOS Y LECTURAS,314,3,1,0,1,0,0,0,0,
LTMD_U1_W3_SPANISH_STRUCTKW_0.1,U1-H1972P4ES082-P315,H1972P4ES082,1972,4,ESPAÑOL EJERCICIOS Y LECTURAS,315,3,1,0,1,0,0,0,0,
LTMD_U1_W3_SPANISH_STRUCTKW_0.1,U1-H1972P4ES082-P316,H1972P4ES082,1972,4,ESPAÑOL EJERCICIOS Y LECTURAS,316,3,1,0,1,0,0,0,0,
LTMD_U1_W3_SPANISH_STRUCTKW_0.1,U1-H1972P4ES082-P317,H1972P4ES082,1972,4,ESPAÑOL EJERCICIOS Y LECTURAS,317,3,1,0,1,0,0,0,0,
LTMD_U1_W3_SPANISH_STRUCTKW_0.1,U1-H1972P4ES082-P318,H1972P4ES082,1972,4,ESPAÑOL EJERCICIOS Y LECTURAS,318,3,1,0,1,0,0,0,0,
LTMD_U1_W3_SPANISH_STRUCTKW_0.1,U1-H1972P4ES082-P319,H1972P4ES082,1972,4,ESPAÑOL EJERCICIOS Y LECTURAS,319,6,1,0,1,0,0,0,0,
LTMD_U1_W3_SPANISH_STRUCTKW_0.1,U1-H1972P4ES082-P320,H1972P4ES082,1972,4,ESPAÑOL EJERCICIOS Y LECTURAS,320,3,1,0,1,0,0,0,0,
LTMD_U1_W3_SPANISH_STRUCTKW_0.1,U1-H1972P4ES082-P321,H1972P4ES082,1972,4,ESPAÑOL EJERCICIOS Y LECTURAS,321,3,1,0,1,0,0,0,0,
LTMD_U1_W3_SPANISH_STRUCTKW_0.1,U1-H1972P4ES082-P322,H1972P4ES082,1972,4,ESPAÑOL EJERCICIOS Y LECTURAS,322,3,1,0,1,0,0,1,1,
LTMD_U1_W3_SPANISH_STRUCTKW_0.1,U1-H1972P5ES086-P001,H1972P5ES086,1972,5,ESPAÑOL EJERCICIOS,1,3,1,1,0,0,0,0,0,
LTMD_U1_W3_SPANISH_STRUCTKW_0.1,U1-H1972P5ES086-P002,H1972P5ES086,1972,5,ESPAÑOL EJERCICIOS,2,3,1,1,0,0,0,2,1,
LTMD_U1_W3_SPANISH_STRUCTKW_0.1,U1-H1972P5ES086-P003,H1972P5ES086,1972,5,ESPAÑOL EJERCICIOS,3,,1,1,0,0,0,0,0,
LTMD_U1_W3_SPANISH_STRUCTKW_0.1,U1-H1972P5ES086-P004,H1972P5ES086,1972,5,ESPAÑOL EJERCICIOS,4,3,1,1,0,0,0,2,1,
LTMD_U1_W3_SPANISH_STRUCTKW_0.1,U1-H1972P5ES086-P005,H1972P5ES086,1972,5,ESPAÑOL EJERCICIOS,5,3,1,1,0,0,0,1,1,
LTMD_U1_W3_SPANISH_STRUCTKW_0.1,U1-H1972P5ES086-P006,H1972P5ES086,1972,5,ESPAÑOL EJERCICIOS,6,3,1,1,0,0,1,0,1,
LTMD_U1_W3_SPANISH_STRUCTKW_0.1,U1-H1972P5ES086-P007,H1972P5ES086,1972,5,ESPAÑOL EJERCICIOS,7,3,1,1,0,0,0,0,0,
LTMD_U1_W3_SPANISH_STRUCTKW_0.1,U1-H1972P5ES086-P008,H1972P5ES086,1972,5,ESPAÑOL EJERCICIOS,8,3,1,1,0,0,0,0,0,
LTMD_U1_W3_SPANISH_STRUCTKW_0.1,U1-H1972P5ES086-P009,H1972P5ES086,1972,5,ESPAÑOL EJERCICIOS,9,3,1,1,0,0,0,0,0,
LTMD_U1_W3_SPANISH_STRUCTKW_0.1,U1-H1972P5ES086-P010,H1972P5ES086,1972,5,ESPAÑOL EJERCICIOS,10,3,1,1,0,0,1,0,1,
LTMD_U1_W3_SPANISH_STRUCTKW_0.1,U1-H1972P5ES086-P011,H1972P5ES086,1972,5,ESPAÑOL EJERCICIOS,11,3,1,1,0,0,3,1,2,
LTMD_U1_W3_SPANISH_STRUCTKW_0.1,U1-H1972P5ES086-P012,H1972P5ES086,1972,5,ESPAÑOL EJERCICIOS,12,3,1,1,0,0,1,0,1,
LTMD_U1_W3_SPANISH_STRUCTKW_0.1,U1-H1972P5ES086-P013,H1972P5ES086,1972,5,ESPAÑOL EJERCICIOS,13,3,1,1,0,0,1,0,1,
LTMD_U1_W3_SPANISH_STRUCTKW_0.1,U1-H1972P5ES086-P014,H1972P5ES086,1972,5,ESPAÑOL EJERCICIOS,14,3,1,1,0,0,1,0,1,
LTMD_U1_W3_SPANISH_STRUCTKW_0.1,U1-H1972P5ES086-P015,H1972P5ES086,1972,5,ESPAÑOL EJERCICIOS,15,3,1,1,0,0,0,0,0,
LTMD_U1_W3_SPANISH_STRUCTKW_0.1,U1-H1972P5ES086-P016,H1972P5ES086,1972,5,ESPAÑOL EJERCICIOS,16,3,1,1,0,0,0,0,0,
LTMD_U1_W3_SPANISH_STRUCTKW_0.1,U1-H1972P5ES086-P275,H1972P5ES086,1972,5,ESPAÑOL EJERCICIOS,275,6,1,0,1,0,0,0,0,
LTMD_U1_W3_SPANISH_STRUCTKW_0.1,U1-H1972P5ES086-P276,H1972P5ES086,1972,5,ESPAÑOL EJERCICIOS,276,3,1,0,1,0,1,0,1,
LTMD_U1_W3_SPANISH_STRUCTKW_0.1,U1-H1972P5ES086-P277,H1972P5ES086,1972,5,ESPAÑOL EJERCICIOS,277,3,1,0,1,0,0,0,0,
LTMD_U1_W3_SPANISH_STRUCTKW_0.1,U1-H1972P5ES086-P278,H1972P5ES086,1972,5,ESPAÑOL EJERCICIOS,278,3,1,0,1,0,0,0,0,
LTMD_U1_W3_SPANISH_STRUCTKW_0.1,U1-H1972P5ES086-P279,H1972P5ES086,1972,5,ESPAÑOL EJERCICIOS,279,6,1,0,1,0,0,0,0,
LTMD_U1_W3_SPANISH_STRUCTKW_0.1,U1-H1972P5ES086-P280,H1972P5ES086,1972,5,ESPAÑOL EJERCICIOS,280,11,1,0,1,0,0,0,0,
LTMD_U1_W3_SPANISH_STRUCTKW_0.1,U1-H1972P5ES086-P281,H1972P5ES086,1972,5,ESPAÑOL EJERCICIOS,281,3,1,0,1,0,0,0,0,
LTMD_U1_W3_SPANISH_STRUCTKW_0.1,U1-H1972P5ES086-P282,H1972P5ES086,1972,5,ESPAÑOL EJERCICIOS,282,11,1,0,1,0,0,0,0,
LTMD_U1_W3_SPANISH_STRUCTKW_0.1,U1-H1972P5ES086-P283,H1972P5ES086,1972,5,ESPAÑOL EJERCICIOS,283,6,1,0,1,0,0,0,0,
LTMD_U1_W3_SPANISH_STRUCTKW_0.1,U1-H1972P5ES086-P284,H1972P5ES086,1972,5,ESPAÑOL EJERCICIOS,284,11,1,0,1,0,0,0,0,
LTMD_U1_W3_SPANISH_STRUCTKW_0.1,U1-H1972P5ES086-P285,H1972P5ES086,1972,5,ESPAÑOL EJERCICIOS,285,6,1,0,1,0,0,0,0,
LTMD_U1_W3_SPANISH_STRUCTKW_0.1,U1-H1972P5ES086-P286,H1972P5ES086,1972,5,ESPAÑOL EJERCICIOS,286,6,1,0,1,0,0,0,0,
LTMD_U1_W3_SPANISH_STRUCTKW_0.1,U1-H1972P5ES086-P287,H1972P5ES086,1972,5,ESPAÑOL EJERCICIOS,287,6,1,0,1,0,0,0,0,
LTMD_U1_W3_SPANISH_STRUCTKW_0.1,U1-H1972P5ES086-P288,H1972P5ES086,1972,5,ESPAÑOL EJERCICIOS,288,3,1,0,1,0,0,1,1,
LTMD_U1_W3_SPANISH_STRUCTKW_0.1,U1-H1972P5ES086-P289,H1972P5ES086,1972,5,ESPAÑOL EJERCICIOS,289,3,1,0,1,0,0,0,0,
LTMD_U1_W3_SPANISH_STRUCTKW_0.1,U1-H1972P5ES086-P290,H1972P5ES086,1972,5,ESPAÑOL EJERCICIOS,290,11,1,0,1,0,0,0,0,
LTMD_U1_W3_SPANISH_STRUCTKW_0.1,U1-H1972P5ES087-P001,H1972P5ES087,1972,5,ESPAÑOL,1,3,1,1,0,0,0,0,0,
LTMD_U1_W3_SPANISH_STRUCTKW_0.1,U1-H1972P5ES087-P002,H1972P5ES087,1972,5,ESPAÑOL,2,3,1,1,0,0,0,1,1,
LTMD_U1_W3_SPANISH_STRUCTKW_0.1,U1-H1972P5ES087-P003,H1972P5ES087,1972,5,ESPAÑOL,3,6,1,1,0,0,0,0,0,
LTMD_U1_W3_SPANISH_STRUCTKW_0.1,U1-H1972P5ES087-P004,H1972P5ES087,1972,5,ESPAÑOL,4,3,1,1,0,0,0,2,1,
LTMD_U1_W3_SPANISH_STRUCTKW_0.1,U1-H1972P5ES087-P005,H1972P5ES087,1972,5,ESPAÑOL,5,3,1,1,0,0,0,1,1,
LTMD_U1_W3_SPANISH_STRUCTKW_0.1,U1-H1972P5ES087-P006,H1972P5ES087,1972,5,ESPAÑOL,6,3,1,1,0,0,1,0,1,
LTMD_U1_W3_SPANISH_STRUCTKW_0.1,U1-H1972P5ES087-P007,H1972P5ES087,1972,5,ESPAÑOL,7,3,1,1,0,0,0,0,0,
LTMD_U1_W3_SPANISH_STRUCTKW_0.1,U1-H1972P5ES087-P008,H1972P5ES087,1972,5,ESPAÑOL,8,3,1,1,0,0,0,0,0,
LTMD_U1_W3_SPANISH_STRUCTKW_0.1,U1-H1972P5ES087-P009,H1972P5ES087,1972,5,ESPAÑOL,9,3,1,1,0,0,0,0,0,
LTMD_U1_W3_SPANISH_STRUCTKW_0.1,U1-H1972P5ES087-P010,H1972P5ES087,1972,5,ESPAÑOL,10,3,1,1,0,0,1,0,1,
LTMD_U1_W3_SPANISH_STRUCTKW_0.1,U1-H1972P5ES087-P011,H1972P5ES087,1972,5,ESPAÑOL,11,3,1,1,0,0,3,1,2,
LTMD_U1_W3_SPANISH_STRUCTKW_0.1,U1-H1972P5ES087-P012,H1972P5ES087,1972,5,ESPAÑOL,12,3,1,1,0,0,1,0,1,
LTMD_U1_W3_SPANISH_STRUCTKW_0.1,U1-H1972P5ES087-P013,H1972P5ES087,1972,5,ESPAÑOL,13,3,1,1,0,0,1,0,1,
LTMD_U1_W3_SPANISH_STRUCTKW_0.1,U1-H1972P5ES087-P014,H1972P5ES087,1972,5,ESPAÑOL,14,3,1,1,0,0,1,0,1,
LTMD_U1_W3_SPANISH_STRUCTKW_0.1,U1-H1972P5ES087-P015,H1972P5ES087,1972,5,ESPAÑOL,15,3,1,1,0,0,0,0,0,
LTMD_U1_W3_SPANISH_STRUCTKW_0.1,U1-H1972P5ES087-P016,H1972P5ES087,1972,5,ESPAÑOL,16,3,1,1,0,0,0,0,0,
LTMD_U1_W3_SPANISH_STRUCTKW_0.1,U1-H1972P5ES087-P275,H1972P5ES087,1972,5,ESPAÑOL,275,6,1,0,1,0,0,0,0,
LTMD_U1_W3_SPANISH_STRUCTKW_0.1,U1-H1972P5ES087-P276,H1972P5ES087,1972,5,ESPAÑOL,276,3,1,0,1,0,1,0,1,
LTMD_U1_W3_SPANISH_STRUCTKW_0.1,U1-H1972P5ES087-P277,H1972P5ES087,1972,5,ESPAÑOL,277,3,1,0,1,0,0,0,0,
LTMD_U1_W3_SPANISH_STRUCTKW_0.1,U1-H1972P5ES087-P278,H1972P5ES087,1972,5,ESPAÑOL,278,3,1,0,1,0,0,0,0,
LTMD_U1_W3_SPANISH_STRUCTKW_0.1,U1-H1972P5ES087-P279,H1972P5ES087,1972,5,ESPAÑOL,279,6,1,0,1,0,0,0,0,
LTMD_U1_W3_SPANISH_STRUCTKW_0.1,U1-H1972P5ES087-P280,H1972P5ES087,1972,5,ESPAÑOL,280,11,1,0,1,0,0,0,0,
LTMD_U1_W3_SPANISH_STRUCTKW_0.1,U1-H1972P5ES087-P281,H1972P5ES087,1972,5,ESPAÑOL,281,6,1,0,1,0,0,0,0,
LTMD_U1_W3_SPANISH_STRUCTKW_0.1,U1-H1972P5ES087-P282,H1972P5ES087,1972,5,ESPAÑOL,282,11,1,0,1,0,0,0,0,
LTMD_U1_W3_SPANISH_STRUCTKW_0.1,U1-H1972P5ES087-P283,H1972P5ES087,1972,5,ESPAÑOL,283,6,1,0,1,0,0,0,0,
LTMD_U1_W3_SPANISH_STRUCTKW_0.1,U1-H1972P5ES087-P284,H1972P5ES087,1972,5,ESPAÑOL,284,11,1,0,1,0,0,0,0,
LTMD_U1_W3_SPANISH_STRUCTKW_0.1,U1-H1972P5ES087-P285,H1972P5ES087,1972,5,ESPAÑOL,285,6,1,0,1,0,0,0,0,
LTMD_U1_W3_SPANISH_STRUCTKW_0.1,U1-H1972P5ES087-P286,H1972P5ES087,1972,5,ESPAÑOL,286,6,1,0,1,0,0,0,0,
LTMD_U1_W3_SPANISH_STRUCTKW_0.1,U1-H1972P5ES087-P287,H1972P5ES087,1972,5,ESPAÑOL,287,6,1,0,1,0,0,0,0,
LTMD_U1_W3_SPANISH_STRUCTKW_0.1,U1-H1972P5ES087-P288,H1972P5ES087,1972,5,ESPAÑOL,288,3,1,0,1,0,0,0,0,
LTMD_U1_W3_SPANISH_STRUCTKW_0.1,U1-H1972P5ES087-P289,H1972P5ES087,1972,5,ESPAÑOL,289,3,1,0,1,0,0,0,0,
LTMD_U1_W3_SPANISH_STRUCTKW_0.1,U1-H1972P5ES087-P290,H1972P5ES087,1972,5,ESPAÑOL,290,6,1,0,1,0,0,0,0,
LTMD_U1_W3_SPANISH_STRUCTKW_0.1,U1-H1972P5ES088-P001,H1972P5ES088,1972,5,ESPAÑOL LECTURAS,1,6,1,1,0,0,0,0,0,
LTMD_U1_W3_SPANISH_STRUCTKW_0.1,U1-H1972P5ES088-P002,H1972P5ES088,1972,5,ESPAÑOL LECTURAS,2,6,1,1,0,0,0,1,1,
LTMD_U1_W3_SPANISH_STRUCTKW_0.1,U1-H1972P5ES088-P003,H1972P5ES088,1972,5,ESPAÑOL LECTURAS,3,3,1,1,0,0,0,0,0,
LTMD_U1_W3_SPANISH_STRUCTKW_0.1,U1-H1972P5ES088-P004,H1972P5ES088,1972,5,ESPAÑOL LECTURAS,4,3,1,1,0,0,0,2,1,
LTMD_U1_W3_SPANISH_STRUCTKW_0.1,U1-H1972P5ES088-P005,H1972P5ES088,1972,5,ESPAÑOL LECTURAS,5,3,1,1,0,0,0,1,1,
LTMD_U1_W3_SPANISH_STRUCTKW_0.1,U1-H1972P5ES088-P006,H1972P5ES088,1972,5,ESPAÑOL LECTURAS,6,3,1,1,0,1,0,0,1,
LTMD_U1_W3_SPANISH_STRUCTKW_0.1,U1-H1972P5ES088-P007,H1972P5ES088,1972,5,ESPAÑOL LECTURAS,7,3,1,1,0,0,0,0,0,
LTMD_U1_W3_SPANISH_STRUCTKW_0.1,U1-H1972P5ES088-P008,H1972P5ES088,1972,5,ESPAÑOL LECTURAS,8,3,1,1,0,0,0,0,0,
LTMD_U1_W3_SPANISH_STRUCTKW_0.1,U1-H1972P5ES088-P009,H1972P5ES088,1972,5,ESPAÑOL LECTURAS,9,3,1,1,0,1,1,0,2,
LTMD_U1_W3_SPANISH_STRUCTKW_0.1,U1-H1972P5ES088-P010,H1972P5ES088,1972,5,ESPAÑOL LECTURAS,10,11,1,1,0,0,0,0,0,
LTMD_U1_W3_SPANISH_STRUCTKW_0.1,U1-H1972P5ES088-P011,H1972P5ES088,1972,5,ESPAÑOL LECTURAS,11,3,1,1,0,0,0,0,0,
LTMD_U1_W3_SPANISH_STRUCTKW_0.1,U1-H1972P5ES088-P012,H1972P5ES088,1972,5,ESPAÑOL LECTURAS,12,3,1,1,0,0,0,0,0,
LTMD_U1_W3_SPANISH_STRUCTKW_0.1,U1-H1972P5ES088-P013,H1972P5ES088,1972,5,ESPAÑOL LECTURAS,13,3,1,1,0,0,0,0,0,
LTMD_U1_W3_SPANISH_STRUCTKW_0.1,U1-H1972P5ES088-P014,H1972P5ES088,1972,5,ESPAÑOL LECTURAS,14,3,1,1,0,0,0,0,0,
LTMD_U1_W3_SPANISH_STRUCTKW_0.1,U1-H1972P5ES088-P015,H1972P5ES088,1972,5,ESPAÑOL LECTURAS,15,3,1,1,0,0,0,0,0,
LTMD_U1_W3_SPANISH_STRUCTKW_0.1,U1-H1972P5ES088-P016,H1972P5ES088,1972,5,ESPAÑOL LECTURAS,16,3,1,1,0,0,0,0,0,
LTMD_U1_W3_SPANISH_STRUCTKW_0.1,U1-H1972P5ES088-P113,H1972P5ES088,1972,5,ESPAÑOL LECTURAS,113,3,1,0,1,0,0,0,0,
LTMD_U1_W3_SPANISH_STRUCTKW_0.1,U1-H1972P5ES088-P114,H1972P5ES088,1972,5,ESPAÑOL LECTURAS,114,3,1,0,1,0,0,0,0,
LTMD_U1_W3_SPANISH_STRUCTKW_0.1,U1-H1972P5ES088-P115,H1972P5ES088,1972,5,ESPAÑOL LECTURAS,115,3,1,0,1,0,0,0,0,
LTMD_U1_W3_SPANISH_STRUCTKW_0.1,U1-H1972P5ES088-P116,H1972P5ES088,1972,5,ESPAÑOL LECTURAS,116,3,1,0,1,0,0,0,0,
LTMD_U1_W3_SPANISH_STRUCTKW_0.1,U1-H1972P5ES088-P117,H1972P5ES088,1972,5,ESPAÑOL LECTURAS,117,3,1,0,1,0,0,0,0,
LTMD_U1_W3_SPANISH_STRUCTKW_0.1,U1-H1972P5ES088-P118,H1972P5ES088,1972,5,ESPAÑOL LECTURAS,118,3,1,0,1,0,0,0,0,
LTMD_U1_W3_SPANISH_STRUCTKW_0.1,U1-H1972P5ES088-P119,H1972P5ES088,1972,5,ESPAÑOL LECTURAS,119,3,1,0,1,0,0,0,0,
LTMD_U1_W3_SPANISH_STRUCTKW_0.1,U1-H1972P5ES088-P120,H1972P5ES088,1972,5,ESPAÑOL LECTURAS,120,3,1,0,1,0,0,0,0,
LTMD_U1_W3_SPANISH_STRUCTKW_0.1,U1-H1972P5ES088-P121,H1972P5ES088,1972,5,ESPAÑOL LECTURAS,121,3,1,0,1,0,0,0,0,
LTMD_U1_W3_SPANISH_STRUCTKW_0.1,U1-H1972P5ES088-P122,H1972P5ES088,1972,5,ESPAÑOL LECTURAS,122,3,1,0,1,0,0,0,0,
LTMD_U1_W3_SPANISH_STRUCTKW_0.1,U1-H1972P5ES088-P123,H1972P5ES088,1972,5,ESPAÑOL LECTURAS,123,3,1,0,1,0,0,0,0,
LTMD_U1_W3_SPANISH_STRUCTKW_0.1,U1-H1972P5ES088-P124,H1972P5ES088,1972,5,ESPAÑOL LECTURAS,124,3,1,0,1,0,0,0,0,
LTMD_U1_W3_SPANISH_STRUCTKW_0.1,U1-H1972P5ES088-P125,H1972P5ES088,1972,5,ESPAÑOL LECTURAS,125,6,1,0,1,0,0,0,0,
LTMD_U1_W3_SPANISH_STRUCTKW_0.1,U1-H1972P5ES088-P126,H1972P5ES088,1972,5,ESPAÑOL LECTURAS,126,3,1,0,1,0,0,0,0,
LTMD_U1_W3_SPANISH_STRUCTKW_0.1,U1-H1972P5ES088-P127,H1972P5ES088,1972,5,ESPAÑOL LECTURAS,127,3,1,0,1,0,0,0,0,
LTMD_U1_W3_SPANISH_STRUCTKW_0.1,U1-H1972P5ES088-P128,H1972P5ES088,1972,5,ESPAÑOL LECTURAS,128,6,1,0,1,0,0,0,0,
LTMD_U1_W3_SPANISH_STRUCTKW_0.1,U1-H1972P6ES092-P001,H1972P6ES092,1972,6,ESPAÑOL EJERCICIOS,1,6,1,1,0,0,0,0,0,
LTMD_U1_W3_SPANISH_STRUCTKW_0.1,U1-H1972P6ES092-P002,H1972P6ES092,1972,6,ESPAÑOL EJERCICIOS,2,3,1,1,0,0,0,2,1,
LTMD_U1_W3_SPANISH_STRUCTKW_0.1,U1-H1972P6ES092-P003,H1972P6ES092,1972,6,ESPAÑOL EJERCICIOS,3,3,1,1,0,0,0,0,0,
LTMD_U1_W3_SPANISH_STRUCTKW_0.1,U1-H1972P6ES092-P004,H1972P6ES092,1972,6,ESPAÑOL EJERCICIOS,4,3,1,1,0,0,0,2,1,
LTMD_U1_W3_SPANISH_STRUCTKW_0.1,U1-H1972P6ES092-P005,H1972P6ES092,1972,6,ESPAÑOL EJERCICIOS,5,3,1,1,0,0,1,0,1,
LTMD_U1_W3_SPANISH_STRUCTKW_0.1,U1-H1972P6ES092-P006,H1972P6ES092,1972,6,ESPAÑOL EJERCICIOS,6,3,1,1,0,0,0,0,0,
LTMD_U1_W3_SPANISH_STRUCTKW_0.1,U1-H1972P6ES092-P007,H1972P6ES092,1972,6,ESPAÑOL EJERCICIOS,7,3,1,1,0,0,0,0,0,
LTMD_U1_W3_SPANISH_STRUCTKW_0.1,U1-H1972P6ES092-P008,H1972P6ES092,1972,6,ESPAÑOL EJERCICIOS,8,6,1,1,0,0,0,0,0,
LTMD_U1_W3_SPANISH_STRUCTKW_0.1,U1-H1972P6ES092-P009,H1972P6ES092,1972,6,ESPAÑOL EJERCICIOS,9,3,1,1,0,0,0,0,0,
LTMD_U1_W3_SPANISH_STRUCTKW_0.1,U1-H1972P6ES092-P010,H1972P6ES092,1972,6,ESPAÑOL EJERCICIOS,10,3,1,1,0,0,0,0,0,
LTMD_U1_W3_SPANISH_STRUCTKW_0.1,U1-H1972P6ES092-P011,H1972P6ES092,1972,6,ESPAÑOL EJERCICIOS,11,3,1,1,0,0,0,0,0,
LTMD_U1_W3_SPANISH_STRUCTKW_0.1,U1-H1972P6ES092-P012,H1972P6ES092,1972,6,ESPAÑOL EJERCICIOS,12,3,1,1,0,0,0,0,0,
LTMD_U1_W3_SPANISH_STRUCTKW_0.1,U1-H1972P6ES092-P013,H1972P6ES092,1972,6,ESPAÑOL EJERCICIOS,13,3,1,1,0,0,0,0,0,
LTMD_U1_W3_SPANISH_STRUCTKW_0.1,U1-H1972P6ES092-P014,H1972P6ES092,1972,6,ESPAÑOL EJERCICIOS,14,3,1,1,0,0,1,0,1,
LTMD_U1_W3_SPANISH_STRUCTKW_0.1,U1-H1972P6ES092-P015,H1972P6ES092,1972,6,ESPAÑOL EJERCICIOS,15,3,1,1,0,0,0,0,0,
LTMD_U1_W3_SPANISH_STRUCTKW_0.1,U1-H1972P6ES092-P016,H1972P6ES092,1972,6,ESPAÑOL EJERCICIOS,16,3,1,1,0,0,0,0,0,
LTMD_U1_W3_SPANISH_STRUCTKW_0.1,U1-H1972P6ES092-P163,H1972P6ES092,1972,6,ESPAÑOL EJERCICIOS,163,3,1,0,1,0,0,0,0,
LTMD_U1_W3_SPANISH_STRUCTKW_0.1,U1-H1972P6ES092-P164,H1972P6ES092,1972,6,ESPAÑOL EJERCICIOS,164,3,1,0,1,0,0,0,0,
LTMD_U1_W3_SPANISH_STRUCTKW_0.1,U1-H1972P6ES092-P165,H1972P6ES092,1972,6,ESPAÑOL EJERCICIOS,165,3,1,0,1,0,0,0,0,
LTMD_U1_W3_SPANISH_STRUCTKW_0.1,U1-H1972P6ES092-P166,H1972P6ES092,1972,6,ESPAÑOL EJERCICIOS,166,3,1,0,1,0,0,0,0,
LTMD_U1_W3_SPANISH_STRUCTKW_0.1,U1-H1972P6ES092-P167,H1972P6ES092,1972,6,ESPAÑOL EJERCICIOS,167,3,1,0,1,0,0,0,0,
LTMD_U1_W3_SPANISH_STRUCTKW_0.1,U1-H1972P6ES092-P168,H1972P6ES092,1972,6,ESPAÑOL EJERCICIOS,168,3,1,0,1,0,0,0,0,
LTMD_U1_W3_SPANISH_STRUCTKW_0.1,U1-H1972P6ES092-P169,H1972P6ES092,1972,6,ESPAÑOL EJERCICIOS,169,6,1,0,1,0,0,0,0,
LTMD_U1_W3_SPANISH_STRUCTKW_0.1,U1-H1972P6ES092-P170,H1972P6ES092,1972,6,ESPAÑOL EJERCICIOS,170,6,1,0,1,0,0,0,0,
LTMD_U1_W3_SPANISH_STRUCTKW_0.1,U1-H1972P6ES092-P171,H1972P6ES092,1972,6,ESPAÑOL EJERCICIOS,171,,1,0,1,0,0,0,0,
LTMD_U1_W3_SPANISH_STRUCTKW_0.1,U1-H1972P6ES092-P172,H1972P6ES092,1972,6,ESPAÑOL EJERCICIOS,172,11,1,0,1,0,0,0,0,
LTMD_U1_W3_SPANISH_STRUCTKW_0.1,U1-H1972P6ES092-P173,H1972P6ES092,1972,6,ESPAÑOL EJERCICIOS,173,11,1,0,1,0,0,0,0,
LTMD_U1_W3_SPANISH_STRUCTKW_0.1,U1-H1972P6ES092-P174,H1972P6ES092,1972,6,ESPAÑOL EJERCICIOS,174,11,1,0,1,0,0,0,0,
LTMD_U1_W3_SPANISH_STRUCTKW_0.1,U1-H1972P6ES092-P175,H1972P6ES092,1972,6,ESPAÑOL EJERCICIOS,175,11,1,0,1,0,0,0,0,
LTMD_U1_W3_SPANISH_STRUCTKW_0.1,U1-H1972P6ES092-P176,H1972P6ES092,1972,6,ESPAÑOL EJERCICIOS,176,3,1,0,1,0,0,1,1,
LTMD_U1_W3_SPANISH_STRUCTKW_0.1,U1-H1972P6ES092-P177,H1972P6ES092,1972,6,ESPAÑOL EJERCICIOS,177,3,1,0,1,0,0,0,0,
LTMD_U1_W3_SPANISH_STRUCTKW_0.1,U1-H1972P6ES092-P178,H1972P6ES092,1972,6,ESPAÑOL EJERCICIOS,178,6,1,0,1,0,0,0,0,
LTMD_U1_W3_SPANISH_STRUCTKW_0.1,U1-H1972P6ES093-P001,H1972P6ES093,1972,6,ESPAÑOL LECTURAS,1,,1,1,0,0,0,0,0,
LTMD_U1_W3_SPANISH_STRUCTKW_0.1,U1-H1972P6ES093-P002,H1972P6ES093,1972,6,ESPAÑOL LECTURAS,2,6,1,1,0,0,0,1,1,
LTMD_U1_W3_SPANISH_STRUCTKW_0.1,U1-H1972P6ES093-P003,H1972P6ES093,1972,6,ESPAÑOL LECTURAS,3,3,1,1,0,0,0,0,0,
LTMD_U1_W3_SPANISH_STRUCTKW_0.1,U1-H1972P6ES093-P004,H1972P6ES093,1972,6,ESPAÑOL LECTURAS,4,3,1,1,0,0,0,2,1,
LTMD_U1_W3_SPANISH_STRUCTKW_0.1,U1-H1972P6ES093-P005,H1972P6ES093,1972,6,ESPAÑOL LECTURAS,5,3,1,1,0,1,1,0,2,
LTMD_U1_W3_SPANISH_STRUCTKW_0.1,U1-H1972P6ES093-P006,H1972P6ES093,1972,6,ESPAÑOL LECTURAS,6,3,1,1,0,0,0,0,0,
LTMD_U1_W3_SPANISH_STRUCTKW_0.1,U1-H1972P6ES093-P007,H1972P6ES093,1972,6,ESPAÑOL LECTURAS,7,3,1,1,0,0,0,0,0,
LTMD_U1_W3_SPANISH_STRUCTKW_0.1,U1-H1972P6ES093-P008,H1972P6ES093,1972,6,ESPAÑOL LECTURAS,8,3,1,1,0,1,0,0,1,
LTMD_U1_W3_SPANISH_STRUCTKW_0.1,U1-H1972P6ES093-P009,H1972P6ES093,1972,6,ESPAÑOL LECTURAS,9,3,1,1,0,0,0,0,0,
LTMD_U1_W3_SPANISH_STRUCTKW_0.1,U1-H1972P6ES093-P010,H1972P6ES093,1972,6,ESPAÑOL LECTURAS,10,3,1,1,0,0,1,0,1,
LTMD_U1_W3_SPANISH_STRUCTKW_0.1,U1-H1972P6ES093-P011,H1972P6ES093,1972,6,ESPAÑOL LECTURAS,11,3,1,1,0,0,0,0,0,
LTMD_U1_W3_SPANISH_STRUCTKW_0.1,U1-H1972P6ES093-P012,H1972P6ES093,1972,6,ESPAÑOL LECTURAS,12,3,1,1,0,0,0,0,0,
LTMD_U1_W3_SPANISH_STRUCTKW_0.1,U1-H1972P6ES093-P013,H1972P6ES093,1972,6,ESPAÑOL LECTURAS,13,3,1,1,0,0,0,0,0,
LTMD_U1_W3_SPANISH_STRUCTKW_0.1,U1-H1972P6ES093-P014,H1972P6ES093,1972,6,ESPAÑOL LECTURAS,14,3,1,1,0,0,0,0,0,
LTMD_U1_W3_SPANISH_STRUCTKW_0.1,U1-H1972P6ES093-P015,H1972P6ES093,1972,6,ESPAÑOL LECTURAS,15,3,1,1,0,0,0,0,0,
LTMD_U1_W3_SPANISH_STRUCTKW_0.1,U1-H1972P6ES093-P016,H1972P6ES093,1972,6,ESPAÑOL LECTURAS,16,3,1,1,0,0,0,0,0,
LTMD_U1_W3_SPANISH_STRUCTKW_0.1,U1-H1972P6ES093-P089,H1972P6ES093,1972,6,ESPAÑOL LECTURAS,89,3,1,0,1,0,0,0,0,
LTMD_U1_W3_SPANISH_STRUCTKW_0.1,U1-H1972P6ES093-P090,H1972P6ES093,1972,6,ESPAÑOL LECTURAS,90,3,1,0,1,0,0,0,0,
LTMD_U1_W3_SPANISH_STRUCTKW_0.1,U1-H1972P6ES093-P091,H1972P6ES093,1972,6,ESPAÑOL LECTURAS,91,3,1,0,1,0,0,0,0,
LTMD_U1_W3_SPANISH_STRUCTKW_0.1,U1-H1972P6ES093-P092,H1972P6ES093,1972,6,ESPAÑOL LECTURAS,92,3,1,0,1,0,0,0,0,
LTMD_U1_W3_SPANISH_STRUCTKW_0.1,U1-H1972P6ES093-P093,H1972P6ES093,1972,6,ESPAÑOL LECTURAS,93,3,1,0,1,0,0,0,0,
LTMD_U1_W3_SPANISH_STRUCTKW_0.1,U1-H1972P6ES093-P094,H1972P6ES093,1972,6,ESPAÑOL LECTURAS,94,3,1,0,1,0,0,0,0,
LTMD_U1_W3_SPANISH_STRUCTKW_0.1,U1-H1972P6ES093-P095,H1972P6ES093,1972,6,ESPAÑOL LECTURAS,95,3,1,0,1,0,0,0,0,
LTMD_U1_W3_SPANISH_STRUCTKW_0.1,U1-H1972P6ES093-P096,H1972P6ES093,1972,6,ESPAÑOL LECTURAS,96,3,1,0,1,0,0,0,0,
LTMD_U1_W3_SPANISH_STRUCTKW_0.1,U1-H1972P6ES093-P097,H1972P6ES093,1972,6,ESPAÑOL LECTURAS,97,3,1,0,1,0,0,0,0,
LTMD_U1_W3_SPANISH_STRUCTKW_0.1,U1-H1972P6ES093-P098,H1972P6ES093,1972,6,ESPAÑOL LECTURAS,98,3,1,0,1,0,0,0,0,
LTMD_U1_W3_SPANISH_STRUCTKW_0.1,U1-H1972P6ES093-P099,H1972P6ES093,1972,6,ESPAÑOL LECTURAS,99,3,1,0,1,0,0,0,0,
LTMD_U1_W3_SPANISH_STRUCTKW_0.1,U1-H1972P6ES093-P100,H1972P6ES093,1972,6,ESPAÑOL LECTURAS,100,3,1,0,1,0,0,0,0,
LTMD_U1_W3_SPANISH_STRUCTKW_0.1,U1-H1972P6ES093-P101,H1972P6ES093,1972,6,ESPAÑOL LECTURAS,101,6,1,0,1,0,0,0,0,
LTMD_U1_W3_SPANISH_STRUCTKW_0.1,U1-H1972P6ES093-P102,H1972P6ES093,1972,6,ESPAÑOL LECTURAS,102,3,1,0,1,0,0,0,0,
LTMD_U1_W3_SPANISH_STRUCTKW_0.1,U1-H1972P6ES093-P103,H1972P6ES093,1972,6,ESPAÑOL LECTURAS,103,3,1,0,1,0,0,0,0,
LTMD_U1_W3_SPANISH_STRUCTKW_0.1,U1-H1972P6ES093-P104,H1972P6ES093,1972,6,ESPAÑOL LECTURAS,104,3,1,0,1,0,0,1,1,
LTMD_U1_W3_SPANISH_STRUCTKW_0.1,U1-H1982P2ES100-P001,H1982P2ES100,1982,2,MI LIBRO LECTURAS,1,6,1,1,0,0,0,0,0,
LTMD_U1_W3_SPANISH_STRUCTKW_0.1,U1-H1982P2ES100-P002,H1982P2ES100,1982,2,MI LIBRO LECTURAS,2,,1,1,0,0,0,0,0,
LTMD_U1_W3_SPANISH_STRUCTKW_0.1,U1-H1982P2ES100-P003,H1982P2ES100,1982,2,MI LIBRO LECTURAS,3,3,1,1,0,0,0,1,1,
LTMD_U1_W3_SPANISH_STRUCTKW_0.1,U1-H1982P2ES100-P004,H1982P2ES100,1982,2,MI LIBRO LECTURAS,4,3,1,1,0,0,1,4,2,
LTMD_U1_W3_SPANISH_STRUCTKW_0.1,U1-H1982P2ES100-P005,H1982P2ES100,1982,2,MI LIBRO LECTURAS,5,3,1,1,0,1,1,0,2,
LTMD_U1_W3_SPANISH_STRUCTKW_0.1,U1-H1982P2ES100-P006,H1982P2ES100,1982,2,MI LIBRO LECTURAS,6,3,1,1,0,0,0,0,0,
LTMD_U1_W3_SPANISH_STRUCTKW_0.1,U1-H1982P2ES100-P007,H1982P2ES100,1982,2,MI LIBRO LECTURAS,7,3,1,1,0,0,0,0,0,
LTMD_U1_W3_SPANISH_STRUCTKW_0.1,U1-H1982P2ES100-P008,H1982P2ES100,1982,2,MI LIBRO LECTURAS,8,3,1,1,0,0,0,0,0,
LTMD_U1_W3_SPANISH_STRUCTKW_0.1,U1-H1982P2ES100-P009,H1982P2ES100,1982,2,MI LIBRO LECTURAS,9,3,1,1,0,1,0,0,1,
LTMD_U1_W3_SPANISH_STRUCTKW_0.1,U1-H1982P2ES100-P010,H1982P2ES100,1982,2,MI LIBRO LECTURAS,10,,1,1,0,0,0,0,0,
LTMD_U1_W3_SPANISH_STRUCTKW_0.1,U1-H1982P2ES100-P011,H1982P2ES100,1982,2,MI LIBRO LECTURAS,11,3,1,1,0,0,0,0,0,
LTMD_U1_W3_SPANISH_STRUCTKW_0.1,U1-H1982P2ES100-P012,H1982P2ES100,1982,2,MI LIBRO LECTURAS,12,3,1,1,0,0,0,0,0,
LTMD_U1_W3_SPANISH_STRUCTKW_0.1,U1-H1982P2ES100-P013,H1982P2ES100,1982,2,MI LIBRO LECTURAS,13,3,1,1,0,0,0,0,0,
LTMD_U1_W3_SPANISH_STRUCTKW_0.1,U1-H1982P2ES100-P014,H1982P2ES100,1982,2,MI LIBRO LECTURAS,14,3,1,1,0,0,0,0,0,
LTMD_U1_W3_SPANISH_STRUCTKW_0.1,U1-H1982P2ES100-P015,H1982P2ES100,1982,2,MI LIBRO LECTURAS,15,3,1,1,0,0,0,0,0,
LTMD_U1_W3_SPANISH_STRUCTKW_0.1,U1-H1982P2ES100-P016,H1982P2ES100,1982,2,MI LIBRO LECTURAS,16,3,1,1,0,0,0,0,0,
LTMD_U1_W3_SPANISH_STRUCTKW_0.1,U1-H1982P2ES100-P131,H1982P2ES100,1982,2,MI LIBRO LECTURAS,131,,1,0,1,0,0,0,0,
LTMD_U1_W3_SPANISH_STRUCTKW_0.1,U1-H1982P2ES100-P132,H1982P2ES100,1982,2,MI LIBRO LECTURAS,132,3,1,0,1,0,0,0,0,
LTMD_U1_W3_SPANISH_STRUCTKW_0.1,U1-H1982P2ES100-P133,H1982P2ES100,1982,2,MI LIBRO LECTURAS,133,3,1,0,1,0,0,0,0,
LTMD_U1_W3_SPANISH_STRUCTKW_0.1,U1-H1982P2ES100-P134,H1982P2ES100,1982,2,MI LIBRO LECTURAS,134,3,1,0,1,0,0,0,0,
LTMD_U1_W3_SPANISH_STRUCTKW_0.1,U1-H1982P2ES100-P135,H1982P2ES100,1982,2,MI LIBRO LECTURAS,135,3,1,0,1,0,0,0,0,
LTMD_U1_W3_SPANISH_STRUCTKW_0.1,U1-H1982P2ES100-P136,H1982P2ES100,1982,2,MI LIBRO LECTURAS,136,3,1,0,1,0,0,0,0,
LTMD_U1_W3_SPANISH_STRUCTKW_0.1,U1-H1982P2ES100-P137,H1982P2ES100,1982,2,MI LIBRO LECTURAS,137,3,1,0,1,0,0,0,0,
LTMD_U1_W3_SPANISH_STRUCTKW_0.1,U1-H1982P2ES100-P138,H1982P2ES100,1982,2,MI LIBRO LECTURAS,138,3,1,0,1,0,0,0,0,
LTMD_U1_W3_SPANISH_STRUCTKW_0.1,U1-H1982P2ES100-P139,H1982P2ES100,1982,2,MI LIBRO LECTURAS,139,6,1,0,1,0,0,0,0,
LTMD_U1_W3_SPANISH_STRUCTKW_0.1,U1-H1982P2ES100-P140,H1982P2ES100,1982,2,MI LIBRO LECTURAS,140,6,1,0,1,0,0,0,0,
LTMD_U1_W3_SPANISH_STRUCTKW_0.1,U1-H1982P2ES100-P141,H1982P2ES100,1982,2,MI LIBRO LECTURAS,141,3,1,0,1,0,0,0,0,
LTMD_U1_W3_SPANISH_STRUCTKW_0.1,U1-H1982P2ES100-P142,H1982P2ES100,1982,2,MI LIBRO LECTURAS,142,3,1,0,1,0,1,0,1,
LTMD_U1_W3_SPANISH_STRUCTKW_0.1,U1-H1982P2ES100-P143,H1982P2ES100,1982,2,MI LIBRO LECTURAS,143,3,1,0,1,0,0,0,0,
LTMD_U1_W3_SPANISH_STRUCTKW_0.1,U1-H1982P2ES100-P144,H1982P2ES100,1982,2,MI LIBRO LECTURAS,144,3,1,0,1,0,0,1,1,
LTMD_U1_W3_SPANISH_STRUCTKW_0.1,U1-H1982P2ES100-P145,H1982P2ES100,1982,2,MI LIBRO LECTURAS,145,3,1,0,1,0,0,0,0,
LTMD_U1_W3_SPANISH_STRUCTKW_0.1,U1-H1982P2ES100-P146,H1982P2ES100,1982,2,MI LIBRO LECTURAS,146,3,1,0,1,0,0,1,1,
LTMD_U1_W3_SPANISH_STRUCTKW_0.1,U1-H1982P3ES104-P001,H1982P3ES104,1982,3,ESPAÑOL EJERCICIOS,1,6,1,1,0,0,0,0,0,
LTMD_U1_W3_SPANISH_STRUCTKW_0.1,U1-H1982P3ES104-P002,H1982P3ES104,1982,3,ESPAÑOL EJERCICIOS,2,6,1,1,0,0,0,0,0,
LTMD_U1_W3_SPANISH_STRUCTKW_0.1,U1-H1982P3ES104-P003,H1982P3ES104,1982,3,ESPAÑOL EJERCICIOS,3,3,1,1,0,0,0,1,1,
LTMD_U1_W3_SPANISH_STRUCTKW_0.1,U1-H1982P3ES104-P004,H1982P3ES104,1982,3,ESPAÑOL EJERCICIOS,4,3,1,1,0,0,1,6,2,
LTMD_U1_W3_SPANISH_STRUCTKW_0.1,U1-H1982P3ES104-P005,H1982P3ES104,1982,3,ESPAÑOL EJERCICIOS,5,3,1,1,0,0,2,0,1,
LTMD_U1_W3_SPANISH_STRUCTKW_0.1,U1-H1982P3ES104-P006,H1982P3ES104,1982,3,ESPAÑOL EJERCICIOS,6,3,1,1,0,0,1,0,1,
LTMD_U1_W3_SPANISH_STRUCTKW_0.1,U1-H1982P3ES104-P007,H1982P3ES104,1982,3,ESPAÑOL EJERCICIOS,7,3,1,1,0,0,1,0,1,
LTMD_U1_W3_SPANISH_STRUCTKW_0.1,U1-H1982P3ES104-P008,H1982P3ES104,1982,3,ESPAÑOL EJERCICIOS,8,3,1,1,0,0,2,0,1,
LTMD_U1_W3_SPANISH_STRUCTKW_0.1,U1-H1982P3ES104-P009,H1982P3ES104,1982,3,ESPAÑOL EJERCICIOS,9,6,1,1,0,0,0,0,0,
LTMD_U1_W3_SPANISH_STRUCTKW_0.1,U1-H1982P3ES104-P010,H1982P3ES104,1982,3,ESPAÑOL EJERCICIOS,10,6,1,1,0,0,0,0,0,
LTMD_U1_W3_SPANISH_STRUCTKW_0.1,U1-H1982P3ES104-P011,H1982P3ES104,1982,3,ESPAÑOL EJERCICIOS,11,3,1,1,0,0,0,0,0,
LTMD_U1_W3_SPANISH_STRUCTKW_0.1,U1-H1982P3ES104-P012,H1982P3ES104,1982,3,ESPAÑOL EJERCICIOS,12,3,1,1,0,0,0,0,0,
LTMD_U1_W3_SPANISH_STRUCTKW_0.1,U1-H1982P3ES104-P013,H1982P3ES104,1982,3,ESPAÑOL EJERCICIOS,13,3,1,1,0,0,0,0,0,
LTMD_U1_W3_SPANISH_STRUCTKW_0.1,U1-H1982P3ES104-P014,H1982P3ES104,1982,3,ESPAÑOL EJERCICIOS,14,3,1,1,0,0,0,0,0,
LTMD_U1_W3_SPANISH_STRUCTKW_0.1,U1-H1982P3ES104-P015,H1982P3ES104,1982,3,ESPAÑOL EJERCICIOS,15,3,1,1,0,0,0,0,0,
LTMD_U1_W3_SPANISH_STRUCTKW_0.1,U1-H1982P3ES104-P016,H1982P3ES104,1982,3,ESPAÑOL EJERCICIOS,16,3,1,1,0,0,0,0,0,
LTMD_U1_W3_SPANISH_STRUCTKW_0.1,U1-H1982P3ES104-P195,H1982P3ES104,1982,3,ESPAÑOL EJERCICIOS,195,3,1,0,1,0,0,0,0,
LTMD_U1_W3_SPANISH_STRUCTKW_0.1,U1-H1982P3ES104-P196,H1982P3ES104,1982,3,ESPAÑOL EJERCICIOS,196,3,1,0,1,0,0,0,0,
LTMD_U1_W3_SPANISH_STRUCTKW_0.1,U1-H1982P3ES104-P197,H1982P3ES104,1982,3,ESPAÑOL EJERCICIOS,197,3,1,0,1,0,0,0,0,
LTMD_U1_W3_SPANISH_STRUCTKW_0.1,U1-H1982P3ES104-P198,H1982P3ES104,1982,3,ESPAÑOL EJERCICIOS,198,3,1,0,1,0,1,0,1,
LTMD_U1_W3_SPANISH_STRUCTKW_0.1,U1-H1982P3ES104-P199,H1982P3ES104,1982,3,ESPAÑOL EJERCICIOS,199,3,1,0,1,0,1,0,1,
LTMD_U1_W3_SPANISH_STRUCTKW_0.1,U1-H1982P3ES104-P200,H1982P3ES104,1982,3,ESPAÑOL EJERCICIOS,200,3,1,0,1,0,0,0,0,
LTMD_U1_W3_SPANISH_STRUCTKW_0.1,U1-H1982P3ES104-P201,H1982P3ES104,1982,3,ESPAÑOL EJERCICIOS,201,3,1,0,1,0,0,0,0,
LTMD_U1_W3_SPANISH_STRUCTKW_0.1,U1-H1982P3ES104-P202,H1982P3ES104,1982,3,ESPAÑOL EJERCICIOS,202,3,1,0,1,0,0,0,0,
LTMD_U1_W3_SPANISH_STRUCTKW_0.1,U1-H1982P3ES104-P203,H1982P3ES104,1982,3,ESPAÑOL EJERCICIOS,203,3,1,0,1,0,0,0,0,
LTMD_U1_W3_SPANISH_STRUCTKW_0.1,U1-H1982P3ES104-P204,H1982P3ES104,1982,3,ESPAÑOL EJERCICIOS,204,3,1,0,1,0,0,0,0,
LTMD_U1_W3_SPANISH_STRUCTKW_0.1,U1-H1982P3ES104-P205,H1982P3ES104,1982,3,ESPAÑOL EJERCICIOS,205,3,1,0,1,0,0,0,0,
LTMD_U1_W3_SPANISH_STRUCTKW_0.1,U1-H1982P3ES104-P206,H1982P3ES104,1982,3,ESPAÑOL EJERCICIOS,206,3,1,0,1,0,1,0,1,
LTMD_U1_W3_SPANISH_STRUCTKW_0.1,U1-H1982P3ES104-P207,H1982P3ES104,1982,3,ESPAÑOL EJERCICIOS,207,6,1,0,1,0,0,0,0,
LTMD_U1_W3_SPANISH_STRUCTKW_0.1,U1-H1982P3ES104-P208,H1982P3ES104,1982,3,ESPAÑOL EJERCICIOS,208,3,1,0,1,0,0,0,0,
LTMD_U1_W3_SPANISH_STRUCTKW_0.1,U1-H1982P3ES104-P209,H1982P3ES104,1982,3,ESPAÑOL EJERCICIOS,209,3,1,0,1,0,0,0,0,
LTMD_U1_W3_SPANISH_STRUCTKW_0.1,U1-H1982P3ES104-P210,H1982P3ES104,1982,3,ESPAÑOL EJERCICIOS,210,11,1,0,1,0,0,1,1,
LTMD_U1_W3_SPANISH_STRUCTKW_0.1,U1-H1982P3ES105-P001,H1982P3ES105,1982,3,ESPAÑOL LECTURAS,1,3,1,1,0,0,0,0,0,
LTMD_U1_W3_SPANISH_STRUCTKW_0.1,U1-H1982P3ES105-P002,H1982P3ES105,1982,3,ESPAÑOL LECTURAS,2,6,1,1,0,0,0,0,0,
LTMD_U1_W3_SPANISH_STRUCTKW_0.1,U1-H1982P3ES105-P003,H1982P3ES105,1982,3,ESPAÑOL LECTURAS,3,3,1,1,0,0,0,1,1,
LTMD_U1_W3_SPANISH_STRUCTKW_0.1,U1-H1982P3ES105-P004,H1982P3ES105,1982,3,ESPAÑOL LECTURAS,4,3,1,1,0,0,1,4,2,
LTMD_U1_W3_SPANISH_STRUCTKW_0.1,U1-H1982P3ES105-P005,H1982P3ES105,1982,3,ESPAÑOL LECTURAS,5,3,1,1,0,1,1,0,2,
LTMD_U1_W3_SPANISH_STRUCTKW_0.1,U1-H1982P3ES105-P006,H1982P3ES105,1982,3,ESPAÑOL LECTURAS,6,3,1,1,0,0,0,0,0,
LTMD_U1_W3_SPANISH_STRUCTKW_0.1,U1-H1982P3ES105-P007,H1982P3ES105,1982,3,ESPAÑOL LECTURAS,7,3,1,1,0,0,0,0,0,
LTMD_U1_W3_SPANISH_STRUCTKW_0.1,U1-H1982P3ES105-P008,H1982P3ES105,1982,3,ESPAÑOL LECTURAS,8,6,1,1,0,0,0,0,0,
LTMD_U1_W3_SPANISH_STRUCTKW_0.1,U1-H1982P3ES105-P009,H1982P3ES105,1982,3,ESPAÑOL LECTURAS,9,3,1,1,0,1,0,0,1,
LTMD_U1_W3_SPANISH_STRUCTKW_0.1,U1-H1982P3ES105-P010,H1982P3ES105,1982,3,ESPAÑOL LECTURAS,10,11,1,1,0,0,0,0,0,
LTMD_U1_W3_SPANISH_STRUCTKW_0.1,U1-H1982P3ES105-P011,H1982P3ES105,1982,3,ESPAÑOL LECTURAS,11,3,1,1,0,0,0,0,0,
LTMD_U1_W3_SPANISH_STRUCTKW_0.1,U1-H1982P3ES105-P012,H1982P3ES105,1982,3,ESPAÑOL LECTURAS,12,3,1,1,0,0,0,0,0,
LTMD_U1_W3_SPANISH_STRUCTKW_0.1,U1-H1982P3ES105-P013,H1982P3ES105,1982,3,ESPAÑOL LECTURAS,13,3,1,1,0,0,0,0,0,
LTMD_U1_W3_SPANISH_STRUCTKW_0.1,U1-H1982P3ES105-P014,H1982P3ES105,1982,3,ESPAÑOL LECTURAS,14,3,1,1,0,0,0,0,0,
LTMD_U1_W3_SPANISH_STRUCTKW_0.1,U1-H1982P3ES105-P015,H1982P3ES105,1982,3,ESPAÑOL LECTURAS,15,3,1,1,0,0,0,0,0,
LTMD_U1_W3_SPANISH_STRUCTKW_0.1,U1-H1982P3ES105-P016,H1982P3ES105,1982,3,ESPAÑOL LECTURAS,16,3,1,1,0,0,0,0,0,
LTMD_U1_W3_SPANISH_STRUCTKW_0.1,U1-H1982P3ES105-P099,H1982P3ES105,1982,3,ESPAÑOL LECTURAS,99,3,1,0,1,0,0,0,0,
LTMD_U1_W3_SPANISH_STRUCTKW_0.1,U1-H1982P3ES105-P100,H1982P3ES105,1982,3,ESPAÑOL LECTURAS,100,3,1,0,1,0,0,0,0,
LTMD_U1_W3_SPANISH_STRUCTKW_0.1,U1-H1982P3ES105-P101,H1982P3ES105,1982,3,ESPAÑOL LECTURAS,101,3,1,0,1,0,0,0,0,
LTMD_U1_W3_SPANISH_STRUCTKW_0.1,U1-H1982P3ES105-P102,H1982P3ES105,1982,3,ESPAÑOL LECTURAS,102,3,1,0,1,0,0,0,0,
LTMD_U1_W3_SPANISH_STRUCTKW_0.1,U1-H1982P3ES105-P103,H1982P3ES105,1982,3,ESPAÑOL LECTURAS,103,3,1,0,1,0,0,0,0,
LTMD_U1_W3_SPANISH_STRUCTKW_0.1,U1-H1982P3ES105-P104,H1982P3ES105,1982,3,ESPAÑOL LECTURAS,104,3,1,0,1,0,0,0,0,
LTMD_U1_W3_SPANISH_STRUCTKW_0.1,U1-H1982P3ES105-P105,H1982P3ES105,1982,3,ESPAÑOL LECTURAS,105,3,1,0,1,0,0,0,0,
LTMD_U1_W3_SPANISH_STRUCTKW_0.1,U1-H1982P3ES105-P106,H1982P3ES105,1982,3,ESPAÑOL LECTURAS,106,3,1,0,1,0,0,0,0,
LTMD_U1_W3_SPANISH_STRUCTKW_0.1,U1-H1982P3ES105-P107,H1982P3ES105,1982,3,ESPAÑOL LECTURAS,107,3,1,0,1,0,0,0,0,
LTMD_U1_W3_SPANISH_STRUCTKW_0.1,U1-H1982P3ES105-P108,H1982P3ES105,1982,3,ESPAÑOL LECTURAS,108,3,1,0,1,0,0,0,0,
LTMD_U1_W3_SPANISH_STRUCTKW_0.1,U1-H1982P3ES105-P109,H1982P3ES105,1982,3,ESPAÑOL LECTURAS,109,3,1,0,1,0,0,0,0,
LTMD_U1_W3_SPANISH_STRUCTKW_0.1,U1-H1982P3ES105-P110,H1982P3ES105,1982,3,ESPAÑOL LECTURAS,110,3,1,0,1,0,0,0,0,
LTMD_U1_W3_SPANISH_STRUCTKW_0.1,U1-H1982P3ES105-P111,H1982P3ES105,1982,3,ESPAÑOL LECTURAS,111,6,1,0,1,0,0,0,0,
LTMD_U1_W3_SPANISH_STRUCTKW_0.1,U1-H1982P3ES105-P112,H1982P3ES105,1982,3,ESPAÑOL LECTURAS,112,3,1,0,1,0,0,1,1,
LTMD_U1_W3_SPANISH_STRUCTKW_0.1,U1-H1982P3ES105-P113,H1982P3ES105,1982,3,ESPAÑOL LECTURAS,113,3,1,0,1,0,0,0,0,
LTMD_U1_W3_SPANISH_STRUCTKW_0.1,U1-H1982P3ES105-P114,H1982P3ES105,1982,3,ESPAÑOL LECTURAS,114,6,1,0,1,0,0,0,0,
LTMD_U1_W3_SPANISH_STRUCTKW_0.1,U1-H1988P2ES114-P001,H1988P2ES114,1988,2,ESPAÑOL LECTURAS,1,3,1,1,0,0,0,0,0,
LTMD_U1_W3_SPANISH_STRUCTKW_0.1,U1-H1988P2ES114-P002,H1988P2ES114,1988,2,ESPAÑOL LECTURAS,2,11,1,1,0,0,0,0,0,
LTMD_U1_W3_SPANISH_STRUCTKW_0.1,U1-H1988P2ES114-P003,H1988P2ES114,1988,2,ESPAÑOL LECTURAS,3,3,1,1,0,0,0,1,1,
LTMD_U1_W3_SPANISH_STRUCTKW_0.1,U1-H1988P2ES114-P004,H1988P2ES114,1988,2,ESPAÑOL LECTURAS,4,3,1,1,0,0,1,5,2,
LTMD_U1_W3_SPANISH_STRUCTKW_0.1,U1-H1988P2ES114-P005,H1988P2ES114,1988,2,ESPAÑOL LECTURAS,5,3,1,1,0,1,1,0,2,
LTMD_U1_W3_SPANISH_STRUCTKW_0.1,U1-H1988P2ES114-P006,H1988P2ES114,1988,2,ESPAÑOL LECTURAS,6,3,1,1,0,0,0,0,0,
LTMD_U1_W3_SPANISH_STRUCTKW_0.1,U1-H1988P2ES114-P007,H1988P2ES114,1988,2,ESPAÑOL LECTURAS,7,3,1,1,0,0,0,0,0,
LTMD_U1_W3_SPANISH_STRUCTKW_0.1,U1-H1988P2ES114-P008,H1988P2ES114,1988,2,ESPAÑOL LECTURAS,8,3,1,1,0,0,0,0,0,
LTMD_U1_W3_SPANISH_STRUCTKW_0.1,U1-H1988P2ES114-P009,H1988P2ES114,1988,2,ESPAÑOL LECTURAS,9,3,1,1,0,1,0,0,1,
LTMD_U1_W3_SPANISH_STRUCTKW_0.1,U1-H1988P2ES114-P010,H1988P2ES114,1988,2,ESPAÑOL LECTURAS,10,6,1,1,0,0,0,0,0,
LTMD_U1_W3_SPANISH_STRUCTKW_0.1,U1-H1988P2ES114-P011,H1988P2ES114,1988,2,ESPAÑOL LECTURAS,11,3,1,1,0,0,0,0,0,
LTMD_U1_W3_SPANISH_STRUCTKW_0.1,U1-H1988P2ES114-P012,H1988P2ES114,1988,2,ESPAÑOL LECTURAS,12,3,1,1,0,0,0,0,0,
LTMD_U1_W3_SPANISH_STRUCTKW_0.1,U1-H1988P2ES114-P013,H1988P2ES114,1988,2,ESPAÑOL LECTURAS,13,3,1,1,0,0,0,0,0,
LTMD_U1_W3_SPANISH_STRUCTKW_0.1,U1-H1988P2ES114-P014,H1988P2ES114,1988,2,ESPAÑOL LECTURAS,14,3,1,1,0,0,0,0,0,
LTMD_U1_W3_SPANISH_STRUCTKW_0.1,U1-H1988P2ES114-P015,H1988P2ES114,1988,2,ESPAÑOL LECTURAS,15,3,1,1,0,0,0,0,0,
LTMD_U1_W3_SPANISH_STRUCTKW_0.1,U1-H1988P2ES114-P016,H1988P2ES114,1988,2,ESPAÑOL LECTURAS,16,3,1,1,0,0,0,0,0,
LTMD_U1_W3_SPANISH_STRUCTKW_0.1,U1-H1988P2ES114-P129,H1988P2ES114,1988,2,ESPAÑOL LECTURAS,129,,1,0,1,0,0,0,0,
LTMD_U1_W3_SPANISH_STRUCTKW_0.1,U1-H1988P2ES114-P130,H1988P2ES114,1988,2,ESPAÑOL LECTURAS,130,3,1,0,1,0,0,0,0,
LTMD_U1_W3_SPANISH_STRUCTKW_0.1,U1-H1988P2ES114-P131,H1988P2ES114,1988,2,ESPAÑOL LECTURAS,131,6,1,0,1,0,0,0,0,
LTMD_U1_W3_SPANISH_STRUCTKW_0.1,U1-H1988P2ES114-P132,H1988P2ES114,1988,2,ESPAÑOL LECTURAS,132,3,1,0,1,0,0,0,0,
LTMD_U1_W3_SPANISH_STRUCTKW_0.1,U1-H1988P2ES114-P133,H1988P2ES114,1988,2,ESPAÑOL LECTURAS,133,3,1,0,1,0,0,0,0,
LTMD_U1_W3_SPANISH_STRUCTKW_0.1,U1-H1988P2ES114-P134,H1988P2ES114,1988,2,ESPAÑOL LECTURAS,134,3,1,0,1,0,0,0,0,
LTMD_U1_W3_SPANISH_STRUCTKW_0.1,U1-H1988P2ES114-P135,H1988P2ES114,1988,2,ESPAÑOL LECTURAS,135,3,1,0,1,0,0,0,0,
LTMD_U1_W3_SPANISH_STRUCTKW_0.1,U1-H1988P2ES114-P136,H1988P2ES114,1988,2,ESPAÑOL LECTURAS,136,3,1,0,1,0,0,0,0,
LTMD_U1_W3_SPANISH_STRUCTKW_0.1,U1-H1988P2ES114-P137,H1988P2ES114,1988,2,ESPAÑOL LECTURAS,137,3,1,0,1,0,0,0,0,
LTMD_U1_W3_SPANISH_STRUCTKW_0.1,U1-H1988P2ES114-P138,H1988P2ES114,1988,2,ESPAÑOL LECTURAS,138,6,1,0,1,0,0,0,0,
LTMD_U1_W3_SPANISH_STRUCTKW_0.1,U1-H1988P2ES114-P139,H1988P2ES114,1988,2,ESPAÑOL LECTURAS,139,3,1,0,1,0,0,0,0,
LTMD_U1_W3_SPANISH_STRUCTKW_0.1,U1-H1988P2ES114-P140,H1988P2ES114,1988,2,ESPAÑOL LECTURAS,140,3,1,0,1,0,1,0,1,
LTMD_U1_W3_SPANISH_STRUCTKW_0.1,U1-H1988P2ES114-P141,H1988P2ES114,1988,2,ESPAÑOL LECTURAS,141,3,1,0,1,0,0,0,0,
LTMD_U1_W3_SPANISH_STRUCTKW_0.1,U1-H1988P2ES114-P142,H1988P2ES114,1988,2,ESPAÑOL LECTURAS,142,3,1,0,1,0,0,0,0,
LTMD_U1_W3_SPANISH_STRUCTKW_0.1,U1-H1988P2ES114-P143,H1988P2ES114,1988,2,ESPAÑOL LECTURAS,143,3,1,0,1,0,0,0,0,
LTMD_U1_W3_SPANISH_STRUCTKW_0.1,U1-H1988P2ES114-P144,H1988P2ES114,1988,2,ESPAÑOL LECTURAS,144,3,1,0,1,0,0,1,1,
LTMD_U1_W3_SPANISH_STRUCTKW_0.1,U1-H1988P3ES116-P001,H1988P3ES116,1988,3,ESPAÑOL EJERCICIOS,1,3,1,1,0,0,0,0,0,
LTMD_U1_W3_SPANISH_STRUCTKW_0.1,U1-H1988P3ES116-P002,H1988P3ES116,1988,3,ESPAÑOL EJERCICIOS,2,,1,1,0,0,0,0,0,
LTMD_U1_W3_SPANISH_STRUCTKW_0.1,U1-H1988P3ES116-P003,H1988P3ES116,1988,3,ESPAÑOL EJERCICIOS,3,3,1,1,0,0,0,1,1,
LTMD_U1_W3_SPANISH_STRUCTKW_0.1,U1-H1988P3ES116-P004,H1988P3ES116,1988,3,ESPAÑOL EJERCICIOS,4,3,1,1,0,0,1,5,2,
LTMD_U1_W3_SPANISH_STRUCTKW_0.1,U1-H1988P3ES116-P005,H1988P3ES116,1988,3,ESPAÑOL EJERCICIOS,5,3,1,1,0,0,2,0,1,
LTMD_U1_W3_SPANISH_STRUCTKW_0.1,U1-H1988P3ES116-P006,H1988P3ES116,1988,3,ESPAÑOL EJERCICIOS,6,3,1,1,0,0,1,0,1,
LTMD_U1_W3_SPANISH_STRUCTKW_0.1,U1-H1988P3ES116-P007,H1988P3ES116,1988,3,ESPAÑOL EJERCICIOS,7,3,1,1,0,0,1,0,1,
LTMD_U1_W3_SPANISH_STRUCTKW_0.1,U1-H1988P3ES116-P008,H1988P3ES116,1988,3,ESPAÑOL EJERCICIOS,8,3,1,1,0,0,2,0,1,
LTMD_U1_W3_SPANISH_STRUCTKW_0.1,U1-H1988P3ES116-P009,H1988P3ES116,1988,3,ESPAÑOL EJERCICIOS,9,6,1,1,0,0,0,0,0,
LTMD_U1_W3_SPANISH_STRUCTKW_0.1,U1-H1988P3ES116-P010,H1988P3ES116,1988,3,ESPAÑOL EJERCICIOS,10,6,1,1,0,0,0,0,0,
LTMD_U1_W3_SPANISH_STRUCTKW_0.1,U1-H1988P3ES116-P011,H1988P3ES116,1988,3,ESPAÑOL EJERCICIOS,11,3,1,1,0,0,0,0,0,
LTMD_U1_W3_SPANISH_STRUCTKW_0.1,U1-H1988P3ES116-P012,H1988P3ES116,1988,3,ESPAÑOL EJERCICIOS,12,3,1,1,0,0,0,0,0,
LTMD_U1_W3_SPANISH_STRUCTKW_0.1,U1-H1988P3ES116-P013,H1988P3ES116,1988,3,ESPAÑOL EJERCICIOS,13,3,1,1,0,0,0,0,0,
LTMD_U1_W3_SPANISH_STRUCTKW_0.1,U1-H1988P3ES116-P014,H1988P3ES116,1988,3,ESPAÑOL EJERCICIOS,14,3,1,1,0,0,0,0,0,
LTMD_U1_W3_SPANISH_STRUCTKW_0.1,U1-H1988P3ES116-P015,H1988P3ES116,1988,3,ESPAÑOL EJERCICIOS,15,3,1,1,0,0,0,0,0,
LTMD_U1_W3_SPANISH_STRUCTKW_0.1,U1-H1988P3ES116-P016,H1988P3ES116,1988,3,ESPAÑOL EJERCICIOS,16,3,1,1,0,0,0,0,0,
LTMD_U1_W3_SPANISH_STRUCTKW_0.1,U1-H1988P3ES116-P195,H1988P3ES116,1988,3,ESPAÑOL EJERCICIOS,195,3,1,0,1,0,0,0,0,
LTMD_U1_W3_SPANISH_STRUCTKW_0.1,U1-H1988P3ES116-P196,H1988P3ES116,1988,3,ESPAÑOL EJERCICIOS,196,3,1,0,1,0,0,0,0,
LTMD_U1_W3_SPANISH_STRUCTKW_0.1,U1-H1988P3ES116-P197,H1988P3ES116,1988,3,ESPAÑOL EJERCICIOS,197,3,1,0,1,0,0,0,0,
LTMD_U1_W3_SPANISH_STRUCTKW_0.1,U1-H1988P3ES116-P198,H1988P3ES116,1988,3,ESPAÑOL EJERCICIOS,198,3,1,0,1,0,1,0,1,
LTMD_U1_W3_SPANISH_STRUCTKW_0.1,U1-H1988P3ES116-P199,H1988P3ES116,1988,3,ESPAÑOL EJERCICIOS,199,3,1,0,1,0,1,0,1,
LTMD_U1_W3_SPANISH_STRUCTKW_0.1,U1-H1988P3ES116-P200,H1988P3ES116,1988,3,ESPAÑOL EJERCICIOS,200,3,1,0,1,0,0,0,0,
LTMD_U1_W3_SPANISH_STRUCTKW_0.1,U1-H1988P3ES116-P201,H1988P3ES116,1988,3,ESPAÑOL EJERCICIOS,201,3,1,0,1,0,0,0,0,
LTMD_U1_W3_SPANISH_STRUCTKW_0.1,U1-H1988P3ES116-P202,H1988P3ES116,1988,3,ESPAÑOL EJERCICIOS,202,3,1,0,1,0,0,0,0,
LTMD_U1_W3_SPANISH_STRUCTKW_0.1,U1-H1988P3ES116-P203,H1988P3ES116,1988,3,ESPAÑOL EJERCICIOS,203,3,1,0,1,0,0,0,0,
LTMD_U1_W3_SPANISH_STRUCTKW_0.1,U1-H1988P3ES116-P204,H1988P3ES116,1988,3,ESPAÑOL EJERCICIOS,204,3,1,0,1,0,0,0,0,
LTMD_U1_W3_SPANISH_STRUCTKW_0.1,U1-H1988P3ES116-P205,H1988P3ES116,1988,3,ESPAÑOL EJERCICIOS,205,3,1,0,1,0,0,0,0,
LTMD_U1_W3_SPANISH_STRUCTKW_0.1,U1-H1988P3ES116-P206,H1988P3ES116,1988,3,ESPAÑOL EJERCICIOS,206,3,1,0,1,0,1,0,1,
LTMD_U1_W3_SPANISH_STRUCTKW_0.1,U1-H1988P3ES116-P207,H1988P3ES116,1988,3,ESPAÑOL EJERCICIOS,207,6,1,0,1,0,0,0,0,
LTMD_U1_W3_SPANISH_STRUCTKW_0.1,U1-H1988P3ES116-P208,H1988P3ES116,1988,3,ESPAÑOL EJERCICIOS,208,3,1,0,1,0,0,0,0,
LTMD_U1_W3_SPANISH_STRUCTKW_0.1,U1-H1988P3ES116-P209,H1988P3ES116,1988,3,ESPAÑOL EJERCICIOS,209,3,1,0,1,0,0,0,0,
LTMD_U1_W3_SPANISH_STRUCTKW_0.1,U1-H1988P3ES116-P210,H1988P3ES116,1988,3,ESPAÑOL EJERCICIOS,210,3,1,0,1,0,0,1,1,
LTMD_U1_W3_SPANISH_STRUCTKW_0.1,U1-H1988P3ES117-P001,H1988P3ES117,1988,3,ESPAÑOL LECTURA,1,3,1,1,0,0,0,0,0,
LTMD_U1_W3_SPANISH_STRUCTKW_0.1,U1-H1988P3ES117-P002,H1988P3ES117,1988,3,ESPAÑOL LECTURA,2,11,1,1,0,0,0,0,0,
LTMD_U1_W3_SPANISH_STRUCTKW_0.1,U1-H1988P3ES117-P003,H1988P3ES117,1988,3,ESPAÑOL LECTURA,3,3,1,1,0,0,0,1,1,
LTMD_U1_W3_SPANISH_STRUCTKW_0.1,U1-H1988P3ES117-P004,H1988P3ES117,1988,3,ESPAÑOL LECTURA,4,3,1,1,0,0,1,4,2,
LTMD_U1_W3_SPANISH_STRUCTKW_0.1,U1-H1988P3ES117-P005,H1988P3ES117,1988,3,ESPAÑOL LECTURA,5,3,1,1,0,1,1,0,2,
LTMD_U1_W3_SPANISH_STRUCTKW_0.1,U1-H1988P3ES117-P006,H1988P3ES117,1988,3,ESPAÑOL LECTURA,6,3,1,1,0,0,0,0,0,
LTMD_U1_W3_SPANISH_STRUCTKW_0.1,U1-H1988P3ES117-P007,H1988P3ES117,1988,3,ESPAÑOL LECTURA,7,3,1,1,0,0,0,0,0,
LTMD_U1_W3_SPANISH_STRUCTKW_0.1,U1-H1988P3ES117-P008,H1988P3ES117,1988,3,ESPAÑOL LECTURA,8,6,1,1,0,0,0,0,0,
LTMD_U1_W3_SPANISH_STRUCTKW_0.1,U1-H1988P3ES117-P009,H1988P3ES117,1988,3,ESPAÑOL LECTURA,9,3,1,1,0,1,0,0,1,
LTMD_U1_W3_SPANISH_STRUCTKW_0.1,U1-H1988P3ES117-P010,H1988P3ES117,1988,3,ESPAÑOL LECTURA,10,11,1,1,0,0,0,0,0,
LTMD_U1_W3_SPANISH_STRUCTKW_0.1,U1-H1988P3ES117-P011,H1988P3ES117,1988,3,ESPAÑOL LECTURA,11,3,1,1,0,0,0,0,0,
LTMD_U1_W3_SPANISH_STRUCTKW_0.1,U1-H1988P3ES117-P012,H1988P3ES117,1988,3,ESPAÑOL LECTURA,12,3,1,1,0,0,0,0,0,
LTMD_U1_W3_SPANISH_STRUCTKW_0.1,U1-H1988P3ES117-P013,H1988P3ES117,1988,3,ESPAÑOL LECTURA,13,3,1,1,0,0,0,0,0,
LTMD_U1_W3_SPANISH_STRUCTKW_0.1,U1-H1988P3ES117-P014,H1988P3ES117,1988,3,ESPAÑOL LECTURA,14,3,1,1,0,0,0,0,0,
LTMD_U1_W3_SPANISH_STRUCTKW_0.1,U1-H1988P3ES117-P015,H1988P3ES117,1988,3,ESPAÑOL LECTURA,15,3,1,1,0,0,0,0,0,
LTMD_U1_W3_SPANISH_STRUCTKW_0.1,U1-H1988P3ES117-P016,H1988P3ES117,1988,3,ESPAÑOL LECTURA,16,3,1,1,0,0,0,0,0,
LTMD_U1_W3_SPANISH_STRUCTKW_0.1,U1-H1988P3ES117-P099,H1988P3ES117,1988,3,ESPAÑOL LECTURA,99,3,1,0,1,0,0,0,0,
LTMD_U1_W3_SPANISH_STRUCTKW_0.1,U1-H1988P3ES117-P100,H1988P3ES117,1988,3,ESPAÑOL LECTURA,100,3,1,0,1,0,0,0,0,
LTMD_U1_W3_SPANISH_STRUCTKW_0.1,U1-H1988P3ES117-P101,H1988P3ES117,1988,3,ESPAÑOL LECTURA,101,3,1,0,1,0,0,0,0,
LTMD_U1_W3_SPANISH_STRUCTKW_0.1,U1-H1988P3ES117-P102,H1988P3ES117,1988,3,ESPAÑOL LECTURA,102,3,1,0,1,0,0,0,0,
LTMD_U1_W3_SPANISH_STRUCTKW_0.1,U1-H1988P3ES117-P103,H1988P3ES117,1988,3,ESPAÑOL LECTURA,103,3,1,0,1,0,0,0,0,
LTMD_U1_W3_SPANISH_STRUCTKW_0.1,U1-H1988P3ES117-P104,H1988P3ES117,1988,3,ESPAÑOL LECTURA,104,3,1,0,1,0,0,0,0,
LTMD_U1_W3_SPANISH_STRUCTKW_0.1,U1-H1988P3ES117-P105,H1988P3ES117,1988,3,ESPAÑOL LECTURA,105,3,1,0,1,0,0,0,0,
LTMD_U1_W3_SPANISH_STRUCTKW_0.1,U1-H1988P3ES117-P106,H1988P3ES117,1988,3,ESPAÑOL LECTURA,106,3,1,0,1,0,0,0,0,
LTMD_U1_W3_SPANISH_STRUCTKW_0.1,U1-H1988P3ES117-P107,H1988P3ES117,1988,3,ESPAÑOL LECTURA,107,3,1,0,1,0,0,0,0,
LTMD_U1_W3_SPANISH_STRUCTKW_0.1,U1-H1988P3ES117-P108,H1988P3ES117,1988,3,ESPAÑOL LECTURA,108,3,1,0,1,0,0,0,0,
LTMD_U1_W3_SPANISH_STRUCTKW_0.1,U1-H1988P3ES117-P109,H1988P3ES117,1988,3,ESPAÑOL LECTURA,109,3,1,0,1,0,0,0,0,
LTMD_U1_W3_SPANISH_STRUCTKW_0.1,U1-H1988P3ES117-P110,H1988P3ES117,1988,3,ESPAÑOL LECTURA,110,3,1,0,1,0,0,0,0,
LTMD_U1_W3_SPANISH_STRUCTKW_0.1,U1-H1988P3ES117-P111,H1988P3ES117,1988,3,ESPAÑOL LECTURA,111,6,1,0,1,0,0,0,0,
LTMD_U1_W3_SPANISH_STRUCTKW_0.1,U1-H1988P3ES117-P112,H1988P3ES117,1988,3,ESPAÑOL LECTURA,112,3,1,0,1,0,0,0,0,
LTMD_U1_W3_SPANISH_STRUCTKW_0.1,U1-H1988P3ES117-P113,H1988P3ES117,1988,3,ESPAÑOL LECTURA,113,3,1,0,1,0,0,0,0,
LTMD_U1_W3_SPANISH_STRUCTKW_0.1,U1-H1988P3ES117-P114,H1988P3ES117,1988,3,ESPAÑOL LECTURA,114,3,1,0,1,0,0,1,1,
LTMD_U1_W3_SPANISH_STRUCTKW_0.1,U1-H1988P4ES121-P001,H1988P4ES121,1988,4,"ESPAÑOL, EJERCICIOS Y LECTURAS",1,3,1,1,0,0,0,0,0,
LTMD_U1_W3_SPANISH_STRUCTKW_0.1,U1-H1988P4ES121-P002,H1988P4ES121,1988,4,"ESPAÑOL, EJERCICIOS Y LECTURAS",2,3,1,1,0,0,1,0,1,
LTMD_U1_W3_SPANISH_STRUCTKW_0.1,U1-H1988P4ES121-P003,H1988P4ES121,1988,4,"ESPAÑOL, EJERCICIOS Y LECTURAS",3,3,1,1,0,0,1,0,1,
LTMD_U1_W3_SPANISH_STRUCTKW_0.1,U1-H1988P4ES121-P004,H1988P4ES121,1988,4,"ESPAÑOL, EJERCICIOS Y LECTURAS",4,3,1,1,0,0,0,0,0,
LTMD_U1_W3_SPANISH_STRUCTKW_0.1,U1-H1988P4ES121-P005,H1988P4ES121,1988,4,"ESPAÑOL, EJERCICIOS Y LECTURAS",5,3,1,1,0,0,0,0,0,
LTMD_U1_W3_SPANISH_STRUCTKW_0.1,U1-H1988P4ES121-P006,H1988P4ES121,1988,4,"ESPAÑOL, EJERCICIOS Y LECTURAS",6,3,1,1,0,0,0,0,0,
LTMD_U1_W3_SPANISH_STRUCTKW_0.1,U1-H1988P4ES121-P007,H1988P4ES121,1988,4,"ESPAÑOL, EJERCICIOS Y LECTURAS",7,3,1,1,0,0,2,0,1,
LTMD_U1_W3_SPANISH_STRUCTKW_0.1,U1-H1988P4ES121-P008,H1988P4ES121,1988,4,"ESPAÑOL, EJERCICIOS Y LECTURAS",8,3,1,1,0,0,0,0,0,
LTMD_U1_W3_SPANISH_STRUCTKW_0.1,U1-H1988P4ES121-P009,H1988P4ES121,1988,4,"ESPAÑOL, EJERCICIOS Y LECTURAS",9,3,1,1,0,0,0,0,0,
LTMD_U1_W3_SPANISH_STRUCTKW_0.1,U1-H1988P4ES121-P010,H1988P4ES121,1988,4,"ESPAÑOL, EJERCICIOS Y LECTURAS",10,3,1,1,0,0,0,0,0,
LTMD_U1_W3_SPANISH_STRUCTKW_0.1,U1-H1988P4ES121-P011,H1988P4ES121,1988,4,"ESPAÑOL, EJERCICIOS Y LECTURAS",11,3,1,1,0,0,0,0,0,
LTMD_U1_W3_SPANISH_STRUCTKW_0.1,U1-H1988P4ES121-P012,H1988P4ES121,1988,4,"ESPAÑOL, EJERCICIOS Y LECTURAS",12,3,1,1,0,0,0,0,0,
LTMD_U1_W3_SPANISH_STRUCTKW_0.1,U1-H1988P4ES121-P013,H1988P4ES121,1988,4,"ESPAÑOL, EJERCICIOS Y LECTURAS",13,3,1,1,0,0,0,0,0,
LTMD_U1_W3_SPANISH_STRUCTKW_0.1,U1-H1988P4ES121-P014,H1988P4ES121,1988,4,"ESPAÑOL, EJERCICIOS Y LECTURAS",14,3,1,1,0,0,0,0,0,
LTMD_U1_W3_SPANISH_STRUCTKW_0.1,U1-H1988P4ES121-P015,H1988P4ES121,1988,4,"ESPAÑOL, EJERCICIOS Y LECTURAS",15,3,1,1,0,0,0,0,0,
LTMD_U1_W3_SPANISH_STRUCTKW_0.1,U1-H1988P4ES121-P016,H1988P4ES121,1988,4,"ESPAÑOL, EJERCICIOS Y LECTURAS",16,3,1,1,0,0,0,0,0,
LTMD_U1_W3_SPANISH_STRUCTKW_0.1,U1-H1988P4ES121-P305,H1988P4ES121,1988,4,"ESPAÑOL, EJERCICIOS Y LECTURAS",305,3,1,0,1,0,0,0,0,
LTMD_U1_W3_SPANISH_STRUCTKW_0.1,U1-H1988P4ES121-P306,H1988P4ES121,1988,4,"ESPAÑOL, EJERCICIOS Y LECTURAS",306,3,1,0,1,0,0,0,0,
LTMD_U1_W3_SPANISH_STRUCTKW_0.1,U1-H1988P4ES121-P307,H1988P4ES121,1988,4,"ESPAÑOL, EJERCICIOS Y LECTURAS",307,3,1,0,1,0,0,0,0,
LTMD_U1_W3_SPANISH_STRUCTKW_0.1,U1-H1988P4ES121-P308,H1988P4ES121,1988,4,"ESPAÑOL, EJERCICIOS Y LECTURAS",308,3,1,0,1,0,0,0,0,
LTMD_U1_W3_SPANISH_STRUCTKW_0.1,U1-H1988P4ES121-P309,H1988P4ES121,1988,4,"ESPAÑOL, EJERCICIOS Y LECTURAS",309,3,1,0,1,0,0,0,0,
LTMD_U1_W3_SPANISH_STRUCTKW_0.1,U1-H1988P4ES121-P310,H1988P4ES121,1988,4,"ESPAÑOL, EJERCICIOS Y LECTURAS",310,3,1,0,1,0,0,0,0,
LTMD_U1_W3_SPANISH_STRUCTKW_0.1,U1-H1988P4ES121-P311,H1988P4ES121,1988,4,"ESPAÑOL, EJERCICIOS Y LECTURAS",311,3,1,0,1,0,0,0,0,
LTMD_U1_W3_SPANISH_STRUCTKW_0.1,U1-H1988P4ES121-P312,H1988P4ES121,1988,4,"ESPAÑOL, EJERCICIOS Y LECTURAS",312,3,1,0,1,0,0,0,0,
LTMD_U1_W3_SPANISH_STRUCTKW_0.1,U1-H1988P4ES121-P313,H1988P4ES121,1988,4,"ESPAÑOL, EJERCICIOS Y LECTURAS",313,3,1,0,1,0,0,0,0,
LTMD_U1_W3_SPANISH_STRUCTKW_0.1,U1-H1988P4ES121-P314,H1988P4ES121,1988,4,"ESPAÑOL, EJERCICIOS Y LECTURAS",314,3,1,0,1,0,0,0,0,
LTMD_U1_W3_SPANISH_STRUCTKW_0.1,U1-H1988P4ES121-P315,H1988P4ES121,1988,4,"ESPAÑOL, EJERCICIOS Y LECTURAS",315,3,1,0,1,0,0,0,0,
LTMD_U1_W3_SPANISH_STRUCTKW_0.1,U1-H1988P4ES121-P316,H1988P4ES121,1988,4,"ESPAÑOL, EJERCICIOS Y LECTURAS",316,3,1,0,1,0,0,0,0,
LTMD_U1_W3_SPANISH_STRUCTKW_0.1,U1-H1988P4ES121-P317,H1988P4ES121,1988,4,"ESPAÑOL, EJERCICIOS Y LECTURAS",317,,1,0,1,0,0,0,0,
LTMD_U1_W3_SPANISH_STRUCTKW_0.1,U1-H1988P4ES121-P318,H1988P4ES121,1988,4,"ESPAÑOL, EJERCICIOS Y LECTURAS",318,3,1,0,1,0,0,3,1,
LTMD_U1_W3_SPANISH_STRUCTKW_0.1,U1-H1988P4ES121-P319,H1988P4ES121,1988,4,"ESPAÑOL, EJERCICIOS Y LECTURAS",319,3,1,0,1,0,0,0,0,
LTMD_U1_W3_SPANISH_STRUCTKW_0.1,U1-H1988P4ES121-P320,H1988P4ES121,1988,4,"ESPAÑOL, EJERCICIOS Y LECTURAS",320,3,1,0,1,0,0,1,1,
LTMD_U1_W3_SPANISH_STRUCTKW_0.1,U1-H1988P5ES125-P001,H1988P5ES125,1988,5,ESPAÑOL EJERCICIOS,1,3,1,1,0,0,0,0,0,
LTMD_U1_W3_SPANISH_STRUCTKW_0.1,U1-H1988P5ES125-P002,H1988P5ES125,1988,5,ESPAÑOL EJERCICIOS,2,3,1,1,0,0,1,3,2,
LTMD_U1_W3_SPANISH_STRUCTKW_0.1,U1-H1988P5ES125-P003,H1988P5ES125,1988,5,ESPAÑOL EJERCICIOS,3,6,1,1,0,0,0,0,0,
LTMD_U1_W3_SPANISH_STRUCTKW_0.1,U1-H1988P5ES125-P004,H1988P5ES125,1988,5,ESPAÑOL EJERCICIOS,4,3,1,1,0,0,1,0,1,
LTMD_U1_W3_SPANISH_STRUCTKW_0.1,U1-H1988P5ES125-P005,H1988P5ES125,1988,5,ESPAÑOL EJERCICIOS,5,3,1,1,0,0,0,0,0,
LTMD_U1_W3_SPANISH_STRUCTKW_0.1,U1-H1988P5ES125-P006,H1988P5ES125,1988,5,ESPAÑOL EJERCICIOS,6,3,1,1,0,0,0,0,0,
LTMD_U1_W3_SPANISH_STRUCTKW_0.1,U1-H1988P5ES125-P007,H1988P5ES125,1988,5,ESPAÑOL EJERCICIOS,7,6,1,1,0,0,0,0,0,
LTMD_U1_W3_SPANISH_STRUCTKW_0.1,U1-H1988P5ES125-P008,H1988P5ES125,1988,5,ESPAÑOL EJERCICIOS,8,3,1,1,0,0,1,0,1,
LTMD_U1_W3_SPANISH_STRUCTKW_0.1,U1-H1988P5ES125-P009,H1988P5ES125,1988,5,ESPAÑOL EJERCICIOS,9,3,1,1,0,0,3,1,2,
LTMD_U1_W3_SPANISH_STRUCTKW_0.1,U1-H1988P5ES125-P010,H1988P5ES125,1988,5,ESPAÑOL EJERCICIOS,10,3,1,1,0,0,1,0,1,
LTMD_U1_W3_SPANISH_STRUCTKW_0.1,U1-H1988P5ES125-P011,H1988P5ES125,1988,5,ESPAÑOL EJERCICIOS,11,3,1,1,0,0,1,0,1,
LTMD_U1_W3_SPANISH_STRUCTKW_0.1,U1-H1988P5ES125-P012,H1988P5ES125,1988,5,ESPAÑOL EJERCICIOS,12,3,1,1,0,0,0,0,0,
LTMD_U1_W3_SPANISH_STRUCTKW_0.1,U1-H1988P5ES125-P013,H1988P5ES125,1988,5,ESPAÑOL EJERCICIOS,13,3,1,1,0,0,0,0,0,
LTMD_U1_W3_SPANISH_STRUCTKW_0.1,U1-H1988P5ES125-P014,H1988P5ES125,1988,5,ESPAÑOL EJERCICIOS,14,3,1,1,0,0,0,0,0,
LTMD_U1_W3_SPANISH_STRUCTKW_0.1,U1-H1988P5ES125-P015,H1988P5ES125,1988,5,ESPAÑOL EJERCICIOS,15,3,1,1,0,0,0,0,0,
LTMD_U1_W3_SPANISH_STRUCTKW_0.1,U1-H1988P5ES125-P016,H1988P5ES125,1988,5,ESPAÑOL EJERCICIOS,16,3,1,1,0,0,0,0,0,
LTMD_U1_W3_SPANISH_STRUCTKW_0.1,U1-H1988P5ES125-P179,H1988P5ES125,1988,5,ESPAÑOL EJERCICIOS,179,3,1,0,1,0,0,0,0,
LTMD_U1_W3_SPANISH_STRUCTKW_0.1,U1-H1988P5ES125-P180,H1988P5ES125,1988,5,ESPAÑOL EJERCICIOS,180,3,1,0,1,0,0,0,0,
LTMD_U1_W3_SPANISH_STRUCTKW_0.1,U1-H1988P5ES125-P181,H1988P5ES125,1988,5,ESPAÑOL EJERCICIOS,181,3,1,0,1,0,0,0,0,
LTMD_U1_W3_SPANISH_STRUCTKW_0.1,U1-H1988P5ES125-P182,H1988P5ES125,1988,5,ESPAÑOL EJERCICIOS,182,3,1,0,1,0,0,0,0,
LTMD_U1_W3_SPANISH_STRUCTKW_0.1,U1-H1988P5ES125-P183,H1988P5ES125,1988,5,ESPAÑOL EJERCICIOS,183,3,1,0,1,0,0,0,0,
LTMD_U1_W3_SPANISH_STRUCTKW_0.1,U1-H1988P5ES125-P184,H1988P5ES125,1988,5,ESPAÑOL EJERCICIOS,184,3,1,0,1,0,0,0,0,
LTMD_U1_W3_SPANISH_STRUCTKW_0.1,U1-H1988P5ES125-P185,H1988P5ES125,1988,5,ESPAÑOL EJERCICIOS,185,3,1,0,1,0,0,0,0,
LTMD_U1_W3_SPANISH_STRUCTKW_0.1,U1-H1988P5ES125-P186,H1988P5ES125,1988,5,ESPAÑOL EJERCICIOS,186,3,1,0,1,0,1,0,1,
LTMD_U1_W3_SPANISH_STRUCTKW_0.1,U1-H1988P5ES125-P187,H1988P5ES125,1988,5,ESPAÑOL EJERCICIOS,187,3,1,0,1,0,0,0,0,
LTMD_U1_W3_SPANISH_STRUCTKW_0.1,U1-H1988P5ES125-P188,H1988P5ES125,1988,5,ESPAÑOL EJERCICIOS,188,3,1,0,1,0,0,0,0,
LTMD_U1_W3_SPANISH_STRUCTKW_0.1,U1-H1988P5ES125-P189,H1988P5ES125,1988,5,ESPAÑOL EJERCICIOS,189,3,1,0,1,0,0,0,0,
LTMD_U1_W3_SPANISH_STRUCTKW_0.1,U1-H1988P5ES125-P190,H1988P5ES125,1988,5,ESPAÑOL EJERCICIOS,190,3,1,0,1,0,0,0,0,
LTMD_U1_W3_SPANISH_STRUCTKW_0.1,U1-H1988P5ES125-P191,H1988P5ES125,1988,5,ESPAÑOL EJERCICIOS,191,3,1,0,1,0,0,0,0,
LTMD_U1_W3_SPANISH_STRUCTKW_0.1,U1-H1988P5ES125-P192,H1988P5ES125,1988,5,ESPAÑOL EJERCICIOS,192,3,1,0,1,0,0,0,0,
LTMD_U1_W3_SPANISH_STRUCTKW_0.1,U1-H1988P5ES125-P193,H1988P5ES125,1988,5,ESPAÑOL EJERCICIOS,193,3,1,0,1,0,0,0,0,
LTMD_U1_W3_SPANISH_STRUCTKW_0.1,U1-H1988P5ES125-P194,H1988P5ES125,1988,5,ESPAÑOL EJERCICIOS,194,3,1,0,1,0,0,1,1,
LTMD_U1_W3_SPANISH_STRUCTKW_0.1,U1-H1988P5ES126-P001,H1988P5ES126,1988,5,ESPAÑOL LECTURA,1,3,1,1,0,0,0,0,0,
LTMD_U1_W3_SPANISH_STRUCTKW_0.1,U1-H1988P5ES126-P002,H1988P5ES126,1988,5,ESPAÑOL LECTURA,2,3,1,1,0,0,0,3,1,
LTMD_U1_W3_SPANISH_STRUCTKW_0.1,U1-H1988P5ES126-P003,H1988P5ES126,1988,5,ESPAÑOL LECTURA,3,3,1,1,0,0,0,1,1,
LTMD_U1_W3_SPANISH_STRUCTKW_0.1,U1-H1988P5ES126-P004,H1988P5ES126,1988,5,ESPAÑOL LECTURA,4,,1,1,0,0,0,0,0,
LTMD_U1_W3_SPANISH_STRUCTKW_0.1,U1-H1988P5ES126-P005,H1988P5ES126,1988,5,ESPAÑOL LECTURA,5,3,1,1,0,1,1,0,2,
LTMD_U1_W3_SPANISH_STRUCTKW_0.1,U1-H1988P5ES126-P006,H1988P5ES126,1988,5,ESPAÑOL LECTURA,6,3,1,1,0,0,0,0,0,
LTMD_U1_W3_SPANISH_STRUCTKW_0.1,U1-H1988P5ES126-P007,H1988P5ES126,1988,5,ESPAÑOL LECTURA,7,6,1,1,0,0,0,0,0,
LTMD_U1_W3_SPANISH_STRUCTKW_0.1,U1-H1988P5ES126-P008,H1988P5ES126,1988,5,ESPAÑOL LECTURA,8,3,1,1,0,1,1,0,2,
LTMD_U1_W3_SPANISH_STRUCTKW_0.1,U1-H1988P5ES126-P009,H1988P5ES126,1988,5,ESPAÑOL LECTURA,9,3,1,1,0,0,0,0,0,
LTMD_U1_W3_SPANISH_STRUCTKW_0.1,U1-H1988P5ES126-P010,H1988P5ES126,1988,5,ESPAÑOL LECTURA,10,6,1,1,0,0,0,0,0,
LTMD_U1_W3_SPANISH_STRUCTKW_0.1,U1-H1988P5ES126-P011,H1988P5ES126,1988,5,ESPAÑOL LECTURA,11,3,1,1,0,0,0,0,0,
LTMD_U1_W3_SPANISH_STRUCTKW_0.1,U1-H1988P5ES126-P012,H1988P5ES126,1988,5,ESPAÑOL LECTURA,12,3,1,1,0,0,0,0,0,
LTMD_U1_W3_SPANISH_STRUCTKW_0.1,U1-H1988P5ES126-P013,H1988P5ES126,1988,5,ESPAÑOL LECTURA,13,3,1,1,0,0,0,0,0,
LTMD_U1_W3_SPANISH_STRUCTKW_0.1,U1-H1988P5ES126-P014,H1988P5ES126,1988,5,ESPAÑOL LECTURA,14,3,1,1,0,0,0,0,0,
LTMD_U1_W3_SPANISH_STRUCTKW_0.1,U1-H1988P5ES126-P015,H1988P5ES126,1988,5,ESPAÑOL LECTURA,15,3,1,1,0,0,0,0,0,
LTMD_U1_W3_SPANISH_STRUCTKW_0.1,U1-H1988P5ES126-P016,H1988P5ES126,1988,5,ESPAÑOL LECTURA,16,3,1,1,0,0,0,0,0,
LTMD_U1_W3_SPANISH_STRUCTKW_0.1,U1-H1988P5ES126-P115,H1988P5ES126,1988,5,ESPAÑOL LECTURA,115,3,1,0,1,0,0,0,0,
LTMD_U1_W3_SPANISH_STRUCTKW_0.1,U1-H1988P5ES126-P116,H1988P5ES126,1988,5,ESPAÑOL LECTURA,116,3,1,0,1,0,0,0,0,
LTMD_U1_W3_SPANISH_STRUCTKW_0.1,U1-H1988P5ES126-P117,H1988P5ES126,1988,5,ESPAÑOL LECTURA,117,3,1,0,1,0,0,0,0,
LTMD_U1_W3_SPANISH_STRUCTKW_0.1,U1-H1988P5ES126-P118,H1988P5ES126,1988,5,ESPAÑOL LECTURA,118,3,1,0,1,0,0,0,0,
LTMD_U1_W3_SPANISH_STRUCTKW_0.1,U1-H1988P5ES126-P119,H1988P5ES126,1988,5,ESPAÑOL LECTURA,119,3,1,0,1,0,0,0,0,
LTMD_U1_W3_SPANISH_STRUCTKW_0.1,U1-H1988P5ES126-P120,H1988P5ES126,1988,5,ESPAÑOL LECTURA,120,3,1,0,1,0,0,0,0,
LTMD_U1_W3_SPANISH_STRUCTKW_0.1,U1-H1988P5ES126-P121,H1988P5ES126,1988,5,ESPAÑOL LECTURA,121,6,1,0,1,0,0,0,0,
LTMD_U1_W3_SPANISH_STRUCTKW_0.1,U1-H1988P5ES126-P122,H1988P5ES126,1988,5,ESPAÑOL LECTURA,122,6,1,0,1,0,0,0,0,
LTMD_U1_W3_SPANISH_STRUCTKW_0.1,U1-H1988P5ES126-P123,H1988P5ES126,1988,5,ESPAÑOL LECTURA,123,6,1,0,1,0,0,0,0,
LTMD_U1_W3_SPANISH_STRUCTKW_0.1,U1-H1988P5ES126-P124,H1988P5ES126,1988,5,ESPAÑOL LECTURA,124,6,1,0,1,0,0,0,0,
LTMD_U1_W3_SPANISH_STRUCTKW_0.1,U1-H1988P5ES126-P125,H1988P5ES126,1988,5,ESPAÑOL LECTURA,125,6,1,0,1,0,0,0,0,
LTMD_U1_W3_SPANISH_STRUCTKW_0.1,U1-H1988P5ES126-P126,H1988P5ES126,1988,5,ESPAÑOL LECTURA,126,6,1,0,1,0,0,0,0,
LTMD_U1_W3_SPANISH_STRUCTKW_0.1,U1-H1988P5ES126-P127,H1988P5ES126,1988,5,ESPAÑOL LECTURA,127,6,1,0,1,0,0,0,0,
LTMD_U1_W3_SPANISH_STRUCTKW_0.1,U1-H1988P5ES126-P128,H1988P5ES126,1988,5,ESPAÑOL LECTURA,128,3,1,0,1,0,0,0,0,
LTMD_U1_W3_SPANISH_STRUCTKW_0.1,U1-H1988P5ES126-P129,H1988P5ES126,1988,5,ESPAÑOL LECTURA,129,3,1,0,1,0,0,0,0,
LTMD_U1_W3_SPANISH_STRUCTKW_0.1,U1-H1988P5ES126-P130,H1988P5ES126,1988,5,ESPAÑOL LECTURA,130,3,1,0,1,0,0,1,1,
LTMD_U1_W3_SPANISH_STRUCTKW_0.1,U1-H1988P6ES131-P001,H1988P6ES131,1988,6,ESPAÑOL EJERCICIOS,1,3,1,1,0,0,0,0,0,
LTMD_U1_W3_SPANISH_STRUCTKW_0.1,U1-H1988P6ES131-P002,H1988P6ES131,1988,6,ESPAÑOL EJERCICIOS,2,3,1,1,0,0,0,2,1,
LTMD_U1_W3_SPANISH_STRUCTKW_0.1,U1-H1988P6ES131-P003,H1988P6ES131,1988,6,ESPAÑOL EJERCICIOS,3,6,1,1,0,0,0,0,0,
LTMD_U1_W3_SPANISH_STRUCTKW_0.1,U1-H1988P6ES131-P004,H1988P6ES131,1988,6,ESPAÑOL EJERCICIOS,4,6,1,1,0,0,0,0,0,
LTMD_U1_W3_SPANISH_STRUCTKW_0.1,U1-H1988P6ES131-P005,H1988P6ES131,1988,6,ESPAÑOL EJERCICIOS,5,3,1,1,0,0,1,0,1,
LTMD_U1_W3_SPANISH_STRUCTKW_0.1,U1-H1988P6ES131-P006,H1988P6ES131,1988,6,ESPAÑOL EJERCICIOS,6,3,1,1,0,0,0,0,0,
LTMD_U1_W3_SPANISH_STRUCTKW_0.1,U1-H1988P6ES131-P007,H1988P6ES131,1988,6,ESPAÑOL EJERCICIOS,7,3,1,1,0,0,0,0,0,
LTMD_U1_W3_SPANISH_STRUCTKW_0.1,U1-H1988P6ES131-P008,H1988P6ES131,1988,6,ESPAÑOL EJERCICIOS,8,3,1,1,0,0,0,0,0,
LTMD_U1_W3_SPANISH_STRUCTKW_0.1,U1-H1988P6ES131-P009,H1988P6ES131,1988,6,ESPAÑOL EJERCICIOS,9,3,1,1,0,0,0,0,0,
LTMD_U1_W3_SPANISH_STRUCTKW_0.1,U1-H1988P6ES131-P010,H1988P6ES131,1988,6,ESPAÑOL EJERCICIOS,10,3,1,1,0,0,0,0,0,
LTMD_U1_W3_SPANISH_STRUCTKW_0.1,U1-H1988P6ES131-P011,H1988P6ES131,1988,6,ESPAÑOL EJERCICIOS,11,3,1,1,0,0,0,0,0,
LTMD_U1_W3_SPANISH_STRUCTKW_0.1,U1-H1988P6ES131-P012,H1988P6ES131,1988,6,ESPAÑOL EJERCICIOS,12,3,1,1,0,0,0,0,0,
LTMD_U1_W3_SPANISH_STRUCTKW_0.1,U1-H1988P6ES131-P013,H1988P6ES131,1988,6,ESPAÑOL EJERCICIOS,13,3,1,1,0,0,0,0,0,
LTMD_U1_W3_SPANISH_STRUCTKW_0.1,U1-H1988P6ES131-P014,H1988P6ES131,1988,6,ESPAÑOL EJERCICIOS,14,3,1,1,0,0,0,0,0,
LTMD_U1_W3_SPANISH_STRUCTKW_0.1,U1-H1988P6ES131-P015,H1988P6ES131,1988,6,ESPAÑOL EJERCICIOS,15,3,1,1,0,0,0,0,0,
LTMD_U1_W3_SPANISH_STRUCTKW_0.1,U1-H1988P6ES131-P016,H1988P6ES131,1988,6,ESPAÑOL EJERCICIOS,16,3,1,1,0,0,0,0,0,
LTMD_U1_W3_SPANISH_STRUCTKW_0.1,U1-H1988P6ES131-P223,H1988P6ES131,1988,6,ESPAÑOL EJERCICIOS,223,3,1,0,1,0,0,0,0,
LTMD_U1_W3_SPANISH_STRUCTKW_0.1,U1-H1988P6ES131-P224,H1988P6ES131,1988,6,ESPAÑOL EJERCICIOS,224,3,1,0,1,0,0,0,0,
LTMD_U1_W3_SPANISH_STRUCTKW_0.1,U1-H1988P6ES131-P225,H1988P6ES131,1988,6,ESPAÑOL EJERCICIOS,225,3,1,0,1,0,0,0,0,
LTMD_U1_W3_SPANISH_STRUCTKW_0.1,U1-H1988P6ES131-P226,H1988P6ES131,1988,6,ESPAÑOL EJERCICIOS,226,3,1,0,1,0,1,0,1,
LTMD_U1_W3_SPANISH_STRUCTKW_0.1,U1-H1988P6ES131-P227,H1988P6ES131,1988,6,ESPAÑOL EJERCICIOS,227,3,1,0,1,0,0,0,0,
LTMD_U1_W3_SPANISH_STRUCTKW_0.1,U1-H1988P6ES131-P228,H1988P6ES131,1988,6,ESPAÑOL EJERCICIOS,228,3,1,0,1,0,0,0,0,
LTMD_U1_W3_SPANISH_STRUCTKW_0.1,U1-H1988P6ES131-P229,H1988P6ES131,1988,6,ESPAÑOL EJERCICIOS,229,3,1,0,1,0,0,1,1,
LTMD_U1_W3_SPANISH_STRUCTKW_0.1,U1-H1988P6ES131-P230,H1988P6ES131,1988,6,ESPAÑOL EJERCICIOS,230,3,1,0,1,0,0,0,0,
LTMD_U1_W3_SPANISH_STRUCTKW_0.1,U1-H1988P6ES131-P231,H1988P6ES131,1988,6,ESPAÑOL EJERCICIOS,231,3,1,0,1,0,0,0,0,
LTMD_U1_W3_SPANISH_STRUCTKW_0.1,U1-H1988P6ES131-P232,H1988P6ES131,1988,6,ESPAÑOL EJERCICIOS,232,3,1,0,1,0,0,0,0,
LTMD_U1_W3_SPANISH_STRUCTKW_0.1,U1-H1988P6ES131-P233,H1988P6ES131,1988,6,ESPAÑOL EJERCICIOS,233,3,1,0,1,0,0,0,0,
LTMD_U1_W3_SPANISH_STRUCTKW_0.1,U1-H1988P6ES131-P234,H1988P6ES131,1988,6,ESPAÑOL EJERCICIOS,234,3,1,0,1,0,0,0,0,
LTMD_U1_W3_SPANISH_STRUCTKW_0.1,U1-H1988P6ES131-P235,H1988P6ES131,1988,6,ESPAÑOL EJERCICIOS,235,3,1,0,1,0,0,0,0,
LTMD_U1_W3_SPANISH_STRUCTKW_0.1,U1-H1988P6ES131-P236,H1988P6ES131,1988,6,ESPAÑOL EJERCICIOS,236,3,1,0,1,0,0,0,0,
LTMD_U1_W3_SPANISH_STRUCTKW_0.1,U1-H1988P6ES131-P237,H1988P6ES131,1988,6,ESPAÑOL EJERCICIOS,237,3,1,0,1,0,0,0,0,
LTMD_U1_W3_SPANISH_STRUCTKW_0.1,U1-H1988P6ES131-P238,H1988P6ES131,1988,6,ESPAÑOL EJERCICIOS,238,3,1,0,1,0,0,1,1,
LTMD_U1_W3_SPANISH_STRUCTKW_0.1,U1-H1988P6ES132-P001,H1988P6ES132,1988,6,ESPAN?OL LECTURAS,1,3,1,1,0,0,0,0,0,
LTMD_U1_W3_SPANISH_STRUCTKW_0.1,U1-H1988P6ES132-P002,H1988P6ES132,1988,6,ESPAN?OL LECTURAS,2,3,1,1,0,0,0,3,1,
LTMD_U1_W3_SPANISH_STRUCTKW_0.1,U1-H1988P6ES132-P003,H1988P6ES132,1988,6,ESPAN?OL LECTURAS,3,3,1,1,0,0,0,1,1,
LTMD_U1_W3_SPANISH_STRUCTKW_0.1,U1-H1988P6ES132-P004,H1988P6ES132,1988,6,ESPAN?OL LECTURAS,4,,1,1,0,0,0,0,0,
LTMD_U1_W3_SPANISH_STRUCTKW_0.1,U1-H1988P6ES132-P005,H1988P6ES132,1988,6,ESPAN?OL LECTURAS,5,3,1,1,0,1,1,0,2,
LTMD_U1_W3_SPANISH_STRUCTKW_0.1,U1-H1988P6ES132-P006,H1988P6ES132,1988,6,ESPAN?OL LECTURAS,6,3,1,1,0,0,0,0,0,
LTMD_U1_W3_SPANISH_STRUCTKW_0.1,U1-H1988P6ES132-P007,H1988P6ES132,1988,6,ESPAN?OL LECTURAS,7,3,1,1,0,0,0,0,0,
LTMD_U1_W3_SPANISH_STRUCTKW_0.1,U1-H1988P6ES132-P008,H1988P6ES132,1988,6,ESPAN?OL LECTURAS,8,3,1,1,0,1,0,0,1,
LTMD_U1_W3_SPANISH_STRUCTKW_0.1,U1-H1988P6ES132-P009,H1988P6ES132,1988,6,ESPAN?OL LECTURAS,9,3,1,1,0,0,0,0,0,
LTMD_U1_W3_SPANISH_STRUCTKW_0.1,U1-H1988P6ES132-P010,H1988P6ES132,1988,6,ESPAN?OL LECTURAS,10,3,1,1,0,0,1,0,1,
LTMD_U1_W3_SPANISH_STRUCTKW_0.1,U1-H1988P6ES132-P011,H1988P6ES132,1988,6,ESPAN?OL LECTURAS,11,3,1,1,0,0,0,0,0,
LTMD_U1_W3_SPANISH_STRUCTKW_0.1,U1-H1988P6ES132-P012,H1988P6ES132,1988,6,ESPAN?OL LECTURAS,12,3,1,1,0,0,0,0,0,
LTMD_U1_W3_SPANISH_STRUCTKW_0.1,U1-H1988P6ES132-P013,H1988P6ES132,1988,6,ESPAN?OL LECTURAS,13,3,1,1,0,0,0,0,0,
LTMD_U1_W3_SPANISH_STRUCTKW_0.1,U1-H1988P6ES132-P014,H1988P6ES132,1988,6,ESPAN?OL LECTURAS,14,3,1,1,0,0,0,0,0,
LTMD_U1_W3_SPANISH_STRUCTKW_0.1,U1-H1988P6ES132-P015,H1988P6ES132,1988,6,ESPAN?OL LECTURAS,15,3,1,1,0,0,0,0,0,
LTMD_U1_W3_SPANISH_STRUCTKW_0.1,U1-H1988P6ES132-P016,H1988P6ES132,1988,6,ESPAN?OL LECTURAS,16,3,1,1,0,0,0,0,0,
LTMD_U1_W3_SPANISH_STRUCTKW_0.1,U1-H1988P6ES132-P099,H1988P6ES132,1988,6,ESPAN?OL LECTURAS,99,3,1,0,1,0,0,0,0,
LTMD_U1_W3_SPANISH_STRUCTKW_0.1,U1-H1988P6ES132-P100,H1988P6ES132,1988,6,ESPAN?OL LECTURAS,100,3,1,0,1,0,0,0,0,
LTMD_U1_W3_SPANISH_STRUCTKW_0.1,U1-H1988P6ES132-P101,H1988P6ES132,1988,6,ESPAN?OL LECTURAS,101,11,1,0,1,0,0,0,0,
LTMD_U1_W3_SPANISH_STRUCTKW_0.1,U1-H1988P6ES132-P102,H1988P6ES132,1988,6,ESPAN?OL LECTURAS,102,3,1,0,1,0,0,0,0,
LTMD_U1_W3_SPANISH_STRUCTKW_0.1,U1-H1988P6ES132-P103,H1988P6ES132,1988,6,ESPAN?OL LECTURAS,103,3,1,0,1,0,0,0,0,
LTMD_U1_W3_SPANISH_STRUCTKW_0.1,U1-H1988P6ES132-P104,H1988P6ES132,1988,6,ESPAN?OL LECTURAS,104,3,1,0,1,0,0,0,0,
LTMD_U1_W3_SPANISH_STRUCTKW_0.1,U1-H1988P6ES132-P105,H1988P6ES132,1988,6,ESPAN?OL LECTURAS,105,3,1,0,1,0,0,0,0,
LTMD_U1_W3_SPANISH_STRUCTKW_0.1,U1-H1988P6ES132-P106,H1988P6ES132,1988,6,ESPAN?OL LECTURAS,106,3,1,0,1,0,0,0,0,
LTMD_U1_W3_SPANISH_STRUCTKW_0.1,U1-H1988P6ES132-P107,H1988P6ES132,1988,6,ESPAN?OL LECTURAS,107,3,1,0,1,0,0,0,0,
LTMD_U1_W3_SPANISH_STRUCTKW_0.1,U1-H1988P6ES132-P108,H1988P6ES132,1988,6,ESPAN?OL LECTURAS,108,3,1,0,1,0,0,0,0,
LTMD_U1_W3_SPANISH_STRUCTKW_0.1,U1-H1988P6ES132-P109,H1988P6ES132,1988,6,ESPAN?OL LECTURAS,109,3,1,0,1,0,0,0,0,
LTMD_U1_W3_SPANISH_STRUCTKW_0.1,U1-H1988P6ES132-P110,H1988P6ES132,1988,6,ESPAN?OL LECTURAS,110,6,1,0,1,0,0,0,0,
LTMD_U1_W3_SPANISH_STRUCTKW_0.1,U1-H1988P6ES132-P111,H1988P6ES132,1988,6,ESPAN?OL LECTURAS,111,,1,0,1,0,0,0,0,
LTMD_U1_W3_SPANISH_STRUCTKW_0.1,U1-H1988P6ES132-P112,H1988P6ES132,1988,6,ESPAN?OL LECTURAS,112,3,1,0,1,0,0,0,0,
LTMD_U1_W3_SPANISH_STRUCTKW_0.1,U1-H1988P6ES132-P113,H1988P6ES132,1988,6,ESPAN?OL LECTURAS,113,3,1,0,1,0,0,0,0,
LTMD_U1_W3_SPANISH_STRUCTKW_0.1,U1-H1988P6ES132-P114,H1988P6ES132,1988,6,ESPAN?OL LECTURAS,114,3,1,0,1,0,0,1,1,
LTMD_U1_W3_SPANISH_STRUCTKW_0.1,U1-H1993P1ES135-P001,H1993P1ES135,1993,1,Español actividades,1,3,1,1,0,0,0,0,0,
LTMD_U1_W3_SPANISH_STRUCTKW_0.1,U1-H1993P1ES135-P002,H1993P1ES135,1993,1,Español actividades,2,3,1,1,0,0,0,2,1,
LTMD_U1_W3_SPANISH_STRUCTKW_0.1,U1-H1993P1ES135-P003,H1993P1ES135,1993,1,Español actividades,3,3,1,1,0,1,0,1,2,
LTMD_U1_W3_SPANISH_STRUCTKW_0.1,U1-H1993P1ES135-P004,H1993P1ES135,1993,1,Español actividades,4,3,1,1,0,0,0,0,0,
LTMD_U1_W3_SPANISH_STRUCTKW_0.1,U1-H1993P1ES135-P005,H1993P1ES135,1993,1,Español actividades,5,3,1,1,0,0,0,0,0,
LTMD_U1_W3_SPANISH_STRUCTKW_0.1,U1-H1993P1ES135-P006,H1993P1ES135,1993,1,Español actividades,6,3,1,1,0,0,0,0,0,
LTMD_U1_W3_SPANISH_STRUCTKW_0.1,U1-H1993P1ES135-P007,H1993P1ES135,1993,1,Español actividades,7,3,1,1,0,0,0,0,0,
LTMD_U1_W3_SPANISH_STRUCTKW_0.1,U1-H1993P1ES135-P008,H1993P1ES135,1993,1,Español actividades,8,3,1,1,0,0,0,0,0,
LTMD_U1_W3_SPANISH_STRUCTKW_0.1,U1-H1993P1ES135-P009,H1993P1ES135,1993,1,Español actividades,9,3,1,1,0,0,0,0,0,
LTMD_U1_W3_SPANISH_STRUCTKW_0.1,U1-H1993P1ES135-P010,H1993P1ES135,1993,1,Español actividades,10,3,1,1,0,0,0,0,0,
LTMD_U1_W3_SPANISH_STRUCTKW_0.1,U1-H1993P1ES135-P011,H1993P1ES135,1993,1,Español actividades,11,3,1,1,0,0,0,0,0,
LTMD_U1_W3_SPANISH_STRUCTKW_0.1,U1-H1993P1ES135-P012,H1993P1ES135,1993,1,Español actividades,12,3,1,1,0,0,0,0,0,
LTMD_U1_W3_SPANISH_STRUCTKW_0.1,U1-H1993P1ES135-P013,H1993P1ES135,1993,1,Español actividades,13,3,1,1,0,0,0,0,0,
LTMD_U1_W3_SPANISH_STRUCTKW_0.1,U1-H1993P1ES135-P014,H1993P1ES135,1993,1,Español actividades,14,3,1,1,0,0,0,0,0,
LTMD_U1_W3_SPANISH_STRUCTKW_0.1,U1-H1993P1ES135-P015,H1993P1ES135,1993,1,Español actividades,15,3,1,1,0,0,0,0,0,
LTMD_U1_W3_SPANISH_STRUCTKW_0.1,U1-H1993P1ES135-P016,H1993P1ES135,1993,1,Español actividades,16,3,1,1,0,0,0,0,0,
LTMD_U1_W3_SPANISH_STRUCTKW_0.1,U1-H1993P1ES135-P211,H1993P1ES135,1993,1,Español actividades,211,3,1,0,1,0,0,0,0,
LTMD_U1_W3_SPANISH_STRUCTKW_0.1,U1-H1993P1ES135-P212,H1993P1ES135,1993,1,Español actividades,212,3,1,0,1,0,0,0,0,
LTMD_U1_W3_SPANISH_STRUCTKW_0.1,U1-H1993P1ES135-P213,H1993P1ES135,1993,1,Español actividades,213,3,1,0,1,0,0,0,0,
LTMD_U1_W3_SPANISH_STRUCTKW_0.1,U1-H1993P1ES135-P214,H1993P1ES135,1993,1,Español actividades,214,3,1,0,1,0,0,0,0,
LTMD_U1_W3_SPANISH_STRUCTKW_0.1,U1-H1993P1ES135-P215,H1993P1ES135,1993,1,Español actividades,215,3,1,0,1,0,0,0,0,
LTMD_U1_W3_SPANISH_STRUCTKW_0.1,U1-H1993P1ES135-P216,H1993P1ES135,1993,1,Español actividades,216,3,1,0,1,0,0,0,0,
LTMD_U1_W3_SPANISH_STRUCTKW_0.1,U1-H1993P1ES135-P217,H1993P1ES135,1993,1,Español actividades,217,3,1,0,1,0,0,0,0,
LTMD_U1_W3_SPANISH_STRUCTKW_0.1,U1-H1993P1ES135-P218,H1993P1ES135,1993,1,Español actividades,218,3,1,0,1,0,0,0,0,
LTMD_U1_W3_SPANISH_STRUCTKW_0.1,U1-H1993P1ES135-P219,H1993P1ES135,1993,1,Español actividades,219,3,1,0,1,0,0,0,0,
LTMD_U1_W3_SPANISH_STRUCTKW_0.1,U1-H1993P1ES135-P220,H1993P1ES135,1993,1,Español actividades,220,3,1,0,1,1,0,0,1,
LTMD_U1_W3_SPANISH_STRUCTKW_0.1,U1-H1993P1ES135-P221,H1993P1ES135,1993,1,Español actividades,221,3,1,0,1,0,0,0,0,
LTMD_U1_W3_SPANISH_STRUCTKW_0.1,U1-H1993P1ES135-P222,H1993P1ES135,1993,1,Español actividades,222,3,1,0,1,0,0,0,0,
LTMD_U1_W3_SPANISH_STRUCTKW_0.1,U1-H1993P1ES135-P223,H1993P1ES135,1993,1,Español actividades,223,3,1,0,1,0,0,0,0,
LTMD_U1_W3_SPANISH_STRUCTKW_0.1,U1-H1993P1ES135-P224,H1993P1ES135,1993,1,Español actividades,224,3,1,0,1,0,0,0,0,
LTMD_U1_W3_SPANISH_STRUCTKW_0.1,U1-H1993P1ES135-P225,H1993P1ES135,1993,1,Español actividades,225,11,1,0,1,0,0,0,0,
LTMD_U1_W3_SPANISH_STRUCTKW_0.1,U1-H1993P1ES135-P226,H1993P1ES135,1993,1,Español actividades,226,3,1,0,1,0,0,0,0,
LTMD_U1_W3_SPANISH_STRUCTKW_0.1,U1-H1993P1ES136-P001,H1993P1ES136,1993,1,Español recortable,1,6,1,1,0,0,0,0,0,
LTMD_U1_W3_SPANISH_STRUCTKW_0.1,U1-H1993P1ES136-P002,H1993P1ES136,1993,1,Español recortable,2,3,1,1,0,0,0,3,1,
LTMD_U1_W3_SPANISH_STRUCTKW_0.1,U1-H1993P1ES136-P003,H1993P1ES136,1993,1,Español recortable,3,3,1,1,0,0,0,0,0,
LTMD_U1_W3_SPANISH_STRUCTKW_0.1,U1-H1993P1ES136-P004,H1993P1ES136,1993,1,Español recortable,4,11,1,1,0,0,0,0,0,
LTMD_U1_W3_SPANISH_STRUCTKW_0.1,U1-H1993P1ES136-P005,H1993P1ES136,1993,1,Español recortable,5,3,1,1,0,0,0,0,0,
LTMD_U1_W3_SPANISH_STRUCTKW_0.1,U1-H1993P1ES136-P006,H1993P1ES136,1993,1,Español recortable,6,11,1,1,0,0,0,0,0,
LTMD_U1_W3_SPANISH_STRUCTKW_0.1,U1-H1993P1ES136-P007,H1993P1ES136,1993,1,Español recortable,7,3,1,1,0,0,0,0,0,
LTMD_U1_W3_SPANISH_STRUCTKW_0.1,U1-H1993P1ES136-P008,H1993P1ES136,1993,1,Español recortable,8,11,1,1,0,0,0,0,0,
LTMD_U1_W3_SPANISH_STRUCTKW_0.1,U1-H1993P1ES136-P009,H1993P1ES136,1993,1,Español recortable,9,3,1,1,0,0,0,0,0,
LTMD_U1_W3_SPANISH_STRUCTKW_0.1,U1-H1993P1ES136-P010,H1993P1ES136,1993,1,Español recortable,10,3,1,1,0,0,0,0,0,
LTMD_U1_W3_SPANISH_STRUCTKW_0.1,U1-H1993P1ES136-P011,H1993P1ES136,1993,1,Español recortable,11,11,1,1,0,0,0,0,0,
LTMD_U1_W3_SPANISH_STRUCTKW_0.1,U1-H1993P1ES136-P012,H1993P1ES136,1993,1,Español recortable,12,6,1,1,0,0,0,0,0,
LTMD_U1_W3_SPANISH_STRUCTKW_0.1,U1-H1993P1ES136-P013,H1993P1ES136,1993,1,Español recortable,13,11,1,1,0,0,0,0,0,
LTMD_U1_W3_SPANISH_STRUCTKW_0.1,U1-H1993P1ES136-P014,H1993P1ES136,1993,1,Español recortable,14,6,1,1,0,0,0,0,0,
LTMD_U1_W3_SPANISH_STRUCTKW_0.1,U1-H1993P1ES136-P015,H1993P1ES136,1993,1,Español recortable,15,3,1,1,0,0,0,0,0,
LTMD_U1_W3_SPANISH_STRUCTKW_0.1,U1-H1993P1ES136-P016,H1993P1ES136,1993,1,Español recortable,16,3,1,1,0,0,0,0,0,
LTMD_U1_W3_SPANISH_STRUCTKW_0.1,U1-H1993P1ES136-P131,H1993P1ES136,1993,1,Español recortable,131,3,1,0,1,0,0,0,0,
LTMD_U1_W3_SPANISH_STRUCTKW_0.1,U1-H1993P1ES136-P132,H1993P1ES136,1993,1,Español recortable,132,3,1,0,1,0,0,0,0,
LTMD_U1_W3_SPANISH_STRUCTKW_0.1,U1-H1993P1ES136-P133,H1993P1ES136,1993,1,Español recortable,133,3,1,0,1,0,0,0,0,
LTMD_U1_W3_SPANISH_STRUCTKW_0.1,U1-H1993P1ES136-P134,H1993P1ES136,1993,1,Español recortable,134,11,1,0,1,0,0,0,0,
LTMD_U1_W3_SPANISH_STRUCTKW_0.1,U1-H1993P1ES136-P135,H1993P1ES136,1993,1,Español recortable,135,3,1,0,1,0,0,0,0,
LTMD_U1_W3_SPANISH_STRUCTKW_0.1,U1-H1993P1ES136-P136,H1993P1ES136,1993,1,Español recortable,136,6,1,0,1,0,0,0,0,
LTMD_U1_W3_SPANISH_STRUCTKW_0.1,U1-H1993P1ES136-P137,H1993P1ES136,1993,1,Español recortable,137,3,1,0,1,0,0,0,0,
LTMD_U1_W3_SPANISH_STRUCTKW_0.1,U1-H1993P1ES136-P138,H1993P1ES136,1993,1,Español recortable,138,6,1,0,1,0,0,0,0,
LTMD_U1_W3_SPANISH_STRUCTKW_0.1,U1-H1993P1ES136-P139,H1993P1ES136,1993,1,Español recortable,139,3,1,0,1,0,0,0,0,
LTMD_U1_W3_SPANISH_STRUCTKW_0.1,U1-H1993P1ES136-P140,H1993P1ES136,1993,1,Español recortable,140,6,1,0,1,0,0,0,0,
LTMD_U1_W3_SPANISH_STRUCTKW_0.1,U1-H1993P1ES136-P141,H1993P1ES136,1993,1,Español recortable,141,3,1,0,1,0,0,0,0,
LTMD_U1_W3_SPANISH_STRUCTKW_0.1,U1-H1993P1ES136-P142,H1993P1ES136,1993,1,Español recortable,142,3,1,0,1,0,0,0,0,
LTMD_U1_W3_SPANISH_STRUCTKW_0.1,U1-H1993P1ES136-P143,H1993P1ES136,1993,1,Español recortable,143,3,1,0,1,0,0,0,0,
LTMD_U1_W3_SPANISH_STRUCTKW_0.1,U1-H1993P1ES136-P144,H1993P1ES136,1993,1,Español recortable,144,11,1,0,1,0,0,0,0,
LTMD_U1_W3_SPANISH_STRUCTKW_0.1,U1-H1993P1ES136-P145,H1993P1ES136,1993,1,Español recortable,145,3,1,0,1,0,0,0,0,
LTMD_U1_W3_SPANISH_STRUCTKW_0.1,U1-H1993P1ES136-P146,H1993P1ES136,1993,1,Español recortable,146,3,1,0,1,0,0,0,0,
LTMD_U1_W3_SPANISH_STRUCTKW_0.1,U1-H1993P1ES137-P001,H1993P1ES137,1993,1,Español recortable,1,3,1,1,0,0,0,0,0,
LTMD_U1_W3_SPANISH_STRUCTKW_0.1,U1-H1993P1ES137-P002,H1993P1ES137,1993,1,Español recortable,2,3,1,1,0,0,0,6,1,
LTMD_U1_W3_SPANISH_STRUCTKW_0.1,U1-H1993P1ES137-P003,H1993P1ES137,1993,1,Español recortable,3,6,1,1,0,0,0,0,0,
LTMD_U1_W3_SPANISH_STRUCTKW_0.1,U1-H1993P1ES137-P004,H1993P1ES137,1993,1,Español recortable,4,3,1,1,0,0,0,0,0,
LTMD_U1_W3_SPANISH_STRUCTKW_0.1,U1-H1993P1ES137-P005,H1993P1ES137,1993,1,Español recortable,5,3,1,1,0,0,0,0,0,
LTMD_U1_W3_SPANISH_STRUCTKW_0.1,U1-H1993P1ES137-P006,H1993P1ES137,1993,1,Español recortable,6,3,1,1,0,0,0,0,0,
LTMD_U1_W3_SPANISH_STRUCTKW_0.1,U1-H1993P1ES137-P007,H1993P1ES137,1993,1,Español recortable,7,3,1,1,0,0,0,0,0,
LTMD_U1_W3_SPANISH_STRUCTKW_0.1,U1-H1993P1ES137-P008,H1993P1ES137,1993,1,Español recortable,8,6,1,1,0,0,0,0,0,
LTMD_U1_W3_SPANISH_STRUCTKW_0.1,U1-H1993P1ES137-P009,H1993P1ES137,1993,1,Español recortable,9,3,1,1,0,0,0,0,0,
LTMD_U1_W3_SPANISH_STRUCTKW_0.1,U1-H1993P1ES137-P010,H1993P1ES137,1993,1,Español recortable,10,6,1,1,0,0,0,0,0,
LTMD_U1_W3_SPANISH_STRUCTKW_0.1,U1-H1993P1ES137-P011,H1993P1ES137,1993,1,Español recortable,11,3,1,1,0,0,0,0,0,
LTMD_U1_W3_SPANISH_STRUCTKW_0.1,U1-H1993P1ES137-P012,H1993P1ES137,1993,1,Español recortable,12,6,1,1,0,0,0,0,0,
LTMD_U1_W3_SPANISH_STRUCTKW_0.1,U1-H1993P1ES137-P013,H1993P1ES137,1993,1,Español recortable,13,3,1,1,0,0,0,0,0,
LTMD_U1_W3_SPANISH_STRUCTKW_0.1,U1-H1993P1ES137-P014,H1993P1ES137,1993,1,Español recortable,14,3,1,1,0,0,0,0,0,
LTMD_U1_W3_SPANISH_STRUCTKW_0.1,U1-H1993P1ES137-P015,H1993P1ES137,1993,1,Español recortable,15,3,1,1,0,0,0,0,0,
LTMD_U1_W3_SPANISH_STRUCTKW_0.1,U1-H1993P1ES137-P016,H1993P1ES137,1993,1,Español recortable,16,3,1,1,0,0,0,0,0,
LTMD_U1_W3_SPANISH_STRUCTKW_0.1,U1-H1993P1ES137-P067,H1993P1ES137,1993,1,Español recortable,67,3,1,0,1,0,0,0,0,
LTMD_U1_W3_SPANISH_STRUCTKW_0.1,U1-H1993P1ES137-P068,H1993P1ES137,1993,1,Español recortable,68,6,1,0,1,0,0,0,0,
LTMD_U1_W3_SPANISH_STRUCTKW_0.1,U1-H1993P1ES137-P069,H1993P1ES137,1993,1,Español recortable,69,3,1,0,1,0,0,0,0,
LTMD_U1_W3_SPANISH_STRUCTKW_0.1,U1-H1993P1ES137-P070,H1993P1ES137,1993,1,Español recortable,70,6,1,0,1,0,0,0,0,
LTMD_U1_W3_SPANISH_STRUCTKW_0.1,U1-H1993P1ES137-P071,H1993P1ES137,1993,1,Español recortable,71,3,1,0,1,0,0,0,0,
LTMD_U1_W3_SPANISH_STRUCTKW_0.1,U1-H1993P1ES137-P072,H1993P1ES137,1993,1,Español recortable,72,3,1,0,1,0,0,0,0,
LTMD_U1_W3_SPANISH_STRUCTKW_0.1,U1-H1993P1ES137-P073,H1993P1ES137,1993,1,Español recortable,73,3,1,0,1,0,0,0,0,
LTMD_U1_W3_SPANISH_STRUCTKW_0.1,U1-H1993P1ES137-P074,H1993P1ES137,1993,1,Español recortable,74,3,1,0,1,0,0,0,0,
LTMD_U1_W3_SPANISH_STRUCTKW_0.1,U1-H1993P1ES137-P075,H1993P1ES137,1993,1,Español recortable,75,3,1,0,1,0,0,0,0,
LTMD_U1_W3_SPANISH_STRUCTKW_0.1,U1-H1993P1ES137-P076,H1993P1ES137,1993,1,Español recortable,76,,1,0,1,0,0,0,0,
LTMD_U1_W3_SPANISH_STRUCTKW_0.1,U1-H1993P1ES137-P077,H1993P1ES137,1993,1,Español recortable,77,3,1,0,1,0,0,0,0,
LTMD_U1_W3_SPANISH_STRUCTKW_0.1,U1-H1993P1ES137-P078,H1993P1ES137,1993,1,Español recortable,78,6,1,0,1,0,0,0,0,
LTMD_U1_W3_SPANISH_STRUCTKW_0.1,U1-H1993P1ES137-P079,H1993P1ES137,1993,1,Español recortable,79,3,1,0,1,0,0,0,0,
LTMD_U1_W3_SPANISH_STRUCTKW_0.1,U1-H1993P1ES137-P080,H1993P1ES137,1993,1,Español recortable,80,3,1,0,1,0,0,0,0,
LTMD_U1_W3_SPANISH_STRUCTKW_0.1,U1-H1993P1ES137-P081,H1993P1ES137,1993,1,Español recortable,81,6,1,0,1,0,0,0,0,
LTMD_U1_W3_SPANISH_STRUCTKW_0.1,U1-H1993P1ES137-P082,H1993P1ES137,1993,1,Español recortable,82,3,1,0,1,0,0,0,0,
LTMD_U1_W3_SPANISH_STRUCTKW_0.1,U1-H1993P1ES138-P001,H1993P1ES138,1993,1,Español Lecturas,1,3,1,1,0,0,0,0,0,
LTMD_U1_W3_SPANISH_STRUCTKW_0.1,U1-H1993P1ES138-P002,H1993P1ES138,1993,1,Español Lecturas,2,3,1,1,0,0,1,5,2,
LTMD_U1_W3_SPANISH_STRUCTKW_0.1,U1-H1993P1ES138-P003,H1993P1ES138,1993,1,Español Lecturas,3,3,1,1,0,1,0,1,2,
LTMD_U1_W3_SPANISH_STRUCTKW_0.1,U1-H1993P1ES138-P004,H1993P1ES138,1993,1,Español Lecturas,4,3,1,1,0,0,0,0,0,
LTMD_U1_W3_SPANISH_STRUCTKW_0.1,U1-H1993P1ES138-P005,H1993P1ES138,1993,1,Español Lecturas,5,3,1,1,0,0,1,0,1,
LTMD_U1_W3_SPANISH_STRUCTKW_0.1,U1-H1993P1ES138-P006,H1993P1ES138,1993,1,Español Lecturas,6,3,1,1,0,0,0,0,0,
LTMD_U1_W3_SPANISH_STRUCTKW_0.1,U1-H1993P1ES138-P007,H1993P1ES138,1993,1,Español Lecturas,7,3,1,1,0,0,0,0,0,
LTMD_U1_W3_SPANISH_STRUCTKW_0.1,U1-H1993P1ES138-P008,H1993P1ES138,1993,1,Español Lecturas,8,3,1,1,0,0,0,0,0,
LTMD_U1_W3_SPANISH_STRUCTKW_0.1,U1-H1993P1ES138-P009,H1993P1ES138,1993,1,Español Lecturas,9,3,1,1,0,0,0,0,0,
LTMD_U1_W3_SPANISH_STRUCTKW_0.1,U1-H1993P1ES138-P010,H1993P1ES138,1993,1,Español Lecturas,10,3,1,1,0,0,0,0,0,
LTMD_U1_W3_SPANISH_STRUCTKW_0.1,U1-H1993P1ES138-P011,H1993P1ES138,1993,1,Español Lecturas,11,3,1,1,0,0,0,0,0,
LTMD_U1_W3_SPANISH_STRUCTKW_0.1,U1-H1993P1ES138-P012,H1993P1ES138,1993,1,Español Lecturas,12,3,1,1,0,0,0,0,0,
LTMD_U1_W3_SPANISH_STRUCTKW_0.1,U1-H1993P1ES138-P013,H1993P1ES138,1993,1,Español Lecturas,13,3,1,1,0,0,0,0,0,
LTMD_U1_W3_SPANISH_STRUCTKW_0.1,U1-H1993P1ES138-P014,H1993P1ES138,1993,1,Español Lecturas,14,3,1,1,0,0,0,0,0,
LTMD_U1_W3_SPANISH_STRUCTKW_0.1,U1-H1993P1ES138-P015,H1993P1ES138,1993,1,Español Lecturas,15,6,1,1,0,0,0,0,0,
LTMD_U1_W3_SPANISH_STRUCTKW_0.1,U1-H1993P1ES138-P016,H1993P1ES138,1993,1,Español Lecturas,16,3,1,1,0,0,0,0,0,
LTMD_U1_W3_SPANISH_STRUCTKW_0.1,U1-H1993P1ES138-P051,H1993P1ES138,1993,1,Español Lecturas,51,3,1,0,1,0,0,0,0,
LTMD_U1_W3_SPANISH_STRUCTKW_0.1,U1-H1993P1ES138-P052,H1993P1ES138,1993,1,Español Lecturas,52,3,1,0,1,0,0,0,0,
LTMD_U1_W3_SPANISH_STRUCTKW_0.1,U1-H1993P1ES138-P053,H1993P1ES138,1993,1,Español Lecturas,53,3,1,0,1,0,0,0,0,
LTMD_U1_W3_SPANISH_STRUCTKW_0.1,U1-H1993P1ES138-P054,H1993P1ES138,1993,1,Español Lecturas,54,3,1,0,1,0,0,0,0,
LTMD_U1_W3_SPANISH_STRUCTKW_0.1,U1-H1993P1ES138-P055,H1993P1ES138,1993,1,Español Lecturas,55,3,1,0,1,0,0,0,0,
LTMD_U1_W3_SPANISH_STRUCTKW_0.1,U1-H1993P1ES138-P056,H1993P1ES138,1993,1,Español Lecturas,56,3,1,0,1,0,0,0,0,
LTMD_U1_W3_SPANISH_STRUCTKW_0.1,U1-H1993P1ES138-P057,H1993P1ES138,1993,1,Español Lecturas,57,3,1,0,1,0,0,0,0,
LTMD_U1_W3_SPANISH_STRUCTKW_0.1,U1-H1993P1ES138-P058,H1993P1ES138,1993,1,Español Lecturas,58,3,1,0,1,0,0,0,0,
LTMD_U1_W3_SPANISH_STRUCTKW_0.1,U1-H1993P1ES138-P059,H1993P1ES138,1993,1,Español Lecturas,59,3,1,0,1,0,0,0,0,
LTMD_U1_W3_SPANISH_STRUCTKW_0.1,U1-H1993P1ES138-P060,H1993P1ES138,1993,1,Español Lecturas,60,3,1,0,1,0,0,0,0,
LTMD_U1_W3_SPANISH_STRUCTKW_0.1,U1-H1993P1ES138-P061,H1993P1ES138,1993,1,Español Lecturas,61,3,1,0,1,0,0,0,0,
LTMD_U1_W3_SPANISH_STRUCTKW_0.1,U1-H1993P1ES138-P062,H1993P1ES138,1993,1,Español Lecturas,62,3,1,0,1,0,0,0,0,
LTMD_U1_W3_SPANISH_STRUCTKW_0.1,U1-H1993P1ES138-P063,H1993P1ES138,1993,1,Español Lecturas,63,3,1,0,1,0,0,0,0,
LTMD_U1_W3_SPANISH_STRUCTKW_0.1,U1-H1993P1ES138-P064,H1993P1ES138,1993,1,Español Lecturas,64,3,1,0,1,0,0,0,0,
LTMD_U1_W3_SPANISH_STRUCTKW_0.1,U1-H1993P1ES138-P065,H1993P1ES138,1993,1,Español Lecturas,65,3,1,0,1,0,0,0,0,
LTMD_U1_W3_SPANISH_STRUCTKW_0.1,U1-H1993P1ES138-P066,H1993P1ES138,1993,1,Español Lecturas,66,3,1,0,1,0,0,0,0,
LTMD_U1_W3_SPANISH_STRUCTKW_0.1,U1-H1993P1ES139-P001,H1993P1ES139,1993,1,Español lecturas,1,6,1,1,0,0,0,0,0,
LTMD_U1_W3_SPANISH_STRUCTKW_0.1,U1-H1993P1ES139-P002,H1993P1ES139,1993,1,Español lecturas,2,3,1,1,0,0,0,4,1,
LTMD_U1_W3_SPANISH_STRUCTKW_0.1,U1-H1993P1ES139-P003,H1993P1ES139,1993,1,Español lecturas,3,3,1,1,0,1,0,1,2,
LTMD_U1_W3_SPANISH_STRUCTKW_0.1,U1-H1993P1ES139-P004,H1993P1ES139,1993,1,Español lecturas,4,3,1,1,0,0,0,0,0,
LTMD_U1_W3_SPANISH_STRUCTKW_0.1,U1-H1993P1ES139-P005,H1993P1ES139,1993,1,Español lecturas,5,3,1,1,0,0,0,0,0,
LTMD_U1_W3_SPANISH_STRUCTKW_0.1,U1-H1993P1ES139-P006,H1993P1ES139,1993,1,Español lecturas,6,3,1,1,0,0,0,0,0,
LTMD_U1_W3_SPANISH_STRUCTKW_0.1,U1-H1993P1ES139-P007,H1993P1ES139,1993,1,Español lecturas,7,3,1,1,0,0,0,0,0,
LTMD_U1_W3_SPANISH_STRUCTKW_0.1,U1-H1993P1ES139-P008,H1993P1ES139,1993,1,Español lecturas,8,3,1,1,0,0,0,0,0,
LTMD_U1_W3_SPANISH_STRUCTKW_0.1,U1-H1993P1ES139-P009,H1993P1ES139,1993,1,Español lecturas,9,3,1,1,0,0,0,0,0,
LTMD_U1_W3_SPANISH_STRUCTKW_0.1,U1-H1993P1ES139-P010,H1993P1ES139,1993,1,Español lecturas,10,3,1,1,0,0,0,0,0,
LTMD_U1_W3_SPANISH_STRUCTKW_0.1,U1-H1993P1ES139-P011,H1993P1ES139,1993,1,Español lecturas,11,3,1,1,0,0,0,0,0,
LTMD_U1_W3_SPANISH_STRUCTKW_0.1,U1-H1993P1ES139-P012,H1993P1ES139,1993,1,Español lecturas,12,3,1,1,0,0,0,0,0,
LTMD_U1_W3_SPANISH_STRUCTKW_0.1,U1-H1993P1ES139-P013,H1993P1ES139,1993,1,Español lecturas,13,6,1,1,0,0,0,0,0,
LTMD_U1_W3_SPANISH_STRUCTKW_0.1,U1-H1993P1ES139-P014,H1993P1ES139,1993,1,Español lecturas,14,3,1,1,0,0,0,0,0,
LTMD_U1_W3_SPANISH_STRUCTKW_0.1,U1-H1993P1ES139-P015,H1993P1ES139,1993,1,Español lecturas,15,3,1,1,0,0,0,0,0,
LTMD_U1_W3_SPANISH_STRUCTKW_0.1,U1-H1993P1ES139-P016,H1993P1ES139,1993,1,Español lecturas,16,3,1,1,0,0,0,0,0,
LTMD_U1_W3_SPANISH_STRUCTKW_0.1,U1-H1993P1ES139-P244,H1993P1ES139,1993,1,Español lecturas,244,3,1,0,1,0,0,0,0,
LTMD_U1_W3_SPANISH_STRUCTKW_0.1,U1-H1993P1ES139-P245,H1993P1ES139,1993,1,Español lecturas,245,3,1,0,1,0,0,0,0,
LTMD_U1_W3_SPANISH_STRUCTKW_0.1,U1-H1993P1ES139-P246,H1993P1ES139,1993,1,Español lecturas,246,3,1,0,1,0,0,0,0,
LTMD_U1_W3_SPANISH_STRUCTKW_0.1,U1-H1993P1ES139-P247,H1993P1ES139,1993,1,Español lecturas,247,3,1,0,1,0,0,0,0,
LTMD_U1_W3_SPANISH_STRUCTKW_0.1,U1-H1993P1ES139-P248,H1993P1ES139,1993,1,Español lecturas,248,3,1,0,1,0,0,0,0,
LTMD_U1_W3_SPANISH_STRUCTKW_0.1,U1-H1993P1ES139-P249,H1993P1ES139,1993,1,Español lecturas,249,3,1,0,1,0,0,0,0,
LTMD_U1_W3_SPANISH_STRUCTKW_0.1,U1-H1993P1ES139-P250,H1993P1ES139,1993,1,Español lecturas,250,3,1,0,1,0,0,0,0,
LTMD_U1_W3_SPANISH_STRUCTKW_0.1,U1-H1993P1ES139-P251,H1993P1ES139,1993,1,Español lecturas,251,3,1,0,1,0,0,0,0,
LTMD_U1_W3_SPANISH_STRUCTKW_0.1,U1-H1993P1ES139-P252,H1993P1ES139,1993,1,Español lecturas,252,3,1,0,1,0,0,0,0,
LTMD_U1_W3_SPANISH_STRUCTKW_0.1,U1-H1993P1ES139-P253,H1993P1ES139,1993,1,Español lecturas,253,3,1,0,1,0,0,0,0,
LTMD_U1_W3_SPANISH_STRUCTKW_0.1,U1-H1993P1ES139-P254,H1993P1ES139,1993,1,Español lecturas,254,3,1,0,1,0,0,0,0,
LTMD_U1_W3_SPANISH_STRUCTKW_0.1,U1-H1993P1ES139-P255,H1993P1ES139,1993,1,Español lecturas,255,3,1,0,1,0,0,0,0,
LTMD_U1_W3_SPANISH_STRUCTKW_0.1,U1-H1993P1ES139-P256,H1993P1ES139,1993,1,Español lecturas,256,3,1,0,1,0,0,1,1,
LTMD_U1_W3_SPANISH_STRUCTKW_0.1,U1-H1993P1ES139-P257,H1993P1ES139,1993,1,Español lecturas,257,3,1,0,1,0,0,0,0,
LTMD_U1_W3_SPANISH_STRUCTKW_0.1,U1-H1993P1ES139-P258,H1993P1ES139,1993,1,Español lecturas,258,6,1,0,1,0,0,0,0,
LTMD_U1_W3_SPANISH_STRUCTKW_0.1,U1-H1993P1ES139-P259,H1993P1ES139,1993,1,Español lecturas,259,3,1,0,1,0,0,0,0,
LTMD_U1_W3_SPANISH_STRUCTKW_0.1,U1-H1993P2ES144-P001,H1993P2ES144,1993,2,Español Actividades,1,6,1,1,0,0,0,0,0,
LTMD_U1_W3_SPANISH_STRUCTKW_0.1,U1-H1993P2ES144-P002,H1993P2ES144,1993,2,Español Actividades,2,3,1,1,0,0,1,4,2,
LTMD_U1_W3_SPANISH_STRUCTKW_0.1,U1-H1993P2ES144-P003,H1993P2ES144,1993,2,Español Actividades,3,3,1,1,0,1,0,1,2,
LTMD_U1_W3_SPANISH_STRUCTKW_0.1,U1-H1993P2ES144-P004,H1993P2ES144,1993,2,Español Actividades,4,3,1,1,0,0,1,0,1,
LTMD_U1_W3_SPANISH_STRUCTKW_0.1,U1-H1993P2ES144-P005,H1993P2ES144,1993,2,Español Actividades,5,3,1,1,0,0,1,0,1,
LTMD_U1_W3_SPANISH_STRUCTKW_0.1,U1-H1993P2ES144-P006,H1993P2ES144,1993,2,Español Actividades,6,3,1,1,0,0,0,0,0,
LTMD_U1_W3_SPANISH_STRUCTKW_0.1,U1-H1993P2ES144-P007,H1993P2ES144,1993,2,Español Actividades,7,3,1,1,0,0,1,0,1,
LTMD_U1_W3_SPANISH_STRUCTKW_0.1,U1-H1993P2ES144-P008,H1993P2ES144,1993,2,Español Actividades,8,3,1,1,0,0,0,0,0,
LTMD_U1_W3_SPANISH_STRUCTKW_0.1,U1-H1993P2ES144-P009,H1993P2ES144,1993,2,Español Actividades,9,3,1,1,0,0,0,0,0,
LTMD_U1_W3_SPANISH_STRUCTKW_0.1,U1-H1993P2ES144-P010,H1993P2ES144,1993,2,Español Actividades,10,3,1,1,0,0,0,0,0,
LTMD_U1_W3_SPANISH_STRUCTKW_0.1,U1-H1993P2ES144-P011,H1993P2ES144,1993,2,Español Actividades,11,3,1,1,0,0,0,0,0,
LTMD_U1_W3_SPANISH_STRUCTKW_0.1,U1-H1993P2ES144-P012,H1993P2ES144,1993,2,Español Actividades,12,3,1,1,0,0,0,0,0,
LTMD_U1_W3_SPANISH_STRUCTKW_0.1,U1-H1993P2ES144-P013,H1993P2ES144,1993,2,Español Actividades,13,3,1,1,0,0,1,0,1,
LTMD_U1_W3_SPANISH_STRUCTKW_0.1,U1-H1993P2ES144-P014,H1993P2ES144,1993,2,Español Actividades,14,3,1,1,0,0,0,0,0,
LTMD_U1_W3_SPANISH_STRUCTKW_0.1,U1-H1993P2ES144-P015,H1993P2ES144,1993,2,Español Actividades,15,3,1,1,0,0,0,0,0,
LTMD_U1_W3_SPANISH_STRUCTKW_0.1,U1-H1993P2ES144-P016,H1993P2ES144,1993,2,Español Actividades,16,3,1,1,0,0,0,0,0,
LTMD_U1_W3_SPANISH_STRUCTKW_0.1,U1-H1993P2ES144-P187,H1993P2ES144,1993,2,Español Actividades,187,3,1,0,1,0,0,0,0,
LTMD_U1_W3_SPANISH_STRUCTKW_0.1,U1-H1993P2ES144-P188,H1993P2ES144,1993,2,Español Actividades,188,3,1,0,1,0,0,0,0,
LTMD_U1_W3_SPANISH_STRUCTKW_0.1,U1-H1993P2ES144-P189,H1993P2ES144,1993,2,Español Actividades,189,3,1,0,1,0,1,0,1,
LTMD_U1_W3_SPANISH_STRUCTKW_0.1,U1-H1993P2ES144-P190,H1993P2ES144,1993,2,Español Actividades,190,3,1,0,1,0,0,0,0,
LTMD_U1_W3_SPANISH_STRUCTKW_0.1,U1-H1993P2ES144-P191,H1993P2ES144,1993,2,Español Actividades,191,3,1,0,1,1,0,0,1,
LTMD_U1_W3_SPANISH_STRUCTKW_0.1,U1-H1993P2ES144-P192,H1993P2ES144,1993,2,Español Actividades,192,3,1,0,1,0,0,0,0,
LTMD_U1_W3_SPANISH_STRUCTKW_0.1,U1-H1993P2ES144-P193,H1993P2ES144,1993,2,Español Actividades,193,3,1,0,1,0,1,0,1,
LTMD_U1_W3_SPANISH_STRUCTKW_0.1,U1-H1993P2ES144-P194,H1993P2ES144,1993,2,Español Actividades,194,3,1,0,1,0,0,0,0,
LTMD_U1_W3_SPANISH_STRUCTKW_0.1,U1-H1993P2ES144-P195,H1993P2ES144,1993,2,Español Actividades,195,3,1,0,1,0,0,0,0,
LTMD_U1_W3_SPANISH_STRUCTKW_0.1,U1-H1993P2ES144-P196,H1993P2ES144,1993,2,Español Actividades,196,3,1,0,1,1,0,0,1,
LTMD_U1_W3_SPANISH_STRUCTKW_0.1,U1-H1993P2ES144-P197,H1993P2ES144,1993,2,Español Actividades,197,3,1,0,1,0,0,0,0,
LTMD_U1_W3_SPANISH_STRUCTKW_0.1,U1-H1993P2ES144-P198,H1993P2ES144,1993,2,Español Actividades,198,3,1,0,1,0,1,0,1,
LTMD_U1_W3_SPANISH_STRUCTKW_0.1,U1-H1993P2ES144-P199,H1993P2ES144,1993,2,Español Actividades,199,3,1,0,1,0,0,0,0,
LTMD_U1_W3_SPANISH_STRUCTKW_0.1,U1-H1993P2ES144-P200,H1993P2ES144,1993,2,Español Actividades,200,3,1,0,1,0,0,0,0,
LTMD_U1_W3_SPANISH_STRUCTKW_0.1,U1-H1993P2ES144-P201,H1993P2ES144,1993,2,Español Actividades,201,3,1,0,1,0,0,0,0,
LTMD_U1_W3_SPANISH_STRUCTKW_0.1,U1-H1993P2ES144-P202,H1993P2ES144,1993,2,Español Actividades,202,3,1,0,1,0,0,0,0,
LTMD_U1_W3_SPANISH_STRUCTKW_0.1,U1-H1993P2ES145-P001,H1993P2ES145,1993,2,Español Recortable,1,6,1,1,0,0,0,0,0,
LTMD_U1_W3_SPANISH_STRUCTKW_0.1,U1-H1993P2ES145-P002,H1993P2ES145,1993,2,Español Recortable,2,3,1,1,0,0,1,4,2,
LTMD_U1_W3_SPANISH_STRUCTKW_0.1,U1-H1993P2ES145-P003,H1993P2ES145,1993,2,Español Recortable,3,11,1,1,0,0,0,0,0,
LTMD_U1_W3_SPANISH_STRUCTKW_0.1,U1-H1993P2ES145-P004,H1993P2ES145,1993,2,Español Recortable,4,6,1,1,0,0,0,0,0,
LTMD_U1_W3_SPANISH_STRUCTKW_0.1,U1-H1993P2ES145-P005,H1993P2ES145,1993,2,Español Recortable,5,11,1,1,0,0,0,0,0,
LTMD_U1_W3_SPANISH_STRUCTKW_0.1,U1-H1993P2ES145-P006,H1993P2ES145,1993,2,Español Recortable,6,6,1,1,0,0,0,0,0,
LTMD_U1_W3_SPANISH_STRUCTKW_0.1,U1-H1993P2ES145-P007,H1993P2ES145,1993,2,Español Recortable,7,11,1,1,0,0,0,0,0,
LTMD_U1_W3_SPANISH_STRUCTKW_0.1,U1-H1993P2ES145-P008,H1993P2ES145,1993,2,Español Recortable,8,6,1,1,0,0,0,0,0,
LTMD_U1_W3_SPANISH_STRUCTKW_0.1,U1-H1993P2ES145-P009,H1993P2ES145,1993,2,Español Recortable,9,11,1,1,0,0,0,0,0,
LTMD_U1_W3_SPANISH_STRUCTKW_0.1,U1-H1993P2ES145-P010,H1993P2ES145,1993,2,Español Recortable,10,6,1,1,0,0,0,0,0,
LTMD_U1_W3_SPANISH_STRUCTKW_0.1,U1-H1993P2ES145-P011,H1993P2ES145,1993,2,Español Recortable,11,3,1,1,0,0,0,0,0,
LTMD_U1_W3_SPANISH_STRUCTKW_0.1,U1-H1993P2ES145-P012,H1993P2ES145,1993,2,Español Recortable,12,6,1,1,0,0,0,0,0,
LTMD_U1_W3_SPANISH_STRUCTKW_0.1,U1-H1993P2ES145-P013,H1993P2ES145,1993,2,Español Recortable,13,3,1,1,0,0,0,0,0,
LTMD_U1_W3_SPANISH_STRUCTKW_0.1,U1-H1993P2ES145-P014,H1993P2ES145,1993,2,Español Recortable,14,11,1,1,0,0,0,0,0,
LTMD_U1_W3_SPANISH_STRUCTKW_0.1,U1-H1993P2ES145-P015,H1993P2ES145,1993,2,Español Recortable,15,3,1,1,0,0,0,0,0,
LTMD_U1_W3_SPANISH_STRUCTKW_0.1,U1-H1993P2ES145-P016,H1993P2ES145,1993,2,Español Recortable,16,,1,1,0,0,0,0,0,
LTMD_U1_W3_SPANISH_STRUCTKW_0.1,U1-H1993P2ES145-P107,H1993P2ES145,1993,2,Español Recortable,107,3,1,0,1,0,0,0,0,
LTMD_U1_W3_SPANISH_STRUCTKW_0.1,U1-H1993P2ES145-P108,H1993P2ES145,1993,2,Español Recortable,108,11,1,0,1,0,0,0,0,
LTMD_U1_W3_SPANISH_STRUCTKW_0.1,U1-H1993P2ES145-P109,H1993P2ES145,1993,2,Español Recortable,109,,1,0,1,0,0,0,0,
LTMD_U1_W3_SPANISH_STRUCTKW_0.1,U1-H1993P2ES145-P110,H1993P2ES145,1993,2,Español Recortable,110,6,1,0,1,0,0,0,0,
LTMD_U1_W3_SPANISH_STRUCTKW_0.1,U1-H1993P2ES145-P111,H1993P2ES145,1993,2,Español Recortable,111,,1,0,1,0,0,0,0,
LTMD_U1_W3_SPANISH_STRUCTKW_0.1,U1-H1993P2ES145-P112,H1993P2ES145,1993,2,Español Recortable,112,6,1,0,1,0,0,0,0,
LTMD_U1_W3_SPANISH_STRUCTKW_0.1,U1-H1993P2ES145-P113,H1993P2ES145,1993,2,Español Recortable,113,,1,0,1,0,0,0,0,
LTMD_U1_W3_SPANISH_STRUCTKW_0.1,U1-H1993P2ES145-P114,H1993P2ES145,1993,2,Español Recortable,114,11,1,0,1,0,0,0,0,
LTMD_U1_W3_SPANISH_STRUCTKW_0.1,U1-H1993P2ES145-P115,H1993P2ES145,1993,2,Español Recortable,115,3,1,0,1,0,0,0,0,
LTMD_U1_W3_SPANISH_STRUCTKW_0.1,U1-H1993P2ES145-P116,H1993P2ES145,1993,2,Español Recortable,116,6,1,0,1,0,0,0,0,
LTMD_U1_W3_SPANISH_STRUCTKW_0.1,U1-H1993P2ES145-P117,H1993P2ES145,1993,2,Español Recortable,117,11,1,0,1,0,0,0,0,
LTMD_U1_W3_SPANISH_STRUCTKW_0.1,U1-H1993P2ES145-P118,H1993P2ES145,1993,2,Español Recortable,118,3,1,0,1,0,0,0,0,
LTMD_U1_W3_SPANISH_STRUCTKW_0.1,U1-H1993P2ES145-P119,H1993P2ES145,1993,2,Español Recortable,119,3,1,0,1,0,0,0,0,
LTMD_U1_W3_SPANISH_STRUCTKW_0.1,U1-H1993P2ES145-P120,H1993P2ES145,1993,2,Español Recortable,120,6,1,0,1,0,0,0,0,
LTMD_U1_W3_SPANISH_STRUCTKW_0.1,U1-H1993P2ES145-P121,H1993P2ES145,1993,2,Español Recortable,121,3,1,0,1,0,0,0,0,
LTMD_U1_W3_SPANISH_STRUCTKW_0.1,U1-H1993P2ES145-P122,H1993P2ES145,1993,2,Español Recortable,122,3,1,0,1,0,0,0,0,
LTMD_U1_W3_SPANISH_STRUCTKW_0.1,U1-H1993P2ES146-P001,H1993P2ES146,1993,2,Español,1,3,1,1,0,0,0,0,0,
LTMD_U1_W3_SPANISH_STRUCTKW_0.1,U1-H1993P2ES146-P002,H1993P2ES146,1993,2,Español,2,3,1,1,0,0,0,7,1,
LTMD_U1_W3_SPANISH_STRUCTKW_0.1,U1-H1993P2ES146-P003,H1993P2ES146,1993,2,Español,3,3,1,1,0,1,0,1,2,
LTMD_U1_W3_SPANISH_STRUCTKW_0.1,U1-H1993P2ES146-P004,H1993P2ES146,1993,2,Español,4,3,1,1,0,0,0,0,0,
LTMD_U1_W3_SPANISH_STRUCTKW_0.1,U1-H1993P2ES146-P005,H1993P2ES146,1993,2,Español,5,3,1,1,0,0,0,0,0,
LTMD_U1_W3_SPANISH_STRUCTKW_0.1,U1-H1993P2ES146-P006,H1993P2ES146,1993,2,Español,6,3,1,1,0,0,1,0,1,
LTMD_U1_W3_SPANISH_STRUCTKW_0.1,U1-H1993P2ES146-P007,H1993P2ES146,1993,2,Español,7,6,1,1,0,0,0,0,0,
LTMD_U1_W3_SPANISH_STRUCTKW_0.1,U1-H1993P2ES146-P008,H1993P2ES146,1993,2,Español,8,6,1,1,0,0,0,0,0,
LTMD_U1_W3_SPANISH_STRUCTKW_0.1,U1-H1993P2ES146-P009,H1993P2ES146,1993,2,Español,9,3,1,1,0,0,0,0,0,
LTMD_U1_W3_SPANISH_STRUCTKW_0.1,U1-H1993P2ES146-P010,H1993P2ES146,1993,2,Español,10,3,1,1,0,0,0,0,0,
LTMD_U1_W3_SPANISH_STRUCTKW_0.1,U1-H1993P2ES146-P011,H1993P2ES146,1993,2,Español,11,3,1,1,0,0,0,0,0,
LTMD_U1_W3_SPANISH_STRUCTKW_0.1,U1-H1993P2ES146-P012,H1993P2ES146,1993,2,Español,12,3,1,1,0,0,0,0,0,
LTMD_U1_W3_SPANISH_STRUCTKW_0.1,U1-H1993P2ES146-P013,H1993P2ES146,1993,2,Español,13,3,1,1,0,0,0,0,0,
LTMD_U1_W3_SPANISH_STRUCTKW_0.1,U1-H1993P2ES146-P014,H1993P2ES146,1993,2,Español,14,3,1,1,0,0,0,0,0,
LTMD_U1_W3_SPANISH_STRUCTKW_0.1,U1-H1993P2ES146-P015,H1993P2ES146,1993,2,Español,15,3,1,1,0,0,0,0,0,
LTMD_U1_W3_SPANISH_STRUCTKW_0.1,U1-H1993P2ES146-P016,H1993P2ES146,1993,2,Español,16,3,1,1,0,0,0,0,0,
LTMD_U1_W3_SPANISH_STRUCTKW_0.1,U1-H1993P2ES146-P211,H1993P2ES146,1993,2,Español,211,3,1,0,1,0,0,0,0,
LTMD_U1_W3_SPANISH_STRUCTKW_0.1,U1-H1993P2ES146-P212,H1993P2ES146,1993,2,Español,212,6,1,0,1,0,0,0,0,
LTMD_U1_W3_SPANISH_STRUCTKW_0.1,U1-H1993P2ES146-P213,H1993P2ES146,1993,2,Español,213,3,1,0,1,0,0,0,0,
LTMD_U1_W3_SPANISH_STRUCTKW_0.1,U1-H1993P2ES146-P214,H1993P2ES146,1993,2,Español,214,3,1,0,1,0,0,0,0,
LTMD_U1_W3_SPANISH_STRUCTKW_0.1,U1-H1993P2ES146-P215,H1993P2ES146,1993,2,Español,215,3,1,0,1,0,1,0,1,
LTMD_U1_W3_SPANISH_STRUCTKW_0.1,U1-H1993P2ES146-P216,H1993P2ES146,1993,2,Español,216,3,1,0,1,0,0,0,0,
LTMD_U1_W3_SPANISH_STRUCTKW_0.1,U1-H1993P2ES146-P217,H1993P2ES146,1993,2,Español,217,3,1,0,1,0,0,0,0,
LTMD_U1_W3_SPANISH_STRUCTKW_0.1,U1-H1993P2ES146-P218,H1993P2ES146,1993,2,Español,218,6,1,0,1,0,0,0,0,
LTMD_U1_W3_SPANISH_STRUCTKW_0.1,U1-H1993P2ES146-P219,H1993P2ES146,1993,2,Español,219,3,1,0,1,0,1,0,1,
LTMD_U1_W3_SPANISH_STRUCTKW_0.1,U1-H1993P2ES146-P220,H1993P2ES146,1993,2,Español,220,6,1,0,1,0,0,0,0,
LTMD_U1_W3_SPANISH_STRUCTKW_0.1,U1-H1993P2ES146-P221,H1993P2ES146,1993,2,Español,221,3,1,0,1,0,0,0,0,
LTMD_U1_W3_SPANISH_STRUCTKW_0.1,U1-H1993P2ES146-P222,H1993P2ES146,1993,2,Español,222,3,1,0,1,0,1,0,1,
LTMD_U1_W3_SPANISH_STRUCTKW_0.1,U1-H1993P2ES146-P223,H1993P2ES146,1993,2,Español,223,3,1,0,1,0,1,0,1,
LTMD_U1_W3_SPANISH_STRUCTKW_0.1,U1-H1993P2ES146-P224,H1993P2ES146,1993,2,Español,224,3,1,0,1,0,0,0,0,
LTMD_U1_W3_SPANISH_STRUCTKW_0.1,U1-H1993P2ES146-P225,H1993P2ES146,1993,2,Español,225,3,1,0,1,0,0,0,0,
LTMD_U1_W3_SPANISH_STRUCTKW_0.1,U1-H1993P2ES146-P226,H1993P2ES146,1993,2,Español,226,3,1,0,1,0,0,0,0,
LTMD_U1_W3_SPANISH_STRUCTKW_0.1,U1-H1993P2ES147-P001,H1993P2ES147,1993,2,Español Lecturas,1,3,1,1,0,0,0,0,0,
LTMD_U1_W3_SPANISH_STRUCTKW_0.1,U1-H1993P2ES147-P002,H1993P2ES147,1993,2,Español Lecturas,2,3,1,1,0,0,1,5,2,
LTMD_U1_W3_SPANISH_STRUCTKW_0.1,U1-H1993P2ES147-P003,H1993P2ES147,1993,2,Español Lecturas,3,3,1,1,0,1,0,1,2,
LTMD_U1_W3_SPANISH_STRUCTKW_0.1,U1-H1993P2ES147-P004,H1993P2ES147,1993,2,Español Lecturas,4,3,1,1,0,0,1,0,1,
LTMD_U1_W3_SPANISH_STRUCTKW_0.1,U1-H1993P2ES147-P005,H1993P2ES147,1993,2,Español Lecturas,5,3,1,1,0,0,1,0,1,
LTMD_U1_W3_SPANISH_STRUCTKW_0.1,U1-H1993P2ES147-P006,H1993P2ES147,1993,2,Español Lecturas,6,3,1,1,0,0,1,0,1,
LTMD_U1_W3_SPANISH_STRUCTKW_0.1,U1-H1993P2ES147-P007,H1993P2ES147,1993,2,Español Lecturas,7,3,1,1,0,0,1,0,1,
LTMD_U1_W3_SPANISH_STRUCTKW_0.1,U1-H1993P2ES147-P008,H1993P2ES147,1993,2,Español Lecturas,8,3,1,1,0,0,0,0,0,
LTMD_U1_W3_SPANISH_STRUCTKW_0.1,U1-H1993P2ES147-P009,H1993P2ES147,1993,2,Español Lecturas,9,3,1,1,0,0,0,0,0,
LTMD_U1_W3_SPANISH_STRUCTKW_0.1,U1-H1993P2ES147-P010,H1993P2ES147,1993,2,Español Lecturas,10,3,1,1,0,0,1,0,1,
LTMD_U1_W3_SPANISH_STRUCTKW_0.1,U1-H1993P2ES147-P011,H1993P2ES147,1993,2,Español Lecturas,11,3,1,1,0,0,0,0,0,
LTMD_U1_W3_SPANISH_STRUCTKW_0.1,U1-H1993P2ES147-P012,H1993P2ES147,1993,2,Español Lecturas,12,3,1,1,0,0,0,0,0,
LTMD_U1_W3_SPANISH_STRUCTKW_0.1,U1-H1993P2ES147-P013,H1993P2ES147,1993,2,Español Lecturas,13,3,1,1,0,0,0,0,0,
LTMD_U1_W3_SPANISH_STRUCTKW_0.1,U1-H1993P2ES147-P014,H1993P2ES147,1993,2,Español Lecturas,14,3,1,1,0,0,1,0,1,
LTMD_U1_W3_SPANISH_STRUCTKW_0.1,U1-H1993P2ES147-P015,H1993P2ES147,1993,2,Español Lecturas,15,3,1,1,0,0,0,0,0,
LTMD_U1_W3_SPANISH_STRUCTKW_0.1,U1-H1993P2ES147-P016,H1993P2ES147,1993,2,Español Lecturas,16,3,1,1,0,0,0,0,0,
LTMD_U1_W3_SPANISH_STRUCTKW_0.1,U1-H1993P2ES147-P243,H1993P2ES147,1993,2,Español Lecturas,243,3,1,0,1,0,0,0,0,
LTMD_U1_W3_SPANISH_STRUCTKW_0.1,U1-H1993P2ES147-P244,H1993P2ES147,1993,2,Español Lecturas,244,3,1,0,1,0,0,0,0,
LTMD_U1_W3_SPANISH_STRUCTKW_0.1,U1-H1993P2ES147-P245,H1993P2ES147,1993,2,Español Lecturas,245,3,1,0,1,0,0,0,0,
LTMD_U1_W3_SPANISH_STRUCTKW_0.1,U1-H1993P2ES147-P246,H1993P2ES147,1993,2,Español Lecturas,246,3,1,0,1,0,0,0,0,
LTMD_U1_W3_SPANISH_STRUCTKW_0.1,U1-H1993P2ES147-P247,H1993P2ES147,1993,2,Español Lecturas,247,3,1,0,1,0,0,0,0,
LTMD_U1_W3_SPANISH_STRUCTKW_0.1,U1-H1993P2ES147-P248,H1993P2ES147,1993,2,Español Lecturas,248,3,1,0,1,0,1,0,1,
LTMD_U1_W3_SPANISH_STRUCTKW_0.1,U1-H1993P2ES147-P249,H1993P2ES147,1993,2,Español Lecturas,249,3,1,0,1,1,0,0,1,
LTMD_U1_W3_SPANISH_STRUCTKW_0.1,U1-H1993P2ES147-P250,H1993P2ES147,1993,2,Español Lecturas,250,3,1,0,1,0,0,0,0,
LTMD_U1_W3_SPANISH_STRUCTKW_0.1,U1-H1993P2ES147-P251,H1993P2ES147,1993,2,Español Lecturas,251,3,1,0,1,0,0,0,0,
LTMD_U1_W3_SPANISH_STRUCTKW_0.1,U1-H1993P2ES147-P252,H1993P2ES147,1993,2,Español Lecturas,252,3,1,0,1,1,0,0,1,
LTMD_U1_W3_SPANISH_STRUCTKW_0.1,U1-H1993P2ES147-P253,H1993P2ES147,1993,2,Español Lecturas,253,3,1,0,1,0,0,0,0,
LTMD_U1_W3_SPANISH_STRUCTKW_0.1,U1-H1993P2ES147-P254,H1993P2ES147,1993,2,Español Lecturas,254,3,1,0,1,0,2,0,1,
LTMD_U1_W3_SPANISH_STRUCTKW_0.1,U1-H1993P2ES147-P255,H1993P2ES147,1993,2,Español Lecturas,255,3,1,0,1,0,1,0,1,
LTMD_U1_W3_SPANISH_STRUCTKW_0.1,U1-H1993P2ES147-P256,H1993P2ES147,1993,2,Español Lecturas,256,3,1,0,1,0,1,0,1,
LTMD_U1_W3_SPANISH_STRUCTKW_0.1,U1-H1993P2ES147-P257,H1993P2ES147,1993,2,Español Lecturas,257,3,1,0,1,0,0,0,0,
LTMD_U1_W3_SPANISH_STRUCTKW_0.1,U1-H1993P2ES147-P258,H1993P2ES147,1993,2,Español Lecturas,258,3,1,0,1,0,0,0,0,
LTMD_U1_W3_SPANISH_STRUCTKW_0.1,U1-H1993P2ES148-P001,H1993P2ES148,1993,2,Español Lecturas,1,6,1,1,0,0,0,0,0,
LTMD_U1_W3_SPANISH_STRUCTKW_0.1,U1-H1993P2ES148-P002,H1993P2ES148,1993,2,Español Lecturas,2,3,1,1,0,0,1,8,2,
LTMD_U1_W3_SPANISH_STRUCTKW_0.1,U1-H1993P2ES148-P003,H1993P2ES148,1993,2,Español Lecturas,3,3,1,1,0,0,0,1,1,
LTMD_U1_W3_SPANISH_STRUCTKW_0.1,U1-H1993P2ES148-P004,H1993P2ES148,1993,2,Español Lecturas,4,,1,1,0,0,0,0,0,
LTMD_U1_W3_SPANISH_STRUCTKW_0.1,U1-H1993P2ES148-P005,H1993P2ES148,1993,2,Español Lecturas,5,3,1,1,0,1,1,0,2,
LTMD_U1_W3_SPANISH_STRUCTKW_0.1,U1-H1993P2ES148-P006,H1993P2ES148,1993,2,Español Lecturas,6,3,1,1,0,0,0,0,0,
LTMD_U1_W3_SPANISH_STRUCTKW_0.1,U1-H1993P2ES148-P007,H1993P2ES148,1993,2,Español Lecturas,7,3,1,1,0,0,0,0,0,
LTMD_U1_W3_SPANISH_STRUCTKW_0.1,U1-H1993P2ES148-P008,H1993P2ES148,1993,2,Español Lecturas,8,3,1,1,0,0,0,0,0,
LTMD_U1_W3_SPANISH_STRUCTKW_0.1,U1-H1993P2ES148-P009,H1993P2ES148,1993,2,Español Lecturas,9,3,1,1,0,1,0,0,1,
LTMD_U1_W3_SPANISH_STRUCTKW_0.1,U1-H1993P2ES148-P010,H1993P2ES148,1993,2,Español Lecturas,10,3,1,1,0,0,0,0,0,
LTMD_U1_W3_SPANISH_STRUCTKW_0.1,U1-H1993P2ES148-P011,H1993P2ES148,1993,2,Español Lecturas,11,3,1,1,0,0,0,0,0,
LTMD_U1_W3_SPANISH_STRUCTKW_0.1,U1-H1993P2ES148-P012,H1993P2ES148,1993,2,Español Lecturas,12,3,1,1,0,0,0,0,0,
LTMD_U1_W3_SPANISH_STRUCTKW_0.1,U1-H1993P2ES148-P013,H1993P2ES148,1993,2,Español Lecturas,13,3,1,1,0,0,0,0,0,
LTMD_U1_W3_SPANISH_STRUCTKW_0.1,U1-H1993P2ES148-P014,H1993P2ES148,1993,2,Español Lecturas,14,3,1,1,0,0,0,0,0,
LTMD_U1_W3_SPANISH_STRUCTKW_0.1,U1-H1993P2ES148-P015,H1993P2ES148,1993,2,Español Lecturas,15,3,1,1,0,0,0,0,0,
LTMD_U1_W3_SPANISH_STRUCTKW_0.1,U1-H1993P2ES148-P016,H1993P2ES148,1993,2,Español Lecturas,16,3,1,1,0,0,0,0,0,
LTMD_U1_W3_SPANISH_STRUCTKW_0.1,U1-H1993P2ES148-P131,H1993P2ES148,1993,2,Español Lecturas,131,3,1,0,1,0,0,0,0,
LTMD_U1_W3_SPANISH_STRUCTKW_0.1,U1-H1993P2ES148-P132,H1993P2ES148,1993,2,Español Lecturas,132,3,1,0,1,0,0,0,0,
LTMD_U1_W3_SPANISH_STRUCTKW_0.1,U1-H1993P2ES148-P133,H1993P2ES148,1993,2,Español Lecturas,133,6,1,0,1,0,0,0,0,
LTMD_U1_W3_SPANISH_STRUCTKW_0.1,U1-H1993P2ES148-P134,H1993P2ES148,1993,2,Español Lecturas,134,3,1,0,1,0,0,0,0,
LTMD_U1_W3_SPANISH_STRUCTKW_0.1,U1-H1993P2ES148-P135,H1993P2ES148,1993,2,Español Lecturas,135,3,1,0,1,0,0,0,0,
LTMD_U1_W3_SPANISH_STRUCTKW_0.1,U1-H1993P2ES148-P136,H1993P2ES148,1993,2,Español Lecturas,136,3,1,0,1,0,0,0,0,
LTMD_U1_W3_SPANISH_STRUCTKW_0.1,U1-H1993P2ES148-P137,H1993P2ES148,1993,2,Español Lecturas,137,3,1,0,1,0,0,0,0,
LTMD_U1_W3_SPANISH_STRUCTKW_0.1,U1-H1993P2ES148-P138,H1993P2ES148,1993,2,Español Lecturas,138,3,1,0,1,0,0,0,0,
LTMD_U1_W3_SPANISH_STRUCTKW_0.1,U1-H1993P2ES148-P139,H1993P2ES148,1993,2,Español Lecturas,139,3,1,0,1,0,0,0,0,
LTMD_U1_W3_SPANISH_STRUCTKW_0.1,U1-H1993P2ES148-P140,H1993P2ES148,1993,2,Español Lecturas,140,,1,0,1,0,0,0,0,
LTMD_U1_W3_SPANISH_STRUCTKW_0.1,U1-H1993P2ES148-P141,H1993P2ES148,1993,2,Español Lecturas,141,3,1,0,1,0,0,0,0,
LTMD_U1_W3_SPANISH_STRUCTKW_0.1,U1-H1993P2ES148-P142,H1993P2ES148,1993,2,Español Lecturas,142,3,1,0,1,0,1,0,1,
LTMD_U1_W3_SPANISH_STRUCTKW_0.1,U1-H1993P2ES148-P143,H1993P2ES148,1993,2,Español Lecturas,143,3,1,0,1,0,0,0,0,
LTMD_U1_W3_SPANISH_STRUCTKW_0.1,U1-H1993P2ES148-P144,H1993P2ES148,1993,2,Español Lecturas,144,3,1,0,1,0,0,0,0,
LTMD_U1_W3_SPANISH_STRUCTKW_0.1,U1-H1993P2ES148-P145,H1993P2ES148,1993,2,Español Lecturas,145,6,1,0,1,0,0,0,0,
LTMD_U1_W3_SPANISH_STRUCTKW_0.1,U1-H1993P2ES148-P146,H1993P2ES148,1993,2,Español Lecturas,146,3,1,0,1,0,0,1,1,
LTMD_U1_W3_SPANISH_STRUCTKW_0.1,U1-H1993P3ES154-P001,H1993P3ES154,1993,3,Español Actividades,1,,1,1,0,0,0,0,0,
LTMD_U1_W3_SPANISH_STRUCTKW_0.1,U1-H1993P3ES154-P002,H1993P3ES154,1993,3,Español Actividades,2,3,1,1,0,0,1,4,2,
LTMD_U1_W3_SPANISH_STRUCTKW_0.1,U1-H1993P3ES154-P003,H1993P3ES154,1993,3,Español Actividades,3,3,1,1,0,1,0,1,2,
LTMD_U1_W3_SPANISH_STRUCTKW_0.1,U1-H1993P3ES154-P004,H1993P3ES154,1993,3,Español Actividades,4,3,1,1,0,0,2,0,1,
LTMD_U1_W3_SPANISH_STRUCTKW_0.1,U1-H1993P3ES154-P005,H1993P3ES154,1993,3,Español Actividades,5,3,1,1,0,0,1,0,1,
LTMD_U1_W3_SPANISH_STRUCTKW_0.1,U1-H1993P3ES154-P006,H1993P3ES154,1993,3,Español Actividades,6,3,1,1,0,0,1,0,1,
LTMD_U1_W3_SPANISH_STRUCTKW_0.1,U1-H1993P3ES154-P007,H1993P3ES154,1993,3,Español Actividades,7,3,1,1,0,0,0,0,0,
LTMD_U1_W3_SPANISH_STRUCTKW_0.1,U1-H1993P3ES154-P008,H1993P3ES154,1993,3,Español Actividades,8,3,1,1,0,0,1,0,1,
LTMD_U1_W3_SPANISH_STRUCTKW_0.1,U1-H1993P3ES154-P009,H1993P3ES154,1993,3,Español Actividades,9,3,1,1,0,0,0,0,0,
LTMD_U1_W3_SPANISH_STRUCTKW_0.1,U1-H1993P3ES154-P010,H1993P3ES154,1993,3,Español Actividades,10,3,1,1,0,0,0,0,0,
LTMD_U1_W3_SPANISH_STRUCTKW_0.1,U1-H1993P3ES154-P011,H1993P3ES154,1993,3,Español Actividades,11,3,1,1,0,0,0,0,0,
LTMD_U1_W3_SPANISH_STRUCTKW_0.1,U1-H1993P3ES154-P012,H1993P3ES154,1993,3,Español Actividades,12,3,1,1,0,0,1,0,1,
LTMD_U1_W3_SPANISH_STRUCTKW_0.1,U1-H1993P3ES154-P013,H1993P3ES154,1993,3,Español Actividades,13,3,1,1,0,0,0,0,0,
LTMD_U1_W3_SPANISH_STRUCTKW_0.1,U1-H1993P3ES154-P014,H1993P3ES154,1993,3,Español Actividades,14,3,1,1,0,0,0,0,0,
LTMD_U1_W3_SPANISH_STRUCTKW_0.1,U1-H1993P3ES154-P015,H1993P3ES154,1993,3,Español Actividades,15,3,1,1,0,1,0,0,1,
LTMD_U1_W3_SPANISH_STRUCTKW_0.1,U1-H1993P3ES154-P016,H1993P3ES154,1993,3,Español Actividades,16,3,1,1,0,0,1,0,1,
LTMD_U1_W3_SPANISH_STRUCTKW_0.1,U1-H1993P3ES154-P195,H1993P3ES154,1993,3,Español Actividades,195,3,1,0,1,0,0,0,0,
LTMD_U1_W3_SPANISH_STRUCTKW_0.1,U1-H1993P3ES154-P196,H1993P3ES154,1993,3,Español Actividades,196,3,1,0,1,0,1,0,1,
LTMD_U1_W3_SPANISH_STRUCTKW_0.1,U1-H1993P3ES154-P197,H1993P3ES154,1993,3,Español Actividades,197,3,1,0,1,0,0,0,0,
LTMD_U1_W3_SPANISH_STRUCTKW_0.1,U1-H1993P3ES154-P198,H1993P3ES154,1993,3,Español Actividades,198,3,1,0,1,0,1,0,1,
LTMD_U1_W3_SPANISH_STRUCTKW_0.1,U1-H1993P3ES154-P199,H1993P3ES154,1993,3,Español Actividades,199,3,1,0,1,1,0,0,1,
LTMD_U1_W3_SPANISH_STRUCTKW_0.1,U1-H1993P3ES154-P200,H1993P3ES154,1993,3,Español Actividades,200,3,1,0,1,0,2,0,1,
LTMD_U1_W3_SPANISH_STRUCTKW_0.1,U1-H1993P3ES154-P201,H1993P3ES154,1993,3,Español Actividades,201,3,1,0,1,0,1,0,1,
LTMD_U1_W3_SPANISH_STRUCTKW_0.1,U1-H1993P3ES154-P202,H1993P3ES154,1993,3,Español Actividades,202,3,1,0,1,0,1,0,1,
LTMD_U1_W3_SPANISH_STRUCTKW_0.1,U1-H1993P3ES154-P203,H1993P3ES154,1993,3,Español Actividades,203,3,1,0,1,1,0,0,1,
LTMD_U1_W3_SPANISH_STRUCTKW_0.1,U1-H1993P3ES154-P204,H1993P3ES154,1993,3,Español Actividades,204,3,1,0,1,0,1,0,1,
LTMD_U1_W3_SPANISH_STRUCTKW_0.1,U1-H1993P3ES154-P205,H1993P3ES154,1993,3,Español Actividades,205,3,1,0,1,0,1,0,1,
LTMD_U1_W3_SPANISH_STRUCTKW_0.1,U1-H1993P3ES154-P206,H1993P3ES154,1993,3,Español Actividades,206,3,1,0,1,0,0,1,1,
LTMD_U1_W3_SPANISH_STRUCTKW_0.1,U1-H1993P3ES154-P207,H1993P3ES154,1993,3,Español Actividades,207,3,1,0,1,0,1,0,1,
LTMD_U1_W3_SPANISH_STRUCTKW_0.1,U1-H1993P3ES154-P208,H1993P3ES154,1993,3,Español Actividades,208,3,1,0,1,0,0,0,0,
LTMD_U1_W3_SPANISH_STRUCTKW_0.1,U1-H1993P3ES154-P209,H1993P3ES154,1993,3,Español Actividades,209,3,1,0,1,0,0,0,0,
LTMD_U1_W3_SPANISH_STRUCTKW_0.1,U1-H1993P3ES154-P210,H1993P3ES154,1993,3,Español Actividades,210,3,1,0,1,0,0,1,1,
LTMD_U1_W3_SPANISH_STRUCTKW_0.1,U1-H1993P3ES155-P001,H1993P3ES155,1993,3,Español Lecturas,1,3,1,1,0,0,0,0,0,
LTMD_U1_W3_SPANISH_STRUCTKW_0.1,U1-H1993P3ES155-P002,H1993P3ES155,1993,3,Español Lecturas,2,3,1,1,0,0,1,6,2,
LTMD_U1_W3_SPANISH_STRUCTKW_0.1,U1-H1993P3ES155-P003,H1993P3ES155,1993,3,Español Lecturas,3,3,1,1,0,0,0,1,1,
LTMD_U1_W3_SPANISH_STRUCTKW_0.1,U1-H1993P3ES155-P004,H1993P3ES155,1993,3,Español Lecturas,4,3,1,1,0,0,0,0,0,
LTMD_U1_W3_SPANISH_STRUCTKW_0.1,U1-H1993P3ES155-P005,H1993P3ES155,1993,3,Español Lecturas,5,3,1,1,0,1,1,0,2,
LTMD_U1_W3_SPANISH_STRUCTKW_0.1,U1-H1993P3ES155-P006,H1993P3ES155,1993,3,Español Lecturas,6,3,1,1,0,0,0,0,0,
LTMD_U1_W3_SPANISH_STRUCTKW_0.1,U1-H1993P3ES155-P007,H1993P3ES155,1993,3,Español Lecturas,7,3,1,1,0,0,0,0,0,
LTMD_U1_W3_SPANISH_STRUCTKW_0.1,U1-H1993P3ES155-P008,H1993P3ES155,1993,3,Español Lecturas,8,3,1,1,0,0,0,0,0,
LTMD_U1_W3_SPANISH_STRUCTKW_0.1,U1-H1993P3ES155-P009,H1993P3ES155,1993,3,Español Lecturas,9,3,1,1,0,1,0,0,1,
LTMD_U1_W3_SPANISH_STRUCTKW_0.1,U1-H1993P3ES155-P010,H1993P3ES155,1993,3,Español Lecturas,10,3,1,1,0,0,0,0,0,
LTMD_U1_W3_SPANISH_STRUCTKW_0.1,U1-H1993P3ES155-P011,H1993P3ES155,1993,3,Español Lecturas,11,3,1,1,0,0,0,0,0,
LTMD_U1_W3_SPANISH_STRUCTKW_0.1,U1-H1993P3ES155-P012,H1993P3ES155,1993,3,Español Lecturas,12,3,1,1,0,0,0,0,0,
LTMD_U1_W3_SPANISH_STRUCTKW_0.1,U1-H1993P3ES155-P013,H1993P3ES155,1993,3,Español Lecturas,13,11,1,1,0,0,0,0,0,
LTMD_U1_W3_SPANISH_STRUCTKW_0.1,U1-H1993P3ES155-P014,H1993P3ES155,1993,3,Español Lecturas,14,3,1,1,0,0,0,0,0,
LTMD_U1_W3_SPANISH_STRUCTKW_0.1,U1-H1993P3ES155-P015,H1993P3ES155,1993,3,Español Lecturas,15,3,1,1,0,0,0,0,0,
LTMD_U1_W3_SPANISH_STRUCTKW_0.1,U1-H1993P3ES155-P016,H1993P3ES155,1993,3,Español Lecturas,16,3,1,1,0,0,0,0,0,
LTMD_U1_W3_SPANISH_STRUCTKW_0.1,U1-H1993P3ES155-P099,H1993P3ES155,1993,3,Español Lecturas,99,3,1,0,1,0,0,0,0,
LTMD_U1_W3_SPANISH_STRUCTKW_0.1,U1-H1993P3ES155-P100,H1993P3ES155,1993,3,Español Lecturas,100,3,1,0,1,0,0,0,0,
LTMD_U1_W3_SPANISH_STRUCTKW_0.1,U1-H1993P3ES155-P101,H1993P3ES155,1993,3,Español Lecturas,101,3,1,0,1,0,0,0,0,
LTMD_U1_W3_SPANISH_STRUCTKW_0.1,U1-H1993P3ES155-P102,H1993P3ES155,1993,3,Español Lecturas,102,3,1,0,1,0,0,0,0,
LTMD_U1_W3_SPANISH_STRUCTKW_0.1,U1-H1993P3ES155-P103,H1993P3ES155,1993,3,Español Lecturas,103,3,1,0,1,0,0,0,0,
LTMD_U1_W3_SPANISH_STRUCTKW_0.1,U1-H1993P3ES155-P104,H1993P3ES155,1993,3,Español Lecturas,104,3,1,0,1,0,0,0,0,
LTMD_U1_W3_SPANISH_STRUCTKW_0.1,U1-H1993P3ES155-P105,H1993P3ES155,1993,3,Español Lecturas,105,3,1,0,1,0,0,0,0,
LTMD_U1_W3_SPANISH_STRUCTKW_0.1,U1-H1993P3ES155-P106,H1993P3ES155,1993,3,Español Lecturas,106,3,1,0,1,0,0,0,0,
LTMD_U1_W3_SPANISH_STRUCTKW_0.1,U1-H1993P3ES155-P107,H1993P3ES155,1993,3,Español Lecturas,107,3,1,0,1,0,0,0,0,
LTMD_U1_W3_SPANISH_STRUCTKW_0.1,U1-H1993P3ES155-P108,H1993P3ES155,1993,3,Español Lecturas,108,3,1,0,1,0,0,0,0,
LTMD_U1_W3_SPANISH_STRUCTKW_0.1,U1-H1993P3ES155-P109,H1993P3ES155,1993,3,Español Lecturas,109,3,1,0,1,0,0,0,0,
LTMD_U1_W3_SPANISH_STRUCTKW_0.1,U1-H1993P3ES155-P110,H1993P3ES155,1993,3,Español Lecturas,110,3,1,0,1,0,0,0,0,
LTMD_U1_W3_SPANISH_STRUCTKW_0.1,U1-H1993P3ES155-P111,H1993P3ES155,1993,3,Español Lecturas,111,6,1,0,1,0,0,0,0,
LTMD_U1_W3_SPANISH_STRUCTKW_0.1,U1-H1993P3ES155-P112,H1993P3ES155,1993,3,Español Lecturas,112,3,1,0,1,0,0,0,0,
LTMD_U1_W3_SPANISH_STRUCTKW_0.1,U1-H1993P3ES155-P113,H1993P3ES155,1993,3,Español Lecturas,113,6,1,0,1,0,0,0,0,
LTMD_U1_W3_SPANISH_STRUCTKW_0.1,U1-H1993P3ES155-P114,H1993P3ES155,1993,3,Español Lecturas,114,3,1,0,1,0,0,0,0,
LTMD_U1_W3_SPANISH_STRUCTKW_0.1,U1-H1993P3ES156-P001,H1993P3ES156,1993,3,Español Lecturas,1,6,1,1,0,0,0,0,0,
LTMD_U1_W3_SPANISH_STRUCTKW_0.1,U1-H1993P3ES156-P002,H1993P3ES156,1993,3,Español Lecturas,2,3,1,1,0,0,1,4,2,
LTMD_U1_W3_SPANISH_STRUCTKW_0.1,U1-H1993P3ES156-P003,H1993P3ES156,1993,3,Español Lecturas,3,3,1,1,0,1,0,1,2,
LTMD_U1_W3_SPANISH_STRUCTKW_0.1,U1-H1993P3ES156-P004,H1993P3ES156,1993,3,Español Lecturas,4,3,1,1,0,0,2,0,1,
LTMD_U1_W3_SPANISH_STRUCTKW_0.1,U1-H1993P3ES156-P005,H1993P3ES156,1993,3,Español Lecturas,5,3,1,1,0,0,1,0,1,
LTMD_U1_W3_SPANISH_STRUCTKW_0.1,U1-H1993P3ES156-P006,H1993P3ES156,1993,3,Español Lecturas,6,,1,1,0,0,0,0,0,
LTMD_U1_W3_SPANISH_STRUCTKW_0.1,U1-H1993P3ES156-P007,H1993P3ES156,1993,3,Español Lecturas,7,3,1,1,0,0,0,0,0,
LTMD_U1_W3_SPANISH_STRUCTKW_0.1,U1-H1993P3ES156-P008,H1993P3ES156,1993,3,Español Lecturas,8,3,1,1,0,0,0,0,0,
LTMD_U1_W3_SPANISH_STRUCTKW_0.1,U1-H1993P3ES156-P009,H1993P3ES156,1993,3,Español Lecturas,9,6,1,1,0,0,0,0,0,
LTMD_U1_W3_SPANISH_STRUCTKW_0.1,U1-H1993P3ES156-P010,H1993P3ES156,1993,3,Español Lecturas,10,6,1,1,0,0,0,0,0,
LTMD_U1_W3_SPANISH_STRUCTKW_0.1,U1-H1993P3ES156-P011,H1993P3ES156,1993,3,Español Lecturas,11,6,1,1,0,0,0,0,0,
LTMD_U1_W3_SPANISH_STRUCTKW_0.1,U1-H1993P3ES156-P012,H1993P3ES156,1993,3,Español Lecturas,12,3,1,1,0,0,0,0,0,
LTMD_U1_W3_SPANISH_STRUCTKW_0.1,U1-H1993P3ES156-P013,H1993P3ES156,1993,3,Español Lecturas,13,3,1,1,0,0,0,0,0,
LTMD_U1_W3_SPANISH_STRUCTKW_0.1,U1-H1993P3ES156-P014,H1993P3ES156,1993,3,Español Lecturas,14,3,1,1,0,0,1,0,1,
LTMD_U1_W3_SPANISH_STRUCTKW_0.1,U1-H1993P3ES156-P015,H1993P3ES156,1993,3,Español Lecturas,15,3,1,1,0,0,0,0,0,
LTMD_U1_W3_SPANISH_STRUCTKW_0.1,U1-H1993P3ES156-P016,H1993P3ES156,1993,3,Español Lecturas,16,3,1,1,0,0,1,0,1,
LTMD_U1_W3_SPANISH_STRUCTKW_0.1,U1-H1993P3ES156-P211,H1993P3ES156,1993,3,Español Lecturas,211,3,1,0,1,0,0,0,0,
LTMD_U1_W3_SPANISH_STRUCTKW_0.1,U1-H1993P3ES156-P212,H1993P3ES156,1993,3,Español Lecturas,212,3,1,0,1,0,1,0,1,
LTMD_U1_W3_SPANISH_STRUCTKW_0.1,U1-H1993P3ES156-P213,H1993P3ES156,1993,3,Español Lecturas,213,3,1,0,1,0,0,0,0,
LTMD_U1_W3_SPANISH_STRUCTKW_0.1,U1-H1993P3ES156-P214,H1993P3ES156,1993,3,Español Lecturas,214,3,1,0,1,0,1,0,1,
LTMD_U1_W3_SPANISH_STRUCTKW_0.1,U1-H1993P3ES156-P215,H1993P3ES156,1993,3,Español Lecturas,215,3,1,0,1,0,0,0,0,
LTMD_U1_W3_SPANISH_STRUCTKW_0.1,U1-H1993P3ES156-P216,H1993P3ES156,1993,3,Español Lecturas,216,3,1,0,1,0,0,0,0,
LTMD_U1_W3_SPANISH_STRUCTKW_0.1,U1-H1993P3ES156-P217,H1993P3ES156,1993,3,Español Lecturas,217,3,1,0,1,0,0,0,0,
LTMD_U1_W3_SPANISH_STRUCTKW_0.1,U1-H1993P3ES156-P218,H1993P3ES156,1993,3,Español Lecturas,218,3,1,0,1,0,0,0,0,
LTMD_U1_W3_SPANISH_STRUCTKW_0.1,U1-H1993P3ES156-P219,H1993P3ES156,1993,3,Español Lecturas,219,3,1,0,1,0,0,0,0,
LTMD_U1_W3_SPANISH_STRUCTKW_0.1,U1-H1993P3ES156-P220,H1993P3ES156,1993,3,Español Lecturas,220,3,1,0,1,0,0,0,0,
LTMD_U1_W3_SPANISH_STRUCTKW_0.1,U1-H1993P3ES156-P221,H1993P3ES156,1993,3,Español Lecturas,221,3,1,0,1,0,0,0,0,
LTMD_U1_W3_SPANISH_STRUCTKW_0.1,U1-H1993P3ES156-P222,H1993P3ES156,1993,3,Español Lecturas,222,3,1,0,1,0,1,0,1,
LTMD_U1_W3_SPANISH_STRUCTKW_0.1,U1-H1993P3ES156-P223,H1993P3ES156,1993,3,Español Lecturas,223,3,1,0,1,0,1,0,1,
LTMD_U1_W3_SPANISH_STRUCTKW_0.1,U1-H1993P3ES156-P224,H1993P3ES156,1993,3,Español Lecturas,224,3,1,0,1,0,0,0,0,
LTMD_U1_W3_SPANISH_STRUCTKW_0.1,U1-H1993P3ES156-P225,H1993P3ES156,1993,3,Español Lecturas,225,6,1,0,1,0,0,0,0,
LTMD_U1_W3_SPANISH_STRUCTKW_0.1,U1-H1993P3ES156-P226,H1993P3ES156,1993,3,Español Lecturas,226,3,1,0,1,0,0,1,1,
LTMD_U1_W3_SPANISH_STRUCTKW_0.1,U1-H1993P3ES400-P001,H1993P3ES400,1993,3,Español,1,6,1,1,0,0,0,0,0,
LTMD_U1_W3_SPANISH_STRUCTKW_0.1,U1-H1993P3ES400-P002,H1993P3ES400,1993,3,Español,2,3,1,1,0,0,0,7,1,
LTMD_U1_W3_SPANISH_STRUCTKW_0.1,U1-H1993P3ES400-P003,H1993P3ES400,1993,3,Español,3,3,1,1,0,1,0,1,2,
LTMD_U1_W3_SPANISH_STRUCTKW_0.1,U1-H1993P3ES400-P004,H1993P3ES400,1993,3,Español,4,3,1,1,0,1,2,0,2,
LTMD_U1_W3_SPANISH_STRUCTKW_0.1,U1-H1993P3ES400-P005,H1993P3ES400,1993,3,Español,5,3,1,1,0,0,1,1,2,
LTMD_U1_W3_SPANISH_STRUCTKW_0.1,U1-H1993P3ES400-P006,H1993P3ES400,1993,3,Español,6,3,1,1,0,0,0,0,0,
LTMD_U1_W3_SPANISH_STRUCTKW_0.1,U1-H1993P3ES400-P007,H1993P3ES400,1993,3,Español,7,3,1,1,0,0,0,0,0,
LTMD_U1_W3_SPANISH_STRUCTKW_0.1,U1-H1993P3ES400-P008,H1993P3ES400,1993,3,Español,8,3,1,1,0,0,0,0,0,
LTMD_U1_W3_SPANISH_STRUCTKW_0.1,U1-H1993P3ES400-P009,H1993P3ES400,1993,3,Español,9,3,1,1,0,0,0,0,0,
LTMD_U1_W3_SPANISH_STRUCTKW_0.1,U1-H1993P3ES400-P010,H1993P3ES400,1993,3,Español,10,3,1,1,0,0,1,0,1,
LTMD_U1_W3_SPANISH_STRUCTKW_0.1,U1-H1993P3ES400-P011,H1993P3ES400,1993,3,Español,11,3,1,1,0,0,1,0,1,
LTMD_U1_W3_SPANISH_STRUCTKW_0.1,U1-H1993P3ES400-P012,H1993P3ES400,1993,3,Español,12,3,1,1,0,0,0,0,0,
LTMD_U1_W3_SPANISH_STRUCTKW_0.1,U1-H1993P3ES400-P013,H1993P3ES400,1993,3,Español,13,3,1,1,0,0,0,0,0,
LTMD_U1_W3_SPANISH_STRUCTKW_0.1,U1-H1993P3ES400-P014,H1993P3ES400,1993,3,Español,14,3,1,1,0,0,0,0,0,
LTMD_U1_W3_SPANISH_STRUCTKW_0.1,U1-H1993P3ES400-P015,H1993P3ES400,1993,3,Español,15,3,1,1,0,0,0,0,0,
LTMD_U1_W3_SPANISH_STRUCTKW_0.1,U1-H1993P3ES400-P016,H1993P3ES400,1993,3,Español,16,3,1,1,0,0,0,0,0,
LTMD_U1_W3_SPANISH_STRUCTKW_0.1,U1-H1993P3ES400-P163,H1993P3ES400,1993,3,Español,163,3,1,0,1,0,0,0,0,
LTMD_U1_W3_SPANISH_STRUCTKW_0.1,U1-H1993P3ES400-P164,H1993P3ES400,1993,3,Español,164,3,1,0,1,0,0,0,0,
LTMD_U1_W3_SPANISH_STRUCTKW_0.1,U1-H1993P3ES400-P165,H1993P3ES400,1993,3,Español,165,3,1,0,1,0,0,0,0,
LTMD_U1_W3_SPANISH_STRUCTKW_0.1,U1-H1993P3ES400-P166,H1993P3ES400,1993,3,Español,166,3,1,0,1,0,0,0,0,
LTMD_U1_W3_SPANISH_STRUCTKW_0.1,U1-H1993P3ES400-P167,H1993P3ES400,1993,3,Español,167,3,1,0,1,0,0,0,0,
LTMD_U1_W3_SPANISH_STRUCTKW_0.1,U1-H1993P3ES400-P168,H1993P3ES400,1993,3,Español,168,3,1,0,1,0,0,0,0,
LTMD_U1_W3_SPANISH_STRUCTKW_0.1,U1-H1993P3ES400-P169,H1993P3ES400,1993,3,Español,169,6,1,0,1,0,0,0,0,
LTMD_U1_W3_SPANISH_STRUCTKW_0.1,U1-H1993P3ES400-P170,H1993P3ES400,1993,3,Español,170,3,1,0,1,0,1,0,1,
LTMD_U1_W3_SPANISH_STRUCTKW_0.1,U1-H1993P3ES400-P171,H1993P3ES400,1993,3,Español,171,3,1,0,1,0,0,0,0,
LTMD_U1_W3_SPANISH_STRUCTKW_0.1,U1-H1993P3ES400-P172,H1993P3ES400,1993,3,Español,172,3,1,0,1,0,1,0,1,
LTMD_U1_W3_SPANISH_STRUCTKW_0.1,U1-H1993P3ES400-P173,H1993P3ES400,1993,3,Español,173,3,1,0,1,0,0,0,0,
LTMD_U1_W3_SPANISH_STRUCTKW_0.1,U1-H1993P3ES400-P174,H1993P3ES400,1993,3,Español,174,3,1,0,1,0,1,1,2,
LTMD_U1_W3_SPANISH_STRUCTKW_0.1,U1-H1993P3ES400-P175,H1993P3ES400,1993,3,Español,175,3,1,0,1,1,2,0,2,
LTMD_U1_W3_SPANISH_STRUCTKW_0.1,U1-H1993P3ES400-P176,H1993P3ES400,1993,3,Español,176,3,1,0,1,0,0,0,0,
LTMD_U1_W3_SPANISH_STRUCTKW_0.1,U1-H1993P3ES400-P177,H1993P3ES400,1993,3,Español,177,6,1,0,1,0,0,0,0,
LTMD_U1_W3_SPANISH_STRUCTKW_0.1,U1-H1993P3ES400-P178,H1993P3ES400,1993,3,Español,178,3,1,0,1,0,0,0,0,
LTMD_U1_W3_SPANISH_STRUCTKW_0.1,U1-H1993P4ES193-P001,H1993P4ES193,1993,4,Español,1,6,1,1,0,0,0,0,0,
LTMD_U1_W3_SPANISH_STRUCTKW_0.1,U1-H1993P4ES193-P002,H1993P4ES193,1993,4,Español,2,,1,1,0,0,0,0,0,
LTMD_U1_W3_SPANISH_STRUCTKW_0.1,U1-H1993P4ES193-P003,H1993P4ES193,1993,4,Español,3,3,1,1,0,1,0,1,2,
LTMD_U1_W3_SPANISH_STRUCTKW_0.1,U1-H1993P4ES193-P004,H1993P4ES193,1993,4,Español,4,3,1,1,0,0,1,0,1,
LTMD_U1_W3_SPANISH_STRUCTKW_0.1,U1-H1993P4ES193-P005,H1993P4ES193,1993,4,Español,5,3,1,1,0,0,1,0,1,
LTMD_U1_W3_SPANISH_STRUCTKW_0.1,U1-H1993P4ES193-P006,H1993P4ES193,1993,4,Español,6,3,1,1,0,0,1,0,1,
LTMD_U1_W3_SPANISH_STRUCTKW_0.1,U1-H1993P4ES193-P007,H1993P4ES193,1993,4,Español,7,3,1,1,0,0,0,0,0,
LTMD_U1_W3_SPANISH_STRUCTKW_0.1,U1-H1993P4ES193-P008,H1993P4ES193,1993,4,Español,8,3,1,1,0,0,0,0,0,
LTMD_U1_W3_SPANISH_STRUCTKW_0.1,U1-H1993P4ES193-P009,H1993P4ES193,1993,4,Español,9,3,1,1,0,0,0,0,0,
LTMD_U1_W3_SPANISH_STRUCTKW_0.1,U1-H1993P4ES193-P010,H1993P4ES193,1993,4,Español,10,3,1,1,0,0,0,0,0,
LTMD_U1_W3_SPANISH_STRUCTKW_0.1,U1-H1993P4ES193-P011,H1993P4ES193,1993,4,Español,11,3,1,1,0,0,0,0,0,
LTMD_U1_W3_SPANISH_STRUCTKW_0.1,U1-H1993P4ES193-P012,H1993P4ES193,1993,4,Español,12,3,1,1,0,0,0,0,0,
LTMD_U1_W3_SPANISH_STRUCTKW_0.1,U1-H1993P4ES193-P013,H1993P4ES193,1993,4,Español,13,3,1,1,0,0,0,0,0,
LTMD_U1_W3_SPANISH_STRUCTKW_0.1,U1-H1993P4ES193-P014,H1993P4ES193,1993,4,Español,14,3,1,1,0,0,1,0,1,
LTMD_U1_W3_SPANISH_STRUCTKW_0.1,U1-H1993P4ES193-P015,H1993P4ES193,1993,4,Español,15,3,1,1,0,0,0,0,0,
LTMD_U1_W3_SPANISH_STRUCTKW_0.1,U1-H1993P4ES193-P016,H1993P4ES193,1993,4,Español,16,3,1,1,0,0,1,0,1,
LTMD_U1_W3_SPANISH_STRUCTKW_0.1,U1-H1993P4ES193-P223,H1993P4ES193,1993,4,Español,223,3,1,0,1,0,1,0,1,
LTMD_U1_W3_SPANISH_STRUCTKW_0.1,U1-H1993P4ES193-P224,H1993P4ES193,1993,4,Español,224,3,1,0,1,0,0,0,0,
LTMD_U1_W3_SPANISH_STRUCTKW_0.1,U1-H1993P4ES193-P225,H1993P4ES193,1993,4,Español,225,3,1,0,1,0,1,0,1,
LTMD_U1_W3_SPANISH_STRUCTKW_0.1,U1-H1993P4ES193-P226,H1993P4ES193,1993,4,Español,226,3,1,0,1,1,0,0,1,
LTMD_U1_W3_SPANISH_STRUCTKW_0.1,U1-H1993P4ES193-P227,H1993P4ES193,1993,4,Español,227,3,1,0,1,0,0,0,0,
LTMD_U1_W3_SPANISH_STRUCTKW_0.1,U1-H1993P4ES193-P228,H1993P4ES193,1993,4,Español,228,3,1,0,1,0,0,0,0,
LTMD_U1_W3_SPANISH_STRUCTKW_0.1,U1-H1993P4ES193-P229,H1993P4ES193,1993,4,Español,229,3,1,0,1,0,0,0,0,
LTMD_U1_W3_SPANISH_STRUCTKW_0.1,U1-H1993P4ES193-P230,H1993P4ES193,1993,4,Español,230,3,1,0,1,0,0,0,0,
LTMD_U1_W3_SPANISH_STRUCTKW_0.1,U1-H1993P4ES193-P231,H1993P4ES193,1993,4,Español,231,3,1,0,1,0,0,0,0,
LTMD_U1_W3_SPANISH_STRUCTKW_0.1,U1-H1993P4ES193-P232,H1993P4ES193,1993,4,Español,232,3,1,0,1,0,0,0,0,
LTMD_U1_W3_SPANISH_STRUCTKW_0.1,U1-H1993P4ES193-P233,H1993P4ES193,1993,4,Español,233,3,1,0,1,0,0,0,0,
LTMD_U1_W3_SPANISH_STRUCTKW_0.1,U1-H1993P4ES193-P234,H1993P4ES193,1993,4,Español,234,3,1,0,1,0,1,0,1,
LTMD_U1_W3_SPANISH_STRUCTKW_0.1,U1-H1993P4ES193-P235,H1993P4ES193,1993,4,Español,235,3,1,0,1,0,0,0,0,
LTMD_U1_W3_SPANISH_STRUCTKW_0.1,U1-H1993P4ES193-P237,H1993P4ES193,1993,4,Español,237,3,1,0,1,0,0,0,0,
LTMD_U1_W3_SPANISH_STRUCTKW_0.1,U1-H1993P4ES193-P238,H1993P4ES193,1993,4,Español,238,3,1,0,1,0,0,1,1,
LTMD_U1_W3_SPANISH_STRUCTKW_0.1,U1-H1993P4ES194-P001,H1993P4ES194,1993,4,Español Lecturas,1,6,1,1,0,0,0,0,0,
LTMD_U1_W3_SPANISH_STRUCTKW_0.1,U1-H1993P4ES194-P002,H1993P4ES194,1993,4,Español Lecturas,2,3,1,1,0,0,0,6,1,
LTMD_U1_W3_SPANISH_STRUCTKW_0.1,U1-H1993P4ES194-P003,H1993P4ES194,1993,4,Español Lecturas,3,3,1,1,0,1,1,0,2,
LTMD_U1_W3_SPANISH_STRUCTKW_0.1,U1-H1993P4ES194-P004,H1993P4ES194,1993,4,Español Lecturas,4,3,1,1,0,0,0,0,0,
LTMD_U1_W3_SPANISH_STRUCTKW_0.1,U1-H1993P4ES194-P005,H1993P4ES194,1993,4,Español Lecturas,5,3,1,1,0,0,0,0,0,
LTMD_U1_W3_SPANISH_STRUCTKW_0.1,U1-H1993P4ES194-P006,H1993P4ES194,1993,4,Español Lecturas,6,3,1,1,0,1,0,0,1,
LTMD_U1_W3_SPANISH_STRUCTKW_0.1,U1-H1993P4ES194-P007,H1993P4ES194,1993,4,Español Lecturas,7,3,1,1,0,0,0,0,0,
LTMD_U1_W3_SPANISH_STRUCTKW_0.1,U1-H1993P4ES194-P008,H1993P4ES194,1993,4,Español Lecturas,8,3,1,1,0,0,0,0,0,
LTMD_U1_W3_SPANISH_STRUCTKW_0.1,U1-H1993P4ES194-P009,H1993P4ES194,1993,4,Español Lecturas,9,3,1,1,0,0,0,0,0,
LTMD_U1_W3_SPANISH_STRUCTKW_0.1,U1-H1993P4ES194-P010,H1993P4ES194,1993,4,Español Lecturas,10,6,1,1,0,0,0,0,0,
LTMD_U1_W3_SPANISH_STRUCTKW_0.1,U1-H1993P4ES194-P011,H1993P4ES194,1993,4,Español Lecturas,11,3,1,1,0,0,0,0,0,
LTMD_U1_W3_SPANISH_STRUCTKW_0.1,U1-H1993P4ES194-P012,H1993P4ES194,1993,4,Español Lecturas,12,3,1,1,0,0,0,0,0,
LTMD_U1_W3_SPANISH_STRUCTKW_0.1,U1-H1993P4ES194-P013,H1993P4ES194,1993,4,Español Lecturas,13,3,1,1,0,0,0,0,0,
LTMD_U1_W3_SPANISH_STRUCTKW_0.1,U1-H1993P4ES194-P014,H1993P4ES194,1993,4,Español Lecturas,14,3,1,1,0,0,0,0,0,
LTMD_U1_W3_SPANISH_STRUCTKW_0.1,U1-H1993P4ES194-P015,H1993P4ES194,1993,4,Español Lecturas,15,3,1,1,0,1,0,0,1,
LTMD_U1_W3_SPANISH_STRUCTKW_0.1,U1-H1993P4ES194-P016,H1993P4ES194,1993,4,Español Lecturas,16,3,1,1,0,0,0,0,0,
LTMD_U1_W3_SPANISH_STRUCTKW_0.1,U1-H1993P4ES194-P099,H1993P4ES194,1993,4,Español Lecturas,99,3,1,0,1,0,0,0,0,
LTMD_U1_W3_SPANISH_STRUCTKW_0.1,U1-H1993P4ES194-P100,H1993P4ES194,1993,4,Español Lecturas,100,3,1,0,1,0,0,0,0,
LTMD_U1_W3_SPANISH_STRUCTKW_0.1,U1-H1993P4ES194-P101,H1993P4ES194,1993,4,Español Lecturas,101,3,1,0,1,0,0,0,0,
LTMD_U1_W3_SPANISH_STRUCTKW_0.1,U1-H1993P4ES194-P102,H1993P4ES194,1993,4,Español Lecturas,102,3,1,0,1,0,0,0,0,
LTMD_U1_W3_SPANISH_STRUCTKW_0.1,U1-H1993P4ES194-P103,H1993P4ES194,1993,4,Español Lecturas,103,3,1,0,1,0,0,0,0,
LTMD_U1_W3_SPANISH_STRUCTKW_0.1,U1-H1993P4ES194-P104,H1993P4ES194,1993,4,Español Lecturas,104,3,1,0,1,0,0,0,0,
LTMD_U1_W3_SPANISH_STRUCTKW_0.1,U1-H1993P4ES194-P105,H1993P4ES194,1993,4,Español Lecturas,105,3,1,0,1,0,0,0,0,
LTMD_U1_W3_SPANISH_STRUCTKW_0.1,U1-H1993P4ES194-P106,H1993P4ES194,1993,4,Español Lecturas,106,3,1,0,1,0,0,0,0,
LTMD_U1_W3_SPANISH_STRUCTKW_0.1,U1-H1993P4ES194-P107,H1993P4ES194,1993,4,Español Lecturas,107,3,1,0,1,0,0,0,0,
LTMD_U1_W3_SPANISH_STRUCTKW_0.1,U1-H1993P4ES194-P108,H1993P4ES194,1993,4,Español Lecturas,108,3,1,0,1,0,0,0,0,
LTMD_U1_W3_SPANISH_STRUCTKW_0.1,U1-H1993P4ES194-P109,H1993P4ES194,1993,4,Español Lecturas,109,3,1,0,1,0,0,0,0,
LTMD_U1_W3_SPANISH_STRUCTKW_0.1,U1-H1993P4ES194-P110,H1993P4ES194,1993,4,Español Lecturas,110,3,1,0,1,0,0,0,0,
LTMD_U1_W3_SPANISH_STRUCTKW_0.1,U1-H1993P4ES194-P111,H1993P4ES194,1993,4,Español Lecturas,111,11,1,0,1,0,0,0,0,
LTMD_U1_W3_SPANISH_STRUCTKW_0.1,U1-H1993P4ES194-P112,H1993P4ES194,1993,4,Español Lecturas,112,3,1,0,1,0,0,0,0,
LTMD_U1_W3_SPANISH_STRUCTKW_0.1,U1-H1993P4ES194-P113,H1993P4ES194,1993,4,Español Lecturas,113,3,1,0,1,0,0,0,0,
LTMD_U1_W3_SPANISH_STRUCTKW_0.1,U1-H1993P4ES194-P114,H1993P4ES194,1993,4,Español Lecturas,114,3,1,0,1,0,0,0,0,
LTMD_U1_W3_SPANISH_STRUCTKW_0.1,U1-H1993P4ES195-P001,H1993P4ES195,1993,4,Español Lecturas,1,6,1,1,0,0,0,0,0,
LTMD_U1_W3_SPANISH_STRUCTKW_0.1,U1-H1993P4ES195-P002,H1993P4ES195,1993,4,Español Lecturas,2,3,1,1,0,0,1,4,2,
LTMD_U1_W3_SPANISH_STRUCTKW_0.1,U1-H1993P4ES195-P003,H1993P4ES195,1993,4,Español Lecturas,3,3,1,1,0,1,0,1,2,
LTMD_U1_W3_SPANISH_STRUCTKW_0.1,U1-H1993P4ES195-P004,H1993P4ES195,1993,4,Español Lecturas,4,3,1,1,0,0,2,0,1,
LTMD_U1_W3_SPANISH_STRUCTKW_0.1,U1-H1993P4ES195-P005,H1993P4ES195,1993,4,Español Lecturas,5,3,1,1,0,0,1,0,1,
LTMD_U1_W3_SPANISH_STRUCTKW_0.1,U1-H1993P4ES195-P006,H1993P4ES195,1993,4,Español Lecturas,6,3,1,1,0,0,1,0,1,
LTMD_U1_W3_SPANISH_STRUCTKW_0.1,U1-H1993P4ES195-P007,H1993P4ES195,1993,4,Español Lecturas,7,3,1,1,0,0,1,0,1,
LTMD_U1_W3_SPANISH_STRUCTKW_0.1,U1-H1993P4ES195-P008,H1993P4ES195,1993,4,Español Lecturas,8,3,1,1,0,0,0,0,0,
LTMD_U1_W3_SPANISH_STRUCTKW_0.1,U1-H1993P4ES195-P009,H1993P4ES195,1993,4,Español Lecturas,9,6,1,1,0,0,0,0,0,
LTMD_U1_W3_SPANISH_STRUCTKW_0.1,U1-H1993P4ES195-P010,H1993P4ES195,1993,4,Español Lecturas,10,3,1,1,0,0,3,0,1,
LTMD_U1_W3_SPANISH_STRUCTKW_0.1,U1-H1993P4ES195-P011,H1993P4ES195,1993,4,Español Lecturas,11,6,1,1,0,0,0,0,0,
LTMD_U1_W3_SPANISH_STRUCTKW_0.1,U1-H1993P4ES195-P012,H1993P4ES195,1993,4,Español Lecturas,12,3,1,1,0,0,1,0,1,
LTMD_U1_W3_SPANISH_STRUCTKW_0.1,U1-H1993P4ES195-P013,H1993P4ES195,1993,4,Español Lecturas,13,6,1,1,0,0,0,0,0,
LTMD_U1_W3_SPANISH_STRUCTKW_0.1,U1-H1993P4ES195-P014,H1993P4ES195,1993,4,Español Lecturas,14,3,1,1,0,0,0,0,0,
LTMD_U1_W3_SPANISH_STRUCTKW_0.1,U1-H1993P4ES195-P015,H1993P4ES195,1993,4,Español Lecturas,15,6,1,1,0,0,0,0,0,
LTMD_U1_W3_SPANISH_STRUCTKW_0.1,U1-H1993P4ES195-P016,H1993P4ES195,1993,4,Español Lecturas,16,3,1,1,0,0,0,0,0,
LTMD_U1_W3_SPANISH_STRUCTKW_0.1,U1-H1993P4ES195-P243,H1993P4ES195,1993,4,Español Lecturas,243,3,1,0,1,0,0,0,0,
LTMD_U1_W3_SPANISH_STRUCTKW_0.1,U1-H1993P4ES195-P244,H1993P4ES195,1993,4,Español Lecturas,244,3,1,0,1,0,1,0,1,
LTMD_U1_W3_SPANISH_STRUCTKW_0.1,U1-H1993P4ES195-P245,H1993P4ES195,1993,4,Español Lecturas,245,6,1,0,1,0,0,0,0,
LTMD_U1_W3_SPANISH_STRUCTKW_0.1,U1-H1993P4ES195-P246,H1993P4ES195,1993,4,Español Lecturas,246,6,1,0,1,0,0,0,0,
LTMD_U1_W3_SPANISH_STRUCTKW_0.1,U1-H1993P4ES195-P247,H1993P4ES195,1993,4,Español Lecturas,247,3,1,0,1,0,0,0,0,
LTMD_U1_W3_SPANISH_STRUCTKW_0.1,U1-H1993P4ES195-P248,H1993P4ES195,1993,4,Español Lecturas,248,3,1,0,1,0,1,0,1,
LTMD_U1_W3_SPANISH_STRUCTKW_0.1,U1-H1993P4ES195-P249,H1993P4ES195,1993,4,Español Lecturas,249,6,1,0,1,0,0,0,0,
LTMD_U1_W3_SPANISH_STRUCTKW_0.1,U1-H1993P4ES195-P250,H1993P4ES195,1993,4,Español Lecturas,250,3,1,0,1,0,1,0,1,
LTMD_U1_W3_SPANISH_STRUCTKW_0.1,U1-H1993P4ES195-P251,H1993P4ES195,1993,4,Español Lecturas,251,3,1,0,1,0,0,0,0,
LTMD_U1_W3_SPANISH_STRUCTKW_0.1,U1-H1993P4ES195-P252,H1993P4ES195,1993,4,Español Lecturas,252,6,1,0,1,0,0,0,0,
LTMD_U1_W3_SPANISH_STRUCTKW_0.1,U1-H1993P4ES195-P253,H1993P4ES195,1993,4,Español Lecturas,253,3,1,0,1,0,0,0,0,
LTMD_U1_W3_SPANISH_STRUCTKW_0.1,U1-H1993P4ES195-P254,H1993P4ES195,1993,4,Español Lecturas,254,3,1,0,1,0,0,0,0,
LTMD_U1_W3_SPANISH_STRUCTKW_0.1,U1-H1993P4ES195-P255,H1993P4ES195,1993,4,Español Lecturas,255,3,1,0,1,0,1,0,1,
LTMD_U1_W3_SPANISH_STRUCTKW_0.1,U1-H1993P4ES195-P256,H1993P4ES195,1993,4,Español Lecturas,256,3,1,0,1,0,0,0,0,
LTMD_U1_W3_SPANISH_STRUCTKW_0.1,U1-H1993P4ES195-P257,H1993P4ES195,1993,4,Español Lecturas,257,3,1,0,1,0,0,0,0,
LTMD_U1_W3_SPANISH_STRUCTKW_0.1,U1-H1993P4ES195-P258,H1993P4ES195,1993,4,Español Lecturas,258,3,1,0,1,0,0,0,0,
LTMD_U1_W3_SPANISH_STRUCTKW_0.1,U1-H1993P5ES201-P001,H1993P5ES201,1993,5,Español,1,6,1,1,0,0,0,0,0,
LTMD_U1_W3_SPANISH_STRUCTKW_0.1,U1-H1993P5ES201-P002,H1993P5ES201,1993,5,Español,2,3,1,1,0,0,0,8,1,
LTMD_U1_W3_SPANISH_STRUCTKW_0.1,U1-H1993P5ES201-P003,H1993P5ES201,1993,5,Español,3,3,1,1,0,1,0,1,2,
LTMD_U1_W3_SPANISH_STRUCTKW_0.1,U1-H1993P5ES201-P004,H1993P5ES201,1993,5,Español,4,3,1,1,0,1,0,0,1,
LTMD_U1_W3_SPANISH_STRUCTKW_0.1,U1-H1993P5ES201-P005,H1993P5ES201,1993,5,Español,5,3,1,1,0,0,0,0,0,
LTMD_U1_W3_SPANISH_STRUCTKW_0.1,U1-H1993P5ES201-P006,H1993P5ES201,1993,5,Español,6,3,1,1,0,0,0,0,0,
LTMD_U1_W3_SPANISH_STRUCTKW_0.1,U1-H1993P5ES201-P007,H1993P5ES201,1993,5,Español,7,3,1,1,0,0,1,0,1,
LTMD_U1_W3_SPANISH_STRUCTKW_0.1,U1-H1993P5ES201-P008,H1993P5ES201,1993,5,Español,8,3,1,1,0,0,0,0,0,
LTMD_U1_W3_SPANISH_STRUCTKW_0.1,U1-H1993P5ES201-P009,H1993P5ES201,1993,5,Español,9,3,1,1,0,0,1,0,1,
LTMD_U1_W3_SPANISH_STRUCTKW_0.1,U1-H1993P5ES201-P010,H1993P5ES201,1993,5,Español,10,3,1,1,0,0,0,0,0,
LTMD_U1_W3_SPANISH_STRUCTKW_0.1,U1-H1993P5ES201-P011,H1993P5ES201,1993,5,Español,11,3,1,1,0,1,3,0,2,
LTMD_U1_W3_SPANISH_STRUCTKW_0.1,U1-H1993P5ES201-P012,H1993P5ES201,1993,5,Español,12,3,1,1,0,0,0,0,0,
LTMD_U1_W3_SPANISH_STRUCTKW_0.1,U1-H1993P5ES201-P013,H1993P5ES201,1993,5,Español,13,3,1,1,0,0,2,0,1,
LTMD_U1_W3_SPANISH_STRUCTKW_0.1,U1-H1993P5ES201-P014,H1993P5ES201,1993,5,Español,14,3,1,1,0,0,1,0,1,
LTMD_U1_W3_SPANISH_STRUCTKW_0.1,U1-H1993P5ES201-P015,H1993P5ES201,1993,5,Español,15,3,1,1,0,0,0,0,0,
LTMD_U1_W3_SPANISH_STRUCTKW_0.1,U1-H1993P5ES201-P016,H1993P5ES201,1993,5,Español,16,3,1,1,0,0,0,0,0,
LTMD_U1_W3_SPANISH_STRUCTKW_0.1,U1-H1993P5ES201-P195,H1993P5ES201,1993,5,Español,195,3,1,0,1,0,0,0,0,
LTMD_U1_W3_SPANISH_STRUCTKW_0.1,U1-H1993P5ES201-P196,H1993P5ES201,1993,5,Español,196,3,1,0,1,0,0,0,0,
LTMD_U1_W3_SPANISH_STRUCTKW_0.1,U1-H1993P5ES201-P197,H1993P5ES201,1993,5,Español,197,3,1,0,1,0,0,0,0,
LTMD_U1_W3_SPANISH_STRUCTKW_0.1,U1-H1993P5ES201-P198,H1993P5ES201,1993,5,Español,198,3,1,0,1,1,0,0,1,
LTMD_U1_W3_SPANISH_STRUCTKW_0.1,U1-H1993P5ES201-P199,H1993P5ES201,1993,5,Español,199,3,1,0,1,0,0,0,0,
LTMD_U1_W3_SPANISH_STRUCTKW_0.1,U1-H1993P5ES201-P200,H1993P5ES201,1993,5,Español,200,3,1,0,1,0,0,0,0,
LTMD_U1_W3_SPANISH_STRUCTKW_0.1,U1-H1993P5ES201-P201,H1993P5ES201,1993,5,Español,201,3,1,0,1,0,1,0,1,
LTMD_U1_W3_SPANISH_STRUCTKW_0.1,U1-H1993P5ES201-P202,H1993P5ES201,1993,5,Español,202,3,1,0,1,0,0,0,0,
LTMD_U1_W3_SPANISH_STRUCTKW_0.1,U1-H1993P5ES201-P203,H1993P5ES201,1993,5,Español,203,3,1,0,1,0,1,0,1,
LTMD_U1_W3_SPANISH_STRUCTKW_0.1,U1-H1993P5ES201-P204,H1993P5ES201,1993,5,Español,204,3,1,0,1,0,0,0,0,
LTMD_U1_W3_SPANISH_STRUCTKW_0.1,U1-H1993P5ES201-P205,H1993P5ES201,1993,5,Español,205,3,1,0,1,0,0,0,0,
LTMD_U1_W3_SPANISH_STRUCTKW_0.1,U1-H1993P5ES201-P206,H1993P5ES201,1993,5,Español,206,3,1,0,1,0,0,0,0,
LTMD_U1_W3_SPANISH_STRUCTKW_0.1,U1-H1993P5ES201-P207,H1993P5ES201,1993,5,Español,207,3,1,0,1,0,0,0,0,
LTMD_U1_W3_SPANISH_STRUCTKW_0.1,U1-H1993P5ES201-P208,H1993P5ES201,1993,5,Español,208,3,1,0,1,0,0,0,0,
LTMD_U1_W3_SPANISH_STRUCTKW_0.1,U1-H1993P5ES201-P209,H1993P5ES201,1993,5,Español,209,3,1,0,1,0,0,0,0,
LTMD_U1_W3_SPANISH_STRUCTKW_0.1,U1-H1993P5ES201-P210,H1993P5ES201,1993,5,Español,210,3,1,0,1,0,0,1,1,
LTMD_U1_W3_SPANISH_STRUCTKW_0.1,U1-H1993P5ES202-P001,H1993P5ES202,1993,5,Español Lecturas,1,3,1,1,0,0,0,0,0,
LTMD_U1_W3_SPANISH_STRUCTKW_0.1,U1-H1993P5ES202-P002,H1993P5ES202,1993,5,Español Lecturas,2,3,1,1,0,0,0,5,1,
LTMD_U1_W3_SPANISH_STRUCTKW_0.1,U1-H1993P5ES202-P003,H1993P5ES202,1993,5,Español Lecturas,3,3,1,1,0,0,0,1,1,
LTMD_U1_W3_SPANISH_STRUCTKW_0.1,U1-H1993P5ES202-P004,H1993P5ES202,1993,5,Español Lecturas,4,6,1,1,0,0,0,0,0,
LTMD_U1_W3_SPANISH_STRUCTKW_0.1,U1-H1993P5ES202-P005,H1993P5ES202,1993,5,Español Lecturas,5,3,1,1,0,1,1,0,2,
LTMD_U1_W3_SPANISH_STRUCTKW_0.1,U1-H1993P5ES202-P006,H1993P5ES202,1993,5,Español Lecturas,6,3,1,1,0,0,0,0,0,
LTMD_U1_W3_SPANISH_STRUCTKW_0.1,U1-H1993P5ES202-P007,H1993P5ES202,1993,5,Español Lecturas,7,6,1,1,0,0,0,0,0,
LTMD_U1_W3_SPANISH_STRUCTKW_0.1,U1-H1993P5ES202-P008,H1993P5ES202,1993,5,Español Lecturas,8,3,1,1,0,1,1,0,2,
LTMD_U1_W3_SPANISH_STRUCTKW_0.1,U1-H1993P5ES202-P009,H1993P5ES202,1993,5,Español Lecturas,9,3,1,1,0,0,0,0,0,
LTMD_U1_W3_SPANISH_STRUCTKW_0.1,U1-H1993P5ES202-P010,H1993P5ES202,1993,5,Español Lecturas,10,6,1,1,0,0,0,0,0,
LTMD_U1_W3_SPANISH_STRUCTKW_0.1,U1-H1993P5ES202-P011,H1993P5ES202,1993,5,Español Lecturas,11,3,1,1,0,0,0,0,0,
LTMD_U1_W3_SPANISH_STRUCTKW_0.1,U1-H1993P5ES202-P012,H1993P5ES202,1993,5,Español Lecturas,12,3,1,1,0,0,0,0,0,
LTMD_U1_W3_SPANISH_STRUCTKW_0.1,U1-H1993P5ES202-P013,H1993P5ES202,1993,5,Español Lecturas,13,3,1,1,0,0,0,0,0,
LTMD_U1_W3_SPANISH_STRUCTKW_0.1,U1-H1993P5ES202-P014,H1993P5ES202,1993,5,Español Lecturas,14,3,1,1,0,0,0,0,0,
LTMD_U1_W3_SPANISH_STRUCTKW_0.1,U1-H1993P5ES202-P015,H1993P5ES202,1993,5,Español Lecturas,15,3,1,1,0,0,0,0,0,
LTMD_U1_W3_SPANISH_STRUCTKW_0.1,U1-H1993P5ES202-P016,H1993P5ES202,1993,5,Español Lecturas,16,3,1,1,0,0,0,0,0,
LTMD_U1_W3_SPANISH_STRUCTKW_0.1,U1-H1993P5ES202-P115,H1993P5ES202,1993,5,Español Lecturas,115,3,1,0,1,0,0,0,0,
LTMD_U1_W3_SPANISH_STRUCTKW_0.1,U1-H1993P5ES202-P116,H1993P5ES202,1993,5,Español Lecturas,116,3,1,0,1,0,0,0,0,
LTMD_U1_W3_SPANISH_STRUCTKW_0.1,U1-H1993P5ES202-P117,H1993P5ES202,1993,5,Español Lecturas,117,3,1,0,1,0,0,0,0,
LTMD_U1_W3_SPANISH_STRUCTKW_0.1,U1-H1993P5ES202-P118,H1993P5ES202,1993,5,Español Lecturas,118,3,1,0,1,0,0,0,0,
LTMD_U1_W3_SPANISH_STRUCTKW_0.1,U1-H1993P5ES202-P119,H1993P5ES202,1993,5,Español Lecturas,119,3,1,0,1,0,0,0,0,
LTMD_U1_W3_SPANISH_STRUCTKW_0.1,U1-H1993P5ES202-P120,H1993P5ES202,1993,5,Español Lecturas,120,3,1,0,1,0,0,0,0,
LTMD_U1_W3_SPANISH_STRUCTKW_0.1,U1-H1993P5ES202-P121,H1993P5ES202,1993,5,Español Lecturas,121,3,1,0,1,0,0,0,0,
LTMD_U1_W3_SPANISH_STRUCTKW_0.1,U1-H1993P5ES202-P122,H1993P5ES202,1993,5,Español Lecturas,122,6,1,0,1,0,0,0,0,
LTMD_U1_W3_SPANISH_STRUCTKW_0.1,U1-H1993P5ES202-P123,H1993P5ES202,1993,5,Español Lecturas,123,,1,0,1,0,0,0,0,
LTMD_U1_W3_SPANISH_STRUCTKW_0.1,U1-H1993P5ES202-P124,H1993P5ES202,1993,5,Español Lecturas,124,6,1,0,1,0,0,0,0,
LTMD_U1_W3_SPANISH_STRUCTKW_0.1,U1-H1993P5ES202-P125,H1993P5ES202,1993,5,Español Lecturas,125,,1,0,1,0,0,0,0,
LTMD_U1_W3_SPANISH_STRUCTKW_0.1,U1-H1993P5ES202-P126,H1993P5ES202,1993,5,Español Lecturas,126,3,1,0,1,0,0,0,0,
LTMD_U1_W3_SPANISH_STRUCTKW_0.1,U1-H1993P5ES202-P127,H1993P5ES202,1993,5,Español Lecturas,127,,1,0,1,0,0,0,0,
LTMD_U1_W3_SPANISH_STRUCTKW_0.1,U1-H1993P5ES202-P128,H1993P5ES202,1993,5,Español Lecturas,128,3,1,0,1,0,0,0,0,
LTMD_U1_W3_SPANISH_STRUCTKW_0.1,U1-H1993P5ES202-P129,H1993P5ES202,1993,5,Español Lecturas,129,3,1,0,1,0,0,0,0,
LTMD_U1_W3_SPANISH_STRUCTKW_0.1,U1-H1993P5ES202-P130,H1993P5ES202,1993,5,Español Lecturas,130,3,1,0,1,0,0,1,1,
LTMD_U1_W3_SPANISH_STRUCTKW_0.1,U1-H1993P6ES211-P001,H1993P6ES211,1993,6,Español,1,3,1,1,0,0,0,0,0,
LTMD_U1_W3_SPANISH_STRUCTKW_0.1,U1-H1993P6ES211-P002,H1993P6ES211,1993,6,Español,2,3,1,1,0,0,0,7,1,
LTMD_U1_W3_SPANISH_STRUCTKW_0.1,U1-H1993P6ES211-P003,H1993P6ES211,1993,6,Español,3,3,1,1,0,1,0,1,2,
LTMD_U1_W3_SPANISH_STRUCTKW_0.1,U1-H1993P6ES211-P004,H1993P6ES211,1993,6,Español,4,3,1,1,0,0,2,0,1,
LTMD_U1_W3_SPANISH_STRUCTKW_0.1,U1-H1993P6ES211-P005,H1993P6ES211,1993,6,Español,5,3,1,1,0,0,0,0,0,
LTMD_U1_W3_SPANISH_STRUCTKW_0.1,U1-H1993P6ES211-P006,H1993P6ES211,1993,6,Español,6,3,1,1,0,0,0,0,0,
LTMD_U1_W3_SPANISH_STRUCTKW_0.1,U1-H1993P6ES211-P007,H1993P6ES211,1993,6,Español,7,3,1,1,0,0,1,1,2,
LTMD_U1_W3_SPANISH_STRUCTKW_0.1,U1-H1993P6ES211-P008,H1993P6ES211,1993,6,Español,8,3,1,1,0,0,1,0,1,
LTMD_U1_W3_SPANISH_STRUCTKW_0.1,U1-H1993P6ES211-P009,H1993P6ES211,1993,6,Español,9,11,1,1,0,0,0,0,0,
LTMD_U1_W3_SPANISH_STRUCTKW_0.1,U1-H1993P6ES211-P010,H1993P6ES211,1993,6,Español,10,3,1,1,0,0,1,0,1,
LTMD_U1_W3_SPANISH_STRUCTKW_0.1,U1-H1993P6ES211-P011,H1993P6ES211,1993,6,Español,11,3,1,1,0,0,2,0,1,
LTMD_U1_W3_SPANISH_STRUCTKW_0.1,U1-H1993P6ES211-P012,H1993P6ES211,1993,6,Español,12,3,1,1,0,0,3,0,1,
LTMD_U1_W3_SPANISH_STRUCTKW_0.1,U1-H1993P6ES211-P013,H1993P6ES211,1993,6,Español,13,3,1,1,0,0,3,0,1,
LTMD_U1_W3_SPANISH_STRUCTKW_0.1,U1-H1993P6ES211-P014,H1993P6ES211,1993,6,Español,14,3,1,1,0,0,2,0,1,
LTMD_U1_W3_SPANISH_STRUCTKW_0.1,U1-H1993P6ES211-P015,H1993P6ES211,1993,6,Español,15,3,1,1,0,0,1,0,1,
LTMD_U1_W3_SPANISH_STRUCTKW_0.1,U1-H1993P6ES211-P016,H1993P6ES211,1993,6,Español,16,3,1,1,0,0,2,0,1,
LTMD_U1_W3_SPANISH_STRUCTKW_0.1,U1-H1993P6ES211-P195,H1993P6ES211,1993,6,Español,195,3,1,0,1,0,0,0,0,
LTMD_U1_W3_SPANISH_STRUCTKW_0.1,U1-H1993P6ES211-P196,H1993P6ES211,1993,6,Español,196,3,1,0,1,0,1,0,1,
LTMD_U1_W3_SPANISH_STRUCTKW_0.1,U1-H1993P6ES211-P197,H1993P6ES211,1993,6,Español,197,3,1,0,1,0,0,0,0,
LTMD_U1_W3_SPANISH_STRUCTKW_0.1,U1-H1993P6ES211-P198,H1993P6ES211,1993,6,Español,198,3,1,0,1,0,1,0,1,
LTMD_U1_W3_SPANISH_STRUCTKW_0.1,U1-H1993P6ES211-P199,H1993P6ES211,1993,6,Español,199,3,1,0,1,1,0,0,1,
LTMD_U1_W3_SPANISH_STRUCTKW_0.1,U1-H1993P6ES211-P200,H1993P6ES211,1993,6,Español,200,3,1,0,1,0,1,0,1,
LTMD_U1_W3_SPANISH_STRUCTKW_0.1,U1-H1993P6ES211-P201,H1993P6ES211,1993,6,Español,201,3,1,0,1,0,1,0,1,
LTMD_U1_W3_SPANISH_STRUCTKW_0.1,U1-H1993P6ES211-P202,H1993P6ES211,1993,6,Español,202,3,1,0,1,0,1,0,1,
LTMD_U1_W3_SPANISH_STRUCTKW_0.1,U1-H1993P6ES211-P203,H1993P6ES211,1993,6,Español,203,3,1,0,1,1,1,0,2,
LTMD_U1_W3_SPANISH_STRUCTKW_0.1,U1-H1993P6ES211-P204,H1993P6ES211,1993,6,Español,204,3,1,0,1,0,1,0,1,
LTMD_U1_W3_SPANISH_STRUCTKW_0.1,U1-H1993P6ES211-P205,H1993P6ES211,1993,6,Español,205,3,1,0,1,0,1,0,1,
LTMD_U1_W3_SPANISH_STRUCTKW_0.1,U1-H1993P6ES211-P206,H1993P6ES211,1993,6,Español,206,3,1,0,1,0,0,0,0,
LTMD_U1_W3_SPANISH_STRUCTKW_0.1,U1-H1993P6ES211-P207,H1993P6ES211,1993,6,Español,207,3,1,0,1,0,0,1,1,
LTMD_U1_W3_SPANISH_STRUCTKW_0.1,U1-H1993P6ES211-P208,H1993P6ES211,1993,6,Español,208,3,1,0,1,0,0,0,0,
LTMD_U1_W3_SPANISH_STRUCTKW_0.1,U1-H1993P6ES211-P209,H1993P6ES211,1993,6,Español,209,3,1,0,1,0,0,0,0,
LTMD_U1_W3_SPANISH_STRUCTKW_0.1,U1-H1993P6ES211-P210,H1993P6ES211,1993,6,Español,210,3,1,0,1,0,0,0,0,
LTMD_U1_W3_SPANISH_STRUCTKW_0.1,U1-H1993P6ES212-P001,H1993P6ES212,1993,6,Español Lecturas,1,3,1,1,0,0,0,0,0,
LTMD_U1_W3_SPANISH_STRUCTKW_0.1,U1-H1993P6ES212-P002,H1993P6ES212,1993,6,Español Lecturas,2,3,1,1,0,0,0,5,1,
LTMD_U1_W3_SPANISH_STRUCTKW_0.1,U1-H1993P6ES212-P003,H1993P6ES212,1993,6,Español Lecturas,3,3,1,1,0,0,0,1,1,
LTMD_U1_W3_SPANISH_STRUCTKW_0.1,U1-H1993P6ES212-P004,H1993P6ES212,1993,6,Español Lecturas,4,6,1,1,0,0,0,0,0,
LTMD_U1_W3_SPANISH_STRUCTKW_0.1,U1-H1993P6ES212-P005,H1993P6ES212,1993,6,Español Lecturas,5,3,1,1,0,1,1,0,2,
LTMD_U1_W3_SPANISH_STRUCTKW_0.1,U1-H1993P6ES212-P006,H1993P6ES212,1993,6,Español Lecturas,6,3,1,1,0,0,0,0,0,
LTMD_U1_W3_SPANISH_STRUCTKW_0.1,U1-H1993P6ES212-P007,H1993P6ES212,1993,6,Español Lecturas,7,3,1,1,0,0,0,0,0,
LTMD_U1_W3_SPANISH_STRUCTKW_0.1,U1-H1993P6ES212-P008,H1993P6ES212,1993,6,Español Lecturas,8,3,1,1,0,1,0,0,1,
LTMD_U1_W3_SPANISH_STRUCTKW_0.1,U1-H1993P6ES212-P009,H1993P6ES212,1993,6,Español Lecturas,9,3,1,1,0,0,0,0,0,
LTMD_U1_W3_SPANISH_STRUCTKW_0.1,U1-H1993P6ES212-P010,H1993P6ES212,1993,6,Español Lecturas,10,3,1,1,0,0,1,0,1,
LTMD_U1_W3_SPANISH_STRUCTKW_0.1,U1-H1993P6ES212-P011,H1993P6ES212,1993,6,Español Lecturas,11,3,1,1,0,0,0,0,0,
LTMD_U1_W3_SPANISH_STRUCTKW_0.1,U1-H1993P6ES212-P012,H1993P6ES212,1993,6,Español Lecturas,12,3,1,1,0,0,0,0,0,
LTMD_U1_W3_SPANISH_STRUCTKW_0.1,U1-H1993P6ES212-P013,H1993P6ES212,1993,6,Español Lecturas,13,3,1,1,0,0,0,0,0,
LTMD_U1_W3_SPANISH_STRUCTKW_0.1,U1-H1993P6ES212-P014,H1993P6ES212,1993,6,Español Lecturas,14,3,1,1,0,0,0,0,0,
LTMD_U1_W3_SPANISH_STRUCTKW_0.1,U1-H1993P6ES212-P015,H1993P6ES212,1993,6,Español Lecturas,15,3,1,1,0,0,0,0,0,
LTMD_U1_W3_SPANISH_STRUCTKW_0.1,U1-H1993P6ES212-P016,H1993P6ES212,1993,6,Español Lecturas,16,3,1,1,0,0,0,0,0,
LTMD_U1_W3_SPANISH_STRUCTKW_0.1,U1-H1993P6ES212-P099,H1993P6ES212,1993,6,Español Lecturas,99,3,1,0,1,0,0,0,0,
LTMD_U1_W3_SPANISH_STRUCTKW_0.1,U1-H1993P6ES212-P100,H1993P6ES212,1993,6,Español Lecturas,100,3,1,0,1,0,0,0,0,
LTMD_U1_W3_SPANISH_STRUCTKW_0.1,U1-H1993P6ES212-P101,H1993P6ES212,1993,6,Español Lecturas,101,6,1,0,1,0,0,0,0,
LTMD_U1_W3_SPANISH_STRUCTKW_0.1,U1-H1993P6ES212-P102,H1993P6ES212,1993,6,Español Lecturas,102,3,1,0,1,0,0,0,0,
LTMD_U1_W3_SPANISH_STRUCTKW_0.1,U1-H1993P6ES212-P103,H1993P6ES212,1993,6,Español Lecturas,103,3,1,0,1,0,0,0,0,
LTMD_U1_W3_SPANISH_STRUCTKW_0.1,U1-H1993P6ES212-P104,H1993P6ES212,1993,6,Español Lecturas,104,3,1,0,1,0,0,0,0,
LTMD_U1_W3_SPANISH_STRUCTKW_0.1,U1-H1993P6ES212-P105,H1993P6ES212,1993,6,Español Lecturas,105,3,1,0,1,0,0,0,0,
LTMD_U1_W3_SPANISH_STRUCTKW_0.1,U1-H1993P6ES212-P106,H1993P6ES212,1993,6,Español Lecturas,106,3,1,0,1,0,0,0,0,
LTMD_U1_W3_SPANISH_STRUCTKW_0.1,U1-H1993P6ES212-P107,H1993P6ES212,1993,6,Español Lecturas,107,3,1,0,1,0,0,0,0,
LTMD_U1_W3_SPANISH_STRUCTKW_0.1,U1-H1993P6ES212-P108,H1993P6ES212,1993,6,Español Lecturas,108,3,1,0,1,0,0,0,0,
LTMD_U1_W3_SPANISH_STRUCTKW_0.1,U1-H1993P6ES212-P109,H1993P6ES212,1993,6,Español Lecturas,109,3,1,0,1,0,0,0,0,
LTMD_U1_W3_SPANISH_STRUCTKW_0.1,U1-H1993P6ES212-P110,H1993P6ES212,1993,6,Español Lecturas,110,3,1,0,1,0,0,0,0,
LTMD_U1_W3_SPANISH_STRUCTKW_0.1,U1-H1993P6ES212-P111,H1993P6ES212,1993,6,Español Lecturas,111,3,1,0,1,0,0,0,0,
LTMD_U1_W3_SPANISH_STRUCTKW_0.1,U1-H1993P6ES212-P112,H1993P6ES212,1993,6,Español Lecturas,112,3,1,0,1,0,0,0,0,
LTMD_U1_W3_SPANISH_STRUCTKW_0.1,U1-H1993P6ES212-P113,H1993P6ES212,1993,6,Español Lecturas,113,3,1,0,1,0,0,0,0,
LTMD_U1_W3_SPANISH_STRUCTKW_0.1,U1-H1993P6ES212-P114,H1993P6ES212,1993,6,Español Lecturas,114,3,1,0,1,0,0,1,1,
LTMD_U1_W3_SPANISH_STRUCTKW_0.1,U1-H2008P1ES253-P001,H2008P1ES253,2008,1,ESPAÑOL 1er GRADO,1,11,1,1,0,0,0,0,0,
LTMD_U1_W3_SPANISH_STRUCTKW_0.1,U1-H2008P1ES253-P002,H2008P1ES253,2008,1,ESPAÑOL 1er GRADO,2,3,1,1,0,0,0,6,1,
LTMD_U1_W3_SPANISH_STRUCTKW_0.1,U1-H2008P1ES253-P003,H2008P1ES253,2008,1,ESPAÑOL 1er GRADO,3,3,1,1,0,0,0,2,1,
LTMD_U1_W3_SPANISH_STRUCTKW_0.1,U1-H2008P1ES253-P004,H2008P1ES253,2008,1,ESPAÑOL 1er GRADO,4,3,1,1,0,1,2,0,2,
LTMD_U1_W3_SPANISH_STRUCTKW_0.1,U1-H2008P1ES253-P005,H2008P1ES253,2008,1,ESPAÑOL 1er GRADO,5,3,1,1,0,0,1,1,2,
LTMD_U1_W3_SPANISH_STRUCTKW_0.1,U1-H2008P1ES253-P006,H2008P1ES253,2008,1,ESPAÑOL 1er GRADO,6,3,1,1,0,0,1,0,1,
LTMD_U1_W3_SPANISH_STRUCTKW_0.1,U1-H2008P1ES253-P007,H2008P1ES253,2008,1,ESPAÑOL 1er GRADO,7,3,1,1,0,0,1,0,1,
LTMD_U1_W3_SPANISH_STRUCTKW_0.1,U1-H2008P1ES253-P008,H2008P1ES253,2008,1,ESPAÑOL 1er GRADO,8,6,1,1,0,0,0,0,0,
LTMD_U1_W3_SPANISH_STRUCTKW_0.1,U1-H2008P1ES253-P009,H2008P1ES253,2008,1,ESPAÑOL 1er GRADO,9,6,1,1,0,0,0,0,0,
LTMD_U1_W3_SPANISH_STRUCTKW_0.1,U1-H2008P1ES253-P010,H2008P1ES253,2008,1,ESPAÑOL 1er GRADO,10,3,1,1,0,0,0,0,0,
LTMD_U1_W3_SPANISH_STRUCTKW_0.1,U1-H2008P1ES253-P011,H2008P1ES253,2008,1,ESPAÑOL 1er GRADO,11,3,1,1,0,0,0,0,0,
LTMD_U1_W3_SPANISH_STRUCTKW_0.1,U1-H2008P1ES253-P012,H2008P1ES253,2008,1,ESPAÑOL 1er GRADO,12,3,1,1,0,0,0,0,0,
LTMD_U1_W3_SPANISH_STRUCTKW_0.1,U1-H2008P1ES253-P013,H2008P1ES253,2008,1,ESPAÑOL 1er GRADO,13,3,1,1,0,0,0,0,0,
LTMD_U1_W3_SPANISH_STRUCTKW_0.1,U1-H2008P1ES253-P014,H2008P1ES253,2008,1,ESPAÑOL 1er GRADO,14,3,1,1,0,0,0,0,0,
LTMD_U1_W3_SPANISH_STRUCTKW_0.1,U1-H2008P1ES253-P015,H2008P1ES253,2008,1,ESPAÑOL 1er GRADO,15,3,1,1,0,0,0,0,0,
LTMD_U1_W3_SPANISH_STRUCTKW_0.1,U1-H2008P1ES253-P016,H2008P1ES253,2008,1,ESPAÑOL 1er GRADO,16,3,1,1,0,0,0,0,0,
LTMD_U1_W3_SPANISH_STRUCTKW_0.1,U1-H2008P1ES253-P131,H2008P1ES253,2008,1,ESPAÑOL 1er GRADO,131,3,1,0,1,0,1,0,1,
LTMD_U1_W3_SPANISH_STRUCTKW_0.1,U1-H2008P1ES253-P132,H2008P1ES253,2008,1,ESPAÑOL 1er GRADO,132,3,1,0,1,0,1,1,2,
LTMD_U1_W3_SPANISH_STRUCTKW_0.1,U1-H2008P1ES253-P133,H2008P1ES253,2008,1,ESPAÑOL 1er GRADO,133,3,1,0,1,0,0,0,0,
LTMD_U1_W3_SPANISH_STRUCTKW_0.1,U1-H2008P1ES253-P134,H2008P1ES253,2008,1,ESPAÑOL 1er GRADO,134,3,1,0,1,0,0,0,0,
LTMD_U1_W3_SPANISH_STRUCTKW_0.1,U1-H2008P1ES253-P135,H2008P1ES253,2008,1,ESPAÑOL 1er GRADO,135,3,1,0,1,0,1,0,1,
LTMD_U1_W3_SPANISH_STRUCTKW_0.1,U1-H2008P1ES253-P136,H2008P1ES253,2008,1,ESPAÑOL 1er GRADO,136,3,1,0,1,0,0,0,0,
LTMD_U1_W3_SPANISH_STRUCTKW_0.1,U1-H2008P1ES253-P137,H2008P1ES253,2008,1,ESPAÑOL 1er GRADO,137,3,1,0,1,0,0,1,1,
LTMD_U1_W3_SPANISH_STRUCTKW_0.1,U1-H2008P1ES253-P138,H2008P1ES253,2008,1,ESPAÑOL 1er GRADO,138,3,1,0,1,0,0,0,0,
LTMD_U1_W3_SPANISH_STRUCTKW_0.1,U1-H2008P1ES253-P139,H2008P1ES253,2008,1,ESPAÑOL 1er GRADO,139,3,1,0,1,0,0,0,0,
LTMD_U1_W3_SPANISH_STRUCTKW_0.1,U1-H2008P1ES253-P140,H2008P1ES253,2008,1,ESPAÑOL 1er GRADO,140,3,1,0,1,0,1,0,1,
LTMD_U1_W3_SPANISH_STRUCTKW_0.1,U1-H2008P1ES253-P141,H2008P1ES253,2008,1,ESPAÑOL 1er GRADO,141,3,1,0,1,0,0,0,0,
LTMD_U1_W3_SPANISH_STRUCTKW_0.1,U1-H2008P1ES253-P142,H2008P1ES253,2008,1,ESPAÑOL 1er GRADO,142,3,1,0,1,0,1,0,1,
LTMD_U1_W3_SPANISH_STRUCTKW_0.1,U1-H2008P1ES253-P143,H2008P1ES253,2008,1,ESPAÑOL 1er GRADO,143,3,1,0,1,0,0,0,0,
LTMD_U1_W3_SPANISH_STRUCTKW_0.1,U1-H2008P1ES253-P144,H2008P1ES253,2008,1,ESPAÑOL 1er GRADO,144,3,1,0,1,0,0,0,0,
LTMD_U1_W3_SPANISH_STRUCTKW_0.1,U1-H2008P1ES253-P145,H2008P1ES253,2008,1,ESPAÑOL 1er GRADO,145,3,1,0,1,0,0,0,0,
LTMD_U1_W3_SPANISH_STRUCTKW_0.1,U1-H2008P1ES253-P146,H2008P1ES253,2008,1,ESPAÑOL 1er GRADO,146,3,1,0,1,0,0,0,0,
LTMD_U1_W3_SPANISH_STRUCTKW_0.1,U1-H2008P1ES254-P001,H2008P1ES254,2008,1,ESPAÑOL RECORTABLE,1,3,1,1,0,0,0,0,0,
LTMD_U1_W3_SPANISH_STRUCTKW_0.1,U1-H2008P1ES254-P002,H2008P1ES254,2008,1,ESPAÑOL RECORTABLE,2,3,1,1,0,0,1,5,2,
LTMD_U1_W3_SPANISH_STRUCTKW_0.1,U1-H2008P1ES254-P003,H2008P1ES254,2008,1,ESPAÑOL RECORTABLE,3,3,1,1,0,0,0,0,0,
LTMD_U1_W3_SPANISH_STRUCTKW_0.1,U1-H2008P1ES254-P004,H2008P1ES254,2008,1,ESPAÑOL RECORTABLE,4,6,1,1,0,0,0,0,0,
LTMD_U1_W3_SPANISH_STRUCTKW_0.1,U1-H2008P1ES254-P005,H2008P1ES254,2008,1,ESPAÑOL RECORTABLE,5,3,1,1,0,0,0,0,0,
LTMD_U1_W3_SPANISH_STRUCTKW_0.1,U1-H2008P1ES254-P006,H2008P1ES254,2008,1,ESPAÑOL RECORTABLE,6,6,1,1,0,0,0,0,0,
LTMD_U1_W3_SPANISH_STRUCTKW_0.1,U1-H2008P1ES254-P007,H2008P1ES254,2008,1,ESPAÑOL RECORTABLE,7,6,1,1,0,0,0,0,0,
LTMD_U1_W3_SPANISH_STRUCTKW_0.1,U1-H2008P1ES254-P008,H2008P1ES254,2008,1,ESPAÑOL RECORTABLE,8,,1,1,0,0,0,0,0,
LTMD_U1_W3_SPANISH_STRUCTKW_0.1,U1-H2008P1ES254-P009,H2008P1ES254,2008,1,ESPAÑOL RECORTABLE,9,3,1,1,0,0,0,0,0,
LTMD_U1_W3_SPANISH_STRUCTKW_0.1,U1-H2008P1ES254-P010,H2008P1ES254,2008,1,ESPAÑOL RECORTABLE,10,11,1,1,0,0,0,0,0,
LTMD_U1_W3_SPANISH_STRUCTKW_0.1,U1-H2008P1ES254-P011,H2008P1ES254,2008,1,ESPAÑOL RECORTABLE,11,3,1,1,0,0,0,0,0,
LTMD_U1_W3_SPANISH_STRUCTKW_0.1,U1-H2008P1ES254-P012,H2008P1ES254,2008,1,ESPAÑOL RECORTABLE,12,6,1,1,0,0,0,0,0,
LTMD_U1_W3_SPANISH_STRUCTKW_0.1,U1-H2008P1ES254-P013,H2008P1ES254,2008,1,ESPAÑOL RECORTABLE,13,6,1,1,0,0,0,0,0,
LTMD_U1_W3_SPANISH_STRUCTKW_0.1,U1-H2008P1ES254-P014,H2008P1ES254,2008,1,ESPAÑOL RECORTABLE,14,6,1,1,0,0,0,0,0,
LTMD_U1_W3_SPANISH_STRUCTKW_0.1,U1-H2008P1ES254-P015,H2008P1ES254,2008,1,ESPAÑOL RECORTABLE,15,3,1,1,0,0,0,0,0,
LTMD_U1_W3_SPANISH_STRUCTKW_0.1,U1-H2008P1ES254-P016,H2008P1ES254,2008,1,ESPAÑOL RECORTABLE,16,11,1,1,0,0,0,0,0,
LTMD_U1_W3_SPANISH_STRUCTKW_0.1,U1-H2008P1ES254-P019,H2008P1ES254,2008,1,ESPAÑOL RECORTABLE,19,11,1,0,1,0,0,0,0,
LTMD_U1_W3_SPANISH_STRUCTKW_0.1,U1-H2008P1ES254-P020,H2008P1ES254,2008,1,ESPAÑOL RECORTABLE,20,11,1,0,1,0,0,0,0,
LTMD_U1_W3_SPANISH_STRUCTKW_0.1,U1-H2008P1ES254-P021,H2008P1ES254,2008,1,ESPAÑOL RECORTABLE,21,3,1,0,1,0,0,0,0,
LTMD_U1_W3_SPANISH_STRUCTKW_0.1,U1-H2008P1ES254-P022,H2008P1ES254,2008,1,ESPAÑOL RECORTABLE,22,11,1,0,1,0,0,0,0,
LTMD_U1_W3_SPANISH_STRUCTKW_0.1,U1-H2008P1ES254-P023,H2008P1ES254,2008,1,ESPAÑOL RECORTABLE,23,3,1,0,1,0,0,0,0,
LTMD_U1_W3_SPANISH_STRUCTKW_0.1,U1-H2008P1ES254-P024,H2008P1ES254,2008,1,ESPAÑOL RECORTABLE,24,6,1,0,1,0,0,0,0,
LTMD_U1_W3_SPANISH_STRUCTKW_0.1,U1-H2008P1ES254-P025,H2008P1ES254,2008,1,ESPAÑOL RECORTABLE,25,3,1,0,1,0,0,0,0,
LTMD_U1_W3_SPANISH_STRUCTKW_0.1,U1-H2008P1ES254-P026,H2008P1ES254,2008,1,ESPAÑOL RECORTABLE,26,6,1,0,1,0,0,0,0,
LTMD_U1_W3_SPANISH_STRUCTKW_0.1,U1-H2008P1ES254-P027,H2008P1ES254,2008,1,ESPAÑOL RECORTABLE,27,11,1,0,1,0,0,0,0,
LTMD_U1_W3_SPANISH_STRUCTKW_0.1,U1-H2008P1ES254-P028,H2008P1ES254,2008,1,ESPAÑOL RECORTABLE,28,11,1,0,1,0,0,0,0,
LTMD_U1_W3_SPANISH_STRUCTKW_0.1,U1-H2008P1ES254-P029,H2008P1ES254,2008,1,ESPAÑOL RECORTABLE,29,3,1,0,1,0,0,0,0,
LTMD_U1_W3_SPANISH_STRUCTKW_0.1,U1-H2008P1ES254-P030,H2008P1ES254,2008,1,ESPAÑOL RECORTABLE,30,6,1,0,1,0,0,0,0,
LTMD_U1_W3_SPANISH_STRUCTKW_0.1,U1-H2008P1ES254-P031,H2008P1ES254,2008,1,ESPAÑOL RECORTABLE,31,3,1,0,1,0,0,0,0,
LTMD_U1_W3_SPANISH_STRUCTKW_0.1,U1-H2008P1ES254-P032,H2008P1ES254,2008,1,ESPAÑOL RECORTABLE,32,3,1,0,1,0,0,0,0,
LTMD_U1_W3_SPANISH_STRUCTKW_0.1,U1-H2008P1ES254-P033,H2008P1ES254,2008,1,ESPAÑOL RECORTABLE,33,,1,0,1,0,0,0,0,
LTMD_U1_W3_SPANISH_STRUCTKW_0.1,U1-H2008P1ES254-P034,H2008P1ES254,2008,1,ESPAÑOL RECORTABLE,34,3,1,0,1,0,0,0,0,
LTMD_U1_W3_SPANISH_STRUCTKW_0.1,U1-H2008P2ES261-P001,H2008P2ES261,2008,2,ESPAÑOL,1,3,1,1,0,0,0,0,0,
LTMD_U1_W3_SPANISH_STRUCTKW_0.1,U1-H2008P2ES261-P002,H2008P2ES261,2008,2,ESPAÑOL,2,3,1,1,0,0,0,6,1,
LTMD_U1_W3_SPANISH_STRUCTKW_0.1,U1-H2008P2ES261-P003,H2008P2ES261,2008,2,ESPAÑOL,3,3,1,1,0,1,1,1,3,
LTMD_U1_W3_SPANISH_STRUCTKW_0.1,U1-H2008P2ES261-P004,H2008P2ES261,2008,2,ESPAÑOL,4,3,1,1,0,1,1,0,2,
LTMD_U1_W3_SPANISH_STRUCTKW_0.1,U1-H2008P2ES261-P005,H2008P2ES261,2008,2,ESPAÑOL,5,3,1,1,0,2,2,1,3,
LTMD_U1_W3_SPANISH_STRUCTKW_0.1,U1-H2008P2ES261-P006,H2008P2ES261,2008,2,ESPAÑOL,6,3,1,1,0,0,1,0,1,
LTMD_U1_W3_SPANISH_STRUCTKW_0.1,U1-H2008P2ES261-P007,H2008P2ES261,2008,2,ESPAÑOL,7,3,1,1,0,1,1,0,2,
LTMD_U1_W3_SPANISH_STRUCTKW_0.1,U1-H2008P2ES261-P008,H2008P2ES261,2008,2,ESPAÑOL,8,3,1,1,0,1,1,0,2,
LTMD_U1_W3_SPANISH_STRUCTKW_0.1,U1-H2008P2ES261-P009,H2008P2ES261,2008,2,ESPAÑOL,9,3,1,1,0,0,1,0,1,
LTMD_U1_W3_SPANISH_STRUCTKW_0.1,U1-H2008P2ES261-P010,H2008P2ES261,2008,2,ESPAÑOL,10,3,1,1,0,0,1,0,1,
LTMD_U1_W3_SPANISH_STRUCTKW_0.1,U1-H2008P2ES261-P011,H2008P2ES261,2008,2,ESPAÑOL,11,3,1,1,0,0,1,0,1,
LTMD_U1_W3_SPANISH_STRUCTKW_0.1,U1-H2008P2ES261-P012,H2008P2ES261,2008,2,ESPAÑOL,12,3,1,1,0,0,1,0,1,
LTMD_U1_W3_SPANISH_STRUCTKW_0.1,U1-H2008P2ES261-P013,H2008P2ES261,2008,2,ESPAÑOL,13,3,1,1,0,0,1,0,1,
LTMD_U1_W3_SPANISH_STRUCTKW_0.1,U1-H2008P2ES261-P014,H2008P2ES261,2008,2,ESPAÑOL,14,3,1,1,0,2,1,0,2,
LTMD_U1_W3_SPANISH_STRUCTKW_0.1,U1-H2008P2ES261-P015,H2008P2ES261,2008,2,ESPAÑOL,15,3,1,1,0,0,1,0,1,
LTMD_U1_W3_SPANISH_STRUCTKW_0.1,U1-H2008P2ES261-P016,H2008P2ES261,2008,2,ESPAÑOL,16,3,1,1,0,1,1,0,2,
LTMD_U1_W3_SPANISH_STRUCTKW_0.1,U1-H2008P2ES261-P203,H2008P2ES261,2008,2,ESPAÑOL,203,6,1,0,1,0,0,0,0,
LTMD_U1_W3_SPANISH_STRUCTKW_0.1,U1-H2008P2ES261-P204,H2008P2ES261,2008,2,ESPAÑOL,204,3,1,0,1,0,0,0,0,
LTMD_U1_W3_SPANISH_STRUCTKW_0.1,U1-H2008P2ES261-P205,H2008P2ES261,2008,2,ESPAÑOL,205,6,1,0,1,0,0,0,0,
LTMD_U1_W3_SPANISH_STRUCTKW_0.1,U1-H2008P2ES261-P206,H2008P2ES261,2008,2,ESPAÑOL,206,3,1,0,1,0,0,0,0,
LTMD_U1_W3_SPANISH_STRUCTKW_0.1,U1-H2008P2ES261-P207,H2008P2ES261,2008,2,ESPAÑOL,207,,1,0,1,0,0,0,0,
LTMD_U1_W3_SPANISH_STRUCTKW_0.1,U1-H2008P2ES261-P208,H2008P2ES261,2008,2,ESPAÑOL,208,3,1,0,1,0,0,0,0,
LTMD_U1_W3_SPANISH_STRUCTKW_0.1,U1-H2008P2ES261-P209,H2008P2ES261,2008,2,ESPAÑOL,209,6,1,0,1,0,0,0,0,
LTMD_U1_W3_SPANISH_STRUCTKW_0.1,U1-H2008P2ES261-P210,H2008P2ES261,2008,2,ESPAÑOL,210,3,1,0,1,0,0,0,0,
LTMD_U1_W3_SPANISH_STRUCTKW_0.1,U1-H2008P2ES261-P211,H2008P2ES261,2008,2,ESPAÑOL,211,11,1,0,1,0,0,0,0,
LTMD_U1_W3_SPANISH_STRUCTKW_0.1,U1-H2008P2ES261-P212,H2008P2ES261,2008,2,ESPAÑOL,212,3,1,0,1,0,0,0,0,
LTMD_U1_W3_SPANISH_STRUCTKW_0.1,U1-H2008P2ES261-P213,H2008P2ES261,2008,2,ESPAÑOL,213,6,1,0,1,0,0,0,0,
LTMD_U1_W3_SPANISH_STRUCTKW_0.1,U1-H2008P2ES261-P214,H2008P2ES261,2008,2,ESPAÑOL,214,3,1,0,1,0,0,0,0,
LTMD_U1_W3_SPANISH_STRUCTKW_0.1,U1-H2008P2ES261-P215,H2008P2ES261,2008,2,ESPAÑOL,215,,1,0,1,0,0,0,0,
LTMD_U1_W3_SPANISH_STRUCTKW_0.1,U1-H2008P2ES261-P216,H2008P2ES261,2008,2,ESPAÑOL,216,3,1,0,1,0,0,0,0,
LTMD_U1_W3_SPANISH_STRUCTKW_0.1,U1-H2008P2ES261-P217,H2008P2ES261,2008,2,ESPAÑOL,217,3,1,0,1,0,0,0,0,
LTMD_U1_W3_SPANISH_STRUCTKW_0.1,U1-H2008P2ES261-P218,H2008P2ES261,2008,2,ESPAÑOL,218,3,1,0,1,0,0,0,0,
LTMD_U1_W3_SPANISH_STRUCTKW_0.1,U1-H2008P3ES265-P001,H2008P3ES265,2008,3,ESPAÑOL ACTIVIDADES,1,,1,1,0,0,0,0,0,
LTMD_U1_W3_SPANISH_STRUCTKW_0.1,U1-H2008P3ES265-P002,H2008P3ES265,2008,3,ESPAÑOL ACTIVIDADES,2,3,1,1,0,0,1,4,2,
LTMD_U1_W3_SPANISH_STRUCTKW_0.1,U1-H2008P3ES265-P003,H2008P3ES265,2008,3,ESPAÑOL ACTIVIDADES,3,3,1,1,0,1,0,1,2,
LTMD_U1_W3_SPANISH_STRUCTKW_0.1,U1-H2008P3ES265-P004,H2008P3ES265,2008,3,ESPAÑOL ACTIVIDADES,4,3,1,1,0,0,2,0,1,
LTMD_U1_W3_SPANISH_STRUCTKW_0.1,U1-H2008P3ES265-P005,H2008P3ES265,2008,3,ESPAÑOL ACTIVIDADES,5,3,1,1,0,0,1,0,1,
LTMD_U1_W3_SPANISH_STRUCTKW_0.1,U1-H2008P3ES265-P006,H2008P3ES265,2008,3,ESPAÑOL ACTIVIDADES,6,3,1,1,0,0,1,0,1,
LTMD_U1_W3_SPANISH_STRUCTKW_0.1,U1-H2008P3ES265-P007,H2008P3ES265,2008,3,ESPAÑOL ACTIVIDADES,7,3,1,1,0,0,0,0,0,
LTMD_U1_W3_SPANISH_STRUCTKW_0.1,U1-H2008P3ES265-P008,H2008P3ES265,2008,3,ESPAÑOL ACTIVIDADES,8,3,1,1,0,0,1,0,1,
LTMD_U1_W3_SPANISH_STRUCTKW_0.1,U1-H2008P3ES265-P009,H2008P3ES265,2008,3,ESPAÑOL ACTIVIDADES,9,3,1,1,0,0,0,0,0,
LTMD_U1_W3_SPANISH_STRUCTKW_0.1,U1-H2008P3ES265-P010,H2008P3ES265,2008,3,ESPAÑOL ACTIVIDADES,10,3,1,1,0,0,0,0,0,
LTMD_U1_W3_SPANISH_STRUCTKW_0.1,U1-H2008P3ES265-P011,H2008P3ES265,2008,3,ESPAÑOL ACTIVIDADES,11,3,1,1,0,0,0,0,0,
LTMD_U1_W3_SPANISH_STRUCTKW_0.1,U1-H2008P3ES265-P012,H2008P3ES265,2008,3,ESPAÑOL ACTIVIDADES,12,3,1,1,0,0,1,0,1,
LTMD_U1_W3_SPANISH_STRUCTKW_0.1,U1-H2008P3ES265-P013,H2008P3ES265,2008,3,ESPAÑOL ACTIVIDADES,13,3,1,1,0,0,0,0,0,
LTMD_U1_W3_SPANISH_STRUCTKW_0.1,U1-H2008P3ES265-P014,H2008P3ES265,2008,3,ESPAÑOL ACTIVIDADES,14,3,1,1,0,0,0,0,0,
LTMD_U1_W3_SPANISH_STRUCTKW_0.1,U1-H2008P3ES265-P015,H2008P3ES265,2008,3,ESPAÑOL ACTIVIDADES,15,3,1,1,0,1,0,0,1,
LTMD_U1_W3_SPANISH_STRUCTKW_0.1,U1-H2008P3ES265-P016,H2008P3ES265,2008,3,ESPAÑOL ACTIVIDADES,16,3,1,1,0,0,1,0,1,
LTMD_U1_W3_SPANISH_STRUCTKW_0.1,U1-H2008P3ES265-P195,H2008P3ES265,2008,3,ESPAÑOL ACTIVIDADES,195,3,1,0,1,0,0,0,0,
LTMD_U1_W3_SPANISH_STRUCTKW_0.1,U1-H2008P3ES265-P196,H2008P3ES265,2008,3,ESPAÑOL ACTIVIDADES,196,3,1,0,1,0,1,0,1,
LTMD_U1_W3_SPANISH_STRUCTKW_0.1,U1-H2008P3ES265-P197,H2008P3ES265,2008,3,ESPAÑOL ACTIVIDADES,197,3,1,0,1,0,0,0,0,
LTMD_U1_W3_SPANISH_STRUCTKW_0.1,U1-H2008P3ES265-P198,H2008P3ES265,2008,3,ESPAÑOL ACTIVIDADES,198,3,1,0,1,0,1,0,1,
LTMD_U1_W3_SPANISH_STRUCTKW_0.1,U1-H2008P3ES265-P199,H2008P3ES265,2008,3,ESPAÑOL ACTIVIDADES,199,3,1,0,1,1,0,0,1,
LTMD_U1_W3_SPANISH_STRUCTKW_0.1,U1-H2008P3ES265-P200,H2008P3ES265,2008,3,ESPAÑOL ACTIVIDADES,200,3,1,0,1,0,2,0,1,
LTMD_U1_W3_SPANISH_STRUCTKW_0.1,U1-H2008P3ES265-P201,H2008P3ES265,2008,3,ESPAÑOL ACTIVIDADES,201,3,1,0,1,0,1,0,1,
LTMD_U1_W3_SPANISH_STRUCTKW_0.1,U1-H2008P3ES265-P202,H2008P3ES265,2008,3,ESPAÑOL ACTIVIDADES,202,3,1,0,1,0,1,0,1,
LTMD_U1_W3_SPANISH_STRUCTKW_0.1,U1-H2008P3ES265-P203,H2008P3ES265,2008,3,ESPAÑOL ACTIVIDADES,203,3,1,0,1,1,0,0,1,
LTMD_U1_W3_SPANISH_STRUCTKW_0.1,U1-H2008P3ES265-P204,H2008P3ES265,2008,3,ESPAÑOL ACTIVIDADES,204,3,1,0,1,0,1,0,1,
LTMD_U1_W3_SPANISH_STRUCTKW_0.1,U1-H2008P3ES265-P205,H2008P3ES265,2008,3,ESPAÑOL ACTIVIDADES,205,3,1,0,1,0,1,0,1,
LTMD_U1_W3_SPANISH_STRUCTKW_0.1,U1-H2008P3ES265-P206,H2008P3ES265,2008,3,ESPAÑOL ACTIVIDADES,206,3,1,0,1,0,0,1,1,
LTMD_U1_W3_SPANISH_STRUCTKW_0.1,U1-H2008P3ES265-P207,H2008P3ES265,2008,3,ESPAÑOL ACTIVIDADES,207,3,1,0,1,0,1,0,1,
LTMD_U1_W3_SPANISH_STRUCTKW_0.1,U1-H2008P3ES265-P208,H2008P3ES265,2008,3,ESPAÑOL ACTIVIDADES,208,3,1,0,1,0,0,0,0,
LTMD_U1_W3_SPANISH_STRUCTKW_0.1,U1-H2008P3ES265-P209,H2008P3ES265,2008,3,ESPAÑOL ACTIVIDADES,209,3,1,0,1,0,0,0,0,
LTMD_U1_W3_SPANISH_STRUCTKW_0.1,U1-H2008P3ES265-P210,H2008P3ES265,2008,3,ESPAÑOL ACTIVIDADES,210,3,1,0,1,0,0,1,1,
LTMD_U1_W3_SPANISH_STRUCTKW_0.1,U1-H2008P3ES266-P001,H2008P3ES266,2008,3,ESPAÑOL LECTURAS,1,6,1,1,0,0,0,0,0,
LTMD_U1_W3_SPANISH_STRUCTKW_0.1,U1-H2008P3ES266-P002,H2008P3ES266,2008,3,ESPAÑOL LECTURAS,2,3,1,1,0,0,1,4,2,
LTMD_U1_W3_SPANISH_STRUCTKW_0.1,U1-H2008P3ES266-P003,H2008P3ES266,2008,3,ESPAÑOL LECTURAS,3,3,1,1,0,1,0,1,2,
LTMD_U1_W3_SPANISH_STRUCTKW_0.1,U1-H2008P3ES266-P004,H2008P3ES266,2008,3,ESPAÑOL LECTURAS,4,3,1,1,0,0,2,0,1,
LTMD_U1_W3_SPANISH_STRUCTKW_0.1,U1-H2008P3ES266-P005,H2008P3ES266,2008,3,ESPAÑOL LECTURAS,5,3,1,1,0,0,1,0,1,
LTMD_U1_W3_SPANISH_STRUCTKW_0.1,U1-H2008P3ES266-P006,H2008P3ES266,2008,3,ESPAÑOL LECTURAS,6,,1,1,0,0,0,0,0,
LTMD_U1_W3_SPANISH_STRUCTKW_0.1,U1-H2008P3ES266-P007,H2008P3ES266,2008,3,ESPAÑOL LECTURAS,7,3,1,1,0,0,0,0,0,
LTMD_U1_W3_SPANISH_STRUCTKW_0.1,U1-H2008P3ES266-P008,H2008P3ES266,2008,3,ESPAÑOL LECTURAS,8,3,1,1,0,0,0,0,0,
LTMD_U1_W3_SPANISH_STRUCTKW_0.1,U1-H2008P3ES266-P009,H2008P3ES266,2008,3,ESPAÑOL LECTURAS,9,6,1,1,0,0,0,0,0,
LTMD_U1_W3_SPANISH_STRUCTKW_0.1,U1-H2008P3ES266-P010,H2008P3ES266,2008,3,ESPAÑOL LECTURAS,10,6,1,1,0,0,0,0,0,
LTMD_U1_W3_SPANISH_STRUCTKW_0.1,U1-H2008P3ES266-P011,H2008P3ES266,2008,3,ESPAÑOL LECTURAS,11,6,1,1,0,0,0,0,0,
LTMD_U1_W3_SPANISH_STRUCTKW_0.1,U1-H2008P3ES266-P012,H2008P3ES266,2008,3,ESPAÑOL LECTURAS,12,3,1,1,0,0,0,0,0,
LTMD_U1_W3_SPANISH_STRUCTKW_0.1,U1-H2008P3ES266-P013,H2008P3ES266,2008,3,ESPAÑOL LECTURAS,13,3,1,1,0,0,0,0,0,
LTMD_U1_W3_SPANISH_STRUCTKW_0.1,U1-H2008P3ES266-P014,H2008P3ES266,2008,3,ESPAÑOL LECTURAS,14,3,1,1,0,0,1,0,1,
LTMD_U1_W3_SPANISH_STRUCTKW_0.1,U1-H2008P3ES266-P015,H2008P3ES266,2008,3,ESPAÑOL LECTURAS,15,3,1,1,0,0,0,0,0,
LTMD_U1_W3_SPANISH_STRUCTKW_0.1,U1-H2008P3ES266-P016,H2008P3ES266,2008,3,ESPAÑOL LECTURAS,16,3,1,1,0,0,1,0,1,
LTMD_U1_W3_SPANISH_STRUCTKW_0.1,U1-H2008P3ES266-P211,H2008P3ES266,2008,3,ESPAÑOL LECTURAS,211,3,1,0,1,0,0,0,0,
LTMD_U1_W3_SPANISH_STRUCTKW_0.1,U1-H2008P3ES266-P212,H2008P3ES266,2008,3,ESPAÑOL LECTURAS,212,3,1,0,1,0,1,0,1,
LTMD_U1_W3_SPANISH_STRUCTKW_0.1,U1-H2008P3ES266-P213,H2008P3ES266,2008,3,ESPAÑOL LECTURAS,213,3,1,0,1,0,0,0,0,
LTMD_U1_W3_SPANISH_STRUCTKW_0.1,U1-H2008P3ES266-P214,H2008P3ES266,2008,3,ESPAÑOL LECTURAS,214,3,1,0,1,0,1,0,1,
LTMD_U1_W3_SPANISH_STRUCTKW_0.1,U1-H2008P3ES266-P215,H2008P3ES266,2008,3,ESPAÑOL LECTURAS,215,3,1,0,1,0,0,0,0,
LTMD_U1_W3_SPANISH_STRUCTKW_0.1,U1-H2008P3ES266-P216,H2008P3ES266,2008,3,ESPAÑOL LECTURAS,216,3,1,0,1,0,0,0,0,
LTMD_U1_W3_SPANISH_STRUCTKW_0.1,U1-H2008P3ES266-P217,H2008P3ES266,2008,3,ESPAÑOL LECTURAS,217,3,1,0,1,0,0,0,0,
LTMD_U1_W3_SPANISH_STRUCTKW_0.1,U1-H2008P3ES266-P218,H2008P3ES266,2008,3,ESPAÑOL LECTURAS,218,3,1,0,1,0,0,0,0,
LTMD_U1_W3_SPANISH_STRUCTKW_0.1,U1-H2008P3ES266-P219,H2008P3ES266,2008,3,ESPAÑOL LECTURAS,219,3,1,0,1,0,0,0,0,
LTMD_U1_W3_SPANISH_STRUCTKW_0.1,U1-H2008P3ES266-P220,H2008P3ES266,2008,3,ESPAÑOL LECTURAS,220,3,1,0,1,0,0,0,0,
LTMD_U1_W3_SPANISH_STRUCTKW_0.1,U1-H2008P3ES266-P221,H2008P3ES266,2008,3,ESPAÑOL LECTURAS,221,3,1,0,1,0,0,0,0,
LTMD_U1_W3_SPANISH_STRUCTKW_0.1,U1-H2008P3ES266-P222,H2008P3ES266,2008,3,ESPAÑOL LECTURAS,222,3,1,0,1,0,1,0,1,
LTMD_U1_W3_SPANISH_STRUCTKW_0.1,U1-H2008P3ES266-P223,H2008P3ES266,2008,3,ESPAÑOL LECTURAS,223,3,1,0,1,0,1,0,1,
LTMD_U1_W3_SPANISH_STRUCTKW_0.1,U1-H2008P3ES266-P224,H2008P3ES266,2008,3,ESPAÑOL LECTURAS,224,3,1,0,1,0,0,0,0,
LTMD_U1_W3_SPANISH_STRUCTKW_0.1,U1-H2008P3ES266-P225,H2008P3ES266,2008,3,ESPAÑOL LECTURAS,225,6,1,0,1,0,0,0,0,
LTMD_U1_W3_SPANISH_STRUCTKW_0.1,U1-H2008P3ES266-P226,H2008P3ES266,2008,3,ESPAÑOL LECTURAS,226,3,1,0,1,0,0,1,1,
LTMD_U1_W3_SPANISH_STRUCTKW_0.1,U1-H2008P4ES271-P001,H2008P4ES271,2008,4,ESPAÑOL ACTIVIDADES,1,6,1,1,0,0,0,0,0,
LTMD_U1_W3_SPANISH_STRUCTKW_0.1,U1-H2008P4ES271-P002,H2008P4ES271,2008,4,ESPAÑOL ACTIVIDADES,2,,1,1,0,0,0,0,0,
LTMD_U1_W3_SPANISH_STRUCTKW_0.1,U1-H2008P4ES271-P003,H2008P4ES271,2008,4,ESPAÑOL ACTIVIDADES,3,3,1,1,0,1,0,1,2,
LTMD_U1_W3_SPANISH_STRUCTKW_0.1,U1-H2008P4ES271-P004,H2008P4ES271,2008,4,ESPAÑOL ACTIVIDADES,4,3,1,1,0,0,1,0,1,
LTMD_U1_W3_SPANISH_STRUCTKW_0.1,U1-H2008P4ES271-P005,H2008P4ES271,2008,4,ESPAÑOL ACTIVIDADES,5,3,1,1,0,0,1,0,1,
LTMD_U1_W3_SPANISH_STRUCTKW_0.1,U1-H2008P4ES271-P006,H2008P4ES271,2008,4,ESPAÑOL ACTIVIDADES,6,3,1,1,0,0,1,0,1,
LTMD_U1_W3_SPANISH_STRUCTKW_0.1,U1-H2008P4ES271-P007,H2008P4ES271,2008,4,ESPAÑOL ACTIVIDADES,7,3,1,1,0,0,0,0,0,
LTMD_U1_W3_SPANISH_STRUCTKW_0.1,U1-H2008P4ES271-P008,H2008P4ES271,2008,4,ESPAÑOL ACTIVIDADES,8,3,1,1,0,0,0,0,0,
LTMD_U1_W3_SPANISH_STRUCTKW_0.1,U1-H2008P4ES271-P009,H2008P4ES271,2008,4,ESPAÑOL ACTIVIDADES,9,3,1,1,0,0,0,0,0,
LTMD_U1_W3_SPANISH_STRUCTKW_0.1,U1-H2008P4ES271-P010,H2008P4ES271,2008,4,ESPAÑOL ACTIVIDADES,10,3,1,1,0,0,0,0,0,
LTMD_U1_W3_SPANISH_STRUCTKW_0.1,U1-H2008P4ES271-P011,H2008P4ES271,2008,4,ESPAÑOL ACTIVIDADES,11,3,1,1,0,0,0,0,0,
LTMD_U1_W3_SPANISH_STRUCTKW_0.1,U1-H2008P4ES271-P012,H2008P4ES271,2008,4,ESPAÑOL ACTIVIDADES,12,3,1,1,0,0,0,0,0,
LTMD_U1_W3_SPANISH_STRUCTKW_0.1,U1-H2008P4ES271-P013,H2008P4ES271,2008,4,ESPAÑOL ACTIVIDADES,13,3,1,1,0,0,0,0,0,
LTMD_U1_W3_SPANISH_STRUCTKW_0.1,U1-H2008P4ES271-P014,H2008P4ES271,2008,4,ESPAÑOL ACTIVIDADES,14,3,1,1,0,0,1,0,1,
LTMD_U1_W3_SPANISH_STRUCTKW_0.1,U1-H2008P4ES271-P015,H2008P4ES271,2008,4,ESPAÑOL ACTIVIDADES,15,3,1,1,0,0,0,0,0,
LTMD_U1_W3_SPANISH_STRUCTKW_0.1,U1-H2008P4ES271-P016,H2008P4ES271,2008,4,ESPAÑOL ACTIVIDADES,16,3,1,1,0,0,1,0,1,
LTMD_U1_W3_SPANISH_STRUCTKW_0.1,U1-H2008P4ES271-P223,H2008P4ES271,2008,4,ESPAÑOL ACTIVIDADES,223,3,1,0,1,0,1,0,1,
LTMD_U1_W3_SPANISH_STRUCTKW_0.1,U1-H2008P4ES271-P224,H2008P4ES271,2008,4,ESPAÑOL ACTIVIDADES,224,3,1,0,1,0,0,0,0,
LTMD_U1_W3_SPANISH_STRUCTKW_0.1,U1-H2008P4ES271-P225,H2008P4ES271,2008,4,ESPAÑOL ACTIVIDADES,225,3,1,0,1,0,1,0,1,
LTMD_U1_W3_SPANISH_STRUCTKW_0.1,U1-H2008P4ES271-P226,H2008P4ES271,2008,4,ESPAÑOL ACTIVIDADES,226,3,1,0,1,1,0,0,1,
LTMD_U1_W3_SPANISH_STRUCTKW_0.1,U1-H2008P4ES271-P227,H2008P4ES271,2008,4,ESPAÑOL ACTIVIDADES,227,3,1,0,1,0,0,0,0,
LTMD_U1_W3_SPANISH_STRUCTKW_0.1,U1-H2008P4ES271-P228,H2008P4ES271,2008,4,ESPAÑOL ACTIVIDADES,228,3,1,0,1,0,0,0,0,
LTMD_U1_W3_SPANISH_STRUCTKW_0.1,U1-H2008P4ES271-P229,H2008P4ES271,2008,4,ESPAÑOL ACTIVIDADES,229,3,1,0,1,0,0,0,0,
LTMD_U1_W3_SPANISH_STRUCTKW_0.1,U1-H2008P4ES271-P230,H2008P4ES271,2008,4,ESPAÑOL ACTIVIDADES,230,3,1,0,1,0,0,0,0,
LTMD_U1_W3_SPANISH_STRUCTKW_0.1,U1-H2008P4ES271-P231,H2008P4ES271,2008,4,ESPAÑOL ACTIVIDADES,231,3,1,0,1,0,0,0,0,
LTMD_U1_W3_SPANISH_STRUCTKW_0.1,U1-H2008P4ES271-P232,H2008P4ES271,2008,4,ESPAÑOL ACTIVIDADES,232,3,1,0,1,0,0,0,0,
LTMD_U1_W3_SPANISH_STRUCTKW_0.1,U1-H2008P4ES271-P233,H2008P4ES271,2008,4,ESPAÑOL ACTIVIDADES,233,3,1,0,1,0,0,0,0,
LTMD_U1_W3_SPANISH_STRUCTKW_0.1,U1-H2008P4ES271-P234,H2008P4ES271,2008,4,ESPAÑOL ACTIVIDADES,234,3,1,0,1,0,1,0,1,
LTMD_U1_W3_SPANISH_STRUCTKW_0.1,U1-H2008P4ES271-P235,H2008P4ES271,2008,4,ESPAÑOL ACTIVIDADES,235,3,1,0,1,0,0,0,0,
LTMD_U1_W3_SPANISH_STRUCTKW_0.1,U1-H2008P4ES271-P236,H2008P4ES271,2008,4,ESPAÑOL ACTIVIDADES,236,3,1,0,1,0,1,0,1,
LTMD_U1_W3_SPANISH_STRUCTKW_0.1,U1-H2008P4ES271-P237,H2008P4ES271,2008,4,ESPAÑOL ACTIVIDADES,237,3,1,0,1,0,0,0,0,
LTMD_U1_W3_SPANISH_STRUCTKW_0.1,U1-H2008P4ES271-P238,H2008P4ES271,2008,4,ESPAÑOL ACTIVIDADES,238,3,1,0,1,0,0,1,1,
LTMD_U1_W3_SPANISH_STRUCTKW_0.1,U1-H2008P4ES272-P001,H2008P4ES272,2008,4,ESPAÑOL LECTURAS,1,6,1,1,0,0,0,0,0,
LTMD_U1_W3_SPANISH_STRUCTKW_0.1,U1-H2008P4ES272-P002,H2008P4ES272,2008,4,ESPAÑOL LECTURAS,2,3,1,1,0,0,1,4,2,
LTMD_U1_W3_SPANISH_STRUCTKW_0.1,U1-H2008P4ES272-P003,H2008P4ES272,2008,4,ESPAÑOL LECTURAS,3,3,1,1,0,1,0,1,2,
LTMD_U1_W3_SPANISH_STRUCTKW_0.1,U1-H2008P4ES272-P004,H2008P4ES272,2008,4,ESPAÑOL LECTURAS,4,3,1,1,0,0,2,0,1,
LTMD_U1_W3_SPANISH_STRUCTKW_0.1,U1-H2008P4ES272-P005,H2008P4ES272,2008,4,ESPAÑOL LECTURAS,5,3,1,1,0,0,1,0,1,
LTMD_U1_W3_SPANISH_STRUCTKW_0.1,U1-H2008P4ES272-P006,H2008P4ES272,2008,4,ESPAÑOL LECTURAS,6,3,1,1,0,0,1,0,1,
LTMD_U1_W3_SPANISH_STRUCTKW_0.1,U1-H2008P4ES272-P007,H2008P4ES272,2008,4,ESPAÑOL LECTURAS,7,3,1,1,0,0,1,0,1,
LTMD_U1_W3_SPANISH_STRUCTKW_0.1,U1-H2008P4ES272-P008,H2008P4ES272,2008,4,ESPAÑOL LECTURAS,8,3,1,1,0,0,0,0,0,
LTMD_U1_W3_SPANISH_STRUCTKW_0.1,U1-H2008P4ES272-P009,H2008P4ES272,2008,4,ESPAÑOL LECTURAS,9,6,1,1,0,0,0,0,0,
LTMD_U1_W3_SPANISH_STRUCTKW_0.1,U1-H2008P4ES272-P010,H2008P4ES272,2008,4,ESPAÑOL LECTURAS,10,3,1,1,0,0,3,0,1,
LTMD_U1_W3_SPANISH_STRUCTKW_0.1,U1-H2008P4ES272-P011,H2008P4ES272,2008,4,ESPAÑOL LECTURAS,11,6,1,1,0,0,0,0,0,
LTMD_U1_W3_SPANISH_STRUCTKW_0.1,U1-H2008P4ES272-P012,H2008P4ES272,2008,4,ESPAÑOL LECTURAS,12,3,1,1,0,0,1,0,1,
LTMD_U1_W3_SPANISH_STRUCTKW_0.1,U1-H2008P4ES272-P013,H2008P4ES272,2008,4,ESPAÑOL LECTURAS,13,6,1,1,0,0,0,0,0,
LTMD_U1_W3_SPANISH_STRUCTKW_0.1,U1-H2008P4ES272-P014,H2008P4ES272,2008,4,ESPAÑOL LECTURAS,14,3,1,1,0,0,0,0,0,
LTMD_U1_W3_SPANISH_STRUCTKW_0.1,U1-H2008P4ES272-P015,H2008P4ES272,2008,4,ESPAÑOL LECTURAS,15,6,1,1,0,0,0,0,0,
LTMD_U1_W3_SPANISH_STRUCTKW_0.1,U1-H2008P4ES272-P016,H2008P4ES272,2008,4,ESPAÑOL LECTURAS,16,3,1,1,0,0,0,0,0,
LTMD_U1_W3_SPANISH_STRUCTKW_0.1,U1-H2008P4ES272-P242,H2008P4ES272,2008,4,ESPAÑOL LECTURAS,242,11,1,0,1,0,0,0,0,
LTMD_U1_W3_SPANISH_STRUCTKW_0.1,U1-H2008P4ES272-P243,H2008P4ES272,2008,4,ESPAÑOL LECTURAS,243,3,1,0,1,0,0,0,0,
LTMD_U1_W3_SPANISH_STRUCTKW_0.1,U1-H2008P4ES272-P244,H2008P4ES272,2008,4,ESPAÑOL LECTURAS,244,3,1,0,1,0,1,0,1,
LTMD_U1_W3_SPANISH_STRUCTKW_0.1,U1-H2008P4ES272-P245,H2008P4ES272,2008,4,ESPAÑOL LECTURAS,245,6,1,0,1,0,0,0,0,
LTMD_U1_W3_SPANISH_STRUCTKW_0.1,U1-H2008P4ES272-P246,H2008P4ES272,2008,4,ESPAÑOL LECTURAS,246,6,1,0,1,0,0,0,0,
LTMD_U1_W3_SPANISH_STRUCTKW_0.1,U1-H2008P4ES272-P247,H2008P4ES272,2008,4,ESPAÑOL LECTURAS,247,3,1,0,1,0,0,0,0,
LTMD_U1_W3_SPANISH_STRUCTKW_0.1,U1-H2008P4ES272-P248,H2008P4ES272,2008,4,ESPAÑOL LECTURAS,248,3,1,0,1,0,1,0,1,
LTMD_U1_W3_SPANISH_STRUCTKW_0.1,U1-H2008P4ES272-P249,H2008P4ES272,2008,4,ESPAÑOL LECTURAS,249,6,1,0,1,0,0,0,0,
LTMD_U1_W3_SPANISH_STRUCTKW_0.1,U1-H2008P4ES272-P250,H2008P4ES272,2008,4,ESPAÑOL LECTURAS,250,3,1,0,1,0,1,0,1,
LTMD_U1_W3_SPANISH_STRUCTKW_0.1,U1-H2008P4ES272-P251,H2008P4ES272,2008,4,ESPAÑOL LECTURAS,251,3,1,0,1,0,0,0,0,
LTMD_U1_W3_SPANISH_STRUCTKW_0.1,U1-H2008P4ES272-P252,H2008P4ES272,2008,4,ESPAÑOL LECTURAS,252,6,1,0,1,0,0,0,0,
LTMD_U1_W3_SPANISH_STRUCTKW_0.1,U1-H2008P4ES272-P253,H2008P4ES272,2008,4,ESPAÑOL LECTURAS,253,3,1,0,1,0,0,0,0,
LTMD_U1_W3_SPANISH_STRUCTKW_0.1,U1-H2008P4ES272-P254,H2008P4ES272,2008,4,ESPAÑOL LECTURAS,254,3,1,0,1,0,0,0,0,
LTMD_U1_W3_SPANISH_STRUCTKW_0.1,U1-H2008P4ES272-P255,H2008P4ES272,2008,4,ESPAÑOL LECTURAS,255,3,1,0,1,0,1,0,1,
LTMD_U1_W3_SPANISH_STRUCTKW_0.1,U1-H2008P4ES272-P256,H2008P4ES272,2008,4,ESPAÑOL LECTURAS,256,3,1,0,1,0,0,0,0,
LTMD_U1_W3_SPANISH_STRUCTKW_0.1,U1-H2008P4ES272-P257,H2008P4ES272,2008,4,ESPAÑOL LECTURAS,257,3,1,0,1,0,0,0,0,
LTMD_U1_W3_SPANISH_STRUCTKW_0.1,U1-H2008P5ES281-P001,H2008P5ES281,2008,5,ESPAÑOL,1,3,1,1,0,0,0,0,0,
LTMD_U1_W3_SPANISH_STRUCTKW_0.1,U1-H2008P5ES281-P002,H2008P5ES281,2008,5,ESPAÑOL,2,3,1,1,0,0,0,6,1,
LTMD_U1_W3_SPANISH_STRUCTKW_0.1,U1-H2008P5ES281-P003,H2008P5ES281,2008,5,ESPAÑOL,3,3,1,1,0,1,1,1,3,
LTMD_U1_W3_SPANISH_STRUCTKW_0.1,U1-H2008P5ES281-P004,H2008P5ES281,2008,5,ESPAÑOL,4,3,1,1,0,1,1,0,2,
LTMD_U1_W3_SPANISH_STRUCTKW_0.1,U1-H2008P5ES281-P005,H2008P5ES281,2008,5,ESPAÑOL,5,3,1,1,0,2,1,1,3,
LTMD_U1_W3_SPANISH_STRUCTKW_0.1,U1-H2008P5ES281-P006,H2008P5ES281,2008,5,ESPAÑOL,6,3,1,1,0,0,0,0,0,
LTMD_U1_W3_SPANISH_STRUCTKW_0.1,U1-H2008P5ES281-P007,H2008P5ES281,2008,5,ESPAÑOL,7,3,1,1,0,0,1,0,1,
LTMD_U1_W3_SPANISH_STRUCTKW_0.1,U1-H2008P5ES281-P008,H2008P5ES281,2008,5,ESPAÑOL,8,3,1,1,0,0,0,0,0,
LTMD_U1_W3_SPANISH_STRUCTKW_0.1,U1-H2008P5ES281-P009,H2008P5ES281,2008,5,ESPAÑOL,9,3,1,1,0,0,0,0,0,
LTMD_U1_W3_SPANISH_STRUCTKW_0.1,U1-H2008P5ES281-P010,H2008P5ES281,2008,5,ESPAÑOL,10,3,1,1,0,0,1,0,1,
LTMD_U1_W3_SPANISH_STRUCTKW_0.1,U1-H2008P5ES281-P011,H2008P5ES281,2008,5,ESPAÑOL,11,3,1,1,0,0,0,0,0,
LTMD_U1_W3_SPANISH_STRUCTKW_0.1,U1-H2008P5ES281-P012,H2008P5ES281,2008,5,ESPAÑOL,12,3,1,1,0,0,0,0,0,
LTMD_U1_W3_SPANISH_STRUCTKW_0.1,U1-H2008P5ES281-P013,H2008P5ES281,2008,5,ESPAÑOL,13,3,1,1,0,0,0,0,0,
LTMD_U1_W3_SPANISH_STRUCTKW_0.1,U1-H2008P5ES281-P014,H2008P5ES281,2008,5,ESPAÑOL,14,3,1,1,0,0,0,0,0,
LTMD_U1_W3_SPANISH_STRUCTKW_0.1,U1-H2008P5ES281-P015,H2008P5ES281,2008,5,ESPAÑOL,15,3,1,1,0,0,1,0,1,
LTMD_U1_W3_SPANISH_STRUCTKW_0.1,U1-H2008P5ES281-P016,H2008P5ES281,2008,5,ESPAÑOL,16,3,1,1,0,1,0,0,1,
LTMD_U1_W3_SPANISH_STRUCTKW_0.1,U1-H2008P5ES281-P171,H2008P5ES281,2008,5,ESPAÑOL,171,3,1,0,1,0,0,0,0,
LTMD_U1_W3_SPANISH_STRUCTKW_0.1,U1-H2008P5ES281-P172,H2008P5ES281,2008,5,ESPAÑOL,172,3,1,0,1,0,2,0,1,
LTMD_U1_W3_SPANISH_STRUCTKW_0.1,U1-H2008P5ES281-P173,H2008P5ES281,2008,5,ESPAÑOL,173,3,1,0,1,0,0,0,0,
LTMD_U1_W3_SPANISH_STRUCTKW_0.1,U1-H2008P5ES281-P174,H2008P5ES281,2008,5,ESPAÑOL,174,3,1,0,1,0,1,0,1,
LTMD_U1_W3_SPANISH_STRUCTKW_0.1,U1-H2008P5ES281-P175,H2008P5ES281,2008,5,ESPAÑOL,175,3,1,0,1,0,0,0,0,
LTMD_U1_W3_SPANISH_STRUCTKW_0.1,U1-H2008P5ES281-P176,H2008P5ES281,2008,5,ESPAÑOL,176,3,1,0,1,0,1,0,1,
LTMD_U1_W3_SPANISH_STRUCTKW_0.1,U1-H2008P5ES281-P177,H2008P5ES281,2008,5,ESPAÑOL,177,3,1,0,1,0,1,0,1,
LTMD_U1_W3_SPANISH_STRUCTKW_0.1,U1-H2008P5ES281-P178,H2008P5ES281,2008,5,ESPAÑOL,178,3,1,0,1,0,0,1,1,
LTMD_U1_W3_SPANISH_STRUCTKW_0.1,U1-H2008P5ES281-P179,H2008P5ES281,2008,5,ESPAÑOL,179,3,1,0,1,0,0,1,1,
LTMD_U1_W3_SPANISH_STRUCTKW_0.1,U1-H2008P5ES281-P180,H2008P5ES281,2008,5,ESPAÑOL,180,3,1,0,1,0,0,1,1,
LTMD_U1_W3_SPANISH_STRUCTKW_0.1,U1-H2008P5ES281-P181,H2008P5ES281,2008,5,ESPAÑOL,181,3,1,0,1,1,0,1,2,
LTMD_U1_W3_SPANISH_STRUCTKW_0.1,U1-H2008P5ES281-P182,H2008P5ES281,2008,5,ESPAÑOL,182,3,1,0,1,0,0,0,0,
LTMD_U1_W3_SPANISH_STRUCTKW_0.1,U1-H2008P5ES281-P183,H2008P5ES281,2008,5,ESPAÑOL,183,3,1,0,1,0,2,0,1,
LTMD_U1_W3_SPANISH_STRUCTKW_0.1,U1-H2008P5ES281-P184,H2008P5ES281,2008,5,ESPAÑOL,184,3,1,0,1,0,0,0,0,
LTMD_U1_W3_SPANISH_STRUCTKW_0.1,U1-H2008P5ES281-P185,H2008P5ES281,2008,5,ESPAÑOL,185,3,1,0,1,0,0,0,0,
LTMD_U1_W3_SPANISH_STRUCTKW_0.1,U1-H2008P5ES281-P186,H2008P5ES281,2008,5,ESPAÑOL,186,3,1,0,1,0,0,0,0,
LTMD_U1_W3_SPANISH_STRUCTKW_0.1,U1-H2008P6ES288-P001,H2008P6ES288,2008,6,ESPAÑOL,1,3,1,1,0,0,0,0,0,
LTMD_U1_W3_SPANISH_STRUCTKW_0.1,U1-H2008P6ES288-P002,H2008P6ES288,2008,6,ESPAÑOL,2,3,1,1,0,0,0,7,1,
LTMD_U1_W3_SPANISH_STRUCTKW_0.1,U1-H2008P6ES288-P003,H2008P6ES288,2008,6,ESPAÑOL,3,3,1,1,0,0,0,2,1,
LTMD_U1_W3_SPANISH_STRUCTKW_0.1,U1-H2008P6ES288-P004,H2008P6ES288,2008,6,ESPAÑOL,4,3,1,1,0,1,2,1,3,
LTMD_U1_W3_SPANISH_STRUCTKW_0.1,U1-H2008P6ES288-P005,H2008P6ES288,2008,6,ESPAÑOL,5,3,1,1,0,0,2,0,1,
LTMD_U1_W3_SPANISH_STRUCTKW_0.1,U1-H2008P6ES288-P006,H2008P6ES288,2008,6,ESPAÑOL,6,,1,1,0,0,0,0,0,
LTMD_U1_W3_SPANISH_STRUCTKW_0.1,U1-H2008P6ES288-P007,H2008P6ES288,2008,6,ESPAÑOL,7,3,1,1,0,0,1,0,1,
LTMD_U1_W3_SPANISH_STRUCTKW_0.1,U1-H2008P6ES288-P008,H2008P6ES288,2008,6,ESPAÑOL,8,3,1,1,0,0,0,0,0,
LTMD_U1_W3_SPANISH_STRUCTKW_0.1,U1-H2008P6ES288-P009,H2008P6ES288,2008,6,ESPAÑOL,9,3,1,1,0,0,0,0,0,
LTMD_U1_W3_SPANISH_STRUCTKW_0.1,U1-H2008P6ES288-P010,H2008P6ES288,2008,6,ESPAÑOL,10,3,1,1,0,1,0,0,1,
LTMD_U1_W3_SPANISH_STRUCTKW_0.1,U1-H2008P6ES288-P011,H2008P6ES288,2008,6,ESPAÑOL,11,3,1,1,0,0,0,0,0,
LTMD_U1_W3_SPANISH_STRUCTKW_0.1,U1-H2008P6ES288-P012,H2008P6ES288,2008,6,ESPAÑOL,12,3,1,1,0,0,0,0,0,
LTMD_U1_W3_SPANISH_STRUCTKW_0.1,U1-H2008P6ES288-P013,H2008P6ES288,2008,6,ESPAÑOL,13,3,1,1,0,0,0,0,0,
LTMD_U1_W3_SPANISH_STRUCTKW_0.1,U1-H2008P6ES288-P014,H2008P6ES288,2008,6,ESPAÑOL,14,3,1,1,0,0,1,0,1,
LTMD_U1_W3_SPANISH_STRUCTKW_0.1,U1-H2008P6ES288-P015,H2008P6ES288,2008,6,ESPAÑOL,15,3,1,1,0,0,0,1,1,
LTMD_U1_W3_SPANISH_STRUCTKW_0.1,U1-H2008P6ES288-P016,H2008P6ES288,2008,6,ESPAÑOL,16,3,1,1,0,0,1,0,1,
LTMD_U1_W3_SPANISH_STRUCTKW_0.1,U1-H2008P6ES288-P123,H2008P6ES288,2008,6,ESPAÑOL,123,3,1,0,1,0,2,0,1,
LTMD_U1_W3_SPANISH_STRUCTKW_0.1,U1-H2008P6ES288-P124,H2008P6ES288,2008,6,ESPAÑOL,124,3,1,0,1,0,0,0,0,
LTMD_U1_W3_SPANISH_STRUCTKW_0.1,U1-H2008P6ES288-P125,H2008P6ES288,2008,6,ESPAÑOL,125,3,1,0,1,0,1,0,1,
LTMD_U1_W3_SPANISH_STRUCTKW_0.1,U1-H2008P6ES288-P126,H2008P6ES288,2008,6,ESPAÑOL,126,3,1,0,1,0,0,0,0,
LTMD_U1_W3_SPANISH_STRUCTKW_0.1,U1-H2008P6ES288-P127,H2008P6ES288,2008,6,ESPAÑOL,127,3,1,0,1,0,1,1,2,
LTMD_U1_W3_SPANISH_STRUCTKW_0.1,U1-H2008P6ES288-P128,H2008P6ES288,2008,6,ESPAÑOL,128,3,1,0,1,0,1,0,1,
LTMD_U1_W3_SPANISH_STRUCTKW_0.1,U1-H2008P6ES288-P129,H2008P6ES288,2008,6,ESPAÑOL,129,3,1,0,1,0,0,0,0,
LTMD_U1_W3_SPANISH_STRUCTKW_0.1,U1-H2008P6ES288-P130,H2008P6ES288,2008,6,ESPAÑOL,130,3,1,0,1,0,0,0,0,
LTMD_U1_W3_SPANISH_STRUCTKW_0.1,U1-H2008P6ES288-P131,H2008P6ES288,2008,6,ESPAÑOL,131,3,1,0,1,0,0,0,0,
LTMD_U1_W3_SPANISH_STRUCTKW_0.1,U1-H2008P6ES288-P132,H2008P6ES288,2008,6,ESPAÑOL,132,3,1,0,1,0,1,0,1,
LTMD_U1_W3_SPANISH_STRUCTKW_0.1,U1-H2008P6ES288-P133,H2008P6ES288,2008,6,ESPAÑOL,133,3,1,0,1,1,2,0,2,
LTMD_U1_W3_SPANISH_STRUCTKW_0.1,U1-H2008P6ES288-P134,H2008P6ES288,2008,6,ESPAÑOL,134,11,1,0,1,0,0,0,0,
LTMD_U1_W3_SPANISH_STRUCTKW_0.1,U1-H2008P6ES288-P135,H2008P6ES288,2008,6,ESPAÑOL,135,6,1,0,1,0,0,0,0,
LTMD_U1_W3_SPANISH_STRUCTKW_0.1,U1-H2008P6ES288-P136,H2008P6ES288,2008,6,ESPAÑOL,136,3,1,0,1,0,0,0,0,
LTMD_U1_W3_SPANISH_STRUCTKW_0.1,U1-H2008P6ES288-P137,H2008P6ES288,2008,6,ESPAÑOL,137,3,1,0,1,0,0,0,0,
LTMD_U1_W3_SPANISH_STRUCTKW_0.1,U1-H2008P6ES288-P138,H2008P6ES288,2008,6,ESPAÑOL,138,3,1,0,1,0,0,0,0,
LTMD_U1_W3_SPANISH_STRUCTKW_0.1,U1-H2011P1ES297-P001,H2011P1ES297,2011,1,ESPAÑOL,1,6,1,1,0,0,0,0,0,
LTMD_U1_W3_SPANISH_STRUCTKW_0.1,U1-H2011P1ES297-P002,H2011P1ES297,2011,1,ESPAÑOL,2,3,1,1,0,0,0,6,1,
LTMD_U1_W3_SPANISH_STRUCTKW_0.1,U1-H2011P1ES297-P003,H2011P1ES297,2011,1,ESPAÑOL,3,3,1,1,0,1,2,1,3,
LTMD_U1_W3_SPANISH_STRUCTKW_0.1,U1-H2011P1ES297-P004,H2011P1ES297,2011,1,ESPAÑOL,4,3,1,1,0,1,0,0,1,
LTMD_U1_W3_SPANISH_STRUCTKW_0.1,U1-H2011P1ES297-P005,H2011P1ES297,2011,1,ESPAÑOL,5,3,1,1,0,0,1,0,1,
LTMD_U1_W3_SPANISH_STRUCTKW_0.1,U1-H2011P1ES297-P006,H2011P1ES297,2011,1,ESPAÑOL,6,3,1,1,0,0,2,0,1,
LTMD_U1_W3_SPANISH_STRUCTKW_0.1,U1-H2011P1ES297-P007,H2011P1ES297,2011,1,ESPAÑOL,7,3,1,1,0,0,2,1,2,
LTMD_U1_W3_SPANISH_STRUCTKW_0.1,U1-H2011P1ES297-P008,H2011P1ES297,2011,1,ESPAÑOL,8,3,1,1,0,0,0,0,0,
LTMD_U1_W3_SPANISH_STRUCTKW_0.1,U1-H2011P1ES297-P009,H2011P1ES297,2011,1,ESPAÑOL,9,3,1,1,0,0,0,0,0,
LTMD_U1_W3_SPANISH_STRUCTKW_0.1,U1-H2011P1ES297-P010,H2011P1ES297,2011,1,ESPAÑOL,10,3,1,1,0,0,0,0,0,
LTMD_U1_W3_SPANISH_STRUCTKW_0.1,U1-H2011P1ES297-P011,H2011P1ES297,2011,1,ESPAÑOL,11,3,1,1,0,0,0,0,0,
LTMD_U1_W3_SPANISH_STRUCTKW_0.1,U1-H2011P1ES297-P012,H2011P1ES297,2011,1,ESPAÑOL,12,3,1,1,0,0,0,0,0,
LTMD_U1_W3_SPANISH_STRUCTKW_0.1,U1-H2011P1ES297-P013,H2011P1ES297,2011,1,ESPAÑOL,13,3,1,1,0,0,0,0,0,
LTMD_U1_W3_SPANISH_STRUCTKW_0.1,U1-H2011P1ES297-P014,H2011P1ES297,2011,1,ESPAÑOL,14,6,1,1,0,0,0,0,0,
LTMD_U1_W3_SPANISH_STRUCTKW_0.1,U1-H2011P1ES297-P015,H2011P1ES297,2011,1,ESPAÑOL,15,6,1,1,0,0,0,0,0,
LTMD_U1_W3_SPANISH_STRUCTKW_0.1,U1-H2011P1ES297-P016,H2011P1ES297,2011,1,ESPAÑOL,16,3,1,1,0,0,1,0,1,
LTMD_U1_W3_SPANISH_STRUCTKW_0.1,U1-H2011P1ES297-P178,H2011P1ES297,2011,1,ESPAÑOL,178,6,1,0,1,0,0,0,0,
LTMD_U1_W3_SPANISH_STRUCTKW_0.1,U1-H2011P1ES297-P179,H2011P1ES297,2011,1,ESPAÑOL,179,3,1,0,1,0,1,0,1,
LTMD_U1_W3_SPANISH_STRUCTKW_0.1,U1-H2011P1ES297-P180,H2011P1ES297,2011,1,ESPAÑOL,180,6,1,0,1,0,0,0,0,
LTMD_U1_W3_SPANISH_STRUCTKW_0.1,U1-H2011P1ES297-P181,H2011P1ES297,2011,1,ESPAÑOL,181,3,1,0,1,0,0,0,0,
LTMD_U1_W3_SPANISH_STRUCTKW_0.1,U1-H2011P1ES297-P182,H2011P1ES297,2011,1,ESPAÑOL,182,6,1,0,1,0,0,0,0,
LTMD_U1_W3_SPANISH_STRUCTKW_0.1,U1-H2011P1ES297-P183,H2011P1ES297,2011,1,ESPAÑOL,183,3,1,0,1,0,0,0,0,
LTMD_U1_W3_SPANISH_STRUCTKW_0.1,U1-H2011P1ES297-P184,H2011P1ES297,2011,1,ESPAÑOL,184,6,1,0,1,0,0,0,0,
LTMD_U1_W3_SPANISH_STRUCTKW_0.1,U1-H2011P1ES297-P185,H2011P1ES297,2011,1,ESPAÑOL,185,3,1,0,1,0,0,0,0,
LTMD_U1_W3_SPANISH_STRUCTKW_0.1,U1-H2011P1ES297-P186,H2011P1ES297,2011,1,ESPAÑOL,186,6,1,0,1,0,0,0,0,
LTMD_U1_W3_SPANISH_STRUCTKW_0.1,U1-H2011P1ES297-P187,H2011P1ES297,2011,1,ESPAÑOL,187,3,1,0,1,0,0,0,0,
LTMD_U1_W3_SPANISH_STRUCTKW_0.1,U1-H2011P1ES297-P188,H2011P1ES297,2011,1,ESPAÑOL,188,6,1,0,1,0,0,0,0,
LTMD_U1_W3_SPANISH_STRUCTKW_0.1,U1-H2011P1ES297-P189,H2011P1ES297,2011,1,ESPAÑOL,189,3,1,0,1,0,0,0,0,
LTMD_U1_W3_SPANISH_STRUCTKW_0.1,U1-H2011P1ES297-P190,H2011P1ES297,2011,1,ESPAÑOL,190,6,1,0,1,0,0,0,0,
LTMD_U1_W3_SPANISH_STRUCTKW_0.1,U1-H2011P1ES297-P191,H2011P1ES297,2011,1,ESPAÑOL,191,3,1,0,1,0,0,0,0,
LTMD_U1_W3_SPANISH_STRUCTKW_0.1,U1-H2011P1ES297-P192,H2011P1ES297,2011,1,ESPAÑOL,192,6,1,0,1,0,0,0,0,
LTMD_U1_W3_SPANISH_STRUCTKW_0.1,U1-H2011P1ES297-P193,H2011P1ES297,2011,1,ESPAÑOL,193,6,1,0,1,0,0,0,0,
LTMD_U1_W3_SPANISH_STRUCTKW_0.1,U1-H2011P1ES298-P001,H2011P1ES298,2011,1,ESPAÑOL LECTURAS,1,3,1,1,0,0,0,0,0,
LTMD_U1_W3_SPANISH_STRUCTKW_0.1,U1-H2011P1ES298-P002,H2011P1ES298,2011,1,ESPAÑOL LECTURAS,2,,1,1,0,0,0,0,0,
LTMD_U1_W3_SPANISH_STRUCTKW_0.1,U1-H2011P1ES298-P003,H2011P1ES298,2011,1,ESPAÑOL LECTURAS,3,3,1,1,0,0,0,0,0,
LTMD_U1_W3_SPANISH_STRUCTKW_0.1,U1-H2011P1ES298-P004,H2011P1ES298,2011,1,ESPAÑOL LECTURAS,4,3,1,1,0,0,1,5,2,
LTMD_U1_W3_SPANISH_STRUCTKW_0.1,U1-H2011P1ES298-P005,H2011P1ES298,2011,1,ESPAÑOL LECTURAS,5,3,1,1,0,1,0,1,2,
LTMD_U1_W3_SPANISH_STRUCTKW_0.1,U1-H2011P1ES298-P006,H2011P1ES298,2011,1,ESPAÑOL LECTURAS,6,3,1,1,0,0,1,0,1,
LTMD_U1_W3_SPANISH_STRUCTKW_0.1,U1-H2011P1ES298-P007,H2011P1ES298,2011,1,ESPAÑOL LECTURAS,7,3,1,1,0,0,2,0,1,
LTMD_U1_W3_SPANISH_STRUCTKW_0.1,U1-H2011P1ES298-P008,H2011P1ES298,2011,1,ESPAÑOL LECTURAS,8,3,1,1,0,0,1,0,1,
LTMD_U1_W3_SPANISH_STRUCTKW_0.1,U1-H2011P1ES298-P009,H2011P1ES298,2011,1,ESPAÑOL LECTURAS,9,3,1,1,0,0,0,0,0,
LTMD_U1_W3_SPANISH_STRUCTKW_0.1,U1-H2011P1ES298-P010,H2011P1ES298,2011,1,ESPAÑOL LECTURAS,10,3,1,1,0,0,0,0,0,
LTMD_U1_W3_SPANISH_STRUCTKW_0.1,U1-H2011P1ES298-P011,H2011P1ES298,2011,1,ESPAÑOL LECTURAS,11,3,1,1,0,0,0,0,0,
LTMD_U1_W3_SPANISH_STRUCTKW_0.1,U1-H2011P1ES298-P012,H2011P1ES298,2011,1,ESPAÑOL LECTURAS,12,3,1,1,0,0,0,0,0,
LTMD_U1_W3_SPANISH_STRUCTKW_0.1,U1-H2011P1ES298-P013,H2011P1ES298,2011,1,ESPAÑOL LECTURAS,13,6,1,1,0,0,0,0,0,
LTMD_U1_W3_SPANISH_STRUCTKW_0.1,U1-H2011P1ES298-P014,H2011P1ES298,2011,1,ESPAÑOL LECTURAS,14,3,1,1,0,0,0,0,0,
LTMD_U1_W3_SPANISH_STRUCTKW_0.1,U1-H2011P1ES298-P015,H2011P1ES298,2011,1,ESPAÑOL LECTURAS,15,3,1,1,0,0,0,0,0,
LTMD_U1_W3_SPANISH_STRUCTKW_0.1,U1-H2011P1ES298-P016,H2011P1ES298,2011,1,ESPAÑOL LECTURAS,16,3,1,1,0,0,0,0,0,
LTMD_U1_W3_SPANISH_STRUCTKW_0.1,U1-H2011P1ES298-P066,H2011P1ES298,2011,1,ESPAÑOL LECTURAS,66,3,1,0,1,0,0,0,0,
LTMD_U1_W3_SPANISH_STRUCTKW_0.1,U1-H2011P1ES298-P067,H2011P1ES298,2011,1,ESPAÑOL LECTURAS,67,3,1,0,1,0,0,0,0,
LTMD_U1_W3_SPANISH_STRUCTKW_0.1,U1-H2011P1ES298-P068,H2011P1ES298,2011,1,ESPAÑOL LECTURAS,68,3,1,0,1,0,0,0,0,
LTMD_U1_W3_SPANISH_STRUCTKW_0.1,U1-H2011P1ES298-P069,H2011P1ES298,2011,1,ESPAÑOL LECTURAS,69,3,1,0,1,0,0,0,0,
LTMD_U1_W3_SPANISH_STRUCTKW_0.1,U1-H2011P1ES298-P070,H2011P1ES298,2011,1,ESPAÑOL LECTURAS,70,3,1,0,1,0,0,0,0,
LTMD_U1_W3_SPANISH_STRUCTKW_0.1,U1-H2011P1ES298-P071,H2011P1ES298,2011,1,ESPAÑOL LECTURAS,71,3,1,0,1,0,0,0,0,
LTMD_U1_W3_SPANISH_STRUCTKW_0.1,U1-H2011P1ES298-P072,H2011P1ES298,2011,1,ESPAÑOL LECTURAS,72,3,1,0,1,0,0,0,0,
LTMD_U1_W3_SPANISH_STRUCTKW_0.1,U1-H2011P1ES298-P073,H2011P1ES298,2011,1,ESPAÑOL LECTURAS,73,3,1,0,1,0,1,0,1,
LTMD_U1_W3_SPANISH_STRUCTKW_0.1,U1-H2011P1ES298-P074,H2011P1ES298,2011,1,ESPAÑOL LECTURAS,74,3,1,0,1,0,0,0,0,
LTMD_U1_W3_SPANISH_STRUCTKW_0.1,U1-H2011P1ES298-P075,H2011P1ES298,2011,1,ESPAÑOL LECTURAS,75,3,1,0,1,0,0,0,0,
LTMD_U1_W3_SPANISH_STRUCTKW_0.1,U1-H2011P1ES298-P076,H2011P1ES298,2011,1,ESPAÑOL LECTURAS,76,3,1,0,1,0,1,1,2,
LTMD_U1_W3_SPANISH_STRUCTKW_0.1,U1-H2011P1ES298-P077,H2011P1ES298,2011,1,ESPAÑOL LECTURAS,77,3,1,0,1,0,0,0,0,
LTMD_U1_W3_SPANISH_STRUCTKW_0.1,U1-H2011P1ES298-P078,H2011P1ES298,2011,1,ESPAÑOL LECTURAS,78,3,1,0,1,0,0,0,0,
LTMD_U1_W3_SPANISH_STRUCTKW_0.1,U1-H2011P1ES298-P079,H2011P1ES298,2011,1,ESPAÑOL LECTURAS,79,3,1,0,1,0,0,0,0,
LTMD_U1_W3_SPANISH_STRUCTKW_0.1,U1-H2011P1ES298-P080,H2011P1ES298,2011,1,ESPAÑOL LECTURAS,80,6,1,0,1,0,0,0,0,
LTMD_U1_W3_SPANISH_STRUCTKW_0.1,U1-H2011P1ES298-P081,H2011P1ES298,2011,1,ESPAÑOL LECTURAS,81,,1,0,1,0,0,0,0,
LTMD_U1_W3_SPANISH_STRUCTKW_0.1,U1-H2011P2ES304-P001,H2011P2ES304,2011,2,ESPAÑOL,1,3,1,1,0,0,0,0,0,
LTMD_U1_W3_SPANISH_STRUCTKW_0.1,U1-H2011P2ES304-P002,H2011P2ES304,2011,2,ESPAÑOL,2,3,1,1,0,0,0,7,1,
LTMD_U1_W3_SPANISH_STRUCTKW_0.1,U1-H2011P2ES304-P003,H2011P2ES304,2011,2,ESPAÑOL,3,3,1,1,0,1,2,1,3,
LTMD_U1_W3_SPANISH_STRUCTKW_0.1,U1-H2011P2ES304-P004,H2011P2ES304,2011,2,ESPAÑOL,4,3,1,1,0,1,1,0,2,
LTMD_U1_W3_SPANISH_STRUCTKW_0.1,U1-H2011P2ES304-P005,H2011P2ES304,2011,2,ESPAÑOL,5,3,1,1,0,0,2,0,1,
LTMD_U1_W3_SPANISH_STRUCTKW_0.1,U1-H2011P2ES304-P006,H2011P2ES304,2011,2,ESPAÑOL,6,3,1,1,0,0,3,0,1,
LTMD_U1_W3_SPANISH_STRUCTKW_0.1,U1-H2011P2ES304-P007,H2011P2ES304,2011,2,ESPAÑOL,7,3,1,1,0,0,2,2,2,
LTMD_U1_W3_SPANISH_STRUCTKW_0.1,U1-H2011P2ES304-P008,H2011P2ES304,2011,2,ESPAÑOL,8,6,1,1,0,0,1,0,1,
LTMD_U1_W3_SPANISH_STRUCTKW_0.1,U1-H2011P2ES304-P009,H2011P2ES304,2011,2,ESPAÑOL,9,11,1,1,0,0,0,0,0,
LTMD_U1_W3_SPANISH_STRUCTKW_0.1,U1-H2011P2ES304-P010,H2011P2ES304,2011,2,ESPAÑOL,10,3,1,1,0,0,1,0,1,
LTMD_U1_W3_SPANISH_STRUCTKW_0.1,U1-H2011P2ES304-P011,H2011P2ES304,2011,2,ESPAÑOL,11,3,1,1,0,0,1,0,1,
LTMD_U1_W3_SPANISH_STRUCTKW_0.1,U1-H2011P2ES304-P012,H2011P2ES304,2011,2,ESPAÑOL,12,3,1,1,0,0,2,1,2,
LTMD_U1_W3_SPANISH_STRUCTKW_0.1,U1-H2011P2ES304-P013,H2011P2ES304,2011,2,ESPAÑOL,13,3,1,1,0,0,0,0,0,
LTMD_U1_W3_SPANISH_STRUCTKW_0.1,U1-H2011P2ES304-P014,H2011P2ES304,2011,2,ESPAÑOL,14,3,1,1,0,0,1,0,1,
LTMD_U1_W3_SPANISH_STRUCTKW_0.1,U1-H2011P2ES304-P015,H2011P2ES304,2011,2,ESPAÑOL,15,3,1,1,0,0,0,0,0,
LTMD_U1_W3_SPANISH_STRUCTKW_0.1,U1-H2011P2ES304-P016,H2011P2ES304,2011,2,ESPAÑOL,16,3,1,1,0,0,0,0,0,
LTMD_U1_W3_SPANISH_STRUCTKW_0.1,U1-H2011P2ES304-P202,H2011P2ES304,2011,2,ESPAÑOL,202,3,1,0,1,0,0,0,0,
LTMD_U1_W3_SPANISH_STRUCTKW_0.1,U1-H2011P2ES304-P203,H2011P2ES304,2011,2,ESPAÑOL,203,3,1,0,1,0,1,0,1,
LTMD_U1_W3_SPANISH_STRUCTKW_0.1,U1-H2011P2ES304-P204,H2011P2ES304,2011,2,ESPAÑOL,204,3,1,0,1,0,0,0,0,
LTMD_U1_W3_SPANISH_STRUCTKW_0.1,U1-H2011P2ES304-P205,H2011P2ES304,2011,2,ESPAÑOL,205,3,1,0,1,0,0,0,0,
LTMD_U1_W3_SPANISH_STRUCTKW_0.1,U1-H2011P2ES304-P206,H2011P2ES304,2011,2,ESPAÑOL,206,3,1,0,1,0,0,0,0,
LTMD_U1_W3_SPANISH_STRUCTKW_0.1,U1-H2011P2ES304-P207,H2011P2ES304,2011,2,ESPAÑOL,207,3,1,0,1,0,0,0,0,
LTMD_U1_W3_SPANISH_STRUCTKW_0.1,U1-H2011P2ES304-P208,H2011P2ES304,2011,2,ESPAÑOL,208,3,1,0,1,0,0,0,0,
LTMD_U1_W3_SPANISH_STRUCTKW_0.1,U1-H2011P2ES304-P209,H2011P2ES304,2011,2,ESPAÑOL,209,3,1,0,1,0,0,0,0,
LTMD_U1_W3_SPANISH_STRUCTKW_0.1,U1-H2011P2ES304-P210,H2011P2ES304,2011,2,ESPAÑOL,210,3,1,0,1,0,0,0,0,
LTMD_U1_W3_SPANISH_STRUCTKW_0.1,U1-H2011P2ES304-P211,H2011P2ES304,2011,2,ESPAÑOL,211,3,1,0,1,0,0,0,0,
LTMD_U1_W3_SPANISH_STRUCTKW_0.1,U1-H2011P2ES304-P212,H2011P2ES304,2011,2,ESPAÑOL,212,3,1,0,1,0,0,0,0,
LTMD_U1_W3_SPANISH_STRUCTKW_0.1,U1-H2011P2ES304-P213,H2011P2ES304,2011,2,ESPAÑOL,213,3,1,0,1,0,1,0,1,
LTMD_U1_W3_SPANISH_STRUCTKW_0.1,U1-H2011P2ES304-P214,H2011P2ES304,2011,2,ESPAÑOL,214,3,1,0,1,0,0,0,0,
LTMD_U1_W3_SPANISH_STRUCTKW_0.1,U1-H2011P2ES304-P215,H2011P2ES304,2011,2,ESPAÑOL,215,3,1,0,1,0,0,0,0,
LTMD_U1_W3_SPANISH_STRUCTKW_0.1,U1-H2011P2ES304-P216,H2011P2ES304,2011,2,ESPAÑOL,216,3,1,0,1,0,0,0,0,
LTMD_U1_W3_SPANISH_STRUCTKW_0.1,U1-H2011P2ES304-P217,H2011P2ES304,2011,2,ESPAÑOL,217,3,1,0,1,0,0,0,0,
LTMD_U1_W3_SPANISH_STRUCTKW_0.1,U1-H2011P2ES305-P001,H2011P2ES305,2011,2,ESPAÑOL LECTURAS,1,3,1,1,0,0,0,0,0,
LTMD_U1_W3_SPANISH_STRUCTKW_0.1,U1-H2011P2ES305-P002,H2011P2ES305,2011,2,ESPAÑOL LECTURAS,2,6,1,1,0,0,0,0,0,
LTMD_U1_W3_SPANISH_STRUCTKW_0.1,U1-H2011P2ES305-P003,H2011P2ES305,2011,2,ESPAÑOL LECTURAS,3,3,1,1,0,0,0,0,0,
LTMD_U1_W3_SPANISH_STRUCTKW_0.1,U1-H2011P2ES305-P004,H2011P2ES305,2011,2,ESPAÑOL LECTURAS,4,3,1,1,0,0,1,5,2,
LTMD_U1_W3_SPANISH_STRUCTKW_0.1,U1-H2011P2ES305-P005,H2011P2ES305,2011,2,ESPAÑOL LECTURAS,5,3,1,1,0,1,0,1,2,
LTMD_U1_W3_SPANISH_STRUCTKW_0.1,U1-H2011P2ES305-P006,H2011P2ES305,2011,2,ESPAÑOL LECTURAS,6,3,1,1,0,0,1,0,1,
LTMD_U1_W3_SPANISH_STRUCTKW_0.1,U1-H2011P2ES305-P007,H2011P2ES305,2011,2,ESPAÑOL LECTURAS,7,3,1,1,0,0,2,0,1,
LTMD_U1_W3_SPANISH_STRUCTKW_0.1,U1-H2011P2ES305-P008,H2011P2ES305,2011,2,ESPAÑOL LECTURAS,8,3,1,1,0,0,1,0,1,
LTMD_U1_W3_SPANISH_STRUCTKW_0.1,U1-H2011P2ES305-P009,H2011P2ES305,2011,2,ESPAÑOL LECTURAS,9,3,1,1,0,0,0,0,0,
LTMD_U1_W3_SPANISH_STRUCTKW_0.1,U1-H2011P2ES305-P010,H2011P2ES305,2011,2,ESPAÑOL LECTURAS,10,3,1,1,0,0,1,0,1,
LTMD_U1_W3_SPANISH_STRUCTKW_0.1,U1-H2011P2ES305-P011,H2011P2ES305,2011,2,ESPAÑOL LECTURAS,11,3,1,1,0,0,0,0,0,
LTMD_U1_W3_SPANISH_STRUCTKW_0.1,U1-H2011P2ES305-P012,H2011P2ES305,2011,2,ESPAÑOL LECTURAS,12,3,1,1,0,0,0,0,0,
LTMD_U1_W3_SPANISH_STRUCTKW_0.1,U1-H2011P2ES305-P013,H2011P2ES305,2011,2,ESPAÑOL LECTURAS,13,3,1,1,0,0,0,0,0,
LTMD_U1_W3_SPANISH_STRUCTKW_0.1,U1-H2011P2ES305-P014,H2011P2ES305,2011,2,ESPAÑOL LECTURAS,14,3,1,1,0,0,0,0,0,
LTMD_U1_W3_SPANISH_STRUCTKW_0.1,U1-H2011P2ES305-P015,H2011P2ES305,2011,2,ESPAÑOL LECTURAS,15,3,1,1,0,0,0,0,0,
LTMD_U1_W3_SPANISH_STRUCTKW_0.1,U1-H2011P2ES305-P016,H2011P2ES305,2011,2,ESPAÑOL LECTURAS,16,6,1,1,0,0,0,0,0,
LTMD_U1_W3_SPANISH_STRUCTKW_0.1,U1-H2011P2ES305-P091,H2011P2ES305,2011,2,ESPAÑOL LECTURAS,91,3,1,0,1,0,0,0,0,
LTMD_U1_W3_SPANISH_STRUCTKW_0.1,U1-H2011P2ES305-P092,H2011P2ES305,2011,2,ESPAÑOL LECTURAS,92,3,1,0,1,0,0,0,0,
LTMD_U1_W3_SPANISH_STRUCTKW_0.1,U1-H2011P2ES305-P093,H2011P2ES305,2011,2,ESPAÑOL LECTURAS,93,3,1,0,1,0,0,0,0,
LTMD_U1_W3_SPANISH_STRUCTKW_0.1,U1-H2011P2ES305-P094,H2011P2ES305,2011,2,ESPAÑOL LECTURAS,94,3,1,0,1,0,0,0,0,
LTMD_U1_W3_SPANISH_STRUCTKW_0.1,U1-H2011P2ES305-P095,H2011P2ES305,2011,2,ESPAÑOL LECTURAS,95,3,1,0,1,0,0,0,0,
LTMD_U1_W3_SPANISH_STRUCTKW_0.1,U1-H2011P2ES305-P096,H2011P2ES305,2011,2,ESPAÑOL LECTURAS,96,3,1,0,1,0,0,0,0,
LTMD_U1_W3_SPANISH_STRUCTKW_0.1,U1-H2011P2ES305-P097,H2011P2ES305,2011,2,ESPAÑOL LECTURAS,97,3,1,0,1,0,1,0,1,
LTMD_U1_W3_SPANISH_STRUCTKW_0.1,U1-H2011P2ES305-P098,H2011P2ES305,2011,2,ESPAÑOL LECTURAS,98,3,1,0,1,0,0,0,0,
LTMD_U1_W3_SPANISH_STRUCTKW_0.1,U1-H2011P2ES305-P099,H2011P2ES305,2011,2,ESPAÑOL LECTURAS,99,3,1,0,1,0,0,0,0,
LTMD_U1_W3_SPANISH_STRUCTKW_0.1,U1-H2011P2ES305-P100,H2011P2ES305,2011,2,ESPAÑOL LECTURAS,100,3,1,0,1,0,1,1,2,
LTMD_U1_W3_SPANISH_STRUCTKW_0.1,U1-H2011P2ES305-P101,H2011P2ES305,2011,2,ESPAÑOL LECTURAS,101,3,1,0,1,0,0,0,0,
LTMD_U1_W3_SPANISH_STRUCTKW_0.1,U1-H2011P2ES305-P102,H2011P2ES305,2011,2,ESPAÑOL LECTURAS,102,3,1,0,1,0,0,0,0,
LTMD_U1_W3_SPANISH_STRUCTKW_0.1,U1-H2011P2ES305-P103,H2011P2ES305,2011,2,ESPAÑOL LECTURAS,103,3,1,0,1,0,0,0,0,
LTMD_U1_W3_SPANISH_STRUCTKW_0.1,U1-H2011P2ES305-P104,H2011P2ES305,2011,2,ESPAÑOL LECTURAS,104,3,1,0,1,0,0,0,0,
LTMD_U1_W3_SPANISH_STRUCTKW_0.1,U1-H2011P2ES305-P106,H2011P2ES305,2011,2,ESPAÑOL LECTURAS,106,6,1,0,1,0,0,0,0,
LTMD_U1_W3_SPANISH_STRUCTKW_0.1,U1-H2011P3ES311-P001,H2011P3ES311,2011,3,ESPAÑOL,1,6,1,1,0,0,0,0,0,
LTMD_U1_W3_SPANISH_STRUCTKW_0.1,U1-H2011P3ES311-P002,H2011P3ES311,2011,3,ESPAÑOL,2,3,1,1,0,0,0,6,1,
LTMD_U1_W3_SPANISH_STRUCTKW_0.1,U1-H2011P3ES311-P003,H2011P3ES311,2011,3,ESPAÑOL,3,3,1,1,0,1,1,1,3,
LTMD_U1_W3_SPANISH_STRUCTKW_0.1,U1-H2011P3ES311-P004,H2011P3ES311,2011,3,ESPAÑOL,4,3,1,1,0,1,1,0,2,
LTMD_U1_W3_SPANISH_STRUCTKW_0.1,U1-H2011P3ES311-P005,H2011P3ES311,2011,3,ESPAÑOL,5,3,1,1,0,0,0,0,0,
LTMD_U1_W3_SPANISH_STRUCTKW_0.1,U1-H2011P3ES311-P006,H2011P3ES311,2011,3,ESPAÑOL,6,3,1,1,0,2,2,0,2,
LTMD_U1_W3_SPANISH_STRUCTKW_0.1,U1-H2011P3ES311-P007,H2011P3ES311,2011,3,ESPAÑOL,7,3,1,1,0,0,1,0,1,
LTMD_U1_W3_SPANISH_STRUCTKW_0.1,U1-H2011P3ES311-P008,H2011P3ES311,2011,3,ESPAÑOL,8,3,1,1,0,0,0,0,0,
LTMD_U1_W3_SPANISH_STRUCTKW_0.1,U1-H2011P3ES311-P009,H2011P3ES311,2011,3,ESPAÑOL,9,3,1,1,0,0,0,0,0,
LTMD_U1_W3_SPANISH_STRUCTKW_0.1,U1-H2011P3ES311-P010,H2011P3ES311,2011,3,ESPAÑOL,10,3,1,1,0,0,1,0,1,
LTMD_U1_W3_SPANISH_STRUCTKW_0.1,U1-H2011P3ES311-P011,H2011P3ES311,2011,3,ESPAÑOL,11,3,1,1,0,0,0,0,0,
LTMD_U1_W3_SPANISH_STRUCTKW_0.1,U1-H2011P3ES311-P012,H2011P3ES311,2011,3,ESPAÑOL,12,3,1,1,0,0,3,0,1,
LTMD_U1_W3_SPANISH_STRUCTKW_0.1,U1-H2011P3ES311-P013,H2011P3ES311,2011,3,ESPAÑOL,13,3,1,1,0,0,0,0,0,
LTMD_U1_W3_SPANISH_STRUCTKW_0.1,U1-H2011P3ES311-P014,H2011P3ES311,2011,3,ESPAÑOL,14,3,1,1,0,0,1,0,1,
LTMD_U1_W3_SPANISH_STRUCTKW_0.1,U1-H2011P3ES311-P015,H2011P3ES311,2011,3,ESPAÑOL,15,3,1,1,0,0,0,0,0,
LTMD_U1_W3_SPANISH_STRUCTKW_0.1,U1-H2011P3ES311-P016,H2011P3ES311,2011,3,ESPAÑOL,16,3,1,1,0,0,0,0,0,
LTMD_U1_W3_SPANISH_STRUCTKW_0.1,U1-H2011P3ES311-P146,H2011P3ES311,2011,3,ESPAÑOL,146,3,1,0,1,0,0,0,0,
LTMD_U1_W3_SPANISH_STRUCTKW_0.1,U1-H2011P3ES311-P147,H2011P3ES311,2011,3,ESPAÑOL,147,3,1,0,1,0,0,0,0,
LTMD_U1_W3_SPANISH_STRUCTKW_0.1,U1-H2011P3ES311-P148,H2011P3ES311,2011,3,ESPAÑOL,148,3,1,0,1,0,1,0,1,
LTMD_U1_W3_SPANISH_STRUCTKW_0.1,U1-H2011P3ES311-P149,H2011P3ES311,2011,3,ESPAÑOL,149,3,1,0,1,0,0,0,0,
LTMD_U1_W3_SPANISH_STRUCTKW_0.1,U1-H2011P3ES311-P150,H2011P3ES311,2011,3,ESPAÑOL,150,3,1,0,1,0,1,0,1,
LTMD_U1_W3_SPANISH_STRUCTKW_0.1,U1-H2011P3ES311-P151,H2011P3ES311,2011,3,ESPAÑOL,151,3,1,0,1,0,0,0,0,
LTMD_U1_W3_SPANISH_STRUCTKW_0.1,U1-H2011P3ES311-P152,H2011P3ES311,2011,3,ESPAÑOL,152,3,1,0,1,0,1,0,1,
LTMD_U1_W3_SPANISH_STRUCTKW_0.1,U1-H2011P3ES311-P153,H2011P3ES311,2011,3,ESPAÑOL,153,3,1,0,1,0,0,0,0,
LTMD_U1_W3_SPANISH_STRUCTKW_0.1,U1-H2011P3ES311-P154,H2011P3ES311,2011,3,ESPAÑOL,154,3,1,0,1,0,1,0,1,
LTMD_U1_W3_SPANISH_STRUCTKW_0.1,U1-H2011P3ES311-P155,H2011P3ES311,2011,3,ESPAÑOL,155,3,1,0,1,0,1,0,1,
LTMD_U1_W3_SPANISH_STRUCTKW_0.1,U1-H2011P3ES311-P156,H2011P3ES311,2011,3,ESPAÑOL,156,3,1,0,1,0,0,0,0,
LTMD_U1_W3_SPANISH_STRUCTKW_0.1,U1-H2011P3ES311-P157,H2011P3ES311,2011,3,ESPAÑOL,157,3,1,0,1,0,1,0,1,
LTMD_U1_W3_SPANISH_STRUCTKW_0.1,U1-H2011P3ES311-P158,H2011P3ES311,2011,3,ESPAÑOL,158,3,1,0,1,0,0,1,1,
LTMD_U1_W3_SPANISH_STRUCTKW_0.1,U1-H2011P3ES311-P159,H2011P3ES311,2011,3,ESPAÑOL,159,3,1,0,1,0,0,0,0,
LTMD_U1_W3_SPANISH_STRUCTKW_0.1,U1-H2011P3ES311-P160,H2011P3ES311,2011,3,ESPAÑOL,160,3,1,0,1,0,0,0,0,
LTMD_U1_W3_SPANISH_STRUCTKW_0.1,U1-H2011P3ES311-P161,H2011P3ES311,2011,3,ESPAÑOL,161,6,1,0,1,0,0,0,0,
LTMD_U1_W3_SPANISH_STRUCTKW_0.1,U1-H2011P3ES312-P001,H2011P3ES312,2011,3,ESPAÑOL LECTURAS,1,3,1,1,0,0,0,0,0,
LTMD_U1_W3_SPANISH_STRUCTKW_0.1,U1-H2011P3ES312-P002,H2011P3ES312,2011,3,ESPAÑOL LECTURAS,2,,1,1,0,0,0,0,0,
LTMD_U1_W3_SPANISH_STRUCTKW_0.1,U1-H2011P3ES312-P003,H2011P3ES312,2011,3,ESPAÑOL LECTURAS,3,3,1,1,0,0,0,0,0,
LTMD_U1_W3_SPANISH_STRUCTKW_0.1,U1-H2011P3ES312-P004,H2011P3ES312,2011,3,ESPAÑOL LECTURAS,4,3,1,1,0,0,1,5,2,
LTMD_U1_W3_SPANISH_STRUCTKW_0.1,U1-H2011P3ES312-P005,H2011P3ES312,2011,3,ESPAÑOL LECTURAS,5,3,1,1,0,1,0,1,2,
LTMD_U1_W3_SPANISH_STRUCTKW_0.1,U1-H2011P3ES312-P006,H2011P3ES312,2011,3,ESPAÑOL LECTURAS,6,3,1,1,0,0,1,0,1,
LTMD_U1_W3_SPANISH_STRUCTKW_0.1,U1-H2011P3ES312-P007,H2011P3ES312,2011,3,ESPAÑOL LECTURAS,7,3,1,1,0,0,2,0,1,
LTMD_U1_W3_SPANISH_STRUCTKW_0.1,U1-H2011P3ES312-P008,H2011P3ES312,2011,3,ESPAÑOL LECTURAS,8,3,1,1,0,0,0,0,0,
LTMD_U1_W3_SPANISH_STRUCTKW_0.1,U1-H2011P3ES312-P009,H2011P3ES312,2011,3,ESPAÑOL LECTURAS,9,3,1,1,0,0,0,0,0,
LTMD_U1_W3_SPANISH_STRUCTKW_0.1,U1-H2011P3ES312-P010,H2011P3ES312,2011,3,ESPAÑOL LECTURAS,10,3,1,1,0,0,0,0,0,
LTMD_U1_W3_SPANISH_STRUCTKW_0.1,U1-H2011P3ES312-P011,H2011P3ES312,2011,3,ESPAÑOL LECTURAS,11,3,1,1,0,0,0,0,0,
LTMD_U1_W3_SPANISH_STRUCTKW_0.1,U1-H2011P3ES312-P012,H2011P3ES312,2011,3,ESPAÑOL LECTURAS,12,3,1,1,0,0,0,0,0,
LTMD_U1_W3_SPANISH_STRUCTKW_0.1,U1-H2011P3ES312-P013,H2011P3ES312,2011,3,ESPAÑOL LECTURAS,13,6,1,1,0,0,0,0,0,
LTMD_U1_W3_SPANISH_STRUCTKW_0.1,U1-H2011P3ES312-P014,H2011P3ES312,2011,3,ESPAÑOL LECTURAS,14,3,1,1,0,0,1,0,1,
LTMD_U1_W3_SPANISH_STRUCTKW_0.1,U1-H2011P3ES312-P015,H2011P3ES312,2011,3,ESPAÑOL LECTURAS,15,3,1,1,0,0,0,0,0,
LTMD_U1_W3_SPANISH_STRUCTKW_0.1,U1-H2011P3ES312-P016,H2011P3ES312,2011,3,ESPAÑOL LECTURAS,16,3,1,1,0,0,0,0,0,
LTMD_U1_W3_SPANISH_STRUCTKW_0.1,U1-H2011P3ES312-P130,H2011P3ES312,2011,3,ESPAÑOL LECTURAS,130,3,1,0,1,0,0,0,0,
LTMD_U1_W3_SPANISH_STRUCTKW_0.1,U1-H2011P3ES312-P131,H2011P3ES312,2011,3,ESPAÑOL LECTURAS,131,3,1,0,1,0,0,0,0,
LTMD_U1_W3_SPANISH_STRUCTKW_0.1,U1-H2011P3ES312-P132,H2011P3ES312,2011,3,ESPAÑOL LECTURAS,132,3,1,0,1,0,0,0,0,
LTMD_U1_W3_SPANISH_STRUCTKW_0.1,U1-H2011P3ES312-P133,H2011P3ES312,2011,3,ESPAÑOL LECTURAS,133,3,1,0,1,0,0,0,0,
LTMD_U1_W3_SPANISH_STRUCTKW_0.1,U1-H2011P3ES312-P134,H2011P3ES312,2011,3,ESPAÑOL LECTURAS,134,3,1,0,1,0,0,0,0,
LTMD_U1_W3_SPANISH_STRUCTKW_0.1,U1-H2011P3ES312-P135,H2011P3ES312,2011,3,ESPAÑOL LECTURAS,135,3,1,0,1,0,0,0,0,
LTMD_U1_W3_SPANISH_STRUCTKW_0.1,U1-H2011P3ES312-P136,H2011P3ES312,2011,3,ESPAÑOL LECTURAS,136,3,1,0,1,0,0,0,0,
LTMD_U1_W3_SPANISH_STRUCTKW_0.1,U1-H2011P3ES312-P137,H2011P3ES312,2011,3,ESPAÑOL LECTURAS,137,3,1,0,1,0,1,0,1,
LTMD_U1_W3_SPANISH_STRUCTKW_0.1,U1-H2011P3ES312-P138,H2011P3ES312,2011,3,ESPAÑOL LECTURAS,138,3,1,0,1,0,0,1,1,
LTMD_U1_W3_SPANISH_STRUCTKW_0.1,U1-H2011P3ES312-P139,H2011P3ES312,2011,3,ESPAÑOL LECTURAS,139,3,1,0,1,0,0,0,0,
LTMD_U1_W3_SPANISH_STRUCTKW_0.1,U1-H2011P3ES312-P140,H2011P3ES312,2011,3,ESPAÑOL LECTURAS,140,3,1,0,1,0,1,1,2,
LTMD_U1_W3_SPANISH_STRUCTKW_0.1,U1-H2011P3ES312-P141,H2011P3ES312,2011,3,ESPAÑOL LECTURAS,141,3,1,0,1,0,0,0,0,
LTMD_U1_W3_SPANISH_STRUCTKW_0.1,U1-H2011P3ES312-P142,H2011P3ES312,2011,3,ESPAÑOL LECTURAS,142,3,1,0,1,0,0,0,0,
LTMD_U1_W3_SPANISH_STRUCTKW_0.1,U1-H2011P3ES312-P143,H2011P3ES312,2011,3,ESPAÑOL LECTURAS,143,3,1,0,1,0,0,0,0,
LTMD_U1_W3_SPANISH_STRUCTKW_0.1,U1-H2011P3ES312-P144,H2011P3ES312,2011,3,ESPAÑOL LECTURAS,144,6,1,0,1,0,0,0,0,
LTMD_U1_W3_SPANISH_STRUCTKW_0.1,U1-H2011P3ES312-P145,H2011P3ES312,2011,3,ESPAÑOL LECTURAS,145,6,1,0,1,0,0,0,0,
LTMD_U1_W3_SPANISH_STRUCTKW_0.1,U1-H2011P4ES319-P001,H2011P4ES319,2011,4,ESPAÑOL,1,3,1,1,0,0,0,0,0,
LTMD_U1_W3_SPANISH_STRUCTKW_0.1,U1-H2011P4ES319-P002,H2011P4ES319,2011,4,ESPAÑOL,2,3,1,1,0,0,0,7,1,
LTMD_U1_W3_SPANISH_STRUCTKW_0.1,U1-H2011P4ES319-P003,H2011P4ES319,2011,4,ESPAÑOL,3,3,1,1,0,1,1,1,3,
LTMD_U1_W3_SPANISH_STRUCTKW_0.1,U1-H2011P4ES319-P004,H2011P4ES319,2011,4,ESPAÑOL,4,3,1,1,0,1,1,0,2,
LTMD_U1_W3_SPANISH_STRUCTKW_0.1,U1-H2011P4ES319-P005,H2011P4ES319,2011,4,ESPAÑOL,5,3,1,1,0,0,0,0,0,
LTMD_U1_W3_SPANISH_STRUCTKW_0.1,U1-H2011P4ES319-P006,H2011P4ES319,2011,4,ESPAÑOL,6,3,1,1,0,2,2,0,2,
LTMD_U1_W3_SPANISH_STRUCTKW_0.1,U1-H2011P4ES319-P007,H2011P4ES319,2011,4,ESPAÑOL,7,3,1,1,0,0,1,0,1,
LTMD_U1_W3_SPANISH_STRUCTKW_0.1,U1-H2011P4ES319-P008,H2011P4ES319,2011,4,ESPAÑOL,8,3,1,1,0,0,1,0,1,
LTMD_U1_W3_SPANISH_STRUCTKW_0.1,U1-H2011P4ES319-P009,H2011P4ES319,2011,4,ESPAÑOL,9,3,1,1,0,0,1,0,1,
LTMD_U1_W3_SPANISH_STRUCTKW_0.1,U1-H2011P4ES319-P010,H2011P4ES319,2011,4,ESPAÑOL,10,3,1,1,0,0,2,0,1,
LTMD_U1_W3_SPANISH_STRUCTKW_0.1,U1-H2011P4ES319-P011,H2011P4ES319,2011,4,ESPAÑOL,11,3,1,1,0,0,1,0,1,
LTMD_U1_W3_SPANISH_STRUCTKW_0.1,U1-H2011P4ES319-P012,H2011P4ES319,2011,4,ESPAÑOL,12,3,1,1,0,0,2,0,1,
LTMD_U1_W3_SPANISH_STRUCTKW_0.1,U1-H2011P4ES319-P013,H2011P4ES319,2011,4,ESPAÑOL,13,3,1,1,0,0,2,0,1,
LTMD_U1_W3_SPANISH_STRUCTKW_0.1,U1-H2011P4ES319-P014,H2011P4ES319,2011,4,ESPAÑOL,14,3,1,1,0,0,2,0,1,
LTMD_U1_W3_SPANISH_STRUCTKW_0.1,U1-H2011P4ES319-P015,H2011P4ES319,2011,4,ESPAÑOL,15,3,1,1,0,1,1,0,2,
LTMD_U1_W3_SPANISH_STRUCTKW_0.1,U1-H2011P4ES319-P016,H2011P4ES319,2011,4,ESPAÑOL,16,3,1,1,0,0,2,0,1,
LTMD_U1_W3_SPANISH_STRUCTKW_0.1,U1-H2011P4ES319-P146,H2011P4ES319,2011,4,ESPAÑOL,146,3,1,0,1,0,1,0,1,
LTMD_U1_W3_SPANISH_STRUCTKW_0.1,U1-H2011P4ES319-P147,H2011P4ES319,2011,4,ESPAÑOL,147,3,1,0,1,0,0,0,0,
LTMD_U1_W3_SPANISH_STRUCTKW_0.1,U1-H2011P4ES319-P148,H2011P4ES319,2011,4,ESPAÑOL,148,3,1,0,1,0,0,0,0,
LTMD_U1_W3_SPANISH_STRUCTKW_0.1,U1-H2011P4ES319-P149,H2011P4ES319,2011,4,ESPAÑOL,149,3,1,0,1,0,0,0,0,
LTMD_U1_W3_SPANISH_STRUCTKW_0.1,U1-H2011P4ES319-P150,H2011P4ES319,2011,4,ESPAÑOL,150,3,1,0,1,0,1,0,1,
LTMD_U1_W3_SPANISH_STRUCTKW_0.1,U1-H2011P4ES319-P151,H2011P4ES319,2011,4,ESPAÑOL,151,3,1,0,1,0,0,0,0,
LTMD_U1_W3_SPANISH_STRUCTKW_0.1,U1-H2011P4ES319-P152,H2011P4ES319,2011,4,ESPAÑOL,152,3,1,0,1,0,1,0,1,
LTMD_U1_W3_SPANISH_STRUCTKW_0.1,U1-H2011P4ES319-P153,H2011P4ES319,2011,4,ESPAÑOL,153,3,1,0,1,0,0,0,0,
LTMD_U1_W3_SPANISH_STRUCTKW_0.1,U1-H2011P4ES319-P154,H2011P4ES319,2011,4,ESPAÑOL,154,3,1,0,1,0,0,0,0,
LTMD_U1_W3_SPANISH_STRUCTKW_0.1,U1-H2011P4ES319-P155,H2011P4ES319,2011,4,ESPAÑOL,155,3,1,0,1,0,1,0,1,
LTMD_U1_W3_SPANISH_STRUCTKW_0.1,U1-H2011P4ES319-P156,H2011P4ES319,2011,4,ESPAÑOL,156,3,1,0,1,0,0,0,0,
LTMD_U1_W3_SPANISH_STRUCTKW_0.1,U1-H2011P4ES319-P157,H2011P4ES319,2011,4,ESPAÑOL,157,3,1,0,1,0,0,0,0,
LTMD_U1_W3_SPANISH_STRUCTKW_0.1,U1-H2011P4ES319-P158,H2011P4ES319,2011,4,ESPAÑOL,158,3,1,0,1,0,0,0,0,
LTMD_U1_W3_SPANISH_STRUCTKW_0.1,U1-H2011P4ES319-P159,H2011P4ES319,2011,4,ESPAÑOL,159,3,1,0,1,0,0,0,0,
LTMD_U1_W3_SPANISH_STRUCTKW_0.1,U1-H2011P4ES319-P160,H2011P4ES319,2011,4,ESPAÑOL,160,3,1,0,1,0,0,0,0,
LTMD_U1_W3_SPANISH_STRUCTKW_0.1,U1-H2011P4ES319-P161,H2011P4ES319,2011,4,ESPAÑOL,161,11,1,0,1,0,0,0,0,
LTMD_U1_W3_SPANISH_STRUCTKW_0.1,U1-H2011P4ES320-P001,H2011P4ES320,2011,4,ESPAÑOL LECTURAS,1,3,1,1,0,0,0,0,0,
LTMD_U1_W3_SPANISH_STRUCTKW_0.1,U1-H2011P4ES320-P002,H2011P4ES320,2011,4,ESPAÑOL LECTURAS,2,,1,1,0,0,0,0,0,
LTMD_U1_W3_SPANISH_STRUCTKW_0.1,U1-H2011P4ES320-P003,H2011P4ES320,2011,4,ESPAÑOL LECTURAS,3,3,1,1,0,0,0,0,0,
LTMD_U1_W3_SPANISH_STRUCTKW_0.1,U1-H2011P4ES320-P004,H2011P4ES320,2011,4,ESPAÑOL LECTURAS,4,3,1,1,0,0,0,5,1,
LTMD_U1_W3_SPANISH_STRUCTKW_0.1,U1-H2011P4ES320-P005,H2011P4ES320,2011,4,ESPAÑOL LECTURAS,5,3,1,1,0,1,0,1,2,
LTMD_U1_W3_SPANISH_STRUCTKW_0.1,U1-H2011P4ES320-P006,H2011P4ES320,2011,4,ESPAÑOL LECTURAS,6,3,1,1,0,0,1,0,1,
LTMD_U1_W3_SPANISH_STRUCTKW_0.1,U1-H2011P4ES320-P007,H2011P4ES320,2011,4,ESPAÑOL LECTURAS,7,3,1,1,0,0,2,0,1,
LTMD_U1_W3_SPANISH_STRUCTKW_0.1,U1-H2011P4ES320-P008,H2011P4ES320,2011,4,ESPAÑOL LECTURAS,8,3,1,1,0,0,1,0,1,
LTMD_U1_W3_SPANISH_STRUCTKW_0.1,U1-H2011P4ES320-P009,H2011P4ES320,2011,4,ESPAÑOL LECTURAS,9,3,1,1,0,0,1,0,1,
LTMD_U1_W3_SPANISH_STRUCTKW_0.1,U1-H2011P4ES320-P010,H2011P4ES320,2011,4,ESPAÑOL LECTURAS,10,3,1,1,0,0,0,0,0,
LTMD_U1_W3_SPANISH_STRUCTKW_0.1,U1-H2011P4ES320-P011,H2011P4ES320,2011,4,ESPAÑOL LECTURAS,11,3,1,1,0,0,0,0,0,
LTMD_U1_W3_SPANISH_STRUCTKW_0.1,U1-H2011P4ES320-P012,H2011P4ES320,2011,4,ESPAÑOL LECTURAS,12,3,1,1,0,0,0,0,0,
LTMD_U1_W3_SPANISH_STRUCTKW_0.1,U1-H2011P4ES320-P013,H2011P4ES320,2011,4,ESPAÑOL LECTURAS,13,3,1,1,0,0,0,0,0,
LTMD_U1_W3_SPANISH_STRUCTKW_0.1,U1-H2011P4ES320-P014,H2011P4ES320,2011,4,ESPAÑOL LECTURAS,14,3,1,1,0,0,0,0,0,
LTMD_U1_W3_SPANISH_STRUCTKW_0.1,U1-H2011P4ES320-P015,H2011P4ES320,2011,4,ESPAÑOL LECTURAS,15,3,1,1,0,0,0,0,0,
LTMD_U1_W3_SPANISH_STRUCTKW_0.1,U1-H2011P4ES320-P016,H2011P4ES320,2011,4,ESPAÑOL LECTURAS,16,3,1,1,0,0,0,0,0,
LTMD_U1_W3_SPANISH_STRUCTKW_0.1,U1-H2011P4ES320-P170,H2011P4ES320,2011,4,ESPAÑOL LECTURAS,170,3,1,0,1,0,0,0,0,
LTMD_U1_W3_SPANISH_STRUCTKW_0.1,U1-H2011P4ES320-P171,H2011P4ES320,2011,4,ESPAÑOL LECTURAS,171,3,1,0,1,0,1,0,1,
LTMD_U1_W3_SPANISH_STRUCTKW_0.1,U1-H2011P4ES320-P172,H2011P4ES320,2011,4,ESPAÑOL LECTURAS,172,3,1,0,1,0,0,0,0,
LTMD_U1_W3_SPANISH_STRUCTKW_0.1,U1-H2011P4ES320-P173,H2011P4ES320,2011,4,ESPAÑOL LECTURAS,173,3,1,0,1,0,1,0,1,
LTMD_U1_W3_SPANISH_STRUCTKW_0.1,U1-H2011P4ES320-P174,H2011P4ES320,2011,4,ESPAÑOL LECTURAS,174,3,1,0,1,0,1,0,1,
LTMD_U1_W3_SPANISH_STRUCTKW_0.1,U1-H2011P4ES320-P175,H2011P4ES320,2011,4,ESPAÑOL LECTURAS,175,3,1,0,1,0,1,0,1,
LTMD_U1_W3_SPANISH_STRUCTKW_0.1,U1-H2011P4ES320-P176,H2011P4ES320,2011,4,ESPAÑOL LECTURAS,176,3,1,0,1,0,1,0,1,
LTMD_U1_W3_SPANISH_STRUCTKW_0.1,U1-H2011P4ES320-P177,H2011P4ES320,2011,4,ESPAÑOL LECTURAS,177,3,1,0,1,0,0,1,1,
LTMD_U1_W3_SPANISH_STRUCTKW_0.1,U1-H2011P4ES320-P178,H2011P4ES320,2011,4,ESPAÑOL LECTURAS,178,3,1,0,1,0,0,0,0,
LTMD_U1_W3_SPANISH_STRUCTKW_0.1,U1-H2011P4ES320-P179,H2011P4ES320,2011,4,ESPAÑOL LECTURAS,179,3,1,0,1,0,0,0,0,
LTMD_U1_W3_SPANISH_STRUCTKW_0.1,U1-H2011P4ES320-P180,H2011P4ES320,2011,4,ESPAÑOL LECTURAS,180,3,1,0,1,0,1,1,2,
LTMD_U1_W3_SPANISH_STRUCTKW_0.1,U1-H2011P4ES320-P181,H2011P4ES320,2011,4,ESPAÑOL LECTURAS,181,3,1,0,1,0,0,0,0,
LTMD_U1_W3_SPANISH_STRUCTKW_0.1,U1-H2011P4ES320-P182,H2011P4ES320,2011,4,ESPAÑOL LECTURAS,182,3,1,0,1,0,0,0,0,
LTMD_U1_W3_SPANISH_STRUCTKW_0.1,U1-H2011P4ES320-P183,H2011P4ES320,2011,4,ESPAÑOL LECTURAS,183,3,1,0,1,0,0,0,0,
LTMD_U1_W3_SPANISH_STRUCTKW_0.1,U1-H2011P4ES320-P184,H2011P4ES320,2011,4,ESPAÑOL LECTURAS,184,6,1,0,1,0,0,0,0,
LTMD_U1_W3_SPANISH_STRUCTKW_0.1,U1-H2011P4ES320-P185,H2011P4ES320,2011,4,ESPAÑOL LECTURAS,185,6,1,0,1,0,0,0,0,
LTMD_U1_W3_SPANISH_STRUCTKW_0.1,U1-H2011P5ES329-P001,H2011P5ES329,2011,5,ESPAÑOL,1,6,1,1,0,0,0,0,0,
LTMD_U1_W3_SPANISH_STRUCTKW_0.1,U1-H2011P5ES329-P002,H2011P5ES329,2011,5,ESPAÑOL,2,3,1,1,0,0,0,1,1,
LTMD_U1_W3_SPANISH_STRUCTKW_0.1,U1-H2011P5ES329-P003,H2011P5ES329,2011,5,ESPAÑOL,3,3,1,1,0,0,0,9,1,
LTMD_U1_W3_SPANISH_STRUCTKW_0.1,U1-H2011P5ES329-P004,H2011P5ES329,2011,5,ESPAÑOL,4,3,1,1,0,1,1,1,3,
LTMD_U1_W3_SPANISH_STRUCTKW_0.1,U1-H2011P5ES329-P005,H2011P5ES329,2011,5,ESPAÑOL,5,3,1,1,0,1,1,0,2,
LTMD_U1_W3_SPANISH_STRUCTKW_0.1,U1-H2011P5ES329-P006,H2011P5ES329,2011,5,ESPAÑOL,6,3,1,1,0,0,1,0,1,
LTMD_U1_W3_SPANISH_STRUCTKW_0.1,U1-H2011P5ES329-P007,H2011P5ES329,2011,5,ESPAÑOL,7,3,1,1,0,2,2,0,2,
LTMD_U1_W3_SPANISH_STRUCTKW_0.1,U1-H2011P5ES329-P008,H2011P5ES329,2011,5,ESPAÑOL,8,3,1,1,0,0,1,1,2,
LTMD_U1_W3_SPANISH_STRUCTKW_0.1,U1-H2011P5ES329-P009,H2011P5ES329,2011,5,ESPAÑOL,9,3,1,1,0,0,0,0,0,
LTMD_U1_W3_SPANISH_STRUCTKW_0.1,U1-H2011P5ES329-P010,H2011P5ES329,2011,5,ESPAÑOL,10,3,1,1,0,0,0,0,0,
LTMD_U1_W3_SPANISH_STRUCTKW_0.1,U1-H2011P5ES329-P011,H2011P5ES329,2011,5,ESPAÑOL,11,3,1,1,0,0,0,0,0,
LTMD_U1_W3_SPANISH_STRUCTKW_0.1,U1-H2011P5ES329-P012,H2011P5ES329,2011,5,ESPAÑOL,12,3,1,1,0,0,0,0,0,
LTMD_U1_W3_SPANISH_STRUCTKW_0.1,U1-H2011P5ES329-P013,H2011P5ES329,2011,5,ESPAÑOL,13,3,1,1,0,0,1,0,1,
LTMD_U1_W3_SPANISH_STRUCTKW_0.1,U1-H2011P5ES329-P014,H2011P5ES329,2011,5,ESPAÑOL,14,3,1,1,0,0,0,0,0,
LTMD_U1_W3_SPANISH_STRUCTKW_0.1,U1-H2011P5ES329-P015,H2011P5ES329,2011,5,ESPAÑOL,15,3,1,1,0,0,0,0,0,
LTMD_U1_W3_SPANISH_STRUCTKW_0.1,U1-H2011P5ES329-P016,H2011P5ES329,2011,5,ESPAÑOL,16,3,1,1,0,0,1,0,1,
LTMD_U1_W3_SPANISH_STRUCTKW_0.1,U1-H2011P5ES329-P162,H2011P5ES329,2011,5,ESPAÑOL,162,3,1,0,1,0,1,0,1,
LTMD_U1_W3_SPANISH_STRUCTKW_0.1,U1-H2011P5ES329-P163,H2011P5ES329,2011,5,ESPAÑOL,163,3,1,0,1,0,1,0,1,
LTMD_U1_W3_SPANISH_STRUCTKW_0.1,U1-H2011P5ES329-P164,H2011P5ES329,2011,5,ESPAÑOL,164,3,1,0,1,0,0,0,0,
LTMD_U1_W3_SPANISH_STRUCTKW_0.1,U1-H2011P5ES329-P165,H2011P5ES329,2011,5,ESPAÑOL,165,3,1,0,1,0,2,0,1,
LTMD_U1_W3_SPANISH_STRUCTKW_0.1,U1-H2011P5ES329-P166,H2011P5ES329,2011,5,ESPAÑOL,166,3,1,0,1,0,0,0,0,
LTMD_U1_W3_SPANISH_STRUCTKW_0.1,U1-H2011P5ES329-P167,H2011P5ES329,2011,5,ESPAÑOL,167,3,1,0,1,0,2,0,1,
LTMD_U1_W3_SPANISH_STRUCTKW_0.1,U1-H2011P5ES329-P168,H2011P5ES329,2011,5,ESPAÑOL,168,3,1,0,1,0,0,0,0,
LTMD_U1_W3_SPANISH_STRUCTKW_0.1,U1-H2011P5ES329-P169,H2011P5ES329,2011,5,ESPAÑOL,169,3,1,0,1,0,1,0,1,
LTMD_U1_W3_SPANISH_STRUCTKW_0.1,U1-H2011P5ES329-P170,H2011P5ES329,2011,5,ESPAÑOL,170,3,1,0,1,0,0,0,0,
LTMD_U1_W3_SPANISH_STRUCTKW_0.1,U1-H2011P5ES329-P171,H2011P5ES329,2011,5,ESPAÑOL,171,3,1,0,1,0,1,0,1,
LTMD_U1_W3_SPANISH_STRUCTKW_0.1,U1-H2011P5ES329-P172,H2011P5ES329,2011,5,ESPAÑOL,172,3,1,0,1,0,1,0,1,
LTMD_U1_W3_SPANISH_STRUCTKW_0.1,U1-H2011P5ES329-P173,H2011P5ES329,2011,5,ESPAÑOL,173,3,1,0,1,0,0,1,1,
LTMD_U1_W3_SPANISH_STRUCTKW_0.1,U1-H2011P5ES329-P174,H2011P5ES329,2011,5,ESPAÑOL,174,3,1,0,1,1,0,1,2,
LTMD_U1_W3_SPANISH_STRUCTKW_0.1,U1-H2011P5ES329-P175,H2011P5ES329,2011,5,ESPAÑOL,175,3,1,0,1,0,0,0,0,
LTMD_U1_W3_SPANISH_STRUCTKW_0.1,U1-H2011P5ES329-P176,H2011P5ES329,2011,5,ESPAÑOL,176,3,1,0,1,0,2,0,1,
LTMD_U1_W3_SPANISH_STRUCTKW_0.1,U1-H2011P5ES329-P177,H2011P5ES329,2011,5,ESPAÑOL,177,3,1,0,1,0,0,0,0,
LTMD_U1_W3_SPANISH_STRUCTKW_0.1,U1-H2011P5ES330-P001,H2011P5ES330,2011,5,ESPAÑOL LECTURAS,1,3,1,1,0,0,0,0,0,
LTMD_U1_W3_SPANISH_STRUCTKW_0.1,U1-H2011P5ES330-P002,H2011P5ES330,2011,5,ESPAÑOL LECTURAS,2,,1,1,0,0,0,0,0,
LTMD_U1_W3_SPANISH_STRUCTKW_0.1,U1-H2011P5ES330-P003,H2011P5ES330,2011,5,ESPAÑOL LECTURAS,3,3,1,1,0,0,0,0,0,
LTMD_U1_W3_SPANISH_STRUCTKW_0.1,U1-H2011P5ES330-P004,H2011P5ES330,2011,5,ESPAÑOL LECTURAS,4,3,1,1,0,0,0,5,1,
LTMD_U1_W3_SPANISH_STRUCTKW_0.1,U1-H2011P5ES330-P005,H2011P5ES330,2011,5,ESPAÑOL LECTURAS,5,3,1,1,0,1,0,1,2,
LTMD_U1_W3_SPANISH_STRUCTKW_0.1,U1-H2011P5ES330-P006,H2011P5ES330,2011,5,ESPAÑOL LECTURAS,6,3,1,1,0,0,1,0,1,
LTMD_U1_W3_SPANISH_STRUCTKW_0.1,U1-H2011P5ES330-P007,H2011P5ES330,2011,5,ESPAÑOL LECTURAS,7,3,1,1,0,0,2,0,1,
LTMD_U1_W3_SPANISH_STRUCTKW_0.1,U1-H2011P5ES330-P008,H2011P5ES330,2011,5,ESPAÑOL LECTURAS,8,3,1,1,0,0,0,0,0,
LTMD_U1_W3_SPANISH_STRUCTKW_0.1,U1-H2011P5ES330-P009,H2011P5ES330,2011,5,ESPAÑOL LECTURAS,9,3,1,1,0,0,0,0,0,
LTMD_U1_W3_SPANISH_STRUCTKW_0.1,U1-H2011P5ES330-P010,H2011P5ES330,2011,5,ESPAÑOL LECTURAS,10,3,1,1,0,0,0,0,0,
LTMD_U1_W3_SPANISH_STRUCTKW_0.1,U1-H2011P5ES330-P011,H2011P5ES330,2011,5,ESPAÑOL LECTURAS,11,3,1,1,0,0,0,0,0,
LTMD_U1_W3_SPANISH_STRUCTKW_0.1,U1-H2011P5ES330-P012,H2011P5ES330,2011,5,ESPAÑOL LECTURAS,12,3,1,1,0,0,0,0,0,
LTMD_U1_W3_SPANISH_STRUCTKW_0.1,U1-H2011P5ES330-P013,H2011P5ES330,2011,5,ESPAÑOL LECTURAS,13,3,1,1,0,0,0,0,0,
LTMD_U1_W3_SPANISH_STRUCTKW_0.1,U1-H2011P5ES330-P014,H2011P5ES330,2011,5,ESPAÑOL LECTURAS,14,3,1,1,0,0,0,0,0,
LTMD_U1_W3_SPANISH_STRUCTKW_0.1,U1-H2011P5ES330-P015,H2011P5ES330,2011,5,ESPAÑOL LECTURAS,15,3,1,1,0,0,0,0,0,
LTMD_U1_W3_SPANISH_STRUCTKW_0.1,U1-H2011P5ES330-P016,H2011P5ES330,2011,5,ESPAÑOL LECTURAS,16,3,1,1,0,0,0,0,0,
LTMD_U1_W3_SPANISH_STRUCTKW_0.1,U1-H2011P5ES330-P170,H2011P5ES330,2011,5,ESPAÑOL LECTURAS,170,3,1,0,1,0,0,0,0,
LTMD_U1_W3_SPANISH_STRUCTKW_0.1,U1-H2011P5ES330-P171,H2011P5ES330,2011,5,ESPAÑOL LECTURAS,171,3,1,0,1,0,0,0,0,
LTMD_U1_W3_SPANISH_STRUCTKW_0.1,U1-H2011P5ES330-P172,H2011P5ES330,2011,5,ESPAÑOL LECTURAS,172,3,1,0,1,0,0,0,0,
LTMD_U1_W3_SPANISH_STRUCTKW_0.1,U1-H2011P5ES330-P173,H2011P5ES330,2011,5,ESPAÑOL LECTURAS,173,3,1,0,1,0,1,0,1,
LTMD_U1_W3_SPANISH_STRUCTKW_0.1,U1-H2011P5ES330-P174,H2011P5ES330,2011,5,ESPAÑOL LECTURAS,174,3,1,0,1,0,0,0,0,
LTMD_U1_W3_SPANISH_STRUCTKW_0.1,U1-H2011P5ES330-P175,H2011P5ES330,2011,5,ESPAÑOL LECTURAS,175,3,1,0,1,0,0,0,0,
LTMD_U1_W3_SPANISH_STRUCTKW_0.1,U1-H2011P5ES330-P176,H2011P5ES330,2011,5,ESPAÑOL LECTURAS,176,3,1,0,1,0,1,0,1,
LTMD_U1_W3_SPANISH_STRUCTKW_0.1,U1-H2011P5ES330-P177,H2011P5ES330,2011,5,ESPAÑOL LECTURAS,177,3,1,0,1,0,1,0,1,
LTMD_U1_W3_SPANISH_STRUCTKW_0.1,U1-H2011P5ES330-P178,H2011P5ES330,2011,5,ESPAÑOL LECTURAS,178,3,1,0,1,0,2,1,2,
LTMD_U1_W3_SPANISH_STRUCTKW_0.1,U1-H2011P5ES330-P179,H2011P5ES330,2011,5,ESPAÑOL LECTURAS,179,3,1,0,1,0,0,0,0,
LTMD_U1_W3_SPANISH_STRUCTKW_0.1,U1-H2011P5ES330-P180,H2011P5ES330,2011,5,ESPAÑOL LECTURAS,180,3,1,0,1,0,1,1,2,
LTMD_U1_W3_SPANISH_STRUCTKW_0.1,U1-H2011P5ES330-P181,H2011P5ES330,2011,5,ESPAÑOL LECTURAS,181,3,1,0,1,0,0,0,0,
LTMD_U1_W3_SPANISH_STRUCTKW_0.1,U1-H2011P5ES330-P182,H2011P5ES330,2011,5,ESPAÑOL LECTURAS,182,3,1,0,1,0,0,0,0,
LTMD_U1_W3_SPANISH_STRUCTKW_0.1,U1-H2011P5ES330-P183,H2011P5ES330,2011,5,ESPAÑOL LECTURAS,183,3,1,0,1,0,0,0,0,
LTMD_U1_W3_SPANISH_STRUCTKW_0.1,U1-H2011P5ES330-P184,H2011P5ES330,2011,5,ESPAÑOL LECTURAS,184,6,1,0,1,0,0,0,0,
LTMD_U1_W3_SPANISH_STRUCTKW_0.1,U1-H2011P5ES330-P185,H2011P5ES330,2011,5,ESPAÑOL LECTURAS,185,6,1,0,1,0,0,0,0,
LTMD_U1_W3_SPANISH_STRUCTKW_0.1,U1-H2011P6ES339-P001,H2011P6ES339,2011,6,ESPAÑOL,1,6,1,1,0,0,0,0,0,
LTMD_U1_W3_SPANISH_STRUCTKW_0.1,U1-H2011P6ES339-P002,H2011P6ES339,2011,6,ESPAÑOL,2,3,1,1,0,0,0,6,1,
LTMD_U1_W3_SPANISH_STRUCTKW_0.1,U1-H2011P6ES339-P003,H2011P6ES339,2011,6,ESPAÑOL,3,3,1,1,0,1,1,1,3,
LTMD_U1_W3_SPANISH_STRUCTKW_0.1,U1-H2011P6ES339-P004,H2011P6ES339,2011,6,ESPAÑOL,4,3,1,1,0,1,3,0,2,
LTMD_U1_W3_SPANISH_STRUCTKW_0.1,U1-H2011P6ES339-P005,H2011P6ES339,2011,6,ESPAÑOL,5,3,1,1,0,0,2,0,1,
LTMD_U1_W3_SPANISH_STRUCTKW_0.1,U1-H2011P6ES339-P006,H2011P6ES339,2011,6,ESPAÑOL,6,3,1,1,0,1,1,0,2,
LTMD_U1_W3_SPANISH_STRUCTKW_0.1,U1-H2011P6ES339-P007,H2011P6ES339,2011,6,ESPAÑOL,7,3,1,1,0,0,1,1,2,
LTMD_U1_W3_SPANISH_STRUCTKW_0.1,U1-H2011P6ES339-P008,H2011P6ES339,2011,6,ESPAÑOL,8,3,1,1,0,0,0,0,0,
LTMD_U1_W3_SPANISH_STRUCTKW_0.1,U1-H2011P6ES339-P009,H2011P6ES339,2011,6,ESPAÑOL,9,3,1,1,0,2,3,0,2,
LTMD_U1_W3_SPANISH_STRUCTKW_0.1,U1-H2011P6ES339-P010,H2011P6ES339,2011,6,ESPAÑOL,10,3,1,1,0,0,1,0,1,
LTMD_U1_W3_SPANISH_STRUCTKW_0.1,U1-H2011P6ES339-P011,H2011P6ES339,2011,6,ESPAÑOL,11,3,1,1,0,0,0,0,0,
LTMD_U1_W3_SPANISH_STRUCTKW_0.1,U1-H2011P6ES339-P012,H2011P6ES339,2011,6,ESPAÑOL,12,3,1,1,0,1,0,0,1,
LTMD_U1_W3_SPANISH_STRUCTKW_0.1,U1-H2011P6ES339-P013,H2011P6ES339,2011,6,ESPAÑOL,13,3,1,1,0,1,1,0,2,
LTMD_U1_W3_SPANISH_STRUCTKW_0.1,U1-H2011P6ES339-P014,H2011P6ES339,2011,6,ESPAÑOL,14,3,1,1,0,1,0,0,1,
LTMD_U1_W3_SPANISH_STRUCTKW_0.1,U1-H2011P6ES339-P015,H2011P6ES339,2011,6,ESPAÑOL,15,3,1,1,0,2,2,0,2,
LTMD_U1_W3_SPANISH_STRUCTKW_0.1,U1-H2011P6ES339-P016,H2011P6ES339,2011,6,ESPAÑOL,16,3,1,1,0,0,1,0,1,
LTMD_U1_W3_SPANISH_STRUCTKW_0.1,U1-H2011P6ES339-P170,H2011P6ES339,2011,6,ESPAÑOL,170,3,1,0,1,0,0,0,0,
LTMD_U1_W3_SPANISH_STRUCTKW_0.1,U1-H2011P6ES339-P171,H2011P6ES339,2011,6,ESPAÑOL,171,3,1,0,1,0,0,0,0,
LTMD_U1_W3_SPANISH_STRUCTKW_0.1,U1-H2011P6ES339-P172,H2011P6ES339,2011,6,ESPAÑOL,172,3,1,0,1,0,0,0,0,
LTMD_U1_W3_SPANISH_STRUCTKW_0.1,U1-H2011P6ES339-P173,H2011P6ES339,2011,6,ESPAÑOL,173,3,1,0,1,1,0,0,1,
LTMD_U1_W3_SPANISH_STRUCTKW_0.1,U1-H2011P6ES339-P174,H2011P6ES339,2011,6,ESPAÑOL,174,3,1,0,1,1,0,0,1,
LTMD_U1_W3_SPANISH_STRUCTKW_0.1,U1-H2011P6ES339-P175,H2011P6ES339,2011,6,ESPAÑOL,175,3,1,0,1,1,0,0,1,
LTMD_U1_W3_SPANISH_STRUCTKW_0.1,U1-H2011P6ES339-P176,H2011P6ES339,2011,6,ESPAÑOL,176,3,1,0,1,1,3,0,2,
LTMD_U1_W3_SPANISH_STRUCTKW_0.1,U1-H2011P6ES339-P177,H2011P6ES339,2011,6,ESPAÑOL,177,3,1,0,1,0,1,0,1,
LTMD_U1_W3_SPANISH_STRUCTKW_0.1,U1-H2011P6ES339-P178,H2011P6ES339,2011,6,ESPAÑOL,178,3,1,0,1,0,1,0,1,
LTMD_U1_W3_SPANISH_STRUCTKW_0.1,U1-H2011P6ES339-P179,H2011P6ES339,2011,6,ESPAÑOL,179,3,1,0,1,0,0,0,0,
LTMD_U1_W3_SPANISH_STRUCTKW_0.1,U1-H2011P6ES339-P180,H2011P6ES339,2011,6,ESPAÑOL,180,,1,0,1,0,0,0,0,
LTMD_U1_W3_SPANISH_STRUCTKW_0.1,U1-H2011P6ES339-P181,H2011P6ES339,2011,6,ESPAÑOL,181,3,1,0,1,0,1,1,2,
LTMD_U1_W3_SPANISH_STRUCTKW_0.1,U1-H2011P6ES339-P182,H2011P6ES339,2011,6,ESPAÑOL,182,3,1,0,1,0,0,0,0,
LTMD_U1_W3_SPANISH_STRUCTKW_0.1,U1-H2011P6ES339-P183,H2011P6ES339,2011,6,ESPAÑOL,183,3,1,0,1,0,2,0,1,
LTMD_U1_W3_SPANISH_STRUCTKW_0.1,U1-H2011P6ES339-P184,H2011P6ES339,2011,6,ESPAÑOL,184,3,1,0,1,0,0,0,0,
LTMD_U1_W3_SPANISH_STRUCTKW_0.1,U1-H2011P6ES339-P185,H2011P6ES339,2011,6,ESPAÑOL,185,6,1,0,1,0,0,0,0,
LTMD_U1_W3_SPANISH_STRUCTKW_0.1,U1-H2011P6ES340-P001,H2011P6ES340,2011,6,ESPAÑOL LECTURAS,1,3,1,1,0,0,0,0,0,
LTMD_U1_W3_SPANISH_STRUCTKW_0.1,U1-H2011P6ES340-P002,H2011P6ES340,2011,6,ESPAÑOL LECTURAS,2,,1,1,0,0,0,0,0,
LTMD_U1_W3_SPANISH_STRUCTKW_0.1,U1-H2011P6ES340-P003,H2011P6ES340,2011,6,ESPAÑOL LECTURAS,3,3,1,1,0,0,0,0,0,
LTMD_U1_W3_SPANISH_STRUCTKW_0.1,U1-H2011P6ES340-P004,H2011P6ES340,2011,6,ESPAÑOL LECTURAS,4,3,1,1,0,0,0,5,1,
LTMD_U1_W3_SPANISH_STRUCTKW_0.1,U1-H2011P6ES340-P005,H2011P6ES340,2011,6,ESPAÑOL LECTURAS,5,3,1,1,0,1,0,1,2,
LTMD_U1_W3_SPANISH_STRUCTKW_0.1,U1-H2011P6ES340-P006,H2011P6ES340,2011,6,ESPAÑOL LECTURAS,6,3,1,1,0,0,1,0,1,
LTMD_U1_W3_SPANISH_STRUCTKW_0.1,U1-H2011P6ES340-P007,H2011P6ES340,2011,6,ESPAÑOL LECTURAS,7,3,1,1,0,0,2,0,1,
LTMD_U1_W3_SPANISH_STRUCTKW_0.1,U1-H2011P6ES340-P008,H2011P6ES340,2011,6,ESPAÑOL LECTURAS,8,6,1,1,0,0,0,0,0,
LTMD_U1_W3_SPANISH_STRUCTKW_0.1,U1-H2011P6ES340-P009,H2011P6ES340,2011,6,ESPAÑOL LECTURAS,9,3,1,1,0,0,1,0,1,
LTMD_U1_W3_SPANISH_STRUCTKW_0.1,U1-H2011P6ES340-P010,H2011P6ES340,2011,6,ESPAÑOL LECTURAS,10,3,1,1,0,0,0,0,0,
LTMD_U1_W3_SPANISH_STRUCTKW_0.1,U1-H2011P6ES340-P011,H2011P6ES340,2011,6,ESPAÑOL LECTURAS,11,3,1,1,0,0,0,0,0,
LTMD_U1_W3_SPANISH_STRUCTKW_0.1,U1-H2011P6ES340-P012,H2011P6ES340,2011,6,ESPAÑOL LECTURAS,12,3,1,1,0,0,0,0,0,
LTMD_U1_W3_SPANISH_STRUCTKW_0.1,U1-H2011P6ES340-P013,H2011P6ES340,2011,6,ESPAÑOL LECTURAS,13,6,1,1,0,0,0,0,0,
LTMD_U1_W3_SPANISH_STRUCTKW_0.1,U1-H2011P6ES340-P014,H2011P6ES340,2011,6,ESPAÑOL LECTURAS,14,6,1,1,0,0,0,0,0,
LTMD_U1_W3_SPANISH_STRUCTKW_0.1,U1-H2011P6ES340-P015,H2011P6ES340,2011,6,ESPAÑOL LECTURAS,15,3,1,1,0,0,0,0,0,
LTMD_U1_W3_SPANISH_STRUCTKW_0.1,U1-H2011P6ES340-P016,H2011P6ES340,2011,6,ESPAÑOL LECTURAS,16,3,1,1,0,0,0,0,0,
LTMD_U1_W3_SPANISH_STRUCTKW_0.1,U1-H2011P6ES340-P194,H2011P6ES340,2011,6,ESPAÑOL LECTURAS,194,11,1,0,1,0,0,0,0,
LTMD_U1_W3_SPANISH_STRUCTKW_0.1,U1-H2011P6ES340-P195,H2011P6ES340,2011,6,ESPAÑOL LECTURAS,195,3,1,0,1,0,0,0,0,
LTMD_U1_W3_SPANISH_STRUCTKW_0.1,U1-H2011P6ES340-P196,H2011P6ES340,2011,6,ESPAÑOL LECTURAS,196,3,1,0,1,0,0,0,0,
LTMD_U1_W3_SPANISH_STRUCTKW_0.1,U1-H2011P6ES340-P197,H2011P6ES340,2011,6,ESPAÑOL LECTURAS,197,3,1,0,1,0,2,0,1,
LTMD_U1_W3_SPANISH_STRUCTKW_0.1,U1-H2011P6ES340-P198,H2011P6ES340,2011,6,ESPAÑOL LECTURAS,198,3,1,0,1,0,0,0,0,
LTMD_U1_W3_SPANISH_STRUCTKW_0.1,U1-H2011P6ES340-P199,H2011P6ES340,2011,6,ESPAÑOL LECTURAS,199,3,1,0,1,0,1,0,1,
LTMD_U1_W3_SPANISH_STRUCTKW_0.1,U1-H2011P6ES340-P200,H2011P6ES340,2011,6,ESPAÑOL LECTURAS,200,3,1,0,1,0,1,0,1,
LTMD_U1_W3_SPANISH_STRUCTKW_0.1,U1-H2011P6ES340-P201,H2011P6ES340,2011,6,ESPAÑOL LECTURAS,201,3,1,0,1,0,1,1,2,
LTMD_U1_W3_SPANISH_STRUCTKW_0.1,U1-H2011P6ES340-P202,H2011P6ES340,2011,6,ESPAÑOL LECTURAS,202,3,1,0,1,0,0,0,0,
LTMD_U1_W3_SPANISH_STRUCTKW_0.1,U1-H2011P6ES340-P203,H2011P6ES340,2011,6,ESPAÑOL LECTURAS,203,3,1,0,1,0,0,0,0,
LTMD_U1_W3_SPANISH_STRUCTKW_0.1,U1-H2011P6ES340-P204,H2011P6ES340,2011,6,ESPAÑOL LECTURAS,204,3,1,0,1,0,1,1,2,
LTMD_U1_W3_SPANISH_STRUCTKW_0.1,U1-H2011P6ES340-P205,H2011P6ES340,2011,6,ESPAÑOL LECTURAS,205,3,1,0,1,0,0,0,0,
LTMD_U1_W3_SPANISH_STRUCTKW_0.1,U1-H2011P6ES340-P206,H2011P6ES340,2011,6,ESPAÑOL LECTURAS,206,3,1,0,1,0,0,0,0,
LTMD_U1_W3_SPANISH_STRUCTKW_0.1,U1-H2011P6ES340-P207,H2011P6ES340,2011,6,ESPAÑOL LECTURAS,207,3,1,0,1,0,0,0,0,
LTMD_U1_W3_SPANISH_STRUCTKW_0.1,U1-H2011P6ES340-P208,H2011P6ES340,2011,6,ESPAÑOL LECTURAS,208,6,1,0,1,0,0,0,0,
LTMD_U1_W3_SPANISH_STRUCTKW_0.1,U1-H2011P6ES340-P209,H2011P6ES340,2011,6,ESPAÑOL LECTURAS,209,6,1,0,1,0,0,0,0,
LTMD_U1_W3_SPANISH_STRUCTKW_0.1,U1-H2014P1ESA-P001,H2014P1ESA,2014,1,Español. Libro para el alumno,1,6,1,1,0,0,0,0,0,
LTMD_U1_W3_SPANISH_STRUCTKW_0.1,U1-H2014P1ESA-P002,H2014P1ESA,2014,1,Español. Libro para el alumno,2,,1,1,0,0,0,0,0,
LTMD_U1_W3_SPANISH_STRUCTKW_0.1,U1-H2014P1ESA-P003,H2014P1ESA,2014,1,Español. Libro para el alumno,3,3,1,1,0,0,0,0,0,
LTMD_U1_W3_SPANISH_STRUCTKW_0.1,U1-H2014P1ESA-P004,H2014P1ESA,2014,1,Español. Libro para el alumno,4,3,1,1,0,0,0,7,1,
LTMD_U1_W3_SPANISH_STRUCTKW_0.1,U1-H2014P1ESA-P005,H2014P1ESA,2014,1,Español. Libro para el alumno,5,3,1,1,0,0,2,1,2,
LTMD_U1_W3_SPANISH_STRUCTKW_0.1,U1-H2014P1ESA-P006,H2014P1ESA,2014,1,Español. Libro para el alumno,6,3,1,1,0,0,1,0,1,
LTMD_U1_W3_SPANISH_STRUCTKW_0.1,U1-H2014P1ESA-P007,H2014P1ESA,2014,1,Español. Libro para el alumno,7,3,1,1,0,0,1,0,1,
LTMD_U1_W3_SPANISH_STRUCTKW_0.1,U1-H2014P1ESA-P008,H2014P1ESA,2014,1,Español. Libro para el alumno,8,6,1,1,0,0,0,0,0,
LTMD_U1_W3_SPANISH_STRUCTKW_0.1,U1-H2014P1ESA-P009,H2014P1ESA,2014,1,Español. Libro para el alumno,9,3,1,1,0,0,0,0,0,
LTMD_U1_W3_SPANISH_STRUCTKW_0.1,U1-H2014P1ESA-P010,H2014P1ESA,2014,1,Español. Libro para el alumno,10,3,1,1,0,0,0,0,0,
LTMD_U1_W3_SPANISH_STRUCTKW_0.1,U1-H2014P1ESA-P011,H2014P1ESA,2014,1,Español. Libro para el alumno,11,3,1,1,0,0,1,0,1,
LTMD_U1_W3_SPANISH_STRUCTKW_0.1,U1-H2014P1ESA-P012,H2014P1ESA,2014,1,Español. Libro para el alumno,12,3,1,1,0,0,0,0,0,
LTMD_U1_W3_SPANISH_STRUCTKW_0.1,U1-H2014P1ESA-P013,H2014P1ESA,2014,1,Español. Libro para el alumno,13,3,1,1,0,0,1,0,1,
LTMD_U1_W3_SPANISH_STRUCTKW_0.1,U1-H2014P1ESA-P014,H2014P1ESA,2014,1,Español. Libro para el alumno,14,3,1,1,0,0,1,0,1,
LTMD_U1_W3_SPANISH_STRUCTKW_0.1,U1-H2014P1ESA-P015,H2014P1ESA,2014,1,Español. Libro para el alumno,15,3,1,1,0,0,0,0,0,
LTMD_U1_W3_SPANISH_STRUCTKW_0.1,U1-H2014P1ESA-P016,H2014P1ESA,2014,1,Español. Libro para el alumno,16,3,1,1,0,0,1,0,1,
LTMD_U1_W3_SPANISH_STRUCTKW_0.1,U1-H2014P1ESA-P218,H2014P1ESA,2014,1,Español. Libro para el alumno,218,3,1,0,1,0,0,0,0,
LTMD_U1_W3_SPANISH_STRUCTKW_0.1,U1-H2014P1ESA-P219,H2014P1ESA,2014,1,Español. Libro para el alumno,219,3,1,0,1,0,0,0,0,
LTMD_U1_W3_SPANISH_STRUCTKW_0.1,U1-H2014P1ESA-P220,H2014P1ESA,2014,1,Español. Libro para el alumno,220,,1,0,1,0,0,0,0,
LTMD_U1_W3_SPANISH_STRUCTKW_0.1,U1-H2014P1ESA-P221,H2014P1ESA,2014,1,Español. Libro para el alumno,221,3,1,0,1,0,0,0,0,
LTMD_U1_W3_SPANISH_STRUCTKW_0.1,U1-H2014P1ESA-P222,H2014P1ESA,2014,1,Español. Libro para el alumno,222,,1,0,1,0,0,0,0,
LTMD_U1_W3_SPANISH_STRUCTKW_0.1,U1-H2014P1ESA-P223,H2014P1ESA,2014,1,Español. Libro para el alumno,223,3,1,0,1,0,0,0,0,
LTMD_U1_W3_SPANISH_STRUCTKW_0.1,U1-H2014P1ESA-P224,H2014P1ESA,2014,1,Español. Libro para el alumno,224,,1,0,1,0,0,0,0,
LTMD_U1_W3_SPANISH_STRUCTKW_0.1,U1-H2014P1ESA-P225,H2014P1ESA,2014,1,Español. Libro para el alumno,225,3,1,0,1,0,0,0,0,
LTMD_U1_W3_SPANISH_STRUCTKW_0.1,U1-H2014P1ESA-P226,H2014P1ESA,2014,1,Español. Libro para el alumno,226,,1,0,1,0,0,0,0,
LTMD_U1_W3_SPANISH_STRUCTKW_0.1,U1-H2014P1ESA-P227,H2014P1ESA,2014,1,Español. Libro para el alumno,227,3,1,0,1,0,0,0,0,
LTMD_U1_W3_SPANISH_STRUCTKW_0.1,U1-H2014P1ESA-P228,H2014P1ESA,2014,1,Español. Libro para el alumno,228,,1,0,1,0,0,0,0,
LTMD_U1_W3_SPANISH_STRUCTKW_0.1,U1-H2014P1ESA-P229,H2014P1ESA,2014,1,Español. Libro para el alumno,229,3,1,0,1,0,0,0,0,
LTMD_U1_W3_SPANISH_STRUCTKW_0.1,U1-H2014P1ESA-P230,H2014P1ESA,2014,1,Español. Libro para el alumno,230,,1,0,1,0,0,0,0,
LTMD_U1_W3_SPANISH_STRUCTKW_0.1,U1-H2014P1ESA-P231,H2014P1ESA,2014,1,Español. Libro para el alumno,231,,1,0,1,0,0,0,0,
LTMD_U1_W3_SPANISH_STRUCTKW_0.1,U1-H2014P1ESA-P232,H2014P1ESA,2014,1,Español. Libro para el alumno,232,,1,0,1,0,0,0,0,
LTMD_U1_W3_SPANISH_STRUCTKW_0.1,U1-H2014P1ESA-P233,H2014P1ESA,2014,1,Español. Libro para el alumno,233,6,1,0,1,0,0,0,0,
LTMD_U1_W3_SPANISH_STRUCTKW_0.1,U1-H2014P1ESM-P001,H2014P1ESM,2014,1,Español. Libro para el maestro,1,6,1,1,0,0,0,0,0,
LTMD_U1_W3_SPANISH_STRUCTKW_0.1,U1-H2014P1ESM-P002,H2014P1ESM,2014,1,Español. Libro para el maestro,2,,1,1,0,0,0,0,0,
LTMD_U1_W3_SPANISH_STRUCTKW_0.1,U1-H2014P1ESM-P003,H2014P1ESM,2014,1,Español. Libro para el maestro,3,3,1,1,0,0,0,0,0,
LTMD_U1_W3_SPANISH_STRUCTKW_0.1,U1-H2014P1ESM-P004,H2014P1ESM,2014,1,Español. Libro para el maestro,4,3,1,1,0,0,0,6,1,
LTMD_U1_W3_SPANISH_STRUCTKW_0.1,U1-H2014P1ESM-P005,H2014P1ESM,2014,1,Español. Libro para el maestro,5,3,1,1,0,0,0,1,1,
LTMD_U1_W3_SPANISH_STRUCTKW_0.1,U1-H2014P1ESM-P006,H2014P1ESM,2014,1,Español. Libro para el maestro,6,,1,1,0,0,0,0,0,
LTMD_U1_W3_SPANISH_STRUCTKW_0.1,U1-H2014P1ESM-P007,H2014P1ESM,2014,1,Español. Libro para el maestro,7,3,1,1,0,0,2,0,1,
LTMD_U1_W3_SPANISH_STRUCTKW_0.1,U1-H2014P1ESM-P008,H2014P1ESM,2014,1,Español. Libro para el maestro,8,3,1,1,0,1,4,0,2,
LTMD_U1_W3_SPANISH_STRUCTKW_0.1,U1-H2014P1ESM-P009,H2014P1ESM,2014,1,Español. Libro para el maestro,9,3,1,1,0,0,2,0,1,
LTMD_U1_W3_SPANISH_STRUCTKW_0.1,U1-H2014P1ESM-P010,H2014P1ESM,2014,1,Español. Libro para el maestro,10,3,1,1,0,0,1,0,1,
LTMD_U1_W3_SPANISH_STRUCTKW_0.1,U1-H2014P1ESM-P011,H2014P1ESM,2014,1,Español. Libro para el maestro,11,3,1,1,0,0,1,0,1,
LTMD_U1_W3_SPANISH_STRUCTKW_0.1,U1-H2014P1ESM-P012,H2014P1ESM,2014,1,Español. Libro para el maestro,12,3,1,1,0,0,0,0,0,
LTMD_U1_W3_SPANISH_STRUCTKW_0.1,U1-H2014P1ESM-P013,H2014P1ESM,2014,1,Español. Libro para el maestro,13,3,1,1,0,0,0,0,0,
LTMD_U1_W3_SPANISH_STRUCTKW_0.1,U1-H2014P1ESM-P014,H2014P1ESM,2014,1,Español. Libro para el maestro,14,3,1,1,0,0,1,0,1,
LTMD_U1_W3_SPANISH_STRUCTKW_0.1,U1-H2014P1ESM-P015,H2014P1ESM,2014,1,Español. Libro para el maestro,15,3,1,1,0,0,1,0,1,
LTMD_U1_W3_SPANISH_STRUCTKW_0.1,U1-H2014P1ESM-P016,H2014P1ESM,2014,1,Español. Libro para el maestro,16,3,1,1,0,0,0,0,0,
LTMD_U1_W3_SPANISH_STRUCTKW_0.1,U1-H2014P1ESM-P266,H2014P1ESM,2014,1,Español. Libro para el maestro,266,3,1,0,1,0,0,0,0,
LTMD_U1_W3_SPANISH_STRUCTKW_0.1,U1-H2014P1ESM-P267,H2014P1ESM,2014,1,Español. Libro para el maestro,267,3,1,0,1,0,1,0,1,
LTMD_U1_W3_SPANISH_STRUCTKW_0.1,U1-H2014P1ESM-P268,H2014P1ESM,2014,1,Español. Libro para el maestro,268,3,1,0,1,0,0,0,0,
LTMD_U1_W3_SPANISH_STRUCTKW_0.1,U1-H2014P1ESM-P269,H2014P1ESM,2014,1,Español. Libro para el maestro,269,3,1,0,1,0,0,0,0,
LTMD_U1_W3_SPANISH_STRUCTKW_0.1,U1-H2014P1ESM-P270,H2014P1ESM,2014,1,Español. Libro para el maestro,270,3,1,0,1,0,1,0,1,
LTMD_U1_W3_SPANISH_STRUCTKW_0.1,U1-H2014P1ESM-P271,H2014P1ESM,2014,1,Español. Libro para el maestro,271,3,1,0,1,0,0,0,0,
LTMD_U1_W3_SPANISH_STRUCTKW_0.1,U1-H2014P1ESM-P272,H2014P1ESM,2014,1,Español. Libro para el maestro,272,3,1,0,1,0,1,0,1,
LTMD_U1_W3_SPANISH_STRUCTKW_0.1,U1-H2014P1ESM-P273,H2014P1ESM,2014,1,Español. Libro para el maestro,273,3,1,0,1,0,2,0,1,
LTMD_U1_W3_SPANISH_STRUCTKW_0.1,U1-H2014P1ESM-P274,H2014P1ESM,2014,1,Español. Libro para el maestro,274,3,1,0,1,0,0,0,0,
LTMD_U1_W3_SPANISH_STRUCTKW_0.1,U1-H2014P1ESM-P275,H2014P1ESM,2014,1,Español. Libro para el maestro,275,3,1,0,1,0,2,0,1,
LTMD_U1_W3_SPANISH_STRUCTKW_0.1,U1-H2014P1ESM-P276,H2014P1ESM,2014,1,Español. Libro para el maestro,276,3,1,0,1,0,0,0,0,
LTMD_U1_W3_SPANISH_STRUCTKW_0.1,U1-H2014P1ESM-P277,H2014P1ESM,2014,1,Español. Libro para el maestro,277,3,1,0,1,0,1,0,1,
LTMD_U1_W3_SPANISH_STRUCTKW_0.1,U1-H2014P1ESM-P278,H2014P1ESM,2014,1,Español. Libro para el maestro,278,3,1,0,1,0,0,0,0,
LTMD_U1_W3_SPANISH_STRUCTKW_0.1,U1-H2014P1ESM-P279,H2014P1ESM,2014,1,Español. Libro para el maestro,279,3,1,0,1,0,1,0,1,
LTMD_U1_W3_SPANISH_STRUCTKW_0.1,U1-H2014P1ESM-P280,H2014P1ESM,2014,1,Español. Libro para el maestro,280,3,1,0,1,0,0,0,0,
LTMD_U1_W3_SPANISH_STRUCTKW_0.1,U1-H2014P1ESM-P281,H2014P1ESM,2014,1,Español. Libro para el maestro,281,3,1,0,1,0,0,0,0,
LTMD_U1_W3_SPANISH_STRUCTKW_0.1,U1-H2014P1LEA-P001,H2014P1LEA,2014,1,Español. Libro de lectura,1,3,1,1,0,0,0,0,0,
LTMD_U1_W3_SPANISH_STRUCTKW_0.1,U1-H2014P1LEA-P002,H2014P1LEA,2014,1,Español. Libro de lectura,2,3,1,1,0,0,1,6,2,
LTMD_U1_W3_SPANISH_STRUCTKW_0.1,U1-H2014P1LEA-P003,H2014P1LEA,2014,1,Español. Libro de lectura,3,3,1,1,0,0,1,1,2,
LTMD_U1_W3_SPANISH_STRUCTKW_0.1,U1-H2014P1LEA-P004,H2014P1LEA,2014,1,Español. Libro de lectura,4,3,1,1,0,0,0,0,0,
LTMD_U1_W3_SPANISH_STRUCTKW_0.1,U1-H2014P1LEA-P005,H2014P1LEA,2014,1,Español. Libro de lectura,5,3,1,1,0,0,0,0,0,
LTMD_U1_W3_SPANISH_STRUCTKW_0.1,U1-H2014P1LEA-P006,H2014P1LEA,2014,1,Español. Libro de lectura,6,3,1,1,0,0,0,0,0,
LTMD_U1_W3_SPANISH_STRUCTKW_0.1,U1-H2014P1LEA-P007,H2014P1LEA,2014,1,Español. Libro de lectura,7,3,1,1,0,0,0,1,1,
LTMD_U1_W3_SPANISH_STRUCTKW_0.1,U1-H2014P1LEA-P008,H2014P1LEA,2014,1,Español. Libro de lectura,8,3,1,1,0,0,0,0,0,
LTMD_U1_W3_SPANISH_STRUCTKW_0.1,U1-H2014P1LEA-P009,H2014P1LEA,2014,1,Español. Libro de lectura,9,6,1,1,0,0,0,0,0,
LTMD_U1_W3_SPANISH_STRUCTKW_0.1,U1-H2014P1LEA-P010,H2014P1LEA,2014,1,Español. Libro de lectura,10,6,1,1,0,0,0,0,0,
LTMD_U1_W3_SPANISH_STRUCTKW_0.1,U1-H2014P1LEA-P011,H2014P1LEA,2014,1,Español. Libro de lectura,11,11,1,1,0,0,0,0,0,
LTMD_U1_W3_SPANISH_STRUCTKW_0.1,U1-H2014P1LEA-P012,H2014P1LEA,2014,1,Español. Libro de lectura,12,6,1,1,0,0,0,0,0,
LTMD_U1_W3_SPANISH_STRUCTKW_0.1,U1-H2014P1LEA-P013,H2014P1LEA,2014,1,Español. Libro de lectura,13,11,1,1,0,0,0,0,0,
LTMD_U1_W3_SPANISH_STRUCTKW_0.1,U1-H2014P1LEA-P014,H2014P1LEA,2014,1,Español. Libro de lectura,14,3,1,1,0,0,0,0,0,
LTMD_U1_W3_SPANISH_STRUCTKW_0.1,U1-H2014P1LEA-P015,H2014P1LEA,2014,1,Español. Libro de lectura,15,11,1,1,0,0,0,0,0,
LTMD_U1_W3_SPANISH_STRUCTKW_0.1,U1-H2014P1LEA-P016,H2014P1LEA,2014,1,Español. Libro de lectura,16,6,1,1,0,0,0,0,0,
LTMD_U1_W3_SPANISH_STRUCTKW_0.1,U1-H2014P1LEA-P146,H2014P1LEA,2014,1,Español. Libro de lectura,146,3,1,0,1,0,0,0,0,
LTMD_U1_W3_SPANISH_STRUCTKW_0.1,U1-H2014P1LEA-P147,H2014P1LEA,2014,1,Español. Libro de lectura,147,3,1,0,1,0,0,0,0,
LTMD_U1_W3_SPANISH_STRUCTKW_0.1,U1-H2014P1LEA-P148,H2014P1LEA,2014,1,Español. Libro de lectura,148,3,1,0,1,0,0,0,0,
LTMD_U1_W3_SPANISH_STRUCTKW_0.1,U1-H2014P1LEA-P149,H2014P1LEA,2014,1,Español. Libro de lectura,149,3,1,0,1,0,0,0,0,
LTMD_U1_W3_SPANISH_STRUCTKW_0.1,U1-H2014P1LEA-P150,H2014P1LEA,2014,1,Español. Libro de lectura,150,3,1,0,1,0,0,0,0,
LTMD_U1_W3_SPANISH_STRUCTKW_0.1,U1-H2014P1LEA-P151,H2014P1LEA,2014,1,Español. Libro de lectura,151,3,1,0,1,0,0,0,0,
LTMD_U1_W3_SPANISH_STRUCTKW_0.1,U1-H2014P1LEA-P152,H2014P1LEA,2014,1,Español. Libro de lectura,152,3,1,0,1,0,0,0,0,
LTMD_U1_W3_SPANISH_STRUCTKW_0.1,U1-H2014P1LEA-P153,H2014P1LEA,2014,1,Español. Libro de lectura,153,3,1,0,1,0,0,0,0,
LTMD_U1_W3_SPANISH_STRUCTKW_0.1,U1-H2014P1LEA-P154,H2014P1LEA,2014,1,Español. Libro de lectura,154,3,1,0,1,0,0,0,0,
LTMD_U1_W3_SPANISH_STRUCTKW_0.1,U1-H2014P1LEA-P155,H2014P1LEA,2014,1,Español. Libro de lectura,155,3,1,0,1,0,0,0,0,
LTMD_U1_W3_SPANISH_STRUCTKW_0.1,U1-H2014P1LEA-P156,H2014P1LEA,2014,1,Español. Libro de lectura,156,3,1,0,1,0,0,0,0,
LTMD_U1_W3_SPANISH_STRUCTKW_0.1,U1-H2014P1LEA-P157,H2014P1LEA,2014,1,Español. Libro de lectura,157,3,1,0,1,0,0,0,0,
LTMD_U1_W3_SPANISH_STRUCTKW_0.1,U1-H2014P1LEA-P158,H2014P1LEA,2014,1,Español. Libro de lectura,158,6,1,0,1,0,0,0,0,
LTMD_U1_W3_SPANISH_STRUCTKW_0.1,U1-H2014P1LEA-P159,H2014P1LEA,2014,1,Español. Libro de lectura,159,3,1,0,1,0,0,0,0,
LTMD_U1_W3_SPANISH_STRUCTKW_0.1,U1-H2014P1LEA-P160,H2014P1LEA,2014,1,Español. Libro de lectura,160,3,1,0,1,0,0,1,1,
LTMD_U1_W3_SPANISH_STRUCTKW_0.1,U1-H2014P1LEA-P161,H2014P1LEA,2014,1,Español. Libro de lectura,161,11,1,0,1,0,0,0,0,
LTMD_U1_W3_SPANISH_STRUCTKW_0.1,U1-H2014P2ESA-P001,H2014P2ESA,2014,2,Español. Libro para el alumno,1,6,1,1,0,0,0,0,0,
LTMD_U1_W3_SPANISH_STRUCTKW_0.1,U1-H2014P2ESA-P002,H2014P2ESA,2014,2,Español. Libro para el alumno,2,,1,1,0,0,0,0,0,
LTMD_U1_W3_SPANISH_STRUCTKW_0.1,U1-H2014P2ESA-P003,H2014P2ESA,2014,2,Español. Libro para el alumno,3,3,1,1,0,0,0,0,0,
LTMD_U1_W3_SPANISH_STRUCTKW_0.1,U1-H2014P2ESA-P004,H2014P2ESA,2014,2,Español. Libro para el alumno,4,3,1,1,0,0,0,7,1,
LTMD_U1_W3_SPANISH_STRUCTKW_0.1,U1-H2014P2ESA-P005,H2014P2ESA,2014,2,Español. Libro para el alumno,5,3,1,1,0,0,2,1,2,
LTMD_U1_W3_SPANISH_STRUCTKW_0.1,U1-H2014P2ESA-P006,H2014P2ESA,2014,2,Español. Libro para el alumno,6,3,1,1,0,0,1,0,1,
LTMD_U1_W3_SPANISH_STRUCTKW_0.1,U1-H2014P2ESA-P007,H2014P2ESA,2014,2,Español. Libro para el alumno,7,3,1,1,0,0,1,0,1,
LTMD_U1_W3_SPANISH_STRUCTKW_0.1,U1-H2014P2ESA-P008,H2014P2ESA,2014,2,Español. Libro para el alumno,8,11,1,1,0,0,0,0,0,
LTMD_U1_W3_SPANISH_STRUCTKW_0.1,U1-H2014P2ESA-P009,H2014P2ESA,2014,2,Español. Libro para el alumno,9,3,1,1,0,0,0,0,0,
LTMD_U1_W3_SPANISH_STRUCTKW_0.1,U1-H2014P2ESA-P010,H2014P2ESA,2014,2,Español. Libro para el alumno,10,3,1,1,0,0,1,0,1,
LTMD_U1_W3_SPANISH_STRUCTKW_0.1,U1-H2014P2ESA-P011,H2014P2ESA,2014,2,Español. Libro para el alumno,11,3,1,1,0,0,0,0,0,
LTMD_U1_W3_SPANISH_STRUCTKW_0.1,U1-H2014P2ESA-P012,H2014P2ESA,2014,2,Español. Libro para el alumno,12,3,1,1,0,0,1,0,1,
LTMD_U1_W3_SPANISH_STRUCTKW_0.1,U1-H2014P2ESA-P013,H2014P2ESA,2014,2,Español. Libro para el alumno,13,3,1,1,0,0,0,0,0,
LTMD_U1_W3_SPANISH_STRUCTKW_0.1,U1-H2014P2ESA-P014,H2014P2ESA,2014,2,Español. Libro para el alumno,14,3,1,1,0,0,1,0,1,
LTMD_U1_W3_SPANISH_STRUCTKW_0.1,U1-H2014P2ESA-P015,H2014P2ESA,2014,2,Español. Libro para el alumno,15,3,1,1,0,0,0,0,0,
LTMD_U1_W3_SPANISH_STRUCTKW_0.1,U1-H2014P2ESA-P016,H2014P2ESA,2014,2,Español. Libro para el alumno,16,3,1,1,0,0,1,0,1,
LTMD_U1_W3_SPANISH_STRUCTKW_0.1,U1-H2014P2ESA-P242,H2014P2ESA,2014,2,Español. Libro para el alumno,242,3,1,0,1,0,0,0,0,
LTMD_U1_W3_SPANISH_STRUCTKW_0.1,U1-H2014P2ESA-P243,H2014P2ESA,2014,2,Español. Libro para el alumno,243,3,1,0,1,1,0,0,1,
LTMD_U1_W3_SPANISH_STRUCTKW_0.1,U1-H2014P2ESA-P244,H2014P2ESA,2014,2,Español. Libro para el alumno,244,3,1,0,1,0,1,0,1,
LTMD_U1_W3_SPANISH_STRUCTKW_0.1,U1-H2014P2ESA-P245,H2014P2ESA,2014,2,Español. Libro para el alumno,245,3,1,0,1,0,0,0,0,
LTMD_U1_W3_SPANISH_STRUCTKW_0.1,U1-H2014P2ESA-P246,H2014P2ESA,2014,2,Español. Libro para el alumno,246,3,1,0,1,0,0,0,0,
LTMD_U1_W3_SPANISH_STRUCTKW_0.1,U1-H2014P2ESA-P247,H2014P2ESA,2014,2,Español. Libro para el alumno,247,3,1,0,1,0,0,0,0,
LTMD_U1_W3_SPANISH_STRUCTKW_0.1,U1-H2014P2ESA-P248,H2014P2ESA,2014,2,Español. Libro para el alumno,248,3,1,0,1,0,1,0,1,
LTMD_U1_W3_SPANISH_STRUCTKW_0.1,U1-H2014P2ESA-P249,H2014P2ESA,2014,2,Español. Libro para el alumno,249,3,1,0,1,0,0,0,0,
LTMD_U1_W3_SPANISH_STRUCTKW_0.1,U1-H2014P2ESA-P250,H2014P2ESA,2014,2,Español. Libro para el alumno,250,3,1,0,1,0,0,0,0,
LTMD_U1_W3_SPANISH_STRUCTKW_0.1,U1-H2014P2ESA-P251,H2014P2ESA,2014,2,Español. Libro para el alumno,251,3,1,0,1,0,0,0,0,
LTMD_U1_W3_SPANISH_STRUCTKW_0.1,U1-H2014P2ESA-P252,H2014P2ESA,2014,2,Español. Libro para el alumno,252,6,1,0,1,0,0,0,0,
LTMD_U1_W3_SPANISH_STRUCTKW_0.1,U1-H2014P2ESA-P253,H2014P2ESA,2014,2,Español. Libro para el alumno,253,3,1,0,1,0,0,0,0,
LTMD_U1_W3_SPANISH_STRUCTKW_0.1,U1-H2014P2ESA-P254,H2014P2ESA,2014,2,Español. Libro para el alumno,254,,1,0,1,0,0,0,0,
LTMD_U1_W3_SPANISH_STRUCTKW_0.1,U1-H2014P2ESA-P255,H2014P2ESA,2014,2,Español. Libro para el alumno,255,3,1,0,1,0,0,0,0,
LTMD_U1_W3_SPANISH_STRUCTKW_0.1,U1-H2014P2ESA-P256,H2014P2ESA,2014,2,Español. Libro para el alumno,256,3,1,0,1,0,0,0,0,
LTMD_U1_W3_SPANISH_STRUCTKW_0.1,U1-H2014P2ESA-P257,H2014P2ESA,2014,2,Español. Libro para el alumno,257,3,1,0,1,0,0,0,0,
LTMD_U1_W3_SPANISH_STRUCTKW_0.1,U1-H2014P2ESM-P001,H2014P2ESM,2014,2,Español. Libro para el maestro,1,6,1,1,0,0,0,0,0,
LTMD_U1_W3_SPANISH_STRUCTKW_0.1,U1-H2014P2ESM-P002,H2014P2ESM,2014,2,Español. Libro para el maestro,2,,1,1,0,0,0,0,0,
LTMD_U1_W3_SPANISH_STRUCTKW_0.1,U1-H2014P2ESM-P003,H2014P2ESM,2014,2,Español. Libro para el maestro,3,3,1,1,0,0,0,0,0,
LTMD_U1_W3_SPANISH_STRUCTKW_0.1,U1-H2014P2ESM-P004,H2014P2ESM,2014,2,Español. Libro para el maestro,4,3,1,1,0,0,0,6,1,
LTMD_U1_W3_SPANISH_STRUCTKW_0.1,U1-H2014P2ESM-P005,H2014P2ESM,2014,2,Español. Libro para el maestro,5,3,1,1,0,0,0,1,1,
LTMD_U1_W3_SPANISH_STRUCTKW_0.1,U1-H2014P2ESM-P006,H2014P2ESM,2014,2,Español. Libro para el maestro,6,,1,1,0,0,0,0,0,
LTMD_U1_W3_SPANISH_STRUCTKW_0.1,U1-H2014P2ESM-P007,H2014P2ESM,2014,2,Español. Libro para el maestro,7,3,1,1,0,0,2,0,1,
LTMD_U1_W3_SPANISH_STRUCTKW_0.1,U1-H2014P2ESM-P008,H2014P2ESM,2014,2,Español. Libro para el maestro,8,3,1,1,0,1,4,0,2,
LTMD_U1_W3_SPANISH_STRUCTKW_0.1,U1-H2014P2ESM-P009,H2014P2ESM,2014,2,Español. Libro para el maestro,9,3,1,1,0,0,2,0,1,
LTMD_U1_W3_SPANISH_STRUCTKW_0.1,U1-H2014P2ESM-P010,H2014P2ESM,2014,2,Español. Libro para el maestro,10,3,1,1,0,0,1,0,1,
LTMD_U1_W3_SPANISH_STRUCTKW_0.1,U1-H2014P2ESM-P011,H2014P2ESM,2014,2,Español. Libro para el maestro,11,3,1,1,0,0,1,0,1,
LTMD_U1_W3_SPANISH_STRUCTKW_0.1,U1-H2014P2ESM-P012,H2014P2ESM,2014,2,Español. Libro para el maestro,12,3,1,1,0,0,0,0,0,
LTMD_U1_W3_SPANISH_STRUCTKW_0.1,U1-H2014P2ESM-P013,H2014P2ESM,2014,2,Español. Libro para el maestro,13,3,1,1,0,0,0,0,0,
LTMD_U1_W3_SPANISH_STRUCTKW_0.1,U1-H2014P2ESM-P014,H2014P2ESM,2014,2,Español. Libro para el maestro,14,3,1,1,0,1,1,0,2,
LTMD_U1_W3_SPANISH_STRUCTKW_0.1,U1-H2014P2ESM-P015,H2014P2ESM,2014,2,Español. Libro para el maestro,15,3,1,1,0,0,0,0,0,
LTMD_U1_W3_SPANISH_STRUCTKW_0.1,U1-H2014P2ESM-P016,H2014P2ESM,2014,2,Español. Libro para el maestro,16,3,1,1,0,0,0,0,0,
LTMD_U1_W3_SPANISH_STRUCTKW_0.1,U1-H2014P2ESM-P274,H2014P2ESM,2014,2,Español. Libro para el maestro,274,3,1,0,1,0,2,0,1,
LTMD_U1_W3_SPANISH_STRUCTKW_0.1,U1-H2014P2ESM-P275,H2014P2ESM,2014,2,Español. Libro para el maestro,275,3,1,0,1,0,3,0,1,
LTMD_U1_W3_SPANISH_STRUCTKW_0.1,U1-H2014P2ESM-P276,H2014P2ESM,2014,2,Español. Libro para el maestro,276,3,1,0,1,0,0,0,0,
LTMD_U1_W3_SPANISH_STRUCTKW_0.1,U1-H2014P2ESM-P277,H2014P2ESM,2014,2,Español. Libro para el maestro,277,3,1,0,1,0,0,0,0,
LTMD_U1_W3_SPANISH_STRUCTKW_0.1,U1-H2014P2ESM-P278,H2014P2ESM,2014,2,Español. Libro para el maestro,278,3,1,0,1,0,2,0,1,
LTMD_U1_W3_SPANISH_STRUCTKW_0.1,U1-H2014P2ESM-P279,H2014P2ESM,2014,2,Español. Libro para el maestro,279,3,1,0,1,1,1,0,2,
LTMD_U1_W3_SPANISH_STRUCTKW_0.1,U1-H2014P2ESM-P280,H2014P2ESM,2014,2,Español. Libro para el maestro,280,3,1,0,1,0,1,0,1,
LTMD_U1_W3_SPANISH_STRUCTKW_0.1,U1-H2014P2ESM-P281,H2014P2ESM,2014,2,Español. Libro para el maestro,281,3,1,0,1,0,0,0,0,
LTMD_U1_W3_SPANISH_STRUCTKW_0.1,U1-H2014P2ESM-P282,H2014P2ESM,2014,2,Español. Libro para el maestro,282,3,1,0,1,0,0,0,0,
LTMD_U1_W3_SPANISH_STRUCTKW_0.1,U1-H2014P2ESM-P283,H2014P2ESM,2014,2,Español. Libro para el maestro,283,3,1,0,1,0,2,0,1,
LTMD_U1_W3_SPANISH_STRUCTKW_0.1,U1-H2014P2ESM-P284,H2014P2ESM,2014,2,Español. Libro para el maestro,284,3,1,0,1,0,0,0,0,
LTMD_U1_W3_SPANISH_STRUCTKW_0.1,U1-H2014P2ESM-P285,H2014P2ESM,2014,2,Español. Libro para el maestro,285,3,1,0,1,0,0,0,0,
LTMD_U1_W3_SPANISH_STRUCTKW_0.1,U1-H2014P2ESM-P286,H2014P2ESM,2014,2,Español. Libro para el maestro,286,,1,0,1,0,0,0,0,
LTMD_U1_W3_SPANISH_STRUCTKW_0.1,U1-H2014P2ESM-P287,H2014P2ESM,2014,2,Español. Libro para el maestro,287,3,1,0,1,0,0,0,0,
LTMD_U1_W3_SPANISH_STRUCTKW_0.1,U1-H2014P2ESM-P288,H2014P2ESM,2014,2,Español. Libro para el maestro,288,,1,0,1,0,0,0,0,
LTMD_U1_W3_SPANISH_STRUCTKW_0.1,U1-H2014P2ESM-P289,H2014P2ESM,2014,2,Español. Libro para el maestro,289,6,1,0,1,0,0,0,0,
LTMD_U1_W3_SPANISH_STRUCTKW_0.1,U1-H2014P2LEA-P001,H2014P2LEA,2014,2,Español. Libro de lectura,1,3,1,1,0,0,0,0,0,
LTMD_U1_W3_SPANISH_STRUCTKW_0.1,U1-H2014P2LEA-P002,H2014P2LEA,2014,2,Español. Libro de lectura,2,3,1,1,0,0,1,6,2,
LTMD_U1_W3_SPANISH_STRUCTKW_0.1,U1-H2014P2LEA-P003,H2014P2LEA,2014,2,Español. Libro de lectura,3,3,1,1,0,0,0,1,1,
LTMD_U1_W3_SPANISH_STRUCTKW_0.1,U1-H2014P2LEA-P004,H2014P2LEA,2014,2,Español. Libro de lectura,4,3,1,1,0,0,1,0,1,
LTMD_U1_W3_SPANISH_STRUCTKW_0.1,U1-H2014P2LEA-P005,H2014P2LEA,2014,2,Español. Libro de lectura,5,3,1,1,0,0,0,0,0,
LTMD_U1_W3_SPANISH_STRUCTKW_0.1,U1-H2014P2LEA-P006,H2014P2LEA,2014,2,Español. Libro de lectura,6,3,1,1,0,0,0,0,0,
LTMD_U1_W3_SPANISH_STRUCTKW_0.1,U1-H2014P2LEA-P007,H2014P2LEA,2014,2,Español. Libro de lectura,7,3,1,1,0,0,0,1,1,
LTMD_U1_W3_SPANISH_STRUCTKW_0.1,U1-H2014P2LEA-P008,H2014P2LEA,2014,2,Español. Libro de lectura,8,3,1,1,0,0,0,0,0,
LTMD_U1_W3_SPANISH_STRUCTKW_0.1,U1-H2014P2LEA-P009,H2014P2LEA,2014,2,Español. Libro de lectura,9,3,1,1,0,0,0,0,0,
LTMD_U1_W3_SPANISH_STRUCTKW_0.1,U1-H2014P2LEA-P010,H2014P2LEA,2014,2,Español. Libro de lectura,10,3,1,1,0,0,0,0,0,
LTMD_U1_W3_SPANISH_STRUCTKW_0.1,U1-H2014P2LEA-P011,H2014P2LEA,2014,2,Español. Libro de lectura,11,3,1,1,0,0,0,0,0,
LTMD_U1_W3_SPANISH_STRUCTKW_0.1,U1-H2014P2LEA-P012,H2014P2LEA,2014,2,Español. Libro de lectura,12,3,1,1,0,0,0,0,0,
LTMD_U1_W3_SPANISH_STRUCTKW_0.1,U1-H2014P2LEA-P013,H2014P2LEA,2014,2,Español. Libro de lectura,13,3,1,1,0,0,0,0,0,
LTMD_U1_W3_SPANISH_STRUCTKW_0.1,U1-H2014P2LEA-P014,H2014P2LEA,2014,2,Español. Libro de lectura,14,3,1,1,0,0,0,0,0,
LTMD_U1_W3_SPANISH_STRUCTKW_0.1,U1-H2014P2LEA-P015,H2014P2LEA,2014,2,Español. Libro de lectura,15,3,1,1,0,0,0,0,0,
LTMD_U1_W3_SPANISH_STRUCTKW_0.1,U1-H2014P2LEA-P016,H2014P2LEA,2014,2,Español. Libro de lectura,16,3,1,1,0,0,0,0,0,
LTMD_U1_W3_SPANISH_STRUCTKW_0.1,U1-H2014P2LEA-P146,H2014P2LEA,2014,2,Español. Libro de lectura,146,3,1,0,1,0,0,0,0,
LTMD_U1_W3_SPANISH_STRUCTKW_0.1,U1-H2014P2LEA-P147,H2014P2LEA,2014,2,Español. Libro de lectura,147,3,1,0,1,0,0,0,0,
LTMD_U1_W3_SPANISH_STRUCTKW_0.1,U1-H2014P2LEA-P148,H2014P2LEA,2014,2,Español. Libro de lectura,148,3,1,0,1,0,0,0,0,
LTMD_U1_W3_SPANISH_STRUCTKW_0.1,U1-H2014P2LEA-P149,H2014P2LEA,2014,2,Español. Libro de lectura,149,3,1,0,1,0,0,0,0,
LTMD_U1_W3_SPANISH_STRUCTKW_0.1,U1-H2014P2LEA-P150,H2014P2LEA,2014,2,Español. Libro de lectura,150,3,1,0,1,0,0,0,0,
LTMD_U1_W3_SPANISH_STRUCTKW_0.1,U1-H2014P2LEA-P151,H2014P2LEA,2014,2,Español. Libro de lectura,151,3,1,0,1,0,0,0,0,
LTMD_U1_W3_SPANISH_STRUCTKW_0.1,U1-H2014P2LEA-P152,H2014P2LEA,2014,2,Español. Libro de lectura,152,3,1,0,1,0,0,0,0,
LTMD_U1_W3_SPANISH_STRUCTKW_0.1,U1-H2014P2LEA-P153,H2014P2LEA,2014,2,Español. Libro de lectura,153,3,1,0,1,0,0,0,0,
LTMD_U1_W3_SPANISH_STRUCTKW_0.1,U1-H2014P2LEA-P154,H2014P2LEA,2014,2,Español. Libro de lectura,154,3,1,0,1,0,0,0,0,
LTMD_U1_W3_SPANISH_STRUCTKW_0.1,U1-H2014P2LEA-P155,H2014P2LEA,2014,2,Español. Libro de lectura,155,3,1,0,1,0,0,0,0,
LTMD_U1_W3_SPANISH_STRUCTKW_0.1,U1-H2014P2LEA-P156,H2014P2LEA,2014,2,Español. Libro de lectura,156,3,1,0,1,0,0,0,0,
LTMD_U1_W3_SPANISH_STRUCTKW_0.1,U1-H2014P2LEA-P157,H2014P2LEA,2014,2,Español. Libro de lectura,157,3,1,0,1,0,0,0,0,
LTMD_U1_W3_SPANISH_STRUCTKW_0.1,U1-H2014P2LEA-P158,H2014P2LEA,2014,2,Español. Libro de lectura,158,3,1,0,1,0,0,0,0,
LTMD_U1_W3_SPANISH_STRUCTKW_0.1,U1-H2014P2LEA-P159,H2014P2LEA,2014,2,Español. Libro de lectura,159,3,1,0,1,0,0,0,0,
LTMD_U1_W3_SPANISH_STRUCTKW_0.1,U1-H2014P2LEA-P160,H2014P2LEA,2014,2,Español. Libro de lectura,160,3,1,0,1,0,0,1,1,
LTMD_U1_W3_SPANISH_STRUCTKW_0.1,U1-H2014P2LEA-P161,H2014P2LEA,2014,2,Español. Libro de lectura,161,3,1,0,1,0,0,0,0,
LTMD_U1_W3_SPANISH_STRUCTKW_0.1,U1-H2014P3ESA-P001,H2014P3ESA,2014,3,Español,1,6,1,1,0,0,0,0,0,
LTMD_U1_W3_SPANISH_STRUCTKW_0.1,U1-H2014P3ESA-P002,H2014P3ESA,2014,3,Español,2,3,1,1,0,0,0,8,1,
LTMD_U1_W3_SPANISH_STRUCTKW_0.1,U1-H2014P3ESA-P003,H2014P3ESA,2014,3,Español,3,3,1,1,0,0,2,1,2,
LTMD_U1_W3_SPANISH_STRUCTKW_0.1,U1-H2014P3ESA-P004,H2014P3ESA,2014,3,Español,4,3,1,1,0,1,1,0,2,
LTMD_U1_W3_SPANISH_STRUCTKW_0.1,U1-H2014P3ESA-P005,H2014P3ESA,2014,3,Español,5,3,1,1,0,0,0,0,0,
LTMD_U1_W3_SPANISH_STRUCTKW_0.1,U1-H2014P3ESA-P006,H2014P3ESA,2014,3,Español,6,3,1,1,0,2,2,0,2,
LTMD_U1_W3_SPANISH_STRUCTKW_0.1,U1-H2014P3ESA-P007,H2014P3ESA,2014,3,Español,7,3,1,1,0,0,1,1,2,
LTMD_U1_W3_SPANISH_STRUCTKW_0.1,U1-H2014P3ESA-P008,H2014P3ESA,2014,3,Español,8,3,1,1,0,0,0,0,0,
LTMD_U1_W3_SPANISH_STRUCTKW_0.1,U1-H2014P3ESA-P009,H2014P3ESA,2014,3,Español,9,3,1,1,0,0,1,0,1,
LTMD_U1_W3_SPANISH_STRUCTKW_0.1,U1-H2014P3ESA-P010,H2014P3ESA,2014,3,Español,10,3,1,1,0,0,1,0,1,
LTMD_U1_W3_SPANISH_STRUCTKW_0.1,U1-H2014P3ESA-P011,H2014P3ESA,2014,3,Español,11,3,1,1,0,0,2,0,1,
LTMD_U1_W3_SPANISH_STRUCTKW_0.1,U1-H2014P3ESA-P012,H2014P3ESA,2014,3,Español,12,3,1,1,0,0,1,0,1,
LTMD_U1_W3_SPANISH_STRUCTKW_0.1,U1-H2014P3ESA-P013,H2014P3ESA,2014,3,Español,13,3,1,1,0,0,0,0,0,
LTMD_U1_W3_SPANISH_STRUCTKW_0.1,U1-H2014P3ESA-P014,H2014P3ESA,2014,3,Español,14,3,1,1,0,0,1,0,1,
LTMD_U1_W3_SPANISH_STRUCTKW_0.1,U1-H2014P3ESA-P015,H2014P3ESA,2014,3,Español,15,3,1,1,0,0,0,0,0,
LTMD_U1_W3_SPANISH_STRUCTKW_0.1,U1-H2014P3ESA-P016,H2014P3ESA,2014,3,Español,16,3,1,1,0,0,2,1,2,
LTMD_U1_W3_SPANISH_STRUCTKW_0.1,U1-H2014P3ESA-P146,H2014P3ESA,2014,3,Español,146,3,1,0,1,0,0,0,0,
LTMD_U1_W3_SPANISH_STRUCTKW_0.1,U1-H2014P3ESA-P147,H2014P3ESA,2014,3,Español,147,3,1,0,1,0,0,0,0,
LTMD_U1_W3_SPANISH_STRUCTKW_0.1,U1-H2014P3ESA-P148,H2014P3ESA,2014,3,Español,148,3,1,0,1,0,1,0,1,
LTMD_U1_W3_SPANISH_STRUCTKW_0.1,U1-H2014P3ESA-P149,H2014P3ESA,2014,3,Español,149,3,1,0,1,0,0,0,0,
LTMD_U1_W3_SPANISH_STRUCTKW_0.1,U1-H2014P3ESA-P150,H2014P3ESA,2014,3,Español,150,3,1,0,1,0,1,0,1,
LTMD_U1_W3_SPANISH_STRUCTKW_0.1,U1-H2014P3ESA-P151,H2014P3ESA,2014,3,Español,151,3,1,0,1,0,0,0,0,
LTMD_U1_W3_SPANISH_STRUCTKW_0.1,U1-H2014P3ESA-P152,H2014P3ESA,2014,3,Español,152,3,1,0,1,0,1,0,1,
LTMD_U1_W3_SPANISH_STRUCTKW_0.1,U1-H2014P3ESA-P153,H2014P3ESA,2014,3,Español,153,3,1,0,1,0,0,0,0,
LTMD_U1_W3_SPANISH_STRUCTKW_0.1,U1-H2014P3ESA-P154,H2014P3ESA,2014,3,Español,154,3,1,0,1,0,1,0,1,
LTMD_U1_W3_SPANISH_STRUCTKW_0.1,U1-H2014P3ESA-P155,H2014P3ESA,2014,3,Español,155,3,1,0,1,0,1,0,1,
LTMD_U1_W3_SPANISH_STRUCTKW_0.1,U1-H2014P3ESA-P156,H2014P3ESA,2014,3,Español,156,3,1,0,1,0,1,0,1,
LTMD_U1_W3_SPANISH_STRUCTKW_0.1,U1-H2014P3ESA-P157,H2014P3ESA,2014,3,Español,157,3,1,0,1,0,2,0,1,
LTMD_U1_W3_SPANISH_STRUCTKW_0.1,U1-H2014P3ESA-P158,H2014P3ESA,2014,3,Español,158,3,1,0,1,0,0,2,1,
LTMD_U1_W3_SPANISH_STRUCTKW_0.1,U1-H2014P3ESA-P159,H2014P3ESA,2014,3,Español,159,3,1,0,1,0,0,0,0,
LTMD_U1_W3_SPANISH_STRUCTKW_0.1,U1-H2014P3ESA-P160,H2014P3ESA,2014,3,Español,160,3,1,0,1,0,0,0,0,
LTMD_U1_W3_SPANISH_STRUCTKW_0.1,U1-H2014P3ESA-P161,H2014P3ESA,2014,3,Español,161,3,1,0,1,0,0,0,0,
LTMD_U1_W3_SPANISH_STRUCTKW_0.1,U1-H2014P3LEA-P001,H2014P3LEA,2014,3,Español. Libro de lectura,1,6,1,1,0,0,0,0,0,
LTMD_U1_W3_SPANISH_STRUCTKW_0.1,U1-H2014P3LEA-P002,H2014P3LEA,2014,3,Español. Libro de lectura,2,3,1,1,0,0,0,6,1,
LTMD_U1_W3_SPANISH_STRUCTKW_0.1,U1-H2014P3LEA-P003,H2014P3LEA,2014,3,Español. Libro de lectura,3,3,1,1,0,0,0,1,1,
LTMD_U1_W3_SPANISH_STRUCTKW_0.1,U1-H2014P3LEA-P004,H2014P3LEA,2014,3,Español. Libro de lectura,4,3,1,1,0,0,0,0,0,
LTMD_U1_W3_SPANISH_STRUCTKW_0.1,U1-H2014P3LEA-P005,H2014P3LEA,2014,3,Español. Libro de lectura,5,3,1,1,0,0,0,0,0,
LTMD_U1_W3_SPANISH_STRUCTKW_0.1,U1-H2014P3LEA-P006,H2014P3LEA,2014,3,Español. Libro de lectura,6,3,1,1,0,0,0,0,0,
LTMD_U1_W3_SPANISH_STRUCTKW_0.1,U1-H2014P3LEA-P007,H2014P3LEA,2014,3,Español. Libro de lectura,7,3,1,1,0,0,0,1,1,
LTMD_U1_W3_SPANISH_STRUCTKW_0.1,U1-H2014P3LEA-P008,H2014P3LEA,2014,3,Español. Libro de lectura,8,3,1,1,0,0,0,0,0,
LTMD_U1_W3_SPANISH_STRUCTKW_0.1,U1-H2014P3LEA-P009,H2014P3LEA,2014,3,Español. Libro de lectura,9,6,1,1,0,0,0,0,0,
LTMD_U1_W3_SPANISH_STRUCTKW_0.1,U1-H2014P3LEA-P010,H2014P3LEA,2014,3,Español. Libro de lectura,10,6,1,1,0,0,0,0,0,
LTMD_U1_W3_SPANISH_STRUCTKW_0.1,U1-H2014P3LEA-P011,H2014P3LEA,2014,3,Español. Libro de lectura,11,6,1,1,0,0,0,0,0,
LTMD_U1_W3_SPANISH_STRUCTKW_0.1,U1-H2014P3LEA-P012,H2014P3LEA,2014,3,Español. Libro de lectura,12,3,1,1,0,0,0,0,0,
LTMD_U1_W3_SPANISH_STRUCTKW_0.1,U1-H2014P3LEA-P013,H2014P3LEA,2014,3,Español. Libro de lectura,13,6,1,1,0,0,0,0,0,
LTMD_U1_W3_SPANISH_STRUCTKW_0.1,U1-H2014P3LEA-P014,H2014P3LEA,2014,3,Español. Libro de lectura,14,6,1,1,0,0,0,0,0,
LTMD_U1_W3_SPANISH_STRUCTKW_0.1,U1-H2014P3LEA-P015,H2014P3LEA,2014,3,Español. Libro de lectura,15,3,1,1,0,0,0,0,0,
LTMD_U1_W3_SPANISH_STRUCTKW_0.1,U1-H2014P3LEA-P016,H2014P3LEA,2014,3,Español. Libro de lectura,16,3,1,1,0,0,0,0,0,
LTMD_U1_W3_SPANISH_STRUCTKW_0.1,U1-H2014P3LEA-P146,H2014P3LEA,2014,3,Español. Libro de lectura,146,3,1,0,1,0,0,0,0,
LTMD_U1_W3_SPANISH_STRUCTKW_0.1,U1-H2014P3LEA-P147,H2014P3LEA,2014,3,Español. Libro de lectura,147,3,1,0,1,0,0,0,0,
LTMD_U1_W3_SPANISH_STRUCTKW_0.1,U1-H2014P3LEA-P148,H2014P3LEA,2014,3,Español. Libro de lectura,148,3,1,0,1,0,0,0,0,
LTMD_U1_W3_SPANISH_STRUCTKW_0.1,U1-H2014P3LEA-P149,H2014P3LEA,2014,3,Español. Libro de lectura,149,3,1,0,1,0,0,0,0,
LTMD_U1_W3_SPANISH_STRUCTKW_0.1,U1-H2014P3LEA-P150,H2014P3LEA,2014,3,Español. Libro de lectura,150,3,1,0,1,0,0,0,0,
LTMD_U1_W3_SPANISH_STRUCTKW_0.1,U1-H2014P3LEA-P151,H2014P3LEA,2014,3,Español. Libro de lectura,151,6,1,0,1,0,0,0,0,
LTMD_U1_W3_SPANISH_STRUCTKW_0.1,U1-H2014P3LEA-P152,H2014P3LEA,2014,3,Español. Libro de lectura,152,3,1,0,1,0,0,0,0,
LTMD_U1_W3_SPANISH_STRUCTKW_0.1,U1-H2014P3LEA-P153,H2014P3LEA,2014,3,Español. Libro de lectura,153,3,1,0,1,0,0,0,0,
LTMD_U1_W3_SPANISH_STRUCTKW_0.1,U1-H2014P3LEA-P154,H2014P3LEA,2014,3,Español. Libro de lectura,154,6,1,0,1,0,0,0,0,
LTMD_U1_W3_SPANISH_STRUCTKW_0.1,U1-H2014P3LEA-P155,H2014P3LEA,2014,3,Español. Libro de lectura,155,6,1,0,1,0,0,0,0,
LTMD_U1_W3_SPANISH_STRUCTKW_0.1,U1-H2014P3LEA-P156,H2014P3LEA,2014,3,Español. Libro de lectura,156,3,1,0,1,0,0,0,0,
LTMD_U1_W3_SPANISH_STRUCTKW_0.1,U1-H2014P3LEA-P157,H2014P3LEA,2014,3,Español. Libro de lectura,157,,1,0,1,0,0,0,0,
LTMD_U1_W3_SPANISH_STRUCTKW_0.1,U1-H2014P3LEA-P158,H2014P3LEA,2014,3,Español. Libro de lectura,158,3,1,0,1,0,1,1,2,
LTMD_U1_W3_SPANISH_STRUCTKW_0.1,U1-H2014P3LEA-P159,H2014P3LEA,2014,3,Español. Libro de lectura,159,3,1,0,1,0,0,0,0,
LTMD_U1_W3_SPANISH_STRUCTKW_0.1,U1-H2014P3LEA-P160,H2014P3LEA,2014,3,Español. Libro de lectura,160,3,1,0,1,0,0,0,0,
LTMD_U1_W3_SPANISH_STRUCTKW_0.1,U1-H2014P3LEA-P161,H2014P3LEA,2014,3,Español. Libro de lectura,161,3,1,0,1,0,0,0,0,
LTMD_U1_W3_SPANISH_STRUCTKW_0.1,U1-H2014P4ESA-P001,H2014P4ESA,2014,4,Español,1,6,1,1,0,0,0,0,0,
LTMD_U1_W3_SPANISH_STRUCTKW_0.1,U1-H2014P4ESA-P002,H2014P4ESA,2014,4,Español,2,3,1,1,0,0,0,7,1,
LTMD_U1_W3_SPANISH_STRUCTKW_0.1,U1-H2014P4ESA-P003,H2014P4ESA,2014,4,Español,3,3,1,1,0,0,2,1,2,
LTMD_U1_W3_SPANISH_STRUCTKW_0.1,U1-H2014P4ESA-P004,H2014P4ESA,2014,4,Español,4,3,1,1,0,1,1,0,2,
LTMD_U1_W3_SPANISH_STRUCTKW_0.1,U1-H2014P4ESA-P005,H2014P4ESA,2014,4,Español,5,3,1,1,0,1,0,0,1,
LTMD_U1_W3_SPANISH_STRUCTKW_0.1,U1-H2014P4ESA-P006,H2014P4ESA,2014,4,Español,6,3,1,1,0,2,2,0,2,
LTMD_U1_W3_SPANISH_STRUCTKW_0.1,U1-H2014P4ESA-P007,H2014P4ESA,2014,4,Español,7,3,1,1,0,0,1,1,2,
LTMD_U1_W3_SPANISH_STRUCTKW_0.1,U1-H2014P4ESA-P008,H2014P4ESA,2014,4,Español,8,3,1,1,0,0,1,0,1,
LTMD_U1_W3_SPANISH_STRUCTKW_0.1,U1-H2014P4ESA-P009,H2014P4ESA,2014,4,Español,9,3,1,1,0,0,1,0,1,
LTMD_U1_W3_SPANISH_STRUCTKW_0.1,U1-H2014P4ESA-P010,H2014P4ESA,2014,4,Español,10,3,1,1,0,0,2,0,1,
LTMD_U1_W3_SPANISH_STRUCTKW_0.1,U1-H2014P4ESA-P011,H2014P4ESA,2014,4,Español,11,3,1,1,0,0,1,0,1,
LTMD_U1_W3_SPANISH_STRUCTKW_0.1,U1-H2014P4ESA-P012,H2014P4ESA,2014,4,Español,12,3,1,1,0,0,1,0,1,
LTMD_U1_W3_SPANISH_STRUCTKW_0.1,U1-H2014P4ESA-P013,H2014P4ESA,2014,4,Español,13,3,1,1,0,0,2,0,1,
LTMD_U1_W3_SPANISH_STRUCTKW_0.1,U1-H2014P4ESA-P014,H2014P4ESA,2014,4,Español,14,3,1,1,0,0,0,0,0,
LTMD_U1_W3_SPANISH_STRUCTKW_0.1,U1-H2014P4ESA-P015,H2014P4ESA,2014,4,Español,15,3,1,1,0,0,2,0,1,
LTMD_U1_W3_SPANISH_STRUCTKW_0.1,U1-H2014P4ESA-P016,H2014P4ESA,2014,4,Español,16,3,1,1,0,0,0,0,0,
LTMD_U1_W3_SPANISH_STRUCTKW_0.1,U1-H2014P4ESA-P146,H2014P4ESA,2014,4,Español,146,3,1,0,1,0,1,1,2,
LTMD_U1_W3_SPANISH_STRUCTKW_0.1,U1-H2014P4ESA-P147,H2014P4ESA,2014,4,Español,147,3,1,0,1,0,0,0,0,
LTMD_U1_W3_SPANISH_STRUCTKW_0.1,U1-H2014P4ESA-P148,H2014P4ESA,2014,4,Español,148,3,1,0,1,0,1,0,1,
LTMD_U1_W3_SPANISH_STRUCTKW_0.1,U1-H2014P4ESA-P149,H2014P4ESA,2014,4,Español,149,3,1,0,1,0,0,0,0,
LTMD_U1_W3_SPANISH_STRUCTKW_0.1,U1-H2014P4ESA-P150,H2014P4ESA,2014,4,Español,150,3,1,0,1,0,1,1,2,
LTMD_U1_W3_SPANISH_STRUCTKW_0.1,U1-H2014P4ESA-P151,H2014P4ESA,2014,4,Español,151,3,1,0,1,0,0,0,0,
LTMD_U1_W3_SPANISH_STRUCTKW_0.1,U1-H2014P4ESA-P152,H2014P4ESA,2014,4,Español,152,3,1,0,1,1,1,0,2,
LTMD_U1_W3_SPANISH_STRUCTKW_0.1,U1-H2014P4ESA-P153,H2014P4ESA,2014,4,Español,153,3,1,0,1,0,0,0,0,
LTMD_U1_W3_SPANISH_STRUCTKW_0.1,U1-H2014P4ESA-P154,H2014P4ESA,2014,4,Español,154,3,1,0,1,0,1,0,1,
LTMD_U1_W3_SPANISH_STRUCTKW_0.1,U1-H2014P4ESA-P155,H2014P4ESA,2014,4,Español,155,3,1,0,1,0,0,0,0,
LTMD_U1_W3_SPANISH_STRUCTKW_0.1,U1-H2014P4ESA-P156,H2014P4ESA,2014,4,Español,156,3,1,0,1,0,0,0,0,
LTMD_U1_W3_SPANISH_STRUCTKW_0.1,U1-H2014P4ESA-P157,H2014P4ESA,2014,4,Español,157,3,1,0,1,0,1,0,1,
LTMD_U1_W3_SPANISH_STRUCTKW_0.1,U1-H2014P4ESA-P158,H2014P4ESA,2014,4,Español,158,3,1,0,1,0,0,3,1,
LTMD_U1_W3_SPANISH_STRUCTKW_0.1,U1-H2014P4ESA-P159,H2014P4ESA,2014,4,Español,159,3,1,0,1,0,0,0,0,
LTMD_U1_W3_SPANISH_STRUCTKW_0.1,U1-H2014P4ESA-P160,H2014P4ESA,2014,4,Español,160,3,1,0,1,0,0,0,0,
LTMD_U1_W3_SPANISH_STRUCTKW_0.1,U1-H2014P4ESA-P161,H2014P4ESA,2014,4,Español,161,6,1,0,1,0,0,0,0,
LTMD_U1_W3_SPANISH_STRUCTKW_0.1,U1-H2014P4LEA-P001,H2014P4LEA,2014,4,Español. Libro de lectura,1,,1,1,0,0,0,0,0,
LTMD_U1_W3_SPANISH_STRUCTKW_0.1,U1-H2014P4LEA-P002,H2014P4LEA,2014,4,Español. Libro de lectura,2,3,1,1,0,0,1,7,2,
LTMD_U1_W3_SPANISH_STRUCTKW_0.1,U1-H2014P4LEA-P003,H2014P4LEA,2014,4,Español. Libro de lectura,3,3,1,1,0,0,0,1,1,
LTMD_U1_W3_SPANISH_STRUCTKW_0.1,U1-H2014P4LEA-P004,H2014P4LEA,2014,4,Español. Libro de lectura,4,3,1,1,0,0,0,0,0,
LTMD_U1_W3_SPANISH_STRUCTKW_0.1,U1-H2014P4LEA-P005,H2014P4LEA,2014,4,Español. Libro de lectura,5,3,1,1,0,0,0,0,0,
LTMD_U1_W3_SPANISH_STRUCTKW_0.1,U1-H2014P4LEA-P006,H2014P4LEA,2014,4,Español. Libro de lectura,6,3,1,1,0,0,0,0,0,
LTMD_U1_W3_SPANISH_STRUCTKW_0.1,U1-H2014P4LEA-P007,H2014P4LEA,2014,4,Español. Libro de lectura,7,3,1,1,0,0,0,1,1,
LTMD_U1_W3_SPANISH_STRUCTKW_0.1,U1-H2014P4LEA-P008,H2014P4LEA,2014,4,Español. Libro de lectura,8,3,1,1,0,0,0,0,0,
LTMD_U1_W3_SPANISH_STRUCTKW_0.1,U1-H2014P4LEA-P009,H2014P4LEA,2014,4,Español. Libro de lectura,9,3,1,1,0,0,0,0,0,
LTMD_U1_W3_SPANISH_STRUCTKW_0.1,U1-H2014P4LEA-P010,H2014P4LEA,2014,4,Español. Libro de lectura,10,3,1,1,0,0,0,0,0,
LTMD_U1_W3_SPANISH_STRUCTKW_0.1,U1-H2014P4LEA-P011,H2014P4LEA,2014,4,Español. Libro de lectura,11,3,1,1,0,0,0,0,0,
LTMD_U1_W3_SPANISH_STRUCTKW_0.1,U1-H2014P4LEA-P012,H2014P4LEA,2014,4,Español. Libro de lectura,12,3,1,1,0,0,0,0,0,
LTMD_U1_W3_SPANISH_STRUCTKW_0.1,U1-H2014P4LEA-P013,H2014P4LEA,2014,4,Español. Libro de lectura,13,3,1,1,0,0,0,0,0,
LTMD_U1_W3_SPANISH_STRUCTKW_0.1,U1-H2014P4LEA-P014,H2014P4LEA,2014,4,Español. Libro de lectura,14,3,1,1,0,0,0,0,0,
LTMD_U1_W3_SPANISH_STRUCTKW_0.1,U1-H2014P4LEA-P015,H2014P4LEA,2014,4,Español. Libro de lectura,15,3,1,1,0,0,0,0,0,
LTMD_U1_W3_SPANISH_STRUCTKW_0.1,U1-H2014P4LEA-P016,H2014P4LEA,2014,4,Español. Libro de lectura,16,3,1,1,0,0,0,0,0,
LTMD_U1_W3_SPANISH_STRUCTKW_0.1,U1-H2014P4LEA-P146,H2014P4LEA,2014,4,Español. Libro de lectura,146,3,1,0,1,0,0,0,0,
LTMD_U1_W3_SPANISH_STRUCTKW_0.1,U1-H2014P4LEA-P147,H2014P4LEA,2014,4,Español. Libro de lectura,147,3,1,0,1,0,0,0,0,
LTMD_U1_W3_SPANISH_STRUCTKW_0.1,U1-H2014P4LEA-P148,H2014P4LEA,2014,4,Español. Libro de lectura,148,3,1,0,1,0,0,0,0,
LTMD_U1_W3_SPANISH_STRUCTKW_0.1,U1-H2014P4LEA-P149,H2014P4LEA,2014,4,Español. Libro de lectura,149,3,1,0,1,0,1,0,1,
LTMD_U1_W3_SPANISH_STRUCTKW_0.1,U1-H2014P4LEA-P150,H2014P4LEA,2014,4,Español. Libro de lectura,150,3,1,0,1,0,0,0,0,
LTMD_U1_W3_SPANISH_STRUCTKW_0.1,U1-H2014P4LEA-P151,H2014P4LEA,2014,4,Español. Libro de lectura,151,3,1,0,1,0,0,0,0,
LTMD_U1_W3_SPANISH_STRUCTKW_0.1,U1-H2014P4LEA-P152,H2014P4LEA,2014,4,Español. Libro de lectura,152,3,1,0,1,0,0,0,0,
LTMD_U1_W3_SPANISH_STRUCTKW_0.1,U1-H2014P4LEA-P153,H2014P4LEA,2014,4,Español. Libro de lectura,153,3,1,0,1,0,0,0,0,
LTMD_U1_W3_SPANISH_STRUCTKW_0.1,U1-H2014P4LEA-P154,H2014P4LEA,2014,4,Español. Libro de lectura,154,3,1,0,1,0,0,0,0,
LTMD_U1_W3_SPANISH_STRUCTKW_0.1,U1-H2014P4LEA-P155,H2014P4LEA,2014,4,Español. Libro de lectura,155,3,1,0,1,0,0,0,0,
LTMD_U1_W3_SPANISH_STRUCTKW_0.1,U1-H2014P4LEA-P156,H2014P4LEA,2014,4,Español. Libro de lectura,156,3,1,0,1,0,0,0,0,
LTMD_U1_W3_SPANISH_STRUCTKW_0.1,U1-H2014P4LEA-P157,H2014P4LEA,2014,4,Español. Libro de lectura,157,3,1,0,1,0,0,0,0,
LTMD_U1_W3_SPANISH_STRUCTKW_0.1,U1-H2014P4LEA-P158,H2014P4LEA,2014,4,Español. Libro de lectura,158,3,1,0,1,0,0,0,0,
LTMD_U1_W3_SPANISH_STRUCTKW_0.1,U1-H2014P4LEA-P159,H2014P4LEA,2014,4,Español. Libro de lectura,159,3,1,0,1,0,0,0,0,
LTMD_U1_W3_SPANISH_STRUCTKW_0.1,U1-H2014P4LEA-P160,H2014P4LEA,2014,4,Español. Libro de lectura,160,3,1,0,1,0,0,2,1,
LTMD_U1_W3_SPANISH_STRUCTKW_0.1,U1-H2014P4LEA-P161,H2014P4LEA,2014,4,Español. Libro de lectura,161,6,1,0,1,0,0,0,0,
LTMD_U1_W3_SPANISH_STRUCTKW_0.1,U1-H2014P5ESA-P001,H2014P5ESA,2014,5,Español,1,6,1,1,0,0,0,0,0,
LTMD_U1_W3_SPANISH_STRUCTKW_0.1,U1-H2014P5ESA-P002,H2014P5ESA,2014,5,Español,2,3,1,1,0,0,0,8,1,
LTMD_U1_W3_SPANISH_STRUCTKW_0.1,U1-H2014P5ESA-P003,H2014P5ESA,2014,5,Español,3,3,1,1,0,0,2,1,2,
LTMD_U1_W3_SPANISH_STRUCTKW_0.1,U1-H2014P5ESA-P004,H2014P5ESA,2014,5,Español,4,3,1,1,0,0,1,0,1,
LTMD_U1_W3_SPANISH_STRUCTKW_0.1,U1-H2014P5ESA-P005,H2014P5ESA,2014,5,Español,5,3,1,1,0,1,0,0,1,
LTMD_U1_W3_SPANISH_STRUCTKW_0.1,U1-H2014P5ESA-P006,H2014P5ESA,2014,5,Español,6,3,1,1,0,2,1,0,2,
LTMD_U1_W3_SPANISH_STRUCTKW_0.1,U1-H2014P5ESA-P007,H2014P5ESA,2014,5,Español,7,3,1,1,0,0,1,1,2,
LTMD_U1_W3_SPANISH_STRUCTKW_0.1,U1-H2014P5ESA-P008,H2014P5ESA,2014,5,Español,8,3,1,1,0,0,0,0,0,
LTMD_U1_W3_SPANISH_STRUCTKW_0.1,U1-H2014P5ESA-P009,H2014P5ESA,2014,5,Español,9,3,1,1,0,0,0,0,0,
LTMD_U1_W3_SPANISH_STRUCTKW_0.1,U1-H2014P5ESA-P010,H2014P5ESA,2014,5,Español,10,3,1,1,0,0,0,0,0,
LTMD_U1_W3_SPANISH_STRUCTKW_0.1,U1-H2014P5ESA-P011,H2014P5ESA,2014,5,Español,11,3,1,1,0,0,1,1,2,
LTMD_U1_W3_SPANISH_STRUCTKW_0.1,U1-H2014P5ESA-P012,H2014P5ESA,2014,5,Español,12,3,1,1,0,0,0,0,0,
LTMD_U1_W3_SPANISH_STRUCTKW_0.1,U1-H2014P5ESA-P013,H2014P5ESA,2014,5,Español,13,3,1,1,0,0,1,0,1,
LTMD_U1_W3_SPANISH_STRUCTKW_0.1,U1-H2014P5ESA-P014,H2014P5ESA,2014,5,Español,14,3,1,1,0,0,0,0,0,
LTMD_U1_W3_SPANISH_STRUCTKW_0.1,U1-H2014P5ESA-P015,H2014P5ESA,2014,5,Español,15,3,1,1,0,0,0,0,0,
LTMD_U1_W3_SPANISH_STRUCTKW_0.1,U1-H2014P5ESA-P016,H2014P5ESA,2014,5,Español,16,3,1,1,0,1,1,0,2,
LTMD_U1_W3_SPANISH_STRUCTKW_0.1,U1-H2014P5ESA-P162,H2014P5ESA,2014,5,Español,162,3,1,0,1,0,1,0,1,
LTMD_U1_W3_SPANISH_STRUCTKW_0.1,U1-H2014P5ESA-P163,H2014P5ESA,2014,5,Español,163,3,1,0,1,0,0,0,0,
LTMD_U1_W3_SPANISH_STRUCTKW_0.1,U1-H2014P5ESA-P164,H2014P5ESA,2014,5,Español,164,3,1,0,1,0,2,0,1,
LTMD_U1_W3_SPANISH_STRUCTKW_0.1,U1-H2014P5ESA-P165,H2014P5ESA,2014,5,Español,165,3,1,0,1,0,0,1,1,
LTMD_U1_W3_SPANISH_STRUCTKW_0.1,U1-H2014P5ESA-P166,H2014P5ESA,2014,5,Español,166,3,1,0,1,0,2,0,1,
LTMD_U1_W3_SPANISH_STRUCTKW_0.1,U1-H2014P5ESA-P167,H2014P5ESA,2014,5,Español,167,3,1,0,1,1,1,1,3,
LTMD_U1_W3_SPANISH_STRUCTKW_0.1,U1-H2014P5ESA-P168,H2014P5ESA,2014,5,Español,168,3,1,0,1,0,0,0,0,
LTMD_U1_W3_SPANISH_STRUCTKW_0.1,U1-H2014P5ESA-P169,H2014P5ESA,2014,5,Español,169,3,1,0,1,0,0,0,0,
LTMD_U1_W3_SPANISH_STRUCTKW_0.1,U1-H2014P5ESA-P170,H2014P5ESA,2014,5,Español,170,3,1,0,1,0,2,0,1,
LTMD_U1_W3_SPANISH_STRUCTKW_0.1,U1-H2014P5ESA-P171,H2014P5ESA,2014,5,Español,171,3,1,0,1,1,0,1,2,
LTMD_U1_W3_SPANISH_STRUCTKW_0.1,U1-H2014P5ESA-P172,H2014P5ESA,2014,5,Español,172,3,1,0,1,0,0,1,1,
LTMD_U1_W3_SPANISH_STRUCTKW_0.1,U1-H2014P5ESA-P173,H2014P5ESA,2014,5,Español,173,3,1,0,1,1,0,1,2,
LTMD_U1_W3_SPANISH_STRUCTKW_0.1,U1-H2014P5ESA-P174,H2014P5ESA,2014,5,Español,174,3,1,0,1,0,0,1,1,
LTMD_U1_W3_SPANISH_STRUCTKW_0.1,U1-H2014P5ESA-P175,H2014P5ESA,2014,5,Español,175,3,1,0,1,0,0,0,0,
LTMD_U1_W3_SPANISH_STRUCTKW_0.1,U1-H2014P5ESA-P176,H2014P5ESA,2014,5,Español,176,3,1,0,1,0,0,0,0,
LTMD_U1_W3_SPANISH_STRUCTKW_0.1,U1-H2014P5ESA-P177,H2014P5ESA,2014,5,Español,177,6,1,0,1,0,0,0,0,
LTMD_U1_W3_SPANISH_STRUCTKW_0.1,U1-H2014P5LEA-P001,H2014P5LEA,2014,5,Español. Libro de lectura,1,,1,1,0,0,0,0,0,
LTMD_U1_W3_SPANISH_STRUCTKW_0.1,U1-H2014P5LEA-P002,H2014P5LEA,2014,5,Español. Libro de lectura,2,3,1,1,0,0,1,7,2,
LTMD_U1_W3_SPANISH_STRUCTKW_0.1,U1-H2014P5LEA-P003,H2014P5LEA,2014,5,Español. Libro de lectura,3,3,1,1,0,0,0,1,1,
LTMD_U1_W3_SPANISH_STRUCTKW_0.1,U1-H2014P5LEA-P004,H2014P5LEA,2014,5,Español. Libro de lectura,4,3,1,1,0,0,0,0,0,
LTMD_U1_W3_SPANISH_STRUCTKW_0.1,U1-H2014P5LEA-P005,H2014P5LEA,2014,5,Español. Libro de lectura,5,3,1,1,0,0,0,0,0,
LTMD_U1_W3_SPANISH_STRUCTKW_0.1,U1-H2014P5LEA-P006,H2014P5LEA,2014,5,Español. Libro de lectura,6,3,1,1,0,0,1,0,1,
LTMD_U1_W3_SPANISH_STRUCTKW_0.1,U1-H2014P5LEA-P007,H2014P5LEA,2014,5,Español. Libro de lectura,7,3,1,1,0,0,0,1,1,
LTMD_U1_W3_SPANISH_STRUCTKW_0.1,U1-H2014P5LEA-P008,H2014P5LEA,2014,5,Español. Libro de lectura,8,3,1,1,0,0,0,0,0,
LTMD_U1_W3_SPANISH_STRUCTKW_0.1,U1-H2014P5LEA-P009,H2014P5LEA,2014,5,Español. Libro de lectura,9,3,1,1,0,0,0,0,0,
LTMD_U1_W3_SPANISH_STRUCTKW_0.1,U1-H2014P5LEA-P010,H2014P5LEA,2014,5,Español. Libro de lectura,10,3,1,1,0,0,0,0,0,
LTMD_U1_W3_SPANISH_STRUCTKW_0.1,U1-H2014P5LEA-P011,H2014P5LEA,2014,5,Español. Libro de lectura,11,3,1,1,0,0,0,0,0,
LTMD_U1_W3_SPANISH_STRUCTKW_0.1,U1-H2014P5LEA-P012,H2014P5LEA,2014,5,Español. Libro de lectura,12,3,1,1,0,1,0,0,1,
LTMD_U1_W3_SPANISH_STRUCTKW_0.1,U1-H2014P5LEA-P013,H2014P5LEA,2014,5,Español. Libro de lectura,13,3,1,1,0,0,0,0,0,
LTMD_U1_W3_SPANISH_STRUCTKW_0.1,U1-H2014P5LEA-P014,H2014P5LEA,2014,5,Español. Libro de lectura,14,3,1,1,0,0,0,0,0,
LTMD_U1_W3_SPANISH_STRUCTKW_0.1,U1-H2014P5LEA-P015,H2014P5LEA,2014,5,Español. Libro de lectura,15,3,1,1,0,0,0,0,0,
LTMD_U1_W3_SPANISH_STRUCTKW_0.1,U1-H2014P5LEA-P016,H2014P5LEA,2014,5,Español. Libro de lectura,16,3,1,1,0,0,0,0,0,
LTMD_U1_W3_SPANISH_STRUCTKW_0.1,U1-H2014P5LEA-P146,H2014P5LEA,2014,5,Español. Libro de lectura,146,3,1,0,1,0,0,0,0,
LTMD_U1_W3_SPANISH_STRUCTKW_0.1,U1-H2014P5LEA-P147,H2014P5LEA,2014,5,Español. Libro de lectura,147,3,1,0,1,0,0,0,0,
LTMD_U1_W3_SPANISH_STRUCTKW_0.1,U1-H2014P5LEA-P148,H2014P5LEA,2014,5,Español. Libro de lectura,148,3,1,0,1,0,0,0,0,
LTMD_U1_W3_SPANISH_STRUCTKW_0.1,U1-H2014P5LEA-P149,H2014P5LEA,2014,5,Español. Libro de lectura,149,3,1,0,1,0,0,0,0,
LTMD_U1_W3_SPANISH_STRUCTKW_0.1,U1-H2014P5LEA-P150,H2014P5LEA,2014,5,Español. Libro de lectura,150,3,1,0,1,0,0,0,0,
LTMD_U1_W3_SPANISH_STRUCTKW_0.1,U1-H2014P5LEA-P151,H2014P5LEA,2014,5,Español. Libro de lectura,151,3,1,0,1,0,0,0,0,
LTMD_U1_W3_SPANISH_STRUCTKW_0.1,U1-H2014P5LEA-P152,H2014P5LEA,2014,5,Español. Libro de lectura,152,3,1,0,1,0,0,0,0,
LTMD_U1_W3_SPANISH_STRUCTKW_0.1,U1-H2014P5LEA-P153,H2014P5LEA,2014,5,Español. Libro de lectura,153,3,1,0,1,0,1,0,1,
LTMD_U1_W3_SPANISH_STRUCTKW_0.1,U1-H2014P5LEA-P154,H2014P5LEA,2014,5,Español. Libro de lectura,154,3,1,0,1,0,0,0,0,
LTMD_U1_W3_SPANISH_STRUCTKW_0.1,U1-H2014P5LEA-P155,H2014P5LEA,2014,5,Español. Libro de lectura,155,3,1,0,1,0,0,0,0,
LTMD_U1_W3_SPANISH_STRUCTKW_0.1,U1-H2014P5LEA-P156,H2014P5LEA,2014,5,Español. Libro de lectura,156,3,1,0,1,0,0,0,0,
LTMD_U1_W3_SPANISH_STRUCTKW_0.1,U1-H2014P5LEA-P157,H2014P5LEA,2014,5,Español. Libro de lectura,157,3,1,0,1,0,0,0,0,
LTMD_U1_W3_SPANISH_STRUCTKW_0.1,U1-H2014P5LEA-P158,H2014P5LEA,2014,5,Español. Libro de lectura,158,3,1,0,1,0,0,0,0,
LTMD_U1_W3_SPANISH_STRUCTKW_0.1,U1-H2014P5LEA-P159,H2014P5LEA,2014,5,Español. Libro de lectura,159,3,1,0,1,0,0,0,0,
LTMD_U1_W3_SPANISH_STRUCTKW_0.1,U1-H2014P5LEA-P160,H2014P5LEA,2014,5,Español. Libro de lectura,160,3,1,0,1,0,0,1,1,
LTMD_U1_W3_SPANISH_STRUCTKW_0.1,U1-H2014P5LEA-P161,H2014P5LEA,2014,5,Español. Libro de lectura,161,6,1,0,1,0,0,0,0,
LTMD_U1_W3_SPANISH_STRUCTKW_0.1,U1-H2014P6ESA-P001,H2014P6ESA,2014,6,Español,1,3,1,1,0,0,0,0,0,
LTMD_U1_W3_SPANISH_STRUCTKW_0.1,U1-H2014P6ESA-P002,H2014P6ESA,2014,6,Español,2,3,1,1,0,0,0,8,1,
LTMD_U1_W3_SPANISH_STRUCTKW_0.1,U1-H2014P6ESA-P003,H2014P6ESA,2014,6,Español,3,3,1,1,0,0,2,1,2,
LTMD_U1_W3_SPANISH_STRUCTKW_0.1,U1-H2014P6ESA-P004,H2014P6ESA,2014,6,Español,4,3,1,1,0,1,2,0,2,
LTMD_U1_W3_SPANISH_STRUCTKW_0.1,U1-H2014P6ESA-P005,H2014P6ESA,2014,6,Español,5,3,1,1,0,0,2,0,1,
LTMD_U1_W3_SPANISH_STRUCTKW_0.1,U1-H2014P6ESA-P006,H2014P6ESA,2014,6,Español,6,3,1,1,0,2,1,0,2,
LTMD_U1_W3_SPANISH_STRUCTKW_0.1,U1-H2014P6ESA-P007,H2014P6ESA,2014,6,Español,7,3,1,1,0,0,2,1,2,
LTMD_U1_W3_SPANISH_STRUCTKW_0.1,U1-H2014P6ESA-P008,H2014P6ESA,2014,6,Español,8,3,1,1,0,0,0,0,0,
LTMD_U1_W3_SPANISH_STRUCTKW_0.1,U1-H2014P6ESA-P009,H2014P6ESA,2014,6,Español,9,3,1,1,0,1,1,0,2,
LTMD_U1_W3_SPANISH_STRUCTKW_0.1,U1-H2014P6ESA-P010,H2014P6ESA,2014,6,Español,10,3,1,1,0,0,1,0,1,
LTMD_U1_W3_SPANISH_STRUCTKW_0.1,U1-H2014P6ESA-P011,H2014P6ESA,2014,6,Español,11,3,1,1,0,0,1,0,1,
LTMD_U1_W3_SPANISH_STRUCTKW_0.1,U1-H2014P6ESA-P012,H2014P6ESA,2014,6,Español,12,3,1,1,0,0,1,0,1,
LTMD_U1_W3_SPANISH_STRUCTKW_0.1,U1-H2014P6ESA-P013,H2014P6ESA,2014,6,Español,13,3,1,1,0,0,1,0,1,
LTMD_U1_W3_SPANISH_STRUCTKW_0.1,U1-H2014P6ESA-P014,H2014P6ESA,2014,6,Español,14,3,1,1,0,0,1,0,1,
LTMD_U1_W3_SPANISH_STRUCTKW_0.1,U1-H2014P6ESA-P015,H2014P6ESA,2014,6,Español,15,3,1,1,0,0,1,0,1,
LTMD_U1_W3_SPANISH_STRUCTKW_0.1,U1-H2014P6ESA-P016,H2014P6ESA,2014,6,Español,16,3,1,1,0,0,2,0,1,
LTMD_U1_W3_SPANISH_STRUCTKW_0.1,U1-H2014P6ESA-P170,H2014P6ESA,2014,6,Español,170,3,1,0,1,0,0,0,0,
LTMD_U1_W3_SPANISH_STRUCTKW_0.1,U1-H2014P6ESA-P171,H2014P6ESA,2014,6,Español,171,3,1,0,1,0,1,0,1,
LTMD_U1_W3_SPANISH_STRUCTKW_0.1,U1-H2014P6ESA-P172,H2014P6ESA,2014,6,Español,172,3,1,0,1,0,1,0,1,
LTMD_U1_W3_SPANISH_STRUCTKW_0.1,U1-H2014P6ESA-P173,H2014P6ESA,2014,6,Español,173,3,1,0,1,1,0,0,1,
LTMD_U1_W3_SPANISH_STRUCTKW_0.1,U1-H2014P6ESA-P174,H2014P6ESA,2014,6,Español,174,3,1,0,1,1,1,0,2,
LTMD_U1_W3_SPANISH_STRUCTKW_0.1,U1-H2014P6ESA-P175,H2014P6ESA,2014,6,Español,175,3,1,0,1,1,0,0,1,
LTMD_U1_W3_SPANISH_STRUCTKW_0.1,U1-H2014P6ESA-P176,H2014P6ESA,2014,6,Español,176,3,1,0,1,1,3,0,2,
LTMD_U1_W3_SPANISH_STRUCTKW_0.1,U1-H2014P6ESA-P177,H2014P6ESA,2014,6,Español,177,3,1,0,1,0,1,0,1,
LTMD_U1_W3_SPANISH_STRUCTKW_0.1,U1-H2014P6ESA-P178,H2014P6ESA,2014,6,Español,178,3,1,0,1,0,1,0,1,
LTMD_U1_W3_SPANISH_STRUCTKW_0.1,U1-H2014P6ESA-P179,H2014P6ESA,2014,6,Español,179,3,1,0,1,0,0,0,0,
LTMD_U1_W3_SPANISH_STRUCTKW_0.1,U1-H2014P6ESA-P180,H2014P6ESA,2014,6,Español,180,,1,0,1,0,0,0,0,
LTMD_U1_W3_SPANISH_STRUCTKW_0.1,U1-H2014P6ESA-P181,H2014P6ESA,2014,6,Español,181,3,1,0,1,0,0,1,1,
LTMD_U1_W3_SPANISH_STRUCTKW_0.1,U1-H2014P6ESA-P182,H2014P6ESA,2014,6,Español,182,3,1,0,1,0,0,0,0,
LTMD_U1_W3_SPANISH_STRUCTKW_0.1,U1-H2014P6ESA-P183,H2014P6ESA,2014,6,Español,183,3,1,0,1,0,0,0,0,
LTMD_U1_W3_SPANISH_STRUCTKW_0.1,U1-H2014P6ESA-P184,H2014P6ESA,2014,6,Español,184,3,1,0,1,0,0,0,0,
LTMD_U1_W3_SPANISH_STRUCTKW_0.1,U1-H2014P6ESA-P185,H2014P6ESA,2014,6,Español,185,6,1,0,1,0,0,0,0,
LTMD_U1_W3_SPANISH_STRUCTKW_0.1,U1-H2014P6LEA-P001,H2014P6LEA,2014,6,Español. Libro de lectura,1,3,1,1,0,0,0,0,0,
LTMD_U1_W3_SPANISH_STRUCTKW_0.1,U1-H2014P6LEA-P002,H2014P6LEA,2014,6,Español. Libro de lectura,2,3,1,1,0,0,0,7,1,
LTMD_U1_W3_SPANISH_STRUCTKW_0.1,U1-H2014P6LEA-P003,H2014P6LEA,2014,6,Español. Libro de lectura,3,3,1,1,0,0,0,1,1,
LTMD_U1_W3_SPANISH_STRUCTKW_0.1,U1-H2014P6LEA-P004,H2014P6LEA,2014,6,Español. Libro de lectura,4,3,1,1,0,0,0,0,0,
LTMD_U1_W3_SPANISH_STRUCTKW_0.1,U1-H2014P6LEA-P005,H2014P6LEA,2014,6,Español. Libro de lectura,5,3,1,1,0,0,0,0,0,
LTMD_U1_W3_SPANISH_STRUCTKW_0.1,U1-H2014P6LEA-P006,H2014P6LEA,2014,6,Español. Libro de lectura,6,3,1,1,0,0,1,0,1,
LTMD_U1_W3_SPANISH_STRUCTKW_0.1,U1-H2014P6LEA-P007,H2014P6LEA,2014,6,Español. Libro de lectura,7,3,1,1,0,0,0,1,1,
LTMD_U1_W3_SPANISH_STRUCTKW_0.1,U1-H2014P6LEA-P008,H2014P6LEA,2014,6,Español. Libro de lectura,8,3,1,1,0,0,0,0,0,
LTMD_U1_W3_SPANISH_STRUCTKW_0.1,U1-H2014P6LEA-P009,H2014P6LEA,2014,6,Español. Libro de lectura,9,3,1,1,0,0,0,0,0,
LTMD_U1_W3_SPANISH_STRUCTKW_0.1,U1-H2014P6LEA-P010,H2014P6LEA,2014,6,Español. Libro de lectura,10,3,1,1,0,0,0,0,0,
LTMD_U1_W3_SPANISH_STRUCTKW_0.1,U1-H2014P6LEA-P011,H2014P6LEA,2014,6,Español. Libro de lectura,11,3,1,1,0,0,0,0,0,
LTMD_U1_W3_SPANISH_STRUCTKW_0.1,U1-H2014P6LEA-P012,H2014P6LEA,2014,6,Español. Libro de lectura,12,3,1,1,0,0,0,0,0,
LTMD_U1_W3_SPANISH_STRUCTKW_0.1,U1-H2014P6LEA-P013,H2014P6LEA,2014,6,Español. Libro de lectura,13,3,1,1,0,0,1,0,1,
LTMD_U1_W3_SPANISH_STRUCTKW_0.1,U1-H2014P6LEA-P014,H2014P6LEA,2014,6,Español. Libro de lectura,14,3,1,1,0,0,0,0,0,
LTMD_U1_W3_SPANISH_STRUCTKW_0.1,U1-H2014P6LEA-P015,H2014P6LEA,2014,6,Español. Libro de lectura,15,3,1,1,0,0,2,0,1,
LTMD_U1_W3_SPANISH_STRUCTKW_0.1,U1-H2014P6LEA-P016,H2014P6LEA,2014,6,Español. Libro de lectura,16,3,1,1,0,0,0,0,0,
LTMD_U1_W3_SPANISH_STRUCTKW_0.1,U1-H2014P6LEA-P146,H2014P6LEA,2014,6,Español. Libro de lectura,146,3,1,0,1,0,0,0,0,
LTMD_U1_W3_SPANISH_STRUCTKW_0.1,U1-H2014P6LEA-P147,H2014P6LEA,2014,6,Español. Libro de lectura,147,3,1,0,1,0,0,0,0,
LTMD_U1_W3_SPANISH_STRUCTKW_0.1,U1-H2014P6LEA-P148,H2014P6LEA,2014,6,Español. Libro de lectura,148,3,1,0,1,0,0,0,0,
LTMD_U1_W3_SPANISH_STRUCTKW_0.1,U1-H2014P6LEA-P149,H2014P6LEA,2014,6,Español. Libro de lectura,149,3,1,0,1,0,0,0,0,
LTMD_U1_W3_SPANISH_STRUCTKW_0.1,U1-H2014P6LEA-P150,H2014P6LEA,2014,6,Español. Libro de lectura,150,3,1,0,1,0,0,0,0,
LTMD_U1_W3_SPANISH_STRUCTKW_0.1,U1-H2014P6LEA-P151,H2014P6LEA,2014,6,Español. Libro de lectura,151,3,1,0,1,0,0,0,0,
LTMD_U1_W3_SPANISH_STRUCTKW_0.1,U1-H2014P6LEA-P152,H2014P6LEA,2014,6,Español. Libro de lectura,152,3,1,0,1,0,0,0,0,
LTMD_U1_W3_SPANISH_STRUCTKW_0.1,U1-H2014P6LEA-P153,H2014P6LEA,2014,6,Español. Libro de lectura,153,3,1,0,1,0,0,0,0,
LTMD_U1_W3_SPANISH_STRUCTKW_0.1,U1-H2014P6LEA-P154,H2014P6LEA,2014,6,Español. Libro de lectura,154,3,1,0,1,0,0,0,0,
LTMD_U1_W3_SPANISH_STRUCTKW_0.1,U1-H2014P6LEA-P155,H2014P6LEA,2014,6,Español. Libro de lectura,155,3,1,0,1,0,0,0,0,
LTMD_U1_W3_SPANISH_STRUCTKW_0.1,U1-H2014P6LEA-P156,H2014P6LEA,2014,6,Español. Libro de lectura,156,3,1,0,1,0,0,0,0,
LTMD_U1_W3_SPANISH_STRUCTKW_0.1,U1-H2014P6LEA-P157,H2014P6LEA,2014,6,Español. Libro de lectura,157,,1,0,1,0,0,0,0,
LTMD_U1_W3_SPANISH_STRUCTKW_0.1,U1-H2014P6LEA-P158,H2014P6LEA,2014,6,Español. Libro de lectura,158,3,1,0,1,0,0,1,1,
LTMD_U1_W3_SPANISH_STRUCTKW_0.1,U1-H2014P6LEA-P159,H2014P6LEA,2014,6,Español. Libro de lectura,159,3,1,0,1,0,0,1,1,
LTMD_U1_W3_SPANISH_STRUCTKW_0.1,U1-H2014P6LEA-P160,H2014P6LEA,2014,6,Español. Libro de lectura,160,3,1,0,1,0,0,0,0,
LTMD_U1_W3_SPANISH_STRUCTKW_0.1,U1-H2014P6LEA-P161,H2014P6LEA,2014,6,Español. Libro de lectura,161,6,1,0,1,0,0,0,0,
LTMD_U1_W3_SPANISH_STRUCTKW_0.1,U1-H2018P1ESA-P001,H2018P1ESA,2018,1,Lengua materna. Español,1,3,1,1,0,0,0,0,0,
LTMD_U1_W3_SPANISH_STRUCTKW_0.1,U1-H2018P1ESA-P002,H2018P1ESA,2018,1,Lengua materna. Español,2,3,1,1,0,0,1,4,2,
LTMD_U1_W3_SPANISH_STRUCTKW_0.1,U1-H2018P1ESA-P003,H2018P1ESA,2018,1,Lengua materna. Español,3,3,1,1,0,1,0,1,2,
LTMD_U1_W3_SPANISH_STRUCTKW_0.1,U1-H2018P1ESA-P004,H2018P1ESA,2018,1,Lengua materna. Español,4,3,1,1,0,2,1,0,2,
LTMD_U1_W3_SPANISH_STRUCTKW_0.1,U1-H2018P1ESA-P005,H2018P1ESA,2018,1,Lengua materna. Español,5,3,1,1,0,0,0,2,1,
LTMD_U1_W3_SPANISH_STRUCTKW_0.1,U1-H2018P1ESA-P006,H2018P1ESA,2018,1,Lengua materna. Español,6,3,1,1,0,1,1,1,3,
LTMD_U1_W3_SPANISH_STRUCTKW_0.1,U1-H2018P1ESA-P007,H2018P1ESA,2018,1,Lengua materna. Español,7,3,1,1,0,0,0,0,0,
LTMD_U1_W3_SPANISH_STRUCTKW_0.1,U1-H2018P1ESA-P008,H2018P1ESA,2018,1,Lengua materna. Español,8,3,1,1,0,0,0,0,0,
LTMD_U1_W3_SPANISH_STRUCTKW_0.1,U1-H2018P1ESA-P009,H2018P1ESA,2018,1,Lengua materna. Español,9,3,1,1,0,0,0,0,0,
LTMD_U1_W3_SPANISH_STRUCTKW_0.1,U1-H2018P1ESA-P010,H2018P1ESA,2018,1,Lengua materna. Español,10,3,1,1,0,0,0,0,0,
LTMD_U1_W3_SPANISH_STRUCTKW_0.1,U1-H2018P1ESA-P011,H2018P1ESA,2018,1,Lengua materna. Español,11,3,1,1,0,0,0,0,0,
LTMD_U1_W3_SPANISH_STRUCTKW_0.1,U1-H2018P1ESA-P012,H2018P1ESA,2018,1,Lengua materna. Español,12,3,1,1,0,0,0,0,0,
LTMD_U1_W3_SPANISH_STRUCTKW_0.1,U1-H2018P1ESA-P013,H2018P1ESA,2018,1,Lengua materna. Español,13,3,1,1,0,0,0,0,0,
LTMD_U1_W3_SPANISH_STRUCTKW_0.1,U1-H2018P1ESA-P014,H2018P1ESA,2018,1,Lengua materna. Español,14,3,1,1,0,0,0,0,0,
LTMD_U1_W3_SPANISH_STRUCTKW_0.1,U1-H2018P1ESA-P015,H2018P1ESA,2018,1,Lengua materna. Español,15,3,1,1,0,0,0,0,0,
LTMD_U1_W3_SPANISH_STRUCTKW_0.1,U1-H2018P1ESA-P016,H2018P1ESA,2018,1,Lengua materna. Español,16,3,1,1,0,1,0,0,1,
LTMD_U1_W3_SPANISH_STRUCTKW_0.1,U1-H2018P1ESA-P210,H2018P1ESA,2018,1,Lengua materna. Español,210,6,1,0,1,0,0,0,0,
LTMD_U1_W3_SPANISH_STRUCTKW_0.1,U1-H2018P1ESA-P211,H2018P1ESA,2018,1,Lengua materna. Español,211,3,1,0,1,0,0,0,0,
LTMD_U1_W3_SPANISH_STRUCTKW_0.1,U1-H2018P1ESA-P212,H2018P1ESA,2018,1,Lengua materna. Español,212,6,1,0,1,0,0,0,0,
LTMD_U1_W3_SPANISH_STRUCTKW_0.1,U1-H2018P1ESA-P213,H2018P1ESA,2018,1,Lengua materna. Español,213,3,1,0,1,0,0,0,0,
LTMD_U1_W3_SPANISH_STRUCTKW_0.1,U1-H2018P1ESA-P214,H2018P1ESA,2018,1,Lengua materna. Español,214,6,1,0,1,0,0,0,0,
LTMD_U1_W3_SPANISH_STRUCTKW_0.1,U1-H2018P1ESA-P215,H2018P1ESA,2018,1,Lengua materna. Español,215,3,1,0,1,0,0,0,0,
LTMD_U1_W3_SPANISH_STRUCTKW_0.1,U1-H2018P1ESA-P216,H2018P1ESA,2018,1,Lengua materna. Español,216,6,1,0,1,0,0,0,0,
LTMD_U1_W3_SPANISH_STRUCTKW_0.1,U1-H2018P1ESA-P217,H2018P1ESA,2018,1,Lengua materna. Español,217,3,1,0,1,0,0,0,0,
LTMD_U1_W3_SPANISH_STRUCTKW_0.1,U1-H2018P1ESA-P218,H2018P1ESA,2018,1,Lengua materna. Español,218,6,1,0,1,0,0,0,0,
LTMD_U1_W3_SPANISH_STRUCTKW_0.1,U1-H2018P1ESA-P219,H2018P1ESA,2018,1,Lengua materna. Español,219,3,1,0,1,0,0,0,0,
LTMD_U1_W3_SPANISH_STRUCTKW_0.1,U1-H2018P1ESA-P220,H2018P1ESA,2018,1,Lengua materna. Español,220,6,1,0,1,0,0,0,0,
LTMD_U1_W3_SPANISH_STRUCTKW_0.1,U1-H2018P1ESA-P221,H2018P1ESA,2018,1,Lengua materna. Español,221,3,1,0,1,0,0,0,0,
LTMD_U1_W3_SPANISH_STRUCTKW_0.1,U1-H2018P1ESA-P222,H2018P1ESA,2018,1,Lengua materna. Español,222,11,1,0,1,0,0,0,0,
LTMD_U1_W3_SPANISH_STRUCTKW_0.1,U1-H2018P1ESA-P223,H2018P1ESA,2018,1,Lengua materna. Español,223,3,1,0,1,0,0,0,0,
LTMD_U1_W3_SPANISH_STRUCTKW_0.1,U1-H2018P1ESA-P224,H2018P1ESA,2018,1,Lengua materna. Español,224,3,1,0,1,0,0,0,0,
LTMD_U1_W3_SPANISH_STRUCTKW_0.1,U1-H2018P1ESA-P225,H2018P1ESA,2018,1,Lengua materna. Español,225,6,1,0,1,0,0,0,0,
LTMD_U1_W3_SPANISH_STRUCTKW_0.1,U1-H2018P1ESM-P001,H2018P1ESM,2018,1,Lengua materna. Español. Docente,1,3,1,1,0,0,0,0,0,
LTMD_U1_W3_SPANISH_STRUCTKW_0.1,U1-H2018P1ESM-P002,H2018P1ESM,2018,1,Lengua materna. Español. Docente,2,3,1,1,0,0,1,4,2,
LTMD_U1_W3_SPANISH_STRUCTKW_0.1,U1-H2018P1ESM-P003,H2018P1ESM,2018,1,Lengua materna. Español. Docente,3,3,1,1,0,2,1,1,3,
LTMD_U1_W3_SPANISH_STRUCTKW_0.1,U1-H2018P1ESM-P004,H2018P1ESM,2018,1,Lengua materna. Español. Docente,4,3,1,1,0,2,3,0,2,
LTMD_U1_W3_SPANISH_STRUCTKW_0.1,U1-H2018P1ESM-P005,H2018P1ESM,2018,1,Lengua materna. Español. Docente,5,3,1,1,0,0,1,2,2,
LTMD_U1_W3_SPANISH_STRUCTKW_0.1,U1-H2018P1ESM-P006,H2018P1ESM,2018,1,Lengua materna. Español. Docente,6,3,1,1,0,1,0,1,2,
LTMD_U1_W3_SPANISH_STRUCTKW_0.1,U1-H2018P1ESM-P007,H2018P1ESM,2018,1,Lengua materna. Español. Docente,7,3,1,1,0,0,2,0,1,
LTMD_U1_W3_SPANISH_STRUCTKW_0.1,U1-H2018P1ESM-P008,H2018P1ESM,2018,1,Lengua materna. Español. Docente,8,3,1,1,0,0,0,0,0,
LTMD_U1_W3_SPANISH_STRUCTKW_0.1,U1-H2018P1ESM-P009,H2018P1ESM,2018,1,Lengua materna. Español. Docente,9,3,1,1,0,0,0,0,0,
LTMD_U1_W3_SPANISH_STRUCTKW_0.1,U1-H2018P1ESM-P010,H2018P1ESM,2018,1,Lengua materna. Español. Docente,10,3,1,1,0,0,1,0,1,
LTMD_U1_W3_SPANISH_STRUCTKW_0.1,U1-H2018P1ESM-P011,H2018P1ESM,2018,1,Lengua materna. Español. Docente,11,3,1,1,0,0,1,1,2,
LTMD_U1_W3_SPANISH_STRUCTKW_0.1,U1-H2018P1ESM-P012,H2018P1ESM,2018,1,Lengua materna. Español. Docente,12,3,1,1,0,0,0,0,0,
LTMD_U1_W3_SPANISH_STRUCTKW_0.1,U1-H2018P1ESM-P013,H2018P1ESM,2018,1,Lengua materna. Español. Docente,13,3,1,1,0,0,0,0,0,
LTMD_U1_W3_SPANISH_STRUCTKW_0.1,U1-H2018P1ESM-P014,H2018P1ESM,2018,1,Lengua materna. Español. Docente,14,3,1,1,0,0,0,0,0,
LTMD_U1_W3_SPANISH_STRUCTKW_0.1,U1-H2018P1ESM-P015,H2018P1ESM,2018,1,Lengua materna. Español. Docente,15,3,1,1,0,0,2,0,1,
LTMD_U1_W3_SPANISH_STRUCTKW_0.1,U1-H2018P1ESM-P016,H2018P1ESM,2018,1,Lengua materna. Español. Docente,16,3,1,1,0,1,1,1,3,
LTMD_U1_W3_SPANISH_STRUCTKW_0.1,U1-H2018P1ESM-P162,H2018P1ESM,2018,1,Lengua materna. Español. Docente,162,3,1,0,1,1,1,0,2,
LTMD_U1_W3_SPANISH_STRUCTKW_0.1,U1-H2018P1ESM-P163,H2018P1ESM,2018,1,Lengua materna. Español. Docente,163,3,1,0,1,0,3,0,1,
LTMD_U1_W3_SPANISH_STRUCTKW_0.1,U1-H2018P1ESM-P164,H2018P1ESM,2018,1,Lengua materna. Español. Docente,164,,1,0,1,0,0,0,0,
LTMD_U1_W3_SPANISH_STRUCTKW_0.1,U1-H2018P1ESM-P165,H2018P1ESM,2018,1,Lengua materna. Español. Docente,165,3,1,0,1,0,1,0,1,
LTMD_U1_W3_SPANISH_STRUCTKW_0.1,U1-H2018P1ESM-P166,H2018P1ESM,2018,1,Lengua materna. Español. Docente,166,3,1,0,1,0,2,0,1,
LTMD_U1_W3_SPANISH_STRUCTKW_0.1,U1-H2018P1ESM-P167,H2018P1ESM,2018,1,Lengua materna. Español. Docente,167,3,1,0,1,0,1,0,1,
LTMD_U1_W3_SPANISH_STRUCTKW_0.1,U1-H2018P1ESM-P168,H2018P1ESM,2018,1,Lengua materna. Español. Docente,168,3,1,0,1,0,0,0,0,
LTMD_U1_W3_SPANISH_STRUCTKW_0.1,U1-H2018P1ESM-P169,H2018P1ESM,2018,1,Lengua materna. Español. Docente,169,3,1,0,1,0,1,0,1,
LTMD_U1_W3_SPANISH_STRUCTKW_0.1,U1-H2018P1ESM-P170,H2018P1ESM,2018,1,Lengua materna. Español. Docente,170,3,1,0,1,0,2,2,2,
LTMD_U1_W3_SPANISH_STRUCTKW_0.1,U1-H2018P1ESM-P171,H2018P1ESM,2018,1,Lengua materna. Español. Docente,171,3,1,0,1,1,0,0,1,
LTMD_U1_W3_SPANISH_STRUCTKW_0.1,U1-H2018P1ESM-P172,H2018P1ESM,2018,1,Lengua materna. Español. Docente,172,3,1,0,1,0,1,0,1,
LTMD_U1_W3_SPANISH_STRUCTKW_0.1,U1-H2018P1ESM-P173,H2018P1ESM,2018,1,Lengua materna. Español. Docente,173,3,1,0,1,1,1,2,3,
LTMD_U1_W3_SPANISH_STRUCTKW_0.1,U1-H2018P1ESM-P174,H2018P1ESM,2018,1,Lengua materna. Español. Docente,174,3,1,0,1,0,0,1,1,
LTMD_U1_W3_SPANISH_STRUCTKW_0.1,U1-H2018P1ESM-P175,H2018P1ESM,2018,1,Lengua materna. Español. Docente,175,3,1,0,1,0,1,3,2,
LTMD_U1_W3_SPANISH_STRUCTKW_0.1,U1-H2018P1ESM-P176,H2018P1ESM,2018,1,Lengua materna. Español. Docente,176,3,1,0,1,0,0,0,0,
LTMD_U1_W3_SPANISH_STRUCTKW_0.1,U1-H2018P1ESM-P177,H2018P1ESM,2018,1,Lengua materna. Español. Docente,177,11,1,0,1,0,0,0,0,
LTMD_U1_W3_SPANISH_STRUCTKW_0.1,U1-H2018P1LEA-P001,H2018P1LEA,2018,1,Lengua materna. Español lecturas,1,3,1,1,0,0,0,0,0,
LTMD_U1_W3_SPANISH_STRUCTKW_0.1,U1-H2018P1LEA-P002,H2018P1LEA,2018,1,Lengua materna. Español lecturas,2,3,1,1,0,0,0,4,1,
LTMD_U1_W3_SPANISH_STRUCTKW_0.1,U1-H2018P1LEA-P003,H2018P1LEA,2018,1,Lengua materna. Español lecturas,3,3,1,1,0,1,0,1,2,
LTMD_U1_W3_SPANISH_STRUCTKW_0.1,U1-H2018P1LEA-P004,H2018P1LEA,2018,1,Lengua materna. Español lecturas,4,3,1,1,0,1,1,0,2,
LTMD_U1_W3_SPANISH_STRUCTKW_0.1,U1-H2018P1LEA-P005,H2018P1LEA,2018,1,Lengua materna. Español lecturas,5,3,1,1,0,0,0,0,0,
LTMD_U1_W3_SPANISH_STRUCTKW_0.1,U1-H2018P1LEA-P006,H2018P1LEA,2018,1,Lengua materna. Español lecturas,6,3,1,1,0,0,0,2,1,
LTMD_U1_W3_SPANISH_STRUCTKW_0.1,U1-H2018P1LEA-P007,H2018P1LEA,2018,1,Lengua materna. Español lecturas,7,3,1,1,0,0,0,0,0,
LTMD_U1_W3_SPANISH_STRUCTKW_0.1,U1-H2018P1LEA-P008,H2018P1LEA,2018,1,Lengua materna. Español lecturas,8,3,1,1,0,0,0,0,0,
LTMD_U1_W3_SPANISH_STRUCTKW_0.1,U1-H2018P1LEA-P009,H2018P1LEA,2018,1,Lengua materna. Español lecturas,9,3,1,1,0,0,0,0,0,
LTMD_U1_W3_SPANISH_STRUCTKW_0.1,U1-H2018P1LEA-P010,H2018P1LEA,2018,1,Lengua materna. Español lecturas,10,3,1,1,0,0,0,0,0,
LTMD_U1_W3_SPANISH_STRUCTKW_0.1,U1-H2018P1LEA-P011,H2018P1LEA,2018,1,Lengua materna. Español lecturas,11,3,1,1,0,0,0,0,0,
LTMD_U1_W3_SPANISH_STRUCTKW_0.1,U1-H2018P1LEA-P012,H2018P1LEA,2018,1,Lengua materna. Español lecturas,12,3,1,1,0,0,0,0,0,
LTMD_U1_W3_SPANISH_STRUCTKW_0.1,U1-H2018P1LEA-P013,H2018P1LEA,2018,1,Lengua materna. Español lecturas,13,3,1,1,0,0,0,0,0,
LTMD_U1_W3_SPANISH_STRUCTKW_0.1,U1-H2018P1LEA-P014,H2018P1LEA,2018,1,Lengua materna. Español lecturas,14,3,1,1,0,0,0,0,0,
LTMD_U1_W3_SPANISH_STRUCTKW_0.1,U1-H2018P1LEA-P015,H2018P1LEA,2018,1,Lengua materna. Español lecturas,15,6,1,1,0,0,0,0,0,
LTMD_U1_W3_SPANISH_STRUCTKW_0.1,U1-H2018P1LEA-P016,H2018P1LEA,2018,1,Lengua materna. Español lecturas,16,3,1,1,0,0,0,0,0,
LTMD_U1_W3_SPANISH_STRUCTKW_0.1,U1-H2018P1LEA-P114,H2018P1LEA,2018,1,Lengua materna. Español lecturas,114,3,1,0,1,0,0,0,0,
LTMD_U1_W3_SPANISH_STRUCTKW_0.1,U1-H2018P1LEA-P115,H2018P1LEA,2018,1,Lengua materna. Español lecturas,115,3,1,0,1,0,0,0,0,
LTMD_U1_W3_SPANISH_STRUCTKW_0.1,U1-H2018P1LEA-P116,H2018P1LEA,2018,1,Lengua materna. Español lecturas,116,3,1,0,1,0,0,0,0,
LTMD_U1_W3_SPANISH_STRUCTKW_0.1,U1-H2018P1LEA-P117,H2018P1LEA,2018,1,Lengua materna. Español lecturas,117,3,1,0,1,0,0,0,0,
LTMD_U1_W3_SPANISH_STRUCTKW_0.1,U1-H2018P1LEA-P118,H2018P1LEA,2018,1,Lengua materna. Español lecturas,118,3,1,0,1,0,0,0,0,
LTMD_U1_W3_SPANISH_STRUCTKW_0.1,U1-H2018P1LEA-P119,H2018P1LEA,2018,1,Lengua materna. Español lecturas,119,3,1,0,1,0,0,0,0,
LTMD_U1_W3_SPANISH_STRUCTKW_0.1,U1-H2018P1LEA-P120,H2018P1LEA,2018,1,Lengua materna. Español lecturas,120,3,1,0,1,0,0,0,0,
LTMD_U1_W3_SPANISH_STRUCTKW_0.1,U1-H2018P1LEA-P121,H2018P1LEA,2018,1,Lengua materna. Español lecturas,121,3,1,0,1,0,0,0,0,
LTMD_U1_W3_SPANISH_STRUCTKW_0.1,U1-H2018P1LEA-P122,H2018P1LEA,2018,1,Lengua materna. Español lecturas,122,3,1,0,1,0,0,0,0,
LTMD_U1_W3_SPANISH_STRUCTKW_0.1,U1-H2018P1LEA-P123,H2018P1LEA,2018,1,Lengua materna. Español lecturas,123,3,1,0,1,0,0,0,0,
LTMD_U1_W3_SPANISH_STRUCTKW_0.1,U1-H2018P1LEA-P124,H2018P1LEA,2018,1,Lengua materna. Español lecturas,124,3,1,0,1,1,0,2,2,
LTMD_U1_W3_SPANISH_STRUCTKW_0.1,U1-H2018P1LEA-P125,H2018P1LEA,2018,1,Lengua materna. Español lecturas,125,3,1,0,1,1,0,2,2,
LTMD_U1_W3_SPANISH_STRUCTKW_0.1,U1-H2018P1LEA-P126,H2018P1LEA,2018,1,Lengua materna. Español lecturas,126,3,1,0,1,1,0,0,1,
LTMD_U1_W3_SPANISH_STRUCTKW_0.1,U1-H2018P1LEA-P127,H2018P1LEA,2018,1,Lengua materna. Español lecturas,127,3,1,0,1,0,0,1,1,
LTMD_U1_W3_SPANISH_STRUCTKW_0.1,U1-H2018P1LEA-P128,H2018P1LEA,2018,1,Lengua materna. Español lecturas,128,3,1,0,1,0,0,1,1,
LTMD_U1_W3_SPANISH_STRUCTKW_0.1,U1-H2018P1LEA-P129,H2018P1LEA,2018,1,Lengua materna. Español lecturas,129,6,1,0,1,0,0,0,0,
LTMD_U1_W3_SPANISH_STRUCTKW_0.1,U1-H2018P2ESA-P001,H2018P2ESA,2018,2,Lengua materna. Español,1,3,1,1,0,0,0,0,0,
LTMD_U1_W3_SPANISH_STRUCTKW_0.1,U1-H2018P2ESA-P002,H2018P2ESA,2018,2,Lengua materna. Español,2,3,1,1,0,0,1,4,2,
LTMD_U1_W3_SPANISH_STRUCTKW_0.1,U1-H2018P2ESA-P003,H2018P2ESA,2018,2,Lengua materna. Español,3,3,1,1,0,1,0,1,2,
LTMD_U1_W3_SPANISH_STRUCTKW_0.1,U1-H2018P2ESA-P004,H2018P2ESA,2018,2,Lengua materna. Español,4,3,1,1,0,2,2,0,2,
LTMD_U1_W3_SPANISH_STRUCTKW_0.1,U1-H2018P2ESA-P005,H2018P2ESA,2018,2,Lengua materna. Español,5,3,1,1,0,0,1,2,2,
LTMD_U1_W3_SPANISH_STRUCTKW_0.1,U1-H2018P2ESA-P006,H2018P2ESA,2018,2,Lengua materna. Español,6,3,1,1,0,1,1,1,3,
LTMD_U1_W3_SPANISH_STRUCTKW_0.1,U1-H2018P2ESA-P007,H2018P2ESA,2018,2,Lengua materna. Español,7,3,1,1,0,0,0,0,0,
LTMD_U1_W3_SPANISH_STRUCTKW_0.1,U1-H2018P2ESA-P008,H2018P2ESA,2018,2,Lengua materna. Español,8,3,1,1,0,0,0,0,0,
LTMD_U1_W3_SPANISH_STRUCTKW_0.1,U1-H2018P2ESA-P009,H2018P2ESA,2018,2,Lengua materna. Español,9,3,1,1,0,0,0,0,0,
LTMD_U1_W3_SPANISH_STRUCTKW_0.1,U1-H2018P2ESA-P010,H2018P2ESA,2018,2,Lengua materna. Español,10,6,1,1,0,0,0,0,0,
LTMD_U1_W3_SPANISH_STRUCTKW_0.1,U1-H2018P2ESA-P011,H2018P2ESA,2018,2,Lengua materna. Español,11,6,1,1,0,0,1,0,1,
LTMD_U1_W3_SPANISH_STRUCTKW_0.1,U1-H2018P2ESA-P012,H2018P2ESA,2018,2,Lengua materna. Español,12,3,1,1,0,0,0,0,0,
LTMD_U1_W3_SPANISH_STRUCTKW_0.1,U1-H2018P2ESA-P013,H2018P2ESA,2018,2,Lengua materna. Español,13,3,1,1,0,0,0,0,0,
LTMD_U1_W3_SPANISH_STRUCTKW_0.1,U1-H2018P2ESA-P014,H2018P2ESA,2018,2,Lengua materna. Español,14,3,1,1,0,0,0,0,0,
LTMD_U1_W3_SPANISH_STRUCTKW_0.1,U1-H2018P2ESA-P015,H2018P2ESA,2018,2,Lengua materna. Español,15,3,1,1,0,0,0,0,0,
LTMD_U1_W3_SPANISH_STRUCTKW_0.1,U1-H2018P2ESA-P016,H2018P2ESA,2018,2,Lengua materna. Español,16,3,1,1,0,0,0,0,0,
LTMD_U1_W3_SPANISH_STRUCTKW_0.1,U1-H2018P2ESA-P210,H2018P2ESA,2018,2,Lengua materna. Español,210,,1,0,1,0,0,0,0,
LTMD_U1_W3_SPANISH_STRUCTKW_0.1,U1-H2018P2ESA-P211,H2018P2ESA,2018,2,Lengua materna. Español,211,3,1,0,1,0,0,0,0,
LTMD_U1_W3_SPANISH_STRUCTKW_0.1,U1-H2018P2ESA-P212,H2018P2ESA,2018,2,Lengua materna. Español,212,3,1,0,1,0,0,0,0,
LTMD_U1_W3_SPANISH_STRUCTKW_0.1,U1-H2018P2ESA-P213,H2018P2ESA,2018,2,Lengua materna. Español,213,3,1,0,1,0,0,0,0,
LTMD_U1_W3_SPANISH_STRUCTKW_0.1,U1-H2018P2ESA-P214,H2018P2ESA,2018,2,Lengua materna. Español,214,3,1,0,1,0,0,0,0,
LTMD_U1_W3_SPANISH_STRUCTKW_0.1,U1-H2018P2ESA-P215,H2018P2ESA,2018,2,Lengua materna. Español,215,3,1,0,1,0,0,0,0,
LTMD_U1_W3_SPANISH_STRUCTKW_0.1,U1-H2018P2ESA-P216,H2018P2ESA,2018,2,Lengua materna. Español,216,3,1,0,1,0,0,0,0,
LTMD_U1_W3_SPANISH_STRUCTKW_0.1,U1-H2018P2ESA-P217,H2018P2ESA,2018,2,Lengua materna. Español,217,3,1,0,1,0,0,0,0,
LTMD_U1_W3_SPANISH_STRUCTKW_0.1,U1-H2018P2ESA-P218,H2018P2ESA,2018,2,Lengua materna. Español,218,3,1,0,1,0,0,0,0,
LTMD_U1_W3_SPANISH_STRUCTKW_0.1,U1-H2018P2ESA-P219,H2018P2ESA,2018,2,Lengua materna. Español,219,3,1,0,1,0,0,0,0,
LTMD_U1_W3_SPANISH_STRUCTKW_0.1,U1-H2018P2ESA-P220,H2018P2ESA,2018,2,Lengua materna. Español,220,3,1,0,1,0,0,0,0,
LTMD_U1_W3_SPANISH_STRUCTKW_0.1,U1-H2018P2ESA-P221,H2018P2ESA,2018,2,Lengua materna. Español,221,3,1,0,1,0,0,0,0,
LTMD_U1_W3_SPANISH_STRUCTKW_0.1,U1-H2018P2ESA-P222,H2018P2ESA,2018,2,Lengua materna. Español,222,3,1,0,1,0,0,0,0,
LTMD_U1_W3_SPANISH_STRUCTKW_0.1,U1-H2018P2ESA-P223,H2018P2ESA,2018,2,Lengua materna. Español,223,3,1,0,1,0,0,0,0,
LTMD_U1_W3_SPANISH_STRUCTKW_0.1,U1-H2018P2ESA-P224,H2018P2ESA,2018,2,Lengua materna. Español,224,3,1,0,1,0,0,0,0,
LTMD_U1_W3_SPANISH_STRUCTKW_0.1,U1-H2018P2ESA-P225,H2018P2ESA,2018,2,Lengua materna. Español,225,6,1,0,1,0,0,0,0,
LTMD_U1_W3_SPANISH_STRUCTKW_0.1,U1-H2018P2ESM-P001,H2018P2ESM,2018,2,Lengua materna. Español. Docente,1,3,1,1,0,0,0,0,0,
LTMD_U1_W3_SPANISH_STRUCTKW_0.1,U1-H2018P2ESM-P002,H2018P2ESM,2018,2,Lengua materna. Español. Docente,2,,1,1,0,0,0,0,0,
LTMD_U1_W3_SPANISH_STRUCTKW_0.1,U1-H2018P2ESM-P003,H2018P2ESM,2018,2,Lengua materna. Español. Docente,3,3,1,1,0,0,0,0,0,
LTMD_U1_W3_SPANISH_STRUCTKW_0.1,U1-H2018P2ESM-P004,H2018P2ESM,2018,2,Lengua materna. Español. Docente,4,3,1,1,0,0,1,5,2,
LTMD_U1_W3_SPANISH_STRUCTKW_0.1,U1-H2018P2ESM-P005,H2018P2ESM,2018,2,Lengua materna. Español. Docente,5,3,1,1,0,2,1,1,3,
LTMD_U1_W3_SPANISH_STRUCTKW_0.1,U1-H2018P2ESM-P006,H2018P2ESM,2018,2,Lengua materna. Español. Docente,6,3,1,1,0,2,3,0,2,
LTMD_U1_W3_SPANISH_STRUCTKW_0.1,U1-H2018P2ESM-P007,H2018P2ESM,2018,2,Lengua materna. Español. Docente,7,3,1,1,0,0,1,2,2,
LTMD_U1_W3_SPANISH_STRUCTKW_0.1,U1-H2018P2ESM-P008,H2018P2ESM,2018,2,Lengua materna. Español. Docente,8,,1,1,0,0,0,0,0,
LTMD_U1_W3_SPANISH_STRUCTKW_0.1,U1-H2018P2ESM-P009,H2018P2ESM,2018,2,Lengua materna. Español. Docente,9,3,1,1,0,1,0,1,2,
LTMD_U1_W3_SPANISH_STRUCTKW_0.1,U1-H2018P2ESM-P010,H2018P2ESM,2018,2,Lengua materna. Español. Docente,10,,1,1,0,0,0,0,0,
LTMD_U1_W3_SPANISH_STRUCTKW_0.1,U1-H2018P2ESM-P011,H2018P2ESM,2018,2,Lengua materna. Español. Docente,11,3,1,1,0,1,2,0,2,
LTMD_U1_W3_SPANISH_STRUCTKW_0.1,U1-H2018P2ESM-P012,H2018P2ESM,2018,2,Lengua materna. Español. Docente,12,3,1,1,0,0,1,0,1,
LTMD_U1_W3_SPANISH_STRUCTKW_0.1,U1-H2018P2ESM-P013,H2018P2ESM,2018,2,Lengua materna. Español. Docente,13,3,1,1,0,0,0,0,0,
LTMD_U1_W3_SPANISH_STRUCTKW_0.1,U1-H2018P2ESM-P014,H2018P2ESM,2018,2,Lengua materna. Español. Docente,14,3,1,1,0,0,2,0,1,
LTMD_U1_W3_SPANISH_STRUCTKW_0.1,U1-H2018P2ESM-P015,H2018P2ESM,2018,2,Lengua materna. Español. Docente,15,3,1,1,0,0,0,1,1,
LTMD_U1_W3_SPANISH_STRUCTKW_0.1,U1-H2018P2ESM-P016,H2018P2ESM,2018,2,Lengua materna. Español. Docente,16,3,1,1,0,0,1,0,1,
LTMD_U1_W3_SPANISH_STRUCTKW_0.1,U1-H2018P2ESM-P162,H2018P2ESM,2018,2,Lengua materna. Español. Docente,162,3,1,0,1,0,2,0,1,
LTMD_U1_W3_SPANISH_STRUCTKW_0.1,U1-H2018P2ESM-P163,H2018P2ESM,2018,2,Lengua materna. Español. Docente,163,3,1,0,1,0,1,0,1,
LTMD_U1_W3_SPANISH_STRUCTKW_0.1,U1-H2018P2ESM-P164,H2018P2ESM,2018,2,Lengua materna. Español. Docente,164,3,1,0,1,0,0,0,0,
LTMD_U1_W3_SPANISH_STRUCTKW_0.1,U1-H2018P2ESM-P165,H2018P2ESM,2018,2,Lengua materna. Español. Docente,165,3,1,0,1,0,4,0,1,
LTMD_U1_W3_SPANISH_STRUCTKW_0.1,U1-H2018P2ESM-P166,H2018P2ESM,2018,2,Lengua materna. Español. Docente,166,3,1,0,1,0,1,0,1,
LTMD_U1_W3_SPANISH_STRUCTKW_0.1,U1-H2018P2ESM-P167,H2018P2ESM,2018,2,Lengua materna. Español. Docente,167,3,1,0,1,1,0,0,1,
LTMD_U1_W3_SPANISH_STRUCTKW_0.1,U1-H2018P2ESM-P168,H2018P2ESM,2018,2,Lengua materna. Español. Docente,168,3,1,0,1,0,0,0,0,
LTMD_U1_W3_SPANISH_STRUCTKW_0.1,U1-H2018P2ESM-P169,H2018P2ESM,2018,2,Lengua materna. Español. Docente,169,3,1,0,1,1,2,0,2,
LTMD_U1_W3_SPANISH_STRUCTKW_0.1,U1-H2018P2ESM-P170,H2018P2ESM,2018,2,Lengua materna. Español. Docente,170,3,1,0,1,1,0,0,1,
LTMD_U1_W3_SPANISH_STRUCTKW_0.1,U1-H2018P2ESM-P171,H2018P2ESM,2018,2,Lengua materna. Español. Docente,171,3,1,0,1,0,1,0,1,
LTMD_U1_W3_SPANISH_STRUCTKW_0.1,U1-H2018P2ESM-P172,H2018P2ESM,2018,2,Lengua materna. Español. Docente,172,3,1,0,1,0,1,0,1,
LTMD_U1_W3_SPANISH_STRUCTKW_0.1,U1-H2018P2ESM-P173,H2018P2ESM,2018,2,Lengua materna. Español. Docente,173,3,1,0,1,0,0,2,1,
LTMD_U1_W3_SPANISH_STRUCTKW_0.1,U1-H2018P2ESM-P174,H2018P2ESM,2018,2,Lengua materna. Español. Docente,174,3,1,0,1,0,0,2,1,
LTMD_U1_W3_SPANISH_STRUCTKW_0.1,U1-H2018P2ESM-P175,H2018P2ESM,2018,2,Lengua materna. Español. Docente,175,3,1,0,1,0,0,0,0,
LTMD_U1_W3_SPANISH_STRUCTKW_0.1,U1-H2018P2ESM-P176,H2018P2ESM,2018,2,Lengua materna. Español. Docente,176,3,1,0,1,0,0,0,0,
LTMD_U1_W3_SPANISH_STRUCTKW_0.1,U1-H2018P2ESM-P177,H2018P2ESM,2018,2,Lengua materna. Español. Docente,177,6,1,0,1,0,0,0,0,
LTMD_U1_W3_SPANISH_STRUCTKW_0.1,U1-H2018P2LEA-P001,H2018P2LEA,2018,2,Lengua materna. Español lecturas,1,3,1,1,0,0,0,0,0,
LTMD_U1_W3_SPANISH_STRUCTKW_0.1,U1-H2018P2LEA-P002,H2018P2LEA,2018,2,Lengua materna. Español lecturas,2,3,1,1,0,0,1,4,2,
LTMD_U1_W3_SPANISH_STRUCTKW_0.1,U1-H2018P2LEA-P003,H2018P2LEA,2018,2,Lengua materna. Español lecturas,3,3,1,1,0,1,0,1,2,
LTMD_U1_W3_SPANISH_STRUCTKW_0.1,U1-H2018P2LEA-P004,H2018P2LEA,2018,2,Lengua materna. Español lecturas,4,3,1,1,0,1,1,0,2,
LTMD_U1_W3_SPANISH_STRUCTKW_0.1,U1-H2018P2LEA-P005,H2018P2LEA,2018,2,Lengua materna. Español lecturas,5,3,1,1,0,0,0,0,0,
LTMD_U1_W3_SPANISH_STRUCTKW_0.1,U1-H2018P2LEA-P006,H2018P2LEA,2018,2,Lengua materna. Español lecturas,6,3,1,1,0,0,0,2,1,
LTMD_U1_W3_SPANISH_STRUCTKW_0.1,U1-H2018P2LEA-P007,H2018P2LEA,2018,2,Lengua materna. Español lecturas,7,3,1,1,0,1,0,0,1,
LTMD_U1_W3_SPANISH_STRUCTKW_0.1,U1-H2018P2LEA-P008,H2018P2LEA,2018,2,Lengua materna. Español lecturas,8,3,1,1,0,1,0,0,1,
LTMD_U1_W3_SPANISH_STRUCTKW_0.1,U1-H2018P2LEA-P009,H2018P2LEA,2018,2,Lengua materna. Español lecturas,9,3,1,1,0,0,0,0,0,
LTMD_U1_W3_SPANISH_STRUCTKW_0.1,U1-H2018P2LEA-P010,H2018P2LEA,2018,2,Lengua materna. Español lecturas,10,3,1,1,0,0,0,0,0,
LTMD_U1_W3_SPANISH_STRUCTKW_0.1,U1-H2018P2LEA-P011,H2018P2LEA,2018,2,Lengua materna. Español lecturas,11,3,1,1,0,0,0,0,0,
LTMD_U1_W3_SPANISH_STRUCTKW_0.1,U1-H2018P2LEA-P012,H2018P2LEA,2018,2,Lengua materna. Español lecturas,12,3,1,1,0,0,0,0,0,
LTMD_U1_W3_SPANISH_STRUCTKW_0.1,U1-H2018P2LEA-P013,H2018P2LEA,2018,2,Lengua materna. Español lecturas,13,3,1,1,0,0,0,0,0,
LTMD_U1_W3_SPANISH_STRUCTKW_0.1,U1-H2018P2LEA-P014,H2018P2LEA,2018,2,Lengua materna. Español lecturas,14,3,1,1,0,0,0,0,0,
LTMD_U1_W3_SPANISH_STRUCTKW_0.1,U1-H2018P2LEA-P015,H2018P2LEA,2018,2,Lengua materna. Español lecturas,15,3,1,1,0,0,0,0,0,
LTMD_U1_W3_SPANISH_STRUCTKW_0.1,U1-H2018P2LEA-P016,H2018P2LEA,2018,2,Lengua materna. Español lecturas,16,3,1,1,0,0,0,0,0,
LTMD_U1_W3_SPANISH_STRUCTKW_0.1,U1-H2018P2LEA-P130,H2018P2LEA,2018,2,Lengua materna. Español lecturas,130,3,1,0,1,0,0,0,0,
LTMD_U1_W3_SPANISH_STRUCTKW_0.1,U1-H2018P2LEA-P131,H2018P2LEA,2018,2,Lengua materna. Español lecturas,131,3,1,0,1,0,0,0,0,
LTMD_U1_W3_SPANISH_STRUCTKW_0.1,U1-H2018P2LEA-P132,H2018P2LEA,2018,2,Lengua materna. Español lecturas,132,3,1,0,1,0,0,0,0,
LTMD_U1_W3_SPANISH_STRUCTKW_0.1,U1-H2018P2LEA-P133,H2018P2LEA,2018,2,Lengua materna. Español lecturas,133,3,1,0,1,0,0,0,0,
LTMD_U1_W3_SPANISH_STRUCTKW_0.1,U1-H2018P2LEA-P134,H2018P2LEA,2018,2,Lengua materna. Español lecturas,134,3,1,0,1,0,0,0,0,
LTMD_U1_W3_SPANISH_STRUCTKW_0.1,U1-H2018P2LEA-P135,H2018P2LEA,2018,2,Lengua materna. Español lecturas,135,3,1,0,1,0,0,0,0,
LTMD_U1_W3_SPANISH_STRUCTKW_0.1,U1-H2018P2LEA-P136,H2018P2LEA,2018,2,Lengua materna. Español lecturas,136,3,1,0,1,0,0,0,0,
LTMD_U1_W3_SPANISH_STRUCTKW_0.1,U1-H2018P2LEA-P137,H2018P2LEA,2018,2,Lengua materna. Español lecturas,137,3,1,0,1,0,0,0,0,
LTMD_U1_W3_SPANISH_STRUCTKW_0.1,U1-H2018P2LEA-P138,H2018P2LEA,2018,2,Lengua materna. Español lecturas,138,3,1,0,1,0,0,0,0,
LTMD_U1_W3_SPANISH_STRUCTKW_0.1,U1-H2018P2LEA-P139,H2018P2LEA,2018,2,Lengua materna. Español lecturas,139,3,1,0,1,0,0,0,0,
LTMD_U1_W3_SPANISH_STRUCTKW_0.1,U1-H2018P2LEA-P140,H2018P2LEA,2018,2,Lengua materna. Español lecturas,140,3,1,0,1,0,0,0,0,
LTMD_U1_W3_SPANISH_STRUCTKW_0.1,U1-H2018P2LEA-P141,H2018P2LEA,2018,2,Lengua materna. Español lecturas,141,6,1,0,1,0,0,0,0,
LTMD_U1_W3_SPANISH_STRUCTKW_0.1,U1-H2018P2LEA-P142,H2018P2LEA,2018,2,Lengua materna. Español lecturas,142,3,1,0,1,1,0,2,2,
LTMD_U1_W3_SPANISH_STRUCTKW_0.1,U1-H2018P2LEA-P143,H2018P2LEA,2018,2,Lengua materna. Español lecturas,143,3,1,0,1,2,1,0,2,
LTMD_U1_W3_SPANISH_STRUCTKW_0.1,U1-H2018P2LEA-P144,H2018P2LEA,2018,2,Lengua materna. Español lecturas,144,3,1,0,1,1,0,2,2,
LTMD_U1_W3_SPANISH_STRUCTKW_0.1,U1-H2018P2LEA-P145,H2018P2LEA,2018,2,Lengua materna. Español lecturas,145,6,1,0,1,0,0,0,0,
LTMD_U1_W3_SPANISH_STRUCTKW_0.1,U1-H2019P1ESA-P001,H2019P1ESA,2019,1,Lengua materna. Español,1,3,1,1,0,0,0,0,0,
LTMD_U1_W3_SPANISH_STRUCTKW_0.1,U1-H2019P1ESA-P002,H2019P1ESA,2019,1,Lengua materna. Español,2,3,1,1,0,0,1,6,2,
LTMD_U1_W3_SPANISH_STRUCTKW_0.1,U1-H2019P1ESA-P003,H2019P1ESA,2019,1,Lengua materna. Español,3,3,1,1,0,1,1,1,3,
LTMD_U1_W3_SPANISH_STRUCTKW_0.1,U1-H2019P1ESA-P004,H2019P1ESA,2019,1,Lengua materna. Español,4,3,1,1,0,2,1,0,2,
LTMD_U1_W3_SPANISH_STRUCTKW_0.1,U1-H2019P1ESA-P005,H2019P1ESA,2019,1,Lengua materna. Español,5,3,1,1,0,0,1,2,2,
LTMD_U1_W3_SPANISH_STRUCTKW_0.1,U1-H2019P1ESA-P006,H2019P1ESA,2019,1,Lengua materna. Español,6,3,1,1,0,1,1,1,3,
LTMD_U1_W3_SPANISH_STRUCTKW_0.1,U1-H2019P1ESA-P007,H2019P1ESA,2019,1,Lengua materna. Español,7,3,1,1,0,0,0,0,0,
LTMD_U1_W3_SPANISH_STRUCTKW_0.1,U1-H2019P1ESA-P008,H2019P1ESA,2019,1,Lengua materna. Español,8,3,1,1,0,0,0,0,0,
LTMD_U1_W3_SPANISH_STRUCTKW_0.1,U1-H2019P1ESA-P009,H2019P1ESA,2019,1,Lengua materna. Español,9,3,1,1,0,0,0,0,0,
LTMD_U1_W3_SPANISH_STRUCTKW_0.1,U1-H2019P1ESA-P010,H2019P1ESA,2019,1,Lengua materna. Español,10,3,1,1,0,0,0,0,0,
LTMD_U1_W3_SPANISH_STRUCTKW_0.1,U1-H2019P1ESA-P011,H2019P1ESA,2019,1,Lengua materna. Español,11,3,1,1,0,0,0,0,0,
LTMD_U1_W3_SPANISH_STRUCTKW_0.1,U1-H2019P1ESA-P012,H2019P1ESA,2019,1,Lengua materna. Español,12,3,1,1,0,0,0,0,0,
LTMD_U1_W3_SPANISH_STRUCTKW_0.1,U1-H2019P1ESA-P013,H2019P1ESA,2019,1,Lengua materna. Español,13,3,1,1,0,0,0,0,0,
LTMD_U1_W3_SPANISH_STRUCTKW_0.1,U1-H2019P1ESA-P014,H2019P1ESA,2019,1,Lengua materna. Español,14,3,1,1,0,0,0,0,0,
LTMD_U1_W3_SPANISH_STRUCTKW_0.1,U1-H2019P1ESA-P015,H2019P1ESA,2019,1,Lengua materna. Español,15,3,1,1,0,0,0,0,0,
LTMD_U1_W3_SPANISH_STRUCTKW_0.1,U1-H2019P1ESA-P016,H2019P1ESA,2019,1,Lengua materna. Español,16,3,1,1,0,1,0,0,1,
LTMD_U1_W3_SPANISH_STRUCTKW_0.1,U1-H2019P1ESA-P210,H2019P1ESA,2019,1,Lengua materna. Español,210,6,1,0,1,0,0,0,0,
LTMD_U1_W3_SPANISH_STRUCTKW_0.1,U1-H2019P1ESA-P211,H2019P1ESA,2019,1,Lengua materna. Español,211,3,1,0,1,0,0,0,0,
LTMD_U1_W3_SPANISH_STRUCTKW_0.1,U1-H2019P1ESA-P212,H2019P1ESA,2019,1,Lengua materna. Español,212,11,1,0,1,0,0,0,0,
LTMD_U1_W3_SPANISH_STRUCTKW_0.1,U1-H2019P1ESA-P213,H2019P1ESA,2019,1,Lengua materna. Español,213,3,1,0,1,0,0,0,0,
LTMD_U1_W3_SPANISH_STRUCTKW_0.1,U1-H2019P1ESA-P214,H2019P1ESA,2019,1,Lengua materna. Español,214,11,1,0,1,0,0,0,0,
LTMD_U1_W3_SPANISH_STRUCTKW_0.1,U1-H2019P1ESA-P215,H2019P1ESA,2019,1,Lengua materna. Español,215,3,1,0,1,0,0,0,0,
LTMD_U1_W3_SPANISH_STRUCTKW_0.1,U1-H2019P1ESA-P216,H2019P1ESA,2019,1,Lengua materna. Español,216,11,1,0,1,0,0,0,0,
LTMD_U1_W3_SPANISH_STRUCTKW_0.1,U1-H2019P1ESA-P217,H2019P1ESA,2019,1,Lengua materna. Español,217,11,1,0,1,0,0,0,0,
LTMD_U1_W3_SPANISH_STRUCTKW_0.1,U1-H2019P1ESA-P218,H2019P1ESA,2019,1,Lengua materna. Español,218,11,1,0,1,0,0,0,0,
LTMD_U1_W3_SPANISH_STRUCTKW_0.1,U1-H2019P1ESA-P219,H2019P1ESA,2019,1,Lengua materna. Español,219,11,1,0,1,0,0,0,0,
LTMD_U1_W3_SPANISH_STRUCTKW_0.1,U1-H2019P1ESA-P220,H2019P1ESA,2019,1,Lengua materna. Español,220,11,1,0,1,0,0,0,0,
LTMD_U1_W3_SPANISH_STRUCTKW_0.1,U1-H2019P1ESA-P221,H2019P1ESA,2019,1,Lengua materna. Español,221,11,1,0,1,0,0,0,0,
LTMD_U1_W3_SPANISH_STRUCTKW_0.1,U1-H2019P1ESA-P222,H2019P1ESA,2019,1,Lengua materna. Español,222,11,1,0,1,0,0,0,0,
LTMD_U1_W3_SPANISH_STRUCTKW_0.1,U1-H2019P1ESA-P223,H2019P1ESA,2019,1,Lengua materna. Español,223,3,1,0,1,0,0,0,0,
LTMD_U1_W3_SPANISH_STRUCTKW_0.1,U1-H2019P1ESA-P224,H2019P1ESA,2019,1,Lengua materna. Español,224,3,1,0,1,0,0,0,0,
LTMD_U1_W3_SPANISH_STRUCTKW_0.1,U1-H2019P1ESA-P225,H2019P1ESA,2019,1,Lengua materna. Español,225,6,1,0,1,0,0,0,0,
LTMD_U1_W3_SPANISH_STRUCTKW_0.1,U1-H2019P1ESM-P001,H2019P1ESM,2019,1,Lengua materna. Español. Docente,1,3,1,1,0,0,0,0,0,
LTMD_U1_W3_SPANISH_STRUCTKW_0.1,U1-H2019P1ESM-P002,H2019P1ESM,2019,1,Lengua materna. Español. Docente,2,3,1,1,0,0,1,6,2,
LTMD_U1_W3_SPANISH_STRUCTKW_0.1,U1-H2019P1ESM-P003,H2019P1ESM,2019,1,Lengua materna. Español. Docente,3,3,1,1,0,1,1,1,3,
LTMD_U1_W3_SPANISH_STRUCTKW_0.1,U1-H2019P1ESM-P004,H2019P1ESM,2019,1,Lengua materna. Español. Docente,4,3,1,1,0,2,3,0,2,
LTMD_U1_W3_SPANISH_STRUCTKW_0.1,U1-H2019P1ESM-P005,H2019P1ESM,2019,1,Lengua materna. Español. Docente,5,3,1,1,0,0,0,2,1,
LTMD_U1_W3_SPANISH_STRUCTKW_0.1,U1-H2019P1ESM-P006,H2019P1ESM,2019,1,Lengua materna. Español. Docente,6,3,1,1,0,1,0,1,2,
LTMD_U1_W3_SPANISH_STRUCTKW_0.1,U1-H2019P1ESM-P007,H2019P1ESM,2019,1,Lengua materna. Español. Docente,7,3,1,1,0,0,2,0,1,
LTMD_U1_W3_SPANISH_STRUCTKW_0.1,U1-H2019P1ESM-P008,H2019P1ESM,2019,1,Lengua materna. Español. Docente,8,3,1,1,0,0,0,0,0,
LTMD_U1_W3_SPANISH_STRUCTKW_0.1,U1-H2019P1ESM-P009,H2019P1ESM,2019,1,Lengua materna. Español. Docente,9,3,1,1,0,0,0,0,0,
LTMD_U1_W3_SPANISH_STRUCTKW_0.1,U1-H2019P1ESM-P010,H2019P1ESM,2019,1,Lengua materna. Español. Docente,10,3,1,1,0,0,1,0,1,
LTMD_U1_W3_SPANISH_STRUCTKW_0.1,U1-H2019P1ESM-P011,H2019P1ESM,2019,1,Lengua materna. Español. Docente,11,3,1,1,0,0,1,1,2,
LTMD_U1_W3_SPANISH_STRUCTKW_0.1,U1-H2019P1ESM-P012,H2019P1ESM,2019,1,Lengua materna. Español. Docente,12,3,1,1,0,0,0,0,0,
LTMD_U1_W3_SPANISH_STRUCTKW_0.1,U1-H2019P1ESM-P013,H2019P1ESM,2019,1,Lengua materna. Español. Docente,13,3,1,1,0,0,0,0,0,
LTMD_U1_W3_SPANISH_STRUCTKW_0.1,U1-H2019P1ESM-P014,H2019P1ESM,2019,1,Lengua materna. Español. Docente,14,3,1,1,0,0,0,0,0,
LTMD_U1_W3_SPANISH_STRUCTKW_0.1,U1-H2019P1ESM-P015,H2019P1ESM,2019,1,Lengua materna. Español. Docente,15,3,1,1,0,0,2,0,1,
LTMD_U1_W3_SPANISH_STRUCTKW_0.1,U1-H2019P1ESM-P016,H2019P1ESM,2019,1,Lengua materna. Español. Docente,16,3,1,1,0,1,1,1,3,
LTMD_U1_W3_SPANISH_STRUCTKW_0.1,U1-H2019P1ESM-P162,H2019P1ESM,2019,1,Lengua materna. Español. Docente,162,3,1,0,1,1,1,0,2,
LTMD_U1_W3_SPANISH_STRUCTKW_0.1,U1-H2019P1ESM-P163,H2019P1ESM,2019,1,Lengua materna. Español. Docente,163,3,1,0,1,0,3,0,1,
LTMD_U1_W3_SPANISH_STRUCTKW_0.1,U1-H2019P1ESM-P164,H2019P1ESM,2019,1,Lengua materna. Español. Docente,164,,1,0,1,0,0,0,0,
LTMD_U1_W3_SPANISH_STRUCTKW_0.1,U1-H2019P1ESM-P165,H2019P1ESM,2019,1,Lengua materna. Español. Docente,165,3,1,0,1,0,1,0,1,
LTMD_U1_W3_SPANISH_STRUCTKW_0.1,U1-H2019P1ESM-P166,H2019P1ESM,2019,1,Lengua materna. Español. Docente,166,3,1,0,1,0,2,0,1,
LTMD_U1_W3_SPANISH_STRUCTKW_0.1,U1-H2019P1ESM-P167,H2019P1ESM,2019,1,Lengua materna. Español. Docente,167,3,1,0,1,0,1,0,1,
LTMD_U1_W3_SPANISH_STRUCTKW_0.1,U1-H2019P1ESM-P168,H2019P1ESM,2019,1,Lengua materna. Español. Docente,168,3,1,0,1,0,0,0,0,
LTMD_U1_W3_SPANISH_STRUCTKW_0.1,U1-H2019P1ESM-P169,H2019P1ESM,2019,1,Lengua materna. Español. Docente,169,3,1,0,1,0,1,0,1,
LTMD_U1_W3_SPANISH_STRUCTKW_0.1,U1-H2019P1ESM-P170,H2019P1ESM,2019,1,Lengua materna. Español. Docente,170,3,1,0,1,0,2,2,2,
LTMD_U1_W3_SPANISH_STRUCTKW_0.1,U1-H2019P1ESM-P171,H2019P1ESM,2019,1,Lengua materna. Español. Docente,171,3,1,0,1,1,0,0,1,
LTMD_U1_W3_SPANISH_STRUCTKW_0.1,U1-H2019P1ESM-P172,H2019P1ESM,2019,1,Lengua materna. Español. Docente,172,3,1,0,1,0,1,0,1,
LTMD_U1_W3_SPANISH_STRUCTKW_0.1,U1-H2019P1ESM-P173,H2019P1ESM,2019,1,Lengua materna. Español. Docente,173,3,1,0,1,0,1,2,2,
LTMD_U1_W3_SPANISH_STRUCTKW_0.1,U1-H2019P1ESM-P174,H2019P1ESM,2019,1,Lengua materna. Español. Docente,174,3,1,0,1,0,0,2,1,
LTMD_U1_W3_SPANISH_STRUCTKW_0.1,U1-H2019P1ESM-P175,H2019P1ESM,2019,1,Lengua materna. Español. Docente,175,3,1,0,1,0,1,3,2,
LTMD_U1_W3_SPANISH_STRUCTKW_0.1,U1-H2019P1ESM-P176,H2019P1ESM,2019,1,Lengua materna. Español. Docente,176,3,1,0,1,0,0,0,0,
LTMD_U1_W3_SPANISH_STRUCTKW_0.1,U1-H2019P1ESM-P177,H2019P1ESM,2019,1,Lengua materna. Español. Docente,177,11,1,0,1,0,0,0,0,
LTMD_U1_W3_SPANISH_STRUCTKW_0.1,U1-H2019P1LEA-P001,H2019P1LEA,2019,1,Lengua materna. Español lecturas,1,3,1,1,0,0,0,0,0,
LTMD_U1_W3_SPANISH_STRUCTKW_0.1,U1-H2019P1LEA-P002,H2019P1LEA,2019,1,Lengua materna. Español lecturas,2,3,1,1,0,0,1,6,2,
LTMD_U1_W3_SPANISH_STRUCTKW_0.1,U1-H2019P1LEA-P003,H2019P1LEA,2019,1,Lengua materna. Español lecturas,3,3,1,1,0,1,1,1,3,
LTMD_U1_W3_SPANISH_STRUCTKW_0.1,U1-H2019P1LEA-P004,H2019P1LEA,2019,1,Lengua materna. Español lecturas,4,3,1,1,0,1,1,0,2,
LTMD_U1_W3_SPANISH_STRUCTKW_0.1,U1-H2019P1LEA-P005,H2019P1LEA,2019,1,Lengua materna. Español lecturas,5,3,1,1,0,0,0,0,0,
LTMD_U1_W3_SPANISH_STRUCTKW_0.1,U1-H2019P1LEA-P006,H2019P1LEA,2019,1,Lengua materna. Español lecturas,6,3,1,1,0,0,0,2,1,
LTMD_U1_W3_SPANISH_STRUCTKW_0.1,U1-H2019P1LEA-P007,H2019P1LEA,2019,1,Lengua materna. Español lecturas,7,3,1,1,0,0,0,0,0,
LTMD_U1_W3_SPANISH_STRUCTKW_0.1,U1-H2019P1LEA-P008,H2019P1LEA,2019,1,Lengua materna. Español lecturas,8,3,1,1,0,0,0,0,0,
LTMD_U1_W3_SPANISH_STRUCTKW_0.1,U1-H2019P1LEA-P009,H2019P1LEA,2019,1,Lengua materna. Español lecturas,9,3,1,1,0,0,0,0,0,
LTMD_U1_W3_SPANISH_STRUCTKW_0.1,U1-H2019P1LEA-P010,H2019P1LEA,2019,1,Lengua materna. Español lecturas,10,3,1,1,0,0,0,0,0,
LTMD_U1_W3_SPANISH_STRUCTKW_0.1,U1-H2019P1LEA-P011,H2019P1LEA,2019,1,Lengua materna. Español lecturas,11,3,1,1,0,0,0,0,0,
LTMD_U1_W3_SPANISH_STRUCTKW_0.1,U1-H2019P1LEA-P012,H2019P1LEA,2019,1,Lengua materna. Español lecturas,12,3,1,1,0,0,0,0,0,
LTMD_U1_W3_SPANISH_STRUCTKW_0.1,U1-H2019P1LEA-P013,H2019P1LEA,2019,1,Lengua materna. Español lecturas,13,3,1,1,0,0,0,0,0,
LTMD_U1_W3_SPANISH_STRUCTKW_0.1,U1-H2019P1LEA-P014,H2019P1LEA,2019,1,Lengua materna. Español lecturas,14,3,1,1,0,0,0,0,0,
LTMD_U1_W3_SPANISH_STRUCTKW_0.1,U1-H2019P1LEA-P015,H2019P1LEA,2019,1,Lengua materna. Español lecturas,15,11,1,1,0,0,0,0,0,
LTMD_U1_W3_SPANISH_STRUCTKW_0.1,U1-H2019P1LEA-P016,H2019P1LEA,2019,1,Lengua materna. Español lecturas,16,3,1,1,0,0,0,0,0,
LTMD_U1_W3_SPANISH_STRUCTKW_0.1,U1-H2019P1LEA-P114,H2019P1LEA,2019,1,Lengua materna. Español lecturas,114,3,1,0,1,0,0,0,0,
LTMD_U1_W3_SPANISH_STRUCTKW_0.1,U1-H2019P1LEA-P115,H2019P1LEA,2019,1,Lengua materna. Español lecturas,115,3,1,0,1,0,0,0,0,
LTMD_U1_W3_SPANISH_STRUCTKW_0.1,U1-H2019P1LEA-P116,H2019P1LEA,2019,1,Lengua materna. Español lecturas,116,3,1,0,1,0,0,0,0,
LTMD_U1_W3_SPANISH_STRUCTKW_0.1,U1-H2019P1LEA-P117,H2019P1LEA,2019,1,Lengua materna. Español lecturas,117,3,1,0,1,0,0,0,0,
LTMD_U1_W3_SPANISH_STRUCTKW_0.1,U1-H2019P1LEA-P118,H2019P1LEA,2019,1,Lengua materna. Español lecturas,118,3,1,0,1,0,0,0,0,
LTMD_U1_W3_SPANISH_STRUCTKW_0.1,U1-H2019P1LEA-P119,H2019P1LEA,2019,1,Lengua materna. Español lecturas,119,3,1,0,1,0,0,0,0,
LTMD_U1_W3_SPANISH_STRUCTKW_0.1,U1-H2019P1LEA-P120,H2019P1LEA,2019,1,Lengua materna. Español lecturas,120,3,1,0,1,0,0,0,0,
LTMD_U1_W3_SPANISH_STRUCTKW_0.1,U1-H2019P1LEA-P121,H2019P1LEA,2019,1,Lengua materna. Español lecturas,121,3,1,0,1,0,0,0,0,
LTMD_U1_W3_SPANISH_STRUCTKW_0.1,U1-H2019P1LEA-P122,H2019P1LEA,2019,1,Lengua materna. Español lecturas,122,3,1,0,1,0,0,0,0,
LTMD_U1_W3_SPANISH_STRUCTKW_0.1,U1-H2019P1LEA-P123,H2019P1LEA,2019,1,Lengua materna. Español lecturas,123,3,1,0,1,0,0,0,0,
LTMD_U1_W3_SPANISH_STRUCTKW_0.1,U1-H2019P1LEA-P124,H2019P1LEA,2019,1,Lengua materna. Español lecturas,124,3,1,0,1,1,0,2,2,
LTMD_U1_W3_SPANISH_STRUCTKW_0.1,U1-H2019P1LEA-P125,H2019P1LEA,2019,1,Lengua materna. Español lecturas,125,3,1,0,1,1,0,2,2,
LTMD_U1_W3_SPANISH_STRUCTKW_0.1,U1-H2019P1LEA-P126,H2019P1LEA,2019,1,Lengua materna. Español lecturas,126,3,1,0,1,1,0,0,1,
LTMD_U1_W3_SPANISH_STRUCTKW_0.1,U1-H2019P1LEA-P127,H2019P1LEA,2019,1,Lengua materna. Español lecturas,127,3,1,0,1,0,0,1,1,
LTMD_U1_W3_SPANISH_STRUCTKW_0.1,U1-H2019P1LEA-P128,H2019P1LEA,2019,1,Lengua materna. Español lecturas,128,3,1,0,1,0,0,1,1,
LTMD_U1_W3_SPANISH_STRUCTKW_0.1,U1-H2019P1LEA-P129,H2019P1LEA,2019,1,Lengua materna. Español lecturas,129,6,1,0,1,0,0,0,0,
LTMD_U1_W3_SPANISH_STRUCTKW_0.1,U1-H2019P2ESA-P001,H2019P2ESA,2019,2,Lengua materna. Español,1,3,1,1,0,0,0,0,0,
LTMD_U1_W3_SPANISH_STRUCTKW_0.1,U1-H2019P2ESA-P002,H2019P2ESA,2019,2,Lengua materna. Español,2,3,1,1,0,0,1,6,2,
LTMD_U1_W3_SPANISH_STRUCTKW_0.1,U1-H2019P2ESA-P003,H2019P2ESA,2019,2,Lengua materna. Español,3,3,1,1,0,1,1,1,3,
LTMD_U1_W3_SPANISH_STRUCTKW_0.1,U1-H2019P2ESA-P004,H2019P2ESA,2019,2,Lengua materna. Español,4,3,1,1,0,2,2,0,2,
LTMD_U1_W3_SPANISH_STRUCTKW_0.1,U1-H2019P2ESA-P005,H2019P2ESA,2019,2,Lengua materna. Español,5,3,1,1,0,0,1,2,2,
LTMD_U1_W3_SPANISH_STRUCTKW_0.1,U1-H2019P2ESA-P006,H2019P2ESA,2019,2,Lengua materna. Español,6,3,1,1,0,1,1,1,3,
LTMD_U1_W3_SPANISH_STRUCTKW_0.1,U1-H2019P2ESA-P007,H2019P2ESA,2019,2,Lengua materna. Español,7,3,1,1,0,0,0,0,0,
LTMD_U1_W3_SPANISH_STRUCTKW_0.1,U1-H2019P2ESA-P008,H2019P2ESA,2019,2,Lengua materna. Español,8,3,1,1,0,0,0,0,0,
LTMD_U1_W3_SPANISH_STRUCTKW_0.1,U1-H2019P2ESA-P009,H2019P2ESA,2019,2,Lengua materna. Español,9,3,1,1,0,0,0,0,0,
LTMD_U1_W3_SPANISH_STRUCTKW_0.1,U1-H2019P2ESA-P010,H2019P2ESA,2019,2,Lengua materna. Español,10,11,1,1,0,0,0,0,0,
LTMD_U1_W3_SPANISH_STRUCTKW_0.1,U1-H2019P2ESA-P011,H2019P2ESA,2019,2,Lengua materna. Español,11,6,1,1,0,0,1,0,1,
LTMD_U1_W3_SPANISH_STRUCTKW_0.1,U1-H2019P2ESA-P012,H2019P2ESA,2019,2,Lengua materna. Español,12,3,1,1,0,0,0,0,0,
LTMD_U1_W3_SPANISH_STRUCTKW_0.1,U1-H2019P2ESA-P013,H2019P2ESA,2019,2,Lengua materna. Español,13,3,1,1,0,0,0,0,0,
LTMD_U1_W3_SPANISH_STRUCTKW_0.1,U1-H2019P2ESA-P014,H2019P2ESA,2019,2,Lengua materna. Español,14,3,1,1,0,0,0,0,0,
LTMD_U1_W3_SPANISH_STRUCTKW_0.1,U1-H2019P2ESA-P015,H2019P2ESA,2019,2,Lengua materna. Español,15,3,1,1,0,0,0,0,0,
LTMD_U1_W3_SPANISH_STRUCTKW_0.1,U1-H2019P2ESA-P016,H2019P2ESA,2019,2,Lengua materna. Español,16,3,1,1,0,0,0,0,0,
LTMD_U1_W3_SPANISH_STRUCTKW_0.1,U1-H2019P2ESA-P210,H2019P2ESA,2019,2,Lengua materna. Español,210,,1,0,1,0,0,0,0,
LTMD_U1_W3_SPANISH_STRUCTKW_0.1,U1-H2019P2ESA-P211,H2019P2ESA,2019,2,Lengua materna. Español,211,3,1,0,1,0,0,0,0,
LTMD_U1_W3_SPANISH_STRUCTKW_0.1,U1-H2019P2ESA-P212,H2019P2ESA,2019,2,Lengua materna. Español,212,6,1,0,1,0,0,0,0,
LTMD_U1_W3_SPANISH_STRUCTKW_0.1,U1-H2019P2ESA-P213,H2019P2ESA,2019,2,Lengua materna. Español,213,3,1,0,1,0,0,0,0,
LTMD_U1_W3_SPANISH_STRUCTKW_0.1,U1-H2019P2ESA-P214,H2019P2ESA,2019,2,Lengua materna. Español,214,3,1,0,1,0,0,0,0,
LTMD_U1_W3_SPANISH_STRUCTKW_0.1,U1-H2019P2ESA-P215,H2019P2ESA,2019,2,Lengua materna. Español,215,3,1,0,1,0,0,0,0,
LTMD_U1_W3_SPANISH_STRUCTKW_0.1,U1-H2019P2ESA-P216,H2019P2ESA,2019,2,Lengua materna. Español,216,3,1,0,1,0,0,0,0,
LTMD_U1_W3_SPANISH_STRUCTKW_0.1,U1-H2019P2ESA-P217,H2019P2ESA,2019,2,Lengua materna. Español,217,3,1,0,1,0,0,0,0,
LTMD_U1_W3_SPANISH_STRUCTKW_0.1,U1-H2019P2ESA-P218,H2019P2ESA,2019,2,Lengua materna. Español,218,3,1,0,1,0,0,0,0,
LTMD_U1_W3_SPANISH_STRUCTKW_0.1,U1-H2019P2ESA-P219,H2019P2ESA,2019,2,Lengua materna. Español,219,3,1,0,1,0,0,0,0,
LTMD_U1_W3_SPANISH_STRUCTKW_0.1,U1-H2019P2ESA-P220,H2019P2ESA,2019,2,Lengua materna. Español,220,3,1,0,1,0,0,0,0,
LTMD_U1_W3_SPANISH_STRUCTKW_0.1,U1-H2019P2ESA-P221,H2019P2ESA,2019,2,Lengua materna. Español,221,3,1,0,1,0,0,0,0,
LTMD_U1_W3_SPANISH_STRUCTKW_0.1,U1-H2019P2ESA-P222,H2019P2ESA,2019,2,Lengua materna. Español,222,3,1,0,1,0,0,0,0,
LTMD_U1_W3_SPANISH_STRUCTKW_0.1,U1-H2019P2ESA-P223,H2019P2ESA,2019,2,Lengua materna. Español,223,3,1,0,1,0,0,0,0,
LTMD_U1_W3_SPANISH_STRUCTKW_0.1,U1-H2019P2ESA-P224,H2019P2ESA,2019,2,Lengua materna. Español,224,3,1,0,1,0,0,1,1,
LTMD_U1_W3_SPANISH_STRUCTKW_0.1,U1-H2019P2ESA-P225,H2019P2ESA,2019,2,Lengua materna. Español,225,6,1,0,1,0,0,0,0,
LTMD_U1_W3_SPANISH_STRUCTKW_0.1,U1-H2019P2ESM-P001,H2019P2ESM,2019,2,Lengua materna. Español. Docente,1,3,1,1,0,0,0,0,0,
LTMD_U1_W3_SPANISH_STRUCTKW_0.1,U1-H2019P2ESM-P002,H2019P2ESM,2019,2,Lengua materna. Español. Docente,2,,1,1,0,0,0,0,0,
LTMD_U1_W3_SPANISH_STRUCTKW_0.1,U1-H2019P2ESM-P003,H2019P2ESM,2019,2,Lengua materna. Español. Docente,3,3,1,1,0,0,0,0,0,
LTMD_U1_W3_SPANISH_STRUCTKW_0.1,U1-H2019P2ESM-P004,H2019P2ESM,2019,2,Lengua materna. Español. Docente,4,3,1,1,0,0,1,6,2,
LTMD_U1_W3_SPANISH_STRUCTKW_0.1,U1-H2019P2ESM-P005,H2019P2ESM,2019,2,Lengua materna. Español. Docente,5,3,1,1,0,1,1,1,3,
LTMD_U1_W3_SPANISH_STRUCTKW_0.1,U1-H2019P2ESM-P006,H2019P2ESM,2019,2,Lengua materna. Español. Docente,6,3,1,1,0,2,3,0,2,
LTMD_U1_W3_SPANISH_STRUCTKW_0.1,U1-H2019P2ESM-P007,H2019P2ESM,2019,2,Lengua materna. Español. Docente,7,3,1,1,0,0,1,2,2,
LTMD_U1_W3_SPANISH_STRUCTKW_0.1,U1-H2019P2ESM-P008,H2019P2ESM,2019,2,Lengua materna. Español. Docente,8,,1,1,0,0,0,0,0,
LTMD_U1_W3_SPANISH_STRUCTKW_0.1,U1-H2019P2ESM-P009,H2019P2ESM,2019,2,Lengua materna. Español. Docente,9,3,1,1,0,1,0,1,2,
LTMD_U1_W3_SPANISH_STRUCTKW_0.1,U1-H2019P2ESM-P010,H2019P2ESM,2019,2,Lengua materna. Español. Docente,10,,1,1,0,0,0,0,0,
LTMD_U1_W3_SPANISH_STRUCTKW_0.1,U1-H2019P2ESM-P011,H2019P2ESM,2019,2,Lengua materna. Español. Docente,11,3,1,1,0,1,2,0,2,
LTMD_U1_W3_SPANISH_STRUCTKW_0.1,U1-H2019P2ESM-P012,H2019P2ESM,2019,2,Lengua materna. Español. Docente,12,3,1,1,0,0,1,0,1,
LTMD_U1_W3_SPANISH_STRUCTKW_0.1,U1-H2019P2ESM-P013,H2019P2ESM,2019,2,Lengua materna. Español. Docente,13,3,1,1,0,0,0,0,0,
LTMD_U1_W3_SPANISH_STRUCTKW_0.1,U1-H2019P2ESM-P014,H2019P2ESM,2019,2,Lengua materna. Español. Docente,14,3,1,1,0,0,2,0,1,
LTMD_U1_W3_SPANISH_STRUCTKW_0.1,U1-H2019P2ESM-P015,H2019P2ESM,2019,2,Lengua materna. Español. Docente,15,3,1,1,0,0,0,1,1,
LTMD_U1_W3_SPANISH_STRUCTKW_0.1,U1-H2019P2ESM-P016,H2019P2ESM,2019,2,Lengua materna. Español. Docente,16,3,1,1,0,0,1,0,1,
LTMD_U1_W3_SPANISH_STRUCTKW_0.1,U1-H2019P2ESM-P162,H2019P2ESM,2019,2,Lengua materna. Español. Docente,162,3,1,0,1,0,2,0,1,
LTMD_U1_W3_SPANISH_STRUCTKW_0.1,U1-H2019P2ESM-P163,H2019P2ESM,2019,2,Lengua materna. Español. Docente,163,3,1,0,1,0,1,0,1,
LTMD_U1_W3_SPANISH_STRUCTKW_0.1,U1-H2019P2ESM-P164,H2019P2ESM,2019,2,Lengua materna. Español. Docente,164,3,1,0,1,0,0,0,0,
LTMD_U1_W3_SPANISH_STRUCTKW_0.1,U1-H2019P2ESM-P165,H2019P2ESM,2019,2,Lengua materna. Español. Docente,165,3,1,0,1,0,4,0,1,
LTMD_U1_W3_SPANISH_STRUCTKW_0.1,U1-H2019P2ESM-P166,H2019P2ESM,2019,2,Lengua materna. Español. Docente,166,3,1,0,1,0,2,0,1,
LTMD_U1_W3_SPANISH_STRUCTKW_0.1,U1-H2019P2ESM-P167,H2019P2ESM,2019,2,Lengua materna. Español. Docente,167,3,1,0,1,1,0,0,1,
LTMD_U1_W3_SPANISH_STRUCTKW_0.1,U1-H2019P2ESM-P168,H2019P2ESM,2019,2,Lengua materna. Español. Docente,168,3,1,0,1,0,0,0,0,
LTMD_U1_W3_SPANISH_STRUCTKW_0.1,U1-H2019P2ESM-P169,H2019P2ESM,2019,2,Lengua materna. Español. Docente,169,3,1,0,1,1,2,0,2,
LTMD_U1_W3_SPANISH_STRUCTKW_0.1,U1-H2019P2ESM-P170,H2019P2ESM,2019,2,Lengua materna. Español. Docente,170,3,1,0,1,1,0,0,1,
LTMD_U1_W3_SPANISH_STRUCTKW_0.1,U1-H2019P2ESM-P171,H2019P2ESM,2019,2,Lengua materna. Español. Docente,171,3,1,0,1,0,1,0,1,
LTMD_U1_W3_SPANISH_STRUCTKW_0.1,U1-H2019P2ESM-P172,H2019P2ESM,2019,2,Lengua materna. Español. Docente,172,3,1,0,1,0,1,0,1,
LTMD_U1_W3_SPANISH_STRUCTKW_0.1,U1-H2019P2ESM-P173,H2019P2ESM,2019,2,Lengua materna. Español. Docente,173,3,1,0,1,0,0,2,1,
LTMD_U1_W3_SPANISH_STRUCTKW_0.1,U1-H2019P2ESM-P174,H2019P2ESM,2019,2,Lengua materna. Español. Docente,174,3,1,0,1,0,0,2,1,
LTMD_U1_W3_SPANISH_STRUCTKW_0.1,U1-H2019P2ESM-P175,H2019P2ESM,2019,2,Lengua materna. Español. Docente,175,3,1,0,1,0,0,0,0,
LTMD_U1_W3_SPANISH_STRUCTKW_0.1,U1-H2019P2ESM-P176,H2019P2ESM,2019,2,Lengua materna. Español. Docente,176,3,1,0,1,0,0,0,0,
LTMD_U1_W3_SPANISH_STRUCTKW_0.1,U1-H2019P2ESM-P177,H2019P2ESM,2019,2,Lengua materna. Español. Docente,177,3,1,0,1,0,0,1,1,
LTMD_U1_W3_SPANISH_STRUCTKW_0.1,U1-H2019P2LEA-P001,H2019P2LEA,2019,2,Lengua materna. Español lecturas,1,3,1,1,0,0,0,0,0,
LTMD_U1_W3_SPANISH_STRUCTKW_0.1,U1-H2019P2LEA-P002,H2019P2LEA,2019,2,Lengua materna. Español lecturas,2,3,1,1,0,0,1,6,2,
LTMD_U1_W3_SPANISH_STRUCTKW_0.1,U1-H2019P2LEA-P003,H2019P2LEA,2019,2,Lengua materna. Español lecturas,3,3,1,1,0,1,1,1,3,
LTMD_U1_W3_SPANISH_STRUCTKW_0.1,U1-H2019P2LEA-P004,H2019P2LEA,2019,2,Lengua materna. Español lecturas,4,3,1,1,0,2,1,0,2,
LTMD_U1_W3_SPANISH_STRUCTKW_0.1,U1-H2019P2LEA-P005,H2019P2LEA,2019,2,Lengua materna. Español lecturas,5,3,1,1,0,0,0,0,0,
LTMD_U1_W3_SPANISH_STRUCTKW_0.1,U1-H2019P2LEA-P006,H2019P2LEA,2019,2,Lengua materna. Español lecturas,6,3,1,1,0,0,0,2,1,
LTMD_U1_W3_SPANISH_STRUCTKW_0.1,U1-H2019P2LEA-P007,H2019P2LEA,2019,2,Lengua materna. Español lecturas,7,3,1,1,0,1,0,0,1,
LTMD_U1_W3_SPANISH_STRUCTKW_0.1,U1-H2019P2LEA-P008,H2019P2LEA,2019,2,Lengua materna. Español lecturas,8,3,1,1,0,1,0,0,1,
LTMD_U1_W3_SPANISH_STRUCTKW_0.1,U1-H2019P2LEA-P009,H2019P2LEA,2019,2,Lengua materna. Español lecturas,9,3,1,1,0,0,0,0,0,
LTMD_U1_W3_SPANISH_STRUCTKW_0.1,U1-H2019P2LEA-P010,H2019P2LEA,2019,2,Lengua materna. Español lecturas,10,3,1,1,0,0,0,0,0,
LTMD_U1_W3_SPANISH_STRUCTKW_0.1,U1-H2019P2LEA-P011,H2019P2LEA,2019,2,Lengua materna. Español lecturas,11,3,1,1,0,0,0,0,0,
LTMD_U1_W3_SPANISH_STRUCTKW_0.1,U1-H2019P2LEA-P012,H2019P2LEA,2019,2,Lengua materna. Español lecturas,12,3,1,1,0,0,0,0,0,
LTMD_U1_W3_SPANISH_STRUCTKW_0.1,U1-H2019P2LEA-P013,H2019P2LEA,2019,2,Lengua materna. Español lecturas,13,3,1,1,0,0,0,0,0,
LTMD_U1_W3_SPANISH_STRUCTKW_0.1,U1-H2019P2LEA-P014,H2019P2LEA,2019,2,Lengua materna. Español lecturas,14,3,1,1,0,0,0,0,0,
LTMD_U1_W3_SPANISH_STRUCTKW_0.1,U1-H2019P2LEA-P015,H2019P2LEA,2019,2,Lengua materna. Español lecturas,15,3,1,1,0,0,0,0,0,
LTMD_U1_W3_SPANISH_STRUCTKW_0.1,U1-H2019P2LEA-P016,H2019P2LEA,2019,2,Lengua materna. Español lecturas,16,3,1,1,0,0,0,0,0,
LTMD_U1_W3_SPANISH_STRUCTKW_0.1,U1-H2019P2LEA-P130,H2019P2LEA,2019,2,Lengua materna. Español lecturas,130,3,1,0,1,0,0,0,0,
LTMD_U1_W3_SPANISH_STRUCTKW_0.1,U1-H2019P2LEA-P131,H2019P2LEA,2019,2,Lengua materna. Español lecturas,131,3,1,0,1,0,0,0,0,
LTMD_U1_W3_SPANISH_STRUCTKW_0.1,U1-H2019P2LEA-P132,H2019P2LEA,2019,2,Lengua materna. Español lecturas,132,3,1,0,1,0,0,0,0,
LTMD_U1_W3_SPANISH_STRUCTKW_0.1,U1-H2019P2LEA-P133,H2019P2LEA,2019,2,Lengua materna. Español lecturas,133,3,1,0,1,0,0,0,0,
LTMD_U1_W3_SPANISH_STRUCTKW_0.1,U1-H2019P2LEA-P134,H2019P2LEA,2019,2,Lengua materna. Español lecturas,134,3,1,0,1,0,0,0,0,
LTMD_U1_W3_SPANISH_STRUCTKW_0.1,U1-H2019P2LEA-P135,H2019P2LEA,2019,2,Lengua materna. Español lecturas,135,3,1,0,1,0,0,0,0,
LTMD_U1_W3_SPANISH_STRUCTKW_0.1,U1-H2019P2LEA-P136,H2019P2LEA,2019,2,Lengua materna. Español lecturas,136,3,1,0,1,0,0,0,0,
LTMD_U1_W3_SPANISH_STRUCTKW_0.1,U1-H2019P2LEA-P137,H2019P2LEA,2019,2,Lengua materna. Español lecturas,137,3,1,0,1,0,0,0,0,
LTMD_U1_W3_SPANISH_STRUCTKW_0.1,U1-H2019P2LEA-P138,H2019P2LEA,2019,2,Lengua materna. Español lecturas,138,3,1,0,1,0,0,0,0,
LTMD_U1_W3_SPANISH_STRUCTKW_0.1,U1-H2019P2LEA-P139,H2019P2LEA,2019,2,Lengua materna. Español lecturas,139,3,1,0,1,0,0,0,0,
LTMD_U1_W3_SPANISH_STRUCTKW_0.1,U1-H2019P2LEA-P140,H2019P2LEA,2019,2,Lengua materna. Español lecturas,140,3,1,0,1,0,0,0,0,
LTMD_U1_W3_SPANISH_STRUCTKW_0.1,U1-H2019P2LEA-P141,H2019P2LEA,2019,2,Lengua materna. Español lecturas,141,6,1,0,1,0,0,0,0,
LTMD_U1_W3_SPANISH_STRUCTKW_0.1,U1-H2019P2LEA-P142,H2019P2LEA,2019,2,Lengua materna. Español lecturas,142,3,1,0,1,1,0,2,2,
LTMD_U1_W3_SPANISH_STRUCTKW_0.1,U1-H2019P2LEA-P143,H2019P2LEA,2019,2,Lengua materna. Español lecturas,143,3,1,0,1,2,1,0,2,
LTMD_U1_W3_SPANISH_STRUCTKW_0.1,U1-H2019P2LEA-P144,H2019P2LEA,2019,2,Lengua materna. Español lecturas,144,3,1,0,1,1,0,3,2,
LTMD_U1_W3_SPANISH_STRUCTKW_0.1,U1-H2019P2LEA-P145,H2019P2LEA,2019,2,Lengua materna. Español lecturas,145,6,1,0,1,0,0,0,0,
LTMD_U1_W3_SPANISH_STRUCTKW_0.1,U1-H2019P3ESA-P001,H2019P3ESA,2019,3,Español,1,3,1,1,0,0,0,0,0,
LTMD_U1_W3_SPANISH_STRUCTKW_0.1,U1-H2019P3ESA-P002,H2019P3ESA,2019,3,Español,2,3,1,1,0,0,0,7,1,
LTMD_U1_W3_SPANISH_STRUCTKW_0.1,U1-H2019P3ESA-P003,H2019P3ESA,2019,3,Español,3,3,1,1,0,1,1,1,3,
LTMD_U1_W3_SPANISH_STRUCTKW_0.1,U1-H2019P3ESA-P004,H2019P3ESA,2019,3,Español,4,3,1,1,0,1,1,0,2,
LTMD_U1_W3_SPANISH_STRUCTKW_0.1,U1-H2019P3ESA-P005,H2019P3ESA,2019,3,Español,5,3,1,1,0,0,0,0,0,
LTMD_U1_W3_SPANISH_STRUCTKW_0.1,U1-H2019P3ESA-P006,H2019P3ESA,2019,3,Español,6,3,1,1,0,0,2,0,1,
LTMD_U1_W3_SPANISH_STRUCTKW_0.1,U1-H2019P3ESA-P007,H2019P3ESA,2019,3,Español,7,3,1,1,0,0,1,1,2,
LTMD_U1_W3_SPANISH_STRUCTKW_0.1,U1-H2019P3ESA-P008,H2019P3ESA,2019,3,Español,8,3,1,1,0,0,0,0,0,
LTMD_U1_W3_SPANISH_STRUCTKW_0.1,U1-H2019P3ESA-P009,H2019P3ESA,2019,3,Español,9,3,1,1,0,0,1,0,1,
LTMD_U1_W3_SPANISH_STRUCTKW_0.1,U1-H2019P3ESA-P010,H2019P3ESA,2019,3,Español,10,3,1,1,0,0,1,0,1,
LTMD_U1_W3_SPANISH_STRUCTKW_0.1,U1-H2019P3ESA-P011,H2019P3ESA,2019,3,Español,11,3,1,1,0,0,2,0,1,
LTMD_U1_W3_SPANISH_STRUCTKW_0.1,U1-H2019P3ESA-P012,H2019P3ESA,2019,3,Español,12,3,1,1,0,0,1,0,1,
LTMD_U1_W3_SPANISH_STRUCTKW_0.1,U1-H2019P3ESA-P013,H2019P3ESA,2019,3,Español,13,3,1,1,0,0,0,0,0,
LTMD_U1_W3_SPANISH_STRUCTKW_0.1,U1-H2019P3ESA-P014,H2019P3ESA,2019,3,Español,14,3,1,1,0,0,1,0,1,
LTMD_U1_W3_SPANISH_STRUCTKW_0.1,U1-H2019P3ESA-P015,H2019P3ESA,2019,3,Español,15,3,1,1,0,0,0,0,0,
LTMD_U1_W3_SPANISH_STRUCTKW_0.1,U1-H2019P3ESA-P016,H2019P3ESA,2019,3,Español,16,3,1,1,0,0,2,1,2,
LTMD_U1_W3_SPANISH_STRUCTKW_0.1,U1-H2019P3ESA-P146,H2019P3ESA,2019,3,Español,146,3,1,0,1,0,1,0,1,
LTMD_U1_W3_SPANISH_STRUCTKW_0.1,U1-H2019P3ESA-P147,H2019P3ESA,2019,3,Español,147,3,1,0,1,0,0,0,0,
LTMD_U1_W3_SPANISH_STRUCTKW_0.1,U1-H2019P3ESA-P148,H2019P3ESA,2019,3,Español,148,3,1,0,1,0,1,0,1,
LTMD_U1_W3_SPANISH_STRUCTKW_0.1,U1-H2019P3ESA-P149,H2019P3ESA,2019,3,Español,149,3,1,0,1,0,0,0,0,
LTMD_U1_W3_SPANISH_STRUCTKW_0.1,U1-H2019P3ESA-P150,H2019P3ESA,2019,3,Español,150,3,1,0,1,0,1,0,1,
LTMD_U1_W3_SPANISH_STRUCTKW_0.1,U1-H2019P3ESA-P151,H2019P3ESA,2019,3,Español,151,3,1,0,1,0,0,0,0,
LTMD_U1_W3_SPANISH_STRUCTKW_0.1,U1-H2019P3ESA-P152,H2019P3ESA,2019,3,Español,152,3,1,0,1,0,1,0,1,
LTMD_U1_W3_SPANISH_STRUCTKW_0.1,U1-H2019P3ESA-P153,H2019P3ESA,2019,3,Español,153,3,1,0,1,0,0,0,0,
LTMD_U1_W3_SPANISH_STRUCTKW_0.1,U1-H2019P3ESA-P154,H2019P3ESA,2019,3,Español,154,3,1,0,1,0,1,0,1,
LTMD_U1_W3_SPANISH_STRUCTKW_0.1,U1-H2019P3ESA-P155,H2019P3ESA,2019,3,Español,155,3,1,0,1,0,1,0,1,
LTMD_U1_W3_SPANISH_STRUCTKW_0.1,U1-H2019P3ESA-P156,H2019P3ESA,2019,3,Español,156,3,1,0,1,0,0,0,0,
LTMD_U1_W3_SPANISH_STRUCTKW_0.1,U1-H2019P3ESA-P157,H2019P3ESA,2019,3,Español,157,3,1,0,1,0,2,0,1,
LTMD_U1_W3_SPANISH_STRUCTKW_0.1,U1-H2019P3ESA-P158,H2019P3ESA,2019,3,Español,158,3,1,0,1,0,0,2,1,
LTMD_U1_W3_SPANISH_STRUCTKW_0.1,U1-H2019P3ESA-P159,H2019P3ESA,2019,3,Español,159,3,1,0,1,0,0,0,0,
LTMD_U1_W3_SPANISH_STRUCTKW_0.1,U1-H2019P3ESA-P160,H2019P3ESA,2019,3,Español,160,3,1,0,1,0,0,1,1,
LTMD_U1_W3_SPANISH_STRUCTKW_0.1,U1-H2019P3ESA-P161,H2019P3ESA,2019,3,Español,161,6,1,0,1,0,0,0,0,
LTMD_U1_W3_SPANISH_STRUCTKW_0.1,U1-H2019P3LEA-P001,H2019P3LEA,2019,3,Español. Libro de lectura,1,3,1,1,0,0,0,0,0,
LTMD_U1_W3_SPANISH_STRUCTKW_0.1,U1-H2019P3LEA-P002,H2019P3LEA,2019,3,Español. Libro de lectura,2,3,1,1,0,0,1,7,2,
LTMD_U1_W3_SPANISH_STRUCTKW_0.1,U1-H2019P3LEA-P003,H2019P3LEA,2019,3,Español. Libro de lectura,3,3,1,1,0,1,1,1,3,
LTMD_U1_W3_SPANISH_STRUCTKW_0.1,U1-H2019P3LEA-P004,H2019P3LEA,2019,3,Español. Libro de lectura,4,3,1,1,0,0,0,0,0,
LTMD_U1_W3_SPANISH_STRUCTKW_0.1,U1-H2019P3LEA-P005,H2019P3LEA,2019,3,Español. Libro de lectura,5,3,1,1,0,0,0,0,0,
LTMD_U1_W3_SPANISH_STRUCTKW_0.1,U1-H2019P3LEA-P006,H2019P3LEA,2019,3,Español. Libro de lectura,6,3,1,1,0,0,1,0,1,
LTMD_U1_W3_SPANISH_STRUCTKW_0.1,U1-H2019P3LEA-P007,H2019P3LEA,2019,3,Español. Libro de lectura,7,3,1,1,0,0,0,0,0,
LTMD_U1_W3_SPANISH_STRUCTKW_0.1,U1-H2019P3LEA-P008,H2019P3LEA,2019,3,Español. Libro de lectura,8,3,1,1,0,0,0,0,0,
LTMD_U1_W3_SPANISH_STRUCTKW_0.1,U1-H2019P3LEA-P009,H2019P3LEA,2019,3,Español. Libro de lectura,9,6,1,1,0,0,0,0,0,
LTMD_U1_W3_SPANISH_STRUCTKW_0.1,U1-H2019P3LEA-P010,H2019P3LEA,2019,3,Español. Libro de lectura,10,6,1,1,0,0,0,0,0,
LTMD_U1_W3_SPANISH_STRUCTKW_0.1,U1-H2019P3LEA-P011,H2019P3LEA,2019,3,Español. Libro de lectura,11,6,1,1,0,0,0,0,0,
LTMD_U1_W3_SPANISH_STRUCTKW_0.1,U1-H2019P3LEA-P012,H2019P3LEA,2019,3,Español. Libro de lectura,12,3,1,1,0,0,0,0,0,
LTMD_U1_W3_SPANISH_STRUCTKW_0.1,U1-H2019P3LEA-P013,H2019P3LEA,2019,3,Español. Libro de lectura,13,6,1,1,0,0,0,0,0,
LTMD_U1_W3_SPANISH_STRUCTKW_0.1,U1-H2019P3LEA-P014,H2019P3LEA,2019,3,Español. Libro de lectura,14,6,1,1,0,0,0,0,0,
LTMD_U1_W3_SPANISH_STRUCTKW_0.1,U1-H2019P3LEA-P015,H2019P3LEA,2019,3,Español. Libro de lectura,15,3,1,1,0,0,0,0,0,
LTMD_U1_W3_SPANISH_STRUCTKW_0.1,U1-H2019P3LEA-P016,H2019P3LEA,2019,3,Español. Libro de lectura,16,3,1,1,0,0,0,0,0,
LTMD_U1_W3_SPANISH_STRUCTKW_0.1,U1-H2019P3LEA-P146,H2019P3LEA,2019,3,Español. Libro de lectura,146,3,1,0,1,0,0,0,0,
LTMD_U1_W3_SPANISH_STRUCTKW_0.1,U1-H2019P3LEA-P147,H2019P3LEA,2019,3,Español. Libro de lectura,147,3,1,0,1,0,0,0,0,
LTMD_U1_W3_SPANISH_STRUCTKW_0.1,U1-H2019P3LEA-P148,H2019P3LEA,2019,3,Español. Libro de lectura,148,3,1,0,1,0,0,0,0,
LTMD_U1_W3_SPANISH_STRUCTKW_0.1,U1-H2019P3LEA-P149,H2019P3LEA,2019,3,Español. Libro de lectura,149,3,1,0,1,0,0,0,0,
LTMD_U1_W3_SPANISH_STRUCTKW_0.1,U1-H2019P3LEA-P150,H2019P3LEA,2019,3,Español. Libro de lectura,150,3,1,0,1,0,0,0,0,
LTMD_U1_W3_SPANISH_STRUCTKW_0.1,U1-H2019P3LEA-P151,H2019P3LEA,2019,3,Español. Libro de lectura,151,11,1,0,1,0,0,0,0,
LTMD_U1_W3_SPANISH_STRUCTKW_0.1,U1-H2019P3LEA-P152,H2019P3LEA,2019,3,Español. Libro de lectura,152,3,1,0,1,0,0,0,0,
LTMD_U1_W3_SPANISH_STRUCTKW_0.1,U1-H2019P3LEA-P153,H2019P3LEA,2019,3,Español. Libro de lectura,153,3,1,0,1,0,0,0,0,
LTMD_U1_W3_SPANISH_STRUCTKW_0.1,U1-H2019P3LEA-P154,H2019P3LEA,2019,3,Español. Libro de lectura,154,6,1,0,1,0,0,0,0,
LTMD_U1_W3_SPANISH_STRUCTKW_0.1,U1-H2019P3LEA-P155,H2019P3LEA,2019,3,Español. Libro de lectura,155,6,1,0,1,0,0,0,0,
LTMD_U1_W3_SPANISH_STRUCTKW_0.1,U1-H2019P3LEA-P156,H2019P3LEA,2019,3,Español. Libro de lectura,156,3,1,0,1,0,0,0,0,
LTMD_U1_W3_SPANISH_STRUCTKW_0.1,U1-H2019P3LEA-P157,H2019P3LEA,2019,3,Español. Libro de lectura,157,,1,0,1,0,0,0,0,
LTMD_U1_W3_SPANISH_STRUCTKW_0.1,U1-H2019P3LEA-P158,H2019P3LEA,2019,3,Español. Libro de lectura,158,3,1,0,1,0,1,1,2,
LTMD_U1_W3_SPANISH_STRUCTKW_0.1,U1-H2019P3LEA-P159,H2019P3LEA,2019,3,Español. Libro de lectura,159,3,1,0,1,0,0,0,0,
LTMD_U1_W3_SPANISH_STRUCTKW_0.1,U1-H2019P3LEA-P160,H2019P3LEA,2019,3,Español. Libro de lectura,160,3,1,0,1,0,0,0,0,
LTMD_U1_W3_SPANISH_STRUCTKW_0.1,U1-H2019P3LEA-P161,H2019P3LEA,2019,3,Español. Libro de lectura,161,,1,0,1,0,0,0,0,
LTMD_U1_W3_SPANISH_STRUCTKW_0.1,U1-H2019P4ESA-P001,H2019P4ESA,2019,4,Español,1,3,1,1,0,0,0,0,0,
LTMD_U1_W3_SPANISH_STRUCTKW_0.1,U1-H2019P4ESA-P002,H2019P4ESA,2019,4,Español,2,3,1,1,0,0,0,8,1,
LTMD_U1_W3_SPANISH_STRUCTKW_0.1,U1-H2019P4ESA-P003,H2019P4ESA,2019,4,Español,3,3,1,1,0,1,1,1,3,
LTMD_U1_W3_SPANISH_STRUCTKW_0.1,U1-H2019P4ESA-P004,H2019P4ESA,2019,4,Español,4,3,1,1,0,1,1,0,2,
LTMD_U1_W3_SPANISH_STRUCTKW_0.1,U1-H2019P4ESA-P005,H2019P4ESA,2019,4,Español,5,3,1,1,0,1,0,0,1,
LTMD_U1_W3_SPANISH_STRUCTKW_0.1,U1-H2019P4ESA-P006,H2019P4ESA,2019,4,Español,6,3,1,1,0,2,2,0,2,
LTMD_U1_W3_SPANISH_STRUCTKW_0.1,U1-H2019P4ESA-P007,H2019P4ESA,2019,4,Español,7,3,1,1,0,0,1,1,2,
LTMD_U1_W3_SPANISH_STRUCTKW_0.1,U1-H2019P4ESA-P008,H2019P4ESA,2019,4,Español,8,3,1,1,0,0,1,0,1,
LTMD_U1_W3_SPANISH_STRUCTKW_0.1,U1-H2019P4ESA-P009,H2019P4ESA,2019,4,Español,9,3,1,1,0,0,1,0,1,
LTMD_U1_W3_SPANISH_STRUCTKW_0.1,U1-H2019P4ESA-P010,H2019P4ESA,2019,4,Español,10,3,1,1,0,0,2,0,1,
LTMD_U1_W3_SPANISH_STRUCTKW_0.1,U1-H2019P4ESA-P011,H2019P4ESA,2019,4,Español,11,3,1,1,0,0,1,0,1,
LTMD_U1_W3_SPANISH_STRUCTKW_0.1,U1-H2019P4ESA-P012,H2019P4ESA,2019,4,Español,12,3,1,1,0,0,1,0,1,
LTMD_U1_W3_SPANISH_STRUCTKW_0.1,U1-H2019P4ESA-P013,H2019P4ESA,2019,4,Español,13,3,1,1,0,0,2,0,1,
LTMD_U1_W3_SPANISH_STRUCTKW_0.1,U1-H2019P4ESA-P014,H2019P4ESA,2019,4,Español,14,3,1,1,0,0,0,0,0,
LTMD_U1_W3_SPANISH_STRUCTKW_0.1,U1-H2019P4ESA-P015,H2019P4ESA,2019,4,Español,15,3,1,1,0,0,2,0,1,
LTMD_U1_W3_SPANISH_STRUCTKW_0.1,U1-H2019P4ESA-P016,H2019P4ESA,2019,4,Español,16,3,1,1,0,0,0,0,0,
LTMD_U1_W3_SPANISH_STRUCTKW_0.1,U1-H2019P4ESA-P146,H2019P4ESA,2019,4,Español,146,3,1,0,1,0,1,1,2,
LTMD_U1_W3_SPANISH_STRUCTKW_0.1,U1-H2019P4ESA-P147,H2019P4ESA,2019,4,Español,147,3,1,0,1,0,0,0,0,
LTMD_U1_W3_SPANISH_STRUCTKW_0.1,U1-H2019P4ESA-P148,H2019P4ESA,2019,4,Español,148,3,1,0,1,0,1,0,1,
LTMD_U1_W3_SPANISH_STRUCTKW_0.1,U1-H2019P4ESA-P149,H2019P4ESA,2019,4,Español,149,3,1,0,1,0,0,0,0,
LTMD_U1_W3_SPANISH_STRUCTKW_0.1,U1-H2019P4ESA-P150,H2019P4ESA,2019,4,Español,150,3,1,0,1,0,1,1,2,
LTMD_U1_W3_SPANISH_STRUCTKW_0.1,U1-H2019P4ESA-P151,H2019P4ESA,2019,4,Español,151,3,1,0,1,0,0,0,0,
LTMD_U1_W3_SPANISH_STRUCTKW_0.1,U1-H2019P4ESA-P152,H2019P4ESA,2019,4,Español,152,3,1,0,1,1,0,0,1,
LTMD_U1_W3_SPANISH_STRUCTKW_0.1,U1-H2019P4ESA-P153,H2019P4ESA,2019,4,Español,153,3,1,0,1,0,0,0,0,
LTMD_U1_W3_SPANISH_STRUCTKW_0.1,U1-H2019P4ESA-P154,H2019P4ESA,2019,4,Español,154,3,1,0,1,0,1,0,1,
LTMD_U1_W3_SPANISH_STRUCTKW_0.1,U1-H2019P4ESA-P155,H2019P4ESA,2019,4,Español,155,3,1,0,1,0,0,0,0,
LTMD_U1_W3_SPANISH_STRUCTKW_0.1,U1-H2019P4ESA-P156,H2019P4ESA,2019,4,Español,156,3,1,0,1,0,0,0,0,
LTMD_U1_W3_SPANISH_STRUCTKW_0.1,U1-H2019P4ESA-P157,H2019P4ESA,2019,4,Español,157,3,1,0,1,0,1,0,1,
LTMD_U1_W3_SPANISH_STRUCTKW_0.1,U1-H2019P4ESA-P158,H2019P4ESA,2019,4,Español,158,3,1,0,1,0,0,3,1,
LTMD_U1_W3_SPANISH_STRUCTKW_0.1,U1-H2019P4ESA-P159,H2019P4ESA,2019,4,Español,159,3,1,0,1,0,0,0,0,
LTMD_U1_W3_SPANISH_STRUCTKW_0.1,U1-H2019P4ESA-P160,H2019P4ESA,2019,4,Español,160,3,1,0,1,0,0,1,1,
LTMD_U1_W3_SPANISH_STRUCTKW_0.1,U1-H2019P4ESA-P161,H2019P4ESA,2019,4,Español,161,6,1,0,1,0,0,0,0,
LTMD_U1_W3_SPANISH_STRUCTKW_0.1,U1-H2019P4LEA-P001,H2019P4LEA,2019,4,Español. Libro de lectura,1,3,1,1,0,0,0,0,0,
LTMD_U1_W3_SPANISH_STRUCTKW_0.1,U1-H2019P4LEA-P002,H2019P4LEA,2019,4,Español. Libro de lectura,2,3,1,1,0,0,1,6,2,
LTMD_U1_W3_SPANISH_STRUCTKW_0.1,U1-H2019P4LEA-P003,H2019P4LEA,2019,4,Español. Libro de lectura,3,3,1,1,0,1,1,1,3,
LTMD_U1_W3_SPANISH_STRUCTKW_0.1,U1-H2019P4LEA-P004,H2019P4LEA,2019,4,Español. Libro de lectura,4,3,1,1,0,0,0,0,0,
LTMD_U1_W3_SPANISH_STRUCTKW_0.1,U1-H2019P4LEA-P005,H2019P4LEA,2019,4,Español. Libro de lectura,5,3,1,1,0,0,0,0,0,
LTMD_U1_W3_SPANISH_STRUCTKW_0.1,U1-H2019P4LEA-P006,H2019P4LEA,2019,4,Español. Libro de lectura,6,3,1,1,0,0,0,0,0,
LTMD_U1_W3_SPANISH_STRUCTKW_0.1,U1-H2019P4LEA-P007,H2019P4LEA,2019,4,Español. Libro de lectura,7,3,1,1,0,0,0,1,1,
LTMD_U1_W3_SPANISH_STRUCTKW_0.1,U1-H2019P4LEA-P008,H2019P4LEA,2019,4,Español. Libro de lectura,8,3,1,1,0,0,0,0,0,
LTMD_U1_W3_SPANISH_STRUCTKW_0.1,U1-H2019P4LEA-P009,H2019P4LEA,2019,4,Español. Libro de lectura,9,3,1,1,0,0,0,0,0,
LTMD_U1_W3_SPANISH_STRUCTKW_0.1,U1-H2019P4LEA-P010,H2019P4LEA,2019,4,Español. Libro de lectura,10,3,1,1,0,0,0,0,0,
LTMD_U1_W3_SPANISH_STRUCTKW_0.1,U1-H2019P4LEA-P011,H2019P4LEA,2019,4,Español. Libro de lectura,11,3,1,1,0,0,0,0,0,
LTMD_U1_W3_SPANISH_STRUCTKW_0.1,U1-H2019P4LEA-P012,H2019P4LEA,2019,4,Español. Libro de lectura,12,3,1,1,0,0,0,0,0,
LTMD_U1_W3_SPANISH_STRUCTKW_0.1,U1-H2019P4LEA-P013,H2019P4LEA,2019,4,Español. Libro de lectura,13,3,1,1,0,0,0,0,0,
LTMD_U1_W3_SPANISH_STRUCTKW_0.1,U1-H2019P4LEA-P014,H2019P4LEA,2019,4,Español. Libro de lectura,14,3,1,1,0,0,0,0,0,
LTMD_U1_W3_SPANISH_STRUCTKW_0.1,U1-H2019P4LEA-P015,H2019P4LEA,2019,4,Español. Libro de lectura,15,3,1,1,0,0,0,0,0,
LTMD_U1_W3_SPANISH_STRUCTKW_0.1,U1-H2019P4LEA-P016,H2019P4LEA,2019,4,Español. Libro de lectura,16,3,1,1,0,0,0,0,0,
LTMD_U1_W3_SPANISH_STRUCTKW_0.1,U1-H2019P4LEA-P146,H2019P4LEA,2019,4,Español. Libro de lectura,146,3,1,0,1,0,0,0,0,
LTMD_U1_W3_SPANISH_STRUCTKW_0.1,U1-H2019P4LEA-P147,H2019P4LEA,2019,4,Español. Libro de lectura,147,3,1,0,1,0,0,0,0,
LTMD_U1_W3_SPANISH_STRUCTKW_0.1,U1-H2019P4LEA-P148,H2019P4LEA,2019,4,Español. Libro de lectura,148,3,1,0,1,0,0,0,0,
LTMD_U1_W3_SPANISH_STRUCTKW_0.1,U1-H2019P4LEA-P149,H2019P4LEA,2019,4,Español. Libro de lectura,149,3,1,0,1,0,1,0,1,
LTMD_U1_W3_SPANISH_STRUCTKW_0.1,U1-H2019P4LEA-P150,H2019P4LEA,2019,4,Español. Libro de lectura,150,3,1,0,1,0,0,0,0,
LTMD_U1_W3_SPANISH_STRUCTKW_0.1,U1-H2019P4LEA-P151,H2019P4LEA,2019,4,Español. Libro de lectura,151,3,1,0,1,0,0,0,0,
LTMD_U1_W3_SPANISH_STRUCTKW_0.1,U1-H2019P4LEA-P152,H2019P4LEA,2019,4,Español. Libro de lectura,152,3,1,0,1,0,0,0,0,
LTMD_U1_W3_SPANISH_STRUCTKW_0.1,U1-H2019P4LEA-P153,H2019P4LEA,2019,4,Español. Libro de lectura,153,3,1,0,1,0,0,0,0,
LTMD_U1_W3_SPANISH_STRUCTKW_0.1,U1-H2019P4LEA-P154,H2019P4LEA,2019,4,Español. Libro de lectura,154,3,1,0,1,0,0,0,0,
LTMD_U1_W3_SPANISH_STRUCTKW_0.1,U1-H2019P4LEA-P155,H2019P4LEA,2019,4,Español. Libro de lectura,155,3,1,0,1,0,0,0,0,
LTMD_U1_W3_SPANISH_STRUCTKW_0.1,U1-H2019P4LEA-P156,H2019P4LEA,2019,4,Español. Libro de lectura,156,3,1,0,1,0,0,0,0,
LTMD_U1_W3_SPANISH_STRUCTKW_0.1,U1-H2019P4LEA-P157,H2019P4LEA,2019,4,Español. Libro de lectura,157,3,1,0,1,0,0,0,0,
LTMD_U1_W3_SPANISH_STRUCTKW_0.1,U1-H2019P4LEA-P158,H2019P4LEA,2019,4,Español. Libro de lectura,158,3,1,0,1,0,0,0,0,
LTMD_U1_W3_SPANISH_STRUCTKW_0.1,U1-H2019P4LEA-P159,H2019P4LEA,2019,4,Español. Libro de lectura,159,3,1,0,1,0,0,0,0,
LTMD_U1_W3_SPANISH_STRUCTKW_0.1,U1-H2019P4LEA-P160,H2019P4LEA,2019,4,Español. Libro de lectura,160,3,1,0,1,0,0,2,1,
LTMD_U1_W3_SPANISH_STRUCTKW_0.1,U1-H2019P4LEA-P161,H2019P4LEA,2019,4,Español. Libro de lectura,161,11,1,0,1,0,0,0,0,
LTMD_U1_W3_SPANISH_STRUCTKW_0.1,U1-H2019P5ESA-P001,H2019P5ESA,2019,5,Español,1,3,1,1,0,0,0,0,0,
LTMD_U1_W3_SPANISH_STRUCTKW_0.1,U1-H2019P5ESA-P002,H2019P5ESA,2019,5,Español,2,3,1,1,0,0,0,6,1,
LTMD_U1_W3_SPANISH_STRUCTKW_0.1,U1-H2019P5ESA-P003,H2019P5ESA,2019,5,Español,3,3,1,1,0,1,1,1,3,
LTMD_U1_W3_SPANISH_STRUCTKW_0.1,U1-H2019P5ESA-P004,H2019P5ESA,2019,5,Español,4,3,1,1,0,1,1,0,2,
LTMD_U1_W3_SPANISH_STRUCTKW_0.1,U1-H2019P5ESA-P005,H2019P5ESA,2019,5,Español,5,3,1,1,0,0,0,0,0,
LTMD_U1_W3_SPANISH_STRUCTKW_0.1,U1-H2019P5ESA-P006,H2019P5ESA,2019,5,Español,6,3,1,1,0,2,1,0,2,
LTMD_U1_W3_SPANISH_STRUCTKW_0.1,U1-H2019P5ESA-P007,H2019P5ESA,2019,5,Español,7,3,1,1,0,0,1,1,2,
LTMD_U1_W3_SPANISH_STRUCTKW_0.1,U1-H2019P5ESA-P008,H2019P5ESA,2019,5,Español,8,3,1,1,0,0,0,0,0,
LTMD_U1_W3_SPANISH_STRUCTKW_0.1,U1-H2019P5ESA-P009,H2019P5ESA,2019,5,Español,9,3,1,1,0,0,0,0,0,
LTMD_U1_W3_SPANISH_STRUCTKW_0.1,U1-H2019P5ESA-P010,H2019P5ESA,2019,5,Español,10,3,1,1,0,0,0,0,0,
LTMD_U1_W3_SPANISH_STRUCTKW_0.1,U1-H2019P5ESA-P011,H2019P5ESA,2019,5,Español,11,3,1,1,0,0,1,1,2,
LTMD_U1_W3_SPANISH_STRUCTKW_0.1,U1-H2019P5ESA-P012,H2019P5ESA,2019,5,Español,12,3,1,1,0,0,0,0,0,
LTMD_U1_W3_SPANISH_STRUCTKW_0.1,U1-H2019P5ESA-P013,H2019P5ESA,2019,5,Español,13,3,1,1,0,0,1,0,1,
LTMD_U1_W3_SPANISH_STRUCTKW_0.1,U1-H2019P5ESA-P014,H2019P5ESA,2019,5,Español,14,3,1,1,0,0,0,0,0,
LTMD_U1_W3_SPANISH_STRUCTKW_0.1,U1-H2019P5ESA-P015,H2019P5ESA,2019,5,Español,15,3,1,1,0,0,0,0,0,
LTMD_U1_W3_SPANISH_STRUCTKW_0.1,U1-H2019P5ESA-P016,H2019P5ESA,2019,5,Español,16,3,1,1,0,1,0,0,1,
LTMD_U1_W3_SPANISH_STRUCTKW_0.1,U1-H2019P5ESA-P162,H2019P5ESA,2019,5,Español,162,3,1,0,1,0,1,0,1,
LTMD_U1_W3_SPANISH_STRUCTKW_0.1,U1-H2019P5ESA-P163,H2019P5ESA,2019,5,Español,163,3,1,0,1,0,0,0,0,
LTMD_U1_W3_SPANISH_STRUCTKW_0.1,U1-H2019P5ESA-P164,H2019P5ESA,2019,5,Español,164,3,1,0,1,0,2,0,1,
LTMD_U1_W3_SPANISH_STRUCTKW_0.1,U1-H2019P5ESA-P165,H2019P5ESA,2019,5,Español,165,3,1,0,1,0,0,1,1,
LTMD_U1_W3_SPANISH_STRUCTKW_0.1,U1-H2019P5ESA-P166,H2019P5ESA,2019,5,Español,166,3,1,0,1,0,2,0,1,
LTMD_U1_W3_SPANISH_STRUCTKW_0.1,U1-H2019P5ESA-P167,H2019P5ESA,2019,5,Español,167,3,1,0,1,1,1,1,3,
LTMD_U1_W3_SPANISH_STRUCTKW_0.1,U1-H2019P5ESA-P168,H2019P5ESA,2019,5,Español,168,3,1,0,1,0,0,0,0,
LTMD_U1_W3_SPANISH_STRUCTKW_0.1,U1-H2019P5ESA-P169,H2019P5ESA,2019,5,Español,169,3,1,0,1,0,0,0,0,
LTMD_U1_W3_SPANISH_STRUCTKW_0.1,U1-H2019P5ESA-P170,H2019P5ESA,2019,5,Español,170,3,1,0,1,0,2,0,1,
LTMD_U1_W3_SPANISH_STRUCTKW_0.1,U1-H2019P5ESA-P171,H2019P5ESA,2019,5,Español,171,3,1,0,1,1,0,1,2,
LTMD_U1_W3_SPANISH_STRUCTKW_0.1,U1-H2019P5ESA-P172,H2019P5ESA,2019,5,Español,172,3,1,0,1,0,0,1,1,
LTMD_U1_W3_SPANISH_STRUCTKW_0.1,U1-H2019P5ESA-P173,H2019P5ESA,2019,5,Español,173,3,1,0,1,1,0,1,2,
LTMD_U1_W3_SPANISH_STRUCTKW_0.1,U1-H2019P5ESA-P174,H2019P5ESA,2019,5,Español,174,3,1,0,1,0,0,1,1,
LTMD_U1_W3_SPANISH_STRUCTKW_0.1,U1-H2019P5ESA-P175,H2019P5ESA,2019,5,Español,175,3,1,0,1,0,0,0,0,
LTMD_U1_W3_SPANISH_STRUCTKW_0.1,U1-H2019P5ESA-P176,H2019P5ESA,2019,5,Español,176,3,1,0,1,0,0,1,1,
LTMD_U1_W3_SPANISH_STRUCTKW_0.1,U1-H2019P5ESA-P177,H2019P5ESA,2019,5,Español,177,,1,0,1,0,0,0,0,
LTMD_U1_W3_SPANISH_STRUCTKW_0.1,U1-H2019P5LEA-P001,H2019P5LEA,2019,5,Español. Libro de lectura,1,3,1,1,0,0,0,0,0,
LTMD_U1_W3_SPANISH_STRUCTKW_0.1,U1-H2019P5LEA-P002,H2019P5LEA,2019,5,Español. Libro de lectura,2,3,1,1,0,0,0,7,1,
LTMD_U1_W3_SPANISH_STRUCTKW_0.1,U1-H2019P5LEA-P003,H2019P5LEA,2019,5,Español. Libro de lectura,3,3,1,1,0,1,1,1,3,
LTMD_U1_W3_SPANISH_STRUCTKW_0.1,U1-H2019P5LEA-P004,H2019P5LEA,2019,5,Español. Libro de lectura,4,3,1,1,0,0,0,0,0,
LTMD_U1_W3_SPANISH_STRUCTKW_0.1,U1-H2019P5LEA-P005,H2019P5LEA,2019,5,Español. Libro de lectura,5,3,1,1,0,0,0,0,0,
LTMD_U1_W3_SPANISH_STRUCTKW_0.1,U1-H2019P5LEA-P006,H2019P5LEA,2019,5,Español. Libro de lectura,6,3,1,1,0,0,1,0,1,
LTMD_U1_W3_SPANISH_STRUCTKW_0.1,U1-H2019P5LEA-P007,H2019P5LEA,2019,5,Español. Libro de lectura,7,3,1,1,0,0,0,1,1,
LTMD_U1_W3_SPANISH_STRUCTKW_0.1,U1-H2019P5LEA-P008,H2019P5LEA,2019,5,Español. Libro de lectura,8,3,1,1,0,0,0,0,0,
LTMD_U1_W3_SPANISH_STRUCTKW_0.1,U1-H2019P5LEA-P009,H2019P5LEA,2019,5,Español. Libro de lectura,9,3,1,1,0,0,0,0,0,
LTMD_U1_W3_SPANISH_STRUCTKW_0.1,U1-H2019P5LEA-P010,H2019P5LEA,2019,5,Español. Libro de lectura,10,3,1,1,0,0,0,0,0,
LTMD_U1_W3_SPANISH_STRUCTKW_0.1,U1-H2019P5LEA-P011,H2019P5LEA,2019,5,Español. Libro de lectura,11,3,1,1,0,0,0,0,0,
LTMD_U1_W3_SPANISH_STRUCTKW_0.1,U1-H2019P5LEA-P012,H2019P5LEA,2019,5,Español. Libro de lectura,12,3,1,1,0,1,0,0,1,
LTMD_U1_W3_SPANISH_STRUCTKW_0.1,U1-H2019P5LEA-P013,H2019P5LEA,2019,5,Español. Libro de lectura,13,3,1,1,0,0,0,0,0,
LTMD_U1_W3_SPANISH_STRUCTKW_0.1,U1-H2019P5LEA-P014,H2019P5LEA,2019,5,Español. Libro de lectura,14,3,1,1,0,0,0,0,0,
LTMD_U1_W3_SPANISH_STRUCTKW_0.1,U1-H2019P5LEA-P015,H2019P5LEA,2019,5,Español. Libro de lectura,15,3,1,1,0,0,0,0,0,
LTMD_U1_W3_SPANISH_STRUCTKW_0.1,U1-H2019P5LEA-P016,H2019P5LEA,2019,5,Español. Libro de lectura,16,3,1,1,0,0,0,0,0,
LTMD_U1_W3_SPANISH_STRUCTKW_0.1,U1-H2019P5LEA-P146,H2019P5LEA,2019,5,Español. Libro de lectura,146,3,1,0,1,0,0,0,0,
LTMD_U1_W3_SPANISH_STRUCTKW_0.1,U1-H2019P5LEA-P147,H2019P5LEA,2019,5,Español. Libro de lectura,147,3,1,0,1,0,0,0,0,
LTMD_U1_W3_SPANISH_STRUCTKW_0.1,U1-H2019P5LEA-P148,H2019P5LEA,2019,5,Español. Libro de lectura,148,3,1,0,1,0,0,0,0,
LTMD_U1_W3_SPANISH_STRUCTKW_0.1,U1-H2019P5LEA-P149,H2019P5LEA,2019,5,Español. Libro de lectura,149,3,1,0,1,0,0,0,0,
LTMD_U1_W3_SPANISH_STRUCTKW_0.1,U1-H2019P5LEA-P150,H2019P5LEA,2019,5,Español. Libro de lectura,150,3,1,0,1,0,0,0,0,
LTMD_U1_W3_SPANISH_STRUCTKW_0.1,U1-H2019P5LEA-P151,H2019P5LEA,2019,5,Español. Libro de lectura,151,3,1,0,1,0,0,0,0,
LTMD_U1_W3_SPANISH_STRUCTKW_0.1,U1-H2019P5LEA-P152,H2019P5LEA,2019,5,Español. Libro de lectura,152,3,1,0,1,0,0,0,0,
LTMD_U1_W3_SPANISH_STRUCTKW_0.1,U1-H2019P5LEA-P153,H2019P5LEA,2019,5,Español. Libro de lectura,153,3,1,0,1,0,1,0,1,
LTMD_U1_W3_SPANISH_STRUCTKW_0.1,U1-H2019P5LEA-P154,H2019P5LEA,2019,5,Español. Libro de lectura,154,3,1,0,1,0,0,0,0,
LTMD_U1_W3_SPANISH_STRUCTKW_0.1,U1-H2019P5LEA-P155,H2019P5LEA,2019,5,Español. Libro de lectura,155,3,1,0,1,0,0,0,0,
LTMD_U1_W3_SPANISH_STRUCTKW_0.1,U1-H2019P5LEA-P156,H2019P5LEA,2019,5,Español. Libro de lectura,156,3,1,0,1,0,0,0,0,
LTMD_U1_W3_SPANISH_STRUCTKW_0.1,U1-H2019P5LEA-P157,H2019P5LEA,2019,5,Español. Libro de lectura,157,3,1,0,1,0,0,0,0,
LTMD_U1_W3_SPANISH_STRUCTKW_0.1,U1-H2019P5LEA-P158,H2019P5LEA,2019,5,Español. Libro de lectura,158,3,1,0,1,0,0,0,0,
LTMD_U1_W3_SPANISH_STRUCTKW_0.1,U1-H2019P5LEA-P159,H2019P5LEA,2019,5,Español. Libro de lectura,159,3,1,0,1,0,0,0,0,
LTMD_U1_W3_SPANISH_STRUCTKW_0.1,U1-H2019P5LEA-P160,H2019P5LEA,2019,5,Español. Libro de lectura,160,3,1,0,1,0,0,1,1,
LTMD_U1_W3_SPANISH_STRUCTKW_0.1,U1-H2019P5LEA-P161,H2019P5LEA,2019,5,Español. Libro de lectura,161,6,1,0,1,0,0,0,0,
LTMD_U1_W3_SPANISH_STRUCTKW_0.1,U1-H2019P6ESA-P001,H2019P6ESA,2019,6,Español,1,3,1,1,0,0,0,0,0,
LTMD_U1_W3_SPANISH_STRUCTKW_0.1,U1-H2019P6ESA-P002,H2019P6ESA,2019,6,Español,2,3,1,1,0,0,0,8,1,
LTMD_U1_W3_SPANISH_STRUCTKW_0.1,U1-H2019P6ESA-P003,H2019P6ESA,2019,6,Español,3,3,1,1,0,1,1,1,3,
LTMD_U1_W3_SPANISH_STRUCTKW_0.1,U1-H2019P6ESA-P004,H2019P6ESA,2019,6,Español,4,3,1,1,0,1,2,0,2,
LTMD_U1_W3_SPANISH_STRUCTKW_0.1,U1-H2019P6ESA-P005,H2019P6ESA,2019,6,Español,5,3,1,1,0,0,2,0,1,
LTMD_U1_W3_SPANISH_STRUCTKW_0.1,U1-H2019P6ESA-P006,H2019P6ESA,2019,6,Español,6,3,1,1,0,2,1,0,2,
LTMD_U1_W3_SPANISH_STRUCTKW_0.1,U1-H2019P6ESA-P007,H2019P6ESA,2019,6,Español,7,3,1,1,0,0,2,1,2,
LTMD_U1_W3_SPANISH_STRUCTKW_0.1,U1-H2019P6ESA-P008,H2019P6ESA,2019,6,Español,8,3,1,1,0,0,0,0,0,
LTMD_U1_W3_SPANISH_STRUCTKW_0.1,U1-H2019P6ESA-P009,H2019P6ESA,2019,6,Español,9,3,1,1,0,1,1,0,2,
LTMD_U1_W3_SPANISH_STRUCTKW_0.1,U1-H2019P6ESA-P010,H2019P6ESA,2019,6,Español,10,3,1,1,0,0,0,0,0,
LTMD_U1_W3_SPANISH_STRUCTKW_0.1,U1-H2019P6ESA-P011,H2019P6ESA,2019,6,Español,11,3,1,1,0,0,1,0,1,
LTMD_U1_W3_SPANISH_STRUCTKW_0.1,U1-H2019P6ESA-P012,H2019P6ESA,2019,6,Español,12,3,1,1,0,0,1,0,1,
LTMD_U1_W3_SPANISH_STRUCTKW_0.1,U1-H2019P6ESA-P013,H2019P6ESA,2019,6,Español,13,3,1,1,0,0,0,0,0,
LTMD_U1_W3_SPANISH_STRUCTKW_0.1,U1-H2019P6ESA-P014,H2019P6ESA,2019,6,Español,14,3,1,1,0,0,1,0,1,
LTMD_U1_W3_SPANISH_STRUCTKW_0.1,U1-H2019P6ESA-P015,H2019P6ESA,2019,6,Español,15,3,1,1,0,0,1,0,1,
LTMD_U1_W3_SPANISH_STRUCTKW_0.1,U1-H2019P6ESA-P016,H2019P6ESA,2019,6,Español,16,3,1,1,0,0,2,0,1,
LTMD_U1_W3_SPANISH_STRUCTKW_0.1,U1-H2019P6ESA-P170,H2019P6ESA,2019,6,Español,170,3,1,0,1,0,0,0,0,
LTMD_U1_W3_SPANISH_STRUCTKW_0.1,U1-H2019P6ESA-P171,H2019P6ESA,2019,6,Español,171,3,1,0,1,0,1,0,1,
LTMD_U1_W3_SPANISH_STRUCTKW_0.1,U1-H2019P6ESA-P172,H2019P6ESA,2019,6,Español,172,3,1,0,1,0,1,0,1,
LTMD_U1_W3_SPANISH_STRUCTKW_0.1,U1-H2019P6ESA-P173,H2019P6ESA,2019,6,Español,173,3,1,0,1,1,0,0,1,
LTMD_U1_W3_SPANISH_STRUCTKW_0.1,U1-H2019P6ESA-P174,H2019P6ESA,2019,6,Español,174,3,1,0,1,1,0,0,1,
LTMD_U1_W3_SPANISH_STRUCTKW_0.1,U1-H2019P6ESA-P175,H2019P6ESA,2019,6,Español,175,3,1,0,1,1,0,0,1,
LTMD_U1_W3_SPANISH_STRUCTKW_0.1,U1-H2019P6ESA-P176,H2019P6ESA,2019,6,Español,176,3,1,0,1,1,2,0,2,
LTMD_U1_W3_SPANISH_STRUCTKW_0.1,U1-H2019P6ESA-P177,H2019P6ESA,2019,6,Español,177,3,1,0,1,0,1,0,1,
LTMD_U1_W3_SPANISH_STRUCTKW_0.1,U1-H2019P6ESA-P178,H2019P6ESA,2019,6,Español,178,3,1,0,1,0,1,0,1,
LTMD_U1_W3_SPANISH_STRUCTKW_0.1,U1-H2019P6ESA-P179,H2019P6ESA,2019,6,Español,179,3,1,0,1,0,0,0,0,
LTMD_U1_W3_SPANISH_STRUCTKW_0.1,U1-H2019P6ESA-P180,H2019P6ESA,2019,6,Español,180,,1,0,1,0,0,0,0,
LTMD_U1_W3_SPANISH_STRUCTKW_0.1,U1-H2019P6ESA-P181,H2019P6ESA,2019,6,Español,181,3,1,0,1,0,0,1,1,
LTMD_U1_W3_SPANISH_STRUCTKW_0.1,U1-H2019P6ESA-P182,H2019P6ESA,2019,6,Español,182,3,1,0,1,0,0,0,0,
LTMD_U1_W3_SPANISH_STRUCTKW_0.1,U1-H2019P6ESA-P183,H2019P6ESA,2019,6,Español,183,3,1,0,1,0,0,0,0,
LTMD_U1_W3_SPANISH_STRUCTKW_0.1,U1-H2019P6ESA-P184,H2019P6ESA,2019,6,Español,184,3,1,0,1,0,0,1,1,
LTMD_U1_W3_SPANISH_STRUCTKW_0.1,U1-H2019P6ESA-P185,H2019P6ESA,2019,6,Español,185,3,1,0,1,0,0,0,0,
LTMD_U1_W3_SPANISH_STRUCTKW_0.1,U1-H2019P6LEA-P001,H2019P6LEA,2019,6,Español. Libro de lectura,1,3,1,1,0,0,0,0,0,
LTMD_U1_W3_SPANISH_STRUCTKW_0.1,U1-H2019P6LEA-P002,H2019P6LEA,2019,6,Español. Libro de lectura,2,3,1,1,0,0,0,7,1,
LTMD_U1_W3_SPANISH_STRUCTKW_0.1,U1-H2019P6LEA-P003,H2019P6LEA,2019,6,Español. Libro de lectura,3,3,1,1,0,1,1,1,3,
LTMD_U1_W3_SPANISH_STRUCTKW_0.1,U1-H2019P6LEA-P004,H2019P6LEA,2019,6,Español. Libro de lectura,4,3,1,1,0,0,0,0,0,
LTMD_U1_W3_SPANISH_STRUCTKW_0.1,U1-H2019P6LEA-P005,H2019P6LEA,2019,6,Español. Libro de lectura,5,3,1,1,0,0,0,0,0,
LTMD_U1_W3_SPANISH_STRUCTKW_0.1,U1-H2019P6LEA-P006,H2019P6LEA,2019,6,Español. Libro de lectura,6,3,1,1,0,0,1,0,1,
LTMD_U1_W3_SPANISH_STRUCTKW_0.1,U1-H2019P6LEA-P007,H2019P6LEA,2019,6,Español. Libro de lectura,7,3,1,1,0,0,0,1,1,
LTMD_U1_W3_SPANISH_STRUCTKW_0.1,U1-H2019P6LEA-P008,H2019P6LEA,2019,6,Español. Libro de lectura,8,3,1,1,0,0,0,0,0,
LTMD_U1_W3_SPANISH_STRUCTKW_0.1,U1-H2019P6LEA-P009,H2019P6LEA,2019,6,Español. Libro de lectura,9,3,1,1,0,0,0,0,0,
LTMD_U1_W3_SPANISH_STRUCTKW_0.1,U1-H2019P6LEA-P010,H2019P6LEA,2019,6,Español. Libro de lectura,10,3,1,1,0,0,0,0,0,
LTMD_U1_W3_SPANISH_STRUCTKW_0.1,U1-H2019P6LEA-P011,H2019P6LEA,2019,6,Español. Libro de lectura,11,3,1,1,0,0,0,0,0,
LTMD_U1_W3_SPANISH_STRUCTKW_0.1,U1-H2019P6LEA-P012,H2019P6LEA,2019,6,Español. Libro de lectura,12,3,1,1,0,0,0,0,0,
LTMD_U1_W3_SPANISH_STRUCTKW_0.1,U1-H2019P6LEA-P013,H2019P6LEA,2019,6,Español. Libro de lectura,13,3,1,1,0,0,1,0,1,
LTMD_U1_W3_SPANISH_STRUCTKW_0.1,U1-H2019P6LEA-P014,H2019P6LEA,2019,6,Español. Libro de lectura,14,3,1,1,0,0,0,0,0,
LTMD_U1_W3_SPANISH_STRUCTKW_0.1,U1-H2019P6LEA-P015,H2019P6LEA,2019,6,Español. Libro de lectura,15,3,1,1,0,0,2,0,1,
LTMD_U1_W3_SPANISH_STRUCTKW_0.1,U1-H2019P6LEA-P016,H2019P6LEA,2019,6,Español. Libro de lectura,16,3,1,1,0,0,0,0,0,
LTMD_U1_W3_SPANISH_STRUCTKW_0.1,U1-H2019P6LEA-P146,H2019P6LEA,2019,6,Español. Libro de lectura,146,3,1,0,1,0,0,0,0,
LTMD_U1_W3_SPANISH_STRUCTKW_0.1,U1-H2019P6LEA-P147,H2019P6LEA,2019,6,Español. Libro de lectura,147,3,1,0,1,0,0,0,0,
LTMD_U1_W3_SPANISH_STRUCTKW_0.1,U1-H2019P6LEA-P148,H2019P6LEA,2019,6,Español. Libro de lectura,148,3,1,0,1,0,0,0,0,
LTMD_U1_W3_SPANISH_STRUCTKW_0.1,U1-H2019P6LEA-P149,H2019P6LEA,2019,6,Español. Libro de lectura,149,3,1,0,1,0,0,0,0,
LTMD_U1_W3_SPANISH_STRUCTKW_0.1,U1-H2019P6LEA-P150,H2019P6LEA,2019,6,Español. Libro de lectura,150,3,1,0,1,0,0,0,0,
LTMD_U1_W3_SPANISH_STRUCTKW_0.1,U1-H2019P6LEA-P151,H2019P6LEA,2019,6,Español. Libro de lectura,151,3,1,0,1,0,0,0,0,
LTMD_U1_W3_SPANISH_STRUCTKW_0.1,U1-H2019P6LEA-P152,H2019P6LEA,2019,6,Español. Libro de lectura,152,3,1,0,1,0,0,0,0,
LTMD_U1_W3_SPANISH_STRUCTKW_0.1,U1-H2019P6LEA-P153,H2019P6LEA,2019,6,Español. Libro de lectura,153,3,1,0,1,0,0,0,0,
LTMD_U1_W3_SPANISH_STRUCTKW_0.1,U1-H2019P6LEA-P154,H2019P6LEA,2019,6,Español. Libro de lectura,154,3,1,0,1,0,0,0,0,
LTMD_U1_W3_SPANISH_STRUCTKW_0.1,U1-H2019P6LEA-P155,H2019P6LEA,2019,6,Español. Libro de lectura,155,3,1,0,1,0,0,0,0,
LTMD_U1_W3_SPANISH_STRUCTKW_0.1,U1-H2019P6LEA-P156,H2019P6LEA,2019,6,Español. Libro de lectura,156,3,1,0,1,0,0,0,0,
LTMD_U1_W3_SPANISH_STRUCTKW_0.1,U1-H2019P6LEA-P157,H2019P6LEA,2019,6,Español. Libro de lectura,157,,1,0,1,0,0,0,0,
LTMD_U1_W3_SPANISH_STRUCTKW_0.1,U1-H2019P6LEA-P158,H2019P6LEA,2019,6,Español. Libro de lectura,158,3,1,0,1,0,0,2,1,
LTMD_U1_W3_SPANISH_STRUCTKW_0.1,U1-H2019P6LEA-P159,H2019P6LEA,2019,6,Español. Libro de lectura,159,3,1,0,1,0,0,2,1,
LTMD_U1_W3_SPANISH_STRUCTKW_0.1,U1-H2019P6LEA-P160,H2019P6LEA,2019,6,Español. Libro de lectura,160,3,1,0,1,0,0,0,0,
LTMD_U1_W3_SPANISH_STRUCTKW_0.1,U1-H2019P6LEA-P161,H2019P6LEA,2019,6,Español. Libro de lectura,161,11,1,0,1,0,0,0,0,
