audit_version,viewer_key_2018,viewer_key_2019,grade_code,title_core,viewer_page,declared_positions,alternate_route_url,reference_sha256_2019,reference_byte_size_2019,observed_sha256,observed_byte_size,http_status,content_type,fetch_attempts,error,sha256_matches_2019_reference,byte_size_matches_2019_reference
LTMD_U1_W3_SPANISH_2018_2019_ROUTE_IDENTITY_0.1,H2018P3ESA,H2019P3ESA,3,Español,1,162,https://historico.conaliteg.gob.mx/c/H2019P3ESA/000.jpg,7ce35e032d3e7803d5799248a250a860466cfc30ea47a89ff68a0d1d97beac12,102972,7ce35e032d3e7803d5799248a250a860466cfc30ea47a89ff68a0d1d97beac12,102972,200,image/jpeg,1,,1,1
LTMD_U1_W3_SPANISH_2018_2019_ROUTE_IDENTITY_0.1,H2018P3ESA,H2019P3ESA,3,Español,2,162,https://historico.conaliteg.gob.mx/c/H2019P3ESA/002.jpg,9955cc7cfd9c449f67973225429594a6d85b4bcaa88fde96675fb029aab0b3fc,94618,9955cc7cfd9c449f67973225429594a6d85b4bcaa88fde96675fb029aab0b3fc,94618,200,image/jpeg,1,,1,1
LTMD_U1_W3_SPANISH_2018_2019_ROUTE_IDENTITY_0.1,H2018P3ESA,H2019P3ESA,3,Español,3,162,https://historico.conaliteg.gob.mx/c/H2019P3ESA/003.jpg,d2ba68e72055834bce0dfa47b4f004edcf510905575776fa91d2b02a6c3ea9de,83928,d2ba68e72055834bce0dfa47b4f004edcf510905575776fa91d2b02a6c3ea9de,83928,200,image/jpeg,1,,1,1
LTMD_U1_W3_SPANISH_2018_2019_ROUTE_IDENTITY_0.1,H2018P3ESA,H2019P3ESA,3,Español,4,162,https://historico.conaliteg.gob.mx/c/H2019P3ESA/004.jpg,91dd2e1353652d25d3bd3ee2a5904d70b8d5a69541c397cf1e683990514cf485,107307,91dd2e1353652d25d3bd3ee2a5904d70b8d5a69541c397cf1e683990514cf485,107307,200,image/jpeg,1,,1,1
LTMD_U1_W3_SPANISH_2018_2019_ROUTE_IDENTITY_0.1,H2018P3ESA,H2019P3ESA,3,Español,5,162,https://historico.conaliteg.gob.mx/c/H2019P3ESA/005.jpg,849e8ec54c049d634d6ac3ee33411201e97f4894dd7382b61ea8d5482de3940e,101371,849e8ec54c049d634d6ac3ee33411201e97f4894dd7382b61ea8d5482de3940e,101371,200,image/jpeg,1,,1,1
LTMD_U1_W3_SPANISH_2018_2019_ROUTE_IDENTITY_0.1,H2018P3ESA,H2019P3ESA,3,Español,6,162,https://historico.conaliteg.gob.mx/c/H2019P3ESA/006.jpg,6fc0c3987f15f2442741b7a814ada6cea961662eaa58ec2f1e8cbba62b0f55fa,104449,6fc0c3987f15f2442741b7a814ada6cea961662eaa58ec2f1e8cbba62b0f55fa,104449,200,image/jpeg,1,,1,1
LTMD_U1_W3_SPANISH_2018_2019_ROUTE_IDENTITY_0.1,H2018P3ESA,H2019P3ESA,3,Español,7,162,https://historico.conaliteg.gob.mx/c/H2019P3ESA/007.jpg,e8fbefefec44bf5f5e92c8a6c862e903779cc77e5b37eafedb1747171a0c086d,125066,e8fbefefec44bf5f5e92c8a6c862e903779cc77e5b37eafedb1747171a0c086d,125066,200,image/jpeg,1,,1,1
LTMD_U1_W3_SPANISH_2018_2019_ROUTE_IDENTITY_0.1,H2018P3ESA,H2019P3ESA,3,Español,8,162,https://historico.conaliteg.gob.mx/c/H2019P3ESA/008.jpg,c9dcffe87bb1d4294baf4e84a0d6bda378f466031bb7eefeada550e99adfbf93,103785,c9dcffe87bb1d4294baf4e84a0d6bda378f466031bb7eefeada550e99adfbf93,103785,200,image/jpeg,1,,1,1
LTMD_U1_W3_SPANISH_2018_2019_ROUTE_IDENTITY_0.1,H2018P3ESA,H2019P3ESA,3,Español,9,162,https://historico.conaliteg.gob.mx/c/H2019P3ESA/009.jpg,b408072351f7ddf9dbb75b08ec73a2ff2f84bf92cbc030963d0d5a62726a12b2,111001,b408072351f7ddf9dbb75b08ec73a2ff2f84bf92cbc030963d0d5a62726a12b2,111001,200,image/jpeg,1,,1,1
LTMD_U1_W3_SPANISH_2018_2019_ROUTE_IDENTITY_0.1,H2018P3ESA,H2019P3ESA,3,Español,10,162,https://historico.conaliteg.gob.mx/c/H2019P3ESA/010.jpg,4b9524dce40aef4d28df5cc65cda260d7d5bc65fcc3ecc695ab24854b9e1ce94,117239,4b9524dce40aef4d28df5cc65cda260d7d5bc65fcc3ecc695ab24854b9e1ce94,117239,200,image/jpeg,1,,1,1
LTMD_U1_W3_SPANISH_2018_2019_ROUTE_IDENTITY_0.1,H2018P3ESA,H2019P3ESA,3,Español,11,162,https://historico.conaliteg.gob.mx/c/H2019P3ESA/011.jpg,6b3bee6df05acd0b63cae845edae0bfc93540eb124564d21ca6f0c8705617f8d,47230,6b3bee6df05acd0b63cae845edae0bfc93540eb124564d21ca6f0c8705617f8d,47230,200,image/jpeg,1,,1,1
LTMD_U1_W3_SPANISH_2018_2019_ROUTE_IDENTITY_0.1,H2018P3ESA,H2019P3ESA,3,Español,12,162,https://historico.conaliteg.gob.mx/c/H2019P3ESA/012.jpg,0c3f9720006dd943a33dd3bf30dffe232a2df72de3502f67ae47e7ab4adf6fb4,130423,0c3f9720006dd943a33dd3bf30dffe232a2df72de3502f67ae47e7ab4adf6fb4,130423,200,image/jpeg,1,,1,1
LTMD_U1_W3_SPANISH_2018_2019_ROUTE_IDENTITY_0.1,H2018P3ESA,H2019P3ESA,3,Español,13,162,https://historico.conaliteg.gob.mx/c/H2019P3ESA/013.jpg,d6c9dc93b40b86d6302fcc4b5fdc66a5a9142ee326eeb033ed9589d3d0692ea4,155290,d6c9dc93b40b86d6302fcc4b5fdc66a5a9142ee326eeb033ed9589d3d0692ea4,155290,200,image/jpeg,1,,1,1
LTMD_U1_W3_SPANISH_2018_2019_ROUTE_IDENTITY_0.1,H2018P3ESA,H2019P3ESA,3,Español,14,162,https://historico.conaliteg.gob.mx/c/H2019P3ESA/014.jpg,c583207a5c13dada31b55f96a814e4ab04ebdcdae73e87b63e1ceb5d98359347,109048,c583207a5c13dada31b55f96a814e4ab04ebdcdae73e87b63e1ceb5d98359347,109048,200,image/jpeg,1,,1,1
LTMD_U1_W3_SPANISH_2018_2019_ROUTE_IDENTITY_0.1,H2018P3ESA,H2019P3ESA,3,Español,15,162,https://historico.conaliteg.gob.mx/c/H2019P3ESA/015.jpg,afb50871ad2a75d20d1a7a0b3aa1c1e77583246f5319e46d73f40872cc12e93f,121024,afb50871ad2a75d20d1a7a0b3aa1c1e77583246f5319e46d73f40872cc12e93f,121024,200,image/jpeg,1,,1,1
LTMD_U1_W3_SPANISH_2018_2019_ROUTE_IDENTITY_0.1,H2018P3ESA,H2019P3ESA,3,Español,16,162,https://historico.conaliteg.gob.mx/c/H2019P3ESA/016.jpg,636652c62ee5f18b87989e319be9ff7af98848d90ceee1de2dfd9a734251571b,125530,636652c62ee5f18b87989e319be9ff7af98848d90ceee1de2dfd9a734251571b,125530,200,image/jpeg,1,,1,1
LTMD_U1_W3_SPANISH_2018_2019_ROUTE_IDENTITY_0.1,H2018P3ESA,H2019P3ESA,3,Español,17,162,https://historico.conaliteg.gob.mx/c/H2019P3ESA/017.jpg,ef6afdc57d0ae50dfbcfe8fa9978d272f42fb8b4a2243f4672d763d75dca760d,85107,ef6afdc57d0ae50dfbcfe8fa9978d272f42fb8b4a2243f4672d763d75dca760d,85107,200,image/jpeg,1,,1,1
LTMD_U1_W3_SPANISH_2018_2019_ROUTE_IDENTITY_0.1,H2018P3ESA,H2019P3ESA,3,Español,18,162,https://historico.conaliteg.gob.mx/c/H2019P3ESA/018.jpg,0ef09ebbcec49ab3204d36b72f55b649febf80c5dc8c87697191e816972869a9,80649,0ef09ebbcec49ab3204d36b72f55b649febf80c5dc8c87697191e816972869a9,80649,200,image/jpeg,1,,1,1
LTMD_U1_W3_SPANISH_2018_2019_ROUTE_IDENTITY_0.1,H2018P3ESA,H2019P3ESA,3,Español,19,162,https://historico.conaliteg.gob.mx/c/H2019P3ESA/019.jpg,156359fe6375419c337b4f092bee80e2f3436eb2dc7a0e5213685e25f6f4951c,97669,156359fe6375419c337b4f092bee80e2f3436eb2dc7a0e5213685e25f6f4951c,97669,200,image/jpeg,1,,1,1
LTMD_U1_W3_SPANISH_2018_2019_ROUTE_IDENTITY_0.1,H2018P3ESA,H2019P3ESA,3,Español,20,162,https://historico.conaliteg.gob.mx/c/H2019P3ESA/020.jpg,ddf4da825d62ee772d1a8299b238e6663bc32c31c666b461f2f139c3d1394c3d,118657,ddf4da825d62ee772d1a8299b238e6663bc32c31c666b461f2f139c3d1394c3d,118657,200,image/jpeg,1,,1,1
LTMD_U1_W3_SPANISH_2018_2019_ROUTE_IDENTITY_0.1,H2018P3ESA,H2019P3ESA,3,Español,21,162,https://historico.conaliteg.gob.mx/c/H2019P3ESA/021.jpg,fc306b4b51090d8174904bb83d96a537836bf80d8b2fe8aabd0bb8bb006956df,135953,fc306b4b51090d8174904bb83d96a537836bf80d8b2fe8aabd0bb8bb006956df,135953,200,image/jpeg,1,,1,1
LTMD_U1_W3_SPANISH_2018_2019_ROUTE_IDENTITY_0.1,H2018P3ESA,H2019P3ESA,3,Español,22,162,https://historico.conaliteg.gob.mx/c/H2019P3ESA/022.jpg,3783e9472ffa3bdb0bcd0fbed2abccde7df733b8ea935d4e3ad75923cdf49b50,113819,3783e9472ffa3bdb0bcd0fbed2abccde7df733b8ea935d4e3ad75923cdf49b50,113819,200,image/jpeg,1,,1,1
LTMD_U1_W3_SPANISH_2018_2019_ROUTE_IDENTITY_0.1,H2018P3ESA,H2019P3ESA,3,Español,23,162,https://historico.conaliteg.gob.mx/c/H2019P3ESA/023.jpg,1eb269eba94523cf99c26f90f2cc8b7a1f8a6660838ec75bf7f23d4f1a743501,121022,1eb269eba94523cf99c26f90f2cc8b7a1f8a6660838ec75bf7f23d4f1a743501,121022,200,image/jpeg,1,,1,1
LTMD_U1_W3_SPANISH_2018_2019_ROUTE_IDENTITY_0.1,H2018P3ESA,H2019P3ESA,3,Español,24,162,https://historico.conaliteg.gob.mx/c/H2019P3ESA/024.jpg,d7771a8921b7dff5b4d95adfe97cdd14de49ecfb7f4b875c681d235b48a81748,71613,d7771a8921b7dff5b4d95adfe97cdd14de49ecfb7f4b875c681d235b48a81748,71613,200,image/jpeg,1,,1,1
LTMD_U1_W3_SPANISH_2018_2019_ROUTE_IDENTITY_0.1,H2018P3ESA,H2019P3ESA,3,Español,25,162,https://historico.conaliteg.gob.mx/c/H2019P3ESA/025.jpg,306a37ae6288b2d36d44c84bdaea5bf5b47a5c80a00dd6c2da1d0dea796f3b45,95691,306a37ae6288b2d36d44c84bdaea5bf5b47a5c80a00dd6c2da1d0dea796f3b45,95691,200,image/jpeg,1,,1,1
LTMD_U1_W3_SPANISH_2018_2019_ROUTE_IDENTITY_0.1,H2018P3ESA,H2019P3ESA,3,Español,26,162,https://historico.conaliteg.gob.mx/c/H2019P3ESA/026.jpg,3c741cd59b400feb696e3077a2a72426a8dd5dc3af5a33b9b1fd2d5a6e54b0f7,129978,3c741cd59b400feb696e3077a2a72426a8dd5dc3af5a33b9b1fd2d5a6e54b0f7,129978,200,image/jpeg,1,,1,1
LTMD_U1_W3_SPANISH_2018_2019_ROUTE_IDENTITY_0.1,H2018P3ESA,H2019P3ESA,3,Español,27,162,https://historico.conaliteg.gob.mx/c/H2019P3ESA/027.jpg,93cf2272cc947de7d464d6c725da88274804548c6f99afbaf8622cfe47ba1bdd,97064,93cf2272cc947de7d464d6c725da88274804548c6f99afbaf8622cfe47ba1bdd,97064,200,image/jpeg,1,,1,1
LTMD_U1_W3_SPANISH_2018_2019_ROUTE_IDENTITY_0.1,H2018P3ESA,H2019P3ESA,3,Español,28,162,https://historico.conaliteg.gob.mx/c/H2019P3ESA/028.jpg,db415a74d9dd64a0739972511d5eb0c81b646c690b65ef8038f9db27c9f60daf,70975,db415a74d9dd64a0739972511d5eb0c81b646c690b65ef8038f9db27c9f60daf,70975,200,image/jpeg,1,,1,1
LTMD_U1_W3_SPANISH_2018_2019_ROUTE_IDENTITY_0.1,H2018P3ESA,H2019P3ESA,3,Español,29,162,https://historico.conaliteg.gob.mx/c/H2019P3ESA/029.jpg,1583f790ef2858da64e828a35d17051dcfb2a491bdc8f1cb2f577abf3cb133fd,117069,1583f790ef2858da64e828a35d17051dcfb2a491bdc8f1cb2f577abf3cb133fd,117069,200,image/jpeg,1,,1,1
LTMD_U1_W3_SPANISH_2018_2019_ROUTE_IDENTITY_0.1,H2018P3ESA,H2019P3ESA,3,Español,30,162,https://historico.conaliteg.gob.mx/c/H2019P3ESA/030.jpg,517671f43e9de8614ec216bf39dd8011f60ed832494997c538f8048f974dad36,147293,517671f43e9de8614ec216bf39dd8011f60ed832494997c538f8048f974dad36,147293,200,image/jpeg,1,,1,1
LTMD_U1_W3_SPANISH_2018_2019_ROUTE_IDENTITY_0.1,H2018P3ESA,H2019P3ESA,3,Español,31,162,https://historico.conaliteg.gob.mx/c/H2019P3ESA/031.jpg,7ab927415353efc98d623c078d906460658b34c270b7dd93642c0e29d0a09e39,84082,7ab927415353efc98d623c078d906460658b34c270b7dd93642c0e29d0a09e39,84082,200,image/jpeg,1,,1,1
LTMD_U1_W3_SPANISH_2018_2019_ROUTE_IDENTITY_0.1,H2018P3ESA,H2019P3ESA,3,Español,32,162,https://historico.conaliteg.gob.mx/c/H2019P3ESA/032.jpg,f695205b8af0bddb3ca347272c16e3ad4f5b3d6d152a6d85d82dc6f5a504613f,109972,f695205b8af0bddb3ca347272c16e3ad4f5b3d6d152a6d85d82dc6f5a504613f,109972,200,image/jpeg,1,,1,1
LTMD_U1_W3_SPANISH_2018_2019_ROUTE_IDENTITY_0.1,H2018P3ESA,H2019P3ESA,3,Español,33,162,https://historico.conaliteg.gob.mx/c/H2019P3ESA/033.jpg,cf49b2dade5af6289a7f948177f16536710935960bab4a091bc49751a209a4cf,97651,cf49b2dade5af6289a7f948177f16536710935960bab4a091bc49751a209a4cf,97651,200,image/jpeg,1,,1,1
LTMD_U1_W3_SPANISH_2018_2019_ROUTE_IDENTITY_0.1,H2018P3ESA,H2019P3ESA,3,Español,34,162,https://historico.conaliteg.gob.mx/c/H2019P3ESA/034.jpg,a3feae2cfc948e82f03ffc6fb88cc812ffbf5e7c0fe6d1057c21fe194ba08bc4,146615,a3feae2cfc948e82f03ffc6fb88cc812ffbf5e7c0fe6d1057c21fe194ba08bc4,146615,200,image/jpeg,1,,1,1
LTMD_U1_W3_SPANISH_2018_2019_ROUTE_IDENTITY_0.1,H2018P3ESA,H2019P3ESA,3,Español,35,162,https://historico.conaliteg.gob.mx/c/H2019P3ESA/035.jpg,22f4ce1c27ee0f97e71ce61b9b98ef347a762eadf3152bcfd94e496ba09a3a37,94966,22f4ce1c27ee0f97e71ce61b9b98ef347a762eadf3152bcfd94e496ba09a3a37,94966,200,image/jpeg,1,,1,1
LTMD_U1_W3_SPANISH_2018_2019_ROUTE_IDENTITY_0.1,H2018P3ESA,H2019P3ESA,3,Español,36,162,https://historico.conaliteg.gob.mx/c/H2019P3ESA/036.jpg,169935ead10ab0c9a0fa7345811a5975d602d97e189c2a56d0eb61bff4b5c8e5,79389,169935ead10ab0c9a0fa7345811a5975d602d97e189c2a56d0eb61bff4b5c8e5,79389,200,image/jpeg,1,,1,1
LTMD_U1_W3_SPANISH_2018_2019_ROUTE_IDENTITY_0.1,H2018P3ESA,H2019P3ESA,3,Español,37,162,https://historico.conaliteg.gob.mx/c/H2019P3ESA/037.jpg,1a372af8bc9af57a2803a32db2c0e21487f17acaf257c4d6ffa81fddf135f719,186117,1a372af8bc9af57a2803a32db2c0e21487f17acaf257c4d6ffa81fddf135f719,186117,200,image/jpeg,1,,1,1
LTMD_U1_W3_SPANISH_2018_2019_ROUTE_IDENTITY_0.1,H2018P3ESA,H2019P3ESA,3,Español,38,162,https://historico.conaliteg.gob.mx/c/H2019P3ESA/038.jpg,20d547e2603bf0910ea09c19fad2339d23e56d40dee70afee376426d6ab238f1,100842,20d547e2603bf0910ea09c19fad2339d23e56d40dee70afee376426d6ab238f1,100842,200,image/jpeg,1,,1,1
LTMD_U1_W3_SPANISH_2018_2019_ROUTE_IDENTITY_0.1,H2018P3ESA,H2019P3ESA,3,Español,39,162,https://historico.conaliteg.gob.mx/c/H2019P3ESA/039.jpg,12836132895e3918c8f71e54876e2a2621b90b687926b23e32cdce0fc0f71eb8,163393,12836132895e3918c8f71e54876e2a2621b90b687926b23e32cdce0fc0f71eb8,163393,200,image/jpeg,1,,1,1
LTMD_U1_W3_SPANISH_2018_2019_ROUTE_IDENTITY_0.1,H2018P3ESA,H2019P3ESA,3,Español,40,162,https://historico.conaliteg.gob.mx/c/H2019P3ESA/040.jpg,fab8711351d1f194dae5e328873424fb9263ee279a3fdbe30cfc499e5be1daf5,115017,fab8711351d1f194dae5e328873424fb9263ee279a3fdbe30cfc499e5be1daf5,115017,200,image/jpeg,1,,1,1
LTMD_U1_W3_SPANISH_2018_2019_ROUTE_IDENTITY_0.1,H2018P3ESA,H2019P3ESA,3,Español,41,162,https://historico.conaliteg.gob.mx/c/H2019P3ESA/041.jpg,71b89fbcef8a5fff6055aab8c9083a986042278871788d88623ae086679fcea4,116393,71b89fbcef8a5fff6055aab8c9083a986042278871788d88623ae086679fcea4,116393,200,image/jpeg,1,,1,1
LTMD_U1_W3_SPANISH_2018_2019_ROUTE_IDENTITY_0.1,H2018P3ESA,H2019P3ESA,3,Español,42,162,https://historico.conaliteg.gob.mx/c/H2019P3ESA/042.jpg,824f3dfe45e07b7cd69f9c44152e8dfff30c58fc80e1f533723e1dae4d64d053,133066,824f3dfe45e07b7cd69f9c44152e8dfff30c58fc80e1f533723e1dae4d64d053,133066,200,image/jpeg,1,,1,1
LTMD_U1_W3_SPANISH_2018_2019_ROUTE_IDENTITY_0.1,H2018P3ESA,H2019P3ESA,3,Español,43,162,https://historico.conaliteg.gob.mx/c/H2019P3ESA/043.jpg,f547a7bd2b7bb8676a92d41fb0c1b664da23faee41f4fb3172c8c5d3313e8293,143137,f547a7bd2b7bb8676a92d41fb0c1b664da23faee41f4fb3172c8c5d3313e8293,143137,200,image/jpeg,1,,1,1
LTMD_U1_W3_SPANISH_2018_2019_ROUTE_IDENTITY_0.1,H2018P3ESA,H2019P3ESA,3,Español,44,162,https://historico.conaliteg.gob.mx/c/H2019P3ESA/044.jpg,a439f68576c20b5901be2677bf1387ae668664abf4cc0ef7a39b712869ffd647,135308,a439f68576c20b5901be2677bf1387ae668664abf4cc0ef7a39b712869ffd647,135308,200,image/jpeg,1,,1,1
LTMD_U1_W3_SPANISH_2018_2019_ROUTE_IDENTITY_0.1,H2018P3ESA,H2019P3ESA,3,Español,45,162,https://historico.conaliteg.gob.mx/c/H2019P3ESA/045.jpg,b671a6a3a767849fceebf412b40df252f767de2e7a80be56595b7c2f5751098f,131061,b671a6a3a767849fceebf412b40df252f767de2e7a80be56595b7c2f5751098f,131061,200,image/jpeg,1,,1,1
LTMD_U1_W3_SPANISH_2018_2019_ROUTE_IDENTITY_0.1,H2018P3ESA,H2019P3ESA,3,Español,46,162,https://historico.conaliteg.gob.mx/c/H2019P3ESA/046.jpg,6fcb6598a180ce45e11caea5895656a3c24669d8f8773e9c20b77c9dd041dc15,122946,6fcb6598a180ce45e11caea5895656a3c24669d8f8773e9c20b77c9dd041dc15,122946,200,image/jpeg,1,,1,1
LTMD_U1_W3_SPANISH_2018_2019_ROUTE_IDENTITY_0.1,H2018P3ESA,H2019P3ESA,3,Español,47,162,https://historico.conaliteg.gob.mx/c/H2019P3ESA/047.jpg,fe8bc630ec58a65aa7d08d8b86e9d2a39f771c9b79844290d0f8dfc91bd67b50,108260,fe8bc630ec58a65aa7d08d8b86e9d2a39f771c9b79844290d0f8dfc91bd67b50,108260,200,image/jpeg,1,,1,1
LTMD_U1_W3_SPANISH_2018_2019_ROUTE_IDENTITY_0.1,H2018P3ESA,H2019P3ESA,3,Español,48,162,https://historico.conaliteg.gob.mx/c/H2019P3ESA/048.jpg,51090a1d3408b234470966966dff62a687b72de65d64356735662029a353256c,125777,51090a1d3408b234470966966dff62a687b72de65d64356735662029a353256c,125777,200,image/jpeg,1,,1,1
LTMD_U1_W3_SPANISH_2018_2019_ROUTE_IDENTITY_0.1,H2018P3ESA,H2019P3ESA,3,Español,49,162,https://historico.conaliteg.gob.mx/c/H2019P3ESA/049.jpg,0b7f98ef083af7647deacdb008d8c4299f72cbeaced30f80c10e5fe2d383dbaa,150184,0b7f98ef083af7647deacdb008d8c4299f72cbeaced30f80c10e5fe2d383dbaa,150184,200,image/jpeg,1,,1,1
LTMD_U1_W3_SPANISH_2018_2019_ROUTE_IDENTITY_0.1,H2018P3ESA,H2019P3ESA,3,Español,50,162,https://historico.conaliteg.gob.mx/c/H2019P3ESA/050.jpg,6de53b6f67f0060c581c3ddee449063957e27da942585ce4209dba859154ed2c,155717,6de53b6f67f0060c581c3ddee449063957e27da942585ce4209dba859154ed2c,155717,200,image/jpeg,1,,1,1
LTMD_U1_W3_SPANISH_2018_2019_ROUTE_IDENTITY_0.1,H2018P3ESA,H2019P3ESA,3,Español,51,162,https://historico.conaliteg.gob.mx/c/H2019P3ESA/051.jpg,9852ad92e54832372d485efd5790bef559f41fd80efbd4ecb7e1e9ff2106fc59,117211,9852ad92e54832372d485efd5790bef559f41fd80efbd4ecb7e1e9ff2106fc59,117211,200,image/jpeg,1,,1,1
LTMD_U1_W3_SPANISH_2018_2019_ROUTE_IDENTITY_0.1,H2018P3ESA,H2019P3ESA,3,Español,52,162,https://historico.conaliteg.gob.mx/c/H2019P3ESA/052.jpg,ae98c8ab30f34f867fc996e616dfe79994be04286fa359dcf91434d31fa880ef,146140,ae98c8ab30f34f867fc996e616dfe79994be04286fa359dcf91434d31fa880ef,146140,200,image/jpeg,1,,1,1
LTMD_U1_W3_SPANISH_2018_2019_ROUTE_IDENTITY_0.1,H2018P3ESA,H2019P3ESA,3,Español,53,162,https://historico.conaliteg.gob.mx/c/H2019P3ESA/053.jpg,d3e3a17072a87c738c31aee783077e69a6d2b4043fb872c6bf6a92c2d330e3e9,172610,d3e3a17072a87c738c31aee783077e69a6d2b4043fb872c6bf6a92c2d330e3e9,172610,200,image/jpeg,1,,1,1
LTMD_U1_W3_SPANISH_2018_2019_ROUTE_IDENTITY_0.1,H2018P3ESA,H2019P3ESA,3,Español,54,162,https://historico.conaliteg.gob.mx/c/H2019P3ESA/054.jpg,236d95572735e710057c72fa5a832cd52496446451e0ae25d7978ab2eba6becd,107323,236d95572735e710057c72fa5a832cd52496446451e0ae25d7978ab2eba6becd,107323,200,image/jpeg,1,,1,1
LTMD_U1_W3_SPANISH_2018_2019_ROUTE_IDENTITY_0.1,H2018P3ESA,H2019P3ESA,3,Español,55,162,https://historico.conaliteg.gob.mx/c/H2019P3ESA/055.jpg,fc5b36ee8f6e31885f384799421bf17350c0a382f20e7e1f1a4efe37bda0f7db,100997,fc5b36ee8f6e31885f384799421bf17350c0a382f20e7e1f1a4efe37bda0f7db,100997,200,image/jpeg,1,,1,1
LTMD_U1_W3_SPANISH_2018_2019_ROUTE_IDENTITY_0.1,H2018P3ESA,H2019P3ESA,3,Español,56,162,https://historico.conaliteg.gob.mx/c/H2019P3ESA/056.jpg,68f0af8a63ea3fc10dd39118238b25cdecd6f5eef6f5e07de9ba39254f30d586,122661,68f0af8a63ea3fc10dd39118238b25cdecd6f5eef6f5e07de9ba39254f30d586,122661,200,image/jpeg,1,,1,1
LTMD_U1_W3_SPANISH_2018_2019_ROUTE_IDENTITY_0.1,H2018P3ESA,H2019P3ESA,3,Español,57,162,https://historico.conaliteg.gob.mx/c/H2019P3ESA/057.jpg,4e561ea240c588fdc40450e56e27be2c050b124653774f79afb0177e8951e4e0,140621,4e561ea240c588fdc40450e56e27be2c050b124653774f79afb0177e8951e4e0,140621,200,image/jpeg,1,,1,1
LTMD_U1_W3_SPANISH_2018_2019_ROUTE_IDENTITY_0.1,H2018P3ESA,H2019P3ESA,3,Español,58,162,https://historico.conaliteg.gob.mx/c/H2019P3ESA/058.jpg,c61ba3a02f2d8e7552928c17e5713ac428243713d7b5f0e287920519b0235c20,113333,c61ba3a02f2d8e7552928c17e5713ac428243713d7b5f0e287920519b0235c20,113333,200,image/jpeg,1,,1,1
LTMD_U1_W3_SPANISH_2018_2019_ROUTE_IDENTITY_0.1,H2018P3ESA,H2019P3ESA,3,Español,59,162,https://historico.conaliteg.gob.mx/c/H2019P3ESA/059.jpg,56ba01d6a80de98cbed8b86c472caba02d6fe2b786b0fd423913b803e5ee9805,120701,56ba01d6a80de98cbed8b86c472caba02d6fe2b786b0fd423913b803e5ee9805,120701,200,image/jpeg,1,,1,1
LTMD_U1_W3_SPANISH_2018_2019_ROUTE_IDENTITY_0.1,H2018P3ESA,H2019P3ESA,3,Español,60,162,https://historico.conaliteg.gob.mx/c/H2019P3ESA/060.jpg,219538304d05183ca0f3d4058bc1fb5bae8dcaa731e157797bc7b2acd259475d,106086,219538304d05183ca0f3d4058bc1fb5bae8dcaa731e157797bc7b2acd259475d,106086,200,image/jpeg,1,,1,1
LTMD_U1_W3_SPANISH_2018_2019_ROUTE_IDENTITY_0.1,H2018P3ESA,H2019P3ESA,3,Español,61,162,https://historico.conaliteg.gob.mx/c/H2019P3ESA/061.jpg,ac078a9aa3ea5b5f9ae9032c9a9a38be646bf4ecb0ab03d95669ac6c11597f0e,105881,ac078a9aa3ea5b5f9ae9032c9a9a38be646bf4ecb0ab03d95669ac6c11597f0e,105881,200,image/jpeg,1,,1,1
LTMD_U1_W3_SPANISH_2018_2019_ROUTE_IDENTITY_0.1,H2018P3ESA,H2019P3ESA,3,Español,62,162,https://historico.conaliteg.gob.mx/c/H2019P3ESA/062.jpg,2ecdd979216e65164de9c7a0a09b0439bf259f0e2d74d8cca31966c2c7c6de4b,103798,2ecdd979216e65164de9c7a0a09b0439bf259f0e2d74d8cca31966c2c7c6de4b,103798,200,image/jpeg,1,,1,1
LTMD_U1_W3_SPANISH_2018_2019_ROUTE_IDENTITY_0.1,H2018P3ESA,H2019P3ESA,3,Español,63,162,https://historico.conaliteg.gob.mx/c/H2019P3ESA/063.jpg,3bf6ce5c0f978c18712a317f8dbfd0e3ced1e55d147f7ba15c6025d26c8f7967,109302,3bf6ce5c0f978c18712a317f8dbfd0e3ced1e55d147f7ba15c6025d26c8f7967,109302,200,image/jpeg,1,,1,1
LTMD_U1_W3_SPANISH_2018_2019_ROUTE_IDENTITY_0.1,H2018P3ESA,H2019P3ESA,3,Español,64,162,https://historico.conaliteg.gob.mx/c/H2019P3ESA/064.jpg,1f99b4a2cffd438bebab3ace3604c59d6d2cdaa8de41e968f1411b761ff11c68,82474,1f99b4a2cffd438bebab3ace3604c59d6d2cdaa8de41e968f1411b761ff11c68,82474,200,image/jpeg,1,,1,1
LTMD_U1_W3_SPANISH_2018_2019_ROUTE_IDENTITY_0.1,H2018P3ESA,H2019P3ESA,3,Español,65,162,https://historico.conaliteg.gob.mx/c/H2019P3ESA/065.jpg,5ac49b0b479bd631d70b5d854dda794f4e841451b28961a659c2c2bcd70cd593,139201,5ac49b0b479bd631d70b5d854dda794f4e841451b28961a659c2c2bcd70cd593,139201,200,image/jpeg,1,,1,1
LTMD_U1_W3_SPANISH_2018_2019_ROUTE_IDENTITY_0.1,H2018P3ESA,H2019P3ESA,3,Español,66,162,https://historico.conaliteg.gob.mx/c/H2019P3ESA/066.jpg,de3c92ecbb5f724d8e63466841f44c0a25820b20eb41cd6066d715cbee5fbcad,159879,de3c92ecbb5f724d8e63466841f44c0a25820b20eb41cd6066d715cbee5fbcad,159879,200,image/jpeg,1,,1,1
LTMD_U1_W3_SPANISH_2018_2019_ROUTE_IDENTITY_0.1,H2018P3ESA,H2019P3ESA,3,Español,67,162,https://historico.conaliteg.gob.mx/c/H2019P3ESA/067.jpg,046b8e76d9936cb06325da4ee65231eb2b12abf0cf40c22beba516ad8702c424,134188,046b8e76d9936cb06325da4ee65231eb2b12abf0cf40c22beba516ad8702c424,134188,200,image/jpeg,1,,1,1
LTMD_U1_W3_SPANISH_2018_2019_ROUTE_IDENTITY_0.1,H2018P3ESA,H2019P3ESA,3,Español,68,162,https://historico.conaliteg.gob.mx/c/H2019P3ESA/068.jpg,f5045af1e19c2dbc9cc8ba11b6a3aba1e92d045d0803fc9f260795e0e56d52e9,100043,f5045af1e19c2dbc9cc8ba11b6a3aba1e92d045d0803fc9f260795e0e56d52e9,100043,200,image/jpeg,1,,1,1
LTMD_U1_W3_SPANISH_2018_2019_ROUTE_IDENTITY_0.1,H2018P3ESA,H2019P3ESA,3,Español,69,162,https://historico.conaliteg.gob.mx/c/H2019P3ESA/069.jpg,12ab7c39dfc050bfb7c66530c26ba90a6ee4bc3d11184d7c69bb39cee7e845f8,88534,12ab7c39dfc050bfb7c66530c26ba90a6ee4bc3d11184d7c69bb39cee7e845f8,88534,200,image/jpeg,1,,1,1
LTMD_U1_W3_SPANISH_2018_2019_ROUTE_IDENTITY_0.1,H2018P3ESA,H2019P3ESA,3,Español,70,162,https://historico.conaliteg.gob.mx/c/H2019P3ESA/070.jpg,7b218b980190c4c75429aee438847458507835190eece1a8d35c877659210970,112549,7b218b980190c4c75429aee438847458507835190eece1a8d35c877659210970,112549,200,image/jpeg,1,,1,1
LTMD_U1_W3_SPANISH_2018_2019_ROUTE_IDENTITY_0.1,H2018P3ESA,H2019P3ESA,3,Español,71,162,https://historico.conaliteg.gob.mx/c/H2019P3ESA/071.jpg,7c83910bde492df9439c5bdc37ba3e01b164847952aa204fd4b4e4027a10167f,78591,7c83910bde492df9439c5bdc37ba3e01b164847952aa204fd4b4e4027a10167f,78591,200,image/jpeg,1,,1,1
LTMD_U1_W3_SPANISH_2018_2019_ROUTE_IDENTITY_0.1,H2018P3ESA,H2019P3ESA,3,Español,72,162,https://historico.conaliteg.gob.mx/c/H2019P3ESA/072.jpg,e9dba27b61960119863f5880055acf2d74d75a46de4bc91a6f23ab5fbeb8c5c0,116802,e9dba27b61960119863f5880055acf2d74d75a46de4bc91a6f23ab5fbeb8c5c0,116802,200,image/jpeg,1,,1,1
LTMD_U1_W3_SPANISH_2018_2019_ROUTE_IDENTITY_0.1,H2018P3ESA,H2019P3ESA,3,Español,73,162,https://historico.conaliteg.gob.mx/c/H2019P3ESA/073.jpg,f0fb470ee386a988ad5686a28ce92f83eb2f892f9ffc60ab5bc2a20caec1822a,106289,f0fb470ee386a988ad5686a28ce92f83eb2f892f9ffc60ab5bc2a20caec1822a,106289,200,image/jpeg,1,,1,1
LTMD_U1_W3_SPANISH_2018_2019_ROUTE_IDENTITY_0.1,H2018P3ESA,H2019P3ESA,3,Español,74,162,https://historico.conaliteg.gob.mx/c/H2019P3ESA/074.jpg,d4b88cb4ca0e497bf8123004513b930bf0a19c2b5a2d50ea98341d258626cf23,110901,d4b88cb4ca0e497bf8123004513b930bf0a19c2b5a2d50ea98341d258626cf23,110901,200,image/jpeg,1,,1,1
LTMD_U1_W3_SPANISH_2018_2019_ROUTE_IDENTITY_0.1,H2018P3ESA,H2019P3ESA,3,Español,75,162,https://historico.conaliteg.gob.mx/c/H2019P3ESA/075.jpg,312f8943264918d66caa2505b65a066a29904070a57cba086b3119dc4c0f21a8,85821,312f8943264918d66caa2505b65a066a29904070a57cba086b3119dc4c0f21a8,85821,200,image/jpeg,1,,1,1
LTMD_U1_W3_SPANISH_2018_2019_ROUTE_IDENTITY_0.1,H2018P3ESA,H2019P3ESA,3,Español,76,162,https://historico.conaliteg.gob.mx/c/H2019P3ESA/076.jpg,709187f8a727820fe7a8df7307de3b48949a3f3b1c23fd911a91cc33d2d974c1,170025,709187f8a727820fe7a8df7307de3b48949a3f3b1c23fd911a91cc33d2d974c1,170025,200,image/jpeg,1,,1,1
LTMD_U1_W3_SPANISH_2018_2019_ROUTE_IDENTITY_0.1,H2018P3ESA,H2019P3ESA,3,Español,77,162,https://historico.conaliteg.gob.mx/c/H2019P3ESA/077.jpg,bcf91c27031b896524b75eba0fb3b05aca3833f6030b82e298952b73c9b61de3,157602,bcf91c27031b896524b75eba0fb3b05aca3833f6030b82e298952b73c9b61de3,157602,200,image/jpeg,1,,1,1
LTMD_U1_W3_SPANISH_2018_2019_ROUTE_IDENTITY_0.1,H2018P3ESA,H2019P3ESA,3,Español,78,162,https://historico.conaliteg.gob.mx/c/H2019P3ESA/078.jpg,3e040ee00e517f54b5e32195917cb9a1ce45bc430c47693b733061599f8f696f,82734,3e040ee00e517f54b5e32195917cb9a1ce45bc430c47693b733061599f8f696f,82734,200,image/jpeg,1,,1,1
LTMD_U1_W3_SPANISH_2018_2019_ROUTE_IDENTITY_0.1,H2018P3ESA,H2019P3ESA,3,Español,79,162,https://historico.conaliteg.gob.mx/c/H2019P3ESA/079.jpg,2e3a2736b8912f979efdb9b354345c9445b4dcb9acd0874612775ec23717baa1,116503,2e3a2736b8912f979efdb9b354345c9445b4dcb9acd0874612775ec23717baa1,116503,200,image/jpeg,1,,1,1
LTMD_U1_W3_SPANISH_2018_2019_ROUTE_IDENTITY_0.1,H2018P3ESA,H2019P3ESA,3,Español,80,162,https://historico.conaliteg.gob.mx/c/H2019P3ESA/080.jpg,a013ac52d1f223b7973085a104aceccce40d5a8d59caabeff92ecb8046860af9,139485,a013ac52d1f223b7973085a104aceccce40d5a8d59caabeff92ecb8046860af9,139485,200,image/jpeg,1,,1,1
LTMD_U1_W3_SPANISH_2018_2019_ROUTE_IDENTITY_0.1,H2018P3ESA,H2019P3ESA,3,Español,81,162,https://historico.conaliteg.gob.mx/c/H2019P3ESA/081.jpg,448e059e27a04cfd601e7d2a140b3db51c4fe437343d55b51d82716f8313b8c9,145137,448e059e27a04cfd601e7d2a140b3db51c4fe437343d55b51d82716f8313b8c9,145137,200,image/jpeg,1,,1,1
LTMD_U1_W3_SPANISH_2018_2019_ROUTE_IDENTITY_0.1,H2018P3ESA,H2019P3ESA,3,Español,82,162,https://historico.conaliteg.gob.mx/c/H2019P3ESA/082.jpg,b22bfc31d8d2ad77dd2161232009a588b5a6a1c0cb011abcbdc63079d1a1c780,171162,b22bfc31d8d2ad77dd2161232009a588b5a6a1c0cb011abcbdc63079d1a1c780,171162,200,image/jpeg,1,,1,1
LTMD_U1_W3_SPANISH_2018_2019_ROUTE_IDENTITY_0.1,H2018P3ESA,H2019P3ESA,3,Español,83,162,https://historico.conaliteg.gob.mx/c/H2019P3ESA/083.jpg,9e6a50475d49a5e97275a8aa1c091141ce5437fd912ec5091b42b0801cfb39f0,136384,9e6a50475d49a5e97275a8aa1c091141ce5437fd912ec5091b42b0801cfb39f0,136384,200,image/jpeg,1,,1,1
LTMD_U1_W3_SPANISH_2018_2019_ROUTE_IDENTITY_0.1,H2018P3ESA,H2019P3ESA,3,Español,84,162,https://historico.conaliteg.gob.mx/c/H2019P3ESA/084.jpg,effa115f12f4984813f90d4475bd5d5195a2e3e58ad120e3442f0abf01e6655a,101385,effa115f12f4984813f90d4475bd5d5195a2e3e58ad120e3442f0abf01e6655a,101385,200,image/jpeg,1,,1,1
LTMD_U1_W3_SPANISH_2018_2019_ROUTE_IDENTITY_0.1,H2018P3ESA,H2019P3ESA,3,Español,85,162,https://historico.conaliteg.gob.mx/c/H2019P3ESA/085.jpg,6de37b9b4be6a5a6755e7b54e74e91a649509be900c93799f2a48b69a3b64e10,129004,6de37b9b4be6a5a6755e7b54e74e91a649509be900c93799f2a48b69a3b64e10,129004,200,image/jpeg,1,,1,1
LTMD_U1_W3_SPANISH_2018_2019_ROUTE_IDENTITY_0.1,H2018P3ESA,H2019P3ESA,3,Español,86,162,https://historico.conaliteg.gob.mx/c/H2019P3ESA/086.jpg,9e7cebf61fa90aec918e83c48b7a39d4068667b8a139b1f5937fcf695ec02037,101716,9e7cebf61fa90aec918e83c48b7a39d4068667b8a139b1f5937fcf695ec02037,101716,200,image/jpeg,1,,1,1
LTMD_U1_W3_SPANISH_2018_2019_ROUTE_IDENTITY_0.1,H2018P3ESA,H2019P3ESA,3,Español,87,162,https://historico.conaliteg.gob.mx/c/H2019P3ESA/087.jpg,13d1fd18e7912ffc69e0cda396590ac11fc5ade58bb5b56a655fd0020b869130,101589,13d1fd18e7912ffc69e0cda396590ac11fc5ade58bb5b56a655fd0020b869130,101589,200,image/jpeg,1,,1,1
LTMD_U1_W3_SPANISH_2018_2019_ROUTE_IDENTITY_0.1,H2018P3ESA,H2019P3ESA,3,Español,88,162,https://historico.conaliteg.gob.mx/c/H2019P3ESA/088.jpg,37d055a50b23b6ab8fef8976608849de2d12bd35c936956c7778cce92d799a98,68379,37d055a50b23b6ab8fef8976608849de2d12bd35c936956c7778cce92d799a98,68379,200,image/jpeg,1,,1,1
LTMD_U1_W3_SPANISH_2018_2019_ROUTE_IDENTITY_0.1,H2018P3ESA,H2019P3ESA,3,Español,89,162,https://historico.conaliteg.gob.mx/c/H2019P3ESA/089.jpg,ba8f4e9ee24bef7b7f50ee974887d2aa96d632bb2540afee0926b4279b65b869,207523,ba8f4e9ee24bef7b7f50ee974887d2aa96d632bb2540afee0926b4279b65b869,207523,200,image/jpeg,1,,1,1
LTMD_U1_W3_SPANISH_2018_2019_ROUTE_IDENTITY_0.1,H2018P3ESA,H2019P3ESA,3,Español,90,162,https://historico.conaliteg.gob.mx/c/H2019P3ESA/090.jpg,4d359dfeb0d6fee6dfc1e103b882f72a27e49c704e565d2ab47902ecf94f3aae,136489,4d359dfeb0d6fee6dfc1e103b882f72a27e49c704e565d2ab47902ecf94f3aae,136489,200,image/jpeg,1,,1,1
LTMD_U1_W3_SPANISH_2018_2019_ROUTE_IDENTITY_0.1,H2018P3ESA,H2019P3ESA,3,Español,91,162,https://historico.conaliteg.gob.mx/c/H2019P3ESA/091.jpg,87d0e92b274ca2c932587ea31b9f0b13c1ea4d47bf1332e7227f2b020fc65de7,94681,87d0e92b274ca2c932587ea31b9f0b13c1ea4d47bf1332e7227f2b020fc65de7,94681,200,image/jpeg,1,,1,1
LTMD_U1_W3_SPANISH_2018_2019_ROUTE_IDENTITY_0.1,H2018P3ESA,H2019P3ESA,3,Español,92,162,https://historico.conaliteg.gob.mx/c/H2019P3ESA/092.jpg,48dc694f4c3f7732bba4c83f2b4acdd74136ee7a0f1c2483de8aa438fd0077bc,159771,48dc694f4c3f7732bba4c83f2b4acdd74136ee7a0f1c2483de8aa438fd0077bc,159771,200,image/jpeg,1,,1,1
LTMD_U1_W3_SPANISH_2018_2019_ROUTE_IDENTITY_0.1,H2018P3ESA,H2019P3ESA,3,Español,93,162,https://historico.conaliteg.gob.mx/c/H2019P3ESA/093.jpg,c94c69c4edea303ed9a529b1574477a9d7e37b0d25c33f855ec83f8b660cdc5e,183829,c94c69c4edea303ed9a529b1574477a9d7e37b0d25c33f855ec83f8b660cdc5e,183829,200,image/jpeg,1,,1,1
LTMD_U1_W3_SPANISH_2018_2019_ROUTE_IDENTITY_0.1,H2018P3ESA,H2019P3ESA,3,Español,94,162,https://historico.conaliteg.gob.mx/c/H2019P3ESA/094.jpg,6de75269df89956e8c166352f9ec9a400d033fe30f5221e155855ff396a5d617,110978,6de75269df89956e8c166352f9ec9a400d033fe30f5221e155855ff396a5d617,110978,200,image/jpeg,1,,1,1
LTMD_U1_W3_SPANISH_2018_2019_ROUTE_IDENTITY_0.1,H2018P3ESA,H2019P3ESA,3,Español,95,162,https://historico.conaliteg.gob.mx/c/H2019P3ESA/095.jpg,3d7fab8cee8a37fbc02aaf719d524347e734c4a7dc60111660ab52f6c4f83b7d,109086,3d7fab8cee8a37fbc02aaf719d524347e734c4a7dc60111660ab52f6c4f83b7d,109086,200,image/jpeg,1,,1,1
LTMD_U1_W3_SPANISH_2018_2019_ROUTE_IDENTITY_0.1,H2018P3ESA,H2019P3ESA,3,Español,96,162,https://historico.conaliteg.gob.mx/c/H2019P3ESA/096.jpg,5c3c850472c0f896de3e471219d4ef185e1bbb9017df422323114c47b32e826a,107332,5c3c850472c0f896de3e471219d4ef185e1bbb9017df422323114c47b32e826a,107332,200,image/jpeg,1,,1,1
LTMD_U1_W3_SPANISH_2018_2019_ROUTE_IDENTITY_0.1,H2018P3ESA,H2019P3ESA,3,Español,97,162,https://historico.conaliteg.gob.mx/c/H2019P3ESA/097.jpg,a43a6de7edcdc4ece611c2bf4545ed804d448bf2188f123e2135fb7a5326cbda,114227,a43a6de7edcdc4ece611c2bf4545ed804d448bf2188f123e2135fb7a5326cbda,114227,200,image/jpeg,1,,1,1
LTMD_U1_W3_SPANISH_2018_2019_ROUTE_IDENTITY_0.1,H2018P3ESA,H2019P3ESA,3,Español,98,162,https://historico.conaliteg.gob.mx/c/H2019P3ESA/098.jpg,40c9b994363e575777dc044ea5ee7c440b74cbcc40e03e293b9f5ab41c27dcb7,136102,40c9b994363e575777dc044ea5ee7c440b74cbcc40e03e293b9f5ab41c27dcb7,136102,200,image/jpeg,1,,1,1
LTMD_U1_W3_SPANISH_2018_2019_ROUTE_IDENTITY_0.1,H2018P3ESA,H2019P3ESA,3,Español,99,162,https://historico.conaliteg.gob.mx/c/H2019P3ESA/099.jpg,5d914b39f623816a9acdb628e07784fdba4f977d551a4ccae612d46bc58f9e27,136030,5d914b39f623816a9acdb628e07784fdba4f977d551a4ccae612d46bc58f9e27,136030,200,image/jpeg,1,,1,1
LTMD_U1_W3_SPANISH_2018_2019_ROUTE_IDENTITY_0.1,H2018P3ESA,H2019P3ESA,3,Español,100,162,https://historico.conaliteg.gob.mx/c/H2019P3ESA/100.jpg,adb9a7f02dffda6ea4e7ebf3d79bea59480a8d7a3ba0025d7017131d5b6104ec,118703,adb9a7f02dffda6ea4e7ebf3d79bea59480a8d7a3ba0025d7017131d5b6104ec,118703,200,image/jpeg,1,,1,1
LTMD_U1_W3_SPANISH_2018_2019_ROUTE_IDENTITY_0.1,H2018P3ESA,H2019P3ESA,3,Español,101,162,https://historico.conaliteg.gob.mx/c/H2019P3ESA/101.jpg,8dfbd6991864ea5fc68ad194b8732a48f196891cc20dd303d8a06ebe4a9a0619,156399,8dfbd6991864ea5fc68ad194b8732a48f196891cc20dd303d8a06ebe4a9a0619,156399,200,image/jpeg,1,,1,1
LTMD_U1_W3_SPANISH_2018_2019_ROUTE_IDENTITY_0.1,H2018P3ESA,H2019P3ESA,3,Español,102,162,https://historico.conaliteg.gob.mx/c/H2019P3ESA/102.jpg,862eab1c85e7b2b683123237a18586de701ba9f4a5fbff20f43e240ea62ff60d,110298,862eab1c85e7b2b683123237a18586de701ba9f4a5fbff20f43e240ea62ff60d,110298,200,image/jpeg,1,,1,1
LTMD_U1_W3_SPANISH_2018_2019_ROUTE_IDENTITY_0.1,H2018P3ESA,H2019P3ESA,3,Español,103,162,https://historico.conaliteg.gob.mx/c/H2019P3ESA/103.jpg,bd4a1feab70171cad7f3b48fc8f80ea25d4bb0795d0cffc106725662f4420cfb,130587,bd4a1feab70171cad7f3b48fc8f80ea25d4bb0795d0cffc106725662f4420cfb,130587,200,image/jpeg,1,,1,1
LTMD_U1_W3_SPANISH_2018_2019_ROUTE_IDENTITY_0.1,H2018P3ESA,H2019P3ESA,3,Español,104,162,https://historico.conaliteg.gob.mx/c/H2019P3ESA/104.jpg,5ae855e02a230fc06001e5d73c436f235c32bcfcc2d492c5f8f0e15c5079a3d9,117566,5ae855e02a230fc06001e5d73c436f235c32bcfcc2d492c5f8f0e15c5079a3d9,117566,200,image/jpeg,1,,1,1
LTMD_U1_W3_SPANISH_2018_2019_ROUTE_IDENTITY_0.1,H2018P3ESA,H2019P3ESA,3,Español,105,162,https://historico.conaliteg.gob.mx/c/H2019P3ESA/105.jpg,bcdb3384dcbd50686f56f45cb1e618c255fc887fa0326bd41be95c4d07e1668f,91665,bcdb3384dcbd50686f56f45cb1e618c255fc887fa0326bd41be95c4d07e1668f,91665,200,image/jpeg,1,,1,1
LTMD_U1_W3_SPANISH_2018_2019_ROUTE_IDENTITY_0.1,H2018P3ESA,H2019P3ESA,3,Español,106,162,https://historico.conaliteg.gob.mx/c/H2019P3ESA/106.jpg,e020b559dea8a2166aeea105a92a3df9d8b708b57e1e0cd3b6d9983c09820559,185568,e020b559dea8a2166aeea105a92a3df9d8b708b57e1e0cd3b6d9983c09820559,185568,200,image/jpeg,1,,1,1
LTMD_U1_W3_SPANISH_2018_2019_ROUTE_IDENTITY_0.1,H2018P3ESA,H2019P3ESA,3,Español,107,162,https://historico.conaliteg.gob.mx/c/H2019P3ESA/107.jpg,4c208935e50e1d14dc51ea7ae63097bc2b24a459067917f27945864c947808ad,166380,4c208935e50e1d14dc51ea7ae63097bc2b24a459067917f27945864c947808ad,166380,200,image/jpeg,1,,1,1
LTMD_U1_W3_SPANISH_2018_2019_ROUTE_IDENTITY_0.1,H2018P3ESA,H2019P3ESA,3,Español,108,162,https://historico.conaliteg.gob.mx/c/H2019P3ESA/108.jpg,0d3e0dba84f5609ba425b5cc6cdaa4670ed0b3453225f5459f0e73eadb7a2bc1,93801,0d3e0dba84f5609ba425b5cc6cdaa4670ed0b3453225f5459f0e73eadb7a2bc1,93801,200,image/jpeg,1,,1,1
LTMD_U1_W3_SPANISH_2018_2019_ROUTE_IDENTITY_0.1,H2018P3ESA,H2019P3ESA,3,Español,109,162,https://historico.conaliteg.gob.mx/c/H2019P3ESA/109.jpg,3c124dfc1799c39cd17bad4c0dc5e00a88ca614dfaff818f1fd4a04ce1445f89,145952,3c124dfc1799c39cd17bad4c0dc5e00a88ca614dfaff818f1fd4a04ce1445f89,145952,200,image/jpeg,1,,1,1
LTMD_U1_W3_SPANISH_2018_2019_ROUTE_IDENTITY_0.1,H2018P3ESA,H2019P3ESA,3,Español,110,162,https://historico.conaliteg.gob.mx/c/H2019P3ESA/110.jpg,9650210aade08b4e4b66c54523e3fdc36883f02f867324d8e53ba63ec4792bb6,162339,9650210aade08b4e4b66c54523e3fdc36883f02f867324d8e53ba63ec4792bb6,162339,200,image/jpeg,1,,1,1
LTMD_U1_W3_SPANISH_2018_2019_ROUTE_IDENTITY_0.1,H2018P3ESA,H2019P3ESA,3,Español,111,162,https://historico.conaliteg.gob.mx/c/H2019P3ESA/111.jpg,365759185352905322cfd0b4ee8ddd770e5fdc4480913c85ddbb45c8252e8e3e,148036,365759185352905322cfd0b4ee8ddd770e5fdc4480913c85ddbb45c8252e8e3e,148036,200,image/jpeg,1,,1,1
LTMD_U1_W3_SPANISH_2018_2019_ROUTE_IDENTITY_0.1,H2018P3ESA,H2019P3ESA,3,Español,112,162,https://historico.conaliteg.gob.mx/c/H2019P3ESA/112.jpg,f69fa3c3eef62daa1419ee775721044d62df1a6eeb50e4d2ab6e0966c48d9610,133198,f69fa3c3eef62daa1419ee775721044d62df1a6eeb50e4d2ab6e0966c48d9610,133198,200,image/jpeg,1,,1,1
LTMD_U1_W3_SPANISH_2018_2019_ROUTE_IDENTITY_0.1,H2018P3ESA,H2019P3ESA,3,Español,113,162,https://historico.conaliteg.gob.mx/c/H2019P3ESA/113.jpg,58bbe1159acd894d73531361af69b93625e028439546ba34fbf224de05d02ec8,115656,58bbe1159acd894d73531361af69b93625e028439546ba34fbf224de05d02ec8,115656,200,image/jpeg,1,,1,1
LTMD_U1_W3_SPANISH_2018_2019_ROUTE_IDENTITY_0.1,H2018P3ESA,H2019P3ESA,3,Español,114,162,https://historico.conaliteg.gob.mx/c/H2019P3ESA/114.jpg,c469d0187efe2e0ad45c2bb9fa5f13090ba20651f9576b8a6a2896b9e5b9c3b8,103557,c469d0187efe2e0ad45c2bb9fa5f13090ba20651f9576b8a6a2896b9e5b9c3b8,103557,200,image/jpeg,1,,1,1
LTMD_U1_W3_SPANISH_2018_2019_ROUTE_IDENTITY_0.1,H2018P3ESA,H2019P3ESA,3,Español,115,162,https://historico.conaliteg.gob.mx/c/H2019P3ESA/115.jpg,66f5b8e123df7fb255dda386a8fe78970a64158804fcfd2ed9fe444c352d4cdc,98140,66f5b8e123df7fb255dda386a8fe78970a64158804fcfd2ed9fe444c352d4cdc,98140,200,image/jpeg,1,,1,1
LTMD_U1_W3_SPANISH_2018_2019_ROUTE_IDENTITY_0.1,H2018P3ESA,H2019P3ESA,3,Español,116,162,https://historico.conaliteg.gob.mx/c/H2019P3ESA/116.jpg,909755df374c992ad1e5b74e5d22dc79ba0026add989ed9891e445abff1bdbc2,83073,909755df374c992ad1e5b74e5d22dc79ba0026add989ed9891e445abff1bdbc2,83073,200,image/jpeg,1,,1,1
LTMD_U1_W3_SPANISH_2018_2019_ROUTE_IDENTITY_0.1,H2018P3ESA,H2019P3ESA,3,Español,117,162,https://historico.conaliteg.gob.mx/c/H2019P3ESA/117.jpg,684960744d3e5aaa0900bc10878f396bf4d2fac48193198ba6069705872d1b99,138740,684960744d3e5aaa0900bc10878f396bf4d2fac48193198ba6069705872d1b99,138740,200,image/jpeg,1,,1,1
LTMD_U1_W3_SPANISH_2018_2019_ROUTE_IDENTITY_0.1,H2018P3ESA,H2019P3ESA,3,Español,118,162,https://historico.conaliteg.gob.mx/c/H2019P3ESA/118.jpg,bf7f9d8262d309e51cdb68579476fd44e9924d8789719f617584d2b25f1d7612,60998,bf7f9d8262d309e51cdb68579476fd44e9924d8789719f617584d2b25f1d7612,60998,200,image/jpeg,1,,1,1
LTMD_U1_W3_SPANISH_2018_2019_ROUTE_IDENTITY_0.1,H2018P3ESA,H2019P3ESA,3,Español,119,162,https://historico.conaliteg.gob.mx/c/H2019P3ESA/119.jpg,36db79df3e1039a8296b50f53f8e791ff0f1e032a9f9f5fd968bd9882b4bdbee,170853,36db79df3e1039a8296b50f53f8e791ff0f1e032a9f9f5fd968bd9882b4bdbee,170853,200,image/jpeg,1,,1,1
LTMD_U1_W3_SPANISH_2018_2019_ROUTE_IDENTITY_0.1,H2018P3ESA,H2019P3ESA,3,Español,120,162,https://historico.conaliteg.gob.mx/c/H2019P3ESA/120.jpg,883f9183405cceb3119cb93415e58be017444ea001bed265bef8e25921e99660,165614,883f9183405cceb3119cb93415e58be017444ea001bed265bef8e25921e99660,165614,200,image/jpeg,1,,1,1
LTMD_U1_W3_SPANISH_2018_2019_ROUTE_IDENTITY_0.1,H2018P3ESA,H2019P3ESA,3,Español,121,162,https://historico.conaliteg.gob.mx/c/H2019P3ESA/121.jpg,c2af9aa14c52359b41de3fa632ba862684b645e0907edca53945a025fa820bd5,107092,c2af9aa14c52359b41de3fa632ba862684b645e0907edca53945a025fa820bd5,107092,200,image/jpeg,1,,1,1
LTMD_U1_W3_SPANISH_2018_2019_ROUTE_IDENTITY_0.1,H2018P3ESA,H2019P3ESA,3,Español,122,162,https://historico.conaliteg.gob.mx/c/H2019P3ESA/122.jpg,2103ac52a4cede30bdd3e245be975e9a98636dcdb74087c81ddb933e49d31482,122783,2103ac52a4cede30bdd3e245be975e9a98636dcdb74087c81ddb933e49d31482,122783,200,image/jpeg,1,,1,1
LTMD_U1_W3_SPANISH_2018_2019_ROUTE_IDENTITY_0.1,H2018P3ESA,H2019P3ESA,3,Español,123,162,https://historico.conaliteg.gob.mx/c/H2019P3ESA/123.jpg,3786030e36777cd38d3f1230c6f1788acce2053a8e0f5bb1307f5707a66c8a37,140134,3786030e36777cd38d3f1230c6f1788acce2053a8e0f5bb1307f5707a66c8a37,140134,200,image/jpeg,1,,1,1
LTMD_U1_W3_SPANISH_2018_2019_ROUTE_IDENTITY_0.1,H2018P3ESA,H2019P3ESA,3,Español,124,162,https://historico.conaliteg.gob.mx/c/H2019P3ESA/124.jpg,a9f02b137cd9c889a827175a28fb02c01f0363bb0651d28105f07cc375fb1a00,132834,a9f02b137cd9c889a827175a28fb02c01f0363bb0651d28105f07cc375fb1a00,132834,200,image/jpeg,1,,1,1
LTMD_U1_W3_SPANISH_2018_2019_ROUTE_IDENTITY_0.1,H2018P3ESA,H2019P3ESA,3,Español,125,162,https://historico.conaliteg.gob.mx/c/H2019P3ESA/125.jpg,d4e116988f6aab7f629752b8030de230952b34b3f21ff83ee05a5b6071f49d59,96432,d4e116988f6aab7f629752b8030de230952b34b3f21ff83ee05a5b6071f49d59,96432,200,image/jpeg,1,,1,1
LTMD_U1_W3_SPANISH_2018_2019_ROUTE_IDENTITY_0.1,H2018P3ESA,H2019P3ESA,3,Español,126,162,https://historico.conaliteg.gob.mx/c/H2019P3ESA/126.jpg,6e059cbfe75d8815c71881bb928f5235801ca50852a765536db1ecb0a16903c9,90515,6e059cbfe75d8815c71881bb928f5235801ca50852a765536db1ecb0a16903c9,90515,200,image/jpeg,1,,1,1
LTMD_U1_W3_SPANISH_2018_2019_ROUTE_IDENTITY_0.1,H2018P3ESA,H2019P3ESA,3,Español,127,162,https://historico.conaliteg.gob.mx/c/H2019P3ESA/127.jpg,b9b2fb67b13a9fc46dc94c2923af7591def11f574ba9ad2ae99e5c7500d9d01f,108645,b9b2fb67b13a9fc46dc94c2923af7591def11f574ba9ad2ae99e5c7500d9d01f,108645,200,image/jpeg,1,,1,1
LTMD_U1_W3_SPANISH_2018_2019_ROUTE_IDENTITY_0.1,H2018P3ESA,H2019P3ESA,3,Español,128,162,https://historico.conaliteg.gob.mx/c/H2019P3ESA/128.jpg,01aaaffc933684185506a077391773b05fdf3e45d6a93613b061aa831e11f024,115704,01aaaffc933684185506a077391773b05fdf3e45d6a93613b061aa831e11f024,115704,200,image/jpeg,1,,1,1
LTMD_U1_W3_SPANISH_2018_2019_ROUTE_IDENTITY_0.1,H2018P3ESA,H2019P3ESA,3,Español,129,162,https://historico.conaliteg.gob.mx/c/H2019P3ESA/129.jpg,fcc6be7f0c44124db6a8ac1b798c1f0c16d0f559c8c7fd6a6c1123e907441b4c,123698,fcc6be7f0c44124db6a8ac1b798c1f0c16d0f559c8c7fd6a6c1123e907441b4c,123698,200,image/jpeg,1,,1,1
LTMD_U1_W3_SPANISH_2018_2019_ROUTE_IDENTITY_0.1,H2018P3ESA,H2019P3ESA,3,Español,130,162,https://historico.conaliteg.gob.mx/c/H2019P3ESA/130.jpg,fcf4919106cd97f3c908ca5eba924cd03232343587c4912ca97ccb381df4175b,118684,fcf4919106cd97f3c908ca5eba924cd03232343587c4912ca97ccb381df4175b,118684,200,image/jpeg,1,,1,1
LTMD_U1_W3_SPANISH_2018_2019_ROUTE_IDENTITY_0.1,H2018P3ESA,H2019P3ESA,3,Español,131,162,https://historico.conaliteg.gob.mx/c/H2019P3ESA/131.jpg,55cca86309f0e8a17172f4b3b13b013d56076dc539ba49ad10d37eabd84eb66e,84713,55cca86309f0e8a17172f4b3b13b013d56076dc539ba49ad10d37eabd84eb66e,84713,200,image/jpeg,1,,1,1
LTMD_U1_W3_SPANISH_2018_2019_ROUTE_IDENTITY_0.1,H2018P3ESA,H2019P3ESA,3,Español,132,162,https://historico.conaliteg.gob.mx/c/H2019P3ESA/132.jpg,9ec61638e05b3f6f126fb5f4d379a2dad40ca45ca1cf8451d102db78d6cf65ea,94994,9ec61638e05b3f6f126fb5f4d379a2dad40ca45ca1cf8451d102db78d6cf65ea,94994,200,image/jpeg,1,,1,1
LTMD_U1_W3_SPANISH_2018_2019_ROUTE_IDENTITY_0.1,H2018P3ESA,H2019P3ESA,3,Español,133,162,https://historico.conaliteg.gob.mx/c/H2019P3ESA/133.jpg,1bc9218f98b3ec31cd81baddc2a917b94160beb9b116e2f31624f766b08f4195,85271,1bc9218f98b3ec31cd81baddc2a917b94160beb9b116e2f31624f766b08f4195,85271,200,image/jpeg,1,,1,1
LTMD_U1_W3_SPANISH_2018_2019_ROUTE_IDENTITY_0.1,H2018P3ESA,H2019P3ESA,3,Español,134,162,https://historico.conaliteg.gob.mx/c/H2019P3ESA/134.jpg,619ccc7824583f30b7552debb05f574901081d9f27532429be0a1e61f7226c86,127707,619ccc7824583f30b7552debb05f574901081d9f27532429be0a1e61f7226c86,127707,200,image/jpeg,1,,1,1
LTMD_U1_W3_SPANISH_2018_2019_ROUTE_IDENTITY_0.1,H2018P3ESA,H2019P3ESA,3,Español,135,162,https://historico.conaliteg.gob.mx/c/H2019P3ESA/135.jpg,28922b51c62faf17a3d47eb45f1a42f7c7daa99b7d73f0dc91f652ac18a40857,94550,28922b51c62faf17a3d47eb45f1a42f7c7daa99b7d73f0dc91f652ac18a40857,94550,200,image/jpeg,1,,1,1
LTMD_U1_W3_SPANISH_2018_2019_ROUTE_IDENTITY_0.1,H2018P3ESA,H2019P3ESA,3,Español,136,162,https://historico.conaliteg.gob.mx/c/H2019P3ESA/136.jpg,1d018ea4bc20de7f22221458df182d87fd8b468b5fc96cd9f864b4a7d8b799e3,178912,1d018ea4bc20de7f22221458df182d87fd8b468b5fc96cd9f864b4a7d8b799e3,178912,200,image/jpeg,1,,1,1
LTMD_U1_W3_SPANISH_2018_2019_ROUTE_IDENTITY_0.1,H2018P3ESA,H2019P3ESA,3,Español,137,162,https://historico.conaliteg.gob.mx/c/H2019P3ESA/137.jpg,5ff7835cedfe8193f1225206613ca330183b7719f21756390275e8950f9e5f7f,148683,5ff7835cedfe8193f1225206613ca330183b7719f21756390275e8950f9e5f7f,148683,200,image/jpeg,1,,1,1
LTMD_U1_W3_SPANISH_2018_2019_ROUTE_IDENTITY_0.1,H2018P3ESA,H2019P3ESA,3,Español,138,162,https://historico.conaliteg.gob.mx/c/H2019P3ESA/138.jpg,b6c1834c465f9ca4013e9471476541511c06f89be16883a1588ee46acadf03dc,102562,b6c1834c465f9ca4013e9471476541511c06f89be16883a1588ee46acadf03dc,102562,200,image/jpeg,1,,1,1
LTMD_U1_W3_SPANISH_2018_2019_ROUTE_IDENTITY_0.1,H2018P3ESA,H2019P3ESA,3,Español,139,162,https://historico.conaliteg.gob.mx/c/H2019P3ESA/139.jpg,d6230deeb6660121c82a68580babd737080bce65911ac3c44deab25fe7a1b97c,77250,d6230deeb6660121c82a68580babd737080bce65911ac3c44deab25fe7a1b97c,77250,200,image/jpeg,1,,1,1
LTMD_U1_W3_SPANISH_2018_2019_ROUTE_IDENTITY_0.1,H2018P3ESA,H2019P3ESA,3,Español,140,162,https://historico.conaliteg.gob.mx/c/H2019P3ESA/140.jpg,da48b76dd689b69981870fdafceff7ffc01d050256467d92f308fb69169ba39d,80389,da48b76dd689b69981870fdafceff7ffc01d050256467d92f308fb69169ba39d,80389,200,image/jpeg,1,,1,1
LTMD_U1_W3_SPANISH_2018_2019_ROUTE_IDENTITY_0.1,H2018P3ESA,H2019P3ESA,3,Español,141,162,https://historico.conaliteg.gob.mx/c/H2019P3ESA/141.jpg,e00671dd53d6fa95819eb4ce867fe70c4b977a9adfadcfe74e5db1559e9c870c,132987,e00671dd53d6fa95819eb4ce867fe70c4b977a9adfadcfe74e5db1559e9c870c,132987,200,image/jpeg,1,,1,1
LTMD_U1_W3_SPANISH_2018_2019_ROUTE_IDENTITY_0.1,H2018P3ESA,H2019P3ESA,3,Español,142,162,https://historico.conaliteg.gob.mx/c/H2019P3ESA/142.jpg,dbcd3b7259ca698f34d181b3d0029d0f2898d11a1dab63f688c201c5e2b79a3d,96290,dbcd3b7259ca698f34d181b3d0029d0f2898d11a1dab63f688c201c5e2b79a3d,96290,200,image/jpeg,1,,1,1
LTMD_U1_W3_SPANISH_2018_2019_ROUTE_IDENTITY_0.1,H2018P3ESA,H2019P3ESA,3,Español,143,162,https://historico.conaliteg.gob.mx/c/H2019P3ESA/143.jpg,61b247d3e47da5ea0b85ccffb4e267640b78855630ccd9999531ca0443f756fa,126857,61b247d3e47da5ea0b85ccffb4e267640b78855630ccd9999531ca0443f756fa,126857,200,image/jpeg,1,,1,1
LTMD_U1_W3_SPANISH_2018_2019_ROUTE_IDENTITY_0.1,H2018P3ESA,H2019P3ESA,3,Español,144,162,https://historico.conaliteg.gob.mx/c/H2019P3ESA/144.jpg,b2762a560f15093921b607a69831ec2dc01bcbcfae7de29db5b57602e55e9f77,109850,b2762a560f15093921b607a69831ec2dc01bcbcfae7de29db5b57602e55e9f77,109850,200,image/jpeg,1,,1,1
LTMD_U1_W3_SPANISH_2018_2019_ROUTE_IDENTITY_0.1,H2018P3ESA,H2019P3ESA,3,Español,145,162,https://historico.conaliteg.gob.mx/c/H2019P3ESA/145.jpg,b3bca003cc916abf0f1ce6670c870e987555c58863632f207542ce86e5c5bd04,82379,b3bca003cc916abf0f1ce6670c870e987555c58863632f207542ce86e5c5bd04,82379,200,image/jpeg,1,,1,1
LTMD_U1_W3_SPANISH_2018_2019_ROUTE_IDENTITY_0.1,H2018P3ESA,H2019P3ESA,3,Español,146,162,https://historico.conaliteg.gob.mx/c/H2019P3ESA/146.jpg,8462ddf8201223b929b99b5f5a94884e2eca773a59f4c1f7d1ab931e0d509293,71356,8462ddf8201223b929b99b5f5a94884e2eca773a59f4c1f7d1ab931e0d509293,71356,200,image/jpeg,1,,1,1
LTMD_U1_W3_SPANISH_2018_2019_ROUTE_IDENTITY_0.1,H2018P3ESA,H2019P3ESA,3,Español,147,162,https://historico.conaliteg.gob.mx/c/H2019P3ESA/147.jpg,f6586b1f498f2b68d51a3345f4bbe4c1907c6e4f207bba040ebfafe572afb699,145420,f6586b1f498f2b68d51a3345f4bbe4c1907c6e4f207bba040ebfafe572afb699,145420,200,image/jpeg,1,,1,1
LTMD_U1_W3_SPANISH_2018_2019_ROUTE_IDENTITY_0.1,H2018P3ESA,H2019P3ESA,3,Español,148,162,https://historico.conaliteg.gob.mx/c/H2019P3ESA/148.jpg,d504652a911ed4f8f9aa77c0f66d0fd98b3ea8520e95d10c9c17bc2ccd89bba9,124785,d504652a911ed4f8f9aa77c0f66d0fd98b3ea8520e95d10c9c17bc2ccd89bba9,124785,200,image/jpeg,1,,1,1
LTMD_U1_W3_SPANISH_2018_2019_ROUTE_IDENTITY_0.1,H2018P3ESA,H2019P3ESA,3,Español,149,162,https://historico.conaliteg.gob.mx/c/H2019P3ESA/149.jpg,8f2fb18d39f9c3b3f090ef423c681365d14cef4590857753eebe0057add31c0b,137431,8f2fb18d39f9c3b3f090ef423c681365d14cef4590857753eebe0057add31c0b,137431,200,image/jpeg,1,,1,1
LTMD_U1_W3_SPANISH_2018_2019_ROUTE_IDENTITY_0.1,H2018P3ESA,H2019P3ESA,3,Español,150,162,https://historico.conaliteg.gob.mx/c/H2019P3ESA/150.jpg,97ac30c4c74eac352a3d9355ff862e2d9688817eaa74d7e6d6b12626423a1a72,118241,97ac30c4c74eac352a3d9355ff862e2d9688817eaa74d7e6d6b12626423a1a72,118241,200,image/jpeg,1,,1,1
LTMD_U1_W3_SPANISH_2018_2019_ROUTE_IDENTITY_0.1,H2018P3ESA,H2019P3ESA,3,Español,151,162,https://historico.conaliteg.gob.mx/c/H2019P3ESA/151.jpg,a91ac975bc4d4ac071bfdfb39f55bffff870c7205ce171751b83d1332b5bb140,137397,a91ac975bc4d4ac071bfdfb39f55bffff870c7205ce171751b83d1332b5bb140,137397,200,image/jpeg,1,,1,1
LTMD_U1_W3_SPANISH_2018_2019_ROUTE_IDENTITY_0.1,H2018P3ESA,H2019P3ESA,3,Español,152,162,https://historico.conaliteg.gob.mx/c/H2019P3ESA/152.jpg,9f633172ce61114105e93a3a528dea802cbecf26c25e2fc1993a975ae9e0b309,113570,9f633172ce61114105e93a3a528dea802cbecf26c25e2fc1993a975ae9e0b309,113570,200,image/jpeg,1,,1,1
LTMD_U1_W3_SPANISH_2018_2019_ROUTE_IDENTITY_0.1,H2018P3ESA,H2019P3ESA,3,Español,153,162,https://historico.conaliteg.gob.mx/c/H2019P3ESA/153.jpg,e128f919b7b985992a7ee6ddab4e5d5a8743766c8034c419fbf51fdc4a40e700,132143,e128f919b7b985992a7ee6ddab4e5d5a8743766c8034c419fbf51fdc4a40e700,132143,200,image/jpeg,1,,1,1
LTMD_U1_W3_SPANISH_2018_2019_ROUTE_IDENTITY_0.1,H2018P3ESA,H2019P3ESA,3,Español,154,162,https://historico.conaliteg.gob.mx/c/H2019P3ESA/154.jpg,8703409894aaa769fa1898a5d4dbf67e305cb28a1a2a6ea6a89ee18397f9073a,137691,8703409894aaa769fa1898a5d4dbf67e305cb28a1a2a6ea6a89ee18397f9073a,137691,200,image/jpeg,1,,1,1
LTMD_U1_W3_SPANISH_2018_2019_ROUTE_IDENTITY_0.1,H2018P3ESA,H2019P3ESA,3,Español,155,162,https://historico.conaliteg.gob.mx/c/H2019P3ESA/155.jpg,2d3a86997cd33f926bf3f95b587e1992f3b7da6cd69e4ad2779add9941e153da,121305,2d3a86997cd33f926bf3f95b587e1992f3b7da6cd69e4ad2779add9941e153da,121305,200,image/jpeg,1,,1,1
LTMD_U1_W3_SPANISH_2018_2019_ROUTE_IDENTITY_0.1,H2018P3ESA,H2019P3ESA,3,Español,156,162,https://historico.conaliteg.gob.mx/c/H2019P3ESA/156.jpg,86a76d3ad729e258f0ffe40f42150d003ecc2ccddb03f4f1c3ee0b080af0a7a9,91951,86a76d3ad729e258f0ffe40f42150d003ecc2ccddb03f4f1c3ee0b080af0a7a9,91951,200,image/jpeg,1,,1,1
LTMD_U1_W3_SPANISH_2018_2019_ROUTE_IDENTITY_0.1,H2018P3ESA,H2019P3ESA,3,Español,157,162,https://historico.conaliteg.gob.mx/c/H2019P3ESA/157.jpg,d907a73ddcd3df0008a38d5ad7c0d374beaab5e1c44f83bfafcc342116476cda,207565,d907a73ddcd3df0008a38d5ad7c0d374beaab5e1c44f83bfafcc342116476cda,207565,200,image/jpeg,1,,1,1
LTMD_U1_W3_SPANISH_2018_2019_ROUTE_IDENTITY_0.1,H2018P3ESA,H2019P3ESA,3,Español,158,162,https://historico.conaliteg.gob.mx/c/H2019P3ESA/158.jpg,e3509817fa6f42b225b2d252e113307b2da3050f98e7b3a33cf6b63636848e2b,186049,e3509817fa6f42b225b2d252e113307b2da3050f98e7b3a33cf6b63636848e2b,186049,200,image/jpeg,1,,1,1
LTMD_U1_W3_SPANISH_2018_2019_ROUTE_IDENTITY_0.1,H2018P3ESA,H2019P3ESA,3,Español,159,162,https://historico.conaliteg.gob.mx/c/H2019P3ESA/159.jpg,1cf999e620fa20e2a7dd7e5a4af34b474e09aea34d8aadbadb17b64b17e7a714,96878,1cf999e620fa20e2a7dd7e5a4af34b474e09aea34d8aadbadb17b64b17e7a714,96878,200,image/jpeg,1,,1,1
LTMD_U1_W3_SPANISH_2018_2019_ROUTE_IDENTITY_0.1,H2018P3ESA,H2019P3ESA,3,Español,160,162,https://historico.conaliteg.gob.mx/c/H2019P3ESA/160.jpg,4aea1bec1564f91fa904922e00ff79439e5cff7a725683183e80fcc7830c863d,52193,4aea1bec1564f91fa904922e00ff79439e5cff7a725683183e80fcc7830c863d,52193,200,image/jpeg,1,,1,1
LTMD_U1_W3_SPANISH_2018_2019_ROUTE_IDENTITY_0.1,H2018P3ESA,H2019P3ESA,3,Español,161,162,https://historico.conaliteg.gob.mx/c/H2019P3ESA/161.jpg,62af7ebd8a5578820e7ecb754f94fcc3b9dff39c049438ea1d30e8e6086351c8,63083,62af7ebd8a5578820e7ecb754f94fcc3b9dff39c049438ea1d30e8e6086351c8,63083,200,image/jpeg,1,,1,1
LTMD_U1_W3_SPANISH_2018_2019_ROUTE_IDENTITY_0.1,H2018P3LEA,H2019P3LEA,3,Español. Libro de lectura,1,162,https://historico.conaliteg.gob.mx/c/H2019P3LEA/000.jpg,d18bc51aa215c05a18b2f8fa3054f5eae7f1261aab03cc19b3fae8299ce20107,86069,d18bc51aa215c05a18b2f8fa3054f5eae7f1261aab03cc19b3fae8299ce20107,86069,200,image/jpeg,1,,1,1
LTMD_U1_W3_SPANISH_2018_2019_ROUTE_IDENTITY_0.1,H2018P3LEA,H2019P3LEA,3,Español. Libro de lectura,2,162,https://historico.conaliteg.gob.mx/c/H2019P3LEA/002.jpg,445b4cb3a8ea0ca824e7df8c9fc089398c1dc7765729fb5c4dc741c8df79e50d,92811,445b4cb3a8ea0ca824e7df8c9fc089398c1dc7765729fb5c4dc741c8df79e50d,92811,200,image/jpeg,1,,1,1
LTMD_U1_W3_SPANISH_2018_2019_ROUTE_IDENTITY_0.1,H2018P3LEA,H2019P3LEA,3,Español. Libro de lectura,3,162,https://historico.conaliteg.gob.mx/c/H2019P3LEA/003.jpg,5ab339ae67c1853242d57e6d7d5e2c1c86a788bf378b39829ee400ce0fddcfbb,84314,5ab339ae67c1853242d57e6d7d5e2c1c86a788bf378b39829ee400ce0fddcfbb,84314,200,image/jpeg,1,,1,1
LTMD_U1_W3_SPANISH_2018_2019_ROUTE_IDENTITY_0.1,H2018P3LEA,H2019P3LEA,3,Español. Libro de lectura,4,162,https://historico.conaliteg.gob.mx/c/H2019P3LEA/004.jpg,f5c0f2a9afc2e7477ddb0afc8e542031b2658331791adbea27ee2ef40d3abc3e,103740,f5c0f2a9afc2e7477ddb0afc8e542031b2658331791adbea27ee2ef40d3abc3e,103740,200,image/jpeg,1,,1,1
LTMD_U1_W3_SPANISH_2018_2019_ROUTE_IDENTITY_0.1,H2018P3LEA,H2019P3LEA,3,Español. Libro de lectura,5,162,https://historico.conaliteg.gob.mx/c/H2019P3LEA/005.jpg,65285f8133e9418ddfc4eac45c42c5be1393480a750dad9e85248c7348d93496,50894,65285f8133e9418ddfc4eac45c42c5be1393480a750dad9e85248c7348d93496,50894,200,image/jpeg,1,,1,1
LTMD_U1_W3_SPANISH_2018_2019_ROUTE_IDENTITY_0.1,H2018P3LEA,H2019P3LEA,3,Español. Libro de lectura,6,162,https://historico.conaliteg.gob.mx/c/H2019P3LEA/006.jpg,273a9f6c79288957e69dfbbe6faa7656cc9e6b22a13aa3c87a5f5be89ecccc50,101554,273a9f6c79288957e69dfbbe6faa7656cc9e6b22a13aa3c87a5f5be89ecccc50,101554,200,image/jpeg,1,,1,1
LTMD_U1_W3_SPANISH_2018_2019_ROUTE_IDENTITY_0.1,H2018P3LEA,H2019P3LEA,3,Español. Libro de lectura,7,162,https://historico.conaliteg.gob.mx/c/H2019P3LEA/007.jpg,b3bea4f20b4f4b3e040a938765442ebffa77e3592a7b35679b84b2c791f60d4d,85896,b3bea4f20b4f4b3e040a938765442ebffa77e3592a7b35679b84b2c791f60d4d,85896,200,image/jpeg,1,,1,1
LTMD_U1_W3_SPANISH_2018_2019_ROUTE_IDENTITY_0.1,H2018P3LEA,H2019P3LEA,3,Español. Libro de lectura,8,162,https://historico.conaliteg.gob.mx/c/H2019P3LEA/008.jpg,a976ceec94a5889549c9b806bb4881390c61ec3e0461e3fb54231d0f2fe038ad,48525,a976ceec94a5889549c9b806bb4881390c61ec3e0461e3fb54231d0f2fe038ad,48525,200,image/jpeg,1,,1,1
LTMD_U1_W3_SPANISH_2018_2019_ROUTE_IDENTITY_0.1,H2018P3LEA,H2019P3LEA,3,Español. Libro de lectura,9,162,https://historico.conaliteg.gob.mx/c/H2019P3LEA/009.jpg,16bdd112977f342e024218406720f1e291eeea114524069fbea46d2beff553f4,47522,16bdd112977f342e024218406720f1e291eeea114524069fbea46d2beff553f4,47522,200,image/jpeg,1,,1,1
LTMD_U1_W3_SPANISH_2018_2019_ROUTE_IDENTITY_0.1,H2018P3LEA,H2019P3LEA,3,Español. Libro de lectura,10,162,https://historico.conaliteg.gob.mx/c/H2019P3LEA/010.jpg,a06064216a7c25bbd5e0908718680f0804db3f6d33794b54cacbdd2edf2af24f,99836,a06064216a7c25bbd5e0908718680f0804db3f6d33794b54cacbdd2edf2af24f,99836,200,image/jpeg,1,,1,1
LTMD_U1_W3_SPANISH_2018_2019_ROUTE_IDENTITY_0.1,H2018P3LEA,H2019P3LEA,3,Español. Libro de lectura,11,162,https://historico.conaliteg.gob.mx/c/H2019P3LEA/011.jpg,f6f5e2dee2320926bf027a315839b4158837ce49594c96ff82c58182a626b8ca,99541,f6f5e2dee2320926bf027a315839b4158837ce49594c96ff82c58182a626b8ca,99541,200,image/jpeg,1,,1,1
LTMD_U1_W3_SPANISH_2018_2019_ROUTE_IDENTITY_0.1,H2018P3LEA,H2019P3LEA,3,Español. Libro de lectura,12,162,https://historico.conaliteg.gob.mx/c/H2019P3LEA/012.jpg,006184c58f3a142aa5fb689d6e347a787ba8d80d4f58a96519eeaf38c1815efa,40100,006184c58f3a142aa5fb689d6e347a787ba8d80d4f58a96519eeaf38c1815efa,40100,200,image/jpeg,1,,1,1
LTMD_U1_W3_SPANISH_2018_2019_ROUTE_IDENTITY_0.1,H2018P3LEA,H2019P3LEA,3,Español. Libro de lectura,13,162,https://historico.conaliteg.gob.mx/c/H2019P3LEA/013.jpg,74e669fedad89039e95e24189f131475876a645283e5aecae482419b979e5544,40098,74e669fedad89039e95e24189f131475876a645283e5aecae482419b979e5544,40098,200,image/jpeg,1,,1,1
LTMD_U1_W3_SPANISH_2018_2019_ROUTE_IDENTITY_0.1,H2018P3LEA,H2019P3LEA,3,Español. Libro de lectura,14,162,https://historico.conaliteg.gob.mx/c/H2019P3LEA/014.jpg,db19e34d1946e82b8a9e04057f4542612929986294a3d1d4038c970daa3ff8d0,67476,db19e34d1946e82b8a9e04057f4542612929986294a3d1d4038c970daa3ff8d0,67476,200,image/jpeg,1,,1,1
LTMD_U1_W3_SPANISH_2018_2019_ROUTE_IDENTITY_0.1,H2018P3LEA,H2019P3LEA,3,Español. Libro de lectura,15,162,https://historico.conaliteg.gob.mx/c/H2019P3LEA/015.jpg,426806cc52ec512c8d31c40c4f889acb13564770e706c064a17f8a1a207c8dc0,87760,426806cc52ec512c8d31c40c4f889acb13564770e706c064a17f8a1a207c8dc0,87760,200,image/jpeg,1,,1,1
LTMD_U1_W3_SPANISH_2018_2019_ROUTE_IDENTITY_0.1,H2018P3LEA,H2019P3LEA,3,Español. Libro de lectura,16,162,https://historico.conaliteg.gob.mx/c/H2019P3LEA/016.jpg,e322e0e8960720c4c3fe8462756c3f9a394360c72e1ab1bba66d4dd5f6c34676,163966,e322e0e8960720c4c3fe8462756c3f9a394360c72e1ab1bba66d4dd5f6c34676,163966,200,image/jpeg,1,,1,1
LTMD_U1_W3_SPANISH_2018_2019_ROUTE_IDENTITY_0.1,H2018P3LEA,H2019P3LEA,3,Español. Libro de lectura,17,162,https://historico.conaliteg.gob.mx/c/H2019P3LEA/017.jpg,a3b497f6e0cacf544215a93327d5348395753211503ecbd00e37e506c51a8e92,161369,a3b497f6e0cacf544215a93327d5348395753211503ecbd00e37e506c51a8e92,161369,200,image/jpeg,1,,1,1
LTMD_U1_W3_SPANISH_2018_2019_ROUTE_IDENTITY_0.1,H2018P3LEA,H2019P3LEA,3,Español. Libro de lectura,18,162,https://historico.conaliteg.gob.mx/c/H2019P3LEA/018.jpg,418c25d17f3a239fe7d7ee679009cd1bf7dbaaf2fc48169741bd1374d680393e,174882,418c25d17f3a239fe7d7ee679009cd1bf7dbaaf2fc48169741bd1374d680393e,174882,200,image/jpeg,1,,1,1
LTMD_U1_W3_SPANISH_2018_2019_ROUTE_IDENTITY_0.1,H2018P3LEA,H2019P3LEA,3,Español. Libro de lectura,19,162,https://historico.conaliteg.gob.mx/c/H2019P3LEA/019.jpg,31ebc35398aec87a0379b25ba012c7fd1b72c00ca9fdd3e59225059b4a1cac48,164758,31ebc35398aec87a0379b25ba012c7fd1b72c00ca9fdd3e59225059b4a1cac48,164758,200,image/jpeg,1,,1,1
LTMD_U1_W3_SPANISH_2018_2019_ROUTE_IDENTITY_0.1,H2018P3LEA,H2019P3LEA,3,Español. Libro de lectura,20,162,https://historico.conaliteg.gob.mx/c/H2019P3LEA/020.jpg,cd5bf682f061f91e808e59d5fee98c56605df7b88164e3d825d2e087f207282a,111713,cd5bf682f061f91e808e59d5fee98c56605df7b88164e3d825d2e087f207282a,111713,200,image/jpeg,1,,1,1
LTMD_U1_W3_SPANISH_2018_2019_ROUTE_IDENTITY_0.1,H2018P3LEA,H2019P3LEA,3,Español. Libro de lectura,21,162,https://historico.conaliteg.gob.mx/c/H2019P3LEA/021.jpg,5295fd38a1ec195316b97aba014439cb661a040963ec22a6e67c8f2f36b231f3,88176,5295fd38a1ec195316b97aba014439cb661a040963ec22a6e67c8f2f36b231f3,88176,200,image/jpeg,1,,1,1
LTMD_U1_W3_SPANISH_2018_2019_ROUTE_IDENTITY_0.1,H2018P3LEA,H2019P3LEA,3,Español. Libro de lectura,22,162,https://historico.conaliteg.gob.mx/c/H2019P3LEA/022.jpg,1d635de6dc6d34295ff423a20d6a224d6a4b97bfe9f666a064b19bd9741df8b1,129260,1d635de6dc6d34295ff423a20d6a224d6a4b97bfe9f666a064b19bd9741df8b1,129260,200,image/jpeg,1,,1,1
LTMD_U1_W3_SPANISH_2018_2019_ROUTE_IDENTITY_0.1,H2018P3LEA,H2019P3LEA,3,Español. Libro de lectura,23,162,https://historico.conaliteg.gob.mx/c/H2019P3LEA/023.jpg,cb2c3eec880fe553ca0b28795a693bca1e9c511eb51e0f5a5e8b0e09292113f3,120524,cb2c3eec880fe553ca0b28795a693bca1e9c511eb51e0f5a5e8b0e09292113f3,120524,200,image/jpeg,1,,1,1
LTMD_U1_W3_SPANISH_2018_2019_ROUTE_IDENTITY_0.1,H2018P3LEA,H2019P3LEA,3,Español. Libro de lectura,24,162,https://historico.conaliteg.gob.mx/c/H2019P3LEA/024.jpg,bb7faa55439a18ac833a8d4f6d9f34c8fb6dab510d9a5dabec251f478ea13b38,121455,bb7faa55439a18ac833a8d4f6d9f34c8fb6dab510d9a5dabec251f478ea13b38,121455,200,image/jpeg,1,,1,1
LTMD_U1_W3_SPANISH_2018_2019_ROUTE_IDENTITY_0.1,H2018P3LEA,H2019P3LEA,3,Español. Libro de lectura,25,162,https://historico.conaliteg.gob.mx/c/H2019P3LEA/025.jpg,0337d4674f71c00c5d0cc9f39b081582730f7ffee68a045ffe343741376cbd35,175750,0337d4674f71c00c5d0cc9f39b081582730f7ffee68a045ffe343741376cbd35,175750,200,image/jpeg,1,,1,1
LTMD_U1_W3_SPANISH_2018_2019_ROUTE_IDENTITY_0.1,H2018P3LEA,H2019P3LEA,3,Español. Libro de lectura,26,162,https://historico.conaliteg.gob.mx/c/H2019P3LEA/026.jpg,3fd291732b13d558c92a2b7aed296f33e385079a08dcd9214908233d8d555275,128177,3fd291732b13d558c92a2b7aed296f33e385079a08dcd9214908233d8d555275,128177,200,image/jpeg,1,,1,1
LTMD_U1_W3_SPANISH_2018_2019_ROUTE_IDENTITY_0.1,H2018P3LEA,H2019P3LEA,3,Español. Libro de lectura,27,162,https://historico.conaliteg.gob.mx/c/H2019P3LEA/027.jpg,3003f471c9d5496db4a1ebaee0fab691910f28a481f6f7b877bd545190258815,134599,3003f471c9d5496db4a1ebaee0fab691910f28a481f6f7b877bd545190258815,134599,200,image/jpeg,1,,1,1
LTMD_U1_W3_SPANISH_2018_2019_ROUTE_IDENTITY_0.1,H2018P3LEA,H2019P3LEA,3,Español. Libro de lectura,28,162,https://historico.conaliteg.gob.mx/c/H2019P3LEA/028.jpg,e7fa196d3c71dd77aa5bfd58bc589f0da1f6d8eb75c69aa05d7b1561f7cd1c7a,149853,e7fa196d3c71dd77aa5bfd58bc589f0da1f6d8eb75c69aa05d7b1561f7cd1c7a,149853,200,image/jpeg,1,,1,1
LTMD_U1_W3_SPANISH_2018_2019_ROUTE_IDENTITY_0.1,H2018P3LEA,H2019P3LEA,3,Español. Libro de lectura,29,162,https://historico.conaliteg.gob.mx/c/H2019P3LEA/029.jpg,d9827ecab8f35eab7cd7f9a567a88576499c6c000c18ec116403fd12fa8322b8,156797,d9827ecab8f35eab7cd7f9a567a88576499c6c000c18ec116403fd12fa8322b8,156797,200,image/jpeg,1,,1,1
LTMD_U1_W3_SPANISH_2018_2019_ROUTE_IDENTITY_0.1,H2018P3LEA,H2019P3LEA,3,Español. Libro de lectura,30,162,https://historico.conaliteg.gob.mx/c/H2019P3LEA/030.jpg,322d85ddbc23d8b8968aedecb3dcf4f2b0e0484e7ec9b8bae89fd98e6728e7e6,187422,322d85ddbc23d8b8968aedecb3dcf4f2b0e0484e7ec9b8bae89fd98e6728e7e6,187422,200,image/jpeg,1,,1,1
LTMD_U1_W3_SPANISH_2018_2019_ROUTE_IDENTITY_0.1,H2018P3LEA,H2019P3LEA,3,Español. Libro de lectura,31,162,https://historico.conaliteg.gob.mx/c/H2019P3LEA/031.jpg,0387f798faa9d9afc0a0a976cfd0988a887bd08687436e211e68c561dc083b7b,164150,0387f798faa9d9afc0a0a976cfd0988a887bd08687436e211e68c561dc083b7b,164150,200,image/jpeg,1,,1,1
LTMD_U1_W3_SPANISH_2018_2019_ROUTE_IDENTITY_0.1,H2018P3LEA,H2019P3LEA,3,Español. Libro de lectura,32,162,https://historico.conaliteg.gob.mx/c/H2019P3LEA/032.jpg,39d01e9b8b231375c2fe7f70f38a6f26154988df99908943bd9cdeac756fcd22,176589,39d01e9b8b231375c2fe7f70f38a6f26154988df99908943bd9cdeac756fcd22,176589,200,image/jpeg,1,,1,1
LTMD_U1_W3_SPANISH_2018_2019_ROUTE_IDENTITY_0.1,H2018P3LEA,H2019P3LEA,3,Español. Libro de lectura,33,162,https://historico.conaliteg.gob.mx/c/H2019P3LEA/033.jpg,e539e0a7ce7293b75052365c7c901ae31f810dd69fa80914a4a0d3b5516ec31a,156573,e539e0a7ce7293b75052365c7c901ae31f810dd69fa80914a4a0d3b5516ec31a,156573,200,image/jpeg,1,,1,1
LTMD_U1_W3_SPANISH_2018_2019_ROUTE_IDENTITY_0.1,H2018P3LEA,H2019P3LEA,3,Español. Libro de lectura,34,162,https://historico.conaliteg.gob.mx/c/H2019P3LEA/034.jpg,d2414cd275da7b4df5aa0b7dd910767e80fde4f4a92d580dc0dccc228e8195e9,171180,d2414cd275da7b4df5aa0b7dd910767e80fde4f4a92d580dc0dccc228e8195e9,171180,200,image/jpeg,1,,1,1
LTMD_U1_W3_SPANISH_2018_2019_ROUTE_IDENTITY_0.1,H2018P3LEA,H2019P3LEA,3,Español. Libro de lectura,35,162,https://historico.conaliteg.gob.mx/c/H2019P3LEA/035.jpg,ed166c75ceaa4859feed3636e4f041b100b1cca98e5b54477013b1abd8e7bc0e,159267,ed166c75ceaa4859feed3636e4f041b100b1cca98e5b54477013b1abd8e7bc0e,159267,200,image/jpeg,1,,1,1
LTMD_U1_W3_SPANISH_2018_2019_ROUTE_IDENTITY_0.1,H2018P3LEA,H2019P3LEA,3,Español. Libro de lectura,36,162,https://historico.conaliteg.gob.mx/c/H2019P3LEA/036.jpg,8230fee1ed24493b6d66e4df0bc3bba641805b1b8c3b4200c45b6d56a46a843a,153506,8230fee1ed24493b6d66e4df0bc3bba641805b1b8c3b4200c45b6d56a46a843a,153506,200,image/jpeg,1,,1,1
LTMD_U1_W3_SPANISH_2018_2019_ROUTE_IDENTITY_0.1,H2018P3LEA,H2019P3LEA,3,Español. Libro de lectura,37,162,https://historico.conaliteg.gob.mx/c/H2019P3LEA/037.jpg,e1af9c5d57271209e661c63af077771ea0d9add9740a41b601c8bab66c8ac19d,143006,e1af9c5d57271209e661c63af077771ea0d9add9740a41b601c8bab66c8ac19d,143006,200,image/jpeg,1,,1,1
LTMD_U1_W3_SPANISH_2018_2019_ROUTE_IDENTITY_0.1,H2018P3LEA,H2019P3LEA,3,Español. Libro de lectura,38,162,https://historico.conaliteg.gob.mx/c/H2019P3LEA/038.jpg,97e9b16cc2b4142d3aa4fd05cbe2200183f2e4047f1aa51f11c78b33cb7c82fc,119741,97e9b16cc2b4142d3aa4fd05cbe2200183f2e4047f1aa51f11c78b33cb7c82fc,119741,200,image/jpeg,1,,1,1
LTMD_U1_W3_SPANISH_2018_2019_ROUTE_IDENTITY_0.1,H2018P3LEA,H2019P3LEA,3,Español. Libro de lectura,39,162,https://historico.conaliteg.gob.mx/c/H2019P3LEA/039.jpg,35a65ab1dac8aff5afa2d05ab764d9b34c030b6385e5b63fbb053ee4ac4d7f05,117263,35a65ab1dac8aff5afa2d05ab764d9b34c030b6385e5b63fbb053ee4ac4d7f05,117263,200,image/jpeg,1,,1,1
LTMD_U1_W3_SPANISH_2018_2019_ROUTE_IDENTITY_0.1,H2018P3LEA,H2019P3LEA,3,Español. Libro de lectura,40,162,https://historico.conaliteg.gob.mx/c/H2019P3LEA/040.jpg,5699da092ed5b67412ef29c3c3e2fe351855db8be17e80c56a42a77d11942532,128966,5699da092ed5b67412ef29c3c3e2fe351855db8be17e80c56a42a77d11942532,128966,200,image/jpeg,1,,1,1
LTMD_U1_W3_SPANISH_2018_2019_ROUTE_IDENTITY_0.1,H2018P3LEA,H2019P3LEA,3,Español. Libro de lectura,41,162,https://historico.conaliteg.gob.mx/c/H2019P3LEA/041.jpg,f6d88cf9879943a3242360458cb81adbf331799592c0c7152d5b5e6424996c9f,112913,f6d88cf9879943a3242360458cb81adbf331799592c0c7152d5b5e6424996c9f,112913,200,image/jpeg,1,,1,1
LTMD_U1_W3_SPANISH_2018_2019_ROUTE_IDENTITY_0.1,H2018P3LEA,H2019P3LEA,3,Español. Libro de lectura,42,162,https://historico.conaliteg.gob.mx/c/H2019P3LEA/042.jpg,6484a0f8777f2f058090889533b01f4f9d3630819ec3fc24c4b0c0b1d5a08b47,112695,6484a0f8777f2f058090889533b01f4f9d3630819ec3fc24c4b0c0b1d5a08b47,112695,200,image/jpeg,1,,1,1
LTMD_U1_W3_SPANISH_2018_2019_ROUTE_IDENTITY_0.1,H2018P3LEA,H2019P3LEA,3,Español. Libro de lectura,43,162,https://historico.conaliteg.gob.mx/c/H2019P3LEA/043.jpg,e0155cc445213143df32c3807494518edf1e567508a6d9c7ab9d6d5ba2574911,113072,e0155cc445213143df32c3807494518edf1e567508a6d9c7ab9d6d5ba2574911,113072,200,image/jpeg,1,,1,1
LTMD_U1_W3_SPANISH_2018_2019_ROUTE_IDENTITY_0.1,H2018P3LEA,H2019P3LEA,3,Español. Libro de lectura,44,162,https://historico.conaliteg.gob.mx/c/H2019P3LEA/044.jpg,40da5587af2148ceb6a9c32fee9a0c2d662923b3ace59b614f05bdeab08cb3d7,118593,40da5587af2148ceb6a9c32fee9a0c2d662923b3ace59b614f05bdeab08cb3d7,118593,200,image/jpeg,1,,1,1
LTMD_U1_W3_SPANISH_2018_2019_ROUTE_IDENTITY_0.1,H2018P3LEA,H2019P3LEA,3,Español. Libro de lectura,45,162,https://historico.conaliteg.gob.mx/c/H2019P3LEA/045.jpg,a3ed07ad7ff9f213717937b8f996e9913e6062d8549c782697073d15edbbb91c,104653,a3ed07ad7ff9f213717937b8f996e9913e6062d8549c782697073d15edbbb91c,104653,200,image/jpeg,1,,1,1
LTMD_U1_W3_SPANISH_2018_2019_ROUTE_IDENTITY_0.1,H2018P3LEA,H2019P3LEA,3,Español. Libro de lectura,46,162,https://historico.conaliteg.gob.mx/c/H2019P3LEA/046.jpg,0c3bc8c4c2c2a676e4ef8cc16d3d2be3af388363fd7b91d1fa39188d35973ca4,156882,0c3bc8c4c2c2a676e4ef8cc16d3d2be3af388363fd7b91d1fa39188d35973ca4,156882,200,image/jpeg,1,,1,1
LTMD_U1_W3_SPANISH_2018_2019_ROUTE_IDENTITY_0.1,H2018P3LEA,H2019P3LEA,3,Español. Libro de lectura,47,162,https://historico.conaliteg.gob.mx/c/H2019P3LEA/047.jpg,b40126ec783733c70d8b58150ff14b10d422034c24e7c2d4904199d86c6fbdf9,157596,b40126ec783733c70d8b58150ff14b10d422034c24e7c2d4904199d86c6fbdf9,157596,200,image/jpeg,1,,1,1
LTMD_U1_W3_SPANISH_2018_2019_ROUTE_IDENTITY_0.1,H2018P3LEA,H2019P3LEA,3,Español. Libro de lectura,48,162,https://historico.conaliteg.gob.mx/c/H2019P3LEA/048.jpg,0c0a3fc12adc202163bea88e67a33cbbd9f94d6b4a13989cd9f9c8fb30afee7a,106368,0c0a3fc12adc202163bea88e67a33cbbd9f94d6b4a13989cd9f9c8fb30afee7a,106368,200,image/jpeg,1,,1,1
LTMD_U1_W3_SPANISH_2018_2019_ROUTE_IDENTITY_0.1,H2018P3LEA,H2019P3LEA,3,Español. Libro de lectura,49,162,https://historico.conaliteg.gob.mx/c/H2019P3LEA/049.jpg,43b0cf5ae82ec47f63884eed94648c8d9c59b72de9206e63e4b06d025adf3684,139700,43b0cf5ae82ec47f63884eed94648c8d9c59b72de9206e63e4b06d025adf3684,139700,200,image/jpeg,1,,1,1
LTMD_U1_W3_SPANISH_2018_2019_ROUTE_IDENTITY_0.1,H2018P3LEA,H2019P3LEA,3,Español. Libro de lectura,50,162,https://historico.conaliteg.gob.mx/c/H2019P3LEA/050.jpg,020f819144449925452206dd9ddc5f83f5f76e36964c275443fb148d0024695a,156808,020f819144449925452206dd9ddc5f83f5f76e36964c275443fb148d0024695a,156808,200,image/jpeg,1,,1,1
LTMD_U1_W3_SPANISH_2018_2019_ROUTE_IDENTITY_0.1,H2018P3LEA,H2019P3LEA,3,Español. Libro de lectura,51,162,https://historico.conaliteg.gob.mx/c/H2019P3LEA/051.jpg,13828bbe5c0501e158fe277e6770574b0a8c10fb3d98f1ec573bbaf74cc1f1b1,143727,13828bbe5c0501e158fe277e6770574b0a8c10fb3d98f1ec573bbaf74cc1f1b1,143727,200,image/jpeg,1,,1,1
LTMD_U1_W3_SPANISH_2018_2019_ROUTE_IDENTITY_0.1,H2018P3LEA,H2019P3LEA,3,Español. Libro de lectura,52,162,https://historico.conaliteg.gob.mx/c/H2019P3LEA/052.jpg,fd4f0e073598a99c651510b7f85af086b6b32b6ad1d5195cb0e27e0d67dcd41e,137083,fd4f0e073598a99c651510b7f85af086b6b32b6ad1d5195cb0e27e0d67dcd41e,137083,200,image/jpeg,1,,1,1
LTMD_U1_W3_SPANISH_2018_2019_ROUTE_IDENTITY_0.1,H2018P3LEA,H2019P3LEA,3,Español. Libro de lectura,53,162,https://historico.conaliteg.gob.mx/c/H2019P3LEA/053.jpg,e0f40f88a2b7f243640b624dec6b9f9110df20d536a2eaccc1f398c9021da23b,138720,e0f40f88a2b7f243640b624dec6b9f9110df20d536a2eaccc1f398c9021da23b,138720,200,image/jpeg,1,,1,1
LTMD_U1_W3_SPANISH_2018_2019_ROUTE_IDENTITY_0.1,H2018P3LEA,H2019P3LEA,3,Español. Libro de lectura,54,162,https://historico.conaliteg.gob.mx/c/H2019P3LEA/054.jpg,562078253a5bc38b5df307f56c0736096d5913267f829edb4bbd2f9c69393747,105065,562078253a5bc38b5df307f56c0736096d5913267f829edb4bbd2f9c69393747,105065,200,image/jpeg,1,,1,1
LTMD_U1_W3_SPANISH_2018_2019_ROUTE_IDENTITY_0.1,H2018P3LEA,H2019P3LEA,3,Español. Libro de lectura,55,162,https://historico.conaliteg.gob.mx/c/H2019P3LEA/055.jpg,592d516db086ee3dd17f6cd3598838de24180498a413d2b602a3d6ebea25691e,121224,592d516db086ee3dd17f6cd3598838de24180498a413d2b602a3d6ebea25691e,121224,200,image/jpeg,1,,1,1
LTMD_U1_W3_SPANISH_2018_2019_ROUTE_IDENTITY_0.1,H2018P3LEA,H2019P3LEA,3,Español. Libro de lectura,56,162,https://historico.conaliteg.gob.mx/c/H2019P3LEA/056.jpg,f6efb7b9484871cf6d5270832db061035231ac76c8ae64d842fe45ad19da1d89,177968,f6efb7b9484871cf6d5270832db061035231ac76c8ae64d842fe45ad19da1d89,177968,200,image/jpeg,1,,1,1
LTMD_U1_W3_SPANISH_2018_2019_ROUTE_IDENTITY_0.1,H2018P3LEA,H2019P3LEA,3,Español. Libro de lectura,57,162,https://historico.conaliteg.gob.mx/c/H2019P3LEA/057.jpg,f9b72450ba64e42fbf9b2cd610f43dd316b1900de19d3e2709d82cfb77628a80,170213,f9b72450ba64e42fbf9b2cd610f43dd316b1900de19d3e2709d82cfb77628a80,170213,200,image/jpeg,1,,1,1
LTMD_U1_W3_SPANISH_2018_2019_ROUTE_IDENTITY_0.1,H2018P3LEA,H2019P3LEA,3,Español. Libro de lectura,58,162,https://historico.conaliteg.gob.mx/c/H2019P3LEA/058.jpg,a2b5f60b789e9a3afac0eb98da1c8455dca87fa1ed0c77350c33028d7ebd97dd,144649,a2b5f60b789e9a3afac0eb98da1c8455dca87fa1ed0c77350c33028d7ebd97dd,144649,200,image/jpeg,1,,1,1
LTMD_U1_W3_SPANISH_2018_2019_ROUTE_IDENTITY_0.1,H2018P3LEA,H2019P3LEA,3,Español. Libro de lectura,59,162,https://historico.conaliteg.gob.mx/c/H2019P3LEA/059.jpg,d34a11f96ef884c7502a41ed1fa7313812d9412d5389998a22d707e800a8fcc5,147695,d34a11f96ef884c7502a41ed1fa7313812d9412d5389998a22d707e800a8fcc5,147695,200,image/jpeg,1,,1,1
LTMD_U1_W3_SPANISH_2018_2019_ROUTE_IDENTITY_0.1,H2018P3LEA,H2019P3LEA,3,Español. Libro de lectura,60,162,https://historico.conaliteg.gob.mx/c/H2019P3LEA/060.jpg,f4ccf2d08329b123e72faa7bfae3acf4888bb88f253959af7e732135f6eda0a9,144400,f4ccf2d08329b123e72faa7bfae3acf4888bb88f253959af7e732135f6eda0a9,144400,200,image/jpeg,1,,1,1
LTMD_U1_W3_SPANISH_2018_2019_ROUTE_IDENTITY_0.1,H2018P3LEA,H2019P3LEA,3,Español. Libro de lectura,61,162,https://historico.conaliteg.gob.mx/c/H2019P3LEA/061.jpg,b29d8bec02d6873e2122b3db145b2d3029090b44ea369d4924d09a94b15e0ce5,178027,b29d8bec02d6873e2122b3db145b2d3029090b44ea369d4924d09a94b15e0ce5,178027,200,image/jpeg,1,,1,1
LTMD_U1_W3_SPANISH_2018_2019_ROUTE_IDENTITY_0.1,H2018P3LEA,H2019P3LEA,3,Español. Libro de lectura,62,162,https://historico.conaliteg.gob.mx/c/H2019P3LEA/062.jpg,52d99f55baad55d4e2b249178a0d2de3474b35355a44c7d7ecc0e5945897549e,186136,52d99f55baad55d4e2b249178a0d2de3474b35355a44c7d7ecc0e5945897549e,186136,200,image/jpeg,1,,1,1
LTMD_U1_W3_SPANISH_2018_2019_ROUTE_IDENTITY_0.1,H2018P3LEA,H2019P3LEA,3,Español. Libro de lectura,63,162,https://historico.conaliteg.gob.mx/c/H2019P3LEA/063.jpg,0e1f23f60b128314d92080d880cafbcec71de0e5dde7b457e9b71099b524f165,108905,0e1f23f60b128314d92080d880cafbcec71de0e5dde7b457e9b71099b524f165,108905,200,image/jpeg,1,,1,1
LTMD_U1_W3_SPANISH_2018_2019_ROUTE_IDENTITY_0.1,H2018P3LEA,H2019P3LEA,3,Español. Libro de lectura,64,162,https://historico.conaliteg.gob.mx/c/H2019P3LEA/064.jpg,419e6eace8ab6d33a13e555c9edd5c6131feb6f5ce4e76e0ae9118411ba460c4,123093,419e6eace8ab6d33a13e555c9edd5c6131feb6f5ce4e76e0ae9118411ba460c4,123093,200,image/jpeg,1,,1,1
LTMD_U1_W3_SPANISH_2018_2019_ROUTE_IDENTITY_0.1,H2018P3LEA,H2019P3LEA,3,Español. Libro de lectura,65,162,https://historico.conaliteg.gob.mx/c/H2019P3LEA/065.jpg,d5f12f9034081ecf1da94f334c63143d85ae7adfd4631bdadbadd0a0128793f7,138267,d5f12f9034081ecf1da94f334c63143d85ae7adfd4631bdadbadd0a0128793f7,138267,200,image/jpeg,1,,1,1
LTMD_U1_W3_SPANISH_2018_2019_ROUTE_IDENTITY_0.1,H2018P3LEA,H2019P3LEA,3,Español. Libro de lectura,66,162,https://historico.conaliteg.gob.mx/c/H2019P3LEA/066.jpg,198dd56038995eb15cb76734316362d6e5fde51c1cbf64ff9a45a06ae7f9606b,90781,198dd56038995eb15cb76734316362d6e5fde51c1cbf64ff9a45a06ae7f9606b,90781,200,image/jpeg,1,,1,1
LTMD_U1_W3_SPANISH_2018_2019_ROUTE_IDENTITY_0.1,H2018P3LEA,H2019P3LEA,3,Español. Libro de lectura,67,162,https://historico.conaliteg.gob.mx/c/H2019P3LEA/067.jpg,105b47de7d2444e492180ab1e361856467ad3e22303d3359ba44cd60be79a6ae,88773,105b47de7d2444e492180ab1e361856467ad3e22303d3359ba44cd60be79a6ae,88773,200,image/jpeg,1,,1,1
LTMD_U1_W3_SPANISH_2018_2019_ROUTE_IDENTITY_0.1,H2018P3LEA,H2019P3LEA,3,Español. Libro de lectura,68,162,https://historico.conaliteg.gob.mx/c/H2019P3LEA/068.jpg,e3d7a641963c13b19f74de3fb26103ec43aef95f1d19a822b2c847a6d5653964,114016,e3d7a641963c13b19f74de3fb26103ec43aef95f1d19a822b2c847a6d5653964,114016,200,image/jpeg,1,,1,1
LTMD_U1_W3_SPANISH_2018_2019_ROUTE_IDENTITY_0.1,H2018P3LEA,H2019P3LEA,3,Español. Libro de lectura,69,162,https://historico.conaliteg.gob.mx/c/H2019P3LEA/069.jpg,2c99e04c5a8d252fbfa8cf3ee9c84fa3707968cb0042d05e2a98dc840ed80f81,125577,2c99e04c5a8d252fbfa8cf3ee9c84fa3707968cb0042d05e2a98dc840ed80f81,125577,200,image/jpeg,1,,1,1
LTMD_U1_W3_SPANISH_2018_2019_ROUTE_IDENTITY_0.1,H2018P3LEA,H2019P3LEA,3,Español. Libro de lectura,70,162,https://historico.conaliteg.gob.mx/c/H2019P3LEA/070.jpg,e92bf84edc3d32c6045faca51b2bc19e01e2d57da0b44d17bb3b10d6285f805d,116426,e92bf84edc3d32c6045faca51b2bc19e01e2d57da0b44d17bb3b10d6285f805d,116426,200,image/jpeg,1,,1,1
LTMD_U1_W3_SPANISH_2018_2019_ROUTE_IDENTITY_0.1,H2018P3LEA,H2019P3LEA,3,Español. Libro de lectura,71,162,https://historico.conaliteg.gob.mx/c/H2019P3LEA/071.jpg,ca9d20276bcb9671304c780c45d0f6e613def8d7bdb85369958e6372581e8616,111779,ca9d20276bcb9671304c780c45d0f6e613def8d7bdb85369958e6372581e8616,111779,200,image/jpeg,1,,1,1
LTMD_U1_W3_SPANISH_2018_2019_ROUTE_IDENTITY_0.1,H2018P3LEA,H2019P3LEA,3,Español. Libro de lectura,72,162,https://historico.conaliteg.gob.mx/c/H2019P3LEA/072.jpg,56862419307d47d41a62a3d744c9b5d814a2bafcc7f6be97c45a9f7e8fe9e566,117551,56862419307d47d41a62a3d744c9b5d814a2bafcc7f6be97c45a9f7e8fe9e566,117551,200,image/jpeg,1,,1,1
LTMD_U1_W3_SPANISH_2018_2019_ROUTE_IDENTITY_0.1,H2018P3LEA,H2019P3LEA,3,Español. Libro de lectura,73,162,https://historico.conaliteg.gob.mx/c/H2019P3LEA/073.jpg,da7985a8623eb6a7c3b88ffd9dbc3f12b3534fc5f8106009345cef1a87ee9281,109634,da7985a8623eb6a7c3b88ffd9dbc3f12b3534fc5f8106009345cef1a87ee9281,109634,200,image/jpeg,1,,1,1
LTMD_U1_W3_SPANISH_2018_2019_ROUTE_IDENTITY_0.1,H2018P3LEA,H2019P3LEA,3,Español. Libro de lectura,74,162,https://historico.conaliteg.gob.mx/c/H2019P3LEA/074.jpg,3054ae1f9abe515a989d1ca7fe599de3b832bf1f0d6df481c692a8b2f8a8a88c,123057,3054ae1f9abe515a989d1ca7fe599de3b832bf1f0d6df481c692a8b2f8a8a88c,123057,200,image/jpeg,1,,1,1
LTMD_U1_W3_SPANISH_2018_2019_ROUTE_IDENTITY_0.1,H2018P3LEA,H2019P3LEA,3,Español. Libro de lectura,75,162,https://historico.conaliteg.gob.mx/c/H2019P3LEA/075.jpg,6e800fe8fed86af85c9160ec36b475f370f5e4e0aefea0c82f1b8f609667748e,106927,6e800fe8fed86af85c9160ec36b475f370f5e4e0aefea0c82f1b8f609667748e,106927,200,image/jpeg,1,,1,1
LTMD_U1_W3_SPANISH_2018_2019_ROUTE_IDENTITY_0.1,H2018P3LEA,H2019P3LEA,3,Español. Libro de lectura,76,162,https://historico.conaliteg.gob.mx/c/H2019P3LEA/076.jpg,ea92a4f709b0ae3cca3a841ebff1bea36921a87e27ccebd90ded8bc4868bbc07,141070,ea92a4f709b0ae3cca3a841ebff1bea36921a87e27ccebd90ded8bc4868bbc07,141070,200,image/jpeg,1,,1,1
LTMD_U1_W3_SPANISH_2018_2019_ROUTE_IDENTITY_0.1,H2018P3LEA,H2019P3LEA,3,Español. Libro de lectura,77,162,https://historico.conaliteg.gob.mx/c/H2019P3LEA/077.jpg,0d7db7b61300d269c4c283e44e2c2bb7c72bac2dff18ccf1f9ac9146bdc61099,114254,0d7db7b61300d269c4c283e44e2c2bb7c72bac2dff18ccf1f9ac9146bdc61099,114254,200,image/jpeg,1,,1,1
LTMD_U1_W3_SPANISH_2018_2019_ROUTE_IDENTITY_0.1,H2018P3LEA,H2019P3LEA,3,Español. Libro de lectura,78,162,https://historico.conaliteg.gob.mx/c/H2019P3LEA/078.jpg,d71481ef8586eb136511bc555070357a66f3de26f457418d6af562da3d3a2e2c,139361,d71481ef8586eb136511bc555070357a66f3de26f457418d6af562da3d3a2e2c,139361,200,image/jpeg,1,,1,1
LTMD_U1_W3_SPANISH_2018_2019_ROUTE_IDENTITY_0.1,H2018P3LEA,H2019P3LEA,3,Español. Libro de lectura,79,162,https://historico.conaliteg.gob.mx/c/H2019P3LEA/079.jpg,d9e7d69b2b14653abd5ae74b00d7418b260da511defa5a359c3596bd900fb40f,117525,d9e7d69b2b14653abd5ae74b00d7418b260da511defa5a359c3596bd900fb40f,117525,200,image/jpeg,1,,1,1
LTMD_U1_W3_SPANISH_2018_2019_ROUTE_IDENTITY_0.1,H2018P3LEA,H2019P3LEA,3,Español. Libro de lectura,80,162,https://historico.conaliteg.gob.mx/c/H2019P3LEA/080.jpg,15bae4e9860a63632b2d8b9b83aaac59cfdb44f4ddd84a8e576fa4bea9ec9e42,180856,15bae4e9860a63632b2d8b9b83aaac59cfdb44f4ddd84a8e576fa4bea9ec9e42,180856,200,image/jpeg,1,,1,1
LTMD_U1_W3_SPANISH_2018_2019_ROUTE_IDENTITY_0.1,H2018P3LEA,H2019P3LEA,3,Español. Libro de lectura,81,162,https://historico.conaliteg.gob.mx/c/H2019P3LEA/081.jpg,758051ac490d0a90f985220520d9db5dc349bf29ab6aef798abcf0f6dc64a5b3,140790,758051ac490d0a90f985220520d9db5dc349bf29ab6aef798abcf0f6dc64a5b3,140790,200,image/jpeg,1,,1,1
LTMD_U1_W3_SPANISH_2018_2019_ROUTE_IDENTITY_0.1,H2018P3LEA,H2019P3LEA,3,Español. Libro de lectura,82,162,https://historico.conaliteg.gob.mx/c/H2019P3LEA/082.jpg,6a22da95f144e0ed7dcb9dddd5256c5903e64315ea0b792f205961000b87d7ed,102365,6a22da95f144e0ed7dcb9dddd5256c5903e64315ea0b792f205961000b87d7ed,102365,200,image/jpeg,1,,1,1
LTMD_U1_W3_SPANISH_2018_2019_ROUTE_IDENTITY_0.1,H2018P3LEA,H2019P3LEA,3,Español. Libro de lectura,83,162,https://historico.conaliteg.gob.mx/c/H2019P3LEA/083.jpg,8cf8868cae2a0e2dfa545271d4961924a103a20dca2af72166ab862c646d60b9,102191,8cf8868cae2a0e2dfa545271d4961924a103a20dca2af72166ab862c646d60b9,102191,200,image/jpeg,1,,1,1
LTMD_U1_W3_SPANISH_2018_2019_ROUTE_IDENTITY_0.1,H2018P3LEA,H2019P3LEA,3,Español. Libro de lectura,84,162,https://historico.conaliteg.gob.mx/c/H2019P3LEA/084.jpg,81fae33c55392e6a71271e9aef7568b5998c4e5a6745b6aa8c03a987b70bf94a,161193,81fae33c55392e6a71271e9aef7568b5998c4e5a6745b6aa8c03a987b70bf94a,161193,200,image/jpeg,1,,1,1
LTMD_U1_W3_SPANISH_2018_2019_ROUTE_IDENTITY_0.1,H2018P3LEA,H2019P3LEA,3,Español. Libro de lectura,85,162,https://historico.conaliteg.gob.mx/c/H2019P3LEA/085.jpg,3ac65777492d20ed77acd308e97d73b8c11638d6d26e08b77350919bbbaaedcf,107613,3ac65777492d20ed77acd308e97d73b8c11638d6d26e08b77350919bbbaaedcf,107613,200,image/jpeg,1,,1,1
LTMD_U1_W3_SPANISH_2018_2019_ROUTE_IDENTITY_0.1,H2018P3LEA,H2019P3LEA,3,Español. Libro de lectura,86,162,https://historico.conaliteg.gob.mx/c/H2019P3LEA/086.jpg,7980f668f3a2dfacd13c8c51d160c8dfacf8ffc050453495b2b48660366d7f3b,112634,7980f668f3a2dfacd13c8c51d160c8dfacf8ffc050453495b2b48660366d7f3b,112634,200,image/jpeg,1,,1,1
LTMD_U1_W3_SPANISH_2018_2019_ROUTE_IDENTITY_0.1,H2018P3LEA,H2019P3LEA,3,Español. Libro de lectura,87,162,https://historico.conaliteg.gob.mx/c/H2019P3LEA/087.jpg,c62300ce5af97028f724428e39db7aee7a0df1a02693a600c400f0f40a4f8617,136177,c62300ce5af97028f724428e39db7aee7a0df1a02693a600c400f0f40a4f8617,136177,200,image/jpeg,1,,1,1
LTMD_U1_W3_SPANISH_2018_2019_ROUTE_IDENTITY_0.1,H2018P3LEA,H2019P3LEA,3,Español. Libro de lectura,88,162,https://historico.conaliteg.gob.mx/c/H2019P3LEA/088.jpg,7e1e63b0a3e0aeeb4aab18bc2db13085d088c0fbaad05a85b310af532a32b303,90785,7e1e63b0a3e0aeeb4aab18bc2db13085d088c0fbaad05a85b310af532a32b303,90785,200,image/jpeg,1,,1,1
LTMD_U1_W3_SPANISH_2018_2019_ROUTE_IDENTITY_0.1,H2018P3LEA,H2019P3LEA,3,Español. Libro de lectura,89,162,https://historico.conaliteg.gob.mx/c/H2019P3LEA/089.jpg,ffe178032b6b1e58397acffc85b3a1791ca992012ba715fe2f9dc9f62e364115,123207,ffe178032b6b1e58397acffc85b3a1791ca992012ba715fe2f9dc9f62e364115,123207,200,image/jpeg,1,,1,1
LTMD_U1_W3_SPANISH_2018_2019_ROUTE_IDENTITY_0.1,H2018P3LEA,H2019P3LEA,3,Español. Libro de lectura,90,162,https://historico.conaliteg.gob.mx/c/H2019P3LEA/090.jpg,6a756d99542c9bcf2c4779c9572fff0a81f66e95d9bc6a4eab675c0a13ad716b,131229,6a756d99542c9bcf2c4779c9572fff0a81f66e95d9bc6a4eab675c0a13ad716b,131229,200,image/jpeg,1,,1,1
LTMD_U1_W3_SPANISH_2018_2019_ROUTE_IDENTITY_0.1,H2018P3LEA,H2019P3LEA,3,Español. Libro de lectura,91,162,https://historico.conaliteg.gob.mx/c/H2019P3LEA/091.jpg,0d241a555938b1690a632f34b56d1c65d1fbea2bb284ec38e853b26ae7890e98,158881,0d241a555938b1690a632f34b56d1c65d1fbea2bb284ec38e853b26ae7890e98,158881,200,image/jpeg,1,,1,1
LTMD_U1_W3_SPANISH_2018_2019_ROUTE_IDENTITY_0.1,H2018P3LEA,H2019P3LEA,3,Español. Libro de lectura,92,162,https://historico.conaliteg.gob.mx/c/H2019P3LEA/092.jpg,8beac6088d4ade950746fabdc4b9332052649976b240d08df66e9d3a8f82c590,97743,8beac6088d4ade950746fabdc4b9332052649976b240d08df66e9d3a8f82c590,97743,200,image/jpeg,1,,1,1
LTMD_U1_W3_SPANISH_2018_2019_ROUTE_IDENTITY_0.1,H2018P3LEA,H2019P3LEA,3,Español. Libro de lectura,93,162,https://historico.conaliteg.gob.mx/c/H2019P3LEA/093.jpg,1de19e4d929e2a47158d0bfc91d8651ec5095a22aaea3cd13d184905860d7137,91170,1de19e4d929e2a47158d0bfc91d8651ec5095a22aaea3cd13d184905860d7137,91170,200,image/jpeg,1,,1,1
LTMD_U1_W3_SPANISH_2018_2019_ROUTE_IDENTITY_0.1,H2018P3LEA,H2019P3LEA,3,Español. Libro de lectura,94,162,https://historico.conaliteg.gob.mx/c/H2019P3LEA/094.jpg,12d893e05a483468477351f23c3dd8968c9b7c8340e1aac4e85c68aec5a29fc6,122723,12d893e05a483468477351f23c3dd8968c9b7c8340e1aac4e85c68aec5a29fc6,122723,200,image/jpeg,1,,1,1
LTMD_U1_W3_SPANISH_2018_2019_ROUTE_IDENTITY_0.1,H2018P3LEA,H2019P3LEA,3,Español. Libro de lectura,95,162,https://historico.conaliteg.gob.mx/c/H2019P3LEA/095.jpg,8361d01086e54158d9230531ccf8c4a5712f1db6f200c21a192f46c2c479adc5,163326,8361d01086e54158d9230531ccf8c4a5712f1db6f200c21a192f46c2c479adc5,163326,200,image/jpeg,1,,1,1
LTMD_U1_W3_SPANISH_2018_2019_ROUTE_IDENTITY_0.1,H2018P3LEA,H2019P3LEA,3,Español. Libro de lectura,96,162,https://historico.conaliteg.gob.mx/c/H2019P3LEA/096.jpg,bdbd54fe7d57db59c617257f6c6fadbc655c3434507650944dde9ff858f869ff,117872,bdbd54fe7d57db59c617257f6c6fadbc655c3434507650944dde9ff858f869ff,117872,200,image/jpeg,1,,1,1
LTMD_U1_W3_SPANISH_2018_2019_ROUTE_IDENTITY_0.1,H2018P3LEA,H2019P3LEA,3,Español. Libro de lectura,97,162,https://historico.conaliteg.gob.mx/c/H2019P3LEA/097.jpg,1b2b7c4099fdd58ae916bd6aeab65b216e70d66fc93deeae8247edb290eee4b5,118652,1b2b7c4099fdd58ae916bd6aeab65b216e70d66fc93deeae8247edb290eee4b5,118652,200,image/jpeg,1,,1,1
LTMD_U1_W3_SPANISH_2018_2019_ROUTE_IDENTITY_0.1,H2018P3LEA,H2019P3LEA,3,Español. Libro de lectura,98,162,https://historico.conaliteg.gob.mx/c/H2019P3LEA/098.jpg,9cf13679d58acdac4ac416614310294634714351b7aef7c559e668e95472a700,87038,9cf13679d58acdac4ac416614310294634714351b7aef7c559e668e95472a700,87038,200,image/jpeg,1,,1,1
LTMD_U1_W3_SPANISH_2018_2019_ROUTE_IDENTITY_0.1,H2018P3LEA,H2019P3LEA,3,Español. Libro de lectura,99,162,https://historico.conaliteg.gob.mx/c/H2019P3LEA/099.jpg,b4a4cf4510cd2cb282e4ba2f608f9bbd29f7b0d081b7fb7dc46285aacdbdb09f,95665,b4a4cf4510cd2cb282e4ba2f608f9bbd29f7b0d081b7fb7dc46285aacdbdb09f,95665,200,image/jpeg,1,,1,1
LTMD_U1_W3_SPANISH_2018_2019_ROUTE_IDENTITY_0.1,H2018P3LEA,H2019P3LEA,3,Español. Libro de lectura,100,162,https://historico.conaliteg.gob.mx/c/H2019P3LEA/100.jpg,b3fbc668f016ee0f8402937e4f39f05a1a8aaa13bfee5498d89094a7fba0f688,137462,b3fbc668f016ee0f8402937e4f39f05a1a8aaa13bfee5498d89094a7fba0f688,137462,200,image/jpeg,1,,1,1
LTMD_U1_W3_SPANISH_2018_2019_ROUTE_IDENTITY_0.1,H2018P3LEA,H2019P3LEA,3,Español. Libro de lectura,101,162,https://historico.conaliteg.gob.mx/c/H2019P3LEA/101.jpg,6597a15fa8ab909112a5e68ae6b4f0a39206a5db6aaa920769328a93d4476609,133637,6597a15fa8ab909112a5e68ae6b4f0a39206a5db6aaa920769328a93d4476609,133637,200,image/jpeg,1,,1,1
LTMD_U1_W3_SPANISH_2018_2019_ROUTE_IDENTITY_0.1,H2018P3LEA,H2019P3LEA,3,Español. Libro de lectura,102,162,https://historico.conaliteg.gob.mx/c/H2019P3LEA/102.jpg,403bf22a2f9b788f3fc97b2823455bbb9ad4e78d5af5df938eb308b49a3f9f6b,166284,403bf22a2f9b788f3fc97b2823455bbb9ad4e78d5af5df938eb308b49a3f9f6b,166284,200,image/jpeg,1,,1,1
LTMD_U1_W3_SPANISH_2018_2019_ROUTE_IDENTITY_0.1,H2018P3LEA,H2019P3LEA,3,Español. Libro de lectura,103,162,https://historico.conaliteg.gob.mx/c/H2019P3LEA/103.jpg,2ece2bd6964ec47f8b92fad6ac1d122b5e668395252cdfe3b89a5e56b27f5196,157523,2ece2bd6964ec47f8b92fad6ac1d122b5e668395252cdfe3b89a5e56b27f5196,157523,200,image/jpeg,1,,1,1
LTMD_U1_W3_SPANISH_2018_2019_ROUTE_IDENTITY_0.1,H2018P3LEA,H2019P3LEA,3,Español. Libro de lectura,104,162,https://historico.conaliteg.gob.mx/c/H2019P3LEA/104.jpg,1366a6183d7e1e8cb10247c318cd372aefa5cbfd86da7ba650fc284423844aac,130054,1366a6183d7e1e8cb10247c318cd372aefa5cbfd86da7ba650fc284423844aac,130054,200,image/jpeg,1,,1,1
LTMD_U1_W3_SPANISH_2018_2019_ROUTE_IDENTITY_0.1,H2018P3LEA,H2019P3LEA,3,Español. Libro de lectura,105,162,https://historico.conaliteg.gob.mx/c/H2019P3LEA/105.jpg,fd3abcd3bc784c8dcc78d26c28a443ec8a1145340b8e5e8db657ed3ba13741a5,119337,fd3abcd3bc784c8dcc78d26c28a443ec8a1145340b8e5e8db657ed3ba13741a5,119337,200,image/jpeg,1,,1,1
LTMD_U1_W3_SPANISH_2018_2019_ROUTE_IDENTITY_0.1,H2018P3LEA,H2019P3LEA,3,Español. Libro de lectura,106,162,https://historico.conaliteg.gob.mx/c/H2019P3LEA/106.jpg,b22a17d0b2b20358ed133bfdfef2d5628357b3dca4a1f6cf24e0913940b9abd2,113359,b22a17d0b2b20358ed133bfdfef2d5628357b3dca4a1f6cf24e0913940b9abd2,113359,200,image/jpeg,1,,1,1
LTMD_U1_W3_SPANISH_2018_2019_ROUTE_IDENTITY_0.1,H2018P3LEA,H2019P3LEA,3,Español. Libro de lectura,107,162,https://historico.conaliteg.gob.mx/c/H2019P3LEA/107.jpg,eff402211999aeec7283688bf43080eac08845e397c022091761bca630e33d22,98897,eff402211999aeec7283688bf43080eac08845e397c022091761bca630e33d22,98897,200,image/jpeg,1,,1,1
LTMD_U1_W3_SPANISH_2018_2019_ROUTE_IDENTITY_0.1,H2018P3LEA,H2019P3LEA,3,Español. Libro de lectura,108,162,https://historico.conaliteg.gob.mx/c/H2019P3LEA/108.jpg,9f966dcfa15c61a07e14de8285ae523c2c8a8934c25c39472dde538688c5e53c,133532,9f966dcfa15c61a07e14de8285ae523c2c8a8934c25c39472dde538688c5e53c,133532,200,image/jpeg,1,,1,1
LTMD_U1_W3_SPANISH_2018_2019_ROUTE_IDENTITY_0.1,H2018P3LEA,H2019P3LEA,3,Español. Libro de lectura,109,162,https://historico.conaliteg.gob.mx/c/H2019P3LEA/109.jpg,ac1d81844ff3bb12a59e2a791218f6dc18d6a117443e896618abd317be37b40f,114640,ac1d81844ff3bb12a59e2a791218f6dc18d6a117443e896618abd317be37b40f,114640,200,image/jpeg,1,,1,1
LTMD_U1_W3_SPANISH_2018_2019_ROUTE_IDENTITY_0.1,H2018P3LEA,H2019P3LEA,3,Español. Libro de lectura,110,162,https://historico.conaliteg.gob.mx/c/H2019P3LEA/110.jpg,9dcff11280da23357da13f78d4a397fe6b685b3789e1b6ee3fc3d1f7c41891d3,141441,9dcff11280da23357da13f78d4a397fe6b685b3789e1b6ee3fc3d1f7c41891d3,141441,200,image/jpeg,1,,1,1
LTMD_U1_W3_SPANISH_2018_2019_ROUTE_IDENTITY_0.1,H2018P3LEA,H2019P3LEA,3,Español. Libro de lectura,111,162,https://historico.conaliteg.gob.mx/c/H2019P3LEA/111.jpg,fab52ecaee5ead4f07d62f44ca02ebea798bc0fce676508d230e3632fbbdddc8,116387,fab52ecaee5ead4f07d62f44ca02ebea798bc0fce676508d230e3632fbbdddc8,116387,200,image/jpeg,1,,1,1
LTMD_U1_W3_SPANISH_2018_2019_ROUTE_IDENTITY_0.1,H2018P3LEA,H2019P3LEA,3,Español. Libro de lectura,112,162,https://historico.conaliteg.gob.mx/c/H2019P3LEA/112.jpg,7b4033d9501bd31e7d297e1a18dda94334dbe9254aaa5f8f4d83eb8eb62141d5,141287,7b4033d9501bd31e7d297e1a18dda94334dbe9254aaa5f8f4d83eb8eb62141d5,141287,200,image/jpeg,1,,1,1
LTMD_U1_W3_SPANISH_2018_2019_ROUTE_IDENTITY_0.1,H2018P3LEA,H2019P3LEA,3,Español. Libro de lectura,113,162,https://historico.conaliteg.gob.mx/c/H2019P3LEA/113.jpg,102c56443c372bcf4905e42da173ee00c502478dab73d253a1319fcdefe7a164,122910,102c56443c372bcf4905e42da173ee00c502478dab73d253a1319fcdefe7a164,122910,200,image/jpeg,1,,1,1
LTMD_U1_W3_SPANISH_2018_2019_ROUTE_IDENTITY_0.1,H2018P3LEA,H2019P3LEA,3,Español. Libro de lectura,114,162,https://historico.conaliteg.gob.mx/c/H2019P3LEA/114.jpg,99373f425904b65ee439c693fe643ea8604b3350af5474b80ae0a74111f9f821,157353,99373f425904b65ee439c693fe643ea8604b3350af5474b80ae0a74111f9f821,157353,200,image/jpeg,1,,1,1
LTMD_U1_W3_SPANISH_2018_2019_ROUTE_IDENTITY_0.1,H2018P3LEA,H2019P3LEA,3,Español. Libro de lectura,115,162,https://historico.conaliteg.gob.mx/c/H2019P3LEA/115.jpg,8182950f547a5bf61e480b10cf14dcdbf19540bee30010aaaa88e1950a81d942,129619,8182950f547a5bf61e480b10cf14dcdbf19540bee30010aaaa88e1950a81d942,129619,200,image/jpeg,1,,1,1
LTMD_U1_W3_SPANISH_2018_2019_ROUTE_IDENTITY_0.1,H2018P3LEA,H2019P3LEA,3,Español. Libro de lectura,116,162,https://historico.conaliteg.gob.mx/c/H2019P3LEA/116.jpg,32ee101bbc02acb1af51e5431b5bbede238bf8c7ae0b891593b2c2919c8b84fb,175702,32ee101bbc02acb1af51e5431b5bbede238bf8c7ae0b891593b2c2919c8b84fb,175702,200,image/jpeg,1,,1,1
LTMD_U1_W3_SPANISH_2018_2019_ROUTE_IDENTITY_0.1,H2018P3LEA,H2019P3LEA,3,Español. Libro de lectura,117,162,https://historico.conaliteg.gob.mx/c/H2019P3LEA/117.jpg,8bca9959177a1242417a05e32bb3b6aa58589ac95d092af33402a6cce22ce2c7,148091,8bca9959177a1242417a05e32bb3b6aa58589ac95d092af33402a6cce22ce2c7,148091,200,image/jpeg,1,,1,1
LTMD_U1_W3_SPANISH_2018_2019_ROUTE_IDENTITY_0.1,H2018P3LEA,H2019P3LEA,3,Español. Libro de lectura,118,162,https://historico.conaliteg.gob.mx/c/H2019P3LEA/118.jpg,09362d8d65fa25aecd032f0a73ee6600324a1201ac71973fced51831ce9622b7,121145,09362d8d65fa25aecd032f0a73ee6600324a1201ac71973fced51831ce9622b7,121145,200,image/jpeg,1,,1,1
LTMD_U1_W3_SPANISH_2018_2019_ROUTE_IDENTITY_0.1,H2018P3LEA,H2019P3LEA,3,Español. Libro de lectura,119,162,https://historico.conaliteg.gob.mx/c/H2019P3LEA/119.jpg,80eab5aaa0c976e22aa1ebe5954629cb7c622a16251344eaccab4be13a27540f,155630,80eab5aaa0c976e22aa1ebe5954629cb7c622a16251344eaccab4be13a27540f,155630,200,image/jpeg,1,,1,1
LTMD_U1_W3_SPANISH_2018_2019_ROUTE_IDENTITY_0.1,H2018P3LEA,H2019P3LEA,3,Español. Libro de lectura,120,162,https://historico.conaliteg.gob.mx/c/H2019P3LEA/120.jpg,fe90df053b41a1e79e181e30bed87830ed5db246f8e5a44ed73dfb18baf98b28,107277,fe90df053b41a1e79e181e30bed87830ed5db246f8e5a44ed73dfb18baf98b28,107277,200,image/jpeg,1,,1,1
LTMD_U1_W3_SPANISH_2018_2019_ROUTE_IDENTITY_0.1,H2018P3LEA,H2019P3LEA,3,Español. Libro de lectura,121,162,https://historico.conaliteg.gob.mx/c/H2019P3LEA/121.jpg,031a893ce1c8d1b332563b0f2d6d995a3aa8381de7cd1c1fba0a00c4f7444517,104438,031a893ce1c8d1b332563b0f2d6d995a3aa8381de7cd1c1fba0a00c4f7444517,104438,200,image/jpeg,1,,1,1
LTMD_U1_W3_SPANISH_2018_2019_ROUTE_IDENTITY_0.1,H2018P3LEA,H2019P3LEA,3,Español. Libro de lectura,122,162,https://historico.conaliteg.gob.mx/c/H2019P3LEA/122.jpg,ae10dfa4f4724d8a132b15aa1381f91b15030abfacb0190f0cf0730722c447bc,191681,ae10dfa4f4724d8a132b15aa1381f91b15030abfacb0190f0cf0730722c447bc,191681,200,image/jpeg,1,,1,1
LTMD_U1_W3_SPANISH_2018_2019_ROUTE_IDENTITY_0.1,H2018P3LEA,H2019P3LEA,3,Español. Libro de lectura,123,162,https://historico.conaliteg.gob.mx/c/H2019P3LEA/123.jpg,76835616607307c95ab68e72e3fe695fecdda6a94c95248de905a6604ce73ac8,193536,76835616607307c95ab68e72e3fe695fecdda6a94c95248de905a6604ce73ac8,193536,200,image/jpeg,1,,1,1
LTMD_U1_W3_SPANISH_2018_2019_ROUTE_IDENTITY_0.1,H2018P3LEA,H2019P3LEA,3,Español. Libro de lectura,124,162,https://historico.conaliteg.gob.mx/c/H2019P3LEA/124.jpg,f7fd79a6383a24542b035d76f76c326506d23cd6cc69411a75a68fdf907c3bf5,146629,f7fd79a6383a24542b035d76f76c326506d23cd6cc69411a75a68fdf907c3bf5,146629,200,image/jpeg,1,,1,1
LTMD_U1_W3_SPANISH_2018_2019_ROUTE_IDENTITY_0.1,H2018P3LEA,H2019P3LEA,3,Español. Libro de lectura,125,162,https://historico.conaliteg.gob.mx/c/H2019P3LEA/125.jpg,cbee48b9161ced8723a0f0fb96f0a9cfcbf9e814f6fcdf8ff69b8502cd672d72,181077,cbee48b9161ced8723a0f0fb96f0a9cfcbf9e814f6fcdf8ff69b8502cd672d72,181077,200,image/jpeg,1,,1,1
LTMD_U1_W3_SPANISH_2018_2019_ROUTE_IDENTITY_0.1,H2018P3LEA,H2019P3LEA,3,Español. Libro de lectura,126,162,https://historico.conaliteg.gob.mx/c/H2019P3LEA/126.jpg,b4a97a1c55db7c6b27dadffa5c52e65c6ab5c9d3d8fb5e10d3a1a626625fae21,148666,b4a97a1c55db7c6b27dadffa5c52e65c6ab5c9d3d8fb5e10d3a1a626625fae21,148666,200,image/jpeg,1,,1,1
LTMD_U1_W3_SPANISH_2018_2019_ROUTE_IDENTITY_0.1,H2018P3LEA,H2019P3LEA,3,Español. Libro de lectura,127,162,https://historico.conaliteg.gob.mx/c/H2019P3LEA/127.jpg,73422b0ee0e0a48f6243ee84cbd7dfd70a270a4bcaee393f455553cb9ff4841f,168805,73422b0ee0e0a48f6243ee84cbd7dfd70a270a4bcaee393f455553cb9ff4841f,168805,200,image/jpeg,1,,1,1
LTMD_U1_W3_SPANISH_2018_2019_ROUTE_IDENTITY_0.1,H2018P3LEA,H2019P3LEA,3,Español. Libro de lectura,128,162,https://historico.conaliteg.gob.mx/c/H2019P3LEA/128.jpg,bdf885b6be0171385dff423d59588d88570e2e8311b2d09874dbb017ff4b9f30,74875,bdf885b6be0171385dff423d59588d88570e2e8311b2d09874dbb017ff4b9f30,74875,200,image/jpeg,1,,1,1
LTMD_U1_W3_SPANISH_2018_2019_ROUTE_IDENTITY_0.1,H2018P3LEA,H2019P3LEA,3,Español. Libro de lectura,129,162,https://historico.conaliteg.gob.mx/c/H2019P3LEA/129.jpg,6205b1cbc140eefba55e1cff3ca1a1e1e4bd5dd9d5c64f62179783469902de29,100753,6205b1cbc140eefba55e1cff3ca1a1e1e4bd5dd9d5c64f62179783469902de29,100753,200,image/jpeg,1,,1,1
LTMD_U1_W3_SPANISH_2018_2019_ROUTE_IDENTITY_0.1,H2018P3LEA,H2019P3LEA,3,Español. Libro de lectura,130,162,https://historico.conaliteg.gob.mx/c/H2019P3LEA/130.jpg,2836c466efe8d7594800f4d4220aef710377121b4697205598dfc51ade6c3b1a,85859,2836c466efe8d7594800f4d4220aef710377121b4697205598dfc51ade6c3b1a,85859,200,image/jpeg,1,,1,1
LTMD_U1_W3_SPANISH_2018_2019_ROUTE_IDENTITY_0.1,H2018P3LEA,H2019P3LEA,3,Español. Libro de lectura,131,162,https://historico.conaliteg.gob.mx/c/H2019P3LEA/131.jpg,b76a9186f598380400733dd63c1b1da51d4824d2d08d79d1390146200972177a,84385,b76a9186f598380400733dd63c1b1da51d4824d2d08d79d1390146200972177a,84385,200,image/jpeg,1,,1,1
LTMD_U1_W3_SPANISH_2018_2019_ROUTE_IDENTITY_0.1,H2018P3LEA,H2019P3LEA,3,Español. Libro de lectura,132,162,https://historico.conaliteg.gob.mx/c/H2019P3LEA/132.jpg,1bccec3dedef333c3129fc10324f9992c72b614c06706a105183bced2757227f,90745,1bccec3dedef333c3129fc10324f9992c72b614c06706a105183bced2757227f,90745,200,image/jpeg,1,,1,1
LTMD_U1_W3_SPANISH_2018_2019_ROUTE_IDENTITY_0.1,H2018P3LEA,H2019P3LEA,3,Español. Libro de lectura,133,162,https://historico.conaliteg.gob.mx/c/H2019P3LEA/133.jpg,e936004d866d051a2c2b45dec66d4d45330a203549fcb607c633159fcbb6bd53,76815,e936004d866d051a2c2b45dec66d4d45330a203549fcb607c633159fcbb6bd53,76815,200,image/jpeg,1,,1,1
LTMD_U1_W3_SPANISH_2018_2019_ROUTE_IDENTITY_0.1,H2018P3LEA,H2019P3LEA,3,Español. Libro de lectura,134,162,https://historico.conaliteg.gob.mx/c/H2019P3LEA/134.jpg,530c37cddefd7214c4a176f16d5211d9fa6d7e167027380424ae7bd13d79dce0,94424,530c37cddefd7214c4a176f16d5211d9fa6d7e167027380424ae7bd13d79dce0,94424,200,image/jpeg,1,,1,1
LTMD_U1_W3_SPANISH_2018_2019_ROUTE_IDENTITY_0.1,H2018P3LEA,H2019P3LEA,3,Español. Libro de lectura,135,162,https://historico.conaliteg.gob.mx/c/H2019P3LEA/135.jpg,397c171c829ec7b80758105cd554fe86c1c02ba6be3d41f2d651cdeab081aa4c,89800,397c171c829ec7b80758105cd554fe86c1c02ba6be3d41f2d651cdeab081aa4c,89800,200,image/jpeg,1,,1,1
LTMD_U1_W3_SPANISH_2018_2019_ROUTE_IDENTITY_0.1,H2018P3LEA,H2019P3LEA,3,Español. Libro de lectura,136,162,https://historico.conaliteg.gob.mx/c/H2019P3LEA/136.jpg,c6a4eaafe545ec92b9f68f29d832de1ad43b190dcaa3ec17db7d750f9d8dd9e3,103814,c6a4eaafe545ec92b9f68f29d832de1ad43b190dcaa3ec17db7d750f9d8dd9e3,103814,200,image/jpeg,1,,1,1
LTMD_U1_W3_SPANISH_2018_2019_ROUTE_IDENTITY_0.1,H2018P3LEA,H2019P3LEA,3,Español. Libro de lectura,137,162,https://historico.conaliteg.gob.mx/c/H2019P3LEA/137.jpg,59054c585beb93fd0e5ba29fd37ac80c1db7af7c09f248b791d081ce7f3e66a5,122293,59054c585beb93fd0e5ba29fd37ac80c1db7af7c09f248b791d081ce7f3e66a5,122293,200,image/jpeg,1,,1,1
LTMD_U1_W3_SPANISH_2018_2019_ROUTE_IDENTITY_0.1,H2018P3LEA,H2019P3LEA,3,Español. Libro de lectura,138,162,https://historico.conaliteg.gob.mx/c/H2019P3LEA/138.jpg,2209b13a27689d44ea96318b6d79edeab77a2ed7df3caadb50a464164dc3967d,133739,2209b13a27689d44ea96318b6d79edeab77a2ed7df3caadb50a464164dc3967d,133739,200,image/jpeg,1,,1,1
LTMD_U1_W3_SPANISH_2018_2019_ROUTE_IDENTITY_0.1,H2018P3LEA,H2019P3LEA,3,Español. Libro de lectura,139,162,https://historico.conaliteg.gob.mx/c/H2019P3LEA/139.jpg,caebd4cfb175b3c74cff35fd6821ea73d6fcb7e726407dcc68112c0fb2f74e64,143441,caebd4cfb175b3c74cff35fd6821ea73d6fcb7e726407dcc68112c0fb2f74e64,143441,200,image/jpeg,1,,1,1
LTMD_U1_W3_SPANISH_2018_2019_ROUTE_IDENTITY_0.1,H2018P3LEA,H2019P3LEA,3,Español. Libro de lectura,140,162,https://historico.conaliteg.gob.mx/c/H2019P3LEA/140.jpg,c035b6dfd07dc713818b71f8a1f75d897310c8ede8e21e12ece5ca2c699ba76a,136435,c035b6dfd07dc713818b71f8a1f75d897310c8ede8e21e12ece5ca2c699ba76a,136435,200,image/jpeg,1,,1,1
LTMD_U1_W3_SPANISH_2018_2019_ROUTE_IDENTITY_0.1,H2018P3LEA,H2019P3LEA,3,Español. Libro de lectura,141,162,https://historico.conaliteg.gob.mx/c/H2019P3LEA/141.jpg,e67f7944d0334041ed83b96e3afcb12e251d53a53232b9a277aeaf0ed1451a3a,174836,e67f7944d0334041ed83b96e3afcb12e251d53a53232b9a277aeaf0ed1451a3a,174836,200,image/jpeg,1,,1,1
LTMD_U1_W3_SPANISH_2018_2019_ROUTE_IDENTITY_0.1,H2018P3LEA,H2019P3LEA,3,Español. Libro de lectura,142,162,https://historico.conaliteg.gob.mx/c/H2019P3LEA/142.jpg,482d9f7df096939f41124c013562705fb51a91ba9c7addf8adf9c631ca8ea15f,80246,482d9f7df096939f41124c013562705fb51a91ba9c7addf8adf9c631ca8ea15f,80246,200,image/jpeg,1,,1,1
LTMD_U1_W3_SPANISH_2018_2019_ROUTE_IDENTITY_0.1,H2018P3LEA,H2019P3LEA,3,Español. Libro de lectura,143,162,https://historico.conaliteg.gob.mx/c/H2019P3LEA/143.jpg,c5d82add683e86d10c1bd6679105d2fa5276323c0f4db314580e59ea3e59d685,58613,c5d82add683e86d10c1bd6679105d2fa5276323c0f4db314580e59ea3e59d685,58613,200,image/jpeg,1,,1,1
LTMD_U1_W3_SPANISH_2018_2019_ROUTE_IDENTITY_0.1,H2018P3LEA,H2019P3LEA,3,Español. Libro de lectura,144,162,https://historico.conaliteg.gob.mx/c/H2019P3LEA/144.jpg,71240f562248dc69bfb1e71508c2a33b8d8f7469f701c0b7b60f6b28ea47bfa5,120231,71240f562248dc69bfb1e71508c2a33b8d8f7469f701c0b7b60f6b28ea47bfa5,120231,200,image/jpeg,1,,1,1
LTMD_U1_W3_SPANISH_2018_2019_ROUTE_IDENTITY_0.1,H2018P3LEA,H2019P3LEA,3,Español. Libro de lectura,145,162,https://historico.conaliteg.gob.mx/c/H2019P3LEA/145.jpg,91814cb3f95f7953fd48818da7a71581ed1be87b8b30c61062b5e062b2ae3cf1,106187,91814cb3f95f7953fd48818da7a71581ed1be87b8b30c61062b5e062b2ae3cf1,106187,200,image/jpeg,1,,1,1
LTMD_U1_W3_SPANISH_2018_2019_ROUTE_IDENTITY_0.1,H2018P3LEA,H2019P3LEA,3,Español. Libro de lectura,146,162,https://historico.conaliteg.gob.mx/c/H2019P3LEA/146.jpg,ac7bb2b7a5e3d354bbf32889237ff6e8e878773a17447abceb23ab0da0fc53cd,112764,ac7bb2b7a5e3d354bbf32889237ff6e8e878773a17447abceb23ab0da0fc53cd,112764,200,image/jpeg,1,,1,1
LTMD_U1_W3_SPANISH_2018_2019_ROUTE_IDENTITY_0.1,H2018P3LEA,H2019P3LEA,3,Español. Libro de lectura,147,162,https://historico.conaliteg.gob.mx/c/H2019P3LEA/147.jpg,2e3f68719fb7abd1909d4a753a2da27171a34ed3ec9cb4f2dc12c5e9172275de,135704,2e3f68719fb7abd1909d4a753a2da27171a34ed3ec9cb4f2dc12c5e9172275de,135704,200,image/jpeg,1,,1,1
LTMD_U1_W3_SPANISH_2018_2019_ROUTE_IDENTITY_0.1,H2018P3LEA,H2019P3LEA,3,Español. Libro de lectura,148,162,https://historico.conaliteg.gob.mx/c/H2019P3LEA/148.jpg,265e956b969b3e8ab73f6e155947356d495a10650117fb6ceef69b553e146741,120368,265e956b969b3e8ab73f6e155947356d495a10650117fb6ceef69b553e146741,120368,200,image/jpeg,1,,1,1
LTMD_U1_W3_SPANISH_2018_2019_ROUTE_IDENTITY_0.1,H2018P3LEA,H2019P3LEA,3,Español. Libro de lectura,149,162,https://historico.conaliteg.gob.mx/c/H2019P3LEA/149.jpg,9b92f9400dea783fac6e6fa24594eac8a415fe5fc884a5955973977d1af27f68,164476,9b92f9400dea783fac6e6fa24594eac8a415fe5fc884a5955973977d1af27f68,164476,200,image/jpeg,1,,1,1
LTMD_U1_W3_SPANISH_2018_2019_ROUTE_IDENTITY_0.1,H2018P3LEA,H2019P3LEA,3,Español. Libro de lectura,150,162,https://historico.conaliteg.gob.mx/c/H2019P3LEA/150.jpg,ea5277f7ed7211fb0df4244b73624c9b022cb00d0261031f2609ff33aae5db20,152253,ea5277f7ed7211fb0df4244b73624c9b022cb00d0261031f2609ff33aae5db20,152253,200,image/jpeg,1,,1,1
LTMD_U1_W3_SPANISH_2018_2019_ROUTE_IDENTITY_0.1,H2018P3LEA,H2019P3LEA,3,Español. Libro de lectura,151,162,https://historico.conaliteg.gob.mx/c/H2019P3LEA/151.jpg,0c8919ed74e9a11e4de393a881db35ec214a463f6b1a5b5f911308629f492c32,131534,0c8919ed74e9a11e4de393a881db35ec214a463f6b1a5b5f911308629f492c32,131534,200,image/jpeg,1,,1,1
LTMD_U1_W3_SPANISH_2018_2019_ROUTE_IDENTITY_0.1,H2018P3LEA,H2019P3LEA,3,Español. Libro de lectura,152,162,https://historico.conaliteg.gob.mx/c/H2019P3LEA/152.jpg,5ed73f878fc3db1b46230decd9f2c8ff6f8eac28fe5598d868c8665498fa1602,136004,5ed73f878fc3db1b46230decd9f2c8ff6f8eac28fe5598d868c8665498fa1602,136004,200,image/jpeg,1,,1,1
LTMD_U1_W3_SPANISH_2018_2019_ROUTE_IDENTITY_0.1,H2018P3LEA,H2019P3LEA,3,Español. Libro de lectura,153,162,https://historico.conaliteg.gob.mx/c/H2019P3LEA/153.jpg,f5d11170b7dd2f8d6a640757922e1c8a27a860d5b36696be5c4661dd4a7ded87,134009,f5d11170b7dd2f8d6a640757922e1c8a27a860d5b36696be5c4661dd4a7ded87,134009,200,image/jpeg,1,,1,1
LTMD_U1_W3_SPANISH_2018_2019_ROUTE_IDENTITY_0.1,H2018P3LEA,H2019P3LEA,3,Español. Libro de lectura,154,162,https://historico.conaliteg.gob.mx/c/H2019P3LEA/154.jpg,2ea4975e15bdfca4b0aeb6f3bbc9d2154f0c22d1dae82a6793e0737184864c2c,146689,2ea4975e15bdfca4b0aeb6f3bbc9d2154f0c22d1dae82a6793e0737184864c2c,146689,200,image/jpeg,1,,1,1
LTMD_U1_W3_SPANISH_2018_2019_ROUTE_IDENTITY_0.1,H2018P3LEA,H2019P3LEA,3,Español. Libro de lectura,155,162,https://historico.conaliteg.gob.mx/c/H2019P3LEA/155.jpg,5778634ab042d4f471f2a89182112dffbb1218fdb1fb32842867d1320b23fb8a,127540,5778634ab042d4f471f2a89182112dffbb1218fdb1fb32842867d1320b23fb8a,127540,200,image/jpeg,1,,1,1
LTMD_U1_W3_SPANISH_2018_2019_ROUTE_IDENTITY_0.1,H2018P3LEA,H2019P3LEA,3,Español. Libro de lectura,156,162,https://historico.conaliteg.gob.mx/c/H2019P3LEA/156.jpg,4cdce749635f2f497b79d319c0de4927271dd94fca08f16b9a29e7e17924ab7a,153176,4cdce749635f2f497b79d319c0de4927271dd94fca08f16b9a29e7e17924ab7a,153176,200,image/jpeg,1,,1,1
LTMD_U1_W3_SPANISH_2018_2019_ROUTE_IDENTITY_0.1,H2018P3LEA,H2019P3LEA,3,Español. Libro de lectura,157,162,https://historico.conaliteg.gob.mx/c/H2019P3LEA/157.jpg,eeb46196a39799aab0b2080baa93e359739c92f6a9eda7d7f8e1162cf8a1bd7f,8696,eeb46196a39799aab0b2080baa93e359739c92f6a9eda7d7f8e1162cf8a1bd7f,8696,200,image/jpeg,1,,1,1
LTMD_U1_W3_SPANISH_2018_2019_ROUTE_IDENTITY_0.1,H2018P3LEA,H2019P3LEA,3,Español. Libro de lectura,158,162,https://historico.conaliteg.gob.mx/c/H2019P3LEA/158.jpg,596a6725b2465f0a985896bf821b1dbb0efa40d590accd1bca028e1c9bdc824d,181057,596a6725b2465f0a985896bf821b1dbb0efa40d590accd1bca028e1c9bdc824d,181057,200,image/jpeg,1,,1,1
LTMD_U1_W3_SPANISH_2018_2019_ROUTE_IDENTITY_0.1,H2018P3LEA,H2019P3LEA,3,Español. Libro de lectura,159,162,https://historico.conaliteg.gob.mx/c/H2019P3LEA/159.jpg,61122d748eb598e56e5ba878a8b5bb2f5ae5b47bf8ddc6921a2197b4436ff424,64268,61122d748eb598e56e5ba878a8b5bb2f5ae5b47bf8ddc6921a2197b4436ff424,64268,200,image/jpeg,1,,1,1
LTMD_U1_W3_SPANISH_2018_2019_ROUTE_IDENTITY_0.1,H2018P3LEA,H2019P3LEA,3,Español. Libro de lectura,160,162,https://historico.conaliteg.gob.mx/c/H2019P3LEA/160.jpg,037a3ddd8eb03908abbd4c3ff213789bea6dd2080fc01e335c3acf8a4a528b28,15531,037a3ddd8eb03908abbd4c3ff213789bea6dd2080fc01e335c3acf8a4a528b28,15531,200,image/jpeg,1,,1,1
LTMD_U1_W3_SPANISH_2018_2019_ROUTE_IDENTITY_0.1,H2018P3LEA,H2019P3LEA,3,Español. Libro de lectura,161,162,https://historico.conaliteg.gob.mx/c/H2019P3LEA/161.jpg,2d0b4fa639cf97c65cea86318f695f1005fb49c4f23af3164549e9d6b7ec75a4,57389,2d0b4fa639cf97c65cea86318f695f1005fb49c4f23af3164549e9d6b7ec75a4,57389,200,image/jpeg,1,,1,1
LTMD_U1_W3_SPANISH_2018_2019_ROUTE_IDENTITY_0.1,H2018P4ESA,H2019P4ESA,4,Español,1,162,https://historico.conaliteg.gob.mx/c/H2019P4ESA/000.jpg,81bbfe268c7866f1233e25e8f90054a89ca2d05d5a378e4efeee136a1578dbc0,98605,81bbfe268c7866f1233e25e8f90054a89ca2d05d5a378e4efeee136a1578dbc0,98605,200,image/jpeg,1,,1,1
LTMD_U1_W3_SPANISH_2018_2019_ROUTE_IDENTITY_0.1,H2018P4ESA,H2019P4ESA,4,Español,2,162,https://historico.conaliteg.gob.mx/c/H2019P4ESA/002.jpg,f4ffd879adc9c8e935f4c5b686c58879d84a95aa5e220d3a6dcc567f3d97dac8,100694,f4ffd879adc9c8e935f4c5b686c58879d84a95aa5e220d3a6dcc567f3d97dac8,100694,200,image/jpeg,1,,1,1
LTMD_U1_W3_SPANISH_2018_2019_ROUTE_IDENTITY_0.1,H2018P4ESA,H2019P4ESA,4,Español,3,162,https://historico.conaliteg.gob.mx/c/H2019P4ESA/003.jpg,a5aeee39b37e1642fe841e6620b76308aba435de6185bb6aacac527e2e8faedd,84615,a5aeee39b37e1642fe841e6620b76308aba435de6185bb6aacac527e2e8faedd,84615,200,image/jpeg,1,,1,1
LTMD_U1_W3_SPANISH_2018_2019_ROUTE_IDENTITY_0.1,H2018P4ESA,H2019P4ESA,4,Español,4,162,https://historico.conaliteg.gob.mx/c/H2019P4ESA/004.jpg,40a4de2bb41f6300f8d951d512ed8e7d5ffc5ec9ca9abf5be1e51fe0a08ccca7,101480,40a4de2bb41f6300f8d951d512ed8e7d5ffc5ec9ca9abf5be1e51fe0a08ccca7,101480,200,image/jpeg,1,,1,1
LTMD_U1_W3_SPANISH_2018_2019_ROUTE_IDENTITY_0.1,H2018P4ESA,H2019P4ESA,4,Español,5,162,https://historico.conaliteg.gob.mx/c/H2019P4ESA/005.jpg,498803a6acc47448e8d391395ec79b0da0396dc8abf5844ce1e4ed95976ba6d5,100633,498803a6acc47448e8d391395ec79b0da0396dc8abf5844ce1e4ed95976ba6d5,100633,200,image/jpeg,1,,1,1
LTMD_U1_W3_SPANISH_2018_2019_ROUTE_IDENTITY_0.1,H2018P4ESA,H2019P4ESA,4,Español,6,162,https://historico.conaliteg.gob.mx/c/H2019P4ESA/006.jpg,9f1b56c90df3abdc4d3572c86891860181496a7f7e7d28c42ec18fa20161b607,95659,9f1b56c90df3abdc4d3572c86891860181496a7f7e7d28c42ec18fa20161b607,95659,200,image/jpeg,1,,1,1
LTMD_U1_W3_SPANISH_2018_2019_ROUTE_IDENTITY_0.1,H2018P4ESA,H2019P4ESA,4,Español,7,162,https://historico.conaliteg.gob.mx/c/H2019P4ESA/007.jpg,468d582c85a74a7f0846d9c4fa08837173f71b4f837c102e3db8799cc7c23e08,98084,468d582c85a74a7f0846d9c4fa08837173f71b4f837c102e3db8799cc7c23e08,98084,200,image/jpeg,1,,1,1
LTMD_U1_W3_SPANISH_2018_2019_ROUTE_IDENTITY_0.1,H2018P4ESA,H2019P4ESA,4,Español,8,162,https://historico.conaliteg.gob.mx/c/H2019P4ESA/008.jpg,85ee19fbd1643a52cc4c61e25011bd5908891d755000cfb0060a91cf4293ef6c,106285,85ee19fbd1643a52cc4c61e25011bd5908891d755000cfb0060a91cf4293ef6c,106285,200,image/jpeg,1,,1,1
LTMD_U1_W3_SPANISH_2018_2019_ROUTE_IDENTITY_0.1,H2018P4ESA,H2019P4ESA,4,Español,9,162,https://historico.conaliteg.gob.mx/c/H2019P4ESA/009.jpg,4892d5630e28643974974b984072ae1b1969fa611f8770b90ee02cce8eaed8f7,112301,4892d5630e28643974974b984072ae1b1969fa611f8770b90ee02cce8eaed8f7,112301,200,image/jpeg,1,,1,1
LTMD_U1_W3_SPANISH_2018_2019_ROUTE_IDENTITY_0.1,H2018P4ESA,H2019P4ESA,4,Español,10,162,https://historico.conaliteg.gob.mx/c/H2019P4ESA/010.jpg,42e5d4761face2c168842daf1fce6b125d435c57fb401eafa9b47313dc5bbe9b,137217,42e5d4761face2c168842daf1fce6b125d435c57fb401eafa9b47313dc5bbe9b,137217,200,image/jpeg,1,,1,1
LTMD_U1_W3_SPANISH_2018_2019_ROUTE_IDENTITY_0.1,H2018P4ESA,H2019P4ESA,4,Español,11,162,https://historico.conaliteg.gob.mx/c/H2019P4ESA/011.jpg,a7008ec6acb8cfbd372ba42c7765da793aa5d8db2d09d8e6915f125e12c3f160,120191,a7008ec6acb8cfbd372ba42c7765da793aa5d8db2d09d8e6915f125e12c3f160,120191,200,image/jpeg,1,,1,1
LTMD_U1_W3_SPANISH_2018_2019_ROUTE_IDENTITY_0.1,H2018P4ESA,H2019P4ESA,4,Español,12,162,https://historico.conaliteg.gob.mx/c/H2019P4ESA/012.jpg,13d1aff0c0f7c4b35214b491d544f2ad987f13dc8d975d0e0882a2e448576a98,146480,13d1aff0c0f7c4b35214b491d544f2ad987f13dc8d975d0e0882a2e448576a98,146480,200,image/jpeg,1,,1,1
LTMD_U1_W3_SPANISH_2018_2019_ROUTE_IDENTITY_0.1,H2018P4ESA,H2019P4ESA,4,Español,13,162,https://historico.conaliteg.gob.mx/c/H2019P4ESA/013.jpg,15670d42d92ace65845dc84e6c25fe85c4425e30b9b81bdb55aadda1b7bab794,138254,15670d42d92ace65845dc84e6c25fe85c4425e30b9b81bdb55aadda1b7bab794,138254,200,image/jpeg,1,,1,1
LTMD_U1_W3_SPANISH_2018_2019_ROUTE_IDENTITY_0.1,H2018P4ESA,H2019P4ESA,4,Español,14,162,https://historico.conaliteg.gob.mx/c/H2019P4ESA/014.jpg,f304d75c66f14dd819915007135c73db4b540fd52027d820996a96351dfd25f9,105669,f304d75c66f14dd819915007135c73db4b540fd52027d820996a96351dfd25f9,105669,200,image/jpeg,1,,1,1
LTMD_U1_W3_SPANISH_2018_2019_ROUTE_IDENTITY_0.1,H2018P4ESA,H2019P4ESA,4,Español,15,162,https://historico.conaliteg.gob.mx/c/H2019P4ESA/015.jpg,5880985b4b3691454e8e8e86b85f3a07e8f68eda6c52058917210cd781357114,124009,5880985b4b3691454e8e8e86b85f3a07e8f68eda6c52058917210cd781357114,124009,200,image/jpeg,1,,1,1
LTMD_U1_W3_SPANISH_2018_2019_ROUTE_IDENTITY_0.1,H2018P4ESA,H2019P4ESA,4,Español,16,162,https://historico.conaliteg.gob.mx/c/H2019P4ESA/016.jpg,7a69ca4f75fdd2f8003fc7bbd043d7002c1cd62fc7434ef99c28be6395c32ab0,111151,7a69ca4f75fdd2f8003fc7bbd043d7002c1cd62fc7434ef99c28be6395c32ab0,111151,200,image/jpeg,1,,1,1
LTMD_U1_W3_SPANISH_2018_2019_ROUTE_IDENTITY_0.1,H2018P4ESA,H2019P4ESA,4,Español,17,162,https://historico.conaliteg.gob.mx/c/H2019P4ESA/017.jpg,27b802948b27b416ab44a861be0dbb37ca9f1b7cbb97f0b7dec028ce0681534f,122218,27b802948b27b416ab44a861be0dbb37ca9f1b7cbb97f0b7dec028ce0681534f,122218,200,image/jpeg,1,,1,1
LTMD_U1_W3_SPANISH_2018_2019_ROUTE_IDENTITY_0.1,H2018P4ESA,H2019P4ESA,4,Español,18,162,https://historico.conaliteg.gob.mx/c/H2019P4ESA/018.jpg,7c72a003e0ea78c4af42546b82f369a2a9cbf4220e64d892c2525d28fe1a8a32,126153,7c72a003e0ea78c4af42546b82f369a2a9cbf4220e64d892c2525d28fe1a8a32,126153,200,image/jpeg,1,,1,1
LTMD_U1_W3_SPANISH_2018_2019_ROUTE_IDENTITY_0.1,H2018P4ESA,H2019P4ESA,4,Español,19,162,https://historico.conaliteg.gob.mx/c/H2019P4ESA/019.jpg,67af1056f7fe33927acb6752d2755c73db97931fcf05436e27a612a025818deb,91488,67af1056f7fe33927acb6752d2755c73db97931fcf05436e27a612a025818deb,91488,200,image/jpeg,1,,1,1
LTMD_U1_W3_SPANISH_2018_2019_ROUTE_IDENTITY_0.1,H2018P4ESA,H2019P4ESA,4,Español,20,162,https://historico.conaliteg.gob.mx/c/H2019P4ESA/020.jpg,4240a2fb1990de505e233f0d363f467ac2fa53a6080dcbed25499f069da9c761,84637,4240a2fb1990de505e233f0d363f467ac2fa53a6080dcbed25499f069da9c761,84637,200,image/jpeg,1,,1,1
LTMD_U1_W3_SPANISH_2018_2019_ROUTE_IDENTITY_0.1,H2018P4ESA,H2019P4ESA,4,Español,21,162,https://historico.conaliteg.gob.mx/c/H2019P4ESA/021.jpg,2b17095a0f911f617c1fc35f8d5812919b26ea3d259d7da62459668debf188e2,154400,2b17095a0f911f617c1fc35f8d5812919b26ea3d259d7da62459668debf188e2,154400,200,image/jpeg,1,,1,1
LTMD_U1_W3_SPANISH_2018_2019_ROUTE_IDENTITY_0.1,H2018P4ESA,H2019P4ESA,4,Español,22,162,https://historico.conaliteg.gob.mx/c/H2019P4ESA/022.jpg,4425c2b1a61942c7a15438d0e085e5ee9be8d79ac48cc524a762da241259c17e,78864,4425c2b1a61942c7a15438d0e085e5ee9be8d79ac48cc524a762da241259c17e,78864,200,image/jpeg,1,,1,1
LTMD_U1_W3_SPANISH_2018_2019_ROUTE_IDENTITY_0.1,H2018P4ESA,H2019P4ESA,4,Español,23,162,https://historico.conaliteg.gob.mx/c/H2019P4ESA/023.jpg,4711c570f36dbc5fad85d75ad6682ded9278beca2b781516b27acb130d01c11e,137746,4711c570f36dbc5fad85d75ad6682ded9278beca2b781516b27acb130d01c11e,137746,200,image/jpeg,1,,1,1
LTMD_U1_W3_SPANISH_2018_2019_ROUTE_IDENTITY_0.1,H2018P4ESA,H2019P4ESA,4,Español,24,162,https://historico.conaliteg.gob.mx/c/H2019P4ESA/024.jpg,fa752752c6106b6899e2be13612e4d6161988dc5bbbf97fdac2a0ddae092dd40,142454,fa752752c6106b6899e2be13612e4d6161988dc5bbbf97fdac2a0ddae092dd40,142454,200,image/jpeg,1,,1,1
LTMD_U1_W3_SPANISH_2018_2019_ROUTE_IDENTITY_0.1,H2018P4ESA,H2019P4ESA,4,Español,25,162,https://historico.conaliteg.gob.mx/c/H2019P4ESA/025.jpg,36a2a9c89f18b78e1620be5da0950af9bce1ff0f2e70082299a28e2c6e43bab3,99110,36a2a9c89f18b78e1620be5da0950af9bce1ff0f2e70082299a28e2c6e43bab3,99110,200,image/jpeg,1,,1,1
LTMD_U1_W3_SPANISH_2018_2019_ROUTE_IDENTITY_0.1,H2018P4ESA,H2019P4ESA,4,Español,26,162,https://historico.conaliteg.gob.mx/c/H2019P4ESA/026.jpg,9eeb95724c8d1ed2457496007f30588cb238690cfad798ce5e4d0047a1b3a861,129781,9eeb95724c8d1ed2457496007f30588cb238690cfad798ce5e4d0047a1b3a861,129781,200,image/jpeg,1,,1,1
LTMD_U1_W3_SPANISH_2018_2019_ROUTE_IDENTITY_0.1,H2018P4ESA,H2019P4ESA,4,Español,27,162,https://historico.conaliteg.gob.mx/c/H2019P4ESA/027.jpg,38bf4f046fb983b5221dc3c812d9ab033211d86d18963df1a5eddcee7b8ac29f,84586,38bf4f046fb983b5221dc3c812d9ab033211d86d18963df1a5eddcee7b8ac29f,84586,200,image/jpeg,1,,1,1
LTMD_U1_W3_SPANISH_2018_2019_ROUTE_IDENTITY_0.1,H2018P4ESA,H2019P4ESA,4,Español,28,162,https://historico.conaliteg.gob.mx/c/H2019P4ESA/028.jpg,9ce30222a01a0c1c101722c914a3a02b2b762ab13fbd6fe29f58993078d56513,106699,9ce30222a01a0c1c101722c914a3a02b2b762ab13fbd6fe29f58993078d56513,106699,200,image/jpeg,1,,1,1
LTMD_U1_W3_SPANISH_2018_2019_ROUTE_IDENTITY_0.1,H2018P4ESA,H2019P4ESA,4,Español,29,162,https://historico.conaliteg.gob.mx/c/H2019P4ESA/029.jpg,3b54d3651558abffc28242ca01edb799d3aa9a0cef685d3a8d75531e751b1b8b,99550,3b54d3651558abffc28242ca01edb799d3aa9a0cef685d3a8d75531e751b1b8b,99550,200,image/jpeg,1,,1,1
LTMD_U1_W3_SPANISH_2018_2019_ROUTE_IDENTITY_0.1,H2018P4ESA,H2019P4ESA,4,Español,30,162,https://historico.conaliteg.gob.mx/c/H2019P4ESA/030.jpg,3f18874800ce8b647f5916a23a11388df44cae7d26f576f8df1d48cb770ace2a,131123,3f18874800ce8b647f5916a23a11388df44cae7d26f576f8df1d48cb770ace2a,131123,200,image/jpeg,1,,1,1
LTMD_U1_W3_SPANISH_2018_2019_ROUTE_IDENTITY_0.1,H2018P4ESA,H2019P4ESA,4,Español,31,162,https://historico.conaliteg.gob.mx/c/H2019P4ESA/031.jpg,93c7f7e35026bf85171006e25f737c3d76712a1b8aae7bc4141473ea81bd91ba,114975,93c7f7e35026bf85171006e25f737c3d76712a1b8aae7bc4141473ea81bd91ba,114975,200,image/jpeg,1,,1,1
LTMD_U1_W3_SPANISH_2018_2019_ROUTE_IDENTITY_0.1,H2018P4ESA,H2019P4ESA,4,Español,32,162,https://historico.conaliteg.gob.mx/c/H2019P4ESA/032.jpg,17f6df11e88602531208d5ee95bb4dda53c83274fda02cea8db5f779e9c65ec3,127225,17f6df11e88602531208d5ee95bb4dda53c83274fda02cea8db5f779e9c65ec3,127225,200,image/jpeg,1,,1,1
LTMD_U1_W3_SPANISH_2018_2019_ROUTE_IDENTITY_0.1,H2018P4ESA,H2019P4ESA,4,Español,33,162,https://historico.conaliteg.gob.mx/c/H2019P4ESA/033.jpg,7b1f44528fb323ef2c54db847fd3729470f015aa27737d32f3119970a5228aa5,141654,7b1f44528fb323ef2c54db847fd3729470f015aa27737d32f3119970a5228aa5,141654,200,image/jpeg,1,,1,1
LTMD_U1_W3_SPANISH_2018_2019_ROUTE_IDENTITY_0.1,H2018P4ESA,H2019P4ESA,4,Español,34,162,https://historico.conaliteg.gob.mx/c/H2019P4ESA/034.jpg,32063fcbd5b2c958df33a77c29adedcf58a9d54b0220bd62a3f794e9937234fe,130199,32063fcbd5b2c958df33a77c29adedcf58a9d54b0220bd62a3f794e9937234fe,130199,200,image/jpeg,1,,1,1
LTMD_U1_W3_SPANISH_2018_2019_ROUTE_IDENTITY_0.1,H2018P4ESA,H2019P4ESA,4,Español,35,162,https://historico.conaliteg.gob.mx/c/H2019P4ESA/035.jpg,47dfb38b4ffc2ba45bff2395ebf23ce9029ee7b62318d5d8116e31412ba32efc,100832,47dfb38b4ffc2ba45bff2395ebf23ce9029ee7b62318d5d8116e31412ba32efc,100832,200,image/jpeg,1,,1,1
LTMD_U1_W3_SPANISH_2018_2019_ROUTE_IDENTITY_0.1,H2018P4ESA,H2019P4ESA,4,Español,36,162,https://historico.conaliteg.gob.mx/c/H2019P4ESA/036.jpg,9b965a4a27b5773e72d8d781a4cd63e56ab8b79002ff94f47a77daee7ee39651,86896,9b965a4a27b5773e72d8d781a4cd63e56ab8b79002ff94f47a77daee7ee39651,86896,200,image/jpeg,1,,1,1
LTMD_U1_W3_SPANISH_2018_2019_ROUTE_IDENTITY_0.1,H2018P4ESA,H2019P4ESA,4,Español,37,162,https://historico.conaliteg.gob.mx/c/H2019P4ESA/037.jpg,6c29130d83c07c1a904d34179a6e278c61154f026af0ba651c0641ee6a002292,187908,6c29130d83c07c1a904d34179a6e278c61154f026af0ba651c0641ee6a002292,187908,200,image/jpeg,1,,1,1
LTMD_U1_W3_SPANISH_2018_2019_ROUTE_IDENTITY_0.1,H2018P4ESA,H2019P4ESA,4,Español,38,162,https://historico.conaliteg.gob.mx/c/H2019P4ESA/038.jpg,c0e981013459117b0ae5e7dd59ef1a11956a58b06905cb77e54c419acf0f90cf,87476,c0e981013459117b0ae5e7dd59ef1a11956a58b06905cb77e54c419acf0f90cf,87476,200,image/jpeg,1,,1,1
LTMD_U1_W3_SPANISH_2018_2019_ROUTE_IDENTITY_0.1,H2018P4ESA,H2019P4ESA,4,Español,39,162,https://historico.conaliteg.gob.mx/c/H2019P4ESA/039.jpg,2472b58e3b398bbad1a4ffb93c3632ca771138597feb2c61ff8424147e54d3e6,122524,2472b58e3b398bbad1a4ffb93c3632ca771138597feb2c61ff8424147e54d3e6,122524,200,image/jpeg,1,,1,1
LTMD_U1_W3_SPANISH_2018_2019_ROUTE_IDENTITY_0.1,H2018P4ESA,H2019P4ESA,4,Español,40,162,https://historico.conaliteg.gob.mx/c/H2019P4ESA/040.jpg,b19b12adab575603c23b43b529a0840d308e4e74d59467fd520df88d24eb581a,142957,b19b12adab575603c23b43b529a0840d308e4e74d59467fd520df88d24eb581a,142957,200,image/jpeg,1,,1,1
LTMD_U1_W3_SPANISH_2018_2019_ROUTE_IDENTITY_0.1,H2018P4ESA,H2019P4ESA,4,Español,41,162,https://historico.conaliteg.gob.mx/c/H2019P4ESA/041.jpg,c1990ff3764dc6f86bcc2a0823d12eaab43ad69e943b7d265231e4a8bfa5b9be,180245,c1990ff3764dc6f86bcc2a0823d12eaab43ad69e943b7d265231e4a8bfa5b9be,180245,200,image/jpeg,1,,1,1
LTMD_U1_W3_SPANISH_2018_2019_ROUTE_IDENTITY_0.1,H2018P4ESA,H2019P4ESA,4,Español,42,162,https://historico.conaliteg.gob.mx/c/H2019P4ESA/042.jpg,59aafb6b24c2e90d8c4ffe5eca47c38fb9c715e6fd43f487bf12b2c48fb52950,124863,59aafb6b24c2e90d8c4ffe5eca47c38fb9c715e6fd43f487bf12b2c48fb52950,124863,200,image/jpeg,1,,1,1
LTMD_U1_W3_SPANISH_2018_2019_ROUTE_IDENTITY_0.1,H2018P4ESA,H2019P4ESA,4,Español,43,162,https://historico.conaliteg.gob.mx/c/H2019P4ESA/043.jpg,c3f3fb28aa6835039b971448ece937e7578d64c041b594844fb7a570b1d52127,89632,c3f3fb28aa6835039b971448ece937e7578d64c041b594844fb7a570b1d52127,89632,200,image/jpeg,1,,1,1
LTMD_U1_W3_SPANISH_2018_2019_ROUTE_IDENTITY_0.1,H2018P4ESA,H2019P4ESA,4,Español,44,162,https://historico.conaliteg.gob.mx/c/H2019P4ESA/044.jpg,0732bac2ad00990cd055c4d3b77b57353b497ebd7cfbf037bdb9b68c8a993086,94233,0732bac2ad00990cd055c4d3b77b57353b497ebd7cfbf037bdb9b68c8a993086,94233,200,image/jpeg,1,,1,1
LTMD_U1_W3_SPANISH_2018_2019_ROUTE_IDENTITY_0.1,H2018P4ESA,H2019P4ESA,4,Español,45,162,https://historico.conaliteg.gob.mx/c/H2019P4ESA/045.jpg,d3404013afa867d83b6dff60cae8016a7e9d689fe7099b69f417a5437292dabb,136286,d3404013afa867d83b6dff60cae8016a7e9d689fe7099b69f417a5437292dabb,136286,200,image/jpeg,1,,1,1
LTMD_U1_W3_SPANISH_2018_2019_ROUTE_IDENTITY_0.1,H2018P4ESA,H2019P4ESA,4,Español,46,162,https://historico.conaliteg.gob.mx/c/H2019P4ESA/046.jpg,81848339d9e45f81c8951b3c3d3e968f48f67ab4bafddc6961218145a4fc3ff2,95735,81848339d9e45f81c8951b3c3d3e968f48f67ab4bafddc6961218145a4fc3ff2,95735,200,image/jpeg,1,,1,1
LTMD_U1_W3_SPANISH_2018_2019_ROUTE_IDENTITY_0.1,H2018P4ESA,H2019P4ESA,4,Español,47,162,https://historico.conaliteg.gob.mx/c/H2019P4ESA/047.jpg,355c8cbdc94fd4ca44d861d3c77cedf98cb48a95924a715cc30025e2bdfe0d9f,85001,355c8cbdc94fd4ca44d861d3c77cedf98cb48a95924a715cc30025e2bdfe0d9f,85001,200,image/jpeg,1,,1,1
LTMD_U1_W3_SPANISH_2018_2019_ROUTE_IDENTITY_0.1,H2018P4ESA,H2019P4ESA,4,Español,48,162,https://historico.conaliteg.gob.mx/c/H2019P4ESA/048.jpg,76e1a7feff4307c3a2ed3d52b7223b3c2defd7bc35b7012da7ae9698873039f8,87670,76e1a7feff4307c3a2ed3d52b7223b3c2defd7bc35b7012da7ae9698873039f8,87670,200,image/jpeg,1,,1,1
LTMD_U1_W3_SPANISH_2018_2019_ROUTE_IDENTITY_0.1,H2018P4ESA,H2019P4ESA,4,Español,49,162,https://historico.conaliteg.gob.mx/c/H2019P4ESA/049.jpg,f7db82af19131e4f4afaad8c0eca94787901edf99c40db0f47631bd69382a2ef,90096,f7db82af19131e4f4afaad8c0eca94787901edf99c40db0f47631bd69382a2ef,90096,200,image/jpeg,1,,1,1
LTMD_U1_W3_SPANISH_2018_2019_ROUTE_IDENTITY_0.1,H2018P4ESA,H2019P4ESA,4,Español,50,162,https://historico.conaliteg.gob.mx/c/H2019P4ESA/050.jpg,17df7ec4d5c6eaf02e1915d53f15ee26b8c954d15a8a56f15fa0624de427b122,91428,17df7ec4d5c6eaf02e1915d53f15ee26b8c954d15a8a56f15fa0624de427b122,91428,200,image/jpeg,1,,1,1
LTMD_U1_W3_SPANISH_2018_2019_ROUTE_IDENTITY_0.1,H2018P4ESA,H2019P4ESA,4,Español,51,162,https://historico.conaliteg.gob.mx/c/H2019P4ESA/051.jpg,d8025eed597556c392016d40fc000b77c2866ce6345929d82f095f3a5959318e,115705,d8025eed597556c392016d40fc000b77c2866ce6345929d82f095f3a5959318e,115705,200,image/jpeg,1,,1,1
LTMD_U1_W3_SPANISH_2018_2019_ROUTE_IDENTITY_0.1,H2018P4ESA,H2019P4ESA,4,Español,52,162,https://historico.conaliteg.gob.mx/c/H2019P4ESA/052.jpg,9e6cbfef1590e3a9198be6f5af44d24be3543fb365d77a67f60b37734c3abba7,103063,9e6cbfef1590e3a9198be6f5af44d24be3543fb365d77a67f60b37734c3abba7,103063,200,image/jpeg,1,,1,1
LTMD_U1_W3_SPANISH_2018_2019_ROUTE_IDENTITY_0.1,H2018P4ESA,H2019P4ESA,4,Español,53,162,https://historico.conaliteg.gob.mx/c/H2019P4ESA/053.jpg,0559bf4bda79bbef26a44a27219e00654fc9a743e4dbdbb0bbc3b7dd297ed1b2,105768,0559bf4bda79bbef26a44a27219e00654fc9a743e4dbdbb0bbc3b7dd297ed1b2,105768,200,image/jpeg,1,,1,1
LTMD_U1_W3_SPANISH_2018_2019_ROUTE_IDENTITY_0.1,H2018P4ESA,H2019P4ESA,4,Español,54,162,https://historico.conaliteg.gob.mx/c/H2019P4ESA/054.jpg,5db43652da9ab4b371f7bfadf84d60918ee3ef7eb05ae441ff547338ee4fedf3,87557,5db43652da9ab4b371f7bfadf84d60918ee3ef7eb05ae441ff547338ee4fedf3,87557,200,image/jpeg,1,,1,1
LTMD_U1_W3_SPANISH_2018_2019_ROUTE_IDENTITY_0.1,H2018P4ESA,H2019P4ESA,4,Español,55,162,https://historico.conaliteg.gob.mx/c/H2019P4ESA/055.jpg,ba02cb8acf81098bed4e1d4b29449d3312c0b30747dc1f9ea569c6231df09185,119246,ba02cb8acf81098bed4e1d4b29449d3312c0b30747dc1f9ea569c6231df09185,119246,200,image/jpeg,1,,1,1
LTMD_U1_W3_SPANISH_2018_2019_ROUTE_IDENTITY_0.1,H2018P4ESA,H2019P4ESA,4,Español,56,162,https://historico.conaliteg.gob.mx/c/H2019P4ESA/056.jpg,bf168d6dd84643cd909fe1ff4ea5811f1cd8f8cb77d58cf4eae458fe9ca55288,116294,bf168d6dd84643cd909fe1ff4ea5811f1cd8f8cb77d58cf4eae458fe9ca55288,116294,200,image/jpeg,1,,1,1
LTMD_U1_W3_SPANISH_2018_2019_ROUTE_IDENTITY_0.1,H2018P4ESA,H2019P4ESA,4,Español,57,162,https://historico.conaliteg.gob.mx/c/H2019P4ESA/057.jpg,04a3627c0ae2fc485337ba37b866f6c41d2496a8ff0d91dbc3e7e8aa3c003117,98520,04a3627c0ae2fc485337ba37b866f6c41d2496a8ff0d91dbc3e7e8aa3c003117,98520,200,image/jpeg,1,,1,1
LTMD_U1_W3_SPANISH_2018_2019_ROUTE_IDENTITY_0.1,H2018P4ESA,H2019P4ESA,4,Español,58,162,https://historico.conaliteg.gob.mx/c/H2019P4ESA/058.jpg,b1c2d6b74d1a816db23770303e9158c68ea6d6f5e60a7d6b2e41ed9c0dba18eb,95535,b1c2d6b74d1a816db23770303e9158c68ea6d6f5e60a7d6b2e41ed9c0dba18eb,95535,200,image/jpeg,1,,1,1
LTMD_U1_W3_SPANISH_2018_2019_ROUTE_IDENTITY_0.1,H2018P4ESA,H2019P4ESA,4,Español,59,162,https://historico.conaliteg.gob.mx/c/H2019P4ESA/059.jpg,078d4fdb75d81bf68e79e23b0862613feea97586489f65bb8cb64b1e189f9eb5,82229,078d4fdb75d81bf68e79e23b0862613feea97586489f65bb8cb64b1e189f9eb5,82229,200,image/jpeg,1,,1,1
LTMD_U1_W3_SPANISH_2018_2019_ROUTE_IDENTITY_0.1,H2018P4ESA,H2019P4ESA,4,Español,60,162,https://historico.conaliteg.gob.mx/c/H2019P4ESA/060.jpg,c4144f8485f59a9c2f449ad8aca487c651a3c58198ef7fae362c1f461069538e,99888,c4144f8485f59a9c2f449ad8aca487c651a3c58198ef7fae362c1f461069538e,99888,200,image/jpeg,1,,1,1
LTMD_U1_W3_SPANISH_2018_2019_ROUTE_IDENTITY_0.1,H2018P4ESA,H2019P4ESA,4,Español,61,162,https://historico.conaliteg.gob.mx/c/H2019P4ESA/061.jpg,9da3cdaeeb3d8be4e34b38ddba9f7a6863a8dadb286a9ef68ce11044387170b9,147150,9da3cdaeeb3d8be4e34b38ddba9f7a6863a8dadb286a9ef68ce11044387170b9,147150,200,image/jpeg,1,,1,1
LTMD_U1_W3_SPANISH_2018_2019_ROUTE_IDENTITY_0.1,H2018P4ESA,H2019P4ESA,4,Español,62,162,https://historico.conaliteg.gob.mx/c/H2019P4ESA/062.jpg,e8c9caba8d78406f84c22d9f1c175686ed484b0bf4b2e5b7da6c937972132136,84185,e8c9caba8d78406f84c22d9f1c175686ed484b0bf4b2e5b7da6c937972132136,84185,200,image/jpeg,1,,1,1
LTMD_U1_W3_SPANISH_2018_2019_ROUTE_IDENTITY_0.1,H2018P4ESA,H2019P4ESA,4,Español,63,162,https://historico.conaliteg.gob.mx/c/H2019P4ESA/063.jpg,dcf59cc142e002f55b0d326f770e24ab2ff371feacf18122473cf7fb64414b5c,129440,dcf59cc142e002f55b0d326f770e24ab2ff371feacf18122473cf7fb64414b5c,129440,200,image/jpeg,1,,1,1
LTMD_U1_W3_SPANISH_2018_2019_ROUTE_IDENTITY_0.1,H2018P4ESA,H2019P4ESA,4,Español,64,162,https://historico.conaliteg.gob.mx/c/H2019P4ESA/064.jpg,9e246c4501eb247998068879372c52cc4d2ee825c6812c4904990492928ca949,98425,9e246c4501eb247998068879372c52cc4d2ee825c6812c4904990492928ca949,98425,200,image/jpeg,1,,1,1
LTMD_U1_W3_SPANISH_2018_2019_ROUTE_IDENTITY_0.1,H2018P4ESA,H2019P4ESA,4,Español,65,162,https://historico.conaliteg.gob.mx/c/H2019P4ESA/065.jpg,b8abefac3998ecebb4c4ecac3bf871e0ca6d25a60e33f91d54ee8ec512fa7789,117699,b8abefac3998ecebb4c4ecac3bf871e0ca6d25a60e33f91d54ee8ec512fa7789,117699,200,image/jpeg,1,,1,1
LTMD_U1_W3_SPANISH_2018_2019_ROUTE_IDENTITY_0.1,H2018P4ESA,H2019P4ESA,4,Español,66,162,https://historico.conaliteg.gob.mx/c/H2019P4ESA/066.jpg,32386ac87f76196a5b963aada6122115145da8ac6dcdb743c27690ed170fc624,63901,32386ac87f76196a5b963aada6122115145da8ac6dcdb743c27690ed170fc624,63901,200,image/jpeg,1,,1,1
LTMD_U1_W3_SPANISH_2018_2019_ROUTE_IDENTITY_0.1,H2018P4ESA,H2019P4ESA,4,Español,67,162,https://historico.conaliteg.gob.mx/c/H2019P4ESA/067.jpg,8d393dc327444babb7d4808cb5a17d37435ee925a1b3b15063b539fbe7e6adf5,136513,8d393dc327444babb7d4808cb5a17d37435ee925a1b3b15063b539fbe7e6adf5,136513,200,image/jpeg,1,,1,1
LTMD_U1_W3_SPANISH_2018_2019_ROUTE_IDENTITY_0.1,H2018P4ESA,H2019P4ESA,4,Español,68,162,https://historico.conaliteg.gob.mx/c/H2019P4ESA/068.jpg,89598bd917bd6e1a894cf70d1e7befce7b2ce7c0f9d95ab5f43f74751fcab43c,97154,89598bd917bd6e1a894cf70d1e7befce7b2ce7c0f9d95ab5f43f74751fcab43c,97154,200,image/jpeg,1,,1,1
LTMD_U1_W3_SPANISH_2018_2019_ROUTE_IDENTITY_0.1,H2018P4ESA,H2019P4ESA,4,Español,69,162,https://historico.conaliteg.gob.mx/c/H2019P4ESA/069.jpg,7c4ed0153e53616c8326d80d364e401bad2eb06529097099b5679fd8ef5065a3,158550,7c4ed0153e53616c8326d80d364e401bad2eb06529097099b5679fd8ef5065a3,158550,200,image/jpeg,1,,1,1
LTMD_U1_W3_SPANISH_2018_2019_ROUTE_IDENTITY_0.1,H2018P4ESA,H2019P4ESA,4,Español,70,162,https://historico.conaliteg.gob.mx/c/H2019P4ESA/070.jpg,257d02d256ade7e8afaede941ed69357ab771dd0ebe0a3cee24f4761c04783f1,90713,257d02d256ade7e8afaede941ed69357ab771dd0ebe0a3cee24f4761c04783f1,90713,200,image/jpeg,1,,1,1
LTMD_U1_W3_SPANISH_2018_2019_ROUTE_IDENTITY_0.1,H2018P4ESA,H2019P4ESA,4,Español,71,162,https://historico.conaliteg.gob.mx/c/H2019P4ESA/071.jpg,c02941fb76aea1ccc784fc9b699d9cdf9a5c25941412e5d9f5f41bce73ab76b7,151990,c02941fb76aea1ccc784fc9b699d9cdf9a5c25941412e5d9f5f41bce73ab76b7,151990,200,image/jpeg,1,,1,1
LTMD_U1_W3_SPANISH_2018_2019_ROUTE_IDENTITY_0.1,H2018P4ESA,H2019P4ESA,4,Español,72,162,https://historico.conaliteg.gob.mx/c/H2019P4ESA/072.jpg,a55c5419ae3bc231ff453dc7f7e0c126974cdaeb7a9a09db558d1e43335b68d1,145279,a55c5419ae3bc231ff453dc7f7e0c126974cdaeb7a9a09db558d1e43335b68d1,145279,200,image/jpeg,1,,1,1
LTMD_U1_W3_SPANISH_2018_2019_ROUTE_IDENTITY_0.1,H2018P4ESA,H2019P4ESA,4,Español,73,162,https://historico.conaliteg.gob.mx/c/H2019P4ESA/073.jpg,c7e8fed414b59db7e5b34750d3368ababa31905fdbdc05c8c79b622d7cd801f0,118480,c7e8fed414b59db7e5b34750d3368ababa31905fdbdc05c8c79b622d7cd801f0,118480,200,image/jpeg,1,,1,1
LTMD_U1_W3_SPANISH_2018_2019_ROUTE_IDENTITY_0.1,H2018P4ESA,H2019P4ESA,4,Español,74,162,https://historico.conaliteg.gob.mx/c/H2019P4ESA/074.jpg,2958f92f5ff1947732ba1d77f196934b7e18330e072c97bc09d2f4249a5d5136,100160,2958f92f5ff1947732ba1d77f196934b7e18330e072c97bc09d2f4249a5d5136,100160,200,image/jpeg,1,,1,1
LTMD_U1_W3_SPANISH_2018_2019_ROUTE_IDENTITY_0.1,H2018P4ESA,H2019P4ESA,4,Español,75,162,https://historico.conaliteg.gob.mx/c/H2019P4ESA/075.jpg,38052a74659955d66d0dcd3c30701a4d2a14c1d9666166bb839d8ccdcf819944,117626,38052a74659955d66d0dcd3c30701a4d2a14c1d9666166bb839d8ccdcf819944,117626,200,image/jpeg,1,,1,1
LTMD_U1_W3_SPANISH_2018_2019_ROUTE_IDENTITY_0.1,H2018P4ESA,H2019P4ESA,4,Español,76,162,https://historico.conaliteg.gob.mx/c/H2019P4ESA/076.jpg,3f5d680c1e4ef7095ef600cbbca7fddd9480661cf38da9f3b9e64f76b0a0da92,88521,3f5d680c1e4ef7095ef600cbbca7fddd9480661cf38da9f3b9e64f76b0a0da92,88521,200,image/jpeg,1,,1,1
LTMD_U1_W3_SPANISH_2018_2019_ROUTE_IDENTITY_0.1,H2018P4ESA,H2019P4ESA,4,Español,77,162,https://historico.conaliteg.gob.mx/c/H2019P4ESA/077.jpg,235c794df64ae44b618e61f03375e76a57b01675e3668e77170134a749530cf8,104209,235c794df64ae44b618e61f03375e76a57b01675e3668e77170134a749530cf8,104209,200,image/jpeg,1,,1,1
LTMD_U1_W3_SPANISH_2018_2019_ROUTE_IDENTITY_0.1,H2018P4ESA,H2019P4ESA,4,Español,78,162,https://historico.conaliteg.gob.mx/c/H2019P4ESA/078.jpg,a911f9d093ade5f4b9dcaddb5732799fd21ea093d3904da782a8b278ea1760fa,127963,a911f9d093ade5f4b9dcaddb5732799fd21ea093d3904da782a8b278ea1760fa,127963,200,image/jpeg,1,,1,1
LTMD_U1_W3_SPANISH_2018_2019_ROUTE_IDENTITY_0.1,H2018P4ESA,H2019P4ESA,4,Español,79,162,https://historico.conaliteg.gob.mx/c/H2019P4ESA/079.jpg,b1990874452def702dcb387bad3960274d3d5a3636912cd4aefd2efd9b05ae9d,93460,b1990874452def702dcb387bad3960274d3d5a3636912cd4aefd2efd9b05ae9d,93460,200,image/jpeg,1,,1,1
LTMD_U1_W3_SPANISH_2018_2019_ROUTE_IDENTITY_0.1,H2018P4ESA,H2019P4ESA,4,Español,80,162,https://historico.conaliteg.gob.mx/c/H2019P4ESA/080.jpg,efd6cfc7eb244ce70bda9d056b62bd6899218b77dd8d08703a7117881af2a4f3,126989,efd6cfc7eb244ce70bda9d056b62bd6899218b77dd8d08703a7117881af2a4f3,126989,200,image/jpeg,1,,1,1
LTMD_U1_W3_SPANISH_2018_2019_ROUTE_IDENTITY_0.1,H2018P4ESA,H2019P4ESA,4,Español,81,162,https://historico.conaliteg.gob.mx/c/H2019P4ESA/081.jpg,b44ebc57491e9435c0d38df3e44268fcfd54480724ad4780f449d016c7ea8a8a,114949,b44ebc57491e9435c0d38df3e44268fcfd54480724ad4780f449d016c7ea8a8a,114949,200,image/jpeg,1,,1,1
LTMD_U1_W3_SPANISH_2018_2019_ROUTE_IDENTITY_0.1,H2018P4ESA,H2019P4ESA,4,Español,82,162,https://historico.conaliteg.gob.mx/c/H2019P4ESA/082.jpg,6a0bb1874e8929c2dcb15865e23f8feb3f2b594a6098eefa78aae176f4fe122c,97082,6a0bb1874e8929c2dcb15865e23f8feb3f2b594a6098eefa78aae176f4fe122c,97082,200,image/jpeg,1,,1,1
LTMD_U1_W3_SPANISH_2018_2019_ROUTE_IDENTITY_0.1,H2018P4ESA,H2019P4ESA,4,Español,83,162,https://historico.conaliteg.gob.mx/c/H2019P4ESA/083.jpg,a8a6e2d0a672605f9975b8af4e49a99fbb44998c0beeb864400aa8317e0e5692,99055,a8a6e2d0a672605f9975b8af4e49a99fbb44998c0beeb864400aa8317e0e5692,99055,200,image/jpeg,1,,1,1
LTMD_U1_W3_SPANISH_2018_2019_ROUTE_IDENTITY_0.1,H2018P4ESA,H2019P4ESA,4,Español,84,162,https://historico.conaliteg.gob.mx/c/H2019P4ESA/084.jpg,26fd80047c0f91fed00a2ed53fa34fc71e4cf6d104c585b5d38eb81ca57b7279,75885,26fd80047c0f91fed00a2ed53fa34fc71e4cf6d104c585b5d38eb81ca57b7279,75885,200,image/jpeg,1,,1,1
LTMD_U1_W3_SPANISH_2018_2019_ROUTE_IDENTITY_0.1,H2018P4ESA,H2019P4ESA,4,Español,85,162,https://historico.conaliteg.gob.mx/c/H2019P4ESA/085.jpg,23c31af1d3743410c7c9b596d6ee8794c425c47de328512881deb3def8bc7037,115313,23c31af1d3743410c7c9b596d6ee8794c425c47de328512881deb3def8bc7037,115313,200,image/jpeg,1,,1,1
LTMD_U1_W3_SPANISH_2018_2019_ROUTE_IDENTITY_0.1,H2018P4ESA,H2019P4ESA,4,Español,86,162,https://historico.conaliteg.gob.mx/c/H2019P4ESA/086.jpg,b71df4cd4748bf481ac29075d5aaa7626f4ce9383ea6839b5b19d7f5790c88e4,144759,b71df4cd4748bf481ac29075d5aaa7626f4ce9383ea6839b5b19d7f5790c88e4,144759,200,image/jpeg,1,,1,1
LTMD_U1_W3_SPANISH_2018_2019_ROUTE_IDENTITY_0.1,H2018P4ESA,H2019P4ESA,4,Español,87,162,https://historico.conaliteg.gob.mx/c/H2019P4ESA/087.jpg,5e078315256b5126cea10acf8d794769edd125fe427d915797bff4e647dd579f,135174,5e078315256b5126cea10acf8d794769edd125fe427d915797bff4e647dd579f,135174,200,image/jpeg,1,,1,1
LTMD_U1_W3_SPANISH_2018_2019_ROUTE_IDENTITY_0.1,H2018P4ESA,H2019P4ESA,4,Español,88,162,https://historico.conaliteg.gob.mx/c/H2019P4ESA/088.jpg,29e0aa92660f842e279f1484882fc6ed4fd80df5258c799904865954e843b5f6,155601,29e0aa92660f842e279f1484882fc6ed4fd80df5258c799904865954e843b5f6,155601,200,image/jpeg,1,,1,1
LTMD_U1_W3_SPANISH_2018_2019_ROUTE_IDENTITY_0.1,H2018P4ESA,H2019P4ESA,4,Español,89,162,https://historico.conaliteg.gob.mx/c/H2019P4ESA/089.jpg,b8e746ddf14ceb8dddaaa937fc93af39f02dfc3d2fb36115e4e844b773caf4a5,90869,b8e746ddf14ceb8dddaaa937fc93af39f02dfc3d2fb36115e4e844b773caf4a5,90869,200,image/jpeg,1,,1,1
LTMD_U1_W3_SPANISH_2018_2019_ROUTE_IDENTITY_0.1,H2018P4ESA,H2019P4ESA,4,Español,90,162,https://historico.conaliteg.gob.mx/c/H2019P4ESA/090.jpg,40300b78f13145daa72dd6b10319091ee89825b651db72448ed9a0cadde93219,122208,40300b78f13145daa72dd6b10319091ee89825b651db72448ed9a0cadde93219,122208,200,image/jpeg,1,,1,1
LTMD_U1_W3_SPANISH_2018_2019_ROUTE_IDENTITY_0.1,H2018P4ESA,H2019P4ESA,4,Español,91,162,https://historico.conaliteg.gob.mx/c/H2019P4ESA/091.jpg,17ed26ebe691ba0ab6ca48ac870075ad792bae0614d9f2637ae851b25f1a9557,149833,17ed26ebe691ba0ab6ca48ac870075ad792bae0614d9f2637ae851b25f1a9557,149833,200,image/jpeg,1,,1,1
LTMD_U1_W3_SPANISH_2018_2019_ROUTE_IDENTITY_0.1,H2018P4ESA,H2019P4ESA,4,Español,92,162,https://historico.conaliteg.gob.mx/c/H2019P4ESA/092.jpg,e65b3b16f76f3143b65b19fef987462dcb901be1be056b7870c526531a16fa71,113162,e65b3b16f76f3143b65b19fef987462dcb901be1be056b7870c526531a16fa71,113162,200,image/jpeg,1,,1,1
LTMD_U1_W3_SPANISH_2018_2019_ROUTE_IDENTITY_0.1,H2018P4ESA,H2019P4ESA,4,Español,93,162,https://historico.conaliteg.gob.mx/c/H2019P4ESA/093.jpg,5c8203c3508b720b46d625f3ad582940f022d83f1c7cd2fa9cb099d7272a800c,136327,5c8203c3508b720b46d625f3ad582940f022d83f1c7cd2fa9cb099d7272a800c,136327,200,image/jpeg,1,,1,1
LTMD_U1_W3_SPANISH_2018_2019_ROUTE_IDENTITY_0.1,H2018P4ESA,H2019P4ESA,4,Español,94,162,https://historico.conaliteg.gob.mx/c/H2019P4ESA/094.jpg,a78f2eb1ae6ffa68b7b1b87370f183091677b2989ec3b0a16a37b6c1c0d06029,131746,a78f2eb1ae6ffa68b7b1b87370f183091677b2989ec3b0a16a37b6c1c0d06029,131746,200,image/jpeg,1,,1,1
LTMD_U1_W3_SPANISH_2018_2019_ROUTE_IDENTITY_0.1,H2018P4ESA,H2019P4ESA,4,Español,95,162,https://historico.conaliteg.gob.mx/c/H2019P4ESA/095.jpg,1664ae8aa80e1dcfa3c0687a305c85adc40c6dacdcbc75deb2b11f91f8b22ec4,196975,1664ae8aa80e1dcfa3c0687a305c85adc40c6dacdcbc75deb2b11f91f8b22ec4,196975,200,image/jpeg,1,,1,1
LTMD_U1_W3_SPANISH_2018_2019_ROUTE_IDENTITY_0.1,H2018P4ESA,H2019P4ESA,4,Español,96,162,https://historico.conaliteg.gob.mx/c/H2019P4ESA/096.jpg,a0465cdd8396fbd124db45c179d5694347ca8cba88e74ff92548359c238ea69c,145844,a0465cdd8396fbd124db45c179d5694347ca8cba88e74ff92548359c238ea69c,145844,200,image/jpeg,1,,1,1
LTMD_U1_W3_SPANISH_2018_2019_ROUTE_IDENTITY_0.1,H2018P4ESA,H2019P4ESA,4,Español,97,162,https://historico.conaliteg.gob.mx/c/H2019P4ESA/097.jpg,5ce879d3615931fd7ad49a3795cb519c1e99b7c03bd61377e128e7da6c6881da,117339,5ce879d3615931fd7ad49a3795cb519c1e99b7c03bd61377e128e7da6c6881da,117339,200,image/jpeg,1,,1,1
LTMD_U1_W3_SPANISH_2018_2019_ROUTE_IDENTITY_0.1,H2018P4ESA,H2019P4ESA,4,Español,98,162,https://historico.conaliteg.gob.mx/c/H2019P4ESA/098.jpg,d057c9598b3abdecd144bb64343c5e352d51bee838c81c8e7c2d1f48e63198b0,100796,d057c9598b3abdecd144bb64343c5e352d51bee838c81c8e7c2d1f48e63198b0,100796,200,image/jpeg,1,,1,1
LTMD_U1_W3_SPANISH_2018_2019_ROUTE_IDENTITY_0.1,H2018P4ESA,H2019P4ESA,4,Español,99,162,https://historico.conaliteg.gob.mx/c/H2019P4ESA/099.jpg,f22143c166f462c192c8ff7bee7afce15c762e4007fe38d3eedf0ff801613d1f,188689,f22143c166f462c192c8ff7bee7afce15c762e4007fe38d3eedf0ff801613d1f,188689,200,image/jpeg,1,,1,1
LTMD_U1_W3_SPANISH_2018_2019_ROUTE_IDENTITY_0.1,H2018P4ESA,H2019P4ESA,4,Español,100,162,https://historico.conaliteg.gob.mx/c/H2019P4ESA/100.jpg,6ebeb3335a3cdea4b0c626995ec37013de0b54522c20625e31a69b815c347158,64610,6ebeb3335a3cdea4b0c626995ec37013de0b54522c20625e31a69b815c347158,64610,200,image/jpeg,1,,1,1
LTMD_U1_W3_SPANISH_2018_2019_ROUTE_IDENTITY_0.1,H2018P4ESA,H2019P4ESA,4,Español,101,162,https://historico.conaliteg.gob.mx/c/H2019P4ESA/101.jpg,14c820b2e260fc9708b6b28ec8ee1a3254c68933ecb4f0bd6d48ccb4f0c6bf18,107302,14c820b2e260fc9708b6b28ec8ee1a3254c68933ecb4f0bd6d48ccb4f0c6bf18,107302,200,image/jpeg,1,,1,1
LTMD_U1_W3_SPANISH_2018_2019_ROUTE_IDENTITY_0.1,H2018P4ESA,H2019P4ESA,4,Español,102,162,https://historico.conaliteg.gob.mx/c/H2019P4ESA/102.jpg,1e6c4366bac5e3be7e6c0da2bbe31ba5eae2c550aa7f5bc41ee0e916624ce16a,117221,1e6c4366bac5e3be7e6c0da2bbe31ba5eae2c550aa7f5bc41ee0e916624ce16a,117221,200,image/jpeg,1,,1,1
LTMD_U1_W3_SPANISH_2018_2019_ROUTE_IDENTITY_0.1,H2018P4ESA,H2019P4ESA,4,Español,103,162,https://historico.conaliteg.gob.mx/c/H2019P4ESA/103.jpg,93b9305ac3d62e63dbdd19f365175f9e59e8a84f8414bc3b574c3baa282ac53e,153201,93b9305ac3d62e63dbdd19f365175f9e59e8a84f8414bc3b574c3baa282ac53e,153201,200,image/jpeg,1,,1,1
LTMD_U1_W3_SPANISH_2018_2019_ROUTE_IDENTITY_0.1,H2018P4ESA,H2019P4ESA,4,Español,104,162,https://historico.conaliteg.gob.mx/c/H2019P4ESA/104.jpg,185bca9ee75cfe6745cea88f2e4a2dcbff75c5dd112e9cf11f11a7a37e3fdda8,163702,185bca9ee75cfe6745cea88f2e4a2dcbff75c5dd112e9cf11f11a7a37e3fdda8,163702,200,image/jpeg,1,,1,1
LTMD_U1_W3_SPANISH_2018_2019_ROUTE_IDENTITY_0.1,H2018P4ESA,H2019P4ESA,4,Español,105,162,https://historico.conaliteg.gob.mx/c/H2019P4ESA/105.jpg,0f20d172a021cc9e112d7ef098b477957eca63385782ce56ee9afbd925f25ad4,123894,0f20d172a021cc9e112d7ef098b477957eca63385782ce56ee9afbd925f25ad4,123894,200,image/jpeg,1,,1,1
LTMD_U1_W3_SPANISH_2018_2019_ROUTE_IDENTITY_0.1,H2018P4ESA,H2019P4ESA,4,Español,106,162,https://historico.conaliteg.gob.mx/c/H2019P4ESA/106.jpg,265d5f321f0cc33b34081a2545930901ca753caa7c55802e98e2dde759ff5ce6,67159,265d5f321f0cc33b34081a2545930901ca753caa7c55802e98e2dde759ff5ce6,67159,200,image/jpeg,1,,1,1
LTMD_U1_W3_SPANISH_2018_2019_ROUTE_IDENTITY_0.1,H2018P4ESA,H2019P4ESA,4,Español,107,162,https://historico.conaliteg.gob.mx/c/H2019P4ESA/107.jpg,d7d235114183f073a7ceaa6cdd71723986da4254ef512abfce38e8830757f7aa,99060,d7d235114183f073a7ceaa6cdd71723986da4254ef512abfce38e8830757f7aa,99060,200,image/jpeg,1,,1,1
LTMD_U1_W3_SPANISH_2018_2019_ROUTE_IDENTITY_0.1,H2018P4ESA,H2019P4ESA,4,Español,108,162,https://historico.conaliteg.gob.mx/c/H2019P4ESA/108.jpg,34e10081aead2c6328b52424e05aa0c6bb784bc961323bc2a7c0bf436626f3f0,96642,34e10081aead2c6328b52424e05aa0c6bb784bc961323bc2a7c0bf436626f3f0,96642,200,image/jpeg,1,,1,1
LTMD_U1_W3_SPANISH_2018_2019_ROUTE_IDENTITY_0.1,H2018P4ESA,H2019P4ESA,4,Español,109,162,https://historico.conaliteg.gob.mx/c/H2019P4ESA/109.jpg,052243512d1dc1ddc85993ea29ea6f2917a31e9638640b047e2edb9839c38ed0,74898,052243512d1dc1ddc85993ea29ea6f2917a31e9638640b047e2edb9839c38ed0,74898,200,image/jpeg,1,,1,1
LTMD_U1_W3_SPANISH_2018_2019_ROUTE_IDENTITY_0.1,H2018P4ESA,H2019P4ESA,4,Español,110,162,https://historico.conaliteg.gob.mx/c/H2019P4ESA/110.jpg,0f2ee25734dda18e21d68f1186e083b3f00190219d767cc409eaf6bf795b5f0d,137227,0f2ee25734dda18e21d68f1186e083b3f00190219d767cc409eaf6bf795b5f0d,137227,200,image/jpeg,1,,1,1
LTMD_U1_W3_SPANISH_2018_2019_ROUTE_IDENTITY_0.1,H2018P4ESA,H2019P4ESA,4,Español,111,162,https://historico.conaliteg.gob.mx/c/H2019P4ESA/111.jpg,3031951dfa35ac1f8cd44992fd9f762eb5a6a23933ebc348fcabc0bc3343bd62,126805,3031951dfa35ac1f8cd44992fd9f762eb5a6a23933ebc348fcabc0bc3343bd62,126805,200,image/jpeg,1,,1,1
LTMD_U1_W3_SPANISH_2018_2019_ROUTE_IDENTITY_0.1,H2018P4ESA,H2019P4ESA,4,Español,112,162,https://historico.conaliteg.gob.mx/c/H2019P4ESA/112.jpg,ad9658a08ccec862a1837a110544c37c0e2cd93fd21c240e6473bc4663d96c21,117738,ad9658a08ccec862a1837a110544c37c0e2cd93fd21c240e6473bc4663d96c21,117738,200,image/jpeg,1,,1,1
LTMD_U1_W3_SPANISH_2018_2019_ROUTE_IDENTITY_0.1,H2018P4ESA,H2019P4ESA,4,Español,113,162,https://historico.conaliteg.gob.mx/c/H2019P4ESA/113.jpg,c15a4b707a9d082c647b0c5b0d65ea073b62677b361002644fd7fba01191124e,76498,c15a4b707a9d082c647b0c5b0d65ea073b62677b361002644fd7fba01191124e,76498,200,image/jpeg,1,,1,1
LTMD_U1_W3_SPANISH_2018_2019_ROUTE_IDENTITY_0.1,H2018P4ESA,H2019P4ESA,4,Español,114,162,https://historico.conaliteg.gob.mx/c/H2019P4ESA/114.jpg,a945cf5c676a47f3e9ed0448ad6273c5fe7997bd37968b4f0ef4227347ad5392,104408,a945cf5c676a47f3e9ed0448ad6273c5fe7997bd37968b4f0ef4227347ad5392,104408,200,image/jpeg,1,,1,1
LTMD_U1_W3_SPANISH_2018_2019_ROUTE_IDENTITY_0.1,H2018P4ESA,H2019P4ESA,4,Español,115,162,https://historico.conaliteg.gob.mx/c/H2019P4ESA/115.jpg,4ca28cacaa139e2d574dd58eb3860e37821874de34eb388e994d9c99fd967df6,116566,4ca28cacaa139e2d574dd58eb3860e37821874de34eb388e994d9c99fd967df6,116566,200,image/jpeg,1,,1,1
LTMD_U1_W3_SPANISH_2018_2019_ROUTE_IDENTITY_0.1,H2018P4ESA,H2019P4ESA,4,Español,116,162,https://historico.conaliteg.gob.mx/c/H2019P4ESA/116.jpg,10549b1466992e80bc6b18ae6a8bc2da37ebbbe411cf288029e6a39027fb02fd,107818,10549b1466992e80bc6b18ae6a8bc2da37ebbbe411cf288029e6a39027fb02fd,107818,200,image/jpeg,1,,1,1
LTMD_U1_W3_SPANISH_2018_2019_ROUTE_IDENTITY_0.1,H2018P4ESA,H2019P4ESA,4,Español,117,162,https://historico.conaliteg.gob.mx/c/H2019P4ESA/117.jpg,5685fae0f8829bf351b2ddf8911e83f6dbf84ea0bb9b2fd034a82b961e3e60ca,94014,5685fae0f8829bf351b2ddf8911e83f6dbf84ea0bb9b2fd034a82b961e3e60ca,94014,200,image/jpeg,1,,1,1
LTMD_U1_W3_SPANISH_2018_2019_ROUTE_IDENTITY_0.1,H2018P4ESA,H2019P4ESA,4,Español,118,162,https://historico.conaliteg.gob.mx/c/H2019P4ESA/118.jpg,59928ae44352a57f062a4f16392e1b5c504d0c6dcbcd7249d948a6cfb632fdbc,92246,59928ae44352a57f062a4f16392e1b5c504d0c6dcbcd7249d948a6cfb632fdbc,92246,200,image/jpeg,1,,1,1
LTMD_U1_W3_SPANISH_2018_2019_ROUTE_IDENTITY_0.1,H2018P4ESA,H2019P4ESA,4,Español,119,162,https://historico.conaliteg.gob.mx/c/H2019P4ESA/119.jpg,8ba3a120e9695d58ee7be794cb6ebd7e1440137493546787a0faeadfdab74a6d,116570,8ba3a120e9695d58ee7be794cb6ebd7e1440137493546787a0faeadfdab74a6d,116570,200,image/jpeg,1,,1,1
LTMD_U1_W3_SPANISH_2018_2019_ROUTE_IDENTITY_0.1,H2018P4ESA,H2019P4ESA,4,Español,120,162,https://historico.conaliteg.gob.mx/c/H2019P4ESA/120.jpg,748f646932aa26c2822c59c7646d84a2b376a18aee6f734714ec68ef57e72097,137893,748f646932aa26c2822c59c7646d84a2b376a18aee6f734714ec68ef57e72097,137893,200,image/jpeg,1,,1,1
LTMD_U1_W3_SPANISH_2018_2019_ROUTE_IDENTITY_0.1,H2018P4ESA,H2019P4ESA,4,Español,121,162,https://historico.conaliteg.gob.mx/c/H2019P4ESA/121.jpg,f76b676197cfab4db9a8de5033e3ed238f930a72980621be4f0de9c7d5da76e3,94126,f76b676197cfab4db9a8de5033e3ed238f930a72980621be4f0de9c7d5da76e3,94126,200,image/jpeg,1,,1,1
LTMD_U1_W3_SPANISH_2018_2019_ROUTE_IDENTITY_0.1,H2018P4ESA,H2019P4ESA,4,Español,122,162,https://historico.conaliteg.gob.mx/c/H2019P4ESA/122.jpg,f5a0f59488c22452a4517ecb401543935183a2db5be0437a0378c507e5cba433,96528,f5a0f59488c22452a4517ecb401543935183a2db5be0437a0378c507e5cba433,96528,200,image/jpeg,1,,1,1
LTMD_U1_W3_SPANISH_2018_2019_ROUTE_IDENTITY_0.1,H2018P4ESA,H2019P4ESA,4,Español,123,162,https://historico.conaliteg.gob.mx/c/H2019P4ESA/123.jpg,b5dcd30963912a640a5b9076be350ed7942f2f9c849a02f65207e81b8eeadeb1,99186,b5dcd30963912a640a5b9076be350ed7942f2f9c849a02f65207e81b8eeadeb1,99186,200,image/jpeg,1,,1,1
LTMD_U1_W3_SPANISH_2018_2019_ROUTE_IDENTITY_0.1,H2018P4ESA,H2019P4ESA,4,Español,124,162,https://historico.conaliteg.gob.mx/c/H2019P4ESA/124.jpg,5a216fc30d0ded059cc4674168e8f9f11735e386b384c3077f47f90531c17d85,126824,5a216fc30d0ded059cc4674168e8f9f11735e386b384c3077f47f90531c17d85,126824,200,image/jpeg,1,,1,1
LTMD_U1_W3_SPANISH_2018_2019_ROUTE_IDENTITY_0.1,H2018P4ESA,H2019P4ESA,4,Español,125,162,https://historico.conaliteg.gob.mx/c/H2019P4ESA/125.jpg,3906f7370a3d8d5a763af25c44a278a5ba2ed23e8e429af7eebd6528b3862dc0,62629,3906f7370a3d8d5a763af25c44a278a5ba2ed23e8e429af7eebd6528b3862dc0,62629,200,image/jpeg,1,,1,1
LTMD_U1_W3_SPANISH_2018_2019_ROUTE_IDENTITY_0.1,H2018P4ESA,H2019P4ESA,4,Español,126,162,https://historico.conaliteg.gob.mx/c/H2019P4ESA/126.jpg,aadbf07d802f170e665f4c817c678f1bae16d8e26cffdfa6d09bc659e7d3332f,114307,aadbf07d802f170e665f4c817c678f1bae16d8e26cffdfa6d09bc659e7d3332f,114307,200,image/jpeg,1,,1,1
LTMD_U1_W3_SPANISH_2018_2019_ROUTE_IDENTITY_0.1,H2018P4ESA,H2019P4ESA,4,Español,127,162,https://historico.conaliteg.gob.mx/c/H2019P4ESA/127.jpg,10130e8d2485eaa60f38453de45c08097d9ff462d9b1d8b812ca0047e42cfb23,78435,10130e8d2485eaa60f38453de45c08097d9ff462d9b1d8b812ca0047e42cfb23,78435,200,image/jpeg,1,,1,1
LTMD_U1_W3_SPANISH_2018_2019_ROUTE_IDENTITY_0.1,H2018P4ESA,H2019P4ESA,4,Español,128,162,https://historico.conaliteg.gob.mx/c/H2019P4ESA/128.jpg,aedcc89c2a168a26c307bde5f90eb85f73c7c443ccba718c8e80ea52dbf6fade,134333,aedcc89c2a168a26c307bde5f90eb85f73c7c443ccba718c8e80ea52dbf6fade,134333,200,image/jpeg,1,,1,1
LTMD_U1_W3_SPANISH_2018_2019_ROUTE_IDENTITY_0.1,H2018P4ESA,H2019P4ESA,4,Español,129,162,https://historico.conaliteg.gob.mx/c/H2019P4ESA/129.jpg,46bc6fe92d53c77e403a2c048574086136d1246b09803751ce7dc4613042529f,84718,46bc6fe92d53c77e403a2c048574086136d1246b09803751ce7dc4613042529f,84718,200,image/jpeg,1,,1,1
LTMD_U1_W3_SPANISH_2018_2019_ROUTE_IDENTITY_0.1,H2018P4ESA,H2019P4ESA,4,Español,130,162,https://historico.conaliteg.gob.mx/c/H2019P4ESA/130.jpg,70637dd71146498b894314a1a9ab1babaada98d878ca2436e1e04059cf7b9b14,85138,70637dd71146498b894314a1a9ab1babaada98d878ca2436e1e04059cf7b9b14,85138,200,image/jpeg,1,,1,1
LTMD_U1_W3_SPANISH_2018_2019_ROUTE_IDENTITY_0.1,H2018P4ESA,H2019P4ESA,4,Español,131,162,https://historico.conaliteg.gob.mx/c/H2019P4ESA/131.jpg,92285b0fcf020c53607f9a9cf423fa73adfeb5ae657c75c4737339e5a145e2b8,195677,92285b0fcf020c53607f9a9cf423fa73adfeb5ae657c75c4737339e5a145e2b8,195677,200,image/jpeg,1,,1,1
LTMD_U1_W3_SPANISH_2018_2019_ROUTE_IDENTITY_0.1,H2018P4ESA,H2019P4ESA,4,Español,132,162,https://historico.conaliteg.gob.mx/c/H2019P4ESA/132.jpg,75a4a3156c13f2d908ce02b8eb47f170dc850d64c154157d26ffb491ac7d8062,99795,75a4a3156c13f2d908ce02b8eb47f170dc850d64c154157d26ffb491ac7d8062,99795,200,image/jpeg,1,,1,1
LTMD_U1_W3_SPANISH_2018_2019_ROUTE_IDENTITY_0.1,H2018P4ESA,H2019P4ESA,4,Español,133,162,https://historico.conaliteg.gob.mx/c/H2019P4ESA/133.jpg,b53d64fc4c9c7b4f462b28307c3aef64a3d2bea8a637f633a87351649219c26c,107220,b53d64fc4c9c7b4f462b28307c3aef64a3d2bea8a637f633a87351649219c26c,107220,200,image/jpeg,1,,1,1
LTMD_U1_W3_SPANISH_2018_2019_ROUTE_IDENTITY_0.1,H2018P4ESA,H2019P4ESA,4,Español,134,162,https://historico.conaliteg.gob.mx/c/H2019P4ESA/134.jpg,6d6bde161b3cfdfa2211a27d6aa33f24eea036c3e40b06eb0cce027d2863b041,171702,6d6bde161b3cfdfa2211a27d6aa33f24eea036c3e40b06eb0cce027d2863b041,171702,200,image/jpeg,1,,1,1
LTMD_U1_W3_SPANISH_2018_2019_ROUTE_IDENTITY_0.1,H2018P4ESA,H2019P4ESA,4,Español,135,162,https://historico.conaliteg.gob.mx/c/H2019P4ESA/135.jpg,7b019dfa69aa7fb8a6195ab1dbf10db10ba32f7e5ff348b490dc1183c920aa54,158202,7b019dfa69aa7fb8a6195ab1dbf10db10ba32f7e5ff348b490dc1183c920aa54,158202,200,image/jpeg,1,,1,1
LTMD_U1_W3_SPANISH_2018_2019_ROUTE_IDENTITY_0.1,H2018P4ESA,H2019P4ESA,4,Español,136,162,https://historico.conaliteg.gob.mx/c/H2019P4ESA/136.jpg,2af5a7641a60805c0355f4f24e6edc3d8cb4a577eb846d55ff45244c80df0e7c,123693,2af5a7641a60805c0355f4f24e6edc3d8cb4a577eb846d55ff45244c80df0e7c,123693,200,image/jpeg,1,,1,1
LTMD_U1_W3_SPANISH_2018_2019_ROUTE_IDENTITY_0.1,H2018P4ESA,H2019P4ESA,4,Español,137,162,https://historico.conaliteg.gob.mx/c/H2019P4ESA/137.jpg,766071e6b3b6eb7012e5c3ac8385c8855d8c7ce75919c6f29fc654c3cc734b91,161308,766071e6b3b6eb7012e5c3ac8385c8855d8c7ce75919c6f29fc654c3cc734b91,161308,200,image/jpeg,1,,1,1
LTMD_U1_W3_SPANISH_2018_2019_ROUTE_IDENTITY_0.1,H2018P4ESA,H2019P4ESA,4,Español,138,162,https://historico.conaliteg.gob.mx/c/H2019P4ESA/138.jpg,f5acf6880fc8eb8960725b39bf6bb189681034c395b36a09458fdd9e91b279e0,116939,f5acf6880fc8eb8960725b39bf6bb189681034c395b36a09458fdd9e91b279e0,116939,200,image/jpeg,1,,1,1
LTMD_U1_W3_SPANISH_2018_2019_ROUTE_IDENTITY_0.1,H2018P4ESA,H2019P4ESA,4,Español,139,162,https://historico.conaliteg.gob.mx/c/H2019P4ESA/139.jpg,d1d092aea77d9bf0a4fa0dcb935f00ec01345e7693464d9653062ac3cd94065e,142130,d1d092aea77d9bf0a4fa0dcb935f00ec01345e7693464d9653062ac3cd94065e,142130,200,image/jpeg,1,,1,1
LTMD_U1_W3_SPANISH_2018_2019_ROUTE_IDENTITY_0.1,H2018P4ESA,H2019P4ESA,4,Español,140,162,https://historico.conaliteg.gob.mx/c/H2019P4ESA/140.jpg,8c2dca4473f5afc003140ad3d751e75f36f53d945e88a054932c20186480126b,123531,8c2dca4473f5afc003140ad3d751e75f36f53d945e88a054932c20186480126b,123531,200,image/jpeg,1,,1,1
LTMD_U1_W3_SPANISH_2018_2019_ROUTE_IDENTITY_0.1,H2018P4ESA,H2019P4ESA,4,Español,141,162,https://historico.conaliteg.gob.mx/c/H2019P4ESA/141.jpg,8355f7285b6f216ca40c0eebce1faf5796f94d0b02137ac928dbc371f7a94201,135714,8355f7285b6f216ca40c0eebce1faf5796f94d0b02137ac928dbc371f7a94201,135714,200,image/jpeg,1,,1,1
LTMD_U1_W3_SPANISH_2018_2019_ROUTE_IDENTITY_0.1,H2018P4ESA,H2019P4ESA,4,Español,142,162,https://historico.conaliteg.gob.mx/c/H2019P4ESA/142.jpg,d36ce8314041d3bc6e2f16e8b984740bc51790fd6d9a8923c4d75b587c437127,120433,d36ce8314041d3bc6e2f16e8b984740bc51790fd6d9a8923c4d75b587c437127,120433,200,image/jpeg,1,,1,1
LTMD_U1_W3_SPANISH_2018_2019_ROUTE_IDENTITY_0.1,H2018P4ESA,H2019P4ESA,4,Español,143,162,https://historico.conaliteg.gob.mx/c/H2019P4ESA/143.jpg,a23a0021c5c4a0e37a80892d919c38bc4876295c9b2499ebbb1d7e17e3eb5a6b,99534,a23a0021c5c4a0e37a80892d919c38bc4876295c9b2499ebbb1d7e17e3eb5a6b,99534,200,image/jpeg,1,,1,1
LTMD_U1_W3_SPANISH_2018_2019_ROUTE_IDENTITY_0.1,H2018P4ESA,H2019P4ESA,4,Español,144,162,https://historico.conaliteg.gob.mx/c/H2019P4ESA/144.jpg,9ce81ee6bdc14b252014ae3d05233cad1f9f0cc46bdb273d3665c6d3fabb74b6,76229,9ce81ee6bdc14b252014ae3d05233cad1f9f0cc46bdb273d3665c6d3fabb74b6,76229,200,image/jpeg,1,,1,1
LTMD_U1_W3_SPANISH_2018_2019_ROUTE_IDENTITY_0.1,H2018P4ESA,H2019P4ESA,4,Español,145,162,https://historico.conaliteg.gob.mx/c/H2019P4ESA/145.jpg,a76ffa1e55fc37731da027f9e4437cb925d3c9f8ba58dd21c4450faf10a46017,104278,a76ffa1e55fc37731da027f9e4437cb925d3c9f8ba58dd21c4450faf10a46017,104278,200,image/jpeg,1,,1,1
LTMD_U1_W3_SPANISH_2018_2019_ROUTE_IDENTITY_0.1,H2018P4ESA,H2019P4ESA,4,Español,146,162,https://historico.conaliteg.gob.mx/c/H2019P4ESA/146.jpg,8cf7245c4d78cadd6dbe62a74d55f47a1c94443383bc04f94faee0597a86a087,145870,8cf7245c4d78cadd6dbe62a74d55f47a1c94443383bc04f94faee0597a86a087,145870,200,image/jpeg,1,,1,1
LTMD_U1_W3_SPANISH_2018_2019_ROUTE_IDENTITY_0.1,H2018P4ESA,H2019P4ESA,4,Español,147,162,https://historico.conaliteg.gob.mx/c/H2019P4ESA/147.jpg,2b16d61e45f282b7afb4bb218484749cf066968e1f50f667b4189a079b2f69ce,156876,2b16d61e45f282b7afb4bb218484749cf066968e1f50f667b4189a079b2f69ce,156876,200,image/jpeg,1,,1,1
LTMD_U1_W3_SPANISH_2018_2019_ROUTE_IDENTITY_0.1,H2018P4ESA,H2019P4ESA,4,Español,148,162,https://historico.conaliteg.gob.mx/c/H2019P4ESA/148.jpg,558699517e8625947f75ca3c30d4befb8f3a2cc1c060b2e68b7388199d41785e,121800,558699517e8625947f75ca3c30d4befb8f3a2cc1c060b2e68b7388199d41785e,121800,200,image/jpeg,1,,1,1
LTMD_U1_W3_SPANISH_2018_2019_ROUTE_IDENTITY_0.1,H2018P4ESA,H2019P4ESA,4,Español,149,162,https://historico.conaliteg.gob.mx/c/H2019P4ESA/149.jpg,699a0f87f9d5f3e42db408e0cf46735254b7dc4a786033dbe2da792161e94b42,100122,699a0f87f9d5f3e42db408e0cf46735254b7dc4a786033dbe2da792161e94b42,100122,200,image/jpeg,1,,1,1
LTMD_U1_W3_SPANISH_2018_2019_ROUTE_IDENTITY_0.1,H2018P4ESA,H2019P4ESA,4,Español,150,162,https://historico.conaliteg.gob.mx/c/H2019P4ESA/150.jpg,b331ea37a0d84ad8a25ad3653919d116439a4804037485cde92d33b3a6b3b6e2,124713,b331ea37a0d84ad8a25ad3653919d116439a4804037485cde92d33b3a6b3b6e2,124713,200,image/jpeg,1,,1,1
LTMD_U1_W3_SPANISH_2018_2019_ROUTE_IDENTITY_0.1,H2018P4ESA,H2019P4ESA,4,Español,151,162,https://historico.conaliteg.gob.mx/c/H2019P4ESA/151.jpg,28de5e9b58cebe109a56bf8f01269b04b2e803740a8d0adb000cb63ab55ec196,86062,28de5e9b58cebe109a56bf8f01269b04b2e803740a8d0adb000cb63ab55ec196,86062,200,image/jpeg,1,,1,1
LTMD_U1_W3_SPANISH_2018_2019_ROUTE_IDENTITY_0.1,H2018P4ESA,H2019P4ESA,4,Español,152,162,https://historico.conaliteg.gob.mx/c/H2019P4ESA/152.jpg,ba73cb23ee064e4d8540dcbcaa66ae264b4d3226f35bfc050012cebc66149954,80750,ba73cb23ee064e4d8540dcbcaa66ae264b4d3226f35bfc050012cebc66149954,80750,200,image/jpeg,1,,1,1
LTMD_U1_W3_SPANISH_2018_2019_ROUTE_IDENTITY_0.1,H2018P4ESA,H2019P4ESA,4,Español,153,162,https://historico.conaliteg.gob.mx/c/H2019P4ESA/153.jpg,1fff46e2209077a154e84d0aaf42ba6fdfe84db3588a954d670a496b68ab570d,90079,1fff46e2209077a154e84d0aaf42ba6fdfe84db3588a954d670a496b68ab570d,90079,200,image/jpeg,1,,1,1
LTMD_U1_W3_SPANISH_2018_2019_ROUTE_IDENTITY_0.1,H2018P4ESA,H2019P4ESA,4,Español,154,162,https://historico.conaliteg.gob.mx/c/H2019P4ESA/154.jpg,35c3cc99ca52a0a3960b5f50f31e2c7718d72fa2c30db207aac87f184df52180,155251,35c3cc99ca52a0a3960b5f50f31e2c7718d72fa2c30db207aac87f184df52180,155251,200,image/jpeg,1,,1,1
LTMD_U1_W3_SPANISH_2018_2019_ROUTE_IDENTITY_0.1,H2018P4ESA,H2019P4ESA,4,Español,155,162,https://historico.conaliteg.gob.mx/c/H2019P4ESA/155.jpg,d4206cdbb07a1fd83648ec325790e70d776ca953ab06f0f9623d0ed094f57edf,108230,d4206cdbb07a1fd83648ec325790e70d776ca953ab06f0f9623d0ed094f57edf,108230,200,image/jpeg,1,,1,1
LTMD_U1_W3_SPANISH_2018_2019_ROUTE_IDENTITY_0.1,H2018P4ESA,H2019P4ESA,4,Español,156,162,https://historico.conaliteg.gob.mx/c/H2019P4ESA/156.jpg,527ba636841daf598bc40405677d9a6f4cae762d8144d193ca7f7f441c9af71a,97683,527ba636841daf598bc40405677d9a6f4cae762d8144d193ca7f7f441c9af71a,97683,200,image/jpeg,1,,1,1
LTMD_U1_W3_SPANISH_2018_2019_ROUTE_IDENTITY_0.1,H2018P4ESA,H2019P4ESA,4,Español,157,162,https://historico.conaliteg.gob.mx/c/H2019P4ESA/157.jpg,f4ce400b5075742551fbb4fa64fcf0625887ba190b0c47f8cc0b5ef60b5b1747,158357,f4ce400b5075742551fbb4fa64fcf0625887ba190b0c47f8cc0b5ef60b5b1747,158357,200,image/jpeg,1,,1,1
LTMD_U1_W3_SPANISH_2018_2019_ROUTE_IDENTITY_0.1,H2018P4ESA,H2019P4ESA,4,Español,158,162,https://historico.conaliteg.gob.mx/c/H2019P4ESA/158.jpg,d0359cf14970898b593996b995624989ac565d8d939c61d7d6d9b3b30c318d1e,155993,d0359cf14970898b593996b995624989ac565d8d939c61d7d6d9b3b30c318d1e,155993,200,image/jpeg,1,,1,1
LTMD_U1_W3_SPANISH_2018_2019_ROUTE_IDENTITY_0.1,H2018P4ESA,H2019P4ESA,4,Español,159,162,https://historico.conaliteg.gob.mx/c/H2019P4ESA/159.jpg,ef20a5605dea111e445afb041a85df90d65fde29cd67b8f272f9de8d08fbd03d,90549,ef20a5605dea111e445afb041a85df90d65fde29cd67b8f272f9de8d08fbd03d,90549,200,image/jpeg,1,,1,1
LTMD_U1_W3_SPANISH_2018_2019_ROUTE_IDENTITY_0.1,H2018P4ESA,H2019P4ESA,4,Español,160,162,https://historico.conaliteg.gob.mx/c/H2019P4ESA/160.jpg,56a25b663cbf1eec10d6c2010d43d4038f652b29a3e7f9c25d2a470fb6a37c9d,52743,56a25b663cbf1eec10d6c2010d43d4038f652b29a3e7f9c25d2a470fb6a37c9d,52743,200,image/jpeg,1,,1,1
LTMD_U1_W3_SPANISH_2018_2019_ROUTE_IDENTITY_0.1,H2018P4ESA,H2019P4ESA,4,Español,161,162,https://historico.conaliteg.gob.mx/c/H2019P4ESA/161.jpg,1c43dc1ca11564767493c7f4b43bc1b756e0a9d4c602117e6db5ddb4246983ab,79036,1c43dc1ca11564767493c7f4b43bc1b756e0a9d4c602117e6db5ddb4246983ab,79036,200,image/jpeg,1,,1,1
LTMD_U1_W3_SPANISH_2018_2019_ROUTE_IDENTITY_0.1,H2018P4LEA,H2019P4LEA,4,Español. Libro de lectura,1,162,https://historico.conaliteg.gob.mx/c/H2019P4LEA/000.jpg,85c5f8ce8ac275fb7f438ce0df1f7bb5190634f78497c978536b1d925b273e87,258849,85c5f8ce8ac275fb7f438ce0df1f7bb5190634f78497c978536b1d925b273e87,258849,200,image/jpeg,1,,1,1
LTMD_U1_W3_SPANISH_2018_2019_ROUTE_IDENTITY_0.1,H2018P4LEA,H2019P4LEA,4,Español. Libro de lectura,2,162,https://historico.conaliteg.gob.mx/c/H2019P4LEA/002.jpg,63f98ffb25bceded2627647e68fbf646ed0cd00f9903f553be6f3e9e2b9c06fc,183156,63f98ffb25bceded2627647e68fbf646ed0cd00f9903f553be6f3e9e2b9c06fc,183156,200,image/jpeg,1,,1,1
LTMD_U1_W3_SPANISH_2018_2019_ROUTE_IDENTITY_0.1,H2018P4LEA,H2019P4LEA,4,Español. Libro de lectura,3,162,https://historico.conaliteg.gob.mx/c/H2019P4LEA/003.jpg,c44e97d67e354b68a1d9f0f4337d103c0fba1f96c44d93bbeace20b76754aa36,157639,c44e97d67e354b68a1d9f0f4337d103c0fba1f96c44d93bbeace20b76754aa36,157639,200,image/jpeg,1,,1,1
LTMD_U1_W3_SPANISH_2018_2019_ROUTE_IDENTITY_0.1,H2018P4LEA,H2019P4LEA,4,Español. Libro de lectura,4,162,https://historico.conaliteg.gob.mx/c/H2019P4LEA/004.jpg,62b4b05118e0a61b661fc7c0dfd0f6fd3f16fb068710279e0f564c125be34784,216973,62b4b05118e0a61b661fc7c0dfd0f6fd3f16fb068710279e0f564c125be34784,216973,200,image/jpeg,1,,1,1
LTMD_U1_W3_SPANISH_2018_2019_ROUTE_IDENTITY_0.1,H2018P4LEA,H2019P4LEA,4,Español. Libro de lectura,5,162,https://historico.conaliteg.gob.mx/c/H2019P4LEA/005.jpg,365a8cc1c4afb324ef16bf3684ad2bdb8549654e5f21946bb1cafde0174fd090,136994,365a8cc1c4afb324ef16bf3684ad2bdb8549654e5f21946bb1cafde0174fd090,136994,200,image/jpeg,1,,1,1
LTMD_U1_W3_SPANISH_2018_2019_ROUTE_IDENTITY_0.1,H2018P4LEA,H2019P4LEA,4,Español. Libro de lectura,6,162,https://historico.conaliteg.gob.mx/c/H2019P4LEA/006.jpg,cd8b5c8e23cd578744444cb17042fde527fd1e4c8cc283084d0ee37e26bdf901,230281,cd8b5c8e23cd578744444cb17042fde527fd1e4c8cc283084d0ee37e26bdf901,230281,200,image/jpeg,1,,1,1
LTMD_U1_W3_SPANISH_2018_2019_ROUTE_IDENTITY_0.1,H2018P4LEA,H2019P4LEA,4,Español. Libro de lectura,7,162,https://historico.conaliteg.gob.mx/c/H2019P4LEA/007.jpg,4f70c9f0f1b91d0005abc0f68aae562d87106d48976bac23b747b8e81664d5e5,201364,4f70c9f0f1b91d0005abc0f68aae562d87106d48976bac23b747b8e81664d5e5,201364,200,image/jpeg,1,,1,1
LTMD_U1_W3_SPANISH_2018_2019_ROUTE_IDENTITY_0.1,H2018P4LEA,H2019P4LEA,4,Español. Libro de lectura,8,162,https://historico.conaliteg.gob.mx/c/H2019P4LEA/008.jpg,fb7a61a180dd6742049221d2af738333321902adc034c09a3eca1ffd97b36390,437792,fb7a61a180dd6742049221d2af738333321902adc034c09a3eca1ffd97b36390,437792,200,image/jpeg,1,,1,1
LTMD_U1_W3_SPANISH_2018_2019_ROUTE_IDENTITY_0.1,H2018P4LEA,H2019P4LEA,4,Español. Libro de lectura,9,162,https://historico.conaliteg.gob.mx/c/H2019P4LEA/009.jpg,b83a7ff2dda3f9a3386806c8282ca8fcc4c584085097c05727d96b83b2a781b9,420370,b83a7ff2dda3f9a3386806c8282ca8fcc4c584085097c05727d96b83b2a781b9,420370,200,image/jpeg,1,,1,1
LTMD_U1_W3_SPANISH_2018_2019_ROUTE_IDENTITY_0.1,H2018P4LEA,H2019P4LEA,4,Español. Libro de lectura,10,162,https://historico.conaliteg.gob.mx/c/H2019P4LEA/010.jpg,322ed0ff867323d998dca3a769ed712136a856d6fe11ab0b08dc10d8c5d54eaa,319664,322ed0ff867323d998dca3a769ed712136a856d6fe11ab0b08dc10d8c5d54eaa,319664,200,image/jpeg,1,,1,1
LTMD_U1_W3_SPANISH_2018_2019_ROUTE_IDENTITY_0.1,H2018P4LEA,H2019P4LEA,4,Español. Libro de lectura,11,162,https://historico.conaliteg.gob.mx/c/H2019P4LEA/011.jpg,e3ec57a40ba74b3530810a7dc4a3ceeb6e8b4ab2f0471a3e59631ed72d0f0489,322903,e3ec57a40ba74b3530810a7dc4a3ceeb6e8b4ab2f0471a3e59631ed72d0f0489,322903,200,image/jpeg,1,,1,1
LTMD_U1_W3_SPANISH_2018_2019_ROUTE_IDENTITY_0.1,H2018P4LEA,H2019P4LEA,4,Español. Libro de lectura,12,162,https://historico.conaliteg.gob.mx/c/H2019P4LEA/012.jpg,8b1644189eeca3e6b452981e8592023afbbbb5ef7d64c7eedccb207345e846bc,263011,8b1644189eeca3e6b452981e8592023afbbbb5ef7d64c7eedccb207345e846bc,263011,200,image/jpeg,1,,1,1
LTMD_U1_W3_SPANISH_2018_2019_ROUTE_IDENTITY_0.1,H2018P4LEA,H2019P4LEA,4,Español. Libro de lectura,13,162,https://historico.conaliteg.gob.mx/c/H2019P4LEA/013.jpg,75d365d00b2f1a820d78364239186fe760779b051280cfadb993cee894c66b12,249805,75d365d00b2f1a820d78364239186fe760779b051280cfadb993cee894c66b12,249805,200,image/jpeg,1,,1,1
LTMD_U1_W3_SPANISH_2018_2019_ROUTE_IDENTITY_0.1,H2018P4LEA,H2019P4LEA,4,Español. Libro de lectura,14,162,https://historico.conaliteg.gob.mx/c/H2019P4LEA/014.jpg,eea77ba519782b5b18fd2461c3dd507a2f73e923affaa4fe1eff8e0fae5b0d67,362061,eea77ba519782b5b18fd2461c3dd507a2f73e923affaa4fe1eff8e0fae5b0d67,362061,200,image/jpeg,1,,1,1
LTMD_U1_W3_SPANISH_2018_2019_ROUTE_IDENTITY_0.1,H2018P4LEA,H2019P4LEA,4,Español. Libro de lectura,15,162,https://historico.conaliteg.gob.mx/c/H2019P4LEA/015.jpg,37d3b26b9647e191b391f204715e3727fc373f9cae45c033b7b4999f1c710537,269915,37d3b26b9647e191b391f204715e3727fc373f9cae45c033b7b4999f1c710537,269915,200,image/jpeg,1,,1,1
LTMD_U1_W3_SPANISH_2018_2019_ROUTE_IDENTITY_0.1,H2018P4LEA,H2019P4LEA,4,Español. Libro de lectura,16,162,https://historico.conaliteg.gob.mx/c/H2019P4LEA/016.jpg,b87efa3ce37713aeaadfaa707a8b672e0a4dd9f0db703b22639490d564c67c2d,232441,b87efa3ce37713aeaadfaa707a8b672e0a4dd9f0db703b22639490d564c67c2d,232441,200,image/jpeg,1,,1,1
LTMD_U1_W3_SPANISH_2018_2019_ROUTE_IDENTITY_0.1,H2018P4LEA,H2019P4LEA,4,Español. Libro de lectura,17,162,https://historico.conaliteg.gob.mx/c/H2019P4LEA/017.jpg,edec1abf9e0b2763a86a97d327c7400b80c7e5d55c401be5d846a23067c26f1b,228595,edec1abf9e0b2763a86a97d327c7400b80c7e5d55c401be5d846a23067c26f1b,228595,200,image/jpeg,1,,1,1
LTMD_U1_W3_SPANISH_2018_2019_ROUTE_IDENTITY_0.1,H2018P4LEA,H2019P4LEA,4,Español. Libro de lectura,18,162,https://historico.conaliteg.gob.mx/c/H2019P4LEA/018.jpg,f626e60528e041585188fbeca5b31450528c4e706bb15cc6b2444fc147439496,211245,f626e60528e041585188fbeca5b31450528c4e706bb15cc6b2444fc147439496,211245,200,image/jpeg,1,,1,1
LTMD_U1_W3_SPANISH_2018_2019_ROUTE_IDENTITY_0.1,H2018P4LEA,H2019P4LEA,4,Español. Libro de lectura,19,162,https://historico.conaliteg.gob.mx/c/H2019P4LEA/019.jpg,0526e485dd7b72a265be1441d7fc7d9412f69825f1d3a1720535747df0420680,269300,0526e485dd7b72a265be1441d7fc7d9412f69825f1d3a1720535747df0420680,269300,200,image/jpeg,1,,1,1
LTMD_U1_W3_SPANISH_2018_2019_ROUTE_IDENTITY_0.1,H2018P4LEA,H2019P4LEA,4,Español. Libro de lectura,20,162,https://historico.conaliteg.gob.mx/c/H2019P4LEA/020.jpg,ca52409f3bd2301f9dae317bd90b64c5bb61d800ce44bd6ab6da874b0bb28b90,167050,ca52409f3bd2301f9dae317bd90b64c5bb61d800ce44bd6ab6da874b0bb28b90,167050,200,image/jpeg,1,,1,1
LTMD_U1_W3_SPANISH_2018_2019_ROUTE_IDENTITY_0.1,H2018P4LEA,H2019P4LEA,4,Español. Libro de lectura,21,162,https://historico.conaliteg.gob.mx/c/H2019P4LEA/021.jpg,19140172d2ac713eb77f6b591747a6032e1300ecbcfbdb487f553f8ac4d04290,156309,19140172d2ac713eb77f6b591747a6032e1300ecbcfbdb487f553f8ac4d04290,156309,200,image/jpeg,1,,1,1
LTMD_U1_W3_SPANISH_2018_2019_ROUTE_IDENTITY_0.1,H2018P4LEA,H2019P4LEA,4,Español. Libro de lectura,22,162,https://historico.conaliteg.gob.mx/c/H2019P4LEA/022.jpg,c6e147ab00e98adaae1cb70fabb56d0c6aace636122e020e1fd51aa24bb82eb8,243136,c6e147ab00e98adaae1cb70fabb56d0c6aace636122e020e1fd51aa24bb82eb8,243136,200,image/jpeg,1,,1,1
LTMD_U1_W3_SPANISH_2018_2019_ROUTE_IDENTITY_0.1,H2018P4LEA,H2019P4LEA,4,Español. Libro de lectura,23,162,https://historico.conaliteg.gob.mx/c/H2019P4LEA/023.jpg,85fb5767e6487637595fca0f649729008b645d43ad7490f1482c0066d87964f4,271205,85fb5767e6487637595fca0f649729008b645d43ad7490f1482c0066d87964f4,271205,200,image/jpeg,1,,1,1
LTMD_U1_W3_SPANISH_2018_2019_ROUTE_IDENTITY_0.1,H2018P4LEA,H2019P4LEA,4,Español. Libro de lectura,24,162,https://historico.conaliteg.gob.mx/c/H2019P4LEA/024.jpg,7d700b557e97b9a0879cf834383f9449575206601ae0c6d7f8e56c0097b8964c,312448,7d700b557e97b9a0879cf834383f9449575206601ae0c6d7f8e56c0097b8964c,312448,200,image/jpeg,1,,1,1
LTMD_U1_W3_SPANISH_2018_2019_ROUTE_IDENTITY_0.1,H2018P4LEA,H2019P4LEA,4,Español. Libro de lectura,25,162,https://historico.conaliteg.gob.mx/c/H2019P4LEA/025.jpg,ecf4ecdb0a874f2a8e1d2da250e054272565e24fba5d41fe3b67aa20ea4b34a4,248454,ecf4ecdb0a874f2a8e1d2da250e054272565e24fba5d41fe3b67aa20ea4b34a4,248454,200,image/jpeg,1,,1,1
LTMD_U1_W3_SPANISH_2018_2019_ROUTE_IDENTITY_0.1,H2018P4LEA,H2019P4LEA,4,Español. Libro de lectura,26,162,https://historico.conaliteg.gob.mx/c/H2019P4LEA/026.jpg,ff4a72f1487aa229f28198db25dd664f0f907c7fa41c41d17d3028a035343781,245769,ff4a72f1487aa229f28198db25dd664f0f907c7fa41c41d17d3028a035343781,245769,200,image/jpeg,1,,1,1
LTMD_U1_W3_SPANISH_2018_2019_ROUTE_IDENTITY_0.1,H2018P4LEA,H2019P4LEA,4,Español. Libro de lectura,27,162,https://historico.conaliteg.gob.mx/c/H2019P4LEA/027.jpg,184c4fe8aa1391e80cefcb9f795b7307a125cbc0401784a952151ad612a077e7,235526,184c4fe8aa1391e80cefcb9f795b7307a125cbc0401784a952151ad612a077e7,235526,200,image/jpeg,1,,1,1
LTMD_U1_W3_SPANISH_2018_2019_ROUTE_IDENTITY_0.1,H2018P4LEA,H2019P4LEA,4,Español. Libro de lectura,28,162,https://historico.conaliteg.gob.mx/c/H2019P4LEA/028.jpg,8ac4905b398995c4e4a8f0cde1699b1a9060ad873df3bd23c073a566d0f3ee3b,302908,8ac4905b398995c4e4a8f0cde1699b1a9060ad873df3bd23c073a566d0f3ee3b,302908,200,image/jpeg,1,,1,1
LTMD_U1_W3_SPANISH_2018_2019_ROUTE_IDENTITY_0.1,H2018P4LEA,H2019P4LEA,4,Español. Libro de lectura,29,162,https://historico.conaliteg.gob.mx/c/H2019P4LEA/029.jpg,3baa95e05b31e110bfb02993fcbfb7b1b3909a4c297801986492b9a493f0d6bd,256893,3baa95e05b31e110bfb02993fcbfb7b1b3909a4c297801986492b9a493f0d6bd,256893,200,image/jpeg,1,,1,1
LTMD_U1_W3_SPANISH_2018_2019_ROUTE_IDENTITY_0.1,H2018P4LEA,H2019P4LEA,4,Español. Libro de lectura,30,162,https://historico.conaliteg.gob.mx/c/H2019P4LEA/030.jpg,21aa8d701fca9dc23bd5de0aea5c7c0ce6b3a6793e7069bbf9e6144f3c3fbc01,275900,21aa8d701fca9dc23bd5de0aea5c7c0ce6b3a6793e7069bbf9e6144f3c3fbc01,275900,200,image/jpeg,1,,1,1
LTMD_U1_W3_SPANISH_2018_2019_ROUTE_IDENTITY_0.1,H2018P4LEA,H2019P4LEA,4,Español. Libro de lectura,31,162,https://historico.conaliteg.gob.mx/c/H2019P4LEA/031.jpg,75a7bca9a6107cbf807fb205a3ceac2e90cedb68e6c68b4ce0d554e8163f2943,272412,75a7bca9a6107cbf807fb205a3ceac2e90cedb68e6c68b4ce0d554e8163f2943,272412,200,image/jpeg,1,,1,1
LTMD_U1_W3_SPANISH_2018_2019_ROUTE_IDENTITY_0.1,H2018P4LEA,H2019P4LEA,4,Español. Libro de lectura,32,162,https://historico.conaliteg.gob.mx/c/H2019P4LEA/032.jpg,e5418804ad626a835d6bf06aa966c3c0dfea2dc4bd0ba6abaab17c56db6a1f6c,267658,e5418804ad626a835d6bf06aa966c3c0dfea2dc4bd0ba6abaab17c56db6a1f6c,267658,200,image/jpeg,1,,1,1
LTMD_U1_W3_SPANISH_2018_2019_ROUTE_IDENTITY_0.1,H2018P4LEA,H2019P4LEA,4,Español. Libro de lectura,33,162,https://historico.conaliteg.gob.mx/c/H2019P4LEA/033.jpg,8188038dc0ae213e97fa4d861059728844f8a9d9d9ddec303274ce9f052d8fa7,280231,8188038dc0ae213e97fa4d861059728844f8a9d9d9ddec303274ce9f052d8fa7,280231,200,image/jpeg,1,,1,1
LTMD_U1_W3_SPANISH_2018_2019_ROUTE_IDENTITY_0.1,H2018P4LEA,H2019P4LEA,4,Español. Libro de lectura,34,162,https://historico.conaliteg.gob.mx/c/H2019P4LEA/034.jpg,fbe80c5ca3bfb147c77bf4d5add1bc41676a48facab327e1f9a1fe69743a6be8,254183,fbe80c5ca3bfb147c77bf4d5add1bc41676a48facab327e1f9a1fe69743a6be8,254183,200,image/jpeg,1,,1,1
LTMD_U1_W3_SPANISH_2018_2019_ROUTE_IDENTITY_0.1,H2018P4LEA,H2019P4LEA,4,Español. Libro de lectura,35,162,https://historico.conaliteg.gob.mx/c/H2019P4LEA/035.jpg,73add1c51592cf07f8e55f47c83bc7c2e5cf02a1f3f33996292ce230676b1828,253482,73add1c51592cf07f8e55f47c83bc7c2e5cf02a1f3f33996292ce230676b1828,253482,200,image/jpeg,1,,1,1
LTMD_U1_W3_SPANISH_2018_2019_ROUTE_IDENTITY_0.1,H2018P4LEA,H2019P4LEA,4,Español. Libro de lectura,36,162,https://historico.conaliteg.gob.mx/c/H2019P4LEA/036.jpg,fccf74e38e1b58ff44f569b6649491d7c46c8c27030ad855fd567b2aa3064728,251303,fccf74e38e1b58ff44f569b6649491d7c46c8c27030ad855fd567b2aa3064728,251303,200,image/jpeg,1,,1,1
LTMD_U1_W3_SPANISH_2018_2019_ROUTE_IDENTITY_0.1,H2018P4LEA,H2019P4LEA,4,Español. Libro de lectura,37,162,https://historico.conaliteg.gob.mx/c/H2019P4LEA/037.jpg,d7d914416d4ff19b21cbec3caf23779668b3276d2b9559380ecd4d66b14337c2,231795,d7d914416d4ff19b21cbec3caf23779668b3276d2b9559380ecd4d66b14337c2,231795,200,image/jpeg,1,,1,1
LTMD_U1_W3_SPANISH_2018_2019_ROUTE_IDENTITY_0.1,H2018P4LEA,H2019P4LEA,4,Español. Libro de lectura,38,162,https://historico.conaliteg.gob.mx/c/H2019P4LEA/038.jpg,1fafc72d416ca9aa92ad86576a7d7786e4d762434930e25cd7ff2c2341796531,253382,1fafc72d416ca9aa92ad86576a7d7786e4d762434930e25cd7ff2c2341796531,253382,200,image/jpeg,1,,1,1
LTMD_U1_W3_SPANISH_2018_2019_ROUTE_IDENTITY_0.1,H2018P4LEA,H2019P4LEA,4,Español. Libro de lectura,39,162,https://historico.conaliteg.gob.mx/c/H2019P4LEA/039.jpg,77132207248974bd99e2f88ea0b6148abaab666c2efd17623fda8d753d74a859,239766,77132207248974bd99e2f88ea0b6148abaab666c2efd17623fda8d753d74a859,239766,200,image/jpeg,1,,1,1
LTMD_U1_W3_SPANISH_2018_2019_ROUTE_IDENTITY_0.1,H2018P4LEA,H2019P4LEA,4,Español. Libro de lectura,40,162,https://historico.conaliteg.gob.mx/c/H2019P4LEA/040.jpg,13286552ca2903c9ad5a6241f5b41143e80815b6c60e066457aaa6da02aa2ce4,218251,13286552ca2903c9ad5a6241f5b41143e80815b6c60e066457aaa6da02aa2ce4,218251,200,image/jpeg,1,,1,1
LTMD_U1_W3_SPANISH_2018_2019_ROUTE_IDENTITY_0.1,H2018P4LEA,H2019P4LEA,4,Español. Libro de lectura,41,162,https://historico.conaliteg.gob.mx/c/H2019P4LEA/041.jpg,d221c2688c67a7063817bde0da9e5b1d121ec2ccd527c3870af4cab5c80a34cc,240920,d221c2688c67a7063817bde0da9e5b1d121ec2ccd527c3870af4cab5c80a34cc,240920,200,image/jpeg,1,,1,1
LTMD_U1_W3_SPANISH_2018_2019_ROUTE_IDENTITY_0.1,H2018P4LEA,H2019P4LEA,4,Español. Libro de lectura,42,162,https://historico.conaliteg.gob.mx/c/H2019P4LEA/042.jpg,7630edc9fb912a8d0ddba78beaeb8e85506ac1e17cc448396c0be1135592590f,249423,7630edc9fb912a8d0ddba78beaeb8e85506ac1e17cc448396c0be1135592590f,249423,200,image/jpeg,1,,1,1
LTMD_U1_W3_SPANISH_2018_2019_ROUTE_IDENTITY_0.1,H2018P4LEA,H2019P4LEA,4,Español. Libro de lectura,43,162,https://historico.conaliteg.gob.mx/c/H2019P4LEA/043.jpg,9fde0f3236fe634cadd881400bcc2f603d5926df5cf9c3fdd2719a8664f6f7c0,262942,9fde0f3236fe634cadd881400bcc2f603d5926df5cf9c3fdd2719a8664f6f7c0,262942,200,image/jpeg,1,,1,1
LTMD_U1_W3_SPANISH_2018_2019_ROUTE_IDENTITY_0.1,H2018P4LEA,H2019P4LEA,4,Español. Libro de lectura,44,162,https://historico.conaliteg.gob.mx/c/H2019P4LEA/044.jpg,43bed2ade4b8864c89323dd2fd9082cb203642c433c810644828eda6ce3567b7,253588,43bed2ade4b8864c89323dd2fd9082cb203642c433c810644828eda6ce3567b7,253588,200,image/jpeg,1,,1,1
LTMD_U1_W3_SPANISH_2018_2019_ROUTE_IDENTITY_0.1,H2018P4LEA,H2019P4LEA,4,Español. Libro de lectura,45,162,https://historico.conaliteg.gob.mx/c/H2019P4LEA/045.jpg,9d6fc725f300673dd0b202456566ec161c1e408b473949d88d789cee5a631e4e,242659,9d6fc725f300673dd0b202456566ec161c1e408b473949d88d789cee5a631e4e,242659,200,image/jpeg,1,,1,1
LTMD_U1_W3_SPANISH_2018_2019_ROUTE_IDENTITY_0.1,H2018P4LEA,H2019P4LEA,4,Español. Libro de lectura,46,162,https://historico.conaliteg.gob.mx/c/H2019P4LEA/046.jpg,590d0de0e0a056d454a9c4a08db10ec217274cdbd40439c333dd286032e1bb98,252835,590d0de0e0a056d454a9c4a08db10ec217274cdbd40439c333dd286032e1bb98,252835,200,image/jpeg,1,,1,1
LTMD_U1_W3_SPANISH_2018_2019_ROUTE_IDENTITY_0.1,H2018P4LEA,H2019P4LEA,4,Español. Libro de lectura,47,162,https://historico.conaliteg.gob.mx/c/H2019P4LEA/047.jpg,ef6d11787cdf6f0c2c0615ad0f9de3ccacd2da5e180f6bfe3304b667f2a8d1d4,271441,ef6d11787cdf6f0c2c0615ad0f9de3ccacd2da5e180f6bfe3304b667f2a8d1d4,271441,200,image/jpeg,1,,1,1
LTMD_U1_W3_SPANISH_2018_2019_ROUTE_IDENTITY_0.1,H2018P4LEA,H2019P4LEA,4,Español. Libro de lectura,48,162,https://historico.conaliteg.gob.mx/c/H2019P4LEA/048.jpg,5884d0f03e4128ff612551c538657b22714fe365ac10cd766641e4ab22df13d5,265237,5884d0f03e4128ff612551c538657b22714fe365ac10cd766641e4ab22df13d5,265237,200,image/jpeg,1,,1,1
LTMD_U1_W3_SPANISH_2018_2019_ROUTE_IDENTITY_0.1,H2018P4LEA,H2019P4LEA,4,Español. Libro de lectura,49,162,https://historico.conaliteg.gob.mx/c/H2019P4LEA/049.jpg,d0b2e19c80838e5643f1db166977d0b17aa2ea4549fc0e1ab7334902edf0ddbf,283588,d0b2e19c80838e5643f1db166977d0b17aa2ea4549fc0e1ab7334902edf0ddbf,283588,200,image/jpeg,1,,1,1
LTMD_U1_W3_SPANISH_2018_2019_ROUTE_IDENTITY_0.1,H2018P4LEA,H2019P4LEA,4,Español. Libro de lectura,50,162,https://historico.conaliteg.gob.mx/c/H2019P4LEA/050.jpg,bd490c2620b84397984ae55d7ac3bc68e28586f9f3d67f938df44cd8a892e8b0,326848,bd490c2620b84397984ae55d7ac3bc68e28586f9f3d67f938df44cd8a892e8b0,326848,200,image/jpeg,1,,1,1
LTMD_U1_W3_SPANISH_2018_2019_ROUTE_IDENTITY_0.1,H2018P4LEA,H2019P4LEA,4,Español. Libro de lectura,51,162,https://historico.conaliteg.gob.mx/c/H2019P4LEA/051.jpg,b607332adfedf1d3436b68ef9266eb83271857ffc83dbef1b10a719764e97dfc,326574,b607332adfedf1d3436b68ef9266eb83271857ffc83dbef1b10a719764e97dfc,326574,200,image/jpeg,1,,1,1
LTMD_U1_W3_SPANISH_2018_2019_ROUTE_IDENTITY_0.1,H2018P4LEA,H2019P4LEA,4,Español. Libro de lectura,52,162,https://historico.conaliteg.gob.mx/c/H2019P4LEA/052.jpg,04d18eeb224cc6b3a8a8f2df70708f2e5051f26a8a3063eb1568419aaeb1fc8f,178798,04d18eeb224cc6b3a8a8f2df70708f2e5051f26a8a3063eb1568419aaeb1fc8f,178798,200,image/jpeg,1,,1,1
LTMD_U1_W3_SPANISH_2018_2019_ROUTE_IDENTITY_0.1,H2018P4LEA,H2019P4LEA,4,Español. Libro de lectura,53,162,https://historico.conaliteg.gob.mx/c/H2019P4LEA/053.jpg,a8bc951db5e5b6c275114fe905b1a7bb80b5b65ed986d4fdca88e17ea12fae36,186592,a8bc951db5e5b6c275114fe905b1a7bb80b5b65ed986d4fdca88e17ea12fae36,186592,200,image/jpeg,1,,1,1
LTMD_U1_W3_SPANISH_2018_2019_ROUTE_IDENTITY_0.1,H2018P4LEA,H2019P4LEA,4,Español. Libro de lectura,54,162,https://historico.conaliteg.gob.mx/c/H2019P4LEA/054.jpg,e2e7757e061bcbd1f131386c44d3d0467e26c74d7faf5ef9477d65b44d3c82f1,327180,e2e7757e061bcbd1f131386c44d3d0467e26c74d7faf5ef9477d65b44d3c82f1,327180,200,image/jpeg,1,,1,1
LTMD_U1_W3_SPANISH_2018_2019_ROUTE_IDENTITY_0.1,H2018P4LEA,H2019P4LEA,4,Español. Libro de lectura,55,162,https://historico.conaliteg.gob.mx/c/H2019P4LEA/055.jpg,92196706e9e6bb8c67df43edbb8a01495df63f256c23bfd316f29738b8804569,258964,92196706e9e6bb8c67df43edbb8a01495df63f256c23bfd316f29738b8804569,258964,200,image/jpeg,1,,1,1
LTMD_U1_W3_SPANISH_2018_2019_ROUTE_IDENTITY_0.1,H2018P4LEA,H2019P4LEA,4,Español. Libro de lectura,56,162,https://historico.conaliteg.gob.mx/c/H2019P4LEA/056.jpg,141804c4b8189f1120ba046ae6cfa639e1d89023300a5a8d6b0b0b8552547859,513771,141804c4b8189f1120ba046ae6cfa639e1d89023300a5a8d6b0b0b8552547859,513771,200,image/jpeg,1,,1,1
LTMD_U1_W3_SPANISH_2018_2019_ROUTE_IDENTITY_0.1,H2018P4LEA,H2019P4LEA,4,Español. Libro de lectura,57,162,https://historico.conaliteg.gob.mx/c/H2019P4LEA/057.jpg,108186c54e8e58ad0685983d99f4b8a77b73912e6e44bbac6fa67e3d0a8d6b22,556057,108186c54e8e58ad0685983d99f4b8a77b73912e6e44bbac6fa67e3d0a8d6b22,556057,200,image/jpeg,1,,1,1
LTMD_U1_W3_SPANISH_2018_2019_ROUTE_IDENTITY_0.1,H2018P4LEA,H2019P4LEA,4,Español. Libro de lectura,58,162,https://historico.conaliteg.gob.mx/c/H2019P4LEA/058.jpg,35f3d29fe6702733a9460fa3f36c1d3e7e8ba3329dd226d18a6fb43fa156fc12,544480,35f3d29fe6702733a9460fa3f36c1d3e7e8ba3329dd226d18a6fb43fa156fc12,544480,200,image/jpeg,1,,1,1
LTMD_U1_W3_SPANISH_2018_2019_ROUTE_IDENTITY_0.1,H2018P4LEA,H2019P4LEA,4,Español. Libro de lectura,59,162,https://historico.conaliteg.gob.mx/c/H2019P4LEA/059.jpg,ee8029e13e6774a7af1e50d5c574e378e6a1e248decc2dc0be09f9f682d72f83,526633,ee8029e13e6774a7af1e50d5c574e378e6a1e248decc2dc0be09f9f682d72f83,526633,200,image/jpeg,1,,1,1
LTMD_U1_W3_SPANISH_2018_2019_ROUTE_IDENTITY_0.1,H2018P4LEA,H2019P4LEA,4,Español. Libro de lectura,60,162,https://historico.conaliteg.gob.mx/c/H2019P4LEA/060.jpg,6acd289cf242e2e2de3097b8a285d02926039b774b6255a99f2854c889759962,343695,6acd289cf242e2e2de3097b8a285d02926039b774b6255a99f2854c889759962,343695,200,image/jpeg,1,,1,1
LTMD_U1_W3_SPANISH_2018_2019_ROUTE_IDENTITY_0.1,H2018P4LEA,H2019P4LEA,4,Español. Libro de lectura,61,162,https://historico.conaliteg.gob.mx/c/H2019P4LEA/061.jpg,02d7c38f48ed22272e6228b58c46e5edf1ecfc3f9ebe4799dd1489c79287a9bd,338675,02d7c38f48ed22272e6228b58c46e5edf1ecfc3f9ebe4799dd1489c79287a9bd,338675,200,image/jpeg,1,,1,1
LTMD_U1_W3_SPANISH_2018_2019_ROUTE_IDENTITY_0.1,H2018P4LEA,H2019P4LEA,4,Español. Libro de lectura,62,162,https://historico.conaliteg.gob.mx/c/H2019P4LEA/062.jpg,ab880983479575e27820d6798af4f38d16d350bce0b352b4a3d239cd1b67f496,316550,ab880983479575e27820d6798af4f38d16d350bce0b352b4a3d239cd1b67f496,316550,200,image/jpeg,1,,1,1
LTMD_U1_W3_SPANISH_2018_2019_ROUTE_IDENTITY_0.1,H2018P4LEA,H2019P4LEA,4,Español. Libro de lectura,63,162,https://historico.conaliteg.gob.mx/c/H2019P4LEA/063.jpg,e06246d2da5200b8c98f2c2c139d98c7863417a0b0301569743f98072d6b8cc5,290719,e06246d2da5200b8c98f2c2c139d98c7863417a0b0301569743f98072d6b8cc5,290719,200,image/jpeg,1,,1,1
LTMD_U1_W3_SPANISH_2018_2019_ROUTE_IDENTITY_0.1,H2018P4LEA,H2019P4LEA,4,Español. Libro de lectura,64,162,https://historico.conaliteg.gob.mx/c/H2019P4LEA/064.jpg,e7dc45bb1f0344a613cfb4ea8dee1d4eef0ccd00dc804cf0d71c567cb4206d51,306831,e7dc45bb1f0344a613cfb4ea8dee1d4eef0ccd00dc804cf0d71c567cb4206d51,306831,200,image/jpeg,1,,1,1
LTMD_U1_W3_SPANISH_2018_2019_ROUTE_IDENTITY_0.1,H2018P4LEA,H2019P4LEA,4,Español. Libro de lectura,65,162,https://historico.conaliteg.gob.mx/c/H2019P4LEA/065.jpg,c0dfaf901ea4a882384b5af8cf1a6384cf70e2b57f38f7e80bb04230eae61833,298232,c0dfaf901ea4a882384b5af8cf1a6384cf70e2b57f38f7e80bb04230eae61833,298232,200,image/jpeg,1,,1,1
LTMD_U1_W3_SPANISH_2018_2019_ROUTE_IDENTITY_0.1,H2018P4LEA,H2019P4LEA,4,Español. Libro de lectura,66,162,https://historico.conaliteg.gob.mx/c/H2019P4LEA/066.jpg,423865b6c388741e16f5536421a3728c9917f99442f17f08b1b15b9bae9d39d5,200365,423865b6c388741e16f5536421a3728c9917f99442f17f08b1b15b9bae9d39d5,200365,200,image/jpeg,1,,1,1
LTMD_U1_W3_SPANISH_2018_2019_ROUTE_IDENTITY_0.1,H2018P4LEA,H2019P4LEA,4,Español. Libro de lectura,67,162,https://historico.conaliteg.gob.mx/c/H2019P4LEA/067.jpg,9c2df06b287b6363451ba96d4fca459ea8d170dff9adfd312e8feed1258b8968,230953,9c2df06b287b6363451ba96d4fca459ea8d170dff9adfd312e8feed1258b8968,230953,200,image/jpeg,1,,1,1
LTMD_U1_W3_SPANISH_2018_2019_ROUTE_IDENTITY_0.1,H2018P4LEA,H2019P4LEA,4,Español. Libro de lectura,68,162,https://historico.conaliteg.gob.mx/c/H2019P4LEA/068.jpg,9e1c1a5473b7fd77c0abcf50f0d054f96a27cbc9ccfe504724876f47fa8d4e27,269335,9e1c1a5473b7fd77c0abcf50f0d054f96a27cbc9ccfe504724876f47fa8d4e27,269335,200,image/jpeg,1,,1,1
LTMD_U1_W3_SPANISH_2018_2019_ROUTE_IDENTITY_0.1,H2018P4LEA,H2019P4LEA,4,Español. Libro de lectura,69,162,https://historico.conaliteg.gob.mx/c/H2019P4LEA/069.jpg,dc08602a5520c41e609ddfcafa696a036b85fe8473f70df7a29332f0030ce8fc,279287,dc08602a5520c41e609ddfcafa696a036b85fe8473f70df7a29332f0030ce8fc,279287,200,image/jpeg,1,,1,1
LTMD_U1_W3_SPANISH_2018_2019_ROUTE_IDENTITY_0.1,H2018P4LEA,H2019P4LEA,4,Español. Libro de lectura,70,162,https://historico.conaliteg.gob.mx/c/H2019P4LEA/070.jpg,725745388c1f4e8441392e9ce1f7aa0302c5e70e6385ff0ce61943bb40fa5741,283327,725745388c1f4e8441392e9ce1f7aa0302c5e70e6385ff0ce61943bb40fa5741,283327,200,image/jpeg,1,,1,1
LTMD_U1_W3_SPANISH_2018_2019_ROUTE_IDENTITY_0.1,H2018P4LEA,H2019P4LEA,4,Español. Libro de lectura,71,162,https://historico.conaliteg.gob.mx/c/H2019P4LEA/071.jpg,517922ecec1ce3410c76e4192577bbfba3137b745a84f06d7da8e6ebede4855f,246061,517922ecec1ce3410c76e4192577bbfba3137b745a84f06d7da8e6ebede4855f,246061,200,image/jpeg,1,,1,1
LTMD_U1_W3_SPANISH_2018_2019_ROUTE_IDENTITY_0.1,H2018P4LEA,H2019P4LEA,4,Español. Libro de lectura,72,162,https://historico.conaliteg.gob.mx/c/H2019P4LEA/072.jpg,7ac74579acc7f9bd78f2761080e90255ac9f2fa5e855bf86eb677d606207d6a9,254938,7ac74579acc7f9bd78f2761080e90255ac9f2fa5e855bf86eb677d606207d6a9,254938,200,image/jpeg,1,,1,1
LTMD_U1_W3_SPANISH_2018_2019_ROUTE_IDENTITY_0.1,H2018P4LEA,H2019P4LEA,4,Español. Libro de lectura,73,162,https://historico.conaliteg.gob.mx/c/H2019P4LEA/073.jpg,cf8ac6ad2b4ed577e2cbebe56d314d51998de1273c1223365622c3c64a310eb3,197017,cf8ac6ad2b4ed577e2cbebe56d314d51998de1273c1223365622c3c64a310eb3,197017,200,image/jpeg,1,,1,1
LTMD_U1_W3_SPANISH_2018_2019_ROUTE_IDENTITY_0.1,H2018P4LEA,H2019P4LEA,4,Español. Libro de lectura,74,162,https://historico.conaliteg.gob.mx/c/H2019P4LEA/074.jpg,ba300caa657a771cc1e66c8d5213eea4932ab6e6aa6f0c6715922c93b6dce256,315450,ba300caa657a771cc1e66c8d5213eea4932ab6e6aa6f0c6715922c93b6dce256,315450,200,image/jpeg,1,,1,1
LTMD_U1_W3_SPANISH_2018_2019_ROUTE_IDENTITY_0.1,H2018P4LEA,H2019P4LEA,4,Español. Libro de lectura,75,162,https://historico.conaliteg.gob.mx/c/H2019P4LEA/075.jpg,d252afa69fb622570e9fc2eda7026a35f3078e8df5a68c46a1f7a4d69a1c47b0,315954,d252afa69fb622570e9fc2eda7026a35f3078e8df5a68c46a1f7a4d69a1c47b0,315954,200,image/jpeg,1,,1,1
LTMD_U1_W3_SPANISH_2018_2019_ROUTE_IDENTITY_0.1,H2018P4LEA,H2019P4LEA,4,Español. Libro de lectura,76,162,https://historico.conaliteg.gob.mx/c/H2019P4LEA/076.jpg,8937a8d674ed56accca4fc1511b68767f150e481f550c3d8b2876e74206e147f,339745,8937a8d674ed56accca4fc1511b68767f150e481f550c3d8b2876e74206e147f,339745,200,image/jpeg,1,,1,1
LTMD_U1_W3_SPANISH_2018_2019_ROUTE_IDENTITY_0.1,H2018P4LEA,H2019P4LEA,4,Español. Libro de lectura,77,162,https://historico.conaliteg.gob.mx/c/H2019P4LEA/077.jpg,d445104e81f0a25a94e262a2fdfcab8f02626a60a9e24031a87270e58b8804ef,353777,d445104e81f0a25a94e262a2fdfcab8f02626a60a9e24031a87270e58b8804ef,353777,200,image/jpeg,1,,1,1
LTMD_U1_W3_SPANISH_2018_2019_ROUTE_IDENTITY_0.1,H2018P4LEA,H2019P4LEA,4,Español. Libro de lectura,78,162,https://historico.conaliteg.gob.mx/c/H2019P4LEA/078.jpg,adce5d7460bef209409253b7344a67e6dd25f07dec52b0f76b3805daca7fb4e2,341065,adce5d7460bef209409253b7344a67e6dd25f07dec52b0f76b3805daca7fb4e2,341065,200,image/jpeg,1,,1,1
LTMD_U1_W3_SPANISH_2018_2019_ROUTE_IDENTITY_0.1,H2018P4LEA,H2019P4LEA,4,Español. Libro de lectura,79,162,https://historico.conaliteg.gob.mx/c/H2019P4LEA/079.jpg,81fa74e8b388c3573729e049d4f1471420bbeca01308bab84845351a6a3c92c0,342727,81fa74e8b388c3573729e049d4f1471420bbeca01308bab84845351a6a3c92c0,342727,200,image/jpeg,1,,1,1
LTMD_U1_W3_SPANISH_2018_2019_ROUTE_IDENTITY_0.1,H2018P4LEA,H2019P4LEA,4,Español. Libro de lectura,80,162,https://historico.conaliteg.gob.mx/c/H2019P4LEA/080.jpg,013205415db6d9f4b4ff096c1c4db2bf3272f13791bfae68c1b9b01b8ba5537c,277879,013205415db6d9f4b4ff096c1c4db2bf3272f13791bfae68c1b9b01b8ba5537c,277879,200,image/jpeg,1,,1,1
LTMD_U1_W3_SPANISH_2018_2019_ROUTE_IDENTITY_0.1,H2018P4LEA,H2019P4LEA,4,Español. Libro de lectura,81,162,https://historico.conaliteg.gob.mx/c/H2019P4LEA/081.jpg,2db486bad0c58ace7dcf680be1dec618fb82728f272aad434f1b442db8fce16c,278246,2db486bad0c58ace7dcf680be1dec618fb82728f272aad434f1b442db8fce16c,278246,200,image/jpeg,1,,1,1
LTMD_U1_W3_SPANISH_2018_2019_ROUTE_IDENTITY_0.1,H2018P4LEA,H2019P4LEA,4,Español. Libro de lectura,82,162,https://historico.conaliteg.gob.mx/c/H2019P4LEA/082.jpg,7ce995af192dac5797e888d42399812aa2af94ecc9ffc2dcad3308c346c12807,291770,7ce995af192dac5797e888d42399812aa2af94ecc9ffc2dcad3308c346c12807,291770,200,image/jpeg,1,,1,1
LTMD_U1_W3_SPANISH_2018_2019_ROUTE_IDENTITY_0.1,H2018P4LEA,H2019P4LEA,4,Español. Libro de lectura,83,162,https://historico.conaliteg.gob.mx/c/H2019P4LEA/083.jpg,59e19d593e5e594e21b75de04372b5cc7c83305e0917b6b6631557fc1d87c7e7,258136,59e19d593e5e594e21b75de04372b5cc7c83305e0917b6b6631557fc1d87c7e7,258136,200,image/jpeg,1,,1,1
LTMD_U1_W3_SPANISH_2018_2019_ROUTE_IDENTITY_0.1,H2018P4LEA,H2019P4LEA,4,Español. Libro de lectura,84,162,https://historico.conaliteg.gob.mx/c/H2019P4LEA/084.jpg,4ee73c79ef4e321431fa8a9a0bc2d393bb55737ecda1f7a2ddb65333f0723f86,274536,4ee73c79ef4e321431fa8a9a0bc2d393bb55737ecda1f7a2ddb65333f0723f86,274536,200,image/jpeg,1,,1,1
LTMD_U1_W3_SPANISH_2018_2019_ROUTE_IDENTITY_0.1,H2018P4LEA,H2019P4LEA,4,Español. Libro de lectura,85,162,https://historico.conaliteg.gob.mx/c/H2019P4LEA/085.jpg,c95f6f396d77c3b29d11205ad529e9979ed69bdee1b6fd66b734c00ec205f405,308134,c95f6f396d77c3b29d11205ad529e9979ed69bdee1b6fd66b734c00ec205f405,308134,200,image/jpeg,1,,1,1
LTMD_U1_W3_SPANISH_2018_2019_ROUTE_IDENTITY_0.1,H2018P4LEA,H2019P4LEA,4,Español. Libro de lectura,86,162,https://historico.conaliteg.gob.mx/c/H2019P4LEA/086.jpg,21dd30d3d65b5ae9da417a22ffabb60535761fbe0121bb389c7a92c348076ca1,312173,21dd30d3d65b5ae9da417a22ffabb60535761fbe0121bb389c7a92c348076ca1,312173,200,image/jpeg,1,,1,1
LTMD_U1_W3_SPANISH_2018_2019_ROUTE_IDENTITY_0.1,H2018P4LEA,H2019P4LEA,4,Español. Libro de lectura,87,162,https://historico.conaliteg.gob.mx/c/H2019P4LEA/087.jpg,498cbcff53a5dd60d27e7abf2ed969b749919eb1fd2ca954e352f0ef44940275,267150,498cbcff53a5dd60d27e7abf2ed969b749919eb1fd2ca954e352f0ef44940275,267150,200,image/jpeg,1,,1,1
LTMD_U1_W3_SPANISH_2018_2019_ROUTE_IDENTITY_0.1,H2018P4LEA,H2019P4LEA,4,Español. Libro de lectura,88,162,https://historico.conaliteg.gob.mx/c/H2019P4LEA/088.jpg,ecb56d58a81f6d99ca5644998e590ec8ce2023d76ae5efd5dbe20f2ab1e7a5a5,219947,ecb56d58a81f6d99ca5644998e590ec8ce2023d76ae5efd5dbe20f2ab1e7a5a5,219947,200,image/jpeg,1,,1,1
LTMD_U1_W3_SPANISH_2018_2019_ROUTE_IDENTITY_0.1,H2018P4LEA,H2019P4LEA,4,Español. Libro de lectura,89,162,https://historico.conaliteg.gob.mx/c/H2019P4LEA/089.jpg,c7df1850d84a967513e5fff7d9da2810c3effbb58c48feac80e764035a37957c,246273,c7df1850d84a967513e5fff7d9da2810c3effbb58c48feac80e764035a37957c,246273,200,image/jpeg,1,,1,1
LTMD_U1_W3_SPANISH_2018_2019_ROUTE_IDENTITY_0.1,H2018P4LEA,H2019P4LEA,4,Español. Libro de lectura,90,162,https://historico.conaliteg.gob.mx/c/H2019P4LEA/090.jpg,8a32a1065e3954e7351899f098ef4361369ac24c703ddc6f0f5f7a481a7244b9,249829,8a32a1065e3954e7351899f098ef4361369ac24c703ddc6f0f5f7a481a7244b9,249829,200,image/jpeg,1,,1,1
LTMD_U1_W3_SPANISH_2018_2019_ROUTE_IDENTITY_0.1,H2018P4LEA,H2019P4LEA,4,Español. Libro de lectura,91,162,https://historico.conaliteg.gob.mx/c/H2019P4LEA/091.jpg,3367907ae743e998e1b40a22195c2949f146b98a7d79d58c1216d121cecf2f92,206058,3367907ae743e998e1b40a22195c2949f146b98a7d79d58c1216d121cecf2f92,206058,200,image/jpeg,1,,1,1
LTMD_U1_W3_SPANISH_2018_2019_ROUTE_IDENTITY_0.1,H2018P4LEA,H2019P4LEA,4,Español. Libro de lectura,92,162,https://historico.conaliteg.gob.mx/c/H2019P4LEA/092.jpg,6b5832c4677bf077b4c3fd856f8bd2dc5c4e3ab93d8d9f4d8ef809f026709d64,279932,6b5832c4677bf077b4c3fd856f8bd2dc5c4e3ab93d8d9f4d8ef809f026709d64,279932,200,image/jpeg,1,,1,1
LTMD_U1_W3_SPANISH_2018_2019_ROUTE_IDENTITY_0.1,H2018P4LEA,H2019P4LEA,4,Español. Libro de lectura,93,162,https://historico.conaliteg.gob.mx/c/H2019P4LEA/093.jpg,76d6a2b61ee76866056da6d527f9b44ea0215b0eb9bac325226615264dc920e8,280299,76d6a2b61ee76866056da6d527f9b44ea0215b0eb9bac325226615264dc920e8,280299,200,image/jpeg,1,,1,1
LTMD_U1_W3_SPANISH_2018_2019_ROUTE_IDENTITY_0.1,H2018P4LEA,H2019P4LEA,4,Español. Libro de lectura,94,162,https://historico.conaliteg.gob.mx/c/H2019P4LEA/094.jpg,b8cef7ae2d825a25bdd722f558407a649b504e78b6001cb07e522a3b6508d9e3,230091,b8cef7ae2d825a25bdd722f558407a649b504e78b6001cb07e522a3b6508d9e3,230091,200,image/jpeg,1,,1,1
LTMD_U1_W3_SPANISH_2018_2019_ROUTE_IDENTITY_0.1,H2018P4LEA,H2019P4LEA,4,Español. Libro de lectura,95,162,https://historico.conaliteg.gob.mx/c/H2019P4LEA/095.jpg,6edae2c9b9c46cfb49cdc60ef7bd8473f7ad5120a28a34fa66813f495bafffc2,334170,6edae2c9b9c46cfb49cdc60ef7bd8473f7ad5120a28a34fa66813f495bafffc2,334170,200,image/jpeg,1,,1,1
LTMD_U1_W3_SPANISH_2018_2019_ROUTE_IDENTITY_0.1,H2018P4LEA,H2019P4LEA,4,Español. Libro de lectura,96,162,https://historico.conaliteg.gob.mx/c/H2019P4LEA/096.jpg,96449fb4b5a37fe32d8fd5ea35cb4b3dae92cd15188a5332e886f874e235b0c9,227896,96449fb4b5a37fe32d8fd5ea35cb4b3dae92cd15188a5332e886f874e235b0c9,227896,200,image/jpeg,1,,1,1
LTMD_U1_W3_SPANISH_2018_2019_ROUTE_IDENTITY_0.1,H2018P4LEA,H2019P4LEA,4,Español. Libro de lectura,97,162,https://historico.conaliteg.gob.mx/c/H2019P4LEA/097.jpg,2b5a5685939d08dac626f8bf4702636cfcb4f35c9ef35ebf861d17bd09b41a7b,246437,2b5a5685939d08dac626f8bf4702636cfcb4f35c9ef35ebf861d17bd09b41a7b,246437,200,image/jpeg,1,,1,1
LTMD_U1_W3_SPANISH_2018_2019_ROUTE_IDENTITY_0.1,H2018P4LEA,H2019P4LEA,4,Español. Libro de lectura,98,162,https://historico.conaliteg.gob.mx/c/H2019P4LEA/098.jpg,be60b6be672960fb93462435e39ec5700c0ace1902628db9bf3c93520a257fe4,214674,be60b6be672960fb93462435e39ec5700c0ace1902628db9bf3c93520a257fe4,214674,200,image/jpeg,1,,1,1
LTMD_U1_W3_SPANISH_2018_2019_ROUTE_IDENTITY_0.1,H2018P4LEA,H2019P4LEA,4,Español. Libro de lectura,99,162,https://historico.conaliteg.gob.mx/c/H2019P4LEA/099.jpg,e4076a62e01a9390c016d7dd66337a314775c93a59ebde690fde89f9077af853,224166,e4076a62e01a9390c016d7dd66337a314775c93a59ebde690fde89f9077af853,224166,200,image/jpeg,1,,1,1
LTMD_U1_W3_SPANISH_2018_2019_ROUTE_IDENTITY_0.1,H2018P4LEA,H2019P4LEA,4,Español. Libro de lectura,100,162,https://historico.conaliteg.gob.mx/c/H2019P4LEA/100.jpg,bee9f67292abde54cd2860b0957aedb3bbb747a83ab7575b48f3ee117a8034a8,213481,bee9f67292abde54cd2860b0957aedb3bbb747a83ab7575b48f3ee117a8034a8,213481,200,image/jpeg,1,,1,1
LTMD_U1_W3_SPANISH_2018_2019_ROUTE_IDENTITY_0.1,H2018P4LEA,H2019P4LEA,4,Español. Libro de lectura,101,162,https://historico.conaliteg.gob.mx/c/H2019P4LEA/101.jpg,956499b2cd5c4100c060a502054d86f7252201c906584a3f9bd7a1c851eb3fa9,228579,956499b2cd5c4100c060a502054d86f7252201c906584a3f9bd7a1c851eb3fa9,228579,200,image/jpeg,1,,1,1
LTMD_U1_W3_SPANISH_2018_2019_ROUTE_IDENTITY_0.1,H2018P4LEA,H2019P4LEA,4,Español. Libro de lectura,102,162,https://historico.conaliteg.gob.mx/c/H2019P4LEA/102.jpg,e16f9b956cf90b7f01cf2a6c8eb6fa863f1f212838331c6d792a2aa5ed33e6eb,300577,e16f9b956cf90b7f01cf2a6c8eb6fa863f1f212838331c6d792a2aa5ed33e6eb,300577,200,image/jpeg,1,,1,1
LTMD_U1_W3_SPANISH_2018_2019_ROUTE_IDENTITY_0.1,H2018P4LEA,H2019P4LEA,4,Español. Libro de lectura,103,162,https://historico.conaliteg.gob.mx/c/H2019P4LEA/103.jpg,41a00c7bbcbb50fd55f08bbf86e6dde69112f795abe42b795ef25e5f54d993e1,303362,41a00c7bbcbb50fd55f08bbf86e6dde69112f795abe42b795ef25e5f54d993e1,303362,200,image/jpeg,1,,1,1
LTMD_U1_W3_SPANISH_2018_2019_ROUTE_IDENTITY_0.1,H2018P4LEA,H2019P4LEA,4,Español. Libro de lectura,104,162,https://historico.conaliteg.gob.mx/c/H2019P4LEA/104.jpg,c99de11afc28a476392fa6ebffae17c85f37f69f98841e4d08b230c7f6b144c1,285647,c99de11afc28a476392fa6ebffae17c85f37f69f98841e4d08b230c7f6b144c1,285647,200,image/jpeg,1,,1,1
LTMD_U1_W3_SPANISH_2018_2019_ROUTE_IDENTITY_0.1,H2018P4LEA,H2019P4LEA,4,Español. Libro de lectura,105,162,https://historico.conaliteg.gob.mx/c/H2019P4LEA/105.jpg,1221654c55a5a473ba3c7891e47368414c49ad4e3edf1136c6c6b64117f8b7f3,287083,1221654c55a5a473ba3c7891e47368414c49ad4e3edf1136c6c6b64117f8b7f3,287083,200,image/jpeg,1,,1,1
LTMD_U1_W3_SPANISH_2018_2019_ROUTE_IDENTITY_0.1,H2018P4LEA,H2019P4LEA,4,Español. Libro de lectura,106,162,https://historico.conaliteg.gob.mx/c/H2019P4LEA/106.jpg,18eb15b5e942320ff91d5c5a9d457427b808a46798171ea6522ba527f99a6d6f,275133,18eb15b5e942320ff91d5c5a9d457427b808a46798171ea6522ba527f99a6d6f,275133,200,image/jpeg,1,,1,1
LTMD_U1_W3_SPANISH_2018_2019_ROUTE_IDENTITY_0.1,H2018P4LEA,H2019P4LEA,4,Español. Libro de lectura,107,162,https://historico.conaliteg.gob.mx/c/H2019P4LEA/107.jpg,4f1179f2b0d9d1a1939107d9a0a3e0b356cfee4aca7ce58ebc0d2f6c23f6b551,265358,4f1179f2b0d9d1a1939107d9a0a3e0b356cfee4aca7ce58ebc0d2f6c23f6b551,265358,200,image/jpeg,1,,1,1
LTMD_U1_W3_SPANISH_2018_2019_ROUTE_IDENTITY_0.1,H2018P4LEA,H2019P4LEA,4,Español. Libro de lectura,108,162,https://historico.conaliteg.gob.mx/c/H2019P4LEA/108.jpg,b98e54cf4499ee1d292b4816953d9d80c45e8d7c3149399a5150ce4c468aff8a,300298,b98e54cf4499ee1d292b4816953d9d80c45e8d7c3149399a5150ce4c468aff8a,300298,200,image/jpeg,1,,1,1
LTMD_U1_W3_SPANISH_2018_2019_ROUTE_IDENTITY_0.1,H2018P4LEA,H2019P4LEA,4,Español. Libro de lectura,109,162,https://historico.conaliteg.gob.mx/c/H2019P4LEA/109.jpg,90926b662897c0b43cf1cee70b882f0f7aae5ea172a6b621ac24b81cd1687d9d,272898,90926b662897c0b43cf1cee70b882f0f7aae5ea172a6b621ac24b81cd1687d9d,272898,200,image/jpeg,1,,1,1
LTMD_U1_W3_SPANISH_2018_2019_ROUTE_IDENTITY_0.1,H2018P4LEA,H2019P4LEA,4,Español. Libro de lectura,110,162,https://historico.conaliteg.gob.mx/c/H2019P4LEA/110.jpg,364914f3b63d69d9760f67db88ea4775d5ccb4192fc89cee5e53e51458dcddb5,256628,364914f3b63d69d9760f67db88ea4775d5ccb4192fc89cee5e53e51458dcddb5,256628,200,image/jpeg,1,,1,1
LTMD_U1_W3_SPANISH_2018_2019_ROUTE_IDENTITY_0.1,H2018P4LEA,H2019P4LEA,4,Español. Libro de lectura,111,162,https://historico.conaliteg.gob.mx/c/H2019P4LEA/111.jpg,3f41d00b8fe24be0b32afa4955f81a6ee6118218d977e0fd7774d13317f7e1c5,231633,3f41d00b8fe24be0b32afa4955f81a6ee6118218d977e0fd7774d13317f7e1c5,231633,200,image/jpeg,1,,1,1
LTMD_U1_W3_SPANISH_2018_2019_ROUTE_IDENTITY_0.1,H2018P4LEA,H2019P4LEA,4,Español. Libro de lectura,112,162,https://historico.conaliteg.gob.mx/c/H2019P4LEA/112.jpg,5b8058abec3d3e0c13fd675f652cffaeafa1f88cc19aafb049881336aa1cec9e,149121,5b8058abec3d3e0c13fd675f652cffaeafa1f88cc19aafb049881336aa1cec9e,149121,200,image/jpeg,1,,1,1
LTMD_U1_W3_SPANISH_2018_2019_ROUTE_IDENTITY_0.1,H2018P4LEA,H2019P4LEA,4,Español. Libro de lectura,113,162,https://historico.conaliteg.gob.mx/c/H2019P4LEA/113.jpg,0c787cebc3e00fbfefa8e6e0ccb831c4be09cc807ae7cceb4322ab9125e6dac6,202842,0c787cebc3e00fbfefa8e6e0ccb831c4be09cc807ae7cceb4322ab9125e6dac6,202842,200,image/jpeg,1,,1,1
LTMD_U1_W3_SPANISH_2018_2019_ROUTE_IDENTITY_0.1,H2018P4LEA,H2019P4LEA,4,Español. Libro de lectura,114,162,https://historico.conaliteg.gob.mx/c/H2019P4LEA/114.jpg,7f6f5aeea846054ada8157644a24a5b4387ca587104f63c9af3df7979cba464c,157217,7f6f5aeea846054ada8157644a24a5b4387ca587104f63c9af3df7979cba464c,157217,200,image/jpeg,1,,1,1
LTMD_U1_W3_SPANISH_2018_2019_ROUTE_IDENTITY_0.1,H2018P4LEA,H2019P4LEA,4,Español. Libro de lectura,115,162,https://historico.conaliteg.gob.mx/c/H2019P4LEA/115.jpg,2acae00cce21459e1c2085ecaeab229376273252164b5aaf7970048b785cd3fb,204658,2acae00cce21459e1c2085ecaeab229376273252164b5aaf7970048b785cd3fb,204658,200,image/jpeg,1,,1,1
LTMD_U1_W3_SPANISH_2018_2019_ROUTE_IDENTITY_0.1,H2018P4LEA,H2019P4LEA,4,Español. Libro de lectura,116,162,https://historico.conaliteg.gob.mx/c/H2019P4LEA/116.jpg,ddb2cf9a2b5904622aa20920b1dbb5e8718d46dd254328b9601a0d0e81a103e5,203010,ddb2cf9a2b5904622aa20920b1dbb5e8718d46dd254328b9601a0d0e81a103e5,203010,200,image/jpeg,1,,1,1
LTMD_U1_W3_SPANISH_2018_2019_ROUTE_IDENTITY_0.1,H2018P4LEA,H2019P4LEA,4,Español. Libro de lectura,117,162,https://historico.conaliteg.gob.mx/c/H2019P4LEA/117.jpg,e667f3cae670a2ce5efacc4ea4124d5cd4802099b9fb5404381fbd7ded01691b,179055,e667f3cae670a2ce5efacc4ea4124d5cd4802099b9fb5404381fbd7ded01691b,179055,200,image/jpeg,1,,1,1
LTMD_U1_W3_SPANISH_2018_2019_ROUTE_IDENTITY_0.1,H2018P4LEA,H2019P4LEA,4,Español. Libro de lectura,118,162,https://historico.conaliteg.gob.mx/c/H2019P4LEA/118.jpg,d9b8a240847f696f688a3171db06fa901658918181161d669c419075566aad2f,186209,d9b8a240847f696f688a3171db06fa901658918181161d669c419075566aad2f,186209,200,image/jpeg,1,,1,1
LTMD_U1_W3_SPANISH_2018_2019_ROUTE_IDENTITY_0.1,H2018P4LEA,H2019P4LEA,4,Español. Libro de lectura,119,162,https://historico.conaliteg.gob.mx/c/H2019P4LEA/119.jpg,c2b562ed343ed7a826a86a3dd46b169a5c0275f890c75fecdad2f09e469fefaa,209795,c2b562ed343ed7a826a86a3dd46b169a5c0275f890c75fecdad2f09e469fefaa,209795,200,image/jpeg,1,,1,1
LTMD_U1_W3_SPANISH_2018_2019_ROUTE_IDENTITY_0.1,H2018P4LEA,H2019P4LEA,4,Español. Libro de lectura,120,162,https://historico.conaliteg.gob.mx/c/H2019P4LEA/120.jpg,7a427136148e79a0e6dc1742672e70e19b4b78d54c6740cb1ce4df475176c49f,251918,7a427136148e79a0e6dc1742672e70e19b4b78d54c6740cb1ce4df475176c49f,251918,200,image/jpeg,1,,1,1
LTMD_U1_W3_SPANISH_2018_2019_ROUTE_IDENTITY_0.1,H2018P4LEA,H2019P4LEA,4,Español. Libro de lectura,121,162,https://historico.conaliteg.gob.mx/c/H2019P4LEA/121.jpg,8ff915d511c69828d2ed1c9ee7d002e8ae91175855a6a4d27956218ba5856873,225473,8ff915d511c69828d2ed1c9ee7d002e8ae91175855a6a4d27956218ba5856873,225473,200,image/jpeg,1,,1,1
LTMD_U1_W3_SPANISH_2018_2019_ROUTE_IDENTITY_0.1,H2018P4LEA,H2019P4LEA,4,Español. Libro de lectura,122,162,https://historico.conaliteg.gob.mx/c/H2019P4LEA/122.jpg,69fb4cb987e2db0e131ff8e91f40d063b68ea89cd4809032d955698f39fc577d,196363,69fb4cb987e2db0e131ff8e91f40d063b68ea89cd4809032d955698f39fc577d,196363,200,image/jpeg,1,,1,1
LTMD_U1_W3_SPANISH_2018_2019_ROUTE_IDENTITY_0.1,H2018P4LEA,H2019P4LEA,4,Español. Libro de lectura,123,162,https://historico.conaliteg.gob.mx/c/H2019P4LEA/123.jpg,87b5e7dc93b1f2b26cb39eeccbe620a7acbcb9cd7f319aaa79362f8607e5f6e2,177524,87b5e7dc93b1f2b26cb39eeccbe620a7acbcb9cd7f319aaa79362f8607e5f6e2,177524,200,image/jpeg,1,,1,1
LTMD_U1_W3_SPANISH_2018_2019_ROUTE_IDENTITY_0.1,H2018P4LEA,H2019P4LEA,4,Español. Libro de lectura,124,162,https://historico.conaliteg.gob.mx/c/H2019P4LEA/124.jpg,9e3e23813aec1017ac8308869463fc954175a6b7bd94a69841ff66e6e39fdad8,145252,9e3e23813aec1017ac8308869463fc954175a6b7bd94a69841ff66e6e39fdad8,145252,200,image/jpeg,1,,1,1
LTMD_U1_W3_SPANISH_2018_2019_ROUTE_IDENTITY_0.1,H2018P4LEA,H2019P4LEA,4,Español. Libro de lectura,125,162,https://historico.conaliteg.gob.mx/c/H2019P4LEA/125.jpg,e5cb246e22d13263beb4bcefaf29a8cdf2624050c1e489d34da796cc4ae744f7,141412,e5cb246e22d13263beb4bcefaf29a8cdf2624050c1e489d34da796cc4ae744f7,141412,200,image/jpeg,1,,1,1
LTMD_U1_W3_SPANISH_2018_2019_ROUTE_IDENTITY_0.1,H2018P4LEA,H2019P4LEA,4,Español. Libro de lectura,126,162,https://historico.conaliteg.gob.mx/c/H2019P4LEA/126.jpg,5c32e92964081138439cc651fb60cf132df39fa5288890a0935f5a54b9ef3620,223933,5c32e92964081138439cc651fb60cf132df39fa5288890a0935f5a54b9ef3620,223933,200,image/jpeg,1,,1,1
LTMD_U1_W3_SPANISH_2018_2019_ROUTE_IDENTITY_0.1,H2018P4LEA,H2019P4LEA,4,Español. Libro de lectura,127,162,https://historico.conaliteg.gob.mx/c/H2019P4LEA/127.jpg,c2ec0d5a26b37ac05eb7e9e81c8ebd85b6ccbad78f20e076214e739f5fba8344,226431,c2ec0d5a26b37ac05eb7e9e81c8ebd85b6ccbad78f20e076214e739f5fba8344,226431,200,image/jpeg,1,,1,1
LTMD_U1_W3_SPANISH_2018_2019_ROUTE_IDENTITY_0.1,H2018P4LEA,H2019P4LEA,4,Español. Libro de lectura,128,162,https://historico.conaliteg.gob.mx/c/H2019P4LEA/128.jpg,25069f428ab6967855ace5659dbaab495d30066aefab3b0f89f742b17ed59c27,288755,25069f428ab6967855ace5659dbaab495d30066aefab3b0f89f742b17ed59c27,288755,200,image/jpeg,1,,1,1
LTMD_U1_W3_SPANISH_2018_2019_ROUTE_IDENTITY_0.1,H2018P4LEA,H2019P4LEA,4,Español. Libro de lectura,129,162,https://historico.conaliteg.gob.mx/c/H2019P4LEA/129.jpg,630ae43719c9e64d2ed387776778024abfba31e41960abe4b10986e01df14f98,273364,630ae43719c9e64d2ed387776778024abfba31e41960abe4b10986e01df14f98,273364,200,image/jpeg,1,,1,1
LTMD_U1_W3_SPANISH_2018_2019_ROUTE_IDENTITY_0.1,H2018P4LEA,H2019P4LEA,4,Español. Libro de lectura,130,162,https://historico.conaliteg.gob.mx/c/H2019P4LEA/130.jpg,215d36f3d8052cf1f3dff493f6ce5fb796785e2019c97749c634af231857dea6,318001,215d36f3d8052cf1f3dff493f6ce5fb796785e2019c97749c634af231857dea6,318001,200,image/jpeg,1,,1,1
LTMD_U1_W3_SPANISH_2018_2019_ROUTE_IDENTITY_0.1,H2018P4LEA,H2019P4LEA,4,Español. Libro de lectura,131,162,https://historico.conaliteg.gob.mx/c/H2019P4LEA/131.jpg,2304fff818afe462c031ddd57b7ced8c9d387a7eaad74ea4af9518f6143975ac,296413,2304fff818afe462c031ddd57b7ced8c9d387a7eaad74ea4af9518f6143975ac,296413,200,image/jpeg,1,,1,1
LTMD_U1_W3_SPANISH_2018_2019_ROUTE_IDENTITY_0.1,H2018P4LEA,H2019P4LEA,4,Español. Libro de lectura,132,162,https://historico.conaliteg.gob.mx/c/H2019P4LEA/132.jpg,8f4eef49e139fc68da8d506971d8bd609d9f4ffcfb5820a1bdf222c3a43cb5a0,206285,8f4eef49e139fc68da8d506971d8bd609d9f4ffcfb5820a1bdf222c3a43cb5a0,206285,200,image/jpeg,1,,1,1
LTMD_U1_W3_SPANISH_2018_2019_ROUTE_IDENTITY_0.1,H2018P4LEA,H2019P4LEA,4,Español. Libro de lectura,133,162,https://historico.conaliteg.gob.mx/c/H2019P4LEA/133.jpg,1656f86fecf8c12a119bff73c38fc49d77e2d9f2e1243990e13180985b0bcda1,181049,1656f86fecf8c12a119bff73c38fc49d77e2d9f2e1243990e13180985b0bcda1,181049,200,image/jpeg,1,,1,1
LTMD_U1_W3_SPANISH_2018_2019_ROUTE_IDENTITY_0.1,H2018P4LEA,H2019P4LEA,4,Español. Libro de lectura,134,162,https://historico.conaliteg.gob.mx/c/H2019P4LEA/134.jpg,204929906cb8f1eae3935221330289655b71c444cc7ad8cc356718e961423528,295505,204929906cb8f1eae3935221330289655b71c444cc7ad8cc356718e961423528,295505,200,image/jpeg,1,,1,1
LTMD_U1_W3_SPANISH_2018_2019_ROUTE_IDENTITY_0.1,H2018P4LEA,H2019P4LEA,4,Español. Libro de lectura,135,162,https://historico.conaliteg.gob.mx/c/H2019P4LEA/135.jpg,82fca277553875cf90ac02b560cb2425bbf3f00d8a862114776a24673c81f4c3,318860,82fca277553875cf90ac02b560cb2425bbf3f00d8a862114776a24673c81f4c3,318860,200,image/jpeg,1,,1,1
LTMD_U1_W3_SPANISH_2018_2019_ROUTE_IDENTITY_0.1,H2018P4LEA,H2019P4LEA,4,Español. Libro de lectura,136,162,https://historico.conaliteg.gob.mx/c/H2019P4LEA/136.jpg,eb4d13ab5f345ae1ba46d884402f63654ee0cd1faf08e4542d55469de3442135,262490,eb4d13ab5f345ae1ba46d884402f63654ee0cd1faf08e4542d55469de3442135,262490,200,image/jpeg,1,,1,1
LTMD_U1_W3_SPANISH_2018_2019_ROUTE_IDENTITY_0.1,H2018P4LEA,H2019P4LEA,4,Español. Libro de lectura,137,162,https://historico.conaliteg.gob.mx/c/H2019P4LEA/137.jpg,6c7ed7b1be77424f1d2d75018be426937e40983ed3618d09af19d4f15c737dd9,284341,6c7ed7b1be77424f1d2d75018be426937e40983ed3618d09af19d4f15c737dd9,284341,200,image/jpeg,1,,1,1
LTMD_U1_W3_SPANISH_2018_2019_ROUTE_IDENTITY_0.1,H2018P4LEA,H2019P4LEA,4,Español. Libro de lectura,138,162,https://historico.conaliteg.gob.mx/c/H2019P4LEA/138.jpg,273bc999858329efe7e927a303b9ad065ec071fb8df53326ce8529c5540dc740,156510,273bc999858329efe7e927a303b9ad065ec071fb8df53326ce8529c5540dc740,156510,200,image/jpeg,1,,1,1
LTMD_U1_W3_SPANISH_2018_2019_ROUTE_IDENTITY_0.1,H2018P4LEA,H2019P4LEA,4,Español. Libro de lectura,139,162,https://historico.conaliteg.gob.mx/c/H2019P4LEA/139.jpg,f986c6e17c017fda2e7a08bf83ddd4f234535a4859a7d1f4d8408c9291279cb3,150408,f986c6e17c017fda2e7a08bf83ddd4f234535a4859a7d1f4d8408c9291279cb3,150408,200,image/jpeg,1,,1,1
LTMD_U1_W3_SPANISH_2018_2019_ROUTE_IDENTITY_0.1,H2018P4LEA,H2019P4LEA,4,Español. Libro de lectura,140,162,https://historico.conaliteg.gob.mx/c/H2019P4LEA/140.jpg,1f5da4d7b908b6316b1a19d84b1c19501b8c3fce11ae651874024629079e0061,244228,1f5da4d7b908b6316b1a19d84b1c19501b8c3fce11ae651874024629079e0061,244228,200,image/jpeg,1,,1,1
LTMD_U1_W3_SPANISH_2018_2019_ROUTE_IDENTITY_0.1,H2018P4LEA,H2019P4LEA,4,Español. Libro de lectura,141,162,https://historico.conaliteg.gob.mx/c/H2019P4LEA/141.jpg,a0159a9f80d0d6e3e167d7547aff2851e76821dd08e5084f9efe3aeb2c01e56e,183018,a0159a9f80d0d6e3e167d7547aff2851e76821dd08e5084f9efe3aeb2c01e56e,183018,200,image/jpeg,1,,1,1
LTMD_U1_W3_SPANISH_2018_2019_ROUTE_IDENTITY_0.1,H2018P4LEA,H2019P4LEA,4,Español. Libro de lectura,142,162,https://historico.conaliteg.gob.mx/c/H2019P4LEA/142.jpg,a12ec629016e18a7c5a6d2a11d41ca96e94275c207bdbdc6c52d98a89beb0a43,173492,a12ec629016e18a7c5a6d2a11d41ca96e94275c207bdbdc6c52d98a89beb0a43,173492,200,image/jpeg,1,,1,1
LTMD_U1_W3_SPANISH_2018_2019_ROUTE_IDENTITY_0.1,H2018P4LEA,H2019P4LEA,4,Español. Libro de lectura,143,162,https://historico.conaliteg.gob.mx/c/H2019P4LEA/143.jpg,9b87a459ae7813c30deb0d4d481ecd81ee3dd7a13f51e6459210f0d3d36267aa,175393,9b87a459ae7813c30deb0d4d481ecd81ee3dd7a13f51e6459210f0d3d36267aa,175393,200,image/jpeg,1,,1,1
LTMD_U1_W3_SPANISH_2018_2019_ROUTE_IDENTITY_0.1,H2018P4LEA,H2019P4LEA,4,Español. Libro de lectura,144,162,https://historico.conaliteg.gob.mx/c/H2019P4LEA/144.jpg,6f4700ddb97b968817ccef65040570822644613d9c2879ca79b0665b1ad24123,178462,6f4700ddb97b968817ccef65040570822644613d9c2879ca79b0665b1ad24123,178462,200,image/jpeg,1,,1,1
LTMD_U1_W3_SPANISH_2018_2019_ROUTE_IDENTITY_0.1,H2018P4LEA,H2019P4LEA,4,Español. Libro de lectura,145,162,https://historico.conaliteg.gob.mx/c/H2019P4LEA/145.jpg,8a32122a6f1608a11fd90071a8063e9c10dba2b4b2d85dd03044ce7ae5c27831,152784,8a32122a6f1608a11fd90071a8063e9c10dba2b4b2d85dd03044ce7ae5c27831,152784,200,image/jpeg,1,,1,1
LTMD_U1_W3_SPANISH_2018_2019_ROUTE_IDENTITY_0.1,H2018P4LEA,H2019P4LEA,4,Español. Libro de lectura,146,162,https://historico.conaliteg.gob.mx/c/H2019P4LEA/146.jpg,e8f74cf7dc8991c249991dcbd75ba6326508508209942384ad22a931d97ba978,175075,e8f74cf7dc8991c249991dcbd75ba6326508508209942384ad22a931d97ba978,175075,200,image/jpeg,1,,1,1
LTMD_U1_W3_SPANISH_2018_2019_ROUTE_IDENTITY_0.1,H2018P4LEA,H2019P4LEA,4,Español. Libro de lectura,147,162,https://historico.conaliteg.gob.mx/c/H2019P4LEA/147.jpg,0de98c0bf12c7559e7a3d5af86e621ade47925f4956a0f0e2ea0cfc71b6097d5,174905,0de98c0bf12c7559e7a3d5af86e621ade47925f4956a0f0e2ea0cfc71b6097d5,174905,200,image/jpeg,1,,1,1
LTMD_U1_W3_SPANISH_2018_2019_ROUTE_IDENTITY_0.1,H2018P4LEA,H2019P4LEA,4,Español. Libro de lectura,148,162,https://historico.conaliteg.gob.mx/c/H2019P4LEA/148.jpg,a844e3443021271ef123a7e7188b8a3eea44add63e51dad17debeef0acffa4ee,235731,a844e3443021271ef123a7e7188b8a3eea44add63e51dad17debeef0acffa4ee,235731,200,image/jpeg,1,,1,1
LTMD_U1_W3_SPANISH_2018_2019_ROUTE_IDENTITY_0.1,H2018P4LEA,H2019P4LEA,4,Español. Libro de lectura,149,162,https://historico.conaliteg.gob.mx/c/H2019P4LEA/149.jpg,4d8dc0282d45830a103d2996eb3660ec7467e1ab80cfa573fcaef80cf81205ce,238379,4d8dc0282d45830a103d2996eb3660ec7467e1ab80cfa573fcaef80cf81205ce,238379,200,image/jpeg,1,,1,1
LTMD_U1_W3_SPANISH_2018_2019_ROUTE_IDENTITY_0.1,H2018P4LEA,H2019P4LEA,4,Español. Libro de lectura,150,162,https://historico.conaliteg.gob.mx/c/H2019P4LEA/150.jpg,c10a17fa92464788819f518fbe61abaee7b3e26836bbc9abe9037ace542d514c,265041,c10a17fa92464788819f518fbe61abaee7b3e26836bbc9abe9037ace542d514c,265041,200,image/jpeg,1,,1,1
LTMD_U1_W3_SPANISH_2018_2019_ROUTE_IDENTITY_0.1,H2018P4LEA,H2019P4LEA,4,Español. Libro de lectura,151,162,https://historico.conaliteg.gob.mx/c/H2019P4LEA/151.jpg,93b3adcd504ca38de81e4fb191b643b01c924c5167077b94a82a2c9dce81a836,256237,93b3adcd504ca38de81e4fb191b643b01c924c5167077b94a82a2c9dce81a836,256237,200,image/jpeg,1,,1,1
LTMD_U1_W3_SPANISH_2018_2019_ROUTE_IDENTITY_0.1,H2018P4LEA,H2019P4LEA,4,Español. Libro de lectura,152,162,https://historico.conaliteg.gob.mx/c/H2019P4LEA/152.jpg,459ffdd9ac3847da01131a855847ea9e7ff51027a2f58c5a702d140fa309bd17,272194,459ffdd9ac3847da01131a855847ea9e7ff51027a2f58c5a702d140fa309bd17,272194,200,image/jpeg,1,,1,1
LTMD_U1_W3_SPANISH_2018_2019_ROUTE_IDENTITY_0.1,H2018P4LEA,H2019P4LEA,4,Español. Libro de lectura,153,162,https://historico.conaliteg.gob.mx/c/H2019P4LEA/153.jpg,1073212ec7380b38b5912f2d48dfd5ce0e893e000f16a5bb9e2e097609a7f87c,258396,1073212ec7380b38b5912f2d48dfd5ce0e893e000f16a5bb9e2e097609a7f87c,258396,200,image/jpeg,1,,1,1
LTMD_U1_W3_SPANISH_2018_2019_ROUTE_IDENTITY_0.1,H2018P4LEA,H2019P4LEA,4,Español. Libro de lectura,154,162,https://historico.conaliteg.gob.mx/c/H2019P4LEA/154.jpg,666e0c9dcc199d41f99be4f0b26b673112a010e5f28f8cbb5d722b7c24d1fdf9,276274,666e0c9dcc199d41f99be4f0b26b673112a010e5f28f8cbb5d722b7c24d1fdf9,276274,200,image/jpeg,1,,1,1
LTMD_U1_W3_SPANISH_2018_2019_ROUTE_IDENTITY_0.1,H2018P4LEA,H2019P4LEA,4,Español. Libro de lectura,155,162,https://historico.conaliteg.gob.mx/c/H2019P4LEA/155.jpg,bca7e6a2cdd89921797094adbd3d9f684f181c5810ed58fde81f02bd4f5b0659,251113,bca7e6a2cdd89921797094adbd3d9f684f181c5810ed58fde81f02bd4f5b0659,251113,200,image/jpeg,1,,1,1
LTMD_U1_W3_SPANISH_2018_2019_ROUTE_IDENTITY_0.1,H2018P4LEA,H2019P4LEA,4,Español. Libro de lectura,156,162,https://historico.conaliteg.gob.mx/c/H2019P4LEA/156.jpg,ca1194920c18d68d4d93e24fe801635c0cf0379a33491eed484139f774f318a2,271734,ca1194920c18d68d4d93e24fe801635c0cf0379a33491eed484139f774f318a2,271734,200,image/jpeg,1,,1,1
LTMD_U1_W3_SPANISH_2018_2019_ROUTE_IDENTITY_0.1,H2018P4LEA,H2019P4LEA,4,Español. Libro de lectura,157,162,https://historico.conaliteg.gob.mx/c/H2019P4LEA/157.jpg,66f579959579e56a3befe8173318b8ae72848ff40062cc9488e90e037cbbf9a0,341342,66f579959579e56a3befe8173318b8ae72848ff40062cc9488e90e037cbbf9a0,341342,200,image/jpeg,1,,1,1
LTMD_U1_W3_SPANISH_2018_2019_ROUTE_IDENTITY_0.1,H2018P4LEA,H2019P4LEA,4,Español. Libro de lectura,158,162,https://historico.conaliteg.gob.mx/c/H2019P4LEA/158.jpg,ac3250828c52f61b155b34e4db7ec2fcb3401685b76c85e8db940464af7439f6,324933,ac3250828c52f61b155b34e4db7ec2fcb3401685b76c85e8db940464af7439f6,324933,200,image/jpeg,1,,1,1
LTMD_U1_W3_SPANISH_2018_2019_ROUTE_IDENTITY_0.1,H2018P4LEA,H2019P4LEA,4,Español. Libro de lectura,159,162,https://historico.conaliteg.gob.mx/c/H2019P4LEA/159.jpg,1895e7d73e3dfade07061cd15cc1fb164d58970b4eb2f84a32dcd54e069f2036,283547,1895e7d73e3dfade07061cd15cc1fb164d58970b4eb2f84a32dcd54e069f2036,283547,200,image/jpeg,1,,1,1
LTMD_U1_W3_SPANISH_2018_2019_ROUTE_IDENTITY_0.1,H2018P4LEA,H2019P4LEA,4,Español. Libro de lectura,160,162,https://historico.conaliteg.gob.mx/c/H2019P4LEA/160.jpg,03bbe8b04ecf68b277c16789cc60b53e00b2c4d184890db6aa3b925ad5b35df0,276379,03bbe8b04ecf68b277c16789cc60b53e00b2c4d184890db6aa3b925ad5b35df0,276379,200,image/jpeg,1,,1,1
LTMD_U1_W3_SPANISH_2018_2019_ROUTE_IDENTITY_0.1,H2018P4LEA,H2019P4LEA,4,Español. Libro de lectura,161,162,https://historico.conaliteg.gob.mx/c/H2019P4LEA/161.jpg,a2e174713f03fe8b75d2dea62e1be997115b9e61d687cb704a9f928afd77d5f0,149737,a2e174713f03fe8b75d2dea62e1be997115b9e61d687cb704a9f928afd77d5f0,149737,200,image/jpeg,1,,1,1
LTMD_U1_W3_SPANISH_2018_2019_ROUTE_IDENTITY_0.1,H2018P5ESA,H2019P5ESA,5,Español,1,178,https://historico.conaliteg.gob.mx/c/H2019P5ESA/000.jpg,da6f6db8cc195c823d5a15a0e9be0b870043740c8967014ccdd8b00a06c0ae9d,112921,da6f6db8cc195c823d5a15a0e9be0b870043740c8967014ccdd8b00a06c0ae9d,112921,200,image/jpeg,1,,1,1
LTMD_U1_W3_SPANISH_2018_2019_ROUTE_IDENTITY_0.1,H2018P5ESA,H2019P5ESA,5,Español,2,178,https://historico.conaliteg.gob.mx/c/H2019P5ESA/002.jpg,9d5be761dd269dd8345e40ca3e0f96f4f0d23ada7a4d6b27f40159446927aa3d,99501,9d5be761dd269dd8345e40ca3e0f96f4f0d23ada7a4d6b27f40159446927aa3d,99501,200,image/jpeg,1,,1,1
LTMD_U1_W3_SPANISH_2018_2019_ROUTE_IDENTITY_0.1,H2018P5ESA,H2019P5ESA,5,Español,3,178,https://historico.conaliteg.gob.mx/c/H2019P5ESA/003.jpg,a48405ff7eabb6f43d59e618e0d6faa3a5cbba691295d3e8cc9a50e4cbc1b4cb,84042,a48405ff7eabb6f43d59e618e0d6faa3a5cbba691295d3e8cc9a50e4cbc1b4cb,84042,200,image/jpeg,1,,1,1
LTMD_U1_W3_SPANISH_2018_2019_ROUTE_IDENTITY_0.1,H2018P5ESA,H2019P5ESA,5,Español,4,178,https://historico.conaliteg.gob.mx/c/H2019P5ESA/004.jpg,11c2e88a285a66a678e12d89bcc4baa80c841625b5c52c8f893e3afd065ac25b,108428,11c2e88a285a66a678e12d89bcc4baa80c841625b5c52c8f893e3afd065ac25b,108428,200,image/jpeg,1,,1,1
LTMD_U1_W3_SPANISH_2018_2019_ROUTE_IDENTITY_0.1,H2018P5ESA,H2019P5ESA,5,Español,5,178,https://historico.conaliteg.gob.mx/c/H2019P5ESA/005.jpg,ca6167f445a10f5360430bf0df9d8117bdc268a8096d0c75f2406d823fc8ad54,116179,ca6167f445a10f5360430bf0df9d8117bdc268a8096d0c75f2406d823fc8ad54,116179,200,image/jpeg,1,,1,1
LTMD_U1_W3_SPANISH_2018_2019_ROUTE_IDENTITY_0.1,H2018P5ESA,H2019P5ESA,5,Español,6,178,https://historico.conaliteg.gob.mx/c/H2019P5ESA/006.jpg,73b51268dd541a8c4c0d21fdc8c2351c7a7640990a6fdb76bc334646c63a6d43,90317,73b51268dd541a8c4c0d21fdc8c2351c7a7640990a6fdb76bc334646c63a6d43,90317,200,image/jpeg,1,,1,1
LTMD_U1_W3_SPANISH_2018_2019_ROUTE_IDENTITY_0.1,H2018P5ESA,H2019P5ESA,5,Español,7,178,https://historico.conaliteg.gob.mx/c/H2019P5ESA/007.jpg,925d7493d6add0bea7cc65f8e2dc4b57fa8b69190b5c45cd8a18b70567248e28,99288,925d7493d6add0bea7cc65f8e2dc4b57fa8b69190b5c45cd8a18b70567248e28,99288,200,image/jpeg,1,,1,1
LTMD_U1_W3_SPANISH_2018_2019_ROUTE_IDENTITY_0.1,H2018P5ESA,H2019P5ESA,5,Español,8,178,https://historico.conaliteg.gob.mx/c/H2019P5ESA/008.jpg,abd3d6b0b7729e5bdcd7e12b0048284724fb23a561aea303802fa2f9915c7d33,69249,abd3d6b0b7729e5bdcd7e12b0048284724fb23a561aea303802fa2f9915c7d33,69249,200,image/jpeg,1,,1,1
LTMD_U1_W3_SPANISH_2018_2019_ROUTE_IDENTITY_0.1,H2018P5ESA,H2019P5ESA,5,Español,9,178,https://historico.conaliteg.gob.mx/c/H2019P5ESA/009.jpg,a12e555fdb262b0b646b4be46b0769e49e1d233451216f4d0e10ca9ba561d187,198344,a12e555fdb262b0b646b4be46b0769e49e1d233451216f4d0e10ca9ba561d187,198344,200,image/jpeg,1,,1,1
LTMD_U1_W3_SPANISH_2018_2019_ROUTE_IDENTITY_0.1,H2018P5ESA,H2019P5ESA,5,Español,10,178,https://historico.conaliteg.gob.mx/c/H2019P5ESA/010.jpg,ca2a693f75a9a7696be305dd8d51cd363c314ffcf1d552cb9c255e93f15f9607,177873,ca2a693f75a9a7696be305dd8d51cd363c314ffcf1d552cb9c255e93f15f9607,177873,200,image/jpeg,1,,1,1
LTMD_U1_W3_SPANISH_2018_2019_ROUTE_IDENTITY_0.1,H2018P5ESA,H2019P5ESA,5,Español,11,178,https://historico.conaliteg.gob.mx/c/H2019P5ESA/011.jpg,5eab1963c9bf2f595d45fc8b1984863635418c3b7c40ec030514e4a014cee02a,103904,5eab1963c9bf2f595d45fc8b1984863635418c3b7c40ec030514e4a014cee02a,103904,200,image/jpeg,1,,1,1
LTMD_U1_W3_SPANISH_2018_2019_ROUTE_IDENTITY_0.1,H2018P5ESA,H2019P5ESA,5,Español,12,178,https://historico.conaliteg.gob.mx/c/H2019P5ESA/012.jpg,f26df9fd9204b548206e9633f468fd3b6cafc1bcaed53c22e46227b238a6b000,146308,f26df9fd9204b548206e9633f468fd3b6cafc1bcaed53c22e46227b238a6b000,146308,200,image/jpeg,1,,1,1
LTMD_U1_W3_SPANISH_2018_2019_ROUTE_IDENTITY_0.1,H2018P5ESA,H2019P5ESA,5,Español,13,178,https://historico.conaliteg.gob.mx/c/H2019P5ESA/013.jpg,f066090547991a66a2855d77e274cd2abcafea55edaa46f83ccbd6e5cf29f922,147969,f066090547991a66a2855d77e274cd2abcafea55edaa46f83ccbd6e5cf29f922,147969,200,image/jpeg,1,,1,1
LTMD_U1_W3_SPANISH_2018_2019_ROUTE_IDENTITY_0.1,H2018P5ESA,H2019P5ESA,5,Español,14,178,https://historico.conaliteg.gob.mx/c/H2019P5ESA/014.jpg,982abfcf9e0d7186bd2cea800b6dffbc587db2e55c61277ed30ddeb413c34b27,130877,982abfcf9e0d7186bd2cea800b6dffbc587db2e55c61277ed30ddeb413c34b27,130877,200,image/jpeg,1,,1,1
LTMD_U1_W3_SPANISH_2018_2019_ROUTE_IDENTITY_0.1,H2018P5ESA,H2019P5ESA,5,Español,15,178,https://historico.conaliteg.gob.mx/c/H2019P5ESA/015.jpg,0d2bf04161d88642828373b0cdf0b087981aa121b36f7c5353bf851dfdce1659,128348,0d2bf04161d88642828373b0cdf0b087981aa121b36f7c5353bf851dfdce1659,128348,200,image/jpeg,1,,1,1
LTMD_U1_W3_SPANISH_2018_2019_ROUTE_IDENTITY_0.1,H2018P5ESA,H2019P5ESA,5,Español,16,178,https://historico.conaliteg.gob.mx/c/H2019P5ESA/016.jpg,1072085d31dfd1d2dc37177562c5a0c9077a23b2b40c7679a308bb15b06744a4,106873,1072085d31dfd1d2dc37177562c5a0c9077a23b2b40c7679a308bb15b06744a4,106873,200,image/jpeg,1,,1,1
LTMD_U1_W3_SPANISH_2018_2019_ROUTE_IDENTITY_0.1,H2018P5ESA,H2019P5ESA,5,Español,17,178,https://historico.conaliteg.gob.mx/c/H2019P5ESA/017.jpg,3bf93f6cb3c43ae1108621b6936869e93f100474855b5a702a8a00275d8ddc4c,102914,3bf93f6cb3c43ae1108621b6936869e93f100474855b5a702a8a00275d8ddc4c,102914,200,image/jpeg,1,,1,1
LTMD_U1_W3_SPANISH_2018_2019_ROUTE_IDENTITY_0.1,H2018P5ESA,H2019P5ESA,5,Español,18,178,https://historico.conaliteg.gob.mx/c/H2019P5ESA/018.jpg,868a15dad3cdce8f7bf462f397b82ed12a01d1bf0d4b3e36fddd039488aeef0e,63465,868a15dad3cdce8f7bf462f397b82ed12a01d1bf0d4b3e36fddd039488aeef0e,63465,200,image/jpeg,1,,1,1
LTMD_U1_W3_SPANISH_2018_2019_ROUTE_IDENTITY_0.1,H2018P5ESA,H2019P5ESA,5,Español,19,178,https://historico.conaliteg.gob.mx/c/H2019P5ESA/019.jpg,a191e08a49b39dbb78e6b12ec78d30f92002afc7da618b0a85fa0de500b218f7,114610,a191e08a49b39dbb78e6b12ec78d30f92002afc7da618b0a85fa0de500b218f7,114610,200,image/jpeg,1,,1,1
LTMD_U1_W3_SPANISH_2018_2019_ROUTE_IDENTITY_0.1,H2018P5ESA,H2019P5ESA,5,Español,20,178,https://historico.conaliteg.gob.mx/c/H2019P5ESA/020.jpg,22601ebab8480659fa9eedd70d23f495d3cd90fdd22371f914f4c8947c492975,119053,22601ebab8480659fa9eedd70d23f495d3cd90fdd22371f914f4c8947c492975,119053,200,image/jpeg,1,,1,1
LTMD_U1_W3_SPANISH_2018_2019_ROUTE_IDENTITY_0.1,H2018P5ESA,H2019P5ESA,5,Español,21,178,https://historico.conaliteg.gob.mx/c/H2019P5ESA/021.jpg,59ed1e58257965949bfe11dcc6bc887553f94bbaf1185ce13dfe5702a11c8498,106722,59ed1e58257965949bfe11dcc6bc887553f94bbaf1185ce13dfe5702a11c8498,106722,200,image/jpeg,1,,1,1
LTMD_U1_W3_SPANISH_2018_2019_ROUTE_IDENTITY_0.1,H2018P5ESA,H2019P5ESA,5,Español,22,178,https://historico.conaliteg.gob.mx/c/H2019P5ESA/022.jpg,98ccc70104e55c6d624fccbff9ba48a52b8a18020a9e32d302681d35c020da98,114216,98ccc70104e55c6d624fccbff9ba48a52b8a18020a9e32d302681d35c020da98,114216,200,image/jpeg,1,,1,1
LTMD_U1_W3_SPANISH_2018_2019_ROUTE_IDENTITY_0.1,H2018P5ESA,H2019P5ESA,5,Español,23,178,https://historico.conaliteg.gob.mx/c/H2019P5ESA/023.jpg,ae706837a3f5e430d64434e7622b71dae510019f7f54ec67798686186cbcbdc0,145199,ae706837a3f5e430d64434e7622b71dae510019f7f54ec67798686186cbcbdc0,145199,200,image/jpeg,1,,1,1
LTMD_U1_W3_SPANISH_2018_2019_ROUTE_IDENTITY_0.1,H2018P5ESA,H2019P5ESA,5,Español,24,178,https://historico.conaliteg.gob.mx/c/H2019P5ESA/024.jpg,51158090867265e5ca67a4d38fcc700ca1e925f461beec54d55f5bc310b6eeb5,123812,51158090867265e5ca67a4d38fcc700ca1e925f461beec54d55f5bc310b6eeb5,123812,200,image/jpeg,1,,1,1
LTMD_U1_W3_SPANISH_2018_2019_ROUTE_IDENTITY_0.1,H2018P5ESA,H2019P5ESA,5,Español,25,178,https://historico.conaliteg.gob.mx/c/H2019P5ESA/025.jpg,3918f423c391b8566031b2496230e210fe028fe040be2d8f32b32008c5bf4e71,79205,3918f423c391b8566031b2496230e210fe028fe040be2d8f32b32008c5bf4e71,79205,200,image/jpeg,1,,1,1
LTMD_U1_W3_SPANISH_2018_2019_ROUTE_IDENTITY_0.1,H2018P5ESA,H2019P5ESA,5,Español,26,178,https://historico.conaliteg.gob.mx/c/H2019P5ESA/026.jpg,e0f50a5f53b6538335419bc54b1c39be0c76c50af99a73065286f8400a326d37,81581,e0f50a5f53b6538335419bc54b1c39be0c76c50af99a73065286f8400a326d37,81581,200,image/jpeg,1,,1,1
LTMD_U1_W3_SPANISH_2018_2019_ROUTE_IDENTITY_0.1,H2018P5ESA,H2019P5ESA,5,Español,27,178,https://historico.conaliteg.gob.mx/c/H2019P5ESA/027.jpg,02807d15d66e6ce9907526d9fae7f9423592f3039305a4de2a42957b6fa3825d,128279,02807d15d66e6ce9907526d9fae7f9423592f3039305a4de2a42957b6fa3825d,128279,200,image/jpeg,1,,1,1
LTMD_U1_W3_SPANISH_2018_2019_ROUTE_IDENTITY_0.1,H2018P5ESA,H2019P5ESA,5,Español,28,178,https://historico.conaliteg.gob.mx/c/H2019P5ESA/028.jpg,adc43b761ebc77a113d85e2f04c23dd5694f4317a4065c08c65605835665cf82,104050,adc43b761ebc77a113d85e2f04c23dd5694f4317a4065c08c65605835665cf82,104050,200,image/jpeg,1,,1,1
LTMD_U1_W3_SPANISH_2018_2019_ROUTE_IDENTITY_0.1,H2018P5ESA,H2019P5ESA,5,Español,29,178,https://historico.conaliteg.gob.mx/c/H2019P5ESA/029.jpg,eaa0d43565f45ca877e8bec7ad4b3f6dcbd5a4e283589b6ab32183743d0c9fc4,118474,eaa0d43565f45ca877e8bec7ad4b3f6dcbd5a4e283589b6ab32183743d0c9fc4,118474,200,image/jpeg,1,,1,1
LTMD_U1_W3_SPANISH_2018_2019_ROUTE_IDENTITY_0.1,H2018P5ESA,H2019P5ESA,5,Español,30,178,https://historico.conaliteg.gob.mx/c/H2019P5ESA/030.jpg,e0fdac77e05f27dcaf7a11489ead582f70ad5ef223337fcc2f321837ee9bc9db,122213,e0fdac77e05f27dcaf7a11489ead582f70ad5ef223337fcc2f321837ee9bc9db,122213,200,image/jpeg,1,,1,1
LTMD_U1_W3_SPANISH_2018_2019_ROUTE_IDENTITY_0.1,H2018P5ESA,H2019P5ESA,5,Español,31,178,https://historico.conaliteg.gob.mx/c/H2019P5ESA/031.jpg,3cad17827950b3d122b8fda6b5a5f52c82d9d49d5b62834cab9fb3f0f109a47d,97549,3cad17827950b3d122b8fda6b5a5f52c82d9d49d5b62834cab9fb3f0f109a47d,97549,200,image/jpeg,1,,1,1
LTMD_U1_W3_SPANISH_2018_2019_ROUTE_IDENTITY_0.1,H2018P5ESA,H2019P5ESA,5,Español,32,178,https://historico.conaliteg.gob.mx/c/H2019P5ESA/032.jpg,720f9833a21ba27f96eec39421dc00ebdf1d795c316fc751727ed0f24bb0f5bf,94453,720f9833a21ba27f96eec39421dc00ebdf1d795c316fc751727ed0f24bb0f5bf,94453,200,image/jpeg,1,,1,1
LTMD_U1_W3_SPANISH_2018_2019_ROUTE_IDENTITY_0.1,H2018P5ESA,H2019P5ESA,5,Español,33,178,https://historico.conaliteg.gob.mx/c/H2019P5ESA/033.jpg,fe7a567681cc1aaeedd5d8e413b9328a249a7fce218afbdc5d46afda3f32f500,102519,fe7a567681cc1aaeedd5d8e413b9328a249a7fce218afbdc5d46afda3f32f500,102519,200,image/jpeg,1,,1,1
LTMD_U1_W3_SPANISH_2018_2019_ROUTE_IDENTITY_0.1,H2018P5ESA,H2019P5ESA,5,Español,34,178,https://historico.conaliteg.gob.mx/c/H2019P5ESA/034.jpg,8a00278ecc2f1c384c1f64ac4864bbad309778b8b210a0471fd3d1c20ebfaedf,111348,8a00278ecc2f1c384c1f64ac4864bbad309778b8b210a0471fd3d1c20ebfaedf,111348,200,image/jpeg,1,,1,1
LTMD_U1_W3_SPANISH_2018_2019_ROUTE_IDENTITY_0.1,H2018P5ESA,H2019P5ESA,5,Español,35,178,https://historico.conaliteg.gob.mx/c/H2019P5ESA/035.jpg,91573521e23fb54e7ecefcbea06db36f6ec9acd8581013e5f0e2d745a24b656b,85875,91573521e23fb54e7ecefcbea06db36f6ec9acd8581013e5f0e2d745a24b656b,85875,200,image/jpeg,1,,1,1
LTMD_U1_W3_SPANISH_2018_2019_ROUTE_IDENTITY_0.1,H2018P5ESA,H2019P5ESA,5,Español,36,178,https://historico.conaliteg.gob.mx/c/H2019P5ESA/036.jpg,a2cf49fa1859cb6104b218d0cd19cc3d190fe5605625723d36325f641c160ee1,184195,a2cf49fa1859cb6104b218d0cd19cc3d190fe5605625723d36325f641c160ee1,184195,200,image/jpeg,1,,1,1
LTMD_U1_W3_SPANISH_2018_2019_ROUTE_IDENTITY_0.1,H2018P5ESA,H2019P5ESA,5,Español,37,178,https://historico.conaliteg.gob.mx/c/H2019P5ESA/037.jpg,8d5ee744e18ef96cd77b011b8e7848e238952e50f6aa7907d7f1a60bea7d8df3,157584,8d5ee744e18ef96cd77b011b8e7848e238952e50f6aa7907d7f1a60bea7d8df3,157584,200,image/jpeg,1,,1,1
LTMD_U1_W3_SPANISH_2018_2019_ROUTE_IDENTITY_0.1,H2018P5ESA,H2019P5ESA,5,Español,38,178,https://historico.conaliteg.gob.mx/c/H2019P5ESA/038.jpg,5d7742cccc8758ecf48f93716feaa9e3403a352540497c52490388259ed7a250,104858,5d7742cccc8758ecf48f93716feaa9e3403a352540497c52490388259ed7a250,104858,200,image/jpeg,1,,1,1
LTMD_U1_W3_SPANISH_2018_2019_ROUTE_IDENTITY_0.1,H2018P5ESA,H2019P5ESA,5,Español,39,178,https://historico.conaliteg.gob.mx/c/H2019P5ESA/039.jpg,bfe38c73592c1822da49981366b0ac3676c76d4eb055b60afb35a03dcb9c4668,138733,bfe38c73592c1822da49981366b0ac3676c76d4eb055b60afb35a03dcb9c4668,138733,200,image/jpeg,1,,1,1
LTMD_U1_W3_SPANISH_2018_2019_ROUTE_IDENTITY_0.1,H2018P5ESA,H2019P5ESA,5,Español,40,178,https://historico.conaliteg.gob.mx/c/H2019P5ESA/040.jpg,3551b9f6e25bafd3d6f55a0b832b9dcb62c12c240c2e0ae3971e0312b894ea6a,118231,3551b9f6e25bafd3d6f55a0b832b9dcb62c12c240c2e0ae3971e0312b894ea6a,118231,200,image/jpeg,1,,1,1
LTMD_U1_W3_SPANISH_2018_2019_ROUTE_IDENTITY_0.1,H2018P5ESA,H2019P5ESA,5,Español,41,178,https://historico.conaliteg.gob.mx/c/H2019P5ESA/041.jpg,e02b5691a5467c9f1892109e2b245f34ebce6f4229744d3a03ac6f223928a4b9,120988,e02b5691a5467c9f1892109e2b245f34ebce6f4229744d3a03ac6f223928a4b9,120988,200,image/jpeg,1,,1,1
LTMD_U1_W3_SPANISH_2018_2019_ROUTE_IDENTITY_0.1,H2018P5ESA,H2019P5ESA,5,Español,42,178,https://historico.conaliteg.gob.mx/c/H2019P5ESA/042.jpg,0563db40fde48e31bc399d3b1064b0cab737012097334105ead7bcec5ca32815,73005,0563db40fde48e31bc399d3b1064b0cab737012097334105ead7bcec5ca32815,73005,200,image/jpeg,1,,1,1
LTMD_U1_W3_SPANISH_2018_2019_ROUTE_IDENTITY_0.1,H2018P5ESA,H2019P5ESA,5,Español,43,178,https://historico.conaliteg.gob.mx/c/H2019P5ESA/043.jpg,ba4cd4fb314dea9438a06f35f56f701aef77a4adadc05cfc12fe0080a51bfc77,105681,ba4cd4fb314dea9438a06f35f56f701aef77a4adadc05cfc12fe0080a51bfc77,105681,200,image/jpeg,1,,1,1
LTMD_U1_W3_SPANISH_2018_2019_ROUTE_IDENTITY_0.1,H2018P5ESA,H2019P5ESA,5,Español,44,178,https://historico.conaliteg.gob.mx/c/H2019P5ESA/044.jpg,0df8a0b199e4d633ae3d168975c7ea2f162b802aac924d60aebe29b177f1f8ec,122676,0df8a0b199e4d633ae3d168975c7ea2f162b802aac924d60aebe29b177f1f8ec,122676,200,image/jpeg,1,,1,1
LTMD_U1_W3_SPANISH_2018_2019_ROUTE_IDENTITY_0.1,H2018P5ESA,H2019P5ESA,5,Español,45,178,https://historico.conaliteg.gob.mx/c/H2019P5ESA/045.jpg,ca7454fa6e3c8807163cb07f52a869275b308a82bd9b9dd1c270b9d09bb79fb0,160832,ca7454fa6e3c8807163cb07f52a869275b308a82bd9b9dd1c270b9d09bb79fb0,160832,200,image/jpeg,1,,1,1
LTMD_U1_W3_SPANISH_2018_2019_ROUTE_IDENTITY_0.1,H2018P5ESA,H2019P5ESA,5,Español,46,178,https://historico.conaliteg.gob.mx/c/H2019P5ESA/046.jpg,c72c3e3ebacd9d504fc9abb8b4012f4239d67101be842c6862e728f28ec4e1b5,156819,c72c3e3ebacd9d504fc9abb8b4012f4239d67101be842c6862e728f28ec4e1b5,156819,200,image/jpeg,1,,1,1
LTMD_U1_W3_SPANISH_2018_2019_ROUTE_IDENTITY_0.1,H2018P5ESA,H2019P5ESA,5,Español,47,178,https://historico.conaliteg.gob.mx/c/H2019P5ESA/047.jpg,60575971e7d37a7cd6d97743b5922bf4ce983f01b5680a23529a155d44ad783a,144523,60575971e7d37a7cd6d97743b5922bf4ce983f01b5680a23529a155d44ad783a,144523,200,image/jpeg,1,,1,1
LTMD_U1_W3_SPANISH_2018_2019_ROUTE_IDENTITY_0.1,H2018P5ESA,H2019P5ESA,5,Español,48,178,https://historico.conaliteg.gob.mx/c/H2019P5ESA/048.jpg,094469865556423d2ab628eadb73e10812d3c23e50c1659a08f01f4f44764e48,110214,094469865556423d2ab628eadb73e10812d3c23e50c1659a08f01f4f44764e48,110214,200,image/jpeg,1,,1,1
LTMD_U1_W3_SPANISH_2018_2019_ROUTE_IDENTITY_0.1,H2018P5ESA,H2019P5ESA,5,Español,49,178,https://historico.conaliteg.gob.mx/c/H2019P5ESA/049.jpg,7388f4cb6c32b8995991cedcb1dd8b924ee21f23f221115e75f8e52292dc896b,112845,7388f4cb6c32b8995991cedcb1dd8b924ee21f23f221115e75f8e52292dc896b,112845,200,image/jpeg,1,,1,1
LTMD_U1_W3_SPANISH_2018_2019_ROUTE_IDENTITY_0.1,H2018P5ESA,H2019P5ESA,5,Español,50,178,https://historico.conaliteg.gob.mx/c/H2019P5ESA/050.jpg,70a00cb1c357ff36f3d621254bfe07a2be1ef90dd8429825f6200f004efbdd05,97247,70a00cb1c357ff36f3d621254bfe07a2be1ef90dd8429825f6200f004efbdd05,97247,200,image/jpeg,1,,1,1
LTMD_U1_W3_SPANISH_2018_2019_ROUTE_IDENTITY_0.1,H2018P5ESA,H2019P5ESA,5,Español,51,178,https://historico.conaliteg.gob.mx/c/H2019P5ESA/051.jpg,d38092eddc1215d6fd2b191cfe0c8252e948087c76c3f342ba1eab231c7c2b94,125988,d38092eddc1215d6fd2b191cfe0c8252e948087c76c3f342ba1eab231c7c2b94,125988,200,image/jpeg,1,,1,1
LTMD_U1_W3_SPANISH_2018_2019_ROUTE_IDENTITY_0.1,H2018P5ESA,H2019P5ESA,5,Español,52,178,https://historico.conaliteg.gob.mx/c/H2019P5ESA/052.jpg,b320a1721f569f723c0b0b01f6322b8ae3d80c61972e4646a19acab81ed02725,196635,b320a1721f569f723c0b0b01f6322b8ae3d80c61972e4646a19acab81ed02725,196635,200,image/jpeg,1,,1,1
LTMD_U1_W3_SPANISH_2018_2019_ROUTE_IDENTITY_0.1,H2018P5ESA,H2019P5ESA,5,Español,53,178,https://historico.conaliteg.gob.mx/c/H2019P5ESA/053.jpg,7b1e2006e72d673b706c7328a5c5b37efd118273b3bbd1ed82f79cf974a8afb6,238589,7b1e2006e72d673b706c7328a5c5b37efd118273b3bbd1ed82f79cf974a8afb6,238589,200,image/jpeg,1,,1,1
LTMD_U1_W3_SPANISH_2018_2019_ROUTE_IDENTITY_0.1,H2018P5ESA,H2019P5ESA,5,Español,54,178,https://historico.conaliteg.gob.mx/c/H2019P5ESA/054.jpg,05828bfa3fa07784295f8d1c92feb2f237438a6138e2fc1a6ca46f39a31fa6f5,114079,05828bfa3fa07784295f8d1c92feb2f237438a6138e2fc1a6ca46f39a31fa6f5,114079,200,image/jpeg,1,,1,1
LTMD_U1_W3_SPANISH_2018_2019_ROUTE_IDENTITY_0.1,H2018P5ESA,H2019P5ESA,5,Español,55,178,https://historico.conaliteg.gob.mx/c/H2019P5ESA/055.jpg,d1df929e55c50b3128b1b896ca3abb4c4ec68af792a5472e91c2d7f72ad829b1,193909,d1df929e55c50b3128b1b896ca3abb4c4ec68af792a5472e91c2d7f72ad829b1,193909,200,image/jpeg,1,,1,1
LTMD_U1_W3_SPANISH_2018_2019_ROUTE_IDENTITY_0.1,H2018P5ESA,H2019P5ESA,5,Español,56,178,https://historico.conaliteg.gob.mx/c/H2019P5ESA/056.jpg,c5e8e5648fe39e86e9f94a7466a76c077a597168abecf34e6323692707667d53,99451,c5e8e5648fe39e86e9f94a7466a76c077a597168abecf34e6323692707667d53,99451,200,image/jpeg,1,,1,1
LTMD_U1_W3_SPANISH_2018_2019_ROUTE_IDENTITY_0.1,H2018P5ESA,H2019P5ESA,5,Español,57,178,https://historico.conaliteg.gob.mx/c/H2019P5ESA/057.jpg,aab5d54d02259884277700a7c0da6de5a31612bd4fb4ad45ce2de0d2b7a42ec3,92878,aab5d54d02259884277700a7c0da6de5a31612bd4fb4ad45ce2de0d2b7a42ec3,92878,200,image/jpeg,1,,1,1
LTMD_U1_W3_SPANISH_2018_2019_ROUTE_IDENTITY_0.1,H2018P5ESA,H2019P5ESA,5,Español,58,178,https://historico.conaliteg.gob.mx/c/H2019P5ESA/058.jpg,ac88de87fe2992d4b15406b43b15b7ab68633614efbe9e3af01885048071e0fb,126348,ac88de87fe2992d4b15406b43b15b7ab68633614efbe9e3af01885048071e0fb,126348,200,image/jpeg,1,,1,1
LTMD_U1_W3_SPANISH_2018_2019_ROUTE_IDENTITY_0.1,H2018P5ESA,H2019P5ESA,5,Español,59,178,https://historico.conaliteg.gob.mx/c/H2019P5ESA/059.jpg,f364f8eb3d0b8a7a809fcf6f02f9c5bb780514ae38ec2e29d8f8577f4e05d36e,95487,f364f8eb3d0b8a7a809fcf6f02f9c5bb780514ae38ec2e29d8f8577f4e05d36e,95487,200,image/jpeg,1,,1,1
LTMD_U1_W3_SPANISH_2018_2019_ROUTE_IDENTITY_0.1,H2018P5ESA,H2019P5ESA,5,Español,60,178,https://historico.conaliteg.gob.mx/c/H2019P5ESA/060.jpg,c2fde17c2f231630d99826d92385d8c95d6fe9dc08fb42d49a6c506adb6ec1e4,132776,c2fde17c2f231630d99826d92385d8c95d6fe9dc08fb42d49a6c506adb6ec1e4,132776,200,image/jpeg,1,,1,1
LTMD_U1_W3_SPANISH_2018_2019_ROUTE_IDENTITY_0.1,H2018P5ESA,H2019P5ESA,5,Español,61,178,https://historico.conaliteg.gob.mx/c/H2019P5ESA/061.jpg,4664c7d49b0705925dfcb89a148379858f0c05ec365835fce3437520343e990d,170237,4664c7d49b0705925dfcb89a148379858f0c05ec365835fce3437520343e990d,170237,200,image/jpeg,1,,1,1
LTMD_U1_W3_SPANISH_2018_2019_ROUTE_IDENTITY_0.1,H2018P5ESA,H2019P5ESA,5,Español,62,178,https://historico.conaliteg.gob.mx/c/H2019P5ESA/062.jpg,7cee8a3437f872b9a7c7d3629f1c3dd8978c3901e1d2d35d7a9bbf8957f304bf,92963,7cee8a3437f872b9a7c7d3629f1c3dd8978c3901e1d2d35d7a9bbf8957f304bf,92963,200,image/jpeg,1,,1,1
LTMD_U1_W3_SPANISH_2018_2019_ROUTE_IDENTITY_0.1,H2018P5ESA,H2019P5ESA,5,Español,63,178,https://historico.conaliteg.gob.mx/c/H2019P5ESA/063.jpg,15e23d3749b1d984f41b4c2b031e7eeb147e447d1adaa26ce0612771563262cc,113297,15e23d3749b1d984f41b4c2b031e7eeb147e447d1adaa26ce0612771563262cc,113297,200,image/jpeg,1,,1,1
LTMD_U1_W3_SPANISH_2018_2019_ROUTE_IDENTITY_0.1,H2018P5ESA,H2019P5ESA,5,Español,64,178,https://historico.conaliteg.gob.mx/c/H2019P5ESA/064.jpg,85035d9823f5fc28c0818d9f320031348d217982e5d7a1234d782f01384cc6df,102270,85035d9823f5fc28c0818d9f320031348d217982e5d7a1234d782f01384cc6df,102270,200,image/jpeg,1,,1,1
LTMD_U1_W3_SPANISH_2018_2019_ROUTE_IDENTITY_0.1,H2018P5ESA,H2019P5ESA,5,Español,65,178,https://historico.conaliteg.gob.mx/c/H2019P5ESA/065.jpg,1c44ad2712527f16fee562fc2521842797ec5bf1fd59d29968d00ce9a37970a2,146350,1c44ad2712527f16fee562fc2521842797ec5bf1fd59d29968d00ce9a37970a2,146350,200,image/jpeg,1,,1,1
LTMD_U1_W3_SPANISH_2018_2019_ROUTE_IDENTITY_0.1,H2018P5ESA,H2019P5ESA,5,Español,66,178,https://historico.conaliteg.gob.mx/c/H2019P5ESA/066.jpg,33a3572fcf861a753b376ca5fa19724672edbca17392433c62e4e1ebb9678636,135554,33a3572fcf861a753b376ca5fa19724672edbca17392433c62e4e1ebb9678636,135554,200,image/jpeg,1,,1,1
LTMD_U1_W3_SPANISH_2018_2019_ROUTE_IDENTITY_0.1,H2018P5ESA,H2019P5ESA,5,Español,67,178,https://historico.conaliteg.gob.mx/c/H2019P5ESA/067.jpg,fdcbfb4225cd4368843f29012ac501639e0daa6d5781acca7875bf5a32dec211,149277,fdcbfb4225cd4368843f29012ac501639e0daa6d5781acca7875bf5a32dec211,149277,200,image/jpeg,1,,1,1
LTMD_U1_W3_SPANISH_2018_2019_ROUTE_IDENTITY_0.1,H2018P5ESA,H2019P5ESA,5,Español,68,178,https://historico.conaliteg.gob.mx/c/H2019P5ESA/068.jpg,f9f1ecdb50a643d060fe669b871ca255882f72f41e48c61b37ea1e0776aac855,98317,f9f1ecdb50a643d060fe669b871ca255882f72f41e48c61b37ea1e0776aac855,98317,200,image/jpeg,1,,1,1
LTMD_U1_W3_SPANISH_2018_2019_ROUTE_IDENTITY_0.1,H2018P5ESA,H2019P5ESA,5,Español,69,178,https://historico.conaliteg.gob.mx/c/H2019P5ESA/069.jpg,eb33220807d8625d28056aaf73b4d191b9887de5e22afe6456cbbbf2c2c37802,85667,eb33220807d8625d28056aaf73b4d191b9887de5e22afe6456cbbbf2c2c37802,85667,200,image/jpeg,1,,1,1
LTMD_U1_W3_SPANISH_2018_2019_ROUTE_IDENTITY_0.1,H2018P5ESA,H2019P5ESA,5,Español,70,178,https://historico.conaliteg.gob.mx/c/H2019P5ESA/070.jpg,2da252c30d8d402d864c74dd5b77e428cb51f08cee19a49ec6e59b41e76b023e,116754,2da252c30d8d402d864c74dd5b77e428cb51f08cee19a49ec6e59b41e76b023e,116754,200,image/jpeg,1,,1,1
LTMD_U1_W3_SPANISH_2018_2019_ROUTE_IDENTITY_0.1,H2018P5ESA,H2019P5ESA,5,Español,71,178,https://historico.conaliteg.gob.mx/c/H2019P5ESA/071.jpg,d634622c46b6d61a6c91789615f290c931848481cc212a4f6e96af54d450294a,150069,d634622c46b6d61a6c91789615f290c931848481cc212a4f6e96af54d450294a,150069,200,image/jpeg,1,,1,1
LTMD_U1_W3_SPANISH_2018_2019_ROUTE_IDENTITY_0.1,H2018P5ESA,H2019P5ESA,5,Español,72,178,https://historico.conaliteg.gob.mx/c/H2019P5ESA/072.jpg,37a54b802927c891de60552be7ea0b7aee32d9a862a5222eeea6960f3d77258d,94593,37a54b802927c891de60552be7ea0b7aee32d9a862a5222eeea6960f3d77258d,94593,200,image/jpeg,1,,1,1
LTMD_U1_W3_SPANISH_2018_2019_ROUTE_IDENTITY_0.1,H2018P5ESA,H2019P5ESA,5,Español,73,178,https://historico.conaliteg.gob.mx/c/H2019P5ESA/073.jpg,d7563a9c992b916e6ed3e172d7d8ff6631bef3832d5409bf8fd1ca5119ce2090,133420,d7563a9c992b916e6ed3e172d7d8ff6631bef3832d5409bf8fd1ca5119ce2090,133420,200,image/jpeg,1,,1,1
LTMD_U1_W3_SPANISH_2018_2019_ROUTE_IDENTITY_0.1,H2018P5ESA,H2019P5ESA,5,Español,74,178,https://historico.conaliteg.gob.mx/c/H2019P5ESA/074.jpg,d6f75fbd11a2728a52b433288862d1d4fd38a971e0d65595e327f4c0a679e7d3,160259,d6f75fbd11a2728a52b433288862d1d4fd38a971e0d65595e327f4c0a679e7d3,160259,200,image/jpeg,1,,1,1
LTMD_U1_W3_SPANISH_2018_2019_ROUTE_IDENTITY_0.1,H2018P5ESA,H2019P5ESA,5,Español,75,178,https://historico.conaliteg.gob.mx/c/H2019P5ESA/075.jpg,aeeabef3da335b6e65f11ad3e6b0c7e8020c7512a7809f9fbd9706bc1f818e5e,167744,aeeabef3da335b6e65f11ad3e6b0c7e8020c7512a7809f9fbd9706bc1f818e5e,167744,200,image/jpeg,1,,1,1
LTMD_U1_W3_SPANISH_2018_2019_ROUTE_IDENTITY_0.1,H2018P5ESA,H2019P5ESA,5,Español,76,178,https://historico.conaliteg.gob.mx/c/H2019P5ESA/076.jpg,d86b8e6ccf968d8c510e7c16ea044150a2fbe410f26f42eba4c1a015ad44dbc8,92145,d86b8e6ccf968d8c510e7c16ea044150a2fbe410f26f42eba4c1a015ad44dbc8,92145,200,image/jpeg,1,,1,1
LTMD_U1_W3_SPANISH_2018_2019_ROUTE_IDENTITY_0.1,H2018P5ESA,H2019P5ESA,5,Español,77,178,https://historico.conaliteg.gob.mx/c/H2019P5ESA/077.jpg,06eb50d47d4987be57bf2643e2f4ed497dbffbbf1bc2b1c826d78c52034a4c60,160984,06eb50d47d4987be57bf2643e2f4ed497dbffbbf1bc2b1c826d78c52034a4c60,160984,200,image/jpeg,1,,1,1
LTMD_U1_W3_SPANISH_2018_2019_ROUTE_IDENTITY_0.1,H2018P5ESA,H2019P5ESA,5,Español,78,178,https://historico.conaliteg.gob.mx/c/H2019P5ESA/078.jpg,e89ac1dde0d033ddc4b7414c7515a18c5806697d6702670950052b8866c105cc,150132,e89ac1dde0d033ddc4b7414c7515a18c5806697d6702670950052b8866c105cc,150132,200,image/jpeg,1,,1,1
LTMD_U1_W3_SPANISH_2018_2019_ROUTE_IDENTITY_0.1,H2018P5ESA,H2019P5ESA,5,Español,79,178,https://historico.conaliteg.gob.mx/c/H2019P5ESA/079.jpg,a693ce22a34c1dafb40259c3ae9548e4d6361451e9de20cb7e47904a3bd2ab0f,64652,a693ce22a34c1dafb40259c3ae9548e4d6361451e9de20cb7e47904a3bd2ab0f,64652,200,image/jpeg,1,,1,1
LTMD_U1_W3_SPANISH_2018_2019_ROUTE_IDENTITY_0.1,H2018P5ESA,H2019P5ESA,5,Español,80,178,https://historico.conaliteg.gob.mx/c/H2019P5ESA/080.jpg,0c08c2823ba0e821eb9eba86b3393fb1d7d79facea07494481fca5ed691208b5,110067,0c08c2823ba0e821eb9eba86b3393fb1d7d79facea07494481fca5ed691208b5,110067,200,image/jpeg,1,,1,1
LTMD_U1_W3_SPANISH_2018_2019_ROUTE_IDENTITY_0.1,H2018P5ESA,H2019P5ESA,5,Español,81,178,https://historico.conaliteg.gob.mx/c/H2019P5ESA/081.jpg,c96ed6c59082e1810d23b61d09fa204d8dcd19a8badef83e811f689abfbb4810,115245,c96ed6c59082e1810d23b61d09fa204d8dcd19a8badef83e811f689abfbb4810,115245,200,image/jpeg,1,,1,1
LTMD_U1_W3_SPANISH_2018_2019_ROUTE_IDENTITY_0.1,H2018P5ESA,H2019P5ESA,5,Español,82,178,https://historico.conaliteg.gob.mx/c/H2019P5ESA/082.jpg,e5ca943d67eef3cf8b8ad2ed16171ff6ded92763ed6aac77e01f0f2f7c0af2bd,117901,e5ca943d67eef3cf8b8ad2ed16171ff6ded92763ed6aac77e01f0f2f7c0af2bd,117901,200,image/jpeg,1,,1,1
LTMD_U1_W3_SPANISH_2018_2019_ROUTE_IDENTITY_0.1,H2018P5ESA,H2019P5ESA,5,Español,83,178,https://historico.conaliteg.gob.mx/c/H2019P5ESA/083.jpg,22a88395f783198652db2a3b4eeb15c9b4c94f90381ff979fd6cddf14db63d98,103452,22a88395f783198652db2a3b4eeb15c9b4c94f90381ff979fd6cddf14db63d98,103452,200,image/jpeg,1,,1,1
LTMD_U1_W3_SPANISH_2018_2019_ROUTE_IDENTITY_0.1,H2018P5ESA,H2019P5ESA,5,Español,84,178,https://historico.conaliteg.gob.mx/c/H2019P5ESA/084.jpg,831b1e487d6d7c28c62d562a13d4242914c370ddedbca8a64010d74413c772ef,88883,831b1e487d6d7c28c62d562a13d4242914c370ddedbca8a64010d74413c772ef,88883,200,image/jpeg,1,,1,1
LTMD_U1_W3_SPANISH_2018_2019_ROUTE_IDENTITY_0.1,H2018P5ESA,H2019P5ESA,5,Español,85,178,https://historico.conaliteg.gob.mx/c/H2019P5ESA/085.jpg,471fc770e53d8251f1f7aca672d37cf7ca05ceaee2434809776333941baeb851,133618,471fc770e53d8251f1f7aca672d37cf7ca05ceaee2434809776333941baeb851,133618,200,image/jpeg,1,,1,1
LTMD_U1_W3_SPANISH_2018_2019_ROUTE_IDENTITY_0.1,H2018P5ESA,H2019P5ESA,5,Español,86,178,https://historico.conaliteg.gob.mx/c/H2019P5ESA/086.jpg,fec52239a1004878638e6135581453e6f9df37e64b00c0d831b18e2e110609bd,185790,fec52239a1004878638e6135581453e6f9df37e64b00c0d831b18e2e110609bd,185790,200,image/jpeg,1,,1,1
LTMD_U1_W3_SPANISH_2018_2019_ROUTE_IDENTITY_0.1,H2018P5ESA,H2019P5ESA,5,Español,87,178,https://historico.conaliteg.gob.mx/c/H2019P5ESA/087.jpg,9e84281b0117ff47a8966b05f1edba33c5c9c31953cbea88dae05fa80f2aa120,148339,9e84281b0117ff47a8966b05f1edba33c5c9c31953cbea88dae05fa80f2aa120,148339,200,image/jpeg,1,,1,1
LTMD_U1_W3_SPANISH_2018_2019_ROUTE_IDENTITY_0.1,H2018P5ESA,H2019P5ESA,5,Español,88,178,https://historico.conaliteg.gob.mx/c/H2019P5ESA/088.jpg,7d042348d2659f06355a811d872258854875f7e0c46bd2c525c7fa6555649bb3,88837,7d042348d2659f06355a811d872258854875f7e0c46bd2c525c7fa6555649bb3,88837,200,image/jpeg,1,,1,1
LTMD_U1_W3_SPANISH_2018_2019_ROUTE_IDENTITY_0.1,H2018P5ESA,H2019P5ESA,5,Español,89,178,https://historico.conaliteg.gob.mx/c/H2019P5ESA/089.jpg,e0982a1066ae8bb6d4dc091ce03f4faaca326a19af4f09c1cca934037996ac5f,153526,e0982a1066ae8bb6d4dc091ce03f4faaca326a19af4f09c1cca934037996ac5f,153526,200,image/jpeg,1,,1,1
LTMD_U1_W3_SPANISH_2018_2019_ROUTE_IDENTITY_0.1,H2018P5ESA,H2019P5ESA,5,Español,90,178,https://historico.conaliteg.gob.mx/c/H2019P5ESA/090.jpg,77f511cfbde5ad31a67f6b3568ccad206917063fcd10a4bc87d51e3ce9c05316,101848,77f511cfbde5ad31a67f6b3568ccad206917063fcd10a4bc87d51e3ce9c05316,101848,200,image/jpeg,1,,1,1
LTMD_U1_W3_SPANISH_2018_2019_ROUTE_IDENTITY_0.1,H2018P5ESA,H2019P5ESA,5,Español,91,178,https://historico.conaliteg.gob.mx/c/H2019P5ESA/091.jpg,cb066757b81cc055e2f70bf9fb844a745e719d58e68a8472c32ca9bb919dc655,111088,cb066757b81cc055e2f70bf9fb844a745e719d58e68a8472c32ca9bb919dc655,111088,200,image/jpeg,1,,1,1
LTMD_U1_W3_SPANISH_2018_2019_ROUTE_IDENTITY_0.1,H2018P5ESA,H2019P5ESA,5,Español,92,178,https://historico.conaliteg.gob.mx/c/H2019P5ESA/092.jpg,8e83a00028fa19e59e30726c220d8a74047e42eb970c2bea3b5dc4d99f7b49e2,130337,8e83a00028fa19e59e30726c220d8a74047e42eb970c2bea3b5dc4d99f7b49e2,130337,200,image/jpeg,1,,1,1
LTMD_U1_W3_SPANISH_2018_2019_ROUTE_IDENTITY_0.1,H2018P5ESA,H2019P5ESA,5,Español,93,178,https://historico.conaliteg.gob.mx/c/H2019P5ESA/093.jpg,a12009ed469db4b18b8d25a6980bf9fe9ef6ddda73ba91b9fc377b0b8b12f93a,139101,a12009ed469db4b18b8d25a6980bf9fe9ef6ddda73ba91b9fc377b0b8b12f93a,139101,200,image/jpeg,1,,1,1
LTMD_U1_W3_SPANISH_2018_2019_ROUTE_IDENTITY_0.1,H2018P5ESA,H2019P5ESA,5,Español,94,178,https://historico.conaliteg.gob.mx/c/H2019P5ESA/094.jpg,84426aea7fa2bc7ff1d157d4d392d48b517edc45d2d34846f4077ba262b88ee0,116543,84426aea7fa2bc7ff1d157d4d392d48b517edc45d2d34846f4077ba262b88ee0,116543,200,image/jpeg,1,,1,1
LTMD_U1_W3_SPANISH_2018_2019_ROUTE_IDENTITY_0.1,H2018P5ESA,H2019P5ESA,5,Español,95,178,https://historico.conaliteg.gob.mx/c/H2019P5ESA/095.jpg,8be6b65ca27613e2efefb03c39bbdbdc4ba9ae57b83cf26b5c2785a624431082,124062,8be6b65ca27613e2efefb03c39bbdbdc4ba9ae57b83cf26b5c2785a624431082,124062,200,image/jpeg,1,,1,1
LTMD_U1_W3_SPANISH_2018_2019_ROUTE_IDENTITY_0.1,H2018P5ESA,H2019P5ESA,5,Español,96,178,https://historico.conaliteg.gob.mx/c/H2019P5ESA/096.jpg,8be548823a68a426c27b1e53a1c800dc485564e564c7e21d0c1e01302418df6f,82366,8be548823a68a426c27b1e53a1c800dc485564e564c7e21d0c1e01302418df6f,82366,200,image/jpeg,1,,1,1
LTMD_U1_W3_SPANISH_2018_2019_ROUTE_IDENTITY_0.1,H2018P5ESA,H2019P5ESA,5,Español,97,178,https://historico.conaliteg.gob.mx/c/H2019P5ESA/097.jpg,fcbaf67c2d631c1f4ef155c37a6a03de65a700b32508c826a2b4abd6aedca4ca,98458,fcbaf67c2d631c1f4ef155c37a6a03de65a700b32508c826a2b4abd6aedca4ca,98458,200,image/jpeg,1,,1,1
LTMD_U1_W3_SPANISH_2018_2019_ROUTE_IDENTITY_0.1,H2018P5ESA,H2019P5ESA,5,Español,98,178,https://historico.conaliteg.gob.mx/c/H2019P5ESA/098.jpg,a40b817dbfd2d280aaff709f7d9b7309cca5e71764ba73ff405045137ed753cc,67646,a40b817dbfd2d280aaff709f7d9b7309cca5e71764ba73ff405045137ed753cc,67646,200,image/jpeg,1,,1,1
LTMD_U1_W3_SPANISH_2018_2019_ROUTE_IDENTITY_0.1,H2018P5ESA,H2019P5ESA,5,Español,99,178,https://historico.conaliteg.gob.mx/c/H2019P5ESA/099.jpg,9c71e87711a5601d267aff9532d373955b17258b7a75eaf541f19f9add25871e,107898,9c71e87711a5601d267aff9532d373955b17258b7a75eaf541f19f9add25871e,107898,200,image/jpeg,1,,1,1
LTMD_U1_W3_SPANISH_2018_2019_ROUTE_IDENTITY_0.1,H2018P5ESA,H2019P5ESA,5,Español,100,178,https://historico.conaliteg.gob.mx/c/H2019P5ESA/100.jpg,7b102dc727d4b218827555be886d7b41fd745b012b9d4ceb180ffe0900ed8846,81225,7b102dc727d4b218827555be886d7b41fd745b012b9d4ceb180ffe0900ed8846,81225,200,image/jpeg,1,,1,1
LTMD_U1_W3_SPANISH_2018_2019_ROUTE_IDENTITY_0.1,H2018P5ESA,H2019P5ESA,5,Español,101,178,https://historico.conaliteg.gob.mx/c/H2019P5ESA/101.jpg,858b5af4f38ce9356b6ad646e8dfb793fc3c2fed42b43e0ec9b87023ba8bc65f,129538,858b5af4f38ce9356b6ad646e8dfb793fc3c2fed42b43e0ec9b87023ba8bc65f,129538,200,image/jpeg,1,,1,1
LTMD_U1_W3_SPANISH_2018_2019_ROUTE_IDENTITY_0.1,H2018P5ESA,H2019P5ESA,5,Español,102,178,https://historico.conaliteg.gob.mx/c/H2019P5ESA/102.jpg,dba62ec3de5f95d6415dff3da2fc0624ec40da968b808566a748e8e52c6084ea,207324,dba62ec3de5f95d6415dff3da2fc0624ec40da968b808566a748e8e52c6084ea,207324,200,image/jpeg,1,,1,1
LTMD_U1_W3_SPANISH_2018_2019_ROUTE_IDENTITY_0.1,H2018P5ESA,H2019P5ESA,5,Español,103,178,https://historico.conaliteg.gob.mx/c/H2019P5ESA/103.jpg,010bb7ab92d42112f339c91df4644909d88d699ff7817bfdd230b999300c1802,160296,010bb7ab92d42112f339c91df4644909d88d699ff7817bfdd230b999300c1802,160296,200,image/jpeg,1,,1,1
LTMD_U1_W3_SPANISH_2018_2019_ROUTE_IDENTITY_0.1,H2018P5ESA,H2019P5ESA,5,Español,104,178,https://historico.conaliteg.gob.mx/c/H2019P5ESA/104.jpg,132793dd1b01869c18981138548224ac8bf8731dbf4c1b7aef295d4d9876c0ef,107756,132793dd1b01869c18981138548224ac8bf8731dbf4c1b7aef295d4d9876c0ef,107756,200,image/jpeg,1,,1,1
LTMD_U1_W3_SPANISH_2018_2019_ROUTE_IDENTITY_0.1,H2018P5ESA,H2019P5ESA,5,Español,105,178,https://historico.conaliteg.gob.mx/c/H2019P5ESA/105.jpg,69fe3e813d8746e83db4522adf507f818a257b82605980b029c512af52739ecb,190965,69fe3e813d8746e83db4522adf507f818a257b82605980b029c512af52739ecb,190965,200,image/jpeg,1,,1,1
LTMD_U1_W3_SPANISH_2018_2019_ROUTE_IDENTITY_0.1,H2018P5ESA,H2019P5ESA,5,Español,106,178,https://historico.conaliteg.gob.mx/c/H2019P5ESA/106.jpg,0b5f43eb5f1340c61e2f7f000a2b33565de6b6ea3cf2e4c0bae5c8a7a889ca05,197481,0b5f43eb5f1340c61e2f7f000a2b33565de6b6ea3cf2e4c0bae5c8a7a889ca05,197481,200,image/jpeg,1,,1,1
LTMD_U1_W3_SPANISH_2018_2019_ROUTE_IDENTITY_0.1,H2018P5ESA,H2019P5ESA,5,Español,107,178,https://historico.conaliteg.gob.mx/c/H2019P5ESA/107.jpg,3c75c96036cc784d4ac862cc66c432ca7cfa872c65749ac91479738eb9ef27e5,159421,3c75c96036cc784d4ac862cc66c432ca7cfa872c65749ac91479738eb9ef27e5,159421,200,image/jpeg,1,,1,1
LTMD_U1_W3_SPANISH_2018_2019_ROUTE_IDENTITY_0.1,H2018P5ESA,H2019P5ESA,5,Español,108,178,https://historico.conaliteg.gob.mx/c/H2019P5ESA/108.jpg,e7f60b7f208c54c19ffc7bab33733e7659afc6770b75a1f2dce57298ee59bebf,108705,e7f60b7f208c54c19ffc7bab33733e7659afc6770b75a1f2dce57298ee59bebf,108705,200,image/jpeg,1,,1,1
LTMD_U1_W3_SPANISH_2018_2019_ROUTE_IDENTITY_0.1,H2018P5ESA,H2019P5ESA,5,Español,109,178,https://historico.conaliteg.gob.mx/c/H2019P5ESA/109.jpg,9e14d3c217759e93430290946abe91426c7df301d035729bb2020660f5f04a3a,115517,9e14d3c217759e93430290946abe91426c7df301d035729bb2020660f5f04a3a,115517,200,image/jpeg,1,,1,1
LTMD_U1_W3_SPANISH_2018_2019_ROUTE_IDENTITY_0.1,H2018P5ESA,H2019P5ESA,5,Español,110,178,https://historico.conaliteg.gob.mx/c/H2019P5ESA/110.jpg,c15b4cb70832247129e28cad1a99cd236d59263afe1fa4a5ea605dc14bef6719,79342,c15b4cb70832247129e28cad1a99cd236d59263afe1fa4a5ea605dc14bef6719,79342,200,image/jpeg,1,,1,1
LTMD_U1_W3_SPANISH_2018_2019_ROUTE_IDENTITY_0.1,H2018P5ESA,H2019P5ESA,5,Español,111,178,https://historico.conaliteg.gob.mx/c/H2019P5ESA/111.jpg,eed6b9480099c02d670832829cfccdbe7ecb9f28736f638bcbc7c5c9416999ea,105772,eed6b9480099c02d670832829cfccdbe7ecb9f28736f638bcbc7c5c9416999ea,105772,200,image/jpeg,1,,1,1
LTMD_U1_W3_SPANISH_2018_2019_ROUTE_IDENTITY_0.1,H2018P5ESA,H2019P5ESA,5,Español,112,178,https://historico.conaliteg.gob.mx/c/H2019P5ESA/112.jpg,38dbcfd93a1972c9c8e908d9c77a5d01272c0b1657d12aa6bbca024f36320191,174165,38dbcfd93a1972c9c8e908d9c77a5d01272c0b1657d12aa6bbca024f36320191,174165,200,image/jpeg,1,,1,1
LTMD_U1_W3_SPANISH_2018_2019_ROUTE_IDENTITY_0.1,H2018P5ESA,H2019P5ESA,5,Español,113,178,https://historico.conaliteg.gob.mx/c/H2019P5ESA/113.jpg,40ece3b77712dd04cceb5f13535fbbcff0d08c2ec142732df6083fe5645691a9,161112,40ece3b77712dd04cceb5f13535fbbcff0d08c2ec142732df6083fe5645691a9,161112,200,image/jpeg,1,,1,1
LTMD_U1_W3_SPANISH_2018_2019_ROUTE_IDENTITY_0.1,H2018P5ESA,H2019P5ESA,5,Español,114,178,https://historico.conaliteg.gob.mx/c/H2019P5ESA/114.jpg,ee7711a3b72255cfcba2dff39a49ff7452138848344c2b7e3ff8d286c47aae62,100395,ee7711a3b72255cfcba2dff39a49ff7452138848344c2b7e3ff8d286c47aae62,100395,200,image/jpeg,1,,1,1
LTMD_U1_W3_SPANISH_2018_2019_ROUTE_IDENTITY_0.1,H2018P5ESA,H2019P5ESA,5,Español,115,178,https://historico.conaliteg.gob.mx/c/H2019P5ESA/115.jpg,8ee4784e267cc200f0065a8946fcfdc1dd37be37bff2809e83441dd29c8c58f9,121301,8ee4784e267cc200f0065a8946fcfdc1dd37be37bff2809e83441dd29c8c58f9,121301,200,image/jpeg,1,,1,1
LTMD_U1_W3_SPANISH_2018_2019_ROUTE_IDENTITY_0.1,H2018P5ESA,H2019P5ESA,5,Español,116,178,https://historico.conaliteg.gob.mx/c/H2019P5ESA/116.jpg,72c5215b907c6a478bdb8c5b48a2b344761e17a0c01283b848ca5207573840cc,218232,72c5215b907c6a478bdb8c5b48a2b344761e17a0c01283b848ca5207573840cc,218232,200,image/jpeg,1,,1,1
LTMD_U1_W3_SPANISH_2018_2019_ROUTE_IDENTITY_0.1,H2018P5ESA,H2019P5ESA,5,Español,117,178,https://historico.conaliteg.gob.mx/c/H2019P5ESA/117.jpg,209009b3c9dd5e1446587498328e426846af478b189f6273747295337339cf1f,188038,209009b3c9dd5e1446587498328e426846af478b189f6273747295337339cf1f,188038,200,image/jpeg,1,,1,1
LTMD_U1_W3_SPANISH_2018_2019_ROUTE_IDENTITY_0.1,H2018P5ESA,H2019P5ESA,5,Español,118,178,https://historico.conaliteg.gob.mx/c/H2019P5ESA/118.jpg,f6742f8cae482c34673649876fcd983e71e56a03020d6df61698f7dd7e782f32,200135,f6742f8cae482c34673649876fcd983e71e56a03020d6df61698f7dd7e782f32,200135,200,image/jpeg,1,,1,1
LTMD_U1_W3_SPANISH_2018_2019_ROUTE_IDENTITY_0.1,H2018P5ESA,H2019P5ESA,5,Español,119,178,https://historico.conaliteg.gob.mx/c/H2019P5ESA/119.jpg,f160f6a0750ffd388beecf236e35b558c6b0f64388e3340dcd59670d44631ae3,211437,f160f6a0750ffd388beecf236e35b558c6b0f64388e3340dcd59670d44631ae3,211437,200,image/jpeg,1,,1,1
LTMD_U1_W3_SPANISH_2018_2019_ROUTE_IDENTITY_0.1,H2018P5ESA,H2019P5ESA,5,Español,120,178,https://historico.conaliteg.gob.mx/c/H2019P5ESA/120.jpg,ce3feee2217bcc5a018686112ed0fb6badd8f1d390d5c1320299b20d9ddde91f,92112,ce3feee2217bcc5a018686112ed0fb6badd8f1d390d5c1320299b20d9ddde91f,92112,200,image/jpeg,1,,1,1
LTMD_U1_W3_SPANISH_2018_2019_ROUTE_IDENTITY_0.1,H2018P5ESA,H2019P5ESA,5,Español,121,178,https://historico.conaliteg.gob.mx/c/H2019P5ESA/121.jpg,e71645af8d4cbbdbe065d9d26ae2aad2dc74e095dc75de622e4b36fdf1adda8d,146151,e71645af8d4cbbdbe065d9d26ae2aad2dc74e095dc75de622e4b36fdf1adda8d,146151,200,image/jpeg,1,,1,1
LTMD_U1_W3_SPANISH_2018_2019_ROUTE_IDENTITY_0.1,H2018P5ESA,H2019P5ESA,5,Español,122,178,https://historico.conaliteg.gob.mx/c/H2019P5ESA/122.jpg,3ac3bae72c59f343f5815749d56114dfeb378aa387b6310285d639cf53eaf744,113659,3ac3bae72c59f343f5815749d56114dfeb378aa387b6310285d639cf53eaf744,113659,200,image/jpeg,1,,1,1
LTMD_U1_W3_SPANISH_2018_2019_ROUTE_IDENTITY_0.1,H2018P5ESA,H2019P5ESA,5,Español,123,178,https://historico.conaliteg.gob.mx/c/H2019P5ESA/123.jpg,2b32fc0e1b650b385132cc787fba148b2736564bb5c74161e98d43a647c6def9,123829,2b32fc0e1b650b385132cc787fba148b2736564bb5c74161e98d43a647c6def9,123829,200,image/jpeg,1,,1,1
LTMD_U1_W3_SPANISH_2018_2019_ROUTE_IDENTITY_0.1,H2018P5ESA,H2019P5ESA,5,Español,124,178,https://historico.conaliteg.gob.mx/c/H2019P5ESA/124.jpg,c1ce5e2ecad938d33ba8df85b0617bd27c222f51340a14e53929c94bc865c2e3,135434,c1ce5e2ecad938d33ba8df85b0617bd27c222f51340a14e53929c94bc865c2e3,135434,200,image/jpeg,1,,1,1
LTMD_U1_W3_SPANISH_2018_2019_ROUTE_IDENTITY_0.1,H2018P5ESA,H2019P5ESA,5,Español,125,178,https://historico.conaliteg.gob.mx/c/H2019P5ESA/125.jpg,b51cf8af0d4ed0a5087ebbdccde2e0f85ab06d59cd324b910b916e3a67bea65c,113458,b51cf8af0d4ed0a5087ebbdccde2e0f85ab06d59cd324b910b916e3a67bea65c,113458,200,image/jpeg,1,,1,1
LTMD_U1_W3_SPANISH_2018_2019_ROUTE_IDENTITY_0.1,H2018P5ESA,H2019P5ESA,5,Español,126,178,https://historico.conaliteg.gob.mx/c/H2019P5ESA/126.jpg,1adbad48459cd31c82a344e8ef9b00037255248200794d3ab42b400b0f8ddcc2,139529,1adbad48459cd31c82a344e8ef9b00037255248200794d3ab42b400b0f8ddcc2,139529,200,image/jpeg,1,,1,1
LTMD_U1_W3_SPANISH_2018_2019_ROUTE_IDENTITY_0.1,H2018P5ESA,H2019P5ESA,5,Español,127,178,https://historico.conaliteg.gob.mx/c/H2019P5ESA/127.jpg,5e6e0f09e6ef79b559039a32503d1702246f3d6cac4cb91d296b251eb7ef7f9c,83570,5e6e0f09e6ef79b559039a32503d1702246f3d6cac4cb91d296b251eb7ef7f9c,83570,200,image/jpeg,1,,1,1
LTMD_U1_W3_SPANISH_2018_2019_ROUTE_IDENTITY_0.1,H2018P5ESA,H2019P5ESA,5,Español,128,178,https://historico.conaliteg.gob.mx/c/H2019P5ESA/128.jpg,e8c2e3af765cbd30b164efa71d719702c19d8118602df8c1822f36de665675d3,82710,e8c2e3af765cbd30b164efa71d719702c19d8118602df8c1822f36de665675d3,82710,200,image/jpeg,1,,1,1
LTMD_U1_W3_SPANISH_2018_2019_ROUTE_IDENTITY_0.1,H2018P5ESA,H2019P5ESA,5,Español,129,178,https://historico.conaliteg.gob.mx/c/H2019P5ESA/129.jpg,ed61edef6902c49e5db27db372f41889677393499ccba1f9b9770a7bb2df2e90,125369,ed61edef6902c49e5db27db372f41889677393499ccba1f9b9770a7bb2df2e90,125369,200,image/jpeg,1,,1,1
LTMD_U1_W3_SPANISH_2018_2019_ROUTE_IDENTITY_0.1,H2018P5ESA,H2019P5ESA,5,Español,130,178,https://historico.conaliteg.gob.mx/c/H2019P5ESA/130.jpg,879757e40ab5afeec8ba3d74c3f90cd802d7ee46d63a5d7988d097f1f050250f,93683,879757e40ab5afeec8ba3d74c3f90cd802d7ee46d63a5d7988d097f1f050250f,93683,200,image/jpeg,1,,1,1
LTMD_U1_W3_SPANISH_2018_2019_ROUTE_IDENTITY_0.1,H2018P5ESA,H2019P5ESA,5,Español,131,178,https://historico.conaliteg.gob.mx/c/H2019P5ESA/131.jpg,3dcb142e8a8236f7c3c50dff74c3397865636b75ec946f9fd940defc9c830c95,131527,3dcb142e8a8236f7c3c50dff74c3397865636b75ec946f9fd940defc9c830c95,131527,200,image/jpeg,1,,1,1
LTMD_U1_W3_SPANISH_2018_2019_ROUTE_IDENTITY_0.1,H2018P5ESA,H2019P5ESA,5,Español,132,178,https://historico.conaliteg.gob.mx/c/H2019P5ESA/132.jpg,ed9284f251aaf952868b1db69ce6a5827c0e7769442fee87104415f2db623536,171523,ed9284f251aaf952868b1db69ce6a5827c0e7769442fee87104415f2db623536,171523,200,image/jpeg,1,,1,1
LTMD_U1_W3_SPANISH_2018_2019_ROUTE_IDENTITY_0.1,H2018P5ESA,H2019P5ESA,5,Español,133,178,https://historico.conaliteg.gob.mx/c/H2019P5ESA/133.jpg,f4faeed161763d2e7e676ab8f7d538359401e64e70d9444723d693d123e401ca,143821,f4faeed161763d2e7e676ab8f7d538359401e64e70d9444723d693d123e401ca,143821,200,image/jpeg,1,,1,1
LTMD_U1_W3_SPANISH_2018_2019_ROUTE_IDENTITY_0.1,H2018P5ESA,H2019P5ESA,5,Español,134,178,https://historico.conaliteg.gob.mx/c/H2019P5ESA/134.jpg,b93ee8e8400d6ef4913c66a801a7113df224e9790abfac518f2f59d84b1c3412,126033,b93ee8e8400d6ef4913c66a801a7113df224e9790abfac518f2f59d84b1c3412,126033,200,image/jpeg,1,,1,1
LTMD_U1_W3_SPANISH_2018_2019_ROUTE_IDENTITY_0.1,H2018P5ESA,H2019P5ESA,5,Español,135,178,https://historico.conaliteg.gob.mx/c/H2019P5ESA/135.jpg,efafe3edcbb1dd582ce744a5ddec0b499cfb1df57e30d0c79314c093d48e5188,137218,efafe3edcbb1dd582ce744a5ddec0b499cfb1df57e30d0c79314c093d48e5188,137218,200,image/jpeg,1,,1,1
LTMD_U1_W3_SPANISH_2018_2019_ROUTE_IDENTITY_0.1,H2018P5ESA,H2019P5ESA,5,Español,136,178,https://historico.conaliteg.gob.mx/c/H2019P5ESA/136.jpg,99cc0ae9385987384247d76bfb4f0a277e3eb7c76f5cf693e7d7f7ea1fea02b5,97949,99cc0ae9385987384247d76bfb4f0a277e3eb7c76f5cf693e7d7f7ea1fea02b5,97949,200,image/jpeg,1,,1,1
LTMD_U1_W3_SPANISH_2018_2019_ROUTE_IDENTITY_0.1,H2018P5ESA,H2019P5ESA,5,Español,137,178,https://historico.conaliteg.gob.mx/c/H2019P5ESA/137.jpg,7dbb27ca373334e37a9c3b065282c41514272f7c9c9f8ab66d4d7ba7cb6d2e68,114806,7dbb27ca373334e37a9c3b065282c41514272f7c9c9f8ab66d4d7ba7cb6d2e68,114806,200,image/jpeg,1,,1,1
LTMD_U1_W3_SPANISH_2018_2019_ROUTE_IDENTITY_0.1,H2018P5ESA,H2019P5ESA,5,Español,138,178,https://historico.conaliteg.gob.mx/c/H2019P5ESA/138.jpg,0c9b7ab588d6790c5619ecd20210c86deb58fafd2dd891e9bed8dda929f5d798,90810,0c9b7ab588d6790c5619ecd20210c86deb58fafd2dd891e9bed8dda929f5d798,90810,200,image/jpeg,1,,1,1
LTMD_U1_W3_SPANISH_2018_2019_ROUTE_IDENTITY_0.1,H2018P5ESA,H2019P5ESA,5,Español,139,178,https://historico.conaliteg.gob.mx/c/H2019P5ESA/139.jpg,2180551bc82c24089372e5f52a900e781bc0a81087fa7d0ef0b17e276de2d21b,101093,2180551bc82c24089372e5f52a900e781bc0a81087fa7d0ef0b17e276de2d21b,101093,200,image/jpeg,1,,1,1
LTMD_U1_W3_SPANISH_2018_2019_ROUTE_IDENTITY_0.1,H2018P5ESA,H2019P5ESA,5,Español,140,178,https://historico.conaliteg.gob.mx/c/H2019P5ESA/140.jpg,e149ac393c799f662432eade77257c91aca53026c4a352e4eba6bdb0c20a72e8,97410,e149ac393c799f662432eade77257c91aca53026c4a352e4eba6bdb0c20a72e8,97410,200,image/jpeg,1,,1,1
LTMD_U1_W3_SPANISH_2018_2019_ROUTE_IDENTITY_0.1,H2018P5ESA,H2019P5ESA,5,Español,141,178,https://historico.conaliteg.gob.mx/c/H2019P5ESA/141.jpg,83109fb44d501a265b5e7654f63805b255b8f416c602b6e72c8cb508c4e5becb,109399,83109fb44d501a265b5e7654f63805b255b8f416c602b6e72c8cb508c4e5becb,109399,200,image/jpeg,1,,1,1
LTMD_U1_W3_SPANISH_2018_2019_ROUTE_IDENTITY_0.1,H2018P5ESA,H2019P5ESA,5,Español,142,178,https://historico.conaliteg.gob.mx/c/H2019P5ESA/142.jpg,41a72217f1af45024a942513d6efeef446f3f4ae3511b300b922203fc009a17f,158937,41a72217f1af45024a942513d6efeef446f3f4ae3511b300b922203fc009a17f,158937,200,image/jpeg,1,,1,1
LTMD_U1_W3_SPANISH_2018_2019_ROUTE_IDENTITY_0.1,H2018P5ESA,H2019P5ESA,5,Español,143,178,https://historico.conaliteg.gob.mx/c/H2019P5ESA/143.jpg,1e022be903101edf983f9b49205f8215bcdf76677ecb9294a1505fe4435ea7f4,166155,1e022be903101edf983f9b49205f8215bcdf76677ecb9294a1505fe4435ea7f4,166155,200,image/jpeg,1,,1,1
LTMD_U1_W3_SPANISH_2018_2019_ROUTE_IDENTITY_0.1,H2018P5ESA,H2019P5ESA,5,Español,144,178,https://historico.conaliteg.gob.mx/c/H2019P5ESA/144.jpg,10e634668d1a37d4bee0d0fdc9a8f3d65b7453741eecc9d505637a192c5f1b1c,111548,10e634668d1a37d4bee0d0fdc9a8f3d65b7453741eecc9d505637a192c5f1b1c,111548,200,image/jpeg,1,,1,1
LTMD_U1_W3_SPANISH_2018_2019_ROUTE_IDENTITY_0.1,H2018P5ESA,H2019P5ESA,5,Español,145,178,https://historico.conaliteg.gob.mx/c/H2019P5ESA/145.jpg,f93c3c75498767d8ade12f632de1b70bd4c5b7ed7f3c29bdbecdf32811545992,97250,f93c3c75498767d8ade12f632de1b70bd4c5b7ed7f3c29bdbecdf32811545992,97250,200,image/jpeg,1,,1,1
LTMD_U1_W3_SPANISH_2018_2019_ROUTE_IDENTITY_0.1,H2018P5ESA,H2019P5ESA,5,Español,146,178,https://historico.conaliteg.gob.mx/c/H2019P5ESA/146.jpg,31d4f5045eebe8653afe3c055ec319130de57f2a4d011c8aefd4383e46932b35,127240,31d4f5045eebe8653afe3c055ec319130de57f2a4d011c8aefd4383e46932b35,127240,200,image/jpeg,1,,1,1
LTMD_U1_W3_SPANISH_2018_2019_ROUTE_IDENTITY_0.1,H2018P5ESA,H2019P5ESA,5,Español,147,178,https://historico.conaliteg.gob.mx/c/H2019P5ESA/147.jpg,1c4fbebff127e76b8f3412e3df4b77c45cbd8b918df3ea72e90affd0b57e5616,98309,1c4fbebff127e76b8f3412e3df4b77c45cbd8b918df3ea72e90affd0b57e5616,98309,200,image/jpeg,1,,1,1
LTMD_U1_W3_SPANISH_2018_2019_ROUTE_IDENTITY_0.1,H2018P5ESA,H2019P5ESA,5,Español,148,178,https://historico.conaliteg.gob.mx/c/H2019P5ESA/148.jpg,a419a2018d6a4a52765285006267afebf3faadb51b0930b448a0230cddcfc2a2,124432,a419a2018d6a4a52765285006267afebf3faadb51b0930b448a0230cddcfc2a2,124432,200,image/jpeg,1,,1,1
LTMD_U1_W3_SPANISH_2018_2019_ROUTE_IDENTITY_0.1,H2018P5ESA,H2019P5ESA,5,Español,149,178,https://historico.conaliteg.gob.mx/c/H2019P5ESA/149.jpg,b1d799932926f6fcbbb687c5459a5a9deb6cbc8d2aef8718e750aef887c929ab,81938,b1d799932926f6fcbbb687c5459a5a9deb6cbc8d2aef8718e750aef887c929ab,81938,200,image/jpeg,1,,1,1
LTMD_U1_W3_SPANISH_2018_2019_ROUTE_IDENTITY_0.1,H2018P5ESA,H2019P5ESA,5,Español,150,178,https://historico.conaliteg.gob.mx/c/H2019P5ESA/150.jpg,58f65932a98f974e54f86f865f5175c90e483a9d866c628e503bec842a23327f,92179,58f65932a98f974e54f86f865f5175c90e483a9d866c628e503bec842a23327f,92179,200,image/jpeg,1,,1,1
LTMD_U1_W3_SPANISH_2018_2019_ROUTE_IDENTITY_0.1,H2018P5ESA,H2019P5ESA,5,Español,151,178,https://historico.conaliteg.gob.mx/c/H2019P5ESA/151.jpg,b8fd1addccf78a25af2336da54d83e476f977ca0f844279efc39ae6c0cf3e698,79039,b8fd1addccf78a25af2336da54d83e476f977ca0f844279efc39ae6c0cf3e698,79039,200,image/jpeg,1,,1,1
LTMD_U1_W3_SPANISH_2018_2019_ROUTE_IDENTITY_0.1,H2018P5ESA,H2019P5ESA,5,Español,152,178,https://historico.conaliteg.gob.mx/c/H2019P5ESA/152.jpg,37d1a7703993ec79cf871b4e95943984bacac88bb808ac713b8ea81e95ea744b,162568,37d1a7703993ec79cf871b4e95943984bacac88bb808ac713b8ea81e95ea744b,162568,200,image/jpeg,1,,1,1
LTMD_U1_W3_SPANISH_2018_2019_ROUTE_IDENTITY_0.1,H2018P5ESA,H2019P5ESA,5,Español,153,178,https://historico.conaliteg.gob.mx/c/H2019P5ESA/153.jpg,6909a5b7dcc8d6da21f84312f5e95b783f585f856f77e4af0482ab6b670341c9,149558,6909a5b7dcc8d6da21f84312f5e95b783f585f856f77e4af0482ab6b670341c9,149558,200,image/jpeg,1,,1,1
LTMD_U1_W3_SPANISH_2018_2019_ROUTE_IDENTITY_0.1,H2018P5ESA,H2019P5ESA,5,Español,154,178,https://historico.conaliteg.gob.mx/c/H2019P5ESA/154.jpg,f1915064ff65ff96c976b8cb8ecc52386bf43aec863be63e7c21d2931f08d50f,95805,f1915064ff65ff96c976b8cb8ecc52386bf43aec863be63e7c21d2931f08d50f,95805,200,image/jpeg,1,,1,1
LTMD_U1_W3_SPANISH_2018_2019_ROUTE_IDENTITY_0.1,H2018P5ESA,H2019P5ESA,5,Español,155,178,https://historico.conaliteg.gob.mx/c/H2019P5ESA/155.jpg,2a8bb0539b5de8057df52f724d3e7f5e25f01337da60c622c04237802887ace6,168261,2a8bb0539b5de8057df52f724d3e7f5e25f01337da60c622c04237802887ace6,168261,200,image/jpeg,1,,1,1
LTMD_U1_W3_SPANISH_2018_2019_ROUTE_IDENTITY_0.1,H2018P5ESA,H2019P5ESA,5,Español,156,178,https://historico.conaliteg.gob.mx/c/H2019P5ESA/156.jpg,3d649a66a95f630072d7b3380099499a48717b3f36e3c90ef18469030e2b909b,183584,3d649a66a95f630072d7b3380099499a48717b3f36e3c90ef18469030e2b909b,183584,200,image/jpeg,1,,1,1
LTMD_U1_W3_SPANISH_2018_2019_ROUTE_IDENTITY_0.1,H2018P5ESA,H2019P5ESA,5,Español,157,178,https://historico.conaliteg.gob.mx/c/H2019P5ESA/157.jpg,cbd3cf3f826a158ab48fb52feb3dcf834c5efc1b09951c53b7ee9bc924b7fb3e,84472,cbd3cf3f826a158ab48fb52feb3dcf834c5efc1b09951c53b7ee9bc924b7fb3e,84472,200,image/jpeg,1,,1,1
LTMD_U1_W3_SPANISH_2018_2019_ROUTE_IDENTITY_0.1,H2018P5ESA,H2019P5ESA,5,Español,158,178,https://historico.conaliteg.gob.mx/c/H2019P5ESA/158.jpg,edf747bde90102267342d7a1fa2a002d94f4c7d402eded2f0f4faa82b0c37582,132781,edf747bde90102267342d7a1fa2a002d94f4c7d402eded2f0f4faa82b0c37582,132781,200,image/jpeg,1,,1,1
LTMD_U1_W3_SPANISH_2018_2019_ROUTE_IDENTITY_0.1,H2018P5ESA,H2019P5ESA,5,Español,159,178,https://historico.conaliteg.gob.mx/c/H2019P5ESA/159.jpg,0f52166a768a01e412329c9a311cc93efe7c58af098152ec78319ce81ccc45b6,162476,0f52166a768a01e412329c9a311cc93efe7c58af098152ec78319ce81ccc45b6,162476,200,image/jpeg,1,,1,1
LTMD_U1_W3_SPANISH_2018_2019_ROUTE_IDENTITY_0.1,H2018P5ESA,H2019P5ESA,5,Español,160,178,https://historico.conaliteg.gob.mx/c/H2019P5ESA/160.jpg,bd4dd8a0304627dc751adb9d8325d34b9129e9cae60d4ee6975dcb607cd180fa,95036,bd4dd8a0304627dc751adb9d8325d34b9129e9cae60d4ee6975dcb607cd180fa,95036,200,image/jpeg,1,,1,1
LTMD_U1_W3_SPANISH_2018_2019_ROUTE_IDENTITY_0.1,H2018P5ESA,H2019P5ESA,5,Español,161,178,https://historico.conaliteg.gob.mx/c/H2019P5ESA/161.jpg,834a265766f31a956ea679200e2f7b11a9a7935a9734899edc97e6e6a2d2cb31,86824,834a265766f31a956ea679200e2f7b11a9a7935a9734899edc97e6e6a2d2cb31,86824,200,image/jpeg,1,,1,1
LTMD_U1_W3_SPANISH_2018_2019_ROUTE_IDENTITY_0.1,H2018P5ESA,H2019P5ESA,5,Español,162,178,https://historico.conaliteg.gob.mx/c/H2019P5ESA/162.jpg,752b0a7462af0908f18dff46e8d076e86e9b8c2ae0d2db4a0c35309a2c66590e,86680,752b0a7462af0908f18dff46e8d076e86e9b8c2ae0d2db4a0c35309a2c66590e,86680,200,image/jpeg,1,,1,1
LTMD_U1_W3_SPANISH_2018_2019_ROUTE_IDENTITY_0.1,H2018P5ESA,H2019P5ESA,5,Español,163,178,https://historico.conaliteg.gob.mx/c/H2019P5ESA/163.jpg,88c4c454567680221dff6ad7578bb4b4f3a4d2ffe65a14f5b8fb86c0867b9d3f,107657,88c4c454567680221dff6ad7578bb4b4f3a4d2ffe65a14f5b8fb86c0867b9d3f,107657,200,image/jpeg,1,,1,1
LTMD_U1_W3_SPANISH_2018_2019_ROUTE_IDENTITY_0.1,H2018P5ESA,H2019P5ESA,5,Español,164,178,https://historico.conaliteg.gob.mx/c/H2019P5ESA/164.jpg,7e27504fc22b47ca24edbd4cf0bd23ede654d2c978d003c888972d49c7cb0465,133463,7e27504fc22b47ca24edbd4cf0bd23ede654d2c978d003c888972d49c7cb0465,133463,200,image/jpeg,1,,1,1
LTMD_U1_W3_SPANISH_2018_2019_ROUTE_IDENTITY_0.1,H2018P5ESA,H2019P5ESA,5,Español,165,178,https://historico.conaliteg.gob.mx/c/H2019P5ESA/165.jpg,86cde979d89e0974ba6a5c96648a811f12284c6d1e8ec2de4a1d95c28c996c5c,96970,86cde979d89e0974ba6a5c96648a811f12284c6d1e8ec2de4a1d95c28c996c5c,96970,200,image/jpeg,1,,1,1
LTMD_U1_W3_SPANISH_2018_2019_ROUTE_IDENTITY_0.1,H2018P5ESA,H2019P5ESA,5,Español,166,178,https://historico.conaliteg.gob.mx/c/H2019P5ESA/166.jpg,36c4b0f8c2142778d8b88bd2435e8b5d60eaf71a1de019ca291e1506ce8dfebe,126045,36c4b0f8c2142778d8b88bd2435e8b5d60eaf71a1de019ca291e1506ce8dfebe,126045,200,image/jpeg,1,,1,1
LTMD_U1_W3_SPANISH_2018_2019_ROUTE_IDENTITY_0.1,H2018P5ESA,H2019P5ESA,5,Español,167,178,https://historico.conaliteg.gob.mx/c/H2019P5ESA/167.jpg,8bbc36d1dd149e6a32480c538fc3bf20236ae931a83a857b061edb5fe41a3859,133377,8bbc36d1dd149e6a32480c538fc3bf20236ae931a83a857b061edb5fe41a3859,133377,200,image/jpeg,1,,1,1
LTMD_U1_W3_SPANISH_2018_2019_ROUTE_IDENTITY_0.1,H2018P5ESA,H2019P5ESA,5,Español,168,178,https://historico.conaliteg.gob.mx/c/H2019P5ESA/168.jpg,18e12e10fca54f63bf1aa7b5170aa344d43a7aeb562bd1e6703dd4e9020fe8b8,91658,18e12e10fca54f63bf1aa7b5170aa344d43a7aeb562bd1e6703dd4e9020fe8b8,91658,200,image/jpeg,1,,1,1
LTMD_U1_W3_SPANISH_2018_2019_ROUTE_IDENTITY_0.1,H2018P5ESA,H2019P5ESA,5,Español,169,178,https://historico.conaliteg.gob.mx/c/H2019P5ESA/169.jpg,cef9eadb759f92fd28ec5b8ff2680b784a1a11ce9590e2f17a46914af8df7410,90162,cef9eadb759f92fd28ec5b8ff2680b784a1a11ce9590e2f17a46914af8df7410,90162,200,image/jpeg,1,,1,1
LTMD_U1_W3_SPANISH_2018_2019_ROUTE_IDENTITY_0.1,H2018P5ESA,H2019P5ESA,5,Español,170,178,https://historico.conaliteg.gob.mx/c/H2019P5ESA/170.jpg,d5cbde086c3c8bd1d991d51e4af648f8ffee8bb89aa24cffee6d483bbe541f27,181497,d5cbde086c3c8bd1d991d51e4af648f8ffee8bb89aa24cffee6d483bbe541f27,181497,200,image/jpeg,1,,1,1
LTMD_U1_W3_SPANISH_2018_2019_ROUTE_IDENTITY_0.1,H2018P5ESA,H2019P5ESA,5,Español,171,178,https://historico.conaliteg.gob.mx/c/H2019P5ESA/171.jpg,27f2323bb46bff7c07557a58d7e6c40608d269a65e750fc5cfe4abd3811b0d6d,182373,27f2323bb46bff7c07557a58d7e6c40608d269a65e750fc5cfe4abd3811b0d6d,182373,200,image/jpeg,1,,1,1
LTMD_U1_W3_SPANISH_2018_2019_ROUTE_IDENTITY_0.1,H2018P5ESA,H2019P5ESA,5,Español,172,178,https://historico.conaliteg.gob.mx/c/H2019P5ESA/172.jpg,7e6f36a3a62274b1ef1c73dcc68c12b7cc5bb10d3d70c665a477c0adeff8a656,174432,7e6f36a3a62274b1ef1c73dcc68c12b7cc5bb10d3d70c665a477c0adeff8a656,174432,200,image/jpeg,1,,1,1
LTMD_U1_W3_SPANISH_2018_2019_ROUTE_IDENTITY_0.1,H2018P5ESA,H2019P5ESA,5,Español,173,178,https://historico.conaliteg.gob.mx/c/H2019P5ESA/173.jpg,c5b0cc2f7a738a52a628aa8dacd25899f528bd05a80475eb1a2872e9d475d54f,157230,c5b0cc2f7a738a52a628aa8dacd25899f528bd05a80475eb1a2872e9d475d54f,157230,200,image/jpeg,1,,1,1
LTMD_U1_W3_SPANISH_2018_2019_ROUTE_IDENTITY_0.1,H2018P5ESA,H2019P5ESA,5,Español,174,178,https://historico.conaliteg.gob.mx/c/H2019P5ESA/174.jpg,6619888c692dd810caf90504d3e6e686a8daa588ffc6431268fa1155402669c7,144708,6619888c692dd810caf90504d3e6e686a8daa588ffc6431268fa1155402669c7,144708,200,image/jpeg,1,,1,1
LTMD_U1_W3_SPANISH_2018_2019_ROUTE_IDENTITY_0.1,H2018P5ESA,H2019P5ESA,5,Español,175,178,https://historico.conaliteg.gob.mx/c/H2019P5ESA/175.jpg,94a4e2047cdcc0738bd18d8ae04c51a7a7125805b754c6f60c239f55ce9a9e6d,97643,94a4e2047cdcc0738bd18d8ae04c51a7a7125805b754c6f60c239f55ce9a9e6d,97643,200,image/jpeg,1,,1,1
LTMD_U1_W3_SPANISH_2018_2019_ROUTE_IDENTITY_0.1,H2018P5ESA,H2019P5ESA,5,Español,176,178,https://historico.conaliteg.gob.mx/c/H2019P5ESA/176.jpg,e1df6d7ad5f0d34478ca871790e16e496e8e60f97af28a64cd1f3154958fda94,53315,e1df6d7ad5f0d34478ca871790e16e496e8e60f97af28a64cd1f3154958fda94,53315,200,image/jpeg,1,,1,1
LTMD_U1_W3_SPANISH_2018_2019_ROUTE_IDENTITY_0.1,H2018P5ESA,H2019P5ESA,5,Español,177,178,https://historico.conaliteg.gob.mx/c/H2019P5ESA/177.jpg,036a11ac0969f048ce1086e6b5320422af642e7c0184501dc4d3e7f59879d821,65023,036a11ac0969f048ce1086e6b5320422af642e7c0184501dc4d3e7f59879d821,65023,200,image/jpeg,1,,1,1
LTMD_U1_W3_SPANISH_2018_2019_ROUTE_IDENTITY_0.1,H2018P5LEA,H2019P5LEA,5,Español. Libro de lectura,1,162,https://historico.conaliteg.gob.mx/c/H2019P5LEA/000.jpg,af657a29da7d7605194ceef9329dfc4e461e18fe4345acd1944a6541822e9181,395958,af657a29da7d7605194ceef9329dfc4e461e18fe4345acd1944a6541822e9181,395958,200,image/jpeg,1,,1,1
LTMD_U1_W3_SPANISH_2018_2019_ROUTE_IDENTITY_0.1,H2018P5LEA,H2019P5LEA,5,Español. Libro de lectura,2,162,https://historico.conaliteg.gob.mx/c/H2019P5LEA/002.jpg,e48b64dade6ec713df4604e00f380c3a53f9b5ab938e92ade608b46e731f4783,206393,e48b64dade6ec713df4604e00f380c3a53f9b5ab938e92ade608b46e731f4783,206393,200,image/jpeg,1,,1,1
LTMD_U1_W3_SPANISH_2018_2019_ROUTE_IDENTITY_0.1,H2018P5LEA,H2019P5LEA,5,Español. Libro de lectura,3,162,https://historico.conaliteg.gob.mx/c/H2019P5LEA/003.jpg,692b3367e2cc136eaff9726e0d88102bc81ae2cb8230787ba23e5e4d43ac7688,163949,692b3367e2cc136eaff9726e0d88102bc81ae2cb8230787ba23e5e4d43ac7688,163949,200,image/jpeg,1,,1,1
LTMD_U1_W3_SPANISH_2018_2019_ROUTE_IDENTITY_0.1,H2018P5LEA,H2019P5LEA,5,Español. Libro de lectura,4,162,https://historico.conaliteg.gob.mx/c/H2019P5LEA/004.jpg,e9deeff692914cb4c4a2f473e06b9d0d46badc75d5d38e8effa2aa031424938b,495831,e9deeff692914cb4c4a2f473e06b9d0d46badc75d5d38e8effa2aa031424938b,495831,200,image/jpeg,1,,1,1
LTMD_U1_W3_SPANISH_2018_2019_ROUTE_IDENTITY_0.1,H2018P5LEA,H2019P5LEA,5,Español. Libro de lectura,5,162,https://historico.conaliteg.gob.mx/c/H2019P5LEA/005.jpg,d8e31cb8cb7d15a938648c229c83a40ded5e81e186ce86b7963343d80df27832,457597,d8e31cb8cb7d15a938648c229c83a40ded5e81e186ce86b7963343d80df27832,457597,200,image/jpeg,1,,1,1
LTMD_U1_W3_SPANISH_2018_2019_ROUTE_IDENTITY_0.1,H2018P5LEA,H2019P5LEA,5,Español. Libro de lectura,6,162,https://historico.conaliteg.gob.mx/c/H2019P5LEA/006.jpg,31d6832c47fd3f18305b3f253748c075d75ad0c6010d756e59128e8ef482952e,254371,31d6832c47fd3f18305b3f253748c075d75ad0c6010d756e59128e8ef482952e,254371,200,image/jpeg,1,,1,1
LTMD_U1_W3_SPANISH_2018_2019_ROUTE_IDENTITY_0.1,H2018P5LEA,H2019P5LEA,5,Español. Libro de lectura,7,162,https://historico.conaliteg.gob.mx/c/H2019P5LEA/007.jpg,01b7ddf706a17dd86ccec0baf1afdb199629816b0e34e6178ac38dedd15976b9,243708,01b7ddf706a17dd86ccec0baf1afdb199629816b0e34e6178ac38dedd15976b9,243708,200,image/jpeg,1,,1,1
LTMD_U1_W3_SPANISH_2018_2019_ROUTE_IDENTITY_0.1,H2018P5LEA,H2019P5LEA,5,Español. Libro de lectura,8,162,https://historico.conaliteg.gob.mx/c/H2019P5LEA/008.jpg,dd8c742304ceccdabb83e94e2ca7e2fe994da0addab3647d115f23cdf206f82f,396539,dd8c742304ceccdabb83e94e2ca7e2fe994da0addab3647d115f23cdf206f82f,396539,200,image/jpeg,1,,1,1
LTMD_U1_W3_SPANISH_2018_2019_ROUTE_IDENTITY_0.1,H2018P5LEA,H2019P5LEA,5,Español. Libro de lectura,9,162,https://historico.conaliteg.gob.mx/c/H2019P5LEA/009.jpg,6f8d2ad86f3e9e65c3bf93c5b600492571fbec98c27b249874356128583caa14,381169,6f8d2ad86f3e9e65c3bf93c5b600492571fbec98c27b249874356128583caa14,381169,200,image/jpeg,1,,1,1
LTMD_U1_W3_SPANISH_2018_2019_ROUTE_IDENTITY_0.1,H2018P5LEA,H2019P5LEA,5,Español. Libro de lectura,10,162,https://historico.conaliteg.gob.mx/c/H2019P5LEA/010.jpg,7d5c1c4cb39deecf9342a385fd3abfc10f54bc0bbdc1e948c25c32d0ca8bc18f,471851,7d5c1c4cb39deecf9342a385fd3abfc10f54bc0bbdc1e948c25c32d0ca8bc18f,471851,200,image/jpeg,1,,1,1
LTMD_U1_W3_SPANISH_2018_2019_ROUTE_IDENTITY_0.1,H2018P5LEA,H2019P5LEA,5,Español. Libro de lectura,11,162,https://historico.conaliteg.gob.mx/c/H2019P5LEA/011.jpg,05d92ef8aa9b472e47b2fe59755e272ac22f06926fd64d9d79854fa26e90abb5,444436,05d92ef8aa9b472e47b2fe59755e272ac22f06926fd64d9d79854fa26e90abb5,444436,200,image/jpeg,1,,1,1
LTMD_U1_W3_SPANISH_2018_2019_ROUTE_IDENTITY_0.1,H2018P5LEA,H2019P5LEA,5,Español. Libro de lectura,12,162,https://historico.conaliteg.gob.mx/c/H2019P5LEA/012.jpg,83554d81d7aa4ac9d16c70e65bea4b1fbe1905e25b45aefb67b431cd4590d09a,369358,83554d81d7aa4ac9d16c70e65bea4b1fbe1905e25b45aefb67b431cd4590d09a,369358,200,image/jpeg,1,,1,1
LTMD_U1_W3_SPANISH_2018_2019_ROUTE_IDENTITY_0.1,H2018P5LEA,H2019P5LEA,5,Español. Libro de lectura,13,162,https://historico.conaliteg.gob.mx/c/H2019P5LEA/013.jpg,c841ce28282f57670b81b5089d08569ce9e11d39f89d8dd9787ffde45f769274,448157,c841ce28282f57670b81b5089d08569ce9e11d39f89d8dd9787ffde45f769274,448157,200,image/jpeg,1,,1,1
LTMD_U1_W3_SPANISH_2018_2019_ROUTE_IDENTITY_0.1,H2018P5LEA,H2019P5LEA,5,Español. Libro de lectura,14,162,https://historico.conaliteg.gob.mx/c/H2019P5LEA/014.jpg,6bf5c24d296cb5e459598f855287a792788a57d2a737087efbd4a5d27c75fb29,355698,6bf5c24d296cb5e459598f855287a792788a57d2a737087efbd4a5d27c75fb29,355698,200,image/jpeg,1,,1,1
LTMD_U1_W3_SPANISH_2018_2019_ROUTE_IDENTITY_0.1,H2018P5LEA,H2019P5LEA,5,Español. Libro de lectura,15,162,https://historico.conaliteg.gob.mx/c/H2019P5LEA/015.jpg,a57f2746e42272ad52824ecd6c3ab28a563faa3ec3d4e4517b079d1cdc3fb834,469679,a57f2746e42272ad52824ecd6c3ab28a563faa3ec3d4e4517b079d1cdc3fb834,469679,200,image/jpeg,1,,1,1
LTMD_U1_W3_SPANISH_2018_2019_ROUTE_IDENTITY_0.1,H2018P5LEA,H2019P5LEA,5,Español. Libro de lectura,16,162,https://historico.conaliteg.gob.mx/c/H2019P5LEA/016.jpg,df4c11fff8d171d8a99981a6a13cf72f1488f015b6ddacdf6af45469c3197d75,427731,df4c11fff8d171d8a99981a6a13cf72f1488f015b6ddacdf6af45469c3197d75,427731,200,image/jpeg,1,,1,1
LTMD_U1_W3_SPANISH_2018_2019_ROUTE_IDENTITY_0.1,H2018P5LEA,H2019P5LEA,5,Español. Libro de lectura,17,162,https://historico.conaliteg.gob.mx/c/H2019P5LEA/017.jpg,b34913bf3327fd322451755eaccfbdf4a02b5ac2282b5c3cf1598f699898d98a,435447,b34913bf3327fd322451755eaccfbdf4a02b5ac2282b5c3cf1598f699898d98a,435447,200,image/jpeg,1,,1,1
LTMD_U1_W3_SPANISH_2018_2019_ROUTE_IDENTITY_0.1,H2018P5LEA,H2019P5LEA,5,Español. Libro de lectura,18,162,https://historico.conaliteg.gob.mx/c/H2019P5LEA/018.jpg,d04a7f213bcbbe22f17df1e83116bc961dddb2dbc047518ebb77b076fcbcb2eb,525754,d04a7f213bcbbe22f17df1e83116bc961dddb2dbc047518ebb77b076fcbcb2eb,525754,200,image/jpeg,1,,1,1
LTMD_U1_W3_SPANISH_2018_2019_ROUTE_IDENTITY_0.1,H2018P5LEA,H2019P5LEA,5,Español. Libro de lectura,19,162,https://historico.conaliteg.gob.mx/c/H2019P5LEA/019.jpg,febd00e667c2ed13fa570c4836db3d37731a810b2b960bb0f18903fceb3d5325,494855,febd00e667c2ed13fa570c4836db3d37731a810b2b960bb0f18903fceb3d5325,494855,200,image/jpeg,1,,1,1
LTMD_U1_W3_SPANISH_2018_2019_ROUTE_IDENTITY_0.1,H2018P5LEA,H2019P5LEA,5,Español. Libro de lectura,20,162,https://historico.conaliteg.gob.mx/c/H2019P5LEA/020.jpg,aa838cfa82310e0b4ead260ad2e81c0f6edfa6b32e409b5ba39089d0f57ad8e4,480859,aa838cfa82310e0b4ead260ad2e81c0f6edfa6b32e409b5ba39089d0f57ad8e4,480859,200,image/jpeg,1,,1,1
LTMD_U1_W3_SPANISH_2018_2019_ROUTE_IDENTITY_0.1,H2018P5LEA,H2019P5LEA,5,Español. Libro de lectura,21,162,https://historico.conaliteg.gob.mx/c/H2019P5LEA/021.jpg,e54c264e5cb537fb136f586ab789ace84b041941a4109ddf2dafd9964e97c679,480550,e54c264e5cb537fb136f586ab789ace84b041941a4109ddf2dafd9964e97c679,480550,200,image/jpeg,1,,1,1
LTMD_U1_W3_SPANISH_2018_2019_ROUTE_IDENTITY_0.1,H2018P5LEA,H2019P5LEA,5,Español. Libro de lectura,22,162,https://historico.conaliteg.gob.mx/c/H2019P5LEA/022.jpg,6e64845ecd80307bd83da0525c163d93dec59778ec0f5522d310d4dc58e92165,312754,6e64845ecd80307bd83da0525c163d93dec59778ec0f5522d310d4dc58e92165,312754,200,image/jpeg,1,,1,1
LTMD_U1_W3_SPANISH_2018_2019_ROUTE_IDENTITY_0.1,H2018P5LEA,H2019P5LEA,5,Español. Libro de lectura,23,162,https://historico.conaliteg.gob.mx/c/H2019P5LEA/023.jpg,e2c96462379d80c27b0d0865b7dfa395a8b56a01d9c3ccdc920148025c9acb96,361910,e2c96462379d80c27b0d0865b7dfa395a8b56a01d9c3ccdc920148025c9acb96,361910,200,image/jpeg,1,,1,1
LTMD_U1_W3_SPANISH_2018_2019_ROUTE_IDENTITY_0.1,H2018P5LEA,H2019P5LEA,5,Español. Libro de lectura,24,162,https://historico.conaliteg.gob.mx/c/H2019P5LEA/024.jpg,8992460a9660e38b6273e58f29a22918b23f9970ccf5482711631f0b38eb4212,395096,8992460a9660e38b6273e58f29a22918b23f9970ccf5482711631f0b38eb4212,395096,200,image/jpeg,1,,1,1
LTMD_U1_W3_SPANISH_2018_2019_ROUTE_IDENTITY_0.1,H2018P5LEA,H2019P5LEA,5,Español. Libro de lectura,25,162,https://historico.conaliteg.gob.mx/c/H2019P5LEA/025.jpg,ddf235b3a4c3e9c999b922493e32ef552b6953759b65a0ba1ed3944addabf1bc,316709,ddf235b3a4c3e9c999b922493e32ef552b6953759b65a0ba1ed3944addabf1bc,316709,200,image/jpeg,1,,1,1
LTMD_U1_W3_SPANISH_2018_2019_ROUTE_IDENTITY_0.1,H2018P5LEA,H2019P5LEA,5,Español. Libro de lectura,26,162,https://historico.conaliteg.gob.mx/c/H2019P5LEA/026.jpg,e75a3fb852332787493b35c0f1f57926f1735cf5f4d184af70c47df49dd68dba,309136,e75a3fb852332787493b35c0f1f57926f1735cf5f4d184af70c47df49dd68dba,309136,200,image/jpeg,1,,1,1
LTMD_U1_W3_SPANISH_2018_2019_ROUTE_IDENTITY_0.1,H2018P5LEA,H2019P5LEA,5,Español. Libro de lectura,27,162,https://historico.conaliteg.gob.mx/c/H2019P5LEA/027.jpg,a9e775dadf666a08fc8e36da2f4f5ba3ef404d48e7d0045b360bfe966d779ce3,396588,a9e775dadf666a08fc8e36da2f4f5ba3ef404d48e7d0045b360bfe966d779ce3,396588,200,image/jpeg,1,,1,1
LTMD_U1_W3_SPANISH_2018_2019_ROUTE_IDENTITY_0.1,H2018P5LEA,H2019P5LEA,5,Español. Libro de lectura,28,162,https://historico.conaliteg.gob.mx/c/H2019P5LEA/028.jpg,c3f536ce98f399038f75349ac8c6ea0bd1e239a62112f024d3d0c0ca09a33aa8,409325,c3f536ce98f399038f75349ac8c6ea0bd1e239a62112f024d3d0c0ca09a33aa8,409325,200,image/jpeg,1,,1,1
LTMD_U1_W3_SPANISH_2018_2019_ROUTE_IDENTITY_0.1,H2018P5LEA,H2019P5LEA,5,Español. Libro de lectura,29,162,https://historico.conaliteg.gob.mx/c/H2019P5LEA/029.jpg,771b4e5d2bfc8a7eb225df298853de032e8ecb29bd9d571ae23f2b5f95fbe5e4,378997,771b4e5d2bfc8a7eb225df298853de032e8ecb29bd9d571ae23f2b5f95fbe5e4,378997,200,image/jpeg,1,,1,1
LTMD_U1_W3_SPANISH_2018_2019_ROUTE_IDENTITY_0.1,H2018P5LEA,H2019P5LEA,5,Español. Libro de lectura,30,162,https://historico.conaliteg.gob.mx/c/H2019P5LEA/030.jpg,e5957916445bf68c3f3774d74854e5ad8d36b4c6b54c1d7c2d37e010fb04f54a,273884,e5957916445bf68c3f3774d74854e5ad8d36b4c6b54c1d7c2d37e010fb04f54a,273884,200,image/jpeg,1,,1,1
LTMD_U1_W3_SPANISH_2018_2019_ROUTE_IDENTITY_0.1,H2018P5LEA,H2019P5LEA,5,Español. Libro de lectura,31,162,https://historico.conaliteg.gob.mx/c/H2019P5LEA/031.jpg,7094555b4b17042758b838d78c87b5beddad2b09c9d13921222c11eeb51a00dc,389226,7094555b4b17042758b838d78c87b5beddad2b09c9d13921222c11eeb51a00dc,389226,200,image/jpeg,1,,1,1
LTMD_U1_W3_SPANISH_2018_2019_ROUTE_IDENTITY_0.1,H2018P5LEA,H2019P5LEA,5,Español. Libro de lectura,32,162,https://historico.conaliteg.gob.mx/c/H2019P5LEA/032.jpg,9fc759599e71e041c7684b16dd4a498ab95b8c7c2cf4e54ea7a7e74783cadfaf,368053,9fc759599e71e041c7684b16dd4a498ab95b8c7c2cf4e54ea7a7e74783cadfaf,368053,200,image/jpeg,1,,1,1
LTMD_U1_W3_SPANISH_2018_2019_ROUTE_IDENTITY_0.1,H2018P5LEA,H2019P5LEA,5,Español. Libro de lectura,33,162,https://historico.conaliteg.gob.mx/c/H2019P5LEA/033.jpg,22c14222b63844d5f39d376b9cd0ce81f626008b2bcc3a52a2028034b243f214,395107,22c14222b63844d5f39d376b9cd0ce81f626008b2bcc3a52a2028034b243f214,395107,200,image/jpeg,1,,1,1
LTMD_U1_W3_SPANISH_2018_2019_ROUTE_IDENTITY_0.1,H2018P5LEA,H2019P5LEA,5,Español. Libro de lectura,34,162,https://historico.conaliteg.gob.mx/c/H2019P5LEA/034.jpg,4de86ecad6c111d6a55bfd9a54b1389bb461a8769016e4f3bb0920932e47349b,323437,4de86ecad6c111d6a55bfd9a54b1389bb461a8769016e4f3bb0920932e47349b,323437,200,image/jpeg,1,,1,1
LTMD_U1_W3_SPANISH_2018_2019_ROUTE_IDENTITY_0.1,H2018P5LEA,H2019P5LEA,5,Español. Libro de lectura,35,162,https://historico.conaliteg.gob.mx/c/H2019P5LEA/035.jpg,d091b378b07a13eebb96a50c9aead6f17333f6725c95cbd247aa226ef07b0ea6,342386,d091b378b07a13eebb96a50c9aead6f17333f6725c95cbd247aa226ef07b0ea6,342386,200,image/jpeg,1,,1,1
LTMD_U1_W3_SPANISH_2018_2019_ROUTE_IDENTITY_0.1,H2018P5LEA,H2019P5LEA,5,Español. Libro de lectura,36,162,https://historico.conaliteg.gob.mx/c/H2019P5LEA/036.jpg,6b3cdfde31afb93be3e31dfacb731dd2f570d3d7a193f82155914fd8cb4d5a4d,236212,6b3cdfde31afb93be3e31dfacb731dd2f570d3d7a193f82155914fd8cb4d5a4d,236212,200,image/jpeg,1,,1,1
LTMD_U1_W3_SPANISH_2018_2019_ROUTE_IDENTITY_0.1,H2018P5LEA,H2019P5LEA,5,Español. Libro de lectura,37,162,https://historico.conaliteg.gob.mx/c/H2019P5LEA/037.jpg,c51dd3b2a92fc4add8fadbb837ac81f56cdb84ca24413d3f6ed0b62e325240a2,252038,c51dd3b2a92fc4add8fadbb837ac81f56cdb84ca24413d3f6ed0b62e325240a2,252038,200,image/jpeg,1,,1,1
LTMD_U1_W3_SPANISH_2018_2019_ROUTE_IDENTITY_0.1,H2018P5LEA,H2019P5LEA,5,Español. Libro de lectura,38,162,https://historico.conaliteg.gob.mx/c/H2019P5LEA/038.jpg,3ba75ab66a41c321580771cc341e6c186aedfeca92384456c9fcd1c014767a78,257713,3ba75ab66a41c321580771cc341e6c186aedfeca92384456c9fcd1c014767a78,257713,200,image/jpeg,1,,1,1
LTMD_U1_W3_SPANISH_2018_2019_ROUTE_IDENTITY_0.1,H2018P5LEA,H2019P5LEA,5,Español. Libro de lectura,39,162,https://historico.conaliteg.gob.mx/c/H2019P5LEA/039.jpg,02112a87143818ace96fed8d5dcb25801ed0624647a43ecd9d5ab9eb773bedcc,231672,02112a87143818ace96fed8d5dcb25801ed0624647a43ecd9d5ab9eb773bedcc,231672,200,image/jpeg,1,,1,1
LTMD_U1_W3_SPANISH_2018_2019_ROUTE_IDENTITY_0.1,H2018P5LEA,H2019P5LEA,5,Español. Libro de lectura,40,162,https://historico.conaliteg.gob.mx/c/H2019P5LEA/040.jpg,65ceb74f74772e0a5872650c4cde7180ff1bc5ebc50491e16ddba8294f0d6bb8,231289,65ceb74f74772e0a5872650c4cde7180ff1bc5ebc50491e16ddba8294f0d6bb8,231289,200,image/jpeg,1,,1,1
LTMD_U1_W3_SPANISH_2018_2019_ROUTE_IDENTITY_0.1,H2018P5LEA,H2019P5LEA,5,Español. Libro de lectura,41,162,https://historico.conaliteg.gob.mx/c/H2019P5LEA/041.jpg,aca4443b897fbef405e5e4eea1e5213cbbc3b89a19c40546f71daeb4728ffe2b,238780,aca4443b897fbef405e5e4eea1e5213cbbc3b89a19c40546f71daeb4728ffe2b,238780,200,image/jpeg,1,,1,1
LTMD_U1_W3_SPANISH_2018_2019_ROUTE_IDENTITY_0.1,H2018P5LEA,H2019P5LEA,5,Español. Libro de lectura,42,162,https://historico.conaliteg.gob.mx/c/H2019P5LEA/042.jpg,46d27ce27fd26375b4fefe6d4c2dd2f1a03afee097ad20f0f3e715e49368f82a,312610,46d27ce27fd26375b4fefe6d4c2dd2f1a03afee097ad20f0f3e715e49368f82a,312610,200,image/jpeg,1,,1,1
LTMD_U1_W3_SPANISH_2018_2019_ROUTE_IDENTITY_0.1,H2018P5LEA,H2019P5LEA,5,Español. Libro de lectura,43,162,https://historico.conaliteg.gob.mx/c/H2019P5LEA/043.jpg,56763d7f05491f13fb3ce71657ebad9d9b5deaa3a0ca19e6ce98a3b587412407,357614,56763d7f05491f13fb3ce71657ebad9d9b5deaa3a0ca19e6ce98a3b587412407,357614,200,image/jpeg,1,,1,1
LTMD_U1_W3_SPANISH_2018_2019_ROUTE_IDENTITY_0.1,H2018P5LEA,H2019P5LEA,5,Español. Libro de lectura,44,162,https://historico.conaliteg.gob.mx/c/H2019P5LEA/044.jpg,93d729648776011197eeec4845409926f855472785d557d603fd4caba1158f68,366809,93d729648776011197eeec4845409926f855472785d557d603fd4caba1158f68,366809,200,image/jpeg,1,,1,1
LTMD_U1_W3_SPANISH_2018_2019_ROUTE_IDENTITY_0.1,H2018P5LEA,H2019P5LEA,5,Español. Libro de lectura,45,162,https://historico.conaliteg.gob.mx/c/H2019P5LEA/045.jpg,c92c2ffd40cc16b4c80b453aafefd69d497b4405495dcd3b76847c89669c0d06,360962,c92c2ffd40cc16b4c80b453aafefd69d497b4405495dcd3b76847c89669c0d06,360962,200,image/jpeg,1,,1,1
LTMD_U1_W3_SPANISH_2018_2019_ROUTE_IDENTITY_0.1,H2018P5LEA,H2019P5LEA,5,Español. Libro de lectura,46,162,https://historico.conaliteg.gob.mx/c/H2019P5LEA/046.jpg,6d6673d13e664ee20ae122d70f5d03b93aca7cdd62fdb33c8d30ee4af9df843c,331264,6d6673d13e664ee20ae122d70f5d03b93aca7cdd62fdb33c8d30ee4af9df843c,331264,200,image/jpeg,1,,1,1
LTMD_U1_W3_SPANISH_2018_2019_ROUTE_IDENTITY_0.1,H2018P5LEA,H2019P5LEA,5,Español. Libro de lectura,47,162,https://historico.conaliteg.gob.mx/c/H2019P5LEA/047.jpg,26e0523cf883878559a17db4723a52c0d597d6d8a2896c4d8eb78e6c0900a237,300730,26e0523cf883878559a17db4723a52c0d597d6d8a2896c4d8eb78e6c0900a237,300730,200,image/jpeg,1,,1,1
LTMD_U1_W3_SPANISH_2018_2019_ROUTE_IDENTITY_0.1,H2018P5LEA,H2019P5LEA,5,Español. Libro de lectura,48,162,https://historico.conaliteg.gob.mx/c/H2019P5LEA/048.jpg,f900485c560f5600933015fe3686dd2d3b9552ea34ca60f2ecdc0fec0e8e3d65,483299,f900485c560f5600933015fe3686dd2d3b9552ea34ca60f2ecdc0fec0e8e3d65,483299,200,image/jpeg,1,,1,1
LTMD_U1_W3_SPANISH_2018_2019_ROUTE_IDENTITY_0.1,H2018P5LEA,H2019P5LEA,5,Español. Libro de lectura,49,162,https://historico.conaliteg.gob.mx/c/H2019P5LEA/049.jpg,4f3a60ffc5e6556d6bf6707ebf7e2b2b33b63abf6a908d85f04c1c7c837b5124,428864,4f3a60ffc5e6556d6bf6707ebf7e2b2b33b63abf6a908d85f04c1c7c837b5124,428864,200,image/jpeg,1,,1,1
LTMD_U1_W3_SPANISH_2018_2019_ROUTE_IDENTITY_0.1,H2018P5LEA,H2019P5LEA,5,Español. Libro de lectura,50,162,https://historico.conaliteg.gob.mx/c/H2019P5LEA/050.jpg,ac39ead16f5e018bf98e6e731a446a2b8c969696b590615a3bbe199d0ca40169,423661,ac39ead16f5e018bf98e6e731a446a2b8c969696b590615a3bbe199d0ca40169,423661,200,image/jpeg,1,,1,1
LTMD_U1_W3_SPANISH_2018_2019_ROUTE_IDENTITY_0.1,H2018P5LEA,H2019P5LEA,5,Español. Libro de lectura,51,162,https://historico.conaliteg.gob.mx/c/H2019P5LEA/051.jpg,f2ea2f0a1c8be9648aaab10243292ac37ac51ab87f6f3b7d4beab30be04d5389,378268,f2ea2f0a1c8be9648aaab10243292ac37ac51ab87f6f3b7d4beab30be04d5389,378268,200,image/jpeg,1,,1,1
LTMD_U1_W3_SPANISH_2018_2019_ROUTE_IDENTITY_0.1,H2018P5LEA,H2019P5LEA,5,Español. Libro de lectura,52,162,https://historico.conaliteg.gob.mx/c/H2019P5LEA/052.jpg,fdf3560c6bbbb59da0057fcffb297b89f1ce15435c422b55dfdfba91d102c2b9,321906,fdf3560c6bbbb59da0057fcffb297b89f1ce15435c422b55dfdfba91d102c2b9,321906,200,image/jpeg,1,,1,1
LTMD_U1_W3_SPANISH_2018_2019_ROUTE_IDENTITY_0.1,H2018P5LEA,H2019P5LEA,5,Español. Libro de lectura,53,162,https://historico.conaliteg.gob.mx/c/H2019P5LEA/053.jpg,1844279502e87d996773910284d0f795df694d4a4f69613c6fd5c718885b0e5c,285480,1844279502e87d996773910284d0f795df694d4a4f69613c6fd5c718885b0e5c,285480,200,image/jpeg,1,,1,1
LTMD_U1_W3_SPANISH_2018_2019_ROUTE_IDENTITY_0.1,H2018P5LEA,H2019P5LEA,5,Español. Libro de lectura,54,162,https://historico.conaliteg.gob.mx/c/H2019P5LEA/054.jpg,6bc08e25d33834b4811b6504d87b2fccb345c2ff09f9b35487b77abea3392e3d,537899,6bc08e25d33834b4811b6504d87b2fccb345c2ff09f9b35487b77abea3392e3d,537899,200,image/jpeg,1,,1,1
LTMD_U1_W3_SPANISH_2018_2019_ROUTE_IDENTITY_0.1,H2018P5LEA,H2019P5LEA,5,Español. Libro de lectura,55,162,https://historico.conaliteg.gob.mx/c/H2019P5LEA/055.jpg,4133a84bbb068e92ad6a1d4fc102ffb224233f91325f8df431ffb71d16cba79b,445218,4133a84bbb068e92ad6a1d4fc102ffb224233f91325f8df431ffb71d16cba79b,445218,200,image/jpeg,1,,1,1
LTMD_U1_W3_SPANISH_2018_2019_ROUTE_IDENTITY_0.1,H2018P5LEA,H2019P5LEA,5,Español. Libro de lectura,56,162,https://historico.conaliteg.gob.mx/c/H2019P5LEA/056.jpg,fbf52881776e1ba337552d907cf3b9cc0a3955e13d7710efe701a33de4de1510,406738,fbf52881776e1ba337552d907cf3b9cc0a3955e13d7710efe701a33de4de1510,406738,200,image/jpeg,1,,1,1
LTMD_U1_W3_SPANISH_2018_2019_ROUTE_IDENTITY_0.1,H2018P5LEA,H2019P5LEA,5,Español. Libro de lectura,57,162,https://historico.conaliteg.gob.mx/c/H2019P5LEA/057.jpg,030dd86619a6ea124c43bf17d34c377e5e8dcef43c7e79e9a6277702492ed1c4,405784,030dd86619a6ea124c43bf17d34c377e5e8dcef43c7e79e9a6277702492ed1c4,405784,200,image/jpeg,1,,1,1
LTMD_U1_W3_SPANISH_2018_2019_ROUTE_IDENTITY_0.1,H2018P5LEA,H2019P5LEA,5,Español. Libro de lectura,58,162,https://historico.conaliteg.gob.mx/c/H2019P5LEA/058.jpg,ac1e36490f1beb5da14aad82feb44baf876a7f5c4e032e99945ba7fbcf6aaa76,496653,ac1e36490f1beb5da14aad82feb44baf876a7f5c4e032e99945ba7fbcf6aaa76,496653,200,image/jpeg,1,,1,1
LTMD_U1_W3_SPANISH_2018_2019_ROUTE_IDENTITY_0.1,H2018P5LEA,H2019P5LEA,5,Español. Libro de lectura,59,162,https://historico.conaliteg.gob.mx/c/H2019P5LEA/059.jpg,b2ac1e8c6d94365ebcf1b106b4f0a381fed8329687320c3931d9aecb91d27fe3,406691,b2ac1e8c6d94365ebcf1b106b4f0a381fed8329687320c3931d9aecb91d27fe3,406691,200,image/jpeg,1,,1,1
LTMD_U1_W3_SPANISH_2018_2019_ROUTE_IDENTITY_0.1,H2018P5LEA,H2019P5LEA,5,Español. Libro de lectura,60,162,https://historico.conaliteg.gob.mx/c/H2019P5LEA/060.jpg,944a1f674ce44d74569cc56d6a6912115b7e6fb70e0164bc3d8e74407d3411b7,271564,944a1f674ce44d74569cc56d6a6912115b7e6fb70e0164bc3d8e74407d3411b7,271564,200,image/jpeg,1,,1,1
LTMD_U1_W3_SPANISH_2018_2019_ROUTE_IDENTITY_0.1,H2018P5LEA,H2019P5LEA,5,Español. Libro de lectura,61,162,https://historico.conaliteg.gob.mx/c/H2019P5LEA/061.jpg,12e6d7991dbfadff75eafa7eb967a0b3685b354200f12f7def22514ae8f94d98,296072,12e6d7991dbfadff75eafa7eb967a0b3685b354200f12f7def22514ae8f94d98,296072,200,image/jpeg,1,,1,1
LTMD_U1_W3_SPANISH_2018_2019_ROUTE_IDENTITY_0.1,H2018P5LEA,H2019P5LEA,5,Español. Libro de lectura,62,162,https://historico.conaliteg.gob.mx/c/H2019P5LEA/062.jpg,c8010c80e10e27b6054a9c909cbfa9069274025a67c05683d33f6c19cbee34a0,575969,c8010c80e10e27b6054a9c909cbfa9069274025a67c05683d33f6c19cbee34a0,575969,200,image/jpeg,1,,1,1
LTMD_U1_W3_SPANISH_2018_2019_ROUTE_IDENTITY_0.1,H2018P5LEA,H2019P5LEA,5,Español. Libro de lectura,63,162,https://historico.conaliteg.gob.mx/c/H2019P5LEA/063.jpg,8960ef3412ed6f991e5d6633f6ac1d4eceb41212981b007bcaf15514f526fb66,507009,8960ef3412ed6f991e5d6633f6ac1d4eceb41212981b007bcaf15514f526fb66,507009,200,image/jpeg,1,,1,1
LTMD_U1_W3_SPANISH_2018_2019_ROUTE_IDENTITY_0.1,H2018P5LEA,H2019P5LEA,5,Español. Libro de lectura,64,162,https://historico.conaliteg.gob.mx/c/H2019P5LEA/064.jpg,33f9af3be19822820fb1ac8d2d700a72fb931561c0ba0860c293af27e4c1faa6,425016,33f9af3be19822820fb1ac8d2d700a72fb931561c0ba0860c293af27e4c1faa6,425016,200,image/jpeg,1,,1,1
LTMD_U1_W3_SPANISH_2018_2019_ROUTE_IDENTITY_0.1,H2018P5LEA,H2019P5LEA,5,Español. Libro de lectura,65,162,https://historico.conaliteg.gob.mx/c/H2019P5LEA/065.jpg,79494473f19cae27f4dbedb0a6fa9511faccc4d2569327d4b627a0910ce904d5,453855,79494473f19cae27f4dbedb0a6fa9511faccc4d2569327d4b627a0910ce904d5,453855,200,image/jpeg,1,,1,1
LTMD_U1_W3_SPANISH_2018_2019_ROUTE_IDENTITY_0.1,H2018P5LEA,H2019P5LEA,5,Español. Libro de lectura,66,162,https://historico.conaliteg.gob.mx/c/H2019P5LEA/066.jpg,6a3eb2770901ba9731e53431f20045e4f17646afcfc4d8a14ae4eaa1d04836fc,545314,6a3eb2770901ba9731e53431f20045e4f17646afcfc4d8a14ae4eaa1d04836fc,545314,200,image/jpeg,1,,1,1
LTMD_U1_W3_SPANISH_2018_2019_ROUTE_IDENTITY_0.1,H2018P5LEA,H2019P5LEA,5,Español. Libro de lectura,67,162,https://historico.conaliteg.gob.mx/c/H2019P5LEA/067.jpg,117b74fd8e741bafcbc9c1deb27f2db906924eead952561bee9918c302542b7f,519717,117b74fd8e741bafcbc9c1deb27f2db906924eead952561bee9918c302542b7f,519717,200,image/jpeg,1,,1,1
LTMD_U1_W3_SPANISH_2018_2019_ROUTE_IDENTITY_0.1,H2018P5LEA,H2019P5LEA,5,Español. Libro de lectura,68,162,https://historico.conaliteg.gob.mx/c/H2019P5LEA/068.jpg,30bd8928df5fe73fd1d3f698021877fb4471f62e05de84be85a59ff96760db46,516179,30bd8928df5fe73fd1d3f698021877fb4471f62e05de84be85a59ff96760db46,516179,200,image/jpeg,1,,1,1
LTMD_U1_W3_SPANISH_2018_2019_ROUTE_IDENTITY_0.1,H2018P5LEA,H2019P5LEA,5,Español. Libro de lectura,69,162,https://historico.conaliteg.gob.mx/c/H2019P5LEA/069.jpg,4ba226e1dc0b41bbbc1cce02fade5f21013d0763577d78d598c7c061d3ad139c,489504,4ba226e1dc0b41bbbc1cce02fade5f21013d0763577d78d598c7c061d3ad139c,489504,200,image/jpeg,1,,1,1
LTMD_U1_W3_SPANISH_2018_2019_ROUTE_IDENTITY_0.1,H2018P5LEA,H2019P5LEA,5,Español. Libro de lectura,70,162,https://historico.conaliteg.gob.mx/c/H2019P5LEA/070.jpg,aeefec7a29ca0c1d5e30ad53e65574423eee5b6ccb75865fe8502b69b42315aa,330868,aeefec7a29ca0c1d5e30ad53e65574423eee5b6ccb75865fe8502b69b42315aa,330868,200,image/jpeg,1,,1,1
LTMD_U1_W3_SPANISH_2018_2019_ROUTE_IDENTITY_0.1,H2018P5LEA,H2019P5LEA,5,Español. Libro de lectura,71,162,https://historico.conaliteg.gob.mx/c/H2019P5LEA/071.jpg,a860f91305510a9551c4c2117d4313e438470dd7f911ce016673e899f8414915,375597,a860f91305510a9551c4c2117d4313e438470dd7f911ce016673e899f8414915,375597,200,image/jpeg,1,,1,1
LTMD_U1_W3_SPANISH_2018_2019_ROUTE_IDENTITY_0.1,H2018P5LEA,H2019P5LEA,5,Español. Libro de lectura,72,162,https://historico.conaliteg.gob.mx/c/H2019P5LEA/072.jpg,241b3f9075a2be3c0bc6ecb06d6b6fff84f89c2d7ba49091d95617de1b08404c,307685,241b3f9075a2be3c0bc6ecb06d6b6fff84f89c2d7ba49091d95617de1b08404c,307685,200,image/jpeg,1,,1,1
LTMD_U1_W3_SPANISH_2018_2019_ROUTE_IDENTITY_0.1,H2018P5LEA,H2019P5LEA,5,Español. Libro de lectura,73,162,https://historico.conaliteg.gob.mx/c/H2019P5LEA/073.jpg,660d48ed0d685aed3e8f71dabbd36c996aacc937f6c36dc205a60d2b0db337f1,341405,660d48ed0d685aed3e8f71dabbd36c996aacc937f6c36dc205a60d2b0db337f1,341405,200,image/jpeg,1,,1,1
LTMD_U1_W3_SPANISH_2018_2019_ROUTE_IDENTITY_0.1,H2018P5LEA,H2019P5LEA,5,Español. Libro de lectura,74,162,https://historico.conaliteg.gob.mx/c/H2019P5LEA/074.jpg,57435352f4acf10a2f665c1a63c19b61385b35b5131dba04082bf3215e0d758c,369213,57435352f4acf10a2f665c1a63c19b61385b35b5131dba04082bf3215e0d758c,369213,200,image/jpeg,1,,1,1
LTMD_U1_W3_SPANISH_2018_2019_ROUTE_IDENTITY_0.1,H2018P5LEA,H2019P5LEA,5,Español. Libro de lectura,75,162,https://historico.conaliteg.gob.mx/c/H2019P5LEA/075.jpg,aa110436e059ec8e8839f37ab6ff2e0310e2c0d4b3c00f5d86b2052855cbdadf,518022,aa110436e059ec8e8839f37ab6ff2e0310e2c0d4b3c00f5d86b2052855cbdadf,518022,200,image/jpeg,1,,1,1
LTMD_U1_W3_SPANISH_2018_2019_ROUTE_IDENTITY_0.1,H2018P5LEA,H2019P5LEA,5,Español. Libro de lectura,76,162,https://historico.conaliteg.gob.mx/c/H2019P5LEA/076.jpg,eccce34e187cb7eb651855b3fc22f349fd2fdcdb0c493f9b1d83cd3456e199b2,315568,eccce34e187cb7eb651855b3fc22f349fd2fdcdb0c493f9b1d83cd3456e199b2,315568,200,image/jpeg,1,,1,1
LTMD_U1_W3_SPANISH_2018_2019_ROUTE_IDENTITY_0.1,H2018P5LEA,H2019P5LEA,5,Español. Libro de lectura,77,162,https://historico.conaliteg.gob.mx/c/H2019P5LEA/077.jpg,481338f97f175579944b30e4e3332ea25e27b0632a9ebece7268368052062d6d,323413,481338f97f175579944b30e4e3332ea25e27b0632a9ebece7268368052062d6d,323413,200,image/jpeg,1,,1,1
LTMD_U1_W3_SPANISH_2018_2019_ROUTE_IDENTITY_0.1,H2018P5LEA,H2019P5LEA,5,Español. Libro de lectura,78,162,https://historico.conaliteg.gob.mx/c/H2019P5LEA/078.jpg,f54fb9d57fc49343e6e67153424ac6bf697987884fd886557b3c1149c2d6c9da,215196,f54fb9d57fc49343e6e67153424ac6bf697987884fd886557b3c1149c2d6c9da,215196,200,image/jpeg,1,,1,1
LTMD_U1_W3_SPANISH_2018_2019_ROUTE_IDENTITY_0.1,H2018P5LEA,H2019P5LEA,5,Español. Libro de lectura,79,162,https://historico.conaliteg.gob.mx/c/H2019P5LEA/079.jpg,84ff81fab2798ced5613bb1bd0b07e2683de70b4f48f19f153543e91e934d307,268458,84ff81fab2798ced5613bb1bd0b07e2683de70b4f48f19f153543e91e934d307,268458,200,image/jpeg,1,,1,1
LTMD_U1_W3_SPANISH_2018_2019_ROUTE_IDENTITY_0.1,H2018P5LEA,H2019P5LEA,5,Español. Libro de lectura,80,162,https://historico.conaliteg.gob.mx/c/H2019P5LEA/080.jpg,074e1619d599e92a597dd230b736d99ca0c2d3214a6d216927f57e327cb3aaf4,251412,074e1619d599e92a597dd230b736d99ca0c2d3214a6d216927f57e327cb3aaf4,251412,200,image/jpeg,1,,1,1
LTMD_U1_W3_SPANISH_2018_2019_ROUTE_IDENTITY_0.1,H2018P5LEA,H2019P5LEA,5,Español. Libro de lectura,81,162,https://historico.conaliteg.gob.mx/c/H2019P5LEA/081.jpg,5305181f5a221616d3da9fe2f9f583d1a077ae9f09ed0e01e603b917c413201b,245685,5305181f5a221616d3da9fe2f9f583d1a077ae9f09ed0e01e603b917c413201b,245685,200,image/jpeg,1,,1,1
LTMD_U1_W3_SPANISH_2018_2019_ROUTE_IDENTITY_0.1,H2018P5LEA,H2019P5LEA,5,Español. Libro de lectura,82,162,https://historico.conaliteg.gob.mx/c/H2019P5LEA/082.jpg,91386c2270fcfb97265d7ac5e8d149313817c03cfbf50ed8d0580ee54fd5914d,266533,91386c2270fcfb97265d7ac5e8d149313817c03cfbf50ed8d0580ee54fd5914d,266533,200,image/jpeg,1,,1,1
LTMD_U1_W3_SPANISH_2018_2019_ROUTE_IDENTITY_0.1,H2018P5LEA,H2019P5LEA,5,Español. Libro de lectura,83,162,https://historico.conaliteg.gob.mx/c/H2019P5LEA/083.jpg,4fbaba49fb619613504456da381fb638e782b33b0a8513ef6edeac1827b8caa4,299069,4fbaba49fb619613504456da381fb638e782b33b0a8513ef6edeac1827b8caa4,299069,200,image/jpeg,1,,1,1
LTMD_U1_W3_SPANISH_2018_2019_ROUTE_IDENTITY_0.1,H2018P5LEA,H2019P5LEA,5,Español. Libro de lectura,84,162,https://historico.conaliteg.gob.mx/c/H2019P5LEA/084.jpg,f897d8d398d9fe7d2d9eef71fb3f9e3708fce231ea204b756d302adee5f9f7d9,205797,f897d8d398d9fe7d2d9eef71fb3f9e3708fce231ea204b756d302adee5f9f7d9,205797,200,image/jpeg,1,,1,1
LTMD_U1_W3_SPANISH_2018_2019_ROUTE_IDENTITY_0.1,H2018P5LEA,H2019P5LEA,5,Español. Libro de lectura,85,162,https://historico.conaliteg.gob.mx/c/H2019P5LEA/085.jpg,8d032cfbc29009c91919c799470c7d2a4b28716a80a8585eaadbddf65e2e4790,265684,8d032cfbc29009c91919c799470c7d2a4b28716a80a8585eaadbddf65e2e4790,265684,200,image/jpeg,1,,1,1
LTMD_U1_W3_SPANISH_2018_2019_ROUTE_IDENTITY_0.1,H2018P5LEA,H2019P5LEA,5,Español. Libro de lectura,86,162,https://historico.conaliteg.gob.mx/c/H2019P5LEA/086.jpg,2f69765b8863d6566b72a7e59256158fcbd8d6892b2d0dc7fe3fc297aa814c33,272188,2f69765b8863d6566b72a7e59256158fcbd8d6892b2d0dc7fe3fc297aa814c33,272188,200,image/jpeg,1,,1,1
LTMD_U1_W3_SPANISH_2018_2019_ROUTE_IDENTITY_0.1,H2018P5LEA,H2019P5LEA,5,Español. Libro de lectura,87,162,https://historico.conaliteg.gob.mx/c/H2019P5LEA/087.jpg,98e05e1e103814b2ff51a9982fe2076ea32fc409f1a14c736d74efac232ac08d,245776,98e05e1e103814b2ff51a9982fe2076ea32fc409f1a14c736d74efac232ac08d,245776,200,image/jpeg,1,,1,1
LTMD_U1_W3_SPANISH_2018_2019_ROUTE_IDENTITY_0.1,H2018P5LEA,H2019P5LEA,5,Español. Libro de lectura,88,162,https://historico.conaliteg.gob.mx/c/H2019P5LEA/088.jpg,d67b6e6832ecd39baf37a9d9bee0d3dcb1840b9bccf1a645816b8d69870fefdf,211126,d67b6e6832ecd39baf37a9d9bee0d3dcb1840b9bccf1a645816b8d69870fefdf,211126,200,image/jpeg,1,,1,1
LTMD_U1_W3_SPANISH_2018_2019_ROUTE_IDENTITY_0.1,H2018P5LEA,H2019P5LEA,5,Español. Libro de lectura,89,162,https://historico.conaliteg.gob.mx/c/H2019P5LEA/089.jpg,3c8979c228e9d8add899ad8bb0bee2699894e1abece63e3c52f32033d1eb02d4,214358,3c8979c228e9d8add899ad8bb0bee2699894e1abece63e3c52f32033d1eb02d4,214358,200,image/jpeg,1,,1,1
LTMD_U1_W3_SPANISH_2018_2019_ROUTE_IDENTITY_0.1,H2018P5LEA,H2019P5LEA,5,Español. Libro de lectura,90,162,https://historico.conaliteg.gob.mx/c/H2019P5LEA/090.jpg,656c169a30593f4ea4a0d26f31ce31f4a90c772b236295d5e6bde18016e5dd3c,230459,656c169a30593f4ea4a0d26f31ce31f4a90c772b236295d5e6bde18016e5dd3c,230459,200,image/jpeg,1,,1,1
LTMD_U1_W3_SPANISH_2018_2019_ROUTE_IDENTITY_0.1,H2018P5LEA,H2019P5LEA,5,Español. Libro de lectura,91,162,https://historico.conaliteg.gob.mx/c/H2019P5LEA/091.jpg,820e9a3309fcee9a5bd7ff29caeb87ec8d3caf895d8b0911bff730f4f24967d8,293521,820e9a3309fcee9a5bd7ff29caeb87ec8d3caf895d8b0911bff730f4f24967d8,293521,200,image/jpeg,1,,1,1
LTMD_U1_W3_SPANISH_2018_2019_ROUTE_IDENTITY_0.1,H2018P5LEA,H2019P5LEA,5,Español. Libro de lectura,92,162,https://historico.conaliteg.gob.mx/c/H2019P5LEA/092.jpg,9e27dadb8badd25b529303bdae0a41d3ab04697d87510c33f13d332bc2efc186,209286,9e27dadb8badd25b529303bdae0a41d3ab04697d87510c33f13d332bc2efc186,209286,200,image/jpeg,1,,1,1
LTMD_U1_W3_SPANISH_2018_2019_ROUTE_IDENTITY_0.1,H2018P5LEA,H2019P5LEA,5,Español. Libro de lectura,93,162,https://historico.conaliteg.gob.mx/c/H2019P5LEA/093.jpg,e897f3afc019a42449f518b4d1594eb590637e059f968bc2fea3f76101c96a90,308480,e897f3afc019a42449f518b4d1594eb590637e059f968bc2fea3f76101c96a90,308480,200,image/jpeg,1,,1,1
LTMD_U1_W3_SPANISH_2018_2019_ROUTE_IDENTITY_0.1,H2018P5LEA,H2019P5LEA,5,Español. Libro de lectura,94,162,https://historico.conaliteg.gob.mx/c/H2019P5LEA/094.jpg,38e4738004b55593566a9d49dc2de2531e3958005aafc348c794483ea90b2933,547432,38e4738004b55593566a9d49dc2de2531e3958005aafc348c794483ea90b2933,547432,200,image/jpeg,1,,1,1
LTMD_U1_W3_SPANISH_2018_2019_ROUTE_IDENTITY_0.1,H2018P5LEA,H2019P5LEA,5,Español. Libro de lectura,95,162,https://historico.conaliteg.gob.mx/c/H2019P5LEA/095.jpg,01f707debe206ce540facfff6faeda1518d17c4d73d69da611b85ee8965ed294,529060,01f707debe206ce540facfff6faeda1518d17c4d73d69da611b85ee8965ed294,529060,200,image/jpeg,1,,1,1
LTMD_U1_W3_SPANISH_2018_2019_ROUTE_IDENTITY_0.1,H2018P5LEA,H2019P5LEA,5,Español. Libro de lectura,96,162,https://historico.conaliteg.gob.mx/c/H2019P5LEA/096.jpg,14ea790a12cf99907737e8939bd22e93c94321120956a76c9b5c4e05e271cf24,423897,14ea790a12cf99907737e8939bd22e93c94321120956a76c9b5c4e05e271cf24,423897,200,image/jpeg,1,,1,1
LTMD_U1_W3_SPANISH_2018_2019_ROUTE_IDENTITY_0.1,H2018P5LEA,H2019P5LEA,5,Español. Libro de lectura,97,162,https://historico.conaliteg.gob.mx/c/H2019P5LEA/097.jpg,591e6dc9c2d6415404d7ba3bab27684ec8d94d17f41a3ff82d2d5f9c36cb54d4,427751,591e6dc9c2d6415404d7ba3bab27684ec8d94d17f41a3ff82d2d5f9c36cb54d4,427751,200,image/jpeg,1,,1,1
LTMD_U1_W3_SPANISH_2018_2019_ROUTE_IDENTITY_0.1,H2018P5LEA,H2019P5LEA,5,Español. Libro de lectura,98,162,https://historico.conaliteg.gob.mx/c/H2019P5LEA/098.jpg,b52a1b0aa9de8b3894f2f4777d968fa88f1ac59c44f643497f7969401188f214,209591,b52a1b0aa9de8b3894f2f4777d968fa88f1ac59c44f643497f7969401188f214,209591,200,image/jpeg,1,,1,1
LTMD_U1_W3_SPANISH_2018_2019_ROUTE_IDENTITY_0.1,H2018P5LEA,H2019P5LEA,5,Español. Libro de lectura,99,162,https://historico.conaliteg.gob.mx/c/H2019P5LEA/099.jpg,dfde4dec75b71184707670bbe3cb5ec82ace9e1f4098e9926e42870425f4a48d,328660,dfde4dec75b71184707670bbe3cb5ec82ace9e1f4098e9926e42870425f4a48d,328660,200,image/jpeg,1,,1,1
LTMD_U1_W3_SPANISH_2018_2019_ROUTE_IDENTITY_0.1,H2018P5LEA,H2019P5LEA,5,Español. Libro de lectura,100,162,https://historico.conaliteg.gob.mx/c/H2019P5LEA/100.jpg,364e946b17bca8cb5c2a4e70117e4a671aaa3bdf9b54e1dbf8571205183ae1d0,423553,364e946b17bca8cb5c2a4e70117e4a671aaa3bdf9b54e1dbf8571205183ae1d0,423553,200,image/jpeg,1,,1,1
LTMD_U1_W3_SPANISH_2018_2019_ROUTE_IDENTITY_0.1,H2018P5LEA,H2019P5LEA,5,Español. Libro de lectura,101,162,https://historico.conaliteg.gob.mx/c/H2019P5LEA/101.jpg,4e4bc4a2987bb0b1f037e29878725fcec559fbe8821e9f1a7cc168fd87319b82,413538,4e4bc4a2987bb0b1f037e29878725fcec559fbe8821e9f1a7cc168fd87319b82,413538,200,image/jpeg,1,,1,1
LTMD_U1_W3_SPANISH_2018_2019_ROUTE_IDENTITY_0.1,H2018P5LEA,H2019P5LEA,5,Español. Libro de lectura,102,162,https://historico.conaliteg.gob.mx/c/H2019P5LEA/102.jpg,b31dc2c80ef259890ebf6eec43297d79b5e18e6beab0b8cf7cbaaa34012c89a0,260670,b31dc2c80ef259890ebf6eec43297d79b5e18e6beab0b8cf7cbaaa34012c89a0,260670,200,image/jpeg,1,,1,1
LTMD_U1_W3_SPANISH_2018_2019_ROUTE_IDENTITY_0.1,H2018P5LEA,H2019P5LEA,5,Español. Libro de lectura,103,162,https://historico.conaliteg.gob.mx/c/H2019P5LEA/103.jpg,49b05519f42493f4bc2c73a344340a37f993f2ddc251746c419a17cec1ecd96f,223016,49b05519f42493f4bc2c73a344340a37f993f2ddc251746c419a17cec1ecd96f,223016,200,image/jpeg,1,,1,1
LTMD_U1_W3_SPANISH_2018_2019_ROUTE_IDENTITY_0.1,H2018P5LEA,H2019P5LEA,5,Español. Libro de lectura,104,162,https://historico.conaliteg.gob.mx/c/H2019P5LEA/104.jpg,41512878c49f34fe6b6f12436ef861c0194f84e66be96cd2b280c05a1db72dcb,200574,41512878c49f34fe6b6f12436ef861c0194f84e66be96cd2b280c05a1db72dcb,200574,200,image/jpeg,1,,1,1
LTMD_U1_W3_SPANISH_2018_2019_ROUTE_IDENTITY_0.1,H2018P5LEA,H2019P5LEA,5,Español. Libro de lectura,105,162,https://historico.conaliteg.gob.mx/c/H2019P5LEA/105.jpg,5152cafa9e7c6b6866bbab028cb3bc0f19ddee5e038e619bf343e9cf82fe41a7,216149,5152cafa9e7c6b6866bbab028cb3bc0f19ddee5e038e619bf343e9cf82fe41a7,216149,200,image/jpeg,1,,1,1
LTMD_U1_W3_SPANISH_2018_2019_ROUTE_IDENTITY_0.1,H2018P5LEA,H2019P5LEA,5,Español. Libro de lectura,106,162,https://historico.conaliteg.gob.mx/c/H2019P5LEA/106.jpg,b00324248c1e7ce070407737737acaea0d36975acc7e33e1e748fcd31dbea8b4,259058,b00324248c1e7ce070407737737acaea0d36975acc7e33e1e748fcd31dbea8b4,259058,200,image/jpeg,1,,1,1
LTMD_U1_W3_SPANISH_2018_2019_ROUTE_IDENTITY_0.1,H2018P5LEA,H2019P5LEA,5,Español. Libro de lectura,107,162,https://historico.conaliteg.gob.mx/c/H2019P5LEA/107.jpg,9417971283557df8bcf9b9d34a1e6881603058f79cef31810138b8ad2e17ce9e,279352,9417971283557df8bcf9b9d34a1e6881603058f79cef31810138b8ad2e17ce9e,279352,200,image/jpeg,1,,1,1
LTMD_U1_W3_SPANISH_2018_2019_ROUTE_IDENTITY_0.1,H2018P5LEA,H2019P5LEA,5,Español. Libro de lectura,108,162,https://historico.conaliteg.gob.mx/c/H2019P5LEA/108.jpg,ab6f0f941f8caacc7aa84b5110964a37e81f4ac7f93ff91dd719edc4cae7b82e,359117,ab6f0f941f8caacc7aa84b5110964a37e81f4ac7f93ff91dd719edc4cae7b82e,359117,200,image/jpeg,1,,1,1
LTMD_U1_W3_SPANISH_2018_2019_ROUTE_IDENTITY_0.1,H2018P5LEA,H2019P5LEA,5,Español. Libro de lectura,109,162,https://historico.conaliteg.gob.mx/c/H2019P5LEA/109.jpg,064daaec0e3995e5fec026f53300d2f52de0b1cbf38a978300733cda5b853cb4,388471,064daaec0e3995e5fec026f53300d2f52de0b1cbf38a978300733cda5b853cb4,388471,200,image/jpeg,1,,1,1
LTMD_U1_W3_SPANISH_2018_2019_ROUTE_IDENTITY_0.1,H2018P5LEA,H2019P5LEA,5,Español. Libro de lectura,110,162,https://historico.conaliteg.gob.mx/c/H2019P5LEA/110.jpg,f8c1cfdeea062bb614ffdc22931d4ffbbc0678169acef98040615a3569d280e4,375773,f8c1cfdeea062bb614ffdc22931d4ffbbc0678169acef98040615a3569d280e4,375773,200,image/jpeg,1,,1,1
LTMD_U1_W3_SPANISH_2018_2019_ROUTE_IDENTITY_0.1,H2018P5LEA,H2019P5LEA,5,Español. Libro de lectura,111,162,https://historico.conaliteg.gob.mx/c/H2019P5LEA/111.jpg,aec6b44120faa0a0beda94e203e0fc644ec0877f73ea36b7dfc23534a464c5bf,368767,aec6b44120faa0a0beda94e203e0fc644ec0877f73ea36b7dfc23534a464c5bf,368767,200,image/jpeg,1,,1,1
LTMD_U1_W3_SPANISH_2018_2019_ROUTE_IDENTITY_0.1,H2018P5LEA,H2019P5LEA,5,Español. Libro de lectura,112,162,https://historico.conaliteg.gob.mx/c/H2019P5LEA/112.jpg,6fc4f6c467abecbaf8f4f52746b32451703bd4dc7a3ee261735038c1683a6f01,357688,6fc4f6c467abecbaf8f4f52746b32451703bd4dc7a3ee261735038c1683a6f01,357688,200,image/jpeg,1,,1,1
LTMD_U1_W3_SPANISH_2018_2019_ROUTE_IDENTITY_0.1,H2018P5LEA,H2019P5LEA,5,Español. Libro de lectura,113,162,https://historico.conaliteg.gob.mx/c/H2019P5LEA/113.jpg,c800e0b15e2f9a8a7556fcbf380aeffbd35abe8648b62b50059100566242e9ad,381604,c800e0b15e2f9a8a7556fcbf380aeffbd35abe8648b62b50059100566242e9ad,381604,200,image/jpeg,1,,1,1
LTMD_U1_W3_SPANISH_2018_2019_ROUTE_IDENTITY_0.1,H2018P5LEA,H2019P5LEA,5,Español. Libro de lectura,114,162,https://historico.conaliteg.gob.mx/c/H2019P5LEA/114.jpg,b1328dd10a4e7429b709e3023a62aa40164e7a577146d4f22e6ca5c82e4da7ea,369178,b1328dd10a4e7429b709e3023a62aa40164e7a577146d4f22e6ca5c82e4da7ea,369178,200,image/jpeg,1,,1,1
LTMD_U1_W3_SPANISH_2018_2019_ROUTE_IDENTITY_0.1,H2018P5LEA,H2019P5LEA,5,Español. Libro de lectura,115,162,https://historico.conaliteg.gob.mx/c/H2019P5LEA/115.jpg,01534481ad6f0d60aad10334be2ed4fafd4d5221a7ad3080a9abbb577d95ae5c,362993,01534481ad6f0d60aad10334be2ed4fafd4d5221a7ad3080a9abbb577d95ae5c,362993,200,image/jpeg,1,,1,1
LTMD_U1_W3_SPANISH_2018_2019_ROUTE_IDENTITY_0.1,H2018P5LEA,H2019P5LEA,5,Español. Libro de lectura,116,162,https://historico.conaliteg.gob.mx/c/H2019P5LEA/116.jpg,2f3a8bbf8f9894ce0543ff743a5dfc826a2bb155499c946986a5ec71bd7b2e08,347649,2f3a8bbf8f9894ce0543ff743a5dfc826a2bb155499c946986a5ec71bd7b2e08,347649,200,image/jpeg,1,,1,1
LTMD_U1_W3_SPANISH_2018_2019_ROUTE_IDENTITY_0.1,H2018P5LEA,H2019P5LEA,5,Español. Libro de lectura,117,162,https://historico.conaliteg.gob.mx/c/H2019P5LEA/117.jpg,85f15c7dc001918e51842d57824228fe40d53387c8415bd8dfa3ab42bfb9cc60,362683,85f15c7dc001918e51842d57824228fe40d53387c8415bd8dfa3ab42bfb9cc60,362683,200,image/jpeg,1,,1,1
LTMD_U1_W3_SPANISH_2018_2019_ROUTE_IDENTITY_0.1,H2018P5LEA,H2019P5LEA,5,Español. Libro de lectura,118,162,https://historico.conaliteg.gob.mx/c/H2019P5LEA/118.jpg,7f1e043b1678835df262577854992f6c2a9cb54d561618c611e7680449da16a5,381793,7f1e043b1678835df262577854992f6c2a9cb54d561618c611e7680449da16a5,381793,200,image/jpeg,1,,1,1
LTMD_U1_W3_SPANISH_2018_2019_ROUTE_IDENTITY_0.1,H2018P5LEA,H2019P5LEA,5,Español. Libro de lectura,119,162,https://historico.conaliteg.gob.mx/c/H2019P5LEA/119.jpg,40533629b3feb26c6430424a1cf102f7138e4e95a53832a32935a843fff91414,455676,40533629b3feb26c6430424a1cf102f7138e4e95a53832a32935a843fff91414,455676,200,image/jpeg,1,,1,1
LTMD_U1_W3_SPANISH_2018_2019_ROUTE_IDENTITY_0.1,H2018P5LEA,H2019P5LEA,5,Español. Libro de lectura,120,162,https://historico.conaliteg.gob.mx/c/H2019P5LEA/120.jpg,8780996a5bdd89bc8fcf0a28379af905e29fd1edb405a3a110f390523ba9b7f4,461342,8780996a5bdd89bc8fcf0a28379af905e29fd1edb405a3a110f390523ba9b7f4,461342,200,image/jpeg,1,,1,1
LTMD_U1_W3_SPANISH_2018_2019_ROUTE_IDENTITY_0.1,H2018P5LEA,H2019P5LEA,5,Español. Libro de lectura,121,162,https://historico.conaliteg.gob.mx/c/H2019P5LEA/121.jpg,ba200e4a5db90c3d8b2ef4a8ee83ef8ba0cbb668e915e5a7252c5aac45a13c43,520415,ba200e4a5db90c3d8b2ef4a8ee83ef8ba0cbb668e915e5a7252c5aac45a13c43,520415,200,image/jpeg,1,,1,1
LTMD_U1_W3_SPANISH_2018_2019_ROUTE_IDENTITY_0.1,H2018P5LEA,H2019P5LEA,5,Español. Libro de lectura,122,162,https://historico.conaliteg.gob.mx/c/H2019P5LEA/122.jpg,32a0ba5829b18fe1c44a1d3a5699649d8845c5c9e642be9dec76b114ff3a6ad2,432503,32a0ba5829b18fe1c44a1d3a5699649d8845c5c9e642be9dec76b114ff3a6ad2,432503,200,image/jpeg,1,,1,1
LTMD_U1_W3_SPANISH_2018_2019_ROUTE_IDENTITY_0.1,H2018P5LEA,H2019P5LEA,5,Español. Libro de lectura,123,162,https://historico.conaliteg.gob.mx/c/H2019P5LEA/123.jpg,22df5a55943f4b88ca2989fb01ccdaeff64a7cd594eaf0a842d7a70186668ed6,461536,22df5a55943f4b88ca2989fb01ccdaeff64a7cd594eaf0a842d7a70186668ed6,461536,200,image/jpeg,1,,1,1
LTMD_U1_W3_SPANISH_2018_2019_ROUTE_IDENTITY_0.1,H2018P5LEA,H2019P5LEA,5,Español. Libro de lectura,124,162,https://historico.conaliteg.gob.mx/c/H2019P5LEA/124.jpg,7d0b1c7d7f57df055a0665fce2f63960d9f4b8b67c97c22e4dce7946de9a5ff7,445488,7d0b1c7d7f57df055a0665fce2f63960d9f4b8b67c97c22e4dce7946de9a5ff7,445488,200,image/jpeg,1,,1,1
LTMD_U1_W3_SPANISH_2018_2019_ROUTE_IDENTITY_0.1,H2018P5LEA,H2019P5LEA,5,Español. Libro de lectura,125,162,https://historico.conaliteg.gob.mx/c/H2019P5LEA/125.jpg,51efe8b68455137f2b1f35af873441511f8aa81df7de3aa1d1053c0fc296929f,448339,51efe8b68455137f2b1f35af873441511f8aa81df7de3aa1d1053c0fc296929f,448339,200,image/jpeg,1,,1,1
LTMD_U1_W3_SPANISH_2018_2019_ROUTE_IDENTITY_0.1,H2018P5LEA,H2019P5LEA,5,Español. Libro de lectura,126,162,https://historico.conaliteg.gob.mx/c/H2019P5LEA/126.jpg,b79db0bd504cb4f586063497a525abe25a5060652608bfd915914d4a1bd22e42,545436,b79db0bd504cb4f586063497a525abe25a5060652608bfd915914d4a1bd22e42,545436,200,image/jpeg,1,,1,1
LTMD_U1_W3_SPANISH_2018_2019_ROUTE_IDENTITY_0.1,H2018P5LEA,H2019P5LEA,5,Español. Libro de lectura,127,162,https://historico.conaliteg.gob.mx/c/H2019P5LEA/127.jpg,1b5187d799bcfec5bb32a40123a66ea986822a56d473c1a1391d7ee4301a7e7c,492525,1b5187d799bcfec5bb32a40123a66ea986822a56d473c1a1391d7ee4301a7e7c,492525,200,image/jpeg,1,,1,1
LTMD_U1_W3_SPANISH_2018_2019_ROUTE_IDENTITY_0.1,H2018P5LEA,H2019P5LEA,5,Español. Libro de lectura,128,162,https://historico.conaliteg.gob.mx/c/H2019P5LEA/128.jpg,e5a156bc95a15eebf191042e15175e9baf216afce8886997ae8592895022d117,431442,e5a156bc95a15eebf191042e15175e9baf216afce8886997ae8592895022d117,431442,200,image/jpeg,1,,1,1
LTMD_U1_W3_SPANISH_2018_2019_ROUTE_IDENTITY_0.1,H2018P5LEA,H2019P5LEA,5,Español. Libro de lectura,129,162,https://historico.conaliteg.gob.mx/c/H2019P5LEA/129.jpg,e062f7a5678397110598b2cd0cd92cc342698babe2c9234a6fba3e0df82f9dd1,482653,e062f7a5678397110598b2cd0cd92cc342698babe2c9234a6fba3e0df82f9dd1,482653,200,image/jpeg,1,,1,1
LTMD_U1_W3_SPANISH_2018_2019_ROUTE_IDENTITY_0.1,H2018P5LEA,H2019P5LEA,5,Español. Libro de lectura,130,162,https://historico.conaliteg.gob.mx/c/H2019P5LEA/130.jpg,6bb1e6599bef71f32f6cd166fdb78048534d82740b4499cc4ebf00b4ebb76bd1,432374,6bb1e6599bef71f32f6cd166fdb78048534d82740b4499cc4ebf00b4ebb76bd1,432374,200,image/jpeg,1,,1,1
LTMD_U1_W3_SPANISH_2018_2019_ROUTE_IDENTITY_0.1,H2018P5LEA,H2019P5LEA,5,Español. Libro de lectura,131,162,https://historico.conaliteg.gob.mx/c/H2019P5LEA/131.jpg,7d7a69b010848e506e173f3be86053d113628c705c113da1e87830b1084722ec,346786,7d7a69b010848e506e173f3be86053d113628c705c113da1e87830b1084722ec,346786,200,image/jpeg,1,,1,1
LTMD_U1_W3_SPANISH_2018_2019_ROUTE_IDENTITY_0.1,H2018P5LEA,H2019P5LEA,5,Español. Libro de lectura,132,162,https://historico.conaliteg.gob.mx/c/H2019P5LEA/132.jpg,3b1815b6e0d28d12e60fe9bfe1fd7f2fdaf554b9e3b1af64c3195ca9c8b12a09,483986,3b1815b6e0d28d12e60fe9bfe1fd7f2fdaf554b9e3b1af64c3195ca9c8b12a09,483986,200,image/jpeg,1,,1,1
LTMD_U1_W3_SPANISH_2018_2019_ROUTE_IDENTITY_0.1,H2018P5LEA,H2019P5LEA,5,Español. Libro de lectura,133,162,https://historico.conaliteg.gob.mx/c/H2019P5LEA/133.jpg,a752fbe41a2b8b348c2042aa5d87ca7a2ebbb971913e4f6b8ede5f760b93f1d4,459348,a752fbe41a2b8b348c2042aa5d87ca7a2ebbb971913e4f6b8ede5f760b93f1d4,459348,200,image/jpeg,1,,1,1
LTMD_U1_W3_SPANISH_2018_2019_ROUTE_IDENTITY_0.1,H2018P5LEA,H2019P5LEA,5,Español. Libro de lectura,134,162,https://historico.conaliteg.gob.mx/c/H2019P5LEA/134.jpg,4f7a512e1af8eb19c0fa53bda1f6ee45dd9e344ffb549150cb07b1508362804f,542754,4f7a512e1af8eb19c0fa53bda1f6ee45dd9e344ffb549150cb07b1508362804f,542754,200,image/jpeg,1,,1,1
LTMD_U1_W3_SPANISH_2018_2019_ROUTE_IDENTITY_0.1,H2018P5LEA,H2019P5LEA,5,Español. Libro de lectura,135,162,https://historico.conaliteg.gob.mx/c/H2019P5LEA/135.jpg,ec051823337a56f23affdf20c1bdf52dd9766a2e3ea2cb32b98c44d4aaebfdf7,594249,ec051823337a56f23affdf20c1bdf52dd9766a2e3ea2cb32b98c44d4aaebfdf7,594249,200,image/jpeg,1,,1,1
LTMD_U1_W3_SPANISH_2018_2019_ROUTE_IDENTITY_0.1,H2018P5LEA,H2019P5LEA,5,Español. Libro de lectura,136,162,https://historico.conaliteg.gob.mx/c/H2019P5LEA/136.jpg,849affef6a54316ed9371f31c7f5922c46153c83eb77baddac3aa6ebd5e15d80,463327,849affef6a54316ed9371f31c7f5922c46153c83eb77baddac3aa6ebd5e15d80,463327,200,image/jpeg,1,,1,1
LTMD_U1_W3_SPANISH_2018_2019_ROUTE_IDENTITY_0.1,H2018P5LEA,H2019P5LEA,5,Español. Libro de lectura,137,162,https://historico.conaliteg.gob.mx/c/H2019P5LEA/137.jpg,48b991cbe8922399ff1abf9dea530ad6122f751a07009343587ef793a7eab234,456196,48b991cbe8922399ff1abf9dea530ad6122f751a07009343587ef793a7eab234,456196,200,image/jpeg,1,,1,1
LTMD_U1_W3_SPANISH_2018_2019_ROUTE_IDENTITY_0.1,H2018P5LEA,H2019P5LEA,5,Español. Libro de lectura,138,162,https://historico.conaliteg.gob.mx/c/H2019P5LEA/138.jpg,137a90de88acdc712b2e4599b96c428c9dc663bf8220a2b4f13878d31fea8a2d,434112,137a90de88acdc712b2e4599b96c428c9dc663bf8220a2b4f13878d31fea8a2d,434112,200,image/jpeg,1,,1,1
LTMD_U1_W3_SPANISH_2018_2019_ROUTE_IDENTITY_0.1,H2018P5LEA,H2019P5LEA,5,Español. Libro de lectura,139,162,https://historico.conaliteg.gob.mx/c/H2019P5LEA/139.jpg,37679bcd7a463d03b7e2b8f28f32456585eb1581fa4aabe85cd15596c535bd93,447748,37679bcd7a463d03b7e2b8f28f32456585eb1581fa4aabe85cd15596c535bd93,447748,200,image/jpeg,1,,1,1
LTMD_U1_W3_SPANISH_2018_2019_ROUTE_IDENTITY_0.1,H2018P5LEA,H2019P5LEA,5,Español. Libro de lectura,140,162,https://historico.conaliteg.gob.mx/c/H2019P5LEA/140.jpg,a372abef104ffb40d2bdb9e4806c31297311c75e22f37f591184b88522bb178c,484969,a372abef104ffb40d2bdb9e4806c31297311c75e22f37f591184b88522bb178c,484969,200,image/jpeg,1,,1,1
LTMD_U1_W3_SPANISH_2018_2019_ROUTE_IDENTITY_0.1,H2018P5LEA,H2019P5LEA,5,Español. Libro de lectura,141,162,https://historico.conaliteg.gob.mx/c/H2019P5LEA/141.jpg,e105a616953ec4663aeecde7715fa0ce7c1b7d15e34dc5e419584172dece713f,444791,e105a616953ec4663aeecde7715fa0ce7c1b7d15e34dc5e419584172dece713f,444791,200,image/jpeg,1,,1,1
LTMD_U1_W3_SPANISH_2018_2019_ROUTE_IDENTITY_0.1,H2018P5LEA,H2019P5LEA,5,Español. Libro de lectura,142,162,https://historico.conaliteg.gob.mx/c/H2019P5LEA/142.jpg,b165545b62274fe1315c236a71ea07a1e1c339318415930fae3bce0e17d8946c,555863,b165545b62274fe1315c236a71ea07a1e1c339318415930fae3bce0e17d8946c,555863,200,image/jpeg,1,,1,1
LTMD_U1_W3_SPANISH_2018_2019_ROUTE_IDENTITY_0.1,H2018P5LEA,H2019P5LEA,5,Español. Libro de lectura,143,162,https://historico.conaliteg.gob.mx/c/H2019P5LEA/143.jpg,63b42e893ce274c22d4a0bf1c49a9754cbb74f206816c8ded6071695589aaea7,482183,63b42e893ce274c22d4a0bf1c49a9754cbb74f206816c8ded6071695589aaea7,482183,200,image/jpeg,1,,1,1
LTMD_U1_W3_SPANISH_2018_2019_ROUTE_IDENTITY_0.1,H2018P5LEA,H2019P5LEA,5,Español. Libro de lectura,144,162,https://historico.conaliteg.gob.mx/c/H2019P5LEA/144.jpg,44cc3a24df87946a706e431d28ed80ceb725602e2672a7b4c939e982792846d6,467309,44cc3a24df87946a706e431d28ed80ceb725602e2672a7b4c939e982792846d6,467309,200,image/jpeg,1,,1,1
LTMD_U1_W3_SPANISH_2018_2019_ROUTE_IDENTITY_0.1,H2018P5LEA,H2019P5LEA,5,Español. Libro de lectura,145,162,https://historico.conaliteg.gob.mx/c/H2019P5LEA/145.jpg,bba249ab7402d0b66ca3d0c8730600df055efbf06f686138bfa83b766ef0adb2,548352,bba249ab7402d0b66ca3d0c8730600df055efbf06f686138bfa83b766ef0adb2,548352,200,image/jpeg,1,,1,1
LTMD_U1_W3_SPANISH_2018_2019_ROUTE_IDENTITY_0.1,H2018P5LEA,H2019P5LEA,5,Español. Libro de lectura,146,162,https://historico.conaliteg.gob.mx/c/H2019P5LEA/146.jpg,0c697c23b196668c53c3aa667b389365d50982e0183ad09d5ea1c2313df78262,490419,0c697c23b196668c53c3aa667b389365d50982e0183ad09d5ea1c2313df78262,490419,200,image/jpeg,1,,1,1
LTMD_U1_W3_SPANISH_2018_2019_ROUTE_IDENTITY_0.1,H2018P5LEA,H2019P5LEA,5,Español. Libro de lectura,147,162,https://historico.conaliteg.gob.mx/c/H2019P5LEA/147.jpg,fb6e0b5b8aa0835b40a641caf1fdd045a024ba404b1387e1dd5a2190473fa25f,577135,fb6e0b5b8aa0835b40a641caf1fdd045a024ba404b1387e1dd5a2190473fa25f,577135,200,image/jpeg,1,,1,1
LTMD_U1_W3_SPANISH_2018_2019_ROUTE_IDENTITY_0.1,H2018P5LEA,H2019P5LEA,5,Español. Libro de lectura,148,162,https://historico.conaliteg.gob.mx/c/H2019P5LEA/148.jpg,010ade4f96be55f6dfd90fe1703bd2d1b88a6bfd694ea86d3854d3b8afbe3fd7,424298,010ade4f96be55f6dfd90fe1703bd2d1b88a6bfd694ea86d3854d3b8afbe3fd7,424298,200,image/jpeg,1,,1,1
LTMD_U1_W3_SPANISH_2018_2019_ROUTE_IDENTITY_0.1,H2018P5LEA,H2019P5LEA,5,Español. Libro de lectura,149,162,https://historico.conaliteg.gob.mx/c/H2019P5LEA/149.jpg,47cf3966076cfcc9e4092caacca249c4507403ca79a98b1ff8c4aec440ec2634,466866,47cf3966076cfcc9e4092caacca249c4507403ca79a98b1ff8c4aec440ec2634,466866,200,image/jpeg,1,,1,1
LTMD_U1_W3_SPANISH_2018_2019_ROUTE_IDENTITY_0.1,H2018P5LEA,H2019P5LEA,5,Español. Libro de lectura,150,162,https://historico.conaliteg.gob.mx/c/H2019P5LEA/150.jpg,4af3c435c55b98bfc8c94007449b9306c41f67c76ee93d3bf6522b22ffeb9a3e,543619,4af3c435c55b98bfc8c94007449b9306c41f67c76ee93d3bf6522b22ffeb9a3e,543619,200,image/jpeg,1,,1,1
LTMD_U1_W3_SPANISH_2018_2019_ROUTE_IDENTITY_0.1,H2018P5LEA,H2019P5LEA,5,Español. Libro de lectura,151,162,https://historico.conaliteg.gob.mx/c/H2019P5LEA/151.jpg,a575cecf36b923648696c14a22f7025f36b2a33b3b1b214a370277850b6c5566,429701,a575cecf36b923648696c14a22f7025f36b2a33b3b1b214a370277850b6c5566,429701,200,image/jpeg,1,,1,1
LTMD_U1_W3_SPANISH_2018_2019_ROUTE_IDENTITY_0.1,H2018P5LEA,H2019P5LEA,5,Español. Libro de lectura,152,162,https://historico.conaliteg.gob.mx/c/H2019P5LEA/152.jpg,4111b6dc841dc1fe8c75e1785ef2eecd82653c04c86a6d959d8e3d2f60440486,488167,4111b6dc841dc1fe8c75e1785ef2eecd82653c04c86a6d959d8e3d2f60440486,488167,200,image/jpeg,1,,1,1
LTMD_U1_W3_SPANISH_2018_2019_ROUTE_IDENTITY_0.1,H2018P5LEA,H2019P5LEA,5,Español. Libro de lectura,153,162,https://historico.conaliteg.gob.mx/c/H2019P5LEA/153.jpg,64d9a2a7422ca0e4c9a0d8a98eb3d22f60d310419ab2baa0c518a7625bb89916,503331,64d9a2a7422ca0e4c9a0d8a98eb3d22f60d310419ab2baa0c518a7625bb89916,503331,200,image/jpeg,1,,1,1
LTMD_U1_W3_SPANISH_2018_2019_ROUTE_IDENTITY_0.1,H2018P5LEA,H2019P5LEA,5,Español. Libro de lectura,154,162,https://historico.conaliteg.gob.mx/c/H2019P5LEA/154.jpg,b3bda81f720ffd9c1f97f23d44a5e76095d3c51f54cb56552fb745073c9b5f59,497322,b3bda81f720ffd9c1f97f23d44a5e76095d3c51f54cb56552fb745073c9b5f59,497322,200,image/jpeg,1,,1,1
LTMD_U1_W3_SPANISH_2018_2019_ROUTE_IDENTITY_0.1,H2018P5LEA,H2019P5LEA,5,Español. Libro de lectura,155,162,https://historico.conaliteg.gob.mx/c/H2019P5LEA/155.jpg,12b51f34fe8ed0c618b1950598a0e777ea8d0f2bd7c211a80bca45f4a9a84e16,473098,12b51f34fe8ed0c618b1950598a0e777ea8d0f2bd7c211a80bca45f4a9a84e16,473098,200,image/jpeg,1,,1,1
LTMD_U1_W3_SPANISH_2018_2019_ROUTE_IDENTITY_0.1,H2018P5LEA,H2019P5LEA,5,Español. Libro de lectura,156,162,https://historico.conaliteg.gob.mx/c/H2019P5LEA/156.jpg,2fae16e52be77f27c119c81c9b687c9120d8633be99ef047e73cc31c993e5b68,573593,2fae16e52be77f27c119c81c9b687c9120d8633be99ef047e73cc31c993e5b68,573593,200,image/jpeg,1,,1,1
LTMD_U1_W3_SPANISH_2018_2019_ROUTE_IDENTITY_0.1,H2018P5LEA,H2019P5LEA,5,Español. Libro de lectura,157,162,https://historico.conaliteg.gob.mx/c/H2019P5LEA/157.jpg,56b6fd0cbc7a26cb80dfad38d12d553e50904ca49a42ccc2a9d74c22e72bb80a,549546,56b6fd0cbc7a26cb80dfad38d12d553e50904ca49a42ccc2a9d74c22e72bb80a,549546,200,image/jpeg,1,,1,1
LTMD_U1_W3_SPANISH_2018_2019_ROUTE_IDENTITY_0.1,H2018P5LEA,H2019P5LEA,5,Español. Libro de lectura,158,162,https://historico.conaliteg.gob.mx/c/H2019P5LEA/158.jpg,203eeb3ac37e9331d55265498eb0b85e8fd84344b40b67b12a4e26d43f5405e8,385423,203eeb3ac37e9331d55265498eb0b85e8fd84344b40b67b12a4e26d43f5405e8,385423,200,image/jpeg,1,,1,1
LTMD_U1_W3_SPANISH_2018_2019_ROUTE_IDENTITY_0.1,H2018P5LEA,H2019P5LEA,5,Español. Libro de lectura,159,162,https://historico.conaliteg.gob.mx/c/H2019P5LEA/159.jpg,9ac4a0b7856a805c5e9b4d08608422890f584abf85b03406308a14c39b097511,546233,9ac4a0b7856a805c5e9b4d08608422890f584abf85b03406308a14c39b097511,546233,200,image/jpeg,1,,1,1
LTMD_U1_W3_SPANISH_2018_2019_ROUTE_IDENTITY_0.1,H2018P5LEA,H2019P5LEA,5,Español. Libro de lectura,160,162,https://historico.conaliteg.gob.mx/c/H2019P5LEA/160.jpg,365357d689f972be39b517074ebba4dc88822267171666763dff499d75b5f4f1,315941,365357d689f972be39b517074ebba4dc88822267171666763dff499d75b5f4f1,315941,200,image/jpeg,1,,1,1
LTMD_U1_W3_SPANISH_2018_2019_ROUTE_IDENTITY_0.1,H2018P5LEA,H2019P5LEA,5,Español. Libro de lectura,161,162,https://historico.conaliteg.gob.mx/c/H2019P5LEA/161.jpg,8093cb2dd2a827d9e6638971a706d614a0cb5638de464563e3203476a47c44c5,212685,8093cb2dd2a827d9e6638971a706d614a0cb5638de464563e3203476a47c44c5,212685,200,image/jpeg,1,,1,1
LTMD_U1_W3_SPANISH_2018_2019_ROUTE_IDENTITY_0.1,H2018P6ESA,H2019P6ESA,6,Español,1,186,https://historico.conaliteg.gob.mx/c/H2019P6ESA/000.jpg,bb0297ce93b0fa9bb487e0a4e2fa3e3a85afabadd2a71f3c53557bddf7b25b1a,111597,bb0297ce93b0fa9bb487e0a4e2fa3e3a85afabadd2a71f3c53557bddf7b25b1a,111597,200,image/jpeg,1,,1,1
LTMD_U1_W3_SPANISH_2018_2019_ROUTE_IDENTITY_0.1,H2018P6ESA,H2019P6ESA,6,Español,2,186,https://historico.conaliteg.gob.mx/c/H2019P6ESA/002.jpg,31553c376f2ea3f8d425e20c66e4188b08d1c242bd115c5aa495b86c3eebce89,106707,31553c376f2ea3f8d425e20c66e4188b08d1c242bd115c5aa495b86c3eebce89,106707,200,image/jpeg,1,,1,1
LTMD_U1_W3_SPANISH_2018_2019_ROUTE_IDENTITY_0.1,H2018P6ESA,H2019P6ESA,6,Español,3,186,https://historico.conaliteg.gob.mx/c/H2019P6ESA/003.jpg,3c69e2ea02c67e8252ca83084e62536c51608d5eca6c28ef15de085461000001,84068,3c69e2ea02c67e8252ca83084e62536c51608d5eca6c28ef15de085461000001,84068,200,image/jpeg,1,,1,1
LTMD_U1_W3_SPANISH_2018_2019_ROUTE_IDENTITY_0.1,H2018P6ESA,H2019P6ESA,6,Español,4,186,https://historico.conaliteg.gob.mx/c/H2019P6ESA/004.jpg,777506956be0069a7e907b10c3d51372f89217bc571c501aad12cc15664f61c5,125326,777506956be0069a7e907b10c3d51372f89217bc571c501aad12cc15664f61c5,125326,200,image/jpeg,1,,1,1
LTMD_U1_W3_SPANISH_2018_2019_ROUTE_IDENTITY_0.1,H2018P6ESA,H2019P6ESA,6,Español,5,186,https://historico.conaliteg.gob.mx/c/H2019P6ESA/005.jpg,b1fa783c07f1b9546061295d1ac4bbbb39012161d867a5cd4e31b04a2b09ccd9,125076,b1fa783c07f1b9546061295d1ac4bbbb39012161d867a5cd4e31b04a2b09ccd9,125076,200,image/jpeg,1,,1,1
LTMD_U1_W3_SPANISH_2018_2019_ROUTE_IDENTITY_0.1,H2018P6ESA,H2019P6ESA,6,Español,6,186,https://historico.conaliteg.gob.mx/c/H2019P6ESA/006.jpg,311745567068a3e0fdae2e62ecd0186ecbaf393fba283ca3b283a4102f81248f,108913,311745567068a3e0fdae2e62ecd0186ecbaf393fba283ca3b283a4102f81248f,108913,200,image/jpeg,1,,1,1
LTMD_U1_W3_SPANISH_2018_2019_ROUTE_IDENTITY_0.1,H2018P6ESA,H2019P6ESA,6,Español,7,186,https://historico.conaliteg.gob.mx/c/H2019P6ESA/007.jpg,1abdafb275bc71487cd0f418efde0e424997ad95f33edf2b865bc003e5aed89f,93500,1abdafb275bc71487cd0f418efde0e424997ad95f33edf2b865bc003e5aed89f,93500,200,image/jpeg,1,,1,1
LTMD_U1_W3_SPANISH_2018_2019_ROUTE_IDENTITY_0.1,H2018P6ESA,H2019P6ESA,6,Español,8,186,https://historico.conaliteg.gob.mx/c/H2019P6ESA/008.jpg,d05498ef7600f19dc8b0aaaa6579b6eb52dd760056c814a1aa05cf7bd7a6d210,101787,d05498ef7600f19dc8b0aaaa6579b6eb52dd760056c814a1aa05cf7bd7a6d210,101787,200,image/jpeg,1,,1,1
LTMD_U1_W3_SPANISH_2018_2019_ROUTE_IDENTITY_0.1,H2018P6ESA,H2019P6ESA,6,Español,9,186,https://historico.conaliteg.gob.mx/c/H2019P6ESA/009.jpg,7b58525f263d6db276bfc9461434e6feb349e8a3548c404bfe6095465e781c7f,126792,7b58525f263d6db276bfc9461434e6feb349e8a3548c404bfe6095465e781c7f,126792,200,image/jpeg,1,,1,1
LTMD_U1_W3_SPANISH_2018_2019_ROUTE_IDENTITY_0.1,H2018P6ESA,H2019P6ESA,6,Español,10,186,https://historico.conaliteg.gob.mx/c/H2019P6ESA/010.jpg,9c71f71cbbd0fdb4b9bcfb2b95a5db90589cac97109bd1af272aec2a785e2064,79905,9c71f71cbbd0fdb4b9bcfb2b95a5db90589cac97109bd1af272aec2a785e2064,79905,200,image/jpeg,1,,1,1
LTMD_U1_W3_SPANISH_2018_2019_ROUTE_IDENTITY_0.1,H2018P6ESA,H2019P6ESA,6,Español,11,186,https://historico.conaliteg.gob.mx/c/H2019P6ESA/011.jpg,111a2d8307a5fca189b68cc9a461872f5214ea0e45382488817bf7a4829c1ffd,107318,111a2d8307a5fca189b68cc9a461872f5214ea0e45382488817bf7a4829c1ffd,107318,200,image/jpeg,1,,1,1
LTMD_U1_W3_SPANISH_2018_2019_ROUTE_IDENTITY_0.1,H2018P6ESA,H2019P6ESA,6,Español,12,186,https://historico.conaliteg.gob.mx/c/H2019P6ESA/012.jpg,043d016a71bbd6d718be8c66508e0185260d939a2889cbf424d3d20965ff08ad,129679,043d016a71bbd6d718be8c66508e0185260d939a2889cbf424d3d20965ff08ad,129679,200,image/jpeg,1,,1,1
LTMD_U1_W3_SPANISH_2018_2019_ROUTE_IDENTITY_0.1,H2018P6ESA,H2019P6ESA,6,Español,13,186,https://historico.conaliteg.gob.mx/c/H2019P6ESA/013.jpg,f7ccc41d5b4c71b88ba77575d18806b89c2a6937f8f881c4a5a975683381d94b,92327,f7ccc41d5b4c71b88ba77575d18806b89c2a6937f8f881c4a5a975683381d94b,92327,200,image/jpeg,1,,1,1
LTMD_U1_W3_SPANISH_2018_2019_ROUTE_IDENTITY_0.1,H2018P6ESA,H2019P6ESA,6,Español,14,186,https://historico.conaliteg.gob.mx/c/H2019P6ESA/014.jpg,fc267b7674fe711be409d0fadcdfa52629f24afe8cb3ff242337bb4efc8de2e7,82505,fc267b7674fe711be409d0fadcdfa52629f24afe8cb3ff242337bb4efc8de2e7,82505,200,image/jpeg,1,,1,1
LTMD_U1_W3_SPANISH_2018_2019_ROUTE_IDENTITY_0.1,H2018P6ESA,H2019P6ESA,6,Español,15,186,https://historico.conaliteg.gob.mx/c/H2019P6ESA/015.jpg,fc954dce5fc51351a483fa7cb110da6c627737706aa49cf852e1a8ef63b19643,109949,fc954dce5fc51351a483fa7cb110da6c627737706aa49cf852e1a8ef63b19643,109949,200,image/jpeg,1,,1,1
LTMD_U1_W3_SPANISH_2018_2019_ROUTE_IDENTITY_0.1,H2018P6ESA,H2019P6ESA,6,Español,16,186,https://historico.conaliteg.gob.mx/c/H2019P6ESA/016.jpg,a2cc51afe7be0b75c8653f917c55aec773dbd02fad0f88b973c1a08830b72023,109897,a2cc51afe7be0b75c8653f917c55aec773dbd02fad0f88b973c1a08830b72023,109897,200,image/jpeg,1,,1,1
LTMD_U1_W3_SPANISH_2018_2019_ROUTE_IDENTITY_0.1,H2018P6ESA,H2019P6ESA,6,Español,17,186,https://historico.conaliteg.gob.mx/c/H2019P6ESA/017.jpg,92e94119243836075ab81c203e3fa2f4235ec3b98285c4baff8cea829ed57bde,80619,92e94119243836075ab81c203e3fa2f4235ec3b98285c4baff8cea829ed57bde,80619,200,image/jpeg,1,,1,1
LTMD_U1_W3_SPANISH_2018_2019_ROUTE_IDENTITY_0.1,H2018P6ESA,H2019P6ESA,6,Español,18,186,https://historico.conaliteg.gob.mx/c/H2019P6ESA/018.jpg,5c169ed7abce1d4c862d05e41aadb75db83805340a92a5b1a8766da1ffaa41e4,86159,5c169ed7abce1d4c862d05e41aadb75db83805340a92a5b1a8766da1ffaa41e4,86159,200,image/jpeg,1,,1,1
LTMD_U1_W3_SPANISH_2018_2019_ROUTE_IDENTITY_0.1,H2018P6ESA,H2019P6ESA,6,Español,19,186,https://historico.conaliteg.gob.mx/c/H2019P6ESA/019.jpg,976ea542348281f7577fccb1657f98d6bb167a515a979eb5a25a99d90a1fb1a8,79129,976ea542348281f7577fccb1657f98d6bb167a515a979eb5a25a99d90a1fb1a8,79129,200,image/jpeg,1,,1,1
LTMD_U1_W3_SPANISH_2018_2019_ROUTE_IDENTITY_0.1,H2018P6ESA,H2019P6ESA,6,Español,20,186,https://historico.conaliteg.gob.mx/c/H2019P6ESA/020.jpg,7c60effd9c55cae13857c04bb495d832671631a06bb397b1faf7496a9587e6c6,148229,7c60effd9c55cae13857c04bb495d832671631a06bb397b1faf7496a9587e6c6,148229,200,image/jpeg,1,,1,1
LTMD_U1_W3_SPANISH_2018_2019_ROUTE_IDENTITY_0.1,H2018P6ESA,H2019P6ESA,6,Español,21,186,https://historico.conaliteg.gob.mx/c/H2019P6ESA/021.jpg,3c350ff32693e55052445d2186e31f4e62872644bbf3de1db2074a1d16bdae87,172679,3c350ff32693e55052445d2186e31f4e62872644bbf3de1db2074a1d16bdae87,172679,200,image/jpeg,1,,1,1
LTMD_U1_W3_SPANISH_2018_2019_ROUTE_IDENTITY_0.1,H2018P6ESA,H2019P6ESA,6,Español,22,186,https://historico.conaliteg.gob.mx/c/H2019P6ESA/022.jpg,2025848750bfd13360591e31d6d2e99b4d0f9ddfd81ecf7fe649fbcc2a247346,92667,2025848750bfd13360591e31d6d2e99b4d0f9ddfd81ecf7fe649fbcc2a247346,92667,200,image/jpeg,1,,1,1
LTMD_U1_W3_SPANISH_2018_2019_ROUTE_IDENTITY_0.1,H2018P6ESA,H2019P6ESA,6,Español,23,186,https://historico.conaliteg.gob.mx/c/H2019P6ESA/023.jpg,5a482a25ce7ebfb04b1e00b35710ccd3c5f37f618d46fdd72238d8f8aaf8dc7b,133321,5a482a25ce7ebfb04b1e00b35710ccd3c5f37f618d46fdd72238d8f8aaf8dc7b,133321,200,image/jpeg,1,,1,1
LTMD_U1_W3_SPANISH_2018_2019_ROUTE_IDENTITY_0.1,H2018P6ESA,H2019P6ESA,6,Español,24,186,https://historico.conaliteg.gob.mx/c/H2019P6ESA/024.jpg,9419f3eee53e19a57a4f4218bcbc461fe5ba8df0d71a378d9b2d471cd409a334,99725,9419f3eee53e19a57a4f4218bcbc461fe5ba8df0d71a378d9b2d471cd409a334,99725,200,image/jpeg,1,,1,1
LTMD_U1_W3_SPANISH_2018_2019_ROUTE_IDENTITY_0.1,H2018P6ESA,H2019P6ESA,6,Español,25,186,https://historico.conaliteg.gob.mx/c/H2019P6ESA/025.jpg,da98b0a0c7493185b6888f995cc0557bb9c7addf1f7c0f811b6bb919f8b39b46,161832,da98b0a0c7493185b6888f995cc0557bb9c7addf1f7c0f811b6bb919f8b39b46,161832,200,image/jpeg,1,,1,1
LTMD_U1_W3_SPANISH_2018_2019_ROUTE_IDENTITY_0.1,H2018P6ESA,H2019P6ESA,6,Español,26,186,https://historico.conaliteg.gob.mx/c/H2019P6ESA/026.jpg,a395b809ac6415999f727d0d9de187de5f0189eff7ff80d7d432768547c887a5,148211,a395b809ac6415999f727d0d9de187de5f0189eff7ff80d7d432768547c887a5,148211,200,image/jpeg,1,,1,1
LTMD_U1_W3_SPANISH_2018_2019_ROUTE_IDENTITY_0.1,H2018P6ESA,H2019P6ESA,6,Español,27,186,https://historico.conaliteg.gob.mx/c/H2019P6ESA/027.jpg,ad1e5111ce0ab9dd6ae274d7c805d7a152b55288d168048e3edbda4db42122e1,135929,ad1e5111ce0ab9dd6ae274d7c805d7a152b55288d168048e3edbda4db42122e1,135929,200,image/jpeg,1,,1,1
LTMD_U1_W3_SPANISH_2018_2019_ROUTE_IDENTITY_0.1,H2018P6ESA,H2019P6ESA,6,Español,28,186,https://historico.conaliteg.gob.mx/c/H2019P6ESA/028.jpg,a4f61572557cb2a12fee617a155289873a620444f1c56c01422a6914b0761808,130165,a4f61572557cb2a12fee617a155289873a620444f1c56c01422a6914b0761808,130165,200,image/jpeg,1,,1,1
LTMD_U1_W3_SPANISH_2018_2019_ROUTE_IDENTITY_0.1,H2018P6ESA,H2019P6ESA,6,Español,29,186,https://historico.conaliteg.gob.mx/c/H2019P6ESA/029.jpg,51fa766d03efb1e2813795f76b6ef137425d8d8c0ccba5d8b45d8c7c88975f1f,125514,51fa766d03efb1e2813795f76b6ef137425d8d8c0ccba5d8b45d8c7c88975f1f,125514,200,image/jpeg,1,,1,1
LTMD_U1_W3_SPANISH_2018_2019_ROUTE_IDENTITY_0.1,H2018P6ESA,H2019P6ESA,6,Español,30,186,https://historico.conaliteg.gob.mx/c/H2019P6ESA/030.jpg,038db7613e844fc9b8c12bb3ab890d84540ae2826815a2353701263abd587e90,118191,038db7613e844fc9b8c12bb3ab890d84540ae2826815a2353701263abd587e90,118191,200,image/jpeg,1,,1,1
LTMD_U1_W3_SPANISH_2018_2019_ROUTE_IDENTITY_0.1,H2018P6ESA,H2019P6ESA,6,Español,31,186,https://historico.conaliteg.gob.mx/c/H2019P6ESA/031.jpg,06b4b71cef440fd4af9414ddebadd580a31ac90c14eadc315b695d6a7af32304,96145,06b4b71cef440fd4af9414ddebadd580a31ac90c14eadc315b695d6a7af32304,96145,200,image/jpeg,1,,1,1
LTMD_U1_W3_SPANISH_2018_2019_ROUTE_IDENTITY_0.1,H2018P6ESA,H2019P6ESA,6,Español,32,186,https://historico.conaliteg.gob.mx/c/H2019P6ESA/032.jpg,475e561d1d3cb8b6a04512a9f543e5314f6d34e8aaf1a9be4a6129ae3c930c40,129175,475e561d1d3cb8b6a04512a9f543e5314f6d34e8aaf1a9be4a6129ae3c930c40,129175,200,image/jpeg,1,,1,1
LTMD_U1_W3_SPANISH_2018_2019_ROUTE_IDENTITY_0.1,H2018P6ESA,H2019P6ESA,6,Español,33,186,https://historico.conaliteg.gob.mx/c/H2019P6ESA/033.jpg,2d9f5d0635ae34c63b388dcfdf516f1d08be651cc712a362c33fa8e34534cefc,132978,2d9f5d0635ae34c63b388dcfdf516f1d08be651cc712a362c33fa8e34534cefc,132978,200,image/jpeg,1,,1,1
LTMD_U1_W3_SPANISH_2018_2019_ROUTE_IDENTITY_0.1,H2018P6ESA,H2019P6ESA,6,Español,34,186,https://historico.conaliteg.gob.mx/c/H2019P6ESA/034.jpg,63f2eff20f37405b8cd173b481ff02816e0160eff57af6e7339f90d70d213afe,107436,63f2eff20f37405b8cd173b481ff02816e0160eff57af6e7339f90d70d213afe,107436,200,image/jpeg,1,,1,1
LTMD_U1_W3_SPANISH_2018_2019_ROUTE_IDENTITY_0.1,H2018P6ESA,H2019P6ESA,6,Español,35,186,https://historico.conaliteg.gob.mx/c/H2019P6ESA/035.jpg,07550a74e5687b888296593b751138177b4e589028add6f35dec339ea6d42be3,141944,07550a74e5687b888296593b751138177b4e589028add6f35dec339ea6d42be3,141944,200,image/jpeg,1,,1,1
LTMD_U1_W3_SPANISH_2018_2019_ROUTE_IDENTITY_0.1,H2018P6ESA,H2019P6ESA,6,Español,36,186,https://historico.conaliteg.gob.mx/c/H2019P6ESA/036.jpg,bf6f3cdb343cafc7a8b815e42234ca468c5f105670f06408e970bf06d1aafd5f,99444,bf6f3cdb343cafc7a8b815e42234ca468c5f105670f06408e970bf06d1aafd5f,99444,200,image/jpeg,1,,1,1
LTMD_U1_W3_SPANISH_2018_2019_ROUTE_IDENTITY_0.1,H2018P6ESA,H2019P6ESA,6,Español,37,186,https://historico.conaliteg.gob.mx/c/H2019P6ESA/037.jpg,dc419ef72170e51acefdef81695ad2190ff8b8a9451bd4da9bba670100b7f8f9,92556,dc419ef72170e51acefdef81695ad2190ff8b8a9451bd4da9bba670100b7f8f9,92556,200,image/jpeg,1,,1,1
LTMD_U1_W3_SPANISH_2018_2019_ROUTE_IDENTITY_0.1,H2018P6ESA,H2019P6ESA,6,Español,38,186,https://historico.conaliteg.gob.mx/c/H2019P6ESA/038.jpg,0fea9bd2e5ef4c6393baa8c6afb286135d9585ae11cdcd3d684462ed4d26c05e,113691,0fea9bd2e5ef4c6393baa8c6afb286135d9585ae11cdcd3d684462ed4d26c05e,113691,200,image/jpeg,1,,1,1
LTMD_U1_W3_SPANISH_2018_2019_ROUTE_IDENTITY_0.1,H2018P6ESA,H2019P6ESA,6,Español,39,186,https://historico.conaliteg.gob.mx/c/H2019P6ESA/039.jpg,de1f55acf37f61242a08b544a787094678dc3aed8edeb32a1d33993d7b6f0c12,130982,de1f55acf37f61242a08b544a787094678dc3aed8edeb32a1d33993d7b6f0c12,130982,200,image/jpeg,1,,1,1
LTMD_U1_W3_SPANISH_2018_2019_ROUTE_IDENTITY_0.1,H2018P6ESA,H2019P6ESA,6,Español,40,186,https://historico.conaliteg.gob.mx/c/H2019P6ESA/040.jpg,6df87c22090b3ee299cab58308d4e65d354592465cad8fb216eea5f4128226af,121524,6df87c22090b3ee299cab58308d4e65d354592465cad8fb216eea5f4128226af,121524,200,image/jpeg,1,,1,1
LTMD_U1_W3_SPANISH_2018_2019_ROUTE_IDENTITY_0.1,H2018P6ESA,H2019P6ESA,6,Español,41,186,https://historico.conaliteg.gob.mx/c/H2019P6ESA/041.jpg,72ad819f31dfef8899a9d58ad49f6ec7ca8fe7c9bd8faa7e2ed6180f452c3fc7,151011,72ad819f31dfef8899a9d58ad49f6ec7ca8fe7c9bd8faa7e2ed6180f452c3fc7,151011,200,image/jpeg,1,,1,1
LTMD_U1_W3_SPANISH_2018_2019_ROUTE_IDENTITY_0.1,H2018P6ESA,H2019P6ESA,6,Español,42,186,https://historico.conaliteg.gob.mx/c/H2019P6ESA/042.jpg,a3b0e34e6d787d45690b49756eaa8598e0a428496327aeb7bc79f465cb97300a,67053,a3b0e34e6d787d45690b49756eaa8598e0a428496327aeb7bc79f465cb97300a,67053,200,image/jpeg,1,,1,1
LTMD_U1_W3_SPANISH_2018_2019_ROUTE_IDENTITY_0.1,H2018P6ESA,H2019P6ESA,6,Español,43,186,https://historico.conaliteg.gob.mx/c/H2019P6ESA/043.jpg,81e1472ec17dbf5614dcea1d7d97541d799ced92ce6783ce728a0ad4d11f914e,120617,81e1472ec17dbf5614dcea1d7d97541d799ced92ce6783ce728a0ad4d11f914e,120617,200,image/jpeg,1,,1,1
LTMD_U1_W3_SPANISH_2018_2019_ROUTE_IDENTITY_0.1,H2018P6ESA,H2019P6ESA,6,Español,44,186,https://historico.conaliteg.gob.mx/c/H2019P6ESA/044.jpg,023ee5ceab574bf39f98575255ca86f0c615c5f3a018461486f5aa7401662893,201652,023ee5ceab574bf39f98575255ca86f0c615c5f3a018461486f5aa7401662893,201652,200,image/jpeg,1,,1,1
LTMD_U1_W3_SPANISH_2018_2019_ROUTE_IDENTITY_0.1,H2018P6ESA,H2019P6ESA,6,Español,45,186,https://historico.conaliteg.gob.mx/c/H2019P6ESA/045.jpg,733a0db0d5b6ee88767ca4421f8a5ff138abcb4944d05c256ccc9ac3c09fc219,222895,733a0db0d5b6ee88767ca4421f8a5ff138abcb4944d05c256ccc9ac3c09fc219,222895,200,image/jpeg,1,,1,1
LTMD_U1_W3_SPANISH_2018_2019_ROUTE_IDENTITY_0.1,H2018P6ESA,H2019P6ESA,6,Español,46,186,https://historico.conaliteg.gob.mx/c/H2019P6ESA/046.jpg,aec373d30aadd777907b74ade7fcf85ab1cc0c1a2c0e7f59d6cab500c10b32cc,63767,aec373d30aadd777907b74ade7fcf85ab1cc0c1a2c0e7f59d6cab500c10b32cc,63767,200,image/jpeg,1,,1,1
LTMD_U1_W3_SPANISH_2018_2019_ROUTE_IDENTITY_0.1,H2018P6ESA,H2019P6ESA,6,Español,47,186,https://historico.conaliteg.gob.mx/c/H2019P6ESA/047.jpg,781de3348c609a207fab76057a8b09aff33cfef32edda71685cf071d7f44dc10,126816,781de3348c609a207fab76057a8b09aff33cfef32edda71685cf071d7f44dc10,126816,200,image/jpeg,1,,1,1
LTMD_U1_W3_SPANISH_2018_2019_ROUTE_IDENTITY_0.1,H2018P6ESA,H2019P6ESA,6,Español,48,186,https://historico.conaliteg.gob.mx/c/H2019P6ESA/048.jpg,003812b3dd7b497580077563f286b16bf649f3c36e81e0b17455f9653a465664,85652,003812b3dd7b497580077563f286b16bf649f3c36e81e0b17455f9653a465664,85652,200,image/jpeg,1,,1,1
LTMD_U1_W3_SPANISH_2018_2019_ROUTE_IDENTITY_0.1,H2018P6ESA,H2019P6ESA,6,Español,49,186,https://historico.conaliteg.gob.mx/c/H2019P6ESA/049.jpg,3d8ca1d7770e2d3c55dc028c0688f4c6816bc919e2b9e85f302122e2da5be661,102947,3d8ca1d7770e2d3c55dc028c0688f4c6816bc919e2b9e85f302122e2da5be661,102947,200,image/jpeg,1,,1,1
LTMD_U1_W3_SPANISH_2018_2019_ROUTE_IDENTITY_0.1,H2018P6ESA,H2019P6ESA,6,Español,50,186,https://historico.conaliteg.gob.mx/c/H2019P6ESA/050.jpg,cc62181372fb9d5f4b9344c82d74872675d5ad4fc68ed6a54cf9f47033834b61,111549,cc62181372fb9d5f4b9344c82d74872675d5ad4fc68ed6a54cf9f47033834b61,111549,200,image/jpeg,1,,1,1
LTMD_U1_W3_SPANISH_2018_2019_ROUTE_IDENTITY_0.1,H2018P6ESA,H2019P6ESA,6,Español,51,186,https://historico.conaliteg.gob.mx/c/H2019P6ESA/051.jpg,113588ca159e8340b34081962fb5d82025eb209182e371f5cd135a2c8a58efcb,125974,113588ca159e8340b34081962fb5d82025eb209182e371f5cd135a2c8a58efcb,125974,200,image/jpeg,1,,1,1
LTMD_U1_W3_SPANISH_2018_2019_ROUTE_IDENTITY_0.1,H2018P6ESA,H2019P6ESA,6,Español,52,186,https://historico.conaliteg.gob.mx/c/H2019P6ESA/052.jpg,2e2bc681d533e6319ef3c729a090738f0dc12f2b35a6e8996f9f7cb5b750e201,103023,2e2bc681d533e6319ef3c729a090738f0dc12f2b35a6e8996f9f7cb5b750e201,103023,200,image/jpeg,1,,1,1
LTMD_U1_W3_SPANISH_2018_2019_ROUTE_IDENTITY_0.1,H2018P6ESA,H2019P6ESA,6,Español,53,186,https://historico.conaliteg.gob.mx/c/H2019P6ESA/053.jpg,972cb2241eb278a9305790735552dbc66fc3e1f47f8c8beace9be7eaf0e3927a,122025,972cb2241eb278a9305790735552dbc66fc3e1f47f8c8beace9be7eaf0e3927a,122025,200,image/jpeg,1,,1,1
LTMD_U1_W3_SPANISH_2018_2019_ROUTE_IDENTITY_0.1,H2018P6ESA,H2019P6ESA,6,Español,54,186,https://historico.conaliteg.gob.mx/c/H2019P6ESA/054.jpg,a27380e2845c5dd70c011260199c5aef32e57eec45fe836fbe083987a208bedc,135599,a27380e2845c5dd70c011260199c5aef32e57eec45fe836fbe083987a208bedc,135599,200,image/jpeg,1,,1,1
LTMD_U1_W3_SPANISH_2018_2019_ROUTE_IDENTITY_0.1,H2018P6ESA,H2019P6ESA,6,Español,55,186,https://historico.conaliteg.gob.mx/c/H2019P6ESA/055.jpg,dcca20534f5bbfd150cc53113fcb0d094143d4ce9413dc9d0472eb4ef9e904e8,121096,dcca20534f5bbfd150cc53113fcb0d094143d4ce9413dc9d0472eb4ef9e904e8,121096,200,image/jpeg,1,,1,1
LTMD_U1_W3_SPANISH_2018_2019_ROUTE_IDENTITY_0.1,H2018P6ESA,H2019P6ESA,6,Español,56,186,https://historico.conaliteg.gob.mx/c/H2019P6ESA/056.jpg,91c91404fe4c4d5d27350cea031ba855fc62beba5d2a55a4b088e2494d01249d,83799,91c91404fe4c4d5d27350cea031ba855fc62beba5d2a55a4b088e2494d01249d,83799,200,image/jpeg,1,,1,1
LTMD_U1_W3_SPANISH_2018_2019_ROUTE_IDENTITY_0.1,H2018P6ESA,H2019P6ESA,6,Español,57,186,https://historico.conaliteg.gob.mx/c/H2019P6ESA/057.jpg,ff316170288a5e3cba0ca441cc89de1e50686d59603c121003c10de78e93ab17,89793,ff316170288a5e3cba0ca441cc89de1e50686d59603c121003c10de78e93ab17,89793,200,image/jpeg,1,,1,1
LTMD_U1_W3_SPANISH_2018_2019_ROUTE_IDENTITY_0.1,H2018P6ESA,H2019P6ESA,6,Español,58,186,https://historico.conaliteg.gob.mx/c/H2019P6ESA/058.jpg,70edd0b98a342bfd71e5dd8013595363af6ccfcb107c0b0b1d592dccff2377ed,72481,70edd0b98a342bfd71e5dd8013595363af6ccfcb107c0b0b1d592dccff2377ed,72481,200,image/jpeg,1,,1,1
LTMD_U1_W3_SPANISH_2018_2019_ROUTE_IDENTITY_0.1,H2018P6ESA,H2019P6ESA,6,Español,59,186,https://historico.conaliteg.gob.mx/c/H2019P6ESA/059.jpg,01a28fac1558b7d7d2a788ce2a2942cb63ddc1b186c039562641f6ef9662ae26,183165,01a28fac1558b7d7d2a788ce2a2942cb63ddc1b186c039562641f6ef9662ae26,183165,200,image/jpeg,1,,1,1
LTMD_U1_W3_SPANISH_2018_2019_ROUTE_IDENTITY_0.1,H2018P6ESA,H2019P6ESA,6,Español,60,186,https://historico.conaliteg.gob.mx/c/H2019P6ESA/060.jpg,8a85ab41a5e28aa68a61743a65d9205832fc2cb1f90506417d0f626d8ceb76dc,276827,8a85ab41a5e28aa68a61743a65d9205832fc2cb1f90506417d0f626d8ceb76dc,276827,200,image/jpeg,1,,1,1
LTMD_U1_W3_SPANISH_2018_2019_ROUTE_IDENTITY_0.1,H2018P6ESA,H2019P6ESA,6,Español,61,186,https://historico.conaliteg.gob.mx/c/H2019P6ESA/061.jpg,84e83433fa78785d11802f42e98ee5647809f43c51f29eb14da5a2e8036ceee3,183189,84e83433fa78785d11802f42e98ee5647809f43c51f29eb14da5a2e8036ceee3,183189,200,image/jpeg,1,,1,1
LTMD_U1_W3_SPANISH_2018_2019_ROUTE_IDENTITY_0.1,H2018P6ESA,H2019P6ESA,6,Español,62,186,https://historico.conaliteg.gob.mx/c/H2019P6ESA/062.jpg,c27dadef5288a9b060c5bac322c34355367d68980023e5f8e39071555cb9cd0d,85504,c27dadef5288a9b060c5bac322c34355367d68980023e5f8e39071555cb9cd0d,85504,200,image/jpeg,1,,1,1
LTMD_U1_W3_SPANISH_2018_2019_ROUTE_IDENTITY_0.1,H2018P6ESA,H2019P6ESA,6,Español,63,186,https://historico.conaliteg.gob.mx/c/H2019P6ESA/063.jpg,ac4ab15b2890ed27c887f07ee824c35938fd4aa79351f364ffbff635a874c1fe,49992,ac4ab15b2890ed27c887f07ee824c35938fd4aa79351f364ffbff635a874c1fe,49992,200,image/jpeg,1,,1,1
LTMD_U1_W3_SPANISH_2018_2019_ROUTE_IDENTITY_0.1,H2018P6ESA,H2019P6ESA,6,Español,64,186,https://historico.conaliteg.gob.mx/c/H2019P6ESA/064.jpg,94bd5075e9c90e768e54422ce7de9a9a68a30638824b1699a9fe1b80179e4c53,174582,94bd5075e9c90e768e54422ce7de9a9a68a30638824b1699a9fe1b80179e4c53,174582,200,image/jpeg,1,,1,1
LTMD_U1_W3_SPANISH_2018_2019_ROUTE_IDENTITY_0.1,H2018P6ESA,H2019P6ESA,6,Español,65,186,https://historico.conaliteg.gob.mx/c/H2019P6ESA/065.jpg,74784eadc7116fd6d72c43bb4f29fe3e6edd43fde94adee30b22b4af1cd686a6,198193,74784eadc7116fd6d72c43bb4f29fe3e6edd43fde94adee30b22b4af1cd686a6,198193,200,image/jpeg,1,,1,1
LTMD_U1_W3_SPANISH_2018_2019_ROUTE_IDENTITY_0.1,H2018P6ESA,H2019P6ESA,6,Español,66,186,https://historico.conaliteg.gob.mx/c/H2019P6ESA/066.jpg,2891401c6f35264460c50b8c0a6399f4cbe5bc23d20ec2bba57c3e4d47b04029,76304,2891401c6f35264460c50b8c0a6399f4cbe5bc23d20ec2bba57c3e4d47b04029,76304,200,image/jpeg,1,,1,1
LTMD_U1_W3_SPANISH_2018_2019_ROUTE_IDENTITY_0.1,H2018P6ESA,H2019P6ESA,6,Español,67,186,https://historico.conaliteg.gob.mx/c/H2019P6ESA/067.jpg,6637ee8e1e7b8cd3d9c130f316e371fba3ed66aaa553cedea640e3dba32ba6e3,125227,6637ee8e1e7b8cd3d9c130f316e371fba3ed66aaa553cedea640e3dba32ba6e3,125227,200,image/jpeg,1,,1,1
LTMD_U1_W3_SPANISH_2018_2019_ROUTE_IDENTITY_0.1,H2018P6ESA,H2019P6ESA,6,Español,68,186,https://historico.conaliteg.gob.mx/c/H2019P6ESA/068.jpg,45b70dc9283d23fb40a180e8c05b6b60ee500ccc8bed22b8a1b20f9723fe68f1,79819,45b70dc9283d23fb40a180e8c05b6b60ee500ccc8bed22b8a1b20f9723fe68f1,79819,200,image/jpeg,1,,1,1
LTMD_U1_W3_SPANISH_2018_2019_ROUTE_IDENTITY_0.1,H2018P6ESA,H2019P6ESA,6,Español,69,186,https://historico.conaliteg.gob.mx/c/H2019P6ESA/069.jpg,4bc2de68002519ae436b01087b2b48e88d27997f063b3480544a3efede9d468c,129799,4bc2de68002519ae436b01087b2b48e88d27997f063b3480544a3efede9d468c,129799,200,image/jpeg,1,,1,1
LTMD_U1_W3_SPANISH_2018_2019_ROUTE_IDENTITY_0.1,H2018P6ESA,H2019P6ESA,6,Español,70,186,https://historico.conaliteg.gob.mx/c/H2019P6ESA/070.jpg,3ddcf1cbc88b7bc35d882941e4931a624eac4224944af54367489e06470a257f,111077,3ddcf1cbc88b7bc35d882941e4931a624eac4224944af54367489e06470a257f,111077,200,image/jpeg,1,,1,1
LTMD_U1_W3_SPANISH_2018_2019_ROUTE_IDENTITY_0.1,H2018P6ESA,H2019P6ESA,6,Español,71,186,https://historico.conaliteg.gob.mx/c/H2019P6ESA/071.jpg,43e1936363d1c9b2ef8f50c8bee0bb5306483c6e51409a8c393685b0e81f130e,100767,43e1936363d1c9b2ef8f50c8bee0bb5306483c6e51409a8c393685b0e81f130e,100767,200,image/jpeg,1,,1,1
LTMD_U1_W3_SPANISH_2018_2019_ROUTE_IDENTITY_0.1,H2018P6ESA,H2019P6ESA,6,Español,72,186,https://historico.conaliteg.gob.mx/c/H2019P6ESA/072.jpg,a26573221b13921892a754ca77b5ac730dd1ee60e9300f316c7153c22c2e4bbc,107649,a26573221b13921892a754ca77b5ac730dd1ee60e9300f316c7153c22c2e4bbc,107649,200,image/jpeg,1,,1,1
LTMD_U1_W3_SPANISH_2018_2019_ROUTE_IDENTITY_0.1,H2018P6ESA,H2019P6ESA,6,Español,73,186,https://historico.conaliteg.gob.mx/c/H2019P6ESA/073.jpg,91e4f9567653e82080900068262688ddff8d7f665416554689f2f64b91db37ce,91328,91e4f9567653e82080900068262688ddff8d7f665416554689f2f64b91db37ce,91328,200,image/jpeg,1,,1,1
LTMD_U1_W3_SPANISH_2018_2019_ROUTE_IDENTITY_0.1,H2018P6ESA,H2019P6ESA,6,Español,74,186,https://historico.conaliteg.gob.mx/c/H2019P6ESA/074.jpg,21c6d9a07d5fef1c1c66f28dbb3803adf0c737013572dd069145fdfcc159077b,98989,21c6d9a07d5fef1c1c66f28dbb3803adf0c737013572dd069145fdfcc159077b,98989,200,image/jpeg,1,,1,1
LTMD_U1_W3_SPANISH_2018_2019_ROUTE_IDENTITY_0.1,H2018P6ESA,H2019P6ESA,6,Español,75,186,https://historico.conaliteg.gob.mx/c/H2019P6ESA/075.jpg,f246b4bbb7402239b7da85617d20561a56277368829793150f80811c361179d4,137479,f246b4bbb7402239b7da85617d20561a56277368829793150f80811c361179d4,137479,200,image/jpeg,1,,1,1
LTMD_U1_W3_SPANISH_2018_2019_ROUTE_IDENTITY_0.1,H2018P6ESA,H2019P6ESA,6,Español,76,186,https://historico.conaliteg.gob.mx/c/H2019P6ESA/076.jpg,ff3f338ccb55795ece5b14ae57b4bb88027068d4c381cf36b3acb69d14ee6695,145396,ff3f338ccb55795ece5b14ae57b4bb88027068d4c381cf36b3acb69d14ee6695,145396,200,image/jpeg,1,,1,1
LTMD_U1_W3_SPANISH_2018_2019_ROUTE_IDENTITY_0.1,H2018P6ESA,H2019P6ESA,6,Español,77,186,https://historico.conaliteg.gob.mx/c/H2019P6ESA/077.jpg,e140140036d33d63b703f742608f099cbbe439a040d6ad2705220323930005cd,107088,e140140036d33d63b703f742608f099cbbe439a040d6ad2705220323930005cd,107088,200,image/jpeg,1,,1,1
LTMD_U1_W3_SPANISH_2018_2019_ROUTE_IDENTITY_0.1,H2018P6ESA,H2019P6ESA,6,Español,78,186,https://historico.conaliteg.gob.mx/c/H2019P6ESA/078.jpg,04c50804a0f49455f7e5c027a1c5cb1646bc71c059c14e055035414cd2301df1,118768,04c50804a0f49455f7e5c027a1c5cb1646bc71c059c14e055035414cd2301df1,118768,200,image/jpeg,1,,1,1
LTMD_U1_W3_SPANISH_2018_2019_ROUTE_IDENTITY_0.1,H2018P6ESA,H2019P6ESA,6,Español,79,186,https://historico.conaliteg.gob.mx/c/H2019P6ESA/079.jpg,e7debe66772bac00379260ba91849ea77c30f0fe4f2d3fcb9ae7c7f1e3845262,107051,e7debe66772bac00379260ba91849ea77c30f0fe4f2d3fcb9ae7c7f1e3845262,107051,200,image/jpeg,1,,1,1
LTMD_U1_W3_SPANISH_2018_2019_ROUTE_IDENTITY_0.1,H2018P6ESA,H2019P6ESA,6,Español,80,186,https://historico.conaliteg.gob.mx/c/H2019P6ESA/080.jpg,5de74a8cdaeb5214a718b8c8eb6141fda3eae73d01131d3718d1e3429d4b581a,91729,5de74a8cdaeb5214a718b8c8eb6141fda3eae73d01131d3718d1e3429d4b581a,91729,200,image/jpeg,1,,1,1
LTMD_U1_W3_SPANISH_2018_2019_ROUTE_IDENTITY_0.1,H2018P6ESA,H2019P6ESA,6,Español,81,186,https://historico.conaliteg.gob.mx/c/H2019P6ESA/081.jpg,6f0cfe8ebe92431a8e643a4b34c43e1e093842a200f7e21cd79c6436bc407231,106750,6f0cfe8ebe92431a8e643a4b34c43e1e093842a200f7e21cd79c6436bc407231,106750,200,image/jpeg,1,,1,1
LTMD_U1_W3_SPANISH_2018_2019_ROUTE_IDENTITY_0.1,H2018P6ESA,H2019P6ESA,6,Español,82,186,https://historico.conaliteg.gob.mx/c/H2019P6ESA/082.jpg,2b146f21977878a7d1612bd2b707f52d97ebac010bea23cee3a8b39f8036c547,92132,2b146f21977878a7d1612bd2b707f52d97ebac010bea23cee3a8b39f8036c547,92132,200,image/jpeg,1,,1,1
LTMD_U1_W3_SPANISH_2018_2019_ROUTE_IDENTITY_0.1,H2018P6ESA,H2019P6ESA,6,Español,83,186,https://historico.conaliteg.gob.mx/c/H2019P6ESA/083.jpg,ac3f0706ed189b5bbf6580bdafbea0085ea836622d9fd09720004cf67e1c2671,107066,ac3f0706ed189b5bbf6580bdafbea0085ea836622d9fd09720004cf67e1c2671,107066,200,image/jpeg,1,,1,1
LTMD_U1_W3_SPANISH_2018_2019_ROUTE_IDENTITY_0.1,H2018P6ESA,H2019P6ESA,6,Español,84,186,https://historico.conaliteg.gob.mx/c/H2019P6ESA/084.jpg,cd9ea9eb75196e6c03323a04f82745417dcdc7097e7b650ffd6d077228161fba,140367,cd9ea9eb75196e6c03323a04f82745417dcdc7097e7b650ffd6d077228161fba,140367,200,image/jpeg,1,,1,1
LTMD_U1_W3_SPANISH_2018_2019_ROUTE_IDENTITY_0.1,H2018P6ESA,H2019P6ESA,6,Español,85,186,https://historico.conaliteg.gob.mx/c/H2019P6ESA/085.jpg,12f4854b48cfb28ddf841e41868647dc035f1213811de5d7b2837697a180be81,168155,12f4854b48cfb28ddf841e41868647dc035f1213811de5d7b2837697a180be81,168155,200,image/jpeg,1,,1,1
LTMD_U1_W3_SPANISH_2018_2019_ROUTE_IDENTITY_0.1,H2018P6ESA,H2019P6ESA,6,Español,86,186,https://historico.conaliteg.gob.mx/c/H2019P6ESA/086.jpg,a8d4369f4e7ba73941ae7db12b23d89567d21230a1dd331291af0ededd48442f,108897,a8d4369f4e7ba73941ae7db12b23d89567d21230a1dd331291af0ededd48442f,108897,200,image/jpeg,1,,1,1
LTMD_U1_W3_SPANISH_2018_2019_ROUTE_IDENTITY_0.1,H2018P6ESA,H2019P6ESA,6,Español,87,186,https://historico.conaliteg.gob.mx/c/H2019P6ESA/087.jpg,0124322981c2155e6a34e0ad5797aeae8a657c0be8b9b05db570a3d104123bd2,74437,0124322981c2155e6a34e0ad5797aeae8a657c0be8b9b05db570a3d104123bd2,74437,200,image/jpeg,1,,1,1
LTMD_U1_W3_SPANISH_2018_2019_ROUTE_IDENTITY_0.1,H2018P6ESA,H2019P6ESA,6,Español,88,186,https://historico.conaliteg.gob.mx/c/H2019P6ESA/088.jpg,b02d09e560fccbb7d49fa529fa9c5985d8f1b24818772a4b6a0ff083b9386416,171181,b02d09e560fccbb7d49fa529fa9c5985d8f1b24818772a4b6a0ff083b9386416,171181,200,image/jpeg,1,,1,1
LTMD_U1_W3_SPANISH_2018_2019_ROUTE_IDENTITY_0.1,H2018P6ESA,H2019P6ESA,6,Español,89,186,https://historico.conaliteg.gob.mx/c/H2019P6ESA/089.jpg,53c1faaf41ad91b8d727d4ee94bb4a377fa251f93730040d711b2e1a5e3d8158,152401,53c1faaf41ad91b8d727d4ee94bb4a377fa251f93730040d711b2e1a5e3d8158,152401,200,image/jpeg,1,,1,1
LTMD_U1_W3_SPANISH_2018_2019_ROUTE_IDENTITY_0.1,H2018P6ESA,H2019P6ESA,6,Español,90,186,https://historico.conaliteg.gob.mx/c/H2019P6ESA/090.jpg,7fa1afc01ff9b8f0b6876bf5b865e4f73b8db0964e351d932b5f35ecaac4ee44,161236,7fa1afc01ff9b8f0b6876bf5b865e4f73b8db0964e351d932b5f35ecaac4ee44,161236,200,image/jpeg,1,,1,1
LTMD_U1_W3_SPANISH_2018_2019_ROUTE_IDENTITY_0.1,H2018P6ESA,H2019P6ESA,6,Español,91,186,https://historico.conaliteg.gob.mx/c/H2019P6ESA/091.jpg,7d134cc50be331990cf8aa38d1bc81d072f02f7e8197ed5fc022df6f2ebd9378,82125,7d134cc50be331990cf8aa38d1bc81d072f02f7e8197ed5fc022df6f2ebd9378,82125,200,image/jpeg,1,,1,1
LTMD_U1_W3_SPANISH_2018_2019_ROUTE_IDENTITY_0.1,H2018P6ESA,H2019P6ESA,6,Español,92,186,https://historico.conaliteg.gob.mx/c/H2019P6ESA/092.jpg,4ff00caa731aa467e96153dcf78e028481301fe13baabb2eb58f081602525032,117196,4ff00caa731aa467e96153dcf78e028481301fe13baabb2eb58f081602525032,117196,200,image/jpeg,1,,1,1
LTMD_U1_W3_SPANISH_2018_2019_ROUTE_IDENTITY_0.1,H2018P6ESA,H2019P6ESA,6,Español,93,186,https://historico.conaliteg.gob.mx/c/H2019P6ESA/093.jpg,d49d897bebd98835ebf6edfd7c8ddddc85c63193ecefb911e3dcffb7062a7dbf,137819,d49d897bebd98835ebf6edfd7c8ddddc85c63193ecefb911e3dcffb7062a7dbf,137819,200,image/jpeg,1,,1,1
LTMD_U1_W3_SPANISH_2018_2019_ROUTE_IDENTITY_0.1,H2018P6ESA,H2019P6ESA,6,Español,94,186,https://historico.conaliteg.gob.mx/c/H2019P6ESA/094.jpg,abb6b9f9b6d0eb45b83bd701df6b91bd417162e8283fa6ddeaf5370b86cd59cc,133364,abb6b9f9b6d0eb45b83bd701df6b91bd417162e8283fa6ddeaf5370b86cd59cc,133364,200,image/jpeg,1,,1,1
LTMD_U1_W3_SPANISH_2018_2019_ROUTE_IDENTITY_0.1,H2018P6ESA,H2019P6ESA,6,Español,95,186,https://historico.conaliteg.gob.mx/c/H2019P6ESA/095.jpg,b6c6eb842ef338e7077c01e0404e3542b2d98a19499ea4750913fc22ea33276c,90708,b6c6eb842ef338e7077c01e0404e3542b2d98a19499ea4750913fc22ea33276c,90708,200,image/jpeg,1,,1,1
LTMD_U1_W3_SPANISH_2018_2019_ROUTE_IDENTITY_0.1,H2018P6ESA,H2019P6ESA,6,Español,96,186,https://historico.conaliteg.gob.mx/c/H2019P6ESA/096.jpg,eb7459f8061f69cd7871ec5526f0980b2c03cd9864c1a05d67e4dad2f0911d56,100973,eb7459f8061f69cd7871ec5526f0980b2c03cd9864c1a05d67e4dad2f0911d56,100973,200,image/jpeg,1,,1,1
LTMD_U1_W3_SPANISH_2018_2019_ROUTE_IDENTITY_0.1,H2018P6ESA,H2019P6ESA,6,Español,97,186,https://historico.conaliteg.gob.mx/c/H2019P6ESA/097.jpg,ef1888c5ef41d9dba909bc7d3a9e5e0af94d297b9a9f4535f73592ed33f834cc,129517,ef1888c5ef41d9dba909bc7d3a9e5e0af94d297b9a9f4535f73592ed33f834cc,129517,200,image/jpeg,1,,1,1
LTMD_U1_W3_SPANISH_2018_2019_ROUTE_IDENTITY_0.1,H2018P6ESA,H2019P6ESA,6,Español,98,186,https://historico.conaliteg.gob.mx/c/H2019P6ESA/098.jpg,47cd325964c34a6d4aa6270e84f531a0b5491865017319e158a01b017391bb81,153863,47cd325964c34a6d4aa6270e84f531a0b5491865017319e158a01b017391bb81,153863,200,image/jpeg,1,,1,1
LTMD_U1_W3_SPANISH_2018_2019_ROUTE_IDENTITY_0.1,H2018P6ESA,H2019P6ESA,6,Español,99,186,https://historico.conaliteg.gob.mx/c/H2019P6ESA/099.jpg,c0c1b1443c14da29498f2a3c16e351a5ada0f023d7cc5b5562e93eef208bc021,184850,c0c1b1443c14da29498f2a3c16e351a5ada0f023d7cc5b5562e93eef208bc021,184850,200,image/jpeg,1,,1,1
LTMD_U1_W3_SPANISH_2018_2019_ROUTE_IDENTITY_0.1,H2018P6ESA,H2019P6ESA,6,Español,100,186,https://historico.conaliteg.gob.mx/c/H2019P6ESA/100.jpg,21a932dda49d1b620d769e5f0a20c9ad9548856dec58691edb800a504a333492,107221,21a932dda49d1b620d769e5f0a20c9ad9548856dec58691edb800a504a333492,107221,200,image/jpeg,1,,1,1
LTMD_U1_W3_SPANISH_2018_2019_ROUTE_IDENTITY_0.1,H2018P6ESA,H2019P6ESA,6,Español,101,186,https://historico.conaliteg.gob.mx/c/H2019P6ESA/101.jpg,c66020375b2e1e41f0a6856f31459f45868bee71695e1886676929523080fd97,191169,c66020375b2e1e41f0a6856f31459f45868bee71695e1886676929523080fd97,191169,200,image/jpeg,1,,1,1
LTMD_U1_W3_SPANISH_2018_2019_ROUTE_IDENTITY_0.1,H2018P6ESA,H2019P6ESA,6,Español,102,186,https://historico.conaliteg.gob.mx/c/H2019P6ESA/102.jpg,1e00d59f3aeb87bef9fc679ac86dc7532a2fe44f7f9eaba3446843d481e6f503,77228,1e00d59f3aeb87bef9fc679ac86dc7532a2fe44f7f9eaba3446843d481e6f503,77228,200,image/jpeg,1,,1,1
LTMD_U1_W3_SPANISH_2018_2019_ROUTE_IDENTITY_0.1,H2018P6ESA,H2019P6ESA,6,Español,103,186,https://historico.conaliteg.gob.mx/c/H2019P6ESA/103.jpg,e282c49064e6c198dbf18be2f76db452975f293f9cefbe9fe174c879ea3112d9,149766,e282c49064e6c198dbf18be2f76db452975f293f9cefbe9fe174c879ea3112d9,149766,200,image/jpeg,1,,1,1
LTMD_U1_W3_SPANISH_2018_2019_ROUTE_IDENTITY_0.1,H2018P6ESA,H2019P6ESA,6,Español,104,186,https://historico.conaliteg.gob.mx/c/H2019P6ESA/104.jpg,917a94efe054d57b82cb2e557aa1d449949f32f8ba806994887ebec691c6e276,158201,917a94efe054d57b82cb2e557aa1d449949f32f8ba806994887ebec691c6e276,158201,200,image/jpeg,1,,1,1
LTMD_U1_W3_SPANISH_2018_2019_ROUTE_IDENTITY_0.1,H2018P6ESA,H2019P6ESA,6,Español,105,186,https://historico.conaliteg.gob.mx/c/H2019P6ESA/105.jpg,1f0d9c982000dc282977ff222578038d7faef11cd9b59c0bed47c2aad116572b,128747,1f0d9c982000dc282977ff222578038d7faef11cd9b59c0bed47c2aad116572b,128747,200,image/jpeg,1,,1,1
LTMD_U1_W3_SPANISH_2018_2019_ROUTE_IDENTITY_0.1,H2018P6ESA,H2019P6ESA,6,Español,106,186,https://historico.conaliteg.gob.mx/c/H2019P6ESA/106.jpg,1a0e8e9ddd730e066d18661990b6d219e50fc73d4a285f010e0a659d6b510ce0,162786,1a0e8e9ddd730e066d18661990b6d219e50fc73d4a285f010e0a659d6b510ce0,162786,200,image/jpeg,1,,1,1
LTMD_U1_W3_SPANISH_2018_2019_ROUTE_IDENTITY_0.1,H2018P6ESA,H2019P6ESA,6,Español,107,186,https://historico.conaliteg.gob.mx/c/H2019P6ESA/107.jpg,eb6de56eef2cc253275eb90fb75885d4efb17db45f76db438af9d1ef9296c392,154500,eb6de56eef2cc253275eb90fb75885d4efb17db45f76db438af9d1ef9296c392,154500,200,image/jpeg,1,,1,1
LTMD_U1_W3_SPANISH_2018_2019_ROUTE_IDENTITY_0.1,H2018P6ESA,H2019P6ESA,6,Español,108,186,https://historico.conaliteg.gob.mx/c/H2019P6ESA/108.jpg,49580388946ed48084e8ed258113152c9e6ee9cffa6d913163b2945f9677acc5,84499,49580388946ed48084e8ed258113152c9e6ee9cffa6d913163b2945f9677acc5,84499,200,image/jpeg,1,,1,1
LTMD_U1_W3_SPANISH_2018_2019_ROUTE_IDENTITY_0.1,H2018P6ESA,H2019P6ESA,6,Español,109,186,https://historico.conaliteg.gob.mx/c/H2019P6ESA/109.jpg,41f39b1bcf57be3bc2a4389bee68f16291edfc77084581dfdafca7ed9dd74af2,123894,41f39b1bcf57be3bc2a4389bee68f16291edfc77084581dfdafca7ed9dd74af2,123894,200,image/jpeg,1,,1,1
LTMD_U1_W3_SPANISH_2018_2019_ROUTE_IDENTITY_0.1,H2018P6ESA,H2019P6ESA,6,Español,110,186,https://historico.conaliteg.gob.mx/c/H2019P6ESA/110.jpg,b8547236c9edc5c5d5db4bfd14456462641d34c63dd863c5a92a541f47794b1e,131356,b8547236c9edc5c5d5db4bfd14456462641d34c63dd863c5a92a541f47794b1e,131356,200,image/jpeg,1,,1,1
LTMD_U1_W3_SPANISH_2018_2019_ROUTE_IDENTITY_0.1,H2018P6ESA,H2019P6ESA,6,Español,111,186,https://historico.conaliteg.gob.mx/c/H2019P6ESA/111.jpg,00d24bab65824aac14038f7ca3d1af652b3c4deeeb55206ea42f501002ea98ae,144283,00d24bab65824aac14038f7ca3d1af652b3c4deeeb55206ea42f501002ea98ae,144283,200,image/jpeg,1,,1,1
LTMD_U1_W3_SPANISH_2018_2019_ROUTE_IDENTITY_0.1,H2018P6ESA,H2019P6ESA,6,Español,112,186,https://historico.conaliteg.gob.mx/c/H2019P6ESA/112.jpg,7ae92711a08324a48371a188696e28f7bfd8821c73192c7af4935aff013c61a6,89101,7ae92711a08324a48371a188696e28f7bfd8821c73192c7af4935aff013c61a6,89101,200,image/jpeg,1,,1,1
LTMD_U1_W3_SPANISH_2018_2019_ROUTE_IDENTITY_0.1,H2018P6ESA,H2019P6ESA,6,Español,113,186,https://historico.conaliteg.gob.mx/c/H2019P6ESA/113.jpg,3c505d24ee6975a50581f71d3374282c2472cbb8173e6da643c3bfddfc9fa964,114487,3c505d24ee6975a50581f71d3374282c2472cbb8173e6da643c3bfddfc9fa964,114487,200,image/jpeg,1,,1,1
LTMD_U1_W3_SPANISH_2018_2019_ROUTE_IDENTITY_0.1,H2018P6ESA,H2019P6ESA,6,Español,114,186,https://historico.conaliteg.gob.mx/c/H2019P6ESA/114.jpg,3d7336d2c190c17dffdfc1574c58ab975461ed5af1e65c031ff301cb8b5f18e7,137463,3d7336d2c190c17dffdfc1574c58ab975461ed5af1e65c031ff301cb8b5f18e7,137463,200,image/jpeg,1,,1,1
LTMD_U1_W3_SPANISH_2018_2019_ROUTE_IDENTITY_0.1,H2018P6ESA,H2019P6ESA,6,Español,115,186,https://historico.conaliteg.gob.mx/c/H2019P6ESA/115.jpg,d6d1a057a20f90e7c1ce3f643df12ebe0a42de61193a35d79851038fe1a7862d,96125,d6d1a057a20f90e7c1ce3f643df12ebe0a42de61193a35d79851038fe1a7862d,96125,200,image/jpeg,1,,1,1
LTMD_U1_W3_SPANISH_2018_2019_ROUTE_IDENTITY_0.1,H2018P6ESA,H2019P6ESA,6,Español,116,186,https://historico.conaliteg.gob.mx/c/H2019P6ESA/116.jpg,03771e4f8d616cb5016b919ce116cca0114520ff7360b71d56789e6d79228d56,93308,03771e4f8d616cb5016b919ce116cca0114520ff7360b71d56789e6d79228d56,93308,200,image/jpeg,1,,1,1
LTMD_U1_W3_SPANISH_2018_2019_ROUTE_IDENTITY_0.1,H2018P6ESA,H2019P6ESA,6,Español,117,186,https://historico.conaliteg.gob.mx/c/H2019P6ESA/117.jpg,ead658dede2873b7201b42221d2cbcc09b0e3e86b0e7664fe06a8ef735a07765,160947,ead658dede2873b7201b42221d2cbcc09b0e3e86b0e7664fe06a8ef735a07765,160947,200,image/jpeg,1,,1,1
LTMD_U1_W3_SPANISH_2018_2019_ROUTE_IDENTITY_0.1,H2018P6ESA,H2019P6ESA,6,Español,118,186,https://historico.conaliteg.gob.mx/c/H2019P6ESA/118.jpg,f5f640f20cd51b37259b006ce06e1c808dbb6c3fd8eef7ddc629376c84ba07d6,142459,f5f640f20cd51b37259b006ce06e1c808dbb6c3fd8eef7ddc629376c84ba07d6,142459,200,image/jpeg,1,,1,1
LTMD_U1_W3_SPANISH_2018_2019_ROUTE_IDENTITY_0.1,H2018P6ESA,H2019P6ESA,6,Español,119,186,https://historico.conaliteg.gob.mx/c/H2019P6ESA/119.jpg,b438c30b92889da568811ed465393e96ec3c2df4759a2bd2cc149e2c43144a22,151423,b438c30b92889da568811ed465393e96ec3c2df4759a2bd2cc149e2c43144a22,151423,200,image/jpeg,1,,1,1
LTMD_U1_W3_SPANISH_2018_2019_ROUTE_IDENTITY_0.1,H2018P6ESA,H2019P6ESA,6,Español,120,186,https://historico.conaliteg.gob.mx/c/H2019P6ESA/120.jpg,6b7c65c8d11c7c32433d6d8aabc1e02b00212c6cef1f66fbd1f7dca51df81656,100969,6b7c65c8d11c7c32433d6d8aabc1e02b00212c6cef1f66fbd1f7dca51df81656,100969,200,image/jpeg,1,,1,1
LTMD_U1_W3_SPANISH_2018_2019_ROUTE_IDENTITY_0.1,H2018P6ESA,H2019P6ESA,6,Español,121,186,https://historico.conaliteg.gob.mx/c/H2019P6ESA/121.jpg,454db39d57336205f3aadd4265f806abe94c9554a9687ec6c172abfb96fa51e7,85555,454db39d57336205f3aadd4265f806abe94c9554a9687ec6c172abfb96fa51e7,85555,200,image/jpeg,1,,1,1
LTMD_U1_W3_SPANISH_2018_2019_ROUTE_IDENTITY_0.1,H2018P6ESA,H2019P6ESA,6,Español,122,186,https://historico.conaliteg.gob.mx/c/H2019P6ESA/122.jpg,3db9d33e65ad2a297dbf8261f3210cca51b2c04f13c420cc59873bf344e4f2fa,181961,3db9d33e65ad2a297dbf8261f3210cca51b2c04f13c420cc59873bf344e4f2fa,181961,200,image/jpeg,1,,1,1
LTMD_U1_W3_SPANISH_2018_2019_ROUTE_IDENTITY_0.1,H2018P6ESA,H2019P6ESA,6,Español,123,186,https://historico.conaliteg.gob.mx/c/H2019P6ESA/123.jpg,4534375e659c5167197b296141c3a6b1ee943c93c68b27836bdc0c14b306d8a9,161732,4534375e659c5167197b296141c3a6b1ee943c93c68b27836bdc0c14b306d8a9,161732,200,image/jpeg,1,,1,1
LTMD_U1_W3_SPANISH_2018_2019_ROUTE_IDENTITY_0.1,H2018P6ESA,H2019P6ESA,6,Español,124,186,https://historico.conaliteg.gob.mx/c/H2019P6ESA/124.jpg,d4cb3aa2ce4fb93832c6b4009395813a17c1c1f134366d7569b8f06b0a3bb457,83525,d4cb3aa2ce4fb93832c6b4009395813a17c1c1f134366d7569b8f06b0a3bb457,83525,200,image/jpeg,1,,1,1
LTMD_U1_W3_SPANISH_2018_2019_ROUTE_IDENTITY_0.1,H2018P6ESA,H2019P6ESA,6,Español,125,186,https://historico.conaliteg.gob.mx/c/H2019P6ESA/125.jpg,9c49bfb50d85af740ee238dd7f651ef8ca7a2d0116ca031d5d31d568db5d1455,136356,9c49bfb50d85af740ee238dd7f651ef8ca7a2d0116ca031d5d31d568db5d1455,136356,200,image/jpeg,1,,1,1
LTMD_U1_W3_SPANISH_2018_2019_ROUTE_IDENTITY_0.1,H2018P6ESA,H2019P6ESA,6,Español,126,186,https://historico.conaliteg.gob.mx/c/H2019P6ESA/126.jpg,5ab717e01bc1ef268b249194c826cec197a8aed1361ffa6f1c8aec6b78db3893,152280,5ab717e01bc1ef268b249194c826cec197a8aed1361ffa6f1c8aec6b78db3893,152280,200,image/jpeg,1,,1,1
LTMD_U1_W3_SPANISH_2018_2019_ROUTE_IDENTITY_0.1,H2018P6ESA,H2019P6ESA,6,Español,127,186,https://historico.conaliteg.gob.mx/c/H2019P6ESA/127.jpg,a253b8157ad8cfd13127d1ad41bfc1b9c25ac09bc50480f42e6140336c860a46,96046,a253b8157ad8cfd13127d1ad41bfc1b9c25ac09bc50480f42e6140336c860a46,96046,200,image/jpeg,1,,1,1
LTMD_U1_W3_SPANISH_2018_2019_ROUTE_IDENTITY_0.1,H2018P6ESA,H2019P6ESA,6,Español,128,186,https://historico.conaliteg.gob.mx/c/H2019P6ESA/128.jpg,f86b4848142c3db599c28cfa34cef694ba1384c3455ac6a5fd94d2543426d159,140753,f86b4848142c3db599c28cfa34cef694ba1384c3455ac6a5fd94d2543426d159,140753,200,image/jpeg,1,,1,1
LTMD_U1_W3_SPANISH_2018_2019_ROUTE_IDENTITY_0.1,H2018P6ESA,H2019P6ESA,6,Español,129,186,https://historico.conaliteg.gob.mx/c/H2019P6ESA/129.jpg,81addc6ea372bf1b1c884755d7b7607e2e8436384a157759c6f18b2570dee095,155978,81addc6ea372bf1b1c884755d7b7607e2e8436384a157759c6f18b2570dee095,155978,200,image/jpeg,1,,1,1
LTMD_U1_W3_SPANISH_2018_2019_ROUTE_IDENTITY_0.1,H2018P6ESA,H2019P6ESA,6,Español,130,186,https://historico.conaliteg.gob.mx/c/H2019P6ESA/130.jpg,343ec772cd3366a97268705fcc54131845a13857eb30d90d28bd9fba3ec9b727,135270,343ec772cd3366a97268705fcc54131845a13857eb30d90d28bd9fba3ec9b727,135270,200,image/jpeg,1,,1,1
LTMD_U1_W3_SPANISH_2018_2019_ROUTE_IDENTITY_0.1,H2018P6ESA,H2019P6ESA,6,Español,131,186,https://historico.conaliteg.gob.mx/c/H2019P6ESA/131.jpg,31ab6154a1f82c4b0163e5d6dcef2da242d99b9dcbc95bec5527ca3672c70e65,140498,31ab6154a1f82c4b0163e5d6dcef2da242d99b9dcbc95bec5527ca3672c70e65,140498,200,image/jpeg,1,,1,1
LTMD_U1_W3_SPANISH_2018_2019_ROUTE_IDENTITY_0.1,H2018P6ESA,H2019P6ESA,6,Español,132,186,https://historico.conaliteg.gob.mx/c/H2019P6ESA/132.jpg,025a845fe1a3ec2d1be8284d8e4a338288d8766b417f876ad437379cbb2e054f,87268,025a845fe1a3ec2d1be8284d8e4a338288d8766b417f876ad437379cbb2e054f,87268,200,image/jpeg,1,,1,1
LTMD_U1_W3_SPANISH_2018_2019_ROUTE_IDENTITY_0.1,H2018P6ESA,H2019P6ESA,6,Español,133,186,https://historico.conaliteg.gob.mx/c/H2019P6ESA/133.jpg,c06ba627931fa17d261c56c1f2d7c8ba90aa910c4361eb96c844627457eadf9e,119991,c06ba627931fa17d261c56c1f2d7c8ba90aa910c4361eb96c844627457eadf9e,119991,200,image/jpeg,1,,1,1
LTMD_U1_W3_SPANISH_2018_2019_ROUTE_IDENTITY_0.1,H2018P6ESA,H2019P6ESA,6,Español,134,186,https://historico.conaliteg.gob.mx/c/H2019P6ESA/134.jpg,cea6e4c3bfa7f8bd29b82196010bebb86ba1091dd2db5e15387e810fabf2aa6b,94490,cea6e4c3bfa7f8bd29b82196010bebb86ba1091dd2db5e15387e810fabf2aa6b,94490,200,image/jpeg,1,,1,1
LTMD_U1_W3_SPANISH_2018_2019_ROUTE_IDENTITY_0.1,H2018P6ESA,H2019P6ESA,6,Español,135,186,https://historico.conaliteg.gob.mx/c/H2019P6ESA/135.jpg,d421668e9d5c052d20b84eaa429845b90a66b1b36e066ce7c20bf98ea293c89b,116108,d421668e9d5c052d20b84eaa429845b90a66b1b36e066ce7c20bf98ea293c89b,116108,200,image/jpeg,1,,1,1
LTMD_U1_W3_SPANISH_2018_2019_ROUTE_IDENTITY_0.1,H2018P6ESA,H2019P6ESA,6,Español,136,186,https://historico.conaliteg.gob.mx/c/H2019P6ESA/136.jpg,d1a2954ae9b0bf1eaf681c238b03890b57ada2c8c4091d1e94a55895e4f89211,90624,d1a2954ae9b0bf1eaf681c238b03890b57ada2c8c4091d1e94a55895e4f89211,90624,200,image/jpeg,1,,1,1
LTMD_U1_W3_SPANISH_2018_2019_ROUTE_IDENTITY_0.1,H2018P6ESA,H2019P6ESA,6,Español,137,186,https://historico.conaliteg.gob.mx/c/H2019P6ESA/137.jpg,7fbd17cc19fe979621b2860fb0d15200e50eb8089bf23087ffaaf6d6caa36e9b,111229,7fbd17cc19fe979621b2860fb0d15200e50eb8089bf23087ffaaf6d6caa36e9b,111229,200,image/jpeg,1,,1,1
LTMD_U1_W3_SPANISH_2018_2019_ROUTE_IDENTITY_0.1,H2018P6ESA,H2019P6ESA,6,Español,138,186,https://historico.conaliteg.gob.mx/c/H2019P6ESA/138.jpg,9e51ed33ad7c3d4b6c25c13ddaf3bed5e04bcb8247b8e29e3dd352a1936e022b,150368,9e51ed33ad7c3d4b6c25c13ddaf3bed5e04bcb8247b8e29e3dd352a1936e022b,150368,200,image/jpeg,1,,1,1
LTMD_U1_W3_SPANISH_2018_2019_ROUTE_IDENTITY_0.1,H2018P6ESA,H2019P6ESA,6,Español,139,186,https://historico.conaliteg.gob.mx/c/H2019P6ESA/139.jpg,3166c21ac93c0ba52ee1c22f1ae1136dc1bf825144c2e88bc966fbaf4a5d3b0d,157015,3166c21ac93c0ba52ee1c22f1ae1136dc1bf825144c2e88bc966fbaf4a5d3b0d,157015,200,image/jpeg,1,,1,1
LTMD_U1_W3_SPANISH_2018_2019_ROUTE_IDENTITY_0.1,H2018P6ESA,H2019P6ESA,6,Español,140,186,https://historico.conaliteg.gob.mx/c/H2019P6ESA/140.jpg,9d36c432e99ba65ea1dfc016aa4e0208b4383d435e9150dd98838314ce13d31a,112780,9d36c432e99ba65ea1dfc016aa4e0208b4383d435e9150dd98838314ce13d31a,112780,200,image/jpeg,1,,1,1
LTMD_U1_W3_SPANISH_2018_2019_ROUTE_IDENTITY_0.1,H2018P6ESA,H2019P6ESA,6,Español,141,186,https://historico.conaliteg.gob.mx/c/H2019P6ESA/141.jpg,ecfe9824e17043e78cad97c11785d84babc2b06dd72d822c8c088ee47241b64e,142427,ecfe9824e17043e78cad97c11785d84babc2b06dd72d822c8c088ee47241b64e,142427,200,image/jpeg,1,,1,1
LTMD_U1_W3_SPANISH_2018_2019_ROUTE_IDENTITY_0.1,H2018P6ESA,H2019P6ESA,6,Español,142,186,https://historico.conaliteg.gob.mx/c/H2019P6ESA/142.jpg,9f6a2cf98ea5d985cfcb0db0029377b7e509661facf14749f732da69c665ee39,125206,9f6a2cf98ea5d985cfcb0db0029377b7e509661facf14749f732da69c665ee39,125206,200,image/jpeg,1,,1,1
LTMD_U1_W3_SPANISH_2018_2019_ROUTE_IDENTITY_0.1,H2018P6ESA,H2019P6ESA,6,Español,143,186,https://historico.conaliteg.gob.mx/c/H2019P6ESA/143.jpg,bd2d8559de799c946c154f3b00abbfdf22dec1572fa46f4bf26ef251afbcd4cf,163424,bd2d8559de799c946c154f3b00abbfdf22dec1572fa46f4bf26ef251afbcd4cf,163424,200,image/jpeg,1,,1,1
LTMD_U1_W3_SPANISH_2018_2019_ROUTE_IDENTITY_0.1,H2018P6ESA,H2019P6ESA,6,Español,144,186,https://historico.conaliteg.gob.mx/c/H2019P6ESA/144.jpg,3a5bece9f9d9528dc4dd823d9563723322c7599c0fa6a30f0a2c3298d54483a8,118616,3a5bece9f9d9528dc4dd823d9563723322c7599c0fa6a30f0a2c3298d54483a8,118616,200,image/jpeg,1,,1,1
LTMD_U1_W3_SPANISH_2018_2019_ROUTE_IDENTITY_0.1,H2018P6ESA,H2019P6ESA,6,Español,145,186,https://historico.conaliteg.gob.mx/c/H2019P6ESA/145.jpg,3bd4d70b1b5f49752ebe95eb780fd062802bd97aa01e1a7fec9441327b529213,110268,3bd4d70b1b5f49752ebe95eb780fd062802bd97aa01e1a7fec9441327b529213,110268,200,image/jpeg,1,,1,1
LTMD_U1_W3_SPANISH_2018_2019_ROUTE_IDENTITY_0.1,H2018P6ESA,H2019P6ESA,6,Español,146,186,https://historico.conaliteg.gob.mx/c/H2019P6ESA/146.jpg,f068e5388cc1cc9776e8c9b7748b19e85c2adce5b09262c47d50ee97a74c493a,67158,f068e5388cc1cc9776e8c9b7748b19e85c2adce5b09262c47d50ee97a74c493a,67158,200,image/jpeg,1,,1,1
LTMD_U1_W3_SPANISH_2018_2019_ROUTE_IDENTITY_0.1,H2018P6ESA,H2019P6ESA,6,Español,147,186,https://historico.conaliteg.gob.mx/c/H2019P6ESA/147.jpg,ebb68b7fa970516f556356b060ae3dee6bb18261a4398410b350ea9b8bc328f0,114959,ebb68b7fa970516f556356b060ae3dee6bb18261a4398410b350ea9b8bc328f0,114959,200,image/jpeg,1,,1,1
LTMD_U1_W3_SPANISH_2018_2019_ROUTE_IDENTITY_0.1,H2018P6ESA,H2019P6ESA,6,Español,148,186,https://historico.conaliteg.gob.mx/c/H2019P6ESA/148.jpg,a0eb5ed75f75943a2eae2ba8975ca54d4e3f54626dd639fd9dd163f508dc587d,112520,a0eb5ed75f75943a2eae2ba8975ca54d4e3f54626dd639fd9dd163f508dc587d,112520,200,image/jpeg,1,,1,1
LTMD_U1_W3_SPANISH_2018_2019_ROUTE_IDENTITY_0.1,H2018P6ESA,H2019P6ESA,6,Español,149,186,https://historico.conaliteg.gob.mx/c/H2019P6ESA/149.jpg,8ec4d7d846d0e50eb74f09f8199ae5ea0c7525293004f43773f396155e518a6f,106560,8ec4d7d846d0e50eb74f09f8199ae5ea0c7525293004f43773f396155e518a6f,106560,200,image/jpeg,1,,1,1
LTMD_U1_W3_SPANISH_2018_2019_ROUTE_IDENTITY_0.1,H2018P6ESA,H2019P6ESA,6,Español,150,186,https://historico.conaliteg.gob.mx/c/H2019P6ESA/150.jpg,be99026d8fa93e71ccce3d69634fd5b078159b234bde8fcb3bdc541e7a79b885,111351,be99026d8fa93e71ccce3d69634fd5b078159b234bde8fcb3bdc541e7a79b885,111351,200,image/jpeg,1,,1,1
LTMD_U1_W3_SPANISH_2018_2019_ROUTE_IDENTITY_0.1,H2018P6ESA,H2019P6ESA,6,Español,151,186,https://historico.conaliteg.gob.mx/c/H2019P6ESA/151.jpg,5313410b387d5886e0263fed6dd95238ac518d9f26fb42996353a766f6f49f42,132243,5313410b387d5886e0263fed6dd95238ac518d9f26fb42996353a766f6f49f42,132243,200,image/jpeg,1,,1,1
LTMD_U1_W3_SPANISH_2018_2019_ROUTE_IDENTITY_0.1,H2018P6ESA,H2019P6ESA,6,Español,152,186,https://historico.conaliteg.gob.mx/c/H2019P6ESA/152.jpg,59f8c6b1b82440e7adb43a4affcad3ace9327b3bc5c4537433e6054b15ba067e,78251,59f8c6b1b82440e7adb43a4affcad3ace9327b3bc5c4537433e6054b15ba067e,78251,200,image/jpeg,1,,1,1
LTMD_U1_W3_SPANISH_2018_2019_ROUTE_IDENTITY_0.1,H2018P6ESA,H2019P6ESA,6,Español,153,186,https://historico.conaliteg.gob.mx/c/H2019P6ESA/153.jpg,d948de5aa31e591054541a2af64a576558a162e14af4a97957ba49edd980035a,112472,d948de5aa31e591054541a2af64a576558a162e14af4a97957ba49edd980035a,112472,200,image/jpeg,1,,1,1
LTMD_U1_W3_SPANISH_2018_2019_ROUTE_IDENTITY_0.1,H2018P6ESA,H2019P6ESA,6,Español,154,186,https://historico.conaliteg.gob.mx/c/H2019P6ESA/154.jpg,09de7f6b476d3ea86df485adf2fc681531ac29dd068be5486774378477abb5a4,96724,09de7f6b476d3ea86df485adf2fc681531ac29dd068be5486774378477abb5a4,96724,200,image/jpeg,1,,1,1
LTMD_U1_W3_SPANISH_2018_2019_ROUTE_IDENTITY_0.1,H2018P6ESA,H2019P6ESA,6,Español,155,186,https://historico.conaliteg.gob.mx/c/H2019P6ESA/155.jpg,4f97f8f4cfa6068676071f391d43deb199ddcfc686e0b3304fa36d73850483cd,107622,4f97f8f4cfa6068676071f391d43deb199ddcfc686e0b3304fa36d73850483cd,107622,200,image/jpeg,1,,1,1
LTMD_U1_W3_SPANISH_2018_2019_ROUTE_IDENTITY_0.1,H2018P6ESA,H2019P6ESA,6,Español,156,186,https://historico.conaliteg.gob.mx/c/H2019P6ESA/156.jpg,ad9dda1787cbf047f72f9630c441a5cfef258f7d2e751fed752c892ae64e7800,142386,ad9dda1787cbf047f72f9630c441a5cfef258f7d2e751fed752c892ae64e7800,142386,200,image/jpeg,1,,1,1
LTMD_U1_W3_SPANISH_2018_2019_ROUTE_IDENTITY_0.1,H2018P6ESA,H2019P6ESA,6,Español,157,186,https://historico.conaliteg.gob.mx/c/H2019P6ESA/157.jpg,9884e258eddcfc511b47b805c28f292108a8c9d4cbdd03cd414b37d76623e4be,130446,9884e258eddcfc511b47b805c28f292108a8c9d4cbdd03cd414b37d76623e4be,130446,200,image/jpeg,1,,1,1
LTMD_U1_W3_SPANISH_2018_2019_ROUTE_IDENTITY_0.1,H2018P6ESA,H2019P6ESA,6,Español,158,186,https://historico.conaliteg.gob.mx/c/H2019P6ESA/158.jpg,923605d0aee5e2768a103d108e9f256e99abda3d249cd29983def7be1d6be8a9,109523,923605d0aee5e2768a103d108e9f256e99abda3d249cd29983def7be1d6be8a9,109523,200,image/jpeg,1,,1,1
LTMD_U1_W3_SPANISH_2018_2019_ROUTE_IDENTITY_0.1,H2018P6ESA,H2019P6ESA,6,Español,159,186,https://historico.conaliteg.gob.mx/c/H2019P6ESA/159.jpg,30cd10603cad8b483fcdb36873bcb5cb3986684517b8b7ab08583a09a1066065,127212,30cd10603cad8b483fcdb36873bcb5cb3986684517b8b7ab08583a09a1066065,127212,200,image/jpeg,1,,1,1
LTMD_U1_W3_SPANISH_2018_2019_ROUTE_IDENTITY_0.1,H2018P6ESA,H2019P6ESA,6,Español,160,186,https://historico.conaliteg.gob.mx/c/H2019P6ESA/160.jpg,441eb98b7dc14b75297d6dd18336a415fd13661ae7bbae6b867afb063ee6a1cd,122601,441eb98b7dc14b75297d6dd18336a415fd13661ae7bbae6b867afb063ee6a1cd,122601,200,image/jpeg,1,,1,1
LTMD_U1_W3_SPANISH_2018_2019_ROUTE_IDENTITY_0.1,H2018P6ESA,H2019P6ESA,6,Español,161,186,https://historico.conaliteg.gob.mx/c/H2019P6ESA/161.jpg,fe418f35980c2f65a26005859ea2c25f16d0de1ef604eaf90d125e93f8767af9,75096,fe418f35980c2f65a26005859ea2c25f16d0de1ef604eaf90d125e93f8767af9,75096,200,image/jpeg,1,,1,1
LTMD_U1_W3_SPANISH_2018_2019_ROUTE_IDENTITY_0.1,H2018P6ESA,H2019P6ESA,6,Español,162,186,https://historico.conaliteg.gob.mx/c/H2019P6ESA/162.jpg,f8898d591aa1cb6782a2021ef8abaddee1b371bfec3edcc1e9df1ed63b8ab452,127580,f8898d591aa1cb6782a2021ef8abaddee1b371bfec3edcc1e9df1ed63b8ab452,127580,200,image/jpeg,1,,1,1
LTMD_U1_W3_SPANISH_2018_2019_ROUTE_IDENTITY_0.1,H2018P6ESA,H2019P6ESA,6,Español,163,186,https://historico.conaliteg.gob.mx/c/H2019P6ESA/163.jpg,c66ce93af4a3df9d4e5e672e1f138aa674b816d88cbe2b5249849c3922d91a3b,159863,c66ce93af4a3df9d4e5e672e1f138aa674b816d88cbe2b5249849c3922d91a3b,159863,200,image/jpeg,1,,1,1
LTMD_U1_W3_SPANISH_2018_2019_ROUTE_IDENTITY_0.1,H2018P6ESA,H2019P6ESA,6,Español,164,186,https://historico.conaliteg.gob.mx/c/H2019P6ESA/164.jpg,61702f2c89720e003ded90e5111ad63536c672ca9618af839a9baa46b86718a8,129740,61702f2c89720e003ded90e5111ad63536c672ca9618af839a9baa46b86718a8,129740,200,image/jpeg,1,,1,1
LTMD_U1_W3_SPANISH_2018_2019_ROUTE_IDENTITY_0.1,H2018P6ESA,H2019P6ESA,6,Español,165,186,https://historico.conaliteg.gob.mx/c/H2019P6ESA/165.jpg,e71333351fb54ab7ccfc4a99c03da18c102bed5872e1a10c0d8c2d90ff3bc241,127027,e71333351fb54ab7ccfc4a99c03da18c102bed5872e1a10c0d8c2d90ff3bc241,127027,200,image/jpeg,1,,1,1
LTMD_U1_W3_SPANISH_2018_2019_ROUTE_IDENTITY_0.1,H2018P6ESA,H2019P6ESA,6,Español,166,186,https://historico.conaliteg.gob.mx/c/H2019P6ESA/166.jpg,c1ee6cbf663e10161fbf7aae353e3dfec6a571c079165a2550a7eb0281917c43,142839,c1ee6cbf663e10161fbf7aae353e3dfec6a571c079165a2550a7eb0281917c43,142839,200,image/jpeg,1,,1,1
LTMD_U1_W3_SPANISH_2018_2019_ROUTE_IDENTITY_0.1,H2018P6ESA,H2019P6ESA,6,Español,167,186,https://historico.conaliteg.gob.mx/c/H2019P6ESA/167.jpg,5eb354a39e69af5290e5f57a281c051a5657bf6e365bff206bd9b287a87e1143,109422,5eb354a39e69af5290e5f57a281c051a5657bf6e365bff206bd9b287a87e1143,109422,200,image/jpeg,1,,1,1
LTMD_U1_W3_SPANISH_2018_2019_ROUTE_IDENTITY_0.1,H2018P6ESA,H2019P6ESA,6,Español,168,186,https://historico.conaliteg.gob.mx/c/H2019P6ESA/168.jpg,14a6e6e89cf66a5b303edd682303190f0f56b2650b5ed6b053e19785c5af31af,110130,14a6e6e89cf66a5b303edd682303190f0f56b2650b5ed6b053e19785c5af31af,110130,200,image/jpeg,1,,1,1
LTMD_U1_W3_SPANISH_2018_2019_ROUTE_IDENTITY_0.1,H2018P6ESA,H2019P6ESA,6,Español,169,186,https://historico.conaliteg.gob.mx/c/H2019P6ESA/169.jpg,7783ebc985671ea4b44ac59e2274a8d96e9090730a1e18b79fbc486e3fe60941,138990,7783ebc985671ea4b44ac59e2274a8d96e9090730a1e18b79fbc486e3fe60941,138990,200,image/jpeg,1,,1,1
LTMD_U1_W3_SPANISH_2018_2019_ROUTE_IDENTITY_0.1,H2018P6ESA,H2019P6ESA,6,Español,170,186,https://historico.conaliteg.gob.mx/c/H2019P6ESA/170.jpg,7f7bd47cfd97e6fd0d0624d4fa2fd400f80af8ca9a523d9ae4d1a21c5e59f936,109920,7f7bd47cfd97e6fd0d0624d4fa2fd400f80af8ca9a523d9ae4d1a21c5e59f936,109920,200,image/jpeg,1,,1,1
LTMD_U1_W3_SPANISH_2018_2019_ROUTE_IDENTITY_0.1,H2018P6ESA,H2019P6ESA,6,Español,171,186,https://historico.conaliteg.gob.mx/c/H2019P6ESA/171.jpg,677d585e970173f437311e6ae5d62711f107b1161ba86a61b38dd3f6a66669be,147279,677d585e970173f437311e6ae5d62711f107b1161ba86a61b38dd3f6a66669be,147279,200,image/jpeg,1,,1,1
LTMD_U1_W3_SPANISH_2018_2019_ROUTE_IDENTITY_0.1,H2018P6ESA,H2019P6ESA,6,Español,172,186,https://historico.conaliteg.gob.mx/c/H2019P6ESA/172.jpg,6c75c999df9000f05ed719c00ce0d8d416f7c7a19dfdddece8517de5ebd8f63a,105690,6c75c999df9000f05ed719c00ce0d8d416f7c7a19dfdddece8517de5ebd8f63a,105690,200,image/jpeg,1,,1,1
LTMD_U1_W3_SPANISH_2018_2019_ROUTE_IDENTITY_0.1,H2018P6ESA,H2019P6ESA,6,Español,173,186,https://historico.conaliteg.gob.mx/c/H2019P6ESA/173.jpg,7318bb90558a5534a66486adcce3cbf89ed1485ac5de211c98de9049a72c9d23,127521,7318bb90558a5534a66486adcce3cbf89ed1485ac5de211c98de9049a72c9d23,127521,200,image/jpeg,1,,1,1
LTMD_U1_W3_SPANISH_2018_2019_ROUTE_IDENTITY_0.1,H2018P6ESA,H2019P6ESA,6,Español,174,186,https://historico.conaliteg.gob.mx/c/H2019P6ESA/174.jpg,38a5bdd99a5543c374f032204f1e93c078a579da8c234930a414967fb164a3da,161004,38a5bdd99a5543c374f032204f1e93c078a579da8c234930a414967fb164a3da,161004,200,image/jpeg,1,,1,1
LTMD_U1_W3_SPANISH_2018_2019_ROUTE_IDENTITY_0.1,H2018P6ESA,H2019P6ESA,6,Español,175,186,https://historico.conaliteg.gob.mx/c/H2019P6ESA/175.jpg,dbb56c6b40c53dd913bbff5619f6e2089cd4bc095b7a9dafdcb3b5c44266c1b9,162005,dbb56c6b40c53dd913bbff5619f6e2089cd4bc095b7a9dafdcb3b5c44266c1b9,162005,200,image/jpeg,1,,1,1
LTMD_U1_W3_SPANISH_2018_2019_ROUTE_IDENTITY_0.1,H2018P6ESA,H2019P6ESA,6,Español,176,186,https://historico.conaliteg.gob.mx/c/H2019P6ESA/176.jpg,40e75fac5d2cd194caf60faa7b490f1408028ad666bcab9e2e13e5e72d25e953,141516,40e75fac5d2cd194caf60faa7b490f1408028ad666bcab9e2e13e5e72d25e953,141516,200,image/jpeg,1,,1,1
LTMD_U1_W3_SPANISH_2018_2019_ROUTE_IDENTITY_0.1,H2018P6ESA,H2019P6ESA,6,Español,177,186,https://historico.conaliteg.gob.mx/c/H2019P6ESA/177.jpg,24cfbf351a804bb72de45229ed1458ef0179bed19cd8cacdfb0a023acc0d900c,99163,24cfbf351a804bb72de45229ed1458ef0179bed19cd8cacdfb0a023acc0d900c,99163,200,image/jpeg,1,,1,1
LTMD_U1_W3_SPANISH_2018_2019_ROUTE_IDENTITY_0.1,H2018P6ESA,H2019P6ESA,6,Español,178,186,https://historico.conaliteg.gob.mx/c/H2019P6ESA/178.jpg,434ec6c329b4bc770282e4eba2c02da6ff3ec648c5e2b7d64f0ae1be4e58406e,122635,434ec6c329b4bc770282e4eba2c02da6ff3ec648c5e2b7d64f0ae1be4e58406e,122635,200,image/jpeg,1,,1,1
LTMD_U1_W3_SPANISH_2018_2019_ROUTE_IDENTITY_0.1,H2018P6ESA,H2019P6ESA,6,Español,179,186,https://historico.conaliteg.gob.mx/c/H2019P6ESA/179.jpg,60b3c6175b34623e1f40914cbcece9042971ed36f884a198248d74ab181f6f80,130675,60b3c6175b34623e1f40914cbcece9042971ed36f884a198248d74ab181f6f80,130675,200,image/jpeg,1,,1,1
LTMD_U1_W3_SPANISH_2018_2019_ROUTE_IDENTITY_0.1,H2018P6ESA,H2019P6ESA,6,Español,180,186,https://historico.conaliteg.gob.mx/c/H2019P6ESA/180.jpg,fc4443b486dea741b655a80c95b53e5a7c22a6b9857d60aba1aa4e5a21c4a8c1,8556,fc4443b486dea741b655a80c95b53e5a7c22a6b9857d60aba1aa4e5a21c4a8c1,8556,200,image/jpeg,1,,1,1
LTMD_U1_W3_SPANISH_2018_2019_ROUTE_IDENTITY_0.1,H2018P6ESA,H2019P6ESA,6,Español,181,186,https://historico.conaliteg.gob.mx/c/H2019P6ESA/181.jpg,0ad021bf91384b73b56d09d70a545f152e7220053602e0f432e6cf5c4e9caa0f,159714,0ad021bf91384b73b56d09d70a545f152e7220053602e0f432e6cf5c4e9caa0f,159714,200,image/jpeg,1,,1,1
LTMD_U1_W3_SPANISH_2018_2019_ROUTE_IDENTITY_0.1,H2018P6ESA,H2019P6ESA,6,Español,182,186,https://historico.conaliteg.gob.mx/c/H2019P6ESA/182.jpg,72551643220d0b4bf998aa2ff01b756d7cab85fef9aaa64c6bffc963b6a52960,23798,72551643220d0b4bf998aa2ff01b756d7cab85fef9aaa64c6bffc963b6a52960,23798,200,image/jpeg,1,,1,1
LTMD_U1_W3_SPANISH_2018_2019_ROUTE_IDENTITY_0.1,H2018P6ESA,H2019P6ESA,6,Español,183,186,https://historico.conaliteg.gob.mx/c/H2019P6ESA/183.jpg,0040a31e5a58f31599476f494b3861d8b9a6c17593ed692b3634e0b70a82834e,89873,0040a31e5a58f31599476f494b3861d8b9a6c17593ed692b3634e0b70a82834e,89873,200,image/jpeg,1,,1,1
LTMD_U1_W3_SPANISH_2018_2019_ROUTE_IDENTITY_0.1,H2018P6ESA,H2019P6ESA,6,Español,184,186,https://historico.conaliteg.gob.mx/c/H2019P6ESA/184.jpg,35e7e2980ca18c74a89f91566b5fce298ee19f19fab07ec7b5ad7cd111286e76,53315,35e7e2980ca18c74a89f91566b5fce298ee19f19fab07ec7b5ad7cd111286e76,53315,200,image/jpeg,1,,1,1
LTMD_U1_W3_SPANISH_2018_2019_ROUTE_IDENTITY_0.1,H2018P6ESA,H2019P6ESA,6,Español,185,186,https://historico.conaliteg.gob.mx/c/H2019P6ESA/185.jpg,df0fe15b0f2054802712f55aaf8d49cb8b5cb749245e523ea2b93c8b345d9919,67665,df0fe15b0f2054802712f55aaf8d49cb8b5cb749245e523ea2b93c8b345d9919,67665,200,image/jpeg,1,,1,1
LTMD_U1_W3_SPANISH_2018_2019_ROUTE_IDENTITY_0.1,H2018P6LEA,H2019P6LEA,6,Español. Libro de lectura,1,162,https://historico.conaliteg.gob.mx/c/H2019P6LEA/000.jpg,6273ba6ba24deb9081c1720cf0805daf7f004fb898e40c9a9a8884264128230a,458699,6273ba6ba24deb9081c1720cf0805daf7f004fb898e40c9a9a8884264128230a,458699,200,image/jpeg,1,,1,1
LTMD_U1_W3_SPANISH_2018_2019_ROUTE_IDENTITY_0.1,H2018P6LEA,H2019P6LEA,6,Español. Libro de lectura,2,162,https://historico.conaliteg.gob.mx/c/H2019P6LEA/002.jpg,1d3ad49837a82ccfa1a14cebc286166a6ba139c464492a59f30f7c676634d207,203167,1d3ad49837a82ccfa1a14cebc286166a6ba139c464492a59f30f7c676634d207,203167,200,image/jpeg,1,,1,1
LTMD_U1_W3_SPANISH_2018_2019_ROUTE_IDENTITY_0.1,H2018P6LEA,H2019P6LEA,6,Español. Libro de lectura,3,162,https://historico.conaliteg.gob.mx/c/H2019P6LEA/003.jpg,de20e486809955ef01ad262bbcb8074ba29cf0a86dfb5ba078afc87914dfa917,174909,de20e486809955ef01ad262bbcb8074ba29cf0a86dfb5ba078afc87914dfa917,174909,200,image/jpeg,1,,1,1
LTMD_U1_W3_SPANISH_2018_2019_ROUTE_IDENTITY_0.1,H2018P6LEA,H2019P6LEA,6,Español. Libro de lectura,4,162,https://historico.conaliteg.gob.mx/c/H2019P6LEA/004.jpg,c9eb3ae8e893fee0795ab29af53d0eec32df6ab3467e242b0374e18c70e278be,514231,c9eb3ae8e893fee0795ab29af53d0eec32df6ab3467e242b0374e18c70e278be,514231,200,image/jpeg,1,,1,1
LTMD_U1_W3_SPANISH_2018_2019_ROUTE_IDENTITY_0.1,H2018P6LEA,H2019P6LEA,6,Español. Libro de lectura,5,162,https://historico.conaliteg.gob.mx/c/H2019P6LEA/005.jpg,4dace6d7c3d49f4184f003696b8692bda542e4f8857ec5b7e8a3c06446f95452,455477,4dace6d7c3d49f4184f003696b8692bda542e4f8857ec5b7e8a3c06446f95452,455477,200,image/jpeg,1,,1,1
LTMD_U1_W3_SPANISH_2018_2019_ROUTE_IDENTITY_0.1,H2018P6LEA,H2019P6LEA,6,Español. Libro de lectura,6,162,https://historico.conaliteg.gob.mx/c/H2019P6LEA/006.jpg,a856258b9407c7064df0528e2ecb3b5ceef8a360c4970c6acfb231d12ad209d3,408079,a856258b9407c7064df0528e2ecb3b5ceef8a360c4970c6acfb231d12ad209d3,408079,200,image/jpeg,1,,1,1
LTMD_U1_W3_SPANISH_2018_2019_ROUTE_IDENTITY_0.1,H2018P6LEA,H2019P6LEA,6,Español. Libro de lectura,7,162,https://historico.conaliteg.gob.mx/c/H2019P6LEA/007.jpg,6609d82ec69ce7c5df5c048aedbfbfa0a583fde9aa6195d9f616f95698b7c2ea,332993,6609d82ec69ce7c5df5c048aedbfbfa0a583fde9aa6195d9f616f95698b7c2ea,332993,200,image/jpeg,1,,1,1
LTMD_U1_W3_SPANISH_2018_2019_ROUTE_IDENTITY_0.1,H2018P6LEA,H2019P6LEA,6,Español. Libro de lectura,8,162,https://historico.conaliteg.gob.mx/c/H2019P6LEA/008.jpg,3bc25ead7dc90170f624a4b67f38f518efe1e8c3085f573d7b473446e0b74c69,317711,3bc25ead7dc90170f624a4b67f38f518efe1e8c3085f573d7b473446e0b74c69,317711,200,image/jpeg,1,,1,1
LTMD_U1_W3_SPANISH_2018_2019_ROUTE_IDENTITY_0.1,H2018P6LEA,H2019P6LEA,6,Español. Libro de lectura,9,162,https://historico.conaliteg.gob.mx/c/H2019P6LEA/009.jpg,bf1a1322c4b469bc399b13045da4ba6bd1a54f2e3d74ef97d77fce79fef33dc3,284150,bf1a1322c4b469bc399b13045da4ba6bd1a54f2e3d74ef97d77fce79fef33dc3,284150,200,image/jpeg,1,,1,1
LTMD_U1_W3_SPANISH_2018_2019_ROUTE_IDENTITY_0.1,H2018P6LEA,H2019P6LEA,6,Español. Libro de lectura,10,162,https://historico.conaliteg.gob.mx/c/H2019P6LEA/010.jpg,8bdd3cdeca1b477d2432fd18de40eb50589de06724ee220a62e68ff1862affa1,336528,8bdd3cdeca1b477d2432fd18de40eb50589de06724ee220a62e68ff1862affa1,336528,200,image/jpeg,1,,1,1
LTMD_U1_W3_SPANISH_2018_2019_ROUTE_IDENTITY_0.1,H2018P6LEA,H2019P6LEA,6,Español. Libro de lectura,11,162,https://historico.conaliteg.gob.mx/c/H2019P6LEA/011.jpg,e0d1404b2381c47520f95519e60f79ccfe68f677e632d8e18fbb86e48d606b98,356767,e0d1404b2381c47520f95519e60f79ccfe68f677e632d8e18fbb86e48d606b98,356767,200,image/jpeg,1,,1,1
LTMD_U1_W3_SPANISH_2018_2019_ROUTE_IDENTITY_0.1,H2018P6LEA,H2019P6LEA,6,Español. Libro de lectura,12,162,https://historico.conaliteg.gob.mx/c/H2019P6LEA/012.jpg,e660d8541ead95225491c0dd991318979701ace1286e512a13de655f61160c62,327762,e660d8541ead95225491c0dd991318979701ace1286e512a13de655f61160c62,327762,200,image/jpeg,1,,1,1
LTMD_U1_W3_SPANISH_2018_2019_ROUTE_IDENTITY_0.1,H2018P6LEA,H2019P6LEA,6,Español. Libro de lectura,13,162,https://historico.conaliteg.gob.mx/c/H2019P6LEA/013.jpg,4d0c4d32b04afddd3ff986712525f45f2d06b3a6cf1ee96e7a842428e30ca497,352459,4d0c4d32b04afddd3ff986712525f45f2d06b3a6cf1ee96e7a842428e30ca497,352459,200,image/jpeg,1,,1,1
LTMD_U1_W3_SPANISH_2018_2019_ROUTE_IDENTITY_0.1,H2018P6LEA,H2019P6LEA,6,Español. Libro de lectura,14,162,https://historico.conaliteg.gob.mx/c/H2019P6LEA/014.jpg,e46b3055c3312fbd57721dc48b65f6a23c19cc8ee6188f4dd708ced11293d941,368960,e46b3055c3312fbd57721dc48b65f6a23c19cc8ee6188f4dd708ced11293d941,368960,200,image/jpeg,1,,1,1
LTMD_U1_W3_SPANISH_2018_2019_ROUTE_IDENTITY_0.1,H2018P6LEA,H2019P6LEA,6,Español. Libro de lectura,15,162,https://historico.conaliteg.gob.mx/c/H2019P6LEA/015.jpg,31ead51d0848b1d6ca32541b211d99ab90c21a5c8edf834680fa278ee4b17a7f,334237,31ead51d0848b1d6ca32541b211d99ab90c21a5c8edf834680fa278ee4b17a7f,334237,200,image/jpeg,1,,1,1
LTMD_U1_W3_SPANISH_2018_2019_ROUTE_IDENTITY_0.1,H2018P6LEA,H2019P6LEA,6,Español. Libro de lectura,16,162,https://historico.conaliteg.gob.mx/c/H2019P6LEA/016.jpg,50d2b68f1aab8b86e233a1f7e42c3cffe5c6174af26c0c1e9204fcaa35dc2a23,451604,50d2b68f1aab8b86e233a1f7e42c3cffe5c6174af26c0c1e9204fcaa35dc2a23,451604,200,image/jpeg,1,,1,1
LTMD_U1_W3_SPANISH_2018_2019_ROUTE_IDENTITY_0.1,H2018P6LEA,H2019P6LEA,6,Español. Libro de lectura,17,162,https://historico.conaliteg.gob.mx/c/H2019P6LEA/017.jpg,00f9061367df3b5838bade8b6fd93f5ac002060354b196a624eb53353fda8c74,407384,00f9061367df3b5838bade8b6fd93f5ac002060354b196a624eb53353fda8c74,407384,200,image/jpeg,1,,1,1
LTMD_U1_W3_SPANISH_2018_2019_ROUTE_IDENTITY_0.1,H2018P6LEA,H2019P6LEA,6,Español. Libro de lectura,18,162,https://historico.conaliteg.gob.mx/c/H2019P6LEA/018.jpg,5cd603d2457f491a0f7b37cb15797c04e4d8386ff667c141b8ad5a3a7e550640,412020,5cd603d2457f491a0f7b37cb15797c04e4d8386ff667c141b8ad5a3a7e550640,412020,200,image/jpeg,1,,1,1
LTMD_U1_W3_SPANISH_2018_2019_ROUTE_IDENTITY_0.1,H2018P6LEA,H2019P6LEA,6,Español. Libro de lectura,19,162,https://historico.conaliteg.gob.mx/c/H2019P6LEA/019.jpg,41e45d0ea4978fde08ac510fff8cb9142089a3864619ed30b1bc363c242bbebf,401772,41e45d0ea4978fde08ac510fff8cb9142089a3864619ed30b1bc363c242bbebf,401772,200,image/jpeg,1,,1,1
LTMD_U1_W3_SPANISH_2018_2019_ROUTE_IDENTITY_0.1,H2018P6LEA,H2019P6LEA,6,Español. Libro de lectura,20,162,https://historico.conaliteg.gob.mx/c/H2019P6LEA/020.jpg,a2e19914a4e6c3e0a4cdaaeb13db9addc781bb8f2fff7c76d9ac5772f0971706,409167,a2e19914a4e6c3e0a4cdaaeb13db9addc781bb8f2fff7c76d9ac5772f0971706,409167,200,image/jpeg,1,,1,1
LTMD_U1_W3_SPANISH_2018_2019_ROUTE_IDENTITY_0.1,H2018P6LEA,H2019P6LEA,6,Español. Libro de lectura,21,162,https://historico.conaliteg.gob.mx/c/H2019P6LEA/021.jpg,db98c738fa5510f76e13629f705c8ae066bfbdc5235a3fda527fc296095da4d6,431457,db98c738fa5510f76e13629f705c8ae066bfbdc5235a3fda527fc296095da4d6,431457,200,image/jpeg,1,,1,1
LTMD_U1_W3_SPANISH_2018_2019_ROUTE_IDENTITY_0.1,H2018P6LEA,H2019P6LEA,6,Español. Libro de lectura,22,162,https://historico.conaliteg.gob.mx/c/H2019P6LEA/022.jpg,a36ae84c188733bffe5fc67208439eb2752f6c611d81f324e778b19ab34b6de7,445598,a36ae84c188733bffe5fc67208439eb2752f6c611d81f324e778b19ab34b6de7,445598,200,image/jpeg,1,,1,1
LTMD_U1_W3_SPANISH_2018_2019_ROUTE_IDENTITY_0.1,H2018P6LEA,H2019P6LEA,6,Español. Libro de lectura,23,162,https://historico.conaliteg.gob.mx/c/H2019P6LEA/023.jpg,4165195acdc3d90d60317c8a04acbb1130b784a3d550b38f0ea537addbbacd30,464812,4165195acdc3d90d60317c8a04acbb1130b784a3d550b38f0ea537addbbacd30,464812,200,image/jpeg,1,,1,1
LTMD_U1_W3_SPANISH_2018_2019_ROUTE_IDENTITY_0.1,H2018P6LEA,H2019P6LEA,6,Español. Libro de lectura,24,162,https://historico.conaliteg.gob.mx/c/H2019P6LEA/024.jpg,e319308790f843b7f07040edfb1dc58a4b8ea97b2aab89cab422d8165e96360f,439354,e319308790f843b7f07040edfb1dc58a4b8ea97b2aab89cab422d8165e96360f,439354,200,image/jpeg,1,,1,1
LTMD_U1_W3_SPANISH_2018_2019_ROUTE_IDENTITY_0.1,H2018P6LEA,H2019P6LEA,6,Español. Libro de lectura,25,162,https://historico.conaliteg.gob.mx/c/H2019P6LEA/025.jpg,62d1748684206263d487709272ecc137e240b9749fc65e863dfb5ed7b92d9aef,458530,62d1748684206263d487709272ecc137e240b9749fc65e863dfb5ed7b92d9aef,458530,200,image/jpeg,1,,1,1
LTMD_U1_W3_SPANISH_2018_2019_ROUTE_IDENTITY_0.1,H2018P6LEA,H2019P6LEA,6,Español. Libro de lectura,26,162,https://historico.conaliteg.gob.mx/c/H2019P6LEA/026.jpg,72e929571a2fe32172e86917929062f5a1f7051b8f9796a81e91567185551897,404374,72e929571a2fe32172e86917929062f5a1f7051b8f9796a81e91567185551897,404374,200,image/jpeg,1,,1,1
LTMD_U1_W3_SPANISH_2018_2019_ROUTE_IDENTITY_0.1,H2018P6LEA,H2019P6LEA,6,Español. Libro de lectura,27,162,https://historico.conaliteg.gob.mx/c/H2019P6LEA/027.jpg,5038264ccdd797d09e9339124516de3399a460f5721d7bf6e8cca3303f645626,427350,5038264ccdd797d09e9339124516de3399a460f5721d7bf6e8cca3303f645626,427350,200,image/jpeg,1,,1,1
LTMD_U1_W3_SPANISH_2018_2019_ROUTE_IDENTITY_0.1,H2018P6LEA,H2019P6LEA,6,Español. Libro de lectura,28,162,https://historico.conaliteg.gob.mx/c/H2019P6LEA/028.jpg,08ea963e718714f413353e2e2f27c7ea4dbf8ae2cf10bb26ff65783f22850174,417433,08ea963e718714f413353e2e2f27c7ea4dbf8ae2cf10bb26ff65783f22850174,417433,200,image/jpeg,1,,1,1
LTMD_U1_W3_SPANISH_2018_2019_ROUTE_IDENTITY_0.1,H2018P6LEA,H2019P6LEA,6,Español. Libro de lectura,29,162,https://historico.conaliteg.gob.mx/c/H2019P6LEA/029.jpg,49f4161e41e6bc64afbf7bcf02a59dc0dbb2fcba6d41650ed10947f62113795b,465692,49f4161e41e6bc64afbf7bcf02a59dc0dbb2fcba6d41650ed10947f62113795b,465692,200,image/jpeg,1,,1,1
LTMD_U1_W3_SPANISH_2018_2019_ROUTE_IDENTITY_0.1,H2018P6LEA,H2019P6LEA,6,Español. Libro de lectura,30,162,https://historico.conaliteg.gob.mx/c/H2019P6LEA/030.jpg,7d5188cc283ddd97b30c9696ff4a442ca4dbd1a9fd175f28c5c5ce2703f62272,401438,7d5188cc283ddd97b30c9696ff4a442ca4dbd1a9fd175f28c5c5ce2703f62272,401438,200,image/jpeg,1,,1,1
LTMD_U1_W3_SPANISH_2018_2019_ROUTE_IDENTITY_0.1,H2018P6LEA,H2019P6LEA,6,Español. Libro de lectura,31,162,https://historico.conaliteg.gob.mx/c/H2019P6LEA/031.jpg,56fcd0458c31aa4ea72733c89aed23a131351875fa06b6c611e1a7983a691267,453680,56fcd0458c31aa4ea72733c89aed23a131351875fa06b6c611e1a7983a691267,453680,200,image/jpeg,1,,1,1
LTMD_U1_W3_SPANISH_2018_2019_ROUTE_IDENTITY_0.1,H2018P6LEA,H2019P6LEA,6,Español. Libro de lectura,32,162,https://historico.conaliteg.gob.mx/c/H2019P6LEA/032.jpg,b262a11fd4b33452eab9b4905761cb44dd45913a6a6bc8664e6d6bb40b48ea45,404266,b262a11fd4b33452eab9b4905761cb44dd45913a6a6bc8664e6d6bb40b48ea45,404266,200,image/jpeg,1,,1,1
LTMD_U1_W3_SPANISH_2018_2019_ROUTE_IDENTITY_0.1,H2018P6LEA,H2019P6LEA,6,Español. Libro de lectura,33,162,https://historico.conaliteg.gob.mx/c/H2019P6LEA/033.jpg,5d6edb2bf31d9e45f533a221f1e32d61a39208e050ee42243e36ef0fab7bc169,378015,5d6edb2bf31d9e45f533a221f1e32d61a39208e050ee42243e36ef0fab7bc169,378015,200,image/jpeg,1,,1,1
LTMD_U1_W3_SPANISH_2018_2019_ROUTE_IDENTITY_0.1,H2018P6LEA,H2019P6LEA,6,Español. Libro de lectura,34,162,https://historico.conaliteg.gob.mx/c/H2019P6LEA/034.jpg,d1196931adc099261abff56af6517938038172f3d07bd5ed0fea8c3ebb8569ee,321792,d1196931adc099261abff56af6517938038172f3d07bd5ed0fea8c3ebb8569ee,321792,200,image/jpeg,1,,1,1
LTMD_U1_W3_SPANISH_2018_2019_ROUTE_IDENTITY_0.1,H2018P6LEA,H2019P6LEA,6,Español. Libro de lectura,35,162,https://historico.conaliteg.gob.mx/c/H2019P6LEA/035.jpg,a9cb02be1fc6ee789f8f27e8dd5568c614e2ea194500c6a7876d4291995f4096,350195,a9cb02be1fc6ee789f8f27e8dd5568c614e2ea194500c6a7876d4291995f4096,350195,200,image/jpeg,1,,1,1
LTMD_U1_W3_SPANISH_2018_2019_ROUTE_IDENTITY_0.1,H2018P6LEA,H2019P6LEA,6,Español. Libro de lectura,36,162,https://historico.conaliteg.gob.mx/c/H2019P6LEA/036.jpg,27cabbda02314dce22768101aec5fbe8cbee489fb412c48afee123e120c813aa,347753,27cabbda02314dce22768101aec5fbe8cbee489fb412c48afee123e120c813aa,347753,200,image/jpeg,1,,1,1
LTMD_U1_W3_SPANISH_2018_2019_ROUTE_IDENTITY_0.1,H2018P6LEA,H2019P6LEA,6,Español. Libro de lectura,37,162,https://historico.conaliteg.gob.mx/c/H2019P6LEA/037.jpg,fd03d005ea971829ef93758a655f92afa6e5817b6c571ba9d2fc13cb0c3926aa,344440,fd03d005ea971829ef93758a655f92afa6e5817b6c571ba9d2fc13cb0c3926aa,344440,200,image/jpeg,1,,1,1
LTMD_U1_W3_SPANISH_2018_2019_ROUTE_IDENTITY_0.1,H2018P6LEA,H2019P6LEA,6,Español. Libro de lectura,38,162,https://historico.conaliteg.gob.mx/c/H2019P6LEA/038.jpg,24aa31f65dd84c68ca450b1ff7d3781230efea9cfd83749a0c73af762783510a,212165,24aa31f65dd84c68ca450b1ff7d3781230efea9cfd83749a0c73af762783510a,212165,200,image/jpeg,1,,1,1
LTMD_U1_W3_SPANISH_2018_2019_ROUTE_IDENTITY_0.1,H2018P6LEA,H2019P6LEA,6,Español. Libro de lectura,39,162,https://historico.conaliteg.gob.mx/c/H2019P6LEA/039.jpg,11948ac9baf68532a7a730d77ae22ab8d99d393be5becb655df5a62b29bbfc49,314525,11948ac9baf68532a7a730d77ae22ab8d99d393be5becb655df5a62b29bbfc49,314525,200,image/jpeg,1,,1,1
LTMD_U1_W3_SPANISH_2018_2019_ROUTE_IDENTITY_0.1,H2018P6LEA,H2019P6LEA,6,Español. Libro de lectura,40,162,https://historico.conaliteg.gob.mx/c/H2019P6LEA/040.jpg,957008692917fe0bba287f16e5d1dd356b410aec8d889e3f0b87f6e139d1b5e5,307113,957008692917fe0bba287f16e5d1dd356b410aec8d889e3f0b87f6e139d1b5e5,307113,200,image/jpeg,1,,1,1
LTMD_U1_W3_SPANISH_2018_2019_ROUTE_IDENTITY_0.1,H2018P6LEA,H2019P6LEA,6,Español. Libro de lectura,41,162,https://historico.conaliteg.gob.mx/c/H2019P6LEA/041.jpg,9b7021c4a126b045a3f8d86c08cbdc553e8aecf457b8c6fa359016c5b6d79338,316460,9b7021c4a126b045a3f8d86c08cbdc553e8aecf457b8c6fa359016c5b6d79338,316460,200,image/jpeg,1,,1,1
LTMD_U1_W3_SPANISH_2018_2019_ROUTE_IDENTITY_0.1,H2018P6LEA,H2019P6LEA,6,Español. Libro de lectura,42,162,https://historico.conaliteg.gob.mx/c/H2019P6LEA/042.jpg,413d22ed43209ef0c2530c54ddcb080108d162847c5f1fdff14007ba5e044d7d,250114,413d22ed43209ef0c2530c54ddcb080108d162847c5f1fdff14007ba5e044d7d,250114,200,image/jpeg,1,,1,1
LTMD_U1_W3_SPANISH_2018_2019_ROUTE_IDENTITY_0.1,H2018P6LEA,H2019P6LEA,6,Español. Libro de lectura,43,162,https://historico.conaliteg.gob.mx/c/H2019P6LEA/043.jpg,e99a8b8f78fecd9d4933617d9d63401b6fa126ba5c26fcb8f7b5f9884b2e3067,346822,e99a8b8f78fecd9d4933617d9d63401b6fa126ba5c26fcb8f7b5f9884b2e3067,346822,200,image/jpeg,1,,1,1
LTMD_U1_W3_SPANISH_2018_2019_ROUTE_IDENTITY_0.1,H2018P6LEA,H2019P6LEA,6,Español. Libro de lectura,44,162,https://historico.conaliteg.gob.mx/c/H2019P6LEA/044.jpg,f45851198019c978167ccd9bbe06d41df5d10b39754fc3ae1685658cf9a5f5b5,212911,f45851198019c978167ccd9bbe06d41df5d10b39754fc3ae1685658cf9a5f5b5,212911,200,image/jpeg,1,,1,1
LTMD_U1_W3_SPANISH_2018_2019_ROUTE_IDENTITY_0.1,H2018P6LEA,H2019P6LEA,6,Español. Libro de lectura,45,162,https://historico.conaliteg.gob.mx/c/H2019P6LEA/045.jpg,f34963574d233334239f5d33ad4b77ae4e08a7b19c55ee6f1e742bc391fc69f1,282570,f34963574d233334239f5d33ad4b77ae4e08a7b19c55ee6f1e742bc391fc69f1,282570,200,image/jpeg,1,,1,1
LTMD_U1_W3_SPANISH_2018_2019_ROUTE_IDENTITY_0.1,H2018P6LEA,H2019P6LEA,6,Español. Libro de lectura,46,162,https://historico.conaliteg.gob.mx/c/H2019P6LEA/046.jpg,c3b2d083adb508020ca866f8079ff32fe2e66d1e5e8f808c554206c570c9665d,274271,c3b2d083adb508020ca866f8079ff32fe2e66d1e5e8f808c554206c570c9665d,274271,200,image/jpeg,1,,1,1
LTMD_U1_W3_SPANISH_2018_2019_ROUTE_IDENTITY_0.1,H2018P6LEA,H2019P6LEA,6,Español. Libro de lectura,47,162,https://historico.conaliteg.gob.mx/c/H2019P6LEA/047.jpg,183ff7f13da409e785b366290ad7ecb5dd07fee45743f948b66848c290f5171f,297052,183ff7f13da409e785b366290ad7ecb5dd07fee45743f948b66848c290f5171f,297052,200,image/jpeg,1,,1,1
LTMD_U1_W3_SPANISH_2018_2019_ROUTE_IDENTITY_0.1,H2018P6LEA,H2019P6LEA,6,Español. Libro de lectura,48,162,https://historico.conaliteg.gob.mx/c/H2019P6LEA/048.jpg,38e3a67adfa381c2eef52309c26ed8012bc901f6e973637c82ffa2e7f3ff012e,314888,38e3a67adfa381c2eef52309c26ed8012bc901f6e973637c82ffa2e7f3ff012e,314888,200,image/jpeg,1,,1,1
LTMD_U1_W3_SPANISH_2018_2019_ROUTE_IDENTITY_0.1,H2018P6LEA,H2019P6LEA,6,Español. Libro de lectura,49,162,https://historico.conaliteg.gob.mx/c/H2019P6LEA/049.jpg,86df4e74bafd2e8b03373bd41a59df585d136b3382d3778e07c1171372e49ae5,297246,86df4e74bafd2e8b03373bd41a59df585d136b3382d3778e07c1171372e49ae5,297246,200,image/jpeg,1,,1,1
LTMD_U1_W3_SPANISH_2018_2019_ROUTE_IDENTITY_0.1,H2018P6LEA,H2019P6LEA,6,Español. Libro de lectura,50,162,https://historico.conaliteg.gob.mx/c/H2019P6LEA/050.jpg,5257322a0809e1b4de54195b4fb5ff99df91ba9b519598de16acbc1fac302777,361768,5257322a0809e1b4de54195b4fb5ff99df91ba9b519598de16acbc1fac302777,361768,200,image/jpeg,1,,1,1
LTMD_U1_W3_SPANISH_2018_2019_ROUTE_IDENTITY_0.1,H2018P6LEA,H2019P6LEA,6,Español. Libro de lectura,51,162,https://historico.conaliteg.gob.mx/c/H2019P6LEA/051.jpg,0ebae4eb347935f5b2dba0aa035a5b260aae5343bdbdadec790702e32574af77,219642,0ebae4eb347935f5b2dba0aa035a5b260aae5343bdbdadec790702e32574af77,219642,200,image/jpeg,1,,1,1
LTMD_U1_W3_SPANISH_2018_2019_ROUTE_IDENTITY_0.1,H2018P6LEA,H2019P6LEA,6,Español. Libro de lectura,52,162,https://historico.conaliteg.gob.mx/c/H2019P6LEA/052.jpg,ef0c0fcc45ee74e0fdd6d6e2aa9cd1c949abd74ce634dd30b150730215b5c1e4,220075,ef0c0fcc45ee74e0fdd6d6e2aa9cd1c949abd74ce634dd30b150730215b5c1e4,220075,200,image/jpeg,1,,1,1
LTMD_U1_W3_SPANISH_2018_2019_ROUTE_IDENTITY_0.1,H2018P6LEA,H2019P6LEA,6,Español. Libro de lectura,53,162,https://historico.conaliteg.gob.mx/c/H2019P6LEA/053.jpg,d29df4701c39a462ff3942c96229e9897313d2cf9d3ec8b7801a40c7a567e79d,235378,d29df4701c39a462ff3942c96229e9897313d2cf9d3ec8b7801a40c7a567e79d,235378,200,image/jpeg,1,,1,1
LTMD_U1_W3_SPANISH_2018_2019_ROUTE_IDENTITY_0.1,H2018P6LEA,H2019P6LEA,6,Español. Libro de lectura,54,162,https://historico.conaliteg.gob.mx/c/H2019P6LEA/054.jpg,b773e57d98cbdf385a8eb6cfd3bb31ff19465ea073e7e43a3d32f55256c3dcec,348153,b773e57d98cbdf385a8eb6cfd3bb31ff19465ea073e7e43a3d32f55256c3dcec,348153,200,image/jpeg,1,,1,1
LTMD_U1_W3_SPANISH_2018_2019_ROUTE_IDENTITY_0.1,H2018P6LEA,H2019P6LEA,6,Español. Libro de lectura,55,162,https://historico.conaliteg.gob.mx/c/H2019P6LEA/055.jpg,f5e3e7ccecf368b6c6faa4417979f578eff12e6b47d0c5beda36683eb5dc18b1,297728,f5e3e7ccecf368b6c6faa4417979f578eff12e6b47d0c5beda36683eb5dc18b1,297728,200,image/jpeg,1,,1,1
LTMD_U1_W3_SPANISH_2018_2019_ROUTE_IDENTITY_0.1,H2018P6LEA,H2019P6LEA,6,Español. Libro de lectura,56,162,https://historico.conaliteg.gob.mx/c/H2019P6LEA/056.jpg,59caf7448ec3d7d0e3133f7d473391796ef661e21bd3d8e7f19c078576e4ad6d,452461,59caf7448ec3d7d0e3133f7d473391796ef661e21bd3d8e7f19c078576e4ad6d,452461,200,image/jpeg,1,,1,1
LTMD_U1_W3_SPANISH_2018_2019_ROUTE_IDENTITY_0.1,H2018P6LEA,H2019P6LEA,6,Español. Libro de lectura,57,162,https://historico.conaliteg.gob.mx/c/H2019P6LEA/057.jpg,2aec5e540c66fdd6ba2cbbcd13c78e3f7d50e95a563ea14a996b59c681ca3e40,451449,2aec5e540c66fdd6ba2cbbcd13c78e3f7d50e95a563ea14a996b59c681ca3e40,451449,200,image/jpeg,1,,1,1
LTMD_U1_W3_SPANISH_2018_2019_ROUTE_IDENTITY_0.1,H2018P6LEA,H2019P6LEA,6,Español. Libro de lectura,58,162,https://historico.conaliteg.gob.mx/c/H2019P6LEA/058.jpg,d3e1e935cdfad6fb68ea2005fd7d6b37b09f47fc92cf5fbe8ef3d17fc82b2dc6,271963,d3e1e935cdfad6fb68ea2005fd7d6b37b09f47fc92cf5fbe8ef3d17fc82b2dc6,271963,200,image/jpeg,1,,1,1
LTMD_U1_W3_SPANISH_2018_2019_ROUTE_IDENTITY_0.1,H2018P6LEA,H2019P6LEA,6,Español. Libro de lectura,59,162,https://historico.conaliteg.gob.mx/c/H2019P6LEA/059.jpg,8994a6fa88672f100a09be3f882867843042a66c6ab2b1f620227a093d731518,288802,8994a6fa88672f100a09be3f882867843042a66c6ab2b1f620227a093d731518,288802,200,image/jpeg,1,,1,1
LTMD_U1_W3_SPANISH_2018_2019_ROUTE_IDENTITY_0.1,H2018P6LEA,H2019P6LEA,6,Español. Libro de lectura,60,162,https://historico.conaliteg.gob.mx/c/H2019P6LEA/060.jpg,f8a3870eb57f2232165afa9f32d12cc7d473fc855885a674a9408f3ff1deeec0,323118,f8a3870eb57f2232165afa9f32d12cc7d473fc855885a674a9408f3ff1deeec0,323118,200,image/jpeg,1,,1,1
LTMD_U1_W3_SPANISH_2018_2019_ROUTE_IDENTITY_0.1,H2018P6LEA,H2019P6LEA,6,Español. Libro de lectura,61,162,https://historico.conaliteg.gob.mx/c/H2019P6LEA/061.jpg,be960b5b1dfe38d74b236effeed9050f40393e27fdbb7aa215d74e7464263874,288489,be960b5b1dfe38d74b236effeed9050f40393e27fdbb7aa215d74e7464263874,288489,200,image/jpeg,1,,1,1
LTMD_U1_W3_SPANISH_2018_2019_ROUTE_IDENTITY_0.1,H2018P6LEA,H2019P6LEA,6,Español. Libro de lectura,62,162,https://historico.conaliteg.gob.mx/c/H2019P6LEA/062.jpg,f8220df1565672b918bf6474bd4576d1c99021c064763f16a6f00cc3c4f85a54,294834,f8220df1565672b918bf6474bd4576d1c99021c064763f16a6f00cc3c4f85a54,294834,200,image/jpeg,1,,1,1
LTMD_U1_W3_SPANISH_2018_2019_ROUTE_IDENTITY_0.1,H2018P6LEA,H2019P6LEA,6,Español. Libro de lectura,63,162,https://historico.conaliteg.gob.mx/c/H2019P6LEA/063.jpg,3f2a13b5b28fcec16f7b58eb279030dd7fe5cfad155eb42ad0c645bbf76421aa,267005,3f2a13b5b28fcec16f7b58eb279030dd7fe5cfad155eb42ad0c645bbf76421aa,267005,200,image/jpeg,1,,1,1
LTMD_U1_W3_SPANISH_2018_2019_ROUTE_IDENTITY_0.1,H2018P6LEA,H2019P6LEA,6,Español. Libro de lectura,64,162,https://historico.conaliteg.gob.mx/c/H2019P6LEA/064.jpg,fce8fe980518404aa2cfb5b2fb80cebe50234e81fd15c8874cd697b68dc059af,305137,fce8fe980518404aa2cfb5b2fb80cebe50234e81fd15c8874cd697b68dc059af,305137,200,image/jpeg,1,,1,1
LTMD_U1_W3_SPANISH_2018_2019_ROUTE_IDENTITY_0.1,H2018P6LEA,H2019P6LEA,6,Español. Libro de lectura,65,162,https://historico.conaliteg.gob.mx/c/H2019P6LEA/065.jpg,0edfe5e6551f362c8d6096be33b339b71c09368eb7ebbd92620c42fa67c9676a,322692,0edfe5e6551f362c8d6096be33b339b71c09368eb7ebbd92620c42fa67c9676a,322692,200,image/jpeg,1,,1,1
LTMD_U1_W3_SPANISH_2018_2019_ROUTE_IDENTITY_0.1,H2018P6LEA,H2019P6LEA,6,Español. Libro de lectura,66,162,https://historico.conaliteg.gob.mx/c/H2019P6LEA/066.jpg,12cc611b6a2743e07ed698828bfa5f2e62db05fc3511d7cc2d6794a43a2b0da9,261942,12cc611b6a2743e07ed698828bfa5f2e62db05fc3511d7cc2d6794a43a2b0da9,261942,200,image/jpeg,1,,1,1
LTMD_U1_W3_SPANISH_2018_2019_ROUTE_IDENTITY_0.1,H2018P6LEA,H2019P6LEA,6,Español. Libro de lectura,67,162,https://historico.conaliteg.gob.mx/c/H2019P6LEA/067.jpg,d86c4fbc2b00ecd034e54d9fb3336aa34186cf23e5d2d9543eb1bd5d0a6ab36d,292119,d86c4fbc2b00ecd034e54d9fb3336aa34186cf23e5d2d9543eb1bd5d0a6ab36d,292119,200,image/jpeg,1,,1,1
LTMD_U1_W3_SPANISH_2018_2019_ROUTE_IDENTITY_0.1,H2018P6LEA,H2019P6LEA,6,Español. Libro de lectura,68,162,https://historico.conaliteg.gob.mx/c/H2019P6LEA/068.jpg,9950c2f494944b2141f9b7e94510edbf2a091d9315c4563155a9bffb4664e6f8,311755,9950c2f494944b2141f9b7e94510edbf2a091d9315c4563155a9bffb4664e6f8,311755,200,image/jpeg,1,,1,1
LTMD_U1_W3_SPANISH_2018_2019_ROUTE_IDENTITY_0.1,H2018P6LEA,H2019P6LEA,6,Español. Libro de lectura,69,162,https://historico.conaliteg.gob.mx/c/H2019P6LEA/069.jpg,28d90079d9e399d62e21158d73ad9f69a6e3dfe1180c56e7e61ed47204e08b91,339429,28d90079d9e399d62e21158d73ad9f69a6e3dfe1180c56e7e61ed47204e08b91,339429,200,image/jpeg,1,,1,1
LTMD_U1_W3_SPANISH_2018_2019_ROUTE_IDENTITY_0.1,H2018P6LEA,H2019P6LEA,6,Español. Libro de lectura,70,162,https://historico.conaliteg.gob.mx/c/H2019P6LEA/070.jpg,55c6d2c48a359e681846d2f64c7923f616b38c50a086bc69c78bd157ff4b73b6,281813,55c6d2c48a359e681846d2f64c7923f616b38c50a086bc69c78bd157ff4b73b6,281813,200,image/jpeg,1,,1,1
LTMD_U1_W3_SPANISH_2018_2019_ROUTE_IDENTITY_0.1,H2018P6LEA,H2019P6LEA,6,Español. Libro de lectura,71,162,https://historico.conaliteg.gob.mx/c/H2019P6LEA/071.jpg,6a71495a0a446500148ebec3aa82691b8bf09a03ba489cfb13ba7e2de5049806,317453,6a71495a0a446500148ebec3aa82691b8bf09a03ba489cfb13ba7e2de5049806,317453,200,image/jpeg,1,,1,1
LTMD_U1_W3_SPANISH_2018_2019_ROUTE_IDENTITY_0.1,H2018P6LEA,H2019P6LEA,6,Español. Libro de lectura,72,162,https://historico.conaliteg.gob.mx/c/H2019P6LEA/072.jpg,424f7f923b0877f7e9621d57f08d5b3a062f4ed47fb6897308cf0abf7fc4160e,314523,424f7f923b0877f7e9621d57f08d5b3a062f4ed47fb6897308cf0abf7fc4160e,314523,200,image/jpeg,1,,1,1
LTMD_U1_W3_SPANISH_2018_2019_ROUTE_IDENTITY_0.1,H2018P6LEA,H2019P6LEA,6,Español. Libro de lectura,73,162,https://historico.conaliteg.gob.mx/c/H2019P6LEA/073.jpg,c095e64f4bf4dd612f08ece2bc76467f2afb7fc6df83dca857c606d0308e41e0,293139,c095e64f4bf4dd612f08ece2bc76467f2afb7fc6df83dca857c606d0308e41e0,293139,200,image/jpeg,1,,1,1
LTMD_U1_W3_SPANISH_2018_2019_ROUTE_IDENTITY_0.1,H2018P6LEA,H2019P6LEA,6,Español. Libro de lectura,74,162,https://historico.conaliteg.gob.mx/c/H2019P6LEA/074.jpg,0b1a6a9afc6f5c85ea88c285eded92c180dde8b88662e93e0f7d7a3c906a1b59,212771,0b1a6a9afc6f5c85ea88c285eded92c180dde8b88662e93e0f7d7a3c906a1b59,212771,200,image/jpeg,1,,1,1
LTMD_U1_W3_SPANISH_2018_2019_ROUTE_IDENTITY_0.1,H2018P6LEA,H2019P6LEA,6,Español. Libro de lectura,75,162,https://historico.conaliteg.gob.mx/c/H2019P6LEA/075.jpg,7ac99c1034bfdb0622a30203a1550266bc083ca615767319793bef3673a63968,318363,7ac99c1034bfdb0622a30203a1550266bc083ca615767319793bef3673a63968,318363,200,image/jpeg,1,,1,1
LTMD_U1_W3_SPANISH_2018_2019_ROUTE_IDENTITY_0.1,H2018P6LEA,H2019P6LEA,6,Español. Libro de lectura,76,162,https://historico.conaliteg.gob.mx/c/H2019P6LEA/076.jpg,154bdb63ce54440be7a87a8d21cb0d0987b40a3ad798da62b38451d96073205f,438859,154bdb63ce54440be7a87a8d21cb0d0987b40a3ad798da62b38451d96073205f,438859,200,image/jpeg,1,,1,1
LTMD_U1_W3_SPANISH_2018_2019_ROUTE_IDENTITY_0.1,H2018P6LEA,H2019P6LEA,6,Español. Libro de lectura,77,162,https://historico.conaliteg.gob.mx/c/H2019P6LEA/077.jpg,da6a54ef6ecdf9fba05204e4bfe38792c547a93fcc303251739108192844c266,489896,da6a54ef6ecdf9fba05204e4bfe38792c547a93fcc303251739108192844c266,489896,200,image/jpeg,1,,1,1
LTMD_U1_W3_SPANISH_2018_2019_ROUTE_IDENTITY_0.1,H2018P6LEA,H2019P6LEA,6,Español. Libro de lectura,78,162,https://historico.conaliteg.gob.mx/c/H2019P6LEA/078.jpg,73a0dd98883d8ccd80df4863616fb40f3cd0c9fc7037af475b0c251e329698bc,195252,73a0dd98883d8ccd80df4863616fb40f3cd0c9fc7037af475b0c251e329698bc,195252,200,image/jpeg,1,,1,1
LTMD_U1_W3_SPANISH_2018_2019_ROUTE_IDENTITY_0.1,H2018P6LEA,H2019P6LEA,6,Español. Libro de lectura,79,162,https://historico.conaliteg.gob.mx/c/H2019P6LEA/079.jpg,150e72bbba3603c22df07f208ae129c584524176998f940d245cc095c8ded21c,293513,150e72bbba3603c22df07f208ae129c584524176998f940d245cc095c8ded21c,293513,200,image/jpeg,1,,1,1
LTMD_U1_W3_SPANISH_2018_2019_ROUTE_IDENTITY_0.1,H2018P6LEA,H2019P6LEA,6,Español. Libro de lectura,80,162,https://historico.conaliteg.gob.mx/c/H2019P6LEA/080.jpg,a6dc7c160fb65edce64d8ef04ee6d68e8da44accfa3e6d9f5bfb2765408852f9,588638,a6dc7c160fb65edce64d8ef04ee6d68e8da44accfa3e6d9f5bfb2765408852f9,588638,200,image/jpeg,1,,1,1
LTMD_U1_W3_SPANISH_2018_2019_ROUTE_IDENTITY_0.1,H2018P6LEA,H2019P6LEA,6,Español. Libro de lectura,81,162,https://historico.conaliteg.gob.mx/c/H2019P6LEA/081.jpg,088094ee7fa2fea2eef5478f9421bb34cbf793f228e08714f3e072f64c0b1371,495080,088094ee7fa2fea2eef5478f9421bb34cbf793f228e08714f3e072f64c0b1371,495080,200,image/jpeg,1,,1,1
LTMD_U1_W3_SPANISH_2018_2019_ROUTE_IDENTITY_0.1,H2018P6LEA,H2019P6LEA,6,Español. Libro de lectura,82,162,https://historico.conaliteg.gob.mx/c/H2019P6LEA/082.jpg,e6fd675af85a61543cf47a05bf09f0a3c6e17eba1330df6d762d40522e45c0d8,592955,e6fd675af85a61543cf47a05bf09f0a3c6e17eba1330df6d762d40522e45c0d8,592955,200,image/jpeg,1,,1,1
LTMD_U1_W3_SPANISH_2018_2019_ROUTE_IDENTITY_0.1,H2018P6LEA,H2019P6LEA,6,Español. Libro de lectura,83,162,https://historico.conaliteg.gob.mx/c/H2019P6LEA/083.jpg,34149ac961bec3ba4728d693bf4e9754aebc1b6af8efe6875c26a887d772916e,436547,34149ac961bec3ba4728d693bf4e9754aebc1b6af8efe6875c26a887d772916e,436547,200,image/jpeg,1,,1,1
LTMD_U1_W3_SPANISH_2018_2019_ROUTE_IDENTITY_0.1,H2018P6LEA,H2019P6LEA,6,Español. Libro de lectura,84,162,https://historico.conaliteg.gob.mx/c/H2019P6LEA/084.jpg,3b171089eb1baeaab22aa9dbbc26e3f8429ea5efce06daaafef4466d9df6cdbf,572518,3b171089eb1baeaab22aa9dbbc26e3f8429ea5efce06daaafef4466d9df6cdbf,572518,200,image/jpeg,1,,1,1
LTMD_U1_W3_SPANISH_2018_2019_ROUTE_IDENTITY_0.1,H2018P6LEA,H2019P6LEA,6,Español. Libro de lectura,85,162,https://historico.conaliteg.gob.mx/c/H2019P6LEA/085.jpg,50fe60c0d9566c3365bff9564fa39029d254429cfc2f5db58a2b7cb716b68fc7,443613,50fe60c0d9566c3365bff9564fa39029d254429cfc2f5db58a2b7cb716b68fc7,443613,200,image/jpeg,1,,1,1
LTMD_U1_W3_SPANISH_2018_2019_ROUTE_IDENTITY_0.1,H2018P6LEA,H2019P6LEA,6,Español. Libro de lectura,86,162,https://historico.conaliteg.gob.mx/c/H2019P6LEA/086.jpg,772ceb097cb0bf763ac842c13480e34d1c7665b9ae010de9f37e04996dae13a4,225673,772ceb097cb0bf763ac842c13480e34d1c7665b9ae010de9f37e04996dae13a4,225673,200,image/jpeg,1,,1,1
LTMD_U1_W3_SPANISH_2018_2019_ROUTE_IDENTITY_0.1,H2018P6LEA,H2019P6LEA,6,Español. Libro de lectura,87,162,https://historico.conaliteg.gob.mx/c/H2019P6LEA/087.jpg,004a1e4ab0a4fe32a5ca5fbdb191c810b6f6774adad5c08062a3a2896a69fbee,215661,004a1e4ab0a4fe32a5ca5fbdb191c810b6f6774adad5c08062a3a2896a69fbee,215661,200,image/jpeg,1,,1,1
LTMD_U1_W3_SPANISH_2018_2019_ROUTE_IDENTITY_0.1,H2018P6LEA,H2019P6LEA,6,Español. Libro de lectura,88,162,https://historico.conaliteg.gob.mx/c/H2019P6LEA/088.jpg,f22b72f8e6825b8afa2ae53475cfa521a33b28ff395142436d767d33fb1f0d4a,245571,f22b72f8e6825b8afa2ae53475cfa521a33b28ff395142436d767d33fb1f0d4a,245571,200,image/jpeg,1,,1,1
LTMD_U1_W3_SPANISH_2018_2019_ROUTE_IDENTITY_0.1,H2018P6LEA,H2019P6LEA,6,Español. Libro de lectura,89,162,https://historico.conaliteg.gob.mx/c/H2019P6LEA/089.jpg,e9396357375c58209f1c1a5619cfab2d0f07bf41c6dfd8bbacec3de9ecde1f6b,209858,e9396357375c58209f1c1a5619cfab2d0f07bf41c6dfd8bbacec3de9ecde1f6b,209858,200,image/jpeg,1,,1,1
LTMD_U1_W3_SPANISH_2018_2019_ROUTE_IDENTITY_0.1,H2018P6LEA,H2019P6LEA,6,Español. Libro de lectura,90,162,https://historico.conaliteg.gob.mx/c/H2019P6LEA/090.jpg,c1551c28868d26a79d5fbb363e8d0376d1ce51763ed4c9aac2a4a879f6fddd5b,523352,c1551c28868d26a79d5fbb363e8d0376d1ce51763ed4c9aac2a4a879f6fddd5b,523352,200,image/jpeg,1,,1,1
LTMD_U1_W3_SPANISH_2018_2019_ROUTE_IDENTITY_0.1,H2018P6LEA,H2019P6LEA,6,Español. Libro de lectura,91,162,https://historico.conaliteg.gob.mx/c/H2019P6LEA/091.jpg,d0d4f2f637e872f1bf405e1311484c616ef53c561e69126d7d94f6bd0151b622,559290,d0d4f2f637e872f1bf405e1311484c616ef53c561e69126d7d94f6bd0151b622,559290,200,image/jpeg,1,,1,1
LTMD_U1_W3_SPANISH_2018_2019_ROUTE_IDENTITY_0.1,H2018P6LEA,H2019P6LEA,6,Español. Libro de lectura,92,162,https://historico.conaliteg.gob.mx/c/H2019P6LEA/092.jpg,171e83f1713ee6efe6f6e49d7fda47fc6cd6e18395b861ea62c97bd22be9c0b0,488853,171e83f1713ee6efe6f6e49d7fda47fc6cd6e18395b861ea62c97bd22be9c0b0,488853,200,image/jpeg,1,,1,1
LTMD_U1_W3_SPANISH_2018_2019_ROUTE_IDENTITY_0.1,H2018P6LEA,H2019P6LEA,6,Español. Libro de lectura,93,162,https://historico.conaliteg.gob.mx/c/H2019P6LEA/093.jpg,1426c018df8fdb9b25e63535d26218fe4a27b031e7c39ee5d5b8824a92e2165b,590583,1426c018df8fdb9b25e63535d26218fe4a27b031e7c39ee5d5b8824a92e2165b,590583,200,image/jpeg,1,,1,1
LTMD_U1_W3_SPANISH_2018_2019_ROUTE_IDENTITY_0.1,H2018P6LEA,H2019P6LEA,6,Español. Libro de lectura,94,162,https://historico.conaliteg.gob.mx/c/H2019P6LEA/094.jpg,afd3cd271b70e5aed207a1736de30bf609ceacabd9219b57a8b7c8b7b93fe757,460687,afd3cd271b70e5aed207a1736de30bf609ceacabd9219b57a8b7c8b7b93fe757,460687,200,image/jpeg,1,,1,1
LTMD_U1_W3_SPANISH_2018_2019_ROUTE_IDENTITY_0.1,H2018P6LEA,H2019P6LEA,6,Español. Libro de lectura,95,162,https://historico.conaliteg.gob.mx/c/H2019P6LEA/095.jpg,57a8e2ac9f6529dc072439964f20b2587fb8e41946d1721254bdd892481e7551,599310,57a8e2ac9f6529dc072439964f20b2587fb8e41946d1721254bdd892481e7551,599310,200,image/jpeg,1,,1,1
LTMD_U1_W3_SPANISH_2018_2019_ROUTE_IDENTITY_0.1,H2018P6LEA,H2019P6LEA,6,Español. Libro de lectura,96,162,https://historico.conaliteg.gob.mx/c/H2019P6LEA/096.jpg,d6efbaee735deac7ccfe33cda37598eee2955143b421cbc5f32dd12cf7b1db97,538236,d6efbaee735deac7ccfe33cda37598eee2955143b421cbc5f32dd12cf7b1db97,538236,200,image/jpeg,1,,1,1
LTMD_U1_W3_SPANISH_2018_2019_ROUTE_IDENTITY_0.1,H2018P6LEA,H2019P6LEA,6,Español. Libro de lectura,97,162,https://historico.conaliteg.gob.mx/c/H2019P6LEA/097.jpg,dc8c565c07b28dd949d90631f2912e3dcda0ebde48d946a8f337bb069abca53e,390928,dc8c565c07b28dd949d90631f2912e3dcda0ebde48d946a8f337bb069abca53e,390928,200,image/jpeg,1,,1,1
LTMD_U1_W3_SPANISH_2018_2019_ROUTE_IDENTITY_0.1,H2018P6LEA,H2019P6LEA,6,Español. Libro de lectura,98,162,https://historico.conaliteg.gob.mx/c/H2019P6LEA/098.jpg,b09357644b46b52f833375cc6d535727a41ab797c96616376dd70e48ad03adbc,555507,b09357644b46b52f833375cc6d535727a41ab797c96616376dd70e48ad03adbc,555507,200,image/jpeg,1,,1,1
LTMD_U1_W3_SPANISH_2018_2019_ROUTE_IDENTITY_0.1,H2018P6LEA,H2019P6LEA,6,Español. Libro de lectura,99,162,https://historico.conaliteg.gob.mx/c/H2019P6LEA/099.jpg,0f3be1de762ab38baf36fc090775778b0316a3dadaf13408604e983fdba4604b,411839,0f3be1de762ab38baf36fc090775778b0316a3dadaf13408604e983fdba4604b,411839,200,image/jpeg,1,,1,1
LTMD_U1_W3_SPANISH_2018_2019_ROUTE_IDENTITY_0.1,H2018P6LEA,H2019P6LEA,6,Español. Libro de lectura,100,162,https://historico.conaliteg.gob.mx/c/H2019P6LEA/100.jpg,d5eca834a904f91b7e262b3a59f4ceb12430e33f0c7a0377f48f00f3fe821914,484490,d5eca834a904f91b7e262b3a59f4ceb12430e33f0c7a0377f48f00f3fe821914,484490,200,image/jpeg,1,,1,1
LTMD_U1_W3_SPANISH_2018_2019_ROUTE_IDENTITY_0.1,H2018P6LEA,H2019P6LEA,6,Español. Libro de lectura,101,162,https://historico.conaliteg.gob.mx/c/H2019P6LEA/101.jpg,95126cc70032e28d0e53122068b8003f1bb6ccc07bf7827862896db26503fe16,488343,95126cc70032e28d0e53122068b8003f1bb6ccc07bf7827862896db26503fe16,488343,200,image/jpeg,1,,1,1
LTMD_U1_W3_SPANISH_2018_2019_ROUTE_IDENTITY_0.1,H2018P6LEA,H2019P6LEA,6,Español. Libro de lectura,102,162,https://historico.conaliteg.gob.mx/c/H2019P6LEA/102.jpg,72e2f75444f6cf4bb57a3ed00c58f6295078594ced0875c8192bd50ef27aec2c,476486,72e2f75444f6cf4bb57a3ed00c58f6295078594ced0875c8192bd50ef27aec2c,476486,200,image/jpeg,1,,1,1
LTMD_U1_W3_SPANISH_2018_2019_ROUTE_IDENTITY_0.1,H2018P6LEA,H2019P6LEA,6,Español. Libro de lectura,103,162,https://historico.conaliteg.gob.mx/c/H2019P6LEA/103.jpg,9ddb568cb0bed6e9ef5e90a2d3319bc734a6d1650b2a556148d373960e4c1ac4,512356,9ddb568cb0bed6e9ef5e90a2d3319bc734a6d1650b2a556148d373960e4c1ac4,512356,200,image/jpeg,1,,1,1
LTMD_U1_W3_SPANISH_2018_2019_ROUTE_IDENTITY_0.1,H2018P6LEA,H2019P6LEA,6,Español. Libro de lectura,104,162,https://historico.conaliteg.gob.mx/c/H2019P6LEA/104.jpg,54ef9c494d3c9c18f2d7923087bb9b51b4d93143056edefbbcf81f571c374cb7,311866,54ef9c494d3c9c18f2d7923087bb9b51b4d93143056edefbbcf81f571c374cb7,311866,200,image/jpeg,1,,1,1
LTMD_U1_W3_SPANISH_2018_2019_ROUTE_IDENTITY_0.1,H2018P6LEA,H2019P6LEA,6,Español. Libro de lectura,105,162,https://historico.conaliteg.gob.mx/c/H2019P6LEA/105.jpg,f6ae712213f2fbdaddaa6e2cf227f1373ab2872d6a6cd618077ac0c7f4748b96,297895,f6ae712213f2fbdaddaa6e2cf227f1373ab2872d6a6cd618077ac0c7f4748b96,297895,200,image/jpeg,1,,1,1
LTMD_U1_W3_SPANISH_2018_2019_ROUTE_IDENTITY_0.1,H2018P6LEA,H2019P6LEA,6,Español. Libro de lectura,106,162,https://historico.conaliteg.gob.mx/c/H2019P6LEA/106.jpg,be6bc3285f81f8d9c168a01be2bc130bbec12869e973f815492b184a70271cb2,295990,be6bc3285f81f8d9c168a01be2bc130bbec12869e973f815492b184a70271cb2,295990,200,image/jpeg,1,,1,1
LTMD_U1_W3_SPANISH_2018_2019_ROUTE_IDENTITY_0.1,H2018P6LEA,H2019P6LEA,6,Español. Libro de lectura,107,162,https://historico.conaliteg.gob.mx/c/H2019P6LEA/107.jpg,6d4037f6bc2f7d9c662e34f0461f6a7394cf19c4af86c46298690dcd0453739f,344448,6d4037f6bc2f7d9c662e34f0461f6a7394cf19c4af86c46298690dcd0453739f,344448,200,image/jpeg,1,,1,1
LTMD_U1_W3_SPANISH_2018_2019_ROUTE_IDENTITY_0.1,H2018P6LEA,H2019P6LEA,6,Español. Libro de lectura,108,162,https://historico.conaliteg.gob.mx/c/H2019P6LEA/108.jpg,16a4b21714ca4158aa1c953f83ab452aa991f54f97dfe54d6fb5ed31f8b582a1,340646,16a4b21714ca4158aa1c953f83ab452aa991f54f97dfe54d6fb5ed31f8b582a1,340646,200,image/jpeg,1,,1,1
LTMD_U1_W3_SPANISH_2018_2019_ROUTE_IDENTITY_0.1,H2018P6LEA,H2019P6LEA,6,Español. Libro de lectura,109,162,https://historico.conaliteg.gob.mx/c/H2019P6LEA/109.jpg,d9d4e8352acc868efb116f16264f026c92c3f5d63569b03ba5af02e7b463bda4,320581,d9d4e8352acc868efb116f16264f026c92c3f5d63569b03ba5af02e7b463bda4,320581,200,image/jpeg,1,,1,1
LTMD_U1_W3_SPANISH_2018_2019_ROUTE_IDENTITY_0.1,H2018P6LEA,H2019P6LEA,6,Español. Libro de lectura,110,162,https://historico.conaliteg.gob.mx/c/H2019P6LEA/110.jpg,946800ff7a2c23c5efb494fb27ea4bc04cd73d334e6389bd00064bfdf1f33864,309769,946800ff7a2c23c5efb494fb27ea4bc04cd73d334e6389bd00064bfdf1f33864,309769,200,image/jpeg,1,,1,1
LTMD_U1_W3_SPANISH_2018_2019_ROUTE_IDENTITY_0.1,H2018P6LEA,H2019P6LEA,6,Español. Libro de lectura,111,162,https://historico.conaliteg.gob.mx/c/H2019P6LEA/111.jpg,cc126cb3e7befcca1e9087828bfac4947f6f4e4ba782bd5a7816d0d9a9bb5e39,291007,cc126cb3e7befcca1e9087828bfac4947f6f4e4ba782bd5a7816d0d9a9bb5e39,291007,200,image/jpeg,1,,1,1
LTMD_U1_W3_SPANISH_2018_2019_ROUTE_IDENTITY_0.1,H2018P6LEA,H2019P6LEA,6,Español. Libro de lectura,112,162,https://historico.conaliteg.gob.mx/c/H2019P6LEA/112.jpg,ec1f55e3be7abc13fd0ec1c3a5df5550f1865958b8f9a0e507996f7bef28b72c,471828,ec1f55e3be7abc13fd0ec1c3a5df5550f1865958b8f9a0e507996f7bef28b72c,471828,200,image/jpeg,1,,1,1
LTMD_U1_W3_SPANISH_2018_2019_ROUTE_IDENTITY_0.1,H2018P6LEA,H2019P6LEA,6,Español. Libro de lectura,113,162,https://historico.conaliteg.gob.mx/c/H2019P6LEA/113.jpg,82e40e00aca89c205e1b9fc426b6aedae2a07d9af802bc073af75a0ed4e4199c,393434,82e40e00aca89c205e1b9fc426b6aedae2a07d9af802bc073af75a0ed4e4199c,393434,200,image/jpeg,1,,1,1
LTMD_U1_W3_SPANISH_2018_2019_ROUTE_IDENTITY_0.1,H2018P6LEA,H2019P6LEA,6,Español. Libro de lectura,114,162,https://historico.conaliteg.gob.mx/c/H2019P6LEA/114.jpg,9fb1908308edf7766c1eb316c92c037589b227a60dde7cb05780091fed0ac001,374951,9fb1908308edf7766c1eb316c92c037589b227a60dde7cb05780091fed0ac001,374951,200,image/jpeg,1,,1,1
LTMD_U1_W3_SPANISH_2018_2019_ROUTE_IDENTITY_0.1,H2018P6LEA,H2019P6LEA,6,Español. Libro de lectura,115,162,https://historico.conaliteg.gob.mx/c/H2019P6LEA/115.jpg,da44908c5afb53b67381a07fc0b2bd903cedede1a0d21cfdef9f11c090da502c,380941,da44908c5afb53b67381a07fc0b2bd903cedede1a0d21cfdef9f11c090da502c,380941,200,image/jpeg,1,,1,1
LTMD_U1_W3_SPANISH_2018_2019_ROUTE_IDENTITY_0.1,H2018P6LEA,H2019P6LEA,6,Español. Libro de lectura,116,162,https://historico.conaliteg.gob.mx/c/H2019P6LEA/116.jpg,75d93a7713f1b88cd7b25d4936680a19eb0c0a2ad97fe629b02ec191e39fa73e,460037,75d93a7713f1b88cd7b25d4936680a19eb0c0a2ad97fe629b02ec191e39fa73e,460037,200,image/jpeg,1,,1,1
LTMD_U1_W3_SPANISH_2018_2019_ROUTE_IDENTITY_0.1,H2018P6LEA,H2019P6LEA,6,Español. Libro de lectura,117,162,https://historico.conaliteg.gob.mx/c/H2019P6LEA/117.jpg,f1ebdf12b7cb497a83e49a6a3876b59b5f5272256e64be3f146587ae88539643,441182,f1ebdf12b7cb497a83e49a6a3876b59b5f5272256e64be3f146587ae88539643,441182,200,image/jpeg,1,,1,1
LTMD_U1_W3_SPANISH_2018_2019_ROUTE_IDENTITY_0.1,H2018P6LEA,H2019P6LEA,6,Español. Libro de lectura,118,162,https://historico.conaliteg.gob.mx/c/H2019P6LEA/118.jpg,7ec6f4b97540af19b75bb7b635ec0d47661050c8e35cc28c34692032708e90e8,311690,7ec6f4b97540af19b75bb7b635ec0d47661050c8e35cc28c34692032708e90e8,311690,200,image/jpeg,1,,1,1
LTMD_U1_W3_SPANISH_2018_2019_ROUTE_IDENTITY_0.1,H2018P6LEA,H2019P6LEA,6,Español. Libro de lectura,119,162,https://historico.conaliteg.gob.mx/c/H2019P6LEA/119.jpg,8219f0c082a58d5afd72e83fee97b71720daaeaba2c6e5221d7432d8a0875ce3,294770,8219f0c082a58d5afd72e83fee97b71720daaeaba2c6e5221d7432d8a0875ce3,294770,200,image/jpeg,1,,1,1
LTMD_U1_W3_SPANISH_2018_2019_ROUTE_IDENTITY_0.1,H2018P6LEA,H2019P6LEA,6,Español. Libro de lectura,120,162,https://historico.conaliteg.gob.mx/c/H2019P6LEA/120.jpg,a89e9b465c4cf8bb938b9dc34672c6b6577d2835257f0f00571e8b5df0e0dac3,277411,a89e9b465c4cf8bb938b9dc34672c6b6577d2835257f0f00571e8b5df0e0dac3,277411,200,image/jpeg,1,,1,1
LTMD_U1_W3_SPANISH_2018_2019_ROUTE_IDENTITY_0.1,H2018P6LEA,H2019P6LEA,6,Español. Libro de lectura,121,162,https://historico.conaliteg.gob.mx/c/H2019P6LEA/121.jpg,7d468355d455ebb5cc41ded5fbf3c3773aacea7f35ebb284404474fd0de09390,290965,7d468355d455ebb5cc41ded5fbf3c3773aacea7f35ebb284404474fd0de09390,290965,200,image/jpeg,1,,1,1
LTMD_U1_W3_SPANISH_2018_2019_ROUTE_IDENTITY_0.1,H2018P6LEA,H2019P6LEA,6,Español. Libro de lectura,122,162,https://historico.conaliteg.gob.mx/c/H2019P6LEA/122.jpg,aae85f5d7e0a80adee07e644705c1f14f751c3c95de6b6e3df9f2b8d82791d49,326835,aae85f5d7e0a80adee07e644705c1f14f751c3c95de6b6e3df9f2b8d82791d49,326835,200,image/jpeg,1,,1,1
LTMD_U1_W3_SPANISH_2018_2019_ROUTE_IDENTITY_0.1,H2018P6LEA,H2019P6LEA,6,Español. Libro de lectura,123,162,https://historico.conaliteg.gob.mx/c/H2019P6LEA/123.jpg,27712999afb8f4f8b406f66f7600b9203e147bc7e04898741ed3fcf078832bc4,242902,27712999afb8f4f8b406f66f7600b9203e147bc7e04898741ed3fcf078832bc4,242902,200,image/jpeg,1,,1,1
LTMD_U1_W3_SPANISH_2018_2019_ROUTE_IDENTITY_0.1,H2018P6LEA,H2019P6LEA,6,Español. Libro de lectura,124,162,https://historico.conaliteg.gob.mx/c/H2019P6LEA/124.jpg,a35fdee6b14b9458dcf45b838ec7909650aa3e5ef99b3839e0a75a503e80a7e0,249589,a35fdee6b14b9458dcf45b838ec7909650aa3e5ef99b3839e0a75a503e80a7e0,249589,200,image/jpeg,1,,1,1
LTMD_U1_W3_SPANISH_2018_2019_ROUTE_IDENTITY_0.1,H2018P6LEA,H2019P6LEA,6,Español. Libro de lectura,125,162,https://historico.conaliteg.gob.mx/c/H2019P6LEA/125.jpg,e17aec4ed39f894cc20b117fa748c0f428f28cde1fd3d38f444de5315f4c5a9e,283310,e17aec4ed39f894cc20b117fa748c0f428f28cde1fd3d38f444de5315f4c5a9e,283310,200,image/jpeg,1,,1,1
LTMD_U1_W3_SPANISH_2018_2019_ROUTE_IDENTITY_0.1,H2018P6LEA,H2019P6LEA,6,Español. Libro de lectura,126,162,https://historico.conaliteg.gob.mx/c/H2019P6LEA/126.jpg,f05f1ba4a23c6ebf6a19e9879890222d8dfbba141f1797ab24869c0c0b454259,288122,f05f1ba4a23c6ebf6a19e9879890222d8dfbba141f1797ab24869c0c0b454259,288122,200,image/jpeg,1,,1,1
LTMD_U1_W3_SPANISH_2018_2019_ROUTE_IDENTITY_0.1,H2018P6LEA,H2019P6LEA,6,Español. Libro de lectura,127,162,https://historico.conaliteg.gob.mx/c/H2019P6LEA/127.jpg,6bb548ae01bf5b49ac9df89cf11180a263de57b19f00f3c2e5ec3555e90367f7,255218,6bb548ae01bf5b49ac9df89cf11180a263de57b19f00f3c2e5ec3555e90367f7,255218,200,image/jpeg,1,,1,1
LTMD_U1_W3_SPANISH_2018_2019_ROUTE_IDENTITY_0.1,H2018P6LEA,H2019P6LEA,6,Español. Libro de lectura,128,162,https://historico.conaliteg.gob.mx/c/H2019P6LEA/128.jpg,024b40798fec52cb9c1aae825a4d69789981ed0707a91388b1a806d3ff3aa901,229825,024b40798fec52cb9c1aae825a4d69789981ed0707a91388b1a806d3ff3aa901,229825,200,image/jpeg,1,,1,1
LTMD_U1_W3_SPANISH_2018_2019_ROUTE_IDENTITY_0.1,H2018P6LEA,H2019P6LEA,6,Español. Libro de lectura,129,162,https://historico.conaliteg.gob.mx/c/H2019P6LEA/129.jpg,dc092a637551605f17ca45d49a597291d11922b8ca280be6d86a3ecad510f842,298760,dc092a637551605f17ca45d49a597291d11922b8ca280be6d86a3ecad510f842,298760,200,image/jpeg,1,,1,1
LTMD_U1_W3_SPANISH_2018_2019_ROUTE_IDENTITY_0.1,H2018P6LEA,H2019P6LEA,6,Español. Libro de lectura,130,162,https://historico.conaliteg.gob.mx/c/H2019P6LEA/130.jpg,2598e680b039d85989243172b33adbbdc4bcb40571871e789f4192b9cfe8a70c,213418,2598e680b039d85989243172b33adbbdc4bcb40571871e789f4192b9cfe8a70c,213418,200,image/jpeg,1,,1,1
LTMD_U1_W3_SPANISH_2018_2019_ROUTE_IDENTITY_0.1,H2018P6LEA,H2019P6LEA,6,Español. Libro de lectura,131,162,https://historico.conaliteg.gob.mx/c/H2019P6LEA/131.jpg,396d64667cd53e8ab4c6f04b116004f756304d9e2858ceefef550a6dfe42b3f3,209611,396d64667cd53e8ab4c6f04b116004f756304d9e2858ceefef550a6dfe42b3f3,209611,200,image/jpeg,1,,1,1
LTMD_U1_W3_SPANISH_2018_2019_ROUTE_IDENTITY_0.1,H2018P6LEA,H2019P6LEA,6,Español. Libro de lectura,132,162,https://historico.conaliteg.gob.mx/c/H2019P6LEA/132.jpg,42d30b401c733f0830fa02d57a02ad1eb232e76eccf83a70bb2964dbc4975549,214382,42d30b401c733f0830fa02d57a02ad1eb232e76eccf83a70bb2964dbc4975549,214382,200,image/jpeg,1,,1,1
LTMD_U1_W3_SPANISH_2018_2019_ROUTE_IDENTITY_0.1,H2018P6LEA,H2019P6LEA,6,Español. Libro de lectura,133,162,https://historico.conaliteg.gob.mx/c/H2019P6LEA/133.jpg,e12ddfe6b1b773278b009b07c7e46fee404ab7d1936f03303b55343936790080,253914,e12ddfe6b1b773278b009b07c7e46fee404ab7d1936f03303b55343936790080,253914,200,image/jpeg,1,,1,1
LTMD_U1_W3_SPANISH_2018_2019_ROUTE_IDENTITY_0.1,H2018P6LEA,H2019P6LEA,6,Español. Libro de lectura,134,162,https://historico.conaliteg.gob.mx/c/H2019P6LEA/134.jpg,2e682088cbbe2c781175d64728c207738d1461f6ed4c7ef0a4562a33e0fa0158,253549,2e682088cbbe2c781175d64728c207738d1461f6ed4c7ef0a4562a33e0fa0158,253549,200,image/jpeg,1,,1,1
LTMD_U1_W3_SPANISH_2018_2019_ROUTE_IDENTITY_0.1,H2018P6LEA,H2019P6LEA,6,Español. Libro de lectura,135,162,https://historico.conaliteg.gob.mx/c/H2019P6LEA/135.jpg,4d9259289031d277772a38223d4ea0d73886baf76b877cc318192de2ca2223f8,284794,4d9259289031d277772a38223d4ea0d73886baf76b877cc318192de2ca2223f8,284794,200,image/jpeg,1,,1,1
LTMD_U1_W3_SPANISH_2018_2019_ROUTE_IDENTITY_0.1,H2018P6LEA,H2019P6LEA,6,Español. Libro de lectura,136,162,https://historico.conaliteg.gob.mx/c/H2019P6LEA/136.jpg,cfb792ceeeb5bb2d21a215da7b3c8decbf35e4ce31a7580adf928d92a2731d6f,191058,cfb792ceeeb5bb2d21a215da7b3c8decbf35e4ce31a7580adf928d92a2731d6f,191058,200,image/jpeg,1,,1,1
LTMD_U1_W3_SPANISH_2018_2019_ROUTE_IDENTITY_0.1,H2018P6LEA,H2019P6LEA,6,Español. Libro de lectura,137,162,https://historico.conaliteg.gob.mx/c/H2019P6LEA/137.jpg,83642fa3aa0a060687f8ff4e4dd9dbddcc79d85c42fd2dbc549e4a3a573e504d,215689,83642fa3aa0a060687f8ff4e4dd9dbddcc79d85c42fd2dbc549e4a3a573e504d,215689,200,image/jpeg,1,,1,1
LTMD_U1_W3_SPANISH_2018_2019_ROUTE_IDENTITY_0.1,H2018P6LEA,H2019P6LEA,6,Español. Libro de lectura,138,162,https://historico.conaliteg.gob.mx/c/H2019P6LEA/138.jpg,80374459193a856e84fbea24b3fc75eedb731cfebc8ada0e080e6dfcd66da4a8,229998,80374459193a856e84fbea24b3fc75eedb731cfebc8ada0e080e6dfcd66da4a8,229998,200,image/jpeg,1,,1,1
LTMD_U1_W3_SPANISH_2018_2019_ROUTE_IDENTITY_0.1,H2018P6LEA,H2019P6LEA,6,Español. Libro de lectura,139,162,https://historico.conaliteg.gob.mx/c/H2019P6LEA/139.jpg,ca06ed14073d147119251be0edc98a0e52813eb8cc49b6c195cbf049239bbe38,254260,ca06ed14073d147119251be0edc98a0e52813eb8cc49b6c195cbf049239bbe38,254260,200,image/jpeg,1,,1,1
LTMD_U1_W3_SPANISH_2018_2019_ROUTE_IDENTITY_0.1,H2018P6LEA,H2019P6LEA,6,Español. Libro de lectura,140,162,https://historico.conaliteg.gob.mx/c/H2019P6LEA/140.jpg,11f27d7012917f1e6bce6a8a05cce32435a89b2cb9abac81758fa0803544f369,282160,11f27d7012917f1e6bce6a8a05cce32435a89b2cb9abac81758fa0803544f369,282160,200,image/jpeg,1,,1,1
LTMD_U1_W3_SPANISH_2018_2019_ROUTE_IDENTITY_0.1,H2018P6LEA,H2019P6LEA,6,Español. Libro de lectura,141,162,https://historico.conaliteg.gob.mx/c/H2019P6LEA/141.jpg,15def2d8fe4f4b1b73af9d6da20798b35cfa893924a4fe467944a1a9212a1b95,257463,15def2d8fe4f4b1b73af9d6da20798b35cfa893924a4fe467944a1a9212a1b95,257463,200,image/jpeg,1,,1,1
LTMD_U1_W3_SPANISH_2018_2019_ROUTE_IDENTITY_0.1,H2018P6LEA,H2019P6LEA,6,Español. Libro de lectura,142,162,https://historico.conaliteg.gob.mx/c/H2019P6LEA/142.jpg,487a53272c68e82638b6bcd917c053ff9fae2e79e88b9aa7c2e2ad3f6b7797b0,287944,487a53272c68e82638b6bcd917c053ff9fae2e79e88b9aa7c2e2ad3f6b7797b0,287944,200,image/jpeg,1,,1,1
LTMD_U1_W3_SPANISH_2018_2019_ROUTE_IDENTITY_0.1,H2018P6LEA,H2019P6LEA,6,Español. Libro de lectura,143,162,https://historico.conaliteg.gob.mx/c/H2019P6LEA/143.jpg,d121923e3c9fe9cb2a7f1e45416318a3fad03f5fd1aa3c057ab87ccdf8d9f6e1,245812,d121923e3c9fe9cb2a7f1e45416318a3fad03f5fd1aa3c057ab87ccdf8d9f6e1,245812,200,image/jpeg,1,,1,1
LTMD_U1_W3_SPANISH_2018_2019_ROUTE_IDENTITY_0.1,H2018P6LEA,H2019P6LEA,6,Español. Libro de lectura,144,162,https://historico.conaliteg.gob.mx/c/H2019P6LEA/144.jpg,be28e03d352c573eb5d07458beb78a417e55646bbadecd800186844b54fd87c2,262293,be28e03d352c573eb5d07458beb78a417e55646bbadecd800186844b54fd87c2,262293,200,image/jpeg,1,,1,1
LTMD_U1_W3_SPANISH_2018_2019_ROUTE_IDENTITY_0.1,H2018P6LEA,H2019P6LEA,6,Español. Libro de lectura,145,162,https://historico.conaliteg.gob.mx/c/H2019P6LEA/145.jpg,78f2bfea156fb72bffd6b7631193202705e46cb38e70b7487a06f63a50887966,237263,78f2bfea156fb72bffd6b7631193202705e46cb38e70b7487a06f63a50887966,237263,200,image/jpeg,1,,1,1
LTMD_U1_W3_SPANISH_2018_2019_ROUTE_IDENTITY_0.1,H2018P6LEA,H2019P6LEA,6,Español. Libro de lectura,146,162,https://historico.conaliteg.gob.mx/c/H2019P6LEA/146.jpg,58c0dd94f9c3f1180a0411736100237f943a1b9d6a0ce71d9451bc999098c737,274474,58c0dd94f9c3f1180a0411736100237f943a1b9d6a0ce71d9451bc999098c737,274474,200,image/jpeg,1,,1,1
LTMD_U1_W3_SPANISH_2018_2019_ROUTE_IDENTITY_0.1,H2018P6LEA,H2019P6LEA,6,Español. Libro de lectura,147,162,https://historico.conaliteg.gob.mx/c/H2019P6LEA/147.jpg,c7c846a9e50ad9c781424096f067f3b14b4435732ac3b63ba1e07299fe394e27,216195,c7c846a9e50ad9c781424096f067f3b14b4435732ac3b63ba1e07299fe394e27,216195,200,image/jpeg,1,,1,1
LTMD_U1_W3_SPANISH_2018_2019_ROUTE_IDENTITY_0.1,H2018P6LEA,H2019P6LEA,6,Español. Libro de lectura,148,162,https://historico.conaliteg.gob.mx/c/H2019P6LEA/148.jpg,765962c7c66a28f3610ceeb1701386cbf1471ce3bd0c78a539321d1a48a52d0b,266931,765962c7c66a28f3610ceeb1701386cbf1471ce3bd0c78a539321d1a48a52d0b,266931,200,image/jpeg,1,,1,1
LTMD_U1_W3_SPANISH_2018_2019_ROUTE_IDENTITY_0.1,H2018P6LEA,H2019P6LEA,6,Español. Libro de lectura,149,162,https://historico.conaliteg.gob.mx/c/H2019P6LEA/149.jpg,3be03854885b2529ae85e2fc7bef3a2b72ab0f3003438ee53efa88ab96e4acd3,246531,3be03854885b2529ae85e2fc7bef3a2b72ab0f3003438ee53efa88ab96e4acd3,246531,200,image/jpeg,1,,1,1
LTMD_U1_W3_SPANISH_2018_2019_ROUTE_IDENTITY_0.1,H2018P6LEA,H2019P6LEA,6,Español. Libro de lectura,150,162,https://historico.conaliteg.gob.mx/c/H2019P6LEA/150.jpg,92fa3893889107e30522098563bac949051e442f4c4f16295f8de3883ee8e212,254542,92fa3893889107e30522098563bac949051e442f4c4f16295f8de3883ee8e212,254542,200,image/jpeg,1,,1,1
LTMD_U1_W3_SPANISH_2018_2019_ROUTE_IDENTITY_0.1,H2018P6LEA,H2019P6LEA,6,Español. Libro de lectura,151,162,https://historico.conaliteg.gob.mx/c/H2019P6LEA/151.jpg,596449a338c72913e672afe4120983e98298c012c235f18072a0d55809288110,230461,596449a338c72913e672afe4120983e98298c012c235f18072a0d55809288110,230461,200,image/jpeg,1,,1,1
LTMD_U1_W3_SPANISH_2018_2019_ROUTE_IDENTITY_0.1,H2018P6LEA,H2019P6LEA,6,Español. Libro de lectura,152,162,https://historico.conaliteg.gob.mx/c/H2019P6LEA/152.jpg,57a67df52244acc469ea261d006770e400d7565d09d844cdcbca25e97cb8ad52,227599,57a67df52244acc469ea261d006770e400d7565d09d844cdcbca25e97cb8ad52,227599,200,image/jpeg,1,,1,1
LTMD_U1_W3_SPANISH_2018_2019_ROUTE_IDENTITY_0.1,H2018P6LEA,H2019P6LEA,6,Español. Libro de lectura,153,162,https://historico.conaliteg.gob.mx/c/H2019P6LEA/153.jpg,67597f9145fd876bef9ad80f8850349547f27a64e43e76b053665d37c92b1d35,338261,67597f9145fd876bef9ad80f8850349547f27a64e43e76b053665d37c92b1d35,338261,200,image/jpeg,1,,1,1
LTMD_U1_W3_SPANISH_2018_2019_ROUTE_IDENTITY_0.1,H2018P6LEA,H2019P6LEA,6,Español. Libro de lectura,154,162,https://historico.conaliteg.gob.mx/c/H2019P6LEA/154.jpg,fa136fd4a5ac54cedfc6ad375d464b46e00b569052cb70c024b8149dd80b485a,277464,fa136fd4a5ac54cedfc6ad375d464b46e00b569052cb70c024b8149dd80b485a,277464,200,image/jpeg,1,,1,1
LTMD_U1_W3_SPANISH_2018_2019_ROUTE_IDENTITY_0.1,H2018P6LEA,H2019P6LEA,6,Español. Libro de lectura,155,162,https://historico.conaliteg.gob.mx/c/H2019P6LEA/155.jpg,02f90b884621ed2d49f31192b2bdc02a6aaf29c408d790bb952e419624b8bc59,260492,02f90b884621ed2d49f31192b2bdc02a6aaf29c408d790bb952e419624b8bc59,260492,200,image/jpeg,1,,1,1
LTMD_U1_W3_SPANISH_2018_2019_ROUTE_IDENTITY_0.1,H2018P6LEA,H2019P6LEA,6,Español. Libro de lectura,156,162,https://historico.conaliteg.gob.mx/c/H2019P6LEA/156.jpg,0e9b42b07afcb9c3acbd5b28230dc22e949eab87675f71352cf8e7a7f0d3f196,205963,0e9b42b07afcb9c3acbd5b28230dc22e949eab87675f71352cf8e7a7f0d3f196,205963,200,image/jpeg,1,,1,1
LTMD_U1_W3_SPANISH_2018_2019_ROUTE_IDENTITY_0.1,H2018P6LEA,H2019P6LEA,6,Español. Libro de lectura,157,162,https://historico.conaliteg.gob.mx/c/H2019P6LEA/157.jpg,932f617a47d24bc62fe013a58b2726b700fde37a03a5d54b58964690cd637463,44975,932f617a47d24bc62fe013a58b2726b700fde37a03a5d54b58964690cd637463,44975,200,image/jpeg,1,,1,1
LTMD_U1_W3_SPANISH_2018_2019_ROUTE_IDENTITY_0.1,H2018P6LEA,H2019P6LEA,6,Español. Libro de lectura,158,162,https://historico.conaliteg.gob.mx/c/H2019P6LEA/158.jpg,6bcaf925befe326921d57c403cbf6128a27ce438e7895e937408a9183c3f1da3,263555,6bcaf925befe326921d57c403cbf6128a27ce438e7895e937408a9183c3f1da3,263555,200,image/jpeg,1,,1,1
LTMD_U1_W3_SPANISH_2018_2019_ROUTE_IDENTITY_0.1,H2018P6LEA,H2019P6LEA,6,Español. Libro de lectura,159,162,https://historico.conaliteg.gob.mx/c/H2019P6LEA/159.jpg,ed82e45d3485402ca5cbb1c9a9c0fe7e218027d606a33843d9a79f3212a659f5,250162,ed82e45d3485402ca5cbb1c9a9c0fe7e218027d606a33843d9a79f3212a659f5,250162,200,image/jpeg,1,,1,1
LTMD_U1_W3_SPANISH_2018_2019_ROUTE_IDENTITY_0.1,H2018P6LEA,H2019P6LEA,6,Español. Libro de lectura,160,162,https://historico.conaliteg.gob.mx/c/H2019P6LEA/160.jpg,88849cd51a2cd47f2b21d869ed41c8ae27205567880490e74d749b5bfcbfd75d,55537,88849cd51a2cd47f2b21d869ed41c8ae27205567880490e74d749b5bfcbfd75d,55537,200,image/jpeg,1,,1,1
LTMD_U1_W3_SPANISH_2018_2019_ROUTE_IDENTITY_0.1,H2018P6LEA,H2019P6LEA,6,Español. Libro de lectura,161,162,https://historico.conaliteg.gob.mx/c/H2019P6LEA/161.jpg,d32a16cc6ec6338f6f56ad5b497dcc8d78691b47ecee0de7a049f04d5a0c7c3c,236088,d32a16cc6ec6338f6f56ad5b497dcc8d78691b47ecee0de7a049f04d5a0c7c3c,236088,200,image/jpeg,1,,1,1
