page_id,viewer_key,catalog_generation,grade,title_core,viewer_page,selected_psm,recognized_words,mean_word_confidence,low_confidence_word_rate,ocr_class,front_matter_score,toc_navigation_score,bibliography_credits_score,primary_structure,classification_certainty,classification_rule,evidence_flags,classifier_version
U1-H1972P1CI060-P001,H1972P1CI060,1972,1,CIENCIAS SOCIALES,1,3,4,80.56,0.2500,text_detected,0,0,0,mixed_text_image,low,OCR_SPARSE_HIGH_CONF,front_zone,PAGESTRUCT_LTMD_U1_W4_SOCIAL_SCIENCES_0.1
U1-H1972P1CI060-P002,H1972P1CI060,1972,1,CIENCIAS SOCIALES,2,11,21,30.91,0.9524,text_detected,0,0,0,visual_only,high,OCR_VISUAL_NOISE,front_zone;fallback_psm;visual_noise,PAGESTRUCT_LTMD_U1_W4_SOCIAL_SCIENCES_0.1
U1-H1972P1CI060-P003,H1972P1CI060,1972,1,CIENCIAS SOCIALES,3,3,130,86.77,0.0769,text_detected,0,0,0,textual,high,OCR_TEXT_RICH,front_zone;text_rich,PAGESTRUCT_LTMD_U1_W4_SOCIAL_SCIENCES_0.1
U1-H1972P1CI060-P004,H1972P1CI060,1972,1,CIENCIAS SOCIALES,4,3,80,91.65,0.0750,text_detected,0,0,0,mixed_text_image,medium,OCR_MODERATE_TEXT,front_zone;text_present,PAGESTRUCT_LTMD_U1_W4_SOCIAL_SCIENCES_0.1
U1-H1972P1CI060-P005,H1972P1CI060,1972,1,CIENCIAS SOCIALES,5,3,72,94.73,0.0278,text_detected,0,0,0,mixed_text_image,medium,OCR_MODERATE_TEXT,front_zone;text_present,PAGESTRUCT_LTMD_U1_W4_SOCIAL_SCIENCES_0.1
U1-H1972P1CI060-P006,H1972P1CI060,1972,1,CIENCIAS SOCIALES,6,3,4,63.90,0.5000,text_detected,0,0,0,unknown,low,CONSERVATIVE_UNKNOWN,front_zone,PAGESTRUCT_LTMD_U1_W4_SOCIAL_SCIENCES_0.1
U1-H1972P1CI060-P007,H1972P1CI060,1972,1,CIENCIAS SOCIALES,7,,3,63.10,0.3333,no_text_detected,0,0,0,visual_only,high,OCR_VISUAL_NOISE,front_zone;visual_noise,PAGESTRUCT_LTMD_U1_W4_SOCIAL_SCIENCES_0.1
U1-H1972P1CI060-P008,H1972P1CI060,1972,1,CIENCIAS SOCIALES,8,3,12,62.27,0.4167,text_detected,0,0,0,unknown,low,CONSERVATIVE_UNKNOWN,front_zone,PAGESTRUCT_LTMD_U1_W4_SOCIAL_SCIENCES_0.1
U1-H1972P1CI060-P009,H1972P1CI060,1972,1,CIENCIAS SOCIALES,9,3,14,91.32,0.0714,text_detected,0,0,0,mixed_text_image,low,OCR_SPARSE_HIGH_CONF,front_zone,PAGESTRUCT_LTMD_U1_W4_SOCIAL_SCIENCES_0.1
U1-H1972P1CI060-P010,H1972P1CI060,1972,1,CIENCIAS SOCIALES,10,3,10,69.93,0.4000,text_detected,0,0,0,unknown,low,CONSERVATIVE_UNKNOWN,front_zone,PAGESTRUCT_LTMD_U1_W4_SOCIAL_SCIENCES_0.1
U1-H1972P1CI060-P011,H1972P1CI060,1972,1,CIENCIAS SOCIALES,11,6,58,46.60,0.7069,text_detected,0,0,0,visual_only,medium,OCR_VISUAL_NOISE,front_zone;fallback_psm;visual_noise,PAGESTRUCT_LTMD_U1_W4_SOCIAL_SCIENCES_0.1
U1-H1972P1CI060-P012,H1972P1CI060,1972,1,CIENCIAS SOCIALES,12,3,5,74.04,0.2000,text_detected,0,0,0,unknown,low,CONSERVATIVE_UNKNOWN,front_zone,PAGESTRUCT_LTMD_U1_W4_SOCIAL_SCIENCES_0.1
U1-H1972P1CI060-P013,H1972P1CI060,1972,1,CIENCIAS SOCIALES,13,6,26,49.17,0.6923,text_detected,0,0,0,visual_only,medium,OCR_VISUAL_NOISE,front_zone;fallback_psm;visual_noise,PAGESTRUCT_LTMD_U1_W4_SOCIAL_SCIENCES_0.1
U1-H1972P1CI060-P014,H1972P1CI060,1972,1,CIENCIAS SOCIALES,14,3,5,77.31,0.2000,text_detected,0,0,0,mixed_text_image,low,OCR_SPARSE_HIGH_CONF,front_zone,PAGESTRUCT_LTMD_U1_W4_SOCIAL_SCIENCES_0.1
U1-H1972P1CI060-P015,H1972P1CI060,1972,1,CIENCIAS SOCIALES,15,3,5,81.51,0.2000,text_detected,0,0,0,mixed_text_image,low,OCR_SPARSE_HIGH_CONF,front_zone,PAGESTRUCT_LTMD_U1_W4_SOCIAL_SCIENCES_0.1
U1-H1972P1CI060-P016,H1972P1CI060,1972,1,CIENCIAS SOCIALES,16,3,9,88.00,0.1111,text_detected,0,0,0,mixed_text_image,low,OCR_SPARSE_HIGH_CONF,front_zone,PAGESTRUCT_LTMD_U1_W4_SOCIAL_SCIENCES_0.1
U1-H1972P1CI060-P017,H1972P1CI060,1972,1,CIENCIAS SOCIALES,17,3,16,91.16,0.0625,text_detected,,,,mixed_text_image,low,OCR_SPARSE_HIGH_CONF,,PAGESTRUCT_LTMD_U1_W4_SOCIAL_SCIENCES_0.1
U1-H1972P1CI060-P018,H1972P1CI060,1972,1,CIENCIAS SOCIALES,18,6,30,42.86,0.7333,text_detected,,,,visual_only,medium,OCR_VISUAL_NOISE,fallback_psm;visual_noise,PAGESTRUCT_LTMD_U1_W4_SOCIAL_SCIENCES_0.1
U1-H1972P1CI060-P019,H1972P1CI060,1972,1,CIENCIAS SOCIALES,19,3,4,96.79,0.0000,text_detected,,,,mixed_text_image,low,OCR_SPARSE_HIGH_CONF,,PAGESTRUCT_LTMD_U1_W4_SOCIAL_SCIENCES_0.1
U1-H1972P1CI060-P020,H1972P1CI060,1972,1,CIENCIAS SOCIALES,20,3,5,95.36,0.0000,text_detected,,,,mixed_text_image,low,OCR_SPARSE_HIGH_CONF,,PAGESTRUCT_LTMD_U1_W4_SOCIAL_SCIENCES_0.1
U1-H1972P1CI060-P021,H1972P1CI060,1972,1,CIENCIAS SOCIALES,21,3,8,95.62,0.0000,text_detected,,,,mixed_text_image,low,OCR_SPARSE_HIGH_CONF,,PAGESTRUCT_LTMD_U1_W4_SOCIAL_SCIENCES_0.1
U1-H1972P1CI060-P022,H1972P1CI060,1972,1,CIENCIAS SOCIALES,22,3,15,87.60,0.0667,text_detected,,,,mixed_text_image,low,OCR_SPARSE_HIGH_CONF,,PAGESTRUCT_LTMD_U1_W4_SOCIAL_SCIENCES_0.1
U1-H1972P1CI060-P023,H1972P1CI060,1972,1,CIENCIAS SOCIALES,23,6,27,47.04,0.7407,text_detected,,,,visual_only,medium,OCR_VISUAL_NOISE,fallback_psm;visual_noise,PAGESTRUCT_LTMD_U1_W4_SOCIAL_SCIENCES_0.1
U1-H1972P1CI060-P024,H1972P1CI060,1972,1,CIENCIAS SOCIALES,24,,2,40.61,0.5000,no_text_detected,,,,visual_only,high,OCR_VISUAL_NOISE,visual_noise,PAGESTRUCT_LTMD_U1_W4_SOCIAL_SCIENCES_0.1
U1-H1972P1CI060-P025,H1972P1CI060,1972,1,CIENCIAS SOCIALES,25,3,16,86.32,0.0625,text_detected,,,,mixed_text_image,low,OCR_SPARSE_HIGH_CONF,,PAGESTRUCT_LTMD_U1_W4_SOCIAL_SCIENCES_0.1
U1-H1972P1CI060-P026,H1972P1CI060,1972,1,CIENCIAS SOCIALES,26,6,188,31.87,0.8777,text_detected,,,,visual_only,high,OCR_VISUAL_NOISE,fallback_psm;visual_noise,PAGESTRUCT_LTMD_U1_W4_SOCIAL_SCIENCES_0.1
U1-H1972P1CI060-P027,H1972P1CI060,1972,1,CIENCIAS SOCIALES,27,6,79,29.57,0.9114,text_detected,,,,visual_only,high,OCR_VISUAL_NOISE,fallback_psm;visual_noise,PAGESTRUCT_LTMD_U1_W4_SOCIAL_SCIENCES_0.1
U1-H1972P1CI060-P028,H1972P1CI060,1972,1,CIENCIAS SOCIALES,28,3,5,71.65,0.2000,text_detected,,,,unknown,low,CONSERVATIVE_UNKNOWN,,PAGESTRUCT_LTMD_U1_W4_SOCIAL_SCIENCES_0.1
U1-H1972P1CI060-P029,H1972P1CI060,1972,1,CIENCIAS SOCIALES,29,3,9,84.88,0.1111,text_detected,,,,mixed_text_image,low,OCR_SPARSE_HIGH_CONF,,PAGESTRUCT_LTMD_U1_W4_SOCIAL_SCIENCES_0.1
U1-H1972P1CI060-P030,H1972P1CI060,1972,1,CIENCIAS SOCIALES,30,3,6,92.03,0.0000,text_detected,,,,mixed_text_image,low,OCR_SPARSE_HIGH_CONF,,PAGESTRUCT_LTMD_U1_W4_SOCIAL_SCIENCES_0.1
U1-H1972P1CI060-P031,H1972P1CI060,1972,1,CIENCIAS SOCIALES,31,6,27,30.66,0.8519,text_detected,,,,visual_only,high,OCR_VISUAL_NOISE,fallback_psm;visual_noise,PAGESTRUCT_LTMD_U1_W4_SOCIAL_SCIENCES_0.1
U1-H1972P1CI060-P032,H1972P1CI060,1972,1,CIENCIAS SOCIALES,32,3,10,72.40,0.2000,text_detected,,,,unknown,low,CONSERVATIVE_UNKNOWN,,PAGESTRUCT_LTMD_U1_W4_SOCIAL_SCIENCES_0.1
U1-H1972P1CI060-P033,H1972P1CI060,1972,1,CIENCIAS SOCIALES,33,3,11,94.18,0.0000,text_detected,,,,mixed_text_image,low,OCR_SPARSE_HIGH_CONF,,PAGESTRUCT_LTMD_U1_W4_SOCIAL_SCIENCES_0.1
U1-H1972P1CI060-P034,H1972P1CI060,1972,1,CIENCIAS SOCIALES,34,6,30,28.61,0.9667,text_detected,,,,visual_only,high,OCR_VISUAL_NOISE,fallback_psm;visual_noise,PAGESTRUCT_LTMD_U1_W4_SOCIAL_SCIENCES_0.1
U1-H1972P1CI060-P035,H1972P1CI060,1972,1,CIENCIAS SOCIALES,35,3,15,66.74,0.4000,text_detected,,,,unknown,low,CONSERVATIVE_UNKNOWN,,PAGESTRUCT_LTMD_U1_W4_SOCIAL_SCIENCES_0.1
U1-H1972P1CI060-P036,H1972P1CI060,1972,1,CIENCIAS SOCIALES,36,3,4,46.48,0.5000,text_detected,,,,unknown,low,CONSERVATIVE_UNKNOWN,,PAGESTRUCT_LTMD_U1_W4_SOCIAL_SCIENCES_0.1
U1-H1972P1CI060-P037,H1972P1CI060,1972,1,CIENCIAS SOCIALES,37,3,8,62.30,0.3750,text_detected,,,,unknown,low,CONSERVATIVE_UNKNOWN,,PAGESTRUCT_LTMD_U1_W4_SOCIAL_SCIENCES_0.1
U1-H1972P1CI060-P038,H1972P1CI060,1972,1,CIENCIAS SOCIALES,38,3,15,91.70,0.0667,text_detected,,,,mixed_text_image,low,OCR_SPARSE_HIGH_CONF,,PAGESTRUCT_LTMD_U1_W4_SOCIAL_SCIENCES_0.1
U1-H1972P1CI060-P039,H1972P1CI060,1972,1,CIENCIAS SOCIALES,39,3,7,80.08,0.2857,text_detected,,,,mixed_text_image,low,OCR_SPARSE_HIGH_CONF,,PAGESTRUCT_LTMD_U1_W4_SOCIAL_SCIENCES_0.1
U1-H1972P1CI060-P040,H1972P1CI060,1972,1,CIENCIAS SOCIALES,40,3,9,81.30,0.2222,text_detected,,,,mixed_text_image,low,OCR_SPARSE_HIGH_CONF,,PAGESTRUCT_LTMD_U1_W4_SOCIAL_SCIENCES_0.1
U1-H1972P1CI060-P041,H1972P1CI060,1972,1,CIENCIAS SOCIALES,41,3,15,65.15,0.3333,text_detected,,,,unknown,low,CONSERVATIVE_UNKNOWN,,PAGESTRUCT_LTMD_U1_W4_SOCIAL_SCIENCES_0.1
U1-H1972P1CI060-P042,H1972P1CI060,1972,1,CIENCIAS SOCIALES,42,3,5,40.95,0.8000,text_detected,,,,unknown,low,CONSERVATIVE_UNKNOWN,,PAGESTRUCT_LTMD_U1_W4_SOCIAL_SCIENCES_0.1
U1-H1972P1CI060-P043,H1972P1CI060,1972,1,CIENCIAS SOCIALES,43,3,10,85.49,0.2000,text_detected,,,,mixed_text_image,low,OCR_SPARSE_HIGH_CONF,,PAGESTRUCT_LTMD_U1_W4_SOCIAL_SCIENCES_0.1
U1-H1972P1CI060-P044,H1972P1CI060,1972,1,CIENCIAS SOCIALES,44,3,6,95.89,0.0000,text_detected,,,,mixed_text_image,low,OCR_SPARSE_HIGH_CONF,,PAGESTRUCT_LTMD_U1_W4_SOCIAL_SCIENCES_0.1
U1-H1972P1CI060-P045,H1972P1CI060,1972,1,CIENCIAS SOCIALES,45,6,89,40.14,0.7865,text_detected,,,,visual_only,medium,OCR_VISUAL_NOISE,fallback_psm;visual_noise,PAGESTRUCT_LTMD_U1_W4_SOCIAL_SCIENCES_0.1
U1-H1972P1CI060-P046,H1972P1CI060,1972,1,CIENCIAS SOCIALES,46,3,5,96.27,0.0000,text_detected,,,,mixed_text_image,low,OCR_SPARSE_HIGH_CONF,,PAGESTRUCT_LTMD_U1_W4_SOCIAL_SCIENCES_0.1
U1-H1972P1CI060-P047,H1972P1CI060,1972,1,CIENCIAS SOCIALES,47,11,16,29.80,0.8750,text_detected,,,,visual_only,high,OCR_VISUAL_NOISE,fallback_psm;visual_noise,PAGESTRUCT_LTMD_U1_W4_SOCIAL_SCIENCES_0.1
U1-H1972P1CI060-P048,H1972P1CI060,1972,1,CIENCIAS SOCIALES,48,6,32,59.30,0.5312,text_detected,,,,unknown,low,CONSERVATIVE_UNKNOWN,fallback_psm,PAGESTRUCT_LTMD_U1_W4_SOCIAL_SCIENCES_0.1
U1-H1972P1CI060-P049,H1972P1CI060,1972,1,CIENCIAS SOCIALES,49,3,11,90.05,0.0909,text_detected,,,,mixed_text_image,low,OCR_SPARSE_HIGH_CONF,,PAGESTRUCT_LTMD_U1_W4_SOCIAL_SCIENCES_0.1
U1-H1972P1CI060-P050,H1972P1CI060,1972,1,CIENCIAS SOCIALES,50,11,20,43.48,0.8500,text_detected,,,,visual_only,high,OCR_VISUAL_NOISE,fallback_psm;visual_noise,PAGESTRUCT_LTMD_U1_W4_SOCIAL_SCIENCES_0.1
U1-H1972P1CI060-P051,H1972P1CI060,1972,1,CIENCIAS SOCIALES,51,3,25,64.32,0.3200,text_detected,,,,mixed_text_image,medium,OCR_MODERATE_TEXT,text_present,PAGESTRUCT_LTMD_U1_W4_SOCIAL_SCIENCES_0.1
U1-H1972P1CI060-P052,H1972P1CI060,1972,1,CIENCIAS SOCIALES,52,6,78,44.04,0.7179,text_detected,,,,visual_only,medium,OCR_VISUAL_NOISE,fallback_psm;visual_noise,PAGESTRUCT_LTMD_U1_W4_SOCIAL_SCIENCES_0.1
U1-H1972P1CI060-P053,H1972P1CI060,1972,1,CIENCIAS SOCIALES,53,3,12,88.69,0.0833,text_detected,,,,mixed_text_image,low,OCR_SPARSE_HIGH_CONF,,PAGESTRUCT_LTMD_U1_W4_SOCIAL_SCIENCES_0.1
U1-H1972P1CI060-P054,H1972P1CI060,1972,1,CIENCIAS SOCIALES,54,3,5,96.58,0.0000,text_detected,,,,mixed_text_image,low,OCR_SPARSE_HIGH_CONF,,PAGESTRUCT_LTMD_U1_W4_SOCIAL_SCIENCES_0.1
U1-H1972P1CI060-P055,H1972P1CI060,1972,1,CIENCIAS SOCIALES,55,3,1,26.43,1.0000,text_detected,,,,visual_only,medium,OCR_VISUAL_NOISE,visual_noise,PAGESTRUCT_LTMD_U1_W4_SOCIAL_SCIENCES_0.1
U1-H1972P1CI060-P056,H1972P1CI060,1972,1,CIENCIAS SOCIALES,56,3,16,77.23,0.2500,text_detected,,,,mixed_text_image,low,OCR_SPARSE_HIGH_CONF,,PAGESTRUCT_LTMD_U1_W4_SOCIAL_SCIENCES_0.1
U1-H1972P1CI060-P057,H1972P1CI060,1972,1,CIENCIAS SOCIALES,57,3,17,88.32,0.1176,text_detected,,,,mixed_text_image,low,OCR_SPARSE_HIGH_CONF,,PAGESTRUCT_LTMD_U1_W4_SOCIAL_SCIENCES_0.1
U1-H1972P1CI060-P058,H1972P1CI060,1972,1,CIENCIAS SOCIALES,58,3,17,83.21,0.1765,text_detected,,,,mixed_text_image,low,OCR_SPARSE_HIGH_CONF,,PAGESTRUCT_LTMD_U1_W4_SOCIAL_SCIENCES_0.1
U1-H1972P1CI060-P059,H1972P1CI060,1972,1,CIENCIAS SOCIALES,59,3,17,86.61,0.1176,text_detected,,,,mixed_text_image,low,OCR_SPARSE_HIGH_CONF,,PAGESTRUCT_LTMD_U1_W4_SOCIAL_SCIENCES_0.1
U1-H1972P1CI060-P060,H1972P1CI060,1972,1,CIENCIAS SOCIALES,60,3,22,94.63,0.0455,text_detected,,,,mixed_text_image,medium,OCR_MODERATE_TEXT,text_present,PAGESTRUCT_LTMD_U1_W4_SOCIAL_SCIENCES_0.1
U1-H1972P1CI060-P061,H1972P1CI060,1972,1,CIENCIAS SOCIALES,61,3,14,87.95,0.1429,text_detected,,,,mixed_text_image,low,OCR_SPARSE_HIGH_CONF,,PAGESTRUCT_LTMD_U1_W4_SOCIAL_SCIENCES_0.1
U1-H1972P1CI060-P062,H1972P1CI060,1972,1,CIENCIAS SOCIALES,62,3,24,81.96,0.1667,text_detected,,,,mixed_text_image,medium,OCR_MODERATE_TEXT,text_present,PAGESTRUCT_LTMD_U1_W4_SOCIAL_SCIENCES_0.1
U1-H1972P1CI060-P063,H1972P1CI060,1972,1,CIENCIAS SOCIALES,63,3,31,90.12,0.0645,text_detected,,,,mixed_text_image,medium,OCR_MODERATE_TEXT,text_present,PAGESTRUCT_LTMD_U1_W4_SOCIAL_SCIENCES_0.1
U1-H1972P1CI060-P064,H1972P1CI060,1972,1,CIENCIAS SOCIALES,64,3,14,92.79,0.0000,text_detected,,,,mixed_text_image,low,OCR_SPARSE_HIGH_CONF,,PAGESTRUCT_LTMD_U1_W4_SOCIAL_SCIENCES_0.1
U1-H1972P1CI060-P065,H1972P1CI060,1972,1,CIENCIAS SOCIALES,65,3,9,66.29,0.4444,text_detected,,,,unknown,low,CONSERVATIVE_UNKNOWN,,PAGESTRUCT_LTMD_U1_W4_SOCIAL_SCIENCES_0.1
U1-H1972P1CI060-P066,H1972P1CI060,1972,1,CIENCIAS SOCIALES,66,3,5,87.22,0.2000,text_detected,,,,mixed_text_image,low,OCR_SPARSE_HIGH_CONF,,PAGESTRUCT_LTMD_U1_W4_SOCIAL_SCIENCES_0.1
U1-H1972P1CI060-P067,H1972P1CI060,1972,1,CIENCIAS SOCIALES,67,,2,50.42,0.5000,no_text_detected,,,,visual_only,high,OCR_VISUAL_NOISE,visual_noise,PAGESTRUCT_LTMD_U1_W4_SOCIAL_SCIENCES_0.1
U1-H1972P1CI060-P068,H1972P1CI060,1972,1,CIENCIAS SOCIALES,68,3,18,91.84,0.0556,text_detected,,,,mixed_text_image,low,OCR_SPARSE_HIGH_CONF,,PAGESTRUCT_LTMD_U1_W4_SOCIAL_SCIENCES_0.1
U1-H1972P1CI060-P069,H1972P1CI060,1972,1,CIENCIAS SOCIALES,69,3,37,93.79,0.0541,text_detected,0,0,0,mixed_text_image,medium,OCR_MODERATE_TEXT,end_zone;text_present,PAGESTRUCT_LTMD_U1_W4_SOCIAL_SCIENCES_0.1
U1-H1972P1CI060-P070,H1972P1CI060,1972,1,CIENCIAS SOCIALES,70,3,16,74.37,0.2500,text_detected,0,0,0,unknown,low,CONSERVATIVE_UNKNOWN,end_zone,PAGESTRUCT_LTMD_U1_W4_SOCIAL_SCIENCES_0.1
U1-H1972P1CI060-P071,H1972P1CI060,1972,1,CIENCIAS SOCIALES,71,3,16,87.56,0.1250,text_detected,0,0,0,mixed_text_image,low,OCR_SPARSE_HIGH_CONF,end_zone,PAGESTRUCT_LTMD_U1_W4_SOCIAL_SCIENCES_0.1
U1-H1972P1CI060-P072,H1972P1CI060,1972,1,CIENCIAS SOCIALES,72,3,7,83.75,0.1429,text_detected,0,0,0,mixed_text_image,low,OCR_SPARSE_HIGH_CONF,end_zone,PAGESTRUCT_LTMD_U1_W4_SOCIAL_SCIENCES_0.1
U1-H1972P1CI060-P073,H1972P1CI060,1972,1,CIENCIAS SOCIALES,73,3,17,94.56,0.0000,text_detected,0,0,0,mixed_text_image,low,OCR_SPARSE_HIGH_CONF,end_zone,PAGESTRUCT_LTMD_U1_W4_SOCIAL_SCIENCES_0.1
U1-H1972P1CI060-P074,H1972P1CI060,1972,1,CIENCIAS SOCIALES,74,3,10,95.31,0.0000,text_detected,0,0,0,mixed_text_image,low,OCR_SPARSE_HIGH_CONF,end_zone,PAGESTRUCT_LTMD_U1_W4_SOCIAL_SCIENCES_0.1
U1-H1972P1CI060-P075,H1972P1CI060,1972,1,CIENCIAS SOCIALES,75,3,15,96.20,0.0000,text_detected,0,0,0,mixed_text_image,low,OCR_SPARSE_HIGH_CONF,end_zone,PAGESTRUCT_LTMD_U1_W4_SOCIAL_SCIENCES_0.1
U1-H1972P1CI060-P076,H1972P1CI060,1972,1,CIENCIAS SOCIALES,76,3,5,95.11,0.0000,text_detected,0,0,0,mixed_text_image,low,OCR_SPARSE_HIGH_CONF,end_zone,PAGESTRUCT_LTMD_U1_W4_SOCIAL_SCIENCES_0.1
U1-H1972P1CI060-P077,H1972P1CI060,1972,1,CIENCIAS SOCIALES,77,3,5,95.72,0.0000,text_detected,0,0,0,mixed_text_image,low,OCR_SPARSE_HIGH_CONF,end_zone,PAGESTRUCT_LTMD_U1_W4_SOCIAL_SCIENCES_0.1
U1-H1972P1CI060-P078,H1972P1CI060,1972,1,CIENCIAS SOCIALES,78,3,10,95.31,0.0000,text_detected,0,0,0,mixed_text_image,low,OCR_SPARSE_HIGH_CONF,end_zone,PAGESTRUCT_LTMD_U1_W4_SOCIAL_SCIENCES_0.1
U1-H1972P1CI060-P079,H1972P1CI060,1972,1,CIENCIAS SOCIALES,79,3,13,79.30,0.2308,text_detected,0,0,0,mixed_text_image,low,OCR_SPARSE_HIGH_CONF,end_zone,PAGESTRUCT_LTMD_U1_W4_SOCIAL_SCIENCES_0.1
U1-H1972P1CI060-P080,H1972P1CI060,1972,1,CIENCIAS SOCIALES,80,6,25,32.77,0.8400,text_detected,0,0,0,visual_only,high,OCR_VISUAL_NOISE,end_zone;fallback_psm;visual_noise,PAGESTRUCT_LTMD_U1_W4_SOCIAL_SCIENCES_0.1
U1-H1972P1CI060-P081,H1972P1CI060,1972,1,CIENCIAS SOCIALES,81,3,6,83.71,0.1667,text_detected,0,0,0,mixed_text_image,low,OCR_SPARSE_HIGH_CONF,end_zone,PAGESTRUCT_LTMD_U1_W4_SOCIAL_SCIENCES_0.1
U1-H1972P1CI060-P082,H1972P1CI060,1972,1,CIENCIAS SOCIALES,82,,0,,1.0000,no_text_detected,0,0,0,visual_only,high,OCR_VISUAL_NOISE,end_zone;visual_noise,PAGESTRUCT_LTMD_U1_W4_SOCIAL_SCIENCES_0.1
U1-H1972P1CI060-P083,H1972P1CI060,1972,1,CIENCIAS SOCIALES,83,3,29,87.53,0.0690,text_detected,0,0,2,bibliography_or_credits,high,KW_BIBLIO_CREDITS,end_zone;text_present;biblio_credit_kw,PAGESTRUCT_LTMD_U1_W4_SOCIAL_SCIENCES_0.1
U1-H1972P1CI060-P084,H1972P1CI060,1972,1,CIENCIAS SOCIALES,84,3,7,94.20,0.0000,text_detected,0,0,1,bibliography_or_credits,medium,KW_BIBLIO_CREDITS,end_zone;biblio_credit_kw,PAGESTRUCT_LTMD_U1_W4_SOCIAL_SCIENCES_0.1
U1-H1972P2CI065-P001,H1972P2CI065,1972,2,CIENCIAS SOCIALES,1,6,72,20.12,0.9722,text_detected,0,0,0,visual_only,high,OCR_VISUAL_NOISE,front_zone;fallback_psm;visual_noise,PAGESTRUCT_LTMD_U1_W4_SOCIAL_SCIENCES_0.1
U1-H1972P2CI065-P002,H1972P2CI065,1972,2,CIENCIAS SOCIALES,2,3,29,82.41,0.1379,text_detected,0,0,2,bibliography_or_credits,high,KW_BIBLIO_CREDITS,front_zone;text_present;biblio_credit_kw,PAGESTRUCT_LTMD_U1_W4_SOCIAL_SCIENCES_0.1
U1-H1972P2CI065-P003,H1972P2CI065,1972,2,CIENCIAS SOCIALES,3,3,157,89.34,0.0255,text_detected,0,0,1,bibliography_or_credits,medium,KW_BIBLIO_CREDITS,front_zone;text_rich;biblio_credit_kw,PAGESTRUCT_LTMD_U1_W4_SOCIAL_SCIENCES_0.1
U1-H1972P2CI065-P004,H1972P2CI065,1972,2,CIENCIAS SOCIALES,4,3,60,89.68,0.0833,text_detected,0,1,0,toc_or_navigation,medium,KW_NAVIGATION,front_zone;text_present;nav_kw,PAGESTRUCT_LTMD_U1_W4_SOCIAL_SCIENCES_0.1
U1-H1972P2CI065-P005,H1972P2CI065,1972,2,CIENCIAS SOCIALES,5,3,111,92.24,0.0541,text_detected,0,0,0,mixed_text_image,medium,OCR_MODERATE_TEXT,front_zone;text_present,PAGESTRUCT_LTMD_U1_W4_SOCIAL_SCIENCES_0.1
U1-H1972P2CI065-P006,H1972P2CI065,1972,2,CIENCIAS SOCIALES,6,6,67,32.53,0.8507,text_detected,0,0,0,visual_only,high,OCR_VISUAL_NOISE,front_zone;fallback_psm;visual_noise,PAGESTRUCT_LTMD_U1_W4_SOCIAL_SCIENCES_0.1
U1-H1972P2CI065-P007,H1972P2CI065,1972,2,CIENCIAS SOCIALES,7,3,3,88.23,0.0000,text_detected,0,0,0,unknown,low,CONSERVATIVE_UNKNOWN,front_zone,PAGESTRUCT_LTMD_U1_W4_SOCIAL_SCIENCES_0.1
U1-H1972P2CI065-P008,H1972P2CI065,1972,2,CIENCIAS SOCIALES,8,3,7,95.86,0.0000,text_detected,0,0,0,mixed_text_image,low,OCR_SPARSE_HIGH_CONF,front_zone,PAGESTRUCT_LTMD_U1_W4_SOCIAL_SCIENCES_0.1
U1-H1972P2CI065-P009,H1972P2CI065,1972,2,CIENCIAS SOCIALES,9,6,20,35.21,0.9000,text_detected,0,0,0,visual_only,high,OCR_VISUAL_NOISE,front_zone;fallback_psm;visual_noise,PAGESTRUCT_LTMD_U1_W4_SOCIAL_SCIENCES_0.1
U1-H1972P2CI065-P010,H1972P2CI065,1972,2,CIENCIAS SOCIALES,10,6,94,38.20,0.7553,text_detected,0,0,0,visual_only,medium,OCR_VISUAL_NOISE,front_zone;fallback_psm;visual_noise,PAGESTRUCT_LTMD_U1_W4_SOCIAL_SCIENCES_0.1
U1-H1972P2CI065-P011,H1972P2CI065,1972,2,CIENCIAS SOCIALES,11,3,4,79.55,0.2500,text_detected,0,0,0,mixed_text_image,low,OCR_SPARSE_HIGH_CONF,front_zone,PAGESTRUCT_LTMD_U1_W4_SOCIAL_SCIENCES_0.1
U1-H1972P2CI065-P012,H1972P2CI065,1972,2,CIENCIAS SOCIALES,12,11,32,38.23,0.8750,text_detected,0,0,0,visual_only,high,OCR_VISUAL_NOISE,front_zone;fallback_psm;visual_noise,PAGESTRUCT_LTMD_U1_W4_SOCIAL_SCIENCES_0.1
U1-H1972P2CI065-P013,H1972P2CI065,1972,2,CIENCIAS SOCIALES,13,3,2,19.27,1.0000,text_detected,0,0,0,visual_only,medium,OCR_VISUAL_NOISE,front_zone;visual_noise,PAGESTRUCT_LTMD_U1_W4_SOCIAL_SCIENCES_0.1
U1-H1972P2CI065-P014,H1972P2CI065,1972,2,CIENCIAS SOCIALES,14,3,100,94.23,0.0100,text_detected,0,0,0,mixed_text_image,medium,OCR_MODERATE_TEXT,front_zone;text_present,PAGESTRUCT_LTMD_U1_W4_SOCIAL_SCIENCES_0.1
U1-H1972P2CI065-P015,H1972P2CI065,1972,2,CIENCIAS SOCIALES,15,3,4,64.95,0.2500,text_detected,0,0,0,unknown,low,CONSERVATIVE_UNKNOWN,front_zone,PAGESTRUCT_LTMD_U1_W4_SOCIAL_SCIENCES_0.1
U1-H1972P2CI065-P016,H1972P2CI065,1972,2,CIENCIAS SOCIALES,16,6,16,30.52,0.8750,text_detected,0,0,0,visual_only,high,OCR_VISUAL_NOISE,front_zone;fallback_psm;visual_noise,PAGESTRUCT_LTMD_U1_W4_SOCIAL_SCIENCES_0.1
U1-H1972P2CI065-P017,H1972P2CI065,1972,2,CIENCIAS SOCIALES,17,3,5,85.49,0.2000,text_detected,,,,mixed_text_image,low,OCR_SPARSE_HIGH_CONF,,PAGESTRUCT_LTMD_U1_W4_SOCIAL_SCIENCES_0.1
U1-H1972P2CI065-P018,H1972P2CI065,1972,2,CIENCIAS SOCIALES,18,6,40,33.38,0.8250,text_detected,,,,visual_only,high,OCR_VISUAL_NOISE,fallback_psm;visual_noise,PAGESTRUCT_LTMD_U1_W4_SOCIAL_SCIENCES_0.1
U1-H1972P2CI065-P019,H1972P2CI065,1972,2,CIENCIAS SOCIALES,19,3,77,88.99,0.0909,text_detected,,,,mixed_text_image,medium,OCR_MODERATE_TEXT,text_present,PAGESTRUCT_LTMD_U1_W4_SOCIAL_SCIENCES_0.1
U1-H1972P2CI065-P020,H1972P2CI065,1972,2,CIENCIAS SOCIALES,20,3,5,76.73,0.2000,text_detected,,,,mixed_text_image,low,OCR_SPARSE_HIGH_CONF,,PAGESTRUCT_LTMD_U1_W4_SOCIAL_SCIENCES_0.1
U1-H1972P2CI065-P021,H1972P2CI065,1972,2,CIENCIAS SOCIALES,21,3,20,92.94,0.0500,text_detected,,,,mixed_text_image,medium,OCR_MODERATE_TEXT,text_present,PAGESTRUCT_LTMD_U1_W4_SOCIAL_SCIENCES_0.1
U1-H1972P2CI065-P022,H1972P2CI065,1972,2,CIENCIAS SOCIALES,22,3,8,86.45,0.1250,text_detected,,,,mixed_text_image,low,OCR_SPARSE_HIGH_CONF,,PAGESTRUCT_LTMD_U1_W4_SOCIAL_SCIENCES_0.1
U1-H1972P2CI065-P023,H1972P2CI065,1972,2,CIENCIAS SOCIALES,23,3,22,92.43,0.0455,text_detected,,,,mixed_text_image,medium,OCR_MODERATE_TEXT,text_present,PAGESTRUCT_LTMD_U1_W4_SOCIAL_SCIENCES_0.1
U1-H1972P2CI065-P024,H1972P2CI065,1972,2,CIENCIAS SOCIALES,24,3,8,96.36,0.0000,text_detected,,,,mixed_text_image,low,OCR_SPARSE_HIGH_CONF,,PAGESTRUCT_LTMD_U1_W4_SOCIAL_SCIENCES_0.1
U1-H1972P2CI065-P025,H1972P2CI065,1972,2,CIENCIAS SOCIALES,25,3,9,88.92,0.1111,text_detected,,,,mixed_text_image,low,OCR_SPARSE_HIGH_CONF,,PAGESTRUCT_LTMD_U1_W4_SOCIAL_SCIENCES_0.1
U1-H1972P2CI065-P026,H1972P2CI065,1972,2,CIENCIAS SOCIALES,26,3,6,81.37,0.1667,text_detected,,,,mixed_text_image,low,OCR_SPARSE_HIGH_CONF,,PAGESTRUCT_LTMD_U1_W4_SOCIAL_SCIENCES_0.1
U1-H1972P2CI065-P027,H1972P2CI065,1972,2,CIENCIAS SOCIALES,27,3,106,92.88,0.0377,text_detected,,,,mixed_text_image,medium,OCR_MODERATE_TEXT,text_present,PAGESTRUCT_LTMD_U1_W4_SOCIAL_SCIENCES_0.1
U1-H1972P2CI065-P028,H1972P2CI065,1972,2,CIENCIAS SOCIALES,28,6,8,16.91,1.0000,text_detected,,,,visual_only,high,OCR_VISUAL_NOISE,fallback_psm;visual_noise,PAGESTRUCT_LTMD_U1_W4_SOCIAL_SCIENCES_0.1
U1-H1972P2CI065-P029,H1972P2CI065,1972,2,CIENCIAS SOCIALES,29,3,3,90.03,0.0000,text_detected,,,,unknown,low,CONSERVATIVE_UNKNOWN,,PAGESTRUCT_LTMD_U1_W4_SOCIAL_SCIENCES_0.1
U1-H1972P2CI065-P030,H1972P2CI065,1972,2,CIENCIAS SOCIALES,30,6,19,29.27,0.8947,text_detected,,,,visual_only,high,OCR_VISUAL_NOISE,fallback_psm;visual_noise,PAGESTRUCT_LTMD_U1_W4_SOCIAL_SCIENCES_0.1
U1-H1972P2CI065-P031,H1972P2CI065,1972,2,CIENCIAS SOCIALES,31,3,52,95.46,0.0000,text_detected,,,,mixed_text_image,medium,OCR_MODERATE_TEXT,text_present,PAGESTRUCT_LTMD_U1_W4_SOCIAL_SCIENCES_0.1
U1-H1972P2CI065-P032,H1972P2CI065,1972,2,CIENCIAS SOCIALES,32,3,41,91.96,0.0732,text_detected,,,,mixed_text_image,medium,OCR_MODERATE_TEXT,text_present,PAGESTRUCT_LTMD_U1_W4_SOCIAL_SCIENCES_0.1
U1-H1972P2CI065-P033,H1972P2CI065,1972,2,CIENCIAS SOCIALES,33,3,24,95.32,0.0000,text_detected,,,,mixed_text_image,medium,OCR_MODERATE_TEXT,text_present,PAGESTRUCT_LTMD_U1_W4_SOCIAL_SCIENCES_0.1
U1-H1972P2CI065-P034,H1972P2CI065,1972,2,CIENCIAS SOCIALES,34,3,10,96.70,0.0000,text_detected,,,,mixed_text_image,low,OCR_SPARSE_HIGH_CONF,,PAGESTRUCT_LTMD_U1_W4_SOCIAL_SCIENCES_0.1
U1-H1972P2CI065-P035,H1972P2CI065,1972,2,CIENCIAS SOCIALES,35,3,5,96.52,0.0000,text_detected,,,,mixed_text_image,low,OCR_SPARSE_HIGH_CONF,,PAGESTRUCT_LTMD_U1_W4_SOCIAL_SCIENCES_0.1
U1-H1972P2CI065-P036,H1972P2CI065,1972,2,CIENCIAS SOCIALES,36,6,40,42.78,0.7000,text_detected,,,,visual_only,medium,OCR_VISUAL_NOISE,fallback_psm;visual_noise,PAGESTRUCT_LTMD_U1_W4_SOCIAL_SCIENCES_0.1
U1-H1972P2CI065-P037,H1972P2CI065,1972,2,CIENCIAS SOCIALES,37,3,62,93.95,0.0323,text_detected,,,,mixed_text_image,medium,OCR_MODERATE_TEXT,text_present,PAGESTRUCT_LTMD_U1_W4_SOCIAL_SCIENCES_0.1
U1-H1972P2CI065-P038,H1972P2CI065,1972,2,CIENCIAS SOCIALES,38,3,25,89.99,0.0800,text_detected,,,,mixed_text_image,medium,OCR_MODERATE_TEXT,text_present,PAGESTRUCT_LTMD_U1_W4_SOCIAL_SCIENCES_0.1
U1-H1972P2CI065-P039,H1972P2CI065,1972,2,CIENCIAS SOCIALES,39,6,29,43.13,0.6552,text_detected,,,,visual_only,medium,OCR_VISUAL_NOISE,fallback_psm;visual_noise,PAGESTRUCT_LTMD_U1_W4_SOCIAL_SCIENCES_0.1
U1-H1972P2CI065-P040,H1972P2CI065,1972,2,CIENCIAS SOCIALES,40,3,4,78.68,0.2500,text_detected,,,,mixed_text_image,low,OCR_SPARSE_HIGH_CONF,,PAGESTRUCT_LTMD_U1_W4_SOCIAL_SCIENCES_0.1
U1-H1972P2CI065-P041,H1972P2CI065,1972,2,CIENCIAS SOCIALES,41,6,26,40.71,0.7308,text_detected,,,,visual_only,medium,OCR_VISUAL_NOISE,fallback_psm;visual_noise,PAGESTRUCT_LTMD_U1_W4_SOCIAL_SCIENCES_0.1
U1-H1972P2CI065-P042,H1972P2CI065,1972,2,CIENCIAS SOCIALES,42,3,32,90.57,0.0938,text_detected,,,,mixed_text_image,medium,OCR_MODERATE_TEXT,text_present,PAGESTRUCT_LTMD_U1_W4_SOCIAL_SCIENCES_0.1
U1-H1972P2CI065-P043,H1972P2CI065,1972,2,CIENCIAS SOCIALES,43,6,48,62.31,0.4583,text_detected,,,,unknown,low,CONSERVATIVE_UNKNOWN,fallback_psm,PAGESTRUCT_LTMD_U1_W4_SOCIAL_SCIENCES_0.1
U1-H1972P2CI065-P044,H1972P2CI065,1972,2,CIENCIAS SOCIALES,44,3,46,96.13,0.0000,text_detected,,,,mixed_text_image,medium,OCR_MODERATE_TEXT,text_present,PAGESTRUCT_LTMD_U1_W4_SOCIAL_SCIENCES_0.1
U1-H1972P2CI065-P045,H1972P2CI065,1972,2,CIENCIAS SOCIALES,45,3,66,94.73,0.0152,text_detected,,,,mixed_text_image,medium,OCR_MODERATE_TEXT,text_present,PAGESTRUCT_LTMD_U1_W4_SOCIAL_SCIENCES_0.1
U1-H1972P2CI065-P046,H1972P2CI065,1972,2,CIENCIAS SOCIALES,46,3,2,96.73,0.0000,text_detected,,,,unknown,low,CONSERVATIVE_UNKNOWN,,PAGESTRUCT_LTMD_U1_W4_SOCIAL_SCIENCES_0.1
U1-H1972P2CI065-P047,H1972P2CI065,1972,2,CIENCIAS SOCIALES,47,11,12,36.07,0.7500,text_detected,,,,visual_only,medium,OCR_VISUAL_NOISE,fallback_psm;visual_noise,PAGESTRUCT_LTMD_U1_W4_SOCIAL_SCIENCES_0.1
U1-H1972P2CI065-P048,H1972P2CI065,1972,2,CIENCIAS SOCIALES,48,3,44,94.26,0.0227,text_detected,,,,mixed_text_image,medium,OCR_MODERATE_TEXT,text_present,PAGESTRUCT_LTMD_U1_W4_SOCIAL_SCIENCES_0.1
U1-H1972P2CI065-P049,H1972P2CI065,1972,2,CIENCIAS SOCIALES,49,3,2,96.82,0.0000,text_detected,,,,unknown,low,CONSERVATIVE_UNKNOWN,,PAGESTRUCT_LTMD_U1_W4_SOCIAL_SCIENCES_0.1
U1-H1972P2CI065-P050,H1972P2CI065,1972,2,CIENCIAS SOCIALES,50,3,25,94.65,0.0400,text_detected,,,,mixed_text_image,medium,OCR_MODERATE_TEXT,text_present,PAGESTRUCT_LTMD_U1_W4_SOCIAL_SCIENCES_0.1
U1-H1972P2CI065-P051,H1972P2CI065,1972,2,CIENCIAS SOCIALES,51,3,2,96.96,0.0000,text_detected,,,,unknown,low,CONSERVATIVE_UNKNOWN,,PAGESTRUCT_LTMD_U1_W4_SOCIAL_SCIENCES_0.1
U1-H1972P2CI065-P052,H1972P2CI065,1972,2,CIENCIAS SOCIALES,52,3,43,94.87,0.0000,text_detected,,,,mixed_text_image,medium,OCR_MODERATE_TEXT,text_present,PAGESTRUCT_LTMD_U1_W4_SOCIAL_SCIENCES_0.1
U1-H1972P2CI065-P053,H1972P2CI065,1972,2,CIENCIAS SOCIALES,53,3,20,92.01,0.0500,text_detected,,,,mixed_text_image,medium,OCR_MODERATE_TEXT,text_present,PAGESTRUCT_LTMD_U1_W4_SOCIAL_SCIENCES_0.1
U1-H1972P2CI065-P054,H1972P2CI065,1972,2,CIENCIAS SOCIALES,54,6,55,24.85,0.9273,text_detected,,,,visual_only,high,OCR_VISUAL_NOISE,fallback_psm;visual_noise,PAGESTRUCT_LTMD_U1_W4_SOCIAL_SCIENCES_0.1
U1-H1972P2CI065-P055,H1972P2CI065,1972,2,CIENCIAS SOCIALES,55,3,8,96.60,0.0000,text_detected,,,,mixed_text_image,low,OCR_SPARSE_HIGH_CONF,,PAGESTRUCT_LTMD_U1_W4_SOCIAL_SCIENCES_0.1
U1-H1972P2CI065-P056,H1972P2CI065,1972,2,CIENCIAS SOCIALES,56,3,62,91.55,0.0323,text_detected,,,,mixed_text_image,medium,OCR_MODERATE_TEXT,text_present,PAGESTRUCT_LTMD_U1_W4_SOCIAL_SCIENCES_0.1
U1-H1972P2CI065-P057,H1972P2CI065,1972,2,CIENCIAS SOCIALES,57,3,5,83.43,0.2000,text_detected,,,,mixed_text_image,low,OCR_SPARSE_HIGH_CONF,,PAGESTRUCT_LTMD_U1_W4_SOCIAL_SCIENCES_0.1
U1-H1972P2CI065-P058,H1972P2CI065,1972,2,CIENCIAS SOCIALES,58,3,3,56.10,0.3333,text_detected,,,,unknown,low,CONSERVATIVE_UNKNOWN,,PAGESTRUCT_LTMD_U1_W4_SOCIAL_SCIENCES_0.1
U1-H1972P2CI065-P059,H1972P2CI065,1972,2,CIENCIAS SOCIALES,59,3,2,89.35,0.0000,text_detected,,,,unknown,low,CONSERVATIVE_UNKNOWN,,PAGESTRUCT_LTMD_U1_W4_SOCIAL_SCIENCES_0.1
U1-H1972P2CI065-P060,H1972P2CI065,1972,2,CIENCIAS SOCIALES,60,11,9,38.47,0.7778,text_detected,,,,visual_only,medium,OCR_VISUAL_NOISE,fallback_psm;visual_noise,PAGESTRUCT_LTMD_U1_W4_SOCIAL_SCIENCES_0.1
U1-H1972P2CI065-P061,H1972P2CI065,1972,2,CIENCIAS SOCIALES,61,3,4,31.96,1.0000,text_detected,,,,unknown,low,CONSERVATIVE_UNKNOWN,,PAGESTRUCT_LTMD_U1_W4_SOCIAL_SCIENCES_0.1
U1-H1972P2CI065-P062,H1972P2CI065,1972,2,CIENCIAS SOCIALES,62,6,14,36.86,0.7857,text_detected,,,,visual_only,medium,OCR_VISUAL_NOISE,fallback_psm;visual_noise,PAGESTRUCT_LTMD_U1_W4_SOCIAL_SCIENCES_0.1
U1-H1972P2CI065-P063,H1972P2CI065,1972,2,CIENCIAS SOCIALES,63,3,75,95.83,0.0133,text_detected,,,,mixed_text_image,medium,OCR_MODERATE_TEXT,text_present,PAGESTRUCT_LTMD_U1_W4_SOCIAL_SCIENCES_0.1
U1-H1972P2CI065-P064,H1972P2CI065,1972,2,CIENCIAS SOCIALES,64,3,5,58.45,0.6000,text_detected,,,,unknown,low,CONSERVATIVE_UNKNOWN,,PAGESTRUCT_LTMD_U1_W4_SOCIAL_SCIENCES_0.1
U1-H1972P2CI065-P065,H1972P2CI065,1972,2,CIENCIAS SOCIALES,65,3,27,92.11,0.0370,text_detected,,,,mixed_text_image,medium,OCR_MODERATE_TEXT,text_present,PAGESTRUCT_LTMD_U1_W4_SOCIAL_SCIENCES_0.1
U1-H1972P2CI065-P066,H1972P2CI065,1972,2,CIENCIAS SOCIALES,66,3,5,96.84,0.0000,text_detected,,,,mixed_text_image,low,OCR_SPARSE_HIGH_CONF,,PAGESTRUCT_LTMD_U1_W4_SOCIAL_SCIENCES_0.1
U1-H1972P2CI065-P067,H1972P2CI065,1972,2,CIENCIAS SOCIALES,67,3,11,96.79,0.0000,text_detected,,,,mixed_text_image,low,OCR_SPARSE_HIGH_CONF,,PAGESTRUCT_LTMD_U1_W4_SOCIAL_SCIENCES_0.1
U1-H1972P2CI065-P068,H1972P2CI065,1972,2,CIENCIAS SOCIALES,68,6,79,33.10,0.9114,text_detected,,,,visual_only,high,OCR_VISUAL_NOISE,fallback_psm;visual_noise,PAGESTRUCT_LTMD_U1_W4_SOCIAL_SCIENCES_0.1
U1-H1972P2CI065-P069,H1972P2CI065,1972,2,CIENCIAS SOCIALES,69,3,5,51.25,0.6000,text_detected,,,,unknown,low,CONSERVATIVE_UNKNOWN,,PAGESTRUCT_LTMD_U1_W4_SOCIAL_SCIENCES_0.1
U1-H1972P2CI065-P070,H1972P2CI065,1972,2,CIENCIAS SOCIALES,70,3,71,92.74,0.0282,text_detected,,,,mixed_text_image,medium,OCR_MODERATE_TEXT,text_present,PAGESTRUCT_LTMD_U1_W4_SOCIAL_SCIENCES_0.1
U1-H1972P2CI065-P071,H1972P2CI065,1972,2,CIENCIAS SOCIALES,71,3,59,96.33,0.0000,text_detected,,,,mixed_text_image,medium,OCR_MODERATE_TEXT,text_present,PAGESTRUCT_LTMD_U1_W4_SOCIAL_SCIENCES_0.1
U1-H1972P2CI065-P072,H1972P2CI065,1972,2,CIENCIAS SOCIALES,72,3,4,95.68,0.0000,text_detected,,,,mixed_text_image,low,OCR_SPARSE_HIGH_CONF,,PAGESTRUCT_LTMD_U1_W4_SOCIAL_SCIENCES_0.1
U1-H1972P2CI065-P073,H1972P2CI065,1972,2,CIENCIAS SOCIALES,73,3,180,95.79,0.0056,text_detected,,,,textual,high,OCR_TEXT_RICH,text_rich,PAGESTRUCT_LTMD_U1_W4_SOCIAL_SCIENCES_0.1
U1-H1972P2CI065-P074,H1972P2CI065,1972,2,CIENCIAS SOCIALES,74,6,48,44.39,0.6667,text_detected,,,,visual_only,medium,OCR_VISUAL_NOISE,fallback_psm;visual_noise,PAGESTRUCT_LTMD_U1_W4_SOCIAL_SCIENCES_0.1
U1-H1972P2CI065-P075,H1972P2CI065,1972,2,CIENCIAS SOCIALES,75,3,97,91.43,0.0309,text_detected,,,,mixed_text_image,medium,OCR_MODERATE_TEXT,text_present,PAGESTRUCT_LTMD_U1_W4_SOCIAL_SCIENCES_0.1
U1-H1972P2CI065-P076,H1972P2CI065,1972,2,CIENCIAS SOCIALES,76,3,5,91.21,0.0000,text_detected,,,,mixed_text_image,low,OCR_SPARSE_HIGH_CONF,,PAGESTRUCT_LTMD_U1_W4_SOCIAL_SCIENCES_0.1
U1-H1972P2CI065-P077,H1972P2CI065,1972,2,CIENCIAS SOCIALES,77,3,129,91.98,0.0310,text_detected,,,,textual,high,OCR_TEXT_RICH,text_rich,PAGESTRUCT_LTMD_U1_W4_SOCIAL_SCIENCES_0.1
U1-H1972P2CI065-P078,H1972P2CI065,1972,2,CIENCIAS SOCIALES,78,3,4,77.82,0.2500,text_detected,,,,mixed_text_image,low,OCR_SPARSE_HIGH_CONF,,PAGESTRUCT_LTMD_U1_W4_SOCIAL_SCIENCES_0.1
U1-H1972P2CI065-P079,H1972P2CI065,1972,2,CIENCIAS SOCIALES,79,3,133,95.57,0.0075,text_detected,,,,textual,high,OCR_TEXT_RICH,text_rich,PAGESTRUCT_LTMD_U1_W4_SOCIAL_SCIENCES_0.1
U1-H1972P2CI065-P080,H1972P2CI065,1972,2,CIENCIAS SOCIALES,80,3,132,93.27,0.0303,text_detected,,,,textual,high,OCR_TEXT_RICH,text_rich,PAGESTRUCT_LTMD_U1_W4_SOCIAL_SCIENCES_0.1
U1-H1972P2CI065-P081,H1972P2CI065,1972,2,CIENCIAS SOCIALES,81,3,3,82.48,0.3333,text_detected,,,,unknown,low,CONSERVATIVE_UNKNOWN,,PAGESTRUCT_LTMD_U1_W4_SOCIAL_SCIENCES_0.1
U1-H1972P2CI065-P082,H1972P2CI065,1972,2,CIENCIAS SOCIALES,82,3,173,95.05,0.0116,text_detected,,,,textual,high,OCR_TEXT_RICH,text_rich,PAGESTRUCT_LTMD_U1_W4_SOCIAL_SCIENCES_0.1
U1-H1972P2CI065-P083,H1972P2CI065,1972,2,CIENCIAS SOCIALES,83,3,4,96.51,0.0000,text_detected,,,,mixed_text_image,low,OCR_SPARSE_HIGH_CONF,,PAGESTRUCT_LTMD_U1_W4_SOCIAL_SCIENCES_0.1
U1-H1972P2CI065-P084,H1972P2CI065,1972,2,CIENCIAS SOCIALES,84,3,5,50.06,0.6000,text_detected,,,,unknown,low,CONSERVATIVE_UNKNOWN,,PAGESTRUCT_LTMD_U1_W4_SOCIAL_SCIENCES_0.1
U1-H1972P2CI065-P085,H1972P2CI065,1972,2,CIENCIAS SOCIALES,85,3,23,80.41,0.1739,text_detected,,,,mixed_text_image,medium,OCR_MODERATE_TEXT,text_present,PAGESTRUCT_LTMD_U1_W4_SOCIAL_SCIENCES_0.1
U1-H1972P2CI065-P086,H1972P2CI065,1972,2,CIENCIAS SOCIALES,86,11,22,43.27,0.7273,text_detected,,,,visual_only,medium,OCR_VISUAL_NOISE,fallback_psm;visual_noise,PAGESTRUCT_LTMD_U1_W4_SOCIAL_SCIENCES_0.1
U1-H1972P2CI065-P087,H1972P2CI065,1972,2,CIENCIAS SOCIALES,87,6,59,32.69,0.8644,text_detected,,,,visual_only,high,OCR_VISUAL_NOISE,fallback_psm;visual_noise,PAGESTRUCT_LTMD_U1_W4_SOCIAL_SCIENCES_0.1
U1-H1972P2CI065-P088,H1972P2CI065,1972,2,CIENCIAS SOCIALES,88,3,38,94.13,0.0263,text_detected,,,,mixed_text_image,medium,OCR_MODERATE_TEXT,text_present,PAGESTRUCT_LTMD_U1_W4_SOCIAL_SCIENCES_0.1
U1-H1972P2CI065-P089,H1972P2CI065,1972,2,CIENCIAS SOCIALES,89,3,5,70.66,0.4000,text_detected,,,,unknown,low,CONSERVATIVE_UNKNOWN,,PAGESTRUCT_LTMD_U1_W4_SOCIAL_SCIENCES_0.1
U1-H1972P2CI065-P090,H1972P2CI065,1972,2,CIENCIAS SOCIALES,90,6,24,35.65,0.7917,text_detected,,,,visual_only,medium,OCR_VISUAL_NOISE,fallback_psm;visual_noise,PAGESTRUCT_LTMD_U1_W4_SOCIAL_SCIENCES_0.1
U1-H1972P2CI065-P091,H1972P2CI065,1972,2,CIENCIAS SOCIALES,91,3,4,96.33,0.0000,text_detected,,,,mixed_text_image,low,OCR_SPARSE_HIGH_CONF,,PAGESTRUCT_LTMD_U1_W4_SOCIAL_SCIENCES_0.1
U1-H1972P2CI065-P092,H1972P2CI065,1972,2,CIENCIAS SOCIALES,92,3,9,69.91,0.3333,text_detected,,,,unknown,low,CONSERVATIVE_UNKNOWN,,PAGESTRUCT_LTMD_U1_W4_SOCIAL_SCIENCES_0.1
U1-H1972P2CI065-P093,H1972P2CI065,1972,2,CIENCIAS SOCIALES,93,3,10,45.53,0.7000,text_detected,,,,unknown,low,CONSERVATIVE_UNKNOWN,,PAGESTRUCT_LTMD_U1_W4_SOCIAL_SCIENCES_0.1
U1-H1972P2CI065-P094,H1972P2CI065,1972,2,CIENCIAS SOCIALES,94,6,44,45.40,0.6591,text_detected,,,,visual_only,medium,OCR_VISUAL_NOISE,fallback_psm;visual_noise,PAGESTRUCT_LTMD_U1_W4_SOCIAL_SCIENCES_0.1
U1-H1972P2CI065-P095,H1972P2CI065,1972,2,CIENCIAS SOCIALES,95,3,38,96.35,0.0000,text_detected,,,,mixed_text_image,medium,OCR_MODERATE_TEXT,text_present,PAGESTRUCT_LTMD_U1_W4_SOCIAL_SCIENCES_0.1
U1-H1972P2CI065-P096,H1972P2CI065,1972,2,CIENCIAS SOCIALES,96,3,85,87.16,0.0941,text_detected,,,,mixed_text_image,medium,OCR_MODERATE_TEXT,text_present,PAGESTRUCT_LTMD_U1_W4_SOCIAL_SCIENCES_0.1
U1-H1972P2CI065-P097,H1972P2CI065,1972,2,CIENCIAS SOCIALES,97,3,5,77.76,0.2000,text_detected,,,,mixed_text_image,low,OCR_SPARSE_HIGH_CONF,,PAGESTRUCT_LTMD_U1_W4_SOCIAL_SCIENCES_0.1
U1-H1972P2CI065-P098,H1972P2CI065,1972,2,CIENCIAS SOCIALES,98,3,13,94.07,0.0000,text_detected,,,,mixed_text_image,low,OCR_SPARSE_HIGH_CONF,,PAGESTRUCT_LTMD_U1_W4_SOCIAL_SCIENCES_0.1
U1-H1972P2CI065-P099,H1972P2CI065,1972,2,CIENCIAS SOCIALES,99,3,18,89.32,0.1111,text_detected,,,,mixed_text_image,low,OCR_SPARSE_HIGH_CONF,,PAGESTRUCT_LTMD_U1_W4_SOCIAL_SCIENCES_0.1
U1-H1972P2CI065-P100,H1972P2CI065,1972,2,CIENCIAS SOCIALES,100,3,43,87.08,0.1163,text_detected,,,,mixed_text_image,medium,OCR_MODERATE_TEXT,text_present,PAGESTRUCT_LTMD_U1_W4_SOCIAL_SCIENCES_0.1
U1-H1972P2CI065-P101,H1972P2CI065,1972,2,CIENCIAS SOCIALES,101,6,54,42.62,0.7222,text_detected,,,,visual_only,medium,OCR_VISUAL_NOISE,fallback_psm;visual_noise,PAGESTRUCT_LTMD_U1_W4_SOCIAL_SCIENCES_0.1
U1-H1972P2CI065-P102,H1972P2CI065,1972,2,CIENCIAS SOCIALES,102,3,7,91.33,0.0000,text_detected,,,,mixed_text_image,low,OCR_SPARSE_HIGH_CONF,,PAGESTRUCT_LTMD_U1_W4_SOCIAL_SCIENCES_0.1
U1-H1972P2CI065-P103,H1972P2CI065,1972,2,CIENCIAS SOCIALES,103,3,38,95.86,0.0000,text_detected,,,,mixed_text_image,medium,OCR_MODERATE_TEXT,text_present,PAGESTRUCT_LTMD_U1_W4_SOCIAL_SCIENCES_0.1
U1-H1972P2CI065-P104,H1972P2CI065,1972,2,CIENCIAS SOCIALES,104,3,41,93.54,0.0244,text_detected,,,,mixed_text_image,medium,OCR_MODERATE_TEXT,text_present,PAGESTRUCT_LTMD_U1_W4_SOCIAL_SCIENCES_0.1
U1-H1972P2CI065-P105,H1972P2CI065,1972,2,CIENCIAS SOCIALES,105,3,30,96.36,0.0000,text_detected,,,,mixed_text_image,medium,OCR_MODERATE_TEXT,text_present,PAGESTRUCT_LTMD_U1_W4_SOCIAL_SCIENCES_0.1
U1-H1972P2CI065-P106,H1972P2CI065,1972,2,CIENCIAS SOCIALES,106,6,41,40.22,0.7805,text_detected,,,,visual_only,medium,OCR_VISUAL_NOISE,fallback_psm;visual_noise,PAGESTRUCT_LTMD_U1_W4_SOCIAL_SCIENCES_0.1
U1-H1972P2CI065-P107,H1972P2CI065,1972,2,CIENCIAS SOCIALES,107,3,2,95.90,0.0000,text_detected,,,,unknown,low,CONSERVATIVE_UNKNOWN,,PAGESTRUCT_LTMD_U1_W4_SOCIAL_SCIENCES_0.1
U1-H1972P2CI065-P108,H1972P2CI065,1972,2,CIENCIAS SOCIALES,108,3,18,94.75,0.0000,text_detected,,,,mixed_text_image,low,OCR_SPARSE_HIGH_CONF,,PAGESTRUCT_LTMD_U1_W4_SOCIAL_SCIENCES_0.1
U1-H1972P2CI065-P109,H1972P2CI065,1972,2,CIENCIAS SOCIALES,109,3,30,89.53,0.0667,text_detected,,,,mixed_text_image,medium,OCR_MODERATE_TEXT,text_present,PAGESTRUCT_LTMD_U1_W4_SOCIAL_SCIENCES_0.1
U1-H1972P2CI065-P110,H1972P2CI065,1972,2,CIENCIAS SOCIALES,110,6,20,39.50,0.8000,text_detected,,,,visual_only,high,OCR_VISUAL_NOISE,fallback_psm;visual_noise,PAGESTRUCT_LTMD_U1_W4_SOCIAL_SCIENCES_0.1
U1-H1972P2CI065-P111,H1972P2CI065,1972,2,CIENCIAS SOCIALES,111,3,5,78.30,0.2000,text_detected,,,,mixed_text_image,low,OCR_SPARSE_HIGH_CONF,,PAGESTRUCT_LTMD_U1_W4_SOCIAL_SCIENCES_0.1
U1-H1972P2CI065-P112,H1972P2CI065,1972,2,CIENCIAS SOCIALES,112,3,38,94.74,0.0263,text_detected,,,,mixed_text_image,medium,OCR_MODERATE_TEXT,text_present,PAGESTRUCT_LTMD_U1_W4_SOCIAL_SCIENCES_0.1
U1-H1972P2CI065-P113,H1972P2CI065,1972,2,CIENCIAS SOCIALES,113,3,7,47.88,0.5714,text_detected,,,,unknown,low,CONSERVATIVE_UNKNOWN,,PAGESTRUCT_LTMD_U1_W4_SOCIAL_SCIENCES_0.1
U1-H1972P2CI065-P114,H1972P2CI065,1972,2,CIENCIAS SOCIALES,114,3,5,96.71,0.0000,text_detected,,,,mixed_text_image,low,OCR_SPARSE_HIGH_CONF,,PAGESTRUCT_LTMD_U1_W4_SOCIAL_SCIENCES_0.1
U1-H1972P2CI065-P115,H1972P2CI065,1972,2,CIENCIAS SOCIALES,115,3,16,96.38,0.0000,text_detected,0,0,0,mixed_text_image,low,OCR_SPARSE_HIGH_CONF,end_zone,PAGESTRUCT_LTMD_U1_W4_SOCIAL_SCIENCES_0.1
U1-H1972P2CI065-P116,H1972P2CI065,1972,2,CIENCIAS SOCIALES,116,3,5,96.31,0.0000,text_detected,0,0,0,mixed_text_image,low,OCR_SPARSE_HIGH_CONF,end_zone,PAGESTRUCT_LTMD_U1_W4_SOCIAL_SCIENCES_0.1
U1-H1972P2CI065-P117,H1972P2CI065,1972,2,CIENCIAS SOCIALES,117,3,7,81.03,0.1429,text_detected,0,0,0,mixed_text_image,low,OCR_SPARSE_HIGH_CONF,end_zone,PAGESTRUCT_LTMD_U1_W4_SOCIAL_SCIENCES_0.1
U1-H1972P2CI065-P118,H1972P2CI065,1972,2,CIENCIAS SOCIALES,118,3,8,77.20,0.2500,text_detected,0,0,0,mixed_text_image,low,OCR_SPARSE_HIGH_CONF,end_zone,PAGESTRUCT_LTMD_U1_W4_SOCIAL_SCIENCES_0.1
U1-H1972P2CI065-P119,H1972P2CI065,1972,2,CIENCIAS SOCIALES,119,3,17,90.65,0.0588,text_detected,0,0,0,mixed_text_image,low,OCR_SPARSE_HIGH_CONF,end_zone,PAGESTRUCT_LTMD_U1_W4_SOCIAL_SCIENCES_0.1
U1-H1972P2CI065-P120,H1972P2CI065,1972,2,CIENCIAS SOCIALES,120,3,5,96.47,0.0000,text_detected,0,0,0,mixed_text_image,low,OCR_SPARSE_HIGH_CONF,end_zone,PAGESTRUCT_LTMD_U1_W4_SOCIAL_SCIENCES_0.1
U1-H1972P2CI065-P121,H1972P2CI065,1972,2,CIENCIAS SOCIALES,121,3,7,83.05,0.1429,text_detected,0,0,0,mixed_text_image,low,OCR_SPARSE_HIGH_CONF,end_zone,PAGESTRUCT_LTMD_U1_W4_SOCIAL_SCIENCES_0.1
U1-H1972P2CI065-P122,H1972P2CI065,1972,2,CIENCIAS SOCIALES,122,11,35,35.64,0.8571,text_detected,0,0,0,visual_only,high,OCR_VISUAL_NOISE,end_zone;fallback_psm;visual_noise,PAGESTRUCT_LTMD_U1_W4_SOCIAL_SCIENCES_0.1
U1-H1972P2CI065-P123,H1972P2CI065,1972,2,CIENCIAS SOCIALES,123,3,193,95.62,0.0104,text_detected,0,0,0,textual,high,OCR_TEXT_RICH,end_zone;text_rich,PAGESTRUCT_LTMD_U1_W4_SOCIAL_SCIENCES_0.1
U1-H1972P2CI065-P124,H1972P2CI065,1972,2,CIENCIAS SOCIALES,124,6,62,34.71,0.7742,text_detected,0,0,0,visual_only,medium,OCR_VISUAL_NOISE,end_zone;fallback_psm;visual_noise,PAGESTRUCT_LTMD_U1_W4_SOCIAL_SCIENCES_0.1
U1-H1972P2CI065-P125,H1972P2CI065,1972,2,CIENCIAS SOCIALES,125,3,80,90.94,0.0375,text_detected,0,0,0,mixed_text_image,medium,OCR_MODERATE_TEXT,end_zone;text_present,PAGESTRUCT_LTMD_U1_W4_SOCIAL_SCIENCES_0.1
U1-H1972P2CI065-P126,H1972P2CI065,1972,2,CIENCIAS SOCIALES,126,3,81,96.19,0.0000,text_detected,0,0,0,mixed_text_image,medium,OCR_MODERATE_TEXT,end_zone;text_present,PAGESTRUCT_LTMD_U1_W4_SOCIAL_SCIENCES_0.1
U1-H1972P2CI065-P127,H1972P2CI065,1972,2,CIENCIAS SOCIALES,127,6,26,30.99,0.8077,text_detected,0,0,0,visual_only,high,OCR_VISUAL_NOISE,end_zone;fallback_psm;visual_noise,PAGESTRUCT_LTMD_U1_W4_SOCIAL_SCIENCES_0.1
U1-H1972P2CI065-P128,H1972P2CI065,1972,2,CIENCIAS SOCIALES,128,3,56,88.10,0.0179,text_detected,0,0,1,bibliography_or_credits,medium,KW_BIBLIO_CREDITS,end_zone;text_present;biblio_credit_kw,PAGESTRUCT_LTMD_U1_W4_SOCIAL_SCIENCES_0.1
U1-H1972P2CI065-P129,H1972P2CI065,1972,2,CIENCIAS SOCIALES,129,3,149,82.91,0.0872,text_detected,0,0,0,textual,high,OCR_TEXT_RICH,end_zone;text_rich,PAGESTRUCT_LTMD_U1_W4_SOCIAL_SCIENCES_0.1
U1-H1972P2CI065-P130,H1972P2CI065,1972,2,CIENCIAS SOCIALES,130,3,9,69.91,0.3333,text_detected,0,0,1,bibliography_or_credits,medium,KW_BIBLIO_CREDITS,end_zone;biblio_credit_kw,PAGESTRUCT_LTMD_U1_W4_SOCIAL_SCIENCES_0.1
U1-H1972P3CI072-P001,H1972P3CI072,1972,3,CIENCIAS SOCIALES,1,3,2,96.61,0.0000,text_detected,0,0,0,unknown,low,CONSERVATIVE_UNKNOWN,front_zone,PAGESTRUCT_LTMD_U1_W4_SOCIAL_SCIENCES_0.1
U1-H1972P3CI072-P002,H1972P3CI072,1972,3,CIENCIAS SOCIALES,2,6,96,24.26,0.9688,text_detected,0,0,0,visual_only,high,OCR_VISUAL_NOISE,front_zone;fallback_psm;visual_noise,PAGESTRUCT_LTMD_U1_W4_SOCIAL_SCIENCES_0.1
U1-H1972P3CI072-P003,H1972P3CI072,1972,3,CIENCIAS SOCIALES,3,3,125,78.14,0.1840,text_detected,0,1,0,toc_or_navigation,medium,KW_NAVIGATION,front_zone;text_rich;nav_kw,PAGESTRUCT_LTMD_U1_W4_SOCIAL_SCIENCES_0.1
U1-H1972P3CI072-P004,H1972P3CI072,1972,3,CIENCIAS SOCIALES,4,6,210,25.10,0.9857,text_detected,0,0,0,visual_only,high,OCR_VISUAL_NOISE,front_zone;fallback_psm;visual_noise,PAGESTRUCT_LTMD_U1_W4_SOCIAL_SCIENCES_0.1
U1-H1972P3CI072-P005,H1972P3CI072,1972,3,CIENCIAS SOCIALES,5,3,105,92.43,0.0286,text_detected,0,0,0,mixed_text_image,medium,OCR_MODERATE_TEXT,front_zone;text_present,PAGESTRUCT_LTMD_U1_W4_SOCIAL_SCIENCES_0.1
U1-H1972P3CI072-P006,H1972P3CI072,1972,3,CIENCIAS SOCIALES,6,3,160,91.53,0.0500,text_detected,0,0,0,textual,high,OCR_TEXT_RICH,front_zone;text_rich,PAGESTRUCT_LTMD_U1_W4_SOCIAL_SCIENCES_0.1
U1-H1972P3CI072-P007,H1972P3CI072,1972,3,CIENCIAS SOCIALES,7,3,120,94.77,0.0083,text_detected,0,0,0,textual,high,OCR_TEXT_RICH,front_zone;text_rich,PAGESTRUCT_LTMD_U1_W4_SOCIAL_SCIENCES_0.1
U1-H1972P3CI072-P008,H1972P3CI072,1972,3,CIENCIAS SOCIALES,8,3,197,94.13,0.0254,text_detected,0,0,0,textual,high,OCR_TEXT_RICH,front_zone;text_rich,PAGESTRUCT_LTMD_U1_W4_SOCIAL_SCIENCES_0.1
U1-H1972P3CI072-P009,H1972P3CI072,1972,3,CIENCIAS SOCIALES,9,3,174,93.61,0.0172,text_detected,0,0,0,textual,high,OCR_TEXT_RICH,front_zone;text_rich,PAGESTRUCT_LTMD_U1_W4_SOCIAL_SCIENCES_0.1
U1-H1972P3CI072-P010,H1972P3CI072,1972,3,CIENCIAS SOCIALES,10,3,34,90.43,0.0882,text_detected,0,0,0,mixed_text_image,medium,OCR_MODERATE_TEXT,front_zone;text_present,PAGESTRUCT_LTMD_U1_W4_SOCIAL_SCIENCES_0.1
U1-H1972P3CI072-P011,H1972P3CI072,1972,3,CIENCIAS SOCIALES,11,3,59,94.90,0.0000,text_detected,0,0,0,mixed_text_image,medium,OCR_MODERATE_TEXT,front_zone;text_present,PAGESTRUCT_LTMD_U1_W4_SOCIAL_SCIENCES_0.1
U1-H1972P3CI072-P012,H1972P3CI072,1972,3,CIENCIAS SOCIALES,12,3,20,95.98,0.0000,text_detected,0,0,0,mixed_text_image,medium,OCR_MODERATE_TEXT,front_zone;text_present,PAGESTRUCT_LTMD_U1_W4_SOCIAL_SCIENCES_0.1
U1-H1972P3CI072-P013,H1972P3CI072,1972,3,CIENCIAS SOCIALES,13,3,8,57.48,0.5000,text_detected,0,0,0,unknown,low,CONSERVATIVE_UNKNOWN,front_zone,PAGESTRUCT_LTMD_U1_W4_SOCIAL_SCIENCES_0.1
U1-H1972P3CI072-P014,H1972P3CI072,1972,3,CIENCIAS SOCIALES,14,3,137,94.88,0.0073,text_detected,0,0,0,textual,high,OCR_TEXT_RICH,front_zone;text_rich,PAGESTRUCT_LTMD_U1_W4_SOCIAL_SCIENCES_0.1
U1-H1972P3CI072-P015,H1972P3CI072,1972,3,CIENCIAS SOCIALES,15,3,194,94.59,0.0155,text_detected,0,0,0,textual,high,OCR_TEXT_RICH,front_zone;text_rich,PAGESTRUCT_LTMD_U1_W4_SOCIAL_SCIENCES_0.1
U1-H1972P3CI072-P016,H1972P3CI072,1972,3,CIENCIAS SOCIALES,16,3,142,95.22,0.0000,text_detected,0,0,0,textual,high,OCR_TEXT_RICH,front_zone;text_rich,PAGESTRUCT_LTMD_U1_W4_SOCIAL_SCIENCES_0.1
U1-H1972P3CI072-P017,H1972P3CI072,1972,3,CIENCIAS SOCIALES,17,3,152,93.95,0.0263,text_detected,,,,textual,high,OCR_TEXT_RICH,text_rich,PAGESTRUCT_LTMD_U1_W4_SOCIAL_SCIENCES_0.1
U1-H1972P3CI072-P018,H1972P3CI072,1972,3,CIENCIAS SOCIALES,18,3,178,91.90,0.0393,text_detected,,,,textual,high,OCR_TEXT_RICH,text_rich,PAGESTRUCT_LTMD_U1_W4_SOCIAL_SCIENCES_0.1
U1-H1972P3CI072-P019,H1972P3CI072,1972,3,CIENCIAS SOCIALES,19,3,254,90.08,0.0472,text_detected,,,,textual,high,OCR_TEXT_RICH,text_rich,PAGESTRUCT_LTMD_U1_W4_SOCIAL_SCIENCES_0.1
U1-H1972P3CI072-P020,H1972P3CI072,1972,3,CIENCIAS SOCIALES,20,3,107,95.07,0.0000,text_detected,,,,mixed_text_image,medium,OCR_MODERATE_TEXT,text_present,PAGESTRUCT_LTMD_U1_W4_SOCIAL_SCIENCES_0.1
U1-H1972P3CI072-P021,H1972P3CI072,1972,3,CIENCIAS SOCIALES,21,3,118,94.24,0.0085,text_detected,,,,mixed_text_image,medium,OCR_MODERATE_TEXT,text_present,PAGESTRUCT_LTMD_U1_W4_SOCIAL_SCIENCES_0.1
U1-H1972P3CI072-P022,H1972P3CI072,1972,3,CIENCIAS SOCIALES,22,3,81,91.06,0.0370,text_detected,,,,mixed_text_image,medium,OCR_MODERATE_TEXT,text_present,PAGESTRUCT_LTMD_U1_W4_SOCIAL_SCIENCES_0.1
U1-H1972P3CI072-P023,H1972P3CI072,1972,3,CIENCIAS SOCIALES,23,3,213,91.79,0.0329,text_detected,,,,textual,high,OCR_TEXT_RICH,text_rich,PAGESTRUCT_LTMD_U1_W4_SOCIAL_SCIENCES_0.1
U1-H1972P3CI072-P024,H1972P3CI072,1972,3,CIENCIAS SOCIALES,24,3,219,93.02,0.0091,text_detected,,,,textual,high,OCR_TEXT_RICH,text_rich,PAGESTRUCT_LTMD_U1_W4_SOCIAL_SCIENCES_0.1
U1-H1972P3CI072-P025,H1972P3CI072,1972,3,CIENCIAS SOCIALES,25,3,122,91.50,0.0246,text_detected,,,,textual,high,OCR_TEXT_RICH,text_rich,PAGESTRUCT_LTMD_U1_W4_SOCIAL_SCIENCES_0.1
U1-H1972P3CI072-P026,H1972P3CI072,1972,3,CIENCIAS SOCIALES,26,3,182,91.64,0.0330,text_detected,,,,textual,high,OCR_TEXT_RICH,text_rich,PAGESTRUCT_LTMD_U1_W4_SOCIAL_SCIENCES_0.1
U1-H1972P3CI072-P027,H1972P3CI072,1972,3,CIENCIAS SOCIALES,27,3,222,89.07,0.0721,text_detected,,,,textual,high,OCR_TEXT_RICH,text_rich,PAGESTRUCT_LTMD_U1_W4_SOCIAL_SCIENCES_0.1
U1-H1972P3CI072-P028,H1972P3CI072,1972,3,CIENCIAS SOCIALES,28,3,110,93.07,0.0182,text_detected,,,,mixed_text_image,medium,OCR_MODERATE_TEXT,text_present,PAGESTRUCT_LTMD_U1_W4_SOCIAL_SCIENCES_0.1
U1-H1972P3CI072-P029,H1972P3CI072,1972,3,CIENCIAS SOCIALES,29,3,145,94.11,0.0207,text_detected,,,,textual,high,OCR_TEXT_RICH,text_rich,PAGESTRUCT_LTMD_U1_W4_SOCIAL_SCIENCES_0.1
U1-H1972P3CI072-P030,H1972P3CI072,1972,3,CIENCIAS SOCIALES,30,3,183,92.12,0.0273,text_detected,,,,textual,high,OCR_TEXT_RICH,text_rich,PAGESTRUCT_LTMD_U1_W4_SOCIAL_SCIENCES_0.1
U1-H1972P3CI072-P031,H1972P3CI072,1972,3,CIENCIAS SOCIALES,31,3,196,91.80,0.0306,text_detected,,,,textual,high,OCR_TEXT_RICH,text_rich,PAGESTRUCT_LTMD_U1_W4_SOCIAL_SCIENCES_0.1
U1-H1972P3CI072-P032,H1972P3CI072,1972,3,CIENCIAS SOCIALES,32,3,166,91.19,0.0422,text_detected,,,,textual,high,OCR_TEXT_RICH,text_rich,PAGESTRUCT_LTMD_U1_W4_SOCIAL_SCIENCES_0.1
U1-H1972P3CI072-P033,H1972P3CI072,1972,3,CIENCIAS SOCIALES,33,3,98,92.81,0.0306,text_detected,,,,mixed_text_image,medium,OCR_MODERATE_TEXT,text_present,PAGESTRUCT_LTMD_U1_W4_SOCIAL_SCIENCES_0.1
U1-H1972P3CI072-P034,H1972P3CI072,1972,3,CIENCIAS SOCIALES,34,3,214,91.52,0.0374,text_detected,,,,textual,high,OCR_TEXT_RICH,text_rich,PAGESTRUCT_LTMD_U1_W4_SOCIAL_SCIENCES_0.1
U1-H1972P3CI072-P035,H1972P3CI072,1972,3,CIENCIAS SOCIALES,35,3,75,94.85,0.0133,text_detected,,,,mixed_text_image,medium,OCR_MODERATE_TEXT,text_present,PAGESTRUCT_LTMD_U1_W4_SOCIAL_SCIENCES_0.1
U1-H1972P3CI072-P036,H1972P3CI072,1972,3,CIENCIAS SOCIALES,36,3,109,94.59,0.0092,text_detected,,,,mixed_text_image,medium,OCR_MODERATE_TEXT,text_present,PAGESTRUCT_LTMD_U1_W4_SOCIAL_SCIENCES_0.1
U1-H1972P3CI072-P037,H1972P3CI072,1972,3,CIENCIAS SOCIALES,37,3,191,95.13,0.0105,text_detected,,,,textual,high,OCR_TEXT_RICH,text_rich,PAGESTRUCT_LTMD_U1_W4_SOCIAL_SCIENCES_0.1
U1-H1972P3CI072-P038,H1972P3CI072,1972,3,CIENCIAS SOCIALES,38,3,349,94.79,0.0029,text_detected,,,,textual,high,OCR_TEXT_RICH,text_rich,PAGESTRUCT_LTMD_U1_W4_SOCIAL_SCIENCES_0.1
U1-H1972P3CI072-P039,H1972P3CI072,1972,3,CIENCIAS SOCIALES,39,3,123,91.74,0.0325,text_detected,,,,textual,high,OCR_TEXT_RICH,text_rich,PAGESTRUCT_LTMD_U1_W4_SOCIAL_SCIENCES_0.1
U1-H1972P3CI072-P040,H1972P3CI072,1972,3,CIENCIAS SOCIALES,40,3,254,94.15,0.0157,text_detected,,,,textual,high,OCR_TEXT_RICH,text_rich,PAGESTRUCT_LTMD_U1_W4_SOCIAL_SCIENCES_0.1
U1-H1972P3CI072-P041,H1972P3CI072,1972,3,CIENCIAS SOCIALES,41,3,184,93.76,0.0163,text_detected,,,,textual,high,OCR_TEXT_RICH,text_rich,PAGESTRUCT_LTMD_U1_W4_SOCIAL_SCIENCES_0.1
U1-H1972P3CI072-P042,H1972P3CI072,1972,3,CIENCIAS SOCIALES,42,3,290,93.32,0.0241,text_detected,,,,textual,high,OCR_TEXT_RICH,text_rich,PAGESTRUCT_LTMD_U1_W4_SOCIAL_SCIENCES_0.1
U1-H1972P3CI072-P043,H1972P3CI072,1972,3,CIENCIAS SOCIALES,43,3,28,86.41,0.0714,text_detected,,,,mixed_text_image,medium,OCR_MODERATE_TEXT,text_present,PAGESTRUCT_LTMD_U1_W4_SOCIAL_SCIENCES_0.1
U1-H1972P3CI072-P044,H1972P3CI072,1972,3,CIENCIAS SOCIALES,44,3,109,92.02,0.0367,text_detected,,,,mixed_text_image,medium,OCR_MODERATE_TEXT,text_present,PAGESTRUCT_LTMD_U1_W4_SOCIAL_SCIENCES_0.1
U1-H1972P3CI072-P045,H1972P3CI072,1972,3,CIENCIAS SOCIALES,45,3,138,94.29,0.0145,text_detected,,,,textual,high,OCR_TEXT_RICH,text_rich,PAGESTRUCT_LTMD_U1_W4_SOCIAL_SCIENCES_0.1
U1-H1972P3CI072-P046,H1972P3CI072,1972,3,CIENCIAS SOCIALES,46,3,151,91.27,0.0331,text_detected,,,,textual,high,OCR_TEXT_RICH,text_rich,PAGESTRUCT_LTMD_U1_W4_SOCIAL_SCIENCES_0.1
U1-H1972P3CI072-P047,H1972P3CI072,1972,3,CIENCIAS SOCIALES,47,3,166,92.46,0.0181,text_detected,,,,textual,high,OCR_TEXT_RICH,text_rich,PAGESTRUCT_LTMD_U1_W4_SOCIAL_SCIENCES_0.1
U1-H1972P3CI072-P048,H1972P3CI072,1972,3,CIENCIAS SOCIALES,48,3,173,92.86,0.0289,text_detected,,,,textual,high,OCR_TEXT_RICH,text_rich,PAGESTRUCT_LTMD_U1_W4_SOCIAL_SCIENCES_0.1
U1-H1972P3CI072-P049,H1972P3CI072,1972,3,CIENCIAS SOCIALES,49,3,159,89.70,0.0755,text_detected,,,,textual,high,OCR_TEXT_RICH,text_rich,PAGESTRUCT_LTMD_U1_W4_SOCIAL_SCIENCES_0.1
U1-H1972P3CI072-P050,H1972P3CI072,1972,3,CIENCIAS SOCIALES,50,3,88,93.73,0.0227,text_detected,,,,mixed_text_image,medium,OCR_MODERATE_TEXT,text_present,PAGESTRUCT_LTMD_U1_W4_SOCIAL_SCIENCES_0.1
U1-H1972P3CI072-P051,H1972P3CI072,1972,3,CIENCIAS SOCIALES,51,3,141,91.80,0.0426,text_detected,,,,textual,high,OCR_TEXT_RICH,text_rich,PAGESTRUCT_LTMD_U1_W4_SOCIAL_SCIENCES_0.1
U1-H1972P3CI072-P052,H1972P3CI072,1972,3,CIENCIAS SOCIALES,52,3,151,91.97,0.0331,text_detected,,,,textual,high,OCR_TEXT_RICH,text_rich,PAGESTRUCT_LTMD_U1_W4_SOCIAL_SCIENCES_0.1
U1-H1972P3CI072-P053,H1972P3CI072,1972,3,CIENCIAS SOCIALES,53,3,159,94.40,0.0189,text_detected,,,,textual,high,OCR_TEXT_RICH,text_rich,PAGESTRUCT_LTMD_U1_W4_SOCIAL_SCIENCES_0.1
U1-H1972P3CI072-P054,H1972P3CI072,1972,3,CIENCIAS SOCIALES,54,3,109,93.92,0.0092,text_detected,,,,mixed_text_image,medium,OCR_MODERATE_TEXT,text_present,PAGESTRUCT_LTMD_U1_W4_SOCIAL_SCIENCES_0.1
U1-H1972P3CI072-P055,H1972P3CI072,1972,3,CIENCIAS SOCIALES,55,3,134,92.82,0.0299,text_detected,,,,textual,high,OCR_TEXT_RICH,text_rich,PAGESTRUCT_LTMD_U1_W4_SOCIAL_SCIENCES_0.1
U1-H1972P3CI072-P056,H1972P3CI072,1972,3,CIENCIAS SOCIALES,56,3,223,93.93,0.0045,text_detected,,,,textual,high,OCR_TEXT_RICH,text_rich,PAGESTRUCT_LTMD_U1_W4_SOCIAL_SCIENCES_0.1
U1-H1972P3CI072-P057,H1972P3CI072,1972,3,CIENCIAS SOCIALES,57,3,287,95.10,0.0070,text_detected,,,,textual,high,OCR_TEXT_RICH,text_rich,PAGESTRUCT_LTMD_U1_W4_SOCIAL_SCIENCES_0.1
U1-H1972P3CI072-P058,H1972P3CI072,1972,3,CIENCIAS SOCIALES,58,3,262,93.33,0.0191,text_detected,,,,textual,high,OCR_TEXT_RICH,text_rich,PAGESTRUCT_LTMD_U1_W4_SOCIAL_SCIENCES_0.1
U1-H1972P3CI072-P059,H1972P3CI072,1972,3,CIENCIAS SOCIALES,59,3,263,94.07,0.0114,text_detected,,,,textual,high,OCR_TEXT_RICH,text_rich,PAGESTRUCT_LTMD_U1_W4_SOCIAL_SCIENCES_0.1
U1-H1972P3CI072-P060,H1972P3CI072,1972,3,CIENCIAS SOCIALES,60,3,271,93.42,0.0221,text_detected,,,,textual,high,OCR_TEXT_RICH,text_rich,PAGESTRUCT_LTMD_U1_W4_SOCIAL_SCIENCES_0.1
U1-H1972P3CI072-P061,H1972P3CI072,1972,3,CIENCIAS SOCIALES,61,3,194,95.58,0.0000,text_detected,,,,textual,high,OCR_TEXT_RICH,text_rich,PAGESTRUCT_LTMD_U1_W4_SOCIAL_SCIENCES_0.1
U1-H1972P3CI072-P062,H1972P3CI072,1972,3,CIENCIAS SOCIALES,62,3,109,95.27,0.0000,text_detected,,,,mixed_text_image,medium,OCR_MODERATE_TEXT,text_present,PAGESTRUCT_LTMD_U1_W4_SOCIAL_SCIENCES_0.1
U1-H1972P3CI072-P063,H1972P3CI072,1972,3,CIENCIAS SOCIALES,63,3,252,94.65,0.0040,text_detected,,,,textual,high,OCR_TEXT_RICH,text_rich,PAGESTRUCT_LTMD_U1_W4_SOCIAL_SCIENCES_0.1
U1-H1972P3CI072-P064,H1972P3CI072,1972,3,CIENCIAS SOCIALES,64,3,271,94.07,0.0221,text_detected,,,,textual,high,OCR_TEXT_RICH,text_rich,PAGESTRUCT_LTMD_U1_W4_SOCIAL_SCIENCES_0.1
U1-H1972P3CI072-P065,H1972P3CI072,1972,3,CIENCIAS SOCIALES,65,3,52,90.52,0.0385,text_detected,,,,mixed_text_image,medium,OCR_MODERATE_TEXT,text_present,PAGESTRUCT_LTMD_U1_W4_SOCIAL_SCIENCES_0.1
U1-H1972P3CI072-P066,H1972P3CI072,1972,3,CIENCIAS SOCIALES,66,3,262,93.69,0.0191,text_detected,,,,textual,high,OCR_TEXT_RICH,text_rich,PAGESTRUCT_LTMD_U1_W4_SOCIAL_SCIENCES_0.1
U1-H1972P3CI072-P067,H1972P3CI072,1972,3,CIENCIAS SOCIALES,67,3,153,93.98,0.0196,text_detected,,,,textual,high,OCR_TEXT_RICH,text_rich,PAGESTRUCT_LTMD_U1_W4_SOCIAL_SCIENCES_0.1
U1-H1972P3CI072-P068,H1972P3CI072,1972,3,CIENCIAS SOCIALES,68,3,96,93.31,0.0208,text_detected,,,,mixed_text_image,medium,OCR_MODERATE_TEXT,text_present,PAGESTRUCT_LTMD_U1_W4_SOCIAL_SCIENCES_0.1
U1-H1972P3CI072-P069,H1972P3CI072,1972,3,CIENCIAS SOCIALES,69,3,154,94.49,0.0130,text_detected,,,,textual,high,OCR_TEXT_RICH,text_rich,PAGESTRUCT_LTMD_U1_W4_SOCIAL_SCIENCES_0.1
U1-H1972P3CI072-P070,H1972P3CI072,1972,3,CIENCIAS SOCIALES,70,3,252,94.31,0.0119,text_detected,,,,textual,high,OCR_TEXT_RICH,text_rich,PAGESTRUCT_LTMD_U1_W4_SOCIAL_SCIENCES_0.1
U1-H1972P3CI072-P071,H1972P3CI072,1972,3,CIENCIAS SOCIALES,71,3,160,94.66,0.0063,text_detected,,,,textual,high,OCR_TEXT_RICH,text_rich,PAGESTRUCT_LTMD_U1_W4_SOCIAL_SCIENCES_0.1
U1-H1972P3CI072-P072,H1972P3CI072,1972,3,CIENCIAS SOCIALES,72,3,157,94.07,0.0127,text_detected,,,,textual,high,OCR_TEXT_RICH,text_rich,PAGESTRUCT_LTMD_U1_W4_SOCIAL_SCIENCES_0.1
U1-H1972P3CI072-P073,H1972P3CI072,1972,3,CIENCIAS SOCIALES,73,3,110,95.76,0.0000,text_detected,,,,mixed_text_image,medium,OCR_MODERATE_TEXT,text_present,PAGESTRUCT_LTMD_U1_W4_SOCIAL_SCIENCES_0.1
U1-H1972P3CI072-P074,H1972P3CI072,1972,3,CIENCIAS SOCIALES,74,3,165,93.69,0.0182,text_detected,,,,textual,high,OCR_TEXT_RICH,text_rich,PAGESTRUCT_LTMD_U1_W4_SOCIAL_SCIENCES_0.1
U1-H1972P3CI072-P075,H1972P3CI072,1972,3,CIENCIAS SOCIALES,75,3,162,94.62,0.0062,text_detected,,,,textual,high,OCR_TEXT_RICH,text_rich,PAGESTRUCT_LTMD_U1_W4_SOCIAL_SCIENCES_0.1
U1-H1972P3CI072-P076,H1972P3CI072,1972,3,CIENCIAS SOCIALES,76,3,56,87.44,0.1071,text_detected,,,,mixed_text_image,medium,OCR_MODERATE_TEXT,text_present,PAGESTRUCT_LTMD_U1_W4_SOCIAL_SCIENCES_0.1
U1-H1972P3CI072-P077,H1972P3CI072,1972,3,CIENCIAS SOCIALES,77,3,115,92.45,0.0348,text_detected,,,,mixed_text_image,medium,OCR_MODERATE_TEXT,text_present,PAGESTRUCT_LTMD_U1_W4_SOCIAL_SCIENCES_0.1
U1-H1972P3CI072-P078,H1972P3CI072,1972,3,CIENCIAS SOCIALES,78,3,196,95.26,0.0051,text_detected,,,,textual,high,OCR_TEXT_RICH,text_rich,PAGESTRUCT_LTMD_U1_W4_SOCIAL_SCIENCES_0.1
U1-H1972P3CI072-P079,H1972P3CI072,1972,3,CIENCIAS SOCIALES,79,3,164,94.99,0.0061,text_detected,,,,textual,high,OCR_TEXT_RICH,text_rich,PAGESTRUCT_LTMD_U1_W4_SOCIAL_SCIENCES_0.1
U1-H1972P3CI072-P080,H1972P3CI072,1972,3,CIENCIAS SOCIALES,80,3,137,93.17,0.0219,text_detected,,,,textual,high,OCR_TEXT_RICH,text_rich,PAGESTRUCT_LTMD_U1_W4_SOCIAL_SCIENCES_0.1
U1-H1972P3CI072-P081,H1972P3CI072,1972,3,CIENCIAS SOCIALES,81,3,155,93.91,0.0194,text_detected,,,,textual,high,OCR_TEXT_RICH,text_rich,PAGESTRUCT_LTMD_U1_W4_SOCIAL_SCIENCES_0.1
U1-H1972P3CI072-P082,H1972P3CI072,1972,3,CIENCIAS SOCIALES,82,3,124,94.20,0.0161,text_detected,,,,textual,high,OCR_TEXT_RICH,text_rich,PAGESTRUCT_LTMD_U1_W4_SOCIAL_SCIENCES_0.1
U1-H1972P3CI072-P083,H1972P3CI072,1972,3,CIENCIAS SOCIALES,83,3,250,94.87,0.0120,text_detected,,,,textual,high,OCR_TEXT_RICH,text_rich,PAGESTRUCT_LTMD_U1_W4_SOCIAL_SCIENCES_0.1
U1-H1972P3CI072-P084,H1972P3CI072,1972,3,CIENCIAS SOCIALES,84,3,261,95.44,0.0038,text_detected,,,,textual,high,OCR_TEXT_RICH,text_rich,PAGESTRUCT_LTMD_U1_W4_SOCIAL_SCIENCES_0.1
U1-H1972P3CI072-P085,H1972P3CI072,1972,3,CIENCIAS SOCIALES,85,3,188,93.50,0.0266,text_detected,,,,textual,high,OCR_TEXT_RICH,text_rich,PAGESTRUCT_LTMD_U1_W4_SOCIAL_SCIENCES_0.1
U1-H1972P3CI072-P086,H1972P3CI072,1972,3,CIENCIAS SOCIALES,86,3,121,93.55,0.0165,text_detected,,,,textual,high,OCR_TEXT_RICH,text_rich,PAGESTRUCT_LTMD_U1_W4_SOCIAL_SCIENCES_0.1
U1-H1972P3CI072-P087,H1972P3CI072,1972,3,CIENCIAS SOCIALES,87,3,99,95.74,0.0000,text_detected,,,,mixed_text_image,medium,OCR_MODERATE_TEXT,text_present,PAGESTRUCT_LTMD_U1_W4_SOCIAL_SCIENCES_0.1
U1-H1972P3CI072-P088,H1972P3CI072,1972,3,CIENCIAS SOCIALES,88,3,65,95.36,0.0000,text_detected,,,,mixed_text_image,medium,OCR_MODERATE_TEXT,text_present,PAGESTRUCT_LTMD_U1_W4_SOCIAL_SCIENCES_0.1
U1-H1972P3CI072-P089,H1972P3CI072,1972,3,CIENCIAS SOCIALES,89,3,96,94.54,0.0000,text_detected,,,,mixed_text_image,medium,OCR_MODERATE_TEXT,text_present,PAGESTRUCT_LTMD_U1_W4_SOCIAL_SCIENCES_0.1
U1-H1972P3CI072-P090,H1972P3CI072,1972,3,CIENCIAS SOCIALES,90,3,161,94.08,0.0248,text_detected,,,,textual,high,OCR_TEXT_RICH,text_rich,PAGESTRUCT_LTMD_U1_W4_SOCIAL_SCIENCES_0.1
U1-H1972P3CI072-P091,H1972P3CI072,1972,3,CIENCIAS SOCIALES,91,3,190,93.81,0.0158,text_detected,,,,textual,high,OCR_TEXT_RICH,text_rich,PAGESTRUCT_LTMD_U1_W4_SOCIAL_SCIENCES_0.1
U1-H1972P3CI072-P092,H1972P3CI072,1972,3,CIENCIAS SOCIALES,92,3,141,95.30,0.0000,text_detected,,,,textual,high,OCR_TEXT_RICH,text_rich,PAGESTRUCT_LTMD_U1_W4_SOCIAL_SCIENCES_0.1
U1-H1972P3CI072-P093,H1972P3CI072,1972,3,CIENCIAS SOCIALES,93,3,124,94.95,0.0081,text_detected,,,,textual,high,OCR_TEXT_RICH,text_rich,PAGESTRUCT_LTMD_U1_W4_SOCIAL_SCIENCES_0.1
U1-H1972P3CI072-P094,H1972P3CI072,1972,3,CIENCIAS SOCIALES,94,3,179,94.88,0.0056,text_detected,,,,textual,high,OCR_TEXT_RICH,text_rich,PAGESTRUCT_LTMD_U1_W4_SOCIAL_SCIENCES_0.1
U1-H1972P3CI072-P095,H1972P3CI072,1972,3,CIENCIAS SOCIALES,95,3,106,95.07,0.0094,text_detected,,,,mixed_text_image,medium,OCR_MODERATE_TEXT,text_present,PAGESTRUCT_LTMD_U1_W4_SOCIAL_SCIENCES_0.1
U1-H1972P3CI072-P096,H1972P3CI072,1972,3,CIENCIAS SOCIALES,96,3,118,94.06,0.0169,text_detected,,,,mixed_text_image,medium,OCR_MODERATE_TEXT,text_present,PAGESTRUCT_LTMD_U1_W4_SOCIAL_SCIENCES_0.1
U1-H1972P3CI072-P097,H1972P3CI072,1972,3,CIENCIAS SOCIALES,97,3,54,87.74,0.0741,text_detected,,,,mixed_text_image,medium,OCR_MODERATE_TEXT,text_present,PAGESTRUCT_LTMD_U1_W4_SOCIAL_SCIENCES_0.1
U1-H1972P3CI072-P098,H1972P3CI072,1972,3,CIENCIAS SOCIALES,98,3,76,94.77,0.0000,text_detected,,,,mixed_text_image,medium,OCR_MODERATE_TEXT,text_present,PAGESTRUCT_LTMD_U1_W4_SOCIAL_SCIENCES_0.1
U1-H1972P3CI072-P099,H1972P3CI072,1972,3,CIENCIAS SOCIALES,99,3,72,95.15,0.0000,text_detected,0,0,0,mixed_text_image,medium,OCR_MODERATE_TEXT,end_zone;text_present,PAGESTRUCT_LTMD_U1_W4_SOCIAL_SCIENCES_0.1
U1-H1972P3CI072-P100,H1972P3CI072,1972,3,CIENCIAS SOCIALES,100,3,143,86.22,0.0979,text_detected,0,0,0,textual,high,OCR_TEXT_RICH,end_zone;text_rich,PAGESTRUCT_LTMD_U1_W4_SOCIAL_SCIENCES_0.1
U1-H1972P3CI072-P101,H1972P3CI072,1972,3,CIENCIAS SOCIALES,101,3,108,94.53,0.0093,text_detected,0,0,0,mixed_text_image,medium,OCR_MODERATE_TEXT,end_zone;text_present,PAGESTRUCT_LTMD_U1_W4_SOCIAL_SCIENCES_0.1
U1-H1972P3CI072-P102,H1972P3CI072,1972,3,CIENCIAS SOCIALES,102,3,118,95.66,0.0000,text_detected,0,0,0,mixed_text_image,medium,OCR_MODERATE_TEXT,end_zone;text_present,PAGESTRUCT_LTMD_U1_W4_SOCIAL_SCIENCES_0.1
U1-H1972P3CI072-P103,H1972P3CI072,1972,3,CIENCIAS SOCIALES,103,3,16,18.82,0.9375,text_detected,0,0,0,unknown,low,CONSERVATIVE_UNKNOWN,end_zone,PAGESTRUCT_LTMD_U1_W4_SOCIAL_SCIENCES_0.1
U1-H1972P3CI072-P104,H1972P3CI072,1972,3,CIENCIAS SOCIALES,104,3,96,94.79,0.0000,text_detected,0,0,0,mixed_text_image,medium,OCR_MODERATE_TEXT,end_zone;text_present,PAGESTRUCT_LTMD_U1_W4_SOCIAL_SCIENCES_0.1
U1-H1972P3CI072-P105,H1972P3CI072,1972,3,CIENCIAS SOCIALES,105,3,198,93.79,0.0152,text_detected,0,0,0,textual,high,OCR_TEXT_RICH,end_zone;text_rich,PAGESTRUCT_LTMD_U1_W4_SOCIAL_SCIENCES_0.1
U1-H1972P3CI072-P106,H1972P3CI072,1972,3,CIENCIAS SOCIALES,106,3,184,94.15,0.0054,text_detected,0,0,0,textual,high,OCR_TEXT_RICH,end_zone;text_rich,PAGESTRUCT_LTMD_U1_W4_SOCIAL_SCIENCES_0.1
U1-H1972P3CI072-P107,H1972P3CI072,1972,3,CIENCIAS SOCIALES,107,3,198,94.57,0.0051,text_detected,0,0,0,textual,high,OCR_TEXT_RICH,end_zone;text_rich,PAGESTRUCT_LTMD_U1_W4_SOCIAL_SCIENCES_0.1
U1-H1972P3CI072-P108,H1972P3CI072,1972,3,CIENCIAS SOCIALES,108,3,164,93.92,0.0061,text_detected,0,1,0,textual,high,OCR_TEXT_RICH,end_zone;text_rich;nav_kw,PAGESTRUCT_LTMD_U1_W4_SOCIAL_SCIENCES_0.1
U1-H1972P3CI072-P109,H1972P3CI072,1972,3,CIENCIAS SOCIALES,109,3,184,92.25,0.0326,text_detected,0,0,0,textual,high,OCR_TEXT_RICH,end_zone;text_rich,PAGESTRUCT_LTMD_U1_W4_SOCIAL_SCIENCES_0.1
U1-H1972P3CI072-P110,H1972P3CI072,1972,3,CIENCIAS SOCIALES,110,3,59,91.73,0.0339,text_detected,0,0,1,bibliography_or_credits,medium,KW_BIBLIO_CREDITS,end_zone;text_present;biblio_credit_kw,PAGESTRUCT_LTMD_U1_W4_SOCIAL_SCIENCES_0.1
U1-H1972P3CI072-P111,H1972P3CI072,1972,3,CIENCIAS SOCIALES,111,3,63,86.52,0.0476,text_detected,0,0,1,bibliography_or_credits,medium,KW_BIBLIO_CREDITS,end_zone;text_present;biblio_credit_kw,PAGESTRUCT_LTMD_U1_W4_SOCIAL_SCIENCES_0.1
U1-H1972P3CI072-P112,H1972P3CI072,1972,3,CIENCIAS SOCIALES,112,3,48,68.91,0.3125,text_detected,0,0,0,mixed_text_image,medium,OCR_MODERATE_TEXT,end_zone;text_present,PAGESTRUCT_LTMD_U1_W4_SOCIAL_SCIENCES_0.1
U1-H1972P3CI072-P113,H1972P3CI072,1972,3,CIENCIAS SOCIALES,113,3,152,75.34,0.1908,text_detected,0,0,0,textual,high,OCR_TEXT_RICH,end_zone;text_rich,PAGESTRUCT_LTMD_U1_W4_SOCIAL_SCIENCES_0.1
U1-H1972P3CI072-P114,H1972P3CI072,1972,3,CIENCIAS SOCIALES,114,3,2,73.58,0.5000,text_detected,0,0,0,unknown,low,CONSERVATIVE_UNKNOWN,end_zone,PAGESTRUCT_LTMD_U1_W4_SOCIAL_SCIENCES_0.1
U1-H1972P4CI078-P001,H1972P4CI078,1972,4,CIENCIAS SOCIALES,1,3,2,96.66,0.0000,text_detected,0,0,0,unknown,low,CONSERVATIVE_UNKNOWN,front_zone,PAGESTRUCT_LTMD_U1_W4_SOCIAL_SCIENCES_0.1
U1-H1972P4CI078-P002,H1972P4CI078,1972,4,CIENCIAS SOCIALES,2,3,105,77.97,0.1714,text_detected,0,0,1,bibliography_or_credits,medium,KW_BIBLIO_CREDITS,front_zone;text_present;biblio_credit_kw,PAGESTRUCT_LTMD_U1_W4_SOCIAL_SCIENCES_0.1
U1-H1972P4CI078-P003,H1972P4CI078,1972,4,CIENCIAS SOCIALES,3,3,78,76.96,0.2308,text_detected,0,2,0,toc_or_navigation,high,KW_NAVIGATION,front_zone;text_present;nav_kw,PAGESTRUCT_LTMD_U1_W4_SOCIAL_SCIENCES_0.1
U1-H1972P4CI078-P004,H1972P4CI078,1972,4,CIENCIAS SOCIALES,4,6,140,35.03,0.8500,text_detected,0,1,0,visual_only,high,OCR_VISUAL_NOISE,front_zone;fallback_psm;visual_noise;nav_kw,PAGESTRUCT_LTMD_U1_W4_SOCIAL_SCIENCES_0.1
U1-H1972P4CI078-P005,H1972P4CI078,1972,4,CIENCIAS SOCIALES,5,6,84,32.62,0.9524,text_detected,0,0,0,visual_only,high,OCR_VISUAL_NOISE,front_zone;fallback_psm;visual_noise,PAGESTRUCT_LTMD_U1_W4_SOCIAL_SCIENCES_0.1
U1-H1972P4CI078-P006,H1972P4CI078,1972,4,CIENCIAS SOCIALES,6,3,244,93.23,0.0123,text_detected,0,1,0,toc_or_navigation,medium,KW_NAVIGATION,front_zone;text_rich;nav_kw,PAGESTRUCT_LTMD_U1_W4_SOCIAL_SCIENCES_0.1
U1-H1972P4CI078-P007,H1972P4CI078,1972,4,CIENCIAS SOCIALES,7,3,160,86.59,0.1062,text_detected,0,0,0,textual,high,OCR_TEXT_RICH,front_zone;text_rich,PAGESTRUCT_LTMD_U1_W4_SOCIAL_SCIENCES_0.1
U1-H1972P4CI078-P008,H1972P4CI078,1972,4,CIENCIAS SOCIALES,8,6,64,31.93,0.8750,text_detected,0,0,0,visual_only,high,OCR_VISUAL_NOISE,front_zone;fallback_psm;visual_noise,PAGESTRUCT_LTMD_U1_W4_SOCIAL_SCIENCES_0.1
U1-H1972P4CI078-P009,H1972P4CI078,1972,4,CIENCIAS SOCIALES,9,3,98,74.52,0.2245,text_detected,0,0,0,mixed_text_image,medium,OCR_MODERATE_TEXT,front_zone;text_present,PAGESTRUCT_LTMD_U1_W4_SOCIAL_SCIENCES_0.1
U1-H1972P4CI078-P010,H1972P4CI078,1972,4,CIENCIAS SOCIALES,10,3,292,91.47,0.0342,text_detected,0,0,0,textual,high,OCR_TEXT_RICH,front_zone;text_rich,PAGESTRUCT_LTMD_U1_W4_SOCIAL_SCIENCES_0.1
U1-H1972P4CI078-P011,H1972P4CI078,1972,4,CIENCIAS SOCIALES,11,6,90,35.26,0.8444,text_detected,0,0,0,visual_only,high,OCR_VISUAL_NOISE,front_zone;fallback_psm;visual_noise,PAGESTRUCT_LTMD_U1_W4_SOCIAL_SCIENCES_0.1
U1-H1972P4CI078-P012,H1972P4CI078,1972,4,CIENCIAS SOCIALES,12,3,55,47.43,0.5273,text_detected,0,0,0,unknown,low,CONSERVATIVE_UNKNOWN,front_zone,PAGESTRUCT_LTMD_U1_W4_SOCIAL_SCIENCES_0.1
U1-H1972P4CI078-P013,H1972P4CI078,1972,4,CIENCIAS SOCIALES,13,6,17,37.42,0.8824,text_detected,0,0,0,visual_only,high,OCR_VISUAL_NOISE,front_zone;fallback_psm;visual_noise,PAGESTRUCT_LTMD_U1_W4_SOCIAL_SCIENCES_0.1
U1-H1972P4CI078-P014,H1972P4CI078,1972,4,CIENCIAS SOCIALES,14,3,40,63.51,0.3750,text_detected,0,0,0,mixed_text_image,medium,OCR_MODERATE_TEXT,front_zone;text_present,PAGESTRUCT_LTMD_U1_W4_SOCIAL_SCIENCES_0.1
U1-H1972P4CI078-P015,H1972P4CI078,1972,4,CIENCIAS SOCIALES,15,3,3,86.38,0.0000,text_detected,0,0,0,unknown,low,CONSERVATIVE_UNKNOWN,front_zone,PAGESTRUCT_LTMD_U1_W4_SOCIAL_SCIENCES_0.1
U1-H1972P4CI078-P016,H1972P4CI078,1972,4,CIENCIAS SOCIALES,16,3,344,94.47,0.0087,text_detected,0,0,0,textual,high,OCR_TEXT_RICH,front_zone;text_rich,PAGESTRUCT_LTMD_U1_W4_SOCIAL_SCIENCES_0.1
U1-H1972P4CI078-P017,H1972P4CI078,1972,4,CIENCIAS SOCIALES,17,3,221,94.04,0.0136,text_detected,,,,textual,high,OCR_TEXT_RICH,text_rich,PAGESTRUCT_LTMD_U1_W4_SOCIAL_SCIENCES_0.1
U1-H1972P4CI078-P018,H1972P4CI078,1972,4,CIENCIAS SOCIALES,18,11,21,41.54,0.7619,text_detected,,,,visual_only,medium,OCR_VISUAL_NOISE,fallback_psm;visual_noise,PAGESTRUCT_LTMD_U1_W4_SOCIAL_SCIENCES_0.1
U1-H1972P4CI078-P019,H1972P4CI078,1972,4,CIENCIAS SOCIALES,19,11,12,27.25,0.9167,text_detected,,,,visual_only,high,OCR_VISUAL_NOISE,fallback_psm;visual_noise,PAGESTRUCT_LTMD_U1_W4_SOCIAL_SCIENCES_0.1
U1-H1972P4CI078-P020,H1972P4CI078,1972,4,CIENCIAS SOCIALES,20,3,289,92.31,0.0415,text_detected,,,,textual,high,OCR_TEXT_RICH,text_rich,PAGESTRUCT_LTMD_U1_W4_SOCIAL_SCIENCES_0.1
U1-H1972P4CI078-P021,H1972P4CI078,1972,4,CIENCIAS SOCIALES,21,3,322,93.70,0.0248,text_detected,,,,textual,high,OCR_TEXT_RICH,text_rich,PAGESTRUCT_LTMD_U1_W4_SOCIAL_SCIENCES_0.1
U1-H1972P4CI078-P022,H1972P4CI078,1972,4,CIENCIAS SOCIALES,22,3,175,92.69,0.0343,text_detected,,,,textual,high,OCR_TEXT_RICH,text_rich,PAGESTRUCT_LTMD_U1_W4_SOCIAL_SCIENCES_0.1
U1-H1972P4CI078-P023,H1972P4CI078,1972,4,CIENCIAS SOCIALES,23,3,159,93.92,0.0063,text_detected,,,,textual,high,OCR_TEXT_RICH,text_rich,PAGESTRUCT_LTMD_U1_W4_SOCIAL_SCIENCES_0.1
U1-H1972P4CI078-P024,H1972P4CI078,1972,4,CIENCIAS SOCIALES,24,3,340,93.89,0.0088,text_detected,,,,textual,high,OCR_TEXT_RICH,text_rich,PAGESTRUCT_LTMD_U1_W4_SOCIAL_SCIENCES_0.1
U1-H1972P4CI078-P025,H1972P4CI078,1972,4,CIENCIAS SOCIALES,25,3,222,94.44,0.0180,text_detected,,,,textual,high,OCR_TEXT_RICH,text_rich,PAGESTRUCT_LTMD_U1_W4_SOCIAL_SCIENCES_0.1
U1-H1972P4CI078-P026,H1972P4CI078,1972,4,CIENCIAS SOCIALES,26,3,74,94.04,0.0135,text_detected,,,,mixed_text_image,medium,OCR_MODERATE_TEXT,text_present,PAGESTRUCT_LTMD_U1_W4_SOCIAL_SCIENCES_0.1
U1-H1972P4CI078-P027,H1972P4CI078,1972,4,CIENCIAS SOCIALES,27,3,114,90.98,0.0351,text_detected,,,,mixed_text_image,medium,OCR_MODERATE_TEXT,text_present,PAGESTRUCT_LTMD_U1_W4_SOCIAL_SCIENCES_0.1
U1-H1972P4CI078-P028,H1972P4CI078,1972,4,CIENCIAS SOCIALES,28,3,153,92.65,0.0261,text_detected,,,,textual,high,OCR_TEXT_RICH,text_rich,PAGESTRUCT_LTMD_U1_W4_SOCIAL_SCIENCES_0.1
U1-H1972P4CI078-P029,H1972P4CI078,1972,4,CIENCIAS SOCIALES,29,3,135,94.82,0.0000,text_detected,,,,textual,high,OCR_TEXT_RICH,text_rich,PAGESTRUCT_LTMD_U1_W4_SOCIAL_SCIENCES_0.1
U1-H1972P4CI078-P030,H1972P4CI078,1972,4,CIENCIAS SOCIALES,30,3,195,92.94,0.0308,text_detected,,,,textual,high,OCR_TEXT_RICH,text_rich,PAGESTRUCT_LTMD_U1_W4_SOCIAL_SCIENCES_0.1
U1-H1972P4CI078-P031,H1972P4CI078,1972,4,CIENCIAS SOCIALES,31,3,180,94.15,0.0111,text_detected,,,,textual,high,OCR_TEXT_RICH,text_rich,PAGESTRUCT_LTMD_U1_W4_SOCIAL_SCIENCES_0.1
U1-H1972P4CI078-P032,H1972P4CI078,1972,4,CIENCIAS SOCIALES,32,3,258,93.85,0.0155,text_detected,,,,textual,high,OCR_TEXT_RICH,text_rich,PAGESTRUCT_LTMD_U1_W4_SOCIAL_SCIENCES_0.1
U1-H1972P4CI078-P033,H1972P4CI078,1972,4,CIENCIAS SOCIALES,33,3,119,93.71,0.0084,text_detected,,,,mixed_text_image,medium,OCR_MODERATE_TEXT,text_present,PAGESTRUCT_LTMD_U1_W4_SOCIAL_SCIENCES_0.1
U1-H1972P4CI078-P034,H1972P4CI078,1972,4,CIENCIAS SOCIALES,34,3,371,95.08,0.0027,text_detected,,,,textual,high,OCR_TEXT_RICH,text_rich,PAGESTRUCT_LTMD_U1_W4_SOCIAL_SCIENCES_0.1
U1-H1972P4CI078-P035,H1972P4CI078,1972,4,CIENCIAS SOCIALES,35,3,240,95.24,0.0042,text_detected,,,,textual,high,OCR_TEXT_RICH,text_rich,PAGESTRUCT_LTMD_U1_W4_SOCIAL_SCIENCES_0.1
U1-H1972P4CI078-P036,H1972P4CI078,1972,4,CIENCIAS SOCIALES,36,6,74,29.41,0.8784,text_detected,,,,visual_only,high,OCR_VISUAL_NOISE,fallback_psm;visual_noise,PAGESTRUCT_LTMD_U1_W4_SOCIAL_SCIENCES_0.1
U1-H1972P4CI078-P037,H1972P4CI078,1972,4,CIENCIAS SOCIALES,37,6,64,32.08,0.8750,text_detected,,,,visual_only,high,OCR_VISUAL_NOISE,fallback_psm;visual_noise,PAGESTRUCT_LTMD_U1_W4_SOCIAL_SCIENCES_0.1
U1-H1972P4CI078-P038,H1972P4CI078,1972,4,CIENCIAS SOCIALES,38,3,47,91.02,0.0426,text_detected,,,,mixed_text_image,medium,OCR_MODERATE_TEXT,text_present,PAGESTRUCT_LTMD_U1_W4_SOCIAL_SCIENCES_0.1
U1-H1972P4CI078-P039,H1972P4CI078,1972,4,CIENCIAS SOCIALES,39,3,76,94.73,0.0132,text_detected,,,,mixed_text_image,medium,OCR_MODERATE_TEXT,text_present,PAGESTRUCT_LTMD_U1_W4_SOCIAL_SCIENCES_0.1
U1-H1972P4CI078-P040,H1972P4CI078,1972,4,CIENCIAS SOCIALES,40,3,48,91.47,0.0417,text_detected,,,,mixed_text_image,medium,OCR_MODERATE_TEXT,text_present,PAGESTRUCT_LTMD_U1_W4_SOCIAL_SCIENCES_0.1
U1-H1972P4CI078-P041,H1972P4CI078,1972,4,CIENCIAS SOCIALES,41,3,347,93.94,0.0202,text_detected,,,,textual,high,OCR_TEXT_RICH,text_rich,PAGESTRUCT_LTMD_U1_W4_SOCIAL_SCIENCES_0.1
U1-H1972P4CI078-P042,H1972P4CI078,1972,4,CIENCIAS SOCIALES,42,3,96,93.49,0.0104,text_detected,,,,mixed_text_image,medium,OCR_MODERATE_TEXT,text_present,PAGESTRUCT_LTMD_U1_W4_SOCIAL_SCIENCES_0.1
U1-H1972P4CI078-P043,H1972P4CI078,1972,4,CIENCIAS SOCIALES,43,3,83,94.39,0.0000,text_detected,,,,mixed_text_image,medium,OCR_MODERATE_TEXT,text_present,PAGESTRUCT_LTMD_U1_W4_SOCIAL_SCIENCES_0.1
U1-H1972P4CI078-P044,H1972P4CI078,1972,4,CIENCIAS SOCIALES,44,3,121,91.57,0.0413,text_detected,,,,textual,high,OCR_TEXT_RICH,text_rich,PAGESTRUCT_LTMD_U1_W4_SOCIAL_SCIENCES_0.1
U1-H1972P4CI078-P045,H1972P4CI078,1972,4,CIENCIAS SOCIALES,45,3,119,93.96,0.0252,text_detected,,,,mixed_text_image,medium,OCR_MODERATE_TEXT,text_present,PAGESTRUCT_LTMD_U1_W4_SOCIAL_SCIENCES_0.1
U1-H1972P4CI078-P046,H1972P4CI078,1972,4,CIENCIAS SOCIALES,46,3,407,93.93,0.0147,text_detected,,,,textual,high,OCR_TEXT_RICH,text_rich,PAGESTRUCT_LTMD_U1_W4_SOCIAL_SCIENCES_0.1
U1-H1972P4CI078-P047,H1972P4CI078,1972,4,CIENCIAS SOCIALES,47,3,31,94.97,0.0000,text_detected,,,,mixed_text_image,medium,OCR_MODERATE_TEXT,text_present,PAGESTRUCT_LTMD_U1_W4_SOCIAL_SCIENCES_0.1
U1-H1972P4CI078-P048,H1972P4CI078,1972,4,CIENCIAS SOCIALES,48,3,169,94.60,0.0059,text_detected,,,,textual,high,OCR_TEXT_RICH,text_rich,PAGESTRUCT_LTMD_U1_W4_SOCIAL_SCIENCES_0.1
U1-H1972P4CI078-P049,H1972P4CI078,1972,4,CIENCIAS SOCIALES,49,3,195,94.89,0.0051,text_detected,,,,textual,high,OCR_TEXT_RICH,text_rich,PAGESTRUCT_LTMD_U1_W4_SOCIAL_SCIENCES_0.1
U1-H1972P4CI078-P050,H1972P4CI078,1972,4,CIENCIAS SOCIALES,50,3,154,94.76,0.0065,text_detected,,,,textual,high,OCR_TEXT_RICH,text_rich,PAGESTRUCT_LTMD_U1_W4_SOCIAL_SCIENCES_0.1
U1-H1972P4CI078-P051,H1972P4CI078,1972,4,CIENCIAS SOCIALES,51,3,311,93.79,0.0193,text_detected,,,,textual,high,OCR_TEXT_RICH,text_rich,PAGESTRUCT_LTMD_U1_W4_SOCIAL_SCIENCES_0.1
U1-H1972P4CI078-P052,H1972P4CI078,1972,4,CIENCIAS SOCIALES,52,3,79,92.94,0.0253,text_detected,,,,mixed_text_image,medium,OCR_MODERATE_TEXT,text_present,PAGESTRUCT_LTMD_U1_W4_SOCIAL_SCIENCES_0.1
U1-H1972P4CI078-P053,H1972P4CI078,1972,4,CIENCIAS SOCIALES,53,3,91,93.97,0.0110,text_detected,,,,mixed_text_image,medium,OCR_MODERATE_TEXT,text_present,PAGESTRUCT_LTMD_U1_W4_SOCIAL_SCIENCES_0.1
U1-H1972P4CI078-P054,H1972P4CI078,1972,4,CIENCIAS SOCIALES,54,3,217,94.81,0.0046,text_detected,,,,textual,high,OCR_TEXT_RICH,text_rich,PAGESTRUCT_LTMD_U1_W4_SOCIAL_SCIENCES_0.1
U1-H1972P4CI078-P055,H1972P4CI078,1972,4,CIENCIAS SOCIALES,55,3,107,93.56,0.0093,text_detected,,,,mixed_text_image,medium,OCR_MODERATE_TEXT,text_present,PAGESTRUCT_LTMD_U1_W4_SOCIAL_SCIENCES_0.1
U1-H1972P4CI078-P056,H1972P4CI078,1972,4,CIENCIAS SOCIALES,56,3,136,92.18,0.0368,text_detected,,,,textual,high,OCR_TEXT_RICH,text_rich,PAGESTRUCT_LTMD_U1_W4_SOCIAL_SCIENCES_0.1
U1-H1972P4CI078-P057,H1972P4CI078,1972,4,CIENCIAS SOCIALES,57,3,117,93.81,0.0342,text_detected,,,,mixed_text_image,medium,OCR_MODERATE_TEXT,text_present,PAGESTRUCT_LTMD_U1_W4_SOCIAL_SCIENCES_0.1
U1-H1972P4CI078-P058,H1972P4CI078,1972,4,CIENCIAS SOCIALES,58,3,80,94.93,0.0000,text_detected,,,,mixed_text_image,medium,OCR_MODERATE_TEXT,text_present,PAGESTRUCT_LTMD_U1_W4_SOCIAL_SCIENCES_0.1
U1-H1972P4CI078-P059,H1972P4CI078,1972,4,CIENCIAS SOCIALES,59,3,164,94.15,0.0000,text_detected,,,,textual,high,OCR_TEXT_RICH,text_rich,PAGESTRUCT_LTMD_U1_W4_SOCIAL_SCIENCES_0.1
U1-H1972P4CI078-P060,H1972P4CI078,1972,4,CIENCIAS SOCIALES,60,3,96,94.17,0.0208,text_detected,,,,mixed_text_image,medium,OCR_MODERATE_TEXT,text_present,PAGESTRUCT_LTMD_U1_W4_SOCIAL_SCIENCES_0.1
U1-H1972P4CI078-P061,H1972P4CI078,1972,4,CIENCIAS SOCIALES,61,3,131,93.01,0.0153,text_detected,,,,textual,high,OCR_TEXT_RICH,text_rich,PAGESTRUCT_LTMD_U1_W4_SOCIAL_SCIENCES_0.1
U1-H1972P4CI078-P062,H1972P4CI078,1972,4,CIENCIAS SOCIALES,62,3,166,95.05,0.0000,text_detected,,,,textual,high,OCR_TEXT_RICH,text_rich,PAGESTRUCT_LTMD_U1_W4_SOCIAL_SCIENCES_0.1
U1-H1972P4CI078-P063,H1972P4CI078,1972,4,CIENCIAS SOCIALES,63,3,190,94.16,0.0000,text_detected,,,,textual,high,OCR_TEXT_RICH,text_rich,PAGESTRUCT_LTMD_U1_W4_SOCIAL_SCIENCES_0.1
U1-H1972P4CI078-P064,H1972P4CI078,1972,4,CIENCIAS SOCIALES,64,3,29,73.54,0.2759,text_detected,,,,mixed_text_image,medium,OCR_MODERATE_TEXT,text_present,PAGESTRUCT_LTMD_U1_W4_SOCIAL_SCIENCES_0.1
U1-H1972P4CI078-P065,H1972P4CI078,1972,4,CIENCIAS SOCIALES,65,6,149,22.48,0.9664,text_detected,,,,visual_only,high,OCR_VISUAL_NOISE,fallback_psm;visual_noise,PAGESTRUCT_LTMD_U1_W4_SOCIAL_SCIENCES_0.1
U1-H1972P4CI078-P066,H1972P4CI078,1972,4,CIENCIAS SOCIALES,66,3,211,94.54,0.0142,text_detected,,,,textual,high,OCR_TEXT_RICH,text_rich,PAGESTRUCT_LTMD_U1_W4_SOCIAL_SCIENCES_0.1
U1-H1972P4CI078-P067,H1972P4CI078,1972,4,CIENCIAS SOCIALES,67,3,223,94.75,0.0045,text_detected,,,,textual,high,OCR_TEXT_RICH,text_rich,PAGESTRUCT_LTMD_U1_W4_SOCIAL_SCIENCES_0.1
U1-H1972P4CI078-P068,H1972P4CI078,1972,4,CIENCIAS SOCIALES,68,6,40,36.34,0.9000,text_detected,,,,visual_only,high,OCR_VISUAL_NOISE,fallback_psm;visual_noise,PAGESTRUCT_LTMD_U1_W4_SOCIAL_SCIENCES_0.1
U1-H1972P4CI078-P069,H1972P4CI078,1972,4,CIENCIAS SOCIALES,69,6,12,40.08,0.9167,text_detected,,,,visual_only,high,OCR_VISUAL_NOISE,fallback_psm;visual_noise,PAGESTRUCT_LTMD_U1_W4_SOCIAL_SCIENCES_0.1
U1-H1972P4CI078-P070,H1972P4CI078,1972,4,CIENCIAS SOCIALES,70,3,6,46.08,0.6667,text_detected,,,,unknown,low,CONSERVATIVE_UNKNOWN,,PAGESTRUCT_LTMD_U1_W4_SOCIAL_SCIENCES_0.1
U1-H1972P4CI078-P071,H1972P4CI078,1972,4,CIENCIAS SOCIALES,71,6,41,30.66,0.9024,text_detected,,,,visual_only,high,OCR_VISUAL_NOISE,fallback_psm;visual_noise,PAGESTRUCT_LTMD_U1_W4_SOCIAL_SCIENCES_0.1
U1-H1972P4CI078-P072,H1972P4CI078,1972,4,CIENCIAS SOCIALES,72,3,86,94.32,0.0116,text_detected,,,,mixed_text_image,medium,OCR_MODERATE_TEXT,text_present,PAGESTRUCT_LTMD_U1_W4_SOCIAL_SCIENCES_0.1
U1-H1972P4CI078-P073,H1972P4CI078,1972,4,CIENCIAS SOCIALES,73,3,110,92.40,0.0182,text_detected,,,,mixed_text_image,medium,OCR_MODERATE_TEXT,text_present,PAGESTRUCT_LTMD_U1_W4_SOCIAL_SCIENCES_0.1
U1-H1972P4CI078-P074,H1972P4CI078,1972,4,CIENCIAS SOCIALES,74,3,255,94.98,0.0039,text_detected,,,,textual,high,OCR_TEXT_RICH,text_rich,PAGESTRUCT_LTMD_U1_W4_SOCIAL_SCIENCES_0.1
U1-H1972P4CI078-P075,H1972P4CI078,1972,4,CIENCIAS SOCIALES,75,3,354,92.09,0.0311,text_detected,,,,textual,high,OCR_TEXT_RICH,text_rich,PAGESTRUCT_LTMD_U1_W4_SOCIAL_SCIENCES_0.1
U1-H1972P4CI078-P076,H1972P4CI078,1972,4,CIENCIAS SOCIALES,76,3,127,93.03,0.0079,text_detected,,,,textual,high,OCR_TEXT_RICH,text_rich,PAGESTRUCT_LTMD_U1_W4_SOCIAL_SCIENCES_0.1
U1-H1972P4CI078-P077,H1972P4CI078,1972,4,CIENCIAS SOCIALES,77,3,123,91.61,0.0244,text_detected,,,,textual,high,OCR_TEXT_RICH,text_rich,PAGESTRUCT_LTMD_U1_W4_SOCIAL_SCIENCES_0.1
U1-H1972P4CI078-P078,H1972P4CI078,1972,4,CIENCIAS SOCIALES,78,3,76,94.79,0.0000,text_detected,,,,mixed_text_image,medium,OCR_MODERATE_TEXT,text_present,PAGESTRUCT_LTMD_U1_W4_SOCIAL_SCIENCES_0.1
U1-H1972P4CI078-P079,H1972P4CI078,1972,4,CIENCIAS SOCIALES,79,3,95,94.11,0.0105,text_detected,,,,mixed_text_image,medium,OCR_MODERATE_TEXT,text_present,PAGESTRUCT_LTMD_U1_W4_SOCIAL_SCIENCES_0.1
U1-H1972P4CI078-P080,H1972P4CI078,1972,4,CIENCIAS SOCIALES,80,3,174,92.83,0.0057,text_detected,,,,textual,high,OCR_TEXT_RICH,text_rich,PAGESTRUCT_LTMD_U1_W4_SOCIAL_SCIENCES_0.1
U1-H1972P4CI078-P081,H1972P4CI078,1972,4,CIENCIAS SOCIALES,81,3,171,92.48,0.0175,text_detected,,,,textual,high,OCR_TEXT_RICH,text_rich,PAGESTRUCT_LTMD_U1_W4_SOCIAL_SCIENCES_0.1
U1-H1972P4CI078-P082,H1972P4CI078,1972,4,CIENCIAS SOCIALES,82,3,316,93.10,0.0158,text_detected,,,,textual,high,OCR_TEXT_RICH,text_rich,PAGESTRUCT_LTMD_U1_W4_SOCIAL_SCIENCES_0.1
U1-H1972P4CI078-P083,H1972P4CI078,1972,4,CIENCIAS SOCIALES,83,3,71,89.53,0.0563,text_detected,,,,mixed_text_image,medium,OCR_MODERATE_TEXT,text_present,PAGESTRUCT_LTMD_U1_W4_SOCIAL_SCIENCES_0.1
U1-H1972P4CI078-P084,H1972P4CI078,1972,4,CIENCIAS SOCIALES,84,3,117,91.49,0.0427,text_detected,,,,mixed_text_image,medium,OCR_MODERATE_TEXT,text_present,PAGESTRUCT_LTMD_U1_W4_SOCIAL_SCIENCES_0.1
U1-H1972P4CI078-P085,H1972P4CI078,1972,4,CIENCIAS SOCIALES,85,3,94,94.77,0.0000,text_detected,,,,mixed_text_image,medium,OCR_MODERATE_TEXT,text_present,PAGESTRUCT_LTMD_U1_W4_SOCIAL_SCIENCES_0.1
U1-H1972P4CI078-P086,H1972P4CI078,1972,4,CIENCIAS SOCIALES,86,3,207,93.29,0.0193,text_detected,,,,textual,high,OCR_TEXT_RICH,text_rich,PAGESTRUCT_LTMD_U1_W4_SOCIAL_SCIENCES_0.1
U1-H1972P4CI078-P087,H1972P4CI078,1972,4,CIENCIAS SOCIALES,87,3,420,93.60,0.0167,text_detected,,,,textual,high,OCR_TEXT_RICH,text_rich,PAGESTRUCT_LTMD_U1_W4_SOCIAL_SCIENCES_0.1
U1-H1972P4CI078-P088,H1972P4CI078,1972,4,CIENCIAS SOCIALES,88,3,199,93.71,0.0151,text_detected,,,,textual,high,OCR_TEXT_RICH,text_rich,PAGESTRUCT_LTMD_U1_W4_SOCIAL_SCIENCES_0.1
U1-H1972P4CI078-P089,H1972P4CI078,1972,4,CIENCIAS SOCIALES,89,3,13,94.08,0.0000,text_detected,,,,mixed_text_image,low,OCR_SPARSE_HIGH_CONF,,PAGESTRUCT_LTMD_U1_W4_SOCIAL_SCIENCES_0.1
U1-H1972P4CI078-P090,H1972P4CI078,1972,4,CIENCIAS SOCIALES,90,3,95,93.01,0.0316,text_detected,,,,mixed_text_image,medium,OCR_MODERATE_TEXT,text_present,PAGESTRUCT_LTMD_U1_W4_SOCIAL_SCIENCES_0.1
U1-H1972P4CI078-P091,H1972P4CI078,1972,4,CIENCIAS SOCIALES,91,3,139,95.24,0.0000,text_detected,,,,textual,high,OCR_TEXT_RICH,text_rich,PAGESTRUCT_LTMD_U1_W4_SOCIAL_SCIENCES_0.1
U1-H1972P4CI078-P092,H1972P4CI078,1972,4,CIENCIAS SOCIALES,92,3,237,92.83,0.0253,text_detected,,,,textual,high,OCR_TEXT_RICH,text_rich,PAGESTRUCT_LTMD_U1_W4_SOCIAL_SCIENCES_0.1
U1-H1972P4CI078-P093,H1972P4CI078,1972,4,CIENCIAS SOCIALES,93,3,6,72.43,0.1667,text_detected,,,,unknown,low,CONSERVATIVE_UNKNOWN,,PAGESTRUCT_LTMD_U1_W4_SOCIAL_SCIENCES_0.1
U1-H1972P4CI078-P094,H1972P4CI078,1972,4,CIENCIAS SOCIALES,94,3,283,93.90,0.0106,text_detected,,,,textual,high,OCR_TEXT_RICH,text_rich,PAGESTRUCT_LTMD_U1_W4_SOCIAL_SCIENCES_0.1
U1-H1972P4CI078-P095,H1972P4CI078,1972,4,CIENCIAS SOCIALES,95,3,180,91.93,0.0278,text_detected,,,,textual,high,OCR_TEXT_RICH,text_rich,PAGESTRUCT_LTMD_U1_W4_SOCIAL_SCIENCES_0.1
U1-H1972P4CI078-P096,H1972P4CI078,1972,4,CIENCIAS SOCIALES,96,3,228,94.20,0.0088,text_detected,,,,textual,high,OCR_TEXT_RICH,text_rich,PAGESTRUCT_LTMD_U1_W4_SOCIAL_SCIENCES_0.1
U1-H1972P4CI078-P097,H1972P4CI078,1972,4,CIENCIAS SOCIALES,97,3,191,94.21,0.0105,text_detected,,,,textual,high,OCR_TEXT_RICH,text_rich,PAGESTRUCT_LTMD_U1_W4_SOCIAL_SCIENCES_0.1
U1-H1972P4CI078-P098,H1972P4CI078,1972,4,CIENCIAS SOCIALES,98,3,179,93.85,0.0112,text_detected,,,,textual,high,OCR_TEXT_RICH,text_rich,PAGESTRUCT_LTMD_U1_W4_SOCIAL_SCIENCES_0.1
U1-H1972P4CI078-P099,H1972P4CI078,1972,4,CIENCIAS SOCIALES,99,3,70,89.02,0.0857,text_detected,,,,mixed_text_image,medium,OCR_MODERATE_TEXT,text_present,PAGESTRUCT_LTMD_U1_W4_SOCIAL_SCIENCES_0.1
U1-H1972P4CI078-P100,H1972P4CI078,1972,4,CIENCIAS SOCIALES,100,3,146,94.52,0.0068,text_detected,,,,textual,high,OCR_TEXT_RICH,text_rich,PAGESTRUCT_LTMD_U1_W4_SOCIAL_SCIENCES_0.1
U1-H1972P4CI078-P101,H1972P4CI078,1972,4,CIENCIAS SOCIALES,101,3,115,93.21,0.0261,text_detected,,,,mixed_text_image,medium,OCR_MODERATE_TEXT,text_present,PAGESTRUCT_LTMD_U1_W4_SOCIAL_SCIENCES_0.1
U1-H1972P4CI078-P102,H1972P4CI078,1972,4,CIENCIAS SOCIALES,102,3,224,95.21,0.0000,text_detected,,,,textual,high,OCR_TEXT_RICH,text_rich,PAGESTRUCT_LTMD_U1_W4_SOCIAL_SCIENCES_0.1
U1-H1972P4CI078-P103,H1972P4CI078,1972,4,CIENCIAS SOCIALES,103,3,113,94.34,0.0088,text_detected,,,,mixed_text_image,medium,OCR_MODERATE_TEXT,text_present,PAGESTRUCT_LTMD_U1_W4_SOCIAL_SCIENCES_0.1
U1-H1972P4CI078-P104,H1972P4CI078,1972,4,CIENCIAS SOCIALES,104,3,6,94.02,0.0000,text_detected,,,,mixed_text_image,low,OCR_SPARSE_HIGH_CONF,,PAGESTRUCT_LTMD_U1_W4_SOCIAL_SCIENCES_0.1
U1-H1972P4CI078-P105,H1972P4CI078,1972,4,CIENCIAS SOCIALES,105,3,412,94.53,0.0049,text_detected,,,,textual,high,OCR_TEXT_RICH,text_rich,PAGESTRUCT_LTMD_U1_W4_SOCIAL_SCIENCES_0.1
U1-H1972P4CI078-P106,H1972P4CI078,1972,4,CIENCIAS SOCIALES,106,3,140,91.93,0.0500,text_detected,,,,textual,high,OCR_TEXT_RICH,text_rich,PAGESTRUCT_LTMD_U1_W4_SOCIAL_SCIENCES_0.1
U1-H1972P4CI078-P107,H1972P4CI078,1972,4,CIENCIAS SOCIALES,107,3,122,94.17,0.0082,text_detected,,,,textual,high,OCR_TEXT_RICH,text_rich,PAGESTRUCT_LTMD_U1_W4_SOCIAL_SCIENCES_0.1
U1-H1972P4CI078-P108,H1972P4CI078,1972,4,CIENCIAS SOCIALES,108,3,121,93.54,0.0083,text_detected,,,,textual,high,OCR_TEXT_RICH,text_rich,PAGESTRUCT_LTMD_U1_W4_SOCIAL_SCIENCES_0.1
U1-H1972P4CI078-P109,H1972P4CI078,1972,4,CIENCIAS SOCIALES,109,3,261,94.31,0.0038,text_detected,,,,textual,high,OCR_TEXT_RICH,text_rich,PAGESTRUCT_LTMD_U1_W4_SOCIAL_SCIENCES_0.1
U1-H1972P4CI078-P110,H1972P4CI078,1972,4,CIENCIAS SOCIALES,110,3,187,95.26,0.0000,text_detected,,,,textual,high,OCR_TEXT_RICH,text_rich,PAGESTRUCT_LTMD_U1_W4_SOCIAL_SCIENCES_0.1
U1-H1972P4CI078-P111,H1972P4CI078,1972,4,CIENCIAS SOCIALES,111,3,175,94.72,0.0114,text_detected,,,,textual,high,OCR_TEXT_RICH,text_rich,PAGESTRUCT_LTMD_U1_W4_SOCIAL_SCIENCES_0.1
U1-H1972P4CI078-P112,H1972P4CI078,1972,4,CIENCIAS SOCIALES,112,3,387,89.37,0.0672,text_detected,,,,textual,high,OCR_TEXT_RICH,text_rich,PAGESTRUCT_LTMD_U1_W4_SOCIAL_SCIENCES_0.1
U1-H1972P4CI078-P113,H1972P4CI078,1972,4,CIENCIAS SOCIALES,113,3,128,93.69,0.0156,text_detected,,,,textual,high,OCR_TEXT_RICH,text_rich,PAGESTRUCT_LTMD_U1_W4_SOCIAL_SCIENCES_0.1
U1-H1972P4CI078-P114,H1972P4CI078,1972,4,CIENCIAS SOCIALES,114,6,140,33.21,0.9214,text_detected,,,,visual_only,high,OCR_VISUAL_NOISE,fallback_psm;visual_noise,PAGESTRUCT_LTMD_U1_W4_SOCIAL_SCIENCES_0.1
U1-H1972P4CI078-P115,H1972P4CI078,1972,4,CIENCIAS SOCIALES,115,6,102,29.40,0.9314,text_detected,,,,visual_only,high,OCR_VISUAL_NOISE,fallback_psm;visual_noise,PAGESTRUCT_LTMD_U1_W4_SOCIAL_SCIENCES_0.1
U1-H1972P4CI078-P116,H1972P4CI078,1972,4,CIENCIAS SOCIALES,116,3,78,92.13,0.0256,text_detected,,,,mixed_text_image,medium,OCR_MODERATE_TEXT,text_present,PAGESTRUCT_LTMD_U1_W4_SOCIAL_SCIENCES_0.1
U1-H1972P4CI078-P117,H1972P4CI078,1972,4,CIENCIAS SOCIALES,117,3,92,94.82,0.0000,text_detected,,,,mixed_text_image,medium,OCR_MODERATE_TEXT,text_present,PAGESTRUCT_LTMD_U1_W4_SOCIAL_SCIENCES_0.1
U1-H1972P4CI078-P118,H1972P4CI078,1972,4,CIENCIAS SOCIALES,118,3,118,91.85,0.0339,text_detected,,,,mixed_text_image,medium,OCR_MODERATE_TEXT,text_present,PAGESTRUCT_LTMD_U1_W4_SOCIAL_SCIENCES_0.1
U1-H1972P4CI078-P119,H1972P4CI078,1972,4,CIENCIAS SOCIALES,119,3,112,94.03,0.0000,text_detected,,,,mixed_text_image,medium,OCR_MODERATE_TEXT,text_present,PAGESTRUCT_LTMD_U1_W4_SOCIAL_SCIENCES_0.1
U1-H1972P4CI078-P120,H1972P4CI078,1972,4,CIENCIAS SOCIALES,120,3,110,94.51,0.0000,text_detected,,,,mixed_text_image,medium,OCR_MODERATE_TEXT,text_present,PAGESTRUCT_LTMD_U1_W4_SOCIAL_SCIENCES_0.1
U1-H1972P4CI078-P121,H1972P4CI078,1972,4,CIENCIAS SOCIALES,121,3,79,91.40,0.0380,text_detected,,,,mixed_text_image,medium,OCR_MODERATE_TEXT,text_present,PAGESTRUCT_LTMD_U1_W4_SOCIAL_SCIENCES_0.1
U1-H1972P4CI078-P122,H1972P4CI078,1972,4,CIENCIAS SOCIALES,122,3,139,94.46,0.0000,text_detected,,,,textual,high,OCR_TEXT_RICH,text_rich,PAGESTRUCT_LTMD_U1_W4_SOCIAL_SCIENCES_0.1
U1-H1972P4CI078-P123,H1972P4CI078,1972,4,CIENCIAS SOCIALES,123,3,134,93.36,0.0224,text_detected,,,,textual,high,OCR_TEXT_RICH,text_rich,PAGESTRUCT_LTMD_U1_W4_SOCIAL_SCIENCES_0.1
U1-H1972P4CI078-P124,H1972P4CI078,1972,4,CIENCIAS SOCIALES,124,3,410,91.86,0.0341,text_detected,,,,textual,high,OCR_TEXT_RICH,text_rich,PAGESTRUCT_LTMD_U1_W4_SOCIAL_SCIENCES_0.1
U1-H1972P4CI078-P125,H1972P4CI078,1972,4,CIENCIAS SOCIALES,125,3,117,92.19,0.0171,text_detected,,,,mixed_text_image,medium,OCR_MODERATE_TEXT,text_present,PAGESTRUCT_LTMD_U1_W4_SOCIAL_SCIENCES_0.1
U1-H1972P4CI078-P126,H1972P4CI078,1972,4,CIENCIAS SOCIALES,126,3,197,93.93,0.0102,text_detected,,,,textual,high,OCR_TEXT_RICH,text_rich,PAGESTRUCT_LTMD_U1_W4_SOCIAL_SCIENCES_0.1
U1-H1972P4CI078-P127,H1972P4CI078,1972,4,CIENCIAS SOCIALES,127,3,133,92.95,0.0226,text_detected,,,,textual,high,OCR_TEXT_RICH,text_rich,PAGESTRUCT_LTMD_U1_W4_SOCIAL_SCIENCES_0.1
U1-H1972P4CI078-P128,H1972P4CI078,1972,4,CIENCIAS SOCIALES,128,3,265,93.92,0.0000,text_detected,,,,textual,high,OCR_TEXT_RICH,text_rich,PAGESTRUCT_LTMD_U1_W4_SOCIAL_SCIENCES_0.1
U1-H1972P4CI078-P129,H1972P4CI078,1972,4,CIENCIAS SOCIALES,129,3,258,94.12,0.0155,text_detected,,,,textual,high,OCR_TEXT_RICH,text_rich,PAGESTRUCT_LTMD_U1_W4_SOCIAL_SCIENCES_0.1
U1-H1972P4CI078-P130,H1972P4CI078,1972,4,CIENCIAS SOCIALES,130,3,176,93.62,0.0170,text_detected,,,,textual,high,OCR_TEXT_RICH,text_rich,PAGESTRUCT_LTMD_U1_W4_SOCIAL_SCIENCES_0.1
U1-H1972P4CI078-P131,H1972P4CI078,1972,4,CIENCIAS SOCIALES,131,3,155,93.46,0.0194,text_detected,,,,textual,high,OCR_TEXT_RICH,text_rich,PAGESTRUCT_LTMD_U1_W4_SOCIAL_SCIENCES_0.1
U1-H1972P4CI078-P132,H1972P4CI078,1972,4,CIENCIAS SOCIALES,132,6,122,29.06,0.9098,text_detected,,,,visual_only,high,OCR_VISUAL_NOISE,fallback_psm;visual_noise,PAGESTRUCT_LTMD_U1_W4_SOCIAL_SCIENCES_0.1
U1-H1972P4CI078-P133,H1972P4CI078,1972,4,CIENCIAS SOCIALES,133,3,184,94.30,0.0054,text_detected,,,,textual,high,OCR_TEXT_RICH,text_rich,PAGESTRUCT_LTMD_U1_W4_SOCIAL_SCIENCES_0.1
U1-H1972P4CI078-P134,H1972P4CI078,1972,4,CIENCIAS SOCIALES,134,3,179,93.84,0.0223,text_detected,,,,textual,high,OCR_TEXT_RICH,text_rich,PAGESTRUCT_LTMD_U1_W4_SOCIAL_SCIENCES_0.1
U1-H1972P4CI078-P135,H1972P4CI078,1972,4,CIENCIAS SOCIALES,135,3,131,94.84,0.0000,text_detected,,,,textual,high,OCR_TEXT_RICH,text_rich,PAGESTRUCT_LTMD_U1_W4_SOCIAL_SCIENCES_0.1
U1-H1972P4CI078-P136,H1972P4CI078,1972,4,CIENCIAS SOCIALES,136,3,80,95.14,0.0000,text_detected,,,,mixed_text_image,medium,OCR_MODERATE_TEXT,text_present,PAGESTRUCT_LTMD_U1_W4_SOCIAL_SCIENCES_0.1
U1-H1972P4CI078-P137,H1972P4CI078,1972,4,CIENCIAS SOCIALES,137,11,33,37.99,0.7576,text_detected,,,,visual_only,medium,OCR_VISUAL_NOISE,fallback_psm;visual_noise,PAGESTRUCT_LTMD_U1_W4_SOCIAL_SCIENCES_0.1
U1-H1972P4CI078-P138,H1972P4CI078,1972,4,CIENCIAS SOCIALES,138,3,101,94.58,0.0099,text_detected,,,,mixed_text_image,medium,OCR_MODERATE_TEXT,text_present,PAGESTRUCT_LTMD_U1_W4_SOCIAL_SCIENCES_0.1
U1-H1972P4CI078-P139,H1972P4CI078,1972,4,CIENCIAS SOCIALES,139,3,379,94.59,0.0106,text_detected,,,,textual,high,OCR_TEXT_RICH,text_rich,PAGESTRUCT_LTMD_U1_W4_SOCIAL_SCIENCES_0.1
U1-H1972P4CI078-P140,H1972P4CI078,1972,4,CIENCIAS SOCIALES,140,3,159,93.89,0.0126,text_detected,,,,textual,high,OCR_TEXT_RICH,text_rich,PAGESTRUCT_LTMD_U1_W4_SOCIAL_SCIENCES_0.1
U1-H1972P4CI078-P141,H1972P4CI078,1972,4,CIENCIAS SOCIALES,141,3,119,90.13,0.0672,text_detected,,,,mixed_text_image,medium,OCR_MODERATE_TEXT,text_present,PAGESTRUCT_LTMD_U1_W4_SOCIAL_SCIENCES_0.1
U1-H1972P4CI078-P142,H1972P4CI078,1972,4,CIENCIAS SOCIALES,142,3,141,95.65,0.0000,text_detected,,,,textual,high,OCR_TEXT_RICH,text_rich,PAGESTRUCT_LTMD_U1_W4_SOCIAL_SCIENCES_0.1
U1-H1972P4CI078-P143,H1972P4CI078,1972,4,CIENCIAS SOCIALES,143,3,144,92.76,0.0139,text_detected,,,,textual,high,OCR_TEXT_RICH,text_rich,PAGESTRUCT_LTMD_U1_W4_SOCIAL_SCIENCES_0.1
U1-H1972P4CI078-P144,H1972P4CI078,1972,4,CIENCIAS SOCIALES,144,3,219,94.35,0.0091,text_detected,,,,textual,high,OCR_TEXT_RICH,text_rich,PAGESTRUCT_LTMD_U1_W4_SOCIAL_SCIENCES_0.1
U1-H1972P4CI078-P145,H1972P4CI078,1972,4,CIENCIAS SOCIALES,145,3,155,94.45,0.0194,text_detected,,,,textual,high,OCR_TEXT_RICH,text_rich,PAGESTRUCT_LTMD_U1_W4_SOCIAL_SCIENCES_0.1
U1-H1972P4CI078-P146,H1972P4CI078,1972,4,CIENCIAS SOCIALES,146,3,126,94.77,0.0079,text_detected,,,,textual,high,OCR_TEXT_RICH,text_rich,PAGESTRUCT_LTMD_U1_W4_SOCIAL_SCIENCES_0.1
U1-H1972P4CI078-P147,H1972P4CI078,1972,4,CIENCIAS SOCIALES,147,3,370,94.67,0.0027,text_detected,,,,textual,high,OCR_TEXT_RICH,text_rich,PAGESTRUCT_LTMD_U1_W4_SOCIAL_SCIENCES_0.1
U1-H1972P4CI078-P148,H1972P4CI078,1972,4,CIENCIAS SOCIALES,148,3,117,93.86,0.0256,text_detected,,,,mixed_text_image,medium,OCR_MODERATE_TEXT,text_present,PAGESTRUCT_LTMD_U1_W4_SOCIAL_SCIENCES_0.1
U1-H1972P4CI078-P149,H1972P4CI078,1972,4,CIENCIAS SOCIALES,149,3,114,94.63,0.0088,text_detected,,,,mixed_text_image,medium,OCR_MODERATE_TEXT,text_present,PAGESTRUCT_LTMD_U1_W4_SOCIAL_SCIENCES_0.1
U1-H1972P4CI078-P150,H1972P4CI078,1972,4,CIENCIAS SOCIALES,150,3,89,93.99,0.0225,text_detected,,,,mixed_text_image,medium,OCR_MODERATE_TEXT,text_present,PAGESTRUCT_LTMD_U1_W4_SOCIAL_SCIENCES_0.1
U1-H1972P4CI078-P151,H1972P4CI078,1972,4,CIENCIAS SOCIALES,151,3,361,94.86,0.0083,text_detected,,,,textual,high,OCR_TEXT_RICH,text_rich,PAGESTRUCT_LTMD_U1_W4_SOCIAL_SCIENCES_0.1
U1-H1972P4CI078-P152,H1972P4CI078,1972,4,CIENCIAS SOCIALES,152,3,212,93.99,0.0094,text_detected,,,,textual,high,OCR_TEXT_RICH,text_rich,PAGESTRUCT_LTMD_U1_W4_SOCIAL_SCIENCES_0.1
U1-H1972P4CI078-P153,H1972P4CI078,1972,4,CIENCIAS SOCIALES,153,6,31,28.01,0.8710,text_detected,,,,visual_only,high,OCR_VISUAL_NOISE,fallback_psm;visual_noise,PAGESTRUCT_LTMD_U1_W4_SOCIAL_SCIENCES_0.1
U1-H1972P4CI078-P154,H1972P4CI078,1972,4,CIENCIAS SOCIALES,154,3,94,93.78,0.0213,text_detected,,,,mixed_text_image,medium,OCR_MODERATE_TEXT,text_present,PAGESTRUCT_LTMD_U1_W4_SOCIAL_SCIENCES_0.1
U1-H1972P4CI078-P155,H1972P4CI078,1972,4,CIENCIAS SOCIALES,155,3,364,94.59,0.0027,text_detected,,,,textual,high,OCR_TEXT_RICH,text_rich,PAGESTRUCT_LTMD_U1_W4_SOCIAL_SCIENCES_0.1
U1-H1972P4CI078-P156,H1972P4CI078,1972,4,CIENCIAS SOCIALES,156,3,132,95.05,0.0000,text_detected,,,,textual,high,OCR_TEXT_RICH,text_rich,PAGESTRUCT_LTMD_U1_W4_SOCIAL_SCIENCES_0.1
U1-H1972P4CI078-P157,H1972P4CI078,1972,4,CIENCIAS SOCIALES,157,3,55,91.67,0.0364,text_detected,,,,mixed_text_image,medium,OCR_MODERATE_TEXT,text_present,PAGESTRUCT_LTMD_U1_W4_SOCIAL_SCIENCES_0.1
U1-H1972P4CI078-P158,H1972P4CI078,1972,4,CIENCIAS SOCIALES,158,3,46,94.15,0.0217,text_detected,,,,mixed_text_image,medium,OCR_MODERATE_TEXT,text_present,PAGESTRUCT_LTMD_U1_W4_SOCIAL_SCIENCES_0.1
U1-H1972P4CI078-P159,H1972P4CI078,1972,4,CIENCIAS SOCIALES,159,3,37,94.75,0.0270,text_detected,,,,mixed_text_image,medium,OCR_MODERATE_TEXT,text_present,PAGESTRUCT_LTMD_U1_W4_SOCIAL_SCIENCES_0.1
U1-H1972P4CI078-P160,H1972P4CI078,1972,4,CIENCIAS SOCIALES,160,3,380,93.00,0.0289,text_detected,,,,textual,high,OCR_TEXT_RICH,text_rich,PAGESTRUCT_LTMD_U1_W4_SOCIAL_SCIENCES_0.1
U1-H1972P4CI078-P161,H1972P4CI078,1972,4,CIENCIAS SOCIALES,161,3,147,94.86,0.0068,text_detected,,,,textual,high,OCR_TEXT_RICH,text_rich,PAGESTRUCT_LTMD_U1_W4_SOCIAL_SCIENCES_0.1
U1-H1972P4CI078-P162,H1972P4CI078,1972,4,CIENCIAS SOCIALES,162,6,48,36.35,0.8958,text_detected,,,,visual_only,high,OCR_VISUAL_NOISE,fallback_psm;visual_noise,PAGESTRUCT_LTMD_U1_W4_SOCIAL_SCIENCES_0.1
U1-H1972P4CI078-P163,H1972P4CI078,1972,4,CIENCIAS SOCIALES,163,3,4,45.05,0.7500,text_detected,,,,unknown,low,CONSERVATIVE_UNKNOWN,,PAGESTRUCT_LTMD_U1_W4_SOCIAL_SCIENCES_0.1
U1-H1972P4CI078-P164,H1972P4CI078,1972,4,CIENCIAS SOCIALES,164,3,36,95.35,0.0000,text_detected,,,,mixed_text_image,medium,OCR_MODERATE_TEXT,text_present,PAGESTRUCT_LTMD_U1_W4_SOCIAL_SCIENCES_0.1
U1-H1972P4CI078-P165,H1972P4CI078,1972,4,CIENCIAS SOCIALES,165,3,74,92.32,0.0270,text_detected,,,,mixed_text_image,medium,OCR_MODERATE_TEXT,text_present,PAGESTRUCT_LTMD_U1_W4_SOCIAL_SCIENCES_0.1
U1-H1972P4CI078-P166,H1972P4CI078,1972,4,CIENCIAS SOCIALES,166,3,424,93.80,0.0118,text_detected,,,,textual,high,OCR_TEXT_RICH,text_rich,PAGESTRUCT_LTMD_U1_W4_SOCIAL_SCIENCES_0.1
U1-H1972P4CI078-P167,H1972P4CI078,1972,4,CIENCIAS SOCIALES,167,6,37,42.89,0.8378,text_detected,,,,visual_only,high,OCR_VISUAL_NOISE,fallback_psm;visual_noise,PAGESTRUCT_LTMD_U1_W4_SOCIAL_SCIENCES_0.1
U1-H1972P4CI078-P168,H1972P4CI078,1972,4,CIENCIAS SOCIALES,168,3,197,93.89,0.0203,text_detected,,,,textual,high,OCR_TEXT_RICH,text_rich,PAGESTRUCT_LTMD_U1_W4_SOCIAL_SCIENCES_0.1
U1-H1972P4CI078-P169,H1972P4CI078,1972,4,CIENCIAS SOCIALES,169,3,199,94.18,0.0201,text_detected,,,,textual,high,OCR_TEXT_RICH,text_rich,PAGESTRUCT_LTMD_U1_W4_SOCIAL_SCIENCES_0.1
U1-H1972P4CI078-P170,H1972P4CI078,1972,4,CIENCIAS SOCIALES,170,3,105,81.03,0.1810,text_detected,,,,mixed_text_image,medium,OCR_MODERATE_TEXT,text_present,PAGESTRUCT_LTMD_U1_W4_SOCIAL_SCIENCES_0.1
U1-H1972P4CI078-P171,H1972P4CI078,1972,4,CIENCIAS SOCIALES,171,3,76,94.81,0.0000,text_detected,,,,mixed_text_image,medium,OCR_MODERATE_TEXT,text_present,PAGESTRUCT_LTMD_U1_W4_SOCIAL_SCIENCES_0.1
U1-H1972P4CI078-P172,H1972P4CI078,1972,4,CIENCIAS SOCIALES,172,3,168,90.83,0.0417,text_detected,,,,textual,high,OCR_TEXT_RICH,text_rich,PAGESTRUCT_LTMD_U1_W4_SOCIAL_SCIENCES_0.1
U1-H1972P4CI078-P173,H1972P4CI078,1972,4,CIENCIAS SOCIALES,173,3,177,90.91,0.0565,text_detected,,,,textual,high,OCR_TEXT_RICH,text_rich,PAGESTRUCT_LTMD_U1_W4_SOCIAL_SCIENCES_0.1
U1-H1972P4CI078-P174,H1972P4CI078,1972,4,CIENCIAS SOCIALES,174,3,234,92.16,0.0299,text_detected,,,,textual,high,OCR_TEXT_RICH,text_rich,PAGESTRUCT_LTMD_U1_W4_SOCIAL_SCIENCES_0.1
U1-H1972P4CI078-P175,H1972P4CI078,1972,4,CIENCIAS SOCIALES,175,3,189,93.58,0.0053,text_detected,,,,textual,high,OCR_TEXT_RICH,text_rich,PAGESTRUCT_LTMD_U1_W4_SOCIAL_SCIENCES_0.1
U1-H1972P4CI078-P176,H1972P4CI078,1972,4,CIENCIAS SOCIALES,176,3,166,93.89,0.0301,text_detected,,,,textual,high,OCR_TEXT_RICH,text_rich,PAGESTRUCT_LTMD_U1_W4_SOCIAL_SCIENCES_0.1
U1-H1972P4CI078-P177,H1972P4CI078,1972,4,CIENCIAS SOCIALES,177,3,362,94.14,0.0249,text_detected,,,,textual,high,OCR_TEXT_RICH,text_rich,PAGESTRUCT_LTMD_U1_W4_SOCIAL_SCIENCES_0.1
U1-H1972P4CI078-P178,H1972P4CI078,1972,4,CIENCIAS SOCIALES,178,3,229,90.78,0.0480,text_detected,,,,textual,high,OCR_TEXT_RICH,text_rich,PAGESTRUCT_LTMD_U1_W4_SOCIAL_SCIENCES_0.1
U1-H1972P4CI078-P179,H1972P4CI078,1972,4,CIENCIAS SOCIALES,179,3,193,95.16,0.0052,text_detected,,,,textual,high,OCR_TEXT_RICH,text_rich,PAGESTRUCT_LTMD_U1_W4_SOCIAL_SCIENCES_0.1
U1-H1972P4CI078-P180,H1972P4CI078,1972,4,CIENCIAS SOCIALES,180,3,217,94.65,0.0000,text_detected,,,,textual,high,OCR_TEXT_RICH,text_rich,PAGESTRUCT_LTMD_U1_W4_SOCIAL_SCIENCES_0.1
U1-H1972P4CI078-P181,H1972P4CI078,1972,4,CIENCIAS SOCIALES,181,3,357,93.75,0.0140,text_detected,,,,textual,high,OCR_TEXT_RICH,text_rich,PAGESTRUCT_LTMD_U1_W4_SOCIAL_SCIENCES_0.1
U1-H1972P4CI078-P182,H1972P4CI078,1972,4,CIENCIAS SOCIALES,182,3,135,94.62,0.0000,text_detected,,,,textual,high,OCR_TEXT_RICH,text_rich,PAGESTRUCT_LTMD_U1_W4_SOCIAL_SCIENCES_0.1
U1-H1972P4CI078-P183,H1972P4CI078,1972,4,CIENCIAS SOCIALES,183,3,162,92.62,0.0309,text_detected,,,,textual,high,OCR_TEXT_RICH,text_rich,PAGESTRUCT_LTMD_U1_W4_SOCIAL_SCIENCES_0.1
U1-H1972P4CI078-P184,H1972P4CI078,1972,4,CIENCIAS SOCIALES,184,3,225,92.89,0.0222,text_detected,,,,textual,high,OCR_TEXT_RICH,text_rich,PAGESTRUCT_LTMD_U1_W4_SOCIAL_SCIENCES_0.1
U1-H1972P4CI078-P185,H1972P4CI078,1972,4,CIENCIAS SOCIALES,185,3,204,92.92,0.0147,text_detected,,,,textual,high,OCR_TEXT_RICH,text_rich,PAGESTRUCT_LTMD_U1_W4_SOCIAL_SCIENCES_0.1
U1-H1972P4CI078-P186,H1972P4CI078,1972,4,CIENCIAS SOCIALES,186,3,254,94.06,0.0118,text_detected,,,,textual,high,OCR_TEXT_RICH,text_rich,PAGESTRUCT_LTMD_U1_W4_SOCIAL_SCIENCES_0.1
U1-H1972P4CI078-P187,H1972P4CI078,1972,4,CIENCIAS SOCIALES,187,3,283,93.86,0.0141,text_detected,,,,textual,high,OCR_TEXT_RICH,text_rich,PAGESTRUCT_LTMD_U1_W4_SOCIAL_SCIENCES_0.1
U1-H1972P4CI078-P188,H1972P4CI078,1972,4,CIENCIAS SOCIALES,188,3,184,93.34,0.0217,text_detected,,,,textual,high,OCR_TEXT_RICH,text_rich,PAGESTRUCT_LTMD_U1_W4_SOCIAL_SCIENCES_0.1
U1-H1972P4CI078-P189,H1972P4CI078,1972,4,CIENCIAS SOCIALES,189,3,349,94.04,0.0143,text_detected,,,,textual,high,OCR_TEXT_RICH,text_rich,PAGESTRUCT_LTMD_U1_W4_SOCIAL_SCIENCES_0.1
U1-H1972P4CI078-P190,H1972P4CI078,1972,4,CIENCIAS SOCIALES,190,3,176,94.10,0.0114,text_detected,,,,textual,high,OCR_TEXT_RICH,text_rich,PAGESTRUCT_LTMD_U1_W4_SOCIAL_SCIENCES_0.1
U1-H1972P4CI078-P191,H1972P4CI078,1972,4,CIENCIAS SOCIALES,191,3,190,93.09,0.0263,text_detected,,,,textual,high,OCR_TEXT_RICH,text_rich,PAGESTRUCT_LTMD_U1_W4_SOCIAL_SCIENCES_0.1
U1-H1972P4CI078-P192,H1972P4CI078,1972,4,CIENCIAS SOCIALES,192,3,155,92.84,0.0323,text_detected,,,,textual,high,OCR_TEXT_RICH,text_rich,PAGESTRUCT_LTMD_U1_W4_SOCIAL_SCIENCES_0.1
U1-H1972P4CI078-P193,H1972P4CI078,1972,4,CIENCIAS SOCIALES,193,3,105,95.38,0.0000,text_detected,,,,mixed_text_image,medium,OCR_MODERATE_TEXT,text_present,PAGESTRUCT_LTMD_U1_W4_SOCIAL_SCIENCES_0.1
U1-H1972P4CI078-P194,H1972P4CI078,1972,4,CIENCIAS SOCIALES,194,3,292,94.06,0.0068,text_detected,,,,textual,high,OCR_TEXT_RICH,text_rich,PAGESTRUCT_LTMD_U1_W4_SOCIAL_SCIENCES_0.1
U1-H1972P4CI078-P195,H1972P4CI078,1972,4,CIENCIAS SOCIALES,195,3,247,95.03,0.0000,text_detected,,,,textual,high,OCR_TEXT_RICH,text_rich,PAGESTRUCT_LTMD_U1_W4_SOCIAL_SCIENCES_0.1
U1-H1972P4CI078-P196,H1972P4CI078,1972,4,CIENCIAS SOCIALES,196,3,8,89.96,0.0000,text_detected,,,,mixed_text_image,low,OCR_SPARSE_HIGH_CONF,,PAGESTRUCT_LTMD_U1_W4_SOCIAL_SCIENCES_0.1
U1-H1972P4CI078-P197,H1972P4CI078,1972,4,CIENCIAS SOCIALES,197,3,372,94.24,0.0054,text_detected,,,,textual,high,OCR_TEXT_RICH,text_rich,PAGESTRUCT_LTMD_U1_W4_SOCIAL_SCIENCES_0.1
U1-H1972P4CI078-P198,H1972P4CI078,1972,4,CIENCIAS SOCIALES,198,3,126,94.61,0.0238,text_detected,,,,textual,high,OCR_TEXT_RICH,text_rich,PAGESTRUCT_LTMD_U1_W4_SOCIAL_SCIENCES_0.1
U1-H1972P4CI078-P199,H1972P4CI078,1972,4,CIENCIAS SOCIALES,199,3,148,94.36,0.0203,text_detected,,,,textual,high,OCR_TEXT_RICH,text_rich,PAGESTRUCT_LTMD_U1_W4_SOCIAL_SCIENCES_0.1
U1-H1972P4CI078-P200,H1972P4CI078,1972,4,CIENCIAS SOCIALES,200,3,402,94.44,0.0025,text_detected,,,,textual,high,OCR_TEXT_RICH,text_rich,PAGESTRUCT_LTMD_U1_W4_SOCIAL_SCIENCES_0.1
U1-H1972P4CI078-P201,H1972P4CI078,1972,4,CIENCIAS SOCIALES,201,3,173,94.15,0.0058,text_detected,,,,textual,high,OCR_TEXT_RICH,text_rich,PAGESTRUCT_LTMD_U1_W4_SOCIAL_SCIENCES_0.1
U1-H1972P4CI078-P202,H1972P4CI078,1972,4,CIENCIAS SOCIALES,202,3,91,94.91,0.0000,text_detected,,,,mixed_text_image,medium,OCR_MODERATE_TEXT,text_present,PAGESTRUCT_LTMD_U1_W4_SOCIAL_SCIENCES_0.1
U1-H1972P4CI078-P203,H1972P4CI078,1972,4,CIENCIAS SOCIALES,203,3,81,93.73,0.0123,text_detected,,,,mixed_text_image,medium,OCR_MODERATE_TEXT,text_present,PAGESTRUCT_LTMD_U1_W4_SOCIAL_SCIENCES_0.1
U1-H1972P4CI078-P204,H1972P4CI078,1972,4,CIENCIAS SOCIALES,204,3,191,94.28,0.0052,text_detected,,,,textual,high,OCR_TEXT_RICH,text_rich,PAGESTRUCT_LTMD_U1_W4_SOCIAL_SCIENCES_0.1
U1-H1972P4CI078-P205,H1972P4CI078,1972,4,CIENCIAS SOCIALES,205,3,67,87.11,0.1194,text_detected,,,,mixed_text_image,medium,OCR_MODERATE_TEXT,text_present,PAGESTRUCT_LTMD_U1_W4_SOCIAL_SCIENCES_0.1
U1-H1972P4CI078-P206,H1972P4CI078,1972,4,CIENCIAS SOCIALES,206,3,166,94.69,0.0060,text_detected,,,,textual,high,OCR_TEXT_RICH,text_rich,PAGESTRUCT_LTMD_U1_W4_SOCIAL_SCIENCES_0.1
U1-H1972P4CI078-P207,H1972P4CI078,1972,4,CIENCIAS SOCIALES,207,3,385,94.67,0.0104,text_detected,,,,textual,high,OCR_TEXT_RICH,text_rich,PAGESTRUCT_LTMD_U1_W4_SOCIAL_SCIENCES_0.1
U1-H1972P4CI078-P208,H1972P4CI078,1972,4,CIENCIAS SOCIALES,208,3,210,94.73,0.0095,text_detected,,,,textual,high,OCR_TEXT_RICH,text_rich,PAGESTRUCT_LTMD_U1_W4_SOCIAL_SCIENCES_0.1
U1-H1972P4CI078-P209,H1972P4CI078,1972,4,CIENCIAS SOCIALES,209,3,238,94.33,0.0042,text_detected,,,,textual,high,OCR_TEXT_RICH,text_rich,PAGESTRUCT_LTMD_U1_W4_SOCIAL_SCIENCES_0.1
U1-H1972P4CI078-P210,H1972P4CI078,1972,4,CIENCIAS SOCIALES,210,3,135,94.46,0.0148,text_detected,,,,textual,high,OCR_TEXT_RICH,text_rich,PAGESTRUCT_LTMD_U1_W4_SOCIAL_SCIENCES_0.1
U1-H1972P4CI078-P211,H1972P4CI078,1972,4,CIENCIAS SOCIALES,211,3,140,94.56,0.0071,text_detected,0,1,0,textual,high,OCR_TEXT_RICH,end_zone;text_rich;nav_kw,PAGESTRUCT_LTMD_U1_W4_SOCIAL_SCIENCES_0.1
U1-H1972P4CI078-P212,H1972P4CI078,1972,4,CIENCIAS SOCIALES,212,3,9,85.56,0.0000,text_detected,0,0,0,mixed_text_image,low,OCR_SPARSE_HIGH_CONF,end_zone,PAGESTRUCT_LTMD_U1_W4_SOCIAL_SCIENCES_0.1
U1-H1972P4CI078-P213,H1972P4CI078,1972,4,CIENCIAS SOCIALES,213,3,246,93.84,0.0041,text_detected,0,0,0,textual,high,OCR_TEXT_RICH,end_zone;text_rich,PAGESTRUCT_LTMD_U1_W4_SOCIAL_SCIENCES_0.1
U1-H1972P4CI078-P214,H1972P4CI078,1972,4,CIENCIAS SOCIALES,214,3,128,93.22,0.0391,text_detected,0,0,0,textual,high,OCR_TEXT_RICH,end_zone;text_rich,PAGESTRUCT_LTMD_U1_W4_SOCIAL_SCIENCES_0.1
U1-H1972P4CI078-P215,H1972P4CI078,1972,4,CIENCIAS SOCIALES,215,3,376,95.09,0.0053,text_detected,0,0,0,textual,high,OCR_TEXT_RICH,end_zone;text_rich,PAGESTRUCT_LTMD_U1_W4_SOCIAL_SCIENCES_0.1
U1-H1972P4CI078-P216,H1972P4CI078,1972,4,CIENCIAS SOCIALES,216,3,15,14.51,0.9333,text_detected,0,0,0,unknown,low,CONSERVATIVE_UNKNOWN,end_zone,PAGESTRUCT_LTMD_U1_W4_SOCIAL_SCIENCES_0.1
U1-H1972P4CI078-P217,H1972P4CI078,1972,4,CIENCIAS SOCIALES,217,3,168,94.89,0.0000,text_detected,0,0,0,textual,high,OCR_TEXT_RICH,end_zone;text_rich,PAGESTRUCT_LTMD_U1_W4_SOCIAL_SCIENCES_0.1
U1-H1972P4CI078-P218,H1972P4CI078,1972,4,CIENCIAS SOCIALES,218,3,321,90.16,0.0530,text_detected,0,0,0,textual,high,OCR_TEXT_RICH,end_zone;text_rich,PAGESTRUCT_LTMD_U1_W4_SOCIAL_SCIENCES_0.1
U1-H1972P4CI078-P219,H1972P4CI078,1972,4,CIENCIAS SOCIALES,219,3,296,90.40,0.0236,text_detected,0,0,0,textual,high,OCR_TEXT_RICH,end_zone;text_rich,PAGESTRUCT_LTMD_U1_W4_SOCIAL_SCIENCES_0.1
U1-H1972P4CI078-P220,H1972P4CI078,1972,4,CIENCIAS SOCIALES,220,3,270,87.65,0.0741,text_detected,0,0,0,textual,high,OCR_TEXT_RICH,end_zone;text_rich,PAGESTRUCT_LTMD_U1_W4_SOCIAL_SCIENCES_0.1
U1-H1972P4CI078-P221,H1972P4CI078,1972,4,CIENCIAS SOCIALES,221,3,238,82.86,0.1345,text_detected,0,0,0,textual,high,OCR_TEXT_RICH,end_zone;text_rich,PAGESTRUCT_LTMD_U1_W4_SOCIAL_SCIENCES_0.1
U1-H1972P4CI078-P222,H1972P4CI078,1972,4,CIENCIAS SOCIALES,222,6,60,30.96,0.8000,text_detected,0,0,0,visual_only,high,OCR_VISUAL_NOISE,end_zone;fallback_psm;visual_noise,PAGESTRUCT_LTMD_U1_W4_SOCIAL_SCIENCES_0.1
U1-H1972P4CI078-P223,H1972P4CI078,1972,4,CIENCIAS SOCIALES,223,6,120,28.04,0.9000,text_detected,0,0,0,visual_only,high,OCR_VISUAL_NOISE,end_zone;fallback_psm;visual_noise,PAGESTRUCT_LTMD_U1_W4_SOCIAL_SCIENCES_0.1
U1-H1972P4CI078-P224,H1972P4CI078,1972,4,CIENCIAS SOCIALES,224,6,73,57.06,0.4795,text_detected,0,0,1,bibliography_or_credits,medium,KW_BIBLIO_CREDITS,end_zone;fallback_psm;biblio_credit_kw,PAGESTRUCT_LTMD_U1_W4_SOCIAL_SCIENCES_0.1
U1-H1972P4CI078-P225,H1972P4CI078,1972,4,CIENCIAS SOCIALES,225,3,147,83.60,0.1224,text_detected,0,0,0,textual,high,OCR_TEXT_RICH,end_zone;text_rich,PAGESTRUCT_LTMD_U1_W4_SOCIAL_SCIENCES_0.1
U1-H1972P4CI078-P226,H1972P4CI078,1972,4,CIENCIAS SOCIALES,226,3,6,92.83,0.0000,text_detected,0,0,1,bibliography_or_credits,medium,KW_BIBLIO_CREDITS,end_zone;biblio_credit_kw,PAGESTRUCT_LTMD_U1_W4_SOCIAL_SCIENCES_0.1
U1-H1972P5CI085-P001,H1972P5CI085,1972,5,CIENCIAS SOCIALES,1,3,4,63.44,0.5000,text_detected,0,0,0,unknown,low,CONSERVATIVE_UNKNOWN,front_zone,PAGESTRUCT_LTMD_U1_W4_SOCIAL_SCIENCES_0.1
U1-H1972P5CI085-P002,H1972P5CI085,1972,5,CIENCIAS SOCIALES,2,6,97,25.83,0.9485,text_detected,0,0,0,visual_only,high,OCR_VISUAL_NOISE,front_zone;fallback_psm;visual_noise,PAGESTRUCT_LTMD_U1_W4_SOCIAL_SCIENCES_0.1
U1-H1972P5CI085-P003,H1972P5CI085,1972,5,CIENCIAS SOCIALES,3,3,4,96.14,0.0000,text_detected,0,0,0,mixed_text_image,low,OCR_SPARSE_HIGH_CONF,front_zone,PAGESTRUCT_LTMD_U1_W4_SOCIAL_SCIENCES_0.1
U1-H1972P5CI085-P004,H1972P5CI085,1972,5,CIENCIAS SOCIALES,4,3,257,90.17,0.0350,text_detected,0,0,2,bibliography_or_credits,high,KW_BIBLIO_CREDITS,front_zone;text_rich;biblio_credit_kw,PAGESTRUCT_LTMD_U1_W4_SOCIAL_SCIENCES_0.1
U1-H1972P5CI085-P005,H1972P5CI085,1972,5,CIENCIAS SOCIALES,5,3,9,65.99,0.3333,text_detected,0,0,1,bibliography_or_credits,medium,KW_BIBLIO_CREDITS,front_zone;biblio_credit_kw,PAGESTRUCT_LTMD_U1_W4_SOCIAL_SCIENCES_0.1
U1-H1972P5CI085-P006,H1972P5CI085,1972,5,CIENCIAS SOCIALES,6,3,30,57.71,0.3667,text_detected,0,0,1,bibliography_or_credits,medium,KW_BIBLIO_CREDITS,front_zone;biblio_credit_kw,PAGESTRUCT_LTMD_U1_W4_SOCIAL_SCIENCES_0.1
U1-H1972P5CI085-P007,H1972P5CI085,1972,5,CIENCIAS SOCIALES,7,3,1,59.62,1.0000,text_detected,0,0,0,unknown,low,CONSERVATIVE_UNKNOWN,front_zone,PAGESTRUCT_LTMD_U1_W4_SOCIAL_SCIENCES_0.1
U1-H1972P5CI085-P008,H1972P5CI085,1972,5,CIENCIAS SOCIALES,8,3,114,88.81,0.0614,text_detected,1,1,0,toc_or_navigation,medium,KW_NAVIGATION,front_zone;text_present;front_kw;nav_kw,PAGESTRUCT_LTMD_U1_W4_SOCIAL_SCIENCES_0.1
U1-H1972P5CI085-P009,H1972P5CI085,1972,5,CIENCIAS SOCIALES,9,3,161,81.59,0.1739,text_detected,0,1,0,toc_or_navigation,medium,KW_NAVIGATION,front_zone;text_rich;nav_kw,PAGESTRUCT_LTMD_U1_W4_SOCIAL_SCIENCES_0.1
U1-H1972P5CI085-P010,H1972P5CI085,1972,5,CIENCIAS SOCIALES,10,,1,25.32,1.0000,no_text_detected,0,0,0,visual_only,high,OCR_VISUAL_NOISE,front_zone;visual_noise,PAGESTRUCT_LTMD_U1_W4_SOCIAL_SCIENCES_0.1
U1-H1972P5CI085-P011,H1972P5CI085,1972,5,CIENCIAS SOCIALES,11,3,311,93.13,0.0225,text_detected,1,0,0,front_matter,medium,KW_FRONT_MATTER,front_zone;text_rich;front_kw,PAGESTRUCT_LTMD_U1_W4_SOCIAL_SCIENCES_0.1
U1-H1972P5CI085-P012,H1972P5CI085,1972,5,CIENCIAS SOCIALES,12,3,216,95.09,0.0046,text_detected,0,1,0,toc_or_navigation,medium,KW_NAVIGATION,front_zone;text_rich;nav_kw,PAGESTRUCT_LTMD_U1_W4_SOCIAL_SCIENCES_0.1
U1-H1972P5CI085-P013,H1972P5CI085,1972,5,CIENCIAS SOCIALES,13,3,122,94.28,0.0082,text_detected,0,0,0,textual,high,OCR_TEXT_RICH,front_zone;text_rich,PAGESTRUCT_LTMD_U1_W4_SOCIAL_SCIENCES_0.1
U1-H1972P5CI085-P014,H1972P5CI085,1972,5,CIENCIAS SOCIALES,14,11,15,55.82,0.6000,text_detected,0,0,0,unknown,low,CONSERVATIVE_UNKNOWN,front_zone;fallback_psm,PAGESTRUCT_LTMD_U1_W4_SOCIAL_SCIENCES_0.1
U1-H1972P5CI085-P015,H1972P5CI085,1972,5,CIENCIAS SOCIALES,15,3,3,24.47,1.0000,text_detected,0,0,0,visual_only,medium,OCR_VISUAL_NOISE,front_zone;visual_noise,PAGESTRUCT_LTMD_U1_W4_SOCIAL_SCIENCES_0.1
U1-H1972P5CI085-P016,H1972P5CI085,1972,5,CIENCIAS SOCIALES,16,3,74,95.13,0.0000,text_detected,0,0,0,mixed_text_image,medium,OCR_MODERATE_TEXT,front_zone;text_present,PAGESTRUCT_LTMD_U1_W4_SOCIAL_SCIENCES_0.1
U1-H1972P5CI085-P017,H1972P5CI085,1972,5,CIENCIAS SOCIALES,17,3,105,94.44,0.0190,text_detected,,,,mixed_text_image,medium,OCR_MODERATE_TEXT,text_present,PAGESTRUCT_LTMD_U1_W4_SOCIAL_SCIENCES_0.1
U1-H1972P5CI085-P018,H1972P5CI085,1972,5,CIENCIAS SOCIALES,18,3,9,93.79,0.0000,text_detected,,,,mixed_text_image,low,OCR_SPARSE_HIGH_CONF,,PAGESTRUCT_LTMD_U1_W4_SOCIAL_SCIENCES_0.1
U1-H1972P5CI085-P019,H1972P5CI085,1972,5,CIENCIAS SOCIALES,19,,3,79.97,0.0000,no_text_detected,,,,visual_only,high,OCR_VISUAL_NOISE,visual_noise,PAGESTRUCT_LTMD_U1_W4_SOCIAL_SCIENCES_0.1
U1-H1972P5CI085-P020,H1972P5CI085,1972,5,CIENCIAS SOCIALES,20,3,160,91.36,0.0375,text_detected,,,,textual,high,OCR_TEXT_RICH,text_rich,PAGESTRUCT_LTMD_U1_W4_SOCIAL_SCIENCES_0.1
U1-H1972P5CI085-P021,H1972P5CI085,1972,5,CIENCIAS SOCIALES,21,3,177,88.92,0.0734,text_detected,,,,textual,high,OCR_TEXT_RICH,text_rich,PAGESTRUCT_LTMD_U1_W4_SOCIAL_SCIENCES_0.1
U1-H1972P5CI085-P022,H1972P5CI085,1972,5,CIENCIAS SOCIALES,22,3,52,86.06,0.1154,text_detected,,,,mixed_text_image,medium,OCR_MODERATE_TEXT,text_present,PAGESTRUCT_LTMD_U1_W4_SOCIAL_SCIENCES_0.1
U1-H1972P5CI085-P023,H1972P5CI085,1972,5,CIENCIAS SOCIALES,23,3,60,81.63,0.2000,text_detected,,,,mixed_text_image,medium,OCR_MODERATE_TEXT,text_present,PAGESTRUCT_LTMD_U1_W4_SOCIAL_SCIENCES_0.1
U1-H1972P5CI085-P024,H1972P5CI085,1972,5,CIENCIAS SOCIALES,24,3,40,94.05,0.0000,text_detected,,,,mixed_text_image,medium,OCR_MODERATE_TEXT,text_present,PAGESTRUCT_LTMD_U1_W4_SOCIAL_SCIENCES_0.1
U1-H1972P5CI085-P025,H1972P5CI085,1972,5,CIENCIAS SOCIALES,25,3,46,83.33,0.1739,text_detected,,,,mixed_text_image,medium,OCR_MODERATE_TEXT,text_present,PAGESTRUCT_LTMD_U1_W4_SOCIAL_SCIENCES_0.1
U1-H1972P5CI085-P026,H1972P5CI085,1972,5,CIENCIAS SOCIALES,26,3,12,91.56,0.0000,text_detected,,,,mixed_text_image,low,OCR_SPARSE_HIGH_CONF,,PAGESTRUCT_LTMD_U1_W4_SOCIAL_SCIENCES_0.1
U1-H1972P5CI085-P027,H1972P5CI085,1972,5,CIENCIAS SOCIALES,27,3,260,95.18,0.0038,text_detected,,,,textual,high,OCR_TEXT_RICH,text_rich,PAGESTRUCT_LTMD_U1_W4_SOCIAL_SCIENCES_0.1
U1-H1972P5CI085-P028,H1972P5CI085,1972,5,CIENCIAS SOCIALES,28,11,29,43.35,0.6897,text_detected,,,,visual_only,medium,OCR_VISUAL_NOISE,fallback_psm;visual_noise,PAGESTRUCT_LTMD_U1_W4_SOCIAL_SCIENCES_0.1
U1-H1972P5CI085-P029,H1972P5CI085,1972,5,CIENCIAS SOCIALES,29,3,179,92.28,0.0279,text_detected,,,,textual,high,OCR_TEXT_RICH,text_rich,PAGESTRUCT_LTMD_U1_W4_SOCIAL_SCIENCES_0.1
U1-H1972P5CI085-P030,H1972P5CI085,1972,5,CIENCIAS SOCIALES,30,3,182,94.90,0.0055,text_detected,,,,textual,high,OCR_TEXT_RICH,text_rich,PAGESTRUCT_LTMD_U1_W4_SOCIAL_SCIENCES_0.1
U1-H1972P5CI085-P031,H1972P5CI085,1972,5,CIENCIAS SOCIALES,31,3,129,92.09,0.0388,text_detected,,,,textual,high,OCR_TEXT_RICH,text_rich,PAGESTRUCT_LTMD_U1_W4_SOCIAL_SCIENCES_0.1
U1-H1972P5CI085-P032,H1972P5CI085,1972,5,CIENCIAS SOCIALES,32,3,295,94.65,0.0034,text_detected,,,,textual,high,OCR_TEXT_RICH,text_rich,PAGESTRUCT_LTMD_U1_W4_SOCIAL_SCIENCES_0.1
U1-H1972P5CI085-P033,H1972P5CI085,1972,5,CIENCIAS SOCIALES,33,3,4,94.69,0.0000,text_detected,,,,mixed_text_image,low,OCR_SPARSE_HIGH_CONF,,PAGESTRUCT_LTMD_U1_W4_SOCIAL_SCIENCES_0.1
U1-H1972P5CI085-P034,H1972P5CI085,1972,5,CIENCIAS SOCIALES,34,3,138,93.97,0.0217,text_detected,,,,textual,high,OCR_TEXT_RICH,text_rich,PAGESTRUCT_LTMD_U1_W4_SOCIAL_SCIENCES_0.1
U1-H1972P5CI085-P035,H1972P5CI085,1972,5,CIENCIAS SOCIALES,35,3,158,93.27,0.0063,text_detected,,,,textual,high,OCR_TEXT_RICH,text_rich,PAGESTRUCT_LTMD_U1_W4_SOCIAL_SCIENCES_0.1
U1-H1972P5CI085-P036,H1972P5CI085,1972,5,CIENCIAS SOCIALES,36,3,133,95.29,0.0000,text_detected,,,,textual,high,OCR_TEXT_RICH,text_rich,PAGESTRUCT_LTMD_U1_W4_SOCIAL_SCIENCES_0.1
U1-H1972P5CI085-P037,H1972P5CI085,1972,5,CIENCIAS SOCIALES,37,3,154,94.36,0.0130,text_detected,,,,textual,high,OCR_TEXT_RICH,text_rich,PAGESTRUCT_LTMD_U1_W4_SOCIAL_SCIENCES_0.1
U1-H1972P5CI085-P038,H1972P5CI085,1972,5,CIENCIAS SOCIALES,38,3,14,89.86,0.0714,text_detected,,,,mixed_text_image,low,OCR_SPARSE_HIGH_CONF,,PAGESTRUCT_LTMD_U1_W4_SOCIAL_SCIENCES_0.1
U1-H1972P5CI085-P039,H1972P5CI085,1972,5,CIENCIAS SOCIALES,39,3,179,92.59,0.0391,text_detected,,,,textual,high,OCR_TEXT_RICH,text_rich,PAGESTRUCT_LTMD_U1_W4_SOCIAL_SCIENCES_0.1
U1-H1972P5CI085-P040,H1972P5CI085,1972,5,CIENCIAS SOCIALES,40,3,95,93.34,0.0211,text_detected,,,,mixed_text_image,medium,OCR_MODERATE_TEXT,text_present,PAGESTRUCT_LTMD_U1_W4_SOCIAL_SCIENCES_0.1
U1-H1972P5CI085-P041,H1972P5CI085,1972,5,CIENCIAS SOCIALES,41,3,73,94.22,0.0000,text_detected,,,,mixed_text_image,medium,OCR_MODERATE_TEXT,text_present,PAGESTRUCT_LTMD_U1_W4_SOCIAL_SCIENCES_0.1
U1-H1972P5CI085-P042,H1972P5CI085,1972,5,CIENCIAS SOCIALES,42,3,266,89.43,0.0414,text_detected,,,,textual,high,OCR_TEXT_RICH,text_rich,PAGESTRUCT_LTMD_U1_W4_SOCIAL_SCIENCES_0.1
U1-H1972P5CI085-P043,H1972P5CI085,1972,5,CIENCIAS SOCIALES,43,3,157,94.30,0.0064,text_detected,,,,textual,high,OCR_TEXT_RICH,text_rich,PAGESTRUCT_LTMD_U1_W4_SOCIAL_SCIENCES_0.1
U1-H1972P5CI085-P044,H1972P5CI085,1972,5,CIENCIAS SOCIALES,44,3,224,94.67,0.0045,text_detected,,,,textual,high,OCR_TEXT_RICH,text_rich,PAGESTRUCT_LTMD_U1_W4_SOCIAL_SCIENCES_0.1
U1-H1972P5CI085-P045,H1972P5CI085,1972,5,CIENCIAS SOCIALES,45,3,227,93.11,0.0132,text_detected,,,,textual,high,OCR_TEXT_RICH,text_rich,PAGESTRUCT_LTMD_U1_W4_SOCIAL_SCIENCES_0.1
U1-H1972P5CI085-P046,H1972P5CI085,1972,5,CIENCIAS SOCIALES,46,3,34,92.79,0.0588,text_detected,,,,mixed_text_image,medium,OCR_MODERATE_TEXT,text_present,PAGESTRUCT_LTMD_U1_W4_SOCIAL_SCIENCES_0.1
U1-H1972P5CI085-P047,H1972P5CI085,1972,5,CIENCIAS SOCIALES,47,3,182,90.16,0.0495,text_detected,,,,textual,high,OCR_TEXT_RICH,text_rich,PAGESTRUCT_LTMD_U1_W4_SOCIAL_SCIENCES_0.1
U1-H1972P5CI085-P048,H1972P5CI085,1972,5,CIENCIAS SOCIALES,48,3,109,94.03,0.0092,text_detected,,,,mixed_text_image,medium,OCR_MODERATE_TEXT,text_present,PAGESTRUCT_LTMD_U1_W4_SOCIAL_SCIENCES_0.1
U1-H1972P5CI085-P049,H1972P5CI085,1972,5,CIENCIAS SOCIALES,49,6,144,32.26,0.8889,text_detected,,,,visual_only,high,OCR_VISUAL_NOISE,fallback_psm;visual_noise,PAGESTRUCT_LTMD_U1_W4_SOCIAL_SCIENCES_0.1
U1-H1972P5CI085-P050,H1972P5CI085,1972,5,CIENCIAS SOCIALES,50,3,248,94.41,0.0040,text_detected,,,,textual,high,OCR_TEXT_RICH,text_rich,PAGESTRUCT_LTMD_U1_W4_SOCIAL_SCIENCES_0.1
U1-H1972P5CI085-P051,H1972P5CI085,1972,5,CIENCIAS SOCIALES,51,3,19,69.29,0.4211,text_detected,,,,unknown,low,CONSERVATIVE_UNKNOWN,,PAGESTRUCT_LTMD_U1_W4_SOCIAL_SCIENCES_0.1
U1-H1972P5CI085-P052,H1972P5CI085,1972,5,CIENCIAS SOCIALES,52,3,28,31.82,0.8571,text_detected,,,,unknown,low,CONSERVATIVE_UNKNOWN,,PAGESTRUCT_LTMD_U1_W4_SOCIAL_SCIENCES_0.1
U1-H1972P5CI085-P053,H1972P5CI085,1972,5,CIENCIAS SOCIALES,53,3,8,28.74,0.8750,text_detected,,,,unknown,low,CONSERVATIVE_UNKNOWN,,PAGESTRUCT_LTMD_U1_W4_SOCIAL_SCIENCES_0.1
U1-H1972P5CI085-P054,H1972P5CI085,1972,5,CIENCIAS SOCIALES,54,3,11,81.09,0.1818,text_detected,,,,mixed_text_image,low,OCR_SPARSE_HIGH_CONF,,PAGESTRUCT_LTMD_U1_W4_SOCIAL_SCIENCES_0.1
U1-H1972P5CI085-P055,H1972P5CI085,1972,5,CIENCIAS SOCIALES,55,3,233,94.67,0.0000,text_detected,,,,textual,high,OCR_TEXT_RICH,text_rich,PAGESTRUCT_LTMD_U1_W4_SOCIAL_SCIENCES_0.1
U1-H1972P5CI085-P056,H1972P5CI085,1972,5,CIENCIAS SOCIALES,56,3,218,93.85,0.0138,text_detected,,,,textual,high,OCR_TEXT_RICH,text_rich,PAGESTRUCT_LTMD_U1_W4_SOCIAL_SCIENCES_0.1
U1-H1972P5CI085-P057,H1972P5CI085,1972,5,CIENCIAS SOCIALES,57,3,216,94.42,0.0046,text_detected,,,,textual,high,OCR_TEXT_RICH,text_rich,PAGESTRUCT_LTMD_U1_W4_SOCIAL_SCIENCES_0.1
U1-H1972P5CI085-P058,H1972P5CI085,1972,5,CIENCIAS SOCIALES,58,3,131,94.69,0.0076,text_detected,,,,textual,high,OCR_TEXT_RICH,text_rich,PAGESTRUCT_LTMD_U1_W4_SOCIAL_SCIENCES_0.1
U1-H1972P5CI085-P059,H1972P5CI085,1972,5,CIENCIAS SOCIALES,59,3,108,92.26,0.0370,text_detected,,,,mixed_text_image,medium,OCR_MODERATE_TEXT,text_present,PAGESTRUCT_LTMD_U1_W4_SOCIAL_SCIENCES_0.1
U1-H1972P5CI085-P060,H1972P5CI085,1972,5,CIENCIAS SOCIALES,60,3,84,92.27,0.0238,text_detected,,,,mixed_text_image,medium,OCR_MODERATE_TEXT,text_present,PAGESTRUCT_LTMD_U1_W4_SOCIAL_SCIENCES_0.1
U1-H1972P5CI085-P061,H1972P5CI085,1972,5,CIENCIAS SOCIALES,61,3,66,95.04,0.0000,text_detected,,,,mixed_text_image,medium,OCR_MODERATE_TEXT,text_present,PAGESTRUCT_LTMD_U1_W4_SOCIAL_SCIENCES_0.1
U1-H1972P5CI085-P062,H1972P5CI085,1972,5,CIENCIAS SOCIALES,62,3,111,93.93,0.0090,text_detected,,,,mixed_text_image,medium,OCR_MODERATE_TEXT,text_present,PAGESTRUCT_LTMD_U1_W4_SOCIAL_SCIENCES_0.1
U1-H1972P5CI085-P063,H1972P5CI085,1972,5,CIENCIAS SOCIALES,63,3,89,93.90,0.0112,text_detected,,,,mixed_text_image,medium,OCR_MODERATE_TEXT,text_present,PAGESTRUCT_LTMD_U1_W4_SOCIAL_SCIENCES_0.1
U1-H1972P5CI085-P064,H1972P5CI085,1972,5,CIENCIAS SOCIALES,64,3,1,25.51,1.0000,text_detected,,,,visual_only,medium,OCR_VISUAL_NOISE,visual_noise,PAGESTRUCT_LTMD_U1_W4_SOCIAL_SCIENCES_0.1
U1-H1972P5CI085-P065,H1972P5CI085,1972,5,CIENCIAS SOCIALES,65,3,147,92.80,0.0340,text_detected,,,,textual,high,OCR_TEXT_RICH,text_rich,PAGESTRUCT_LTMD_U1_W4_SOCIAL_SCIENCES_0.1
U1-H1972P5CI085-P066,H1972P5CI085,1972,5,CIENCIAS SOCIALES,66,3,239,92.00,0.0460,text_detected,,,,textual,high,OCR_TEXT_RICH,text_rich,PAGESTRUCT_LTMD_U1_W4_SOCIAL_SCIENCES_0.1
U1-H1972P5CI085-P067,H1972P5CI085,1972,5,CIENCIAS SOCIALES,67,3,144,94.04,0.0139,text_detected,,,,textual,high,OCR_TEXT_RICH,text_rich,PAGESTRUCT_LTMD_U1_W4_SOCIAL_SCIENCES_0.1
U1-H1972P5CI085-P068,H1972P5CI085,1972,5,CIENCIAS SOCIALES,68,3,1,0.00,1.0000,text_detected,,,,visual_only,medium,OCR_VISUAL_NOISE,visual_noise,PAGESTRUCT_LTMD_U1_W4_SOCIAL_SCIENCES_0.1
U1-H1972P5CI085-P069,H1972P5CI085,1972,5,CIENCIAS SOCIALES,69,3,217,93.96,0.0184,text_detected,,,,textual,high,OCR_TEXT_RICH,text_rich,PAGESTRUCT_LTMD_U1_W4_SOCIAL_SCIENCES_0.1
U1-H1972P5CI085-P070,H1972P5CI085,1972,5,CIENCIAS SOCIALES,70,3,64,94.71,0.0000,text_detected,,,,mixed_text_image,medium,OCR_MODERATE_TEXT,text_present,PAGESTRUCT_LTMD_U1_W4_SOCIAL_SCIENCES_0.1
U1-H1972P5CI085-P071,H1972P5CI085,1972,5,CIENCIAS SOCIALES,71,3,113,93.35,0.0177,text_detected,,,,mixed_text_image,medium,OCR_MODERATE_TEXT,text_present,PAGESTRUCT_LTMD_U1_W4_SOCIAL_SCIENCES_0.1
U1-H1972P5CI085-P072,H1972P5CI085,1972,5,CIENCIAS SOCIALES,72,3,104,90.13,0.0481,text_detected,,,,mixed_text_image,medium,OCR_MODERATE_TEXT,text_present,PAGESTRUCT_LTMD_U1_W4_SOCIAL_SCIENCES_0.1
U1-H1972P5CI085-P073,H1972P5CI085,1972,5,CIENCIAS SOCIALES,73,3,72,93.14,0.0139,text_detected,,,,mixed_text_image,medium,OCR_MODERATE_TEXT,text_present,PAGESTRUCT_LTMD_U1_W4_SOCIAL_SCIENCES_0.1
U1-H1972P5CI085-P074,H1972P5CI085,1972,5,CIENCIAS SOCIALES,74,3,101,92.76,0.0099,text_detected,,,,mixed_text_image,medium,OCR_MODERATE_TEXT,text_present,PAGESTRUCT_LTMD_U1_W4_SOCIAL_SCIENCES_0.1
U1-H1972P5CI085-P075,H1972P5CI085,1972,5,CIENCIAS SOCIALES,75,3,185,93.34,0.0162,text_detected,,,,textual,high,OCR_TEXT_RICH,text_rich,PAGESTRUCT_LTMD_U1_W4_SOCIAL_SCIENCES_0.1
U1-H1972P5CI085-P076,H1972P5CI085,1972,5,CIENCIAS SOCIALES,76,3,238,92.90,0.0042,text_detected,,,,textual,high,OCR_TEXT_RICH,text_rich,PAGESTRUCT_LTMD_U1_W4_SOCIAL_SCIENCES_0.1
U1-H1972P5CI085-P077,H1972P5CI085,1972,5,CIENCIAS SOCIALES,77,3,344,93.14,0.0262,text_detected,,,,textual,high,OCR_TEXT_RICH,text_rich,PAGESTRUCT_LTMD_U1_W4_SOCIAL_SCIENCES_0.1
U1-H1972P5CI085-P078,H1972P5CI085,1972,5,CIENCIAS SOCIALES,78,3,101,94.52,0.0099,text_detected,,,,mixed_text_image,medium,OCR_MODERATE_TEXT,text_present,PAGESTRUCT_LTMD_U1_W4_SOCIAL_SCIENCES_0.1
U1-H1972P5CI085-P079,H1972P5CI085,1972,5,CIENCIAS SOCIALES,79,3,118,89.11,0.0763,text_detected,,,,mixed_text_image,medium,OCR_MODERATE_TEXT,text_present,PAGESTRUCT_LTMD_U1_W4_SOCIAL_SCIENCES_0.1
U1-H1972P5CI085-P080,H1972P5CI085,1972,5,CIENCIAS SOCIALES,80,3,199,94.51,0.0050,text_detected,,,,textual,high,OCR_TEXT_RICH,text_rich,PAGESTRUCT_LTMD_U1_W4_SOCIAL_SCIENCES_0.1
U1-H1972P5CI085-P081,H1972P5CI085,1972,5,CIENCIAS SOCIALES,81,11,67,34.24,0.8657,text_detected,,,,visual_only,high,OCR_VISUAL_NOISE,fallback_psm;visual_noise,PAGESTRUCT_LTMD_U1_W4_SOCIAL_SCIENCES_0.1
U1-H1972P5CI085-P082,H1972P5CI085,1972,5,CIENCIAS SOCIALES,82,3,133,94.98,0.0000,text_detected,,,,textual,high,OCR_TEXT_RICH,text_rich,PAGESTRUCT_LTMD_U1_W4_SOCIAL_SCIENCES_0.1
U1-H1972P5CI085-P083,H1972P5CI085,1972,5,CIENCIAS SOCIALES,83,3,133,94.92,0.0000,text_detected,,,,textual,high,OCR_TEXT_RICH,text_rich,PAGESTRUCT_LTMD_U1_W4_SOCIAL_SCIENCES_0.1
U1-H1972P5CI085-P084,H1972P5CI085,1972,5,CIENCIAS SOCIALES,84,3,163,92.43,0.0123,text_detected,,,,textual,high,OCR_TEXT_RICH,text_rich,PAGESTRUCT_LTMD_U1_W4_SOCIAL_SCIENCES_0.1
U1-H1972P5CI085-P085,H1972P5CI085,1972,5,CIENCIAS SOCIALES,85,3,277,94.85,0.0036,text_detected,,,,textual,high,OCR_TEXT_RICH,text_rich,PAGESTRUCT_LTMD_U1_W4_SOCIAL_SCIENCES_0.1
U1-H1972P5CI085-P086,H1972P5CI085,1972,5,CIENCIAS SOCIALES,86,3,163,91.59,0.0491,text_detected,,,,textual,high,OCR_TEXT_RICH,text_rich,PAGESTRUCT_LTMD_U1_W4_SOCIAL_SCIENCES_0.1
U1-H1972P5CI085-P087,H1972P5CI085,1972,5,CIENCIAS SOCIALES,87,3,330,93.00,0.0212,text_detected,,,,textual,high,OCR_TEXT_RICH,text_rich,PAGESTRUCT_LTMD_U1_W4_SOCIAL_SCIENCES_0.1
U1-H1972P5CI085-P088,H1972P5CI085,1972,5,CIENCIAS SOCIALES,88,3,103,91.56,0.0583,text_detected,,,,mixed_text_image,medium,OCR_MODERATE_TEXT,text_present,PAGESTRUCT_LTMD_U1_W4_SOCIAL_SCIENCES_0.1
U1-H1972P5CI085-P089,H1972P5CI085,1972,5,CIENCIAS SOCIALES,89,3,135,95.18,0.0000,text_detected,,,,textual,high,OCR_TEXT_RICH,text_rich,PAGESTRUCT_LTMD_U1_W4_SOCIAL_SCIENCES_0.1
U1-H1972P5CI085-P090,H1972P5CI085,1972,5,CIENCIAS SOCIALES,90,3,213,90.64,0.0563,text_detected,,,,textual,high,OCR_TEXT_RICH,text_rich,PAGESTRUCT_LTMD_U1_W4_SOCIAL_SCIENCES_0.1
U1-H1972P5CI085-P091,H1972P5CI085,1972,5,CIENCIAS SOCIALES,91,3,266,93.21,0.0188,text_detected,,,,textual,high,OCR_TEXT_RICH,text_rich,PAGESTRUCT_LTMD_U1_W4_SOCIAL_SCIENCES_0.1
U1-H1972P5CI085-P092,H1972P5CI085,1972,5,CIENCIAS SOCIALES,92,3,145,80.98,0.1793,text_detected,,,,textual,high,OCR_TEXT_RICH,text_rich,PAGESTRUCT_LTMD_U1_W4_SOCIAL_SCIENCES_0.1
U1-H1972P5CI085-P093,H1972P5CI085,1972,5,CIENCIAS SOCIALES,93,3,199,94.87,0.0050,text_detected,,,,textual,high,OCR_TEXT_RICH,text_rich,PAGESTRUCT_LTMD_U1_W4_SOCIAL_SCIENCES_0.1
U1-H1972P5CI085-P094,H1972P5CI085,1972,5,CIENCIAS SOCIALES,94,3,192,93.94,0.0208,text_detected,,,,textual,high,OCR_TEXT_RICH,text_rich,PAGESTRUCT_LTMD_U1_W4_SOCIAL_SCIENCES_0.1
U1-H1972P5CI085-P095,H1972P5CI085,1972,5,CIENCIAS SOCIALES,95,3,229,91.52,0.0437,text_detected,,,,textual,high,OCR_TEXT_RICH,text_rich,PAGESTRUCT_LTMD_U1_W4_SOCIAL_SCIENCES_0.1
U1-H1972P5CI085-P096,H1972P5CI085,1972,5,CIENCIAS SOCIALES,96,3,109,93.90,0.0000,text_detected,,,,mixed_text_image,medium,OCR_MODERATE_TEXT,text_present,PAGESTRUCT_LTMD_U1_W4_SOCIAL_SCIENCES_0.1
U1-H1972P5CI085-P097,H1972P5CI085,1972,5,CIENCIAS SOCIALES,97,3,73,90.82,0.0411,text_detected,,,,mixed_text_image,medium,OCR_MODERATE_TEXT,text_present,PAGESTRUCT_LTMD_U1_W4_SOCIAL_SCIENCES_0.1
U1-H1972P5CI085-P098,H1972P5CI085,1972,5,CIENCIAS SOCIALES,98,3,221,94.01,0.0000,text_detected,,,,textual,high,OCR_TEXT_RICH,text_rich,PAGESTRUCT_LTMD_U1_W4_SOCIAL_SCIENCES_0.1
U1-H1972P5CI085-P099,H1972P5CI085,1972,5,CIENCIAS SOCIALES,99,3,228,93.20,0.0219,text_detected,,,,textual,high,OCR_TEXT_RICH,text_rich,PAGESTRUCT_LTMD_U1_W4_SOCIAL_SCIENCES_0.1
U1-H1972P5CI085-P100,H1972P5CI085,1972,5,CIENCIAS SOCIALES,100,3,224,94.70,0.0045,text_detected,,,,textual,high,OCR_TEXT_RICH,text_rich,PAGESTRUCT_LTMD_U1_W4_SOCIAL_SCIENCES_0.1
U1-H1972P5CI085-P101,H1972P5CI085,1972,5,CIENCIAS SOCIALES,101,3,209,94.62,0.0000,text_detected,,,,textual,high,OCR_TEXT_RICH,text_rich,PAGESTRUCT_LTMD_U1_W4_SOCIAL_SCIENCES_0.1
U1-H1972P5CI085-P102,H1972P5CI085,1972,5,CIENCIAS SOCIALES,102,3,76,90.14,0.0658,text_detected,,,,mixed_text_image,medium,OCR_MODERATE_TEXT,text_present,PAGESTRUCT_LTMD_U1_W4_SOCIAL_SCIENCES_0.1
U1-H1972P5CI085-P103,H1972P5CI085,1972,5,CIENCIAS SOCIALES,103,3,141,94.10,0.0000,text_detected,,,,textual,high,OCR_TEXT_RICH,text_rich,PAGESTRUCT_LTMD_U1_W4_SOCIAL_SCIENCES_0.1
U1-H1972P5CI085-P104,H1972P5CI085,1972,5,CIENCIAS SOCIALES,104,3,10,27.35,1.0000,text_detected,,,,unknown,low,CONSERVATIVE_UNKNOWN,,PAGESTRUCT_LTMD_U1_W4_SOCIAL_SCIENCES_0.1
U1-H1972P5CI085-P105,H1972P5CI085,1972,5,CIENCIAS SOCIALES,105,3,18,55.68,0.5556,text_detected,,,,unknown,low,CONSERVATIVE_UNKNOWN,,PAGESTRUCT_LTMD_U1_W4_SOCIAL_SCIENCES_0.1
U1-H1972P5CI085-P106,H1972P5CI085,1972,5,CIENCIAS SOCIALES,106,3,262,93.93,0.0153,text_detected,,,,textual,high,OCR_TEXT_RICH,text_rich,PAGESTRUCT_LTMD_U1_W4_SOCIAL_SCIENCES_0.1
U1-H1972P5CI085-P107,H1972P5CI085,1972,5,CIENCIAS SOCIALES,107,3,262,95.37,0.0000,text_detected,,,,textual,high,OCR_TEXT_RICH,text_rich,PAGESTRUCT_LTMD_U1_W4_SOCIAL_SCIENCES_0.1
U1-H1972P5CI085-P108,H1972P5CI085,1972,5,CIENCIAS SOCIALES,108,3,239,94.25,0.0126,text_detected,,,,textual,high,OCR_TEXT_RICH,text_rich,PAGESTRUCT_LTMD_U1_W4_SOCIAL_SCIENCES_0.1
U1-H1972P5CI085-P109,H1972P5CI085,1972,5,CIENCIAS SOCIALES,109,3,238,94.39,0.0084,text_detected,,,,textual,high,OCR_TEXT_RICH,text_rich,PAGESTRUCT_LTMD_U1_W4_SOCIAL_SCIENCES_0.1
U1-H1972P5CI085-P110,H1972P5CI085,1972,5,CIENCIAS SOCIALES,110,3,243,94.25,0.0000,text_detected,,,,textual,high,OCR_TEXT_RICH,text_rich,PAGESTRUCT_LTMD_U1_W4_SOCIAL_SCIENCES_0.1
U1-H1972P5CI085-P111,H1972P5CI085,1972,5,CIENCIAS SOCIALES,111,3,186,79.36,0.1720,text_detected,,,,textual,high,OCR_TEXT_RICH,text_rich,PAGESTRUCT_LTMD_U1_W4_SOCIAL_SCIENCES_0.1
U1-H1972P5CI085-P112,H1972P5CI085,1972,5,CIENCIAS SOCIALES,112,3,86,24.15,0.9535,text_detected,,,,unknown,low,CONSERVATIVE_UNKNOWN,,PAGESTRUCT_LTMD_U1_W4_SOCIAL_SCIENCES_0.1
U1-H1972P5CI085-P113,H1972P5CI085,1972,5,CIENCIAS SOCIALES,113,3,9,43.28,0.7778,text_detected,,,,unknown,low,CONSERVATIVE_UNKNOWN,,PAGESTRUCT_LTMD_U1_W4_SOCIAL_SCIENCES_0.1
U1-H1972P5CI085-P114,H1972P5CI085,1972,5,CIENCIAS SOCIALES,114,3,93,94.43,0.0215,text_detected,,,,mixed_text_image,medium,OCR_MODERATE_TEXT,text_present,PAGESTRUCT_LTMD_U1_W4_SOCIAL_SCIENCES_0.1
U1-H1972P5CI085-P115,H1972P5CI085,1972,5,CIENCIAS SOCIALES,115,3,187,94.82,0.0000,text_detected,,,,textual,high,OCR_TEXT_RICH,text_rich,PAGESTRUCT_LTMD_U1_W4_SOCIAL_SCIENCES_0.1
U1-H1972P5CI085-P116,H1972P5CI085,1972,5,CIENCIAS SOCIALES,116,3,237,94.31,0.0084,text_detected,,,,textual,high,OCR_TEXT_RICH,text_rich,PAGESTRUCT_LTMD_U1_W4_SOCIAL_SCIENCES_0.1
U1-H1972P5CI085-P117,H1972P5CI085,1972,5,CIENCIAS SOCIALES,117,3,211,94.32,0.0047,text_detected,,,,textual,high,OCR_TEXT_RICH,text_rich,PAGESTRUCT_LTMD_U1_W4_SOCIAL_SCIENCES_0.1
U1-H1972P5CI085-P118,H1972P5CI085,1972,5,CIENCIAS SOCIALES,118,3,157,93.66,0.0318,text_detected,,,,textual,high,OCR_TEXT_RICH,text_rich,PAGESTRUCT_LTMD_U1_W4_SOCIAL_SCIENCES_0.1
U1-H1972P5CI085-P119,H1972P5CI085,1972,5,CIENCIAS SOCIALES,119,3,221,94.87,0.0045,text_detected,,,,textual,high,OCR_TEXT_RICH,text_rich,PAGESTRUCT_LTMD_U1_W4_SOCIAL_SCIENCES_0.1
U1-H1972P5CI085-P120,H1972P5CI085,1972,5,CIENCIAS SOCIALES,120,3,143,94.15,0.0140,text_detected,,,,textual,high,OCR_TEXT_RICH,text_rich,PAGESTRUCT_LTMD_U1_W4_SOCIAL_SCIENCES_0.1
U1-H1972P5CI085-P121,H1972P5CI085,1972,5,CIENCIAS SOCIALES,121,3,172,94.31,0.0058,text_detected,,,,textual,high,OCR_TEXT_RICH,text_rich,PAGESTRUCT_LTMD_U1_W4_SOCIAL_SCIENCES_0.1
U1-H1972P5CI085-P122,H1972P5CI085,1972,5,CIENCIAS SOCIALES,122,3,193,92.64,0.0311,text_detected,,,,textual,high,OCR_TEXT_RICH,text_rich,PAGESTRUCT_LTMD_U1_W4_SOCIAL_SCIENCES_0.1
U1-H1972P5CI085-P123,H1972P5CI085,1972,5,CIENCIAS SOCIALES,123,3,222,88.47,0.0450,text_detected,,,,textual,high,OCR_TEXT_RICH,text_rich,PAGESTRUCT_LTMD_U1_W4_SOCIAL_SCIENCES_0.1
U1-H1972P5CI085-P124,H1972P5CI085,1972,5,CIENCIAS SOCIALES,124,3,124,92.18,0.0484,text_detected,,,,textual,high,OCR_TEXT_RICH,text_rich,PAGESTRUCT_LTMD_U1_W4_SOCIAL_SCIENCES_0.1
U1-H1972P5CI085-P125,H1972P5CI085,1972,5,CIENCIAS SOCIALES,125,3,234,94.85,0.0043,text_detected,,,,textual,high,OCR_TEXT_RICH,text_rich,PAGESTRUCT_LTMD_U1_W4_SOCIAL_SCIENCES_0.1
U1-H1972P5CI085-P126,H1972P5CI085,1972,5,CIENCIAS SOCIALES,126,3,262,94.03,0.0076,text_detected,,,,textual,high,OCR_TEXT_RICH,text_rich,PAGESTRUCT_LTMD_U1_W4_SOCIAL_SCIENCES_0.1
U1-H1972P5CI085-P127,H1972P5CI085,1972,5,CIENCIAS SOCIALES,127,3,197,93.86,0.0102,text_detected,,,,textual,high,OCR_TEXT_RICH,text_rich,PAGESTRUCT_LTMD_U1_W4_SOCIAL_SCIENCES_0.1
U1-H1972P5CI085-P128,H1972P5CI085,1972,5,CIENCIAS SOCIALES,128,3,255,93.46,0.0157,text_detected,,,,textual,high,OCR_TEXT_RICH,text_rich,PAGESTRUCT_LTMD_U1_W4_SOCIAL_SCIENCES_0.1
U1-H1972P5CI085-P129,H1972P5CI085,1972,5,CIENCIAS SOCIALES,129,3,170,93.89,0.0000,text_detected,,,,textual,high,OCR_TEXT_RICH,text_rich,PAGESTRUCT_LTMD_U1_W4_SOCIAL_SCIENCES_0.1
U1-H1972P5CI085-P130,H1972P5CI085,1972,5,CIENCIAS SOCIALES,130,3,155,94.22,0.0000,text_detected,,,,textual,high,OCR_TEXT_RICH,text_rich,PAGESTRUCT_LTMD_U1_W4_SOCIAL_SCIENCES_0.1
U1-H1972P5CI085-P131,H1972P5CI085,1972,5,CIENCIAS SOCIALES,131,3,306,94.52,0.0098,text_detected,,,,textual,high,OCR_TEXT_RICH,text_rich,PAGESTRUCT_LTMD_U1_W4_SOCIAL_SCIENCES_0.1
U1-H1972P5CI085-P132,H1972P5CI085,1972,5,CIENCIAS SOCIALES,132,3,178,93.11,0.0112,text_detected,,,,textual,high,OCR_TEXT_RICH,text_rich,PAGESTRUCT_LTMD_U1_W4_SOCIAL_SCIENCES_0.1
U1-H1972P5CI085-P133,H1972P5CI085,1972,5,CIENCIAS SOCIALES,133,3,151,92.04,0.0265,text_detected,,,,textual,high,OCR_TEXT_RICH,text_rich,PAGESTRUCT_LTMD_U1_W4_SOCIAL_SCIENCES_0.1
U1-H1972P5CI085-P134,H1972P5CI085,1972,5,CIENCIAS SOCIALES,134,3,167,92.90,0.0240,text_detected,,,,textual,high,OCR_TEXT_RICH,text_rich,PAGESTRUCT_LTMD_U1_W4_SOCIAL_SCIENCES_0.1
U1-H1972P5CI085-P135,H1972P5CI085,1972,5,CIENCIAS SOCIALES,135,3,151,93.81,0.0066,text_detected,,,,textual,high,OCR_TEXT_RICH,text_rich,PAGESTRUCT_LTMD_U1_W4_SOCIAL_SCIENCES_0.1
U1-H1972P5CI085-P136,H1972P5CI085,1972,5,CIENCIAS SOCIALES,136,3,230,92.65,0.0217,text_detected,,,,textual,high,OCR_TEXT_RICH,text_rich,PAGESTRUCT_LTMD_U1_W4_SOCIAL_SCIENCES_0.1
U1-H1972P5CI085-P137,H1972P5CI085,1972,5,CIENCIAS SOCIALES,137,3,175,95.24,0.0000,text_detected,,,,textual,high,OCR_TEXT_RICH,text_rich,PAGESTRUCT_LTMD_U1_W4_SOCIAL_SCIENCES_0.1
U1-H1972P5CI085-P138,H1972P5CI085,1972,5,CIENCIAS SOCIALES,138,3,141,93.82,0.0142,text_detected,,,,textual,high,OCR_TEXT_RICH,text_rich,PAGESTRUCT_LTMD_U1_W4_SOCIAL_SCIENCES_0.1
U1-H1972P5CI085-P139,H1972P5CI085,1972,5,CIENCIAS SOCIALES,139,3,254,92.74,0.0276,text_detected,,,,textual,high,OCR_TEXT_RICH,text_rich,PAGESTRUCT_LTMD_U1_W4_SOCIAL_SCIENCES_0.1
U1-H1972P5CI085-P140,H1972P5CI085,1972,5,CIENCIAS SOCIALES,140,3,9,29.21,0.8889,text_detected,,,,unknown,low,CONSERVATIVE_UNKNOWN,,PAGESTRUCT_LTMD_U1_W4_SOCIAL_SCIENCES_0.1
U1-H1972P5CI085-P141,H1972P5CI085,1972,5,CIENCIAS SOCIALES,141,6,88,40.64,0.7614,text_detected,,,,visual_only,medium,OCR_VISUAL_NOISE,fallback_psm;visual_noise,PAGESTRUCT_LTMD_U1_W4_SOCIAL_SCIENCES_0.1
U1-H1972P5CI085-P142,H1972P5CI085,1972,5,CIENCIAS SOCIALES,142,3,235,94.97,0.0043,text_detected,,,,textual,high,OCR_TEXT_RICH,text_rich,PAGESTRUCT_LTMD_U1_W4_SOCIAL_SCIENCES_0.1
U1-H1972P5CI085-P143,H1972P5CI085,1972,5,CIENCIAS SOCIALES,143,3,195,93.64,0.0256,text_detected,,,,textual,high,OCR_TEXT_RICH,text_rich,PAGESTRUCT_LTMD_U1_W4_SOCIAL_SCIENCES_0.1
U1-H1972P5CI085-P144,H1972P5CI085,1972,5,CIENCIAS SOCIALES,144,3,261,94.71,0.0038,text_detected,,,,textual,high,OCR_TEXT_RICH,text_rich,PAGESTRUCT_LTMD_U1_W4_SOCIAL_SCIENCES_0.1
U1-H1972P5CI085-P145,H1972P5CI085,1972,5,CIENCIAS SOCIALES,145,3,115,83.85,0.1304,text_detected,,,,mixed_text_image,medium,OCR_MODERATE_TEXT,text_present,PAGESTRUCT_LTMD_U1_W4_SOCIAL_SCIENCES_0.1
U1-H1972P5CI085-P146,H1972P5CI085,1972,5,CIENCIAS SOCIALES,146,11,31,48.16,0.6774,text_detected,,,,visual_only,medium,OCR_VISUAL_NOISE,fallback_psm;visual_noise,PAGESTRUCT_LTMD_U1_W4_SOCIAL_SCIENCES_0.1
U1-H1972P5CI085-P147,H1972P5CI085,1972,5,CIENCIAS SOCIALES,147,3,19,34.31,0.9474,text_detected,,,,unknown,low,CONSERVATIVE_UNKNOWN,,PAGESTRUCT_LTMD_U1_W4_SOCIAL_SCIENCES_0.1
U1-H1972P5CI085-P148,H1972P5CI085,1972,5,CIENCIAS SOCIALES,148,3,135,95.79,0.0000,text_detected,,,,textual,high,OCR_TEXT_RICH,text_rich,PAGESTRUCT_LTMD_U1_W4_SOCIAL_SCIENCES_0.1
U1-H1972P5CI085-P149,H1972P5CI085,1972,5,CIENCIAS SOCIALES,149,3,137,92.74,0.0219,text_detected,,,,textual,high,OCR_TEXT_RICH,text_rich,PAGESTRUCT_LTMD_U1_W4_SOCIAL_SCIENCES_0.1
U1-H1972P5CI085-P150,H1972P5CI085,1972,5,CIENCIAS SOCIALES,150,3,186,92.90,0.0269,text_detected,,,,textual,high,OCR_TEXT_RICH,text_rich,PAGESTRUCT_LTMD_U1_W4_SOCIAL_SCIENCES_0.1
U1-H1972P5CI085-P151,H1972P5CI085,1972,5,CIENCIAS SOCIALES,151,3,183,91.99,0.0273,text_detected,,,,textual,high,OCR_TEXT_RICH,text_rich,PAGESTRUCT_LTMD_U1_W4_SOCIAL_SCIENCES_0.1
U1-H1972P5CI085-P152,H1972P5CI085,1972,5,CIENCIAS SOCIALES,152,3,199,92.46,0.0302,text_detected,,,,textual,high,OCR_TEXT_RICH,text_rich,PAGESTRUCT_LTMD_U1_W4_SOCIAL_SCIENCES_0.1
U1-H1972P5CI085-P153,H1972P5CI085,1972,5,CIENCIAS SOCIALES,153,3,2,93.87,0.0000,text_detected,,,,unknown,low,CONSERVATIVE_UNKNOWN,,PAGESTRUCT_LTMD_U1_W4_SOCIAL_SCIENCES_0.1
U1-H1972P5CI085-P154,H1972P5CI085,1972,5,CIENCIAS SOCIALES,154,3,173,91.68,0.0289,text_detected,,,,textual,high,OCR_TEXT_RICH,text_rich,PAGESTRUCT_LTMD_U1_W4_SOCIAL_SCIENCES_0.1
U1-H1972P5CI085-P155,H1972P5CI085,1972,5,CIENCIAS SOCIALES,155,3,192,89.40,0.0521,text_detected,,,,textual,high,OCR_TEXT_RICH,text_rich,PAGESTRUCT_LTMD_U1_W4_SOCIAL_SCIENCES_0.1
U1-H1972P5CI085-P156,H1972P5CI085,1972,5,CIENCIAS SOCIALES,156,3,173,94.44,0.0058,text_detected,,,,textual,high,OCR_TEXT_RICH,text_rich,PAGESTRUCT_LTMD_U1_W4_SOCIAL_SCIENCES_0.1
U1-H1972P5CI085-P157,H1972P5CI085,1972,5,CIENCIAS SOCIALES,157,3,29,87.02,0.1034,text_detected,,,,mixed_text_image,medium,OCR_MODERATE_TEXT,text_present,PAGESTRUCT_LTMD_U1_W4_SOCIAL_SCIENCES_0.1
U1-H1972P5CI085-P158,H1972P5CI085,1972,5,CIENCIAS SOCIALES,158,3,120,94.00,0.0250,text_detected,,,,textual,high,OCR_TEXT_RICH,text_rich,PAGESTRUCT_LTMD_U1_W4_SOCIAL_SCIENCES_0.1
U1-H1972P5CI085-P159,H1972P5CI085,1972,5,CIENCIAS SOCIALES,159,3,134,92.30,0.0373,text_detected,,,,textual,high,OCR_TEXT_RICH,text_rich,PAGESTRUCT_LTMD_U1_W4_SOCIAL_SCIENCES_0.1
U1-H1972P5CI085-P160,H1972P5CI085,1972,5,CIENCIAS SOCIALES,160,3,261,94.01,0.0115,text_detected,,,,textual,high,OCR_TEXT_RICH,text_rich,PAGESTRUCT_LTMD_U1_W4_SOCIAL_SCIENCES_0.1
U1-H1972P5CI085-P161,H1972P5CI085,1972,5,CIENCIAS SOCIALES,161,3,280,93.20,0.0107,text_detected,,,,textual,high,OCR_TEXT_RICH,text_rich,PAGESTRUCT_LTMD_U1_W4_SOCIAL_SCIENCES_0.1
U1-H1972P5CI085-P162,H1972P5CI085,1972,5,CIENCIAS SOCIALES,162,3,135,86.23,0.1185,text_detected,,,,textual,high,OCR_TEXT_RICH,text_rich,PAGESTRUCT_LTMD_U1_W4_SOCIAL_SCIENCES_0.1
U1-H1972P5CI085-P163,H1972P5CI085,1972,5,CIENCIAS SOCIALES,163,3,193,94.88,0.0052,text_detected,,,,textual,high,OCR_TEXT_RICH,text_rich,PAGESTRUCT_LTMD_U1_W4_SOCIAL_SCIENCES_0.1
U1-H1972P5CI085-P164,H1972P5CI085,1972,5,CIENCIAS SOCIALES,164,3,216,84.82,0.1019,text_detected,,,,textual,high,OCR_TEXT_RICH,text_rich,PAGESTRUCT_LTMD_U1_W4_SOCIAL_SCIENCES_0.1
U1-H1972P5CI085-P165,H1972P5CI085,1972,5,CIENCIAS SOCIALES,165,3,236,89.91,0.0508,text_detected,,,,textual,high,OCR_TEXT_RICH,text_rich,PAGESTRUCT_LTMD_U1_W4_SOCIAL_SCIENCES_0.1
U1-H1972P5CI085-P166,H1972P5CI085,1972,5,CIENCIAS SOCIALES,166,3,203,94.63,0.0049,text_detected,,,,textual,high,OCR_TEXT_RICH,text_rich,PAGESTRUCT_LTMD_U1_W4_SOCIAL_SCIENCES_0.1
U1-H1972P5CI085-P167,H1972P5CI085,1972,5,CIENCIAS SOCIALES,167,3,224,92.53,0.0312,text_detected,,,,textual,high,OCR_TEXT_RICH,text_rich,PAGESTRUCT_LTMD_U1_W4_SOCIAL_SCIENCES_0.1
U1-H1972P5CI085-P168,H1972P5CI085,1972,5,CIENCIAS SOCIALES,168,3,186,90.45,0.0591,text_detected,,,,textual,high,OCR_TEXT_RICH,text_rich,PAGESTRUCT_LTMD_U1_W4_SOCIAL_SCIENCES_0.1
U1-H1972P5CI085-P169,H1972P5CI085,1972,5,CIENCIAS SOCIALES,169,3,4,87.60,0.0000,text_detected,,,,mixed_text_image,low,OCR_SPARSE_HIGH_CONF,,PAGESTRUCT_LTMD_U1_W4_SOCIAL_SCIENCES_0.1
U1-H1972P5CI085-P170,H1972P5CI085,1972,5,CIENCIAS SOCIALES,170,3,184,93.15,0.0272,text_detected,,,,textual,high,OCR_TEXT_RICH,text_rich,PAGESTRUCT_LTMD_U1_W4_SOCIAL_SCIENCES_0.1
U1-H1972P5CI085-P171,H1972P5CI085,1972,5,CIENCIAS SOCIALES,171,3,161,91.16,0.0497,text_detected,,,,textual,high,OCR_TEXT_RICH,text_rich,PAGESTRUCT_LTMD_U1_W4_SOCIAL_SCIENCES_0.1
U1-H1972P5CI085-P172,H1972P5CI085,1972,5,CIENCIAS SOCIALES,172,3,353,82.48,0.1558,text_detected,,,,textual,high,OCR_TEXT_RICH,text_rich,PAGESTRUCT_LTMD_U1_W4_SOCIAL_SCIENCES_0.1
U1-H1972P5CI085-P173,H1972P5CI085,1972,5,CIENCIAS SOCIALES,173,6,59,35.46,0.8305,text_detected,,,,visual_only,high,OCR_VISUAL_NOISE,fallback_psm;visual_noise,PAGESTRUCT_LTMD_U1_W4_SOCIAL_SCIENCES_0.1
U1-H1972P5CI085-P174,H1972P5CI085,1972,5,CIENCIAS SOCIALES,174,3,229,93.94,0.0131,text_detected,,,,textual,high,OCR_TEXT_RICH,text_rich,PAGESTRUCT_LTMD_U1_W4_SOCIAL_SCIENCES_0.1
U1-H1972P5CI085-P175,H1972P5CI085,1972,5,CIENCIAS SOCIALES,175,3,234,92.44,0.0342,text_detected,,,,textual,high,OCR_TEXT_RICH,text_rich,PAGESTRUCT_LTMD_U1_W4_SOCIAL_SCIENCES_0.1
U1-H1972P5CI085-P176,H1972P5CI085,1972,5,CIENCIAS SOCIALES,176,3,63,90.43,0.0635,text_detected,,,,mixed_text_image,medium,OCR_MODERATE_TEXT,text_present,PAGESTRUCT_LTMD_U1_W4_SOCIAL_SCIENCES_0.1
U1-H1972P5CI085-P177,H1972P5CI085,1972,5,CIENCIAS SOCIALES,177,3,156,93.65,0.0192,text_detected,,,,textual,high,OCR_TEXT_RICH,text_rich,PAGESTRUCT_LTMD_U1_W4_SOCIAL_SCIENCES_0.1
U1-H1972P5CI085-P178,H1972P5CI085,1972,5,CIENCIAS SOCIALES,178,3,165,94.43,0.0000,text_detected,,,,textual,high,OCR_TEXT_RICH,text_rich,PAGESTRUCT_LTMD_U1_W4_SOCIAL_SCIENCES_0.1
U1-H1972P5CI085-P179,H1972P5CI085,1972,5,CIENCIAS SOCIALES,179,3,136,94.94,0.0074,text_detected,,,,textual,high,OCR_TEXT_RICH,text_rich,PAGESTRUCT_LTMD_U1_W4_SOCIAL_SCIENCES_0.1
U1-H1972P5CI085-P180,H1972P5CI085,1972,5,CIENCIAS SOCIALES,180,3,329,92.22,0.0274,text_detected,,,,textual,high,OCR_TEXT_RICH,text_rich,PAGESTRUCT_LTMD_U1_W4_SOCIAL_SCIENCES_0.1
U1-H1972P5CI085-P181,H1972P5CI085,1972,5,CIENCIAS SOCIALES,181,3,240,93.33,0.0167,text_detected,,,,textual,high,OCR_TEXT_RICH,text_rich,PAGESTRUCT_LTMD_U1_W4_SOCIAL_SCIENCES_0.1
U1-H1972P5CI085-P182,H1972P5CI085,1972,5,CIENCIAS SOCIALES,182,3,241,94.53,0.0041,text_detected,,,,textual,high,OCR_TEXT_RICH,text_rich,PAGESTRUCT_LTMD_U1_W4_SOCIAL_SCIENCES_0.1
U1-H1972P5CI085-P183,H1972P5CI085,1972,5,CIENCIAS SOCIALES,183,3,100,93.24,0.0200,text_detected,,,,mixed_text_image,medium,OCR_MODERATE_TEXT,text_present,PAGESTRUCT_LTMD_U1_W4_SOCIAL_SCIENCES_0.1
U1-H1972P5CI085-P184,H1972P5CI085,1972,5,CIENCIAS SOCIALES,184,3,268,93.05,0.0149,text_detected,,,,textual,high,OCR_TEXT_RICH,text_rich,PAGESTRUCT_LTMD_U1_W4_SOCIAL_SCIENCES_0.1
U1-H1972P5CI085-P185,H1972P5CI085,1972,5,CIENCIAS SOCIALES,185,3,243,93.70,0.0165,text_detected,,,,textual,high,OCR_TEXT_RICH,text_rich,PAGESTRUCT_LTMD_U1_W4_SOCIAL_SCIENCES_0.1
U1-H1972P5CI085-P186,H1972P5CI085,1972,5,CIENCIAS SOCIALES,186,3,169,94.23,0.0059,text_detected,,,,textual,high,OCR_TEXT_RICH,text_rich,PAGESTRUCT_LTMD_U1_W4_SOCIAL_SCIENCES_0.1
U1-H1972P5CI085-P187,H1972P5CI085,1972,5,CIENCIAS SOCIALES,187,3,299,86.54,0.1037,text_detected,,,,textual,high,OCR_TEXT_RICH,text_rich,PAGESTRUCT_LTMD_U1_W4_SOCIAL_SCIENCES_0.1
U1-H1972P5CI085-P188,H1972P5CI085,1972,5,CIENCIAS SOCIALES,188,3,3,19.14,1.0000,text_detected,,,,visual_only,medium,OCR_VISUAL_NOISE,visual_noise,PAGESTRUCT_LTMD_U1_W4_SOCIAL_SCIENCES_0.1
U1-H1972P5CI085-P189,H1972P5CI085,1972,5,CIENCIAS SOCIALES,189,3,10,84.22,0.1000,text_detected,,,,mixed_text_image,low,OCR_SPARSE_HIGH_CONF,,PAGESTRUCT_LTMD_U1_W4_SOCIAL_SCIENCES_0.1
U1-H1972P5CI085-P190,H1972P5CI085,1972,5,CIENCIAS SOCIALES,190,3,298,91.59,0.0503,text_detected,,,,textual,high,OCR_TEXT_RICH,text_rich,PAGESTRUCT_LTMD_U1_W4_SOCIAL_SCIENCES_0.1
U1-H1972P5CI085-P191,H1972P5CI085,1972,5,CIENCIAS SOCIALES,191,3,244,94.89,0.0041,text_detected,,,,textual,high,OCR_TEXT_RICH,text_rich,PAGESTRUCT_LTMD_U1_W4_SOCIAL_SCIENCES_0.1
U1-H1972P5CI085-P192,H1972P5CI085,1972,5,CIENCIAS SOCIALES,192,11,33,40.04,0.8788,text_detected,,,,visual_only,high,OCR_VISUAL_NOISE,fallback_psm;visual_noise,PAGESTRUCT_LTMD_U1_W4_SOCIAL_SCIENCES_0.1
U1-H1972P5CI085-P193,H1972P5CI085,1972,5,CIENCIAS SOCIALES,193,3,2,57.22,0.5000,text_detected,,,,unknown,low,CONSERVATIVE_UNKNOWN,,PAGESTRUCT_LTMD_U1_W4_SOCIAL_SCIENCES_0.1
U1-H1972P5CI085-P194,H1972P5CI085,1972,5,CIENCIAS SOCIALES,194,3,9,79.52,0.2222,text_detected,,,,mixed_text_image,low,OCR_SPARSE_HIGH_CONF,,PAGESTRUCT_LTMD_U1_W4_SOCIAL_SCIENCES_0.1
U1-H1972P5CI085-P195,H1972P5CI085,1972,5,CIENCIAS SOCIALES,195,3,169,94.43,0.0059,text_detected,,,,textual,high,OCR_TEXT_RICH,text_rich,PAGESTRUCT_LTMD_U1_W4_SOCIAL_SCIENCES_0.1
U1-H1972P5CI085-P196,H1972P5CI085,1972,5,CIENCIAS SOCIALES,196,3,208,93.41,0.0144,text_detected,,,,textual,high,OCR_TEXT_RICH,text_rich,PAGESTRUCT_LTMD_U1_W4_SOCIAL_SCIENCES_0.1
U1-H1972P5CI085-P197,H1972P5CI085,1972,5,CIENCIAS SOCIALES,197,3,151,92.65,0.0265,text_detected,,,,textual,high,OCR_TEXT_RICH,text_rich,PAGESTRUCT_LTMD_U1_W4_SOCIAL_SCIENCES_0.1
U1-H1972P5CI085-P198,H1972P5CI085,1972,5,CIENCIAS SOCIALES,198,3,142,93.23,0.0141,text_detected,,,,textual,high,OCR_TEXT_RICH,text_rich,PAGESTRUCT_LTMD_U1_W4_SOCIAL_SCIENCES_0.1
U1-H1972P5CI085-P199,H1972P5CI085,1972,5,CIENCIAS SOCIALES,199,3,141,94.17,0.0071,text_detected,,,,textual,high,OCR_TEXT_RICH,text_rich,PAGESTRUCT_LTMD_U1_W4_SOCIAL_SCIENCES_0.1
U1-H1972P5CI085-P200,H1972P5CI085,1972,5,CIENCIAS SOCIALES,200,3,165,88.61,0.0424,text_detected,,,,textual,high,OCR_TEXT_RICH,text_rich,PAGESTRUCT_LTMD_U1_W4_SOCIAL_SCIENCES_0.1
U1-H1972P5CI085-P201,H1972P5CI085,1972,5,CIENCIAS SOCIALES,201,3,111,89.77,0.0541,text_detected,,,,mixed_text_image,medium,OCR_MODERATE_TEXT,text_present,PAGESTRUCT_LTMD_U1_W4_SOCIAL_SCIENCES_0.1
U1-H1972P5CI085-P202,H1972P5CI085,1972,5,CIENCIAS SOCIALES,202,3,20,71.01,0.3000,text_detected,,,,mixed_text_image,medium,OCR_MODERATE_TEXT,text_present,PAGESTRUCT_LTMD_U1_W4_SOCIAL_SCIENCES_0.1
U1-H1972P5CI085-P203,H1972P5CI085,1972,5,CIENCIAS SOCIALES,203,3,10,64.95,0.3000,text_detected,,,,unknown,low,CONSERVATIVE_UNKNOWN,,PAGESTRUCT_LTMD_U1_W4_SOCIAL_SCIENCES_0.1
U1-H1972P5CI085-P204,H1972P5CI085,1972,5,CIENCIAS SOCIALES,204,3,212,93.42,0.0142,text_detected,,,,textual,high,OCR_TEXT_RICH,text_rich,PAGESTRUCT_LTMD_U1_W4_SOCIAL_SCIENCES_0.1
U1-H1972P5CI085-P205,H1972P5CI085,1972,5,CIENCIAS SOCIALES,205,3,47,94.04,0.0000,text_detected,,,,mixed_text_image,medium,OCR_MODERATE_TEXT,text_present,PAGESTRUCT_LTMD_U1_W4_SOCIAL_SCIENCES_0.1
U1-H1972P5CI085-P206,H1972P5CI085,1972,5,CIENCIAS SOCIALES,206,3,190,93.49,0.0263,text_detected,,,,textual,high,OCR_TEXT_RICH,text_rich,PAGESTRUCT_LTMD_U1_W4_SOCIAL_SCIENCES_0.1
U1-H1972P5CI085-P207,H1972P5CI085,1972,5,CIENCIAS SOCIALES,207,3,193,92.20,0.0259,text_detected,,,,textual,high,OCR_TEXT_RICH,text_rich,PAGESTRUCT_LTMD_U1_W4_SOCIAL_SCIENCES_0.1
U1-H1972P5CI085-P208,H1972P5CI085,1972,5,CIENCIAS SOCIALES,208,3,22,68.59,0.3182,text_detected,,,,mixed_text_image,medium,OCR_MODERATE_TEXT,text_present,PAGESTRUCT_LTMD_U1_W4_SOCIAL_SCIENCES_0.1
U1-H1972P5CI085-P209,H1972P5CI085,1972,5,CIENCIAS SOCIALES,209,6,70,30.73,0.9000,text_detected,,,,visual_only,high,OCR_VISUAL_NOISE,fallback_psm;visual_noise,PAGESTRUCT_LTMD_U1_W4_SOCIAL_SCIENCES_0.1
U1-H1972P5CI085-P210,H1972P5CI085,1972,5,CIENCIAS SOCIALES,210,3,262,93.31,0.0115,text_detected,,,,textual,high,OCR_TEXT_RICH,text_rich,PAGESTRUCT_LTMD_U1_W4_SOCIAL_SCIENCES_0.1
U1-H1972P5CI085-P211,H1972P5CI085,1972,5,CIENCIAS SOCIALES,211,3,286,93.38,0.0175,text_detected,,,,textual,high,OCR_TEXT_RICH,text_rich,PAGESTRUCT_LTMD_U1_W4_SOCIAL_SCIENCES_0.1
U1-H1972P5CI085-P212,H1972P5CI085,1972,5,CIENCIAS SOCIALES,212,3,146,93.91,0.0137,text_detected,,,,textual,high,OCR_TEXT_RICH,text_rich,PAGESTRUCT_LTMD_U1_W4_SOCIAL_SCIENCES_0.1
U1-H1972P5CI085-P213,H1972P5CI085,1972,5,CIENCIAS SOCIALES,213,3,205,84.39,0.1415,text_detected,,,,textual,high,OCR_TEXT_RICH,text_rich,PAGESTRUCT_LTMD_U1_W4_SOCIAL_SCIENCES_0.1
U1-H1972P5CI085-P214,H1972P5CI085,1972,5,CIENCIAS SOCIALES,214,3,203,91.78,0.0394,text_detected,,,,textual,high,OCR_TEXT_RICH,text_rich,PAGESTRUCT_LTMD_U1_W4_SOCIAL_SCIENCES_0.1
U1-H1972P5CI085-P215,H1972P5CI085,1972,5,CIENCIAS SOCIALES,215,3,212,94.47,0.0047,text_detected,,,,textual,high,OCR_TEXT_RICH,text_rich,PAGESTRUCT_LTMD_U1_W4_SOCIAL_SCIENCES_0.1
U1-H1972P5CI085-P216,H1972P5CI085,1972,5,CIENCIAS SOCIALES,216,3,250,94.84,0.0000,text_detected,,,,textual,high,OCR_TEXT_RICH,text_rich,PAGESTRUCT_LTMD_U1_W4_SOCIAL_SCIENCES_0.1
U1-H1972P5CI085-P217,H1972P5CI085,1972,5,CIENCIAS SOCIALES,217,3,103,93.29,0.0291,text_detected,,,,mixed_text_image,medium,OCR_MODERATE_TEXT,text_present,PAGESTRUCT_LTMD_U1_W4_SOCIAL_SCIENCES_0.1
U1-H1972P5CI085-P218,H1972P5CI085,1972,5,CIENCIAS SOCIALES,218,3,220,94.77,0.0091,text_detected,,,,textual,high,OCR_TEXT_RICH,text_rich,PAGESTRUCT_LTMD_U1_W4_SOCIAL_SCIENCES_0.1
U1-H1972P5CI085-P219,H1972P5CI085,1972,5,CIENCIAS SOCIALES,219,3,10,94.17,0.0000,text_detected,,,,mixed_text_image,low,OCR_SPARSE_HIGH_CONF,,PAGESTRUCT_LTMD_U1_W4_SOCIAL_SCIENCES_0.1
U1-H1972P5CI085-P220,H1972P5CI085,1972,5,CIENCIAS SOCIALES,220,3,290,92.53,0.0276,text_detected,,,,textual,high,OCR_TEXT_RICH,text_rich,PAGESTRUCT_LTMD_U1_W4_SOCIAL_SCIENCES_0.1
U1-H1972P5CI085-P221,H1972P5CI085,1972,5,CIENCIAS SOCIALES,221,3,294,91.36,0.0272,text_detected,,,,textual,high,OCR_TEXT_RICH,text_rich,PAGESTRUCT_LTMD_U1_W4_SOCIAL_SCIENCES_0.1
U1-H1972P5CI085-P222,H1972P5CI085,1972,5,CIENCIAS SOCIALES,222,3,28,67.70,0.3929,text_detected,,,,mixed_text_image,medium,OCR_MODERATE_TEXT,text_present,PAGESTRUCT_LTMD_U1_W4_SOCIAL_SCIENCES_0.1
U1-H1972P5CI085-P223,H1972P5CI085,1972,5,CIENCIAS SOCIALES,223,3,163,92.30,0.0429,text_detected,,,,textual,high,OCR_TEXT_RICH,text_rich,PAGESTRUCT_LTMD_U1_W4_SOCIAL_SCIENCES_0.1
U1-H1972P5CI085-P224,H1972P5CI085,1972,5,CIENCIAS SOCIALES,224,3,227,94.61,0.0088,text_detected,,,,textual,high,OCR_TEXT_RICH,text_rich,PAGESTRUCT_LTMD_U1_W4_SOCIAL_SCIENCES_0.1
U1-H1972P5CI085-P225,H1972P5CI085,1972,5,CIENCIAS SOCIALES,225,3,79,90.84,0.0380,text_detected,,,,mixed_text_image,medium,OCR_MODERATE_TEXT,text_present,PAGESTRUCT_LTMD_U1_W4_SOCIAL_SCIENCES_0.1
U1-H1972P5CI085-P226,H1972P5CI085,1972,5,CIENCIAS SOCIALES,226,3,197,93.39,0.0305,text_detected,,,,textual,high,OCR_TEXT_RICH,text_rich,PAGESTRUCT_LTMD_U1_W4_SOCIAL_SCIENCES_0.1
U1-H1972P5CI085-P227,H1972P5CI085,1972,5,CIENCIAS SOCIALES,227,3,77,93.48,0.0130,text_detected,,,,mixed_text_image,medium,OCR_MODERATE_TEXT,text_present,PAGESTRUCT_LTMD_U1_W4_SOCIAL_SCIENCES_0.1
U1-H1972P5CI085-P228,H1972P5CI085,1972,5,CIENCIAS SOCIALES,228,3,156,94.83,0.0064,text_detected,,,,textual,high,OCR_TEXT_RICH,text_rich,PAGESTRUCT_LTMD_U1_W4_SOCIAL_SCIENCES_0.1
U1-H1972P5CI085-P229,H1972P5CI085,1972,5,CIENCIAS SOCIALES,229,3,148,93.64,0.0068,text_detected,,,,textual,high,OCR_TEXT_RICH,text_rich,PAGESTRUCT_LTMD_U1_W4_SOCIAL_SCIENCES_0.1
U1-H1972P5CI085-P230,H1972P5CI085,1972,5,CIENCIAS SOCIALES,230,3,258,90.29,0.0426,text_detected,,,,textual,high,OCR_TEXT_RICH,text_rich,PAGESTRUCT_LTMD_U1_W4_SOCIAL_SCIENCES_0.1
U1-H1972P5CI085-P231,H1972P5CI085,1972,5,CIENCIAS SOCIALES,231,3,227,91.44,0.0264,text_detected,,,,textual,high,OCR_TEXT_RICH,text_rich,PAGESTRUCT_LTMD_U1_W4_SOCIAL_SCIENCES_0.1
U1-H1972P5CI085-P232,H1972P5CI085,1972,5,CIENCIAS SOCIALES,232,3,91,85.05,0.1209,text_detected,,,,mixed_text_image,medium,OCR_MODERATE_TEXT,text_present,PAGESTRUCT_LTMD_U1_W4_SOCIAL_SCIENCES_0.1
U1-H1972P5CI085-P233,H1972P5CI085,1972,5,CIENCIAS SOCIALES,233,3,199,87.70,0.0955,text_detected,,,,textual,high,OCR_TEXT_RICH,text_rich,PAGESTRUCT_LTMD_U1_W4_SOCIAL_SCIENCES_0.1
U1-H1972P5CI085-P234,H1972P5CI085,1972,5,CIENCIAS SOCIALES,234,3,215,93.06,0.0140,text_detected,,,,textual,high,OCR_TEXT_RICH,text_rich,PAGESTRUCT_LTMD_U1_W4_SOCIAL_SCIENCES_0.1
U1-H1972P5CI085-P235,H1972P5CI085,1972,5,CIENCIAS SOCIALES,235,3,212,93.56,0.0094,text_detected,,,,textual,high,OCR_TEXT_RICH,text_rich,PAGESTRUCT_LTMD_U1_W4_SOCIAL_SCIENCES_0.1
U1-H1972P5CI085-P236,H1972P5CI085,1972,5,CIENCIAS SOCIALES,236,3,152,94.31,0.0132,text_detected,,,,textual,high,OCR_TEXT_RICH,text_rich,PAGESTRUCT_LTMD_U1_W4_SOCIAL_SCIENCES_0.1
U1-H1972P5CI085-P237,H1972P5CI085,1972,5,CIENCIAS SOCIALES,237,3,145,93.23,0.0276,text_detected,,,,textual,high,OCR_TEXT_RICH,text_rich,PAGESTRUCT_LTMD_U1_W4_SOCIAL_SCIENCES_0.1
U1-H1972P5CI085-P238,H1972P5CI085,1972,5,CIENCIAS SOCIALES,238,3,245,93.92,0.0122,text_detected,,,,textual,high,OCR_TEXT_RICH,text_rich,PAGESTRUCT_LTMD_U1_W4_SOCIAL_SCIENCES_0.1
U1-H1972P5CI085-P239,H1972P5CI085,1972,5,CIENCIAS SOCIALES,239,3,98,94.03,0.0204,text_detected,,,,mixed_text_image,medium,OCR_MODERATE_TEXT,text_present,PAGESTRUCT_LTMD_U1_W4_SOCIAL_SCIENCES_0.1
U1-H1972P5CI085-P240,H1972P5CI085,1972,5,CIENCIAS SOCIALES,240,3,23,72.97,0.2609,text_detected,,,,mixed_text_image,medium,OCR_MODERATE_TEXT,text_present,PAGESTRUCT_LTMD_U1_W4_SOCIAL_SCIENCES_0.1
U1-H1972P5CI085-P241,H1972P5CI085,1972,5,CIENCIAS SOCIALES,241,6,60,32.34,0.8500,text_detected,,,,visual_only,high,OCR_VISUAL_NOISE,fallback_psm;visual_noise,PAGESTRUCT_LTMD_U1_W4_SOCIAL_SCIENCES_0.1
U1-H1972P5CI085-P242,H1972P5CI085,1972,5,CIENCIAS SOCIALES,242,3,226,94.97,0.0044,text_detected,,,,textual,high,OCR_TEXT_RICH,text_rich,PAGESTRUCT_LTMD_U1_W4_SOCIAL_SCIENCES_0.1
U1-H1972P5CI085-P243,H1972P5CI085,1972,5,CIENCIAS SOCIALES,243,3,224,93.49,0.0223,text_detected,,,,textual,high,OCR_TEXT_RICH,text_rich,PAGESTRUCT_LTMD_U1_W4_SOCIAL_SCIENCES_0.1
U1-H1972P5CI085-P244,H1972P5CI085,1972,5,CIENCIAS SOCIALES,244,3,95,92.37,0.0526,text_detected,,,,mixed_text_image,medium,OCR_MODERATE_TEXT,text_present,PAGESTRUCT_LTMD_U1_W4_SOCIAL_SCIENCES_0.1
U1-H1972P5CI085-P245,H1972P5CI085,1972,5,CIENCIAS SOCIALES,245,3,160,90.95,0.0250,text_detected,,,,textual,high,OCR_TEXT_RICH,text_rich,PAGESTRUCT_LTMD_U1_W4_SOCIAL_SCIENCES_0.1
U1-H1972P5CI085-P246,H1972P5CI085,1972,5,CIENCIAS SOCIALES,246,3,166,94.53,0.0120,text_detected,,,,textual,high,OCR_TEXT_RICH,text_rich,PAGESTRUCT_LTMD_U1_W4_SOCIAL_SCIENCES_0.1
U1-H1972P5CI085-P247,H1972P5CI085,1972,5,CIENCIAS SOCIALES,247,3,203,93.95,0.0099,text_detected,,,,textual,high,OCR_TEXT_RICH,text_rich,PAGESTRUCT_LTMD_U1_W4_SOCIAL_SCIENCES_0.1
U1-H1972P5CI085-P248,H1972P5CI085,1972,5,CIENCIAS SOCIALES,248,3,249,95.07,0.0120,text_detected,,,,textual,high,OCR_TEXT_RICH,text_rich,PAGESTRUCT_LTMD_U1_W4_SOCIAL_SCIENCES_0.1
U1-H1972P5CI085-P249,H1972P5CI085,1972,5,CIENCIAS SOCIALES,249,3,155,91.29,0.0387,text_detected,,,,textual,high,OCR_TEXT_RICH,text_rich,PAGESTRUCT_LTMD_U1_W4_SOCIAL_SCIENCES_0.1
U1-H1972P5CI085-P250,H1972P5CI085,1972,5,CIENCIAS SOCIALES,250,3,231,94.55,0.0043,text_detected,,,,textual,high,OCR_TEXT_RICH,text_rich,PAGESTRUCT_LTMD_U1_W4_SOCIAL_SCIENCES_0.1
U1-H1972P5CI085-P251,H1972P5CI085,1972,5,CIENCIAS SOCIALES,251,3,205,94.16,0.0098,text_detected,,,,textual,high,OCR_TEXT_RICH,text_rich,PAGESTRUCT_LTMD_U1_W4_SOCIAL_SCIENCES_0.1
U1-H1972P5CI085-P252,H1972P5CI085,1972,5,CIENCIAS SOCIALES,252,3,135,94.64,0.0074,text_detected,,,,textual,high,OCR_TEXT_RICH,text_rich,PAGESTRUCT_LTMD_U1_W4_SOCIAL_SCIENCES_0.1
U1-H1972P5CI085-P253,H1972P5CI085,1972,5,CIENCIAS SOCIALES,253,3,124,95.64,0.0000,text_detected,,,,textual,high,OCR_TEXT_RICH,text_rich,PAGESTRUCT_LTMD_U1_W4_SOCIAL_SCIENCES_0.1
U1-H1972P5CI085-P254,H1972P5CI085,1972,5,CIENCIAS SOCIALES,254,3,274,90.48,0.0474,text_detected,,,,textual,high,OCR_TEXT_RICH,text_rich,PAGESTRUCT_LTMD_U1_W4_SOCIAL_SCIENCES_0.1
U1-H1972P5CI085-P255,H1972P5CI085,1972,5,CIENCIAS SOCIALES,255,3,283,93.61,0.0106,text_detected,,,,textual,high,OCR_TEXT_RICH,text_rich,PAGESTRUCT_LTMD_U1_W4_SOCIAL_SCIENCES_0.1
U1-H1972P5CI085-P256,H1972P5CI085,1972,5,CIENCIAS SOCIALES,256,3,35,54.49,0.4857,text_detected,,,,unknown,low,CONSERVATIVE_UNKNOWN,,PAGESTRUCT_LTMD_U1_W4_SOCIAL_SCIENCES_0.1
U1-H1972P5CI085-P257,H1972P5CI085,1972,5,CIENCIAS SOCIALES,257,3,5,92.03,0.0000,text_detected,,,,mixed_text_image,low,OCR_SPARSE_HIGH_CONF,,PAGESTRUCT_LTMD_U1_W4_SOCIAL_SCIENCES_0.1
U1-H1972P5CI085-P258,H1972P5CI085,1972,5,CIENCIAS SOCIALES,258,3,230,94.85,0.0043,text_detected,,,,textual,high,OCR_TEXT_RICH,text_rich,PAGESTRUCT_LTMD_U1_W4_SOCIAL_SCIENCES_0.1
U1-H1972P5CI085-P259,H1972P5CI085,1972,5,CIENCIAS SOCIALES,259,3,192,95.15,0.0052,text_detected,,,,textual,high,OCR_TEXT_RICH,text_rich,PAGESTRUCT_LTMD_U1_W4_SOCIAL_SCIENCES_0.1
U1-H1972P5CI085-P260,H1972P5CI085,1972,5,CIENCIAS SOCIALES,260,3,247,95.34,0.0000,text_detected,,,,textual,high,OCR_TEXT_RICH,text_rich,PAGESTRUCT_LTMD_U1_W4_SOCIAL_SCIENCES_0.1
U1-H1972P5CI085-P261,H1972P5CI085,1972,5,CIENCIAS SOCIALES,261,3,112,89.54,0.0714,text_detected,,,,mixed_text_image,medium,OCR_MODERATE_TEXT,text_present,PAGESTRUCT_LTMD_U1_W4_SOCIAL_SCIENCES_0.1
U1-H1972P5CI085-P262,H1972P5CI085,1972,5,CIENCIAS SOCIALES,262,3,7,32.27,1.0000,text_detected,,,,unknown,low,CONSERVATIVE_UNKNOWN,,PAGESTRUCT_LTMD_U1_W4_SOCIAL_SCIENCES_0.1
U1-H1972P5CI085-P263,H1972P5CI085,1972,5,CIENCIAS SOCIALES,263,3,4,63.48,0.5000,text_detected,,,,unknown,low,CONSERVATIVE_UNKNOWN,,PAGESTRUCT_LTMD_U1_W4_SOCIAL_SCIENCES_0.1
U1-H1972P5CI085-P264,H1972P5CI085,1972,5,CIENCIAS SOCIALES,264,3,211,93.17,0.0190,text_detected,,,,textual,high,OCR_TEXT_RICH,text_rich,PAGESTRUCT_LTMD_U1_W4_SOCIAL_SCIENCES_0.1
U1-H1972P5CI085-P265,H1972P5CI085,1972,5,CIENCIAS SOCIALES,265,3,243,93.26,0.0123,text_detected,,,,textual,high,OCR_TEXT_RICH,text_rich,PAGESTRUCT_LTMD_U1_W4_SOCIAL_SCIENCES_0.1
U1-H1972P5CI085-P266,H1972P5CI085,1972,5,CIENCIAS SOCIALES,266,3,220,93.32,0.0182,text_detected,,,,textual,high,OCR_TEXT_RICH,text_rich,PAGESTRUCT_LTMD_U1_W4_SOCIAL_SCIENCES_0.1
U1-H1972P5CI085-P267,H1972P5CI085,1972,5,CIENCIAS SOCIALES,267,3,227,93.89,0.0044,text_detected,,,,textual,high,OCR_TEXT_RICH,text_rich,PAGESTRUCT_LTMD_U1_W4_SOCIAL_SCIENCES_0.1
U1-H1972P5CI085-P268,H1972P5CI085,1972,5,CIENCIAS SOCIALES,268,3,184,95.19,0.0054,text_detected,,,,textual,high,OCR_TEXT_RICH,text_rich,PAGESTRUCT_LTMD_U1_W4_SOCIAL_SCIENCES_0.1
U1-H1972P5CI085-P269,H1972P5CI085,1972,5,CIENCIAS SOCIALES,269,3,200,95.04,0.0000,text_detected,,,,textual,high,OCR_TEXT_RICH,text_rich,PAGESTRUCT_LTMD_U1_W4_SOCIAL_SCIENCES_0.1
U1-H1972P5CI085-P270,H1972P5CI085,1972,5,CIENCIAS SOCIALES,270,3,219,93.39,0.0183,text_detected,,,,textual,high,OCR_TEXT_RICH,text_rich,PAGESTRUCT_LTMD_U1_W4_SOCIAL_SCIENCES_0.1
U1-H1972P5CI085-P271,H1972P5CI085,1972,5,CIENCIAS SOCIALES,271,3,215,94.07,0.0093,text_detected,,,,textual,high,OCR_TEXT_RICH,text_rich,PAGESTRUCT_LTMD_U1_W4_SOCIAL_SCIENCES_0.1
U1-H1972P5CI085-P272,H1972P5CI085,1972,5,CIENCIAS SOCIALES,272,3,209,93.11,0.0191,text_detected,,,,textual,high,OCR_TEXT_RICH,text_rich,PAGESTRUCT_LTMD_U1_W4_SOCIAL_SCIENCES_0.1
U1-H1972P5CI085-P273,H1972P5CI085,1972,5,CIENCIAS SOCIALES,273,3,208,94.11,0.0144,text_detected,,,,textual,high,OCR_TEXT_RICH,text_rich,PAGESTRUCT_LTMD_U1_W4_SOCIAL_SCIENCES_0.1
U1-H1972P5CI085-P274,H1972P5CI085,1972,5,CIENCIAS SOCIALES,274,3,212,93.60,0.0094,text_detected,,,,textual,high,OCR_TEXT_RICH,text_rich,PAGESTRUCT_LTMD_U1_W4_SOCIAL_SCIENCES_0.1
U1-H1972P5CI085-P275,H1972P5CI085,1972,5,CIENCIAS SOCIALES,275,3,31,92.81,0.0000,text_detected,0,0,0,mixed_text_image,medium,OCR_MODERATE_TEXT,end_zone;text_present,PAGESTRUCT_LTMD_U1_W4_SOCIAL_SCIENCES_0.1
U1-H1972P5CI085-P276,H1972P5CI085,1972,5,CIENCIAS SOCIALES,276,3,5,49.61,0.6000,text_detected,0,0,0,unknown,low,CONSERVATIVE_UNKNOWN,end_zone,PAGESTRUCT_LTMD_U1_W4_SOCIAL_SCIENCES_0.1
U1-H1972P5CI085-P277,H1972P5CI085,1972,5,CIENCIAS SOCIALES,277,6,67,34.27,0.8806,text_detected,0,0,0,visual_only,high,OCR_VISUAL_NOISE,end_zone;fallback_psm;visual_noise,PAGESTRUCT_LTMD_U1_W4_SOCIAL_SCIENCES_0.1
U1-H1972P5CI085-P278,H1972P5CI085,1972,5,CIENCIAS SOCIALES,278,3,1,20.36,1.0000,text_detected,0,0,0,visual_only,medium,OCR_VISUAL_NOISE,end_zone;visual_noise,PAGESTRUCT_LTMD_U1_W4_SOCIAL_SCIENCES_0.1
U1-H1972P5CI085-P279,H1972P5CI085,1972,5,CIENCIAS SOCIALES,279,6,43,31.09,0.9070,text_detected,0,0,0,visual_only,high,OCR_VISUAL_NOISE,end_zone;fallback_psm;visual_noise,PAGESTRUCT_LTMD_U1_W4_SOCIAL_SCIENCES_0.1
U1-H1972P5CI085-P280,H1972P5CI085,1972,5,CIENCIAS SOCIALES,280,6,19,28.72,0.8421,text_detected,0,0,0,visual_only,high,OCR_VISUAL_NOISE,end_zone;fallback_psm;visual_noise,PAGESTRUCT_LTMD_U1_W4_SOCIAL_SCIENCES_0.1
U1-H1972P5CI085-P281,H1972P5CI085,1972,5,CIENCIAS SOCIALES,281,11,25,27.62,0.8800,text_detected,0,0,0,visual_only,high,OCR_VISUAL_NOISE,end_zone;fallback_psm;visual_noise,PAGESTRUCT_LTMD_U1_W4_SOCIAL_SCIENCES_0.1
U1-H1972P5CI085-P282,H1972P5CI085,1972,5,CIENCIAS SOCIALES,282,6,38,35.91,0.8684,text_detected,0,0,0,visual_only,high,OCR_VISUAL_NOISE,end_zone;fallback_psm;visual_noise,PAGESTRUCT_LTMD_U1_W4_SOCIAL_SCIENCES_0.1
U1-H1972P5CI085-P283,H1972P5CI085,1972,5,CIENCIAS SOCIALES,283,6,67,36.10,0.8657,text_detected,0,0,0,visual_only,high,OCR_VISUAL_NOISE,end_zone;fallback_psm;visual_noise,PAGESTRUCT_LTMD_U1_W4_SOCIAL_SCIENCES_0.1
U1-H1972P5CI085-P284,H1972P5CI085,1972,5,CIENCIAS SOCIALES,284,6,54,27.02,0.9074,text_detected,0,0,0,visual_only,high,OCR_VISUAL_NOISE,end_zone;fallback_psm;visual_noise,PAGESTRUCT_LTMD_U1_W4_SOCIAL_SCIENCES_0.1
U1-H1972P5CI085-P285,H1972P5CI085,1972,5,CIENCIAS SOCIALES,285,6,52,34.18,0.9231,text_detected,0,0,0,visual_only,high,OCR_VISUAL_NOISE,end_zone;fallback_psm;visual_noise,PAGESTRUCT_LTMD_U1_W4_SOCIAL_SCIENCES_0.1
U1-H1972P5CI085-P286,H1972P5CI085,1972,5,CIENCIAS SOCIALES,286,3,70,85.85,0.0857,text_detected,0,0,1,bibliography_or_credits,medium,KW_BIBLIO_CREDITS,end_zone;text_present;biblio_credit_kw,PAGESTRUCT_LTMD_U1_W4_SOCIAL_SCIENCES_0.1
U1-H1972P5CI085-P287,H1972P5CI085,1972,5,CIENCIAS SOCIALES,287,,1,21.25,1.0000,no_text_detected,0,0,0,visual_only,high,OCR_VISUAL_NOISE,end_zone;visual_noise,PAGESTRUCT_LTMD_U1_W4_SOCIAL_SCIENCES_0.1
U1-H1972P5CI085-P288,H1972P5CI085,1972,5,CIENCIAS SOCIALES,288,6,96,28.51,0.9167,text_detected,0,0,0,visual_only,high,OCR_VISUAL_NOISE,end_zone;fallback_psm;visual_noise,PAGESTRUCT_LTMD_U1_W4_SOCIAL_SCIENCES_0.1
U1-H1972P5CI085-P289,H1972P5CI085,1972,5,CIENCIAS SOCIALES,289,3,124,85.15,0.1048,text_detected,0,0,0,textual,high,OCR_TEXT_RICH,end_zone;text_rich,PAGESTRUCT_LTMD_U1_W4_SOCIAL_SCIENCES_0.1
U1-H1972P5CI085-P290,H1972P5CI085,1972,5,CIENCIAS SOCIALES,290,3,6,88.75,0.1667,text_detected,0,0,1,bibliography_or_credits,medium,KW_BIBLIO_CREDITS,end_zone;biblio_credit_kw,PAGESTRUCT_LTMD_U1_W4_SOCIAL_SCIENCES_0.1
U1-H1972P6CI091-P001,H1972P6CI091,1972,6,CIENCIAS SOCIALES,1,3,4,72.42,0.2500,text_detected,0,0,0,unknown,low,CONSERVATIVE_UNKNOWN,front_zone,PAGESTRUCT_LTMD_U1_W4_SOCIAL_SCIENCES_0.1
U1-H1972P6CI091-P002,H1972P6CI091,1972,6,CIENCIAS SOCIALES,2,3,187,92.58,0.0214,text_detected,0,0,3,bibliography_or_credits,high,KW_BIBLIO_CREDITS,front_zone;text_rich;biblio_credit_kw,PAGESTRUCT_LTMD_U1_W4_SOCIAL_SCIENCES_0.1
U1-H1972P6CI091-P003,H1972P6CI091,1972,6,CIENCIAS SOCIALES,3,3,11,92.41,0.0000,text_detected,0,0,1,bibliography_or_credits,medium,KW_BIBLIO_CREDITS,front_zone;biblio_credit_kw,PAGESTRUCT_LTMD_U1_W4_SOCIAL_SCIENCES_0.1
U1-H1972P6CI091-P004,H1972P6CI091,1972,6,CIENCIAS SOCIALES,4,3,119,69.10,0.3277,text_detected,0,1,0,toc_or_navigation,medium,KW_NAVIGATION,front_zone;text_present;nav_kw,PAGESTRUCT_LTMD_U1_W4_SOCIAL_SCIENCES_0.1
U1-H1972P6CI091-P005,H1972P6CI091,1972,6,CIENCIAS SOCIALES,5,3,127,77.99,0.2283,text_detected,0,0,0,textual,high,OCR_TEXT_RICH,front_zone;text_rich,PAGESTRUCT_LTMD_U1_W4_SOCIAL_SCIENCES_0.1
U1-H1972P6CI091-P006,H1972P6CI091,1972,6,CIENCIAS SOCIALES,6,3,302,92.24,0.0199,text_detected,0,2,0,toc_or_navigation,high,KW_NAVIGATION,front_zone;text_rich;nav_kw,PAGESTRUCT_LTMD_U1_W4_SOCIAL_SCIENCES_0.1
U1-H1972P6CI091-P007,H1972P6CI091,1972,6,CIENCIAS SOCIALES,7,3,252,92.05,0.0238,text_detected,0,0,0,textual,high,OCR_TEXT_RICH,front_zone;text_rich,PAGESTRUCT_LTMD_U1_W4_SOCIAL_SCIENCES_0.1
U1-H1972P6CI091-P008,H1972P6CI091,1972,6,CIENCIAS SOCIALES,8,11,31,26.55,0.9677,text_detected,0,0,0,visual_only,high,OCR_VISUAL_NOISE,front_zone;fallback_psm;visual_noise,PAGESTRUCT_LTMD_U1_W4_SOCIAL_SCIENCES_0.1
U1-H1972P6CI091-P009,H1972P6CI091,1972,6,CIENCIAS SOCIALES,9,6,14,26.47,0.9286,text_detected,0,0,0,visual_only,high,OCR_VISUAL_NOISE,front_zone;fallback_psm;visual_noise,PAGESTRUCT_LTMD_U1_W4_SOCIAL_SCIENCES_0.1
U1-H1972P6CI091-P010,H1972P6CI091,1972,6,CIENCIAS SOCIALES,10,3,257,91.19,0.0467,text_detected,0,0,0,textual,high,OCR_TEXT_RICH,front_zone;text_rich,PAGESTRUCT_LTMD_U1_W4_SOCIAL_SCIENCES_0.1
U1-H1972P6CI091-P011,H1972P6CI091,1972,6,CIENCIAS SOCIALES,11,3,158,90.66,0.0190,text_detected,0,1,0,toc_or_navigation,medium,KW_NAVIGATION,front_zone;text_rich;nav_kw,PAGESTRUCT_LTMD_U1_W4_SOCIAL_SCIENCES_0.1
U1-H1972P6CI091-P012,H1972P6CI091,1972,6,CIENCIAS SOCIALES,12,3,289,90.51,0.0450,text_detected,0,0,0,textual,high,OCR_TEXT_RICH,front_zone;text_rich,PAGESTRUCT_LTMD_U1_W4_SOCIAL_SCIENCES_0.1
U1-H1972P6CI091-P013,H1972P6CI091,1972,6,CIENCIAS SOCIALES,13,3,268,91.35,0.0373,text_detected,0,0,0,textual,high,OCR_TEXT_RICH,front_zone;text_rich,PAGESTRUCT_LTMD_U1_W4_SOCIAL_SCIENCES_0.1
U1-H1972P6CI091-P014,H1972P6CI091,1972,6,CIENCIAS SOCIALES,14,3,383,91.33,0.0366,text_detected,0,0,0,textual,high,OCR_TEXT_RICH,front_zone;text_rich,PAGESTRUCT_LTMD_U1_W4_SOCIAL_SCIENCES_0.1
U1-H1972P6CI091-P015,H1972P6CI091,1972,6,CIENCIAS SOCIALES,15,3,65,58.88,0.4308,text_detected,0,0,0,unknown,low,CONSERVATIVE_UNKNOWN,front_zone,PAGESTRUCT_LTMD_U1_W4_SOCIAL_SCIENCES_0.1
U1-H1972P6CI091-P016,H1972P6CI091,1972,6,CIENCIAS SOCIALES,16,3,318,90.78,0.0472,text_detected,0,0,0,textual,high,OCR_TEXT_RICH,front_zone;text_rich,PAGESTRUCT_LTMD_U1_W4_SOCIAL_SCIENCES_0.1
U1-H1972P6CI091-P017,H1972P6CI091,1972,6,CIENCIAS SOCIALES,17,3,266,91.21,0.0451,text_detected,,,,textual,high,OCR_TEXT_RICH,text_rich,PAGESTRUCT_LTMD_U1_W4_SOCIAL_SCIENCES_0.1
U1-H1972P6CI091-P018,H1972P6CI091,1972,6,CIENCIAS SOCIALES,18,3,499,91.68,0.0200,text_detected,,,,textual,high,OCR_TEXT_RICH,text_rich,PAGESTRUCT_LTMD_U1_W4_SOCIAL_SCIENCES_0.1
U1-H1972P6CI091-P019,H1972P6CI091,1972,6,CIENCIAS SOCIALES,19,3,305,91.74,0.0197,text_detected,,,,textual,high,OCR_TEXT_RICH,text_rich,PAGESTRUCT_LTMD_U1_W4_SOCIAL_SCIENCES_0.1
U1-H1972P6CI091-P020,H1972P6CI091,1972,6,CIENCIAS SOCIALES,20,3,22,67.73,0.3182,text_detected,,,,mixed_text_image,medium,OCR_MODERATE_TEXT,text_present,PAGESTRUCT_LTMD_U1_W4_SOCIAL_SCIENCES_0.1
U1-H1972P6CI091-P021,H1972P6CI091,1972,6,CIENCIAS SOCIALES,21,11,29,35.76,0.8621,text_detected,,,,visual_only,high,OCR_VISUAL_NOISE,fallback_psm;visual_noise,PAGESTRUCT_LTMD_U1_W4_SOCIAL_SCIENCES_0.1
U1-H1972P6CI091-P022,H1972P6CI091,1972,6,CIENCIAS SOCIALES,22,11,28,32.30,0.9286,text_detected,,,,visual_only,high,OCR_VISUAL_NOISE,fallback_psm;visual_noise,PAGESTRUCT_LTMD_U1_W4_SOCIAL_SCIENCES_0.1
U1-H1972P6CI091-P023,H1972P6CI091,1972,6,CIENCIAS SOCIALES,23,3,8,53.10,0.5000,text_detected,,,,unknown,low,CONSERVATIVE_UNKNOWN,,PAGESTRUCT_LTMD_U1_W4_SOCIAL_SCIENCES_0.1
U1-H1972P6CI091-P024,H1972P6CI091,1972,6,CIENCIAS SOCIALES,24,3,249,91.92,0.0281,text_detected,,,,textual,high,OCR_TEXT_RICH,text_rich,PAGESTRUCT_LTMD_U1_W4_SOCIAL_SCIENCES_0.1
U1-H1972P6CI091-P025,H1972P6CI091,1972,6,CIENCIAS SOCIALES,25,3,380,92.97,0.0132,text_detected,,,,textual,high,OCR_TEXT_RICH,text_rich,PAGESTRUCT_LTMD_U1_W4_SOCIAL_SCIENCES_0.1
U1-H1972P6CI091-P026,H1972P6CI091,1972,6,CIENCIAS SOCIALES,26,3,288,91.47,0.0243,text_detected,,,,textual,high,OCR_TEXT_RICH,text_rich,PAGESTRUCT_LTMD_U1_W4_SOCIAL_SCIENCES_0.1
U1-H1972P6CI091-P027,H1972P6CI091,1972,6,CIENCIAS SOCIALES,27,3,394,91.94,0.0330,text_detected,,,,textual,high,OCR_TEXT_RICH,text_rich,PAGESTRUCT_LTMD_U1_W4_SOCIAL_SCIENCES_0.1
U1-H1972P6CI091-P028,H1972P6CI091,1972,6,CIENCIAS SOCIALES,28,3,231,89.11,0.0433,text_detected,,,,textual,high,OCR_TEXT_RICH,text_rich,PAGESTRUCT_LTMD_U1_W4_SOCIAL_SCIENCES_0.1
U1-H1972P6CI091-P029,H1972P6CI091,1972,6,CIENCIAS SOCIALES,29,3,287,92.38,0.0244,text_detected,,,,textual,high,OCR_TEXT_RICH,text_rich,PAGESTRUCT_LTMD_U1_W4_SOCIAL_SCIENCES_0.1
U1-H1972P6CI091-P030,H1972P6CI091,1972,6,CIENCIAS SOCIALES,30,3,374,91.81,0.0187,text_detected,,,,textual,high,OCR_TEXT_RICH,text_rich,PAGESTRUCT_LTMD_U1_W4_SOCIAL_SCIENCES_0.1
U1-H1972P6CI091-P031,H1972P6CI091,1972,6,CIENCIAS SOCIALES,31,3,245,92.29,0.0245,text_detected,,,,textual,high,OCR_TEXT_RICH,text_rich,PAGESTRUCT_LTMD_U1_W4_SOCIAL_SCIENCES_0.1
U1-H1972P6CI091-P032,H1972P6CI091,1972,6,CIENCIAS SOCIALES,32,3,282,90.74,0.0355,text_detected,,,,textual,high,OCR_TEXT_RICH,text_rich,PAGESTRUCT_LTMD_U1_W4_SOCIAL_SCIENCES_0.1
U1-H1972P6CI091-P033,H1972P6CI091,1972,6,CIENCIAS SOCIALES,33,3,308,91.82,0.0227,text_detected,,,,textual,high,OCR_TEXT_RICH,text_rich,PAGESTRUCT_LTMD_U1_W4_SOCIAL_SCIENCES_0.1
U1-H1972P6CI091-P034,H1972P6CI091,1972,6,CIENCIAS SOCIALES,34,3,274,92.33,0.0219,text_detected,,,,textual,high,OCR_TEXT_RICH,text_rich,PAGESTRUCT_LTMD_U1_W4_SOCIAL_SCIENCES_0.1
U1-H1972P6CI091-P035,H1972P6CI091,1972,6,CIENCIAS SOCIALES,35,3,275,92.68,0.0145,text_detected,,,,textual,high,OCR_TEXT_RICH,text_rich,PAGESTRUCT_LTMD_U1_W4_SOCIAL_SCIENCES_0.1
U1-H1972P6CI091-P036,H1972P6CI091,1972,6,CIENCIAS SOCIALES,36,3,220,90.98,0.0318,text_detected,,,,textual,high,OCR_TEXT_RICH,text_rich,PAGESTRUCT_LTMD_U1_W4_SOCIAL_SCIENCES_0.1
U1-H1972P6CI091-P037,H1972P6CI091,1972,6,CIENCIAS SOCIALES,37,3,171,90.94,0.0234,text_detected,,,,textual,high,OCR_TEXT_RICH,text_rich,PAGESTRUCT_LTMD_U1_W4_SOCIAL_SCIENCES_0.1
U1-H1972P6CI091-P038,H1972P6CI091,1972,6,CIENCIAS SOCIALES,38,3,239,91.13,0.0251,text_detected,,,,textual,high,OCR_TEXT_RICH,text_rich,PAGESTRUCT_LTMD_U1_W4_SOCIAL_SCIENCES_0.1
U1-H1972P6CI091-P039,H1972P6CI091,1972,6,CIENCIAS SOCIALES,39,3,232,90.86,0.0388,text_detected,,,,textual,high,OCR_TEXT_RICH,text_rich,PAGESTRUCT_LTMD_U1_W4_SOCIAL_SCIENCES_0.1
U1-H1972P6CI091-P040,H1972P6CI091,1972,6,CIENCIAS SOCIALES,40,3,140,83.05,0.1357,text_detected,,,,textual,high,OCR_TEXT_RICH,text_rich,PAGESTRUCT_LTMD_U1_W4_SOCIAL_SCIENCES_0.1
U1-H1972P6CI091-P041,H1972P6CI091,1972,6,CIENCIAS SOCIALES,41,3,359,90.01,0.0390,text_detected,,,,textual,high,OCR_TEXT_RICH,text_rich,PAGESTRUCT_LTMD_U1_W4_SOCIAL_SCIENCES_0.1
U1-H1972P6CI091-P042,H1972P6CI091,1972,6,CIENCIAS SOCIALES,42,3,117,87.35,0.1026,text_detected,,,,mixed_text_image,medium,OCR_MODERATE_TEXT,text_present,PAGESTRUCT_LTMD_U1_W4_SOCIAL_SCIENCES_0.1
U1-H1972P6CI091-P043,H1972P6CI091,1972,6,CIENCIAS SOCIALES,43,3,222,90.77,0.0270,text_detected,,,,textual,high,OCR_TEXT_RICH,text_rich,PAGESTRUCT_LTMD_U1_W4_SOCIAL_SCIENCES_0.1
U1-H1972P6CI091-P044,H1972P6CI091,1972,6,CIENCIAS SOCIALES,44,3,394,90.53,0.0457,text_detected,,,,textual,high,OCR_TEXT_RICH,text_rich,PAGESTRUCT_LTMD_U1_W4_SOCIAL_SCIENCES_0.1
U1-H1972P6CI091-P045,H1972P6CI091,1972,6,CIENCIAS SOCIALES,45,3,232,90.95,0.0302,text_detected,,,,textual,high,OCR_TEXT_RICH,text_rich,PAGESTRUCT_LTMD_U1_W4_SOCIAL_SCIENCES_0.1
U1-H1972P6CI091-P046,H1972P6CI091,1972,6,CIENCIAS SOCIALES,46,3,261,88.43,0.0766,text_detected,,,,textual,high,OCR_TEXT_RICH,text_rich,PAGESTRUCT_LTMD_U1_W4_SOCIAL_SCIENCES_0.1
U1-H1972P6CI091-P047,H1972P6CI091,1972,6,CIENCIAS SOCIALES,47,3,248,92.37,0.0161,text_detected,,,,textual,high,OCR_TEXT_RICH,text_rich,PAGESTRUCT_LTMD_U1_W4_SOCIAL_SCIENCES_0.1
U1-H1972P6CI091-P048,H1972P6CI091,1972,6,CIENCIAS SOCIALES,48,3,303,91.12,0.0363,text_detected,,,,textual,high,OCR_TEXT_RICH,text_rich,PAGESTRUCT_LTMD_U1_W4_SOCIAL_SCIENCES_0.1
U1-H1972P6CI091-P049,H1972P6CI091,1972,6,CIENCIAS SOCIALES,49,3,285,89.63,0.0526,text_detected,,,,textual,high,OCR_TEXT_RICH,text_rich,PAGESTRUCT_LTMD_U1_W4_SOCIAL_SCIENCES_0.1
U1-H1972P6CI091-P050,H1972P6CI091,1972,6,CIENCIAS SOCIALES,50,11,32,33.99,0.7812,text_detected,,,,visual_only,medium,OCR_VISUAL_NOISE,fallback_psm;visual_noise,PAGESTRUCT_LTMD_U1_W4_SOCIAL_SCIENCES_0.1
U1-H1972P6CI091-P051,H1972P6CI091,1972,6,CIENCIAS SOCIALES,51,3,2,34.41,1.0000,text_detected,,,,visual_only,medium,OCR_VISUAL_NOISE,visual_noise,PAGESTRUCT_LTMD_U1_W4_SOCIAL_SCIENCES_0.1
U1-H1972P6CI091-P052,H1972P6CI091,1972,6,CIENCIAS SOCIALES,52,3,362,91.78,0.0249,text_detected,,,,textual,high,OCR_TEXT_RICH,text_rich,PAGESTRUCT_LTMD_U1_W4_SOCIAL_SCIENCES_0.1
U1-H1972P6CI091-P053,H1972P6CI091,1972,6,CIENCIAS SOCIALES,53,3,267,92.15,0.0225,text_detected,,,,textual,high,OCR_TEXT_RICH,text_rich,PAGESTRUCT_LTMD_U1_W4_SOCIAL_SCIENCES_0.1
U1-H1972P6CI091-P054,H1972P6CI091,1972,6,CIENCIAS SOCIALES,54,3,295,90.54,0.0542,text_detected,,,,textual,high,OCR_TEXT_RICH,text_rich,PAGESTRUCT_LTMD_U1_W4_SOCIAL_SCIENCES_0.1
U1-H1972P6CI091-P055,H1972P6CI091,1972,6,CIENCIAS SOCIALES,55,3,294,91.51,0.0204,text_detected,,,,textual,high,OCR_TEXT_RICH,text_rich,PAGESTRUCT_LTMD_U1_W4_SOCIAL_SCIENCES_0.1
U1-H1972P6CI091-P056,H1972P6CI091,1972,6,CIENCIAS SOCIALES,56,3,247,90.94,0.0283,text_detected,,,,textual,high,OCR_TEXT_RICH,text_rich,PAGESTRUCT_LTMD_U1_W4_SOCIAL_SCIENCES_0.1
U1-H1972P6CI091-P057,H1972P6CI091,1972,6,CIENCIAS SOCIALES,57,3,231,91.28,0.0303,text_detected,,,,textual,high,OCR_TEXT_RICH,text_rich,PAGESTRUCT_LTMD_U1_W4_SOCIAL_SCIENCES_0.1
U1-H1972P6CI091-P058,H1972P6CI091,1972,6,CIENCIAS SOCIALES,58,3,225,90.85,0.0400,text_detected,,,,textual,high,OCR_TEXT_RICH,text_rich,PAGESTRUCT_LTMD_U1_W4_SOCIAL_SCIENCES_0.1
U1-H1972P6CI091-P059,H1972P6CI091,1972,6,CIENCIAS SOCIALES,59,3,276,88.52,0.0507,text_detected,,,,textual,high,OCR_TEXT_RICH,text_rich,PAGESTRUCT_LTMD_U1_W4_SOCIAL_SCIENCES_0.1
U1-H1972P6CI091-P060,H1972P6CI091,1972,6,CIENCIAS SOCIALES,60,3,259,89.45,0.0541,text_detected,,,,textual,high,OCR_TEXT_RICH,text_rich,PAGESTRUCT_LTMD_U1_W4_SOCIAL_SCIENCES_0.1
U1-H1972P6CI091-P061,H1972P6CI091,1972,6,CIENCIAS SOCIALES,61,3,343,89.94,0.0437,text_detected,,,,textual,high,OCR_TEXT_RICH,text_rich,PAGESTRUCT_LTMD_U1_W4_SOCIAL_SCIENCES_0.1
U1-H1972P6CI091-P062,H1972P6CI091,1972,6,CIENCIAS SOCIALES,62,3,271,91.36,0.0258,text_detected,,,,textual,high,OCR_TEXT_RICH,text_rich,PAGESTRUCT_LTMD_U1_W4_SOCIAL_SCIENCES_0.1
U1-H1972P6CI091-P063,H1972P6CI091,1972,6,CIENCIAS SOCIALES,63,3,266,89.67,0.0602,text_detected,,,,textual,high,OCR_TEXT_RICH,text_rich,PAGESTRUCT_LTMD_U1_W4_SOCIAL_SCIENCES_0.1
U1-H1972P6CI091-P064,H1972P6CI091,1972,6,CIENCIAS SOCIALES,64,3,212,90.98,0.0330,text_detected,,,,textual,high,OCR_TEXT_RICH,text_rich,PAGESTRUCT_LTMD_U1_W4_SOCIAL_SCIENCES_0.1
U1-H1972P6CI091-P065,H1972P6CI091,1972,6,CIENCIAS SOCIALES,65,3,218,90.36,0.0505,text_detected,,,,textual,high,OCR_TEXT_RICH,text_rich,PAGESTRUCT_LTMD_U1_W4_SOCIAL_SCIENCES_0.1
U1-H1972P6CI091-P066,H1972P6CI091,1972,6,CIENCIAS SOCIALES,66,3,127,89.05,0.0472,text_detected,,,,textual,high,OCR_TEXT_RICH,text_rich,PAGESTRUCT_LTMD_U1_W4_SOCIAL_SCIENCES_0.1
U1-H1972P6CI091-P067,H1972P6CI091,1972,6,CIENCIAS SOCIALES,67,3,313,91.82,0.0128,text_detected,,,,textual,high,OCR_TEXT_RICH,text_rich,PAGESTRUCT_LTMD_U1_W4_SOCIAL_SCIENCES_0.1
U1-H1972P6CI091-P068,H1972P6CI091,1972,6,CIENCIAS SOCIALES,68,3,153,88.48,0.0719,text_detected,,,,textual,high,OCR_TEXT_RICH,text_rich,PAGESTRUCT_LTMD_U1_W4_SOCIAL_SCIENCES_0.1
U1-H1972P6CI091-P069,H1972P6CI091,1972,6,CIENCIAS SOCIALES,69,3,312,90.90,0.0353,text_detected,,,,textual,high,OCR_TEXT_RICH,text_rich,PAGESTRUCT_LTMD_U1_W4_SOCIAL_SCIENCES_0.1
U1-H1972P6CI091-P070,H1972P6CI091,1972,6,CIENCIAS SOCIALES,70,3,358,91.77,0.0168,text_detected,,,,textual,high,OCR_TEXT_RICH,text_rich,PAGESTRUCT_LTMD_U1_W4_SOCIAL_SCIENCES_0.1
U1-H1972P6CI091-P071,H1972P6CI091,1972,6,CIENCIAS SOCIALES,71,3,156,84.08,0.1090,text_detected,,,,textual,high,OCR_TEXT_RICH,text_rich,PAGESTRUCT_LTMD_U1_W4_SOCIAL_SCIENCES_0.1
U1-H1972P6CI091-P072,H1972P6CI091,1972,6,CIENCIAS SOCIALES,72,3,312,89.30,0.0577,text_detected,,,,textual,high,OCR_TEXT_RICH,text_rich,PAGESTRUCT_LTMD_U1_W4_SOCIAL_SCIENCES_0.1
U1-H1972P6CI091-P073,H1972P6CI091,1972,6,CIENCIAS SOCIALES,73,3,345,90.75,0.0232,text_detected,,,,textual,high,OCR_TEXT_RICH,text_rich,PAGESTRUCT_LTMD_U1_W4_SOCIAL_SCIENCES_0.1
U1-H1972P6CI091-P074,H1972P6CI091,1972,6,CIENCIAS SOCIALES,74,3,155,90.41,0.0516,text_detected,,,,textual,high,OCR_TEXT_RICH,text_rich,PAGESTRUCT_LTMD_U1_W4_SOCIAL_SCIENCES_0.1
U1-H1972P6CI091-P075,H1972P6CI091,1972,6,CIENCIAS SOCIALES,75,3,300,91.48,0.0200,text_detected,,,,textual,high,OCR_TEXT_RICH,text_rich,PAGESTRUCT_LTMD_U1_W4_SOCIAL_SCIENCES_0.1
U1-H1972P6CI091-P076,H1972P6CI091,1972,6,CIENCIAS SOCIALES,76,3,301,91.81,0.0266,text_detected,,,,textual,high,OCR_TEXT_RICH,text_rich,PAGESTRUCT_LTMD_U1_W4_SOCIAL_SCIENCES_0.1
U1-H1972P6CI091-P077,H1972P6CI091,1972,6,CIENCIAS SOCIALES,77,3,314,90.36,0.0510,text_detected,,,,textual,high,OCR_TEXT_RICH,text_rich,PAGESTRUCT_LTMD_U1_W4_SOCIAL_SCIENCES_0.1
U1-H1972P6CI091-P078,H1972P6CI091,1972,6,CIENCIAS SOCIALES,78,3,43,80.51,0.1163,text_detected,,,,mixed_text_image,medium,OCR_MODERATE_TEXT,text_present,PAGESTRUCT_LTMD_U1_W4_SOCIAL_SCIENCES_0.1
U1-H1972P6CI091-P079,H1972P6CI091,1972,6,CIENCIAS SOCIALES,79,6,33,27.58,0.9697,text_detected,,,,visual_only,high,OCR_VISUAL_NOISE,fallback_psm;visual_noise,PAGESTRUCT_LTMD_U1_W4_SOCIAL_SCIENCES_0.1
U1-H1972P6CI091-P080,H1972P6CI091,1972,6,CIENCIAS SOCIALES,80,3,50,36.88,0.7800,text_detected,,,,unknown,low,CONSERVATIVE_UNKNOWN,,PAGESTRUCT_LTMD_U1_W4_SOCIAL_SCIENCES_0.1
U1-H1972P6CI091-P081,H1972P6CI091,1972,6,CIENCIAS SOCIALES,81,11,11,53.35,0.4545,text_detected,,,,unknown,low,CONSERVATIVE_UNKNOWN,fallback_psm,PAGESTRUCT_LTMD_U1_W4_SOCIAL_SCIENCES_0.1
U1-H1972P6CI091-P082,H1972P6CI091,1972,6,CIENCIAS SOCIALES,82,3,317,90.84,0.0347,text_detected,,,,textual,high,OCR_TEXT_RICH,text_rich,PAGESTRUCT_LTMD_U1_W4_SOCIAL_SCIENCES_0.1
U1-H1972P6CI091-P083,H1972P6CI091,1972,6,CIENCIAS SOCIALES,83,3,327,92.01,0.0245,text_detected,,,,textual,high,OCR_TEXT_RICH,text_rich,PAGESTRUCT_LTMD_U1_W4_SOCIAL_SCIENCES_0.1
U1-H1972P6CI091-P084,H1972P6CI091,1972,6,CIENCIAS SOCIALES,84,3,316,92.07,0.0158,text_detected,,,,textual,high,OCR_TEXT_RICH,text_rich,PAGESTRUCT_LTMD_U1_W4_SOCIAL_SCIENCES_0.1
U1-H1972P6CI091-P085,H1972P6CI091,1972,6,CIENCIAS SOCIALES,85,3,315,90.27,0.0349,text_detected,,,,textual,high,OCR_TEXT_RICH,text_rich,PAGESTRUCT_LTMD_U1_W4_SOCIAL_SCIENCES_0.1
U1-H1972P6CI091-P086,H1972P6CI091,1972,6,CIENCIAS SOCIALES,86,3,287,88.95,0.0557,text_detected,,,,textual,high,OCR_TEXT_RICH,text_rich,PAGESTRUCT_LTMD_U1_W4_SOCIAL_SCIENCES_0.1
U1-H1972P6CI091-P087,H1972P6CI091,1972,6,CIENCIAS SOCIALES,87,3,265,91.20,0.0151,text_detected,,,,textual,high,OCR_TEXT_RICH,text_rich,PAGESTRUCT_LTMD_U1_W4_SOCIAL_SCIENCES_0.1
U1-H1972P6CI091-P088,H1972P6CI091,1972,6,CIENCIAS SOCIALES,88,3,176,87.64,0.0795,text_detected,,,,textual,high,OCR_TEXT_RICH,text_rich,PAGESTRUCT_LTMD_U1_W4_SOCIAL_SCIENCES_0.1
U1-H1972P6CI091-P089,H1972P6CI091,1972,6,CIENCIAS SOCIALES,89,3,391,91.75,0.0256,text_detected,,,,textual,high,OCR_TEXT_RICH,text_rich,PAGESTRUCT_LTMD_U1_W4_SOCIAL_SCIENCES_0.1
U1-H1972P6CI091-P090,H1972P6CI091,1972,6,CIENCIAS SOCIALES,90,3,318,92.18,0.0094,text_detected,,,,textual,high,OCR_TEXT_RICH,text_rich,PAGESTRUCT_LTMD_U1_W4_SOCIAL_SCIENCES_0.1
U1-H1972P6CI091-P091,H1972P6CI091,1972,6,CIENCIAS SOCIALES,91,3,183,89.87,0.0601,text_detected,,,,textual,high,OCR_TEXT_RICH,text_rich,PAGESTRUCT_LTMD_U1_W4_SOCIAL_SCIENCES_0.1
U1-H1972P6CI091-P092,H1972P6CI091,1972,6,CIENCIAS SOCIALES,92,3,235,91.87,0.0128,text_detected,,,,textual,high,OCR_TEXT_RICH,text_rich,PAGESTRUCT_LTMD_U1_W4_SOCIAL_SCIENCES_0.1
U1-H1972P6CI091-P093,H1972P6CI091,1972,6,CIENCIAS SOCIALES,93,3,247,90.10,0.0405,text_detected,,,,textual,high,OCR_TEXT_RICH,text_rich,PAGESTRUCT_LTMD_U1_W4_SOCIAL_SCIENCES_0.1
U1-H1972P6CI091-P094,H1972P6CI091,1972,6,CIENCIAS SOCIALES,94,3,311,93.04,0.0193,text_detected,,,,textual,high,OCR_TEXT_RICH,text_rich,PAGESTRUCT_LTMD_U1_W4_SOCIAL_SCIENCES_0.1
U1-H1972P6CI091-P095,H1972P6CI091,1972,6,CIENCIAS SOCIALES,95,3,143,92.37,0.0210,text_detected,,,,textual,high,OCR_TEXT_RICH,text_rich,PAGESTRUCT_LTMD_U1_W4_SOCIAL_SCIENCES_0.1
U1-H1972P6CI091-P096,H1972P6CI091,1972,6,CIENCIAS SOCIALES,96,3,260,91.39,0.0231,text_detected,,,,textual,high,OCR_TEXT_RICH,text_rich,PAGESTRUCT_LTMD_U1_W4_SOCIAL_SCIENCES_0.1
U1-H1972P6CI091-P097,H1972P6CI091,1972,6,CIENCIAS SOCIALES,97,3,291,91.57,0.0275,text_detected,,,,textual,high,OCR_TEXT_RICH,text_rich,PAGESTRUCT_LTMD_U1_W4_SOCIAL_SCIENCES_0.1
U1-H1972P6CI091-P098,H1972P6CI091,1972,6,CIENCIAS SOCIALES,98,3,272,91.04,0.0404,text_detected,,,,textual,high,OCR_TEXT_RICH,text_rich,PAGESTRUCT_LTMD_U1_W4_SOCIAL_SCIENCES_0.1
U1-H1972P6CI091-P099,H1972P6CI091,1972,6,CIENCIAS SOCIALES,99,3,357,91.22,0.0224,text_detected,,,,textual,high,OCR_TEXT_RICH,text_rich,PAGESTRUCT_LTMD_U1_W4_SOCIAL_SCIENCES_0.1
U1-H1972P6CI091-P100,H1972P6CI091,1972,6,CIENCIAS SOCIALES,100,6,30,33.01,0.9000,text_detected,,,,visual_only,high,OCR_VISUAL_NOISE,fallback_psm;visual_noise,PAGESTRUCT_LTMD_U1_W4_SOCIAL_SCIENCES_0.1
U1-H1972P6CI091-P101,H1972P6CI091,1972,6,CIENCIAS SOCIALES,101,3,4,94.03,0.0000,text_detected,,,,mixed_text_image,low,OCR_SPARSE_HIGH_CONF,,PAGESTRUCT_LTMD_U1_W4_SOCIAL_SCIENCES_0.1
U1-H1972P6CI091-P102,H1972P6CI091,1972,6,CIENCIAS SOCIALES,102,3,324,89.16,0.0556,text_detected,,,,textual,high,OCR_TEXT_RICH,text_rich,PAGESTRUCT_LTMD_U1_W4_SOCIAL_SCIENCES_0.1
U1-H1972P6CI091-P103,H1972P6CI091,1972,6,CIENCIAS SOCIALES,103,3,335,91.83,0.0358,text_detected,,,,textual,high,OCR_TEXT_RICH,text_rich,PAGESTRUCT_LTMD_U1_W4_SOCIAL_SCIENCES_0.1
U1-H1972P6CI091-P104,H1972P6CI091,1972,6,CIENCIAS SOCIALES,104,3,286,92.25,0.0210,text_detected,,,,textual,high,OCR_TEXT_RICH,text_rich,PAGESTRUCT_LTMD_U1_W4_SOCIAL_SCIENCES_0.1
U1-H1972P6CI091-P105,H1972P6CI091,1972,6,CIENCIAS SOCIALES,105,3,344,91.21,0.0378,text_detected,,,,textual,high,OCR_TEXT_RICH,text_rich,PAGESTRUCT_LTMD_U1_W4_SOCIAL_SCIENCES_0.1
U1-H1972P6CI091-P106,H1972P6CI091,1972,6,CIENCIAS SOCIALES,106,3,312,92.42,0.0224,text_detected,,,,textual,high,OCR_TEXT_RICH,text_rich,PAGESTRUCT_LTMD_U1_W4_SOCIAL_SCIENCES_0.1
U1-H1972P6CI091-P107,H1972P6CI091,1972,6,CIENCIAS SOCIALES,107,3,312,92.55,0.0096,text_detected,,,,textual,high,OCR_TEXT_RICH,text_rich,PAGESTRUCT_LTMD_U1_W4_SOCIAL_SCIENCES_0.1
U1-H1972P6CI091-P108,H1972P6CI091,1972,6,CIENCIAS SOCIALES,108,3,376,90.57,0.0399,text_detected,,,,textual,high,OCR_TEXT_RICH,text_rich,PAGESTRUCT_LTMD_U1_W4_SOCIAL_SCIENCES_0.1
U1-H1972P6CI091-P109,H1972P6CI091,1972,6,CIENCIAS SOCIALES,109,3,359,91.93,0.0223,text_detected,,,,textual,high,OCR_TEXT_RICH,text_rich,PAGESTRUCT_LTMD_U1_W4_SOCIAL_SCIENCES_0.1
U1-H1972P6CI091-P110,H1972P6CI091,1972,6,CIENCIAS SOCIALES,110,3,346,92.14,0.0231,text_detected,,,,textual,high,OCR_TEXT_RICH,text_rich,PAGESTRUCT_LTMD_U1_W4_SOCIAL_SCIENCES_0.1
U1-H1972P6CI091-P111,H1972P6CI091,1972,6,CIENCIAS SOCIALES,111,3,122,91.39,0.0328,text_detected,,,,textual,high,OCR_TEXT_RICH,text_rich,PAGESTRUCT_LTMD_U1_W4_SOCIAL_SCIENCES_0.1
U1-H1972P6CI091-P112,H1972P6CI091,1972,6,CIENCIAS SOCIALES,112,3,321,93.27,0.0062,text_detected,,,,textual,high,OCR_TEXT_RICH,text_rich,PAGESTRUCT_LTMD_U1_W4_SOCIAL_SCIENCES_0.1
U1-H1972P6CI091-P113,H1972P6CI091,1972,6,CIENCIAS SOCIALES,113,3,138,89.61,0.0580,text_detected,,,,textual,high,OCR_TEXT_RICH,text_rich,PAGESTRUCT_LTMD_U1_W4_SOCIAL_SCIENCES_0.1
U1-H1972P6CI091-P114,H1972P6CI091,1972,6,CIENCIAS SOCIALES,114,3,327,91.15,0.0214,text_detected,,,,textual,high,OCR_TEXT_RICH,text_rich,PAGESTRUCT_LTMD_U1_W4_SOCIAL_SCIENCES_0.1
U1-H1972P6CI091-P115,H1972P6CI091,1972,6,CIENCIAS SOCIALES,115,3,297,89.96,0.0303,text_detected,,,,textual,high,OCR_TEXT_RICH,text_rich,PAGESTRUCT_LTMD_U1_W4_SOCIAL_SCIENCES_0.1
U1-H1972P6CI091-P116,H1972P6CI091,1972,6,CIENCIAS SOCIALES,116,3,347,89.75,0.0490,text_detected,,,,textual,high,OCR_TEXT_RICH,text_rich,PAGESTRUCT_LTMD_U1_W4_SOCIAL_SCIENCES_0.1
U1-H1972P6CI091-P117,H1972P6CI091,1972,6,CIENCIAS SOCIALES,117,3,434,91.63,0.0276,text_detected,,,,textual,high,OCR_TEXT_RICH,text_rich,PAGESTRUCT_LTMD_U1_W4_SOCIAL_SCIENCES_0.1
U1-H1972P6CI091-P118,H1972P6CI091,1972,6,CIENCIAS SOCIALES,118,,0,,1.0000,no_text_detected,,,,visual_only,high,OCR_VISUAL_NOISE,visual_noise,PAGESTRUCT_LTMD_U1_W4_SOCIAL_SCIENCES_0.1
U1-H1972P6CI091-P119,H1972P6CI091,1972,6,CIENCIAS SOCIALES,119,3,5,72.61,0.4000,text_detected,,,,unknown,low,CONSERVATIVE_UNKNOWN,,PAGESTRUCT_LTMD_U1_W4_SOCIAL_SCIENCES_0.1
U1-H1972P6CI091-P120,H1972P6CI091,1972,6,CIENCIAS SOCIALES,120,3,234,90.46,0.0470,text_detected,,,,textual,high,OCR_TEXT_RICH,text_rich,PAGESTRUCT_LTMD_U1_W4_SOCIAL_SCIENCES_0.1
U1-H1972P6CI091-P121,H1972P6CI091,1972,6,CIENCIAS SOCIALES,121,3,322,91.63,0.0248,text_detected,,,,textual,high,OCR_TEXT_RICH,text_rich,PAGESTRUCT_LTMD_U1_W4_SOCIAL_SCIENCES_0.1
U1-H1972P6CI091-P122,H1972P6CI091,1972,6,CIENCIAS SOCIALES,122,3,242,90.53,0.0372,text_detected,,,,textual,high,OCR_TEXT_RICH,text_rich,PAGESTRUCT_LTMD_U1_W4_SOCIAL_SCIENCES_0.1
U1-H1972P6CI091-P123,H1972P6CI091,1972,6,CIENCIAS SOCIALES,123,3,249,90.51,0.0281,text_detected,,,,textual,high,OCR_TEXT_RICH,text_rich,PAGESTRUCT_LTMD_U1_W4_SOCIAL_SCIENCES_0.1
U1-H1972P6CI091-P124,H1972P6CI091,1972,6,CIENCIAS SOCIALES,124,3,286,91.58,0.0210,text_detected,,,,textual,high,OCR_TEXT_RICH,text_rich,PAGESTRUCT_LTMD_U1_W4_SOCIAL_SCIENCES_0.1
U1-H1972P6CI091-P125,H1972P6CI091,1972,6,CIENCIAS SOCIALES,125,3,246,89.89,0.0366,text_detected,,,,textual,high,OCR_TEXT_RICH,text_rich,PAGESTRUCT_LTMD_U1_W4_SOCIAL_SCIENCES_0.1
U1-H1972P6CI091-P126,H1972P6CI091,1972,6,CIENCIAS SOCIALES,126,3,330,89.04,0.0576,text_detected,,,,textual,high,OCR_TEXT_RICH,text_rich,PAGESTRUCT_LTMD_U1_W4_SOCIAL_SCIENCES_0.1
U1-H1972P6CI091-P127,H1972P6CI091,1972,6,CIENCIAS SOCIALES,127,3,328,90.97,0.0335,text_detected,,,,textual,high,OCR_TEXT_RICH,text_rich,PAGESTRUCT_LTMD_U1_W4_SOCIAL_SCIENCES_0.1
U1-H1972P6CI091-P128,H1972P6CI091,1972,6,CIENCIAS SOCIALES,128,3,365,90.19,0.0384,text_detected,,,,textual,high,OCR_TEXT_RICH,text_rich,PAGESTRUCT_LTMD_U1_W4_SOCIAL_SCIENCES_0.1
U1-H1972P6CI091-P129,H1972P6CI091,1972,6,CIENCIAS SOCIALES,129,3,250,89.53,0.0520,text_detected,,,,textual,high,OCR_TEXT_RICH,text_rich,PAGESTRUCT_LTMD_U1_W4_SOCIAL_SCIENCES_0.1
U1-H1972P6CI091-P130,H1972P6CI091,1972,6,CIENCIAS SOCIALES,130,3,251,89.87,0.0398,text_detected,,,,textual,high,OCR_TEXT_RICH,text_rich,PAGESTRUCT_LTMD_U1_W4_SOCIAL_SCIENCES_0.1
U1-H1972P6CI091-P131,H1972P6CI091,1972,6,CIENCIAS SOCIALES,131,3,395,88.90,0.0582,text_detected,,,,textual,high,OCR_TEXT_RICH,text_rich,PAGESTRUCT_LTMD_U1_W4_SOCIAL_SCIENCES_0.1
U1-H1972P6CI091-P132,H1972P6CI091,1972,6,CIENCIAS SOCIALES,132,3,385,91.75,0.0286,text_detected,,,,textual,high,OCR_TEXT_RICH,text_rich,PAGESTRUCT_LTMD_U1_W4_SOCIAL_SCIENCES_0.1
U1-H1972P6CI091-P133,H1972P6CI091,1972,6,CIENCIAS SOCIALES,133,3,294,91.47,0.0272,text_detected,,,,textual,high,OCR_TEXT_RICH,text_rich,PAGESTRUCT_LTMD_U1_W4_SOCIAL_SCIENCES_0.1
U1-H1972P6CI091-P134,H1972P6CI091,1972,6,CIENCIAS SOCIALES,134,3,262,92.56,0.0229,text_detected,,,,textual,high,OCR_TEXT_RICH,text_rich,PAGESTRUCT_LTMD_U1_W4_SOCIAL_SCIENCES_0.1
U1-H1972P6CI091-P135,H1972P6CI091,1972,6,CIENCIAS SOCIALES,135,3,259,86.85,0.0772,text_detected,,,,textual,high,OCR_TEXT_RICH,text_rich,PAGESTRUCT_LTMD_U1_W4_SOCIAL_SCIENCES_0.1
U1-H1972P6CI091-P136,H1972P6CI091,1972,6,CIENCIAS SOCIALES,136,3,207,91.41,0.0242,text_detected,,,,textual,high,OCR_TEXT_RICH,text_rich,PAGESTRUCT_LTMD_U1_W4_SOCIAL_SCIENCES_0.1
U1-H1972P6CI091-P137,H1972P6CI091,1972,6,CIENCIAS SOCIALES,137,3,318,91.74,0.0220,text_detected,,,,textual,high,OCR_TEXT_RICH,text_rich,PAGESTRUCT_LTMD_U1_W4_SOCIAL_SCIENCES_0.1
U1-H1972P6CI091-P138,H1972P6CI091,1972,6,CIENCIAS SOCIALES,138,3,242,90.79,0.0248,text_detected,,,,textual,high,OCR_TEXT_RICH,text_rich,PAGESTRUCT_LTMD_U1_W4_SOCIAL_SCIENCES_0.1
U1-H1972P6CI091-P139,H1972P6CI091,1972,6,CIENCIAS SOCIALES,139,3,252,89.31,0.0476,text_detected,,,,textual,high,OCR_TEXT_RICH,text_rich,PAGESTRUCT_LTMD_U1_W4_SOCIAL_SCIENCES_0.1
U1-H1972P6CI091-P140,H1972P6CI091,1972,6,CIENCIAS SOCIALES,140,6,36,32.63,0.8889,text_detected,,,,visual_only,high,OCR_VISUAL_NOISE,fallback_psm;visual_noise,PAGESTRUCT_LTMD_U1_W4_SOCIAL_SCIENCES_0.1
U1-H1972P6CI091-P141,H1972P6CI091,1972,6,CIENCIAS SOCIALES,141,3,2,56.24,0.5000,text_detected,,,,unknown,low,CONSERVATIVE_UNKNOWN,,PAGESTRUCT_LTMD_U1_W4_SOCIAL_SCIENCES_0.1
U1-H1972P6CI091-P142,H1972P6CI091,1972,6,CIENCIAS SOCIALES,142,3,123,89.96,0.0325,text_detected,,,,textual,high,OCR_TEXT_RICH,text_rich,PAGESTRUCT_LTMD_U1_W4_SOCIAL_SCIENCES_0.1
U1-H1972P6CI091-P143,H1972P6CI091,1972,6,CIENCIAS SOCIALES,143,3,286,88.87,0.0490,text_detected,,,,textual,high,OCR_TEXT_RICH,text_rich,PAGESTRUCT_LTMD_U1_W4_SOCIAL_SCIENCES_0.1
U1-H1972P6CI091-P144,H1972P6CI091,1972,6,CIENCIAS SOCIALES,144,3,297,91.23,0.0303,text_detected,,,,textual,high,OCR_TEXT_RICH,text_rich,PAGESTRUCT_LTMD_U1_W4_SOCIAL_SCIENCES_0.1
U1-H1972P6CI091-P145,H1972P6CI091,1972,6,CIENCIAS SOCIALES,145,3,153,88.02,0.0523,text_detected,,,,textual,high,OCR_TEXT_RICH,text_rich,PAGESTRUCT_LTMD_U1_W4_SOCIAL_SCIENCES_0.1
U1-H1972P6CI091-P146,H1972P6CI091,1972,6,CIENCIAS SOCIALES,146,3,319,88.11,0.0533,text_detected,,,,textual,high,OCR_TEXT_RICH,text_rich,PAGESTRUCT_LTMD_U1_W4_SOCIAL_SCIENCES_0.1
U1-H1972P6CI091-P147,H1972P6CI091,1972,6,CIENCIAS SOCIALES,147,3,325,88.28,0.0523,text_detected,,,,textual,high,OCR_TEXT_RICH,text_rich,PAGESTRUCT_LTMD_U1_W4_SOCIAL_SCIENCES_0.1
U1-H1972P6CI091-P148,H1972P6CI091,1972,6,CIENCIAS SOCIALES,148,3,375,89.01,0.0533,text_detected,,,,textual,high,OCR_TEXT_RICH,text_rich,PAGESTRUCT_LTMD_U1_W4_SOCIAL_SCIENCES_0.1
U1-H1972P6CI091-P149,H1972P6CI091,1972,6,CIENCIAS SOCIALES,149,3,362,89.89,0.0331,text_detected,,,,textual,high,OCR_TEXT_RICH,text_rich,PAGESTRUCT_LTMD_U1_W4_SOCIAL_SCIENCES_0.1
U1-H1972P6CI091-P150,H1972P6CI091,1972,6,CIENCIAS SOCIALES,150,3,25,32.17,0.8000,text_detected,,,,unknown,low,CONSERVATIVE_UNKNOWN,,PAGESTRUCT_LTMD_U1_W4_SOCIAL_SCIENCES_0.1
U1-H1972P6CI091-P151,H1972P6CI091,1972,6,CIENCIAS SOCIALES,151,3,53,32.22,0.8868,text_detected,,,,unknown,low,CONSERVATIVE_UNKNOWN,,PAGESTRUCT_LTMD_U1_W4_SOCIAL_SCIENCES_0.1
U1-H1972P6CI091-P152,H1972P6CI091,1972,6,CIENCIAS SOCIALES,152,3,360,78.33,0.2139,text_detected,,,,textual,high,OCR_TEXT_RICH,text_rich,PAGESTRUCT_LTMD_U1_W4_SOCIAL_SCIENCES_0.1
U1-H1972P6CI091-P153,H1972P6CI091,1972,6,CIENCIAS SOCIALES,153,3,294,87.51,0.0680,text_detected,,,,textual,high,OCR_TEXT_RICH,text_rich,PAGESTRUCT_LTMD_U1_W4_SOCIAL_SCIENCES_0.1
U1-H1972P6CI091-P154,H1972P6CI091,1972,6,CIENCIAS SOCIALES,154,3,287,89.73,0.0383,text_detected,,,,textual,high,OCR_TEXT_RICH,text_rich,PAGESTRUCT_LTMD_U1_W4_SOCIAL_SCIENCES_0.1
U1-H1972P6CI091-P155,H1972P6CI091,1972,6,CIENCIAS SOCIALES,155,3,20,86.56,0.0500,text_detected,,,,mixed_text_image,medium,OCR_MODERATE_TEXT,text_present,PAGESTRUCT_LTMD_U1_W4_SOCIAL_SCIENCES_0.1
U1-H1972P6CI091-P156,H1972P6CI091,1972,6,CIENCIAS SOCIALES,156,3,327,89.87,0.0398,text_detected,,,,textual,high,OCR_TEXT_RICH,text_rich,PAGESTRUCT_LTMD_U1_W4_SOCIAL_SCIENCES_0.1
U1-H1972P6CI091-P157,H1972P6CI091,1972,6,CIENCIAS SOCIALES,157,3,334,89.83,0.0479,text_detected,,,,textual,high,OCR_TEXT_RICH,text_rich,PAGESTRUCT_LTMD_U1_W4_SOCIAL_SCIENCES_0.1
U1-H1972P6CI091-P158,H1972P6CI091,1972,6,CIENCIAS SOCIALES,158,3,332,89.64,0.0331,text_detected,,,,textual,high,OCR_TEXT_RICH,text_rich,PAGESTRUCT_LTMD_U1_W4_SOCIAL_SCIENCES_0.1
U1-H1972P6CI091-P159,H1972P6CI091,1972,6,CIENCIAS SOCIALES,159,3,369,90.34,0.0379,text_detected,,,,textual,high,OCR_TEXT_RICH,text_rich,PAGESTRUCT_LTMD_U1_W4_SOCIAL_SCIENCES_0.1
U1-H1972P6CI091-P160,H1972P6CI091,1972,6,CIENCIAS SOCIALES,160,3,284,90.81,0.0246,text_detected,,,,textual,high,OCR_TEXT_RICH,text_rich,PAGESTRUCT_LTMD_U1_W4_SOCIAL_SCIENCES_0.1
U1-H1972P6CI091-P161,H1972P6CI091,1972,6,CIENCIAS SOCIALES,161,3,268,90.93,0.0336,text_detected,,,,textual,high,OCR_TEXT_RICH,text_rich,PAGESTRUCT_LTMD_U1_W4_SOCIAL_SCIENCES_0.1
U1-H1972P6CI091-P162,H1972P6CI091,1972,6,CIENCIAS SOCIALES,162,3,115,91.79,0.0348,text_detected,,,,mixed_text_image,medium,OCR_MODERATE_TEXT,text_present,PAGESTRUCT_LTMD_U1_W4_SOCIAL_SCIENCES_0.1
U1-H1972P6CI091-P163,H1972P6CI091,1972,6,CIENCIAS SOCIALES,163,3,119,90.72,0.0252,text_detected,,,,mixed_text_image,medium,OCR_MODERATE_TEXT,text_present,PAGESTRUCT_LTMD_U1_W4_SOCIAL_SCIENCES_0.1
U1-H1972P6CI091-P164,H1972P6CI091,1972,6,CIENCIAS SOCIALES,164,,3,21.73,1.0000,no_text_detected,,,,visual_only,high,OCR_VISUAL_NOISE,visual_noise,PAGESTRUCT_LTMD_U1_W4_SOCIAL_SCIENCES_0.1
U1-H1972P6CI091-P165,H1972P6CI091,1972,6,CIENCIAS SOCIALES,165,3,9,46.58,0.7778,text_detected,,,,unknown,low,CONSERVATIVE_UNKNOWN,,PAGESTRUCT_LTMD_U1_W4_SOCIAL_SCIENCES_0.1
U1-H1972P6CI091-P166,H1972P6CI091,1972,6,CIENCIAS SOCIALES,166,3,239,90.49,0.0335,text_detected,,,,textual,high,OCR_TEXT_RICH,text_rich,PAGESTRUCT_LTMD_U1_W4_SOCIAL_SCIENCES_0.1
U1-H1972P6CI091-P167,H1972P6CI091,1972,6,CIENCIAS SOCIALES,167,3,295,90.72,0.0339,text_detected,,,,textual,high,OCR_TEXT_RICH,text_rich,PAGESTRUCT_LTMD_U1_W4_SOCIAL_SCIENCES_0.1
U1-H1972P6CI091-P168,H1972P6CI091,1972,6,CIENCIAS SOCIALES,168,3,356,89.56,0.0421,text_detected,,,,textual,high,OCR_TEXT_RICH,text_rich,PAGESTRUCT_LTMD_U1_W4_SOCIAL_SCIENCES_0.1
U1-H1972P6CI091-P169,H1972P6CI091,1972,6,CIENCIAS SOCIALES,169,3,350,88.17,0.0686,text_detected,,,,textual,high,OCR_TEXT_RICH,text_rich,PAGESTRUCT_LTMD_U1_W4_SOCIAL_SCIENCES_0.1
U1-H1972P6CI091-P170,H1972P6CI091,1972,6,CIENCIAS SOCIALES,170,3,509,90.18,0.0472,text_detected,,,,textual,high,OCR_TEXT_RICH,text_rich,PAGESTRUCT_LTMD_U1_W4_SOCIAL_SCIENCES_0.1
U1-H1972P6CI091-P171,H1972P6CI091,1972,6,CIENCIAS SOCIALES,171,3,174,90.11,0.0345,text_detected,,,,textual,high,OCR_TEXT_RICH,text_rich,PAGESTRUCT_LTMD_U1_W4_SOCIAL_SCIENCES_0.1
U1-H1972P6CI091-P172,H1972P6CI091,1972,6,CIENCIAS SOCIALES,172,3,334,91.75,0.0299,text_detected,,,,textual,high,OCR_TEXT_RICH,text_rich,PAGESTRUCT_LTMD_U1_W4_SOCIAL_SCIENCES_0.1
U1-H1972P6CI091-P173,H1972P6CI091,1972,6,CIENCIAS SOCIALES,173,3,338,91.62,0.0266,text_detected,,,,textual,high,OCR_TEXT_RICH,text_rich,PAGESTRUCT_LTMD_U1_W4_SOCIAL_SCIENCES_0.1
U1-H1972P6CI091-P174,H1972P6CI091,1972,6,CIENCIAS SOCIALES,174,3,115,91.77,0.0348,text_detected,,,,mixed_text_image,medium,OCR_MODERATE_TEXT,text_present,PAGESTRUCT_LTMD_U1_W4_SOCIAL_SCIENCES_0.1
U1-H1972P6CI091-P175,H1972P6CI091,1972,6,CIENCIAS SOCIALES,175,3,266,92.60,0.0075,text_detected,,,,textual,high,OCR_TEXT_RICH,text_rich,PAGESTRUCT_LTMD_U1_W4_SOCIAL_SCIENCES_0.1
U1-H1972P6CI091-P176,H1972P6CI091,1972,6,CIENCIAS SOCIALES,176,3,270,89.40,0.0519,text_detected,,,,textual,high,OCR_TEXT_RICH,text_rich,PAGESTRUCT_LTMD_U1_W4_SOCIAL_SCIENCES_0.1
U1-H1972P6CI091-P177,H1972P6CI091,1972,6,CIENCIAS SOCIALES,177,3,295,89.49,0.0373,text_detected,,,,textual,high,OCR_TEXT_RICH,text_rich,PAGESTRUCT_LTMD_U1_W4_SOCIAL_SCIENCES_0.1
U1-H1972P6CI091-P178,H1972P6CI091,1972,6,CIENCIAS SOCIALES,178,3,221,91.94,0.0226,text_detected,,,,textual,high,OCR_TEXT_RICH,text_rich,PAGESTRUCT_LTMD_U1_W4_SOCIAL_SCIENCES_0.1
U1-H1972P6CI091-P179,H1972P6CI091,1972,6,CIENCIAS SOCIALES,179,3,29,33.80,0.7586,text_detected,,,,unknown,low,CONSERVATIVE_UNKNOWN,,PAGESTRUCT_LTMD_U1_W4_SOCIAL_SCIENCES_0.1
U1-H1972P6CI091-P180,H1972P6CI091,1972,6,CIENCIAS SOCIALES,180,3,3,48.44,0.6667,text_detected,,,,visual_only,medium,OCR_VISUAL_NOISE,visual_noise,PAGESTRUCT_LTMD_U1_W4_SOCIAL_SCIENCES_0.1
U1-H1972P6CI091-P181,H1972P6CI091,1972,6,CIENCIAS SOCIALES,181,3,227,86.68,0.1013,text_detected,,,,textual,high,OCR_TEXT_RICH,text_rich,PAGESTRUCT_LTMD_U1_W4_SOCIAL_SCIENCES_0.1
U1-H1972P6CI091-P182,H1972P6CI091,1972,6,CIENCIAS SOCIALES,182,3,365,92.99,0.0110,text_detected,,,,textual,high,OCR_TEXT_RICH,text_rich,PAGESTRUCT_LTMD_U1_W4_SOCIAL_SCIENCES_0.1
U1-H1972P6CI091-P183,H1972P6CI091,1972,6,CIENCIAS SOCIALES,183,3,321,90.50,0.0405,text_detected,,,,textual,high,OCR_TEXT_RICH,text_rich,PAGESTRUCT_LTMD_U1_W4_SOCIAL_SCIENCES_0.1
U1-H1972P6CI091-P184,H1972P6CI091,1972,6,CIENCIAS SOCIALES,184,3,384,91.59,0.0208,text_detected,,,,textual,high,OCR_TEXT_RICH,text_rich,PAGESTRUCT_LTMD_U1_W4_SOCIAL_SCIENCES_0.1
U1-H1972P6CI091-P185,H1972P6CI091,1972,6,CIENCIAS SOCIALES,185,3,278,90.72,0.0252,text_detected,,,,textual,high,OCR_TEXT_RICH,text_rich,PAGESTRUCT_LTMD_U1_W4_SOCIAL_SCIENCES_0.1
U1-H1972P6CI091-P186,H1972P6CI091,1972,6,CIENCIAS SOCIALES,186,3,306,93.35,0.0098,text_detected,,,,textual,high,OCR_TEXT_RICH,text_rich,PAGESTRUCT_LTMD_U1_W4_SOCIAL_SCIENCES_0.1
U1-H1972P6CI091-P187,H1972P6CI091,1972,6,CIENCIAS SOCIALES,187,3,266,90.36,0.0414,text_detected,,,,textual,high,OCR_TEXT_RICH,text_rich,PAGESTRUCT_LTMD_U1_W4_SOCIAL_SCIENCES_0.1
U1-H1972P6CI091-P188,H1972P6CI091,1972,6,CIENCIAS SOCIALES,188,3,342,90.77,0.0322,text_detected,,,,textual,high,OCR_TEXT_RICH,text_rich,PAGESTRUCT_LTMD_U1_W4_SOCIAL_SCIENCES_0.1
U1-H1972P6CI091-P189,H1972P6CI091,1972,6,CIENCIAS SOCIALES,189,3,323,91.09,0.0248,text_detected,,,,textual,high,OCR_TEXT_RICH,text_rich,PAGESTRUCT_LTMD_U1_W4_SOCIAL_SCIENCES_0.1
U1-H1972P6CI091-P190,H1972P6CI091,1972,6,CIENCIAS SOCIALES,190,3,282,90.63,0.0355,text_detected,,,,textual,high,OCR_TEXT_RICH,text_rich,PAGESTRUCT_LTMD_U1_W4_SOCIAL_SCIENCES_0.1
U1-H1972P6CI091-P191,H1972P6CI091,1972,6,CIENCIAS SOCIALES,191,3,318,91.19,0.0314,text_detected,,,,textual,high,OCR_TEXT_RICH,text_rich,PAGESTRUCT_LTMD_U1_W4_SOCIAL_SCIENCES_0.1
U1-H1972P6CI091-P192,H1972P6CI091,1972,6,CIENCIAS SOCIALES,192,3,328,90.89,0.0335,text_detected,,,,textual,high,OCR_TEXT_RICH,text_rich,PAGESTRUCT_LTMD_U1_W4_SOCIAL_SCIENCES_0.1
U1-H1972P6CI091-P193,H1972P6CI091,1972,6,CIENCIAS SOCIALES,193,3,310,91.54,0.0290,text_detected,,,,textual,high,OCR_TEXT_RICH,text_rich,PAGESTRUCT_LTMD_U1_W4_SOCIAL_SCIENCES_0.1
U1-H1972P6CI091-P194,H1972P6CI091,1972,6,CIENCIAS SOCIALES,194,3,345,93.26,0.0174,text_detected,,,,textual,high,OCR_TEXT_RICH,text_rich,PAGESTRUCT_LTMD_U1_W4_SOCIAL_SCIENCES_0.1
U1-H1972P6CI091-P195,H1972P6CI091,1972,6,CIENCIAS SOCIALES,195,3,405,92.30,0.0148,text_detected,0,0,0,textual,high,OCR_TEXT_RICH,end_zone;text_rich,PAGESTRUCT_LTMD_U1_W4_SOCIAL_SCIENCES_0.1
U1-H1972P6CI091-P196,H1972P6CI091,1972,6,CIENCIAS SOCIALES,196,11,40,37.76,0.8250,text_detected,0,0,0,visual_only,high,OCR_VISUAL_NOISE,end_zone;fallback_psm;visual_noise,PAGESTRUCT_LTMD_U1_W4_SOCIAL_SCIENCES_0.1
U1-H1972P6CI091-P197,H1972P6CI091,1972,6,CIENCIAS SOCIALES,197,6,52,31.96,0.8462,text_detected,0,0,0,visual_only,high,OCR_VISUAL_NOISE,end_zone;fallback_psm;visual_noise,PAGESTRUCT_LTMD_U1_W4_SOCIAL_SCIENCES_0.1
U1-H1972P6CI091-P198,H1972P6CI091,1972,6,CIENCIAS SOCIALES,198,3,14,46.21,0.6429,text_detected,0,0,0,unknown,low,CONSERVATIVE_UNKNOWN,end_zone,PAGESTRUCT_LTMD_U1_W4_SOCIAL_SCIENCES_0.1
U1-H1972P6CI091-P199,H1972P6CI091,1972,6,CIENCIAS SOCIALES,199,6,39,27.23,0.9231,text_detected,0,0,0,visual_only,high,OCR_VISUAL_NOISE,end_zone;fallback_psm;visual_noise,PAGESTRUCT_LTMD_U1_W4_SOCIAL_SCIENCES_0.1
U1-H1972P6CI091-P200,H1972P6CI091,1972,6,CIENCIAS SOCIALES,200,3,5,77.60,0.2000,text_detected,0,0,0,mixed_text_image,low,OCR_SPARSE_HIGH_CONF,end_zone,PAGESTRUCT_LTMD_U1_W4_SOCIAL_SCIENCES_0.1
U1-H1972P6CI091-P201,H1972P6CI091,1972,6,CIENCIAS SOCIALES,201,6,35,35.82,0.8857,text_detected,0,0,0,visual_only,high,OCR_VISUAL_NOISE,end_zone;fallback_psm;visual_noise,PAGESTRUCT_LTMD_U1_W4_SOCIAL_SCIENCES_0.1
U1-H1972P6CI091-P202,H1972P6CI091,1972,6,CIENCIAS SOCIALES,202,6,43,35.96,0.8140,text_detected,0,0,0,visual_only,high,OCR_VISUAL_NOISE,end_zone;fallback_psm;visual_noise,PAGESTRUCT_LTMD_U1_W4_SOCIAL_SCIENCES_0.1
U1-H1972P6CI091-P203,H1972P6CI091,1972,6,CIENCIAS SOCIALES,203,6,56,32.05,0.9107,text_detected,0,0,0,visual_only,high,OCR_VISUAL_NOISE,end_zone;fallback_psm;visual_noise,PAGESTRUCT_LTMD_U1_W4_SOCIAL_SCIENCES_0.1
U1-H1972P6CI091-P204,H1972P6CI091,1972,6,CIENCIAS SOCIALES,204,6,44,37.12,0.7727,text_detected,0,0,0,visual_only,medium,OCR_VISUAL_NOISE,end_zone;fallback_psm;visual_noise,PAGESTRUCT_LTMD_U1_W4_SOCIAL_SCIENCES_0.1
U1-H1972P6CI091-P205,H1972P6CI091,1972,6,CIENCIAS SOCIALES,205,6,33,23.85,0.9697,text_detected,0,0,0,visual_only,high,OCR_VISUAL_NOISE,end_zone;fallback_psm;visual_noise,PAGESTRUCT_LTMD_U1_W4_SOCIAL_SCIENCES_0.1
U1-H1972P6CI091-P206,H1972P6CI091,1972,6,CIENCIAS SOCIALES,206,6,56,26.63,0.9286,text_detected,0,0,0,visual_only,high,OCR_VISUAL_NOISE,end_zone;fallback_psm;visual_noise,PAGESTRUCT_LTMD_U1_W4_SOCIAL_SCIENCES_0.1
U1-H1972P6CI091-P207,H1972P6CI091,1972,6,CIENCIAS SOCIALES,207,6,54,31.77,0.8333,text_detected,0,0,0,visual_only,high,OCR_VISUAL_NOISE,end_zone;fallback_psm;visual_noise,PAGESTRUCT_LTMD_U1_W4_SOCIAL_SCIENCES_0.1
U1-H1972P6CI091-P208,H1972P6CI091,1972,6,CIENCIAS SOCIALES,208,3,1,81.29,0.0000,text_detected,0,0,0,unknown,low,CONSERVATIVE_UNKNOWN,end_zone,PAGESTRUCT_LTMD_U1_W4_SOCIAL_SCIENCES_0.1
U1-H1972P6CI091-P209,H1972P6CI091,1972,6,CIENCIAS SOCIALES,209,3,125,83.35,0.0800,text_detected,0,0,0,textual,high,OCR_TEXT_RICH,end_zone;text_rich,PAGESTRUCT_LTMD_U1_W4_SOCIAL_SCIENCES_0.1
U1-H1972P6CI091-P210,H1972P6CI091,1972,6,CIENCIAS SOCIALES,210,3,7,93.13,0.0000,text_detected,0,0,1,bibliography_or_credits,medium,KW_BIBLIO_CREDITS,end_zone;biblio_credit_kw,PAGESTRUCT_LTMD_U1_W4_SOCIAL_SCIENCES_0.1
U1-H1982P4CI384-P001,H1982P4CI384,1982,4,CIENCIAS SOCIALES,1,3,2,84.54,0.0000,text_detected,0,0,0,unknown,low,CONSERVATIVE_UNKNOWN,front_zone,PAGESTRUCT_LTMD_U1_W4_SOCIAL_SCIENCES_0.1
U1-H1982P4CI384-P002,H1982P4CI384,1982,4,CIENCIAS SOCIALES,2,3,253,76.65,0.1897,text_detected,0,2,0,toc_or_navigation,high,KW_NAVIGATION,front_zone;text_rich;nav_kw,PAGESTRUCT_LTMD_U1_W4_SOCIAL_SCIENCES_0.1
U1-H1982P4CI384-P003,H1982P4CI384,1982,4,CIENCIAS SOCIALES,3,3,249,93.23,0.0161,text_detected,0,1,0,toc_or_navigation,medium,KW_NAVIGATION,front_zone;text_rich;nav_kw,PAGESTRUCT_LTMD_U1_W4_SOCIAL_SCIENCES_0.1
U1-H1982P4CI384-P004,H1982P4CI384,1982,4,CIENCIAS SOCIALES,4,3,246,95.21,0.0041,text_detected,0,0,0,textual,high,OCR_TEXT_RICH,front_zone;text_rich,PAGESTRUCT_LTMD_U1_W4_SOCIAL_SCIENCES_0.1
U1-H1982P4CI384-P005,H1982P4CI384,1982,4,CIENCIAS SOCIALES,5,3,292,94.18,0.0000,text_detected,0,0,0,textual,high,OCR_TEXT_RICH,front_zone;text_rich,PAGESTRUCT_LTMD_U1_W4_SOCIAL_SCIENCES_0.1
U1-H1982P4CI384-P006,H1982P4CI384,1982,4,CIENCIAS SOCIALES,6,3,96,56.28,0.5208,text_detected,0,0,0,unknown,low,CONSERVATIVE_UNKNOWN,front_zone,PAGESTRUCT_LTMD_U1_W4_SOCIAL_SCIENCES_0.1
U1-H1982P4CI384-P007,H1982P4CI384,1982,4,CIENCIAS SOCIALES,7,11,19,37.59,0.9474,text_detected,0,0,0,visual_only,high,OCR_VISUAL_NOISE,front_zone;fallback_psm;visual_noise,PAGESTRUCT_LTMD_U1_W4_SOCIAL_SCIENCES_0.1
U1-H1982P4CI384-P008,H1982P4CI384,1982,4,CIENCIAS SOCIALES,8,3,33,78.86,0.1515,text_detected,0,0,0,mixed_text_image,medium,OCR_MODERATE_TEXT,front_zone;text_present,PAGESTRUCT_LTMD_U1_W4_SOCIAL_SCIENCES_0.1
U1-H1982P4CI384-P009,H1982P4CI384,1982,4,CIENCIAS SOCIALES,9,3,8,51.99,0.5000,text_detected,0,0,0,unknown,low,CONSERVATIVE_UNKNOWN,front_zone,PAGESTRUCT_LTMD_U1_W4_SOCIAL_SCIENCES_0.1
U1-H1982P4CI384-P010,H1982P4CI384,1982,4,CIENCIAS SOCIALES,10,3,341,95.14,0.0059,text_detected,0,0,0,textual,high,OCR_TEXT_RICH,front_zone;text_rich,PAGESTRUCT_LTMD_U1_W4_SOCIAL_SCIENCES_0.1
U1-H1982P4CI384-P011,H1982P4CI384,1982,4,CIENCIAS SOCIALES,11,3,222,95.26,0.0000,text_detected,0,1,0,toc_or_navigation,medium,KW_NAVIGATION,front_zone;text_rich;nav_kw,PAGESTRUCT_LTMD_U1_W4_SOCIAL_SCIENCES_0.1
U1-H1982P4CI384-P012,H1982P4CI384,1982,4,CIENCIAS SOCIALES,12,11,17,46.25,0.7647,text_detected,0,0,0,visual_only,medium,OCR_VISUAL_NOISE,front_zone;fallback_psm;visual_noise,PAGESTRUCT_LTMD_U1_W4_SOCIAL_SCIENCES_0.1
U1-H1982P4CI384-P013,H1982P4CI384,1982,4,CIENCIAS SOCIALES,13,6,21,58.25,0.4762,text_detected,0,0,0,unknown,low,CONSERVATIVE_UNKNOWN,front_zone;fallback_psm,PAGESTRUCT_LTMD_U1_W4_SOCIAL_SCIENCES_0.1
U1-H1982P4CI384-P014,H1982P4CI384,1982,4,CIENCIAS SOCIALES,14,3,281,93.82,0.0142,text_detected,0,1,0,toc_or_navigation,medium,KW_NAVIGATION,front_zone;text_rich;nav_kw,PAGESTRUCT_LTMD_U1_W4_SOCIAL_SCIENCES_0.1
U1-H1982P4CI384-P015,H1982P4CI384,1982,4,CIENCIAS SOCIALES,15,3,321,94.37,0.0125,text_detected,0,0,0,textual,high,OCR_TEXT_RICH,front_zone;text_rich,PAGESTRUCT_LTMD_U1_W4_SOCIAL_SCIENCES_0.1
U1-H1982P4CI384-P016,H1982P4CI384,1982,4,CIENCIAS SOCIALES,16,3,160,94.07,0.0125,text_detected,0,0,0,textual,high,OCR_TEXT_RICH,front_zone;text_rich,PAGESTRUCT_LTMD_U1_W4_SOCIAL_SCIENCES_0.1
U1-H1982P4CI384-P017,H1982P4CI384,1982,4,CIENCIAS SOCIALES,17,3,159,93.99,0.0189,text_detected,,,,textual,high,OCR_TEXT_RICH,text_rich,PAGESTRUCT_LTMD_U1_W4_SOCIAL_SCIENCES_0.1
U1-H1982P4CI384-P018,H1982P4CI384,1982,4,CIENCIAS SOCIALES,18,3,341,94.61,0.0029,text_detected,,,,textual,high,OCR_TEXT_RICH,text_rich,PAGESTRUCT_LTMD_U1_W4_SOCIAL_SCIENCES_0.1
U1-H1982P4CI384-P019,H1982P4CI384,1982,4,CIENCIAS SOCIALES,19,3,222,95.30,0.0045,text_detected,,,,textual,high,OCR_TEXT_RICH,text_rich,PAGESTRUCT_LTMD_U1_W4_SOCIAL_SCIENCES_0.1
U1-H1982P4CI384-P020,H1982P4CI384,1982,4,CIENCIAS SOCIALES,20,3,330,94.49,0.0030,text_detected,,,,textual,high,OCR_TEXT_RICH,text_rich,PAGESTRUCT_LTMD_U1_W4_SOCIAL_SCIENCES_0.1
U1-H1982P4CI384-P021,H1982P4CI384,1982,4,CIENCIAS SOCIALES,21,3,115,94.26,0.0087,text_detected,,,,mixed_text_image,medium,OCR_MODERATE_TEXT,text_present,PAGESTRUCT_LTMD_U1_W4_SOCIAL_SCIENCES_0.1
U1-H1982P4CI384-P022,H1982P4CI384,1982,4,CIENCIAS SOCIALES,22,3,251,94.73,0.0080,text_detected,,,,textual,high,OCR_TEXT_RICH,text_rich,PAGESTRUCT_LTMD_U1_W4_SOCIAL_SCIENCES_0.1
U1-H1982P4CI384-P023,H1982P4CI384,1982,4,CIENCIAS SOCIALES,23,3,332,95.61,0.0000,text_detected,,,,textual,high,OCR_TEXT_RICH,text_rich,PAGESTRUCT_LTMD_U1_W4_SOCIAL_SCIENCES_0.1
U1-H1982P4CI384-P024,H1982P4CI384,1982,4,CIENCIAS SOCIALES,24,3,361,94.89,0.0000,text_detected,,,,textual,high,OCR_TEXT_RICH,text_rich,PAGESTRUCT_LTMD_U1_W4_SOCIAL_SCIENCES_0.1
U1-H1982P4CI384-P025,H1982P4CI384,1982,4,CIENCIAS SOCIALES,25,3,371,95.03,0.0054,text_detected,,,,textual,high,OCR_TEXT_RICH,text_rich,PAGESTRUCT_LTMD_U1_W4_SOCIAL_SCIENCES_0.1
U1-H1982P4CI384-P026,H1982P4CI384,1982,4,CIENCIAS SOCIALES,26,3,240,94.26,0.0167,text_detected,,,,textual,high,OCR_TEXT_RICH,text_rich,PAGESTRUCT_LTMD_U1_W4_SOCIAL_SCIENCES_0.1
U1-H1982P4CI384-P027,H1982P4CI384,1982,4,CIENCIAS SOCIALES,27,3,164,93.40,0.0244,text_detected,,,,textual,high,OCR_TEXT_RICH,text_rich,PAGESTRUCT_LTMD_U1_W4_SOCIAL_SCIENCES_0.1
U1-H1982P4CI384-P028,H1982P4CI384,1982,4,CIENCIAS SOCIALES,28,3,345,94.82,0.0087,text_detected,,,,textual,high,OCR_TEXT_RICH,text_rich,PAGESTRUCT_LTMD_U1_W4_SOCIAL_SCIENCES_0.1
U1-H1982P4CI384-P029,H1982P4CI384,1982,4,CIENCIAS SOCIALES,29,3,177,95.22,0.0000,text_detected,,,,textual,high,OCR_TEXT_RICH,text_rich,PAGESTRUCT_LTMD_U1_W4_SOCIAL_SCIENCES_0.1
U1-H1982P4CI384-P030,H1982P4CI384,1982,4,CIENCIAS SOCIALES,30,3,112,93.58,0.0179,text_detected,,,,mixed_text_image,medium,OCR_MODERATE_TEXT,text_present,PAGESTRUCT_LTMD_U1_W4_SOCIAL_SCIENCES_0.1
U1-H1982P4CI384-P031,H1982P4CI384,1982,4,CIENCIAS SOCIALES,31,3,393,94.79,0.0051,text_detected,,,,textual,high,OCR_TEXT_RICH,text_rich,PAGESTRUCT_LTMD_U1_W4_SOCIAL_SCIENCES_0.1
U1-H1982P4CI384-P032,H1982P4CI384,1982,4,CIENCIAS SOCIALES,32,3,347,94.62,0.0086,text_detected,,,,textual,high,OCR_TEXT_RICH,text_rich,PAGESTRUCT_LTMD_U1_W4_SOCIAL_SCIENCES_0.1
U1-H1982P4CI384-P033,H1982P4CI384,1982,4,CIENCIAS SOCIALES,33,3,154,94.86,0.0000,text_detected,,,,textual,high,OCR_TEXT_RICH,text_rich,PAGESTRUCT_LTMD_U1_W4_SOCIAL_SCIENCES_0.1
U1-H1982P4CI384-P034,H1982P4CI384,1982,4,CIENCIAS SOCIALES,34,3,307,94.64,0.0098,text_detected,,,,textual,high,OCR_TEXT_RICH,text_rich,PAGESTRUCT_LTMD_U1_W4_SOCIAL_SCIENCES_0.1
U1-H1982P4CI384-P035,H1982P4CI384,1982,4,CIENCIAS SOCIALES,35,3,80,93.58,0.0250,text_detected,,,,mixed_text_image,medium,OCR_MODERATE_TEXT,text_present,PAGESTRUCT_LTMD_U1_W4_SOCIAL_SCIENCES_0.1
U1-H1982P4CI384-P036,H1982P4CI384,1982,4,CIENCIAS SOCIALES,36,3,91,94.02,0.0220,text_detected,,,,mixed_text_image,medium,OCR_MODERATE_TEXT,text_present,PAGESTRUCT_LTMD_U1_W4_SOCIAL_SCIENCES_0.1
U1-H1982P4CI384-P037,H1982P4CI384,1982,4,CIENCIAS SOCIALES,37,3,222,94.84,0.0000,text_detected,,,,textual,high,OCR_TEXT_RICH,text_rich,PAGESTRUCT_LTMD_U1_W4_SOCIAL_SCIENCES_0.1
U1-H1982P4CI384-P038,H1982P4CI384,1982,4,CIENCIAS SOCIALES,38,3,107,93.63,0.0093,text_detected,,,,mixed_text_image,medium,OCR_MODERATE_TEXT,text_present,PAGESTRUCT_LTMD_U1_W4_SOCIAL_SCIENCES_0.1
U1-H1982P4CI384-P039,H1982P4CI384,1982,4,CIENCIAS SOCIALES,39,3,136,94.28,0.0147,text_detected,,,,textual,high,OCR_TEXT_RICH,text_rich,PAGESTRUCT_LTMD_U1_W4_SOCIAL_SCIENCES_0.1
U1-H1982P4CI384-P040,H1982P4CI384,1982,4,CIENCIAS SOCIALES,40,3,2,83.04,0.0000,text_detected,,,,unknown,low,CONSERVATIVE_UNKNOWN,,PAGESTRUCT_LTMD_U1_W4_SOCIAL_SCIENCES_0.1
U1-H1982P4CI384-P041,H1982P4CI384,1982,4,CIENCIAS SOCIALES,41,3,212,93.03,0.0189,text_detected,,,,textual,high,OCR_TEXT_RICH,text_rich,PAGESTRUCT_LTMD_U1_W4_SOCIAL_SCIENCES_0.1
U1-H1982P4CI384-P042,H1982P4CI384,1982,4,CIENCIAS SOCIALES,42,3,258,94.02,0.0116,text_detected,,,,textual,high,OCR_TEXT_RICH,text_rich,PAGESTRUCT_LTMD_U1_W4_SOCIAL_SCIENCES_0.1
U1-H1982P4CI384-P043,H1982P4CI384,1982,4,CIENCIAS SOCIALES,43,3,131,93.71,0.0229,text_detected,,,,textual,high,OCR_TEXT_RICH,text_rich,PAGESTRUCT_LTMD_U1_W4_SOCIAL_SCIENCES_0.1
U1-H1982P4CI384-P044,H1982P4CI384,1982,4,CIENCIAS SOCIALES,44,3,171,94.22,0.0058,text_detected,,,,textual,high,OCR_TEXT_RICH,text_rich,PAGESTRUCT_LTMD_U1_W4_SOCIAL_SCIENCES_0.1
U1-H1982P4CI384-P045,H1982P4CI384,1982,4,CIENCIAS SOCIALES,45,3,190,94.72,0.0000,text_detected,,,,textual,high,OCR_TEXT_RICH,text_rich,PAGESTRUCT_LTMD_U1_W4_SOCIAL_SCIENCES_0.1
U1-H1982P4CI384-P046,H1982P4CI384,1982,4,CIENCIAS SOCIALES,46,3,29,72.04,0.1724,text_detected,,,,mixed_text_image,medium,OCR_MODERATE_TEXT,text_present,PAGESTRUCT_LTMD_U1_W4_SOCIAL_SCIENCES_0.1
U1-H1982P4CI384-P047,H1982P4CI384,1982,4,CIENCIAS SOCIALES,47,6,157,24.35,0.9299,text_detected,,,,visual_only,high,OCR_VISUAL_NOISE,fallback_psm;visual_noise,PAGESTRUCT_LTMD_U1_W4_SOCIAL_SCIENCES_0.1
U1-H1982P4CI384-P048,H1982P4CI384,1982,4,CIENCIAS SOCIALES,48,3,212,94.59,0.0047,text_detected,,,,textual,high,OCR_TEXT_RICH,text_rich,PAGESTRUCT_LTMD_U1_W4_SOCIAL_SCIENCES_0.1
U1-H1982P4CI384-P049,H1982P4CI384,1982,4,CIENCIAS SOCIALES,49,3,228,94.11,0.0175,text_detected,,,,textual,high,OCR_TEXT_RICH,text_rich,PAGESTRUCT_LTMD_U1_W4_SOCIAL_SCIENCES_0.1
U1-H1982P4CI384-P050,H1982P4CI384,1982,4,CIENCIAS SOCIALES,50,3,9,82.80,0.1111,text_detected,,,,mixed_text_image,low,OCR_SPARSE_HIGH_CONF,,PAGESTRUCT_LTMD_U1_W4_SOCIAL_SCIENCES_0.1
U1-H1982P4CI384-P051,H1982P4CI384,1982,4,CIENCIAS SOCIALES,51,3,440,94.25,0.0114,text_detected,,,,textual,high,OCR_TEXT_RICH,text_rich,PAGESTRUCT_LTMD_U1_W4_SOCIAL_SCIENCES_0.1
U1-H1982P4CI384-P052,H1982P4CI384,1982,4,CIENCIAS SOCIALES,52,3,353,94.16,0.0113,text_detected,,,,textual,high,OCR_TEXT_RICH,text_rich,PAGESTRUCT_LTMD_U1_W4_SOCIAL_SCIENCES_0.1
U1-H1982P4CI384-P053,H1982P4CI384,1982,4,CIENCIAS SOCIALES,53,3,241,92.09,0.0332,text_detected,,,,textual,high,OCR_TEXT_RICH,text_rich,PAGESTRUCT_LTMD_U1_W4_SOCIAL_SCIENCES_0.1
U1-H1982P4CI384-P054,H1982P4CI384,1982,4,CIENCIAS SOCIALES,54,3,165,94.00,0.0121,text_detected,,,,textual,high,OCR_TEXT_RICH,text_rich,PAGESTRUCT_LTMD_U1_W4_SOCIAL_SCIENCES_0.1
U1-H1982P4CI384-P055,H1982P4CI384,1982,4,CIENCIAS SOCIALES,55,3,334,92.00,0.0269,text_detected,,,,textual,high,OCR_TEXT_RICH,text_rich,PAGESTRUCT_LTMD_U1_W4_SOCIAL_SCIENCES_0.1
U1-H1982P4CI384-P056,H1982P4CI384,1982,4,CIENCIAS SOCIALES,56,3,317,92.84,0.0221,text_detected,,,,textual,high,OCR_TEXT_RICH,text_rich,PAGESTRUCT_LTMD_U1_W4_SOCIAL_SCIENCES_0.1
U1-H1982P4CI384-P057,H1982P4CI384,1982,4,CIENCIAS SOCIALES,57,3,152,90.68,0.0395,text_detected,,,,textual,high,OCR_TEXT_RICH,text_rich,PAGESTRUCT_LTMD_U1_W4_SOCIAL_SCIENCES_0.1
U1-H1982P4CI384-P058,H1982P4CI384,1982,4,CIENCIAS SOCIALES,58,3,202,93.70,0.0198,text_detected,,,,textual,high,OCR_TEXT_RICH,text_rich,PAGESTRUCT_LTMD_U1_W4_SOCIAL_SCIENCES_0.1
U1-H1982P4CI384-P059,H1982P4CI384,1982,4,CIENCIAS SOCIALES,59,3,339,93.69,0.0177,text_detected,,,,textual,high,OCR_TEXT_RICH,text_rich,PAGESTRUCT_LTMD_U1_W4_SOCIAL_SCIENCES_0.1
U1-H1982P4CI384-P060,H1982P4CI384,1982,4,CIENCIAS SOCIALES,60,3,275,94.59,0.0036,text_detected,,,,textual,high,OCR_TEXT_RICH,text_rich,PAGESTRUCT_LTMD_U1_W4_SOCIAL_SCIENCES_0.1
U1-H1982P4CI384-P061,H1982P4CI384,1982,4,CIENCIAS SOCIALES,61,3,197,94.37,0.0102,text_detected,,,,textual,high,OCR_TEXT_RICH,text_rich,PAGESTRUCT_LTMD_U1_W4_SOCIAL_SCIENCES_0.1
U1-H1982P4CI384-P062,H1982P4CI384,1982,4,CIENCIAS SOCIALES,62,3,312,94.82,0.0064,text_detected,,,,textual,high,OCR_TEXT_RICH,text_rich,PAGESTRUCT_LTMD_U1_W4_SOCIAL_SCIENCES_0.1
U1-H1982P4CI384-P063,H1982P4CI384,1982,4,CIENCIAS SOCIALES,63,3,138,94.90,0.0145,text_detected,,,,textual,high,OCR_TEXT_RICH,text_rich,PAGESTRUCT_LTMD_U1_W4_SOCIAL_SCIENCES_0.1
U1-H1982P4CI384-P064,H1982P4CI384,1982,4,CIENCIAS SOCIALES,64,3,236,94.48,0.0085,text_detected,,,,textual,high,OCR_TEXT_RICH,text_rich,PAGESTRUCT_LTMD_U1_W4_SOCIAL_SCIENCES_0.1
U1-H1982P4CI384-P065,H1982P4CI384,1982,4,CIENCIAS SOCIALES,65,3,191,93.15,0.0262,text_detected,,,,textual,high,OCR_TEXT_RICH,text_rich,PAGESTRUCT_LTMD_U1_W4_SOCIAL_SCIENCES_0.1
U1-H1982P4CI384-P066,H1982P4CI384,1982,4,CIENCIAS SOCIALES,66,3,263,94.68,0.0038,text_detected,,,,textual,high,OCR_TEXT_RICH,text_rich,PAGESTRUCT_LTMD_U1_W4_SOCIAL_SCIENCES_0.1
U1-H1982P4CI384-P067,H1982P4CI384,1982,4,CIENCIAS SOCIALES,67,3,403,94.81,0.0050,text_detected,,,,textual,high,OCR_TEXT_RICH,text_rich,PAGESTRUCT_LTMD_U1_W4_SOCIAL_SCIENCES_0.1
U1-H1982P4CI384-P068,H1982P4CI384,1982,4,CIENCIAS SOCIALES,68,3,175,94.54,0.0057,text_detected,,,,textual,high,OCR_TEXT_RICH,text_rich,PAGESTRUCT_LTMD_U1_W4_SOCIAL_SCIENCES_0.1
U1-H1982P4CI384-P069,H1982P4CI384,1982,4,CIENCIAS SOCIALES,69,3,67,92.74,0.0149,text_detected,,,,mixed_text_image,medium,OCR_MODERATE_TEXT,text_present,PAGESTRUCT_LTMD_U1_W4_SOCIAL_SCIENCES_0.1
U1-H1982P4CI384-P070,H1982P4CI384,1982,4,CIENCIAS SOCIALES,70,3,340,94.28,0.0118,text_detected,,,,textual,high,OCR_TEXT_RICH,text_rich,PAGESTRUCT_LTMD_U1_W4_SOCIAL_SCIENCES_0.1
U1-H1982P4CI384-P071,H1982P4CI384,1982,4,CIENCIAS SOCIALES,71,3,231,94.63,0.0000,text_detected,,,,textual,high,OCR_TEXT_RICH,text_rich,PAGESTRUCT_LTMD_U1_W4_SOCIAL_SCIENCES_0.1
U1-H1982P4CI384-P072,H1982P4CI384,1982,4,CIENCIAS SOCIALES,72,3,167,93.41,0.0240,text_detected,,,,textual,high,OCR_TEXT_RICH,text_rich,PAGESTRUCT_LTMD_U1_W4_SOCIAL_SCIENCES_0.1
U1-H1982P4CI384-P073,H1982P4CI384,1982,4,CIENCIAS SOCIALES,73,3,373,94.84,0.0107,text_detected,,,,textual,high,OCR_TEXT_RICH,text_rich,PAGESTRUCT_LTMD_U1_W4_SOCIAL_SCIENCES_0.1
U1-H1982P4CI384-P074,H1982P4CI384,1982,4,CIENCIAS SOCIALES,74,3,120,94.11,0.0167,text_detected,,,,textual,high,OCR_TEXT_RICH,text_rich,PAGESTRUCT_LTMD_U1_W4_SOCIAL_SCIENCES_0.1
U1-H1982P4CI384-P075,H1982P4CI384,1982,4,CIENCIAS SOCIALES,75,3,373,94.89,0.0054,text_detected,,,,textual,high,OCR_TEXT_RICH,text_rich,PAGESTRUCT_LTMD_U1_W4_SOCIAL_SCIENCES_0.1
U1-H1982P4CI384-P076,H1982P4CI384,1982,4,CIENCIAS SOCIALES,76,3,353,94.53,0.0057,text_detected,,,,textual,high,OCR_TEXT_RICH,text_rich,PAGESTRUCT_LTMD_U1_W4_SOCIAL_SCIENCES_0.1
U1-H1982P4CI384-P077,H1982P4CI384,1982,4,CIENCIAS SOCIALES,77,3,385,94.87,0.0078,text_detected,,,,textual,high,OCR_TEXT_RICH,text_rich,PAGESTRUCT_LTMD_U1_W4_SOCIAL_SCIENCES_0.1
U1-H1982P4CI384-P078,H1982P4CI384,1982,4,CIENCIAS SOCIALES,78,3,128,93.33,0.0156,text_detected,,,,textual,high,OCR_TEXT_RICH,text_rich,PAGESTRUCT_LTMD_U1_W4_SOCIAL_SCIENCES_0.1
U1-H1982P4CI384-P079,H1982P4CI384,1982,4,CIENCIAS SOCIALES,79,3,179,89.72,0.0726,text_detected,,,,textual,high,OCR_TEXT_RICH,text_rich,PAGESTRUCT_LTMD_U1_W4_SOCIAL_SCIENCES_0.1
U1-H1982P4CI384-P080,H1982P4CI384,1982,4,CIENCIAS SOCIALES,80,3,232,93.67,0.0172,text_detected,,,,textual,high,OCR_TEXT_RICH,text_rich,PAGESTRUCT_LTMD_U1_W4_SOCIAL_SCIENCES_0.1
U1-H1982P4CI384-P081,H1982P4CI384,1982,4,CIENCIAS SOCIALES,81,3,195,93.73,0.0205,text_detected,,,,textual,high,OCR_TEXT_RICH,text_rich,PAGESTRUCT_LTMD_U1_W4_SOCIAL_SCIENCES_0.1
U1-H1982P4CI384-P082,H1982P4CI384,1982,4,CIENCIAS SOCIALES,82,3,272,94.69,0.0110,text_detected,,,,textual,high,OCR_TEXT_RICH,text_rich,PAGESTRUCT_LTMD_U1_W4_SOCIAL_SCIENCES_0.1
U1-H1982P4CI384-P083,H1982P4CI384,1982,4,CIENCIAS SOCIALES,83,3,402,94.58,0.0075,text_detected,,,,textual,high,OCR_TEXT_RICH,text_rich,PAGESTRUCT_LTMD_U1_W4_SOCIAL_SCIENCES_0.1
U1-H1982P4CI384-P084,H1982P4CI384,1982,4,CIENCIAS SOCIALES,84,3,206,91.29,0.0485,text_detected,,,,textual,high,OCR_TEXT_RICH,text_rich,PAGESTRUCT_LTMD_U1_W4_SOCIAL_SCIENCES_0.1
U1-H1982P4CI384-P085,H1982P4CI384,1982,4,CIENCIAS SOCIALES,85,3,238,93.40,0.0210,text_detected,,,,textual,high,OCR_TEXT_RICH,text_rich,PAGESTRUCT_LTMD_U1_W4_SOCIAL_SCIENCES_0.1
U1-H1982P4CI384-P086,H1982P4CI384,1982,4,CIENCIAS SOCIALES,86,3,335,95.56,0.0030,text_detected,,,,textual,high,OCR_TEXT_RICH,text_rich,PAGESTRUCT_LTMD_U1_W4_SOCIAL_SCIENCES_0.1
U1-H1982P4CI384-P087,H1982P4CI384,1982,4,CIENCIAS SOCIALES,87,3,220,95.23,0.0045,text_detected,,,,textual,high,OCR_TEXT_RICH,text_rich,PAGESTRUCT_LTMD_U1_W4_SOCIAL_SCIENCES_0.1
U1-H1982P4CI384-P088,H1982P4CI384,1982,4,CIENCIAS SOCIALES,88,3,275,95.27,0.0000,text_detected,,,,textual,high,OCR_TEXT_RICH,text_rich,PAGESTRUCT_LTMD_U1_W4_SOCIAL_SCIENCES_0.1
U1-H1982P4CI384-P089,H1982P4CI384,1982,4,CIENCIAS SOCIALES,89,3,178,92.56,0.0225,text_detected,,,,textual,high,OCR_TEXT_RICH,text_rich,PAGESTRUCT_LTMD_U1_W4_SOCIAL_SCIENCES_0.1
U1-H1982P4CI384-P090,H1982P4CI384,1982,4,CIENCIAS SOCIALES,90,3,401,95.10,0.0050,text_detected,,,,textual,high,OCR_TEXT_RICH,text_rich,PAGESTRUCT_LTMD_U1_W4_SOCIAL_SCIENCES_0.1
U1-H1982P4CI384-P091,H1982P4CI384,1982,4,CIENCIAS SOCIALES,91,3,80,95.20,0.0000,text_detected,,,,mixed_text_image,medium,OCR_MODERATE_TEXT,text_present,PAGESTRUCT_LTMD_U1_W4_SOCIAL_SCIENCES_0.1
U1-H1982P4CI384-P092,H1982P4CI384,1982,4,CIENCIAS SOCIALES,92,3,170,95.04,0.0000,text_detected,,,,textual,high,OCR_TEXT_RICH,text_rich,PAGESTRUCT_LTMD_U1_W4_SOCIAL_SCIENCES_0.1
U1-H1982P4CI384-P093,H1982P4CI384,1982,4,CIENCIAS SOCIALES,93,3,377,94.19,0.0186,text_detected,,,,textual,high,OCR_TEXT_RICH,text_rich,PAGESTRUCT_LTMD_U1_W4_SOCIAL_SCIENCES_0.1
U1-H1982P4CI384-P094,H1982P4CI384,1982,4,CIENCIAS SOCIALES,94,3,339,94.47,0.0029,text_detected,,,,textual,high,OCR_TEXT_RICH,text_rich,PAGESTRUCT_LTMD_U1_W4_SOCIAL_SCIENCES_0.1
U1-H1982P4CI384-P095,H1982P4CI384,1982,4,CIENCIAS SOCIALES,95,3,349,94.83,0.0057,text_detected,,,,textual,high,OCR_TEXT_RICH,text_rich,PAGESTRUCT_LTMD_U1_W4_SOCIAL_SCIENCES_0.1
U1-H1982P4CI384-P096,H1982P4CI384,1982,4,CIENCIAS SOCIALES,96,3,155,95.56,0.0000,text_detected,,,,textual,high,OCR_TEXT_RICH,text_rich,PAGESTRUCT_LTMD_U1_W4_SOCIAL_SCIENCES_0.1
U1-H1982P4CI384-P097,H1982P4CI384,1982,4,CIENCIAS SOCIALES,97,3,135,92.54,0.0370,text_detected,,,,textual,high,OCR_TEXT_RICH,text_rich,PAGESTRUCT_LTMD_U1_W4_SOCIAL_SCIENCES_0.1
U1-H1982P4CI384-P098,H1982P4CI384,1982,4,CIENCIAS SOCIALES,98,3,369,95.01,0.0081,text_detected,,,,textual,high,OCR_TEXT_RICH,text_rich,PAGESTRUCT_LTMD_U1_W4_SOCIAL_SCIENCES_0.1
U1-H1982P4CI384-P099,H1982P4CI384,1982,4,CIENCIAS SOCIALES,99,3,370,94.98,0.0108,text_detected,,,,textual,high,OCR_TEXT_RICH,text_rich,PAGESTRUCT_LTMD_U1_W4_SOCIAL_SCIENCES_0.1
U1-H1982P4CI384-P100,H1982P4CI384,1982,4,CIENCIAS SOCIALES,100,3,377,94.96,0.0027,text_detected,,,,textual,high,OCR_TEXT_RICH,text_rich,PAGESTRUCT_LTMD_U1_W4_SOCIAL_SCIENCES_0.1
U1-H1982P4CI384-P101,H1982P4CI384,1982,4,CIENCIAS SOCIALES,101,3,335,94.91,0.0030,text_detected,,,,textual,high,OCR_TEXT_RICH,text_rich,PAGESTRUCT_LTMD_U1_W4_SOCIAL_SCIENCES_0.1
U1-H1982P4CI384-P102,H1982P4CI384,1982,4,CIENCIAS SOCIALES,102,3,365,95.15,0.0000,text_detected,,,,textual,high,OCR_TEXT_RICH,text_rich,PAGESTRUCT_LTMD_U1_W4_SOCIAL_SCIENCES_0.1
U1-H1982P4CI384-P103,H1982P4CI384,1982,4,CIENCIAS SOCIALES,103,3,309,94.61,0.0065,text_detected,,,,textual,high,OCR_TEXT_RICH,text_rich,PAGESTRUCT_LTMD_U1_W4_SOCIAL_SCIENCES_0.1
U1-H1982P4CI384-P104,H1982P4CI384,1982,4,CIENCIAS SOCIALES,104,3,339,94.65,0.0088,text_detected,,,,textual,high,OCR_TEXT_RICH,text_rich,PAGESTRUCT_LTMD_U1_W4_SOCIAL_SCIENCES_0.1
U1-H1982P4CI384-P105,H1982P4CI384,1982,4,CIENCIAS SOCIALES,105,3,98,95.54,0.0000,text_detected,,,,mixed_text_image,medium,OCR_MODERATE_TEXT,text_present,PAGESTRUCT_LTMD_U1_W4_SOCIAL_SCIENCES_0.1
U1-H1982P4CI384-P106,H1982P4CI384,1982,4,CIENCIAS SOCIALES,106,3,435,94.56,0.0046,text_detected,,,,textual,high,OCR_TEXT_RICH,text_rich,PAGESTRUCT_LTMD_U1_W4_SOCIAL_SCIENCES_0.1
U1-H1982P4CI384-P107,H1982P4CI384,1982,4,CIENCIAS SOCIALES,107,3,201,93.05,0.0249,text_detected,,,,textual,high,OCR_TEXT_RICH,text_rich,PAGESTRUCT_LTMD_U1_W4_SOCIAL_SCIENCES_0.1
U1-H1982P4CI384-P108,H1982P4CI384,1982,4,CIENCIAS SOCIALES,108,3,198,95.37,0.0000,text_detected,,,,textual,high,OCR_TEXT_RICH,text_rich,PAGESTRUCT_LTMD_U1_W4_SOCIAL_SCIENCES_0.1
U1-H1982P4CI384-P109,H1982P4CI384,1982,4,CIENCIAS SOCIALES,109,3,159,94.28,0.0126,text_detected,,,,textual,high,OCR_TEXT_RICH,text_rich,PAGESTRUCT_LTMD_U1_W4_SOCIAL_SCIENCES_0.1
U1-H1982P4CI384-P110,H1982P4CI384,1982,4,CIENCIAS SOCIALES,110,3,163,92.77,0.0184,text_detected,,,,textual,high,OCR_TEXT_RICH,text_rich,PAGESTRUCT_LTMD_U1_W4_SOCIAL_SCIENCES_0.1
U1-H1982P4CI384-P111,H1982P4CI384,1982,4,CIENCIAS SOCIALES,111,3,175,92.75,0.0343,text_detected,,,,textual,high,OCR_TEXT_RICH,text_rich,PAGESTRUCT_LTMD_U1_W4_SOCIAL_SCIENCES_0.1
U1-H1982P4CI384-P112,H1982P4CI384,1982,4,CIENCIAS SOCIALES,112,3,353,93.22,0.0170,text_detected,,,,textual,high,OCR_TEXT_RICH,text_rich,PAGESTRUCT_LTMD_U1_W4_SOCIAL_SCIENCES_0.1
U1-H1982P4CI384-P113,H1982P4CI384,1982,4,CIENCIAS SOCIALES,113,3,216,90.46,0.0602,text_detected,,,,textual,high,OCR_TEXT_RICH,text_rich,PAGESTRUCT_LTMD_U1_W4_SOCIAL_SCIENCES_0.1
U1-H1982P4CI384-P114,H1982P4CI384,1982,4,CIENCIAS SOCIALES,114,3,358,93.88,0.0140,text_detected,,,,textual,high,OCR_TEXT_RICH,text_rich,PAGESTRUCT_LTMD_U1_W4_SOCIAL_SCIENCES_0.1
U1-H1982P4CI384-P115,H1982P4CI384,1982,4,CIENCIAS SOCIALES,115,3,370,94.61,0.0108,text_detected,,,,textual,high,OCR_TEXT_RICH,text_rich,PAGESTRUCT_LTMD_U1_W4_SOCIAL_SCIENCES_0.1
U1-H1982P4CI384-P116,H1982P4CI384,1982,4,CIENCIAS SOCIALES,116,3,220,92.97,0.0318,text_detected,,,,textual,high,OCR_TEXT_RICH,text_rich,PAGESTRUCT_LTMD_U1_W4_SOCIAL_SCIENCES_0.1
U1-H1982P4CI384-P117,H1982P4CI384,1982,4,CIENCIAS SOCIALES,117,3,355,93.53,0.0197,text_detected,,,,textual,high,OCR_TEXT_RICH,text_rich,PAGESTRUCT_LTMD_U1_W4_SOCIAL_SCIENCES_0.1
U1-H1982P4CI384-P118,H1982P4CI384,1982,4,CIENCIAS SOCIALES,118,3,293,94.46,0.0068,text_detected,,,,textual,high,OCR_TEXT_RICH,text_rich,PAGESTRUCT_LTMD_U1_W4_SOCIAL_SCIENCES_0.1
U1-H1982P4CI384-P119,H1982P4CI384,1982,4,CIENCIAS SOCIALES,119,3,294,93.34,0.0204,text_detected,,,,textual,high,OCR_TEXT_RICH,text_rich,PAGESTRUCT_LTMD_U1_W4_SOCIAL_SCIENCES_0.1
U1-H1982P4CI384-P120,H1982P4CI384,1982,4,CIENCIAS SOCIALES,120,3,357,93.44,0.0140,text_detected,,,,textual,high,OCR_TEXT_RICH,text_rich,PAGESTRUCT_LTMD_U1_W4_SOCIAL_SCIENCES_0.1
U1-H1982P4CI384-P121,H1982P4CI384,1982,4,CIENCIAS SOCIALES,121,3,285,93.43,0.0211,text_detected,,,,textual,high,OCR_TEXT_RICH,text_rich,PAGESTRUCT_LTMD_U1_W4_SOCIAL_SCIENCES_0.1
U1-H1982P4CI384-P122,H1982P4CI384,1982,4,CIENCIAS SOCIALES,122,3,337,94.92,0.0030,text_detected,,,,textual,high,OCR_TEXT_RICH,text_rich,PAGESTRUCT_LTMD_U1_W4_SOCIAL_SCIENCES_0.1
U1-H1982P4CI384-P123,H1982P4CI384,1982,4,CIENCIAS SOCIALES,123,3,357,94.24,0.0056,text_detected,,,,textual,high,OCR_TEXT_RICH,text_rich,PAGESTRUCT_LTMD_U1_W4_SOCIAL_SCIENCES_0.1
U1-H1982P4CI384-P124,H1982P4CI384,1982,4,CIENCIAS SOCIALES,124,3,337,95.10,0.0030,text_detected,,,,textual,high,OCR_TEXT_RICH,text_rich,PAGESTRUCT_LTMD_U1_W4_SOCIAL_SCIENCES_0.1
U1-H1982P4CI384-P125,H1982P4CI384,1982,4,CIENCIAS SOCIALES,125,3,383,93.98,0.0078,text_detected,,,,textual,high,OCR_TEXT_RICH,text_rich,PAGESTRUCT_LTMD_U1_W4_SOCIAL_SCIENCES_0.1
U1-H1982P4CI384-P126,H1982P4CI384,1982,4,CIENCIAS SOCIALES,126,3,306,94.50,0.0033,text_detected,,,,textual,high,OCR_TEXT_RICH,text_rich,PAGESTRUCT_LTMD_U1_W4_SOCIAL_SCIENCES_0.1
U1-H1982P4CI384-P127,H1982P4CI384,1982,4,CIENCIAS SOCIALES,127,3,371,93.82,0.0216,text_detected,,,,textual,high,OCR_TEXT_RICH,text_rich,PAGESTRUCT_LTMD_U1_W4_SOCIAL_SCIENCES_0.1
U1-H1982P4CI384-P128,H1982P4CI384,1982,4,CIENCIAS SOCIALES,128,3,171,94.37,0.0117,text_detected,,,,textual,high,OCR_TEXT_RICH,text_rich,PAGESTRUCT_LTMD_U1_W4_SOCIAL_SCIENCES_0.1
U1-H1982P4CI384-P129,H1982P4CI384,1982,4,CIENCIAS SOCIALES,129,3,395,94.57,0.0076,text_detected,,,,textual,high,OCR_TEXT_RICH,text_rich,PAGESTRUCT_LTMD_U1_W4_SOCIAL_SCIENCES_0.1
U1-H1982P4CI384-P130,H1982P4CI384,1982,4,CIENCIAS SOCIALES,130,3,283,94.50,0.0106,text_detected,,,,textual,high,OCR_TEXT_RICH,text_rich,PAGESTRUCT_LTMD_U1_W4_SOCIAL_SCIENCES_0.1
U1-H1982P4CI384-P131,H1982P4CI384,1982,4,CIENCIAS SOCIALES,131,3,397,94.97,0.0076,text_detected,0,0,0,textual,high,OCR_TEXT_RICH,end_zone;text_rich,PAGESTRUCT_LTMD_U1_W4_SOCIAL_SCIENCES_0.1
U1-H1982P4CI384-P132,H1982P4CI384,1982,4,CIENCIAS SOCIALES,132,3,166,94.56,0.0000,text_detected,0,0,0,textual,high,OCR_TEXT_RICH,end_zone;text_rich,PAGESTRUCT_LTMD_U1_W4_SOCIAL_SCIENCES_0.1
U1-H1982P4CI384-P133,H1982P4CI384,1982,4,CIENCIAS SOCIALES,133,3,386,94.92,0.0026,text_detected,0,0,0,textual,high,OCR_TEXT_RICH,end_zone;text_rich,PAGESTRUCT_LTMD_U1_W4_SOCIAL_SCIENCES_0.1
U1-H1982P4CI384-P134,H1982P4CI384,1982,4,CIENCIAS SOCIALES,134,3,368,94.19,0.0082,text_detected,0,0,0,textual,high,OCR_TEXT_RICH,end_zone;text_rich,PAGESTRUCT_LTMD_U1_W4_SOCIAL_SCIENCES_0.1
U1-H1982P4CI384-P135,H1982P4CI384,1982,4,CIENCIAS SOCIALES,135,3,244,94.31,0.0123,text_detected,0,0,0,textual,high,OCR_TEXT_RICH,end_zone;text_rich,PAGESTRUCT_LTMD_U1_W4_SOCIAL_SCIENCES_0.1
U1-H1982P4CI384-P136,H1982P4CI384,1982,4,CIENCIAS SOCIALES,136,3,223,93.23,0.0179,text_detected,0,1,0,textual,high,OCR_TEXT_RICH,end_zone;text_rich;nav_kw,PAGESTRUCT_LTMD_U1_W4_SOCIAL_SCIENCES_0.1
U1-H1982P4CI384-P137,H1982P4CI384,1982,4,CIENCIAS SOCIALES,137,3,372,94.60,0.0027,text_detected,0,0,0,textual,high,OCR_TEXT_RICH,end_zone;text_rich,PAGESTRUCT_LTMD_U1_W4_SOCIAL_SCIENCES_0.1
U1-H1982P4CI384-P138,H1982P4CI384,1982,4,CIENCIAS SOCIALES,138,3,384,94.08,0.0156,text_detected,0,0,0,textual,high,OCR_TEXT_RICH,end_zone;text_rich,PAGESTRUCT_LTMD_U1_W4_SOCIAL_SCIENCES_0.1
U1-H1982P4CI384-P139,H1982P4CI384,1982,4,CIENCIAS SOCIALES,139,3,320,90.56,0.0500,text_detected,0,0,0,textual,high,OCR_TEXT_RICH,end_zone;text_rich,PAGESTRUCT_LTMD_U1_W4_SOCIAL_SCIENCES_0.1
U1-H1982P4CI384-P140,H1982P4CI384,1982,4,CIENCIAS SOCIALES,140,3,297,92.83,0.0168,text_detected,0,0,0,textual,high,OCR_TEXT_RICH,end_zone;text_rich,PAGESTRUCT_LTMD_U1_W4_SOCIAL_SCIENCES_0.1
U1-H1982P4CI384-P141,H1982P4CI384,1982,4,CIENCIAS SOCIALES,141,3,269,90.14,0.0409,text_detected,0,0,0,textual,high,OCR_TEXT_RICH,end_zone;text_rich,PAGESTRUCT_LTMD_U1_W4_SOCIAL_SCIENCES_0.1
U1-H1982P4CI384-P142,H1982P4CI384,1982,4,CIENCIAS SOCIALES,142,3,242,91.27,0.0289,text_detected,0,0,0,textual,high,OCR_TEXT_RICH,end_zone;text_rich,PAGESTRUCT_LTMD_U1_W4_SOCIAL_SCIENCES_0.1
U1-H1982P4CI384-P143,H1982P4CI384,1982,4,CIENCIAS SOCIALES,143,6,47,31.71,0.9149,text_detected,0,0,0,visual_only,high,OCR_VISUAL_NOISE,end_zone;fallback_psm;visual_noise,PAGESTRUCT_LTMD_U1_W4_SOCIAL_SCIENCES_0.1
U1-H1982P4CI384-P144,H1982P4CI384,1982,4,CIENCIAS SOCIALES,144,3,121,84.33,0.0826,text_detected,0,0,1,bibliography_or_credits,medium,KW_BIBLIO_CREDITS,end_zone;text_rich;biblio_credit_kw,PAGESTRUCT_LTMD_U1_W4_SOCIAL_SCIENCES_0.1
U1-H1982P4CI384-P145,H1982P4CI384,1982,4,CIENCIAS SOCIALES,145,3,140,83.17,0.1071,text_detected,0,0,0,textual,high,OCR_TEXT_RICH,end_zone;text_rich,PAGESTRUCT_LTMD_U1_W4_SOCIAL_SCIENCES_0.1
U1-H1982P4CI384-P146,H1982P4CI384,1982,4,CIENCIAS SOCIALES,146,3,2,95.08,0.0000,text_detected,0,0,0,unknown,low,CONSERVATIVE_UNKNOWN,end_zone,PAGESTRUCT_LTMD_U1_W4_SOCIAL_SCIENCES_0.1
U1-H1982P5CI390-P001,H1982P5CI390,1982,5,CIENCIAS SOCIALES,1,3,2,96.31,0.0000,text_detected,0,0,0,unknown,low,CONSERVATIVE_UNKNOWN,front_zone,PAGESTRUCT_LTMD_U1_W4_SOCIAL_SCIENCES_0.1
U1-H1982P5CI390-P002,H1982P5CI390,1982,5,CIENCIAS SOCIALES,2,3,139,71.77,0.2302,text_detected,0,0,0,mixed_text_image,medium,OCR_MODERATE_TEXT,front_zone;text_present,PAGESTRUCT_LTMD_U1_W4_SOCIAL_SCIENCES_0.1
U1-H1982P5CI390-P003,H1982P5CI390,1982,5,CIENCIAS SOCIALES,3,3,124,82.52,0.1290,text_detected,0,1,0,toc_or_navigation,medium,KW_NAVIGATION,front_zone;text_rich;nav_kw,PAGESTRUCT_LTMD_U1_W4_SOCIAL_SCIENCES_0.1
U1-H1982P5CI390-P004,H1982P5CI390,1982,5,CIENCIAS SOCIALES,4,3,138,92.14,0.0362,text_detected,0,0,0,textual,high,OCR_TEXT_RICH,front_zone;text_rich,PAGESTRUCT_LTMD_U1_W4_SOCIAL_SCIENCES_0.1
U1-H1982P5CI390-P005,H1982P5CI390,1982,5,CIENCIAS SOCIALES,5,3,108,94.37,0.0185,text_detected,0,0,0,mixed_text_image,medium,OCR_MODERATE_TEXT,front_zone;text_present,PAGESTRUCT_LTMD_U1_W4_SOCIAL_SCIENCES_0.1
U1-H1982P5CI390-P006,H1982P5CI390,1982,5,CIENCIAS SOCIALES,6,3,39,93.06,0.0256,text_detected,0,0,0,mixed_text_image,medium,OCR_MODERATE_TEXT,front_zone;text_present,PAGESTRUCT_LTMD_U1_W4_SOCIAL_SCIENCES_0.1
U1-H1982P5CI390-P007,H1982P5CI390,1982,5,CIENCIAS SOCIALES,7,3,52,94.98,0.0000,text_detected,0,0,0,mixed_text_image,medium,OCR_MODERATE_TEXT,front_zone;text_present,PAGESTRUCT_LTMD_U1_W4_SOCIAL_SCIENCES_0.1
U1-H1982P5CI390-P008,H1982P5CI390,1982,5,CIENCIAS SOCIALES,8,3,50,93.95,0.0000,text_detected,0,0,0,mixed_text_image,medium,OCR_MODERATE_TEXT,front_zone;text_present,PAGESTRUCT_LTMD_U1_W4_SOCIAL_SCIENCES_0.1
U1-H1982P5CI390-P009,H1982P5CI390,1982,5,CIENCIAS SOCIALES,9,3,51,95.54,0.0000,text_detected,0,0,0,mixed_text_image,medium,OCR_MODERATE_TEXT,front_zone;text_present,PAGESTRUCT_LTMD_U1_W4_SOCIAL_SCIENCES_0.1
U1-H1982P5CI390-P010,H1982P5CI390,1982,5,CIENCIAS SOCIALES,10,3,245,94.87,0.0000,text_detected,0,0,0,textual,high,OCR_TEXT_RICH,front_zone;text_rich,PAGESTRUCT_LTMD_U1_W4_SOCIAL_SCIENCES_0.1
U1-H1982P5CI390-P011,H1982P5CI390,1982,5,CIENCIAS SOCIALES,11,3,248,94.29,0.0121,text_detected,0,0,0,textual,high,OCR_TEXT_RICH,front_zone;text_rich,PAGESTRUCT_LTMD_U1_W4_SOCIAL_SCIENCES_0.1
U1-H1982P5CI390-P012,H1982P5CI390,1982,5,CIENCIAS SOCIALES,12,3,144,88.90,0.0417,text_detected,0,0,0,textual,high,OCR_TEXT_RICH,front_zone;text_rich,PAGESTRUCT_LTMD_U1_W4_SOCIAL_SCIENCES_0.1
U1-H1982P5CI390-P013,H1982P5CI390,1982,5,CIENCIAS SOCIALES,13,3,309,94.69,0.0097,text_detected,0,0,0,textual,high,OCR_TEXT_RICH,front_zone;text_rich,PAGESTRUCT_LTMD_U1_W4_SOCIAL_SCIENCES_0.1
U1-H1982P5CI390-P014,H1982P5CI390,1982,5,CIENCIAS SOCIALES,14,3,2,91.86,0.0000,text_detected,0,0,0,unknown,low,CONSERVATIVE_UNKNOWN,front_zone,PAGESTRUCT_LTMD_U1_W4_SOCIAL_SCIENCES_0.1
U1-H1982P5CI390-P015,H1982P5CI390,1982,5,CIENCIAS SOCIALES,15,3,126,93.47,0.0079,text_detected,0,0,0,textual,high,OCR_TEXT_RICH,front_zone;text_rich,PAGESTRUCT_LTMD_U1_W4_SOCIAL_SCIENCES_0.1
U1-H1982P5CI390-P016,H1982P5CI390,1982,5,CIENCIAS SOCIALES,16,3,240,93.61,0.0167,text_detected,0,0,0,textual,high,OCR_TEXT_RICH,front_zone;text_rich,PAGESTRUCT_LTMD_U1_W4_SOCIAL_SCIENCES_0.1
U1-H1982P5CI390-P017,H1982P5CI390,1982,5,CIENCIAS SOCIALES,17,3,185,92.07,0.0162,text_detected,,,,textual,high,OCR_TEXT_RICH,text_rich,PAGESTRUCT_LTMD_U1_W4_SOCIAL_SCIENCES_0.1
U1-H1982P5CI390-P018,H1982P5CI390,1982,5,CIENCIAS SOCIALES,18,3,138,94.71,0.0072,text_detected,,,,textual,high,OCR_TEXT_RICH,text_rich,PAGESTRUCT_LTMD_U1_W4_SOCIAL_SCIENCES_0.1
U1-H1982P5CI390-P019,H1982P5CI390,1982,5,CIENCIAS SOCIALES,19,3,159,94.48,0.0126,text_detected,,,,textual,high,OCR_TEXT_RICH,text_rich,PAGESTRUCT_LTMD_U1_W4_SOCIAL_SCIENCES_0.1
U1-H1982P5CI390-P020,H1982P5CI390,1982,5,CIENCIAS SOCIALES,20,3,181,95.04,0.0000,text_detected,,,,textual,high,OCR_TEXT_RICH,text_rich,PAGESTRUCT_LTMD_U1_W4_SOCIAL_SCIENCES_0.1
U1-H1982P5CI390-P021,H1982P5CI390,1982,5,CIENCIAS SOCIALES,21,3,163,93.85,0.0061,text_detected,,,,textual,high,OCR_TEXT_RICH,text_rich,PAGESTRUCT_LTMD_U1_W4_SOCIAL_SCIENCES_0.1
U1-H1982P5CI390-P022,H1982P5CI390,1982,5,CIENCIAS SOCIALES,22,3,121,93.31,0.0083,text_detected,,,,textual,high,OCR_TEXT_RICH,text_rich,PAGESTRUCT_LTMD_U1_W4_SOCIAL_SCIENCES_0.1
U1-H1982P5CI390-P023,H1982P5CI390,1982,5,CIENCIAS SOCIALES,23,3,160,95.49,0.0000,text_detected,,,,textual,high,OCR_TEXT_RICH,text_rich,PAGESTRUCT_LTMD_U1_W4_SOCIAL_SCIENCES_0.1
U1-H1982P5CI390-P024,H1982P5CI390,1982,5,CIENCIAS SOCIALES,24,3,154,94.37,0.0195,text_detected,,,,textual,high,OCR_TEXT_RICH,text_rich,PAGESTRUCT_LTMD_U1_W4_SOCIAL_SCIENCES_0.1
U1-H1982P5CI390-P025,H1982P5CI390,1982,5,CIENCIAS SOCIALES,25,3,57,95.16,0.0000,text_detected,,,,mixed_text_image,medium,OCR_MODERATE_TEXT,text_present,PAGESTRUCT_LTMD_U1_W4_SOCIAL_SCIENCES_0.1
U1-H1982P5CI390-P026,H1982P5CI390,1982,5,CIENCIAS SOCIALES,26,3,70,91.67,0.0429,text_detected,,,,mixed_text_image,medium,OCR_MODERATE_TEXT,text_present,PAGESTRUCT_LTMD_U1_W4_SOCIAL_SCIENCES_0.1
U1-H1982P5CI390-P027,H1982P5CI390,1982,5,CIENCIAS SOCIALES,27,3,111,94.85,0.0090,text_detected,,,,mixed_text_image,medium,OCR_MODERATE_TEXT,text_present,PAGESTRUCT_LTMD_U1_W4_SOCIAL_SCIENCES_0.1
U1-H1982P5CI390-P028,H1982P5CI390,1982,5,CIENCIAS SOCIALES,28,3,117,95.47,0.0000,text_detected,,,,mixed_text_image,medium,OCR_MODERATE_TEXT,text_present,PAGESTRUCT_LTMD_U1_W4_SOCIAL_SCIENCES_0.1
U1-H1982P5CI390-P029,H1982P5CI390,1982,5,CIENCIAS SOCIALES,29,3,110,93.73,0.0091,text_detected,,,,mixed_text_image,medium,OCR_MODERATE_TEXT,text_present,PAGESTRUCT_LTMD_U1_W4_SOCIAL_SCIENCES_0.1
U1-H1982P5CI390-P030,H1982P5CI390,1982,5,CIENCIAS SOCIALES,30,3,107,93.40,0.0280,text_detected,,,,mixed_text_image,medium,OCR_MODERATE_TEXT,text_present,PAGESTRUCT_LTMD_U1_W4_SOCIAL_SCIENCES_0.1
U1-H1982P5CI390-P031,H1982P5CI390,1982,5,CIENCIAS SOCIALES,31,3,135,83.18,0.1556,text_detected,,,,textual,high,OCR_TEXT_RICH,text_rich,PAGESTRUCT_LTMD_U1_W4_SOCIAL_SCIENCES_0.1
U1-H1982P5CI390-P032,H1982P5CI390,1982,5,CIENCIAS SOCIALES,32,3,174,90.75,0.0460,text_detected,,,,textual,high,OCR_TEXT_RICH,text_rich,PAGESTRUCT_LTMD_U1_W4_SOCIAL_SCIENCES_0.1
U1-H1982P5CI390-P033,H1982P5CI390,1982,5,CIENCIAS SOCIALES,33,3,115,91.90,0.0348,text_detected,,,,mixed_text_image,medium,OCR_MODERATE_TEXT,text_present,PAGESTRUCT_LTMD_U1_W4_SOCIAL_SCIENCES_0.1
U1-H1982P5CI390-P034,H1982P5CI390,1982,5,CIENCIAS SOCIALES,34,3,217,87.38,0.1106,text_detected,,,,textual,high,OCR_TEXT_RICH,text_rich,PAGESTRUCT_LTMD_U1_W4_SOCIAL_SCIENCES_0.1
U1-H1982P5CI390-P035,H1982P5CI390,1982,5,CIENCIAS SOCIALES,35,3,82,94.32,0.0000,text_detected,,,,mixed_text_image,medium,OCR_MODERATE_TEXT,text_present,PAGESTRUCT_LTMD_U1_W4_SOCIAL_SCIENCES_0.1
U1-H1982P5CI390-P036,H1982P5CI390,1982,5,CIENCIAS SOCIALES,36,3,110,94.03,0.0091,text_detected,,,,mixed_text_image,medium,OCR_MODERATE_TEXT,text_present,PAGESTRUCT_LTMD_U1_W4_SOCIAL_SCIENCES_0.1
U1-H1982P5CI390-P037,H1982P5CI390,1982,5,CIENCIAS SOCIALES,37,3,314,94.01,0.0032,text_detected,,,,textual,high,OCR_TEXT_RICH,text_rich,PAGESTRUCT_LTMD_U1_W4_SOCIAL_SCIENCES_0.1
U1-H1982P5CI390-P038,H1982P5CI390,1982,5,CIENCIAS SOCIALES,38,3,127,94.66,0.0079,text_detected,,,,textual,high,OCR_TEXT_RICH,text_rich,PAGESTRUCT_LTMD_U1_W4_SOCIAL_SCIENCES_0.1
U1-H1982P5CI390-P039,H1982P5CI390,1982,5,CIENCIAS SOCIALES,39,3,133,91.90,0.0226,text_detected,,,,textual,high,OCR_TEXT_RICH,text_rich,PAGESTRUCT_LTMD_U1_W4_SOCIAL_SCIENCES_0.1
U1-H1982P5CI390-P040,H1982P5CI390,1982,5,CIENCIAS SOCIALES,40,3,243,93.17,0.0206,text_detected,,,,textual,high,OCR_TEXT_RICH,text_rich,PAGESTRUCT_LTMD_U1_W4_SOCIAL_SCIENCES_0.1
U1-H1982P5CI390-P041,H1982P5CI390,1982,5,CIENCIAS SOCIALES,41,3,198,92.39,0.0354,text_detected,,,,textual,high,OCR_TEXT_RICH,text_rich,PAGESTRUCT_LTMD_U1_W4_SOCIAL_SCIENCES_0.1
U1-H1982P5CI390-P042,H1982P5CI390,1982,5,CIENCIAS SOCIALES,42,3,114,93.69,0.0088,text_detected,,,,mixed_text_image,medium,OCR_MODERATE_TEXT,text_present,PAGESTRUCT_LTMD_U1_W4_SOCIAL_SCIENCES_0.1
U1-H1982P5CI390-P043,H1982P5CI390,1982,5,CIENCIAS SOCIALES,43,3,112,93.45,0.0179,text_detected,,,,mixed_text_image,medium,OCR_MODERATE_TEXT,text_present,PAGESTRUCT_LTMD_U1_W4_SOCIAL_SCIENCES_0.1
U1-H1982P5CI390-P044,H1982P5CI390,1982,5,CIENCIAS SOCIALES,44,3,175,93.47,0.0057,text_detected,,,,textual,high,OCR_TEXT_RICH,text_rich,PAGESTRUCT_LTMD_U1_W4_SOCIAL_SCIENCES_0.1
U1-H1982P5CI390-P045,H1982P5CI390,1982,5,CIENCIAS SOCIALES,45,3,204,93.89,0.0098,text_detected,,,,textual,high,OCR_TEXT_RICH,text_rich,PAGESTRUCT_LTMD_U1_W4_SOCIAL_SCIENCES_0.1
U1-H1982P5CI390-P046,H1982P5CI390,1982,5,CIENCIAS SOCIALES,46,3,94,93.45,0.0213,text_detected,,,,mixed_text_image,medium,OCR_MODERATE_TEXT,text_present,PAGESTRUCT_LTMD_U1_W4_SOCIAL_SCIENCES_0.1
U1-H1982P5CI390-P047,H1982P5CI390,1982,5,CIENCIAS SOCIALES,47,3,282,91.92,0.0248,text_detected,,,,textual,high,OCR_TEXT_RICH,text_rich,PAGESTRUCT_LTMD_U1_W4_SOCIAL_SCIENCES_0.1
U1-H1982P5CI390-P048,H1982P5CI390,1982,5,CIENCIAS SOCIALES,48,3,115,90.25,0.0435,text_detected,,,,mixed_text_image,medium,OCR_MODERATE_TEXT,text_present,PAGESTRUCT_LTMD_U1_W4_SOCIAL_SCIENCES_0.1
U1-H1982P5CI390-P049,H1982P5CI390,1982,5,CIENCIAS SOCIALES,49,3,38,88.65,0.0789,text_detected,,,,mixed_text_image,medium,OCR_MODERATE_TEXT,text_present,PAGESTRUCT_LTMD_U1_W4_SOCIAL_SCIENCES_0.1
U1-H1982P5CI390-P050,H1982P5CI390,1982,5,CIENCIAS SOCIALES,50,3,115,93.63,0.0261,text_detected,,,,mixed_text_image,medium,OCR_MODERATE_TEXT,text_present,PAGESTRUCT_LTMD_U1_W4_SOCIAL_SCIENCES_0.1
U1-H1982P5CI390-P051,H1982P5CI390,1982,5,CIENCIAS SOCIALES,51,3,192,94.61,0.0156,text_detected,,,,textual,high,OCR_TEXT_RICH,text_rich,PAGESTRUCT_LTMD_U1_W4_SOCIAL_SCIENCES_0.1
U1-H1982P5CI390-P052,H1982P5CI390,1982,5,CIENCIAS SOCIALES,52,3,111,95.13,0.0090,text_detected,,,,mixed_text_image,medium,OCR_MODERATE_TEXT,text_present,PAGESTRUCT_LTMD_U1_W4_SOCIAL_SCIENCES_0.1
U1-H1982P5CI390-P053,H1982P5CI390,1982,5,CIENCIAS SOCIALES,53,3,66,91.44,0.0303,text_detected,,,,mixed_text_image,medium,OCR_MODERATE_TEXT,text_present,PAGESTRUCT_LTMD_U1_W4_SOCIAL_SCIENCES_0.1
U1-H1982P5CI390-P054,H1982P5CI390,1982,5,CIENCIAS SOCIALES,54,3,316,94.45,0.0158,text_detected,,,,textual,high,OCR_TEXT_RICH,text_rich,PAGESTRUCT_LTMD_U1_W4_SOCIAL_SCIENCES_0.1
U1-H1982P5CI390-P055,H1982P5CI390,1982,5,CIENCIAS SOCIALES,55,3,91,90.84,0.0549,text_detected,,,,mixed_text_image,medium,OCR_MODERATE_TEXT,text_present,PAGESTRUCT_LTMD_U1_W4_SOCIAL_SCIENCES_0.1
U1-H1982P5CI390-P056,H1982P5CI390,1982,5,CIENCIAS SOCIALES,56,3,74,93.89,0.0135,text_detected,,,,mixed_text_image,medium,OCR_MODERATE_TEXT,text_present,PAGESTRUCT_LTMD_U1_W4_SOCIAL_SCIENCES_0.1
U1-H1982P5CI390-P057,H1982P5CI390,1982,5,CIENCIAS SOCIALES,57,3,178,94.80,0.0000,text_detected,,,,textual,high,OCR_TEXT_RICH,text_rich,PAGESTRUCT_LTMD_U1_W4_SOCIAL_SCIENCES_0.1
U1-H1982P5CI390-P058,H1982P5CI390,1982,5,CIENCIAS SOCIALES,58,3,113,94.95,0.0000,text_detected,,,,mixed_text_image,medium,OCR_MODERATE_TEXT,text_present,PAGESTRUCT_LTMD_U1_W4_SOCIAL_SCIENCES_0.1
U1-H1982P5CI390-P059,H1982P5CI390,1982,5,CIENCIAS SOCIALES,59,3,199,94.78,0.0000,text_detected,,,,textual,high,OCR_TEXT_RICH,text_rich,PAGESTRUCT_LTMD_U1_W4_SOCIAL_SCIENCES_0.1
U1-H1982P5CI390-P060,H1982P5CI390,1982,5,CIENCIAS SOCIALES,60,3,163,95.05,0.0000,text_detected,,,,textual,high,OCR_TEXT_RICH,text_rich,PAGESTRUCT_LTMD_U1_W4_SOCIAL_SCIENCES_0.1
U1-H1982P5CI390-P061,H1982P5CI390,1982,5,CIENCIAS SOCIALES,61,3,330,94.21,0.0061,text_detected,,,,textual,high,OCR_TEXT_RICH,text_rich,PAGESTRUCT_LTMD_U1_W4_SOCIAL_SCIENCES_0.1
U1-H1982P5CI390-P062,H1982P5CI390,1982,5,CIENCIAS SOCIALES,62,3,249,94.84,0.0000,text_detected,,,,textual,high,OCR_TEXT_RICH,text_rich,PAGESTRUCT_LTMD_U1_W4_SOCIAL_SCIENCES_0.1
U1-H1982P5CI390-P063,H1982P5CI390,1982,5,CIENCIAS SOCIALES,63,3,218,93.49,0.0183,text_detected,,,,textual,high,OCR_TEXT_RICH,text_rich,PAGESTRUCT_LTMD_U1_W4_SOCIAL_SCIENCES_0.1
U1-H1982P5CI390-P064,H1982P5CI390,1982,5,CIENCIAS SOCIALES,64,3,107,95.22,0.0000,text_detected,,,,mixed_text_image,medium,OCR_MODERATE_TEXT,text_present,PAGESTRUCT_LTMD_U1_W4_SOCIAL_SCIENCES_0.1
U1-H1982P5CI390-P065,H1982P5CI390,1982,5,CIENCIAS SOCIALES,65,3,110,93.50,0.0182,text_detected,,,,mixed_text_image,medium,OCR_MODERATE_TEXT,text_present,PAGESTRUCT_LTMD_U1_W4_SOCIAL_SCIENCES_0.1
U1-H1982P5CI390-P066,H1982P5CI390,1982,5,CIENCIAS SOCIALES,66,3,118,95.22,0.0000,text_detected,,,,mixed_text_image,medium,OCR_MODERATE_TEXT,text_present,PAGESTRUCT_LTMD_U1_W4_SOCIAL_SCIENCES_0.1
U1-H1982P5CI390-P067,H1982P5CI390,1982,5,CIENCIAS SOCIALES,67,3,227,92.97,0.0308,text_detected,,,,textual,high,OCR_TEXT_RICH,text_rich,PAGESTRUCT_LTMD_U1_W4_SOCIAL_SCIENCES_0.1
U1-H1982P5CI390-P068,H1982P5CI390,1982,5,CIENCIAS SOCIALES,68,3,155,94.29,0.0065,text_detected,,,,textual,high,OCR_TEXT_RICH,text_rich,PAGESTRUCT_LTMD_U1_W4_SOCIAL_SCIENCES_0.1
U1-H1982P5CI390-P069,H1982P5CI390,1982,5,CIENCIAS SOCIALES,69,3,156,94.44,0.0128,text_detected,,,,textual,high,OCR_TEXT_RICH,text_rich,PAGESTRUCT_LTMD_U1_W4_SOCIAL_SCIENCES_0.1
U1-H1982P5CI390-P070,H1982P5CI390,1982,5,CIENCIAS SOCIALES,70,3,138,94.72,0.0072,text_detected,,,,textual,high,OCR_TEXT_RICH,text_rich,PAGESTRUCT_LTMD_U1_W4_SOCIAL_SCIENCES_0.1
U1-H1982P5CI390-P071,H1982P5CI390,1982,5,CIENCIAS SOCIALES,71,3,180,94.85,0.0000,text_detected,,,,textual,high,OCR_TEXT_RICH,text_rich,PAGESTRUCT_LTMD_U1_W4_SOCIAL_SCIENCES_0.1
U1-H1982P5CI390-P072,H1982P5CI390,1982,5,CIENCIAS SOCIALES,72,3,123,92.72,0.0407,text_detected,,,,textual,high,OCR_TEXT_RICH,text_rich,PAGESTRUCT_LTMD_U1_W4_SOCIAL_SCIENCES_0.1
U1-H1982P5CI390-P073,H1982P5CI390,1982,5,CIENCIAS SOCIALES,73,3,175,94.15,0.0114,text_detected,,,,textual,high,OCR_TEXT_RICH,text_rich,PAGESTRUCT_LTMD_U1_W4_SOCIAL_SCIENCES_0.1
U1-H1982P5CI390-P074,H1982P5CI390,1982,5,CIENCIAS SOCIALES,74,3,73,92.56,0.0137,text_detected,,,,mixed_text_image,medium,OCR_MODERATE_TEXT,text_present,PAGESTRUCT_LTMD_U1_W4_SOCIAL_SCIENCES_0.1
U1-H1982P5CI390-P075,H1982P5CI390,1982,5,CIENCIAS SOCIALES,75,3,103,94.05,0.0000,text_detected,,,,mixed_text_image,medium,OCR_MODERATE_TEXT,text_present,PAGESTRUCT_LTMD_U1_W4_SOCIAL_SCIENCES_0.1
U1-H1982P5CI390-P076,H1982P5CI390,1982,5,CIENCIAS SOCIALES,76,3,186,93.07,0.0215,text_detected,,,,textual,high,OCR_TEXT_RICH,text_rich,PAGESTRUCT_LTMD_U1_W4_SOCIAL_SCIENCES_0.1
U1-H1982P5CI390-P077,H1982P5CI390,1982,5,CIENCIAS SOCIALES,77,3,136,92.87,0.0294,text_detected,,,,textual,high,OCR_TEXT_RICH,text_rich,PAGESTRUCT_LTMD_U1_W4_SOCIAL_SCIENCES_0.1
U1-H1982P5CI390-P078,H1982P5CI390,1982,5,CIENCIAS SOCIALES,78,3,123,80.71,0.1626,text_detected,,,,textual,high,OCR_TEXT_RICH,text_rich,PAGESTRUCT_LTMD_U1_W4_SOCIAL_SCIENCES_0.1
U1-H1982P5CI390-P079,H1982P5CI390,1982,5,CIENCIAS SOCIALES,79,3,212,94.25,0.0047,text_detected,,,,textual,high,OCR_TEXT_RICH,text_rich,PAGESTRUCT_LTMD_U1_W4_SOCIAL_SCIENCES_0.1
U1-H1982P5CI390-P080,H1982P5CI390,1982,5,CIENCIAS SOCIALES,80,3,132,95.33,0.0000,text_detected,,,,textual,high,OCR_TEXT_RICH,text_rich,PAGESTRUCT_LTMD_U1_W4_SOCIAL_SCIENCES_0.1
U1-H1982P5CI390-P081,H1982P5CI390,1982,5,CIENCIAS SOCIALES,81,3,167,94.19,0.0120,text_detected,,,,textual,high,OCR_TEXT_RICH,text_rich,PAGESTRUCT_LTMD_U1_W4_SOCIAL_SCIENCES_0.1
U1-H1982P5CI390-P082,H1982P5CI390,1982,5,CIENCIAS SOCIALES,82,3,196,94.08,0.0102,text_detected,,,,textual,high,OCR_TEXT_RICH,text_rich,PAGESTRUCT_LTMD_U1_W4_SOCIAL_SCIENCES_0.1
U1-H1982P5CI390-P083,H1982P5CI390,1982,5,CIENCIAS SOCIALES,83,3,92,94.48,0.0000,text_detected,,,,mixed_text_image,medium,OCR_MODERATE_TEXT,text_present,PAGESTRUCT_LTMD_U1_W4_SOCIAL_SCIENCES_0.1
U1-H1982P5CI390-P084,H1982P5CI390,1982,5,CIENCIAS SOCIALES,84,3,261,93.62,0.0115,text_detected,,,,textual,high,OCR_TEXT_RICH,text_rich,PAGESTRUCT_LTMD_U1_W4_SOCIAL_SCIENCES_0.1
U1-H1982P5CI390-P085,H1982P5CI390,1982,5,CIENCIAS SOCIALES,85,3,211,94.02,0.0142,text_detected,,,,textual,high,OCR_TEXT_RICH,text_rich,PAGESTRUCT_LTMD_U1_W4_SOCIAL_SCIENCES_0.1
U1-H1982P5CI390-P086,H1982P5CI390,1982,5,CIENCIAS SOCIALES,86,3,71,90.32,0.0704,text_detected,,,,mixed_text_image,medium,OCR_MODERATE_TEXT,text_present,PAGESTRUCT_LTMD_U1_W4_SOCIAL_SCIENCES_0.1
U1-H1982P5CI390-P087,H1982P5CI390,1982,5,CIENCIAS SOCIALES,87,3,80,95.49,0.0000,text_detected,,,,mixed_text_image,medium,OCR_MODERATE_TEXT,text_present,PAGESTRUCT_LTMD_U1_W4_SOCIAL_SCIENCES_0.1
U1-H1982P5CI390-P088,H1982P5CI390,1982,5,CIENCIAS SOCIALES,88,3,133,95.40,0.0000,text_detected,,,,textual,high,OCR_TEXT_RICH,text_rich,PAGESTRUCT_LTMD_U1_W4_SOCIAL_SCIENCES_0.1
U1-H1982P5CI390-P089,H1982P5CI390,1982,5,CIENCIAS SOCIALES,89,3,126,95.12,0.0000,text_detected,,,,textual,high,OCR_TEXT_RICH,text_rich,PAGESTRUCT_LTMD_U1_W4_SOCIAL_SCIENCES_0.1
U1-H1982P5CI390-P090,H1982P5CI390,1982,5,CIENCIAS SOCIALES,90,3,175,94.69,0.0000,text_detected,,,,textual,high,OCR_TEXT_RICH,text_rich,PAGESTRUCT_LTMD_U1_W4_SOCIAL_SCIENCES_0.1
U1-H1982P5CI390-P091,H1982P5CI390,1982,5,CIENCIAS SOCIALES,91,3,164,93.19,0.0244,text_detected,,,,textual,high,OCR_TEXT_RICH,text_rich,PAGESTRUCT_LTMD_U1_W4_SOCIAL_SCIENCES_0.1
U1-H1982P5CI390-P092,H1982P5CI390,1982,5,CIENCIAS SOCIALES,92,3,109,93.03,0.0183,text_detected,,,,mixed_text_image,medium,OCR_MODERATE_TEXT,text_present,PAGESTRUCT_LTMD_U1_W4_SOCIAL_SCIENCES_0.1
U1-H1982P5CI390-P093,H1982P5CI390,1982,5,CIENCIAS SOCIALES,93,3,154,95.51,0.0000,text_detected,,,,textual,high,OCR_TEXT_RICH,text_rich,PAGESTRUCT_LTMD_U1_W4_SOCIAL_SCIENCES_0.1
U1-H1982P5CI390-P094,H1982P5CI390,1982,5,CIENCIAS SOCIALES,94,3,143,93.62,0.0210,text_detected,,,,textual,high,OCR_TEXT_RICH,text_rich,PAGESTRUCT_LTMD_U1_W4_SOCIAL_SCIENCES_0.1
U1-H1982P5CI390-P095,H1982P5CI390,1982,5,CIENCIAS SOCIALES,95,3,175,94.10,0.0114,text_detected,,,,textual,high,OCR_TEXT_RICH,text_rich,PAGESTRUCT_LTMD_U1_W4_SOCIAL_SCIENCES_0.1
U1-H1982P5CI390-P096,H1982P5CI390,1982,5,CIENCIAS SOCIALES,96,3,159,94.42,0.0063,text_detected,,,,textual,high,OCR_TEXT_RICH,text_rich,PAGESTRUCT_LTMD_U1_W4_SOCIAL_SCIENCES_0.1
U1-H1982P5CI390-P097,H1982P5CI390,1982,5,CIENCIAS SOCIALES,97,3,96,94.44,0.0000,text_detected,,,,mixed_text_image,medium,OCR_MODERATE_TEXT,text_present,PAGESTRUCT_LTMD_U1_W4_SOCIAL_SCIENCES_0.1
U1-H1982P5CI390-P098,H1982P5CI390,1982,5,CIENCIAS SOCIALES,98,3,146,91.38,0.0548,text_detected,,,,textual,high,OCR_TEXT_RICH,text_rich,PAGESTRUCT_LTMD_U1_W4_SOCIAL_SCIENCES_0.1
U1-H1982P5CI390-P099,H1982P5CI390,1982,5,CIENCIAS SOCIALES,99,3,119,94.29,0.0000,text_detected,,,,mixed_text_image,medium,OCR_MODERATE_TEXT,text_present,PAGESTRUCT_LTMD_U1_W4_SOCIAL_SCIENCES_0.1
U1-H1982P5CI390-P100,H1982P5CI390,1982,5,CIENCIAS SOCIALES,100,3,203,94.69,0.0099,text_detected,,,,textual,high,OCR_TEXT_RICH,text_rich,PAGESTRUCT_LTMD_U1_W4_SOCIAL_SCIENCES_0.1
U1-H1982P5CI390-P101,H1982P5CI390,1982,5,CIENCIAS SOCIALES,101,3,168,94.74,0.0060,text_detected,,,,textual,high,OCR_TEXT_RICH,text_rich,PAGESTRUCT_LTMD_U1_W4_SOCIAL_SCIENCES_0.1
U1-H1982P5CI390-P102,H1982P5CI390,1982,5,CIENCIAS SOCIALES,102,3,136,93.74,0.0074,text_detected,,,,textual,high,OCR_TEXT_RICH,text_rich,PAGESTRUCT_LTMD_U1_W4_SOCIAL_SCIENCES_0.1
U1-H1982P5CI390-P103,H1982P5CI390,1982,5,CIENCIAS SOCIALES,103,3,114,94.89,0.0088,text_detected,,,,mixed_text_image,medium,OCR_MODERATE_TEXT,text_present,PAGESTRUCT_LTMD_U1_W4_SOCIAL_SCIENCES_0.1
U1-H1982P5CI390-P104,H1982P5CI390,1982,5,CIENCIAS SOCIALES,104,3,166,94.94,0.0060,text_detected,,,,textual,high,OCR_TEXT_RICH,text_rich,PAGESTRUCT_LTMD_U1_W4_SOCIAL_SCIENCES_0.1
U1-H1982P5CI390-P105,H1982P5CI390,1982,5,CIENCIAS SOCIALES,105,3,173,94.75,0.0058,text_detected,,,,textual,high,OCR_TEXT_RICH,text_rich,PAGESTRUCT_LTMD_U1_W4_SOCIAL_SCIENCES_0.1
U1-H1982P5CI390-P106,H1982P5CI390,1982,5,CIENCIAS SOCIALES,106,3,130,94.12,0.0077,text_detected,,,,textual,high,OCR_TEXT_RICH,text_rich,PAGESTRUCT_LTMD_U1_W4_SOCIAL_SCIENCES_0.1
U1-H1982P5CI390-P107,H1982P5CI390,1982,5,CIENCIAS SOCIALES,107,3,89,93.86,0.0112,text_detected,,,,mixed_text_image,medium,OCR_MODERATE_TEXT,text_present,PAGESTRUCT_LTMD_U1_W4_SOCIAL_SCIENCES_0.1
U1-H1982P5CI390-P108,H1982P5CI390,1982,5,CIENCIAS SOCIALES,108,3,112,93.76,0.0268,text_detected,,,,mixed_text_image,medium,OCR_MODERATE_TEXT,text_present,PAGESTRUCT_LTMD_U1_W4_SOCIAL_SCIENCES_0.1
U1-H1982P5CI390-P109,H1982P5CI390,1982,5,CIENCIAS SOCIALES,109,3,104,94.79,0.0000,text_detected,,,,mixed_text_image,medium,OCR_MODERATE_TEXT,text_present,PAGESTRUCT_LTMD_U1_W4_SOCIAL_SCIENCES_0.1
U1-H1982P5CI390-P110,H1982P5CI390,1982,5,CIENCIAS SOCIALES,110,3,198,94.20,0.0051,text_detected,,,,textual,high,OCR_TEXT_RICH,text_rich,PAGESTRUCT_LTMD_U1_W4_SOCIAL_SCIENCES_0.1
U1-H1982P5CI390-P111,H1982P5CI390,1982,5,CIENCIAS SOCIALES,111,3,131,94.30,0.0076,text_detected,,,,textual,high,OCR_TEXT_RICH,text_rich,PAGESTRUCT_LTMD_U1_W4_SOCIAL_SCIENCES_0.1
U1-H1982P5CI390-P112,H1982P5CI390,1982,5,CIENCIAS SOCIALES,112,3,107,94.95,0.0000,text_detected,,,,mixed_text_image,medium,OCR_MODERATE_TEXT,text_present,PAGESTRUCT_LTMD_U1_W4_SOCIAL_SCIENCES_0.1
U1-H1982P5CI390-P113,H1982P5CI390,1982,5,CIENCIAS SOCIALES,113,3,101,90.24,0.0693,text_detected,,,,mixed_text_image,medium,OCR_MODERATE_TEXT,text_present,PAGESTRUCT_LTMD_U1_W4_SOCIAL_SCIENCES_0.1
U1-H1982P5CI390-P114,H1982P5CI390,1982,5,CIENCIAS SOCIALES,114,3,122,94.45,0.0082,text_detected,,,,textual,high,OCR_TEXT_RICH,text_rich,PAGESTRUCT_LTMD_U1_W4_SOCIAL_SCIENCES_0.1
U1-H1982P5CI390-P115,H1982P5CI390,1982,5,CIENCIAS SOCIALES,115,3,73,92.72,0.0411,text_detected,,,,mixed_text_image,medium,OCR_MODERATE_TEXT,text_present,PAGESTRUCT_LTMD_U1_W4_SOCIAL_SCIENCES_0.1
U1-H1982P5CI390-P116,H1982P5CI390,1982,5,CIENCIAS SOCIALES,116,3,242,94.32,0.0083,text_detected,,,,textual,high,OCR_TEXT_RICH,text_rich,PAGESTRUCT_LTMD_U1_W4_SOCIAL_SCIENCES_0.1
U1-H1982P5CI390-P117,H1982P5CI390,1982,5,CIENCIAS SOCIALES,117,3,201,94.21,0.0249,text_detected,,,,textual,high,OCR_TEXT_RICH,text_rich,PAGESTRUCT_LTMD_U1_W4_SOCIAL_SCIENCES_0.1
U1-H1982P5CI390-P118,H1982P5CI390,1982,5,CIENCIAS SOCIALES,118,3,228,92.10,0.0482,text_detected,,,,textual,high,OCR_TEXT_RICH,text_rich,PAGESTRUCT_LTMD_U1_W4_SOCIAL_SCIENCES_0.1
U1-H1982P5CI390-P119,H1982P5CI390,1982,5,CIENCIAS SOCIALES,119,3,119,79.16,0.2269,text_detected,,,,mixed_text_image,medium,OCR_MODERATE_TEXT,text_present,PAGESTRUCT_LTMD_U1_W4_SOCIAL_SCIENCES_0.1
U1-H1982P5CI390-P120,H1982P5CI390,1982,5,CIENCIAS SOCIALES,120,3,183,94.50,0.0109,text_detected,,,,textual,high,OCR_TEXT_RICH,text_rich,PAGESTRUCT_LTMD_U1_W4_SOCIAL_SCIENCES_0.1
U1-H1982P5CI390-P121,H1982P5CI390,1982,5,CIENCIAS SOCIALES,121,3,267,94.40,0.0037,text_detected,,,,textual,high,OCR_TEXT_RICH,text_rich,PAGESTRUCT_LTMD_U1_W4_SOCIAL_SCIENCES_0.1
U1-H1982P5CI390-P122,H1982P5CI390,1982,5,CIENCIAS SOCIALES,122,3,253,94.61,0.0119,text_detected,,,,textual,high,OCR_TEXT_RICH,text_rich,PAGESTRUCT_LTMD_U1_W4_SOCIAL_SCIENCES_0.1
U1-H1982P5CI390-P123,H1982P5CI390,1982,5,CIENCIAS SOCIALES,123,3,134,94.99,0.0000,text_detected,,,,textual,high,OCR_TEXT_RICH,text_rich,PAGESTRUCT_LTMD_U1_W4_SOCIAL_SCIENCES_0.1
U1-H1982P5CI390-P124,H1982P5CI390,1982,5,CIENCIAS SOCIALES,124,3,208,94.78,0.0000,text_detected,,,,textual,high,OCR_TEXT_RICH,text_rich,PAGESTRUCT_LTMD_U1_W4_SOCIAL_SCIENCES_0.1
U1-H1982P5CI390-P125,H1982P5CI390,1982,5,CIENCIAS SOCIALES,125,3,124,94.22,0.0081,text_detected,,,,textual,high,OCR_TEXT_RICH,text_rich,PAGESTRUCT_LTMD_U1_W4_SOCIAL_SCIENCES_0.1
U1-H1982P5CI390-P126,H1982P5CI390,1982,5,CIENCIAS SOCIALES,126,3,176,90.36,0.0625,text_detected,,,,textual,high,OCR_TEXT_RICH,text_rich,PAGESTRUCT_LTMD_U1_W4_SOCIAL_SCIENCES_0.1
U1-H1982P5CI390-P127,H1982P5CI390,1982,5,CIENCIAS SOCIALES,127,3,168,92.84,0.0238,text_detected,,,,textual,high,OCR_TEXT_RICH,text_rich,PAGESTRUCT_LTMD_U1_W4_SOCIAL_SCIENCES_0.1
U1-H1982P5CI390-P128,H1982P5CI390,1982,5,CIENCIAS SOCIALES,128,3,165,93.68,0.0242,text_detected,,,,textual,high,OCR_TEXT_RICH,text_rich,PAGESTRUCT_LTMD_U1_W4_SOCIAL_SCIENCES_0.1
U1-H1982P5CI390-P129,H1982P5CI390,1982,5,CIENCIAS SOCIALES,129,3,188,93.06,0.0266,text_detected,,,,textual,high,OCR_TEXT_RICH,text_rich,PAGESTRUCT_LTMD_U1_W4_SOCIAL_SCIENCES_0.1
U1-H1982P5CI390-P130,H1982P5CI390,1982,5,CIENCIAS SOCIALES,130,3,293,94.14,0.0102,text_detected,,,,textual,high,OCR_TEXT_RICH,text_rich,PAGESTRUCT_LTMD_U1_W4_SOCIAL_SCIENCES_0.1
U1-H1982P5CI390-P131,H1982P5CI390,1982,5,CIENCIAS SOCIALES,131,3,100,94.84,0.0100,text_detected,0,0,0,mixed_text_image,medium,OCR_MODERATE_TEXT,end_zone;text_present,PAGESTRUCT_LTMD_U1_W4_SOCIAL_SCIENCES_0.1
U1-H1982P5CI390-P132,H1982P5CI390,1982,5,CIENCIAS SOCIALES,132,3,201,94.19,0.0050,text_detected,0,0,0,textual,high,OCR_TEXT_RICH,end_zone;text_rich,PAGESTRUCT_LTMD_U1_W4_SOCIAL_SCIENCES_0.1
U1-H1982P5CI390-P133,H1982P5CI390,1982,5,CIENCIAS SOCIALES,133,3,314,94.30,0.0064,text_detected,0,0,0,textual,high,OCR_TEXT_RICH,end_zone;text_rich,PAGESTRUCT_LTMD_U1_W4_SOCIAL_SCIENCES_0.1
U1-H1982P5CI390-P134,H1982P5CI390,1982,5,CIENCIAS SOCIALES,134,3,306,93.90,0.0163,text_detected,0,1,0,textual,high,OCR_TEXT_RICH,end_zone;text_rich;nav_kw,PAGESTRUCT_LTMD_U1_W4_SOCIAL_SCIENCES_0.1
U1-H1982P5CI390-P135,H1982P5CI390,1982,5,CIENCIAS SOCIALES,135,3,128,94.46,0.0000,text_detected,0,0,0,textual,high,OCR_TEXT_RICH,end_zone;text_rich,PAGESTRUCT_LTMD_U1_W4_SOCIAL_SCIENCES_0.1
U1-H1982P5CI390-P136,H1982P5CI390,1982,5,CIENCIAS SOCIALES,136,3,160,92.79,0.0250,text_detected,0,0,0,textual,high,OCR_TEXT_RICH,end_zone;text_rich,PAGESTRUCT_LTMD_U1_W4_SOCIAL_SCIENCES_0.1
U1-H1982P5CI390-P137,H1982P5CI390,1982,5,CIENCIAS SOCIALES,137,3,146,93.89,0.0068,text_detected,0,0,0,textual,high,OCR_TEXT_RICH,end_zone;text_rich,PAGESTRUCT_LTMD_U1_W4_SOCIAL_SCIENCES_0.1
U1-H1982P5CI390-P138,H1982P5CI390,1982,5,CIENCIAS SOCIALES,138,3,197,94.81,0.0000,text_detected,0,0,0,textual,high,OCR_TEXT_RICH,end_zone;text_rich,PAGESTRUCT_LTMD_U1_W4_SOCIAL_SCIENCES_0.1
U1-H1982P5CI390-P139,H1982P5CI390,1982,5,CIENCIAS SOCIALES,139,3,366,93.93,0.0137,text_detected,0,0,0,textual,high,OCR_TEXT_RICH,end_zone;text_rich,PAGESTRUCT_LTMD_U1_W4_SOCIAL_SCIENCES_0.1
U1-H1982P5CI390-P140,H1982P5CI390,1982,5,CIENCIAS SOCIALES,140,3,228,92.83,0.0175,text_detected,0,0,0,textual,high,OCR_TEXT_RICH,end_zone;text_rich,PAGESTRUCT_LTMD_U1_W4_SOCIAL_SCIENCES_0.1
U1-H1982P5CI390-P141,H1982P5CI390,1982,5,CIENCIAS SOCIALES,141,3,244,90.87,0.0246,text_detected,0,0,0,textual,high,OCR_TEXT_RICH,end_zone;text_rich,PAGESTRUCT_LTMD_U1_W4_SOCIAL_SCIENCES_0.1
U1-H1982P5CI390-P142,H1982P5CI390,1982,5,CIENCIAS SOCIALES,142,3,195,93.59,0.0051,text_detected,0,0,0,textual,high,OCR_TEXT_RICH,end_zone;text_rich,PAGESTRUCT_LTMD_U1_W4_SOCIAL_SCIENCES_0.1
U1-H1982P5CI390-P143,H1982P5CI390,1982,5,CIENCIAS SOCIALES,143,3,171,93.34,0.0058,text_detected,0,0,0,textual,high,OCR_TEXT_RICH,end_zone;text_rich,PAGESTRUCT_LTMD_U1_W4_SOCIAL_SCIENCES_0.1
U1-H1982P5CI390-P144,H1982P5CI390,1982,5,CIENCIAS SOCIALES,144,3,118,86.92,0.0932,text_detected,0,0,1,bibliography_or_credits,medium,KW_BIBLIO_CREDITS,end_zone;text_present;biblio_credit_kw,PAGESTRUCT_LTMD_U1_W4_SOCIAL_SCIENCES_0.1
U1-H1982P5CI390-P145,H1982P5CI390,1982,5,CIENCIAS SOCIALES,145,3,130,81.63,0.1231,text_detected,0,0,0,textual,high,OCR_TEXT_RICH,end_zone;text_rich,PAGESTRUCT_LTMD_U1_W4_SOCIAL_SCIENCES_0.1
U1-H1982P5CI390-P146,H1982P5CI390,1982,5,CIENCIAS SOCIALES,146,,0,,1.0000,no_text_detected,0,0,0,visual_only,high,OCR_VISUAL_NOISE,end_zone;visual_noise,PAGESTRUCT_LTMD_U1_W4_SOCIAL_SCIENCES_0.1
U1-H1982P6CI396-P001,H1982P6CI396,1982,6,CIENCIAS SOCIALES,1,6,30,44.47,0.7000,text_detected,0,0,0,visual_only,medium,OCR_VISUAL_NOISE,front_zone;fallback_psm;visual_noise,PAGESTRUCT_LTMD_U1_W4_SOCIAL_SCIENCES_0.1
U1-H1982P6CI396-P002,H1982P6CI396,1982,6,CIENCIAS SOCIALES,2,6,86,27.41,0.8837,text_detected,0,0,0,visual_only,high,OCR_VISUAL_NOISE,front_zone;fallback_psm;visual_noise,PAGESTRUCT_LTMD_U1_W4_SOCIAL_SCIENCES_0.1
U1-H1982P6CI396-P003,H1982P6CI396,1982,6,CIENCIAS SOCIALES,3,3,33,91.82,0.0000,text_detected,0,0,2,bibliography_or_credits,high,KW_BIBLIO_CREDITS,front_zone;text_present;biblio_credit_kw,PAGESTRUCT_LTMD_U1_W4_SOCIAL_SCIENCES_0.1
U1-H1982P6CI396-P004,H1982P6CI396,1982,6,CIENCIAS SOCIALES,4,3,158,86.42,0.0886,text_detected,0,1,0,toc_or_navigation,medium,KW_NAVIGATION,front_zone;text_rich;nav_kw,PAGESTRUCT_LTMD_U1_W4_SOCIAL_SCIENCES_0.1
U1-H1982P6CI396-P005,H1982P6CI396,1982,6,CIENCIAS SOCIALES,5,3,122,74.98,0.2377,text_detected,0,0,0,mixed_text_image,medium,OCR_MODERATE_TEXT,front_zone;text_present,PAGESTRUCT_LTMD_U1_W4_SOCIAL_SCIENCES_0.1
U1-H1982P6CI396-P006,H1982P6CI396,1982,6,CIENCIAS SOCIALES,6,3,471,90.92,0.0361,text_detected,0,2,0,toc_or_navigation,high,KW_NAVIGATION,front_zone;text_rich;nav_kw,PAGESTRUCT_LTMD_U1_W4_SOCIAL_SCIENCES_0.1
U1-H1982P6CI396-P007,H1982P6CI396,1982,6,CIENCIAS SOCIALES,7,3,17,64.91,0.3529,text_detected,0,0,0,unknown,low,CONSERVATIVE_UNKNOWN,front_zone,PAGESTRUCT_LTMD_U1_W4_SOCIAL_SCIENCES_0.1
U1-H1982P6CI396-P008,H1982P6CI396,1982,6,CIENCIAS SOCIALES,8,3,100,90.92,0.0300,text_detected,0,0,0,mixed_text_image,medium,OCR_MODERATE_TEXT,front_zone;text_present,PAGESTRUCT_LTMD_U1_W4_SOCIAL_SCIENCES_0.1
U1-H1982P6CI396-P009,H1982P6CI396,1982,6,CIENCIAS SOCIALES,9,3,83,84.54,0.0964,text_detected,0,0,0,mixed_text_image,medium,OCR_MODERATE_TEXT,front_zone;text_present,PAGESTRUCT_LTMD_U1_W4_SOCIAL_SCIENCES_0.1
U1-H1982P6CI396-P010,H1982P6CI396,1982,6,CIENCIAS SOCIALES,10,3,59,84.90,0.1356,text_detected,0,0,0,mixed_text_image,medium,OCR_MODERATE_TEXT,front_zone;text_present,PAGESTRUCT_LTMD_U1_W4_SOCIAL_SCIENCES_0.1
U1-H1982P6CI396-P011,H1982P6CI396,1982,6,CIENCIAS SOCIALES,11,6,103,45.61,0.6796,text_detected,0,0,0,visual_only,medium,OCR_VISUAL_NOISE,front_zone;fallback_psm;visual_noise,PAGESTRUCT_LTMD_U1_W4_SOCIAL_SCIENCES_0.1
U1-H1982P6CI396-P012,H1982P6CI396,1982,6,CIENCIAS SOCIALES,12,3,181,86.00,0.0939,text_detected,0,0,0,textual,high,OCR_TEXT_RICH,front_zone;text_rich,PAGESTRUCT_LTMD_U1_W4_SOCIAL_SCIENCES_0.1
U1-H1982P6CI396-P013,H1982P6CI396,1982,6,CIENCIAS SOCIALES,13,3,129,92.62,0.0155,text_detected,0,0,0,textual,high,OCR_TEXT_RICH,front_zone;text_rich,PAGESTRUCT_LTMD_U1_W4_SOCIAL_SCIENCES_0.1
U1-H1982P6CI396-P014,H1982P6CI396,1982,6,CIENCIAS SOCIALES,14,3,69,91.14,0.0580,text_detected,0,0,0,mixed_text_image,medium,OCR_MODERATE_TEXT,front_zone;text_present,PAGESTRUCT_LTMD_U1_W4_SOCIAL_SCIENCES_0.1
U1-H1982P6CI396-P015,H1982P6CI396,1982,6,CIENCIAS SOCIALES,15,3,63,93.49,0.0000,text_detected,0,1,0,toc_or_navigation,medium,KW_NAVIGATION,front_zone;text_present;nav_kw,PAGESTRUCT_LTMD_U1_W4_SOCIAL_SCIENCES_0.1
U1-H1982P6CI396-P016,H1982P6CI396,1982,6,CIENCIAS SOCIALES,16,3,31,90.77,0.0645,text_detected,0,0,0,mixed_text_image,medium,OCR_MODERATE_TEXT,front_zone;text_present,PAGESTRUCT_LTMD_U1_W4_SOCIAL_SCIENCES_0.1
U1-H1982P6CI396-P017,H1982P6CI396,1982,6,CIENCIAS SOCIALES,17,6,54,31.09,0.8889,text_detected,,,,visual_only,high,OCR_VISUAL_NOISE,fallback_psm;visual_noise,PAGESTRUCT_LTMD_U1_W4_SOCIAL_SCIENCES_0.1
U1-H1982P6CI396-P018,H1982P6CI396,1982,6,CIENCIAS SOCIALES,18,3,146,80.82,0.1918,text_detected,,,,textual,high,OCR_TEXT_RICH,text_rich,PAGESTRUCT_LTMD_U1_W4_SOCIAL_SCIENCES_0.1
U1-H1982P6CI396-P019,H1982P6CI396,1982,6,CIENCIAS SOCIALES,19,3,73,58.73,0.4932,text_detected,,,,unknown,low,CONSERVATIVE_UNKNOWN,,PAGESTRUCT_LTMD_U1_W4_SOCIAL_SCIENCES_0.1
U1-H1982P6CI396-P020,H1982P6CI396,1982,6,CIENCIAS SOCIALES,20,3,286,72.04,0.2972,text_detected,,,,mixed_text_image,medium,OCR_MODERATE_TEXT,text_present,PAGESTRUCT_LTMD_U1_W4_SOCIAL_SCIENCES_0.1
U1-H1982P6CI396-P021,H1982P6CI396,1982,6,CIENCIAS SOCIALES,21,3,289,84.37,0.1280,text_detected,,,,textual,high,OCR_TEXT_RICH,text_rich,PAGESTRUCT_LTMD_U1_W4_SOCIAL_SCIENCES_0.1
U1-H1982P6CI396-P022,H1982P6CI396,1982,6,CIENCIAS SOCIALES,22,3,174,88.15,0.0690,text_detected,,,,textual,high,OCR_TEXT_RICH,text_rich,PAGESTRUCT_LTMD_U1_W4_SOCIAL_SCIENCES_0.1
U1-H1982P6CI396-P023,H1982P6CI396,1982,6,CIENCIAS SOCIALES,23,3,30,94.39,0.0000,text_detected,,,,mixed_text_image,medium,OCR_MODERATE_TEXT,text_present,PAGESTRUCT_LTMD_U1_W4_SOCIAL_SCIENCES_0.1
U1-H1982P6CI396-P024,H1982P6CI396,1982,6,CIENCIAS SOCIALES,24,3,316,90.52,0.0475,text_detected,,,,textual,high,OCR_TEXT_RICH,text_rich,PAGESTRUCT_LTMD_U1_W4_SOCIAL_SCIENCES_0.1
U1-H1982P6CI396-P025,H1982P6CI396,1982,6,CIENCIAS SOCIALES,25,3,287,92.07,0.0139,text_detected,,,,textual,high,OCR_TEXT_RICH,text_rich,PAGESTRUCT_LTMD_U1_W4_SOCIAL_SCIENCES_0.1
U1-H1982P6CI396-P026,H1982P6CI396,1982,6,CIENCIAS SOCIALES,26,3,10,74.83,0.3000,text_detected,,,,unknown,low,CONSERVATIVE_UNKNOWN,,PAGESTRUCT_LTMD_U1_W4_SOCIAL_SCIENCES_0.1
U1-H1982P6CI396-P027,H1982P6CI396,1982,6,CIENCIAS SOCIALES,27,3,310,92.83,0.0129,text_detected,,,,textual,high,OCR_TEXT_RICH,text_rich,PAGESTRUCT_LTMD_U1_W4_SOCIAL_SCIENCES_0.1
U1-H1982P6CI396-P028,H1982P6CI396,1982,6,CIENCIAS SOCIALES,28,3,295,92.31,0.0305,text_detected,,,,textual,high,OCR_TEXT_RICH,text_rich,PAGESTRUCT_LTMD_U1_W4_SOCIAL_SCIENCES_0.1
U1-H1982P6CI396-P029,H1982P6CI396,1982,6,CIENCIAS SOCIALES,29,3,327,91.92,0.0275,text_detected,,,,textual,high,OCR_TEXT_RICH,text_rich,PAGESTRUCT_LTMD_U1_W4_SOCIAL_SCIENCES_0.1
U1-H1982P6CI396-P030,H1982P6CI396,1982,6,CIENCIAS SOCIALES,30,3,242,89.20,0.0702,text_detected,,,,textual,high,OCR_TEXT_RICH,text_rich,PAGESTRUCT_LTMD_U1_W4_SOCIAL_SCIENCES_0.1
U1-H1982P6CI396-P031,H1982P6CI396,1982,6,CIENCIAS SOCIALES,31,3,234,93.34,0.0128,text_detected,,,,textual,high,OCR_TEXT_RICH,text_rich,PAGESTRUCT_LTMD_U1_W4_SOCIAL_SCIENCES_0.1
U1-H1982P6CI396-P032,H1982P6CI396,1982,6,CIENCIAS SOCIALES,32,3,274,91.63,0.0219,text_detected,,,,textual,high,OCR_TEXT_RICH,text_rich,PAGESTRUCT_LTMD_U1_W4_SOCIAL_SCIENCES_0.1
U1-H1982P6CI396-P033,H1982P6CI396,1982,6,CIENCIAS SOCIALES,33,3,285,91.43,0.0316,text_detected,,,,textual,high,OCR_TEXT_RICH,text_rich,PAGESTRUCT_LTMD_U1_W4_SOCIAL_SCIENCES_0.1
U1-H1982P6CI396-P034,H1982P6CI396,1982,6,CIENCIAS SOCIALES,34,3,310,91.81,0.0226,text_detected,,,,textual,high,OCR_TEXT_RICH,text_rich,PAGESTRUCT_LTMD_U1_W4_SOCIAL_SCIENCES_0.1
U1-H1982P6CI396-P035,H1982P6CI396,1982,6,CIENCIAS SOCIALES,35,3,282,92.30,0.0248,text_detected,,,,textual,high,OCR_TEXT_RICH,text_rich,PAGESTRUCT_LTMD_U1_W4_SOCIAL_SCIENCES_0.1
U1-H1982P6CI396-P036,H1982P6CI396,1982,6,CIENCIAS SOCIALES,36,3,6,82.30,0.0000,text_detected,,,,mixed_text_image,low,OCR_SPARSE_HIGH_CONF,,PAGESTRUCT_LTMD_U1_W4_SOCIAL_SCIENCES_0.1
U1-H1982P6CI396-P037,H1982P6CI396,1982,6,CIENCIAS SOCIALES,37,3,253,91.71,0.0316,text_detected,,,,textual,high,OCR_TEXT_RICH,text_rich,PAGESTRUCT_LTMD_U1_W4_SOCIAL_SCIENCES_0.1
U1-H1982P6CI396-P038,H1982P6CI396,1982,6,CIENCIAS SOCIALES,38,3,229,91.61,0.0262,text_detected,,,,textual,high,OCR_TEXT_RICH,text_rich,PAGESTRUCT_LTMD_U1_W4_SOCIAL_SCIENCES_0.1
U1-H1982P6CI396-P039,H1982P6CI396,1982,6,CIENCIAS SOCIALES,39,3,265,87.57,0.0755,text_detected,,,,textual,high,OCR_TEXT_RICH,text_rich,PAGESTRUCT_LTMD_U1_W4_SOCIAL_SCIENCES_0.1
U1-H1982P6CI396-P040,H1982P6CI396,1982,6,CIENCIAS SOCIALES,40,3,389,91.60,0.0257,text_detected,,,,textual,high,OCR_TEXT_RICH,text_rich,PAGESTRUCT_LTMD_U1_W4_SOCIAL_SCIENCES_0.1
U1-H1982P6CI396-P041,H1982P6CI396,1982,6,CIENCIAS SOCIALES,41,3,37,51.36,0.6757,text_detected,,,,unknown,low,CONSERVATIVE_UNKNOWN,,PAGESTRUCT_LTMD_U1_W4_SOCIAL_SCIENCES_0.1
U1-H1982P6CI396-P042,H1982P6CI396,1982,6,CIENCIAS SOCIALES,42,3,195,90.56,0.0359,text_detected,,,,textual,high,OCR_TEXT_RICH,text_rich,PAGESTRUCT_LTMD_U1_W4_SOCIAL_SCIENCES_0.1
U1-H1982P6CI396-P043,H1982P6CI396,1982,6,CIENCIAS SOCIALES,43,3,316,91.18,0.0348,text_detected,,,,textual,high,OCR_TEXT_RICH,text_rich,PAGESTRUCT_LTMD_U1_W4_SOCIAL_SCIENCES_0.1
U1-H1982P6CI396-P044,H1982P6CI396,1982,6,CIENCIAS SOCIALES,44,3,301,91.96,0.0299,text_detected,,,,textual,high,OCR_TEXT_RICH,text_rich,PAGESTRUCT_LTMD_U1_W4_SOCIAL_SCIENCES_0.1
U1-H1982P6CI396-P045,H1982P6CI396,1982,6,CIENCIAS SOCIALES,45,3,211,90.02,0.0332,text_detected,,,,textual,high,OCR_TEXT_RICH,text_rich,PAGESTRUCT_LTMD_U1_W4_SOCIAL_SCIENCES_0.1
U1-H1982P6CI396-P046,H1982P6CI396,1982,6,CIENCIAS SOCIALES,46,3,303,91.94,0.0198,text_detected,,,,textual,high,OCR_TEXT_RICH,text_rich,PAGESTRUCT_LTMD_U1_W4_SOCIAL_SCIENCES_0.1
U1-H1982P6CI396-P047,H1982P6CI396,1982,6,CIENCIAS SOCIALES,47,3,333,90.25,0.0360,text_detected,,,,textual,high,OCR_TEXT_RICH,text_rich,PAGESTRUCT_LTMD_U1_W4_SOCIAL_SCIENCES_0.1
U1-H1982P6CI396-P048,H1982P6CI396,1982,6,CIENCIAS SOCIALES,48,3,315,90.58,0.0286,text_detected,,,,textual,high,OCR_TEXT_RICH,text_rich,PAGESTRUCT_LTMD_U1_W4_SOCIAL_SCIENCES_0.1
U1-H1982P6CI396-P049,H1982P6CI396,1982,6,CIENCIAS SOCIALES,49,3,10,74.56,0.3000,text_detected,,,,unknown,low,CONSERVATIVE_UNKNOWN,,PAGESTRUCT_LTMD_U1_W4_SOCIAL_SCIENCES_0.1
U1-H1982P6CI396-P050,H1982P6CI396,1982,6,CIENCIAS SOCIALES,50,3,309,92.16,0.0194,text_detected,,,,textual,high,OCR_TEXT_RICH,text_rich,PAGESTRUCT_LTMD_U1_W4_SOCIAL_SCIENCES_0.1
U1-H1982P6CI396-P051,H1982P6CI396,1982,6,CIENCIAS SOCIALES,51,3,345,89.99,0.0464,text_detected,,,,textual,high,OCR_TEXT_RICH,text_rich,PAGESTRUCT_LTMD_U1_W4_SOCIAL_SCIENCES_0.1
U1-H1982P6CI396-P052,H1982P6CI396,1982,6,CIENCIAS SOCIALES,52,6,67,29.97,0.9552,text_detected,,,,visual_only,high,OCR_VISUAL_NOISE,fallback_psm;visual_noise,PAGESTRUCT_LTMD_U1_W4_SOCIAL_SCIENCES_0.1
U1-H1982P6CI396-P053,H1982P6CI396,1982,6,CIENCIAS SOCIALES,53,3,288,93.50,0.0069,text_detected,,,,textual,high,OCR_TEXT_RICH,text_rich,PAGESTRUCT_LTMD_U1_W4_SOCIAL_SCIENCES_0.1
U1-H1982P6CI396-P054,H1982P6CI396,1982,6,CIENCIAS SOCIALES,54,3,243,90.76,0.0288,text_detected,,,,textual,high,OCR_TEXT_RICH,text_rich,PAGESTRUCT_LTMD_U1_W4_SOCIAL_SCIENCES_0.1
U1-H1982P6CI396-P055,H1982P6CI396,1982,6,CIENCIAS SOCIALES,55,3,221,90.21,0.0271,text_detected,,,,textual,high,OCR_TEXT_RICH,text_rich,PAGESTRUCT_LTMD_U1_W4_SOCIAL_SCIENCES_0.1
U1-H1982P6CI396-P056,H1982P6CI396,1982,6,CIENCIAS SOCIALES,56,3,251,91.33,0.0199,text_detected,,,,textual,high,OCR_TEXT_RICH,text_rich,PAGESTRUCT_LTMD_U1_W4_SOCIAL_SCIENCES_0.1
U1-H1982P6CI396-P057,H1982P6CI396,1982,6,CIENCIAS SOCIALES,57,3,249,90.04,0.0402,text_detected,,,,textual,high,OCR_TEXT_RICH,text_rich,PAGESTRUCT_LTMD_U1_W4_SOCIAL_SCIENCES_0.1
U1-H1982P6CI396-P058,H1982P6CI396,1982,6,CIENCIAS SOCIALES,58,3,376,91.21,0.0293,text_detected,,,,textual,high,OCR_TEXT_RICH,text_rich,PAGESTRUCT_LTMD_U1_W4_SOCIAL_SCIENCES_0.1
U1-H1982P6CI396-P059,H1982P6CI396,1982,6,CIENCIAS SOCIALES,59,3,311,92.24,0.0096,text_detected,,,,textual,high,OCR_TEXT_RICH,text_rich,PAGESTRUCT_LTMD_U1_W4_SOCIAL_SCIENCES_0.1
U1-H1982P6CI396-P060,H1982P6CI396,1982,6,CIENCIAS SOCIALES,60,3,324,86.55,0.0833,text_detected,,,,textual,high,OCR_TEXT_RICH,text_rich,PAGESTRUCT_LTMD_U1_W4_SOCIAL_SCIENCES_0.1
U1-H1982P6CI396-P061,H1982P6CI396,1982,6,CIENCIAS SOCIALES,61,3,205,92.06,0.0146,text_detected,,,,textual,high,OCR_TEXT_RICH,text_rich,PAGESTRUCT_LTMD_U1_W4_SOCIAL_SCIENCES_0.1
U1-H1982P6CI396-P062,H1982P6CI396,1982,6,CIENCIAS SOCIALES,62,3,438,87.36,0.0685,text_detected,,,,textual,high,OCR_TEXT_RICH,text_rich,PAGESTRUCT_LTMD_U1_W4_SOCIAL_SCIENCES_0.1
U1-H1982P6CI396-P063,H1982P6CI396,1982,6,CIENCIAS SOCIALES,63,3,176,88.22,0.0625,text_detected,,,,textual,high,OCR_TEXT_RICH,text_rich,PAGESTRUCT_LTMD_U1_W4_SOCIAL_SCIENCES_0.1
U1-H1982P6CI396-P064,H1982P6CI396,1982,6,CIENCIAS SOCIALES,64,3,295,91.57,0.0237,text_detected,,,,textual,high,OCR_TEXT_RICH,text_rich,PAGESTRUCT_LTMD_U1_W4_SOCIAL_SCIENCES_0.1
U1-H1982P6CI396-P065,H1982P6CI396,1982,6,CIENCIAS SOCIALES,65,3,171,84.66,0.0994,text_detected,,,,textual,high,OCR_TEXT_RICH,text_rich,PAGESTRUCT_LTMD_U1_W4_SOCIAL_SCIENCES_0.1
U1-H1982P6CI396-P066,H1982P6CI396,1982,6,CIENCIAS SOCIALES,66,3,193,90.26,0.0518,text_detected,,,,textual,high,OCR_TEXT_RICH,text_rich,PAGESTRUCT_LTMD_U1_W4_SOCIAL_SCIENCES_0.1
U1-H1982P6CI396-P067,H1982P6CI396,1982,6,CIENCIAS SOCIALES,67,3,368,90.36,0.0408,text_detected,,,,textual,high,OCR_TEXT_RICH,text_rich,PAGESTRUCT_LTMD_U1_W4_SOCIAL_SCIENCES_0.1
U1-H1982P6CI396-P068,H1982P6CI396,1982,6,CIENCIAS SOCIALES,68,3,320,90.98,0.0344,text_detected,,,,textual,high,OCR_TEXT_RICH,text_rich,PAGESTRUCT_LTMD_U1_W4_SOCIAL_SCIENCES_0.1
U1-H1982P6CI396-P069,H1982P6CI396,1982,6,CIENCIAS SOCIALES,69,3,419,92.35,0.0215,text_detected,,,,textual,high,OCR_TEXT_RICH,text_rich,PAGESTRUCT_LTMD_U1_W4_SOCIAL_SCIENCES_0.1
U1-H1982P6CI396-P070,H1982P6CI396,1982,6,CIENCIAS SOCIALES,70,3,46,51.94,0.5435,text_detected,,,,unknown,low,CONSERVATIVE_UNKNOWN,,PAGESTRUCT_LTMD_U1_W4_SOCIAL_SCIENCES_0.1
U1-H1982P6CI396-P071,H1982P6CI396,1982,6,CIENCIAS SOCIALES,71,11,12,43.63,0.6667,text_detected,,,,visual_only,medium,OCR_VISUAL_NOISE,fallback_psm;visual_noise,PAGESTRUCT_LTMD_U1_W4_SOCIAL_SCIENCES_0.1
U1-H1982P6CI396-P072,H1982P6CI396,1982,6,CIENCIAS SOCIALES,72,3,12,68.16,0.3333,text_detected,,,,unknown,low,CONSERVATIVE_UNKNOWN,,PAGESTRUCT_LTMD_U1_W4_SOCIAL_SCIENCES_0.1
U1-H1982P6CI396-P073,H1982P6CI396,1982,6,CIENCIAS SOCIALES,73,3,128,90.77,0.0234,text_detected,,,,textual,high,OCR_TEXT_RICH,text_rich,PAGESTRUCT_LTMD_U1_W4_SOCIAL_SCIENCES_0.1
U1-H1982P6CI396-P074,H1982P6CI396,1982,6,CIENCIAS SOCIALES,74,3,366,91.89,0.0273,text_detected,,,,textual,high,OCR_TEXT_RICH,text_rich,PAGESTRUCT_LTMD_U1_W4_SOCIAL_SCIENCES_0.1
U1-H1982P6CI396-P075,H1982P6CI396,1982,6,CIENCIAS SOCIALES,75,3,344,91.06,0.0291,text_detected,,,,textual,high,OCR_TEXT_RICH,text_rich,PAGESTRUCT_LTMD_U1_W4_SOCIAL_SCIENCES_0.1
U1-H1982P6CI396-P076,H1982P6CI396,1982,6,CIENCIAS SOCIALES,76,3,166,89.85,0.0482,text_detected,,,,textual,high,OCR_TEXT_RICH,text_rich,PAGESTRUCT_LTMD_U1_W4_SOCIAL_SCIENCES_0.1
U1-H1982P6CI396-P077,H1982P6CI396,1982,6,CIENCIAS SOCIALES,77,3,350,89.77,0.0514,text_detected,,,,textual,high,OCR_TEXT_RICH,text_rich,PAGESTRUCT_LTMD_U1_W4_SOCIAL_SCIENCES_0.1
U1-H1982P6CI396-P078,H1982P6CI396,1982,6,CIENCIAS SOCIALES,78,3,229,89.95,0.0393,text_detected,,,,textual,high,OCR_TEXT_RICH,text_rich,PAGESTRUCT_LTMD_U1_W4_SOCIAL_SCIENCES_0.1
U1-H1982P6CI396-P079,H1982P6CI396,1982,6,CIENCIAS SOCIALES,79,3,336,91.71,0.0149,text_detected,,,,textual,high,OCR_TEXT_RICH,text_rich,PAGESTRUCT_LTMD_U1_W4_SOCIAL_SCIENCES_0.1
U1-H1982P6CI396-P080,H1982P6CI396,1982,6,CIENCIAS SOCIALES,80,3,232,86.19,0.1034,text_detected,,,,textual,high,OCR_TEXT_RICH,text_rich,PAGESTRUCT_LTMD_U1_W4_SOCIAL_SCIENCES_0.1
U1-H1982P6CI396-P081,H1982P6CI396,1982,6,CIENCIAS SOCIALES,81,3,267,89.64,0.0412,text_detected,,,,textual,high,OCR_TEXT_RICH,text_rich,PAGESTRUCT_LTMD_U1_W4_SOCIAL_SCIENCES_0.1
U1-H1982P6CI396-P082,H1982P6CI396,1982,6,CIENCIAS SOCIALES,82,3,329,91.04,0.0334,text_detected,,,,textual,high,OCR_TEXT_RICH,text_rich,PAGESTRUCT_LTMD_U1_W4_SOCIAL_SCIENCES_0.1
U1-H1982P6CI396-P083,H1982P6CI396,1982,6,CIENCIAS SOCIALES,83,3,210,91.60,0.0286,text_detected,,,,textual,high,OCR_TEXT_RICH,text_rich,PAGESTRUCT_LTMD_U1_W4_SOCIAL_SCIENCES_0.1
U1-H1982P6CI396-P084,H1982P6CI396,1982,6,CIENCIAS SOCIALES,84,3,285,91.03,0.0351,text_detected,,,,textual,high,OCR_TEXT_RICH,text_rich,PAGESTRUCT_LTMD_U1_W4_SOCIAL_SCIENCES_0.1
U1-H1982P6CI396-P085,H1982P6CI396,1982,6,CIENCIAS SOCIALES,85,3,132,92.43,0.0076,text_detected,,,,textual,high,OCR_TEXT_RICH,text_rich,PAGESTRUCT_LTMD_U1_W4_SOCIAL_SCIENCES_0.1
U1-H1982P6CI396-P086,H1982P6CI396,1982,6,CIENCIAS SOCIALES,86,3,416,91.15,0.0264,text_detected,,,,textual,high,OCR_TEXT_RICH,text_rich,PAGESTRUCT_LTMD_U1_W4_SOCIAL_SCIENCES_0.1
U1-H1982P6CI396-P087,H1982P6CI396,1982,6,CIENCIAS SOCIALES,87,3,161,89.71,0.0373,text_detected,,,,textual,high,OCR_TEXT_RICH,text_rich,PAGESTRUCT_LTMD_U1_W4_SOCIAL_SCIENCES_0.1
U1-H1982P6CI396-P088,H1982P6CI396,1982,6,CIENCIAS SOCIALES,88,3,207,86.74,0.0821,text_detected,,,,textual,high,OCR_TEXT_RICH,text_rich,PAGESTRUCT_LTMD_U1_W4_SOCIAL_SCIENCES_0.1
U1-H1982P6CI396-P089,H1982P6CI396,1982,6,CIENCIAS SOCIALES,89,3,7,68.34,0.2857,text_detected,,,,unknown,low,CONSERVATIVE_UNKNOWN,,PAGESTRUCT_LTMD_U1_W4_SOCIAL_SCIENCES_0.1
U1-H1982P6CI396-P090,H1982P6CI396,1982,6,CIENCIAS SOCIALES,90,3,302,86.99,0.1060,text_detected,,,,textual,high,OCR_TEXT_RICH,text_rich,PAGESTRUCT_LTMD_U1_W4_SOCIAL_SCIENCES_0.1
U1-H1982P6CI396-P091,H1982P6CI396,1982,6,CIENCIAS SOCIALES,91,3,267,91.42,0.0262,text_detected,,,,textual,high,OCR_TEXT_RICH,text_rich,PAGESTRUCT_LTMD_U1_W4_SOCIAL_SCIENCES_0.1
U1-H1982P6CI396-P092,H1982P6CI396,1982,6,CIENCIAS SOCIALES,92,3,280,87.54,0.0893,text_detected,,,,textual,high,OCR_TEXT_RICH,text_rich,PAGESTRUCT_LTMD_U1_W4_SOCIAL_SCIENCES_0.1
U1-H1982P6CI396-P093,H1982P6CI396,1982,6,CIENCIAS SOCIALES,93,3,255,91.74,0.0196,text_detected,,,,textual,high,OCR_TEXT_RICH,text_rich,PAGESTRUCT_LTMD_U1_W4_SOCIAL_SCIENCES_0.1
U1-H1982P6CI396-P094,H1982P6CI396,1982,6,CIENCIAS SOCIALES,94,3,313,91.00,0.0415,text_detected,,,,textual,high,OCR_TEXT_RICH,text_rich,PAGESTRUCT_LTMD_U1_W4_SOCIAL_SCIENCES_0.1
U1-H1982P6CI396-P095,H1982P6CI396,1982,6,CIENCIAS SOCIALES,95,3,130,90.95,0.0231,text_detected,,,,textual,high,OCR_TEXT_RICH,text_rich,PAGESTRUCT_LTMD_U1_W4_SOCIAL_SCIENCES_0.1
U1-H1982P6CI396-P096,H1982P6CI396,1982,6,CIENCIAS SOCIALES,96,3,163,91.17,0.0184,text_detected,,,,textual,high,OCR_TEXT_RICH,text_rich,PAGESTRUCT_LTMD_U1_W4_SOCIAL_SCIENCES_0.1
U1-H1982P6CI396-P097,H1982P6CI396,1982,6,CIENCIAS SOCIALES,97,6,8,74.29,0.2500,text_detected,,,,unknown,low,CONSERVATIVE_UNKNOWN,fallback_psm,PAGESTRUCT_LTMD_U1_W4_SOCIAL_SCIENCES_0.1
U1-H1982P6CI396-P098,H1982P6CI396,1982,6,CIENCIAS SOCIALES,98,3,369,92.21,0.0163,text_detected,,,,textual,high,OCR_TEXT_RICH,text_rich,PAGESTRUCT_LTMD_U1_W4_SOCIAL_SCIENCES_0.1
U1-H1982P6CI396-P099,H1982P6CI396,1982,6,CIENCIAS SOCIALES,99,3,180,91.98,0.0167,text_detected,,,,textual,high,OCR_TEXT_RICH,text_rich,PAGESTRUCT_LTMD_U1_W4_SOCIAL_SCIENCES_0.1
U1-H1982P6CI396-P100,H1982P6CI396,1982,6,CIENCIAS SOCIALES,100,3,156,92.37,0.0192,text_detected,,,,textual,high,OCR_TEXT_RICH,text_rich,PAGESTRUCT_LTMD_U1_W4_SOCIAL_SCIENCES_0.1
U1-H1982P6CI396-P101,H1982P6CI396,1982,6,CIENCIAS SOCIALES,101,3,180,84.52,0.1000,text_detected,,,,textual,high,OCR_TEXT_RICH,text_rich,PAGESTRUCT_LTMD_U1_W4_SOCIAL_SCIENCES_0.1
U1-H1982P6CI396-P102,H1982P6CI396,1982,6,CIENCIAS SOCIALES,102,3,257,89.17,0.0467,text_detected,,,,textual,high,OCR_TEXT_RICH,text_rich,PAGESTRUCT_LTMD_U1_W4_SOCIAL_SCIENCES_0.1
U1-H1982P6CI396-P103,H1982P6CI396,1982,6,CIENCIAS SOCIALES,103,3,255,92.36,0.0157,text_detected,,,,textual,high,OCR_TEXT_RICH,text_rich,PAGESTRUCT_LTMD_U1_W4_SOCIAL_SCIENCES_0.1
U1-H1982P6CI396-P104,H1982P6CI396,1982,6,CIENCIAS SOCIALES,104,3,195,88.63,0.0667,text_detected,,,,textual,high,OCR_TEXT_RICH,text_rich,PAGESTRUCT_LTMD_U1_W4_SOCIAL_SCIENCES_0.1
U1-H1982P6CI396-P105,H1982P6CI396,1982,6,CIENCIAS SOCIALES,105,3,349,90.02,0.0315,text_detected,,,,textual,high,OCR_TEXT_RICH,text_rich,PAGESTRUCT_LTMD_U1_W4_SOCIAL_SCIENCES_0.1
U1-H1982P6CI396-P106,H1982P6CI396,1982,6,CIENCIAS SOCIALES,106,3,183,92.19,0.0109,text_detected,,,,textual,high,OCR_TEXT_RICH,text_rich,PAGESTRUCT_LTMD_U1_W4_SOCIAL_SCIENCES_0.1
U1-H1982P6CI396-P107,H1982P6CI396,1982,6,CIENCIAS SOCIALES,107,3,173,91.59,0.0231,text_detected,,,,textual,high,OCR_TEXT_RICH,text_rich,PAGESTRUCT_LTMD_U1_W4_SOCIAL_SCIENCES_0.1
U1-H1982P6CI396-P108,H1982P6CI396,1982,6,CIENCIAS SOCIALES,108,3,310,89.47,0.0548,text_detected,,,,textual,high,OCR_TEXT_RICH,text_rich,PAGESTRUCT_LTMD_U1_W4_SOCIAL_SCIENCES_0.1
U1-H1982P6CI396-P109,H1982P6CI396,1982,6,CIENCIAS SOCIALES,109,3,217,87.89,0.0599,text_detected,,,,textual,high,OCR_TEXT_RICH,text_rich,PAGESTRUCT_LTMD_U1_W4_SOCIAL_SCIENCES_0.1
U1-H1982P6CI396-P110,H1982P6CI396,1982,6,CIENCIAS SOCIALES,110,3,374,90.20,0.0348,text_detected,,,,textual,high,OCR_TEXT_RICH,text_rich,PAGESTRUCT_LTMD_U1_W4_SOCIAL_SCIENCES_0.1
U1-H1982P6CI396-P111,H1982P6CI396,1982,6,CIENCIAS SOCIALES,111,3,485,90.60,0.0454,text_detected,,,,textual,high,OCR_TEXT_RICH,text_rich,PAGESTRUCT_LTMD_U1_W4_SOCIAL_SCIENCES_0.1
U1-H1982P6CI396-P112,H1982P6CI396,1982,6,CIENCIAS SOCIALES,112,3,366,88.57,0.0656,text_detected,,,,textual,high,OCR_TEXT_RICH,text_rich,PAGESTRUCT_LTMD_U1_W4_SOCIAL_SCIENCES_0.1
U1-H1982P6CI396-P113,H1982P6CI396,1982,6,CIENCIAS SOCIALES,113,3,413,91.05,0.0412,text_detected,,,,textual,high,OCR_TEXT_RICH,text_rich,PAGESTRUCT_LTMD_U1_W4_SOCIAL_SCIENCES_0.1
U1-H1982P6CI396-P114,H1982P6CI396,1982,6,CIENCIAS SOCIALES,114,3,137,91.01,0.0219,text_detected,,,,textual,high,OCR_TEXT_RICH,text_rich,PAGESTRUCT_LTMD_U1_W4_SOCIAL_SCIENCES_0.1
U1-H1982P6CI396-P115,H1982P6CI396,1982,6,CIENCIAS SOCIALES,115,3,415,91.91,0.0217,text_detected,,,,textual,high,OCR_TEXT_RICH,text_rich,PAGESTRUCT_LTMD_U1_W4_SOCIAL_SCIENCES_0.1
U1-H1982P6CI396-P116,H1982P6CI396,1982,6,CIENCIAS SOCIALES,116,3,158,89.42,0.0506,text_detected,,,,textual,high,OCR_TEXT_RICH,text_rich,PAGESTRUCT_LTMD_U1_W4_SOCIAL_SCIENCES_0.1
U1-H1982P6CI396-P117,H1982P6CI396,1982,6,CIENCIAS SOCIALES,117,3,312,91.46,0.0256,text_detected,,,,textual,high,OCR_TEXT_RICH,text_rich,PAGESTRUCT_LTMD_U1_W4_SOCIAL_SCIENCES_0.1
U1-H1982P6CI396-P118,H1982P6CI396,1982,6,CIENCIAS SOCIALES,118,3,551,90.95,0.0327,text_detected,,,,textual,high,OCR_TEXT_RICH,text_rich,PAGESTRUCT_LTMD_U1_W4_SOCIAL_SCIENCES_0.1
U1-H1982P6CI396-P119,H1982P6CI396,1982,6,CIENCIAS SOCIALES,119,3,5,82.26,0.2000,text_detected,,,,mixed_text_image,low,OCR_SPARSE_HIGH_CONF,,PAGESTRUCT_LTMD_U1_W4_SOCIAL_SCIENCES_0.1
U1-H1982P6CI396-P120,H1982P6CI396,1982,6,CIENCIAS SOCIALES,120,11,10,49.46,0.8000,text_detected,,,,visual_only,high,OCR_VISUAL_NOISE,fallback_psm;visual_noise,PAGESTRUCT_LTMD_U1_W4_SOCIAL_SCIENCES_0.1
U1-H1982P6CI396-P121,H1982P6CI396,1982,6,CIENCIAS SOCIALES,121,3,208,85.62,0.1154,text_detected,,,,textual,high,OCR_TEXT_RICH,text_rich,PAGESTRUCT_LTMD_U1_W4_SOCIAL_SCIENCES_0.1
U1-H1982P6CI396-P122,H1982P6CI396,1982,6,CIENCIAS SOCIALES,122,3,381,90.67,0.0262,text_detected,,,,textual,high,OCR_TEXT_RICH,text_rich,PAGESTRUCT_LTMD_U1_W4_SOCIAL_SCIENCES_0.1
U1-H1982P6CI396-P123,H1982P6CI396,1982,6,CIENCIAS SOCIALES,123,3,318,92.12,0.0157,text_detected,,,,textual,high,OCR_TEXT_RICH,text_rich,PAGESTRUCT_LTMD_U1_W4_SOCIAL_SCIENCES_0.1
U1-H1982P6CI396-P124,H1982P6CI396,1982,6,CIENCIAS SOCIALES,124,3,310,90.13,0.0355,text_detected,,,,textual,high,OCR_TEXT_RICH,text_rich,PAGESTRUCT_LTMD_U1_W4_SOCIAL_SCIENCES_0.1
U1-H1982P6CI396-P125,H1982P6CI396,1982,6,CIENCIAS SOCIALES,125,3,384,90.40,0.0312,text_detected,,,,textual,high,OCR_TEXT_RICH,text_rich,PAGESTRUCT_LTMD_U1_W4_SOCIAL_SCIENCES_0.1
U1-H1982P6CI396-P126,H1982P6CI396,1982,6,CIENCIAS SOCIALES,126,3,280,91.19,0.0357,text_detected,,,,textual,high,OCR_TEXT_RICH,text_rich,PAGESTRUCT_LTMD_U1_W4_SOCIAL_SCIENCES_0.1
U1-H1982P6CI396-P127,H1982P6CI396,1982,6,CIENCIAS SOCIALES,127,3,416,91.32,0.0288,text_detected,,,,textual,high,OCR_TEXT_RICH,text_rich,PAGESTRUCT_LTMD_U1_W4_SOCIAL_SCIENCES_0.1
U1-H1982P6CI396-P128,H1982P6CI396,1982,6,CIENCIAS SOCIALES,128,3,346,90.37,0.0376,text_detected,,,,textual,high,OCR_TEXT_RICH,text_rich,PAGESTRUCT_LTMD_U1_W4_SOCIAL_SCIENCES_0.1
U1-H1982P6CI396-P129,H1982P6CI396,1982,6,CIENCIAS SOCIALES,129,3,150,89.69,0.0467,text_detected,,,,textual,high,OCR_TEXT_RICH,text_rich,PAGESTRUCT_LTMD_U1_W4_SOCIAL_SCIENCES_0.1
U1-H1982P6CI396-P130,H1982P6CI396,1982,6,CIENCIAS SOCIALES,130,3,279,91.38,0.0215,text_detected,,,,textual,high,OCR_TEXT_RICH,text_rich,PAGESTRUCT_LTMD_U1_W4_SOCIAL_SCIENCES_0.1
U1-H1982P6CI396-P131,H1982P6CI396,1982,6,CIENCIAS SOCIALES,131,3,94,89.40,0.0426,text_detected,,,,mixed_text_image,medium,OCR_MODERATE_TEXT,text_present,PAGESTRUCT_LTMD_U1_W4_SOCIAL_SCIENCES_0.1
U1-H1982P6CI396-P132,H1982P6CI396,1982,6,CIENCIAS SOCIALES,132,3,109,89.46,0.0459,text_detected,,,,mixed_text_image,medium,OCR_MODERATE_TEXT,text_present,PAGESTRUCT_LTMD_U1_W4_SOCIAL_SCIENCES_0.1
U1-H1982P6CI396-P133,H1982P6CI396,1982,6,CIENCIAS SOCIALES,133,3,155,90.52,0.0258,text_detected,,,,textual,high,OCR_TEXT_RICH,text_rich,PAGESTRUCT_LTMD_U1_W4_SOCIAL_SCIENCES_0.1
U1-H1982P6CI396-P134,H1982P6CI396,1982,6,CIENCIAS SOCIALES,134,3,409,92.30,0.0269,text_detected,,,,textual,high,OCR_TEXT_RICH,text_rich,PAGESTRUCT_LTMD_U1_W4_SOCIAL_SCIENCES_0.1
U1-H1982P6CI396-P135,H1982P6CI396,1982,6,CIENCIAS SOCIALES,135,3,434,85.81,0.0991,text_detected,,,,textual,high,OCR_TEXT_RICH,text_rich,PAGESTRUCT_LTMD_U1_W4_SOCIAL_SCIENCES_0.1
U1-H1982P6CI396-P136,H1982P6CI396,1982,6,CIENCIAS SOCIALES,136,3,235,91.47,0.0340,text_detected,,,,textual,high,OCR_TEXT_RICH,text_rich,PAGESTRUCT_LTMD_U1_W4_SOCIAL_SCIENCES_0.1
U1-H1982P6CI396-P137,H1982P6CI396,1982,6,CIENCIAS SOCIALES,137,3,190,92.87,0.0158,text_detected,,,,textual,high,OCR_TEXT_RICH,text_rich,PAGESTRUCT_LTMD_U1_W4_SOCIAL_SCIENCES_0.1
U1-H1982P6CI396-P138,H1982P6CI396,1982,6,CIENCIAS SOCIALES,138,3,139,91.64,0.0288,text_detected,,,,textual,high,OCR_TEXT_RICH,text_rich,PAGESTRUCT_LTMD_U1_W4_SOCIAL_SCIENCES_0.1
U1-H1982P6CI396-P139,H1982P6CI396,1982,6,CIENCIAS SOCIALES,139,3,176,88.24,0.0625,text_detected,,,,textual,high,OCR_TEXT_RICH,text_rich,PAGESTRUCT_LTMD_U1_W4_SOCIAL_SCIENCES_0.1
U1-H1982P6CI396-P140,H1982P6CI396,1982,6,CIENCIAS SOCIALES,140,3,132,91.12,0.0455,text_detected,,,,textual,high,OCR_TEXT_RICH,text_rich,PAGESTRUCT_LTMD_U1_W4_SOCIAL_SCIENCES_0.1
U1-H1982P6CI396-P141,H1982P6CI396,1982,6,CIENCIAS SOCIALES,141,3,157,91.72,0.0191,text_detected,,,,textual,high,OCR_TEXT_RICH,text_rich,PAGESTRUCT_LTMD_U1_W4_SOCIAL_SCIENCES_0.1
U1-H1982P6CI396-P142,H1982P6CI396,1982,6,CIENCIAS SOCIALES,142,3,134,90.64,0.0373,text_detected,,,,textual,high,OCR_TEXT_RICH,text_rich,PAGESTRUCT_LTMD_U1_W4_SOCIAL_SCIENCES_0.1
U1-H1982P6CI396-P143,H1982P6CI396,1982,6,CIENCIAS SOCIALES,143,3,294,92.00,0.0136,text_detected,,,,textual,high,OCR_TEXT_RICH,text_rich,PAGESTRUCT_LTMD_U1_W4_SOCIAL_SCIENCES_0.1
U1-H1982P6CI396-P144,H1982P6CI396,1982,6,CIENCIAS SOCIALES,144,3,290,91.90,0.0241,text_detected,,,,textual,high,OCR_TEXT_RICH,text_rich,PAGESTRUCT_LTMD_U1_W4_SOCIAL_SCIENCES_0.1
U1-H1982P6CI396-P145,H1982P6CI396,1982,6,CIENCIAS SOCIALES,145,,2,58.40,0.5000,no_text_detected,,,,visual_only,high,OCR_VISUAL_NOISE,visual_noise,PAGESTRUCT_LTMD_U1_W4_SOCIAL_SCIENCES_0.1
U1-H1982P6CI396-P146,H1982P6CI396,1982,6,CIENCIAS SOCIALES,146,3,266,91.71,0.0226,text_detected,,,,textual,high,OCR_TEXT_RICH,text_rich,PAGESTRUCT_LTMD_U1_W4_SOCIAL_SCIENCES_0.1
U1-H1982P6CI396-P147,H1982P6CI396,1982,6,CIENCIAS SOCIALES,147,3,318,91.20,0.0220,text_detected,,,,textual,high,OCR_TEXT_RICH,text_rich,PAGESTRUCT_LTMD_U1_W4_SOCIAL_SCIENCES_0.1
U1-H1982P6CI396-P148,H1982P6CI396,1982,6,CIENCIAS SOCIALES,148,3,195,90.62,0.0513,text_detected,,,,textual,high,OCR_TEXT_RICH,text_rich,PAGESTRUCT_LTMD_U1_W4_SOCIAL_SCIENCES_0.1
U1-H1982P6CI396-P149,H1982P6CI396,1982,6,CIENCIAS SOCIALES,149,3,104,87.18,0.0962,text_detected,,,,mixed_text_image,medium,OCR_MODERATE_TEXT,text_present,PAGESTRUCT_LTMD_U1_W4_SOCIAL_SCIENCES_0.1
U1-H1982P6CI396-P150,H1982P6CI396,1982,6,CIENCIAS SOCIALES,150,3,440,91.07,0.0318,text_detected,,,,textual,high,OCR_TEXT_RICH,text_rich,PAGESTRUCT_LTMD_U1_W4_SOCIAL_SCIENCES_0.1
U1-H1982P6CI396-P151,H1982P6CI396,1982,6,CIENCIAS SOCIALES,151,3,422,91.08,0.0213,text_detected,,,,textual,high,OCR_TEXT_RICH,text_rich,PAGESTRUCT_LTMD_U1_W4_SOCIAL_SCIENCES_0.1
U1-H1982P6CI396-P152,H1982P6CI396,1982,6,CIENCIAS SOCIALES,152,3,182,89.48,0.0604,text_detected,,,,textual,high,OCR_TEXT_RICH,text_rich,PAGESTRUCT_LTMD_U1_W4_SOCIAL_SCIENCES_0.1
U1-H1982P6CI396-P153,H1982P6CI396,1982,6,CIENCIAS SOCIALES,153,3,373,91.02,0.0322,text_detected,,,,textual,high,OCR_TEXT_RICH,text_rich,PAGESTRUCT_LTMD_U1_W4_SOCIAL_SCIENCES_0.1
U1-H1982P6CI396-P154,H1982P6CI396,1982,6,CIENCIAS SOCIALES,154,3,241,91.70,0.0332,text_detected,,,,textual,high,OCR_TEXT_RICH,text_rich,PAGESTRUCT_LTMD_U1_W4_SOCIAL_SCIENCES_0.1
U1-H1982P6CI396-P155,H1982P6CI396,1982,6,CIENCIAS SOCIALES,155,3,398,91.49,0.0377,text_detected,,,,textual,high,OCR_TEXT_RICH,text_rich,PAGESTRUCT_LTMD_U1_W4_SOCIAL_SCIENCES_0.1
U1-H1982P6CI396-P156,H1982P6CI396,1982,6,CIENCIAS SOCIALES,156,3,92,90.42,0.0435,text_detected,,,,mixed_text_image,medium,OCR_MODERATE_TEXT,text_present,PAGESTRUCT_LTMD_U1_W4_SOCIAL_SCIENCES_0.1
U1-H1982P6CI396-P157,H1982P6CI396,1982,6,CIENCIAS SOCIALES,157,3,320,92.13,0.0187,text_detected,,,,textual,high,OCR_TEXT_RICH,text_rich,PAGESTRUCT_LTMD_U1_W4_SOCIAL_SCIENCES_0.1
U1-H1982P6CI396-P158,H1982P6CI396,1982,6,CIENCIAS SOCIALES,158,3,331,91.90,0.0242,text_detected,,,,textual,high,OCR_TEXT_RICH,text_rich,PAGESTRUCT_LTMD_U1_W4_SOCIAL_SCIENCES_0.1
U1-H1982P6CI396-P159,H1982P6CI396,1982,6,CIENCIAS SOCIALES,159,3,291,91.28,0.0172,text_detected,,,,textual,high,OCR_TEXT_RICH,text_rich,PAGESTRUCT_LTMD_U1_W4_SOCIAL_SCIENCES_0.1
U1-H1982P6CI396-P160,H1982P6CI396,1982,6,CIENCIAS SOCIALES,160,3,312,92.62,0.0192,text_detected,,,,textual,high,OCR_TEXT_RICH,text_rich,PAGESTRUCT_LTMD_U1_W4_SOCIAL_SCIENCES_0.1
U1-H1982P6CI396-P161,H1982P6CI396,1982,6,CIENCIAS SOCIALES,161,3,307,89.70,0.0554,text_detected,,,,textual,high,OCR_TEXT_RICH,text_rich,PAGESTRUCT_LTMD_U1_W4_SOCIAL_SCIENCES_0.1
U1-H1982P6CI396-P162,H1982P6CI396,1982,6,CIENCIAS SOCIALES,162,3,376,91.95,0.0239,text_detected,,,,textual,high,OCR_TEXT_RICH,text_rich,PAGESTRUCT_LTMD_U1_W4_SOCIAL_SCIENCES_0.1
U1-H1982P6CI396-P163,H1982P6CI396,1982,6,CIENCIAS SOCIALES,163,3,339,89.57,0.0442,text_detected,,,,textual,high,OCR_TEXT_RICH,text_rich,PAGESTRUCT_LTMD_U1_W4_SOCIAL_SCIENCES_0.1
U1-H1982P6CI396-P164,H1982P6CI396,1982,6,CIENCIAS SOCIALES,164,3,37,40.13,0.6757,text_detected,,,,unknown,low,CONSERVATIVE_UNKNOWN,,PAGESTRUCT_LTMD_U1_W4_SOCIAL_SCIENCES_0.1
U1-H1982P6CI396-P165,H1982P6CI396,1982,6,CIENCIAS SOCIALES,165,3,12,53.23,0.5000,text_detected,,,,unknown,low,CONSERVATIVE_UNKNOWN,,PAGESTRUCT_LTMD_U1_W4_SOCIAL_SCIENCES_0.1
U1-H1982P6CI396-P166,H1982P6CI396,1982,6,CIENCIAS SOCIALES,166,3,63,93.45,0.0000,text_detected,,,,mixed_text_image,medium,OCR_MODERATE_TEXT,text_present,PAGESTRUCT_LTMD_U1_W4_SOCIAL_SCIENCES_0.1
U1-H1982P6CI396-P167,H1982P6CI396,1982,6,CIENCIAS SOCIALES,167,3,125,90.36,0.0320,text_detected,,,,textual,high,OCR_TEXT_RICH,text_rich,PAGESTRUCT_LTMD_U1_W4_SOCIAL_SCIENCES_0.1
U1-H1982P6CI396-P168,H1982P6CI396,1982,6,CIENCIAS SOCIALES,168,3,301,92.94,0.0100,text_detected,,,,textual,high,OCR_TEXT_RICH,text_rich,PAGESTRUCT_LTMD_U1_W4_SOCIAL_SCIENCES_0.1
U1-H1982P6CI396-P169,H1982P6CI396,1982,6,CIENCIAS SOCIALES,169,3,62,88.28,0.0806,text_detected,,,,mixed_text_image,medium,OCR_MODERATE_TEXT,text_present,PAGESTRUCT_LTMD_U1_W4_SOCIAL_SCIENCES_0.1
U1-H1982P6CI396-P170,H1982P6CI396,1982,6,CIENCIAS SOCIALES,170,3,56,91.79,0.0357,text_detected,,,,mixed_text_image,medium,OCR_MODERATE_TEXT,text_present,PAGESTRUCT_LTMD_U1_W4_SOCIAL_SCIENCES_0.1
U1-H1982P6CI396-P171,H1982P6CI396,1982,6,CIENCIAS SOCIALES,171,3,138,90.12,0.0435,text_detected,,,,textual,high,OCR_TEXT_RICH,text_rich,PAGESTRUCT_LTMD_U1_W4_SOCIAL_SCIENCES_0.1
U1-H1982P6CI396-P172,H1982P6CI396,1982,6,CIENCIAS SOCIALES,172,3,39,93.12,0.0000,text_detected,,,,mixed_text_image,medium,OCR_MODERATE_TEXT,text_present,PAGESTRUCT_LTMD_U1_W4_SOCIAL_SCIENCES_0.1
U1-H1982P6CI396-P173,H1982P6CI396,1982,6,CIENCIAS SOCIALES,173,3,224,92.64,0.0179,text_detected,,,,textual,high,OCR_TEXT_RICH,text_rich,PAGESTRUCT_LTMD_U1_W4_SOCIAL_SCIENCES_0.1
U1-H1982P6CI396-P174,H1982P6CI396,1982,6,CIENCIAS SOCIALES,174,3,256,93.37,0.0156,text_detected,,,,textual,high,OCR_TEXT_RICH,text_rich,PAGESTRUCT_LTMD_U1_W4_SOCIAL_SCIENCES_0.1
U1-H1982P6CI396-P175,H1982P6CI396,1982,6,CIENCIAS SOCIALES,175,3,140,88.02,0.1000,text_detected,,,,textual,high,OCR_TEXT_RICH,text_rich,PAGESTRUCT_LTMD_U1_W4_SOCIAL_SCIENCES_0.1
U1-H1982P6CI396-P176,H1982P6CI396,1982,6,CIENCIAS SOCIALES,176,3,79,92.32,0.0506,text_detected,,,,mixed_text_image,medium,OCR_MODERATE_TEXT,text_present,PAGESTRUCT_LTMD_U1_W4_SOCIAL_SCIENCES_0.1
U1-H1982P6CI396-P177,H1982P6CI396,1982,6,CIENCIAS SOCIALES,177,3,52,94.61,0.0000,text_detected,,,,mixed_text_image,medium,OCR_MODERATE_TEXT,text_present,PAGESTRUCT_LTMD_U1_W4_SOCIAL_SCIENCES_0.1
U1-H1982P6CI396-P178,H1982P6CI396,1982,6,CIENCIAS SOCIALES,178,3,87,93.22,0.0345,text_detected,,,,mixed_text_image,medium,OCR_MODERATE_TEXT,text_present,PAGESTRUCT_LTMD_U1_W4_SOCIAL_SCIENCES_0.1
U1-H1982P6CI396-P179,H1982P6CI396,1982,6,CIENCIAS SOCIALES,179,3,63,91.53,0.0159,text_detected,,,,mixed_text_image,medium,OCR_MODERATE_TEXT,text_present,PAGESTRUCT_LTMD_U1_W4_SOCIAL_SCIENCES_0.1
U1-H1982P6CI396-P180,H1982P6CI396,1982,6,CIENCIAS SOCIALES,180,3,172,91.79,0.0233,text_detected,,,,textual,high,OCR_TEXT_RICH,text_rich,PAGESTRUCT_LTMD_U1_W4_SOCIAL_SCIENCES_0.1
U1-H1982P6CI396-P181,H1982P6CI396,1982,6,CIENCIAS SOCIALES,181,3,57,90.97,0.0351,text_detected,,,,mixed_text_image,medium,OCR_MODERATE_TEXT,text_present,PAGESTRUCT_LTMD_U1_W4_SOCIAL_SCIENCES_0.1
U1-H1982P6CI396-P182,H1982P6CI396,1982,6,CIENCIAS SOCIALES,182,3,63,91.60,0.0317,text_detected,,,,mixed_text_image,medium,OCR_MODERATE_TEXT,text_present,PAGESTRUCT_LTMD_U1_W4_SOCIAL_SCIENCES_0.1
U1-H1982P6CI396-P183,H1982P6CI396,1982,6,CIENCIAS SOCIALES,183,3,32,92.66,0.0000,text_detected,,,,mixed_text_image,medium,OCR_MODERATE_TEXT,text_present,PAGESTRUCT_LTMD_U1_W4_SOCIAL_SCIENCES_0.1
U1-H1982P6CI396-P184,H1982P6CI396,1982,6,CIENCIAS SOCIALES,184,3,61,90.84,0.0328,text_detected,,,,mixed_text_image,medium,OCR_MODERATE_TEXT,text_present,PAGESTRUCT_LTMD_U1_W4_SOCIAL_SCIENCES_0.1
U1-H1982P6CI396-P185,H1982P6CI396,1982,6,CIENCIAS SOCIALES,185,3,73,92.18,0.0274,text_detected,,,,mixed_text_image,medium,OCR_MODERATE_TEXT,text_present,PAGESTRUCT_LTMD_U1_W4_SOCIAL_SCIENCES_0.1
U1-H1982P6CI396-P186,H1982P6CI396,1982,6,CIENCIAS SOCIALES,186,3,55,92.74,0.0182,text_detected,,,,mixed_text_image,medium,OCR_MODERATE_TEXT,text_present,PAGESTRUCT_LTMD_U1_W4_SOCIAL_SCIENCES_0.1
U1-H1982P6CI396-P187,H1982P6CI396,1982,6,CIENCIAS SOCIALES,187,3,61,93.85,0.0164,text_detected,,,,mixed_text_image,medium,OCR_MODERATE_TEXT,text_present,PAGESTRUCT_LTMD_U1_W4_SOCIAL_SCIENCES_0.1
U1-H1982P6CI396-P188,H1982P6CI396,1982,6,CIENCIAS SOCIALES,188,3,112,90.87,0.0268,text_detected,,,,mixed_text_image,medium,OCR_MODERATE_TEXT,text_present,PAGESTRUCT_LTMD_U1_W4_SOCIAL_SCIENCES_0.1
U1-H1982P6CI396-P189,H1982P6CI396,1982,6,CIENCIAS SOCIALES,189,3,43,94.48,0.0000,text_detected,,,,mixed_text_image,medium,OCR_MODERATE_TEXT,text_present,PAGESTRUCT_LTMD_U1_W4_SOCIAL_SCIENCES_0.1
U1-H1982P6CI396-P190,H1982P6CI396,1982,6,CIENCIAS SOCIALES,190,3,102,93.00,0.0294,text_detected,,,,mixed_text_image,medium,OCR_MODERATE_TEXT,text_present,PAGESTRUCT_LTMD_U1_W4_SOCIAL_SCIENCES_0.1
U1-H1982P6CI396-P191,H1982P6CI396,1982,6,CIENCIAS SOCIALES,191,3,181,91.32,0.0221,text_detected,,,,textual,high,OCR_TEXT_RICH,text_rich,PAGESTRUCT_LTMD_U1_W4_SOCIAL_SCIENCES_0.1
U1-H1982P6CI396-P192,H1982P6CI396,1982,6,CIENCIAS SOCIALES,192,3,154,93.06,0.0130,text_detected,,,,textual,high,OCR_TEXT_RICH,text_rich,PAGESTRUCT_LTMD_U1_W4_SOCIAL_SCIENCES_0.1
U1-H1982P6CI396-P193,H1982P6CI396,1982,6,CIENCIAS SOCIALES,193,3,162,80.90,0.1235,text_detected,,,,textual,high,OCR_TEXT_RICH,text_rich,PAGESTRUCT_LTMD_U1_W4_SOCIAL_SCIENCES_0.1
U1-H1982P6CI396-P194,H1982P6CI396,1982,6,CIENCIAS SOCIALES,194,3,10,91.99,0.0000,text_detected,,,,mixed_text_image,low,OCR_SPARSE_HIGH_CONF,,PAGESTRUCT_LTMD_U1_W4_SOCIAL_SCIENCES_0.1
U1-H1982P6CI396-P195,H1982P6CI396,1982,6,CIENCIAS SOCIALES,195,3,11,46.17,0.7273,text_detected,,,,unknown,low,CONSERVATIVE_UNKNOWN,,PAGESTRUCT_LTMD_U1_W4_SOCIAL_SCIENCES_0.1
U1-H1982P6CI396-P196,H1982P6CI396,1982,6,CIENCIAS SOCIALES,196,3,255,90.20,0.0353,text_detected,,,,textual,high,OCR_TEXT_RICH,text_rich,PAGESTRUCT_LTMD_U1_W4_SOCIAL_SCIENCES_0.1
U1-H1982P6CI396-P197,H1982P6CI396,1982,6,CIENCIAS SOCIALES,197,3,269,89.57,0.0335,text_detected,,,,textual,high,OCR_TEXT_RICH,text_rich,PAGESTRUCT_LTMD_U1_W4_SOCIAL_SCIENCES_0.1
U1-H1982P6CI396-P198,H1982P6CI396,1982,6,CIENCIAS SOCIALES,198,3,283,92.04,0.0212,text_detected,,,,textual,high,OCR_TEXT_RICH,text_rich,PAGESTRUCT_LTMD_U1_W4_SOCIAL_SCIENCES_0.1
U1-H1982P6CI396-P199,H1982P6CI396,1982,6,CIENCIAS SOCIALES,199,3,283,89.80,0.0459,text_detected,,,,textual,high,OCR_TEXT_RICH,text_rich,PAGESTRUCT_LTMD_U1_W4_SOCIAL_SCIENCES_0.1
U1-H1982P6CI396-P200,H1982P6CI396,1982,6,CIENCIAS SOCIALES,200,3,284,90.41,0.0458,text_detected,,,,textual,high,OCR_TEXT_RICH,text_rich,PAGESTRUCT_LTMD_U1_W4_SOCIAL_SCIENCES_0.1
U1-H1982P6CI396-P201,H1982P6CI396,1982,6,CIENCIAS SOCIALES,201,3,46,91.93,0.0000,text_detected,,,,mixed_text_image,medium,OCR_MODERATE_TEXT,text_present,PAGESTRUCT_LTMD_U1_W4_SOCIAL_SCIENCES_0.1
U1-H1982P6CI396-P202,H1982P6CI396,1982,6,CIENCIAS SOCIALES,202,3,3,89.08,0.0000,text_detected,,,,unknown,low,CONSERVATIVE_UNKNOWN,,PAGESTRUCT_LTMD_U1_W4_SOCIAL_SCIENCES_0.1
U1-H1982P6CI396-P203,H1982P6CI396,1982,6,CIENCIAS SOCIALES,203,,0,,1.0000,no_text_detected,,,,visual_only,high,OCR_VISUAL_NOISE,visual_noise,PAGESTRUCT_LTMD_U1_W4_SOCIAL_SCIENCES_0.1
U1-H1982P6CI396-P204,H1982P6CI396,1982,6,CIENCIAS SOCIALES,204,3,5,91.23,0.0000,text_detected,,,,mixed_text_image,low,OCR_SPARSE_HIGH_CONF,,PAGESTRUCT_LTMD_U1_W4_SOCIAL_SCIENCES_0.1
U1-H1982P6CI396-P205,H1982P6CI396,1982,6,CIENCIAS SOCIALES,205,3,7,21.86,0.8571,text_detected,,,,unknown,low,CONSERVATIVE_UNKNOWN,,PAGESTRUCT_LTMD_U1_W4_SOCIAL_SCIENCES_0.1
U1-H1982P6CI396-P206,H1982P6CI396,1982,6,CIENCIAS SOCIALES,206,3,38,46.13,0.7632,text_detected,,,,unknown,low,CONSERVATIVE_UNKNOWN,,PAGESTRUCT_LTMD_U1_W4_SOCIAL_SCIENCES_0.1
U1-H1982P6CI396-P207,H1982P6CI396,1982,6,CIENCIAS SOCIALES,207,3,32,30.76,0.9062,text_detected,,,,unknown,low,CONSERVATIVE_UNKNOWN,,PAGESTRUCT_LTMD_U1_W4_SOCIAL_SCIENCES_0.1
U1-H1982P6CI396-P208,H1982P6CI396,1982,6,CIENCIAS SOCIALES,208,3,1,20.97,1.0000,text_detected,,,,visual_only,medium,OCR_VISUAL_NOISE,visual_noise,PAGESTRUCT_LTMD_U1_W4_SOCIAL_SCIENCES_0.1
U1-H1982P6CI396-P209,H1982P6CI396,1982,6,CIENCIAS SOCIALES,209,6,19,44.33,0.6842,text_detected,,,,visual_only,medium,OCR_VISUAL_NOISE,fallback_psm;visual_noise,PAGESTRUCT_LTMD_U1_W4_SOCIAL_SCIENCES_0.1
U1-H1982P6CI396-P210,H1982P6CI396,1982,6,CIENCIAS SOCIALES,210,6,16,29.12,0.9375,text_detected,,,,visual_only,high,OCR_VISUAL_NOISE,fallback_psm;visual_noise,PAGESTRUCT_LTMD_U1_W4_SOCIAL_SCIENCES_0.1
U1-H1982P6CI396-P211,H1982P6CI396,1982,6,CIENCIAS SOCIALES,211,6,31,38.83,0.6774,text_detected,,,,visual_only,medium,OCR_VISUAL_NOISE,fallback_psm;visual_noise,PAGESTRUCT_LTMD_U1_W4_SOCIAL_SCIENCES_0.1
U1-H1982P6CI396-P212,H1982P6CI396,1982,6,CIENCIAS SOCIALES,212,3,1,14.04,1.0000,text_detected,,,,visual_only,medium,OCR_VISUAL_NOISE,visual_noise,PAGESTRUCT_LTMD_U1_W4_SOCIAL_SCIENCES_0.1
U1-H1982P6CI396-P213,H1982P6CI396,1982,6,CIENCIAS SOCIALES,213,6,15,34.80,0.8000,text_detected,,,,visual_only,high,OCR_VISUAL_NOISE,fallback_psm;visual_noise,PAGESTRUCT_LTMD_U1_W4_SOCIAL_SCIENCES_0.1
U1-H1982P6CI396-P214,H1982P6CI396,1982,6,CIENCIAS SOCIALES,214,6,20,33.22,0.9000,text_detected,,,,visual_only,high,OCR_VISUAL_NOISE,fallback_psm;visual_noise,PAGESTRUCT_LTMD_U1_W4_SOCIAL_SCIENCES_0.1
U1-H1982P6CI396-P215,H1982P6CI396,1982,6,CIENCIAS SOCIALES,215,6,19,37.34,0.8421,text_detected,,,,visual_only,high,OCR_VISUAL_NOISE,fallback_psm;visual_noise,PAGESTRUCT_LTMD_U1_W4_SOCIAL_SCIENCES_0.1
U1-H1982P6CI396-P216,H1982P6CI396,1982,6,CIENCIAS SOCIALES,216,3,4,66.07,0.5000,text_detected,,,,unknown,low,CONSERVATIVE_UNKNOWN,,PAGESTRUCT_LTMD_U1_W4_SOCIAL_SCIENCES_0.1
U1-H1982P6CI396-P217,H1982P6CI396,1982,6,CIENCIAS SOCIALES,217,3,26,63.22,0.3846,text_detected,,,,mixed_text_image,medium,OCR_MODERATE_TEXT,text_present,PAGESTRUCT_LTMD_U1_W4_SOCIAL_SCIENCES_0.1
U1-H1982P6CI396-P218,H1982P6CI396,1982,6,CIENCIAS SOCIALES,218,6,6,51.52,0.6667,text_detected,,,,unknown,low,CONSERVATIVE_UNKNOWN,fallback_psm,PAGESTRUCT_LTMD_U1_W4_SOCIAL_SCIENCES_0.1
U1-H1982P6CI396-P219,H1982P6CI396,1982,6,CIENCIAS SOCIALES,219,11,10,30.84,0.9000,text_detected,,,,visual_only,high,OCR_VISUAL_NOISE,fallback_psm;visual_noise,PAGESTRUCT_LTMD_U1_W4_SOCIAL_SCIENCES_0.1
U1-H1982P6CI396-P220,H1982P6CI396,1982,6,CIENCIAS SOCIALES,220,6,81,31.01,0.8642,text_detected,,,,visual_only,high,OCR_VISUAL_NOISE,fallback_psm;visual_noise,PAGESTRUCT_LTMD_U1_W4_SOCIAL_SCIENCES_0.1
U1-H1982P6CI396-P221,H1982P6CI396,1982,6,CIENCIAS SOCIALES,221,3,540,87.80,0.0500,text_detected,,,,textual,high,OCR_TEXT_RICH,text_rich,PAGESTRUCT_LTMD_U1_W4_SOCIAL_SCIENCES_0.1
U1-H1982P6CI396-P222,H1982P6CI396,1982,6,CIENCIAS SOCIALES,222,3,315,89.73,0.0413,text_detected,,,,textual,high,OCR_TEXT_RICH,text_rich,PAGESTRUCT_LTMD_U1_W4_SOCIAL_SCIENCES_0.1
U1-H1982P6CI396-P223,H1982P6CI396,1982,6,CIENCIAS SOCIALES,223,3,555,89.70,0.0360,text_detected,,,,textual,high,OCR_TEXT_RICH,text_rich,PAGESTRUCT_LTMD_U1_W4_SOCIAL_SCIENCES_0.1
U1-H1982P6CI396-P224,H1982P6CI396,1982,6,CIENCIAS SOCIALES,224,3,138,85.89,0.0797,text_detected,,,,textual,high,OCR_TEXT_RICH,text_rich,PAGESTRUCT_LTMD_U1_W4_SOCIAL_SCIENCES_0.1
U1-H1982P6CI396-P225,H1982P6CI396,1982,6,CIENCIAS SOCIALES,225,3,3,96.51,0.0000,text_detected,,,,unknown,low,CONSERVATIVE_UNKNOWN,,PAGESTRUCT_LTMD_U1_W4_SOCIAL_SCIENCES_0.1
U1-H1982P6CI396-P226,H1982P6CI396,1982,6,CIENCIAS SOCIALES,226,3,23,75.01,0.2174,text_detected,,,,mixed_text_image,medium,OCR_MODERATE_TEXT,text_present,PAGESTRUCT_LTMD_U1_W4_SOCIAL_SCIENCES_0.1
U1-H1982P6CI396-P227,H1982P6CI396,1982,6,CIENCIAS SOCIALES,227,3,39,81.73,0.1282,text_detected,,,,mixed_text_image,medium,OCR_MODERATE_TEXT,text_present,PAGESTRUCT_LTMD_U1_W4_SOCIAL_SCIENCES_0.1
U1-H1982P6CI396-P228,H1982P6CI396,1982,6,CIENCIAS SOCIALES,228,3,44,86.43,0.0455,text_detected,,,,mixed_text_image,medium,OCR_MODERATE_TEXT,text_present,PAGESTRUCT_LTMD_U1_W4_SOCIAL_SCIENCES_0.1
U1-H1982P6CI396-P229,H1982P6CI396,1982,6,CIENCIAS SOCIALES,229,3,35,80.59,0.2000,text_detected,,,,mixed_text_image,medium,OCR_MODERATE_TEXT,text_present,PAGESTRUCT_LTMD_U1_W4_SOCIAL_SCIENCES_0.1
U1-H1982P6CI396-P230,H1982P6CI396,1982,6,CIENCIAS SOCIALES,230,3,31,86.26,0.0968,text_detected,,,,mixed_text_image,medium,OCR_MODERATE_TEXT,text_present,PAGESTRUCT_LTMD_U1_W4_SOCIAL_SCIENCES_0.1
U1-H1982P6CI396-P231,H1982P6CI396,1982,6,CIENCIAS SOCIALES,231,3,34,81.28,0.1471,text_detected,,,,mixed_text_image,medium,OCR_MODERATE_TEXT,text_present,PAGESTRUCT_LTMD_U1_W4_SOCIAL_SCIENCES_0.1
U1-H1982P6CI396-P232,H1982P6CI396,1982,6,CIENCIAS SOCIALES,232,3,32,83.14,0.0625,text_detected,,,,mixed_text_image,medium,OCR_MODERATE_TEXT,text_present,PAGESTRUCT_LTMD_U1_W4_SOCIAL_SCIENCES_0.1
U1-H1982P6CI396-P233,H1982P6CI396,1982,6,CIENCIAS SOCIALES,233,3,368,90.39,0.0462,text_detected,,,,textual,high,OCR_TEXT_RICH,text_rich,PAGESTRUCT_LTMD_U1_W4_SOCIAL_SCIENCES_0.1
U1-H1982P6CI396-P234,H1982P6CI396,1982,6,CIENCIAS SOCIALES,234,3,297,88.84,0.0438,text_detected,,,,textual,high,OCR_TEXT_RICH,text_rich,PAGESTRUCT_LTMD_U1_W4_SOCIAL_SCIENCES_0.1
U1-H1982P6CI396-P235,H1982P6CI396,1982,6,CIENCIAS SOCIALES,235,3,437,91.08,0.0389,text_detected,,,,textual,high,OCR_TEXT_RICH,text_rich,PAGESTRUCT_LTMD_U1_W4_SOCIAL_SCIENCES_0.1
U1-H1982P6CI396-P236,H1982P6CI396,1982,6,CIENCIAS SOCIALES,236,3,662,92.32,0.0227,text_detected,,,,textual,high,OCR_TEXT_RICH,text_rich,PAGESTRUCT_LTMD_U1_W4_SOCIAL_SCIENCES_0.1
U1-H1982P6CI396-P237,H1982P6CI396,1982,6,CIENCIAS SOCIALES,237,3,503,92.68,0.0199,text_detected,,,,textual,high,OCR_TEXT_RICH,text_rich,PAGESTRUCT_LTMD_U1_W4_SOCIAL_SCIENCES_0.1
U1-H1982P6CI396-P238,H1982P6CI396,1982,6,CIENCIAS SOCIALES,238,3,433,92.94,0.0185,text_detected,,,,textual,high,OCR_TEXT_RICH,text_rich,PAGESTRUCT_LTMD_U1_W4_SOCIAL_SCIENCES_0.1
U1-H1982P6CI396-P239,H1982P6CI396,1982,6,CIENCIAS SOCIALES,239,3,6,79.09,0.1667,text_detected,,,,mixed_text_image,low,OCR_SPARSE_HIGH_CONF,,PAGESTRUCT_LTMD_U1_W4_SOCIAL_SCIENCES_0.1
U1-H1982P6CI396-P240,H1982P6CI396,1982,6,CIENCIAS SOCIALES,240,3,355,92.46,0.0197,text_detected,,,,textual,high,OCR_TEXT_RICH,text_rich,PAGESTRUCT_LTMD_U1_W4_SOCIAL_SCIENCES_0.1
U1-H1982P6CI396-P241,H1982P6CI396,1982,6,CIENCIAS SOCIALES,241,3,419,89.15,0.0501,text_detected,,,,textual,high,OCR_TEXT_RICH,text_rich,PAGESTRUCT_LTMD_U1_W4_SOCIAL_SCIENCES_0.1
U1-H1982P6CI396-P242,H1982P6CI396,1982,6,CIENCIAS SOCIALES,242,3,627,90.83,0.0367,text_detected,,,,textual,high,OCR_TEXT_RICH,text_rich,PAGESTRUCT_LTMD_U1_W4_SOCIAL_SCIENCES_0.1
U1-H1982P6CI396-P243,H1982P6CI396,1982,6,CIENCIAS SOCIALES,243,3,164,89.43,0.0488,text_detected,,,,textual,high,OCR_TEXT_RICH,text_rich,PAGESTRUCT_LTMD_U1_W4_SOCIAL_SCIENCES_0.1
U1-H1982P6CI396-P244,H1982P6CI396,1982,6,CIENCIAS SOCIALES,244,3,245,87.75,0.0735,text_detected,,,,textual,high,OCR_TEXT_RICH,text_rich,PAGESTRUCT_LTMD_U1_W4_SOCIAL_SCIENCES_0.1
U1-H1982P6CI396-P245,H1982P6CI396,1982,6,CIENCIAS SOCIALES,245,3,648,88.78,0.0540,text_detected,,,,textual,high,OCR_TEXT_RICH,text_rich,PAGESTRUCT_LTMD_U1_W4_SOCIAL_SCIENCES_0.1
U1-H1982P6CI396-P246,H1982P6CI396,1982,6,CIENCIAS SOCIALES,246,3,305,90.51,0.0328,text_detected,,,,textual,high,OCR_TEXT_RICH,text_rich,PAGESTRUCT_LTMD_U1_W4_SOCIAL_SCIENCES_0.1
U1-H1982P6CI396-P247,H1982P6CI396,1982,6,CIENCIAS SOCIALES,247,3,188,89.28,0.0479,text_detected,,,,textual,high,OCR_TEXT_RICH,text_rich,PAGESTRUCT_LTMD_U1_W4_SOCIAL_SCIENCES_0.1
U1-H1982P6CI396-P248,H1982P6CI396,1982,6,CIENCIAS SOCIALES,248,3,641,84.17,0.1154,text_detected,,,,textual,high,OCR_TEXT_RICH,text_rich,PAGESTRUCT_LTMD_U1_W4_SOCIAL_SCIENCES_0.1
U1-H1982P6CI396-P249,H1982P6CI396,1982,6,CIENCIAS SOCIALES,249,3,404,87.96,0.0693,text_detected,,,,textual,high,OCR_TEXT_RICH,text_rich,PAGESTRUCT_LTMD_U1_W4_SOCIAL_SCIENCES_0.1
U1-H1982P6CI396-P250,H1982P6CI396,1982,6,CIENCIAS SOCIALES,250,3,416,86.91,0.0577,text_detected,,,,textual,high,OCR_TEXT_RICH,text_rich,PAGESTRUCT_LTMD_U1_W4_SOCIAL_SCIENCES_0.1
U1-H1982P6CI396-P251,H1982P6CI396,1982,6,CIENCIAS SOCIALES,251,3,510,91.72,0.0314,text_detected,,,,textual,high,OCR_TEXT_RICH,text_rich,PAGESTRUCT_LTMD_U1_W4_SOCIAL_SCIENCES_0.1
U1-H1982P6CI396-P252,H1982P6CI396,1982,6,CIENCIAS SOCIALES,252,3,266,87.44,0.0714,text_detected,,,,textual,high,OCR_TEXT_RICH,text_rich,PAGESTRUCT_LTMD_U1_W4_SOCIAL_SCIENCES_0.1
U1-H1982P6CI396-P253,H1982P6CI396,1982,6,CIENCIAS SOCIALES,253,3,517,91.18,0.0329,text_detected,0,0,0,textual,high,OCR_TEXT_RICH,end_zone;text_rich,PAGESTRUCT_LTMD_U1_W4_SOCIAL_SCIENCES_0.1
U1-H1982P6CI396-P254,H1982P6CI396,1982,6,CIENCIAS SOCIALES,254,3,190,82.69,0.1053,text_detected,0,1,0,textual,high,OCR_TEXT_RICH,end_zone;text_rich;nav_kw,PAGESTRUCT_LTMD_U1_W4_SOCIAL_SCIENCES_0.1
U1-H1982P6CI396-P255,H1982P6CI396,1982,6,CIENCIAS SOCIALES,255,3,422,89.41,0.0498,text_detected,0,0,0,textual,high,OCR_TEXT_RICH,end_zone;text_rich,PAGESTRUCT_LTMD_U1_W4_SOCIAL_SCIENCES_0.1
U1-H1982P6CI396-P256,H1982P6CI396,1982,6,CIENCIAS SOCIALES,256,3,469,88.44,0.0640,text_detected,0,0,0,textual,high,OCR_TEXT_RICH,end_zone;text_rich,PAGESTRUCT_LTMD_U1_W4_SOCIAL_SCIENCES_0.1
U1-H1982P6CI396-P257,H1982P6CI396,1982,6,CIENCIAS SOCIALES,257,3,346,89.53,0.0665,text_detected,0,1,0,textual,high,OCR_TEXT_RICH,end_zone;text_rich;nav_kw,PAGESTRUCT_LTMD_U1_W4_SOCIAL_SCIENCES_0.1
U1-H1982P6CI396-P258,H1982P6CI396,1982,6,CIENCIAS SOCIALES,258,3,411,91.45,0.0268,text_detected,0,1,0,textual,high,OCR_TEXT_RICH,end_zone;text_rich;nav_kw,PAGESTRUCT_LTMD_U1_W4_SOCIAL_SCIENCES_0.1
U1-H1982P6CI396-P259,H1982P6CI396,1982,6,CIENCIAS SOCIALES,259,3,594,91.83,0.0286,text_detected,0,1,0,textual,high,OCR_TEXT_RICH,end_zone;text_rich;nav_kw,PAGESTRUCT_LTMD_U1_W4_SOCIAL_SCIENCES_0.1
U1-H1982P6CI396-P260,H1982P6CI396,1982,6,CIENCIAS SOCIALES,260,3,604,91.33,0.0298,text_detected,0,0,0,textual,high,OCR_TEXT_RICH,end_zone;text_rich,PAGESTRUCT_LTMD_U1_W4_SOCIAL_SCIENCES_0.1
U1-H1982P6CI396-P261,H1982P6CI396,1982,6,CIENCIAS SOCIALES,261,3,188,91.84,0.0266,text_detected,0,0,0,textual,high,OCR_TEXT_RICH,end_zone;text_rich,PAGESTRUCT_LTMD_U1_W4_SOCIAL_SCIENCES_0.1
U1-H1982P6CI396-P262,H1982P6CI396,1982,6,CIENCIAS SOCIALES,262,3,8,23.92,1.0000,text_detected,0,0,0,unknown,low,CONSERVATIVE_UNKNOWN,end_zone,PAGESTRUCT_LTMD_U1_W4_SOCIAL_SCIENCES_0.1
U1-H1982P6CI396-P263,H1982P6CI396,1982,6,CIENCIAS SOCIALES,263,3,67,83.29,0.1194,text_detected,0,0,0,mixed_text_image,medium,OCR_MODERATE_TEXT,end_zone;text_present,PAGESTRUCT_LTMD_U1_W4_SOCIAL_SCIENCES_0.1
U1-H1982P6CI396-P264,H1982P6CI396,1982,6,CIENCIAS SOCIALES,264,3,38,85.84,0.0789,text_detected,0,0,0,mixed_text_image,medium,OCR_MODERATE_TEXT,end_zone;text_present,PAGESTRUCT_LTMD_U1_W4_SOCIAL_SCIENCES_0.1
U1-H1982P6CI396-P265,H1982P6CI396,1982,6,CIENCIAS SOCIALES,265,6,59,20.48,0.9492,text_detected,0,0,0,visual_only,high,OCR_VISUAL_NOISE,end_zone;fallback_psm;visual_noise,PAGESTRUCT_LTMD_U1_W4_SOCIAL_SCIENCES_0.1
U1-H1982P6CI396-P266,H1982P6CI396,1982,6,CIENCIAS SOCIALES,266,,0,,1.0000,no_text_detected,0,0,0,visual_only,high,OCR_VISUAL_NOISE,end_zone;visual_noise,PAGESTRUCT_LTMD_U1_W4_SOCIAL_SCIENCES_0.1
U1-H1982P6CI396-P267,H1982P6CI396,1982,6,CIENCIAS SOCIALES,267,3,138,79.61,0.1812,text_detected,0,0,0,textual,high,OCR_TEXT_RICH,end_zone;text_rich,PAGESTRUCT_LTMD_U1_W4_SOCIAL_SCIENCES_0.1
U1-H1982P6CI396-P268,H1982P6CI396,1982,6,CIENCIAS SOCIALES,268,3,2,86.60,0.0000,text_detected,0,0,0,unknown,low,CONSERVATIVE_UNKNOWN,end_zone,PAGESTRUCT_LTMD_U1_W4_SOCIAL_SCIENCES_0.1
U1-H1988P3CI115-P001,H1988P3CI115,1988,3,CIENCIAS SOCIALES,1,3,4,96.68,0.0000,text_detected,0,0,0,mixed_text_image,low,OCR_SPARSE_HIGH_CONF,front_zone,PAGESTRUCT_LTMD_U1_W4_SOCIAL_SCIENCES_0.1
U1-H1988P3CI115-P002,H1988P3CI115,1988,3,CIENCIAS SOCIALES,2,3,163,85.57,0.0798,text_detected,0,1,2,bibliography_or_credits,high,KW_BIBLIO_CREDITS,front_zone;text_rich;nav_kw;biblio_credit_kw,PAGESTRUCT_LTMD_U1_W4_SOCIAL_SCIENCES_0.1
U1-H1988P3CI115-P003,H1988P3CI115,1988,3,CIENCIAS SOCIALES,3,3,182,81.34,0.1319,text_detected,0,1,0,toc_or_navigation,medium,KW_NAVIGATION,front_zone;text_rich;nav_kw,PAGESTRUCT_LTMD_U1_W4_SOCIAL_SCIENCES_0.1
U1-H1988P3CI115-P004,H1988P3CI115,1988,3,CIENCIAS SOCIALES,4,11,126,28.20,0.9524,text_detected,0,0,0,visual_only,high,OCR_VISUAL_NOISE,front_zone;fallback_psm;visual_noise,PAGESTRUCT_LTMD_U1_W4_SOCIAL_SCIENCES_0.1
U1-H1988P3CI115-P005,H1988P3CI115,1988,3,CIENCIAS SOCIALES,5,3,34,91.30,0.0294,text_detected,0,0,0,mixed_text_image,medium,OCR_MODERATE_TEXT,front_zone;text_present,PAGESTRUCT_LTMD_U1_W4_SOCIAL_SCIENCES_0.1
U1-H1988P3CI115-P006,H1988P3CI115,1988,3,CIENCIAS SOCIALES,6,3,131,89.91,0.0687,text_detected,0,0,0,textual,high,OCR_TEXT_RICH,front_zone;text_rich,PAGESTRUCT_LTMD_U1_W4_SOCIAL_SCIENCES_0.1
U1-H1988P3CI115-P007,H1988P3CI115,1988,3,CIENCIAS SOCIALES,7,3,188,90.95,0.0585,text_detected,0,0,0,textual,high,OCR_TEXT_RICH,front_zone;text_rich,PAGESTRUCT_LTMD_U1_W4_SOCIAL_SCIENCES_0.1
U1-H1988P3CI115-P008,H1988P3CI115,1988,3,CIENCIAS SOCIALES,8,3,83,86.65,0.1084,text_detected,0,0,0,mixed_text_image,medium,OCR_MODERATE_TEXT,front_zone;text_present,PAGESTRUCT_LTMD_U1_W4_SOCIAL_SCIENCES_0.1
U1-H1988P3CI115-P009,H1988P3CI115,1988,3,CIENCIAS SOCIALES,9,3,132,92.11,0.0379,text_detected,0,0,0,textual,high,OCR_TEXT_RICH,front_zone;text_rich,PAGESTRUCT_LTMD_U1_W4_SOCIAL_SCIENCES_0.1
U1-H1988P3CI115-P010,H1988P3CI115,1988,3,CIENCIAS SOCIALES,10,3,117,90.57,0.0684,text_detected,0,0,0,mixed_text_image,medium,OCR_MODERATE_TEXT,front_zone;text_present,PAGESTRUCT_LTMD_U1_W4_SOCIAL_SCIENCES_0.1
U1-H1988P3CI115-P011,H1988P3CI115,1988,3,CIENCIAS SOCIALES,11,3,49,89.20,0.1020,text_detected,0,0,0,mixed_text_image,medium,OCR_MODERATE_TEXT,front_zone;text_present,PAGESTRUCT_LTMD_U1_W4_SOCIAL_SCIENCES_0.1
U1-H1988P3CI115-P012,H1988P3CI115,1988,3,CIENCIAS SOCIALES,12,3,64,87.65,0.0938,text_detected,0,0,0,mixed_text_image,medium,OCR_MODERATE_TEXT,front_zone;text_present,PAGESTRUCT_LTMD_U1_W4_SOCIAL_SCIENCES_0.1
U1-H1988P3CI115-P013,H1988P3CI115,1988,3,CIENCIAS SOCIALES,13,3,13,59.38,0.4615,text_detected,0,0,0,unknown,low,CONSERVATIVE_UNKNOWN,front_zone,PAGESTRUCT_LTMD_U1_W4_SOCIAL_SCIENCES_0.1
U1-H1988P3CI115-P014,H1988P3CI115,1988,3,CIENCIAS SOCIALES,14,3,86,91.28,0.0465,text_detected,0,0,0,mixed_text_image,medium,OCR_MODERATE_TEXT,front_zone;text_present,PAGESTRUCT_LTMD_U1_W4_SOCIAL_SCIENCES_0.1
U1-H1988P3CI115-P015,H1988P3CI115,1988,3,CIENCIAS SOCIALES,15,3,89,92.76,0.0225,text_detected,0,0,0,mixed_text_image,medium,OCR_MODERATE_TEXT,front_zone;text_present,PAGESTRUCT_LTMD_U1_W4_SOCIAL_SCIENCES_0.1
U1-H1988P3CI115-P016,H1988P3CI115,1988,3,CIENCIAS SOCIALES,16,3,120,79.48,0.2083,text_detected,0,0,0,textual,high,OCR_TEXT_RICH,front_zone;text_rich,PAGESTRUCT_LTMD_U1_W4_SOCIAL_SCIENCES_0.1
U1-H1988P3CI115-P017,H1988P3CI115,1988,3,CIENCIAS SOCIALES,17,3,216,90.63,0.0694,text_detected,,,,textual,high,OCR_TEXT_RICH,text_rich,PAGESTRUCT_LTMD_U1_W4_SOCIAL_SCIENCES_0.1
U1-H1988P3CI115-P018,H1988P3CI115,1988,3,CIENCIAS SOCIALES,18,3,120,84.83,0.1333,text_detected,,,,textual,high,OCR_TEXT_RICH,text_rich,PAGESTRUCT_LTMD_U1_W4_SOCIAL_SCIENCES_0.1
U1-H1988P3CI115-P019,H1988P3CI115,1988,3,CIENCIAS SOCIALES,19,3,139,85.59,0.1439,text_detected,,,,textual,high,OCR_TEXT_RICH,text_rich,PAGESTRUCT_LTMD_U1_W4_SOCIAL_SCIENCES_0.1
U1-H1988P3CI115-P020,H1988P3CI115,1988,3,CIENCIAS SOCIALES,20,3,187,88.84,0.0642,text_detected,,,,textual,high,OCR_TEXT_RICH,text_rich,PAGESTRUCT_LTMD_U1_W4_SOCIAL_SCIENCES_0.1
U1-H1988P3CI115-P021,H1988P3CI115,1988,3,CIENCIAS SOCIALES,21,3,169,90.84,0.0296,text_detected,,,,textual,high,OCR_TEXT_RICH,text_rich,PAGESTRUCT_LTMD_U1_W4_SOCIAL_SCIENCES_0.1
U1-H1988P3CI115-P022,H1988P3CI115,1988,3,CIENCIAS SOCIALES,22,3,113,87.73,0.0885,text_detected,,,,mixed_text_image,medium,OCR_MODERATE_TEXT,text_present,PAGESTRUCT_LTMD_U1_W4_SOCIAL_SCIENCES_0.1
U1-H1988P3CI115-P023,H1988P3CI115,1988,3,CIENCIAS SOCIALES,23,3,89,91.09,0.0562,text_detected,,,,mixed_text_image,medium,OCR_MODERATE_TEXT,text_present,PAGESTRUCT_LTMD_U1_W4_SOCIAL_SCIENCES_0.1
U1-H1988P3CI115-P024,H1988P3CI115,1988,3,CIENCIAS SOCIALES,24,3,101,90.23,0.0495,text_detected,,,,mixed_text_image,medium,OCR_MODERATE_TEXT,text_present,PAGESTRUCT_LTMD_U1_W4_SOCIAL_SCIENCES_0.1
U1-H1988P3CI115-P025,H1988P3CI115,1988,3,CIENCIAS SOCIALES,25,3,147,93.02,0.0272,text_detected,,,,textual,high,OCR_TEXT_RICH,text_rich,PAGESTRUCT_LTMD_U1_W4_SOCIAL_SCIENCES_0.1
U1-H1988P3CI115-P026,H1988P3CI115,1988,3,CIENCIAS SOCIALES,26,3,120,89.95,0.0583,text_detected,,,,textual,high,OCR_TEXT_RICH,text_rich,PAGESTRUCT_LTMD_U1_W4_SOCIAL_SCIENCES_0.1
U1-H1988P3CI115-P027,H1988P3CI115,1988,3,CIENCIAS SOCIALES,27,3,85,89.06,0.0471,text_detected,,,,mixed_text_image,medium,OCR_MODERATE_TEXT,text_present,PAGESTRUCT_LTMD_U1_W4_SOCIAL_SCIENCES_0.1
U1-H1988P3CI115-P028,H1988P3CI115,1988,3,CIENCIAS SOCIALES,28,3,126,88.65,0.0794,text_detected,,,,textual,high,OCR_TEXT_RICH,text_rich,PAGESTRUCT_LTMD_U1_W4_SOCIAL_SCIENCES_0.1
U1-H1988P3CI115-P029,H1988P3CI115,1988,3,CIENCIAS SOCIALES,29,3,140,92.45,0.0143,text_detected,,,,textual,high,OCR_TEXT_RICH,text_rich,PAGESTRUCT_LTMD_U1_W4_SOCIAL_SCIENCES_0.1
U1-H1988P3CI115-P030,H1988P3CI115,1988,3,CIENCIAS SOCIALES,30,3,269,93.18,0.0149,text_detected,,,,textual,high,OCR_TEXT_RICH,text_rich,PAGESTRUCT_LTMD_U1_W4_SOCIAL_SCIENCES_0.1
U1-H1988P3CI115-P031,H1988P3CI115,1988,3,CIENCIAS SOCIALES,31,3,116,86.45,0.1207,text_detected,,,,mixed_text_image,medium,OCR_MODERATE_TEXT,text_present,PAGESTRUCT_LTMD_U1_W4_SOCIAL_SCIENCES_0.1
U1-H1988P3CI115-P032,H1988P3CI115,1988,3,CIENCIAS SOCIALES,32,3,59,89.17,0.0847,text_detected,,,,mixed_text_image,medium,OCR_MODERATE_TEXT,text_present,PAGESTRUCT_LTMD_U1_W4_SOCIAL_SCIENCES_0.1
U1-H1988P3CI115-P033,H1988P3CI115,1988,3,CIENCIAS SOCIALES,33,3,157,93.54,0.0127,text_detected,,,,textual,high,OCR_TEXT_RICH,text_rich,PAGESTRUCT_LTMD_U1_W4_SOCIAL_SCIENCES_0.1
U1-H1988P3CI115-P034,H1988P3CI115,1988,3,CIENCIAS SOCIALES,34,3,258,91.99,0.0233,text_detected,,,,textual,high,OCR_TEXT_RICH,text_rich,PAGESTRUCT_LTMD_U1_W4_SOCIAL_SCIENCES_0.1
U1-H1988P3CI115-P035,H1988P3CI115,1988,3,CIENCIAS SOCIALES,35,3,207,92.96,0.0338,text_detected,,,,textual,high,OCR_TEXT_RICH,text_rich,PAGESTRUCT_LTMD_U1_W4_SOCIAL_SCIENCES_0.1
U1-H1988P3CI115-P036,H1988P3CI115,1988,3,CIENCIAS SOCIALES,36,3,188,94.23,0.0106,text_detected,,,,textual,high,OCR_TEXT_RICH,text_rich,PAGESTRUCT_LTMD_U1_W4_SOCIAL_SCIENCES_0.1
U1-H1988P3CI115-P037,H1988P3CI115,1988,3,CIENCIAS SOCIALES,37,3,150,94.00,0.0133,text_detected,,,,textual,high,OCR_TEXT_RICH,text_rich,PAGESTRUCT_LTMD_U1_W4_SOCIAL_SCIENCES_0.1
U1-H1988P3CI115-P038,H1988P3CI115,1988,3,CIENCIAS SOCIALES,38,3,219,91.66,0.0365,text_detected,,,,textual,high,OCR_TEXT_RICH,text_rich,PAGESTRUCT_LTMD_U1_W4_SOCIAL_SCIENCES_0.1
U1-H1988P3CI115-P039,H1988P3CI115,1988,3,CIENCIAS SOCIALES,39,3,147,89.11,0.0884,text_detected,,,,textual,high,OCR_TEXT_RICH,text_rich,PAGESTRUCT_LTMD_U1_W4_SOCIAL_SCIENCES_0.1
U1-H1988P3CI115-P040,H1988P3CI115,1988,3,CIENCIAS SOCIALES,40,3,185,91.13,0.0270,text_detected,,,,textual,high,OCR_TEXT_RICH,text_rich,PAGESTRUCT_LTMD_U1_W4_SOCIAL_SCIENCES_0.1
U1-H1988P3CI115-P041,H1988P3CI115,1988,3,CIENCIAS SOCIALES,41,3,128,87.75,0.0938,text_detected,,,,textual,high,OCR_TEXT_RICH,text_rich,PAGESTRUCT_LTMD_U1_W4_SOCIAL_SCIENCES_0.1
U1-H1988P3CI115-P042,H1988P3CI115,1988,3,CIENCIAS SOCIALES,42,3,247,91.60,0.0364,text_detected,,,,textual,high,OCR_TEXT_RICH,text_rich,PAGESTRUCT_LTMD_U1_W4_SOCIAL_SCIENCES_0.1
U1-H1988P3CI115-P043,H1988P3CI115,1988,3,CIENCIAS SOCIALES,43,3,122,91.48,0.0328,text_detected,,,,textual,high,OCR_TEXT_RICH,text_rich,PAGESTRUCT_LTMD_U1_W4_SOCIAL_SCIENCES_0.1
U1-H1988P3CI115-P044,H1988P3CI115,1988,3,CIENCIAS SOCIALES,44,3,166,89.18,0.0723,text_detected,,,,textual,high,OCR_TEXT_RICH,text_rich,PAGESTRUCT_LTMD_U1_W4_SOCIAL_SCIENCES_0.1
U1-H1988P3CI115-P045,H1988P3CI115,1988,3,CIENCIAS SOCIALES,45,3,248,91.88,0.0363,text_detected,,,,textual,high,OCR_TEXT_RICH,text_rich,PAGESTRUCT_LTMD_U1_W4_SOCIAL_SCIENCES_0.1
U1-H1988P3CI115-P046,H1988P3CI115,1988,3,CIENCIAS SOCIALES,46,3,185,92.18,0.0270,text_detected,,,,textual,high,OCR_TEXT_RICH,text_rich,PAGESTRUCT_LTMD_U1_W4_SOCIAL_SCIENCES_0.1
U1-H1988P3CI115-P047,H1988P3CI115,1988,3,CIENCIAS SOCIALES,47,3,250,93.18,0.0160,text_detected,,,,textual,high,OCR_TEXT_RICH,text_rich,PAGESTRUCT_LTMD_U1_W4_SOCIAL_SCIENCES_0.1
U1-H1988P3CI115-P048,H1988P3CI115,1988,3,CIENCIAS SOCIALES,48,3,369,94.32,0.0054,text_detected,,,,textual,high,OCR_TEXT_RICH,text_rich,PAGESTRUCT_LTMD_U1_W4_SOCIAL_SCIENCES_0.1
U1-H1988P3CI115-P049,H1988P3CI115,1988,3,CIENCIAS SOCIALES,49,3,199,94.41,0.0201,text_detected,,,,textual,high,OCR_TEXT_RICH,text_rich,PAGESTRUCT_LTMD_U1_W4_SOCIAL_SCIENCES_0.1
U1-H1988P3CI115-P050,H1988P3CI115,1988,3,CIENCIAS SOCIALES,50,3,150,90.59,0.0467,text_detected,,,,textual,high,OCR_TEXT_RICH,text_rich,PAGESTRUCT_LTMD_U1_W4_SOCIAL_SCIENCES_0.1
U1-H1988P3CI115-P051,H1988P3CI115,1988,3,CIENCIAS SOCIALES,51,3,124,90.56,0.0403,text_detected,,,,textual,high,OCR_TEXT_RICH,text_rich,PAGESTRUCT_LTMD_U1_W4_SOCIAL_SCIENCES_0.1
U1-H1988P3CI115-P052,H1988P3CI115,1988,3,CIENCIAS SOCIALES,52,3,157,93.96,0.0191,text_detected,,,,textual,high,OCR_TEXT_RICH,text_rich,PAGESTRUCT_LTMD_U1_W4_SOCIAL_SCIENCES_0.1
U1-H1988P3CI115-P053,H1988P3CI115,1988,3,CIENCIAS SOCIALES,53,3,141,90.21,0.0426,text_detected,,,,textual,high,OCR_TEXT_RICH,text_rich,PAGESTRUCT_LTMD_U1_W4_SOCIAL_SCIENCES_0.1
U1-H1988P3CI115-P054,H1988P3CI115,1988,3,CIENCIAS SOCIALES,54,3,172,90.78,0.0291,text_detected,,,,textual,high,OCR_TEXT_RICH,text_rich,PAGESTRUCT_LTMD_U1_W4_SOCIAL_SCIENCES_0.1
U1-H1988P3CI115-P055,H1988P3CI115,1988,3,CIENCIAS SOCIALES,55,3,143,89.18,0.0559,text_detected,,,,textual,high,OCR_TEXT_RICH,text_rich,PAGESTRUCT_LTMD_U1_W4_SOCIAL_SCIENCES_0.1
U1-H1988P3CI115-P056,H1988P3CI115,1988,3,CIENCIAS SOCIALES,56,3,188,87.21,0.1011,text_detected,,,,textual,high,OCR_TEXT_RICH,text_rich,PAGESTRUCT_LTMD_U1_W4_SOCIAL_SCIENCES_0.1
U1-H1988P3CI115-P057,H1988P3CI115,1988,3,CIENCIAS SOCIALES,57,3,98,90.50,0.0306,text_detected,,,,mixed_text_image,medium,OCR_MODERATE_TEXT,text_present,PAGESTRUCT_LTMD_U1_W4_SOCIAL_SCIENCES_0.1
U1-H1988P3CI115-P058,H1988P3CI115,1988,3,CIENCIAS SOCIALES,58,3,191,90.51,0.0419,text_detected,,,,textual,high,OCR_TEXT_RICH,text_rich,PAGESTRUCT_LTMD_U1_W4_SOCIAL_SCIENCES_0.1
U1-H1988P3CI115-P059,H1988P3CI115,1988,3,CIENCIAS SOCIALES,59,3,126,86.76,0.0873,text_detected,,,,textual,high,OCR_TEXT_RICH,text_rich,PAGESTRUCT_LTMD_U1_W4_SOCIAL_SCIENCES_0.1
U1-H1988P3CI115-P060,H1988P3CI115,1988,3,CIENCIAS SOCIALES,60,3,182,91.60,0.0385,text_detected,,,,textual,high,OCR_TEXT_RICH,text_rich,PAGESTRUCT_LTMD_U1_W4_SOCIAL_SCIENCES_0.1
U1-H1988P3CI115-P061,H1988P3CI115,1988,3,CIENCIAS SOCIALES,61,3,397,93.26,0.0101,text_detected,,,,textual,high,OCR_TEXT_RICH,text_rich,PAGESTRUCT_LTMD_U1_W4_SOCIAL_SCIENCES_0.1
U1-H1988P3CI115-P062,H1988P3CI115,1988,3,CIENCIAS SOCIALES,62,3,221,92.05,0.0362,text_detected,,,,textual,high,OCR_TEXT_RICH,text_rich,PAGESTRUCT_LTMD_U1_W4_SOCIAL_SCIENCES_0.1
U1-H1988P3CI115-P063,H1988P3CI115,1988,3,CIENCIAS SOCIALES,63,3,221,91.66,0.0317,text_detected,,,,textual,high,OCR_TEXT_RICH,text_rich,PAGESTRUCT_LTMD_U1_W4_SOCIAL_SCIENCES_0.1
U1-H1988P3CI115-P064,H1988P3CI115,1988,3,CIENCIAS SOCIALES,64,3,107,92.65,0.0187,text_detected,,,,mixed_text_image,medium,OCR_MODERATE_TEXT,text_present,PAGESTRUCT_LTMD_U1_W4_SOCIAL_SCIENCES_0.1
U1-H1988P3CI115-P065,H1988P3CI115,1988,3,CIENCIAS SOCIALES,65,3,113,89.64,0.0619,text_detected,,,,mixed_text_image,medium,OCR_MODERATE_TEXT,text_present,PAGESTRUCT_LTMD_U1_W4_SOCIAL_SCIENCES_0.1
U1-H1988P3CI115-P066,H1988P3CI115,1988,3,CIENCIAS SOCIALES,66,3,143,92.42,0.0420,text_detected,,,,textual,high,OCR_TEXT_RICH,text_rich,PAGESTRUCT_LTMD_U1_W4_SOCIAL_SCIENCES_0.1
U1-H1988P3CI115-P067,H1988P3CI115,1988,3,CIENCIAS SOCIALES,67,3,85,88.70,0.0824,text_detected,,,,mixed_text_image,medium,OCR_MODERATE_TEXT,text_present,PAGESTRUCT_LTMD_U1_W4_SOCIAL_SCIENCES_0.1
U1-H1988P3CI115-P068,H1988P3CI115,1988,3,CIENCIAS SOCIALES,68,3,122,92.61,0.0246,text_detected,,,,textual,high,OCR_TEXT_RICH,text_rich,PAGESTRUCT_LTMD_U1_W4_SOCIAL_SCIENCES_0.1
U1-H1988P3CI115-P069,H1988P3CI115,1988,3,CIENCIAS SOCIALES,69,3,145,92.98,0.0138,text_detected,,,,textual,high,OCR_TEXT_RICH,text_rich,PAGESTRUCT_LTMD_U1_W4_SOCIAL_SCIENCES_0.1
U1-H1988P3CI115-P070,H1988P3CI115,1988,3,CIENCIAS SOCIALES,70,3,258,91.73,0.0426,text_detected,,,,textual,high,OCR_TEXT_RICH,text_rich,PAGESTRUCT_LTMD_U1_W4_SOCIAL_SCIENCES_0.1
U1-H1988P3CI115-P071,H1988P3CI115,1988,3,CIENCIAS SOCIALES,71,3,130,88.82,0.0769,text_detected,,,,textual,high,OCR_TEXT_RICH,text_rich,PAGESTRUCT_LTMD_U1_W4_SOCIAL_SCIENCES_0.1
U1-H1988P3CI115-P072,H1988P3CI115,1988,3,CIENCIAS SOCIALES,72,3,147,92.06,0.0408,text_detected,,,,textual,high,OCR_TEXT_RICH,text_rich,PAGESTRUCT_LTMD_U1_W4_SOCIAL_SCIENCES_0.1
U1-H1988P3CI115-P073,H1988P3CI115,1988,3,CIENCIAS SOCIALES,73,3,105,93.14,0.0381,text_detected,,,,mixed_text_image,medium,OCR_MODERATE_TEXT,text_present,PAGESTRUCT_LTMD_U1_W4_SOCIAL_SCIENCES_0.1
U1-H1988P3CI115-P074,H1988P3CI115,1988,3,CIENCIAS SOCIALES,74,3,101,92.63,0.0297,text_detected,,,,mixed_text_image,medium,OCR_MODERATE_TEXT,text_present,PAGESTRUCT_LTMD_U1_W4_SOCIAL_SCIENCES_0.1
U1-H1988P3CI115-P075,H1988P3CI115,1988,3,CIENCIAS SOCIALES,75,3,103,90.52,0.0583,text_detected,,,,mixed_text_image,medium,OCR_MODERATE_TEXT,text_present,PAGESTRUCT_LTMD_U1_W4_SOCIAL_SCIENCES_0.1
U1-H1988P3CI115-P076,H1988P3CI115,1988,3,CIENCIAS SOCIALES,76,3,207,92.70,0.0290,text_detected,,,,textual,high,OCR_TEXT_RICH,text_rich,PAGESTRUCT_LTMD_U1_W4_SOCIAL_SCIENCES_0.1
U1-H1988P3CI115-P077,H1988P3CI115,1988,3,CIENCIAS SOCIALES,77,3,86,93.20,0.0233,text_detected,,,,mixed_text_image,medium,OCR_MODERATE_TEXT,text_present,PAGESTRUCT_LTMD_U1_W4_SOCIAL_SCIENCES_0.1
U1-H1988P3CI115-P078,H1988P3CI115,1988,3,CIENCIAS SOCIALES,78,3,162,93.31,0.0123,text_detected,,,,textual,high,OCR_TEXT_RICH,text_rich,PAGESTRUCT_LTMD_U1_W4_SOCIAL_SCIENCES_0.1
U1-H1988P3CI115-P079,H1988P3CI115,1988,3,CIENCIAS SOCIALES,79,3,81,91.03,0.0370,text_detected,,,,mixed_text_image,medium,OCR_MODERATE_TEXT,text_present,PAGESTRUCT_LTMD_U1_W4_SOCIAL_SCIENCES_0.1
U1-H1988P3CI115-P080,H1988P3CI115,1988,3,CIENCIAS SOCIALES,80,3,136,91.94,0.0368,text_detected,,,,textual,high,OCR_TEXT_RICH,text_rich,PAGESTRUCT_LTMD_U1_W4_SOCIAL_SCIENCES_0.1
U1-H1988P3CI115-P081,H1988P3CI115,1988,3,CIENCIAS SOCIALES,81,3,148,91.10,0.0473,text_detected,,,,textual,high,OCR_TEXT_RICH,text_rich,PAGESTRUCT_LTMD_U1_W4_SOCIAL_SCIENCES_0.1
U1-H1988P3CI115-P082,H1988P3CI115,1988,3,CIENCIAS SOCIALES,82,3,236,92.85,0.0254,text_detected,,,,textual,high,OCR_TEXT_RICH,text_rich,PAGESTRUCT_LTMD_U1_W4_SOCIAL_SCIENCES_0.1
U1-H1988P3CI115-P083,H1988P3CI115,1988,3,CIENCIAS SOCIALES,83,3,117,88.95,0.0598,text_detected,,,,mixed_text_image,medium,OCR_MODERATE_TEXT,text_present,PAGESTRUCT_LTMD_U1_W4_SOCIAL_SCIENCES_0.1
U1-H1988P3CI115-P084,H1988P3CI115,1988,3,CIENCIAS SOCIALES,84,3,182,93.30,0.0220,text_detected,,,,textual,high,OCR_TEXT_RICH,text_rich,PAGESTRUCT_LTMD_U1_W4_SOCIAL_SCIENCES_0.1
U1-H1988P3CI115-P085,H1988P3CI115,1988,3,CIENCIAS SOCIALES,85,3,152,90.07,0.0658,text_detected,,,,textual,high,OCR_TEXT_RICH,text_rich,PAGESTRUCT_LTMD_U1_W4_SOCIAL_SCIENCES_0.1
U1-H1988P3CI115-P086,H1988P3CI115,1988,3,CIENCIAS SOCIALES,86,3,221,90.59,0.0724,text_detected,,,,textual,high,OCR_TEXT_RICH,text_rich,PAGESTRUCT_LTMD_U1_W4_SOCIAL_SCIENCES_0.1
U1-H1988P3CI115-P087,H1988P3CI115,1988,3,CIENCIAS SOCIALES,87,3,249,92.12,0.0402,text_detected,,,,textual,high,OCR_TEXT_RICH,text_rich,PAGESTRUCT_LTMD_U1_W4_SOCIAL_SCIENCES_0.1
U1-H1988P3CI115-P088,H1988P3CI115,1988,3,CIENCIAS SOCIALES,88,3,135,89.60,0.0815,text_detected,,,,textual,high,OCR_TEXT_RICH,text_rich,PAGESTRUCT_LTMD_U1_W4_SOCIAL_SCIENCES_0.1
U1-H1988P3CI115-P089,H1988P3CI115,1988,3,CIENCIAS SOCIALES,89,3,62,94.75,0.0000,text_detected,,,,mixed_text_image,medium,OCR_MODERATE_TEXT,text_present,PAGESTRUCT_LTMD_U1_W4_SOCIAL_SCIENCES_0.1
U1-H1988P3CI115-P090,H1988P3CI115,1988,3,CIENCIAS SOCIALES,90,3,223,90.45,0.0493,text_detected,,,,textual,high,OCR_TEXT_RICH,text_rich,PAGESTRUCT_LTMD_U1_W4_SOCIAL_SCIENCES_0.1
U1-H1988P3CI115-P091,H1988P3CI115,1988,3,CIENCIAS SOCIALES,91,3,151,92.02,0.0397,text_detected,,,,textual,high,OCR_TEXT_RICH,text_rich,PAGESTRUCT_LTMD_U1_W4_SOCIAL_SCIENCES_0.1
U1-H1988P3CI115-P092,H1988P3CI115,1988,3,CIENCIAS SOCIALES,92,3,94,89.84,0.0532,text_detected,,,,mixed_text_image,medium,OCR_MODERATE_TEXT,text_present,PAGESTRUCT_LTMD_U1_W4_SOCIAL_SCIENCES_0.1
U1-H1988P3CI115-P093,H1988P3CI115,1988,3,CIENCIAS SOCIALES,93,3,172,93.98,0.0116,text_detected,,,,textual,high,OCR_TEXT_RICH,text_rich,PAGESTRUCT_LTMD_U1_W4_SOCIAL_SCIENCES_0.1
U1-H1988P3CI115-P094,H1988P3CI115,1988,3,CIENCIAS SOCIALES,94,3,113,92.72,0.0354,text_detected,,,,mixed_text_image,medium,OCR_MODERATE_TEXT,text_present,PAGESTRUCT_LTMD_U1_W4_SOCIAL_SCIENCES_0.1
U1-H1988P3CI115-P095,H1988P3CI115,1988,3,CIENCIAS SOCIALES,95,3,78,83.48,0.1795,text_detected,,,,mixed_text_image,medium,OCR_MODERATE_TEXT,text_present,PAGESTRUCT_LTMD_U1_W4_SOCIAL_SCIENCES_0.1
U1-H1988P3CI115-P096,H1988P3CI115,1988,3,CIENCIAS SOCIALES,96,3,139,92.24,0.0360,text_detected,,,,textual,high,OCR_TEXT_RICH,text_rich,PAGESTRUCT_LTMD_U1_W4_SOCIAL_SCIENCES_0.1
U1-H1988P3CI115-P097,H1988P3CI115,1988,3,CIENCIAS SOCIALES,97,3,156,91.74,0.0321,text_detected,,,,textual,high,OCR_TEXT_RICH,text_rich,PAGESTRUCT_LTMD_U1_W4_SOCIAL_SCIENCES_0.1
U1-H1988P3CI115-P098,H1988P3CI115,1988,3,CIENCIAS SOCIALES,98,3,230,91.90,0.0348,text_detected,,,,textual,high,OCR_TEXT_RICH,text_rich,PAGESTRUCT_LTMD_U1_W4_SOCIAL_SCIENCES_0.1
U1-H1988P3CI115-P099,H1988P3CI115,1988,3,CIENCIAS SOCIALES,99,3,196,94.08,0.0153,text_detected,,,,textual,high,OCR_TEXT_RICH,text_rich,PAGESTRUCT_LTMD_U1_W4_SOCIAL_SCIENCES_0.1
U1-H1988P3CI115-P100,H1988P3CI115,1988,3,CIENCIAS SOCIALES,100,3,269,91.08,0.0372,text_detected,,,,textual,high,OCR_TEXT_RICH,text_rich,PAGESTRUCT_LTMD_U1_W4_SOCIAL_SCIENCES_0.1
U1-H1988P3CI115-P101,H1988P3CI115,1988,3,CIENCIAS SOCIALES,101,3,129,92.47,0.0388,text_detected,,,,textual,high,OCR_TEXT_RICH,text_rich,PAGESTRUCT_LTMD_U1_W4_SOCIAL_SCIENCES_0.1
U1-H1988P3CI115-P102,H1988P3CI115,1988,3,CIENCIAS SOCIALES,102,3,193,92.18,0.0466,text_detected,,,,textual,high,OCR_TEXT_RICH,text_rich,PAGESTRUCT_LTMD_U1_W4_SOCIAL_SCIENCES_0.1
U1-H1988P3CI115-P103,H1988P3CI115,1988,3,CIENCIAS SOCIALES,103,3,236,92.69,0.0212,text_detected,,,,textual,high,OCR_TEXT_RICH,text_rich,PAGESTRUCT_LTMD_U1_W4_SOCIAL_SCIENCES_0.1
U1-H1988P3CI115-P104,H1988P3CI115,1988,3,CIENCIAS SOCIALES,104,3,98,92.65,0.0306,text_detected,,,,mixed_text_image,medium,OCR_MODERATE_TEXT,text_present,PAGESTRUCT_LTMD_U1_W4_SOCIAL_SCIENCES_0.1
U1-H1988P3CI115-P105,H1988P3CI115,1988,3,CIENCIAS SOCIALES,105,3,120,89.77,0.0500,text_detected,,,,textual,high,OCR_TEXT_RICH,text_rich,PAGESTRUCT_LTMD_U1_W4_SOCIAL_SCIENCES_0.1
U1-H1988P3CI115-P106,H1988P3CI115,1988,3,CIENCIAS SOCIALES,106,3,145,92.72,0.0345,text_detected,,,,textual,high,OCR_TEXT_RICH,text_rich,PAGESTRUCT_LTMD_U1_W4_SOCIAL_SCIENCES_0.1
U1-H1988P3CI115-P107,H1988P3CI115,1988,3,CIENCIAS SOCIALES,107,3,93,87.15,0.0968,text_detected,,,,mixed_text_image,medium,OCR_MODERATE_TEXT,text_present,PAGESTRUCT_LTMD_U1_W4_SOCIAL_SCIENCES_0.1
U1-H1988P3CI115-P108,H1988P3CI115,1988,3,CIENCIAS SOCIALES,108,3,108,90.76,0.0556,text_detected,,,,mixed_text_image,medium,OCR_MODERATE_TEXT,text_present,PAGESTRUCT_LTMD_U1_W4_SOCIAL_SCIENCES_0.1
U1-H1988P3CI115-P109,H1988P3CI115,1988,3,CIENCIAS SOCIALES,109,3,137,91.03,0.0511,text_detected,,,,textual,high,OCR_TEXT_RICH,text_rich,PAGESTRUCT_LTMD_U1_W4_SOCIAL_SCIENCES_0.1
U1-H1988P3CI115-P110,H1988P3CI115,1988,3,CIENCIAS SOCIALES,110,3,183,93.01,0.0219,text_detected,,,,textual,high,OCR_TEXT_RICH,text_rich,PAGESTRUCT_LTMD_U1_W4_SOCIAL_SCIENCES_0.1
U1-H1988P3CI115-P111,H1988P3CI115,1988,3,CIENCIAS SOCIALES,111,3,119,93.49,0.0252,text_detected,,,,mixed_text_image,medium,OCR_MODERATE_TEXT,text_present,PAGESTRUCT_LTMD_U1_W4_SOCIAL_SCIENCES_0.1
U1-H1988P3CI115-P112,H1988P3CI115,1988,3,CIENCIAS SOCIALES,112,3,117,92.58,0.0171,text_detected,,,,mixed_text_image,medium,OCR_MODERATE_TEXT,text_present,PAGESTRUCT_LTMD_U1_W4_SOCIAL_SCIENCES_0.1
U1-H1988P3CI115-P113,H1988P3CI115,1988,3,CIENCIAS SOCIALES,113,3,157,93.85,0.0191,text_detected,0,0,0,textual,high,OCR_TEXT_RICH,end_zone;text_rich,PAGESTRUCT_LTMD_U1_W4_SOCIAL_SCIENCES_0.1
U1-H1988P3CI115-P114,H1988P3CI115,1988,3,CIENCIAS SOCIALES,114,3,148,93.05,0.0203,text_detected,0,0,0,textual,high,OCR_TEXT_RICH,end_zone;text_rich,PAGESTRUCT_LTMD_U1_W4_SOCIAL_SCIENCES_0.1
U1-H1988P3CI115-P115,H1988P3CI115,1988,3,CIENCIAS SOCIALES,115,3,178,93.91,0.0112,text_detected,0,0,0,textual,high,OCR_TEXT_RICH,end_zone;text_rich,PAGESTRUCT_LTMD_U1_W4_SOCIAL_SCIENCES_0.1
U1-H1988P3CI115-P116,H1988P3CI115,1988,3,CIENCIAS SOCIALES,116,3,177,85.27,0.1017,text_detected,0,0,0,textual,high,OCR_TEXT_RICH,end_zone;text_rich,PAGESTRUCT_LTMD_U1_W4_SOCIAL_SCIENCES_0.1
U1-H1988P3CI115-P117,H1988P3CI115,1988,3,CIENCIAS SOCIALES,117,3,93,81.58,0.1505,text_detected,0,0,0,mixed_text_image,medium,OCR_MODERATE_TEXT,end_zone;text_present,PAGESTRUCT_LTMD_U1_W4_SOCIAL_SCIENCES_0.1
U1-H1988P3CI115-P118,H1988P3CI115,1988,3,CIENCIAS SOCIALES,118,3,226,86.42,0.0752,text_detected,0,0,0,textual,high,OCR_TEXT_RICH,end_zone;text_rich,PAGESTRUCT_LTMD_U1_W4_SOCIAL_SCIENCES_0.1
U1-H1988P3CI115-P119,H1988P3CI115,1988,3,CIENCIAS SOCIALES,119,3,246,83.70,0.1423,text_detected,0,0,0,textual,high,OCR_TEXT_RICH,end_zone;text_rich,PAGESTRUCT_LTMD_U1_W4_SOCIAL_SCIENCES_0.1
U1-H1988P3CI115-P120,H1988P3CI115,1988,3,CIENCIAS SOCIALES,120,3,147,86.61,0.0748,text_detected,0,0,0,textual,high,OCR_TEXT_RICH,end_zone;text_rich,PAGESTRUCT_LTMD_U1_W4_SOCIAL_SCIENCES_0.1
U1-H1988P3CI115-P121,H1988P3CI115,1988,3,CIENCIAS SOCIALES,121,3,192,86.04,0.1042,text_detected,0,0,0,textual,high,OCR_TEXT_RICH,end_zone;text_rich,PAGESTRUCT_LTMD_U1_W4_SOCIAL_SCIENCES_0.1
U1-H1988P3CI115-P122,H1988P3CI115,1988,3,CIENCIAS SOCIALES,122,3,97,88.43,0.0619,text_detected,0,0,0,mixed_text_image,medium,OCR_MODERATE_TEXT,end_zone;text_present,PAGESTRUCT_LTMD_U1_W4_SOCIAL_SCIENCES_0.1
U1-H1988P3CI115-P123,H1988P3CI115,1988,3,CIENCIAS SOCIALES,123,3,107,86.20,0.0654,text_detected,0,0,0,mixed_text_image,medium,OCR_MODERATE_TEXT,end_zone;text_present,PAGESTRUCT_LTMD_U1_W4_SOCIAL_SCIENCES_0.1
U1-H1988P3CI115-P124,H1988P3CI115,1988,3,CIENCIAS SOCIALES,124,3,141,87.19,0.0780,text_detected,0,0,0,textual,high,OCR_TEXT_RICH,end_zone;text_rich,PAGESTRUCT_LTMD_U1_W4_SOCIAL_SCIENCES_0.1
U1-H1988P3CI115-P125,H1988P3CI115,1988,3,CIENCIAS SOCIALES,125,3,304,85.88,0.0921,text_detected,0,0,0,textual,high,OCR_TEXT_RICH,end_zone;text_rich,PAGESTRUCT_LTMD_U1_W4_SOCIAL_SCIENCES_0.1
U1-H1988P3CI115-P126,H1988P3CI115,1988,3,CIENCIAS SOCIALES,126,3,54,90.48,0.0370,text_detected,0,0,0,mixed_text_image,medium,OCR_MODERATE_TEXT,end_zone;text_present,PAGESTRUCT_LTMD_U1_W4_SOCIAL_SCIENCES_0.1
U1-H1988P3CI115-P127,H1988P3CI115,1988,3,CIENCIAS SOCIALES,127,3,130,87.80,0.0615,text_detected,0,0,0,textual,high,OCR_TEXT_RICH,end_zone;text_rich,PAGESTRUCT_LTMD_U1_W4_SOCIAL_SCIENCES_0.1
U1-H1988P3CI115-P128,H1988P3CI115,1988,3,CIENCIAS SOCIALES,128,3,5,96.41,0.0000,text_detected,0,0,1,bibliography_or_credits,medium,KW_BIBLIO_CREDITS,end_zone;biblio_credit_kw,PAGESTRUCT_LTMD_U1_W4_SOCIAL_SCIENCES_0.1
U1-H1988P4CI120-P001,H1988P4CI120,1988,4,CIENCIAS SOCIALES,1,3,4,96.55,0.0000,text_detected,0,0,0,mixed_text_image,low,OCR_SPARSE_HIGH_CONF,front_zone,PAGESTRUCT_LTMD_U1_W4_SOCIAL_SCIENCES_0.1
U1-H1988P4CI120-P002,H1988P4CI120,1988,4,CIENCIAS SOCIALES,2,3,208,78.08,0.1779,text_detected,0,2,0,toc_or_navigation,high,KW_NAVIGATION,front_zone;text_rich;nav_kw,PAGESTRUCT_LTMD_U1_W4_SOCIAL_SCIENCES_0.1
U1-H1988P4CI120-P003,H1988P4CI120,1988,4,CIENCIAS SOCIALES,3,3,247,94.09,0.0202,text_detected,0,1,0,toc_or_navigation,medium,KW_NAVIGATION,front_zone;text_rich;nav_kw,PAGESTRUCT_LTMD_U1_W4_SOCIAL_SCIENCES_0.1
U1-H1988P4CI120-P004,H1988P4CI120,1988,4,CIENCIAS SOCIALES,4,3,246,96.15,0.0000,text_detected,0,0,0,textual,high,OCR_TEXT_RICH,front_zone;text_rich,PAGESTRUCT_LTMD_U1_W4_SOCIAL_SCIENCES_0.1
U1-H1988P4CI120-P005,H1988P4CI120,1988,4,CIENCIAS SOCIALES,5,3,241,95.76,0.0041,text_detected,0,0,0,textual,high,OCR_TEXT_RICH,front_zone;text_rich,PAGESTRUCT_LTMD_U1_W4_SOCIAL_SCIENCES_0.1
U1-H1988P4CI120-P006,H1988P4CI120,1988,4,CIENCIAS SOCIALES,6,3,168,87.77,0.0774,text_detected,0,0,0,textual,high,OCR_TEXT_RICH,front_zone;text_rich,PAGESTRUCT_LTMD_U1_W4_SOCIAL_SCIENCES_0.1
U1-H1988P4CI120-P007,H1988P4CI120,1988,4,CIENCIAS SOCIALES,7,3,108,62.38,0.4259,text_detected,0,0,0,unknown,low,CONSERVATIVE_UNKNOWN,front_zone,PAGESTRUCT_LTMD_U1_W4_SOCIAL_SCIENCES_0.1
U1-H1988P4CI120-P008,H1988P4CI120,1988,4,CIENCIAS SOCIALES,8,3,137,96.06,0.0000,text_detected,0,0,0,textual,high,OCR_TEXT_RICH,front_zone;text_rich,PAGESTRUCT_LTMD_U1_W4_SOCIAL_SCIENCES_0.1
U1-H1988P4CI120-P009,H1988P4CI120,1988,4,CIENCIAS SOCIALES,9,3,109,93.21,0.0092,text_detected,0,0,1,bibliography_or_credits,medium,KW_BIBLIO_CREDITS,front_zone;text_present;biblio_credit_kw,PAGESTRUCT_LTMD_U1_W4_SOCIAL_SCIENCES_0.1
U1-H1988P4CI120-P010,H1988P4CI120,1988,4,CIENCIAS SOCIALES,10,3,374,94.33,0.0134,text_detected,0,0,0,textual,high,OCR_TEXT_RICH,front_zone;text_rich,PAGESTRUCT_LTMD_U1_W4_SOCIAL_SCIENCES_0.1
U1-H1988P4CI120-P011,H1988P4CI120,1988,4,CIENCIAS SOCIALES,11,3,248,90.92,0.0524,text_detected,0,1,0,toc_or_navigation,medium,KW_NAVIGATION,front_zone;text_rich;nav_kw,PAGESTRUCT_LTMD_U1_W4_SOCIAL_SCIENCES_0.1
U1-H1988P4CI120-P012,H1988P4CI120,1988,4,CIENCIAS SOCIALES,12,11,19,35.98,0.8947,text_detected,0,0,0,visual_only,high,OCR_VISUAL_NOISE,front_zone;fallback_psm;visual_noise,PAGESTRUCT_LTMD_U1_W4_SOCIAL_SCIENCES_0.1
U1-H1988P4CI120-P013,H1988P4CI120,1988,4,CIENCIAS SOCIALES,13,6,19,38.21,0.7895,text_detected,0,0,0,visual_only,medium,OCR_VISUAL_NOISE,front_zone;fallback_psm;visual_noise,PAGESTRUCT_LTMD_U1_W4_SOCIAL_SCIENCES_0.1
U1-H1988P4CI120-P014,H1988P4CI120,1988,4,CIENCIAS SOCIALES,14,3,282,94.94,0.0071,text_detected,0,1,0,toc_or_navigation,medium,KW_NAVIGATION,front_zone;text_rich;nav_kw,PAGESTRUCT_LTMD_U1_W4_SOCIAL_SCIENCES_0.1
U1-H1988P4CI120-P015,H1988P4CI120,1988,4,CIENCIAS SOCIALES,15,3,322,93.88,0.0155,text_detected,0,0,0,textual,high,OCR_TEXT_RICH,front_zone;text_rich,PAGESTRUCT_LTMD_U1_W4_SOCIAL_SCIENCES_0.1
U1-H1988P4CI120-P016,H1988P4CI120,1988,4,CIENCIAS SOCIALES,16,3,161,94.19,0.0062,text_detected,0,0,0,textual,high,OCR_TEXT_RICH,front_zone;text_rich,PAGESTRUCT_LTMD_U1_W4_SOCIAL_SCIENCES_0.1
U1-H1988P4CI120-P017,H1988P4CI120,1988,4,CIENCIAS SOCIALES,17,3,157,93.83,0.0191,text_detected,,,,textual,high,OCR_TEXT_RICH,text_rich,PAGESTRUCT_LTMD_U1_W4_SOCIAL_SCIENCES_0.1
U1-H1988P4CI120-P018,H1988P4CI120,1988,4,CIENCIAS SOCIALES,18,3,342,94.53,0.0088,text_detected,,,,textual,high,OCR_TEXT_RICH,text_rich,PAGESTRUCT_LTMD_U1_W4_SOCIAL_SCIENCES_0.1
U1-H1988P4CI120-P019,H1988P4CI120,1988,4,CIENCIAS SOCIALES,19,3,223,94.96,0.0045,text_detected,,,,textual,high,OCR_TEXT_RICH,text_rich,PAGESTRUCT_LTMD_U1_W4_SOCIAL_SCIENCES_0.1
U1-H1988P4CI120-P020,H1988P4CI120,1988,4,CIENCIAS SOCIALES,20,3,180,94.54,0.0056,text_detected,,,,textual,high,OCR_TEXT_RICH,text_rich,PAGESTRUCT_LTMD_U1_W4_SOCIAL_SCIENCES_0.1
U1-H1988P4CI120-P021,H1988P4CI120,1988,4,CIENCIAS SOCIALES,21,3,115,94.94,0.0000,text_detected,,,,mixed_text_image,medium,OCR_MODERATE_TEXT,text_present,PAGESTRUCT_LTMD_U1_W4_SOCIAL_SCIENCES_0.1
U1-H1988P4CI120-P022,H1988P4CI120,1988,4,CIENCIAS SOCIALES,22,3,252,94.79,0.0079,text_detected,,,,textual,high,OCR_TEXT_RICH,text_rich,PAGESTRUCT_LTMD_U1_W4_SOCIAL_SCIENCES_0.1
U1-H1988P4CI120-P023,H1988P4CI120,1988,4,CIENCIAS SOCIALES,23,3,333,94.65,0.0090,text_detected,,,,textual,high,OCR_TEXT_RICH,text_rich,PAGESTRUCT_LTMD_U1_W4_SOCIAL_SCIENCES_0.1
U1-H1988P4CI120-P024,H1988P4CI120,1988,4,CIENCIAS SOCIALES,24,3,361,94.72,0.0000,text_detected,,,,textual,high,OCR_TEXT_RICH,text_rich,PAGESTRUCT_LTMD_U1_W4_SOCIAL_SCIENCES_0.1
U1-H1988P4CI120-P025,H1988P4CI120,1988,4,CIENCIAS SOCIALES,25,3,372,95.06,0.0000,text_detected,,,,textual,high,OCR_TEXT_RICH,text_rich,PAGESTRUCT_LTMD_U1_W4_SOCIAL_SCIENCES_0.1
U1-H1988P4CI120-P026,H1988P4CI120,1988,4,CIENCIAS SOCIALES,26,3,233,95.36,0.0086,text_detected,,,,textual,high,OCR_TEXT_RICH,text_rich,PAGESTRUCT_LTMD_U1_W4_SOCIAL_SCIENCES_0.1
U1-H1988P4CI120-P027,H1988P4CI120,1988,4,CIENCIAS SOCIALES,27,3,149,95.90,0.0067,text_detected,,,,textual,high,OCR_TEXT_RICH,text_rich,PAGESTRUCT_LTMD_U1_W4_SOCIAL_SCIENCES_0.1
U1-H1988P4CI120-P028,H1988P4CI120,1988,4,CIENCIAS SOCIALES,28,3,302,94.93,0.0033,text_detected,,,,textual,high,OCR_TEXT_RICH,text_rich,PAGESTRUCT_LTMD_U1_W4_SOCIAL_SCIENCES_0.1
U1-H1988P4CI120-P029,H1988P4CI120,1988,4,CIENCIAS SOCIALES,29,3,252,93.36,0.0040,text_detected,,,,textual,high,OCR_TEXT_RICH,text_rich,PAGESTRUCT_LTMD_U1_W4_SOCIAL_SCIENCES_0.1
U1-H1988P4CI120-P030,H1988P4CI120,1988,4,CIENCIAS SOCIALES,30,3,239,94.35,0.0042,text_detected,,,,textual,high,OCR_TEXT_RICH,text_rich,PAGESTRUCT_LTMD_U1_W4_SOCIAL_SCIENCES_0.1
U1-H1988P4CI120-P031,H1988P4CI120,1988,4,CIENCIAS SOCIALES,31,3,387,94.07,0.0103,text_detected,,,,textual,high,OCR_TEXT_RICH,text_rich,PAGESTRUCT_LTMD_U1_W4_SOCIAL_SCIENCES_0.1
U1-H1988P4CI120-P032,H1988P4CI120,1988,4,CIENCIAS SOCIALES,32,3,347,94.31,0.0029,text_detected,,,,textual,high,OCR_TEXT_RICH,text_rich,PAGESTRUCT_LTMD_U1_W4_SOCIAL_SCIENCES_0.1
U1-H1988P4CI120-P033,H1988P4CI120,1988,4,CIENCIAS SOCIALES,33,3,158,93.57,0.0316,text_detected,,,,textual,high,OCR_TEXT_RICH,text_rich,PAGESTRUCT_LTMD_U1_W4_SOCIAL_SCIENCES_0.1
U1-H1988P4CI120-P034,H1988P4CI120,1988,4,CIENCIAS SOCIALES,34,3,307,94.09,0.0065,text_detected,,,,textual,high,OCR_TEXT_RICH,text_rich,PAGESTRUCT_LTMD_U1_W4_SOCIAL_SCIENCES_0.1
U1-H1988P4CI120-P035,H1988P4CI120,1988,4,CIENCIAS SOCIALES,35,3,78,94.39,0.0256,text_detected,,,,mixed_text_image,medium,OCR_MODERATE_TEXT,text_present,PAGESTRUCT_LTMD_U1_W4_SOCIAL_SCIENCES_0.1
U1-H1988P4CI120-P036,H1988P4CI120,1988,4,CIENCIAS SOCIALES,36,3,91,92.00,0.0440,text_detected,,,,mixed_text_image,medium,OCR_MODERATE_TEXT,text_present,PAGESTRUCT_LTMD_U1_W4_SOCIAL_SCIENCES_0.1
U1-H1988P4CI120-P037,H1988P4CI120,1988,4,CIENCIAS SOCIALES,37,3,224,93.40,0.0268,text_detected,,,,textual,high,OCR_TEXT_RICH,text_rich,PAGESTRUCT_LTMD_U1_W4_SOCIAL_SCIENCES_0.1
U1-H1988P4CI120-P038,H1988P4CI120,1988,4,CIENCIAS SOCIALES,38,3,107,92.81,0.0280,text_detected,,,,mixed_text_image,medium,OCR_MODERATE_TEXT,text_present,PAGESTRUCT_LTMD_U1_W4_SOCIAL_SCIENCES_0.1
U1-H1988P4CI120-P039,H1988P4CI120,1988,4,CIENCIAS SOCIALES,39,3,136,93.66,0.0294,text_detected,,,,textual,high,OCR_TEXT_RICH,text_rich,PAGESTRUCT_LTMD_U1_W4_SOCIAL_SCIENCES_0.1
U1-H1988P4CI120-P040,H1988P4CI120,1988,4,CIENCIAS SOCIALES,40,3,116,94.50,0.0086,text_detected,,,,mixed_text_image,medium,OCR_MODERATE_TEXT,text_present,PAGESTRUCT_LTMD_U1_W4_SOCIAL_SCIENCES_0.1
U1-H1988P4CI120-P041,H1988P4CI120,1988,4,CIENCIAS SOCIALES,41,3,138,93.60,0.0072,text_detected,,,,textual,high,OCR_TEXT_RICH,text_rich,PAGESTRUCT_LTMD_U1_W4_SOCIAL_SCIENCES_0.1
U1-H1988P4CI120-P042,H1988P4CI120,1988,4,CIENCIAS SOCIALES,42,3,257,93.37,0.0156,text_detected,,,,textual,high,OCR_TEXT_RICH,text_rich,PAGESTRUCT_LTMD_U1_W4_SOCIAL_SCIENCES_0.1
U1-H1988P4CI120-P043,H1988P4CI120,1988,4,CIENCIAS SOCIALES,43,3,132,93.89,0.0227,text_detected,,,,textual,high,OCR_TEXT_RICH,text_rich,PAGESTRUCT_LTMD_U1_W4_SOCIAL_SCIENCES_0.1
U1-H1988P4CI120-P044,H1988P4CI120,1988,4,CIENCIAS SOCIALES,44,3,170,93.34,0.0176,text_detected,,,,textual,high,OCR_TEXT_RICH,text_rich,PAGESTRUCT_LTMD_U1_W4_SOCIAL_SCIENCES_0.1
U1-H1988P4CI120-P045,H1988P4CI120,1988,4,CIENCIAS SOCIALES,45,3,190,93.68,0.0158,text_detected,,,,textual,high,OCR_TEXT_RICH,text_rich,PAGESTRUCT_LTMD_U1_W4_SOCIAL_SCIENCES_0.1
U1-H1988P4CI120-P046,H1988P4CI120,1988,4,CIENCIAS SOCIALES,46,3,33,81.86,0.1212,text_detected,,,,mixed_text_image,medium,OCR_MODERATE_TEXT,text_present,PAGESTRUCT_LTMD_U1_W4_SOCIAL_SCIENCES_0.1
U1-H1988P4CI120-P047,H1988P4CI120,1988,4,CIENCIAS SOCIALES,47,6,25,32.53,0.8800,text_detected,,,,visual_only,high,OCR_VISUAL_NOISE,fallback_psm;visual_noise,PAGESTRUCT_LTMD_U1_W4_SOCIAL_SCIENCES_0.1
U1-H1988P4CI120-P048,H1988P4CI120,1988,4,CIENCIAS SOCIALES,48,3,208,96.12,0.0000,text_detected,,,,textual,high,OCR_TEXT_RICH,text_rich,PAGESTRUCT_LTMD_U1_W4_SOCIAL_SCIENCES_0.1
U1-H1988P4CI120-P049,H1988P4CI120,1988,4,CIENCIAS SOCIALES,49,3,382,94.70,0.0052,text_detected,,,,textual,high,OCR_TEXT_RICH,text_rich,PAGESTRUCT_LTMD_U1_W4_SOCIAL_SCIENCES_0.1
U1-H1988P4CI120-P050,H1988P4CI120,1988,4,CIENCIAS SOCIALES,50,3,259,94.29,0.0154,text_detected,,,,textual,high,OCR_TEXT_RICH,text_rich,PAGESTRUCT_LTMD_U1_W4_SOCIAL_SCIENCES_0.1
U1-H1988P4CI120-P051,H1988P4CI120,1988,4,CIENCIAS SOCIALES,51,3,381,94.55,0.0079,text_detected,,,,textual,high,OCR_TEXT_RICH,text_rich,PAGESTRUCT_LTMD_U1_W4_SOCIAL_SCIENCES_0.1
U1-H1988P4CI120-P052,H1988P4CI120,1988,4,CIENCIAS SOCIALES,52,3,157,93.45,0.0127,text_detected,,,,textual,high,OCR_TEXT_RICH,text_rich,PAGESTRUCT_LTMD_U1_W4_SOCIAL_SCIENCES_0.1
U1-H1988P4CI120-P053,H1988P4CI120,1988,4,CIENCIAS SOCIALES,53,3,380,93.97,0.0105,text_detected,,,,textual,high,OCR_TEXT_RICH,text_rich,PAGESTRUCT_LTMD_U1_W4_SOCIAL_SCIENCES_0.1
U1-H1988P4CI120-P054,H1988P4CI120,1988,4,CIENCIAS SOCIALES,54,3,165,93.66,0.0303,text_detected,,,,textual,high,OCR_TEXT_RICH,text_rich,PAGESTRUCT_LTMD_U1_W4_SOCIAL_SCIENCES_0.1
U1-H1988P4CI120-P055,H1988P4CI120,1988,4,CIENCIAS SOCIALES,55,3,334,92.10,0.0329,text_detected,,,,textual,high,OCR_TEXT_RICH,text_rich,PAGESTRUCT_LTMD_U1_W4_SOCIAL_SCIENCES_0.1
U1-H1988P4CI120-P056,H1988P4CI120,1988,4,CIENCIAS SOCIALES,56,3,320,91.64,0.0312,text_detected,,,,textual,high,OCR_TEXT_RICH,text_rich,PAGESTRUCT_LTMD_U1_W4_SOCIAL_SCIENCES_0.1
U1-H1988P4CI120-P057,H1988P4CI120,1988,4,CIENCIAS SOCIALES,57,3,151,89.22,0.0662,text_detected,,,,textual,high,OCR_TEXT_RICH,text_rich,PAGESTRUCT_LTMD_U1_W4_SOCIAL_SCIENCES_0.1
U1-H1988P4CI120-P058,H1988P4CI120,1988,4,CIENCIAS SOCIALES,58,3,201,94.60,0.0100,text_detected,,,,textual,high,OCR_TEXT_RICH,text_rich,PAGESTRUCT_LTMD_U1_W4_SOCIAL_SCIENCES_0.1
U1-H1988P4CI120-P059,H1988P4CI120,1988,4,CIENCIAS SOCIALES,59,3,349,94.55,0.0086,text_detected,,,,textual,high,OCR_TEXT_RICH,text_rich,PAGESTRUCT_LTMD_U1_W4_SOCIAL_SCIENCES_0.1
U1-H1988P4CI120-P060,H1988P4CI120,1988,4,CIENCIAS SOCIALES,60,3,275,94.83,0.0036,text_detected,,,,textual,high,OCR_TEXT_RICH,text_rich,PAGESTRUCT_LTMD_U1_W4_SOCIAL_SCIENCES_0.1
U1-H1988P4CI120-P061,H1988P4CI120,1988,4,CIENCIAS SOCIALES,61,3,202,93.22,0.0248,text_detected,,,,textual,high,OCR_TEXT_RICH,text_rich,PAGESTRUCT_LTMD_U1_W4_SOCIAL_SCIENCES_0.1
U1-H1988P4CI120-P062,H1988P4CI120,1988,4,CIENCIAS SOCIALES,62,3,317,94.04,0.0158,text_detected,,,,textual,high,OCR_TEXT_RICH,text_rich,PAGESTRUCT_LTMD_U1_W4_SOCIAL_SCIENCES_0.1
U1-H1988P4CI120-P063,H1988P4CI120,1988,4,CIENCIAS SOCIALES,63,3,138,94.22,0.0217,text_detected,,,,textual,high,OCR_TEXT_RICH,text_rich,PAGESTRUCT_LTMD_U1_W4_SOCIAL_SCIENCES_0.1
U1-H1988P4CI120-P064,H1988P4CI120,1988,4,CIENCIAS SOCIALES,64,3,237,95.49,0.0042,text_detected,,,,textual,high,OCR_TEXT_RICH,text_rich,PAGESTRUCT_LTMD_U1_W4_SOCIAL_SCIENCES_0.1
U1-H1988P4CI120-P065,H1988P4CI120,1988,4,CIENCIAS SOCIALES,65,3,192,93.75,0.0208,text_detected,,,,textual,high,OCR_TEXT_RICH,text_rich,PAGESTRUCT_LTMD_U1_W4_SOCIAL_SCIENCES_0.1
U1-H1988P4CI120-P066,H1988P4CI120,1988,4,CIENCIAS SOCIALES,66,3,260,94.56,0.0077,text_detected,,,,textual,high,OCR_TEXT_RICH,text_rich,PAGESTRUCT_LTMD_U1_W4_SOCIAL_SCIENCES_0.1
U1-H1988P4CI120-P067,H1988P4CI120,1988,4,CIENCIAS SOCIALES,67,3,403,94.20,0.0149,text_detected,,,,textual,high,OCR_TEXT_RICH,text_rich,PAGESTRUCT_LTMD_U1_W4_SOCIAL_SCIENCES_0.1
U1-H1988P4CI120-P068,H1988P4CI120,1988,4,CIENCIAS SOCIALES,68,3,179,93.93,0.0112,text_detected,,,,textual,high,OCR_TEXT_RICH,text_rich,PAGESTRUCT_LTMD_U1_W4_SOCIAL_SCIENCES_0.1
U1-H1988P4CI120-P069,H1988P4CI120,1988,4,CIENCIAS SOCIALES,69,3,62,93.02,0.0161,text_detected,,,,mixed_text_image,medium,OCR_MODERATE_TEXT,text_present,PAGESTRUCT_LTMD_U1_W4_SOCIAL_SCIENCES_0.1
U1-H1988P4CI120-P070,H1988P4CI120,1988,4,CIENCIAS SOCIALES,70,3,341,94.29,0.0117,text_detected,,,,textual,high,OCR_TEXT_RICH,text_rich,PAGESTRUCT_LTMD_U1_W4_SOCIAL_SCIENCES_0.1
U1-H1988P4CI120-P071,H1988P4CI120,1988,4,CIENCIAS SOCIALES,71,3,234,94.72,0.0043,text_detected,,,,textual,high,OCR_TEXT_RICH,text_rich,PAGESTRUCT_LTMD_U1_W4_SOCIAL_SCIENCES_0.1
U1-H1988P4CI120-P072,H1988P4CI120,1988,4,CIENCIAS SOCIALES,72,3,167,94.64,0.0120,text_detected,,,,textual,high,OCR_TEXT_RICH,text_rich,PAGESTRUCT_LTMD_U1_W4_SOCIAL_SCIENCES_0.1
U1-H1988P4CI120-P073,H1988P4CI120,1988,4,CIENCIAS SOCIALES,73,3,371,94.79,0.0027,text_detected,,,,textual,high,OCR_TEXT_RICH,text_rich,PAGESTRUCT_LTMD_U1_W4_SOCIAL_SCIENCES_0.1
U1-H1988P4CI120-P074,H1988P4CI120,1988,4,CIENCIAS SOCIALES,74,3,118,94.28,0.0169,text_detected,,,,mixed_text_image,medium,OCR_MODERATE_TEXT,text_present,PAGESTRUCT_LTMD_U1_W4_SOCIAL_SCIENCES_0.1
U1-H1988P4CI120-P075,H1988P4CI120,1988,4,CIENCIAS SOCIALES,75,3,373,95.54,0.0000,text_detected,,,,textual,high,OCR_TEXT_RICH,text_rich,PAGESTRUCT_LTMD_U1_W4_SOCIAL_SCIENCES_0.1
U1-H1988P4CI120-P076,H1988P4CI120,1988,4,CIENCIAS SOCIALES,76,3,352,94.54,0.0114,text_detected,,,,textual,high,OCR_TEXT_RICH,text_rich,PAGESTRUCT_LTMD_U1_W4_SOCIAL_SCIENCES_0.1
U1-H1988P4CI120-P077,H1988P4CI120,1988,4,CIENCIAS SOCIALES,77,3,386,93.74,0.0155,text_detected,,,,textual,high,OCR_TEXT_RICH,text_rich,PAGESTRUCT_LTMD_U1_W4_SOCIAL_SCIENCES_0.1
U1-H1988P4CI120-P078,H1988P4CI120,1988,4,CIENCIAS SOCIALES,78,3,128,93.79,0.0234,text_detected,,,,textual,high,OCR_TEXT_RICH,text_rich,PAGESTRUCT_LTMD_U1_W4_SOCIAL_SCIENCES_0.1
U1-H1988P4CI120-P079,H1988P4CI120,1988,4,CIENCIAS SOCIALES,79,3,265,93.10,0.0415,text_detected,,,,textual,high,OCR_TEXT_RICH,text_rich,PAGESTRUCT_LTMD_U1_W4_SOCIAL_SCIENCES_0.1
U1-H1988P4CI120-P080,H1988P4CI120,1988,4,CIENCIAS SOCIALES,80,3,233,92.60,0.0343,text_detected,,,,textual,high,OCR_TEXT_RICH,text_rich,PAGESTRUCT_LTMD_U1_W4_SOCIAL_SCIENCES_0.1
U1-H1988P4CI120-P081,H1988P4CI120,1988,4,CIENCIAS SOCIALES,81,3,192,92.37,0.0260,text_detected,,,,textual,high,OCR_TEXT_RICH,text_rich,PAGESTRUCT_LTMD_U1_W4_SOCIAL_SCIENCES_0.1
U1-H1988P4CI120-P082,H1988P4CI120,1988,4,CIENCIAS SOCIALES,82,3,270,94.77,0.0037,text_detected,,,,textual,high,OCR_TEXT_RICH,text_rich,PAGESTRUCT_LTMD_U1_W4_SOCIAL_SCIENCES_0.1
U1-H1988P4CI120-P083,H1988P4CI120,1988,4,CIENCIAS SOCIALES,83,3,402,94.81,0.0100,text_detected,,,,textual,high,OCR_TEXT_RICH,text_rich,PAGESTRUCT_LTMD_U1_W4_SOCIAL_SCIENCES_0.1
U1-H1988P4CI120-P084,H1988P4CI120,1988,4,CIENCIAS SOCIALES,84,3,199,93.34,0.0101,text_detected,,,,textual,high,OCR_TEXT_RICH,text_rich,PAGESTRUCT_LTMD_U1_W4_SOCIAL_SCIENCES_0.1
U1-H1988P4CI120-P085,H1988P4CI120,1988,4,CIENCIAS SOCIALES,85,3,237,91.39,0.0338,text_detected,,,,textual,high,OCR_TEXT_RICH,text_rich,PAGESTRUCT_LTMD_U1_W4_SOCIAL_SCIENCES_0.1
U1-H1988P4CI120-P086,H1988P4CI120,1988,4,CIENCIAS SOCIALES,86,3,333,95.12,0.0030,text_detected,,,,textual,high,OCR_TEXT_RICH,text_rich,PAGESTRUCT_LTMD_U1_W4_SOCIAL_SCIENCES_0.1
U1-H1988P4CI120-P087,H1988P4CI120,1988,4,CIENCIAS SOCIALES,87,3,224,94.28,0.0179,text_detected,,,,textual,high,OCR_TEXT_RICH,text_rich,PAGESTRUCT_LTMD_U1_W4_SOCIAL_SCIENCES_0.1
U1-H1988P4CI120-P088,H1988P4CI120,1988,4,CIENCIAS SOCIALES,88,3,275,95.28,0.0000,text_detected,,,,textual,high,OCR_TEXT_RICH,text_rich,PAGESTRUCT_LTMD_U1_W4_SOCIAL_SCIENCES_0.1
U1-H1988P4CI120-P089,H1988P4CI120,1988,4,CIENCIAS SOCIALES,89,3,177,93.75,0.0226,text_detected,,,,textual,high,OCR_TEXT_RICH,text_rich,PAGESTRUCT_LTMD_U1_W4_SOCIAL_SCIENCES_0.1
U1-H1988P4CI120-P090,H1988P4CI120,1988,4,CIENCIAS SOCIALES,90,3,303,95.45,0.0033,text_detected,,,,textual,high,OCR_TEXT_RICH,text_rich,PAGESTRUCT_LTMD_U1_W4_SOCIAL_SCIENCES_0.1
U1-H1988P4CI120-P091,H1988P4CI120,1988,4,CIENCIAS SOCIALES,91,3,78,91.10,0.0385,text_detected,,,,mixed_text_image,medium,OCR_MODERATE_TEXT,text_present,PAGESTRUCT_LTMD_U1_W4_SOCIAL_SCIENCES_0.1
U1-H1988P4CI120-P092,H1988P4CI120,1988,4,CIENCIAS SOCIALES,92,3,172,93.21,0.0233,text_detected,,,,textual,high,OCR_TEXT_RICH,text_rich,PAGESTRUCT_LTMD_U1_W4_SOCIAL_SCIENCES_0.1
U1-H1988P4CI120-P093,H1988P4CI120,1988,4,CIENCIAS SOCIALES,93,3,378,94.19,0.0185,text_detected,,,,textual,high,OCR_TEXT_RICH,text_rich,PAGESTRUCT_LTMD_U1_W4_SOCIAL_SCIENCES_0.1
U1-H1988P4CI120-P094,H1988P4CI120,1988,4,CIENCIAS SOCIALES,94,3,331,95.19,0.0030,text_detected,,,,textual,high,OCR_TEXT_RICH,text_rich,PAGESTRUCT_LTMD_U1_W4_SOCIAL_SCIENCES_0.1
U1-H1988P4CI120-P095,H1988P4CI120,1988,4,CIENCIAS SOCIALES,95,3,350,94.66,0.0057,text_detected,,,,textual,high,OCR_TEXT_RICH,text_rich,PAGESTRUCT_LTMD_U1_W4_SOCIAL_SCIENCES_0.1
U1-H1988P4CI120-P096,H1988P4CI120,1988,4,CIENCIAS SOCIALES,96,3,156,94.98,0.0064,text_detected,,,,textual,high,OCR_TEXT_RICH,text_rich,PAGESTRUCT_LTMD_U1_W4_SOCIAL_SCIENCES_0.1
U1-H1988P4CI120-P097,H1988P4CI120,1988,4,CIENCIAS SOCIALES,97,3,132,94.34,0.0152,text_detected,,,,textual,high,OCR_TEXT_RICH,text_rich,PAGESTRUCT_LTMD_U1_W4_SOCIAL_SCIENCES_0.1
U1-H1988P4CI120-P098,H1988P4CI120,1988,4,CIENCIAS SOCIALES,98,3,372,94.71,0.0027,text_detected,,,,textual,high,OCR_TEXT_RICH,text_rich,PAGESTRUCT_LTMD_U1_W4_SOCIAL_SCIENCES_0.1
U1-H1988P4CI120-P099,H1988P4CI120,1988,4,CIENCIAS SOCIALES,99,3,370,94.51,0.0054,text_detected,,,,textual,high,OCR_TEXT_RICH,text_rich,PAGESTRUCT_LTMD_U1_W4_SOCIAL_SCIENCES_0.1
U1-H1988P4CI120-P100,H1988P4CI120,1988,4,CIENCIAS SOCIALES,100,3,379,94.65,0.0079,text_detected,,,,textual,high,OCR_TEXT_RICH,text_rich,PAGESTRUCT_LTMD_U1_W4_SOCIAL_SCIENCES_0.1
U1-H1988P4CI120-P101,H1988P4CI120,1988,4,CIENCIAS SOCIALES,101,3,335,94.69,0.0030,text_detected,,,,textual,high,OCR_TEXT_RICH,text_rich,PAGESTRUCT_LTMD_U1_W4_SOCIAL_SCIENCES_0.1
U1-H1988P4CI120-P102,H1988P4CI120,1988,4,CIENCIAS SOCIALES,102,3,367,93.94,0.0082,text_detected,,,,textual,high,OCR_TEXT_RICH,text_rich,PAGESTRUCT_LTMD_U1_W4_SOCIAL_SCIENCES_0.1
U1-H1988P4CI120-P103,H1988P4CI120,1988,4,CIENCIAS SOCIALES,103,3,306,93.15,0.0294,text_detected,,,,textual,high,OCR_TEXT_RICH,text_rich,PAGESTRUCT_LTMD_U1_W4_SOCIAL_SCIENCES_0.1
U1-H1988P4CI120-P104,H1988P4CI120,1988,4,CIENCIAS SOCIALES,104,3,338,95.19,0.0059,text_detected,,,,textual,high,OCR_TEXT_RICH,text_rich,PAGESTRUCT_LTMD_U1_W4_SOCIAL_SCIENCES_0.1
U1-H1988P4CI120-P105,H1988P4CI120,1988,4,CIENCIAS SOCIALES,105,3,106,92.66,0.0377,text_detected,,,,mixed_text_image,medium,OCR_MODERATE_TEXT,text_present,PAGESTRUCT_LTMD_U1_W4_SOCIAL_SCIENCES_0.1
U1-H1988P4CI120-P106,H1988P4CI120,1988,4,CIENCIAS SOCIALES,106,3,407,95.00,0.0049,text_detected,,,,textual,high,OCR_TEXT_RICH,text_rich,PAGESTRUCT_LTMD_U1_W4_SOCIAL_SCIENCES_0.1
U1-H1988P4CI120-P107,H1988P4CI120,1988,4,CIENCIAS SOCIALES,107,3,356,95.63,0.0000,text_detected,,,,textual,high,OCR_TEXT_RICH,text_rich,PAGESTRUCT_LTMD_U1_W4_SOCIAL_SCIENCES_0.1
U1-H1988P4CI120-P108,H1988P4CI120,1988,4,CIENCIAS SOCIALES,108,3,277,94.19,0.0144,text_detected,,,,textual,high,OCR_TEXT_RICH,text_rich,PAGESTRUCT_LTMD_U1_W4_SOCIAL_SCIENCES_0.1
U1-H1988P4CI120-P109,H1988P4CI120,1988,4,CIENCIAS SOCIALES,109,3,101,93.80,0.0198,text_detected,,,,mixed_text_image,medium,OCR_MODERATE_TEXT,text_present,PAGESTRUCT_LTMD_U1_W4_SOCIAL_SCIENCES_0.1
U1-H1988P4CI120-P110,H1988P4CI120,1988,4,CIENCIAS SOCIALES,110,3,163,91.88,0.0429,text_detected,,,,textual,high,OCR_TEXT_RICH,text_rich,PAGESTRUCT_LTMD_U1_W4_SOCIAL_SCIENCES_0.1
U1-H1988P4CI120-P111,H1988P4CI120,1988,4,CIENCIAS SOCIALES,111,3,178,91.53,0.0506,text_detected,,,,textual,high,OCR_TEXT_RICH,text_rich,PAGESTRUCT_LTMD_U1_W4_SOCIAL_SCIENCES_0.1
U1-H1988P4CI120-P112,H1988P4CI120,1988,4,CIENCIAS SOCIALES,112,3,350,93.81,0.0200,text_detected,,,,textual,high,OCR_TEXT_RICH,text_rich,PAGESTRUCT_LTMD_U1_W4_SOCIAL_SCIENCES_0.1
U1-H1988P4CI120-P113,H1988P4CI120,1988,4,CIENCIAS SOCIALES,113,3,255,90.87,0.0549,text_detected,,,,textual,high,OCR_TEXT_RICH,text_rich,PAGESTRUCT_LTMD_U1_W4_SOCIAL_SCIENCES_0.1
U1-H1988P4CI120-P114,H1988P4CI120,1988,4,CIENCIAS SOCIALES,114,3,358,94.87,0.0056,text_detected,,,,textual,high,OCR_TEXT_RICH,text_rich,PAGESTRUCT_LTMD_U1_W4_SOCIAL_SCIENCES_0.1
U1-H1988P4CI120-P115,H1988P4CI120,1988,4,CIENCIAS SOCIALES,115,3,369,94.42,0.0136,text_detected,,,,textual,high,OCR_TEXT_RICH,text_rich,PAGESTRUCT_LTMD_U1_W4_SOCIAL_SCIENCES_0.1
U1-H1988P4CI120-P116,H1988P4CI120,1988,4,CIENCIAS SOCIALES,116,3,214,94.69,0.0047,text_detected,,,,textual,high,OCR_TEXT_RICH,text_rich,PAGESTRUCT_LTMD_U1_W4_SOCIAL_SCIENCES_0.1
U1-H1988P4CI120-P117,H1988P4CI120,1988,4,CIENCIAS SOCIALES,117,3,354,94.06,0.0141,text_detected,,,,textual,high,OCR_TEXT_RICH,text_rich,PAGESTRUCT_LTMD_U1_W4_SOCIAL_SCIENCES_0.1
U1-H1988P4CI120-P118,H1988P4CI120,1988,4,CIENCIAS SOCIALES,118,3,292,95.05,0.0068,text_detected,,,,textual,high,OCR_TEXT_RICH,text_rich,PAGESTRUCT_LTMD_U1_W4_SOCIAL_SCIENCES_0.1
U1-H1988P4CI120-P119,H1988P4CI120,1988,4,CIENCIAS SOCIALES,119,3,289,93.19,0.0138,text_detected,,,,textual,high,OCR_TEXT_RICH,text_rich,PAGESTRUCT_LTMD_U1_W4_SOCIAL_SCIENCES_0.1
U1-H1988P4CI120-P120,H1988P4CI120,1988,4,CIENCIAS SOCIALES,120,3,357,93.89,0.0140,text_detected,,,,textual,high,OCR_TEXT_RICH,text_rich,PAGESTRUCT_LTMD_U1_W4_SOCIAL_SCIENCES_0.1
U1-H1988P4CI120-P121,H1988P4CI120,1988,4,CIENCIAS SOCIALES,121,3,283,94.78,0.0035,text_detected,,,,textual,high,OCR_TEXT_RICH,text_rich,PAGESTRUCT_LTMD_U1_W4_SOCIAL_SCIENCES_0.1
U1-H1988P4CI120-P122,H1988P4CI120,1988,4,CIENCIAS SOCIALES,122,3,337,94.50,0.0089,text_detected,,,,textual,high,OCR_TEXT_RICH,text_rich,PAGESTRUCT_LTMD_U1_W4_SOCIAL_SCIENCES_0.1
U1-H1988P4CI120-P123,H1988P4CI120,1988,4,CIENCIAS SOCIALES,123,3,357,95.09,0.0028,text_detected,,,,textual,high,OCR_TEXT_RICH,text_rich,PAGESTRUCT_LTMD_U1_W4_SOCIAL_SCIENCES_0.1
U1-H1988P4CI120-P124,H1988P4CI120,1988,4,CIENCIAS SOCIALES,124,3,335,93.87,0.0179,text_detected,,,,textual,high,OCR_TEXT_RICH,text_rich,PAGESTRUCT_LTMD_U1_W4_SOCIAL_SCIENCES_0.1
U1-H1988P4CI120-P125,H1988P4CI120,1988,4,CIENCIAS SOCIALES,125,3,384,94.05,0.0182,text_detected,,,,textual,high,OCR_TEXT_RICH,text_rich,PAGESTRUCT_LTMD_U1_W4_SOCIAL_SCIENCES_0.1
U1-H1988P4CI120-P126,H1988P4CI120,1988,4,CIENCIAS SOCIALES,126,3,306,94.42,0.0000,text_detected,,,,textual,high,OCR_TEXT_RICH,text_rich,PAGESTRUCT_LTMD_U1_W4_SOCIAL_SCIENCES_0.1
U1-H1988P4CI120-P127,H1988P4CI120,1988,4,CIENCIAS SOCIALES,127,3,372,93.81,0.0188,text_detected,,,,textual,high,OCR_TEXT_RICH,text_rich,PAGESTRUCT_LTMD_U1_W4_SOCIAL_SCIENCES_0.1
U1-H1988P4CI120-P128,H1988P4CI120,1988,4,CIENCIAS SOCIALES,128,3,166,95.33,0.0000,text_detected,,,,textual,high,OCR_TEXT_RICH,text_rich,PAGESTRUCT_LTMD_U1_W4_SOCIAL_SCIENCES_0.1
U1-H1988P4CI120-P129,H1988P4CI120,1988,4,CIENCIAS SOCIALES,129,3,395,95.02,0.0051,text_detected,,,,textual,high,OCR_TEXT_RICH,text_rich,PAGESTRUCT_LTMD_U1_W4_SOCIAL_SCIENCES_0.1
U1-H1988P4CI120-P130,H1988P4CI120,1988,4,CIENCIAS SOCIALES,130,3,282,94.92,0.0035,text_detected,,,,textual,high,OCR_TEXT_RICH,text_rich,PAGESTRUCT_LTMD_U1_W4_SOCIAL_SCIENCES_0.1
U1-H1988P4CI120-P131,H1988P4CI120,1988,4,CIENCIAS SOCIALES,131,3,398,94.69,0.0050,text_detected,0,0,0,textual,high,OCR_TEXT_RICH,end_zone;text_rich,PAGESTRUCT_LTMD_U1_W4_SOCIAL_SCIENCES_0.1
U1-H1988P4CI120-P132,H1988P4CI120,1988,4,CIENCIAS SOCIALES,132,3,166,95.24,0.0000,text_detected,0,0,0,textual,high,OCR_TEXT_RICH,end_zone;text_rich,PAGESTRUCT_LTMD_U1_W4_SOCIAL_SCIENCES_0.1
U1-H1988P4CI120-P133,H1988P4CI120,1988,4,CIENCIAS SOCIALES,133,3,386,94.67,0.0052,text_detected,0,0,0,textual,high,OCR_TEXT_RICH,end_zone;text_rich,PAGESTRUCT_LTMD_U1_W4_SOCIAL_SCIENCES_0.1
U1-H1988P4CI120-P134,H1988P4CI120,1988,4,CIENCIAS SOCIALES,134,3,367,95.09,0.0027,text_detected,0,0,0,textual,high,OCR_TEXT_RICH,end_zone;text_rich,PAGESTRUCT_LTMD_U1_W4_SOCIAL_SCIENCES_0.1
U1-H1988P4CI120-P135,H1988P4CI120,1988,4,CIENCIAS SOCIALES,135,3,244,93.77,0.0041,text_detected,0,0,0,textual,high,OCR_TEXT_RICH,end_zone;text_rich,PAGESTRUCT_LTMD_U1_W4_SOCIAL_SCIENCES_0.1
U1-H1988P4CI120-P136,H1988P4CI120,1988,4,CIENCIAS SOCIALES,136,3,223,94.69,0.0000,text_detected,0,1,0,textual,high,OCR_TEXT_RICH,end_zone;text_rich;nav_kw,PAGESTRUCT_LTMD_U1_W4_SOCIAL_SCIENCES_0.1
U1-H1988P4CI120-P137,H1988P4CI120,1988,4,CIENCIAS SOCIALES,137,3,374,94.41,0.0053,text_detected,0,0,0,textual,high,OCR_TEXT_RICH,end_zone;text_rich,PAGESTRUCT_LTMD_U1_W4_SOCIAL_SCIENCES_0.1
U1-H1988P4CI120-P138,H1988P4CI120,1988,4,CIENCIAS SOCIALES,138,3,385,93.87,0.0182,text_detected,0,0,0,textual,high,OCR_TEXT_RICH,end_zone;text_rich,PAGESTRUCT_LTMD_U1_W4_SOCIAL_SCIENCES_0.1
U1-H1988P4CI120-P139,H1988P4CI120,1988,4,CIENCIAS SOCIALES,139,3,313,92.22,0.0224,text_detected,0,0,0,textual,high,OCR_TEXT_RICH,end_zone;text_rich,PAGESTRUCT_LTMD_U1_W4_SOCIAL_SCIENCES_0.1
U1-H1988P4CI120-P140,H1988P4CI120,1988,4,CIENCIAS SOCIALES,140,3,290,91.54,0.0345,text_detected,0,0,0,textual,high,OCR_TEXT_RICH,end_zone;text_rich,PAGESTRUCT_LTMD_U1_W4_SOCIAL_SCIENCES_0.1
U1-H1988P4CI120-P141,H1988P4CI120,1988,4,CIENCIAS SOCIALES,141,3,268,92.54,0.0261,text_detected,0,0,0,textual,high,OCR_TEXT_RICH,end_zone;text_rich,PAGESTRUCT_LTMD_U1_W4_SOCIAL_SCIENCES_0.1
U1-H1988P4CI120-P142,H1988P4CI120,1988,4,CIENCIAS SOCIALES,142,3,242,91.19,0.0248,text_detected,0,0,0,textual,high,OCR_TEXT_RICH,end_zone;text_rich,PAGESTRUCT_LTMD_U1_W4_SOCIAL_SCIENCES_0.1
U1-H1988P4CI120-P143,H1988P4CI120,1988,4,CIENCIAS SOCIALES,143,6,34,25.67,0.9118,text_detected,0,0,0,visual_only,high,OCR_VISUAL_NOISE,end_zone;fallback_psm;visual_noise,PAGESTRUCT_LTMD_U1_W4_SOCIAL_SCIENCES_0.1
U1-H1988P4CI120-P144,H1988P4CI120,1988,4,CIENCIAS SOCIALES,144,3,157,83.42,0.1210,text_detected,0,1,3,bibliography_or_credits,high,KW_BIBLIO_CREDITS,end_zone;text_rich;nav_kw;biblio_credit_kw,PAGESTRUCT_LTMD_U1_W4_SOCIAL_SCIENCES_0.1
U1-H1988P4CI120-P145,H1988P4CI120,1988,4,CIENCIAS SOCIALES,145,3,141,84.63,0.0851,text_detected,0,0,0,textual,high,OCR_TEXT_RICH,end_zone;text_rich,PAGESTRUCT_LTMD_U1_W4_SOCIAL_SCIENCES_0.1
U1-H1988P4CI120-P146,H1988P4CI120,1988,4,CIENCIAS SOCIALES,146,3,5,96.55,0.0000,text_detected,0,0,1,bibliography_or_credits,medium,KW_BIBLIO_CREDITS,end_zone;biblio_credit_kw,PAGESTRUCT_LTMD_U1_W4_SOCIAL_SCIENCES_0.1
U1-H1988P5CI124-P001,H1988P5CI124,1988,5,CIENCIAS SOCIALES,1,3,4,96.43,0.0000,text_detected,0,0,0,mixed_text_image,low,OCR_SPARSE_HIGH_CONF,front_zone,PAGESTRUCT_LTMD_U1_W4_SOCIAL_SCIENCES_0.1
U1-H1988P5CI124-P002,H1988P5CI124,1988,5,CIENCIAS SOCIALES,2,3,133,76.18,0.2180,text_detected,0,0,1,bibliography_or_credits,medium,KW_BIBLIO_CREDITS,front_zone;text_rich;biblio_credit_kw,PAGESTRUCT_LTMD_U1_W4_SOCIAL_SCIENCES_0.1
U1-H1988P5CI124-P003,H1988P5CI124,1988,5,CIENCIAS SOCIALES,3,3,124,83.61,0.1532,text_detected,0,1,0,toc_or_navigation,medium,KW_NAVIGATION,front_zone;text_rich;nav_kw,PAGESTRUCT_LTMD_U1_W4_SOCIAL_SCIENCES_0.1
U1-H1988P5CI124-P004,H1988P5CI124,1988,5,CIENCIAS SOCIALES,4,3,137,93.57,0.0146,text_detected,0,0,0,textual,high,OCR_TEXT_RICH,front_zone;text_rich,PAGESTRUCT_LTMD_U1_W4_SOCIAL_SCIENCES_0.1
U1-H1988P5CI124-P005,H1988P5CI124,1988,5,CIENCIAS SOCIALES,5,3,108,94.46,0.0093,text_detected,0,0,0,mixed_text_image,medium,OCR_MODERATE_TEXT,front_zone;text_present,PAGESTRUCT_LTMD_U1_W4_SOCIAL_SCIENCES_0.1
U1-H1988P5CI124-P006,H1988P5CI124,1988,5,CIENCIAS SOCIALES,6,3,39,94.21,0.0256,text_detected,0,0,0,mixed_text_image,medium,OCR_MODERATE_TEXT,front_zone;text_present,PAGESTRUCT_LTMD_U1_W4_SOCIAL_SCIENCES_0.1
U1-H1988P5CI124-P007,H1988P5CI124,1988,5,CIENCIAS SOCIALES,7,3,52,94.64,0.0000,text_detected,0,0,0,mixed_text_image,medium,OCR_MODERATE_TEXT,front_zone;text_present,PAGESTRUCT_LTMD_U1_W4_SOCIAL_SCIENCES_0.1
U1-H1988P5CI124-P008,H1988P5CI124,1988,5,CIENCIAS SOCIALES,8,3,62,95.09,0.0000,text_detected,0,0,0,mixed_text_image,medium,OCR_MODERATE_TEXT,front_zone;text_present,PAGESTRUCT_LTMD_U1_W4_SOCIAL_SCIENCES_0.1
U1-H1988P5CI124-P009,H1988P5CI124,1988,5,CIENCIAS SOCIALES,9,3,127,95.03,0.0157,text_detected,0,0,0,textual,high,OCR_TEXT_RICH,front_zone;text_rich,PAGESTRUCT_LTMD_U1_W4_SOCIAL_SCIENCES_0.1
U1-H1988P5CI124-P010,H1988P5CI124,1988,5,CIENCIAS SOCIALES,10,3,245,95.27,0.0000,text_detected,0,0,0,textual,high,OCR_TEXT_RICH,front_zone;text_rich,PAGESTRUCT_LTMD_U1_W4_SOCIAL_SCIENCES_0.1
U1-H1988P5CI124-P011,H1988P5CI124,1988,5,CIENCIAS SOCIALES,11,3,249,95.11,0.0000,text_detected,0,0,0,textual,high,OCR_TEXT_RICH,front_zone;text_rich,PAGESTRUCT_LTMD_U1_W4_SOCIAL_SCIENCES_0.1
U1-H1988P5CI124-P012,H1988P5CI124,1988,5,CIENCIAS SOCIALES,12,3,128,68.45,0.3516,text_detected,0,0,0,mixed_text_image,medium,OCR_MODERATE_TEXT,front_zone;text_present,PAGESTRUCT_LTMD_U1_W4_SOCIAL_SCIENCES_0.1
U1-H1988P5CI124-P013,H1988P5CI124,1988,5,CIENCIAS SOCIALES,13,3,312,94.25,0.0128,text_detected,0,0,0,textual,high,OCR_TEXT_RICH,front_zone;text_rich,PAGESTRUCT_LTMD_U1_W4_SOCIAL_SCIENCES_0.1
U1-H1988P5CI124-P014,H1988P5CI124,1988,5,CIENCIAS SOCIALES,14,3,7,94.08,0.0000,text_detected,0,0,0,mixed_text_image,low,OCR_SPARSE_HIGH_CONF,front_zone,PAGESTRUCT_LTMD_U1_W4_SOCIAL_SCIENCES_0.1
U1-H1988P5CI124-P015,H1988P5CI124,1988,5,CIENCIAS SOCIALES,15,3,127,92.89,0.0236,text_detected,0,0,0,textual,high,OCR_TEXT_RICH,front_zone;text_rich,PAGESTRUCT_LTMD_U1_W4_SOCIAL_SCIENCES_0.1
U1-H1988P5CI124-P016,H1988P5CI124,1988,5,CIENCIAS SOCIALES,16,3,248,91.99,0.0403,text_detected,0,0,0,textual,high,OCR_TEXT_RICH,front_zone;text_rich,PAGESTRUCT_LTMD_U1_W4_SOCIAL_SCIENCES_0.1
U1-H1988P5CI124-P017,H1988P5CI124,1988,5,CIENCIAS SOCIALES,17,3,197,94.12,0.0152,text_detected,,,,textual,high,OCR_TEXT_RICH,text_rich,PAGESTRUCT_LTMD_U1_W4_SOCIAL_SCIENCES_0.1
U1-H1988P5CI124-P018,H1988P5CI124,1988,5,CIENCIAS SOCIALES,18,3,138,94.74,0.0000,text_detected,,,,textual,high,OCR_TEXT_RICH,text_rich,PAGESTRUCT_LTMD_U1_W4_SOCIAL_SCIENCES_0.1
U1-H1988P5CI124-P019,H1988P5CI124,1988,5,CIENCIAS SOCIALES,19,3,69,92.53,0.0435,text_detected,,,,mixed_text_image,medium,OCR_MODERATE_TEXT,text_present,PAGESTRUCT_LTMD_U1_W4_SOCIAL_SCIENCES_0.1
U1-H1988P5CI124-P020,H1988P5CI124,1988,5,CIENCIAS SOCIALES,20,3,183,94.21,0.0164,text_detected,,,,textual,high,OCR_TEXT_RICH,text_rich,PAGESTRUCT_LTMD_U1_W4_SOCIAL_SCIENCES_0.1
U1-H1988P5CI124-P021,H1988P5CI124,1988,5,CIENCIAS SOCIALES,21,3,164,92.46,0.0305,text_detected,,,,textual,high,OCR_TEXT_RICH,text_rich,PAGESTRUCT_LTMD_U1_W4_SOCIAL_SCIENCES_0.1
U1-H1988P5CI124-P022,H1988P5CI124,1988,5,CIENCIAS SOCIALES,22,3,120,94.84,0.0083,text_detected,,,,textual,high,OCR_TEXT_RICH,text_rich,PAGESTRUCT_LTMD_U1_W4_SOCIAL_SCIENCES_0.1
U1-H1988P5CI124-P023,H1988P5CI124,1988,5,CIENCIAS SOCIALES,23,3,161,93.50,0.0248,text_detected,,,,textual,high,OCR_TEXT_RICH,text_rich,PAGESTRUCT_LTMD_U1_W4_SOCIAL_SCIENCES_0.1
U1-H1988P5CI124-P024,H1988P5CI124,1988,5,CIENCIAS SOCIALES,24,3,153,93.87,0.0196,text_detected,,,,textual,high,OCR_TEXT_RICH,text_rich,PAGESTRUCT_LTMD_U1_W4_SOCIAL_SCIENCES_0.1
U1-H1988P5CI124-P025,H1988P5CI124,1988,5,CIENCIAS SOCIALES,25,3,57,93.96,0.0175,text_detected,,,,mixed_text_image,medium,OCR_MODERATE_TEXT,text_present,PAGESTRUCT_LTMD_U1_W4_SOCIAL_SCIENCES_0.1
U1-H1988P5CI124-P026,H1988P5CI124,1988,5,CIENCIAS SOCIALES,26,3,67,94.96,0.0000,text_detected,,,,mixed_text_image,medium,OCR_MODERATE_TEXT,text_present,PAGESTRUCT_LTMD_U1_W4_SOCIAL_SCIENCES_0.1
U1-H1988P5CI124-P027,H1988P5CI124,1988,5,CIENCIAS SOCIALES,27,3,111,94.79,0.0000,text_detected,,,,mixed_text_image,medium,OCR_MODERATE_TEXT,text_present,PAGESTRUCT_LTMD_U1_W4_SOCIAL_SCIENCES_0.1
U1-H1988P5CI124-P028,H1988P5CI124,1988,5,CIENCIAS SOCIALES,28,3,117,93.52,0.0171,text_detected,,,,mixed_text_image,medium,OCR_MODERATE_TEXT,text_present,PAGESTRUCT_LTMD_U1_W4_SOCIAL_SCIENCES_0.1
U1-H1988P5CI124-P029,H1988P5CI124,1988,5,CIENCIAS SOCIALES,29,3,108,93.26,0.0278,text_detected,,,,mixed_text_image,medium,OCR_MODERATE_TEXT,text_present,PAGESTRUCT_LTMD_U1_W4_SOCIAL_SCIENCES_0.1
U1-H1988P5CI124-P030,H1988P5CI124,1988,5,CIENCIAS SOCIALES,30,3,105,93.94,0.0095,text_detected,,,,mixed_text_image,medium,OCR_MODERATE_TEXT,text_present,PAGESTRUCT_LTMD_U1_W4_SOCIAL_SCIENCES_0.1
U1-H1988P5CI124-P031,H1988P5CI124,1988,5,CIENCIAS SOCIALES,31,3,114,94.46,0.0175,text_detected,,,,mixed_text_image,medium,OCR_MODERATE_TEXT,text_present,PAGESTRUCT_LTMD_U1_W4_SOCIAL_SCIENCES_0.1
U1-H1988P5CI124-P032,H1988P5CI124,1988,5,CIENCIAS SOCIALES,32,3,126,91.89,0.0397,text_detected,,,,textual,high,OCR_TEXT_RICH,text_rich,PAGESTRUCT_LTMD_U1_W4_SOCIAL_SCIENCES_0.1
U1-H1988P5CI124-P033,H1988P5CI124,1988,5,CIENCIAS SOCIALES,33,3,113,92.13,0.0442,text_detected,,,,mixed_text_image,medium,OCR_MODERATE_TEXT,text_present,PAGESTRUCT_LTMD_U1_W4_SOCIAL_SCIENCES_0.1
U1-H1988P5CI124-P034,H1988P5CI124,1988,5,CIENCIAS SOCIALES,34,3,216,88.38,0.0972,text_detected,,,,textual,high,OCR_TEXT_RICH,text_rich,PAGESTRUCT_LTMD_U1_W4_SOCIAL_SCIENCES_0.1
U1-H1988P5CI124-P035,H1988P5CI124,1988,5,CIENCIAS SOCIALES,35,3,81,94.70,0.0123,text_detected,,,,mixed_text_image,medium,OCR_MODERATE_TEXT,text_present,PAGESTRUCT_LTMD_U1_W4_SOCIAL_SCIENCES_0.1
U1-H1988P5CI124-P036,H1988P5CI124,1988,5,CIENCIAS SOCIALES,36,3,106,94.15,0.0094,text_detected,,,,mixed_text_image,medium,OCR_MODERATE_TEXT,text_present,PAGESTRUCT_LTMD_U1_W4_SOCIAL_SCIENCES_0.1
U1-H1988P5CI124-P037,H1988P5CI124,1988,5,CIENCIAS SOCIALES,37,3,314,93.67,0.0127,text_detected,,,,textual,high,OCR_TEXT_RICH,text_rich,PAGESTRUCT_LTMD_U1_W4_SOCIAL_SCIENCES_0.1
U1-H1988P5CI124-P038,H1988P5CI124,1988,5,CIENCIAS SOCIALES,38,3,127,95.54,0.0079,text_detected,,,,textual,high,OCR_TEXT_RICH,text_rich,PAGESTRUCT_LTMD_U1_W4_SOCIAL_SCIENCES_0.1
U1-H1988P5CI124-P039,H1988P5CI124,1988,5,CIENCIAS SOCIALES,39,3,136,93.83,0.0147,text_detected,,,,textual,high,OCR_TEXT_RICH,text_rich,PAGESTRUCT_LTMD_U1_W4_SOCIAL_SCIENCES_0.1
U1-H1988P5CI124-P040,H1988P5CI124,1988,5,CIENCIAS SOCIALES,40,3,243,94.80,0.0041,text_detected,,,,textual,high,OCR_TEXT_RICH,text_rich,PAGESTRUCT_LTMD_U1_W4_SOCIAL_SCIENCES_0.1
U1-H1988P5CI124-P041,H1988P5CI124,1988,5,CIENCIAS SOCIALES,41,3,217,89.14,0.0691,text_detected,,,,textual,high,OCR_TEXT_RICH,text_rich,PAGESTRUCT_LTMD_U1_W4_SOCIAL_SCIENCES_0.1
U1-H1988P5CI124-P042,H1988P5CI124,1988,5,CIENCIAS SOCIALES,42,3,146,94.80,0.0068,text_detected,,,,textual,high,OCR_TEXT_RICH,text_rich,PAGESTRUCT_LTMD_U1_W4_SOCIAL_SCIENCES_0.1
U1-H1988P5CI124-P043,H1988P5CI124,1988,5,CIENCIAS SOCIALES,43,3,123,94.24,0.0163,text_detected,,,,textual,high,OCR_TEXT_RICH,text_rich,PAGESTRUCT_LTMD_U1_W4_SOCIAL_SCIENCES_0.1
U1-H1988P5CI124-P044,H1988P5CI124,1988,5,CIENCIAS SOCIALES,44,3,192,94.46,0.0156,text_detected,,,,textual,high,OCR_TEXT_RICH,text_rich,PAGESTRUCT_LTMD_U1_W4_SOCIAL_SCIENCES_0.1
U1-H1988P5CI124-P045,H1988P5CI124,1988,5,CIENCIAS SOCIALES,45,3,197,94.22,0.0102,text_detected,,,,textual,high,OCR_TEXT_RICH,text_rich,PAGESTRUCT_LTMD_U1_W4_SOCIAL_SCIENCES_0.1
U1-H1988P5CI124-P046,H1988P5CI124,1988,5,CIENCIAS SOCIALES,46,3,95,92.60,0.0316,text_detected,,,,mixed_text_image,medium,OCR_MODERATE_TEXT,text_present,PAGESTRUCT_LTMD_U1_W4_SOCIAL_SCIENCES_0.1
U1-H1988P5CI124-P047,H1988P5CI124,1988,5,CIENCIAS SOCIALES,47,3,283,94.34,0.0106,text_detected,,,,textual,high,OCR_TEXT_RICH,text_rich,PAGESTRUCT_LTMD_U1_W4_SOCIAL_SCIENCES_0.1
U1-H1988P5CI124-P048,H1988P5CI124,1988,5,CIENCIAS SOCIALES,48,3,90,88.40,0.0667,text_detected,,,,mixed_text_image,medium,OCR_MODERATE_TEXT,text_present,PAGESTRUCT_LTMD_U1_W4_SOCIAL_SCIENCES_0.1
U1-H1988P5CI124-P049,H1988P5CI124,1988,5,CIENCIAS SOCIALES,49,3,35,94.21,0.0286,text_detected,,,,mixed_text_image,medium,OCR_MODERATE_TEXT,text_present,PAGESTRUCT_LTMD_U1_W4_SOCIAL_SCIENCES_0.1
U1-H1988P5CI124-P050,H1988P5CI124,1988,5,CIENCIAS SOCIALES,50,3,113,95.13,0.0000,text_detected,,,,mixed_text_image,medium,OCR_MODERATE_TEXT,text_present,PAGESTRUCT_LTMD_U1_W4_SOCIAL_SCIENCES_0.1
U1-H1988P5CI124-P051,H1988P5CI124,1988,5,CIENCIAS SOCIALES,51,3,191,93.94,0.0105,text_detected,,,,textual,high,OCR_TEXT_RICH,text_rich,PAGESTRUCT_LTMD_U1_W4_SOCIAL_SCIENCES_0.1
U1-H1988P5CI124-P052,H1988P5CI124,1988,5,CIENCIAS SOCIALES,52,3,110,95.25,0.0091,text_detected,,,,mixed_text_image,medium,OCR_MODERATE_TEXT,text_present,PAGESTRUCT_LTMD_U1_W4_SOCIAL_SCIENCES_0.1
U1-H1988P5CI124-P053,H1988P5CI124,1988,5,CIENCIAS SOCIALES,53,3,65,94.22,0.0000,text_detected,,,,mixed_text_image,medium,OCR_MODERATE_TEXT,text_present,PAGESTRUCT_LTMD_U1_W4_SOCIAL_SCIENCES_0.1
U1-H1988P5CI124-P054,H1988P5CI124,1988,5,CIENCIAS SOCIALES,54,3,316,94.57,0.0000,text_detected,,,,textual,high,OCR_TEXT_RICH,text_rich,PAGESTRUCT_LTMD_U1_W4_SOCIAL_SCIENCES_0.1
U1-H1988P5CI124-P055,H1988P5CI124,1988,5,CIENCIAS SOCIALES,55,3,91,93.00,0.0440,text_detected,,,,mixed_text_image,medium,OCR_MODERATE_TEXT,text_present,PAGESTRUCT_LTMD_U1_W4_SOCIAL_SCIENCES_0.1
U1-H1988P5CI124-P056,H1988P5CI124,1988,5,CIENCIAS SOCIALES,56,3,72,93.36,0.0139,text_detected,,,,mixed_text_image,medium,OCR_MODERATE_TEXT,text_present,PAGESTRUCT_LTMD_U1_W4_SOCIAL_SCIENCES_0.1
U1-H1988P5CI124-P057,H1988P5CI124,1988,5,CIENCIAS SOCIALES,57,3,178,95.34,0.0056,text_detected,,,,textual,high,OCR_TEXT_RICH,text_rich,PAGESTRUCT_LTMD_U1_W4_SOCIAL_SCIENCES_0.1
U1-H1988P5CI124-P058,H1988P5CI124,1988,5,CIENCIAS SOCIALES,58,3,113,95.37,0.0000,text_detected,,,,mixed_text_image,medium,OCR_MODERATE_TEXT,text_present,PAGESTRUCT_LTMD_U1_W4_SOCIAL_SCIENCES_0.1
U1-H1988P5CI124-P059,H1988P5CI124,1988,5,CIENCIAS SOCIALES,59,3,183,95.24,0.0000,text_detected,,,,textual,high,OCR_TEXT_RICH,text_rich,PAGESTRUCT_LTMD_U1_W4_SOCIAL_SCIENCES_0.1
U1-H1988P5CI124-P060,H1988P5CI124,1988,5,CIENCIAS SOCIALES,60,3,162,95.13,0.0000,text_detected,,,,textual,high,OCR_TEXT_RICH,text_rich,PAGESTRUCT_LTMD_U1_W4_SOCIAL_SCIENCES_0.1
U1-H1988P5CI124-P061,H1988P5CI124,1988,5,CIENCIAS SOCIALES,61,3,331,95.06,0.0091,text_detected,,,,textual,high,OCR_TEXT_RICH,text_rich,PAGESTRUCT_LTMD_U1_W4_SOCIAL_SCIENCES_0.1
U1-H1988P5CI124-P062,H1988P5CI124,1988,5,CIENCIAS SOCIALES,62,3,249,94.60,0.0000,text_detected,,,,textual,high,OCR_TEXT_RICH,text_rich,PAGESTRUCT_LTMD_U1_W4_SOCIAL_SCIENCES_0.1
U1-H1988P5CI124-P063,H1988P5CI124,1988,5,CIENCIAS SOCIALES,63,3,218,94.37,0.0092,text_detected,,,,textual,high,OCR_TEXT_RICH,text_rich,PAGESTRUCT_LTMD_U1_W4_SOCIAL_SCIENCES_0.1
U1-H1988P5CI124-P064,H1988P5CI124,1988,5,CIENCIAS SOCIALES,64,3,104,93.90,0.0192,text_detected,,,,mixed_text_image,medium,OCR_MODERATE_TEXT,text_present,PAGESTRUCT_LTMD_U1_W4_SOCIAL_SCIENCES_0.1
U1-H1988P5CI124-P065,H1988P5CI124,1988,5,CIENCIAS SOCIALES,65,3,112,92.66,0.0268,text_detected,,,,mixed_text_image,medium,OCR_MODERATE_TEXT,text_present,PAGESTRUCT_LTMD_U1_W4_SOCIAL_SCIENCES_0.1
U1-H1988P5CI124-P066,H1988P5CI124,1988,5,CIENCIAS SOCIALES,66,3,119,94.50,0.0000,text_detected,,,,mixed_text_image,medium,OCR_MODERATE_TEXT,text_present,PAGESTRUCT_LTMD_U1_W4_SOCIAL_SCIENCES_0.1
U1-H1988P5CI124-P067,H1988P5CI124,1988,5,CIENCIAS SOCIALES,67,3,223,94.59,0.0179,text_detected,,,,textual,high,OCR_TEXT_RICH,text_rich,PAGESTRUCT_LTMD_U1_W4_SOCIAL_SCIENCES_0.1
U1-H1988P5CI124-P068,H1988P5CI124,1988,5,CIENCIAS SOCIALES,68,3,156,93.61,0.0256,text_detected,,,,textual,high,OCR_TEXT_RICH,text_rich,PAGESTRUCT_LTMD_U1_W4_SOCIAL_SCIENCES_0.1
U1-H1988P5CI124-P069,H1988P5CI124,1988,5,CIENCIAS SOCIALES,69,3,154,93.67,0.0065,text_detected,,,,textual,high,OCR_TEXT_RICH,text_rich,PAGESTRUCT_LTMD_U1_W4_SOCIAL_SCIENCES_0.1
U1-H1988P5CI124-P070,H1988P5CI124,1988,5,CIENCIAS SOCIALES,70,3,137,94.70,0.0073,text_detected,,,,textual,high,OCR_TEXT_RICH,text_rich,PAGESTRUCT_LTMD_U1_W4_SOCIAL_SCIENCES_0.1
U1-H1988P5CI124-P071,H1988P5CI124,1988,5,CIENCIAS SOCIALES,71,3,182,93.81,0.0220,text_detected,,,,textual,high,OCR_TEXT_RICH,text_rich,PAGESTRUCT_LTMD_U1_W4_SOCIAL_SCIENCES_0.1
U1-H1988P5CI124-P072,H1988P5CI124,1988,5,CIENCIAS SOCIALES,72,3,123,93.59,0.0244,text_detected,,,,textual,high,OCR_TEXT_RICH,text_rich,PAGESTRUCT_LTMD_U1_W4_SOCIAL_SCIENCES_0.1
U1-H1988P5CI124-P073,H1988P5CI124,1988,5,CIENCIAS SOCIALES,73,3,172,94.92,0.0000,text_detected,,,,textual,high,OCR_TEXT_RICH,text_rich,PAGESTRUCT_LTMD_U1_W4_SOCIAL_SCIENCES_0.1
U1-H1988P5CI124-P074,H1988P5CI124,1988,5,CIENCIAS SOCIALES,74,3,72,93.41,0.0278,text_detected,,,,mixed_text_image,medium,OCR_MODERATE_TEXT,text_present,PAGESTRUCT_LTMD_U1_W4_SOCIAL_SCIENCES_0.1
U1-H1988P5CI124-P075,H1988P5CI124,1988,5,CIENCIAS SOCIALES,75,3,103,94.41,0.0097,text_detected,,,,mixed_text_image,medium,OCR_MODERATE_TEXT,text_present,PAGESTRUCT_LTMD_U1_W4_SOCIAL_SCIENCES_0.1
U1-H1988P5CI124-P076,H1988P5CI124,1988,5,CIENCIAS SOCIALES,76,3,183,94.55,0.0055,text_detected,,,,textual,high,OCR_TEXT_RICH,text_rich,PAGESTRUCT_LTMD_U1_W4_SOCIAL_SCIENCES_0.1
U1-H1988P5CI124-P077,H1988P5CI124,1988,5,CIENCIAS SOCIALES,77,3,136,94.09,0.0074,text_detected,,,,textual,high,OCR_TEXT_RICH,text_rich,PAGESTRUCT_LTMD_U1_W4_SOCIAL_SCIENCES_0.1
U1-H1988P5CI124-P078,H1988P5CI124,1988,5,CIENCIAS SOCIALES,78,3,122,87.93,0.0656,text_detected,,,,textual,high,OCR_TEXT_RICH,text_rich,PAGESTRUCT_LTMD_U1_W4_SOCIAL_SCIENCES_0.1
U1-H1988P5CI124-P079,H1988P5CI124,1988,5,CIENCIAS SOCIALES,79,3,213,94.29,0.0094,text_detected,,,,textual,high,OCR_TEXT_RICH,text_rich,PAGESTRUCT_LTMD_U1_W4_SOCIAL_SCIENCES_0.1
U1-H1988P5CI124-P080,H1988P5CI124,1988,5,CIENCIAS SOCIALES,80,3,143,93.10,0.0210,text_detected,,,,textual,high,OCR_TEXT_RICH,text_rich,PAGESTRUCT_LTMD_U1_W4_SOCIAL_SCIENCES_0.1
U1-H1988P5CI124-P081,H1988P5CI124,1988,5,CIENCIAS SOCIALES,81,3,169,91.47,0.0592,text_detected,,,,textual,high,OCR_TEXT_RICH,text_rich,PAGESTRUCT_LTMD_U1_W4_SOCIAL_SCIENCES_0.1
U1-H1988P5CI124-P082,H1988P5CI124,1988,5,CIENCIAS SOCIALES,82,3,191,93.17,0.0262,text_detected,,,,textual,high,OCR_TEXT_RICH,text_rich,PAGESTRUCT_LTMD_U1_W4_SOCIAL_SCIENCES_0.1
U1-H1988P5CI124-P083,H1988P5CI124,1988,5,CIENCIAS SOCIALES,83,3,91,93.71,0.0110,text_detected,,,,mixed_text_image,medium,OCR_MODERATE_TEXT,text_present,PAGESTRUCT_LTMD_U1_W4_SOCIAL_SCIENCES_0.1
U1-H1988P5CI124-P084,H1988P5CI124,1988,5,CIENCIAS SOCIALES,84,3,263,92.99,0.0228,text_detected,,,,textual,high,OCR_TEXT_RICH,text_rich,PAGESTRUCT_LTMD_U1_W4_SOCIAL_SCIENCES_0.1
U1-H1988P5CI124-P085,H1988P5CI124,1988,5,CIENCIAS SOCIALES,85,3,213,93.97,0.0141,text_detected,,,,textual,high,OCR_TEXT_RICH,text_rich,PAGESTRUCT_LTMD_U1_W4_SOCIAL_SCIENCES_0.1
U1-H1988P5CI124-P086,H1988P5CI124,1988,5,CIENCIAS SOCIALES,86,3,71,92.44,0.0423,text_detected,,,,mixed_text_image,medium,OCR_MODERATE_TEXT,text_present,PAGESTRUCT_LTMD_U1_W4_SOCIAL_SCIENCES_0.1
U1-H1988P5CI124-P087,H1988P5CI124,1988,5,CIENCIAS SOCIALES,87,3,79,95.00,0.0000,text_detected,,,,mixed_text_image,medium,OCR_MODERATE_TEXT,text_present,PAGESTRUCT_LTMD_U1_W4_SOCIAL_SCIENCES_0.1
U1-H1988P5CI124-P088,H1988P5CI124,1988,5,CIENCIAS SOCIALES,88,3,133,94.01,0.0075,text_detected,,,,textual,high,OCR_TEXT_RICH,text_rich,PAGESTRUCT_LTMD_U1_W4_SOCIAL_SCIENCES_0.1
U1-H1988P5CI124-P089,H1988P5CI124,1988,5,CIENCIAS SOCIALES,89,3,125,93.43,0.0160,text_detected,,,,textual,high,OCR_TEXT_RICH,text_rich,PAGESTRUCT_LTMD_U1_W4_SOCIAL_SCIENCES_0.1
U1-H1988P5CI124-P090,H1988P5CI124,1988,5,CIENCIAS SOCIALES,90,3,175,93.81,0.0057,text_detected,,,,textual,high,OCR_TEXT_RICH,text_rich,PAGESTRUCT_LTMD_U1_W4_SOCIAL_SCIENCES_0.1
U1-H1988P5CI124-P091,H1988P5CI124,1988,5,CIENCIAS SOCIALES,91,3,171,91.39,0.0468,text_detected,,,,textual,high,OCR_TEXT_RICH,text_rich,PAGESTRUCT_LTMD_U1_W4_SOCIAL_SCIENCES_0.1
U1-H1988P5CI124-P092,H1988P5CI124,1988,5,CIENCIAS SOCIALES,92,3,108,92.48,0.0278,text_detected,,,,mixed_text_image,medium,OCR_MODERATE_TEXT,text_present,PAGESTRUCT_LTMD_U1_W4_SOCIAL_SCIENCES_0.1
U1-H1988P5CI124-P093,H1988P5CI124,1988,5,CIENCIAS SOCIALES,93,3,155,95.07,0.0000,text_detected,,,,textual,high,OCR_TEXT_RICH,text_rich,PAGESTRUCT_LTMD_U1_W4_SOCIAL_SCIENCES_0.1
U1-H1988P5CI124-P094,H1988P5CI124,1988,5,CIENCIAS SOCIALES,94,3,143,94.20,0.0140,text_detected,,,,textual,high,OCR_TEXT_RICH,text_rich,PAGESTRUCT_LTMD_U1_W4_SOCIAL_SCIENCES_0.1
U1-H1988P5CI124-P095,H1988P5CI124,1988,5,CIENCIAS SOCIALES,95,3,175,93.71,0.0229,text_detected,,,,textual,high,OCR_TEXT_RICH,text_rich,PAGESTRUCT_LTMD_U1_W4_SOCIAL_SCIENCES_0.1
U1-H1988P5CI124-P096,H1988P5CI124,1988,5,CIENCIAS SOCIALES,96,3,159,95.20,0.0126,text_detected,,,,textual,high,OCR_TEXT_RICH,text_rich,PAGESTRUCT_LTMD_U1_W4_SOCIAL_SCIENCES_0.1
U1-H1988P5CI124-P097,H1988P5CI124,1988,5,CIENCIAS SOCIALES,97,3,95,95.36,0.0000,text_detected,,,,mixed_text_image,medium,OCR_MODERATE_TEXT,text_present,PAGESTRUCT_LTMD_U1_W4_SOCIAL_SCIENCES_0.1
U1-H1988P5CI124-P098,H1988P5CI124,1988,5,CIENCIAS SOCIALES,98,3,142,91.70,0.0493,text_detected,,,,textual,high,OCR_TEXT_RICH,text_rich,PAGESTRUCT_LTMD_U1_W4_SOCIAL_SCIENCES_0.1
U1-H1988P5CI124-P099,H1988P5CI124,1988,5,CIENCIAS SOCIALES,99,3,120,94.26,0.0000,text_detected,,,,textual,high,OCR_TEXT_RICH,text_rich,PAGESTRUCT_LTMD_U1_W4_SOCIAL_SCIENCES_0.1
U1-H1988P5CI124-P100,H1988P5CI124,1988,5,CIENCIAS SOCIALES,100,3,199,94.51,0.0201,text_detected,,,,textual,high,OCR_TEXT_RICH,text_rich,PAGESTRUCT_LTMD_U1_W4_SOCIAL_SCIENCES_0.1
U1-H1988P5CI124-P101,H1988P5CI124,1988,5,CIENCIAS SOCIALES,101,3,168,95.23,0.0060,text_detected,,,,textual,high,OCR_TEXT_RICH,text_rich,PAGESTRUCT_LTMD_U1_W4_SOCIAL_SCIENCES_0.1
U1-H1988P5CI124-P102,H1988P5CI124,1988,5,CIENCIAS SOCIALES,102,3,139,94.24,0.0144,text_detected,,,,textual,high,OCR_TEXT_RICH,text_rich,PAGESTRUCT_LTMD_U1_W4_SOCIAL_SCIENCES_0.1
U1-H1988P5CI124-P103,H1988P5CI124,1988,5,CIENCIAS SOCIALES,103,3,115,93.74,0.0174,text_detected,,,,mixed_text_image,medium,OCR_MODERATE_TEXT,text_present,PAGESTRUCT_LTMD_U1_W4_SOCIAL_SCIENCES_0.1
U1-H1988P5CI124-P104,H1988P5CI124,1988,5,CIENCIAS SOCIALES,104,3,166,92.32,0.0301,text_detected,,,,textual,high,OCR_TEXT_RICH,text_rich,PAGESTRUCT_LTMD_U1_W4_SOCIAL_SCIENCES_0.1
U1-H1988P5CI124-P105,H1988P5CI124,1988,5,CIENCIAS SOCIALES,105,3,174,93.44,0.0115,text_detected,,,,textual,high,OCR_TEXT_RICH,text_rich,PAGESTRUCT_LTMD_U1_W4_SOCIAL_SCIENCES_0.1
U1-H1988P5CI124-P106,H1988P5CI124,1988,5,CIENCIAS SOCIALES,106,3,104,94.69,0.0096,text_detected,,,,mixed_text_image,medium,OCR_MODERATE_TEXT,text_present,PAGESTRUCT_LTMD_U1_W4_SOCIAL_SCIENCES_0.1
U1-H1988P5CI124-P107,H1988P5CI124,1988,5,CIENCIAS SOCIALES,107,3,90,92.22,0.0333,text_detected,,,,mixed_text_image,medium,OCR_MODERATE_TEXT,text_present,PAGESTRUCT_LTMD_U1_W4_SOCIAL_SCIENCES_0.1
U1-H1988P5CI124-P108,H1988P5CI124,1988,5,CIENCIAS SOCIALES,108,3,114,94.58,0.0088,text_detected,,,,mixed_text_image,medium,OCR_MODERATE_TEXT,text_present,PAGESTRUCT_LTMD_U1_W4_SOCIAL_SCIENCES_0.1
U1-H1988P5CI124-P109,H1988P5CI124,1988,5,CIENCIAS SOCIALES,109,3,104,92.86,0.0192,text_detected,,,,mixed_text_image,medium,OCR_MODERATE_TEXT,text_present,PAGESTRUCT_LTMD_U1_W4_SOCIAL_SCIENCES_0.1
U1-H1988P5CI124-P110,H1988P5CI124,1988,5,CIENCIAS SOCIALES,110,3,189,92.80,0.0265,text_detected,,,,textual,high,OCR_TEXT_RICH,text_rich,PAGESTRUCT_LTMD_U1_W4_SOCIAL_SCIENCES_0.1
U1-H1988P5CI124-P111,H1988P5CI124,1988,5,CIENCIAS SOCIALES,111,3,129,95.06,0.0078,text_detected,,,,textual,high,OCR_TEXT_RICH,text_rich,PAGESTRUCT_LTMD_U1_W4_SOCIAL_SCIENCES_0.1
U1-H1988P5CI124-P112,H1988P5CI124,1988,5,CIENCIAS SOCIALES,112,3,115,92.98,0.0261,text_detected,,,,mixed_text_image,medium,OCR_MODERATE_TEXT,text_present,PAGESTRUCT_LTMD_U1_W4_SOCIAL_SCIENCES_0.1
U1-H1988P5CI124-P113,H1988P5CI124,1988,5,CIENCIAS SOCIALES,113,3,104,91.81,0.0481,text_detected,,,,mixed_text_image,medium,OCR_MODERATE_TEXT,text_present,PAGESTRUCT_LTMD_U1_W4_SOCIAL_SCIENCES_0.1
U1-H1988P5CI124-P114,H1988P5CI124,1988,5,CIENCIAS SOCIALES,114,3,115,95.65,0.0000,text_detected,,,,mixed_text_image,medium,OCR_MODERATE_TEXT,text_present,PAGESTRUCT_LTMD_U1_W4_SOCIAL_SCIENCES_0.1
U1-H1988P5CI124-P115,H1988P5CI124,1988,5,CIENCIAS SOCIALES,115,3,73,92.78,0.0274,text_detected,,,,mixed_text_image,medium,OCR_MODERATE_TEXT,text_present,PAGESTRUCT_LTMD_U1_W4_SOCIAL_SCIENCES_0.1
U1-H1988P5CI124-P116,H1988P5CI124,1988,5,CIENCIAS SOCIALES,116,3,243,94.70,0.0041,text_detected,,,,textual,high,OCR_TEXT_RICH,text_rich,PAGESTRUCT_LTMD_U1_W4_SOCIAL_SCIENCES_0.1
U1-H1988P5CI124-P117,H1988P5CI124,1988,5,CIENCIAS SOCIALES,117,3,201,93.96,0.0149,text_detected,,,,textual,high,OCR_TEXT_RICH,text_rich,PAGESTRUCT_LTMD_U1_W4_SOCIAL_SCIENCES_0.1
U1-H1988P5CI124-P118,H1988P5CI124,1988,5,CIENCIAS SOCIALES,118,3,217,93.58,0.0230,text_detected,,,,textual,high,OCR_TEXT_RICH,text_rich,PAGESTRUCT_LTMD_U1_W4_SOCIAL_SCIENCES_0.1
U1-H1988P5CI124-P119,H1988P5CI124,1988,5,CIENCIAS SOCIALES,119,3,119,76.45,0.2353,text_detected,,,,mixed_text_image,medium,OCR_MODERATE_TEXT,text_present,PAGESTRUCT_LTMD_U1_W4_SOCIAL_SCIENCES_0.1
U1-H1988P5CI124-P120,H1988P5CI124,1988,5,CIENCIAS SOCIALES,120,3,178,93.96,0.0169,text_detected,,,,textual,high,OCR_TEXT_RICH,text_rich,PAGESTRUCT_LTMD_U1_W4_SOCIAL_SCIENCES_0.1
U1-H1988P5CI124-P121,H1988P5CI124,1988,5,CIENCIAS SOCIALES,121,3,268,93.88,0.0149,text_detected,,,,textual,high,OCR_TEXT_RICH,text_rich,PAGESTRUCT_LTMD_U1_W4_SOCIAL_SCIENCES_0.1
U1-H1988P5CI124-P122,H1988P5CI124,1988,5,CIENCIAS SOCIALES,122,3,248,94.14,0.0121,text_detected,,,,textual,high,OCR_TEXT_RICH,text_rich,PAGESTRUCT_LTMD_U1_W4_SOCIAL_SCIENCES_0.1
U1-H1988P5CI124-P123,H1988P5CI124,1988,5,CIENCIAS SOCIALES,123,3,139,93.03,0.0288,text_detected,,,,textual,high,OCR_TEXT_RICH,text_rich,PAGESTRUCT_LTMD_U1_W4_SOCIAL_SCIENCES_0.1
U1-H1988P5CI124-P124,H1988P5CI124,1988,5,CIENCIAS SOCIALES,124,3,209,94.28,0.0096,text_detected,,,,textual,high,OCR_TEXT_RICH,text_rich,PAGESTRUCT_LTMD_U1_W4_SOCIAL_SCIENCES_0.1
U1-H1988P5CI124-P125,H1988P5CI124,1988,5,CIENCIAS SOCIALES,125,3,124,94.88,0.0081,text_detected,,,,textual,high,OCR_TEXT_RICH,text_rich,PAGESTRUCT_LTMD_U1_W4_SOCIAL_SCIENCES_0.1
U1-H1988P5CI124-P126,H1988P5CI124,1988,5,CIENCIAS SOCIALES,126,3,175,91.53,0.0400,text_detected,,,,textual,high,OCR_TEXT_RICH,text_rich,PAGESTRUCT_LTMD_U1_W4_SOCIAL_SCIENCES_0.1
U1-H1988P5CI124-P127,H1988P5CI124,1988,5,CIENCIAS SOCIALES,127,3,166,93.30,0.0120,text_detected,,,,textual,high,OCR_TEXT_RICH,text_rich,PAGESTRUCT_LTMD_U1_W4_SOCIAL_SCIENCES_0.1
U1-H1988P5CI124-P128,H1988P5CI124,1988,5,CIENCIAS SOCIALES,128,3,165,94.14,0.0121,text_detected,,,,textual,high,OCR_TEXT_RICH,text_rich,PAGESTRUCT_LTMD_U1_W4_SOCIAL_SCIENCES_0.1
U1-H1988P5CI124-P129,H1988P5CI124,1988,5,CIENCIAS SOCIALES,129,3,179,94.55,0.0000,text_detected,,,,textual,high,OCR_TEXT_RICH,text_rich,PAGESTRUCT_LTMD_U1_W4_SOCIAL_SCIENCES_0.1
U1-H1988P5CI124-P130,H1988P5CI124,1988,5,CIENCIAS SOCIALES,130,3,293,92.64,0.0273,text_detected,,,,textual,high,OCR_TEXT_RICH,text_rich,PAGESTRUCT_LTMD_U1_W4_SOCIAL_SCIENCES_0.1
U1-H1988P5CI124-P131,H1988P5CI124,1988,5,CIENCIAS SOCIALES,131,3,101,94.48,0.0198,text_detected,0,0,0,mixed_text_image,medium,OCR_MODERATE_TEXT,end_zone;text_present,PAGESTRUCT_LTMD_U1_W4_SOCIAL_SCIENCES_0.1
U1-H1988P5CI124-P132,H1988P5CI124,1988,5,CIENCIAS SOCIALES,132,3,201,93.11,0.0249,text_detected,0,0,0,textual,high,OCR_TEXT_RICH,end_zone;text_rich,PAGESTRUCT_LTMD_U1_W4_SOCIAL_SCIENCES_0.1
U1-H1988P5CI124-P133,H1988P5CI124,1988,5,CIENCIAS SOCIALES,133,3,315,94.50,0.0032,text_detected,0,0,0,textual,high,OCR_TEXT_RICH,end_zone;text_rich,PAGESTRUCT_LTMD_U1_W4_SOCIAL_SCIENCES_0.1
U1-H1988P5CI124-P134,H1988P5CI124,1988,5,CIENCIAS SOCIALES,134,3,306,94.34,0.0065,text_detected,0,1,0,textual,high,OCR_TEXT_RICH,end_zone;text_rich;nav_kw,PAGESTRUCT_LTMD_U1_W4_SOCIAL_SCIENCES_0.1
U1-H1988P5CI124-P135,H1988P5CI124,1988,5,CIENCIAS SOCIALES,135,3,129,93.27,0.0155,text_detected,0,0,0,textual,high,OCR_TEXT_RICH,end_zone;text_rich,PAGESTRUCT_LTMD_U1_W4_SOCIAL_SCIENCES_0.1
U1-H1988P5CI124-P136,H1988P5CI124,1988,5,CIENCIAS SOCIALES,136,3,156,95.06,0.0000,text_detected,0,0,0,textual,high,OCR_TEXT_RICH,end_zone;text_rich,PAGESTRUCT_LTMD_U1_W4_SOCIAL_SCIENCES_0.1
U1-H1988P5CI124-P137,H1988P5CI124,1988,5,CIENCIAS SOCIALES,137,3,146,93.82,0.0274,text_detected,0,0,0,textual,high,OCR_TEXT_RICH,end_zone;text_rich,PAGESTRUCT_LTMD_U1_W4_SOCIAL_SCIENCES_0.1
U1-H1988P5CI124-P138,H1988P5CI124,1988,5,CIENCIAS SOCIALES,138,3,200,94.03,0.0050,text_detected,0,0,0,textual,high,OCR_TEXT_RICH,end_zone;text_rich,PAGESTRUCT_LTMD_U1_W4_SOCIAL_SCIENCES_0.1
U1-H1988P5CI124-P139,H1988P5CI124,1988,5,CIENCIAS SOCIALES,139,3,366,93.99,0.0164,text_detected,0,0,0,textual,high,OCR_TEXT_RICH,end_zone;text_rich,PAGESTRUCT_LTMD_U1_W4_SOCIAL_SCIENCES_0.1
U1-H1988P5CI124-P140,H1988P5CI124,1988,5,CIENCIAS SOCIALES,140,3,280,89.37,0.0429,text_detected,0,0,0,textual,high,OCR_TEXT_RICH,end_zone;text_rich,PAGESTRUCT_LTMD_U1_W4_SOCIAL_SCIENCES_0.1
U1-H1988P5CI124-P141,H1988P5CI124,1988,5,CIENCIAS SOCIALES,141,3,286,86.15,0.0839,text_detected,0,0,0,textual,high,OCR_TEXT_RICH,end_zone;text_rich,PAGESTRUCT_LTMD_U1_W4_SOCIAL_SCIENCES_0.1
U1-H1988P5CI124-P142,H1988P5CI124,1988,5,CIENCIAS SOCIALES,142,3,255,90.00,0.0627,text_detected,0,0,0,textual,high,OCR_TEXT_RICH,end_zone;text_rich,PAGESTRUCT_LTMD_U1_W4_SOCIAL_SCIENCES_0.1
U1-H1988P5CI124-P143,H1988P5CI124,1988,5,CIENCIAS SOCIALES,143,3,226,91.48,0.0133,text_detected,0,0,0,textual,high,OCR_TEXT_RICH,end_zone;text_rich,PAGESTRUCT_LTMD_U1_W4_SOCIAL_SCIENCES_0.1
U1-H1988P5CI124-P144,H1988P5CI124,1988,5,CIENCIAS SOCIALES,144,3,168,84.27,0.1131,text_detected,0,1,4,bibliography_or_credits,high,KW_BIBLIO_CREDITS,end_zone;text_rich;nav_kw;biblio_credit_kw,PAGESTRUCT_LTMD_U1_W4_SOCIAL_SCIENCES_0.1
U1-H1988P5CI124-P145,H1988P5CI124,1988,5,CIENCIAS SOCIALES,145,3,133,84.33,0.1053,text_detected,0,0,0,textual,high,OCR_TEXT_RICH,end_zone;text_rich,PAGESTRUCT_LTMD_U1_W4_SOCIAL_SCIENCES_0.1
U1-H1988P5CI124-P146,H1988P5CI124,1988,5,CIENCIAS SOCIALES,146,3,5,96.73,0.0000,text_detected,0,0,1,bibliography_or_credits,medium,KW_BIBLIO_CREDITS,end_zone;biblio_credit_kw,PAGESTRUCT_LTMD_U1_W4_SOCIAL_SCIENCES_0.1
U1-H1988P6CI130-P001,H1988P6CI130,1988,6,CIENCIAS SOCIALES,1,,2,34.51,1.0000,no_text_detected,0,0,0,visual_only,high,OCR_VISUAL_NOISE,front_zone;visual_noise,PAGESTRUCT_LTMD_U1_W4_SOCIAL_SCIENCES_0.1
U1-H1988P6CI130-P002,H1988P6CI130,1988,6,CIENCIAS SOCIALES,2,6,127,27.22,0.9449,text_detected,0,0,0,visual_only,high,OCR_VISUAL_NOISE,front_zone;fallback_psm;visual_noise,PAGESTRUCT_LTMD_U1_W4_SOCIAL_SCIENCES_0.1
U1-H1988P6CI130-P003,H1988P6CI130,1988,6,CIENCIAS SOCIALES,3,3,4,96.13,0.0000,text_detected,0,0,0,mixed_text_image,low,OCR_SPARSE_HIGH_CONF,front_zone,PAGESTRUCT_LTMD_U1_W4_SOCIAL_SCIENCES_0.1
U1-H1988P6CI130-P004,H1988P6CI130,1988,6,CIENCIAS SOCIALES,4,3,177,86.37,0.0960,text_detected,0,1,0,toc_or_navigation,medium,KW_NAVIGATION,front_zone;text_rich;nav_kw,PAGESTRUCT_LTMD_U1_W4_SOCIAL_SCIENCES_0.1
U1-H1988P6CI130-P005,H1988P6CI130,1988,6,CIENCIAS SOCIALES,5,3,92,83.87,0.1087,text_detected,0,0,0,mixed_text_image,medium,OCR_MODERATE_TEXT,front_zone;text_present,PAGESTRUCT_LTMD_U1_W4_SOCIAL_SCIENCES_0.1
U1-H1988P6CI130-P006,H1988P6CI130,1988,6,CIENCIAS SOCIALES,6,3,472,91.48,0.0466,text_detected,0,2,0,toc_or_navigation,high,KW_NAVIGATION,front_zone;text_rich;nav_kw,PAGESTRUCT_LTMD_U1_W4_SOCIAL_SCIENCES_0.1
U1-H1988P6CI130-P007,H1988P6CI130,1988,6,CIENCIAS SOCIALES,7,3,16,65.98,0.3125,text_detected,0,0,0,unknown,low,CONSERVATIVE_UNKNOWN,front_zone,PAGESTRUCT_LTMD_U1_W4_SOCIAL_SCIENCES_0.1
U1-H1988P6CI130-P008,H1988P6CI130,1988,6,CIENCIAS SOCIALES,8,3,97,92.03,0.0309,text_detected,0,0,0,mixed_text_image,medium,OCR_MODERATE_TEXT,front_zone;text_present,PAGESTRUCT_LTMD_U1_W4_SOCIAL_SCIENCES_0.1
U1-H1988P6CI130-P009,H1988P6CI130,1988,6,CIENCIAS SOCIALES,9,3,85,92.59,0.0235,text_detected,0,0,0,mixed_text_image,medium,OCR_MODERATE_TEXT,front_zone;text_present,PAGESTRUCT_LTMD_U1_W4_SOCIAL_SCIENCES_0.1
U1-H1988P6CI130-P010,H1988P6CI130,1988,6,CIENCIAS SOCIALES,10,3,54,88.66,0.0556,text_detected,0,0,0,mixed_text_image,medium,OCR_MODERATE_TEXT,front_zone;text_present,PAGESTRUCT_LTMD_U1_W4_SOCIAL_SCIENCES_0.1
U1-H1988P6CI130-P011,H1988P6CI130,1988,6,CIENCIAS SOCIALES,11,11,88,53.54,0.5682,text_detected,0,0,0,unknown,low,CONSERVATIVE_UNKNOWN,front_zone;fallback_psm,PAGESTRUCT_LTMD_U1_W4_SOCIAL_SCIENCES_0.1
U1-H1988P6CI130-P012,H1988P6CI130,1988,6,CIENCIAS SOCIALES,12,3,181,93.14,0.0221,text_detected,0,0,0,textual,high,OCR_TEXT_RICH,front_zone;text_rich,PAGESTRUCT_LTMD_U1_W4_SOCIAL_SCIENCES_0.1
U1-H1988P6CI130-P013,H1988P6CI130,1988,6,CIENCIAS SOCIALES,13,3,132,92.39,0.0303,text_detected,0,0,0,textual,high,OCR_TEXT_RICH,front_zone;text_rich,PAGESTRUCT_LTMD_U1_W4_SOCIAL_SCIENCES_0.1
U1-H1988P6CI130-P014,H1988P6CI130,1988,6,CIENCIAS SOCIALES,14,3,67,90.58,0.0746,text_detected,0,0,0,mixed_text_image,medium,OCR_MODERATE_TEXT,front_zone;text_present,PAGESTRUCT_LTMD_U1_W4_SOCIAL_SCIENCES_0.1
U1-H1988P6CI130-P015,H1988P6CI130,1988,6,CIENCIAS SOCIALES,15,3,66,93.54,0.0152,text_detected,0,1,0,toc_or_navigation,medium,KW_NAVIGATION,front_zone;text_present;nav_kw,PAGESTRUCT_LTMD_U1_W4_SOCIAL_SCIENCES_0.1
U1-H1988P6CI130-P016,H1988P6CI130,1988,6,CIENCIAS SOCIALES,16,3,19,94.88,0.0000,text_detected,0,0,0,mixed_text_image,low,OCR_SPARSE_HIGH_CONF,front_zone,PAGESTRUCT_LTMD_U1_W4_SOCIAL_SCIENCES_0.1
U1-H1988P6CI130-P017,H1988P6CI130,1988,6,CIENCIAS SOCIALES,17,3,13,95.44,0.0000,text_detected,,,,mixed_text_image,low,OCR_SPARSE_HIGH_CONF,,PAGESTRUCT_LTMD_U1_W4_SOCIAL_SCIENCES_0.1
U1-H1988P6CI130-P018,H1988P6CI130,1988,6,CIENCIAS SOCIALES,18,3,50,85.35,0.1200,text_detected,,,,mixed_text_image,medium,OCR_MODERATE_TEXT,text_present,PAGESTRUCT_LTMD_U1_W4_SOCIAL_SCIENCES_0.1
U1-H1988P6CI130-P019,H1988P6CI130,1988,6,CIENCIAS SOCIALES,19,3,43,82.51,0.1395,text_detected,,,,mixed_text_image,medium,OCR_MODERATE_TEXT,text_present,PAGESTRUCT_LTMD_U1_W4_SOCIAL_SCIENCES_0.1
U1-H1988P6CI130-P020,H1988P6CI130,1988,6,CIENCIAS SOCIALES,20,3,54,85.63,0.1296,text_detected,,,,mixed_text_image,medium,OCR_MODERATE_TEXT,text_present,PAGESTRUCT_LTMD_U1_W4_SOCIAL_SCIENCES_0.1
U1-H1988P6CI130-P021,H1988P6CI130,1988,6,CIENCIAS SOCIALES,21,3,292,90.51,0.0377,text_detected,,,,textual,high,OCR_TEXT_RICH,text_rich,PAGESTRUCT_LTMD_U1_W4_SOCIAL_SCIENCES_0.1
U1-H1988P6CI130-P022,H1988P6CI130,1988,6,CIENCIAS SOCIALES,22,3,177,87.92,0.0847,text_detected,,,,textual,high,OCR_TEXT_RICH,text_rich,PAGESTRUCT_LTMD_U1_W4_SOCIAL_SCIENCES_0.1
U1-H1988P6CI130-P023,H1988P6CI130,1988,6,CIENCIAS SOCIALES,23,3,39,88.22,0.0513,text_detected,,,,mixed_text_image,medium,OCR_MODERATE_TEXT,text_present,PAGESTRUCT_LTMD_U1_W4_SOCIAL_SCIENCES_0.1
U1-H1988P6CI130-P024,H1988P6CI130,1988,6,CIENCIAS SOCIALES,24,3,316,90.74,0.0316,text_detected,,,,textual,high,OCR_TEXT_RICH,text_rich,PAGESTRUCT_LTMD_U1_W4_SOCIAL_SCIENCES_0.1
U1-H1988P6CI130-P025,H1988P6CI130,1988,6,CIENCIAS SOCIALES,25,3,152,92.90,0.0263,text_detected,,,,textual,high,OCR_TEXT_RICH,text_rich,PAGESTRUCT_LTMD_U1_W4_SOCIAL_SCIENCES_0.1
U1-H1988P6CI130-P026,H1988P6CI130,1988,6,CIENCIAS SOCIALES,26,3,11,57.07,0.4545,text_detected,,,,unknown,low,CONSERVATIVE_UNKNOWN,,PAGESTRUCT_LTMD_U1_W4_SOCIAL_SCIENCES_0.1
U1-H1988P6CI130-P027,H1988P6CI130,1988,6,CIENCIAS SOCIALES,27,3,302,93.25,0.0166,text_detected,,,,textual,high,OCR_TEXT_RICH,text_rich,PAGESTRUCT_LTMD_U1_W4_SOCIAL_SCIENCES_0.1
U1-H1988P6CI130-P028,H1988P6CI130,1988,6,CIENCIAS SOCIALES,28,3,295,92.15,0.0237,text_detected,,,,textual,high,OCR_TEXT_RICH,text_rich,PAGESTRUCT_LTMD_U1_W4_SOCIAL_SCIENCES_0.1
U1-H1988P6CI130-P029,H1988P6CI130,1988,6,CIENCIAS SOCIALES,29,3,334,92.70,0.0269,text_detected,,,,textual,high,OCR_TEXT_RICH,text_rich,PAGESTRUCT_LTMD_U1_W4_SOCIAL_SCIENCES_0.1
U1-H1988P6CI130-P030,H1988P6CI130,1988,6,CIENCIAS SOCIALES,30,3,204,91.36,0.0392,text_detected,,,,textual,high,OCR_TEXT_RICH,text_rich,PAGESTRUCT_LTMD_U1_W4_SOCIAL_SCIENCES_0.1
U1-H1988P6CI130-P031,H1988P6CI130,1988,6,CIENCIAS SOCIALES,31,3,234,94.27,0.0043,text_detected,,,,textual,high,OCR_TEXT_RICH,text_rich,PAGESTRUCT_LTMD_U1_W4_SOCIAL_SCIENCES_0.1
U1-H1988P6CI130-P032,H1988P6CI130,1988,6,CIENCIAS SOCIALES,32,3,277,93.02,0.0108,text_detected,,,,textual,high,OCR_TEXT_RICH,text_rich,PAGESTRUCT_LTMD_U1_W4_SOCIAL_SCIENCES_0.1
U1-H1988P6CI130-P033,H1988P6CI130,1988,6,CIENCIAS SOCIALES,33,3,290,92.13,0.0172,text_detected,,,,textual,high,OCR_TEXT_RICH,text_rich,PAGESTRUCT_LTMD_U1_W4_SOCIAL_SCIENCES_0.1
U1-H1988P6CI130-P034,H1988P6CI130,1988,6,CIENCIAS SOCIALES,34,3,302,92.42,0.0166,text_detected,,,,textual,high,OCR_TEXT_RICH,text_rich,PAGESTRUCT_LTMD_U1_W4_SOCIAL_SCIENCES_0.1
U1-H1988P6CI130-P035,H1988P6CI130,1988,6,CIENCIAS SOCIALES,35,3,287,92.49,0.0209,text_detected,,,,textual,high,OCR_TEXT_RICH,text_rich,PAGESTRUCT_LTMD_U1_W4_SOCIAL_SCIENCES_0.1
U1-H1988P6CI130-P036,H1988P6CI130,1988,6,CIENCIAS SOCIALES,36,6,109,31.92,0.9174,text_detected,,,,visual_only,high,OCR_VISUAL_NOISE,fallback_psm;visual_noise,PAGESTRUCT_LTMD_U1_W4_SOCIAL_SCIENCES_0.1
U1-H1988P6CI130-P037,H1988P6CI130,1988,6,CIENCIAS SOCIALES,37,3,251,93.07,0.0120,text_detected,,,,textual,high,OCR_TEXT_RICH,text_rich,PAGESTRUCT_LTMD_U1_W4_SOCIAL_SCIENCES_0.1
U1-H1988P6CI130-P038,H1988P6CI130,1988,6,CIENCIAS SOCIALES,38,3,233,92.59,0.0172,text_detected,,,,textual,high,OCR_TEXT_RICH,text_rich,PAGESTRUCT_LTMD_U1_W4_SOCIAL_SCIENCES_0.1
U1-H1988P6CI130-P039,H1988P6CI130,1988,6,CIENCIAS SOCIALES,39,3,273,87.38,0.0806,text_detected,,,,textual,high,OCR_TEXT_RICH,text_rich,PAGESTRUCT_LTMD_U1_W4_SOCIAL_SCIENCES_0.1
U1-H1988P6CI130-P040,H1988P6CI130,1988,6,CIENCIAS SOCIALES,40,3,508,91.37,0.0335,text_detected,,,,textual,high,OCR_TEXT_RICH,text_rich,PAGESTRUCT_LTMD_U1_W4_SOCIAL_SCIENCES_0.1
U1-H1988P6CI130-P041,H1988P6CI130,1988,6,CIENCIAS SOCIALES,41,3,44,48.15,0.6364,text_detected,,,,unknown,low,CONSERVATIVE_UNKNOWN,,PAGESTRUCT_LTMD_U1_W4_SOCIAL_SCIENCES_0.1
U1-H1988P6CI130-P042,H1988P6CI130,1988,6,CIENCIAS SOCIALES,42,3,201,89.71,0.0448,text_detected,,,,textual,high,OCR_TEXT_RICH,text_rich,PAGESTRUCT_LTMD_U1_W4_SOCIAL_SCIENCES_0.1
U1-H1988P6CI130-P043,H1988P6CI130,1988,6,CIENCIAS SOCIALES,43,3,122,91.03,0.0492,text_detected,,,,textual,high,OCR_TEXT_RICH,text_rich,PAGESTRUCT_LTMD_U1_W4_SOCIAL_SCIENCES_0.1
U1-H1988P6CI130-P044,H1988P6CI130,1988,6,CIENCIAS SOCIALES,44,3,406,90.68,0.0345,text_detected,,,,textual,high,OCR_TEXT_RICH,text_rich,PAGESTRUCT_LTMD_U1_W4_SOCIAL_SCIENCES_0.1
U1-H1988P6CI130-P045,H1988P6CI130,1988,6,CIENCIAS SOCIALES,45,3,219,88.00,0.0822,text_detected,,,,textual,high,OCR_TEXT_RICH,text_rich,PAGESTRUCT_LTMD_U1_W4_SOCIAL_SCIENCES_0.1
U1-H1988P6CI130-P046,H1988P6CI130,1988,6,CIENCIAS SOCIALES,46,3,303,91.92,0.0363,text_detected,,,,textual,high,OCR_TEXT_RICH,text_rich,PAGESTRUCT_LTMD_U1_W4_SOCIAL_SCIENCES_0.1
U1-H1988P6CI130-P047,H1988P6CI130,1988,6,CIENCIAS SOCIALES,47,3,333,90.81,0.0270,text_detected,,,,textual,high,OCR_TEXT_RICH,text_rich,PAGESTRUCT_LTMD_U1_W4_SOCIAL_SCIENCES_0.1
U1-H1988P6CI130-P048,H1988P6CI130,1988,6,CIENCIAS SOCIALES,48,3,308,85.89,0.1006,text_detected,,,,textual,high,OCR_TEXT_RICH,text_rich,PAGESTRUCT_LTMD_U1_W4_SOCIAL_SCIENCES_0.1
U1-H1988P6CI130-P049,H1988P6CI130,1988,6,CIENCIAS SOCIALES,49,3,11,69.04,0.3636,text_detected,,,,unknown,low,CONSERVATIVE_UNKNOWN,,PAGESTRUCT_LTMD_U1_W4_SOCIAL_SCIENCES_0.1
U1-H1988P6CI130-P050,H1988P6CI130,1988,6,CIENCIAS SOCIALES,50,3,306,91.57,0.0229,text_detected,,,,textual,high,OCR_TEXT_RICH,text_rich,PAGESTRUCT_LTMD_U1_W4_SOCIAL_SCIENCES_0.1
U1-H1988P6CI130-P051,H1988P6CI130,1988,6,CIENCIAS SOCIALES,51,3,350,91.07,0.0343,text_detected,,,,textual,high,OCR_TEXT_RICH,text_rich,PAGESTRUCT_LTMD_U1_W4_SOCIAL_SCIENCES_0.1
U1-H1988P6CI130-P052,H1988P6CI130,1988,6,CIENCIAS SOCIALES,52,6,104,33.50,0.9231,text_detected,,,,visual_only,high,OCR_VISUAL_NOISE,fallback_psm;visual_noise,PAGESTRUCT_LTMD_U1_W4_SOCIAL_SCIENCES_0.1
U1-H1988P6CI130-P053,H1988P6CI130,1988,6,CIENCIAS SOCIALES,53,3,288,90.32,0.0382,text_detected,,,,textual,high,OCR_TEXT_RICH,text_rich,PAGESTRUCT_LTMD_U1_W4_SOCIAL_SCIENCES_0.1
U1-H1988P6CI130-P054,H1988P6CI130,1988,6,CIENCIAS SOCIALES,54,3,240,90.36,0.0250,text_detected,,,,textual,high,OCR_TEXT_RICH,text_rich,PAGESTRUCT_LTMD_U1_W4_SOCIAL_SCIENCES_0.1
U1-H1988P6CI130-P055,H1988P6CI130,1988,6,CIENCIAS SOCIALES,55,3,222,90.00,0.0225,text_detected,,,,textual,high,OCR_TEXT_RICH,text_rich,PAGESTRUCT_LTMD_U1_W4_SOCIAL_SCIENCES_0.1
U1-H1988P6CI130-P056,H1988P6CI130,1988,6,CIENCIAS SOCIALES,56,3,254,89.65,0.0433,text_detected,,,,textual,high,OCR_TEXT_RICH,text_rich,PAGESTRUCT_LTMD_U1_W4_SOCIAL_SCIENCES_0.1
U1-H1988P6CI130-P057,H1988P6CI130,1988,6,CIENCIAS SOCIALES,57,3,249,88.11,0.0602,text_detected,,,,textual,high,OCR_TEXT_RICH,text_rich,PAGESTRUCT_LTMD_U1_W4_SOCIAL_SCIENCES_0.1
U1-H1988P6CI130-P058,H1988P6CI130,1988,6,CIENCIAS SOCIALES,58,3,382,91.11,0.0288,text_detected,,,,textual,high,OCR_TEXT_RICH,text_rich,PAGESTRUCT_LTMD_U1_W4_SOCIAL_SCIENCES_0.1
U1-H1988P6CI130-P059,H1988P6CI130,1988,6,CIENCIAS SOCIALES,59,3,311,91.33,0.0257,text_detected,,,,textual,high,OCR_TEXT_RICH,text_rich,PAGESTRUCT_LTMD_U1_W4_SOCIAL_SCIENCES_0.1
U1-H1988P6CI130-P060,H1988P6CI130,1988,6,CIENCIAS SOCIALES,60,3,404,88.45,0.0668,text_detected,,,,textual,high,OCR_TEXT_RICH,text_rich,PAGESTRUCT_LTMD_U1_W4_SOCIAL_SCIENCES_0.1
U1-H1988P6CI130-P061,H1988P6CI130,1988,6,CIENCIAS SOCIALES,61,3,209,88.23,0.0431,text_detected,,,,textual,high,OCR_TEXT_RICH,text_rich,PAGESTRUCT_LTMD_U1_W4_SOCIAL_SCIENCES_0.1
U1-H1988P6CI130-P062,H1988P6CI130,1988,6,CIENCIAS SOCIALES,62,3,442,87.36,0.0701,text_detected,,,,textual,high,OCR_TEXT_RICH,text_rich,PAGESTRUCT_LTMD_U1_W4_SOCIAL_SCIENCES_0.1
U1-H1988P6CI130-P063,H1988P6CI130,1988,6,CIENCIAS SOCIALES,63,3,193,82.79,0.1244,text_detected,,,,textual,high,OCR_TEXT_RICH,text_rich,PAGESTRUCT_LTMD_U1_W4_SOCIAL_SCIENCES_0.1
U1-H1988P6CI130-P064,H1988P6CI130,1988,6,CIENCIAS SOCIALES,64,3,293,90.59,0.0444,text_detected,,,,textual,high,OCR_TEXT_RICH,text_rich,PAGESTRUCT_LTMD_U1_W4_SOCIAL_SCIENCES_0.1
U1-H1988P6CI130-P065,H1988P6CI130,1988,6,CIENCIAS SOCIALES,65,3,177,84.27,0.1299,text_detected,,,,textual,high,OCR_TEXT_RICH,text_rich,PAGESTRUCT_LTMD_U1_W4_SOCIAL_SCIENCES_0.1
U1-H1988P6CI130-P066,H1988P6CI130,1988,6,CIENCIAS SOCIALES,66,3,191,90.20,0.0366,text_detected,,,,textual,high,OCR_TEXT_RICH,text_rich,PAGESTRUCT_LTMD_U1_W4_SOCIAL_SCIENCES_0.1
U1-H1988P6CI130-P067,H1988P6CI130,1988,6,CIENCIAS SOCIALES,67,3,368,91.79,0.0272,text_detected,,,,textual,high,OCR_TEXT_RICH,text_rich,PAGESTRUCT_LTMD_U1_W4_SOCIAL_SCIENCES_0.1
U1-H1988P6CI130-P068,H1988P6CI130,1988,6,CIENCIAS SOCIALES,68,3,186,91.90,0.0215,text_detected,,,,textual,high,OCR_TEXT_RICH,text_rich,PAGESTRUCT_LTMD_U1_W4_SOCIAL_SCIENCES_0.1
U1-H1988P6CI130-P069,H1988P6CI130,1988,6,CIENCIAS SOCIALES,69,3,417,92.54,0.0192,text_detected,,,,textual,high,OCR_TEXT_RICH,text_rich,PAGESTRUCT_LTMD_U1_W4_SOCIAL_SCIENCES_0.1
U1-H1988P6CI130-P070,H1988P6CI130,1988,6,CIENCIAS SOCIALES,70,6,78,34.87,0.8462,text_detected,,,,visual_only,high,OCR_VISUAL_NOISE,fallback_psm;visual_noise,PAGESTRUCT_LTMD_U1_W4_SOCIAL_SCIENCES_0.1
U1-H1988P6CI130-P071,H1988P6CI130,1988,6,CIENCIAS SOCIALES,71,6,27,36.48,0.7778,text_detected,,,,visual_only,medium,OCR_VISUAL_NOISE,fallback_psm;visual_noise,PAGESTRUCT_LTMD_U1_W4_SOCIAL_SCIENCES_0.1
U1-H1988P6CI130-P072,H1988P6CI130,1988,6,CIENCIAS SOCIALES,72,6,18,21.16,0.9444,text_detected,,,,visual_only,high,OCR_VISUAL_NOISE,fallback_psm;visual_noise,PAGESTRUCT_LTMD_U1_W4_SOCIAL_SCIENCES_0.1
U1-H1988P6CI130-P073,H1988P6CI130,1988,6,CIENCIAS SOCIALES,73,3,128,93.81,0.0078,text_detected,,,,textual,high,OCR_TEXT_RICH,text_rich,PAGESTRUCT_LTMD_U1_W4_SOCIAL_SCIENCES_0.1
U1-H1988P6CI130-P074,H1988P6CI130,1988,6,CIENCIAS SOCIALES,74,3,352,92.33,0.0170,text_detected,,,,textual,high,OCR_TEXT_RICH,text_rich,PAGESTRUCT_LTMD_U1_W4_SOCIAL_SCIENCES_0.1
U1-H1988P6CI130-P075,H1988P6CI130,1988,6,CIENCIAS SOCIALES,75,3,354,93.11,0.0113,text_detected,,,,textual,high,OCR_TEXT_RICH,text_rich,PAGESTRUCT_LTMD_U1_W4_SOCIAL_SCIENCES_0.1
U1-H1988P6CI130-P076,H1988P6CI130,1988,6,CIENCIAS SOCIALES,76,3,169,86.99,0.0769,text_detected,,,,textual,high,OCR_TEXT_RICH,text_rich,PAGESTRUCT_LTMD_U1_W4_SOCIAL_SCIENCES_0.1
U1-H1988P6CI130-P077,H1988P6CI130,1988,6,CIENCIAS SOCIALES,77,3,346,90.93,0.0289,text_detected,,,,textual,high,OCR_TEXT_RICH,text_rich,PAGESTRUCT_LTMD_U1_W4_SOCIAL_SCIENCES_0.1
U1-H1988P6CI130-P078,H1988P6CI130,1988,6,CIENCIAS SOCIALES,78,3,225,93.26,0.0044,text_detected,,,,textual,high,OCR_TEXT_RICH,text_rich,PAGESTRUCT_LTMD_U1_W4_SOCIAL_SCIENCES_0.1
U1-H1988P6CI130-P079,H1988P6CI130,1988,6,CIENCIAS SOCIALES,79,3,342,90.38,0.0409,text_detected,,,,textual,high,OCR_TEXT_RICH,text_rich,PAGESTRUCT_LTMD_U1_W4_SOCIAL_SCIENCES_0.1
U1-H1988P6CI130-P080,H1988P6CI130,1988,6,CIENCIAS SOCIALES,80,3,240,87.88,0.0792,text_detected,,,,textual,high,OCR_TEXT_RICH,text_rich,PAGESTRUCT_LTMD_U1_W4_SOCIAL_SCIENCES_0.1
U1-H1988P6CI130-P081,H1988P6CI130,1988,6,CIENCIAS SOCIALES,81,3,255,87.61,0.0667,text_detected,,,,textual,high,OCR_TEXT_RICH,text_rich,PAGESTRUCT_LTMD_U1_W4_SOCIAL_SCIENCES_0.1
U1-H1988P6CI130-P082,H1988P6CI130,1988,6,CIENCIAS SOCIALES,82,3,350,91.36,0.0200,text_detected,,,,textual,high,OCR_TEXT_RICH,text_rich,PAGESTRUCT_LTMD_U1_W4_SOCIAL_SCIENCES_0.1
U1-H1988P6CI130-P083,H1988P6CI130,1988,6,CIENCIAS SOCIALES,83,3,275,91.17,0.0291,text_detected,,,,textual,high,OCR_TEXT_RICH,text_rich,PAGESTRUCT_LTMD_U1_W4_SOCIAL_SCIENCES_0.1
U1-H1988P6CI130-P084,H1988P6CI130,1988,6,CIENCIAS SOCIALES,84,3,288,92.01,0.0208,text_detected,,,,textual,high,OCR_TEXT_RICH,text_rich,PAGESTRUCT_LTMD_U1_W4_SOCIAL_SCIENCES_0.1
U1-H1988P6CI130-P085,H1988P6CI130,1988,6,CIENCIAS SOCIALES,85,3,133,89.35,0.0526,text_detected,,,,textual,high,OCR_TEXT_RICH,text_rich,PAGESTRUCT_LTMD_U1_W4_SOCIAL_SCIENCES_0.1
U1-H1988P6CI130-P086,H1988P6CI130,1988,6,CIENCIAS SOCIALES,86,3,410,92.09,0.0268,text_detected,,,,textual,high,OCR_TEXT_RICH,text_rich,PAGESTRUCT_LTMD_U1_W4_SOCIAL_SCIENCES_0.1
U1-H1988P6CI130-P087,H1988P6CI130,1988,6,CIENCIAS SOCIALES,87,3,163,91.44,0.0429,text_detected,,,,textual,high,OCR_TEXT_RICH,text_rich,PAGESTRUCT_LTMD_U1_W4_SOCIAL_SCIENCES_0.1
U1-H1988P6CI130-P088,H1988P6CI130,1988,6,CIENCIAS SOCIALES,88,3,192,85.99,0.0990,text_detected,,,,textual,high,OCR_TEXT_RICH,text_rich,PAGESTRUCT_LTMD_U1_W4_SOCIAL_SCIENCES_0.1
U1-H1988P6CI130-P089,H1988P6CI130,1988,6,CIENCIAS SOCIALES,89,,1,53.66,1.0000,no_text_detected,,,,visual_only,high,OCR_VISUAL_NOISE,visual_noise,PAGESTRUCT_LTMD_U1_W4_SOCIAL_SCIENCES_0.1
U1-H1988P6CI130-P090,H1988P6CI130,1988,6,CIENCIAS SOCIALES,90,3,319,85.14,0.1191,text_detected,,,,textual,high,OCR_TEXT_RICH,text_rich,PAGESTRUCT_LTMD_U1_W4_SOCIAL_SCIENCES_0.1
U1-H1988P6CI130-P091,H1988P6CI130,1988,6,CIENCIAS SOCIALES,91,3,265,92.83,0.0113,text_detected,,,,textual,high,OCR_TEXT_RICH,text_rich,PAGESTRUCT_LTMD_U1_W4_SOCIAL_SCIENCES_0.1
U1-H1988P6CI130-P092,H1988P6CI130,1988,6,CIENCIAS SOCIALES,92,3,275,88.34,0.0691,text_detected,,,,textual,high,OCR_TEXT_RICH,text_rich,PAGESTRUCT_LTMD_U1_W4_SOCIAL_SCIENCES_0.1
U1-H1988P6CI130-P093,H1988P6CI130,1988,6,CIENCIAS SOCIALES,93,3,252,92.22,0.0159,text_detected,,,,textual,high,OCR_TEXT_RICH,text_rich,PAGESTRUCT_LTMD_U1_W4_SOCIAL_SCIENCES_0.1
U1-H1988P6CI130-P094,H1988P6CI130,1988,6,CIENCIAS SOCIALES,94,3,320,91.76,0.0219,text_detected,,,,textual,high,OCR_TEXT_RICH,text_rich,PAGESTRUCT_LTMD_U1_W4_SOCIAL_SCIENCES_0.1
U1-H1988P6CI130-P095,H1988P6CI130,1988,6,CIENCIAS SOCIALES,95,3,130,92.14,0.0077,text_detected,,,,textual,high,OCR_TEXT_RICH,text_rich,PAGESTRUCT_LTMD_U1_W4_SOCIAL_SCIENCES_0.1
U1-H1988P6CI130-P096,H1988P6CI130,1988,6,CIENCIAS SOCIALES,96,3,164,91.66,0.0305,text_detected,,,,textual,high,OCR_TEXT_RICH,text_rich,PAGESTRUCT_LTMD_U1_W4_SOCIAL_SCIENCES_0.1
U1-H1988P6CI130-P097,H1988P6CI130,1988,6,CIENCIAS SOCIALES,97,6,11,46.34,0.7273,text_detected,,,,visual_only,medium,OCR_VISUAL_NOISE,fallback_psm;visual_noise,PAGESTRUCT_LTMD_U1_W4_SOCIAL_SCIENCES_0.1
U1-H1988P6CI130-P098,H1988P6CI130,1988,6,CIENCIAS SOCIALES,98,3,108,91.03,0.0185,text_detected,,,,mixed_text_image,medium,OCR_MODERATE_TEXT,text_present,PAGESTRUCT_LTMD_U1_W4_SOCIAL_SCIENCES_0.1
U1-H1988P6CI130-P099,H1988P6CI130,1988,6,CIENCIAS SOCIALES,99,3,322,91.93,0.0248,text_detected,,,,textual,high,OCR_TEXT_RICH,text_rich,PAGESTRUCT_LTMD_U1_W4_SOCIAL_SCIENCES_0.1
U1-H1988P6CI130-P100,H1988P6CI130,1988,6,CIENCIAS SOCIALES,100,3,318,92.17,0.0314,text_detected,,,,textual,high,OCR_TEXT_RICH,text_rich,PAGESTRUCT_LTMD_U1_W4_SOCIAL_SCIENCES_0.1
U1-H1988P6CI130-P101,H1988P6CI130,1988,6,CIENCIAS SOCIALES,101,3,296,91.66,0.0304,text_detected,,,,textual,high,OCR_TEXT_RICH,text_rich,PAGESTRUCT_LTMD_U1_W4_SOCIAL_SCIENCES_0.1
U1-H1988P6CI130-P102,H1988P6CI130,1988,6,CIENCIAS SOCIALES,102,3,256,91.10,0.0234,text_detected,,,,textual,high,OCR_TEXT_RICH,text_rich,PAGESTRUCT_LTMD_U1_W4_SOCIAL_SCIENCES_0.1
U1-H1988P6CI130-P103,H1988P6CI130,1988,6,CIENCIAS SOCIALES,103,3,129,92.28,0.0233,text_detected,,,,textual,high,OCR_TEXT_RICH,text_rich,PAGESTRUCT_LTMD_U1_W4_SOCIAL_SCIENCES_0.1
U1-H1988P6CI130-P104,H1988P6CI130,1988,6,CIENCIAS SOCIALES,104,3,193,91.22,0.0466,text_detected,,,,textual,high,OCR_TEXT_RICH,text_rich,PAGESTRUCT_LTMD_U1_W4_SOCIAL_SCIENCES_0.1
U1-H1988P6CI130-P105,H1988P6CI130,1988,6,CIENCIAS SOCIALES,105,3,347,91.88,0.0259,text_detected,,,,textual,high,OCR_TEXT_RICH,text_rich,PAGESTRUCT_LTMD_U1_W4_SOCIAL_SCIENCES_0.1
U1-H1988P6CI130-P106,H1988P6CI130,1988,6,CIENCIAS SOCIALES,106,3,183,93.23,0.0109,text_detected,,,,textual,high,OCR_TEXT_RICH,text_rich,PAGESTRUCT_LTMD_U1_W4_SOCIAL_SCIENCES_0.1
U1-H1988P6CI130-P107,H1988P6CI130,1988,6,CIENCIAS SOCIALES,107,3,188,93.03,0.0160,text_detected,,,,textual,high,OCR_TEXT_RICH,text_rich,PAGESTRUCT_LTMD_U1_W4_SOCIAL_SCIENCES_0.1
U1-H1988P6CI130-P108,H1988P6CI130,1988,6,CIENCIAS SOCIALES,108,3,312,90.09,0.0449,text_detected,,,,textual,high,OCR_TEXT_RICH,text_rich,PAGESTRUCT_LTMD_U1_W4_SOCIAL_SCIENCES_0.1
U1-H1988P6CI130-P109,H1988P6CI130,1988,6,CIENCIAS SOCIALES,109,3,210,90.76,0.0238,text_detected,,,,textual,high,OCR_TEXT_RICH,text_rich,PAGESTRUCT_LTMD_U1_W4_SOCIAL_SCIENCES_0.1
U1-H1988P6CI130-P110,H1988P6CI130,1988,6,CIENCIAS SOCIALES,110,3,364,91.22,0.0330,text_detected,,,,textual,high,OCR_TEXT_RICH,text_rich,PAGESTRUCT_LTMD_U1_W4_SOCIAL_SCIENCES_0.1
U1-H1988P6CI130-P111,H1988P6CI130,1988,6,CIENCIAS SOCIALES,111,3,481,92.36,0.0229,text_detected,,,,textual,high,OCR_TEXT_RICH,text_rich,PAGESTRUCT_LTMD_U1_W4_SOCIAL_SCIENCES_0.1
U1-H1988P6CI130-P112,H1988P6CI130,1988,6,CIENCIAS SOCIALES,112,3,360,91.38,0.0472,text_detected,,,,textual,high,OCR_TEXT_RICH,text_rich,PAGESTRUCT_LTMD_U1_W4_SOCIAL_SCIENCES_0.1
U1-H1988P6CI130-P113,H1988P6CI130,1988,6,CIENCIAS SOCIALES,113,3,388,91.68,0.0284,text_detected,,,,textual,high,OCR_TEXT_RICH,text_rich,PAGESTRUCT_LTMD_U1_W4_SOCIAL_SCIENCES_0.1
U1-H1988P6CI130-P114,H1988P6CI130,1988,6,CIENCIAS SOCIALES,114,3,132,91.79,0.0303,text_detected,,,,textual,high,OCR_TEXT_RICH,text_rich,PAGESTRUCT_LTMD_U1_W4_SOCIAL_SCIENCES_0.1
U1-H1988P6CI130-P115,H1988P6CI130,1988,6,CIENCIAS SOCIALES,115,3,416,91.96,0.0120,text_detected,,,,textual,high,OCR_TEXT_RICH,text_rich,PAGESTRUCT_LTMD_U1_W4_SOCIAL_SCIENCES_0.1
U1-H1988P6CI130-P116,H1988P6CI130,1988,6,CIENCIAS SOCIALES,116,3,160,90.41,0.0312,text_detected,,,,textual,high,OCR_TEXT_RICH,text_rich,PAGESTRUCT_LTMD_U1_W4_SOCIAL_SCIENCES_0.1
U1-H1988P6CI130-P117,H1988P6CI130,1988,6,CIENCIAS SOCIALES,117,3,306,90.33,0.0359,text_detected,,,,textual,high,OCR_TEXT_RICH,text_rich,PAGESTRUCT_LTMD_U1_W4_SOCIAL_SCIENCES_0.1
U1-H1988P6CI130-P118,H1988P6CI130,1988,6,CIENCIAS SOCIALES,118,3,531,92.86,0.0207,text_detected,,,,textual,high,OCR_TEXT_RICH,text_rich,PAGESTRUCT_LTMD_U1_W4_SOCIAL_SCIENCES_0.1
U1-H1988P6CI130-P119,H1988P6CI130,1988,6,CIENCIAS SOCIALES,119,3,1,92.22,0.0000,text_detected,,,,unknown,low,CONSERVATIVE_UNKNOWN,,PAGESTRUCT_LTMD_U1_W4_SOCIAL_SCIENCES_0.1
U1-H1988P6CI130-P120,H1988P6CI130,1988,6,CIENCIAS SOCIALES,120,11,10,44.01,0.8000,text_detected,,,,visual_only,high,OCR_VISUAL_NOISE,fallback_psm;visual_noise,PAGESTRUCT_LTMD_U1_W4_SOCIAL_SCIENCES_0.1
U1-H1988P6CI130-P121,H1988P6CI130,1988,6,CIENCIAS SOCIALES,121,3,218,85.97,0.0872,text_detected,,,,textual,high,OCR_TEXT_RICH,text_rich,PAGESTRUCT_LTMD_U1_W4_SOCIAL_SCIENCES_0.1
U1-H1988P6CI130-P122,H1988P6CI130,1988,6,CIENCIAS SOCIALES,122,3,378,89.32,0.0370,text_detected,,,,textual,high,OCR_TEXT_RICH,text_rich,PAGESTRUCT_LTMD_U1_W4_SOCIAL_SCIENCES_0.1
U1-H1988P6CI130-P123,H1988P6CI130,1988,6,CIENCIAS SOCIALES,123,3,317,92.63,0.0158,text_detected,,,,textual,high,OCR_TEXT_RICH,text_rich,PAGESTRUCT_LTMD_U1_W4_SOCIAL_SCIENCES_0.1
U1-H1988P6CI130-P124,H1988P6CI130,1988,6,CIENCIAS SOCIALES,124,3,310,89.84,0.0613,text_detected,,,,textual,high,OCR_TEXT_RICH,text_rich,PAGESTRUCT_LTMD_U1_W4_SOCIAL_SCIENCES_0.1
U1-H1988P6CI130-P125,H1988P6CI130,1988,6,CIENCIAS SOCIALES,125,3,380,93.09,0.0132,text_detected,,,,textual,high,OCR_TEXT_RICH,text_rich,PAGESTRUCT_LTMD_U1_W4_SOCIAL_SCIENCES_0.1
U1-H1988P6CI130-P126,H1988P6CI130,1988,6,CIENCIAS SOCIALES,126,3,279,91.75,0.0251,text_detected,,,,textual,high,OCR_TEXT_RICH,text_rich,PAGESTRUCT_LTMD_U1_W4_SOCIAL_SCIENCES_0.1
U1-H1988P6CI130-P127,H1988P6CI130,1988,6,CIENCIAS SOCIALES,127,3,419,91.28,0.0334,text_detected,,,,textual,high,OCR_TEXT_RICH,text_rich,PAGESTRUCT_LTMD_U1_W4_SOCIAL_SCIENCES_0.1
U1-H1988P6CI130-P128,H1988P6CI130,1988,6,CIENCIAS SOCIALES,128,3,130,93.43,0.0000,text_detected,,,,textual,high,OCR_TEXT_RICH,text_rich,PAGESTRUCT_LTMD_U1_W4_SOCIAL_SCIENCES_0.1
U1-H1988P6CI130-P129,H1988P6CI130,1988,6,CIENCIAS SOCIALES,129,3,149,88.23,0.0671,text_detected,,,,textual,high,OCR_TEXT_RICH,text_rich,PAGESTRUCT_LTMD_U1_W4_SOCIAL_SCIENCES_0.1
U1-H1988P6CI130-P130,H1988P6CI130,1988,6,CIENCIAS SOCIALES,130,3,278,91.50,0.0288,text_detected,,,,textual,high,OCR_TEXT_RICH,text_rich,PAGESTRUCT_LTMD_U1_W4_SOCIAL_SCIENCES_0.1
U1-H1988P6CI130-P131,H1988P6CI130,1988,6,CIENCIAS SOCIALES,131,3,97,91.25,0.0412,text_detected,,,,mixed_text_image,medium,OCR_MODERATE_TEXT,text_present,PAGESTRUCT_LTMD_U1_W4_SOCIAL_SCIENCES_0.1
U1-H1988P6CI130-P132,H1988P6CI130,1988,6,CIENCIAS SOCIALES,132,3,110,86.29,0.1000,text_detected,,,,mixed_text_image,medium,OCR_MODERATE_TEXT,text_present,PAGESTRUCT_LTMD_U1_W4_SOCIAL_SCIENCES_0.1
U1-H1988P6CI130-P133,H1988P6CI130,1988,6,CIENCIAS SOCIALES,133,3,157,90.19,0.0382,text_detected,,,,textual,high,OCR_TEXT_RICH,text_rich,PAGESTRUCT_LTMD_U1_W4_SOCIAL_SCIENCES_0.1
U1-H1988P6CI130-P134,H1988P6CI130,1988,6,CIENCIAS SOCIALES,134,3,171,93.49,0.0117,text_detected,,,,textual,high,OCR_TEXT_RICH,text_rich,PAGESTRUCT_LTMD_U1_W4_SOCIAL_SCIENCES_0.1
U1-H1988P6CI130-P135,H1988P6CI130,1988,6,CIENCIAS SOCIALES,135,3,388,89.12,0.0412,text_detected,,,,textual,high,OCR_TEXT_RICH,text_rich,PAGESTRUCT_LTMD_U1_W4_SOCIAL_SCIENCES_0.1
U1-H1988P6CI130-P136,H1988P6CI130,1988,6,CIENCIAS SOCIALES,136,3,236,90.98,0.0297,text_detected,,,,textual,high,OCR_TEXT_RICH,text_rich,PAGESTRUCT_LTMD_U1_W4_SOCIAL_SCIENCES_0.1
U1-H1988P6CI130-P137,H1988P6CI130,1988,6,CIENCIAS SOCIALES,137,3,190,92.95,0.0105,text_detected,,,,textual,high,OCR_TEXT_RICH,text_rich,PAGESTRUCT_LTMD_U1_W4_SOCIAL_SCIENCES_0.1
U1-H1988P6CI130-P138,H1988P6CI130,1988,6,CIENCIAS SOCIALES,138,3,145,90.51,0.0414,text_detected,,,,textual,high,OCR_TEXT_RICH,text_rich,PAGESTRUCT_LTMD_U1_W4_SOCIAL_SCIENCES_0.1
U1-H1988P6CI130-P139,H1988P6CI130,1988,6,CIENCIAS SOCIALES,139,3,168,91.72,0.0238,text_detected,,,,textual,high,OCR_TEXT_RICH,text_rich,PAGESTRUCT_LTMD_U1_W4_SOCIAL_SCIENCES_0.1
U1-H1988P6CI130-P140,H1988P6CI130,1988,6,CIENCIAS SOCIALES,140,3,133,90.39,0.0451,text_detected,,,,textual,high,OCR_TEXT_RICH,text_rich,PAGESTRUCT_LTMD_U1_W4_SOCIAL_SCIENCES_0.1
U1-H1988P6CI130-P141,H1988P6CI130,1988,6,CIENCIAS SOCIALES,141,3,157,90.01,0.0382,text_detected,,,,textual,high,OCR_TEXT_RICH,text_rich,PAGESTRUCT_LTMD_U1_W4_SOCIAL_SCIENCES_0.1
U1-H1988P6CI130-P142,H1988P6CI130,1988,6,CIENCIAS SOCIALES,142,3,122,92.56,0.0164,text_detected,,,,textual,high,OCR_TEXT_RICH,text_rich,PAGESTRUCT_LTMD_U1_W4_SOCIAL_SCIENCES_0.1
U1-H1988P6CI130-P143,H1988P6CI130,1988,6,CIENCIAS SOCIALES,143,3,292,92.89,0.0137,text_detected,,,,textual,high,OCR_TEXT_RICH,text_rich,PAGESTRUCT_LTMD_U1_W4_SOCIAL_SCIENCES_0.1
U1-H1988P6CI130-P144,H1988P6CI130,1988,6,CIENCIAS SOCIALES,144,3,290,92.38,0.0138,text_detected,,,,textual,high,OCR_TEXT_RICH,text_rich,PAGESTRUCT_LTMD_U1_W4_SOCIAL_SCIENCES_0.1
U1-H1988P6CI130-P145,H1988P6CI130,1988,6,CIENCIAS SOCIALES,145,,1,45.90,1.0000,no_text_detected,,,,visual_only,high,OCR_VISUAL_NOISE,visual_noise,PAGESTRUCT_LTMD_U1_W4_SOCIAL_SCIENCES_0.1
U1-H1988P6CI130-P146,H1988P6CI130,1988,6,CIENCIAS SOCIALES,146,3,268,89.57,0.0485,text_detected,,,,textual,high,OCR_TEXT_RICH,text_rich,PAGESTRUCT_LTMD_U1_W4_SOCIAL_SCIENCES_0.1
U1-H1988P6CI130-P147,H1988P6CI130,1988,6,CIENCIAS SOCIALES,147,3,346,91.84,0.0318,text_detected,,,,textual,high,OCR_TEXT_RICH,text_rich,PAGESTRUCT_LTMD_U1_W4_SOCIAL_SCIENCES_0.1
U1-H1988P6CI130-P148,H1988P6CI130,1988,6,CIENCIAS SOCIALES,148,3,187,91.98,0.0321,text_detected,,,,textual,high,OCR_TEXT_RICH,text_rich,PAGESTRUCT_LTMD_U1_W4_SOCIAL_SCIENCES_0.1
U1-H1988P6CI130-P149,H1988P6CI130,1988,6,CIENCIAS SOCIALES,149,3,106,86.67,0.0755,text_detected,,,,mixed_text_image,medium,OCR_MODERATE_TEXT,text_present,PAGESTRUCT_LTMD_U1_W4_SOCIAL_SCIENCES_0.1
U1-H1988P6CI130-P150,H1988P6CI130,1988,6,CIENCIAS SOCIALES,150,3,450,92.20,0.0200,text_detected,,,,textual,high,OCR_TEXT_RICH,text_rich,PAGESTRUCT_LTMD_U1_W4_SOCIAL_SCIENCES_0.1
U1-H1988P6CI130-P151,H1988P6CI130,1988,6,CIENCIAS SOCIALES,151,3,422,91.21,0.0308,text_detected,,,,textual,high,OCR_TEXT_RICH,text_rich,PAGESTRUCT_LTMD_U1_W4_SOCIAL_SCIENCES_0.1
U1-H1988P6CI130-P152,H1988P6CI130,1988,6,CIENCIAS SOCIALES,152,3,166,92.77,0.0181,text_detected,,,,textual,high,OCR_TEXT_RICH,text_rich,PAGESTRUCT_LTMD_U1_W4_SOCIAL_SCIENCES_0.1
U1-H1988P6CI130-P153,H1988P6CI130,1988,6,CIENCIAS SOCIALES,153,3,376,91.98,0.0266,text_detected,,,,textual,high,OCR_TEXT_RICH,text_rich,PAGESTRUCT_LTMD_U1_W4_SOCIAL_SCIENCES_0.1
U1-H1988P6CI130-P154,H1988P6CI130,1988,6,CIENCIAS SOCIALES,154,3,253,88.78,0.0672,text_detected,,,,textual,high,OCR_TEXT_RICH,text_rich,PAGESTRUCT_LTMD_U1_W4_SOCIAL_SCIENCES_0.1
U1-H1988P6CI130-P155,H1988P6CI130,1988,6,CIENCIAS SOCIALES,155,3,392,91.20,0.0332,text_detected,,,,textual,high,OCR_TEXT_RICH,text_rich,PAGESTRUCT_LTMD_U1_W4_SOCIAL_SCIENCES_0.1
U1-H1988P6CI130-P156,H1988P6CI130,1988,6,CIENCIAS SOCIALES,156,3,92,93.33,0.0109,text_detected,,,,mixed_text_image,medium,OCR_MODERATE_TEXT,text_present,PAGESTRUCT_LTMD_U1_W4_SOCIAL_SCIENCES_0.1
U1-H1988P6CI130-P157,H1988P6CI130,1988,6,CIENCIAS SOCIALES,157,3,105,89.64,0.0476,text_detected,,,,mixed_text_image,medium,OCR_MODERATE_TEXT,text_present,PAGESTRUCT_LTMD_U1_W4_SOCIAL_SCIENCES_0.1
U1-H1988P6CI130-P158,H1988P6CI130,1988,6,CIENCIAS SOCIALES,158,3,333,92.76,0.0180,text_detected,,,,textual,high,OCR_TEXT_RICH,text_rich,PAGESTRUCT_LTMD_U1_W4_SOCIAL_SCIENCES_0.1
U1-H1988P6CI130-P159,H1988P6CI130,1988,6,CIENCIAS SOCIALES,159,3,290,92.38,0.0276,text_detected,,,,textual,high,OCR_TEXT_RICH,text_rich,PAGESTRUCT_LTMD_U1_W4_SOCIAL_SCIENCES_0.1
U1-H1988P6CI130-P160,H1988P6CI130,1988,6,CIENCIAS SOCIALES,160,3,294,90.74,0.0374,text_detected,,,,textual,high,OCR_TEXT_RICH,text_rich,PAGESTRUCT_LTMD_U1_W4_SOCIAL_SCIENCES_0.1
U1-H1988P6CI130-P161,H1988P6CI130,1988,6,CIENCIAS SOCIALES,161,3,291,92.00,0.0275,text_detected,,,,textual,high,OCR_TEXT_RICH,text_rich,PAGESTRUCT_LTMD_U1_W4_SOCIAL_SCIENCES_0.1
U1-H1988P6CI130-P162,H1988P6CI130,1988,6,CIENCIAS SOCIALES,162,3,371,90.62,0.0404,text_detected,,,,textual,high,OCR_TEXT_RICH,text_rich,PAGESTRUCT_LTMD_U1_W4_SOCIAL_SCIENCES_0.1
U1-H1988P6CI130-P163,H1988P6CI130,1988,6,CIENCIAS SOCIALES,163,3,341,90.68,0.0440,text_detected,,,,textual,high,OCR_TEXT_RICH,text_rich,PAGESTRUCT_LTMD_U1_W4_SOCIAL_SCIENCES_0.1
U1-H1988P6CI130-P164,H1988P6CI130,1988,6,CIENCIAS SOCIALES,164,3,40,46.95,0.6750,text_detected,,,,unknown,low,CONSERVATIVE_UNKNOWN,,PAGESTRUCT_LTMD_U1_W4_SOCIAL_SCIENCES_0.1
U1-H1988P6CI130-P165,H1988P6CI130,1988,6,CIENCIAS SOCIALES,165,3,12,45.89,0.6667,text_detected,,,,unknown,low,CONSERVATIVE_UNKNOWN,,PAGESTRUCT_LTMD_U1_W4_SOCIAL_SCIENCES_0.1
U1-H1988P6CI130-P166,H1988P6CI130,1988,6,CIENCIAS SOCIALES,166,3,98,88.42,0.0408,text_detected,,,,mixed_text_image,medium,OCR_MODERATE_TEXT,text_present,PAGESTRUCT_LTMD_U1_W4_SOCIAL_SCIENCES_0.1
U1-H1988P6CI130-P167,H1988P6CI130,1988,6,CIENCIAS SOCIALES,167,3,121,87.06,0.0579,text_detected,,,,textual,high,OCR_TEXT_RICH,text_rich,PAGESTRUCT_LTMD_U1_W4_SOCIAL_SCIENCES_0.1
U1-H1988P6CI130-P168,H1988P6CI130,1988,6,CIENCIAS SOCIALES,168,3,153,83.30,0.1242,text_detected,,,,textual,high,OCR_TEXT_RICH,text_rich,PAGESTRUCT_LTMD_U1_W4_SOCIAL_SCIENCES_0.1
U1-H1988P6CI130-P169,H1988P6CI130,1988,6,CIENCIAS SOCIALES,169,3,121,85.01,0.0909,text_detected,,,,textual,high,OCR_TEXT_RICH,text_rich,PAGESTRUCT_LTMD_U1_W4_SOCIAL_SCIENCES_0.1
U1-H1988P6CI130-P170,H1988P6CI130,1988,6,CIENCIAS SOCIALES,170,3,155,87.90,0.0516,text_detected,,,,textual,high,OCR_TEXT_RICH,text_rich,PAGESTRUCT_LTMD_U1_W4_SOCIAL_SCIENCES_0.1
U1-H1988P6CI130-P171,H1988P6CI130,1988,6,CIENCIAS SOCIALES,171,3,147,88.99,0.0476,text_detected,,,,textual,high,OCR_TEXT_RICH,text_rich,PAGESTRUCT_LTMD_U1_W4_SOCIAL_SCIENCES_0.1
U1-H1988P6CI130-P172,H1988P6CI130,1988,6,CIENCIAS SOCIALES,172,3,170,89.39,0.0529,text_detected,,,,textual,high,OCR_TEXT_RICH,text_rich,PAGESTRUCT_LTMD_U1_W4_SOCIAL_SCIENCES_0.1
U1-H1988P6CI130-P173,H1988P6CI130,1988,6,CIENCIAS SOCIALES,173,3,161,86.60,0.0807,text_detected,,,,textual,high,OCR_TEXT_RICH,text_rich,PAGESTRUCT_LTMD_U1_W4_SOCIAL_SCIENCES_0.1
U1-H1988P6CI130-P174,H1988P6CI130,1988,6,CIENCIAS SOCIALES,174,3,242,85.56,0.0909,text_detected,,,,textual,high,OCR_TEXT_RICH,text_rich,PAGESTRUCT_LTMD_U1_W4_SOCIAL_SCIENCES_0.1
U1-H1988P6CI130-P175,H1988P6CI130,1988,6,CIENCIAS SOCIALES,175,6,29,42.93,0.7931,text_detected,,,,visual_only,medium,OCR_VISUAL_NOISE,fallback_psm;visual_noise,PAGESTRUCT_LTMD_U1_W4_SOCIAL_SCIENCES_0.1
U1-H1988P6CI130-P176,H1988P6CI130,1988,6,CIENCIAS SOCIALES,176,3,211,90.06,0.0427,text_detected,,,,textual,high,OCR_TEXT_RICH,text_rich,PAGESTRUCT_LTMD_U1_W4_SOCIAL_SCIENCES_0.1
U1-H1988P6CI130-P177,H1988P6CI130,1988,6,CIENCIAS SOCIALES,177,3,149,85.81,0.1074,text_detected,,,,textual,high,OCR_TEXT_RICH,text_rich,PAGESTRUCT_LTMD_U1_W4_SOCIAL_SCIENCES_0.1
U1-H1988P6CI130-P178,H1988P6CI130,1988,6,CIENCIAS SOCIALES,178,3,141,89.79,0.0426,text_detected,,,,textual,high,OCR_TEXT_RICH,text_rich,PAGESTRUCT_LTMD_U1_W4_SOCIAL_SCIENCES_0.1
U1-H1988P6CI130-P179,H1988P6CI130,1988,6,CIENCIAS SOCIALES,179,3,120,86.18,0.0667,text_detected,,,,textual,high,OCR_TEXT_RICH,text_rich,PAGESTRUCT_LTMD_U1_W4_SOCIAL_SCIENCES_0.1
U1-H1988P6CI130-P180,H1988P6CI130,1988,6,CIENCIAS SOCIALES,180,3,191,89.05,0.0209,text_detected,,,,textual,high,OCR_TEXT_RICH,text_rich,PAGESTRUCT_LTMD_U1_W4_SOCIAL_SCIENCES_0.1
U1-H1988P6CI130-P181,H1988P6CI130,1988,6,CIENCIAS SOCIALES,181,3,202,86.27,0.0941,text_detected,,,,textual,high,OCR_TEXT_RICH,text_rich,PAGESTRUCT_LTMD_U1_W4_SOCIAL_SCIENCES_0.1
U1-H1988P6CI130-P182,H1988P6CI130,1988,6,CIENCIAS SOCIALES,182,3,113,85.79,0.0796,text_detected,,,,mixed_text_image,medium,OCR_MODERATE_TEXT,text_present,PAGESTRUCT_LTMD_U1_W4_SOCIAL_SCIENCES_0.1
U1-H1988P6CI130-P183,H1988P6CI130,1988,6,CIENCIAS SOCIALES,183,3,178,85.95,0.0730,text_detected,,,,textual,high,OCR_TEXT_RICH,text_rich,PAGESTRUCT_LTMD_U1_W4_SOCIAL_SCIENCES_0.1
U1-H1988P6CI130-P184,H1988P6CI130,1988,6,CIENCIAS SOCIALES,184,3,155,87.16,0.0581,text_detected,,,,textual,high,OCR_TEXT_RICH,text_rich,PAGESTRUCT_LTMD_U1_W4_SOCIAL_SCIENCES_0.1
U1-H1988P6CI130-P185,H1988P6CI130,1988,6,CIENCIAS SOCIALES,185,3,142,85.66,0.1056,text_detected,,,,textual,high,OCR_TEXT_RICH,text_rich,PAGESTRUCT_LTMD_U1_W4_SOCIAL_SCIENCES_0.1
U1-H1988P6CI130-P186,H1988P6CI130,1988,6,CIENCIAS SOCIALES,186,3,208,88.03,0.0625,text_detected,,,,textual,high,OCR_TEXT_RICH,text_rich,PAGESTRUCT_LTMD_U1_W4_SOCIAL_SCIENCES_0.1
U1-H1988P6CI130-P187,H1988P6CI130,1988,6,CIENCIAS SOCIALES,187,3,280,93.06,0.0214,text_detected,,,,textual,high,OCR_TEXT_RICH,text_rich,PAGESTRUCT_LTMD_U1_W4_SOCIAL_SCIENCES_0.1
U1-H1988P6CI130-P188,H1988P6CI130,1988,6,CIENCIAS SOCIALES,188,3,269,92.18,0.0149,text_detected,,,,textual,high,OCR_TEXT_RICH,text_rich,PAGESTRUCT_LTMD_U1_W4_SOCIAL_SCIENCES_0.1
U1-H1988P6CI130-P189,H1988P6CI130,1988,6,CIENCIAS SOCIALES,189,3,232,90.17,0.0474,text_detected,,,,textual,high,OCR_TEXT_RICH,text_rich,PAGESTRUCT_LTMD_U1_W4_SOCIAL_SCIENCES_0.1
U1-H1988P6CI130-P190,H1988P6CI130,1988,6,CIENCIAS SOCIALES,190,3,290,91.50,0.0310,text_detected,,,,textual,high,OCR_TEXT_RICH,text_rich,PAGESTRUCT_LTMD_U1_W4_SOCIAL_SCIENCES_0.1
U1-H1988P6CI130-P191,H1988P6CI130,1988,6,CIENCIAS SOCIALES,191,3,269,91.30,0.0297,text_detected,,,,textual,high,OCR_TEXT_RICH,text_rich,PAGESTRUCT_LTMD_U1_W4_SOCIAL_SCIENCES_0.1
U1-H1988P6CI130-P192,H1988P6CI130,1988,6,CIENCIAS SOCIALES,192,3,315,90.83,0.0381,text_detected,,,,textual,high,OCR_TEXT_RICH,text_rich,PAGESTRUCT_LTMD_U1_W4_SOCIAL_SCIENCES_0.1
U1-H1988P6CI130-P193,H1988P6CI130,1988,6,CIENCIAS SOCIALES,193,3,281,90.22,0.0605,text_detected,,,,textual,high,OCR_TEXT_RICH,text_rich,PAGESTRUCT_LTMD_U1_W4_SOCIAL_SCIENCES_0.1
U1-H1988P6CI130-P194,H1988P6CI130,1988,6,CIENCIAS SOCIALES,194,3,211,92.59,0.0190,text_detected,,,,textual,high,OCR_TEXT_RICH,text_rich,PAGESTRUCT_LTMD_U1_W4_SOCIAL_SCIENCES_0.1
U1-H1988P6CI130-P195,H1988P6CI130,1988,6,CIENCIAS SOCIALES,195,3,3,96.09,0.0000,text_detected,0,0,0,unknown,low,CONSERVATIVE_UNKNOWN,end_zone,PAGESTRUCT_LTMD_U1_W4_SOCIAL_SCIENCES_0.1
U1-H1988P6CI130-P196,H1988P6CI130,1988,6,CIENCIAS SOCIALES,196,3,20,90.44,0.0500,text_detected,0,0,0,mixed_text_image,medium,OCR_MODERATE_TEXT,end_zone;text_present,PAGESTRUCT_LTMD_U1_W4_SOCIAL_SCIENCES_0.1
U1-H1988P6CI130-P197,H1988P6CI130,1988,6,CIENCIAS SOCIALES,197,3,32,94.02,0.0000,text_detected,0,0,0,mixed_text_image,medium,OCR_MODERATE_TEXT,end_zone;text_present,PAGESTRUCT_LTMD_U1_W4_SOCIAL_SCIENCES_0.1
U1-H1988P6CI130-P198,H1988P6CI130,1988,6,CIENCIAS SOCIALES,198,3,29,94.72,0.0000,text_detected,0,0,0,mixed_text_image,medium,OCR_MODERATE_TEXT,end_zone;text_present,PAGESTRUCT_LTMD_U1_W4_SOCIAL_SCIENCES_0.1
U1-H1988P6CI130-P199,H1988P6CI130,1988,6,CIENCIAS SOCIALES,199,3,25,93.94,0.0000,text_detected,0,0,0,mixed_text_image,medium,OCR_MODERATE_TEXT,end_zone;text_present,PAGESTRUCT_LTMD_U1_W4_SOCIAL_SCIENCES_0.1
U1-H1988P6CI130-P200,H1988P6CI130,1988,6,CIENCIAS SOCIALES,200,3,24,95.00,0.0000,text_detected,0,0,0,mixed_text_image,medium,OCR_MODERATE_TEXT,end_zone;text_present,PAGESTRUCT_LTMD_U1_W4_SOCIAL_SCIENCES_0.1
U1-H1988P6CI130-P201,H1988P6CI130,1988,6,CIENCIAS SOCIALES,201,3,28,92.40,0.0357,text_detected,0,0,0,mixed_text_image,medium,OCR_MODERATE_TEXT,end_zone;text_present,PAGESTRUCT_LTMD_U1_W4_SOCIAL_SCIENCES_0.1
U1-H1988P6CI130-P202,H1988P6CI130,1988,6,CIENCIAS SOCIALES,202,3,21,94.95,0.0000,text_detected,0,0,0,mixed_text_image,medium,OCR_MODERATE_TEXT,end_zone;text_present,PAGESTRUCT_LTMD_U1_W4_SOCIAL_SCIENCES_0.1
U1-H1988P6CI130-P203,H1988P6CI130,1988,6,CIENCIAS SOCIALES,203,3,24,95.96,0.0000,text_detected,0,0,0,mixed_text_image,medium,OCR_MODERATE_TEXT,end_zone;text_present,PAGESTRUCT_LTMD_U1_W4_SOCIAL_SCIENCES_0.1
U1-H1988P6CI130-P204,H1988P6CI130,1988,6,CIENCIAS SOCIALES,204,3,25,94.90,0.0000,text_detected,0,0,0,mixed_text_image,medium,OCR_MODERATE_TEXT,end_zone;text_present,PAGESTRUCT_LTMD_U1_W4_SOCIAL_SCIENCES_0.1
U1-H1988P6CI130-P205,H1988P6CI130,1988,6,CIENCIAS SOCIALES,205,3,14,96.62,0.0000,text_detected,0,0,0,mixed_text_image,low,OCR_SPARSE_HIGH_CONF,end_zone,PAGESTRUCT_LTMD_U1_W4_SOCIAL_SCIENCES_0.1
U1-H1988P6CI130-P206,H1988P6CI130,1988,6,CIENCIAS SOCIALES,206,3,101,84.65,0.1089,text_detected,0,1,3,bibliography_or_credits,high,KW_BIBLIO_CREDITS,end_zone;text_present;nav_kw;biblio_credit_kw,PAGESTRUCT_LTMD_U1_W4_SOCIAL_SCIENCES_0.1
U1-H1988P6CI130-P207,H1988P6CI130,1988,6,CIENCIAS SOCIALES,207,6,132,26.99,0.9242,text_detected,0,0,0,visual_only,high,OCR_VISUAL_NOISE,end_zone;fallback_psm;visual_noise,PAGESTRUCT_LTMD_U1_W4_SOCIAL_SCIENCES_0.1
U1-H1988P6CI130-P208,H1988P6CI130,1988,6,CIENCIAS SOCIALES,208,3,57,91.70,0.0351,text_detected,0,0,0,mixed_text_image,medium,OCR_MODERATE_TEXT,end_zone;text_present,PAGESTRUCT_LTMD_U1_W4_SOCIAL_SCIENCES_0.1
U1-H1988P6CI130-P209,H1988P6CI130,1988,6,CIENCIAS SOCIALES,209,3,64,85.28,0.1250,text_detected,0,0,0,mixed_text_image,medium,OCR_MODERATE_TEXT,end_zone;text_present,PAGESTRUCT_LTMD_U1_W4_SOCIAL_SCIENCES_0.1
U1-H1988P6CI130-P210,H1988P6CI130,1988,6,CIENCIAS SOCIALES,210,6,77,19.93,0.9740,text_detected,0,0,0,visual_only,high,OCR_VISUAL_NOISE,end_zone;fallback_psm;visual_noise,PAGESTRUCT_LTMD_U1_W4_SOCIAL_SCIENCES_0.1
U1-H2008P2CI256-P001,H2008P2CI256,2008,2,EXPLORACIOÓN DE NATURALEZA Y LA SOCIEDAD,1,3,18,77.13,0.2222,text_detected,0,0,0,mixed_text_image,low,OCR_SPARSE_HIGH_CONF,front_zone,PAGESTRUCT_LTMD_U1_W4_SOCIAL_SCIENCES_0.1
U1-H2008P2CI256-P002,H2008P2CI256,2008,2,EXPLORACIOÓN DE NATURALEZA Y LA SOCIEDAD,2,3,79,84.46,0.1013,text_detected,0,0,5,bibliography_or_credits,high,KW_BIBLIO_CREDITS,front_zone;text_present;biblio_credit_kw,PAGESTRUCT_LTMD_U1_W4_SOCIAL_SCIENCES_0.1
U1-H2008P2CI256-P003,H2008P2CI256,2008,2,EXPLORACIOÓN DE NATURALEZA Y LA SOCIEDAD,3,3,265,93.28,0.0189,text_detected,1,1,1,bibliography_or_credits,medium,KW_BIBLIO_CREDITS,front_zone;text_rich;front_kw;nav_kw;biblio_credit_kw,PAGESTRUCT_LTMD_U1_W4_SOCIAL_SCIENCES_0.1
U1-H2008P2CI256-P004,H2008P2CI256,2008,2,EXPLORACIOÓN DE NATURALEZA Y LA SOCIEDAD,4,3,26,93.75,0.0000,text_detected,1,1,0,toc_or_navigation,medium,KW_NAVIGATION,front_zone;text_present;front_kw;nav_kw,PAGESTRUCT_LTMD_U1_W4_SOCIAL_SCIENCES_0.1
U1-H2008P2CI256-P005,H2008P2CI256,2008,2,EXPLORACIOÓN DE NATURALEZA Y LA SOCIEDAD,5,3,30,76.20,0.2333,text_detected,0,0,1,bibliography_or_credits,medium,KW_BIBLIO_CREDITS,front_zone;text_present;biblio_credit_kw,PAGESTRUCT_LTMD_U1_W4_SOCIAL_SCIENCES_0.1
U1-H2008P2CI256-P006,H2008P2CI256,2008,2,EXPLORACIOÓN DE NATURALEZA Y LA SOCIEDAD,6,3,157,93.93,0.0255,text_detected,1,2,0,toc_or_navigation,high,KW_NAVIGATION,front_zone;text_rich;front_kw;nav_kw,PAGESTRUCT_LTMD_U1_W4_SOCIAL_SCIENCES_0.1
U1-H2008P2CI256-P007,H2008P2CI256,2008,2,EXPLORACIOÓN DE NATURALEZA Y LA SOCIEDAD,7,3,98,88.03,0.0714,text_detected,0,2,0,toc_or_navigation,high,KW_NAVIGATION,front_zone;text_present;nav_kw,PAGESTRUCT_LTMD_U1_W4_SOCIAL_SCIENCES_0.1
U1-H2008P2CI256-P008,H2008P2CI256,2008,2,EXPLORACIOÓN DE NATURALEZA Y LA SOCIEDAD,8,3,8,41.98,0.7500,text_detected,0,0,0,unknown,low,CONSERVATIVE_UNKNOWN,front_zone,PAGESTRUCT_LTMD_U1_W4_SOCIAL_SCIENCES_0.1
U1-H2008P2CI256-P009,H2008P2CI256,2008,2,EXPLORACIOÓN DE NATURALEZA Y LA SOCIEDAD,9,6,56,37.24,0.8393,text_detected,0,0,0,visual_only,high,OCR_VISUAL_NOISE,front_zone;fallback_psm;visual_noise,PAGESTRUCT_LTMD_U1_W4_SOCIAL_SCIENCES_0.1
U1-H2008P2CI256-P010,H2008P2CI256,2008,2,EXPLORACIOÓN DE NATURALEZA Y LA SOCIEDAD,10,3,79,82.52,0.2025,text_detected,0,2,0,toc_or_navigation,high,KW_NAVIGATION,front_zone;text_present;nav_kw,PAGESTRUCT_LTMD_U1_W4_SOCIAL_SCIENCES_0.1
U1-H2008P2CI256-P011,H2008P2CI256,2008,2,EXPLORACIOÓN DE NATURALEZA Y LA SOCIEDAD,11,3,84,85.94,0.1667,text_detected,0,0,0,mixed_text_image,medium,OCR_MODERATE_TEXT,front_zone;text_present,PAGESTRUCT_LTMD_U1_W4_SOCIAL_SCIENCES_0.1
U1-H2008P2CI256-P012,H2008P2CI256,2008,2,EXPLORACIOÓN DE NATURALEZA Y LA SOCIEDAD,12,3,75,90.91,0.0667,text_detected,0,1,0,toc_or_navigation,medium,KW_NAVIGATION,front_zone;text_present;nav_kw,PAGESTRUCT_LTMD_U1_W4_SOCIAL_SCIENCES_0.1
U1-H2008P2CI256-P013,H2008P2CI256,2008,2,EXPLORACIOÓN DE NATURALEZA Y LA SOCIEDAD,13,3,63,83.18,0.1905,text_detected,0,0,0,mixed_text_image,medium,OCR_MODERATE_TEXT,front_zone;text_present,PAGESTRUCT_LTMD_U1_W4_SOCIAL_SCIENCES_0.1
U1-H2008P2CI256-P014,H2008P2CI256,2008,2,EXPLORACIOÓN DE NATURALEZA Y LA SOCIEDAD,14,3,105,91.93,0.0381,text_detected,0,1,0,toc_or_navigation,medium,KW_NAVIGATION,front_zone;text_present;nav_kw,PAGESTRUCT_LTMD_U1_W4_SOCIAL_SCIENCES_0.1
U1-H2008P2CI256-P015,H2008P2CI256,2008,2,EXPLORACIOÓN DE NATURALEZA Y LA SOCIEDAD,15,3,134,85.09,0.1343,text_detected,0,0,0,textual,high,OCR_TEXT_RICH,front_zone;text_rich,PAGESTRUCT_LTMD_U1_W4_SOCIAL_SCIENCES_0.1
U1-H2008P2CI256-P016,H2008P2CI256,2008,2,EXPLORACIOÓN DE NATURALEZA Y LA SOCIEDAD,16,3,57,93.01,0.0351,text_detected,0,0,0,mixed_text_image,medium,OCR_MODERATE_TEXT,front_zone;text_present,PAGESTRUCT_LTMD_U1_W4_SOCIAL_SCIENCES_0.1
U1-H2008P2CI256-P017,H2008P2CI256,2008,2,EXPLORACIOÓN DE NATURALEZA Y LA SOCIEDAD,17,3,105,85.66,0.1333,text_detected,,,,mixed_text_image,medium,OCR_MODERATE_TEXT,text_present,PAGESTRUCT_LTMD_U1_W4_SOCIAL_SCIENCES_0.1
U1-H2008P2CI256-P018,H2008P2CI256,2008,2,EXPLORACIOÓN DE NATURALEZA Y LA SOCIEDAD,18,3,73,77.04,0.2329,text_detected,,,,mixed_text_image,medium,OCR_MODERATE_TEXT,text_present,PAGESTRUCT_LTMD_U1_W4_SOCIAL_SCIENCES_0.1
U1-H2008P2CI256-P019,H2008P2CI256,2008,2,EXPLORACIOÓN DE NATURALEZA Y LA SOCIEDAD,19,3,113,86.59,0.1150,text_detected,,,,mixed_text_image,medium,OCR_MODERATE_TEXT,text_present,PAGESTRUCT_LTMD_U1_W4_SOCIAL_SCIENCES_0.1
U1-H2008P2CI256-P020,H2008P2CI256,2008,2,EXPLORACIOÓN DE NATURALEZA Y LA SOCIEDAD,20,3,86,92.83,0.0233,text_detected,,,,mixed_text_image,medium,OCR_MODERATE_TEXT,text_present,PAGESTRUCT_LTMD_U1_W4_SOCIAL_SCIENCES_0.1
U1-H2008P2CI256-P021,H2008P2CI256,2008,2,EXPLORACIOÓN DE NATURALEZA Y LA SOCIEDAD,21,3,96,89.40,0.0938,text_detected,,,,mixed_text_image,medium,OCR_MODERATE_TEXT,text_present,PAGESTRUCT_LTMD_U1_W4_SOCIAL_SCIENCES_0.1
U1-H2008P2CI256-P022,H2008P2CI256,2008,2,EXPLORACIOÓN DE NATURALEZA Y LA SOCIEDAD,22,3,37,96.44,0.0000,text_detected,,,,mixed_text_image,medium,OCR_MODERATE_TEXT,text_present,PAGESTRUCT_LTMD_U1_W4_SOCIAL_SCIENCES_0.1
U1-H2008P2CI256-P023,H2008P2CI256,2008,2,EXPLORACIOÓN DE NATURALEZA Y LA SOCIEDAD,23,3,95,90.98,0.0211,text_detected,,,,mixed_text_image,medium,OCR_MODERATE_TEXT,text_present,PAGESTRUCT_LTMD_U1_W4_SOCIAL_SCIENCES_0.1
U1-H2008P2CI256-P024,H2008P2CI256,2008,2,EXPLORACIOÓN DE NATURALEZA Y LA SOCIEDAD,24,3,110,89.50,0.0909,text_detected,,,,mixed_text_image,medium,OCR_MODERATE_TEXT,text_present,PAGESTRUCT_LTMD_U1_W4_SOCIAL_SCIENCES_0.1
U1-H2008P2CI256-P025,H2008P2CI256,2008,2,EXPLORACIOÓN DE NATURALEZA Y LA SOCIEDAD,25,3,32,94.83,0.0000,text_detected,,,,mixed_text_image,medium,OCR_MODERATE_TEXT,text_present,PAGESTRUCT_LTMD_U1_W4_SOCIAL_SCIENCES_0.1
U1-H2008P2CI256-P026,H2008P2CI256,2008,2,EXPLORACIOÓN DE NATURALEZA Y LA SOCIEDAD,26,3,47,95.91,0.0000,text_detected,,,,mixed_text_image,medium,OCR_MODERATE_TEXT,text_present,PAGESTRUCT_LTMD_U1_W4_SOCIAL_SCIENCES_0.1
U1-H2008P2CI256-P027,H2008P2CI256,2008,2,EXPLORACIOÓN DE NATURALEZA Y LA SOCIEDAD,27,3,53,79.68,0.2453,text_detected,,,,mixed_text_image,medium,OCR_MODERATE_TEXT,text_present,PAGESTRUCT_LTMD_U1_W4_SOCIAL_SCIENCES_0.1
U1-H2008P2CI256-P028,H2008P2CI256,2008,2,EXPLORACIOÓN DE NATURALEZA Y LA SOCIEDAD,28,3,78,94.48,0.0128,text_detected,,,,mixed_text_image,medium,OCR_MODERATE_TEXT,text_present,PAGESTRUCT_LTMD_U1_W4_SOCIAL_SCIENCES_0.1
U1-H2008P2CI256-P029,H2008P2CI256,2008,2,EXPLORACIOÓN DE NATURALEZA Y LA SOCIEDAD,29,3,13,32.68,0.8462,text_detected,,,,unknown,low,CONSERVATIVE_UNKNOWN,,PAGESTRUCT_LTMD_U1_W4_SOCIAL_SCIENCES_0.1
U1-H2008P2CI256-P030,H2008P2CI256,2008,2,EXPLORACIOÓN DE NATURALEZA Y LA SOCIEDAD,30,3,18,86.79,0.1667,text_detected,,,,mixed_text_image,low,OCR_SPARSE_HIGH_CONF,,PAGESTRUCT_LTMD_U1_W4_SOCIAL_SCIENCES_0.1
U1-H2008P2CI256-P031,H2008P2CI256,2008,2,EXPLORACIOÓN DE NATURALEZA Y LA SOCIEDAD,31,3,139,85.70,0.1079,text_detected,,,,textual,high,OCR_TEXT_RICH,text_rich,PAGESTRUCT_LTMD_U1_W4_SOCIAL_SCIENCES_0.1
U1-H2008P2CI256-P032,H2008P2CI256,2008,2,EXPLORACIOÓN DE NATURALEZA Y LA SOCIEDAD,32,3,80,90.19,0.0625,text_detected,,,,mixed_text_image,medium,OCR_MODERATE_TEXT,text_present,PAGESTRUCT_LTMD_U1_W4_SOCIAL_SCIENCES_0.1
U1-H2008P2CI256-P033,H2008P2CI256,2008,2,EXPLORACIOÓN DE NATURALEZA Y LA SOCIEDAD,33,3,180,92.05,0.0278,text_detected,,,,textual,high,OCR_TEXT_RICH,text_rich,PAGESTRUCT_LTMD_U1_W4_SOCIAL_SCIENCES_0.1
U1-H2008P2CI256-P034,H2008P2CI256,2008,2,EXPLORACIOÓN DE NATURALEZA Y LA SOCIEDAD,34,3,75,90.82,0.0400,text_detected,,,,mixed_text_image,medium,OCR_MODERATE_TEXT,text_present,PAGESTRUCT_LTMD_U1_W4_SOCIAL_SCIENCES_0.1
U1-H2008P2CI256-P035,H2008P2CI256,2008,2,EXPLORACIOÓN DE NATURALEZA Y LA SOCIEDAD,35,3,35,87.21,0.1429,text_detected,,,,mixed_text_image,medium,OCR_MODERATE_TEXT,text_present,PAGESTRUCT_LTMD_U1_W4_SOCIAL_SCIENCES_0.1
U1-H2008P2CI256-P036,H2008P2CI256,2008,2,EXPLORACIOÓN DE NATURALEZA Y LA SOCIEDAD,36,11,46,33.91,0.7391,text_detected,,,,visual_only,medium,OCR_VISUAL_NOISE,fallback_psm;visual_noise,PAGESTRUCT_LTMD_U1_W4_SOCIAL_SCIENCES_0.1
U1-H2008P2CI256-P037,H2008P2CI256,2008,2,EXPLORACIOÓN DE NATURALEZA Y LA SOCIEDAD,37,3,3,95.52,0.0000,text_detected,,,,unknown,low,CONSERVATIVE_UNKNOWN,,PAGESTRUCT_LTMD_U1_W4_SOCIAL_SCIENCES_0.1
U1-H2008P2CI256-P038,H2008P2CI256,2008,2,EXPLORACIOÓN DE NATURALEZA Y LA SOCIEDAD,38,3,93,94.84,0.0000,text_detected,,,,mixed_text_image,medium,OCR_MODERATE_TEXT,text_present,PAGESTRUCT_LTMD_U1_W4_SOCIAL_SCIENCES_0.1
U1-H2008P2CI256-P039,H2008P2CI256,2008,2,EXPLORACIOÓN DE NATURALEZA Y LA SOCIEDAD,39,3,181,92.33,0.0387,text_detected,,,,textual,high,OCR_TEXT_RICH,text_rich,PAGESTRUCT_LTMD_U1_W4_SOCIAL_SCIENCES_0.1
U1-H2008P2CI256-P040,H2008P2CI256,2008,2,EXPLORACIOÓN DE NATURALEZA Y LA SOCIEDAD,40,3,17,87.23,0.1176,text_detected,,,,mixed_text_image,low,OCR_SPARSE_HIGH_CONF,,PAGESTRUCT_LTMD_U1_W4_SOCIAL_SCIENCES_0.1
U1-H2008P2CI256-P041,H2008P2CI256,2008,2,EXPLORACIOÓN DE NATURALEZA Y LA SOCIEDAD,41,3,28,78.38,0.1786,text_detected,,,,mixed_text_image,medium,OCR_MODERATE_TEXT,text_present,PAGESTRUCT_LTMD_U1_W4_SOCIAL_SCIENCES_0.1
U1-H2008P2CI256-P042,H2008P2CI256,2008,2,EXPLORACIOÓN DE NATURALEZA Y LA SOCIEDAD,42,3,90,93.54,0.0222,text_detected,,,,mixed_text_image,medium,OCR_MODERATE_TEXT,text_present,PAGESTRUCT_LTMD_U1_W4_SOCIAL_SCIENCES_0.1
U1-H2008P2CI256-P043,H2008P2CI256,2008,2,EXPLORACIOÓN DE NATURALEZA Y LA SOCIEDAD,43,3,187,90.02,0.0695,text_detected,,,,textual,high,OCR_TEXT_RICH,text_rich,PAGESTRUCT_LTMD_U1_W4_SOCIAL_SCIENCES_0.1
U1-H2008P2CI256-P044,H2008P2CI256,2008,2,EXPLORACIOÓN DE NATURALEZA Y LA SOCIEDAD,44,3,59,96.16,0.0000,text_detected,,,,mixed_text_image,medium,OCR_MODERATE_TEXT,text_present,PAGESTRUCT_LTMD_U1_W4_SOCIAL_SCIENCES_0.1
U1-H2008P2CI256-P045,H2008P2CI256,2008,2,EXPLORACIOÓN DE NATURALEZA Y LA SOCIEDAD,45,3,49,90.08,0.0612,text_detected,,,,mixed_text_image,medium,OCR_MODERATE_TEXT,text_present,PAGESTRUCT_LTMD_U1_W4_SOCIAL_SCIENCES_0.1
U1-H2008P2CI256-P046,H2008P2CI256,2008,2,EXPLORACIOÓN DE NATURALEZA Y LA SOCIEDAD,46,3,65,93.79,0.0462,text_detected,,,,mixed_text_image,medium,OCR_MODERATE_TEXT,text_present,PAGESTRUCT_LTMD_U1_W4_SOCIAL_SCIENCES_0.1
U1-H2008P2CI256-P047,H2008P2CI256,2008,2,EXPLORACIOÓN DE NATURALEZA Y LA SOCIEDAD,47,3,39,95.72,0.0000,text_detected,,,,mixed_text_image,medium,OCR_MODERATE_TEXT,text_present,PAGESTRUCT_LTMD_U1_W4_SOCIAL_SCIENCES_0.1
U1-H2008P2CI256-P048,H2008P2CI256,2008,2,EXPLORACIOÓN DE NATURALEZA Y LA SOCIEDAD,48,3,84,84.74,0.1310,text_detected,,,,mixed_text_image,medium,OCR_MODERATE_TEXT,text_present,PAGESTRUCT_LTMD_U1_W4_SOCIAL_SCIENCES_0.1
U1-H2008P2CI256-P049,H2008P2CI256,2008,2,EXPLORACIOÓN DE NATURALEZA Y LA SOCIEDAD,49,3,121,93.50,0.0165,text_detected,,,,textual,high,OCR_TEXT_RICH,text_rich,PAGESTRUCT_LTMD_U1_W4_SOCIAL_SCIENCES_0.1
U1-H2008P2CI256-P050,H2008P2CI256,2008,2,EXPLORACIOÓN DE NATURALEZA Y LA SOCIEDAD,50,3,20,85.20,0.1000,text_detected,,,,mixed_text_image,medium,OCR_MODERATE_TEXT,text_present,PAGESTRUCT_LTMD_U1_W4_SOCIAL_SCIENCES_0.1
U1-H2008P2CI256-P051,H2008P2CI256,2008,2,EXPLORACIOÓN DE NATURALEZA Y LA SOCIEDAD,51,3,43,91.84,0.0465,text_detected,,,,mixed_text_image,medium,OCR_MODERATE_TEXT,text_present,PAGESTRUCT_LTMD_U1_W4_SOCIAL_SCIENCES_0.1
U1-H2008P2CI256-P052,H2008P2CI256,2008,2,EXPLORACIOÓN DE NATURALEZA Y LA SOCIEDAD,52,3,28,90.44,0.0357,text_detected,,,,mixed_text_image,medium,OCR_MODERATE_TEXT,text_present,PAGESTRUCT_LTMD_U1_W4_SOCIAL_SCIENCES_0.1
U1-H2008P2CI256-P053,H2008P2CI256,2008,2,EXPLORACIOÓN DE NATURALEZA Y LA SOCIEDAD,53,3,12,84.64,0.1667,text_detected,,,,mixed_text_image,low,OCR_SPARSE_HIGH_CONF,,PAGESTRUCT_LTMD_U1_W4_SOCIAL_SCIENCES_0.1
U1-H2008P2CI256-P054,H2008P2CI256,2008,2,EXPLORACIOÓN DE NATURALEZA Y LA SOCIEDAD,54,3,32,96.61,0.0000,text_detected,,,,mixed_text_image,medium,OCR_MODERATE_TEXT,text_present,PAGESTRUCT_LTMD_U1_W4_SOCIAL_SCIENCES_0.1
U1-H2008P2CI256-P055,H2008P2CI256,2008,2,EXPLORACIOÓN DE NATURALEZA Y LA SOCIEDAD,55,3,64,95.41,0.0000,text_detected,,,,mixed_text_image,medium,OCR_MODERATE_TEXT,text_present,PAGESTRUCT_LTMD_U1_W4_SOCIAL_SCIENCES_0.1
U1-H2008P2CI256-P056,H2008P2CI256,2008,2,EXPLORACIOÓN DE NATURALEZA Y LA SOCIEDAD,56,3,74,92.69,0.0405,text_detected,,,,mixed_text_image,medium,OCR_MODERATE_TEXT,text_present,PAGESTRUCT_LTMD_U1_W4_SOCIAL_SCIENCES_0.1
U1-H2008P2CI256-P057,H2008P2CI256,2008,2,EXPLORACIOÓN DE NATURALEZA Y LA SOCIEDAD,57,3,139,90.85,0.0791,text_detected,,,,textual,high,OCR_TEXT_RICH,text_rich,PAGESTRUCT_LTMD_U1_W4_SOCIAL_SCIENCES_0.1
U1-H2008P2CI256-P058,H2008P2CI256,2008,2,EXPLORACIOÓN DE NATURALEZA Y LA SOCIEDAD,58,3,149,79.73,0.1879,text_detected,,,,textual,high,OCR_TEXT_RICH,text_rich,PAGESTRUCT_LTMD_U1_W4_SOCIAL_SCIENCES_0.1
U1-H2008P2CI256-P059,H2008P2CI256,2008,2,EXPLORACIOÓN DE NATURALEZA Y LA SOCIEDAD,59,3,35,77.62,0.2571,text_detected,,,,mixed_text_image,medium,OCR_MODERATE_TEXT,text_present,PAGESTRUCT_LTMD_U1_W4_SOCIAL_SCIENCES_0.1
U1-H2008P2CI256-P060,H2008P2CI256,2008,2,EXPLORACIOÓN DE NATURALEZA Y LA SOCIEDAD,60,6,57,41.80,0.7368,text_detected,,,,visual_only,medium,OCR_VISUAL_NOISE,fallback_psm;visual_noise,PAGESTRUCT_LTMD_U1_W4_SOCIAL_SCIENCES_0.1
U1-H2008P2CI256-P061,H2008P2CI256,2008,2,EXPLORACIOÓN DE NATURALEZA Y LA SOCIEDAD,61,3,4,76.31,0.2500,text_detected,,,,mixed_text_image,low,OCR_SPARSE_HIGH_CONF,,PAGESTRUCT_LTMD_U1_W4_SOCIAL_SCIENCES_0.1
U1-H2008P2CI256-P062,H2008P2CI256,2008,2,EXPLORACIOÓN DE NATURALEZA Y LA SOCIEDAD,62,3,109,87.94,0.0917,text_detected,,,,mixed_text_image,medium,OCR_MODERATE_TEXT,text_present,PAGESTRUCT_LTMD_U1_W4_SOCIAL_SCIENCES_0.1
U1-H2008P2CI256-P063,H2008P2CI256,2008,2,EXPLORACIOÓN DE NATURALEZA Y LA SOCIEDAD,63,3,131,95.75,0.0076,text_detected,,,,textual,high,OCR_TEXT_RICH,text_rich,PAGESTRUCT_LTMD_U1_W4_SOCIAL_SCIENCES_0.1
U1-H2008P2CI256-P064,H2008P2CI256,2008,2,EXPLORACIOÓN DE NATURALEZA Y LA SOCIEDAD,64,3,54,91.43,0.0556,text_detected,,,,mixed_text_image,medium,OCR_MODERATE_TEXT,text_present,PAGESTRUCT_LTMD_U1_W4_SOCIAL_SCIENCES_0.1
U1-H2008P2CI256-P065,H2008P2CI256,2008,2,EXPLORACIOÓN DE NATURALEZA Y LA SOCIEDAD,65,3,5,77.53,0.2000,text_detected,,,,mixed_text_image,low,OCR_SPARSE_HIGH_CONF,,PAGESTRUCT_LTMD_U1_W4_SOCIAL_SCIENCES_0.1
U1-H2008P2CI256-P066,H2008P2CI256,2008,2,EXPLORACIOÓN DE NATURALEZA Y LA SOCIEDAD,66,3,60,91.09,0.0333,text_detected,,,,mixed_text_image,medium,OCR_MODERATE_TEXT,text_present,PAGESTRUCT_LTMD_U1_W4_SOCIAL_SCIENCES_0.1
U1-H2008P2CI256-P067,H2008P2CI256,2008,2,EXPLORACIOÓN DE NATURALEZA Y LA SOCIEDAD,67,3,71,90.97,0.0704,text_detected,,,,mixed_text_image,medium,OCR_MODERATE_TEXT,text_present,PAGESTRUCT_LTMD_U1_W4_SOCIAL_SCIENCES_0.1
U1-H2008P2CI256-P068,H2008P2CI256,2008,2,EXPLORACIOÓN DE NATURALEZA Y LA SOCIEDAD,68,3,75,92.52,0.0267,text_detected,,,,mixed_text_image,medium,OCR_MODERATE_TEXT,text_present,PAGESTRUCT_LTMD_U1_W4_SOCIAL_SCIENCES_0.1
U1-H2008P2CI256-P069,H2008P2CI256,2008,2,EXPLORACIOÓN DE NATURALEZA Y LA SOCIEDAD,69,3,118,91.12,0.0508,text_detected,,,,mixed_text_image,medium,OCR_MODERATE_TEXT,text_present,PAGESTRUCT_LTMD_U1_W4_SOCIAL_SCIENCES_0.1
U1-H2008P2CI256-P070,H2008P2CI256,2008,2,EXPLORACIOÓN DE NATURALEZA Y LA SOCIEDAD,70,3,68,92.28,0.0294,text_detected,,,,mixed_text_image,medium,OCR_MODERATE_TEXT,text_present,PAGESTRUCT_LTMD_U1_W4_SOCIAL_SCIENCES_0.1
U1-H2008P2CI256-P071,H2008P2CI256,2008,2,EXPLORACIOÓN DE NATURALEZA Y LA SOCIEDAD,71,3,94,92.38,0.0532,text_detected,,,,mixed_text_image,medium,OCR_MODERATE_TEXT,text_present,PAGESTRUCT_LTMD_U1_W4_SOCIAL_SCIENCES_0.1
U1-H2008P2CI256-P072,H2008P2CI256,2008,2,EXPLORACIOÓN DE NATURALEZA Y LA SOCIEDAD,72,3,151,94.20,0.0199,text_detected,,,,textual,high,OCR_TEXT_RICH,text_rich,PAGESTRUCT_LTMD_U1_W4_SOCIAL_SCIENCES_0.1
U1-H2008P2CI256-P073,H2008P2CI256,2008,2,EXPLORACIOÓN DE NATURALEZA Y LA SOCIEDAD,73,3,57,80.05,0.2105,text_detected,,,,mixed_text_image,medium,OCR_MODERATE_TEXT,text_present,PAGESTRUCT_LTMD_U1_W4_SOCIAL_SCIENCES_0.1
U1-H2008P2CI256-P074,H2008P2CI256,2008,2,EXPLORACIOÓN DE NATURALEZA Y LA SOCIEDAD,74,3,7,65.72,0.2857,text_detected,,,,unknown,low,CONSERVATIVE_UNKNOWN,,PAGESTRUCT_LTMD_U1_W4_SOCIAL_SCIENCES_0.1
U1-H2008P2CI256-P075,H2008P2CI256,2008,2,EXPLORACIOÓN DE NATURALEZA Y LA SOCIEDAD,75,3,75,94.07,0.0133,text_detected,,,,mixed_text_image,medium,OCR_MODERATE_TEXT,text_present,PAGESTRUCT_LTMD_U1_W4_SOCIAL_SCIENCES_0.1
U1-H2008P2CI256-P076,H2008P2CI256,2008,2,EXPLORACIOÓN DE NATURALEZA Y LA SOCIEDAD,76,3,42,93.06,0.0238,text_detected,,,,mixed_text_image,medium,OCR_MODERATE_TEXT,text_present,PAGESTRUCT_LTMD_U1_W4_SOCIAL_SCIENCES_0.1
U1-H2008P2CI256-P077,H2008P2CI256,2008,2,EXPLORACIOÓN DE NATURALEZA Y LA SOCIEDAD,77,3,61,89.19,0.0820,text_detected,,,,mixed_text_image,medium,OCR_MODERATE_TEXT,text_present,PAGESTRUCT_LTMD_U1_W4_SOCIAL_SCIENCES_0.1
U1-H2008P2CI256-P078,H2008P2CI256,2008,2,EXPLORACIOÓN DE NATURALEZA Y LA SOCIEDAD,78,11,9,41.93,0.8889,text_detected,,,,visual_only,high,OCR_VISUAL_NOISE,fallback_psm;visual_noise,PAGESTRUCT_LTMD_U1_W4_SOCIAL_SCIENCES_0.1
U1-H2008P2CI256-P079,H2008P2CI256,2008,2,EXPLORACIOÓN DE NATURALEZA Y LA SOCIEDAD,79,3,7,96.53,0.0000,text_detected,,,,mixed_text_image,low,OCR_SPARSE_HIGH_CONF,,PAGESTRUCT_LTMD_U1_W4_SOCIAL_SCIENCES_0.1
U1-H2008P2CI256-P080,H2008P2CI256,2008,2,EXPLORACIOÓN DE NATURALEZA Y LA SOCIEDAD,80,3,95,91.30,0.0526,text_detected,,,,mixed_text_image,medium,OCR_MODERATE_TEXT,text_present,PAGESTRUCT_LTMD_U1_W4_SOCIAL_SCIENCES_0.1
U1-H2008P2CI256-P081,H2008P2CI256,2008,2,EXPLORACIOÓN DE NATURALEZA Y LA SOCIEDAD,81,3,78,83.60,0.1410,text_detected,,,,mixed_text_image,medium,OCR_MODERATE_TEXT,text_present,PAGESTRUCT_LTMD_U1_W4_SOCIAL_SCIENCES_0.1
U1-H2008P2CI256-P082,H2008P2CI256,2008,2,EXPLORACIOÓN DE NATURALEZA Y LA SOCIEDAD,82,3,48,91.00,0.0625,text_detected,,,,mixed_text_image,medium,OCR_MODERATE_TEXT,text_present,PAGESTRUCT_LTMD_U1_W4_SOCIAL_SCIENCES_0.1
U1-H2008P2CI256-P083,H2008P2CI256,2008,2,EXPLORACIOÓN DE NATURALEZA Y LA SOCIEDAD,83,3,81,92.09,0.0617,text_detected,,,,mixed_text_image,medium,OCR_MODERATE_TEXT,text_present,PAGESTRUCT_LTMD_U1_W4_SOCIAL_SCIENCES_0.1
U1-H2008P2CI256-P084,H2008P2CI256,2008,2,EXPLORACIOÓN DE NATURALEZA Y LA SOCIEDAD,84,3,58,94.82,0.0000,text_detected,,,,mixed_text_image,medium,OCR_MODERATE_TEXT,text_present,PAGESTRUCT_LTMD_U1_W4_SOCIAL_SCIENCES_0.1
U1-H2008P2CI256-P085,H2008P2CI256,2008,2,EXPLORACIOÓN DE NATURALEZA Y LA SOCIEDAD,85,3,41,95.23,0.0000,text_detected,,,,mixed_text_image,medium,OCR_MODERATE_TEXT,text_present,PAGESTRUCT_LTMD_U1_W4_SOCIAL_SCIENCES_0.1
U1-H2008P2CI256-P086,H2008P2CI256,2008,2,EXPLORACIOÓN DE NATURALEZA Y LA SOCIEDAD,86,3,61,95.00,0.0164,text_detected,,,,mixed_text_image,medium,OCR_MODERATE_TEXT,text_present,PAGESTRUCT_LTMD_U1_W4_SOCIAL_SCIENCES_0.1
U1-H2008P2CI256-P087,H2008P2CI256,2008,2,EXPLORACIOÓN DE NATURALEZA Y LA SOCIEDAD,87,3,24,81.04,0.2083,text_detected,,,,mixed_text_image,medium,OCR_MODERATE_TEXT,text_present,PAGESTRUCT_LTMD_U1_W4_SOCIAL_SCIENCES_0.1
U1-H2008P2CI256-P088,H2008P2CI256,2008,2,EXPLORACIOÓN DE NATURALEZA Y LA SOCIEDAD,88,3,57,89.83,0.0526,text_detected,,,,mixed_text_image,medium,OCR_MODERATE_TEXT,text_present,PAGESTRUCT_LTMD_U1_W4_SOCIAL_SCIENCES_0.1
U1-H2008P2CI256-P089,H2008P2CI256,2008,2,EXPLORACIOÓN DE NATURALEZA Y LA SOCIEDAD,89,3,78,96.13,0.0000,text_detected,,,,mixed_text_image,medium,OCR_MODERATE_TEXT,text_present,PAGESTRUCT_LTMD_U1_W4_SOCIAL_SCIENCES_0.1
U1-H2008P2CI256-P090,H2008P2CI256,2008,2,EXPLORACIOÓN DE NATURALEZA Y LA SOCIEDAD,90,3,85,93.01,0.0471,text_detected,,,,mixed_text_image,medium,OCR_MODERATE_TEXT,text_present,PAGESTRUCT_LTMD_U1_W4_SOCIAL_SCIENCES_0.1
U1-H2008P2CI256-P091,H2008P2CI256,2008,2,EXPLORACIOÓN DE NATURALEZA Y LA SOCIEDAD,91,3,65,93.81,0.0154,text_detected,,,,mixed_text_image,medium,OCR_MODERATE_TEXT,text_present,PAGESTRUCT_LTMD_U1_W4_SOCIAL_SCIENCES_0.1
U1-H2008P2CI256-P092,H2008P2CI256,2008,2,EXPLORACIOÓN DE NATURALEZA Y LA SOCIEDAD,92,3,45,90.78,0.0667,text_detected,,,,mixed_text_image,medium,OCR_MODERATE_TEXT,text_present,PAGESTRUCT_LTMD_U1_W4_SOCIAL_SCIENCES_0.1
U1-H2008P2CI256-P093,H2008P2CI256,2008,2,EXPLORACIOÓN DE NATURALEZA Y LA SOCIEDAD,93,3,88,94.16,0.0341,text_detected,,,,mixed_text_image,medium,OCR_MODERATE_TEXT,text_present,PAGESTRUCT_LTMD_U1_W4_SOCIAL_SCIENCES_0.1
U1-H2008P2CI256-P094,H2008P2CI256,2008,2,EXPLORACIOÓN DE NATURALEZA Y LA SOCIEDAD,94,3,41,94.25,0.0244,text_detected,,,,mixed_text_image,medium,OCR_MODERATE_TEXT,text_present,PAGESTRUCT_LTMD_U1_W4_SOCIAL_SCIENCES_0.1
U1-H2008P2CI256-P095,H2008P2CI256,2008,2,EXPLORACIOÓN DE NATURALEZA Y LA SOCIEDAD,95,3,53,91.56,0.0566,text_detected,,,,mixed_text_image,medium,OCR_MODERATE_TEXT,text_present,PAGESTRUCT_LTMD_U1_W4_SOCIAL_SCIENCES_0.1
U1-H2008P2CI256-P096,H2008P2CI256,2008,2,EXPLORACIOÓN DE NATURALEZA Y LA SOCIEDAD,96,3,126,82.26,0.1508,text_detected,,,,textual,high,OCR_TEXT_RICH,text_rich,PAGESTRUCT_LTMD_U1_W4_SOCIAL_SCIENCES_0.1
U1-H2008P2CI256-P097,H2008P2CI256,2008,2,EXPLORACIOÓN DE NATURALEZA Y LA SOCIEDAD,97,3,114,93.36,0.0526,text_detected,,,,mixed_text_image,medium,OCR_MODERATE_TEXT,text_present,PAGESTRUCT_LTMD_U1_W4_SOCIAL_SCIENCES_0.1
U1-H2008P2CI256-P098,H2008P2CI256,2008,2,EXPLORACIOÓN DE NATURALEZA Y LA SOCIEDAD,98,3,71,87.05,0.1268,text_detected,,,,mixed_text_image,medium,OCR_MODERATE_TEXT,text_present,PAGESTRUCT_LTMD_U1_W4_SOCIAL_SCIENCES_0.1
U1-H2008P2CI256-P099,H2008P2CI256,2008,2,EXPLORACIOÓN DE NATURALEZA Y LA SOCIEDAD,99,3,14,89.70,0.0714,text_detected,,,,mixed_text_image,low,OCR_SPARSE_HIGH_CONF,,PAGESTRUCT_LTMD_U1_W4_SOCIAL_SCIENCES_0.1
U1-H2008P2CI256-P100,H2008P2CI256,2008,2,EXPLORACIOÓN DE NATURALEZA Y LA SOCIEDAD,100,3,4,1.80,1.0000,text_detected,,,,unknown,low,CONSERVATIVE_UNKNOWN,,PAGESTRUCT_LTMD_U1_W4_SOCIAL_SCIENCES_0.1
U1-H2008P2CI256-P101,H2008P2CI256,2008,2,EXPLORACIOÓN DE NATURALEZA Y LA SOCIEDAD,101,11,15,55.36,0.4000,text_detected,,,,unknown,low,CONSERVATIVE_UNKNOWN,fallback_psm,PAGESTRUCT_LTMD_U1_W4_SOCIAL_SCIENCES_0.1
U1-H2008P2CI256-P102,H2008P2CI256,2008,2,EXPLORACIOÓN DE NATURALEZA Y LA SOCIEDAD,102,3,166,93.69,0.0181,text_detected,,,,textual,high,OCR_TEXT_RICH,text_rich,PAGESTRUCT_LTMD_U1_W4_SOCIAL_SCIENCES_0.1
U1-H2008P2CI256-P103,H2008P2CI256,2008,2,EXPLORACIOÓN DE NATURALEZA Y LA SOCIEDAD,103,3,102,83.41,0.1373,text_detected,,,,mixed_text_image,medium,OCR_MODERATE_TEXT,text_present,PAGESTRUCT_LTMD_U1_W4_SOCIAL_SCIENCES_0.1
U1-H2008P2CI256-P104,H2008P2CI256,2008,2,EXPLORACIOÓN DE NATURALEZA Y LA SOCIEDAD,104,3,68,90.34,0.0441,text_detected,,,,mixed_text_image,medium,OCR_MODERATE_TEXT,text_present,PAGESTRUCT_LTMD_U1_W4_SOCIAL_SCIENCES_0.1
U1-H2008P2CI256-P105,H2008P2CI256,2008,2,EXPLORACIOÓN DE NATURALEZA Y LA SOCIEDAD,105,3,55,91.41,0.0545,text_detected,,,,mixed_text_image,medium,OCR_MODERATE_TEXT,text_present,PAGESTRUCT_LTMD_U1_W4_SOCIAL_SCIENCES_0.1
U1-H2008P2CI256-P106,H2008P2CI256,2008,2,EXPLORACIOÓN DE NATURALEZA Y LA SOCIEDAD,106,3,82,86.94,0.1220,text_detected,,,,mixed_text_image,medium,OCR_MODERATE_TEXT,text_present,PAGESTRUCT_LTMD_U1_W4_SOCIAL_SCIENCES_0.1
U1-H2008P2CI256-P107,H2008P2CI256,2008,2,EXPLORACIOÓN DE NATURALEZA Y LA SOCIEDAD,107,3,59,96.17,0.0000,text_detected,,,,mixed_text_image,medium,OCR_MODERATE_TEXT,text_present,PAGESTRUCT_LTMD_U1_W4_SOCIAL_SCIENCES_0.1
U1-H2008P2CI256-P108,H2008P2CI256,2008,2,EXPLORACIOÓN DE NATURALEZA Y LA SOCIEDAD,108,3,65,92.39,0.0154,text_detected,,,,mixed_text_image,medium,OCR_MODERATE_TEXT,text_present,PAGESTRUCT_LTMD_U1_W4_SOCIAL_SCIENCES_0.1
U1-H2008P2CI256-P109,H2008P2CI256,2008,2,EXPLORACIOÓN DE NATURALEZA Y LA SOCIEDAD,109,3,164,89.73,0.0793,text_detected,,,,textual,high,OCR_TEXT_RICH,text_rich,PAGESTRUCT_LTMD_U1_W4_SOCIAL_SCIENCES_0.1
U1-H2008P2CI256-P110,H2008P2CI256,2008,2,EXPLORACIOÓN DE NATURALEZA Y LA SOCIEDAD,110,3,53,95.48,0.0189,text_detected,,,,mixed_text_image,medium,OCR_MODERATE_TEXT,text_present,PAGESTRUCT_LTMD_U1_W4_SOCIAL_SCIENCES_0.1
U1-H2008P2CI256-P111,H2008P2CI256,2008,2,EXPLORACIOÓN DE NATURALEZA Y LA SOCIEDAD,111,3,105,94.60,0.0095,text_detected,,,,mixed_text_image,medium,OCR_MODERATE_TEXT,text_present,PAGESTRUCT_LTMD_U1_W4_SOCIAL_SCIENCES_0.1
U1-H2008P2CI256-P112,H2008P2CI256,2008,2,EXPLORACIOÓN DE NATURALEZA Y LA SOCIEDAD,112,3,111,95.35,0.0090,text_detected,,,,mixed_text_image,medium,OCR_MODERATE_TEXT,text_present,PAGESTRUCT_LTMD_U1_W4_SOCIAL_SCIENCES_0.1
U1-H2008P2CI256-P113,H2008P2CI256,2008,2,EXPLORACIOÓN DE NATURALEZA Y LA SOCIEDAD,113,3,109,91.68,0.0826,text_detected,,,,mixed_text_image,medium,OCR_MODERATE_TEXT,text_present,PAGESTRUCT_LTMD_U1_W4_SOCIAL_SCIENCES_0.1
U1-H2008P2CI256-P114,H2008P2CI256,2008,2,EXPLORACIOÓN DE NATURALEZA Y LA SOCIEDAD,114,3,86,94.42,0.0116,text_detected,,,,mixed_text_image,medium,OCR_MODERATE_TEXT,text_present,PAGESTRUCT_LTMD_U1_W4_SOCIAL_SCIENCES_0.1
U1-H2008P2CI256-P115,H2008P2CI256,2008,2,EXPLORACIOÓN DE NATURALEZA Y LA SOCIEDAD,115,3,81,94.90,0.0123,text_detected,,,,mixed_text_image,medium,OCR_MODERATE_TEXT,text_present,PAGESTRUCT_LTMD_U1_W4_SOCIAL_SCIENCES_0.1
U1-H2008P2CI256-P116,H2008P2CI256,2008,2,EXPLORACIOÓN DE NATURALEZA Y LA SOCIEDAD,116,3,111,95.94,0.0000,text_detected,,,,mixed_text_image,medium,OCR_MODERATE_TEXT,text_present,PAGESTRUCT_LTMD_U1_W4_SOCIAL_SCIENCES_0.1
U1-H2008P2CI256-P117,H2008P2CI256,2008,2,EXPLORACIOÓN DE NATURALEZA Y LA SOCIEDAD,117,3,58,94.91,0.0000,text_detected,,,,mixed_text_image,medium,OCR_MODERATE_TEXT,text_present,PAGESTRUCT_LTMD_U1_W4_SOCIAL_SCIENCES_0.1
U1-H2008P2CI256-P118,H2008P2CI256,2008,2,EXPLORACIOÓN DE NATURALEZA Y LA SOCIEDAD,118,3,35,82.92,0.1429,text_detected,,,,mixed_text_image,medium,OCR_MODERATE_TEXT,text_present,PAGESTRUCT_LTMD_U1_W4_SOCIAL_SCIENCES_0.1
U1-H2008P2CI256-P119,H2008P2CI256,2008,2,EXPLORACIOÓN DE NATURALEZA Y LA SOCIEDAD,119,3,175,87.12,0.0914,text_detected,,,,textual,high,OCR_TEXT_RICH,text_rich,PAGESTRUCT_LTMD_U1_W4_SOCIAL_SCIENCES_0.1
U1-H2008P2CI256-P120,H2008P2CI256,2008,2,EXPLORACIOÓN DE NATURALEZA Y LA SOCIEDAD,120,3,377,79.90,0.1751,text_detected,,,,textual,high,OCR_TEXT_RICH,text_rich,PAGESTRUCT_LTMD_U1_W4_SOCIAL_SCIENCES_0.1
U1-H2008P2CI256-P121,H2008P2CI256,2008,2,EXPLORACIOÓN DE NATURALEZA Y LA SOCIEDAD,121,3,189,89.68,0.0476,text_detected,,,,textual,high,OCR_TEXT_RICH,text_rich,PAGESTRUCT_LTMD_U1_W4_SOCIAL_SCIENCES_0.1
U1-H2008P2CI256-P122,H2008P2CI256,2008,2,EXPLORACIOÓN DE NATURALEZA Y LA SOCIEDAD,122,3,12,22.95,1.0000,text_detected,,,,unknown,low,CONSERVATIVE_UNKNOWN,,PAGESTRUCT_LTMD_U1_W4_SOCIAL_SCIENCES_0.1
U1-H2008P2CI256-P123,H2008P2CI256,2008,2,EXPLORACIOÓN DE NATURALEZA Y LA SOCIEDAD,123,6,222,86.66,0.0766,text_detected,,,,textual,high,OCR_TEXT_RICH,fallback_psm;text_rich,PAGESTRUCT_LTMD_U1_W4_SOCIAL_SCIENCES_0.1
U1-H2008P2CI256-P124,H2008P2CI256,2008,2,EXPLORACIOÓN DE NATURALEZA Y LA SOCIEDAD,124,3,240,24.01,1.0000,text_detected,,,,unknown,low,CONSERVATIVE_UNKNOWN,,PAGESTRUCT_LTMD_U1_W4_SOCIAL_SCIENCES_0.1
U1-H2008P2CI256-P125,H2008P2CI256,2008,2,EXPLORACIOÓN DE NATURALEZA Y LA SOCIEDAD,125,3,7,36.94,0.8571,text_detected,,,,unknown,low,CONSERVATIVE_UNKNOWN,,PAGESTRUCT_LTMD_U1_W4_SOCIAL_SCIENCES_0.1
U1-H2008P2CI256-P126,H2008P2CI256,2008,2,EXPLORACIOÓN DE NATURALEZA Y LA SOCIEDAD,126,3,269,24.68,0.9926,text_detected,,,,unknown,low,CONSERVATIVE_UNKNOWN,,PAGESTRUCT_LTMD_U1_W4_SOCIAL_SCIENCES_0.1
U1-H2008P2CI256-P127,H2008P2CI256,2008,2,EXPLORACIOÓN DE NATURALEZA Y LA SOCIEDAD,127,3,3,96.63,0.0000,text_detected,,,,unknown,low,CONSERVATIVE_UNKNOWN,,PAGESTRUCT_LTMD_U1_W4_SOCIAL_SCIENCES_0.1
U1-H2008P2CI256-P128,H2008P2CI256,2008,2,EXPLORACIOÓN DE NATURALEZA Y LA SOCIEDAD,128,3,191,26.09,0.9634,text_detected,,,,unknown,low,CONSERVATIVE_UNKNOWN,,PAGESTRUCT_LTMD_U1_W4_SOCIAL_SCIENCES_0.1
U1-H2008P2CI256-P129,H2008P2CI256,2008,2,EXPLORACIOÓN DE NATURALEZA Y LA SOCIEDAD,129,6,35,27.45,0.8857,text_detected,,,,visual_only,high,OCR_VISUAL_NOISE,fallback_psm;visual_noise,PAGESTRUCT_LTMD_U1_W4_SOCIAL_SCIENCES_0.1
U1-H2008P2CI256-P130,H2008P2CI256,2008,2,EXPLORACIOÓN DE NATURALEZA Y LA SOCIEDAD,130,3,199,27.86,0.9749,text_detected,,,,unknown,low,CONSERVATIVE_UNKNOWN,,PAGESTRUCT_LTMD_U1_W4_SOCIAL_SCIENCES_0.1
U1-H2008P2CI256-P131,H2008P2CI256,2008,2,EXPLORACIOÓN DE NATURALEZA Y LA SOCIEDAD,131,3,172,88.55,0.0523,text_detected,,,,textual,high,OCR_TEXT_RICH,text_rich,PAGESTRUCT_LTMD_U1_W4_SOCIAL_SCIENCES_0.1
U1-H2008P2CI256-P132,H2008P2CI256,2008,2,EXPLORACIOÓN DE NATURALEZA Y LA SOCIEDAD,132,3,235,25.94,0.9915,text_detected,,,,unknown,low,CONSERVATIVE_UNKNOWN,,PAGESTRUCT_LTMD_U1_W4_SOCIAL_SCIENCES_0.1
U1-H2008P2CI256-P133,H2008P2CI256,2008,2,EXPLORACIOÓN DE NATURALEZA Y LA SOCIEDAD,133,3,97,86.34,0.0928,text_detected,,,,mixed_text_image,medium,OCR_MODERATE_TEXT,text_present,PAGESTRUCT_LTMD_U1_W4_SOCIAL_SCIENCES_0.1
U1-H2008P2CI256-P134,H2008P2CI256,2008,2,EXPLORACIOÓN DE NATURALEZA Y LA SOCIEDAD,134,3,251,27.78,0.9681,text_detected,,,,unknown,low,CONSERVATIVE_UNKNOWN,,PAGESTRUCT_LTMD_U1_W4_SOCIAL_SCIENCES_0.1
U1-H2008P2CI256-P135,H2008P2CI256,2008,2,EXPLORACIOÓN DE NATURALEZA Y LA SOCIEDAD,135,3,4,19.48,1.0000,text_detected,,,,unknown,low,CONSERVATIVE_UNKNOWN,,PAGESTRUCT_LTMD_U1_W4_SOCIAL_SCIENCES_0.1
U1-H2008P2CI256-P136,H2008P2CI256,2008,2,EXPLORACIOÓN DE NATURALEZA Y LA SOCIEDAD,136,3,1,30.81,1.0000,text_detected,,,,visual_only,medium,OCR_VISUAL_NOISE,visual_noise,PAGESTRUCT_LTMD_U1_W4_SOCIAL_SCIENCES_0.1
U1-H2008P2CI256-P137,H2008P2CI256,2008,2,EXPLORACIOÓN DE NATURALEZA Y LA SOCIEDAD,137,3,56,51.30,0.4821,text_detected,,,,unknown,low,CONSERVATIVE_UNKNOWN,,PAGESTRUCT_LTMD_U1_W4_SOCIAL_SCIENCES_0.1
U1-H2008P2CI256-P138,H2008P2CI256,2008,2,EXPLORACIOÓN DE NATURALEZA Y LA SOCIEDAD,138,3,311,27.63,0.9678,text_detected,,,,unknown,low,CONSERVATIVE_UNKNOWN,,PAGESTRUCT_LTMD_U1_W4_SOCIAL_SCIENCES_0.1
U1-H2008P2CI256-P139,H2008P2CI256,2008,2,EXPLORACIOÓN DE NATURALEZA Y LA SOCIEDAD,139,3,211,87.84,0.0900,text_detected,,,,textual,high,OCR_TEXT_RICH,text_rich,PAGESTRUCT_LTMD_U1_W4_SOCIAL_SCIENCES_0.1
U1-H2008P2CI256-P140,H2008P2CI256,2008,2,EXPLORACIOÓN DE NATURALEZA Y LA SOCIEDAD,140,3,260,23.44,0.9885,text_detected,,,,unknown,low,CONSERVATIVE_UNKNOWN,,PAGESTRUCT_LTMD_U1_W4_SOCIAL_SCIENCES_0.1
U1-H2008P2CI256-P141,H2008P2CI256,2008,2,EXPLORACIOÓN DE NATURALEZA Y LA SOCIEDAD,141,3,67,86.12,0.1194,text_detected,,,,mixed_text_image,medium,OCR_MODERATE_TEXT,text_present,PAGESTRUCT_LTMD_U1_W4_SOCIAL_SCIENCES_0.1
U1-H2008P2CI256-P142,H2008P2CI256,2008,2,EXPLORACIOÓN DE NATURALEZA Y LA SOCIEDAD,142,3,258,28.31,0.9767,text_detected,,,,unknown,low,CONSERVATIVE_UNKNOWN,,PAGESTRUCT_LTMD_U1_W4_SOCIAL_SCIENCES_0.1
U1-H2008P2CI256-P143,H2008P2CI256,2008,2,EXPLORACIOÓN DE NATURALEZA Y LA SOCIEDAD,143,3,116,90.67,0.0431,text_detected,,,,mixed_text_image,medium,OCR_MODERATE_TEXT,text_present,PAGESTRUCT_LTMD_U1_W4_SOCIAL_SCIENCES_0.1
U1-H2008P2CI256-P144,H2008P2CI256,2008,2,EXPLORACIOÓN DE NATURALEZA Y LA SOCIEDAD,144,3,229,26.55,0.9563,text_detected,,,,unknown,low,CONSERVATIVE_UNKNOWN,,PAGESTRUCT_LTMD_U1_W4_SOCIAL_SCIENCES_0.1
U1-H2008P2CI256-P145,H2008P2CI256,2008,2,EXPLORACIOÓN DE NATURALEZA Y LA SOCIEDAD,145,3,143,84.78,0.1119,text_detected,,,,textual,high,OCR_TEXT_RICH,text_rich,PAGESTRUCT_LTMD_U1_W4_SOCIAL_SCIENCES_0.1
U1-H2008P2CI256-P146,H2008P2CI256,2008,2,EXPLORACIOÓN DE NATURALEZA Y LA SOCIEDAD,146,3,258,28.34,0.9690,text_detected,,,,unknown,low,CONSERVATIVE_UNKNOWN,,PAGESTRUCT_LTMD_U1_W4_SOCIAL_SCIENCES_0.1
U1-H2008P2CI256-P147,H2008P2CI256,2008,2,EXPLORACIOÓN DE NATURALEZA Y LA SOCIEDAD,147,3,1,35.66,1.0000,text_detected,,,,visual_only,medium,OCR_VISUAL_NOISE,visual_noise,PAGESTRUCT_LTMD_U1_W4_SOCIAL_SCIENCES_0.1
U1-H2008P2CI256-P148,H2008P2CI256,2008,2,EXPLORACIOÓN DE NATURALEZA Y LA SOCIEDAD,148,3,230,26.02,0.9696,text_detected,,,,unknown,low,CONSERVATIVE_UNKNOWN,,PAGESTRUCT_LTMD_U1_W4_SOCIAL_SCIENCES_0.1
U1-H2008P2CI256-P149,H2008P2CI256,2008,2,EXPLORACIOÓN DE NATURALEZA Y LA SOCIEDAD,149,6,32,46.04,0.6875,text_detected,,,,visual_only,medium,OCR_VISUAL_NOISE,fallback_psm;visual_noise,PAGESTRUCT_LTMD_U1_W4_SOCIAL_SCIENCES_0.1
U1-H2008P2CI256-P150,H2008P2CI256,2008,2,EXPLORACIOÓN DE NATURALEZA Y LA SOCIEDAD,150,3,273,26.38,0.9744,text_detected,,,,unknown,low,CONSERVATIVE_UNKNOWN,,PAGESTRUCT_LTMD_U1_W4_SOCIAL_SCIENCES_0.1
U1-H2008P2CI256-P151,H2008P2CI256,2008,2,EXPLORACIOÓN DE NATURALEZA Y LA SOCIEDAD,151,3,2,19.56,1.0000,text_detected,,,,visual_only,medium,OCR_VISUAL_NOISE,visual_noise,PAGESTRUCT_LTMD_U1_W4_SOCIAL_SCIENCES_0.1
U1-H2008P2CI256-P152,H2008P2CI256,2008,2,EXPLORACIOÓN DE NATURALEZA Y LA SOCIEDAD,152,3,278,23.37,0.9892,text_detected,,,,unknown,low,CONSERVATIVE_UNKNOWN,,PAGESTRUCT_LTMD_U1_W4_SOCIAL_SCIENCES_0.1
U1-H2008P2CI256-P153,H2008P2CI256,2008,2,EXPLORACIOÓN DE NATURALEZA Y LA SOCIEDAD,153,3,130,86.25,0.1077,text_detected,,,,textual,high,OCR_TEXT_RICH,text_rich,PAGESTRUCT_LTMD_U1_W4_SOCIAL_SCIENCES_0.1
U1-H2008P2CI256-P154,H2008P2CI256,2008,2,EXPLORACIOÓN DE NATURALEZA Y LA SOCIEDAD,154,3,248,31.63,0.9395,text_detected,,,,unknown,low,CONSERVATIVE_UNKNOWN,,PAGESTRUCT_LTMD_U1_W4_SOCIAL_SCIENCES_0.1
U1-H2008P2CI256-P155,H2008P2CI256,2008,2,EXPLORACIOÓN DE NATURALEZA Y LA SOCIEDAD,155,3,106,90.88,0.0660,text_detected,0,0,0,mixed_text_image,medium,OCR_MODERATE_TEXT,end_zone;text_present,PAGESTRUCT_LTMD_U1_W4_SOCIAL_SCIENCES_0.1
U1-H2008P2CI256-P156,H2008P2CI256,2008,2,EXPLORACIOÓN DE NATURALEZA Y LA SOCIEDAD,156,3,259,24.79,0.9768,text_detected,0,0,0,unknown,low,CONSERVATIVE_UNKNOWN,end_zone,PAGESTRUCT_LTMD_U1_W4_SOCIAL_SCIENCES_0.1
U1-H2008P2CI256-P157,H2008P2CI256,2008,2,EXPLORACIOÓN DE NATURALEZA Y LA SOCIEDAD,157,11,17,31.81,0.8235,text_detected,0,0,0,visual_only,high,OCR_VISUAL_NOISE,end_zone;fallback_psm;visual_noise,PAGESTRUCT_LTMD_U1_W4_SOCIAL_SCIENCES_0.1
U1-H2008P2CI256-P158,H2008P2CI256,2008,2,EXPLORACIOÓN DE NATURALEZA Y LA SOCIEDAD,158,3,82,81.46,0.1463,text_detected,0,1,0,mixed_text_image,medium,OCR_MODERATE_TEXT,end_zone;text_present;nav_kw,PAGESTRUCT_LTMD_U1_W4_SOCIAL_SCIENCES_0.1
U1-H2008P2CI256-P159,H2008P2CI256,2008,2,EXPLORACIOÓN DE NATURALEZA Y LA SOCIEDAD,159,11,12,21.09,1.0000,text_detected,0,0,0,visual_only,high,OCR_VISUAL_NOISE,end_zone;fallback_psm;visual_noise,PAGESTRUCT_LTMD_U1_W4_SOCIAL_SCIENCES_0.1
U1-H2008P2CI256-P160,H2008P2CI256,2008,2,EXPLORACIOÓN DE NATURALEZA Y LA SOCIEDAD,160,3,247,27.75,0.9636,text_detected,0,0,0,unknown,low,CONSERVATIVE_UNKNOWN,end_zone,PAGESTRUCT_LTMD_U1_W4_SOCIAL_SCIENCES_0.1
U1-H2008P2CI256-P161,H2008P2CI256,2008,2,EXPLORACIOÓN DE NATURALEZA Y LA SOCIEDAD,161,,3,25.35,1.0000,no_text_detected,0,0,0,visual_only,high,OCR_VISUAL_NOISE,end_zone;visual_noise,PAGESTRUCT_LTMD_U1_W4_SOCIAL_SCIENCES_0.1
U1-H2008P2CI256-P162,H2008P2CI256,2008,2,EXPLORACIOÓN DE NATURALEZA Y LA SOCIEDAD,162,11,5,36.66,1.0000,text_detected,0,0,0,visual_only,high,OCR_VISUAL_NOISE,end_zone;fallback_psm;visual_noise,PAGESTRUCT_LTMD_U1_W4_SOCIAL_SCIENCES_0.1
U1-H2008P2CI256-P163,H2008P2CI256,2008,2,EXPLORACIOÓN DE NATURALEZA Y LA SOCIEDAD,163,11,17,56.39,0.4118,text_detected,0,1,0,unknown,low,CONSERVATIVE_UNKNOWN,end_zone;fallback_psm;nav_kw,PAGESTRUCT_LTMD_U1_W4_SOCIAL_SCIENCES_0.1
U1-H2008P2CI256-P164,H2008P2CI256,2008,2,EXPLORACIOÓN DE NATURALEZA Y LA SOCIEDAD,164,3,250,23.92,0.9920,text_detected,0,0,0,unknown,low,CONSERVATIVE_UNKNOWN,end_zone,PAGESTRUCT_LTMD_U1_W4_SOCIAL_SCIENCES_0.1
U1-H2008P2CI256-P165,H2008P2CI256,2008,2,EXPLORACIOÓN DE NATURALEZA Y LA SOCIEDAD,165,11,10,48.44,0.5000,text_detected,0,1,0,unknown,low,CONSERVATIVE_UNKNOWN,end_zone;fallback_psm;nav_kw,PAGESTRUCT_LTMD_U1_W4_SOCIAL_SCIENCES_0.1
U1-H2008P2CI256-P166,H2008P2CI256,2008,2,EXPLORACIOÓN DE NATURALEZA Y LA SOCIEDAD,166,3,264,27.51,0.9697,text_detected,0,0,0,unknown,low,CONSERVATIVE_UNKNOWN,end_zone,PAGESTRUCT_LTMD_U1_W4_SOCIAL_SCIENCES_0.1
U1-H2008P2CI256-P167,H2008P2CI256,2008,2,EXPLORACIOÓN DE NATURALEZA Y LA SOCIEDAD,167,3,90,84.62,0.1667,text_detected,0,1,0,mixed_text_image,medium,OCR_MODERATE_TEXT,end_zone;text_present;nav_kw,PAGESTRUCT_LTMD_U1_W4_SOCIAL_SCIENCES_0.1
U1-H2008P2CI256-P168,H2008P2CI256,2008,2,EXPLORACIOÓN DE NATURALEZA Y LA SOCIEDAD,168,3,46,87.20,0.1087,text_detected,0,0,0,mixed_text_image,medium,OCR_MODERATE_TEXT,end_zone;text_present,PAGESTRUCT_LTMD_U1_W4_SOCIAL_SCIENCES_0.1
U1-H2008P2CI256-P169,H2008P2CI256,2008,2,EXPLORACIOÓN DE NATURALEZA Y LA SOCIEDAD,169,3,8,93.90,0.0000,text_detected,0,0,0,mixed_text_image,low,OCR_SPARSE_HIGH_CONF,end_zone,PAGESTRUCT_LTMD_U1_W4_SOCIAL_SCIENCES_0.1
U1-H2008P2CI256-P170,H2008P2CI256,2008,2,EXPLORACIOÓN DE NATURALEZA Y LA SOCIEDAD,170,6,8,52.55,0.7500,text_detected,0,0,0,unknown,low,CONSERVATIVE_UNKNOWN,end_zone;fallback_psm,PAGESTRUCT_LTMD_U1_W4_SOCIAL_SCIENCES_0.1
