audit_version,viewer_key,catalog_generation,grade_code,title_core,viewer_ui,ag_clave,viewer_page,declared_positions,source_image_index,source_asset_url,is_final_declared_position,asset_status,probe_state,http_status,content_type,byte_size,sha256,attempts,error
LTMD_U1_W4_SOCIAL_SCIENCES_ASSET_AUDIT_0.1,H1972P1CI060,1972,1,CIENCIAS SOCIALES,standard_x_js,H1972P1CI060,1,85,0,https://historico.conaliteg.gob.mx/c/H1972P1CI060/000.jpg,0,source_jpeg,served_image,200,image/jpeg,154832,552e575cad658aacccf30ee16102d7e1b693f23a9477fc61217ec8fc9fba0c6c,1,
LTMD_U1_W4_SOCIAL_SCIENCES_ASSET_AUDIT_0.1,H1972P1CI060,1972,1,CIENCIAS SOCIALES,standard_x_js,H1972P1CI060,2,85,2,https://historico.conaliteg.gob.mx/c/H1972P1CI060/002.jpg,0,source_jpeg,served_image,200,image/jpeg,16772,97113e50174d4ba95eecb4d398554b17c59549ae28b8cf20f21f5947d3196521,1,
LTMD_U1_W4_SOCIAL_SCIENCES_ASSET_AUDIT_0.1,H1972P1CI060,1972,1,CIENCIAS SOCIALES,standard_x_js,H1972P1CI060,3,85,3,https://historico.conaliteg.gob.mx/c/H1972P1CI060/003.jpg,0,source_jpeg,served_image,200,image/jpeg,41193,0857143504b5b3f5bfa6e2b5b63a276773b9f0b86ee82143b4a546eb7412bfd0,1,
LTMD_U1_W4_SOCIAL_SCIENCES_ASSET_AUDIT_0.1,H1972P1CI060,1972,1,CIENCIAS SOCIALES,standard_x_js,H1972P1CI060,4,85,4,https://historico.conaliteg.gob.mx/c/H1972P1CI060/004.jpg,0,source_jpeg,served_image,200,image/jpeg,35972,8722bc93f6955542a0461cea79b621de5c000c81936376fc2de03d5e7228d17c,1,
LTMD_U1_W4_SOCIAL_SCIENCES_ASSET_AUDIT_0.1,H1972P1CI060,1972,1,CIENCIAS SOCIALES,standard_x_js,H1972P1CI060,5,85,5,https://historico.conaliteg.gob.mx/c/H1972P1CI060/005.jpg,0,source_jpeg,served_image,200,image/jpeg,39202,4d0be584f92c1a3003584ac1a4edbeb8fcbbce6f675aca1fb01db318f2f83282,1,
LTMD_U1_W4_SOCIAL_SCIENCES_ASSET_AUDIT_0.1,H1972P1CI060,1972,1,CIENCIAS SOCIALES,standard_x_js,H1972P1CI060,6,85,6,https://historico.conaliteg.gob.mx/c/H1972P1CI060/006.jpg,0,source_jpeg,served_image,200,image/jpeg,28112,ee320aed1bf88b6a1b8e7eed5c81adb35b36321c0ab143f467c2bbdb77ba1826,1,
LTMD_U1_W4_SOCIAL_SCIENCES_ASSET_AUDIT_0.1,H1972P1CI060,1972,1,CIENCIAS SOCIALES,standard_x_js,H1972P1CI060,7,85,7,https://historico.conaliteg.gob.mx/c/H1972P1CI060/007.jpg,0,source_jpeg,served_image,200,image/jpeg,33059,9db4bcbe827867b27ae44a43f1dca80681ca90023006e5fa865bc35e51c098f0,1,
LTMD_U1_W4_SOCIAL_SCIENCES_ASSET_AUDIT_0.1,H1972P1CI060,1972,1,CIENCIAS SOCIALES,standard_x_js,H1972P1CI060,8,85,8,https://historico.conaliteg.gob.mx/c/H1972P1CI060/008.jpg,0,source_jpeg,served_image,200,image/jpeg,38505,2ea233b4ee7882b6ca679843a0330ee9237daf5b18ec6f4f9e36641b337ce30b,1,
LTMD_U1_W4_SOCIAL_SCIENCES_ASSET_AUDIT_0.1,H1972P1CI060,1972,1,CIENCIAS SOCIALES,standard_x_js,H1972P1CI060,9,85,9,https://historico.conaliteg.gob.mx/c/H1972P1CI060/009.jpg,0,source_jpeg,served_image,200,image/jpeg,40677,b27aef88d7cdfe7d2d03b341452ab2d39445e5cfe5cb5270a58a3b976b09817b,1,
LTMD_U1_W4_SOCIAL_SCIENCES_ASSET_AUDIT_0.1,H1972P1CI060,1972,1,CIENCIAS SOCIALES,standard_x_js,H1972P1CI060,10,85,10,https://historico.conaliteg.gob.mx/c/H1972P1CI060/010.jpg,0,source_jpeg,served_image,200,image/jpeg,63715,714f1c0b6c82f8624a30048597cb9776e978bde1e3a6c4d0de9b4daa12c5bec9,1,
LTMD_U1_W4_SOCIAL_SCIENCES_ASSET_AUDIT_0.1,H1972P1CI060,1972,1,CIENCIAS SOCIALES,standard_x_js,H1972P1CI060,11,85,11,https://historico.conaliteg.gob.mx/c/H1972P1CI060/011.jpg,0,source_jpeg,served_image,200,image/jpeg,46607,046b916a2a0417ca6cc3becef222b92d0b2640d872b1bb58f102eada63d0b419,1,
LTMD_U1_W4_SOCIAL_SCIENCES_ASSET_AUDIT_0.1,H1972P1CI060,1972,1,CIENCIAS SOCIALES,standard_x_js,H1972P1CI060,12,85,12,https://historico.conaliteg.gob.mx/c/H1972P1CI060/012.jpg,0,source_jpeg,served_image,200,image/jpeg,53952,adf024356f2ef3129ce81d33067f21b5056de3adc32fe92c2cd97bbba724e9b2,1,
LTMD_U1_W4_SOCIAL_SCIENCES_ASSET_AUDIT_0.1,H1972P1CI060,1972,1,CIENCIAS SOCIALES,standard_x_js,H1972P1CI060,13,85,13,https://historico.conaliteg.gob.mx/c/H1972P1CI060/013.jpg,0,source_jpeg,served_image,200,image/jpeg,57850,bacf81f14d8e7a67a7f48671fdf5e36ab0a02f5d8e641fc486f1e7f80b553d30,1,
LTMD_U1_W4_SOCIAL_SCIENCES_ASSET_AUDIT_0.1,H1972P1CI060,1972,1,CIENCIAS SOCIALES,standard_x_js,H1972P1CI060,14,85,14,https://historico.conaliteg.gob.mx/c/H1972P1CI060/014.jpg,0,source_jpeg,served_image,200,image/jpeg,49851,79fefe81afdab8b4846c66df3f3416d81be289384358a4c13c5d42f9ab30e1bf,1,
LTMD_U1_W4_SOCIAL_SCIENCES_ASSET_AUDIT_0.1,H1972P1CI060,1972,1,CIENCIAS SOCIALES,standard_x_js,H1972P1CI060,15,85,15,https://historico.conaliteg.gob.mx/c/H1972P1CI060/015.jpg,0,source_jpeg,served_image,200,image/jpeg,49801,8ba77480754a42abd0075a269fcd6dc9edc15ab74558605c0b6ef993ea5ffbba,1,
LTMD_U1_W4_SOCIAL_SCIENCES_ASSET_AUDIT_0.1,H1972P1CI060,1972,1,CIENCIAS SOCIALES,standard_x_js,H1972P1CI060,16,85,16,https://historico.conaliteg.gob.mx/c/H1972P1CI060/016.jpg,0,source_jpeg,served_image,200,image/jpeg,34125,7dd0e269abfb3654168b6ed56fcee751b815a8121309406537cbdd763fdfa775,1,
LTMD_U1_W4_SOCIAL_SCIENCES_ASSET_AUDIT_0.1,H1972P1CI060,1972,1,CIENCIAS SOCIALES,standard_x_js,H1972P1CI060,17,85,17,https://historico.conaliteg.gob.mx/c/H1972P1CI060/017.jpg,0,source_jpeg,served_image,200,image/jpeg,38804,4c68d209a16a30b396ec5d1bede3f51864e5fc4ec29d0ff04c9751f65a958258,1,
LTMD_U1_W4_SOCIAL_SCIENCES_ASSET_AUDIT_0.1,H1972P1CI060,1972,1,CIENCIAS SOCIALES,standard_x_js,H1972P1CI060,18,85,18,https://historico.conaliteg.gob.mx/c/H1972P1CI060/018.jpg,0,source_jpeg,served_image,200,image/jpeg,60502,e0693818b87cf696b925e93c241d22fd625847e217c13d8de2d824651ac71ccc,1,
LTMD_U1_W4_SOCIAL_SCIENCES_ASSET_AUDIT_0.1,H1972P1CI060,1972,1,CIENCIAS SOCIALES,standard_x_js,H1972P1CI060,19,85,19,https://historico.conaliteg.gob.mx/c/H1972P1CI060/019.jpg,0,source_jpeg,served_image,200,image/jpeg,62058,e6f03c75c38eb06e1b1a147a5e994f8623ca9a3feb221bb4beeffeb4be06fe34,1,
LTMD_U1_W4_SOCIAL_SCIENCES_ASSET_AUDIT_0.1,H1972P1CI060,1972,1,CIENCIAS SOCIALES,standard_x_js,H1972P1CI060,20,85,20,https://historico.conaliteg.gob.mx/c/H1972P1CI060/020.jpg,0,source_jpeg,served_image,200,image/jpeg,58105,6f0cfae0e2d8981469c1e98f5dd6f1bc8b98eec38bc69915f8f4d52503343b67,1,
LTMD_U1_W4_SOCIAL_SCIENCES_ASSET_AUDIT_0.1,H1972P1CI060,1972,1,CIENCIAS SOCIALES,standard_x_js,H1972P1CI060,21,85,21,https://historico.conaliteg.gob.mx/c/H1972P1CI060/021.jpg,0,source_jpeg,served_image,200,image/jpeg,68680,b1f4e20a5847ba83107da0e986dc242017495197b77b7bac62c5e0e68af59b86,1,
LTMD_U1_W4_SOCIAL_SCIENCES_ASSET_AUDIT_0.1,H1972P1CI060,1972,1,CIENCIAS SOCIALES,standard_x_js,H1972P1CI060,22,85,22,https://historico.conaliteg.gob.mx/c/H1972P1CI060/022.jpg,0,source_jpeg,served_image,200,image/jpeg,38672,26801a8cfb31508661ae5f635fc27a5c882fbac84dd44bd00a9a3087229ed14a,1,
LTMD_U1_W4_SOCIAL_SCIENCES_ASSET_AUDIT_0.1,H1972P1CI060,1972,1,CIENCIAS SOCIALES,standard_x_js,H1972P1CI060,23,85,23,https://historico.conaliteg.gob.mx/c/H1972P1CI060/023.jpg,0,source_jpeg,served_image,200,image/jpeg,50646,aa7e2acfc353b9db68d4569b696afea35936217bb1ae945b980dd5d6270c7362,1,
LTMD_U1_W4_SOCIAL_SCIENCES_ASSET_AUDIT_0.1,H1972P1CI060,1972,1,CIENCIAS SOCIALES,standard_x_js,H1972P1CI060,24,85,24,https://historico.conaliteg.gob.mx/c/H1972P1CI060/024.jpg,0,source_jpeg,served_image,200,image/jpeg,39325,3248dec307bfb24a83bcd668acb7ac8ae9cc8a224e0e6daee722f7e41ab8b309,1,
LTMD_U1_W4_SOCIAL_SCIENCES_ASSET_AUDIT_0.1,H1972P1CI060,1972,1,CIENCIAS SOCIALES,standard_x_js,H1972P1CI060,25,85,25,https://historico.conaliteg.gob.mx/c/H1972P1CI060/025.jpg,0,source_jpeg,served_image,200,image/jpeg,37966,9188564d37eb8167614fe764611e1686d4844836a232d28ab6203f4976988bfe,1,
LTMD_U1_W4_SOCIAL_SCIENCES_ASSET_AUDIT_0.1,H1972P1CI060,1972,1,CIENCIAS SOCIALES,standard_x_js,H1972P1CI060,26,85,26,https://historico.conaliteg.gob.mx/c/H1972P1CI060/026.jpg,0,source_jpeg,served_image,200,image/jpeg,49084,a11cd809a22428d5654a2960a40a5eb9a616da4b36cb6514c7664627e2576565,1,
LTMD_U1_W4_SOCIAL_SCIENCES_ASSET_AUDIT_0.1,H1972P1CI060,1972,1,CIENCIAS SOCIALES,standard_x_js,H1972P1CI060,27,85,27,https://historico.conaliteg.gob.mx/c/H1972P1CI060/027.jpg,0,source_jpeg,served_image,200,image/jpeg,47361,572e29e47b5049e58656fdbd5c7d238cf3400f9584c6e6f196b36bf89025dcb7,1,
LTMD_U1_W4_SOCIAL_SCIENCES_ASSET_AUDIT_0.1,H1972P1CI060,1972,1,CIENCIAS SOCIALES,standard_x_js,H1972P1CI060,28,85,28,https://historico.conaliteg.gob.mx/c/H1972P1CI060/028.jpg,0,source_jpeg,served_image,200,image/jpeg,42791,abf7035fde2dd4cf69a88f078f576cc8c43f54e01f4cf2751eb4c05ca6ce7341,1,
LTMD_U1_W4_SOCIAL_SCIENCES_ASSET_AUDIT_0.1,H1972P1CI060,1972,1,CIENCIAS SOCIALES,standard_x_js,H1972P1CI060,29,85,29,https://historico.conaliteg.gob.mx/c/H1972P1CI060/029.jpg,0,source_jpeg,served_image,200,image/jpeg,40466,4a6a895c4847d4fb5917c89c4fae01a60df21a1e6b226ec65dc092c5ba2c88d8,1,
LTMD_U1_W4_SOCIAL_SCIENCES_ASSET_AUDIT_0.1,H1972P1CI060,1972,1,CIENCIAS SOCIALES,standard_x_js,H1972P1CI060,30,85,30,https://historico.conaliteg.gob.mx/c/H1972P1CI060/030.jpg,0,source_jpeg,served_image,200,image/jpeg,29399,9240e82dfbb2fb1a2e1c8fad8eb7ca516d7081b29751d2eef2dc861d2443e8d8,1,
LTMD_U1_W4_SOCIAL_SCIENCES_ASSET_AUDIT_0.1,H1972P1CI060,1972,1,CIENCIAS SOCIALES,standard_x_js,H1972P1CI060,31,85,31,https://historico.conaliteg.gob.mx/c/H1972P1CI060/031.jpg,0,source_jpeg,served_image,200,image/jpeg,47233,1f8259013c11b7223e4add64eb0b183f9de4043c09aeb272a108aac4aa25c130,1,
LTMD_U1_W4_SOCIAL_SCIENCES_ASSET_AUDIT_0.1,H1972P1CI060,1972,1,CIENCIAS SOCIALES,standard_x_js,H1972P1CI060,32,85,32,https://historico.conaliteg.gob.mx/c/H1972P1CI060/032.jpg,0,source_jpeg,served_image,200,image/jpeg,41251,71df22faa91c8f70ac30d5252e3b088b50a8e35320b75f887f750af87974648e,1,
LTMD_U1_W4_SOCIAL_SCIENCES_ASSET_AUDIT_0.1,H1972P1CI060,1972,1,CIENCIAS SOCIALES,standard_x_js,H1972P1CI060,33,85,33,https://historico.conaliteg.gob.mx/c/H1972P1CI060/033.jpg,0,source_jpeg,served_image,200,image/jpeg,44315,cafebeb8ae496a7f623ed52180f80c13fa222b0eb44e31c15617fb219edff52b,1,
LTMD_U1_W4_SOCIAL_SCIENCES_ASSET_AUDIT_0.1,H1972P1CI060,1972,1,CIENCIAS SOCIALES,standard_x_js,H1972P1CI060,34,85,34,https://historico.conaliteg.gob.mx/c/H1972P1CI060/034.jpg,0,source_jpeg,served_image,200,image/jpeg,43694,87e5a8400fa16bf931070dd66ed9f2480e98da43397d8e0cc8c99ce7b2aa9605,1,
LTMD_U1_W4_SOCIAL_SCIENCES_ASSET_AUDIT_0.1,H1972P1CI060,1972,1,CIENCIAS SOCIALES,standard_x_js,H1972P1CI060,35,85,35,https://historico.conaliteg.gob.mx/c/H1972P1CI060/035.jpg,0,source_jpeg,served_image,200,image/jpeg,43515,a4f9506d6403da61cb4af3a78e6bfb58ae40c659b81edc95c2addf8c2a4692ed,1,
LTMD_U1_W4_SOCIAL_SCIENCES_ASSET_AUDIT_0.1,H1972P1CI060,1972,1,CIENCIAS SOCIALES,standard_x_js,H1972P1CI060,36,85,36,https://historico.conaliteg.gob.mx/c/H1972P1CI060/036.jpg,0,source_jpeg,served_image,200,image/jpeg,35858,373918ef935023efe292f52a4e58537ed001d93b6875022a75785f0a0747d945,1,
LTMD_U1_W4_SOCIAL_SCIENCES_ASSET_AUDIT_0.1,H1972P1CI060,1972,1,CIENCIAS SOCIALES,standard_x_js,H1972P1CI060,37,85,37,https://historico.conaliteg.gob.mx/c/H1972P1CI060/037.jpg,0,source_jpeg,served_image,200,image/jpeg,37697,49a8bfbcd2427e3a23eb9192019bb48a4a9d9cd3f3e818af1e66debf6d11e772,1,
LTMD_U1_W4_SOCIAL_SCIENCES_ASSET_AUDIT_0.1,H1972P1CI060,1972,1,CIENCIAS SOCIALES,standard_x_js,H1972P1CI060,38,85,38,https://historico.conaliteg.gob.mx/c/H1972P1CI060/038.jpg,0,source_jpeg,served_image,200,image/jpeg,50803,d544cb241ea8576cc6b8acf49e5847c133dfe14731fc3c4c211a9be29a3076e7,1,
LTMD_U1_W4_SOCIAL_SCIENCES_ASSET_AUDIT_0.1,H1972P1CI060,1972,1,CIENCIAS SOCIALES,standard_x_js,H1972P1CI060,39,85,39,https://historico.conaliteg.gob.mx/c/H1972P1CI060/039.jpg,0,source_jpeg,served_image,200,image/jpeg,47278,cafffb800983ded58cd5a5097333265ea7cae4018526f29b223cf833a39cf2ca,1,
LTMD_U1_W4_SOCIAL_SCIENCES_ASSET_AUDIT_0.1,H1972P1CI060,1972,1,CIENCIAS SOCIALES,standard_x_js,H1972P1CI060,40,85,40,https://historico.conaliteg.gob.mx/c/H1972P1CI060/040.jpg,0,source_jpeg,served_image,200,image/jpeg,42075,80799fb5cc62e65820c4101062e2db311975396bfcfd2c065bd52f682d7dc434,1,
LTMD_U1_W4_SOCIAL_SCIENCES_ASSET_AUDIT_0.1,H1972P1CI060,1972,1,CIENCIAS SOCIALES,standard_x_js,H1972P1CI060,41,85,41,https://historico.conaliteg.gob.mx/c/H1972P1CI060/041.jpg,0,source_jpeg,served_image,200,image/jpeg,41529,2efb729848a95871a0e10381c6d55508b7e601e34718f6075fca0699600bd03d,1,
LTMD_U1_W4_SOCIAL_SCIENCES_ASSET_AUDIT_0.1,H1972P1CI060,1972,1,CIENCIAS SOCIALES,standard_x_js,H1972P1CI060,42,85,42,https://historico.conaliteg.gob.mx/c/H1972P1CI060/042.jpg,0,source_jpeg,served_image,200,image/jpeg,38138,8abb91891f7013b4b18552d503ad1012d29ae61a5554d052f655bb7291ba6b15,1,
LTMD_U1_W4_SOCIAL_SCIENCES_ASSET_AUDIT_0.1,H1972P1CI060,1972,1,CIENCIAS SOCIALES,standard_x_js,H1972P1CI060,43,85,43,https://historico.conaliteg.gob.mx/c/H1972P1CI060/043.jpg,0,source_jpeg,served_image,200,image/jpeg,42180,974d5a05476827965e49dae469db1854338231e7ea0e3bacaaeb95f3f36194e5,1,
LTMD_U1_W4_SOCIAL_SCIENCES_ASSET_AUDIT_0.1,H1972P1CI060,1972,1,CIENCIAS SOCIALES,standard_x_js,H1972P1CI060,44,85,44,https://historico.conaliteg.gob.mx/c/H1972P1CI060/044.jpg,0,source_jpeg,served_image,200,image/jpeg,50441,11ae7985ae5719cc9a12fe50d805d1258a85450419b06c86cbf972fa83a03923,1,
LTMD_U1_W4_SOCIAL_SCIENCES_ASSET_AUDIT_0.1,H1972P1CI060,1972,1,CIENCIAS SOCIALES,standard_x_js,H1972P1CI060,45,85,45,https://historico.conaliteg.gob.mx/c/H1972P1CI060/045.jpg,0,source_jpeg,served_image,200,image/jpeg,54097,98f2d61a399ee5a1465933d8fbee88c4ea3199506f6f1d9c451d2913e8ebe59b,1,
LTMD_U1_W4_SOCIAL_SCIENCES_ASSET_AUDIT_0.1,H1972P1CI060,1972,1,CIENCIAS SOCIALES,standard_x_js,H1972P1CI060,46,85,46,https://historico.conaliteg.gob.mx/c/H1972P1CI060/046.jpg,0,source_jpeg,served_image,200,image/jpeg,31332,b7b4fc77793fe17664993430fb9e54fced9a62a438659fba5bc52944c22b9d8f,1,
LTMD_U1_W4_SOCIAL_SCIENCES_ASSET_AUDIT_0.1,H1972P1CI060,1972,1,CIENCIAS SOCIALES,standard_x_js,H1972P1CI060,47,85,47,https://historico.conaliteg.gob.mx/c/H1972P1CI060/047.jpg,0,source_jpeg,served_image,200,image/jpeg,39235,b8c940ee8742f1a5a190d4e090e9911eb6aaaa866561b657ae167087d5f7fc6c,1,
LTMD_U1_W4_SOCIAL_SCIENCES_ASSET_AUDIT_0.1,H1972P1CI060,1972,1,CIENCIAS SOCIALES,standard_x_js,H1972P1CI060,48,85,48,https://historico.conaliteg.gob.mx/c/H1972P1CI060/048.jpg,0,source_jpeg,served_image,200,image/jpeg,38840,b33df5c2696b5c3cb3ea6c62e82d4db4636fb51a8cb6a576a4895bd126346509,1,
LTMD_U1_W4_SOCIAL_SCIENCES_ASSET_AUDIT_0.1,H1972P1CI060,1972,1,CIENCIAS SOCIALES,standard_x_js,H1972P1CI060,49,85,49,https://historico.conaliteg.gob.mx/c/H1972P1CI060/049.jpg,0,source_jpeg,served_image,200,image/jpeg,45341,d4ee8698ae5e7bcd5f382f70e21f3c1704788d3877059a372a26ebee6783a187,1,
LTMD_U1_W4_SOCIAL_SCIENCES_ASSET_AUDIT_0.1,H1972P1CI060,1972,1,CIENCIAS SOCIALES,standard_x_js,H1972P1CI060,50,85,50,https://historico.conaliteg.gob.mx/c/H1972P1CI060/050.jpg,0,source_jpeg,served_image,200,image/jpeg,50563,3285f90fcaaa96b7630579328c585f4cf2e3aeaa2f2ea7d036b6eb869c3a1a4b,1,
LTMD_U1_W4_SOCIAL_SCIENCES_ASSET_AUDIT_0.1,H1972P1CI060,1972,1,CIENCIAS SOCIALES,standard_x_js,H1972P1CI060,51,85,51,https://historico.conaliteg.gob.mx/c/H1972P1CI060/051.jpg,0,source_jpeg,served_image,200,image/jpeg,56903,3a0d78cb8b8b8c121a7d1d98ed3488bb76fb094af8e1041631d949a70211491d,1,
LTMD_U1_W4_SOCIAL_SCIENCES_ASSET_AUDIT_0.1,H1972P1CI060,1972,1,CIENCIAS SOCIALES,standard_x_js,H1972P1CI060,52,85,52,https://historico.conaliteg.gob.mx/c/H1972P1CI060/052.jpg,0,source_jpeg,served_image,200,image/jpeg,65338,fd98ade884980d1dd317dda218972398512d567f68efb27b552f155ceb2e8185,1,
LTMD_U1_W4_SOCIAL_SCIENCES_ASSET_AUDIT_0.1,H1972P1CI060,1972,1,CIENCIAS SOCIALES,standard_x_js,H1972P1CI060,53,85,53,https://historico.conaliteg.gob.mx/c/H1972P1CI060/053.jpg,0,source_jpeg,served_image,200,image/jpeg,53684,a3f7f340417fe2fd11b0f47d7c28d50733b6f4934aa23d147aee5519d41f369d,1,
LTMD_U1_W4_SOCIAL_SCIENCES_ASSET_AUDIT_0.1,H1972P1CI060,1972,1,CIENCIAS SOCIALES,standard_x_js,H1972P1CI060,54,85,54,https://historico.conaliteg.gob.mx/c/H1972P1CI060/054.jpg,0,source_jpeg,served_image,200,image/jpeg,30025,33946864f3d30865bd6c1c5d01448db8f7d88702301bc02e6ffc5b6d16c13998,1,
LTMD_U1_W4_SOCIAL_SCIENCES_ASSET_AUDIT_0.1,H1972P1CI060,1972,1,CIENCIAS SOCIALES,standard_x_js,H1972P1CI060,55,85,55,https://historico.conaliteg.gob.mx/c/H1972P1CI060/055.jpg,0,source_jpeg,served_image,200,image/jpeg,25777,3e3061263fb868896f5df840c588d95c9d09976e1106743cdaadcee3451fbcf2,1,
LTMD_U1_W4_SOCIAL_SCIENCES_ASSET_AUDIT_0.1,H1972P1CI060,1972,1,CIENCIAS SOCIALES,standard_x_js,H1972P1CI060,56,85,56,https://historico.conaliteg.gob.mx/c/H1972P1CI060/056.jpg,0,source_jpeg,served_image,200,image/jpeg,36612,ed9e13972ca6127295ba5e1ecfd9d704db5f58cc01c6e31ccc88106299468f1e,1,
LTMD_U1_W4_SOCIAL_SCIENCES_ASSET_AUDIT_0.1,H1972P1CI060,1972,1,CIENCIAS SOCIALES,standard_x_js,H1972P1CI060,57,85,57,https://historico.conaliteg.gob.mx/c/H1972P1CI060/057.jpg,0,source_jpeg,served_image,200,image/jpeg,40670,5d145d9cb301f6536baf32c1eecb0f6399e9bf8bf640d0ba2141932e1d3b1095,1,
LTMD_U1_W4_SOCIAL_SCIENCES_ASSET_AUDIT_0.1,H1972P1CI060,1972,1,CIENCIAS SOCIALES,standard_x_js,H1972P1CI060,58,85,58,https://historico.conaliteg.gob.mx/c/H1972P1CI060/058.jpg,0,source_jpeg,served_image,200,image/jpeg,36956,b95f6b425e20038faec6e460963bd48ad45e7fa6c3dbc14fffd117cef290e5a5,1,
LTMD_U1_W4_SOCIAL_SCIENCES_ASSET_AUDIT_0.1,H1972P1CI060,1972,1,CIENCIAS SOCIALES,standard_x_js,H1972P1CI060,59,85,59,https://historico.conaliteg.gob.mx/c/H1972P1CI060/059.jpg,0,source_jpeg,served_image,200,image/jpeg,41102,28e3a1ead7895b613b63b6135dab96396491fc76c47bd1dcb2aa8bb293120793,1,
LTMD_U1_W4_SOCIAL_SCIENCES_ASSET_AUDIT_0.1,H1972P1CI060,1972,1,CIENCIAS SOCIALES,standard_x_js,H1972P1CI060,60,85,60,https://historico.conaliteg.gob.mx/c/H1972P1CI060/060.jpg,0,source_jpeg,served_image,200,image/jpeg,51676,ee9bc966fcb6d9df500a2a8c36ff95a75953c8c11c764bd30c971e732a7a984a,1,
LTMD_U1_W4_SOCIAL_SCIENCES_ASSET_AUDIT_0.1,H1972P1CI060,1972,1,CIENCIAS SOCIALES,standard_x_js,H1972P1CI060,61,85,61,https://historico.conaliteg.gob.mx/c/H1972P1CI060/061.jpg,0,source_jpeg,served_image,200,image/jpeg,67478,bd8d3e31e59ff7c86fc3756b7c3c401941b7a4d27437d5cc9323bcc85dbac250,1,
LTMD_U1_W4_SOCIAL_SCIENCES_ASSET_AUDIT_0.1,H1972P1CI060,1972,1,CIENCIAS SOCIALES,standard_x_js,H1972P1CI060,62,85,62,https://historico.conaliteg.gob.mx/c/H1972P1CI060/062.jpg,0,source_jpeg,served_image,200,image/jpeg,43785,419666ddedd17d6a4c7a9e4dd49adb83c076f3785f94b62b048f277962ed399c,1,
LTMD_U1_W4_SOCIAL_SCIENCES_ASSET_AUDIT_0.1,H1972P1CI060,1972,1,CIENCIAS SOCIALES,standard_x_js,H1972P1CI060,63,85,63,https://historico.conaliteg.gob.mx/c/H1972P1CI060/063.jpg,0,source_jpeg,served_image,200,image/jpeg,47707,7bb9ad862fda114dfec875c87c380cabe8de347e34fc7d207dee31c3f34bda84,1,
LTMD_U1_W4_SOCIAL_SCIENCES_ASSET_AUDIT_0.1,H1972P1CI060,1972,1,CIENCIAS SOCIALES,standard_x_js,H1972P1CI060,64,85,64,https://historico.conaliteg.gob.mx/c/H1972P1CI060/064.jpg,0,source_jpeg,served_image,200,image/jpeg,35468,24723690e2cdadae53e69f0ce78d2664795059c493add6412559d30afbddb42b,1,
LTMD_U1_W4_SOCIAL_SCIENCES_ASSET_AUDIT_0.1,H1972P1CI060,1972,1,CIENCIAS SOCIALES,standard_x_js,H1972P1CI060,65,85,65,https://historico.conaliteg.gob.mx/c/H1972P1CI060/065.jpg,0,source_jpeg,served_image,200,image/jpeg,41444,64dbc6f7cac9c236e12a73d38e20ae8e39a445df7d9f73282b23d59e3035e4b0,1,
LTMD_U1_W4_SOCIAL_SCIENCES_ASSET_AUDIT_0.1,H1972P1CI060,1972,1,CIENCIAS SOCIALES,standard_x_js,H1972P1CI060,66,85,66,https://historico.conaliteg.gob.mx/c/H1972P1CI060/066.jpg,0,source_jpeg,served_image,200,image/jpeg,27753,954136f75891718353ae873cc029904bcb5fca476d3f7525c1e1da24cf82a501,1,
LTMD_U1_W4_SOCIAL_SCIENCES_ASSET_AUDIT_0.1,H1972P1CI060,1972,1,CIENCIAS SOCIALES,standard_x_js,H1972P1CI060,67,85,67,https://historico.conaliteg.gob.mx/c/H1972P1CI060/067.jpg,0,source_jpeg,served_image,200,image/jpeg,39724,656b13aae40731c4bead13256480be693b9d4e043357d6ec3d202598039db7d0,1,
LTMD_U1_W4_SOCIAL_SCIENCES_ASSET_AUDIT_0.1,H1972P1CI060,1972,1,CIENCIAS SOCIALES,standard_x_js,H1972P1CI060,68,85,68,https://historico.conaliteg.gob.mx/c/H1972P1CI060/068.jpg,0,source_jpeg,served_image,200,image/jpeg,41427,97d5045f910e37ee2c13e5f01471b13299d90bb76910b49948abb0ada17d82ba,1,
LTMD_U1_W4_SOCIAL_SCIENCES_ASSET_AUDIT_0.1,H1972P1CI060,1972,1,CIENCIAS SOCIALES,standard_x_js,H1972P1CI060,69,85,69,https://historico.conaliteg.gob.mx/c/H1972P1CI060/069.jpg,0,source_jpeg,served_image,200,image/jpeg,50080,cf2bde92ab754b8d70d87a0aec1ad177830afc53b44fe5241c86805e231344b0,1,
LTMD_U1_W4_SOCIAL_SCIENCES_ASSET_AUDIT_0.1,H1972P1CI060,1972,1,CIENCIAS SOCIALES,standard_x_js,H1972P1CI060,70,85,70,https://historico.conaliteg.gob.mx/c/H1972P1CI060/070.jpg,0,source_jpeg,served_image,200,image/jpeg,63208,0f644b85f9748e93f5dff208bda84a3a6c4f8dfa8034c34a01043296bf16b196,1,
LTMD_U1_W4_SOCIAL_SCIENCES_ASSET_AUDIT_0.1,H1972P1CI060,1972,1,CIENCIAS SOCIALES,standard_x_js,H1972P1CI060,71,85,71,https://historico.conaliteg.gob.mx/c/H1972P1CI060/071.jpg,0,source_jpeg,served_image,200,image/jpeg,62402,a374cda2a61804bb358462cf59f6ad336231eaaef6239799b51fec44a75ce466,1,
LTMD_U1_W4_SOCIAL_SCIENCES_ASSET_AUDIT_0.1,H1972P1CI060,1972,1,CIENCIAS SOCIALES,standard_x_js,H1972P1CI060,72,85,72,https://historico.conaliteg.gob.mx/c/H1972P1CI060/072.jpg,0,source_jpeg,served_image,200,image/jpeg,47730,3bdb653d9bd109c991f8b1a497e2a3bfd07fee8741ff1c8882284433936e1889,1,
LTMD_U1_W4_SOCIAL_SCIENCES_ASSET_AUDIT_0.1,H1972P1CI060,1972,1,CIENCIAS SOCIALES,standard_x_js,H1972P1CI060,73,85,73,https://historico.conaliteg.gob.mx/c/H1972P1CI060/073.jpg,0,source_jpeg,served_image,200,image/jpeg,38121,c14e262496f8e8cfddcad8ce8b5d98054ced7fd3fe3af9f52a7eb509953646b9,1,
LTMD_U1_W4_SOCIAL_SCIENCES_ASSET_AUDIT_0.1,H1972P1CI060,1972,1,CIENCIAS SOCIALES,standard_x_js,H1972P1CI060,74,85,74,https://historico.conaliteg.gob.mx/c/H1972P1CI060/074.jpg,0,source_jpeg,served_image,200,image/jpeg,52603,9101e70ca9621500139f9f6972034d3a1ae88b4d70e43c89bdc0909b2bf1d895,1,
LTMD_U1_W4_SOCIAL_SCIENCES_ASSET_AUDIT_0.1,H1972P1CI060,1972,1,CIENCIAS SOCIALES,standard_x_js,H1972P1CI060,75,85,75,https://historico.conaliteg.gob.mx/c/H1972P1CI060/075.jpg,0,source_jpeg,served_image,200,image/jpeg,49126,a28166b9515b253de12a5a3356757f6dd8d55eaddafb2569031b6cd6b9a7d65a,1,
LTMD_U1_W4_SOCIAL_SCIENCES_ASSET_AUDIT_0.1,H1972P1CI060,1972,1,CIENCIAS SOCIALES,standard_x_js,H1972P1CI060,76,85,76,https://historico.conaliteg.gob.mx/c/H1972P1CI060/076.jpg,0,source_jpeg,served_image,200,image/jpeg,40034,a68bed86217ebd699f2c137a60070427eb830e2b8c369c6e49b12dd87e6f6727,1,
LTMD_U1_W4_SOCIAL_SCIENCES_ASSET_AUDIT_0.1,H1972P1CI060,1972,1,CIENCIAS SOCIALES,standard_x_js,H1972P1CI060,77,85,77,https://historico.conaliteg.gob.mx/c/H1972P1CI060/077.jpg,0,source_jpeg,served_image,200,image/jpeg,45145,99109aac55758d531ef6d9f3dec306adb12f80422dc1f768601e72f93d803224,1,
LTMD_U1_W4_SOCIAL_SCIENCES_ASSET_AUDIT_0.1,H1972P1CI060,1972,1,CIENCIAS SOCIALES,standard_x_js,H1972P1CI060,78,85,78,https://historico.conaliteg.gob.mx/c/H1972P1CI060/078.jpg,0,source_jpeg,served_image,200,image/jpeg,39975,cb789a93a740a6e6afacf5fc8fb88201b684a5b477f1da5d4b88f57a834b0b22,1,
LTMD_U1_W4_SOCIAL_SCIENCES_ASSET_AUDIT_0.1,H1972P1CI060,1972,1,CIENCIAS SOCIALES,standard_x_js,H1972P1CI060,79,85,79,https://historico.conaliteg.gob.mx/c/H1972P1CI060/079.jpg,0,source_jpeg,served_image,200,image/jpeg,39396,68f6362a50041819bbcae3389d5e62a541793351e9ce93939b4820a0e8415574,1,
LTMD_U1_W4_SOCIAL_SCIENCES_ASSET_AUDIT_0.1,H1972P1CI060,1972,1,CIENCIAS SOCIALES,standard_x_js,H1972P1CI060,80,85,80,https://historico.conaliteg.gob.mx/c/H1972P1CI060/080.jpg,0,source_jpeg,served_image,200,image/jpeg,56766,9cdd21fc46e15646705d3e8aee77c1f2c74fb655be82b4ed865a0b7477844c6b,1,
LTMD_U1_W4_SOCIAL_SCIENCES_ASSET_AUDIT_0.1,H1972P1CI060,1972,1,CIENCIAS SOCIALES,standard_x_js,H1972P1CI060,81,85,81,https://historico.conaliteg.gob.mx/c/H1972P1CI060/081.jpg,0,source_jpeg,served_image,200,image/jpeg,52787,e43ef8dd522f0f466b0bb7837eebc62dd1cb1ffa8be4c37b21761c319cbb7c6a,1,
LTMD_U1_W4_SOCIAL_SCIENCES_ASSET_AUDIT_0.1,H1972P1CI060,1972,1,CIENCIAS SOCIALES,standard_x_js,H1972P1CI060,82,85,82,https://historico.conaliteg.gob.mx/c/H1972P1CI060/082.jpg,0,source_jpeg,served_image,200,image/jpeg,18374,378635c566be0820ddadca08c7e80884ca92173cec42325809e3dd7200a8553d,1,
LTMD_U1_W4_SOCIAL_SCIENCES_ASSET_AUDIT_0.1,H1972P1CI060,1972,1,CIENCIAS SOCIALES,standard_x_js,H1972P1CI060,83,85,83,https://historico.conaliteg.gob.mx/c/H1972P1CI060/083.jpg,0,source_jpeg,served_image,200,image/jpeg,25412,0356ea912f5690145434eaa06861f4474001b4eb40bdaaacafa5cae6a544edaf,1,
LTMD_U1_W4_SOCIAL_SCIENCES_ASSET_AUDIT_0.1,H1972P1CI060,1972,1,CIENCIAS SOCIALES,standard_x_js,H1972P1CI060,84,85,84,https://historico.conaliteg.gob.mx/c/H1972P1CI060/084.jpg,0,source_jpeg,served_image,200,image/jpeg,169825,4ad658d916bac2db325261b19a3d66cf26bdcbb0738d418d356d29ae3c1fda41,1,
LTMD_U1_W4_SOCIAL_SCIENCES_ASSET_AUDIT_0.1,H1972P1CI060,1972,1,CIENCIAS SOCIALES,standard_x_js,H1972P1CI060,85,85,85,https://historico.conaliteg.gob.mx/c/H1972P1CI060/085.jpg,1,terminal_synthetic_candidate,http_404,404,text/html; charset=iso-8859-1,,,1,HTTP 404
LTMD_U1_W4_SOCIAL_SCIENCES_ASSET_AUDIT_0.1,H1972P2CI065,1972,2,CIENCIAS SOCIALES,standard_x_js,H1972P2CI065,1,131,0,https://historico.conaliteg.gob.mx/c/H1972P2CI065/000.jpg,0,source_jpeg,served_image,200,image/jpeg,210819,05b6ab3c68a27b8fc6fdb25d158fba9d975e769c13a25ec2f8ce66893f8062c0,1,
LTMD_U1_W4_SOCIAL_SCIENCES_ASSET_AUDIT_0.1,H1972P2CI065,1972,2,CIENCIAS SOCIALES,standard_x_js,H1972P2CI065,2,131,2,https://historico.conaliteg.gob.mx/c/H1972P2CI065/002.jpg,0,source_jpeg,served_image,200,image/jpeg,20240,8f5d958a9021f015fb15de6a0e605d7913172b0e0f0356d202e0b327283e3892,1,
LTMD_U1_W4_SOCIAL_SCIENCES_ASSET_AUDIT_0.1,H1972P2CI065,1972,2,CIENCIAS SOCIALES,standard_x_js,H1972P2CI065,3,131,3,https://historico.conaliteg.gob.mx/c/H1972P2CI065/003.jpg,0,source_jpeg,served_image,200,image/jpeg,46634,45181ff7d3f8e09ef06b5536032254056c3b562dfd0455fedfe1d5eaaf59bb84,1,
LTMD_U1_W4_SOCIAL_SCIENCES_ASSET_AUDIT_0.1,H1972P2CI065,1972,2,CIENCIAS SOCIALES,standard_x_js,H1972P2CI065,4,131,4,https://historico.conaliteg.gob.mx/c/H1972P2CI065/004.jpg,0,source_jpeg,served_image,200,image/jpeg,33342,8d6f32d9ee410ecd1995a2308a3bc9ce6c47c996ec3f6cee59dc958e3d53c41e,1,
LTMD_U1_W4_SOCIAL_SCIENCES_ASSET_AUDIT_0.1,H1972P2CI065,1972,2,CIENCIAS SOCIALES,standard_x_js,H1972P2CI065,5,131,5,https://historico.conaliteg.gob.mx/c/H1972P2CI065/005.jpg,0,source_jpeg,served_image,200,image/jpeg,45038,e0a9eb4f7f146a7f375e36f5e4b81080dd7c4cf78ad439601b3b1607ce0f109c,1,
LTMD_U1_W4_SOCIAL_SCIENCES_ASSET_AUDIT_0.1,H1972P2CI065,1972,2,CIENCIAS SOCIALES,standard_x_js,H1972P2CI065,6,131,6,https://historico.conaliteg.gob.mx/c/H1972P2CI065/006.jpg,0,source_jpeg,served_image,200,image/jpeg,38884,b2ce3f75f8c072405754387b7fb3ec81d18a438daee72222a8953efec9c00442,1,
LTMD_U1_W4_SOCIAL_SCIENCES_ASSET_AUDIT_0.1,H1972P2CI065,1972,2,CIENCIAS SOCIALES,standard_x_js,H1972P2CI065,7,131,7,https://historico.conaliteg.gob.mx/c/H1972P2CI065/007.jpg,0,source_jpeg,served_image,200,image/jpeg,25219,c728507aa8eed45ce026dfb752b81584322356f0d7f094eaf832796bf2558ff8,1,
LTMD_U1_W4_SOCIAL_SCIENCES_ASSET_AUDIT_0.1,H1972P2CI065,1972,2,CIENCIAS SOCIALES,standard_x_js,H1972P2CI065,8,131,8,https://historico.conaliteg.gob.mx/c/H1972P2CI065/008.jpg,0,source_jpeg,served_image,200,image/jpeg,30435,0b3d579724c01fc594de1445413cbd7c8a706f0684f7f311738e5721c1831f52,1,
LTMD_U1_W4_SOCIAL_SCIENCES_ASSET_AUDIT_0.1,H1972P2CI065,1972,2,CIENCIAS SOCIALES,standard_x_js,H1972P2CI065,9,131,9,https://historico.conaliteg.gob.mx/c/H1972P2CI065/009.jpg,0,source_jpeg,served_image,200,image/jpeg,31396,2702ae94e9239af052fd3aba6201baa9f9adb243d4661f42709937c2e0c9d5ba,1,
LTMD_U1_W4_SOCIAL_SCIENCES_ASSET_AUDIT_0.1,H1972P2CI065,1972,2,CIENCIAS SOCIALES,standard_x_js,H1972P2CI065,10,131,10,https://historico.conaliteg.gob.mx/c/H1972P2CI065/010.jpg,0,source_jpeg,served_image,200,image/jpeg,54466,416a4a97c5988aefee4def688019ad14f975345ff2e74f45c65ae107057c818d,1,
LTMD_U1_W4_SOCIAL_SCIENCES_ASSET_AUDIT_0.1,H1972P2CI065,1972,2,CIENCIAS SOCIALES,standard_x_js,H1972P2CI065,11,131,11,https://historico.conaliteg.gob.mx/c/H1972P2CI065/011.jpg,0,source_jpeg,served_image,200,image/jpeg,50013,3bd97a881d1c84176a56dd2f74b886134a2d9eee79adbab24a077aa4ff48d40f,1,
LTMD_U1_W4_SOCIAL_SCIENCES_ASSET_AUDIT_0.1,H1972P2CI065,1972,2,CIENCIAS SOCIALES,standard_x_js,H1972P2CI065,12,131,12,https://historico.conaliteg.gob.mx/c/H1972P2CI065/012.jpg,0,source_jpeg,served_image,200,image/jpeg,52841,1fe7aafe8349f726ec8c25df2b2d201aa254e184a01afef25460f872b0c1e60e,1,
LTMD_U1_W4_SOCIAL_SCIENCES_ASSET_AUDIT_0.1,H1972P2CI065,1972,2,CIENCIAS SOCIALES,standard_x_js,H1972P2CI065,13,131,13,https://historico.conaliteg.gob.mx/c/H1972P2CI065/013.jpg,0,source_jpeg,served_image,200,image/jpeg,63584,4c6db79ada8d9c34a77b75ee40c74334f06221d036e70205deb77b6b219bee72,1,
LTMD_U1_W4_SOCIAL_SCIENCES_ASSET_AUDIT_0.1,H1972P2CI065,1972,2,CIENCIAS SOCIALES,standard_x_js,H1972P2CI065,14,131,14,https://historico.conaliteg.gob.mx/c/H1972P2CI065/014.jpg,0,source_jpeg,served_image,200,image/jpeg,52731,983bd7b8bb8e9cecba1318fa37ee12884398a40426d172596de7c4a740e1bba4,1,
LTMD_U1_W4_SOCIAL_SCIENCES_ASSET_AUDIT_0.1,H1972P2CI065,1972,2,CIENCIAS SOCIALES,standard_x_js,H1972P2CI065,15,131,15,https://historico.conaliteg.gob.mx/c/H1972P2CI065/015.jpg,0,source_jpeg,served_image,200,image/jpeg,52916,91670ac1e6ecc2324a14a95c68c535e00cf2c2bbc88bd12b35a59a0a6ee3f126,1,
LTMD_U1_W4_SOCIAL_SCIENCES_ASSET_AUDIT_0.1,H1972P2CI065,1972,2,CIENCIAS SOCIALES,standard_x_js,H1972P2CI065,16,131,16,https://historico.conaliteg.gob.mx/c/H1972P2CI065/016.jpg,0,source_jpeg,served_image,200,image/jpeg,31036,819e282347ee3c4446cb19ec60cb7966df9e4d0e35f8f27d52ff18e905f64654,1,
LTMD_U1_W4_SOCIAL_SCIENCES_ASSET_AUDIT_0.1,H1972P2CI065,1972,2,CIENCIAS SOCIALES,standard_x_js,H1972P2CI065,17,131,17,https://historico.conaliteg.gob.mx/c/H1972P2CI065/017.jpg,0,source_jpeg,served_image,200,image/jpeg,29362,59932dcbc9c81207bd2b5551ee0893e147505137294f167323a8ccd40f90d6c5,1,
LTMD_U1_W4_SOCIAL_SCIENCES_ASSET_AUDIT_0.1,H1972P2CI065,1972,2,CIENCIAS SOCIALES,standard_x_js,H1972P2CI065,18,131,18,https://historico.conaliteg.gob.mx/c/H1972P2CI065/018.jpg,0,source_jpeg,served_image,200,image/jpeg,39376,27d080b61757346f09d79ed8a376149090982ab21ae4d68d1894c3db5586b80c,1,
LTMD_U1_W4_SOCIAL_SCIENCES_ASSET_AUDIT_0.1,H1972P2CI065,1972,2,CIENCIAS SOCIALES,standard_x_js,H1972P2CI065,19,131,19,https://historico.conaliteg.gob.mx/c/H1972P2CI065/019.jpg,0,source_jpeg,served_image,200,image/jpeg,47482,e352f5bf6a51bde45d3d9213f18128a7d13e0e2b9d554d51640b18eff23cda53,1,
LTMD_U1_W4_SOCIAL_SCIENCES_ASSET_AUDIT_0.1,H1972P2CI065,1972,2,CIENCIAS SOCIALES,standard_x_js,H1972P2CI065,20,131,20,https://historico.conaliteg.gob.mx/c/H1972P2CI065/020.jpg,0,source_jpeg,served_image,200,image/jpeg,39824,dcc5da58b7ee8c6dcbb69eb8865aff21ebf849c3a10669393e7b9d6dd0d334f1,1,
LTMD_U1_W4_SOCIAL_SCIENCES_ASSET_AUDIT_0.1,H1972P2CI065,1972,2,CIENCIAS SOCIALES,standard_x_js,H1972P2CI065,21,131,21,https://historico.conaliteg.gob.mx/c/H1972P2CI065/021.jpg,0,source_jpeg,served_image,200,image/jpeg,43818,75b4df2276bc25938c63f4f2e70fad0bf9a7977913b3c0e891103bff1bf55a47,1,
LTMD_U1_W4_SOCIAL_SCIENCES_ASSET_AUDIT_0.1,H1972P2CI065,1972,2,CIENCIAS SOCIALES,standard_x_js,H1972P2CI065,22,131,22,https://historico.conaliteg.gob.mx/c/H1972P2CI065/022.jpg,0,source_jpeg,served_image,200,image/jpeg,42981,ad77b8c199e075952637f25ebf4c31382163d90cfe2062a6795232683dafc3fa,1,
LTMD_U1_W4_SOCIAL_SCIENCES_ASSET_AUDIT_0.1,H1972P2CI065,1972,2,CIENCIAS SOCIALES,standard_x_js,H1972P2CI065,23,131,23,https://historico.conaliteg.gob.mx/c/H1972P2CI065/023.jpg,0,source_jpeg,served_image,200,image/jpeg,42473,a6b00d37a3f785818bf0b7bd4168efc686097106b7967092080f2d34622cade4,1,
LTMD_U1_W4_SOCIAL_SCIENCES_ASSET_AUDIT_0.1,H1972P2CI065,1972,2,CIENCIAS SOCIALES,standard_x_js,H1972P2CI065,24,131,24,https://historico.conaliteg.gob.mx/c/H1972P2CI065/024.jpg,0,source_jpeg,served_image,200,image/jpeg,48798,eb0dc1729cc91abd9626e00f24bc159d5d5c3241ad3d74018f46755a720dccec,1,
LTMD_U1_W4_SOCIAL_SCIENCES_ASSET_AUDIT_0.1,H1972P2CI065,1972,2,CIENCIAS SOCIALES,standard_x_js,H1972P2CI065,25,131,25,https://historico.conaliteg.gob.mx/c/H1972P2CI065/025.jpg,0,source_jpeg,served_image,200,image/jpeg,42515,ca016bbc4c6ebcd329641548365ed53ef992324cc980b6712048e4340a6f54ac,1,
LTMD_U1_W4_SOCIAL_SCIENCES_ASSET_AUDIT_0.1,H1972P2CI065,1972,2,CIENCIAS SOCIALES,standard_x_js,H1972P2CI065,26,131,26,https://historico.conaliteg.gob.mx/c/H1972P2CI065/026.jpg,0,source_jpeg,served_image,200,image/jpeg,44071,7ccfc0f20a546a6575a02e47f173c55cd40f9d1361899bd29b16d5754cfb94a7,1,
LTMD_U1_W4_SOCIAL_SCIENCES_ASSET_AUDIT_0.1,H1972P2CI065,1972,2,CIENCIAS SOCIALES,standard_x_js,H1972P2CI065,27,131,27,https://historico.conaliteg.gob.mx/c/H1972P2CI065/027.jpg,0,source_jpeg,served_image,200,image/jpeg,57417,479287b9fbd936450ef00004c1832a61f06a060f3bce08f1c835a4defafbd6b0,1,
LTMD_U1_W4_SOCIAL_SCIENCES_ASSET_AUDIT_0.1,H1972P2CI065,1972,2,CIENCIAS SOCIALES,standard_x_js,H1972P2CI065,28,131,28,https://historico.conaliteg.gob.mx/c/H1972P2CI065/028.jpg,0,source_jpeg,served_image,200,image/jpeg,30465,467f3b16dec50ba91faf167afb35ee4143cb924d7594daec014feeeb0c010ee7,1,
LTMD_U1_W4_SOCIAL_SCIENCES_ASSET_AUDIT_0.1,H1972P2CI065,1972,2,CIENCIAS SOCIALES,standard_x_js,H1972P2CI065,29,131,29,https://historico.conaliteg.gob.mx/c/H1972P2CI065/029.jpg,0,source_jpeg,served_image,200,image/jpeg,28111,a848c3c25f8eed19dfe67e11bafab3113eda161c197bb6664f2a87640eeb7553,1,
LTMD_U1_W4_SOCIAL_SCIENCES_ASSET_AUDIT_0.1,H1972P2CI065,1972,2,CIENCIAS SOCIALES,standard_x_js,H1972P2CI065,30,131,30,https://historico.conaliteg.gob.mx/c/H1972P2CI065/030.jpg,0,source_jpeg,served_image,200,image/jpeg,30972,fc099ccc7deb4e2b0f0510572aee263e307bb732a530c0ad821c53fe199c42bf,1,
LTMD_U1_W4_SOCIAL_SCIENCES_ASSET_AUDIT_0.1,H1972P2CI065,1972,2,CIENCIAS SOCIALES,standard_x_js,H1972P2CI065,31,131,31,https://historico.conaliteg.gob.mx/c/H1972P2CI065/031.jpg,0,source_jpeg,served_image,200,image/jpeg,38629,f520e507fc5c21e7fa8239a546629da07b47530b18a680e26211e13db92cf1f7,1,
LTMD_U1_W4_SOCIAL_SCIENCES_ASSET_AUDIT_0.1,H1972P2CI065,1972,2,CIENCIAS SOCIALES,standard_x_js,H1972P2CI065,32,131,32,https://historico.conaliteg.gob.mx/c/H1972P2CI065/032.jpg,0,source_jpeg,served_image,200,image/jpeg,51437,b2d03c244dff54ec8dbb1132db30677367532b17a014b86544ec19871337115e,1,
LTMD_U1_W4_SOCIAL_SCIENCES_ASSET_AUDIT_0.1,H1972P2CI065,1972,2,CIENCIAS SOCIALES,standard_x_js,H1972P2CI065,33,131,33,https://historico.conaliteg.gob.mx/c/H1972P2CI065/033.jpg,0,source_jpeg,served_image,200,image/jpeg,45379,ebbd1c30c9a4c6f70a1c17327c65a1441172ba0e24ded57fc38cf0fbc70e77ad,1,
LTMD_U1_W4_SOCIAL_SCIENCES_ASSET_AUDIT_0.1,H1972P2CI065,1972,2,CIENCIAS SOCIALES,standard_x_js,H1972P2CI065,34,131,34,https://historico.conaliteg.gob.mx/c/H1972P2CI065/034.jpg,0,source_jpeg,served_image,200,image/jpeg,38693,5dec3a6ab908aae2a9e6b4f17d5128f9cd2471f5db8a561dbbb3b29e1fb7468b,1,
LTMD_U1_W4_SOCIAL_SCIENCES_ASSET_AUDIT_0.1,H1972P2CI065,1972,2,CIENCIAS SOCIALES,standard_x_js,H1972P2CI065,35,131,35,https://historico.conaliteg.gob.mx/c/H1972P2CI065/035.jpg,0,source_jpeg,served_image,200,image/jpeg,32865,59fffb1732d65dc69d959d520e4a0158bb1dc6a5afcc243b1f1a8d79164ce812,1,
LTMD_U1_W4_SOCIAL_SCIENCES_ASSET_AUDIT_0.1,H1972P2CI065,1972,2,CIENCIAS SOCIALES,standard_x_js,H1972P2CI065,36,131,36,https://historico.conaliteg.gob.mx/c/H1972P2CI065/036.jpg,0,source_jpeg,served_image,200,image/jpeg,41019,ff0511956d8c16f9eb0af14bb0467a31a0e12a849c6427218cc7d6142d624f8c,1,
LTMD_U1_W4_SOCIAL_SCIENCES_ASSET_AUDIT_0.1,H1972P2CI065,1972,2,CIENCIAS SOCIALES,standard_x_js,H1972P2CI065,37,131,37,https://historico.conaliteg.gob.mx/c/H1972P2CI065/037.jpg,0,source_jpeg,served_image,200,image/jpeg,52771,246ed78ae79c8e2bd819477584d3aeef4adefa6a3fa8e8efbdbf8fa9ab3ca62f,1,
LTMD_U1_W4_SOCIAL_SCIENCES_ASSET_AUDIT_0.1,H1972P2CI065,1972,2,CIENCIAS SOCIALES,standard_x_js,H1972P2CI065,38,131,38,https://historico.conaliteg.gob.mx/c/H1972P2CI065/038.jpg,0,source_jpeg,served_image,200,image/jpeg,39988,ea7ae73f10e4bd121545b06932f4a033522b2970489407c997cdded9dfe48bc2,1,
LTMD_U1_W4_SOCIAL_SCIENCES_ASSET_AUDIT_0.1,H1972P2CI065,1972,2,CIENCIAS SOCIALES,standard_x_js,H1972P2CI065,39,131,39,https://historico.conaliteg.gob.mx/c/H1972P2CI065/039.jpg,0,source_jpeg,served_image,200,image/jpeg,40874,e2d4f2d6b4da624cfd2001976d409489f54c27d37b9924ce309ce5fc1c3dbc31,1,
LTMD_U1_W4_SOCIAL_SCIENCES_ASSET_AUDIT_0.1,H1972P2CI065,1972,2,CIENCIAS SOCIALES,standard_x_js,H1972P2CI065,40,131,40,https://historico.conaliteg.gob.mx/c/H1972P2CI065/040.jpg,0,source_jpeg,served_image,200,image/jpeg,37442,a6a603be96a42026cd620bbdca0377833e8624133bf565addceb17771b70ad88,1,
LTMD_U1_W4_SOCIAL_SCIENCES_ASSET_AUDIT_0.1,H1972P2CI065,1972,2,CIENCIAS SOCIALES,standard_x_js,H1972P2CI065,41,131,41,https://historico.conaliteg.gob.mx/c/H1972P2CI065/041.jpg,0,source_jpeg,served_image,200,image/jpeg,33895,875d4c33e08b525b799522c6d0173d450dee2351ab0cfd702adf44c77641030d,1,
LTMD_U1_W4_SOCIAL_SCIENCES_ASSET_AUDIT_0.1,H1972P2CI065,1972,2,CIENCIAS SOCIALES,standard_x_js,H1972P2CI065,42,131,42,https://historico.conaliteg.gob.mx/c/H1972P2CI065/042.jpg,0,source_jpeg,served_image,200,image/jpeg,38450,f5989d8f0ef5f6e3fdbfdab7561a6b9226039bdeea9cffb90af87dbdf1f8767d,1,
LTMD_U1_W4_SOCIAL_SCIENCES_ASSET_AUDIT_0.1,H1972P2CI065,1972,2,CIENCIAS SOCIALES,standard_x_js,H1972P2CI065,43,131,43,https://historico.conaliteg.gob.mx/c/H1972P2CI065/043.jpg,0,source_jpeg,served_image,200,image/jpeg,44639,eb37793d393822ea5220b648f7f8cfff62d35e8fdbd6b8bc7febbd3e371fae48,1,
LTMD_U1_W4_SOCIAL_SCIENCES_ASSET_AUDIT_0.1,H1972P2CI065,1972,2,CIENCIAS SOCIALES,standard_x_js,H1972P2CI065,44,131,44,https://historico.conaliteg.gob.mx/c/H1972P2CI065/044.jpg,0,source_jpeg,served_image,200,image/jpeg,46544,cb3b5ab9e0b60e526f1cfd011e20adf725c7c31d34127b79a4ef7fd879105cf1,1,
LTMD_U1_W4_SOCIAL_SCIENCES_ASSET_AUDIT_0.1,H1972P2CI065,1972,2,CIENCIAS SOCIALES,standard_x_js,H1972P2CI065,45,131,45,https://historico.conaliteg.gob.mx/c/H1972P2CI065/045.jpg,0,source_jpeg,served_image,200,image/jpeg,51935,71ed22883b24ceb40a4e6ce49bbe7544f83c086df39eff3cef3ab16bba488c30,1,
LTMD_U1_W4_SOCIAL_SCIENCES_ASSET_AUDIT_0.1,H1972P2CI065,1972,2,CIENCIAS SOCIALES,standard_x_js,H1972P2CI065,46,131,46,https://historico.conaliteg.gob.mx/c/H1972P2CI065/046.jpg,0,source_jpeg,served_image,200,image/jpeg,37867,365c61b204a7f1d8297fd350cec6e52437c583da49731a7b9f3aa3515da822d4,1,
LTMD_U1_W4_SOCIAL_SCIENCES_ASSET_AUDIT_0.1,H1972P2CI065,1972,2,CIENCIAS SOCIALES,standard_x_js,H1972P2CI065,47,131,47,https://historico.conaliteg.gob.mx/c/H1972P2CI065/047.jpg,0,source_jpeg,served_image,200,image/jpeg,46829,1afd7a013b1f26da3f18fa12a3466e3c13498eb57211cd739a33b64fdec72bbd,1,
LTMD_U1_W4_SOCIAL_SCIENCES_ASSET_AUDIT_0.1,H1972P2CI065,1972,2,CIENCIAS SOCIALES,standard_x_js,H1972P2CI065,48,131,48,https://historico.conaliteg.gob.mx/c/H1972P2CI065/048.jpg,0,source_jpeg,served_image,200,image/jpeg,40361,6f85a1754918555979dd6ef3089adf5fd1994f715253f4d9792aa44bd274e76c,1,
LTMD_U1_W4_SOCIAL_SCIENCES_ASSET_AUDIT_0.1,H1972P2CI065,1972,2,CIENCIAS SOCIALES,standard_x_js,H1972P2CI065,49,131,49,https://historico.conaliteg.gob.mx/c/H1972P2CI065/049.jpg,0,source_jpeg,served_image,200,image/jpeg,36542,3651b4e8ad1e8cf514ea9221cac8a5d70d16636c72f1eb730264474b0f96ff88,1,
LTMD_U1_W4_SOCIAL_SCIENCES_ASSET_AUDIT_0.1,H1972P2CI065,1972,2,CIENCIAS SOCIALES,standard_x_js,H1972P2CI065,50,131,50,https://historico.conaliteg.gob.mx/c/H1972P2CI065/050.jpg,0,source_jpeg,served_image,200,image/jpeg,40576,23e13c37ce6900aa381f7e55bf15222a5246b3aaabf696e95adafbe4807cef22,1,
LTMD_U1_W4_SOCIAL_SCIENCES_ASSET_AUDIT_0.1,H1972P2CI065,1972,2,CIENCIAS SOCIALES,standard_x_js,H1972P2CI065,51,131,51,https://historico.conaliteg.gob.mx/c/H1972P2CI065/051.jpg,0,source_jpeg,served_image,200,image/jpeg,37599,91952eeb79f776861bde89c85df213e0be96f1800cd37d09d78853af92ef8913,1,
LTMD_U1_W4_SOCIAL_SCIENCES_ASSET_AUDIT_0.1,H1972P2CI065,1972,2,CIENCIAS SOCIALES,standard_x_js,H1972P2CI065,52,131,52,https://historico.conaliteg.gob.mx/c/H1972P2CI065/052.jpg,0,source_jpeg,served_image,200,image/jpeg,43444,1897535fe23b65fdacf6230ca36fe774f382c22e0f17ec7102c47c30e7cd047d,1,
LTMD_U1_W4_SOCIAL_SCIENCES_ASSET_AUDIT_0.1,H1972P2CI065,1972,2,CIENCIAS SOCIALES,standard_x_js,H1972P2CI065,53,131,53,https://historico.conaliteg.gob.mx/c/H1972P2CI065/053.jpg,0,source_jpeg,served_image,200,image/jpeg,52192,5fd78f47f28730638941aedb280bc4205acd6aa41513ca2ca422cdc196c152a8,1,
LTMD_U1_W4_SOCIAL_SCIENCES_ASSET_AUDIT_0.1,H1972P2CI065,1972,2,CIENCIAS SOCIALES,standard_x_js,H1972P2CI065,54,131,54,https://historico.conaliteg.gob.mx/c/H1972P2CI065/054.jpg,0,source_jpeg,served_image,200,image/jpeg,40758,753cec5885a15b9e83ee6e0b7861598dbd22b4d3ddb460a791ed117d76173338,1,
LTMD_U1_W4_SOCIAL_SCIENCES_ASSET_AUDIT_0.1,H1972P2CI065,1972,2,CIENCIAS SOCIALES,standard_x_js,H1972P2CI065,55,131,55,https://historico.conaliteg.gob.mx/c/H1972P2CI065/055.jpg,0,source_jpeg,served_image,200,image/jpeg,29107,752eeac8ea741e38db042a8b2037fdb57a1df6171cb93ae6cb8b087f919a9087,1,
LTMD_U1_W4_SOCIAL_SCIENCES_ASSET_AUDIT_0.1,H1972P2CI065,1972,2,CIENCIAS SOCIALES,standard_x_js,H1972P2CI065,56,131,56,https://historico.conaliteg.gob.mx/c/H1972P2CI065/056.jpg,0,source_jpeg,served_image,200,image/jpeg,47113,de81543f0a1db4408b7c3a7d73125992854ffba292a7e7ea8a8ee3edbd2e3388,1,
LTMD_U1_W4_SOCIAL_SCIENCES_ASSET_AUDIT_0.1,H1972P2CI065,1972,2,CIENCIAS SOCIALES,standard_x_js,H1972P2CI065,57,131,57,https://historico.conaliteg.gob.mx/c/H1972P2CI065/057.jpg,0,source_jpeg,served_image,200,image/jpeg,47731,e6beb5f17be8ca61c23db8aea56d030944aa32d88864837511a619714dc45e38,1,
LTMD_U1_W4_SOCIAL_SCIENCES_ASSET_AUDIT_0.1,H1972P2CI065,1972,2,CIENCIAS SOCIALES,standard_x_js,H1972P2CI065,58,131,58,https://historico.conaliteg.gob.mx/c/H1972P2CI065/058.jpg,0,source_jpeg,served_image,200,image/jpeg,49327,85c80eb0c16728cd3b6055bd578fd9621fe90a17750d020de1eaa576161dccdd,1,
LTMD_U1_W4_SOCIAL_SCIENCES_ASSET_AUDIT_0.1,H1972P2CI065,1972,2,CIENCIAS SOCIALES,standard_x_js,H1972P2CI065,59,131,59,https://historico.conaliteg.gob.mx/c/H1972P2CI065/059.jpg,0,source_jpeg,served_image,200,image/jpeg,44580,56467a7bf255741fae65cd555e852e6d66aaf39d690e6665abd980650bd6e2fc,1,
LTMD_U1_W4_SOCIAL_SCIENCES_ASSET_AUDIT_0.1,H1972P2CI065,1972,2,CIENCIAS SOCIALES,standard_x_js,H1972P2CI065,60,131,60,https://historico.conaliteg.gob.mx/c/H1972P2CI065/060.jpg,0,source_jpeg,served_image,200,image/jpeg,39046,5fa568ce7199606dc4688dbe261a949328344109a7e0f3e41cf53ccae4faa9d6,1,
LTMD_U1_W4_SOCIAL_SCIENCES_ASSET_AUDIT_0.1,H1972P2CI065,1972,2,CIENCIAS SOCIALES,standard_x_js,H1972P2CI065,61,131,61,https://historico.conaliteg.gob.mx/c/H1972P2CI065/061.jpg,0,source_jpeg,served_image,200,image/jpeg,40764,84509de6de974a8c697306aa74e150fc1f945771a14e54f3ba3033495b45b0d3,1,
LTMD_U1_W4_SOCIAL_SCIENCES_ASSET_AUDIT_0.1,H1972P2CI065,1972,2,CIENCIAS SOCIALES,standard_x_js,H1972P2CI065,62,131,62,https://historico.conaliteg.gob.mx/c/H1972P2CI065/062.jpg,0,source_jpeg,served_image,200,image/jpeg,53373,4d49c93e344de13187164618b0350b2e9c340f50aef26ada482dcd414ef6948d,1,
LTMD_U1_W4_SOCIAL_SCIENCES_ASSET_AUDIT_0.1,H1972P2CI065,1972,2,CIENCIAS SOCIALES,standard_x_js,H1972P2CI065,63,131,63,https://historico.conaliteg.gob.mx/c/H1972P2CI065/063.jpg,0,source_jpeg,served_image,200,image/jpeg,60852,7ad6ebf7bb0c751bbf37ebe65f2deb3158725a20a322488254875950e74aa718,1,
LTMD_U1_W4_SOCIAL_SCIENCES_ASSET_AUDIT_0.1,H1972P2CI065,1972,2,CIENCIAS SOCIALES,standard_x_js,H1972P2CI065,64,131,64,https://historico.conaliteg.gob.mx/c/H1972P2CI065/064.jpg,0,source_jpeg,served_image,200,image/jpeg,48645,95e6bac22642276a5a5384e5400f765754bdb32644dac9d073cc7b6fcdc82805,1,
LTMD_U1_W4_SOCIAL_SCIENCES_ASSET_AUDIT_0.1,H1972P2CI065,1972,2,CIENCIAS SOCIALES,standard_x_js,H1972P2CI065,65,131,65,https://historico.conaliteg.gob.mx/c/H1972P2CI065/065.jpg,0,source_jpeg,served_image,200,image/jpeg,51495,e9494c0e49e1f93554e19e2e48f571efe63337198613010bdda5070272977bf5,1,
LTMD_U1_W4_SOCIAL_SCIENCES_ASSET_AUDIT_0.1,H1972P2CI065,1972,2,CIENCIAS SOCIALES,standard_x_js,H1972P2CI065,66,131,66,https://historico.conaliteg.gob.mx/c/H1972P2CI065/066.jpg,0,source_jpeg,served_image,200,image/jpeg,48511,c5754e3111accf07d69d948fe723aff4f64ba9313e42eb21aef022b53dc038ea,1,
LTMD_U1_W4_SOCIAL_SCIENCES_ASSET_AUDIT_0.1,H1972P2CI065,1972,2,CIENCIAS SOCIALES,standard_x_js,H1972P2CI065,67,131,67,https://historico.conaliteg.gob.mx/c/H1972P2CI065/067.jpg,0,source_jpeg,served_image,200,image/jpeg,45940,f745ee2dec6f2e054ea1a402daef7de3f70232a1dd2b674f7334438fbe72d3e6,1,
LTMD_U1_W4_SOCIAL_SCIENCES_ASSET_AUDIT_0.1,H1972P2CI065,1972,2,CIENCIAS SOCIALES,standard_x_js,H1972P2CI065,68,131,68,https://historico.conaliteg.gob.mx/c/H1972P2CI065/068.jpg,0,source_jpeg,served_image,200,image/jpeg,42654,09fd8b4ccb97c0de3cfd48fd1f2e3794b87016b2a677a9a696b95265d7de524e,1,
LTMD_U1_W4_SOCIAL_SCIENCES_ASSET_AUDIT_0.1,H1972P2CI065,1972,2,CIENCIAS SOCIALES,standard_x_js,H1972P2CI065,69,131,69,https://historico.conaliteg.gob.mx/c/H1972P2CI065/069.jpg,0,source_jpeg,served_image,200,image/jpeg,25320,4cf45e2471b9d2732287de527b3f50b17b229d72faa7666baea9849bf58179b9,1,
LTMD_U1_W4_SOCIAL_SCIENCES_ASSET_AUDIT_0.1,H1972P2CI065,1972,2,CIENCIAS SOCIALES,standard_x_js,H1972P2CI065,70,131,70,https://historico.conaliteg.gob.mx/c/H1972P2CI065/070.jpg,0,source_jpeg,served_image,200,image/jpeg,57950,32960524aa3d9569a763cf48f46b05c26c0a3036538049ea886c11a677c646fb,1,
LTMD_U1_W4_SOCIAL_SCIENCES_ASSET_AUDIT_0.1,H1972P2CI065,1972,2,CIENCIAS SOCIALES,standard_x_js,H1972P2CI065,71,131,71,https://historico.conaliteg.gob.mx/c/H1972P2CI065/071.jpg,0,source_jpeg,served_image,200,image/jpeg,51960,f0c2bff35b081983e508fd7792cb618365a51bc58f426ad8127d1b980c2df6a4,1,
LTMD_U1_W4_SOCIAL_SCIENCES_ASSET_AUDIT_0.1,H1972P2CI065,1972,2,CIENCIAS SOCIALES,standard_x_js,H1972P2CI065,72,131,72,https://historico.conaliteg.gob.mx/c/H1972P2CI065/072.jpg,0,source_jpeg,served_image,200,image/jpeg,45986,26d17aac9be9e8003d2af430afed37fb8a820014b8be2f191a27d6b4548970e2,1,
LTMD_U1_W4_SOCIAL_SCIENCES_ASSET_AUDIT_0.1,H1972P2CI065,1972,2,CIENCIAS SOCIALES,standard_x_js,H1972P2CI065,73,131,73,https://historico.conaliteg.gob.mx/c/H1972P2CI065/073.jpg,0,source_jpeg,served_image,200,image/jpeg,73534,13897b679a3d1ea5fd3e481586e788ffe68a9f7a8fd67b35b4b72e3060fdaedb,1,
LTMD_U1_W4_SOCIAL_SCIENCES_ASSET_AUDIT_0.1,H1972P2CI065,1972,2,CIENCIAS SOCIALES,standard_x_js,H1972P2CI065,74,131,74,https://historico.conaliteg.gob.mx/c/H1972P2CI065/074.jpg,0,source_jpeg,served_image,200,image/jpeg,48909,88b60262517a98f102fd083f177af1233250278ec123ab18b730f953f35fc8ff,1,
LTMD_U1_W4_SOCIAL_SCIENCES_ASSET_AUDIT_0.1,H1972P2CI065,1972,2,CIENCIAS SOCIALES,standard_x_js,H1972P2CI065,75,131,75,https://historico.conaliteg.gob.mx/c/H1972P2CI065/075.jpg,0,source_jpeg,served_image,200,image/jpeg,63948,27bcc13777b00ab40e516c5fa1787f1d1872946e5b36b8d56f53b442fd3fe06b,1,
LTMD_U1_W4_SOCIAL_SCIENCES_ASSET_AUDIT_0.1,H1972P2CI065,1972,2,CIENCIAS SOCIALES,standard_x_js,H1972P2CI065,76,131,76,https://historico.conaliteg.gob.mx/c/H1972P2CI065/076.jpg,0,source_jpeg,served_image,200,image/jpeg,47592,c16dee05f2474f7180e01920a3f547c1d05991e74edac6a7a58795c149d714c7,1,
LTMD_U1_W4_SOCIAL_SCIENCES_ASSET_AUDIT_0.1,H1972P2CI065,1972,2,CIENCIAS SOCIALES,standard_x_js,H1972P2CI065,77,131,77,https://historico.conaliteg.gob.mx/c/H1972P2CI065/077.jpg,0,source_jpeg,served_image,200,image/jpeg,61061,773b98e2eb08a9700123b9d968cd78718a10317d32e85d31498fe0ffae03160b,1,
LTMD_U1_W4_SOCIAL_SCIENCES_ASSET_AUDIT_0.1,H1972P2CI065,1972,2,CIENCIAS SOCIALES,standard_x_js,H1972P2CI065,78,131,78,https://historico.conaliteg.gob.mx/c/H1972P2CI065/078.jpg,0,source_jpeg,served_image,200,image/jpeg,48484,980235ac90eeb1c0f23fb99be2d4d21d0b2d04f5fd70675819ac4bc22bf9f159,1,
LTMD_U1_W4_SOCIAL_SCIENCES_ASSET_AUDIT_0.1,H1972P2CI065,1972,2,CIENCIAS SOCIALES,standard_x_js,H1972P2CI065,79,131,79,https://historico.conaliteg.gob.mx/c/H1972P2CI065/079.jpg,0,source_jpeg,served_image,200,image/jpeg,67811,0ed7e9104a75e00d1acbc32e0c832020990ce0e95f14d2e1ad76ad019f3f14f4,1,
LTMD_U1_W4_SOCIAL_SCIENCES_ASSET_AUDIT_0.1,H1972P2CI065,1972,2,CIENCIAS SOCIALES,standard_x_js,H1972P2CI065,80,131,80,https://historico.conaliteg.gob.mx/c/H1972P2CI065/080.jpg,0,source_jpeg,served_image,200,image/jpeg,63621,73fa1a589fed399ed35326d3676b383ba80763f4178f66191995f6e6ea31e857,1,
LTMD_U1_W4_SOCIAL_SCIENCES_ASSET_AUDIT_0.1,H1972P2CI065,1972,2,CIENCIAS SOCIALES,standard_x_js,H1972P2CI065,81,131,81,https://historico.conaliteg.gob.mx/c/H1972P2CI065/081.jpg,0,source_jpeg,served_image,200,image/jpeg,45410,18e475ebdebc0456998cf25232b2284e4823fb925a221e64035b08c3f6ac1abb,1,
LTMD_U1_W4_SOCIAL_SCIENCES_ASSET_AUDIT_0.1,H1972P2CI065,1972,2,CIENCIAS SOCIALES,standard_x_js,H1972P2CI065,82,131,82,https://historico.conaliteg.gob.mx/c/H1972P2CI065/082.jpg,0,source_jpeg,served_image,200,image/jpeg,60224,6c7a8ea4df25e045e5dcb27906e4dfc9efaa554666ad6f482d0ee4a53ec0ac55,1,
LTMD_U1_W4_SOCIAL_SCIENCES_ASSET_AUDIT_0.1,H1972P2CI065,1972,2,CIENCIAS SOCIALES,standard_x_js,H1972P2CI065,83,131,83,https://historico.conaliteg.gob.mx/c/H1972P2CI065/083.jpg,0,source_jpeg,served_image,200,image/jpeg,37337,da0c0f847701288a9066ae24bc18fce149731bc3766be49c96cf145cc2e0579f,1,
LTMD_U1_W4_SOCIAL_SCIENCES_ASSET_AUDIT_0.1,H1972P2CI065,1972,2,CIENCIAS SOCIALES,standard_x_js,H1972P2CI065,84,131,84,https://historico.conaliteg.gob.mx/c/H1972P2CI065/084.jpg,0,source_jpeg,served_image,200,image/jpeg,51467,390b5dabb6546c1580bdaf2f65d083ae7f2441e09c6b6a2a4b0305b5be059d50,1,
LTMD_U1_W4_SOCIAL_SCIENCES_ASSET_AUDIT_0.1,H1972P2CI065,1972,2,CIENCIAS SOCIALES,standard_x_js,H1972P2CI065,85,131,85,https://historico.conaliteg.gob.mx/c/H1972P2CI065/085.jpg,0,source_jpeg,served_image,200,image/jpeg,84773,e475344b944626d184b018e4d667bf504ec0392a0ac3b70ec6950d2f5ed5ebd1,1,
LTMD_U1_W4_SOCIAL_SCIENCES_ASSET_AUDIT_0.1,H1972P2CI065,1972,2,CIENCIAS SOCIALES,standard_x_js,H1972P2CI065,86,131,86,https://historico.conaliteg.gob.mx/c/H1972P2CI065/086.jpg,0,source_jpeg,served_image,200,image/jpeg,50858,09f64bac5674940a9fd87211218854aa85735c9c8640b31edaf1ccd6164674d8,1,
LTMD_U1_W4_SOCIAL_SCIENCES_ASSET_AUDIT_0.1,H1972P2CI065,1972,2,CIENCIAS SOCIALES,standard_x_js,H1972P2CI065,87,131,87,https://historico.conaliteg.gob.mx/c/H1972P2CI065/087.jpg,0,source_jpeg,served_image,200,image/jpeg,50319,c081dd2de0550370b2dc213062f31d60cfab34d775c3d7d9e994fe587775b2f6,1,
LTMD_U1_W4_SOCIAL_SCIENCES_ASSET_AUDIT_0.1,H1972P2CI065,1972,2,CIENCIAS SOCIALES,standard_x_js,H1972P2CI065,88,131,88,https://historico.conaliteg.gob.mx/c/H1972P2CI065/088.jpg,0,source_jpeg,served_image,200,image/jpeg,52112,9bea9e5cb8d40c6be8889f85b8d42ab0d6696f63fb3e8fd6a0e787480785d143,1,
LTMD_U1_W4_SOCIAL_SCIENCES_ASSET_AUDIT_0.1,H1972P2CI065,1972,2,CIENCIAS SOCIALES,standard_x_js,H1972P2CI065,89,131,89,https://historico.conaliteg.gob.mx/c/H1972P2CI065/089.jpg,0,source_jpeg,served_image,200,image/jpeg,45264,949f986150ecb61361994dbbdbee569d86044160313f32e9eb42be999116d500,1,
LTMD_U1_W4_SOCIAL_SCIENCES_ASSET_AUDIT_0.1,H1972P2CI065,1972,2,CIENCIAS SOCIALES,standard_x_js,H1972P2CI065,90,131,90,https://historico.conaliteg.gob.mx/c/H1972P2CI065/090.jpg,0,source_jpeg,served_image,200,image/jpeg,34236,2086690bbeac65f939341b5a5d075857d9e3982025e7f17f31fa4ae952fc2f8e,1,
LTMD_U1_W4_SOCIAL_SCIENCES_ASSET_AUDIT_0.1,H1972P2CI065,1972,2,CIENCIAS SOCIALES,standard_x_js,H1972P2CI065,91,131,91,https://historico.conaliteg.gob.mx/c/H1972P2CI065/091.jpg,0,source_jpeg,served_image,200,image/jpeg,27603,c4d22c0812f069b203223205584c3d06c6f92da6d321489678ec1da78f796036,1,
LTMD_U1_W4_SOCIAL_SCIENCES_ASSET_AUDIT_0.1,H1972P2CI065,1972,2,CIENCIAS SOCIALES,standard_x_js,H1972P2CI065,92,131,92,https://historico.conaliteg.gob.mx/c/H1972P2CI065/092.jpg,0,source_jpeg,served_image,200,image/jpeg,57437,404ee3da0dabb85beaae2953586821b5cf78be7a71b2cff52565a2fd3c3bb761,1,
LTMD_U1_W4_SOCIAL_SCIENCES_ASSET_AUDIT_0.1,H1972P2CI065,1972,2,CIENCIAS SOCIALES,standard_x_js,H1972P2CI065,93,131,93,https://historico.conaliteg.gob.mx/c/H1972P2CI065/093.jpg,0,source_jpeg,served_image,200,image/jpeg,58938,660d64421ffa228a54736fde260b3bf6c424f60b17f7349e848cdeb02f1b44e9,1,
LTMD_U1_W4_SOCIAL_SCIENCES_ASSET_AUDIT_0.1,H1972P2CI065,1972,2,CIENCIAS SOCIALES,standard_x_js,H1972P2CI065,94,131,94,https://historico.conaliteg.gob.mx/c/H1972P2CI065/094.jpg,0,source_jpeg,served_image,200,image/jpeg,43165,a451cdaa630cd05e1a476ec37ae7144dcb4073592b15c731f455348402fac5b8,1,
LTMD_U1_W4_SOCIAL_SCIENCES_ASSET_AUDIT_0.1,H1972P2CI065,1972,2,CIENCIAS SOCIALES,standard_x_js,H1972P2CI065,95,131,95,https://historico.conaliteg.gob.mx/c/H1972P2CI065/095.jpg,0,source_jpeg,served_image,200,image/jpeg,49864,d87fc03449f956d54aeae2f5c05945439e2fff09b5f80cdad89a36184e0a9462,1,
LTMD_U1_W4_SOCIAL_SCIENCES_ASSET_AUDIT_0.1,H1972P2CI065,1972,2,CIENCIAS SOCIALES,standard_x_js,H1972P2CI065,96,131,96,https://historico.conaliteg.gob.mx/c/H1972P2CI065/096.jpg,0,source_jpeg,served_image,200,image/jpeg,51261,9de2b64cfef1414993f2a84addeeb98994f86f9b4accaea850c1f05a293aea05,1,
LTMD_U1_W4_SOCIAL_SCIENCES_ASSET_AUDIT_0.1,H1972P2CI065,1972,2,CIENCIAS SOCIALES,standard_x_js,H1972P2CI065,97,131,97,https://historico.conaliteg.gob.mx/c/H1972P2CI065/097.jpg,0,source_jpeg,served_image,200,image/jpeg,47898,abeaa55add7a47e78e2c9e4d8c15cca6896103eb535c4d4f7ad90d822ce81f45,1,
LTMD_U1_W4_SOCIAL_SCIENCES_ASSET_AUDIT_0.1,H1972P2CI065,1972,2,CIENCIAS SOCIALES,standard_x_js,H1972P2CI065,98,131,98,https://historico.conaliteg.gob.mx/c/H1972P2CI065/098.jpg,0,source_jpeg,served_image,200,image/jpeg,39277,a5eaf2cd248423a5f52dbd098b2fe9e3230b0f9d2ecb60aabd05c72738d26f64,1,
LTMD_U1_W4_SOCIAL_SCIENCES_ASSET_AUDIT_0.1,H1972P2CI065,1972,2,CIENCIAS SOCIALES,standard_x_js,H1972P2CI065,99,131,99,https://historico.conaliteg.gob.mx/c/H1972P2CI065/099.jpg,0,source_jpeg,served_image,200,image/jpeg,41094,220ffde9e70fd35d3bba01b76934f1973843ff95719936961beeebb59dbc19ac,1,
LTMD_U1_W4_SOCIAL_SCIENCES_ASSET_AUDIT_0.1,H1972P2CI065,1972,2,CIENCIAS SOCIALES,standard_x_js,H1972P2CI065,100,131,100,https://historico.conaliteg.gob.mx/c/H1972P2CI065/100.jpg,0,source_jpeg,served_image,200,image/jpeg,47048,3d9d7320f4da89b506dfb9561fe53c27d03b4ada30ecb7e80168a759426d406b,1,
LTMD_U1_W4_SOCIAL_SCIENCES_ASSET_AUDIT_0.1,H1972P2CI065,1972,2,CIENCIAS SOCIALES,standard_x_js,H1972P2CI065,101,131,101,https://historico.conaliteg.gob.mx/c/H1972P2CI065/101.jpg,0,source_jpeg,served_image,200,image/jpeg,46052,ef9bf711cdf76e4e0e70099ed44adf6b5409f53ac2b2870d9a47670146e59293,1,
LTMD_U1_W4_SOCIAL_SCIENCES_ASSET_AUDIT_0.1,H1972P2CI065,1972,2,CIENCIAS SOCIALES,standard_x_js,H1972P2CI065,102,131,102,https://historico.conaliteg.gob.mx/c/H1972P2CI065/102.jpg,0,source_jpeg,served_image,200,image/jpeg,41645,ad5b1c28fbf947ad1cd18c1703005b159389e2cc26e57abb052043514cf4d220,1,
LTMD_U1_W4_SOCIAL_SCIENCES_ASSET_AUDIT_0.1,H1972P2CI065,1972,2,CIENCIAS SOCIALES,standard_x_js,H1972P2CI065,103,131,103,https://historico.conaliteg.gob.mx/c/H1972P2CI065/103.jpg,0,source_jpeg,served_image,200,image/jpeg,45998,85d455be473197f472229b8225f17a0fb2188c5a9fd0f07f7fd48f6c33a3e016,1,
LTMD_U1_W4_SOCIAL_SCIENCES_ASSET_AUDIT_0.1,H1972P2CI065,1972,2,CIENCIAS SOCIALES,standard_x_js,H1972P2CI065,104,131,104,https://historico.conaliteg.gob.mx/c/H1972P2CI065/104.jpg,0,source_jpeg,served_image,200,image/jpeg,39512,71ea826ad70a913c0b5fef34cc81eb9b678b6779f28dcfdc7ed48dbaa321a484,1,
LTMD_U1_W4_SOCIAL_SCIENCES_ASSET_AUDIT_0.1,H1972P2CI065,1972,2,CIENCIAS SOCIALES,standard_x_js,H1972P2CI065,105,131,105,https://historico.conaliteg.gob.mx/c/H1972P2CI065/105.jpg,0,source_jpeg,served_image,200,image/jpeg,48693,cbd8496e08507feaba9a89909cab1c9780286d9c40ea2a26b75e52b97bdfdac5,1,
LTMD_U1_W4_SOCIAL_SCIENCES_ASSET_AUDIT_0.1,H1972P2CI065,1972,2,CIENCIAS SOCIALES,standard_x_js,H1972P2CI065,106,131,106,https://historico.conaliteg.gob.mx/c/H1972P2CI065/106.jpg,0,source_jpeg,served_image,200,image/jpeg,39293,9e3e350b94e9bda1c0fd67f213adce7d1a93f1c6df57acf1cc9fef7551d53117,1,
LTMD_U1_W4_SOCIAL_SCIENCES_ASSET_AUDIT_0.1,H1972P2CI065,1972,2,CIENCIAS SOCIALES,standard_x_js,H1972P2CI065,107,131,107,https://historico.conaliteg.gob.mx/c/H1972P2CI065/107.jpg,0,source_jpeg,served_image,200,image/jpeg,40537,496d71440c3eef3dd205a4bd3d5912c0fa3f1f3552a36822315b49908d4f4295,1,
LTMD_U1_W4_SOCIAL_SCIENCES_ASSET_AUDIT_0.1,H1972P2CI065,1972,2,CIENCIAS SOCIALES,standard_x_js,H1972P2CI065,108,131,108,https://historico.conaliteg.gob.mx/c/H1972P2CI065/108.jpg,0,source_jpeg,served_image,200,image/jpeg,49531,be2441093ba3084af418a5b825457c2aa2d4388baf3a1cc81eb982a0058c6708,1,
LTMD_U1_W4_SOCIAL_SCIENCES_ASSET_AUDIT_0.1,H1972P2CI065,1972,2,CIENCIAS SOCIALES,standard_x_js,H1972P2CI065,109,131,109,https://historico.conaliteg.gob.mx/c/H1972P2CI065/109.jpg,0,source_jpeg,served_image,200,image/jpeg,37889,0a2a4c125afc20af95a0baeab84d70c74583715a9ad3d93a2fba88718906facf,1,
LTMD_U1_W4_SOCIAL_SCIENCES_ASSET_AUDIT_0.1,H1972P2CI065,1972,2,CIENCIAS SOCIALES,standard_x_js,H1972P2CI065,110,131,110,https://historico.conaliteg.gob.mx/c/H1972P2CI065/110.jpg,0,source_jpeg,served_image,200,image/jpeg,38525,63e999a05f2cdaab7917adf0cf320d35566e3229e567b505600232648eb09052,1,
LTMD_U1_W4_SOCIAL_SCIENCES_ASSET_AUDIT_0.1,H1972P2CI065,1972,2,CIENCIAS SOCIALES,standard_x_js,H1972P2CI065,111,131,111,https://historico.conaliteg.gob.mx/c/H1972P2CI065/111.jpg,0,source_jpeg,served_image,200,image/jpeg,29393,1f83042a79d2150b14ef9586815b93cd80d1335c63c91597bcd9455481e9b097,1,
LTMD_U1_W4_SOCIAL_SCIENCES_ASSET_AUDIT_0.1,H1972P2CI065,1972,2,CIENCIAS SOCIALES,standard_x_js,H1972P2CI065,112,131,112,https://historico.conaliteg.gob.mx/c/H1972P2CI065/112.jpg,0,source_jpeg,served_image,200,image/jpeg,39228,c991610844ba51144546f8fa7bcd0e07b9230c4d4c3565b5bd2a69b8abe62cd4,1,
LTMD_U1_W4_SOCIAL_SCIENCES_ASSET_AUDIT_0.1,H1972P2CI065,1972,2,CIENCIAS SOCIALES,standard_x_js,H1972P2CI065,113,131,113,https://historico.conaliteg.gob.mx/c/H1972P2CI065/113.jpg,0,source_jpeg,served_image,200,image/jpeg,41121,11775a9f7b85357fecb89c1a77dd3f33a366fa39a02edbf1bffe2cf68d4aba13,1,
LTMD_U1_W4_SOCIAL_SCIENCES_ASSET_AUDIT_0.1,H1972P2CI065,1972,2,CIENCIAS SOCIALES,standard_x_js,H1972P2CI065,114,131,114,https://historico.conaliteg.gob.mx/c/H1972P2CI065/114.jpg,0,source_jpeg,served_image,200,image/jpeg,33996,68b66f2d58b2a50692ac4ae13773f6481144087afb8fe161398b66dad4628321,1,
LTMD_U1_W4_SOCIAL_SCIENCES_ASSET_AUDIT_0.1,H1972P2CI065,1972,2,CIENCIAS SOCIALES,standard_x_js,H1972P2CI065,115,131,115,https://historico.conaliteg.gob.mx/c/H1972P2CI065/115.jpg,0,source_jpeg,served_image,200,image/jpeg,34814,dc7eed0dbbc555757c1cb1393fcea45fb9258d7282f75749a54cdbab0b848353,1,
LTMD_U1_W4_SOCIAL_SCIENCES_ASSET_AUDIT_0.1,H1972P2CI065,1972,2,CIENCIAS SOCIALES,standard_x_js,H1972P2CI065,116,131,116,https://historico.conaliteg.gob.mx/c/H1972P2CI065/116.jpg,0,source_jpeg,served_image,200,image/jpeg,44663,ccafb75a6e2b565e2abeccec028e44c8fc39899d5da941929d4adcf46d233cea,1,
LTMD_U1_W4_SOCIAL_SCIENCES_ASSET_AUDIT_0.1,H1972P2CI065,1972,2,CIENCIAS SOCIALES,standard_x_js,H1972P2CI065,117,131,117,https://historico.conaliteg.gob.mx/c/H1972P2CI065/117.jpg,0,source_jpeg,served_image,200,image/jpeg,48511,36e9fdb8f2fa6f98c74879ac88a953d4c2a4a04cab1ea930f9d160e7909c98ee,1,
LTMD_U1_W4_SOCIAL_SCIENCES_ASSET_AUDIT_0.1,H1972P2CI065,1972,2,CIENCIAS SOCIALES,standard_x_js,H1972P2CI065,118,131,118,https://historico.conaliteg.gob.mx/c/H1972P2CI065/118.jpg,0,source_jpeg,served_image,200,image/jpeg,41106,f3559de3b2feea3cb7cf33cb77424fb30dc44d554d1ddd2b3b01814857d08be5,1,
LTMD_U1_W4_SOCIAL_SCIENCES_ASSET_AUDIT_0.1,H1972P2CI065,1972,2,CIENCIAS SOCIALES,standard_x_js,H1972P2CI065,119,131,119,https://historico.conaliteg.gob.mx/c/H1972P2CI065/119.jpg,0,source_jpeg,served_image,200,image/jpeg,35338,9c4265d9177ea096a8f0204aa2bed936c567f513d01cde47532e2a90d22f5247,1,
LTMD_U1_W4_SOCIAL_SCIENCES_ASSET_AUDIT_0.1,H1972P2CI065,1972,2,CIENCIAS SOCIALES,standard_x_js,H1972P2CI065,120,131,120,https://historico.conaliteg.gob.mx/c/H1972P2CI065/120.jpg,0,source_jpeg,served_image,200,image/jpeg,50077,db5350ea3a6872a6ad3e871df52011c4af2b1f5bd182d492c80fdb9e61ada5e2,1,
LTMD_U1_W4_SOCIAL_SCIENCES_ASSET_AUDIT_0.1,H1972P2CI065,1972,2,CIENCIAS SOCIALES,standard_x_js,H1972P2CI065,121,131,121,https://historico.conaliteg.gob.mx/c/H1972P2CI065/121.jpg,0,source_jpeg,served_image,200,image/jpeg,43920,b2469fb93643dbf95e950cc458ce21ea68b8c28e5425a457f8b4f4859f85d043,1,
LTMD_U1_W4_SOCIAL_SCIENCES_ASSET_AUDIT_0.1,H1972P2CI065,1972,2,CIENCIAS SOCIALES,standard_x_js,H1972P2CI065,122,131,122,https://historico.conaliteg.gob.mx/c/H1972P2CI065/122.jpg,0,source_jpeg,served_image,200,image/jpeg,45041,e4b5f3fb80cf4350285d29f97c96a829fe379d6a98d9bc30f200db7aa8d3117e,1,
LTMD_U1_W4_SOCIAL_SCIENCES_ASSET_AUDIT_0.1,H1972P2CI065,1972,2,CIENCIAS SOCIALES,standard_x_js,H1972P2CI065,123,131,123,https://historico.conaliteg.gob.mx/c/H1972P2CI065/123.jpg,0,source_jpeg,served_image,200,image/jpeg,66689,04532fb877b0b4681faff6732c9df2f9cba8bfa71a78316598131ad3621aa939,1,
LTMD_U1_W4_SOCIAL_SCIENCES_ASSET_AUDIT_0.1,H1972P2CI065,1972,2,CIENCIAS SOCIALES,standard_x_js,H1972P2CI065,124,131,124,https://historico.conaliteg.gob.mx/c/H1972P2CI065/124.jpg,0,source_jpeg,served_image,200,image/jpeg,37409,22249b3166af99d9ef588eb21574a367937c8369e31de712bddf8e094b01ede9,1,
LTMD_U1_W4_SOCIAL_SCIENCES_ASSET_AUDIT_0.1,H1972P2CI065,1972,2,CIENCIAS SOCIALES,standard_x_js,H1972P2CI065,125,131,125,https://historico.conaliteg.gob.mx/c/H1972P2CI065/125.jpg,0,source_jpeg,served_image,200,image/jpeg,39659,ee03586a369e0e2a07fe698090d823f36508312ea7c636f23a0e708330d24a94,1,
LTMD_U1_W4_SOCIAL_SCIENCES_ASSET_AUDIT_0.1,H1972P2CI065,1972,2,CIENCIAS SOCIALES,standard_x_js,H1972P2CI065,126,131,126,https://historico.conaliteg.gob.mx/c/H1972P2CI065/126.jpg,0,source_jpeg,served_image,200,image/jpeg,53645,ae550afb83ccea1671f7fae9c65dfecb0ba9039319f77bda0a3bdd30db36a759,1,
LTMD_U1_W4_SOCIAL_SCIENCES_ASSET_AUDIT_0.1,H1972P2CI065,1972,2,CIENCIAS SOCIALES,standard_x_js,H1972P2CI065,127,131,127,https://historico.conaliteg.gob.mx/c/H1972P2CI065/127.jpg,0,source_jpeg,served_image,200,image/jpeg,40755,0b45e6644e5cf23a76c0d8f21ec140e7fb87200f156f51314bccc9fbf108a928,1,
LTMD_U1_W4_SOCIAL_SCIENCES_ASSET_AUDIT_0.1,H1972P2CI065,1972,2,CIENCIAS SOCIALES,standard_x_js,H1972P2CI065,128,131,128,https://historico.conaliteg.gob.mx/c/H1972P2CI065/128.jpg,0,source_jpeg,served_image,200,image/jpeg,22566,59f2d067bc4b35a6e2022e6921e1ca3cfd145feb6a5b186902f35ae226c76dd1,1,
LTMD_U1_W4_SOCIAL_SCIENCES_ASSET_AUDIT_0.1,H1972P2CI065,1972,2,CIENCIAS SOCIALES,standard_x_js,H1972P2CI065,129,131,129,https://historico.conaliteg.gob.mx/c/H1972P2CI065/129.jpg,0,source_jpeg,served_image,200,image/jpeg,37976,50beb8686e3316d54f32bbcb990a105595f673432dc35fa5feb0dd698502a3da,1,
LTMD_U1_W4_SOCIAL_SCIENCES_ASSET_AUDIT_0.1,H1972P2CI065,1972,2,CIENCIAS SOCIALES,standard_x_js,H1972P2CI065,130,131,130,https://historico.conaliteg.gob.mx/c/H1972P2CI065/130.jpg,0,source_jpeg,served_image,200,image/jpeg,205491,7ead74e594820dd8ae09e4e35513ce0474b8db6ac4511f6dc5d49a3ca0e25060,1,
LTMD_U1_W4_SOCIAL_SCIENCES_ASSET_AUDIT_0.1,H1972P2CI065,1972,2,CIENCIAS SOCIALES,standard_x_js,H1972P2CI065,131,131,131,https://historico.conaliteg.gob.mx/c/H1972P2CI065/131.jpg,1,terminal_synthetic_candidate,http_404,404,text/html; charset=iso-8859-1,,,1,HTTP 404
LTMD_U1_W4_SOCIAL_SCIENCES_ASSET_AUDIT_0.1,H1972P3CI072,1972,3,CIENCIAS SOCIALES,standard_x_js,H1972P3CI072,1,115,0,https://historico.conaliteg.gob.mx/c/H1972P3CI072/000.jpg,0,source_jpeg,served_image,200,image/jpeg,240058,5420f626a87ef5ab7f116d67ac84c2d79225962d6945642a57a1aa6cf877daee,1,
LTMD_U1_W4_SOCIAL_SCIENCES_ASSET_AUDIT_0.1,H1972P3CI072,1972,3,CIENCIAS SOCIALES,standard_x_js,H1972P3CI072,2,115,2,https://historico.conaliteg.gob.mx/c/H1972P3CI072/002.jpg,0,source_jpeg,served_image,200,image/jpeg,19191,a7cbd4e301edb28d751c10842f5bbaaa4554c1a461006532440f2b27350bf00d,1,
LTMD_U1_W4_SOCIAL_SCIENCES_ASSET_AUDIT_0.1,H1972P3CI072,1972,3,CIENCIAS SOCIALES,standard_x_js,H1972P3CI072,3,115,3,https://historico.conaliteg.gob.mx/c/H1972P3CI072/003.jpg,0,source_jpeg,served_image,200,image/jpeg,47289,a38a3988d530b8477fc305d7f69688d214d4e0e217f360a1e3c607d166d63b0f,1,
LTMD_U1_W4_SOCIAL_SCIENCES_ASSET_AUDIT_0.1,H1972P3CI072,1972,3,CIENCIAS SOCIALES,standard_x_js,H1972P3CI072,4,115,4,https://historico.conaliteg.gob.mx/c/H1972P3CI072/004.jpg,0,source_jpeg,served_image,200,image/jpeg,19491,8b41b4ceafbf381c76d51e8dcddf0e2aa0519e3530d8a4bd9e260393eabf18d5,1,
LTMD_U1_W4_SOCIAL_SCIENCES_ASSET_AUDIT_0.1,H1972P3CI072,1972,3,CIENCIAS SOCIALES,standard_x_js,H1972P3CI072,5,115,5,https://historico.conaliteg.gob.mx/c/H1972P3CI072/005.jpg,0,source_jpeg,served_image,200,image/jpeg,45111,8c5b0cc8bd53c04389322b03ac78f6b269f4d3d158ff13b0d0b9ebca942f23fc,1,
LTMD_U1_W4_SOCIAL_SCIENCES_ASSET_AUDIT_0.1,H1972P3CI072,1972,3,CIENCIAS SOCIALES,standard_x_js,H1972P3CI072,6,115,6,https://historico.conaliteg.gob.mx/c/H1972P3CI072/006.jpg,0,source_jpeg,served_image,200,image/jpeg,50735,7c8482b44a164db19cf601ccccf2e97916cba43369cb83c9896697b8c7622225,1,
LTMD_U1_W4_SOCIAL_SCIENCES_ASSET_AUDIT_0.1,H1972P3CI072,1972,3,CIENCIAS SOCIALES,standard_x_js,H1972P3CI072,7,115,7,https://historico.conaliteg.gob.mx/c/H1972P3CI072/007.jpg,0,source_jpeg,served_image,200,image/jpeg,58525,52c86b5b4283052519fefbbec572780cecafa3e3a3649a18b0d40945ab7c0665,1,
LTMD_U1_W4_SOCIAL_SCIENCES_ASSET_AUDIT_0.1,H1972P3CI072,1972,3,CIENCIAS SOCIALES,standard_x_js,H1972P3CI072,8,115,8,https://historico.conaliteg.gob.mx/c/H1972P3CI072/008.jpg,0,source_jpeg,served_image,200,image/jpeg,61822,bc78a6c27e4ee8d975e0b193eaca5558297d4e7c042f5fb0013675877f3b4186,1,
LTMD_U1_W4_SOCIAL_SCIENCES_ASSET_AUDIT_0.1,H1972P3CI072,1972,3,CIENCIAS SOCIALES,standard_x_js,H1972P3CI072,9,115,9,https://historico.conaliteg.gob.mx/c/H1972P3CI072/009.jpg,0,source_jpeg,served_image,200,image/jpeg,57296,877c5e4a56537d48325da35c35f8b7faa6ac53947bbdb3af5c5a8c0f98cb89e1,1,
LTMD_U1_W4_SOCIAL_SCIENCES_ASSET_AUDIT_0.1,H1972P3CI072,1972,3,CIENCIAS SOCIALES,standard_x_js,H1972P3CI072,10,115,10,https://historico.conaliteg.gob.mx/c/H1972P3CI072/010.jpg,0,source_jpeg,served_image,200,image/jpeg,51124,3e4e50db5aa4df7113b3444747ce5dad6927c1042faceea9525b7a43e2093029,1,
LTMD_U1_W4_SOCIAL_SCIENCES_ASSET_AUDIT_0.1,H1972P3CI072,1972,3,CIENCIAS SOCIALES,standard_x_js,H1972P3CI072,11,115,11,https://historico.conaliteg.gob.mx/c/H1972P3CI072/011.jpg,0,source_jpeg,served_image,200,image/jpeg,50893,58748fcf1b7f244559be5e7e4c44ffb0f906e991860742e1e95effccbb4f256d,1,
LTMD_U1_W4_SOCIAL_SCIENCES_ASSET_AUDIT_0.1,H1972P3CI072,1972,3,CIENCIAS SOCIALES,standard_x_js,H1972P3CI072,12,115,12,https://historico.conaliteg.gob.mx/c/H1972P3CI072/012.jpg,0,source_jpeg,served_image,200,image/jpeg,40774,b7b021009089c17269268ea6a36aadd1c0bcaa9a917e53628fa552295962b472,1,
LTMD_U1_W4_SOCIAL_SCIENCES_ASSET_AUDIT_0.1,H1972P3CI072,1972,3,CIENCIAS SOCIALES,standard_x_js,H1972P3CI072,13,115,13,https://historico.conaliteg.gob.mx/c/H1972P3CI072/013.jpg,0,source_jpeg,served_image,200,image/jpeg,53686,286251a7d005367eb5eed2ae2e0351b2182cf73ec1e95b153582b397283d0112,1,
LTMD_U1_W4_SOCIAL_SCIENCES_ASSET_AUDIT_0.1,H1972P3CI072,1972,3,CIENCIAS SOCIALES,standard_x_js,H1972P3CI072,14,115,14,https://historico.conaliteg.gob.mx/c/H1972P3CI072/014.jpg,0,source_jpeg,served_image,200,image/jpeg,52173,03a7fd4a5a85d0c74dc5a41287282bd5b109cdc4c9b11bcfcfbe7bf0068cca46,1,
LTMD_U1_W4_SOCIAL_SCIENCES_ASSET_AUDIT_0.1,H1972P3CI072,1972,3,CIENCIAS SOCIALES,standard_x_js,H1972P3CI072,15,115,15,https://historico.conaliteg.gob.mx/c/H1972P3CI072/015.jpg,0,source_jpeg,served_image,200,image/jpeg,68991,3826b3c46a56137810b8eeddf94163e5c8374d3e36b4f6e97c3200863829e7bc,1,
LTMD_U1_W4_SOCIAL_SCIENCES_ASSET_AUDIT_0.1,H1972P3CI072,1972,3,CIENCIAS SOCIALES,standard_x_js,H1972P3CI072,16,115,16,https://historico.conaliteg.gob.mx/c/H1972P3CI072/016.jpg,0,source_jpeg,served_image,200,image/jpeg,61246,90a7bc6667b8d3bc54fa6d204c0d10415d88970e739e0a510e924b93d4a57e2c,1,
LTMD_U1_W4_SOCIAL_SCIENCES_ASSET_AUDIT_0.1,H1972P3CI072,1972,3,CIENCIAS SOCIALES,standard_x_js,H1972P3CI072,17,115,17,https://historico.conaliteg.gob.mx/c/H1972P3CI072/017.jpg,0,source_jpeg,served_image,200,image/jpeg,60070,424ee512e6f6d4c1d2f96a2492f90acd0b2fda528e3e4178058d68ca8486b53f,1,
LTMD_U1_W4_SOCIAL_SCIENCES_ASSET_AUDIT_0.1,H1972P3CI072,1972,3,CIENCIAS SOCIALES,standard_x_js,H1972P3CI072,18,115,18,https://historico.conaliteg.gob.mx/c/H1972P3CI072/018.jpg,0,source_jpeg,served_image,200,image/jpeg,59985,31c2ed33246f67df30e40979979bb17c386a94848ce996398a45a29816dfe0a5,1,
LTMD_U1_W4_SOCIAL_SCIENCES_ASSET_AUDIT_0.1,H1972P3CI072,1972,3,CIENCIAS SOCIALES,standard_x_js,H1972P3CI072,19,115,19,https://historico.conaliteg.gob.mx/c/H1972P3CI072/019.jpg,0,source_jpeg,served_image,200,image/jpeg,59840,92363345fcc5cef805df97abcf46fb4499c305cac237578b7a2ac2c76b0e0db4,1,
LTMD_U1_W4_SOCIAL_SCIENCES_ASSET_AUDIT_0.1,H1972P3CI072,1972,3,CIENCIAS SOCIALES,standard_x_js,H1972P3CI072,20,115,20,https://historico.conaliteg.gob.mx/c/H1972P3CI072/020.jpg,0,source_jpeg,served_image,200,image/jpeg,56320,8133be19217c25feb6b846fa16cf47ca8df5aaa8268791f1244a2b8a654a6b31,1,
LTMD_U1_W4_SOCIAL_SCIENCES_ASSET_AUDIT_0.1,H1972P3CI072,1972,3,CIENCIAS SOCIALES,standard_x_js,H1972P3CI072,21,115,21,https://historico.conaliteg.gob.mx/c/H1972P3CI072/021.jpg,0,source_jpeg,served_image,200,image/jpeg,52577,c0853297aa9c5dba83b35b06a426591defb2234ad55bdc1912d2a07153ceb1f8,1,
LTMD_U1_W4_SOCIAL_SCIENCES_ASSET_AUDIT_0.1,H1972P3CI072,1972,3,CIENCIAS SOCIALES,standard_x_js,H1972P3CI072,22,115,22,https://historico.conaliteg.gob.mx/c/H1972P3CI072/022.jpg,0,source_jpeg,served_image,200,image/jpeg,58241,079831f10f715136c8a549a683111fb0300fd751d38339c594d0f99a2886fb99,1,
LTMD_U1_W4_SOCIAL_SCIENCES_ASSET_AUDIT_0.1,H1972P3CI072,1972,3,CIENCIAS SOCIALES,standard_x_js,H1972P3CI072,23,115,23,https://historico.conaliteg.gob.mx/c/H1972P3CI072/023.jpg,0,source_jpeg,served_image,200,image/jpeg,60717,507fe6eb6de29ac3a8c3e512184ffac43ffb8c0868a672394c9fec327e85cc45,1,
LTMD_U1_W4_SOCIAL_SCIENCES_ASSET_AUDIT_0.1,H1972P3CI072,1972,3,CIENCIAS SOCIALES,standard_x_js,H1972P3CI072,24,115,24,https://historico.conaliteg.gob.mx/c/H1972P3CI072/024.jpg,0,source_jpeg,served_image,200,image/jpeg,53083,a1d6c93799322d210263f36241fd8ffd55c73b9e71741a0cb0891675f87e47cc,1,
LTMD_U1_W4_SOCIAL_SCIENCES_ASSET_AUDIT_0.1,H1972P3CI072,1972,3,CIENCIAS SOCIALES,standard_x_js,H1972P3CI072,25,115,25,https://historico.conaliteg.gob.mx/c/H1972P3CI072/025.jpg,0,source_jpeg,served_image,200,image/jpeg,56663,f152cb1b03a99c064564364230d95f534ed4d605f06b2458b590ad9da7931cf0,1,
LTMD_U1_W4_SOCIAL_SCIENCES_ASSET_AUDIT_0.1,H1972P3CI072,1972,3,CIENCIAS SOCIALES,standard_x_js,H1972P3CI072,26,115,26,https://historico.conaliteg.gob.mx/c/H1972P3CI072/026.jpg,0,source_jpeg,served_image,200,image/jpeg,63731,26c76e7e8646af1d42752713ac3722846c5a08a08418e9ceebcedd3c4fe22c02,1,
LTMD_U1_W4_SOCIAL_SCIENCES_ASSET_AUDIT_0.1,H1972P3CI072,1972,3,CIENCIAS SOCIALES,standard_x_js,H1972P3CI072,27,115,27,https://historico.conaliteg.gob.mx/c/H1972P3CI072/027.jpg,0,source_jpeg,served_image,200,image/jpeg,64409,9df976752acf5c9598b3d67a89c2a9c72167310027fd95a009c5e4bda48e7955,1,
LTMD_U1_W4_SOCIAL_SCIENCES_ASSET_AUDIT_0.1,H1972P3CI072,1972,3,CIENCIAS SOCIALES,standard_x_js,H1972P3CI072,28,115,28,https://historico.conaliteg.gob.mx/c/H1972P3CI072/028.jpg,0,source_jpeg,served_image,200,image/jpeg,48069,81fdf0bd38da8d9c544a14e8359a0bdb9d29290241e4f120f31315a07c212e75,1,
LTMD_U1_W4_SOCIAL_SCIENCES_ASSET_AUDIT_0.1,H1972P3CI072,1972,3,CIENCIAS SOCIALES,standard_x_js,H1972P3CI072,29,115,29,https://historico.conaliteg.gob.mx/c/H1972P3CI072/029.jpg,0,source_jpeg,served_image,200,image/jpeg,61058,f7b2e0c4bfacaf1261b748fb953343eed822b29575129d1c8091995f0dc55a05,1,
LTMD_U1_W4_SOCIAL_SCIENCES_ASSET_AUDIT_0.1,H1972P3CI072,1972,3,CIENCIAS SOCIALES,standard_x_js,H1972P3CI072,30,115,30,https://historico.conaliteg.gob.mx/c/H1972P3CI072/030.jpg,0,source_jpeg,served_image,200,image/jpeg,59858,860f1b9a61ce96fb4aefd742ad28f382a7fcb314609b2e146c1b286c06ce1fdf,1,
LTMD_U1_W4_SOCIAL_SCIENCES_ASSET_AUDIT_0.1,H1972P3CI072,1972,3,CIENCIAS SOCIALES,standard_x_js,H1972P3CI072,31,115,31,https://historico.conaliteg.gob.mx/c/H1972P3CI072/031.jpg,0,source_jpeg,served_image,200,image/jpeg,63036,3071c4416e3a582af23431b0fc66893efa7237560eb96333f8077d1657c29671,1,
LTMD_U1_W4_SOCIAL_SCIENCES_ASSET_AUDIT_0.1,H1972P3CI072,1972,3,CIENCIAS SOCIALES,standard_x_js,H1972P3CI072,32,115,32,https://historico.conaliteg.gob.mx/c/H1972P3CI072/032.jpg,0,source_jpeg,served_image,200,image/jpeg,57107,d21425412cab47c80b8a40865fa4cea7a3bdd6b9416e8e7d0c1340efd414aa3a,1,
LTMD_U1_W4_SOCIAL_SCIENCES_ASSET_AUDIT_0.1,H1972P3CI072,1972,3,CIENCIAS SOCIALES,standard_x_js,H1972P3CI072,33,115,33,https://historico.conaliteg.gob.mx/c/H1972P3CI072/033.jpg,0,source_jpeg,served_image,200,image/jpeg,63169,175dcdf53fe4473fb77e3b798bac77335fea3a1f126fe8c0c6f754f05a262c0b,1,
LTMD_U1_W4_SOCIAL_SCIENCES_ASSET_AUDIT_0.1,H1972P3CI072,1972,3,CIENCIAS SOCIALES,standard_x_js,H1972P3CI072,34,115,34,https://historico.conaliteg.gob.mx/c/H1972P3CI072/034.jpg,0,source_jpeg,served_image,200,image/jpeg,61877,d7b1572d236ef828403442f281b8996d9db90c3197e953c6a34eefa6ab8e10cd,1,
LTMD_U1_W4_SOCIAL_SCIENCES_ASSET_AUDIT_0.1,H1972P3CI072,1972,3,CIENCIAS SOCIALES,standard_x_js,H1972P3CI072,35,115,35,https://historico.conaliteg.gob.mx/c/H1972P3CI072/035.jpg,0,source_jpeg,served_image,200,image/jpeg,49851,4159b282feca00345bf747d9b6def69e57f535a53740c7ae11a9a02c91e6c0ca,1,
LTMD_U1_W4_SOCIAL_SCIENCES_ASSET_AUDIT_0.1,H1972P3CI072,1972,3,CIENCIAS SOCIALES,standard_x_js,H1972P3CI072,36,115,36,https://historico.conaliteg.gob.mx/c/H1972P3CI072/036.jpg,0,source_jpeg,served_image,200,image/jpeg,46370,d93158068d2a5d511e2de2c8a71fe1305322cf87c8ff1adafb59dd10f6613f1a,1,
LTMD_U1_W4_SOCIAL_SCIENCES_ASSET_AUDIT_0.1,H1972P3CI072,1972,3,CIENCIAS SOCIALES,standard_x_js,H1972P3CI072,37,115,37,https://historico.conaliteg.gob.mx/c/H1972P3CI072/037.jpg,0,source_jpeg,served_image,200,image/jpeg,63461,aeb739edc04c695301311f7e462ffc919908d58a7c77367bab6c8f6ae7097c10,1,
LTMD_U1_W4_SOCIAL_SCIENCES_ASSET_AUDIT_0.1,H1972P3CI072,1972,3,CIENCIAS SOCIALES,standard_x_js,H1972P3CI072,38,115,38,https://historico.conaliteg.gob.mx/c/H1972P3CI072/038.jpg,0,source_jpeg,served_image,200,image/jpeg,73634,5bbde471db3a5a68054f32cc2e3727c8dfe55b7db522555fe954f1e6a1bdec06,1,
LTMD_U1_W4_SOCIAL_SCIENCES_ASSET_AUDIT_0.1,H1972P3CI072,1972,3,CIENCIAS SOCIALES,standard_x_js,H1972P3CI072,39,115,39,https://historico.conaliteg.gob.mx/c/H1972P3CI072/039.jpg,0,source_jpeg,served_image,200,image/jpeg,51806,f550ba3b5323512002d8002325f06b1e2d7ffe48ceee6ba3c8aeccc0213f8f8e,1,
LTMD_U1_W4_SOCIAL_SCIENCES_ASSET_AUDIT_0.1,H1972P3CI072,1972,3,CIENCIAS SOCIALES,standard_x_js,H1972P3CI072,40,115,40,https://historico.conaliteg.gob.mx/c/H1972P3CI072/040.jpg,0,source_jpeg,served_image,200,image/jpeg,70091,223c75c97660c74732afef93603002be040403d1f38e0277db4a8c5bf1ae3fdb,1,
LTMD_U1_W4_SOCIAL_SCIENCES_ASSET_AUDIT_0.1,H1972P3CI072,1972,3,CIENCIAS SOCIALES,standard_x_js,H1972P3CI072,41,115,41,https://historico.conaliteg.gob.mx/c/H1972P3CI072/041.jpg,0,source_jpeg,served_image,200,image/jpeg,58652,bae74e8fd2103fb28279a0eb4bfb7cf14385a909e6890dd1b4c651336e22441c,1,
LTMD_U1_W4_SOCIAL_SCIENCES_ASSET_AUDIT_0.1,H1972P3CI072,1972,3,CIENCIAS SOCIALES,standard_x_js,H1972P3CI072,42,115,42,https://historico.conaliteg.gob.mx/c/H1972P3CI072/042.jpg,0,source_jpeg,served_image,200,image/jpeg,62528,c2a5cdc367efe1761bf50aff0a5cc574903afe0220b5b338da5dd2a42a61d0de,1,
LTMD_U1_W4_SOCIAL_SCIENCES_ASSET_AUDIT_0.1,H1972P3CI072,1972,3,CIENCIAS SOCIALES,standard_x_js,H1972P3CI072,43,115,43,https://historico.conaliteg.gob.mx/c/H1972P3CI072/043.jpg,0,source_jpeg,served_image,200,image/jpeg,58896,0222de8a9a897879fc5898d5466e9809d51163fb4c3404ba77442c5a5ed549e0,1,
LTMD_U1_W4_SOCIAL_SCIENCES_ASSET_AUDIT_0.1,H1972P3CI072,1972,3,CIENCIAS SOCIALES,standard_x_js,H1972P3CI072,44,115,44,https://historico.conaliteg.gob.mx/c/H1972P3CI072/044.jpg,0,source_jpeg,served_image,200,image/jpeg,53862,87cd60c1b101542337cd86fd2377efd3a6b9aac85d72e35cef5fdce3a5c09b54,1,
LTMD_U1_W4_SOCIAL_SCIENCES_ASSET_AUDIT_0.1,H1972P3CI072,1972,3,CIENCIAS SOCIALES,standard_x_js,H1972P3CI072,45,115,45,https://historico.conaliteg.gob.mx/c/H1972P3CI072/045.jpg,0,source_jpeg,served_image,200,image/jpeg,59415,d9ee2bcf93ebd0347eb79dcace237d0b9cbee4db0c8bcff5fe92d01c3bf9c9bf,1,
LTMD_U1_W4_SOCIAL_SCIENCES_ASSET_AUDIT_0.1,H1972P3CI072,1972,3,CIENCIAS SOCIALES,standard_x_js,H1972P3CI072,46,115,46,https://historico.conaliteg.gob.mx/c/H1972P3CI072/046.jpg,0,source_jpeg,served_image,200,image/jpeg,53504,a20fbf87f1af94f6d2449821c52a547f9479b26acdf830ca462b48f45cde2bd7,1,
LTMD_U1_W4_SOCIAL_SCIENCES_ASSET_AUDIT_0.1,H1972P3CI072,1972,3,CIENCIAS SOCIALES,standard_x_js,H1972P3CI072,47,115,47,https://historico.conaliteg.gob.mx/c/H1972P3CI072/047.jpg,0,source_jpeg,served_image,200,image/jpeg,61147,c0fa44a4c96c64b8164858bb61760b1cecf565989a26b26c08b4156a9607934a,1,
LTMD_U1_W4_SOCIAL_SCIENCES_ASSET_AUDIT_0.1,H1972P3CI072,1972,3,CIENCIAS SOCIALES,standard_x_js,H1972P3CI072,48,115,48,https://historico.conaliteg.gob.mx/c/H1972P3CI072/048.jpg,0,source_jpeg,served_image,200,image/jpeg,67124,2062af49221eaf705db8959486b16b0e08f16b11eaeb37f88dc260d6d553ef21,1,
LTMD_U1_W4_SOCIAL_SCIENCES_ASSET_AUDIT_0.1,H1972P3CI072,1972,3,CIENCIAS SOCIALES,standard_x_js,H1972P3CI072,49,115,49,https://historico.conaliteg.gob.mx/c/H1972P3CI072/049.jpg,0,source_jpeg,served_image,200,image/jpeg,72801,feab2d3245944994319d9883cc5465d2d8ca5bfb1955d2487ea92f3b1f8978ac,1,
LTMD_U1_W4_SOCIAL_SCIENCES_ASSET_AUDIT_0.1,H1972P3CI072,1972,3,CIENCIAS SOCIALES,standard_x_js,H1972P3CI072,50,115,50,https://historico.conaliteg.gob.mx/c/H1972P3CI072/050.jpg,0,source_jpeg,served_image,200,image/jpeg,59619,b7623bf2c326fe165a93b47da424a3e516295dbaa9ad45f116ac19a280b0a14f,1,
LTMD_U1_W4_SOCIAL_SCIENCES_ASSET_AUDIT_0.1,H1972P3CI072,1972,3,CIENCIAS SOCIALES,standard_x_js,H1972P3CI072,51,115,51,https://historico.conaliteg.gob.mx/c/H1972P3CI072/051.jpg,0,source_jpeg,served_image,200,image/jpeg,56526,ed78c9d88d035cb532fefa7c0924c545bae3bf9798e5bf76529099caefaf678b,1,
LTMD_U1_W4_SOCIAL_SCIENCES_ASSET_AUDIT_0.1,H1972P3CI072,1972,3,CIENCIAS SOCIALES,standard_x_js,H1972P3CI072,52,115,52,https://historico.conaliteg.gob.mx/c/H1972P3CI072/052.jpg,0,source_jpeg,served_image,200,image/jpeg,69387,d5e19d58e7194878704777e0f398f5a8562ce7fb480668709da9e67221017049,1,
LTMD_U1_W4_SOCIAL_SCIENCES_ASSET_AUDIT_0.1,H1972P3CI072,1972,3,CIENCIAS SOCIALES,standard_x_js,H1972P3CI072,53,115,53,https://historico.conaliteg.gob.mx/c/H1972P3CI072/053.jpg,0,source_jpeg,served_image,200,image/jpeg,58361,b002853c30c6d38ff7dbbd1b7bf0c9e49511f7ec81bd5a6088bd771b0f5b87a3,1,
LTMD_U1_W4_SOCIAL_SCIENCES_ASSET_AUDIT_0.1,H1972P3CI072,1972,3,CIENCIAS SOCIALES,standard_x_js,H1972P3CI072,54,115,54,https://historico.conaliteg.gob.mx/c/H1972P3CI072/054.jpg,0,source_jpeg,served_image,200,image/jpeg,51081,51cb7ff221e95b06fa817ff320bcd68f437a52ddffe5df8f59fe38a16a3c2469,1,
LTMD_U1_W4_SOCIAL_SCIENCES_ASSET_AUDIT_0.1,H1972P3CI072,1972,3,CIENCIAS SOCIALES,standard_x_js,H1972P3CI072,55,115,55,https://historico.conaliteg.gob.mx/c/H1972P3CI072/055.jpg,0,source_jpeg,served_image,200,image/jpeg,60464,fd7473954c93071b13c4e1cb4c2b4806b6ecb0af6cc667d9760a53bfd3b5c229,1,
LTMD_U1_W4_SOCIAL_SCIENCES_ASSET_AUDIT_0.1,H1972P3CI072,1972,3,CIENCIAS SOCIALES,standard_x_js,H1972P3CI072,56,115,56,https://historico.conaliteg.gob.mx/c/H1972P3CI072/056.jpg,0,source_jpeg,served_image,200,image/jpeg,67376,920354db66a411918437eb9c77f494bc88aef17d9a37e3f5524773d46a1ec87c,1,
LTMD_U1_W4_SOCIAL_SCIENCES_ASSET_AUDIT_0.1,H1972P3CI072,1972,3,CIENCIAS SOCIALES,standard_x_js,H1972P3CI072,57,115,57,https://historico.conaliteg.gob.mx/c/H1972P3CI072/057.jpg,0,source_jpeg,served_image,200,image/jpeg,78387,e26d3f6f6441eb093f1db66debc728782a57728f67cd5c43dd21696883360b5f,1,
LTMD_U1_W4_SOCIAL_SCIENCES_ASSET_AUDIT_0.1,H1972P3CI072,1972,3,CIENCIAS SOCIALES,standard_x_js,H1972P3CI072,58,115,58,https://historico.conaliteg.gob.mx/c/H1972P3CI072/058.jpg,0,source_jpeg,served_image,200,image/jpeg,65643,4e63658f721df2e154a75ffca376d08bd6d33a8d36021b6e3b9fb2dfc7a06f47,1,
LTMD_U1_W4_SOCIAL_SCIENCES_ASSET_AUDIT_0.1,H1972P3CI072,1972,3,CIENCIAS SOCIALES,standard_x_js,H1972P3CI072,59,115,59,https://historico.conaliteg.gob.mx/c/H1972P3CI072/059.jpg,0,source_jpeg,served_image,200,image/jpeg,65357,bf8ee3b5709add7069d034b65bac13228b753f6c7d9dde3f01c76899350f07d9,1,
LTMD_U1_W4_SOCIAL_SCIENCES_ASSET_AUDIT_0.1,H1972P3CI072,1972,3,CIENCIAS SOCIALES,standard_x_js,H1972P3CI072,60,115,60,https://historico.conaliteg.gob.mx/c/H1972P3CI072/060.jpg,0,source_jpeg,served_image,200,image/jpeg,77796,52662dc5a0b261a4acc0ed26a00483f2593e8d6e58bbcb62bb624ae3b3e85f13,1,
LTMD_U1_W4_SOCIAL_SCIENCES_ASSET_AUDIT_0.1,H1972P3CI072,1972,3,CIENCIAS SOCIALES,standard_x_js,H1972P3CI072,61,115,61,https://historico.conaliteg.gob.mx/c/H1972P3CI072/061.jpg,0,source_jpeg,served_image,200,image/jpeg,76242,b514142e743faaea9970cd3e34083125a9e5ee14605939130dbc59f371ccb4c1,1,
LTMD_U1_W4_SOCIAL_SCIENCES_ASSET_AUDIT_0.1,H1972P3CI072,1972,3,CIENCIAS SOCIALES,standard_x_js,H1972P3CI072,62,115,62,https://historico.conaliteg.gob.mx/c/H1972P3CI072/062.jpg,0,source_jpeg,served_image,200,image/jpeg,50684,b36baa2c9b63cfdd238898d6f367c723e03d5c8c7fe9f2d223683fd3c51d5bbf,1,
LTMD_U1_W4_SOCIAL_SCIENCES_ASSET_AUDIT_0.1,H1972P3CI072,1972,3,CIENCIAS SOCIALES,standard_x_js,H1972P3CI072,63,115,63,https://historico.conaliteg.gob.mx/c/H1972P3CI072/063.jpg,0,source_jpeg,served_image,200,image/jpeg,67755,746e7dab0daf13dcf387415db541be1efcdc957d372533473a9c8de063a56ca3,1,
LTMD_U1_W4_SOCIAL_SCIENCES_ASSET_AUDIT_0.1,H1972P3CI072,1972,3,CIENCIAS SOCIALES,standard_x_js,H1972P3CI072,64,115,64,https://historico.conaliteg.gob.mx/c/H1972P3CI072/064.jpg,0,source_jpeg,served_image,200,image/jpeg,73906,55d5ea72a5c3dc88ac9ea543c3d78453cbd4eedf49ba29c7d57c64e503b7877c,1,
LTMD_U1_W4_SOCIAL_SCIENCES_ASSET_AUDIT_0.1,H1972P3CI072,1972,3,CIENCIAS SOCIALES,standard_x_js,H1972P3CI072,65,115,65,https://historico.conaliteg.gob.mx/c/H1972P3CI072/065.jpg,0,source_jpeg,served_image,200,image/jpeg,62877,577e4ffe25b76bea57decb431c46aa5892d78b1eae6a5f49e2ca61dc459c72ed,1,
LTMD_U1_W4_SOCIAL_SCIENCES_ASSET_AUDIT_0.1,H1972P3CI072,1972,3,CIENCIAS SOCIALES,standard_x_js,H1972P3CI072,66,115,66,https://historico.conaliteg.gob.mx/c/H1972P3CI072/066.jpg,0,source_jpeg,served_image,200,image/jpeg,63011,6da9aef816da4db2235fe85d5f79a044b2f9a657834e14c37a9c785cd40bbab7,1,
LTMD_U1_W4_SOCIAL_SCIENCES_ASSET_AUDIT_0.1,H1972P3CI072,1972,3,CIENCIAS SOCIALES,standard_x_js,H1972P3CI072,67,115,67,https://historico.conaliteg.gob.mx/c/H1972P3CI072/067.jpg,0,source_jpeg,served_image,200,image/jpeg,62261,93db073567e4ca81a87a324d6ffd950279a8a79c80176a488f7ebcc35a5af006,1,
LTMD_U1_W4_SOCIAL_SCIENCES_ASSET_AUDIT_0.1,H1972P3CI072,1972,3,CIENCIAS SOCIALES,standard_x_js,H1972P3CI072,68,115,68,https://historico.conaliteg.gob.mx/c/H1972P3CI072/068.jpg,0,source_jpeg,served_image,200,image/jpeg,57124,331d450011377ccc208dec4222a086eda44389c35be75fce172b7cb34d1a4271,1,
LTMD_U1_W4_SOCIAL_SCIENCES_ASSET_AUDIT_0.1,H1972P3CI072,1972,3,CIENCIAS SOCIALES,standard_x_js,H1972P3CI072,69,115,69,https://historico.conaliteg.gob.mx/c/H1972P3CI072/069.jpg,0,source_jpeg,served_image,200,image/jpeg,60532,b1114da97683954d7829225a4c5612c86ba008c3e00ef282873e18138cae5c36,1,
LTMD_U1_W4_SOCIAL_SCIENCES_ASSET_AUDIT_0.1,H1972P3CI072,1972,3,CIENCIAS SOCIALES,standard_x_js,H1972P3CI072,70,115,70,https://historico.conaliteg.gob.mx/c/H1972P3CI072/070.jpg,0,source_jpeg,served_image,200,image/jpeg,64948,65755791e0129faf6ca36098a7daea001cd7bb61dcd242dbe0a7e48fdcf4cf1f,1,
LTMD_U1_W4_SOCIAL_SCIENCES_ASSET_AUDIT_0.1,H1972P3CI072,1972,3,CIENCIAS SOCIALES,standard_x_js,H1972P3CI072,71,115,71,https://historico.conaliteg.gob.mx/c/H1972P3CI072/071.jpg,0,source_jpeg,served_image,200,image/jpeg,55128,4d0bc3c07fac8423257e618bc62d902bd376033645239032b0725d468d4ee273,1,
LTMD_U1_W4_SOCIAL_SCIENCES_ASSET_AUDIT_0.1,H1972P3CI072,1972,3,CIENCIAS SOCIALES,standard_x_js,H1972P3CI072,72,115,72,https://historico.conaliteg.gob.mx/c/H1972P3CI072/072.jpg,0,source_jpeg,served_image,200,image/jpeg,52856,e4e6c255c34ad820d382ab37a6e1e95cc180a08c1843a5578375771953d4c844,1,
LTMD_U1_W4_SOCIAL_SCIENCES_ASSET_AUDIT_0.1,H1972P3CI072,1972,3,CIENCIAS SOCIALES,standard_x_js,H1972P3CI072,73,115,73,https://historico.conaliteg.gob.mx/c/H1972P3CI072/073.jpg,0,source_jpeg,served_image,200,image/jpeg,68754,49d8720b9ef87df4be099513a3275163651380f00bc071dec25502618af69835,1,
LTMD_U1_W4_SOCIAL_SCIENCES_ASSET_AUDIT_0.1,H1972P3CI072,1972,3,CIENCIAS SOCIALES,standard_x_js,H1972P3CI072,74,115,74,https://historico.conaliteg.gob.mx/c/H1972P3CI072/074.jpg,0,source_jpeg,served_image,200,image/jpeg,61251,54e64327d9fa25e295a9d3f7bf99a8e85cff91fb1e027a7006f44fe2139f5593,1,
LTMD_U1_W4_SOCIAL_SCIENCES_ASSET_AUDIT_0.1,H1972P3CI072,1972,3,CIENCIAS SOCIALES,standard_x_js,H1972P3CI072,75,115,75,https://historico.conaliteg.gob.mx/c/H1972P3CI072/075.jpg,0,source_jpeg,served_image,200,image/jpeg,68140,788c42d35e24d828099e1894e2b12c479f9e98959807b0bc3ef063435d1bb7a7,1,
LTMD_U1_W4_SOCIAL_SCIENCES_ASSET_AUDIT_0.1,H1972P3CI072,1972,3,CIENCIAS SOCIALES,standard_x_js,H1972P3CI072,76,115,76,https://historico.conaliteg.gob.mx/c/H1972P3CI072/076.jpg,0,source_jpeg,served_image,200,image/jpeg,67178,4dfcaa6cbca1b4c15abf04e441d6fac46c114d1cf00a93baad128444e8ddcbfd,1,
LTMD_U1_W4_SOCIAL_SCIENCES_ASSET_AUDIT_0.1,H1972P3CI072,1972,3,CIENCIAS SOCIALES,standard_x_js,H1972P3CI072,77,115,77,https://historico.conaliteg.gob.mx/c/H1972P3CI072/077.jpg,0,source_jpeg,served_image,200,image/jpeg,66084,68b78ff10a057ef6921778567470d61485fc548d09a6499aa6a4b07df72b632c,1,
LTMD_U1_W4_SOCIAL_SCIENCES_ASSET_AUDIT_0.1,H1972P3CI072,1972,3,CIENCIAS SOCIALES,standard_x_js,H1972P3CI072,78,115,78,https://historico.conaliteg.gob.mx/c/H1972P3CI072/078.jpg,0,source_jpeg,served_image,200,image/jpeg,73406,fc2932f480bef354dc0333618a3f0024110d16f25a53be26c5b3fca140d02cb7,1,
LTMD_U1_W4_SOCIAL_SCIENCES_ASSET_AUDIT_0.1,H1972P3CI072,1972,3,CIENCIAS SOCIALES,standard_x_js,H1972P3CI072,79,115,79,https://historico.conaliteg.gob.mx/c/H1972P3CI072/079.jpg,0,source_jpeg,served_image,200,image/jpeg,65764,08346cbd832be9f7f89234f248b28de137ab6b2f26c29ef9a457a486cdb87449,1,
LTMD_U1_W4_SOCIAL_SCIENCES_ASSET_AUDIT_0.1,H1972P3CI072,1972,3,CIENCIAS SOCIALES,standard_x_js,H1972P3CI072,80,115,80,https://historico.conaliteg.gob.mx/c/H1972P3CI072/080.jpg,0,source_jpeg,served_image,200,image/jpeg,55001,9e117c487d2cf95914136b5ebe1ab8333c3ef756a9dc63d58a3cabd47eb15fce,1,
LTMD_U1_W4_SOCIAL_SCIENCES_ASSET_AUDIT_0.1,H1972P3CI072,1972,3,CIENCIAS SOCIALES,standard_x_js,H1972P3CI072,81,115,81,https://historico.conaliteg.gob.mx/c/H1972P3CI072/081.jpg,0,source_jpeg,served_image,200,image/jpeg,72119,b0c473d72f052e7acc4d22482dd8d68ffea7395f8f40ae879616e22291356c32,1,
LTMD_U1_W4_SOCIAL_SCIENCES_ASSET_AUDIT_0.1,H1972P3CI072,1972,3,CIENCIAS SOCIALES,standard_x_js,H1972P3CI072,82,115,82,https://historico.conaliteg.gob.mx/c/H1972P3CI072/082.jpg,0,source_jpeg,served_image,200,image/jpeg,58681,076c384e1a7aec711cdded383468155afc25394f273fda15141c9706705fcae5,1,
LTMD_U1_W4_SOCIAL_SCIENCES_ASSET_AUDIT_0.1,H1972P3CI072,1972,3,CIENCIAS SOCIALES,standard_x_js,H1972P3CI072,83,115,83,https://historico.conaliteg.gob.mx/c/H1972P3CI072/083.jpg,0,source_jpeg,served_image,200,image/jpeg,68869,20b485ca84044993d30ad14a53e0010ac73e3afa6b1dc9673696ab4921f7c97b,1,
LTMD_U1_W4_SOCIAL_SCIENCES_ASSET_AUDIT_0.1,H1972P3CI072,1972,3,CIENCIAS SOCIALES,standard_x_js,H1972P3CI072,84,115,84,https://historico.conaliteg.gob.mx/c/H1972P3CI072/084.jpg,0,source_jpeg,served_image,200,image/jpeg,72594,4a47296875ff737198ef693474fef4a7f6829cbe8bc20955ba172c0286a5d6b5,1,
LTMD_U1_W4_SOCIAL_SCIENCES_ASSET_AUDIT_0.1,H1972P3CI072,1972,3,CIENCIAS SOCIALES,standard_x_js,H1972P3CI072,85,115,85,https://historico.conaliteg.gob.mx/c/H1972P3CI072/085.jpg,0,source_jpeg,served_image,200,image/jpeg,59136,1ed977473241349b892366ec916e620fdd7e378c9772fdd8fc1d093b897e4c7e,1,
LTMD_U1_W4_SOCIAL_SCIENCES_ASSET_AUDIT_0.1,H1972P3CI072,1972,3,CIENCIAS SOCIALES,standard_x_js,H1972P3CI072,86,115,86,https://historico.conaliteg.gob.mx/c/H1972P3CI072/086.jpg,0,source_jpeg,served_image,200,image/jpeg,58707,c7aafc20e4f42d5d32e3f3abe5760023bf9677779162a1d41d04d8c683f5e429,1,
LTMD_U1_W4_SOCIAL_SCIENCES_ASSET_AUDIT_0.1,H1972P3CI072,1972,3,CIENCIAS SOCIALES,standard_x_js,H1972P3CI072,87,115,87,https://historico.conaliteg.gob.mx/c/H1972P3CI072/087.jpg,0,source_jpeg,served_image,200,image/jpeg,53674,c0f88d5806d69751de5b1850cc8a9551b0add08ffd8b1407f99db7dfde230a15,1,
LTMD_U1_W4_SOCIAL_SCIENCES_ASSET_AUDIT_0.1,H1972P3CI072,1972,3,CIENCIAS SOCIALES,standard_x_js,H1972P3CI072,88,115,88,https://historico.conaliteg.gob.mx/c/H1972P3CI072/088.jpg,0,source_jpeg,served_image,200,image/jpeg,53870,586028603856dfdc97f00653cca83dd6b4d1febda60c69c03cecdd949c7168d8,1,
LTMD_U1_W4_SOCIAL_SCIENCES_ASSET_AUDIT_0.1,H1972P3CI072,1972,3,CIENCIAS SOCIALES,standard_x_js,H1972P3CI072,89,115,89,https://historico.conaliteg.gob.mx/c/H1972P3CI072/089.jpg,0,source_jpeg,served_image,200,image/jpeg,55432,900f0771e8681280f5bb1537c3cdd6c5cbfdf2d5862600942f59d6a6e25b32ba,1,
LTMD_U1_W4_SOCIAL_SCIENCES_ASSET_AUDIT_0.1,H1972P3CI072,1972,3,CIENCIAS SOCIALES,standard_x_js,H1972P3CI072,90,115,90,https://historico.conaliteg.gob.mx/c/H1972P3CI072/090.jpg,0,source_jpeg,served_image,200,image/jpeg,65997,607b274de9e048d0dbaf0e3ff1c040669a6b9b37da6448a9feda7a758a94d03f,1,
LTMD_U1_W4_SOCIAL_SCIENCES_ASSET_AUDIT_0.1,H1972P3CI072,1972,3,CIENCIAS SOCIALES,standard_x_js,H1972P3CI072,91,115,91,https://historico.conaliteg.gob.mx/c/H1972P3CI072/091.jpg,0,source_jpeg,served_image,200,image/jpeg,66554,c0853c866d2802a5ddacc898ba48b54a57e7aaff8f3f37899baf4fac0609b305,1,
LTMD_U1_W4_SOCIAL_SCIENCES_ASSET_AUDIT_0.1,H1972P3CI072,1972,3,CIENCIAS SOCIALES,standard_x_js,H1972P3CI072,92,115,92,https://historico.conaliteg.gob.mx/c/H1972P3CI072/092.jpg,0,source_jpeg,served_image,200,image/jpeg,64830,ce53a73c30a07911d18954a8b7e1cab6a9791af679dc246fc4688f64f1ebc991,1,
LTMD_U1_W4_SOCIAL_SCIENCES_ASSET_AUDIT_0.1,H1972P3CI072,1972,3,CIENCIAS SOCIALES,standard_x_js,H1972P3CI072,93,115,93,https://historico.conaliteg.gob.mx/c/H1972P3CI072/093.jpg,0,source_jpeg,served_image,200,image/jpeg,57251,6dcaa1d9bc275efed31a13334c16e0e63e2656af7cd1ffdc8a08c42afe7e276c,1,
LTMD_U1_W4_SOCIAL_SCIENCES_ASSET_AUDIT_0.1,H1972P3CI072,1972,3,CIENCIAS SOCIALES,standard_x_js,H1972P3CI072,94,115,94,https://historico.conaliteg.gob.mx/c/H1972P3CI072/094.jpg,0,source_jpeg,served_image,200,image/jpeg,69524,cbe44280bd8b3f331ebcfab2728e9cbc5b122d281e3413579f34e9308b24bdad,1,
LTMD_U1_W4_SOCIAL_SCIENCES_ASSET_AUDIT_0.1,H1972P3CI072,1972,3,CIENCIAS SOCIALES,standard_x_js,H1972P3CI072,95,115,95,https://historico.conaliteg.gob.mx/c/H1972P3CI072/095.jpg,0,source_jpeg,served_image,200,image/jpeg,51790,91268f9eb714b75ced8b0e1240d219499afe9d8f06d3603c565b1ed004b3934a,1,
LTMD_U1_W4_SOCIAL_SCIENCES_ASSET_AUDIT_0.1,H1972P3CI072,1972,3,CIENCIAS SOCIALES,standard_x_js,H1972P3CI072,96,115,96,https://historico.conaliteg.gob.mx/c/H1972P3CI072/096.jpg,0,source_jpeg,served_image,200,image/jpeg,63570,576cfe94d6bc5e1cd6cad2f9e1dc6acc0ff8454663a39be25792eac3ad2353dc,1,
LTMD_U1_W4_SOCIAL_SCIENCES_ASSET_AUDIT_0.1,H1972P3CI072,1972,3,CIENCIAS SOCIALES,standard_x_js,H1972P3CI072,97,115,97,https://historico.conaliteg.gob.mx/c/H1972P3CI072/097.jpg,0,source_jpeg,served_image,200,image/jpeg,44069,591c3d3c98816f885018956292b0a18131d349e419f74628d666670fd23ef730,1,
LTMD_U1_W4_SOCIAL_SCIENCES_ASSET_AUDIT_0.1,H1972P3CI072,1972,3,CIENCIAS SOCIALES,standard_x_js,H1972P3CI072,98,115,98,https://historico.conaliteg.gob.mx/c/H1972P3CI072/098.jpg,0,source_jpeg,served_image,200,image/jpeg,53367,5b1c72f30ba9c960c209df0fe61158333e086a8407dd068d366eac6d1691e8d3,1,
LTMD_U1_W4_SOCIAL_SCIENCES_ASSET_AUDIT_0.1,H1972P3CI072,1972,3,CIENCIAS SOCIALES,standard_x_js,H1972P3CI072,99,115,99,https://historico.conaliteg.gob.mx/c/H1972P3CI072/099.jpg,0,source_jpeg,served_image,200,image/jpeg,55538,81996ad54afa10cbe84a04d1b17070f325e17d99c27bc7b2f6449034a5b60be8,1,
LTMD_U1_W4_SOCIAL_SCIENCES_ASSET_AUDIT_0.1,H1972P3CI072,1972,3,CIENCIAS SOCIALES,standard_x_js,H1972P3CI072,100,115,100,https://historico.conaliteg.gob.mx/c/H1972P3CI072/100.jpg,0,source_jpeg,served_image,200,image/jpeg,59893,03e9dd4fa835ebc410b65b528c5b77d99f70de990a17ea6961c80cc44143e141,1,
LTMD_U1_W4_SOCIAL_SCIENCES_ASSET_AUDIT_0.1,H1972P3CI072,1972,3,CIENCIAS SOCIALES,standard_x_js,H1972P3CI072,101,115,101,https://historico.conaliteg.gob.mx/c/H1972P3CI072/101.jpg,0,source_jpeg,served_image,200,image/jpeg,58635,676367544896457cd7851797572be08589eb67c3a02bc385ac7e794182fec523,1,
LTMD_U1_W4_SOCIAL_SCIENCES_ASSET_AUDIT_0.1,H1972P3CI072,1972,3,CIENCIAS SOCIALES,standard_x_js,H1972P3CI072,102,115,102,https://historico.conaliteg.gob.mx/c/H1972P3CI072/102.jpg,0,source_jpeg,served_image,200,image/jpeg,59532,839cf0ab27e5abb6dbcd452410de611681d0f54e1400f96a4cae36b14ce4fd9d,1,
LTMD_U1_W4_SOCIAL_SCIENCES_ASSET_AUDIT_0.1,H1972P3CI072,1972,3,CIENCIAS SOCIALES,standard_x_js,H1972P3CI072,103,115,103,https://historico.conaliteg.gob.mx/c/H1972P3CI072/103.jpg,0,source_jpeg,served_image,200,image/jpeg,44938,6dd074a3d8a3b70ce14290c77ab23bfc0a88a702edbb0aea2ce57f72c65f61c0,1,
LTMD_U1_W4_SOCIAL_SCIENCES_ASSET_AUDIT_0.1,H1972P3CI072,1972,3,CIENCIAS SOCIALES,standard_x_js,H1972P3CI072,104,115,104,https://historico.conaliteg.gob.mx/c/H1972P3CI072/104.jpg,0,source_jpeg,served_image,200,image/jpeg,43695,65221d912c869906f83ba9cdaf138fa5829bbf55849f1931438f7c40f9a0a380,1,
LTMD_U1_W4_SOCIAL_SCIENCES_ASSET_AUDIT_0.1,H1972P3CI072,1972,3,CIENCIAS SOCIALES,standard_x_js,H1972P3CI072,105,115,105,https://historico.conaliteg.gob.mx/c/H1972P3CI072/105.jpg,0,source_jpeg,served_image,200,image/jpeg,51989,cc5fc11691424a5bf8f74c5ea198fc943ad437ade0504ef90dc1cbfb2a0bc8f5,1,
LTMD_U1_W4_SOCIAL_SCIENCES_ASSET_AUDIT_0.1,H1972P3CI072,1972,3,CIENCIAS SOCIALES,standard_x_js,H1972P3CI072,106,115,106,https://historico.conaliteg.gob.mx/c/H1972P3CI072/106.jpg,0,source_jpeg,served_image,200,image/jpeg,53021,984a9603777bb8210bfa763dad00adfdbe13cf8fbf822fa3ca792eca7d993920,1,
LTMD_U1_W4_SOCIAL_SCIENCES_ASSET_AUDIT_0.1,H1972P3CI072,1972,3,CIENCIAS SOCIALES,standard_x_js,H1972P3CI072,107,115,107,https://historico.conaliteg.gob.mx/c/H1972P3CI072/107.jpg,0,source_jpeg,served_image,200,image/jpeg,49103,4f7a6b89617953f82618844a57e7b52516a24e25c871489da9d5b3a7ef0ca3d6,1,
LTMD_U1_W4_SOCIAL_SCIENCES_ASSET_AUDIT_0.1,H1972P3CI072,1972,3,CIENCIAS SOCIALES,standard_x_js,H1972P3CI072,108,115,108,https://historico.conaliteg.gob.mx/c/H1972P3CI072/108.jpg,0,source_jpeg,served_image,200,image/jpeg,49894,73abdc6e23c9938e608331cb34c24aa1eb8ec86ea5987d3381ff56505394a7b0,1,
LTMD_U1_W4_SOCIAL_SCIENCES_ASSET_AUDIT_0.1,H1972P3CI072,1972,3,CIENCIAS SOCIALES,standard_x_js,H1972P3CI072,109,115,109,https://historico.conaliteg.gob.mx/c/H1972P3CI072/109.jpg,0,source_jpeg,served_image,200,image/jpeg,52392,6a470d626accae957a1aabe7e36eee85da7e8f5d24963cd7d94f66e0a5402953,1,
LTMD_U1_W4_SOCIAL_SCIENCES_ASSET_AUDIT_0.1,H1972P3CI072,1972,3,CIENCIAS SOCIALES,standard_x_js,H1972P3CI072,110,115,110,https://historico.conaliteg.gob.mx/c/H1972P3CI072/110.jpg,0,source_jpeg,served_image,200,image/jpeg,27946,dc7a51aa1406137c413db2feb64b82892a1fa14fd9377b68a7b84ab8a7d49940,1,
LTMD_U1_W4_SOCIAL_SCIENCES_ASSET_AUDIT_0.1,H1972P3CI072,1972,3,CIENCIAS SOCIALES,standard_x_js,H1972P3CI072,111,115,111,https://historico.conaliteg.gob.mx/c/H1972P3CI072/111.jpg,0,source_jpeg,served_image,200,image/jpeg,28090,c810235eeb20f6dea3830fa159c59e165b99b8f6d15e03297a0ed737327ae700,1,
LTMD_U1_W4_SOCIAL_SCIENCES_ASSET_AUDIT_0.1,H1972P3CI072,1972,3,CIENCIAS SOCIALES,standard_x_js,H1972P3CI072,112,115,112,https://historico.conaliteg.gob.mx/c/H1972P3CI072/112.jpg,0,source_jpeg,served_image,200,image/jpeg,24079,11e5f355b01d12fb844457eb0b42b86c5c9bf297c58c9d9518052db4a1839bc3,1,
LTMD_U1_W4_SOCIAL_SCIENCES_ASSET_AUDIT_0.1,H1972P3CI072,1972,3,CIENCIAS SOCIALES,standard_x_js,H1972P3CI072,113,115,113,https://historico.conaliteg.gob.mx/c/H1972P3CI072/113.jpg,0,source_jpeg,served_image,200,image/jpeg,41209,1917424f7dcba6f3b58f8941ac324da6187fbe26b1b192f55733adb47c4eca3a,1,
LTMD_U1_W4_SOCIAL_SCIENCES_ASSET_AUDIT_0.1,H1972P3CI072,1972,3,CIENCIAS SOCIALES,standard_x_js,H1972P3CI072,114,115,114,https://historico.conaliteg.gob.mx/c/H1972P3CI072/114.jpg,0,source_jpeg,served_image,200,image/jpeg,283885,7c179dea769ad1c423712606a3badde50abec9f896860903800d2f3a4bca8f6b,1,
LTMD_U1_W4_SOCIAL_SCIENCES_ASSET_AUDIT_0.1,H1972P3CI072,1972,3,CIENCIAS SOCIALES,standard_x_js,H1972P3CI072,115,115,115,https://historico.conaliteg.gob.mx/c/H1972P3CI072/115.jpg,1,terminal_synthetic_candidate,http_404,404,text/html; charset=iso-8859-1,,,1,HTTP 404
LTMD_U1_W4_SOCIAL_SCIENCES_ASSET_AUDIT_0.1,H1972P4CI078,1972,4,CIENCIAS SOCIALES,standard_x_js,H1972P4CI078,1,227,0,https://historico.conaliteg.gob.mx/c/H1972P4CI078/000.jpg,0,source_jpeg,served_image,200,image/jpeg,194401,2a9b57afc3acb741c562179d41dc7d6d613564271e2616e74d18bad45093591c,1,
LTMD_U1_W4_SOCIAL_SCIENCES_ASSET_AUDIT_0.1,H1972P4CI078,1972,4,CIENCIAS SOCIALES,standard_x_js,H1972P4CI078,2,227,2,https://historico.conaliteg.gob.mx/c/H1972P4CI078/002.jpg,0,source_jpeg,served_image,200,image/jpeg,31100,1315751df9da819cc4742a479034e0cf041e3bd3de2562ccd5f69e8d3fdcf896,1,
LTMD_U1_W4_SOCIAL_SCIENCES_ASSET_AUDIT_0.1,H1972P4CI078,1972,4,CIENCIAS SOCIALES,standard_x_js,H1972P4CI078,3,227,3,https://historico.conaliteg.gob.mx/c/H1972P4CI078/003.jpg,0,source_jpeg,served_image,200,image/jpeg,46685,4d1eb74990f8241e6a5ebc0971f4bb88e8ad32a5eac21302d50391250e796dd7,1,
LTMD_U1_W4_SOCIAL_SCIENCES_ASSET_AUDIT_0.1,H1972P4CI078,1972,4,CIENCIAS SOCIALES,standard_x_js,H1972P4CI078,4,227,4,https://historico.conaliteg.gob.mx/c/H1972P4CI078/004.jpg,0,source_jpeg,served_image,200,image/jpeg,55008,a02f0e63fa0c0ea5e432ff2aaa44f7394cc7cac0d92c56c0762974b490681a95,1,
LTMD_U1_W4_SOCIAL_SCIENCES_ASSET_AUDIT_0.1,H1972P4CI078,1972,4,CIENCIAS SOCIALES,standard_x_js,H1972P4CI078,5,227,5,https://historico.conaliteg.gob.mx/c/H1972P4CI078/005.jpg,0,source_jpeg,served_image,200,image/jpeg,55885,1fe6a4bca13bed2cfaf4b60b1dad454c3a0ee047a56dd7cea91686c0a0543343,1,
LTMD_U1_W4_SOCIAL_SCIENCES_ASSET_AUDIT_0.1,H1972P4CI078,1972,4,CIENCIAS SOCIALES,standard_x_js,H1972P4CI078,6,227,6,https://historico.conaliteg.gob.mx/c/H1972P4CI078/006.jpg,0,source_jpeg,served_image,200,image/jpeg,66259,648b8fb1f81ce3d38ff269c293007496bc8a7c47d309a801e93a502464bf718a,1,
LTMD_U1_W4_SOCIAL_SCIENCES_ASSET_AUDIT_0.1,H1972P4CI078,1972,4,CIENCIAS SOCIALES,standard_x_js,H1972P4CI078,7,227,7,https://historico.conaliteg.gob.mx/c/H1972P4CI078/007.jpg,0,source_jpeg,served_image,200,image/jpeg,66612,dc086e57d18b2fe3ff27450cae32678f9520056fbf7c3400488204c3606db2b5,1,
LTMD_U1_W4_SOCIAL_SCIENCES_ASSET_AUDIT_0.1,H1972P4CI078,1972,4,CIENCIAS SOCIALES,standard_x_js,H1972P4CI078,8,227,8,https://historico.conaliteg.gob.mx/c/H1972P4CI078/008.jpg,0,source_jpeg,served_image,200,image/jpeg,50523,ddab1130ae2a09b7d210a0e3a4cc43dd59acf3da3d90dcfa0b62379126dd83b2,1,
LTMD_U1_W4_SOCIAL_SCIENCES_ASSET_AUDIT_0.1,H1972P4CI078,1972,4,CIENCIAS SOCIALES,standard_x_js,H1972P4CI078,9,227,9,https://historico.conaliteg.gob.mx/c/H1972P4CI078/009.jpg,0,source_jpeg,served_image,200,image/jpeg,52541,c82258acfb2df4ef13e38798c6e5e66189892fd27c0c04dbce61258110d52b08,1,
LTMD_U1_W4_SOCIAL_SCIENCES_ASSET_AUDIT_0.1,H1972P4CI078,1972,4,CIENCIAS SOCIALES,standard_x_js,H1972P4CI078,10,227,10,https://historico.conaliteg.gob.mx/c/H1972P4CI078/010.jpg,0,source_jpeg,served_image,200,image/jpeg,65613,0248096c4a4d90a1e15cd621fec67c69ec35aa6ea42d58b302ef23b4c73ed336,1,
LTMD_U1_W4_SOCIAL_SCIENCES_ASSET_AUDIT_0.1,H1972P4CI078,1972,4,CIENCIAS SOCIALES,standard_x_js,H1972P4CI078,11,227,11,https://historico.conaliteg.gob.mx/c/H1972P4CI078/011.jpg,0,source_jpeg,served_image,200,image/jpeg,39865,c76141c92816ff30bbebce71ad4c8c427cc8d596b3b3464ddf51205caafcbbf5,1,
LTMD_U1_W4_SOCIAL_SCIENCES_ASSET_AUDIT_0.1,H1972P4CI078,1972,4,CIENCIAS SOCIALES,standard_x_js,H1972P4CI078,12,227,12,https://historico.conaliteg.gob.mx/c/H1972P4CI078/012.jpg,0,source_jpeg,served_image,200,image/jpeg,60869,fd3a09ebe5d8592baf044ffda58f9da78b7e3ec4923c1c7064771e42ab25a740,1,
LTMD_U1_W4_SOCIAL_SCIENCES_ASSET_AUDIT_0.1,H1972P4CI078,1972,4,CIENCIAS SOCIALES,standard_x_js,H1972P4CI078,13,227,13,https://historico.conaliteg.gob.mx/c/H1972P4CI078/013.jpg,0,source_jpeg,served_image,200,image/jpeg,63193,4a059c082afc7fc266adfebc631bfffa8ec23045a5ed239b98fd2ced64e79df7,1,
LTMD_U1_W4_SOCIAL_SCIENCES_ASSET_AUDIT_0.1,H1972P4CI078,1972,4,CIENCIAS SOCIALES,standard_x_js,H1972P4CI078,14,227,14,https://historico.conaliteg.gob.mx/c/H1972P4CI078/014.jpg,0,source_jpeg,served_image,200,image/jpeg,48285,40376287f69020c531a7ccf38b1891cf19e530e9ed54cce4c844f50cd21d4320,1,
LTMD_U1_W4_SOCIAL_SCIENCES_ASSET_AUDIT_0.1,H1972P4CI078,1972,4,CIENCIAS SOCIALES,standard_x_js,H1972P4CI078,15,227,15,https://historico.conaliteg.gob.mx/c/H1972P4CI078/015.jpg,0,source_jpeg,served_image,200,image/jpeg,45639,cd61df9fb7c5f9a6e19b1d7828aa74223dab93ab1f3184e1adaaac350247a68f,1,
LTMD_U1_W4_SOCIAL_SCIENCES_ASSET_AUDIT_0.1,H1972P4CI078,1972,4,CIENCIAS SOCIALES,standard_x_js,H1972P4CI078,16,227,16,https://historico.conaliteg.gob.mx/c/H1972P4CI078/016.jpg,0,source_jpeg,served_image,200,image/jpeg,65891,bc42e5203f6a5cea3761a2e843a09d505a641b20dafe5a26c52c3240e6dfcf42,1,
LTMD_U1_W4_SOCIAL_SCIENCES_ASSET_AUDIT_0.1,H1972P4CI078,1972,4,CIENCIAS SOCIALES,standard_x_js,H1972P4CI078,17,227,17,https://historico.conaliteg.gob.mx/c/H1972P4CI078/017.jpg,0,source_jpeg,served_image,200,image/jpeg,67628,7363c551f2469af980aab08b09dd133abed2e08c978e674a539cc08f04cd1e80,1,
LTMD_U1_W4_SOCIAL_SCIENCES_ASSET_AUDIT_0.1,H1972P4CI078,1972,4,CIENCIAS SOCIALES,standard_x_js,H1972P4CI078,18,227,18,https://historico.conaliteg.gob.mx/c/H1972P4CI078/018.jpg,0,source_jpeg,served_image,200,image/jpeg,53457,1dd0578d6a80498b3c3ba28b5d8ee7e19979f14af8441e3dea8c35019264f8ec,1,
LTMD_U1_W4_SOCIAL_SCIENCES_ASSET_AUDIT_0.1,H1972P4CI078,1972,4,CIENCIAS SOCIALES,standard_x_js,H1972P4CI078,19,227,19,https://historico.conaliteg.gob.mx/c/H1972P4CI078/019.jpg,0,source_jpeg,served_image,200,image/jpeg,55244,4644907988890dff6764014b2097dbd2d83e25314762f5d3a45e61690c6a798d,1,
LTMD_U1_W4_SOCIAL_SCIENCES_ASSET_AUDIT_0.1,H1972P4CI078,1972,4,CIENCIAS SOCIALES,standard_x_js,H1972P4CI078,20,227,20,https://historico.conaliteg.gob.mx/c/H1972P4CI078/020.jpg,0,source_jpeg,served_image,200,image/jpeg,58876,fd0239862098e8117be35f055b80067db9c2119d27bd44d3a5d89cff38e17cda,1,
LTMD_U1_W4_SOCIAL_SCIENCES_ASSET_AUDIT_0.1,H1972P4CI078,1972,4,CIENCIAS SOCIALES,standard_x_js,H1972P4CI078,21,227,21,https://historico.conaliteg.gob.mx/c/H1972P4CI078/021.jpg,0,source_jpeg,served_image,200,image/jpeg,67195,a7debf69c1a4d10b00a7a0a53ef3cc4ca74fdb05ac96a87ed2fd2a78f9b21623,1,
LTMD_U1_W4_SOCIAL_SCIENCES_ASSET_AUDIT_0.1,H1972P4CI078,1972,4,CIENCIAS SOCIALES,standard_x_js,H1972P4CI078,22,227,22,https://historico.conaliteg.gob.mx/c/H1972P4CI078/022.jpg,0,source_jpeg,served_image,200,image/jpeg,61165,436cdfafb250d72692a99c9bfff4da3ea5e3a36d886b4fd7573737f3e765b0b2,1,
LTMD_U1_W4_SOCIAL_SCIENCES_ASSET_AUDIT_0.1,H1972P4CI078,1972,4,CIENCIAS SOCIALES,standard_x_js,H1972P4CI078,23,227,23,https://historico.conaliteg.gob.mx/c/H1972P4CI078/023.jpg,0,source_jpeg,served_image,200,image/jpeg,62426,b3a86c43399cbaad46e032594b91b8fb23bafe103034d4bf5b3d5f9a668299da,1,
LTMD_U1_W4_SOCIAL_SCIENCES_ASSET_AUDIT_0.1,H1972P4CI078,1972,4,CIENCIAS SOCIALES,standard_x_js,H1972P4CI078,24,227,24,https://historico.conaliteg.gob.mx/c/H1972P4CI078/024.jpg,0,source_jpeg,served_image,200,image/jpeg,67128,deb7808bfd4738ce681abe382358d189b67f4ab5b68437de8a96e9fe3b15a218,1,
LTMD_U1_W4_SOCIAL_SCIENCES_ASSET_AUDIT_0.1,H1972P4CI078,1972,4,CIENCIAS SOCIALES,standard_x_js,H1972P4CI078,25,227,25,https://historico.conaliteg.gob.mx/c/H1972P4CI078/025.jpg,0,source_jpeg,served_image,200,image/jpeg,66363,f71b43e6ab04be4a1605063ef40ae2c393e111bd73744c0585660989257bc5a2,1,
LTMD_U1_W4_SOCIAL_SCIENCES_ASSET_AUDIT_0.1,H1972P4CI078,1972,4,CIENCIAS SOCIALES,standard_x_js,H1972P4CI078,26,227,26,https://historico.conaliteg.gob.mx/c/H1972P4CI078/026.jpg,0,source_jpeg,served_image,200,image/jpeg,62762,4ae55721c1517019cb25be79ab2eefe442f98ddb018e894b07c31f75cf5b1a7a,1,
LTMD_U1_W4_SOCIAL_SCIENCES_ASSET_AUDIT_0.1,H1972P4CI078,1972,4,CIENCIAS SOCIALES,standard_x_js,H1972P4CI078,27,227,27,https://historico.conaliteg.gob.mx/c/H1972P4CI078/027.jpg,0,source_jpeg,served_image,200,image/jpeg,55028,7f02c4c6bf99ef0788e04fe83915e54cb20e2d5b1de10e84000d616f2a369464,1,
LTMD_U1_W4_SOCIAL_SCIENCES_ASSET_AUDIT_0.1,H1972P4CI078,1972,4,CIENCIAS SOCIALES,standard_x_js,H1972P4CI078,28,227,28,https://historico.conaliteg.gob.mx/c/H1972P4CI078/028.jpg,0,source_jpeg,served_image,200,image/jpeg,59155,79acc41d10ed51a1a85168ebc10c20501bc8d2da8bba37fd09c0d7c34a7ea535,1,
LTMD_U1_W4_SOCIAL_SCIENCES_ASSET_AUDIT_0.1,H1972P4CI078,1972,4,CIENCIAS SOCIALES,standard_x_js,H1972P4CI078,29,227,29,https://historico.conaliteg.gob.mx/c/H1972P4CI078/029.jpg,0,source_jpeg,served_image,200,image/jpeg,56241,6c4dcba770a5b6796911c10d049b5083d1283c2b349731ecdc653092760f609a,1,
LTMD_U1_W4_SOCIAL_SCIENCES_ASSET_AUDIT_0.1,H1972P4CI078,1972,4,CIENCIAS SOCIALES,standard_x_js,H1972P4CI078,30,227,30,https://historico.conaliteg.gob.mx/c/H1972P4CI078/030.jpg,0,source_jpeg,served_image,200,image/jpeg,58966,f98b3802d157fd5c9ede6d48a8e156753ab9814d519039367014e984b7dcf22d,1,
LTMD_U1_W4_SOCIAL_SCIENCES_ASSET_AUDIT_0.1,H1972P4CI078,1972,4,CIENCIAS SOCIALES,standard_x_js,H1972P4CI078,31,227,31,https://historico.conaliteg.gob.mx/c/H1972P4CI078/031.jpg,0,source_jpeg,served_image,200,image/jpeg,51913,361219bff888c238f79a32733e02e318313bf7cb4b1df79badde3ae511909e97,1,
LTMD_U1_W4_SOCIAL_SCIENCES_ASSET_AUDIT_0.1,H1972P4CI078,1972,4,CIENCIAS SOCIALES,standard_x_js,H1972P4CI078,32,227,32,https://historico.conaliteg.gob.mx/c/H1972P4CI078/032.jpg,0,source_jpeg,served_image,200,image/jpeg,64858,47f30cb05f60e6ee073479776b8714e0b7891183ecdb1d4b5321f5605b57ae84,1,
LTMD_U1_W4_SOCIAL_SCIENCES_ASSET_AUDIT_0.1,H1972P4CI078,1972,4,CIENCIAS SOCIALES,standard_x_js,H1972P4CI078,33,227,33,https://historico.conaliteg.gob.mx/c/H1972P4CI078/033.jpg,0,source_jpeg,served_image,200,image/jpeg,57229,6192e4798e7ae4d35d78746f13c385669e16c75876fa457e84a663485cc3cae9,1,
LTMD_U1_W4_SOCIAL_SCIENCES_ASSET_AUDIT_0.1,H1972P4CI078,1972,4,CIENCIAS SOCIALES,standard_x_js,H1972P4CI078,34,227,34,https://historico.conaliteg.gob.mx/c/H1972P4CI078/034.jpg,0,source_jpeg,served_image,200,image/jpeg,73855,5edfce1fe1ac8375f5e3a3fb982cdecc7c91a378eefb97e0adc19646a69411d6,1,
LTMD_U1_W4_SOCIAL_SCIENCES_ASSET_AUDIT_0.1,H1972P4CI078,1972,4,CIENCIAS SOCIALES,standard_x_js,H1972P4CI078,35,227,35,https://historico.conaliteg.gob.mx/c/H1972P4CI078/035.jpg,0,source_jpeg,served_image,200,image/jpeg,64965,f85232ede2498c1fb0edfb0373a79e168777e784c9a04f4a165777c35502afd5,1,
LTMD_U1_W4_SOCIAL_SCIENCES_ASSET_AUDIT_0.1,H1972P4CI078,1972,4,CIENCIAS SOCIALES,standard_x_js,H1972P4CI078,36,227,36,https://historico.conaliteg.gob.mx/c/H1972P4CI078/036.jpg,0,source_jpeg,served_image,200,image/jpeg,51828,cbbd3d50f0f6f9b58d93cf4949efe2dced43349adc1d31dd8017a6eec5b06d3c,1,
LTMD_U1_W4_SOCIAL_SCIENCES_ASSET_AUDIT_0.1,H1972P4CI078,1972,4,CIENCIAS SOCIALES,standard_x_js,H1972P4CI078,37,227,37,https://historico.conaliteg.gob.mx/c/H1972P4CI078/037.jpg,0,source_jpeg,served_image,200,image/jpeg,47268,c4fc45744ef9925ea65f39d1019600f79a64f207bdf5b75b5be084d11af4c4f6,1,
LTMD_U1_W4_SOCIAL_SCIENCES_ASSET_AUDIT_0.1,H1972P4CI078,1972,4,CIENCIAS SOCIALES,standard_x_js,H1972P4CI078,38,227,38,https://historico.conaliteg.gob.mx/c/H1972P4CI078/038.jpg,0,source_jpeg,served_image,200,image/jpeg,61228,60aae9478e141913686a165711ad1d17efdce13e1667cc0885b4c1291af6f2aa,1,
LTMD_U1_W4_SOCIAL_SCIENCES_ASSET_AUDIT_0.1,H1972P4CI078,1972,4,CIENCIAS SOCIALES,standard_x_js,H1972P4CI078,39,227,39,https://historico.conaliteg.gob.mx/c/H1972P4CI078/039.jpg,0,source_jpeg,served_image,200,image/jpeg,63984,43daf732e67278b802e1548852e4670e146c56e98de11378c8b0e8cadfe117cd,1,
LTMD_U1_W4_SOCIAL_SCIENCES_ASSET_AUDIT_0.1,H1972P4CI078,1972,4,CIENCIAS SOCIALES,standard_x_js,H1972P4CI078,40,227,40,https://historico.conaliteg.gob.mx/c/H1972P4CI078/040.jpg,0,source_jpeg,served_image,200,image/jpeg,44920,61b4f908c41e58c220828ec6f35922131aa1266eb743558f6158995e1467a262,1,
LTMD_U1_W4_SOCIAL_SCIENCES_ASSET_AUDIT_0.1,H1972P4CI078,1972,4,CIENCIAS SOCIALES,standard_x_js,H1972P4CI078,41,227,41,https://historico.conaliteg.gob.mx/c/H1972P4CI078/041.jpg,0,source_jpeg,served_image,200,image/jpeg,72540,9f7f554893b7605d92bbf977792cb7dbeb5e6dd0e3701a87e40a43798294a2b6,1,
LTMD_U1_W4_SOCIAL_SCIENCES_ASSET_AUDIT_0.1,H1972P4CI078,1972,4,CIENCIAS SOCIALES,standard_x_js,H1972P4CI078,42,227,42,https://historico.conaliteg.gob.mx/c/H1972P4CI078/042.jpg,0,source_jpeg,served_image,200,image/jpeg,43125,7a85b818db9e823a8a06bcd77f8e6834f2d5af1dd802b5e65844228f99cdd57b,1,
LTMD_U1_W4_SOCIAL_SCIENCES_ASSET_AUDIT_0.1,H1972P4CI078,1972,4,CIENCIAS SOCIALES,standard_x_js,H1972P4CI078,43,227,43,https://historico.conaliteg.gob.mx/c/H1972P4CI078/043.jpg,0,source_jpeg,served_image,200,image/jpeg,46195,ac5b4621e7886f695dafa0e9fa1dcd41fbb55dc7dc01939076b2151fa3c2df43,1,
LTMD_U1_W4_SOCIAL_SCIENCES_ASSET_AUDIT_0.1,H1972P4CI078,1972,4,CIENCIAS SOCIALES,standard_x_js,H1972P4CI078,44,227,44,https://historico.conaliteg.gob.mx/c/H1972P4CI078/044.jpg,0,source_jpeg,served_image,200,image/jpeg,47871,5b45190f272422f2b96b449fd30c663c463bd42920d31e7a258eeec233f783c0,1,
LTMD_U1_W4_SOCIAL_SCIENCES_ASSET_AUDIT_0.1,H1972P4CI078,1972,4,CIENCIAS SOCIALES,standard_x_js,H1972P4CI078,45,227,45,https://historico.conaliteg.gob.mx/c/H1972P4CI078/045.jpg,0,source_jpeg,served_image,200,image/jpeg,52566,dd36ab9331fe2219896535c6663050c297aebde2514bbb5eb40a26b5d3cf1811,1,
LTMD_U1_W4_SOCIAL_SCIENCES_ASSET_AUDIT_0.1,H1972P4CI078,1972,4,CIENCIAS SOCIALES,standard_x_js,H1972P4CI078,46,227,46,https://historico.conaliteg.gob.mx/c/H1972P4CI078/046.jpg,0,source_jpeg,served_image,200,image/jpeg,77515,8443f1b9699c45343fce13c88cd3968c1807fcb6adebc0f2f87e3dec9cba7c75,1,
LTMD_U1_W4_SOCIAL_SCIENCES_ASSET_AUDIT_0.1,H1972P4CI078,1972,4,CIENCIAS SOCIALES,standard_x_js,H1972P4CI078,47,227,47,https://historico.conaliteg.gob.mx/c/H1972P4CI078/047.jpg,0,source_jpeg,served_image,200,image/jpeg,49808,559344c66ef89750b4c1a83604b5da95a04ff2f0451836907d53ce50c1f78fb0,1,
LTMD_U1_W4_SOCIAL_SCIENCES_ASSET_AUDIT_0.1,H1972P4CI078,1972,4,CIENCIAS SOCIALES,standard_x_js,H1972P4CI078,48,227,48,https://historico.conaliteg.gob.mx/c/H1972P4CI078/048.jpg,0,source_jpeg,served_image,200,image/jpeg,59766,b7fdea1da11376ab9caca6dc790b9f93b7b6f7b18c05f9d40ab768d954c73b48,1,
LTMD_U1_W4_SOCIAL_SCIENCES_ASSET_AUDIT_0.1,H1972P4CI078,1972,4,CIENCIAS SOCIALES,standard_x_js,H1972P4CI078,49,227,49,https://historico.conaliteg.gob.mx/c/H1972P4CI078/049.jpg,0,source_jpeg,served_image,200,image/jpeg,62574,085fa2869433bb90cfd64acdb2d634ca67d7d1dbcc5692e494fec87f6978d274,1,
LTMD_U1_W4_SOCIAL_SCIENCES_ASSET_AUDIT_0.1,H1972P4CI078,1972,4,CIENCIAS SOCIALES,standard_x_js,H1972P4CI078,50,227,50,https://historico.conaliteg.gob.mx/c/H1972P4CI078/050.jpg,0,source_jpeg,served_image,200,image/jpeg,56913,321a3b1354eb8407ba66769c1603533fda492216de468a9f1898f91368b31d41,1,
LTMD_U1_W4_SOCIAL_SCIENCES_ASSET_AUDIT_0.1,H1972P4CI078,1972,4,CIENCIAS SOCIALES,standard_x_js,H1972P4CI078,51,227,51,https://historico.conaliteg.gob.mx/c/H1972P4CI078/051.jpg,0,source_jpeg,served_image,200,image/jpeg,64400,091f3af680aeb1bc5780318b7144f84e44b6de9f85eb725c6199b01effe59f56,1,
LTMD_U1_W4_SOCIAL_SCIENCES_ASSET_AUDIT_0.1,H1972P4CI078,1972,4,CIENCIAS SOCIALES,standard_x_js,H1972P4CI078,52,227,52,https://historico.conaliteg.gob.mx/c/H1972P4CI078/052.jpg,0,source_jpeg,served_image,200,image/jpeg,57141,2bef52477ab10740c5390d0557e666fd7de767675f723aa2b2982745db85cae2,1,
LTMD_U1_W4_SOCIAL_SCIENCES_ASSET_AUDIT_0.1,H1972P4CI078,1972,4,CIENCIAS SOCIALES,standard_x_js,H1972P4CI078,53,227,53,https://historico.conaliteg.gob.mx/c/H1972P4CI078/053.jpg,0,source_jpeg,served_image,200,image/jpeg,52698,a63083857711a2d406c6e1b080ed94ac3521900aaf8075d1f50d1d3c2ae48865,1,
LTMD_U1_W4_SOCIAL_SCIENCES_ASSET_AUDIT_0.1,H1972P4CI078,1972,4,CIENCIAS SOCIALES,standard_x_js,H1972P4CI078,54,227,54,https://historico.conaliteg.gob.mx/c/H1972P4CI078/054.jpg,0,source_jpeg,served_image,200,image/jpeg,65967,bbf62d67abea2ccd1e20ddd7f6bd1f2be1272431ecd63485224f7211851f6971,1,
LTMD_U1_W4_SOCIAL_SCIENCES_ASSET_AUDIT_0.1,H1972P4CI078,1972,4,CIENCIAS SOCIALES,standard_x_js,H1972P4CI078,55,227,55,https://historico.conaliteg.gob.mx/c/H1972P4CI078/055.jpg,0,source_jpeg,served_image,200,image/jpeg,57771,121e9969cd07a19bd04331ee750bd52519bffc9a39452314353ecbe7367e38ff,1,
LTMD_U1_W4_SOCIAL_SCIENCES_ASSET_AUDIT_0.1,H1972P4CI078,1972,4,CIENCIAS SOCIALES,standard_x_js,H1972P4CI078,56,227,56,https://historico.conaliteg.gob.mx/c/H1972P4CI078/056.jpg,0,source_jpeg,served_image,200,image/jpeg,74038,17f7c3e8e019aa83b16385bec1c645c78bbd8b37b0a71d7d34d221bf4afbf92e,1,
LTMD_U1_W4_SOCIAL_SCIENCES_ASSET_AUDIT_0.1,H1972P4CI078,1972,4,CIENCIAS SOCIALES,standard_x_js,H1972P4CI078,57,227,57,https://historico.conaliteg.gob.mx/c/H1972P4CI078/057.jpg,0,source_jpeg,served_image,200,image/jpeg,63486,89d563ff4e27787819969723c81849500df8f858cedc690a06f1c02ce0b902e7,1,
LTMD_U1_W4_SOCIAL_SCIENCES_ASSET_AUDIT_0.1,H1972P4CI078,1972,4,CIENCIAS SOCIALES,standard_x_js,H1972P4CI078,58,227,58,https://historico.conaliteg.gob.mx/c/H1972P4CI078/058.jpg,0,source_jpeg,served_image,200,image/jpeg,62979,aa6a1ee914942a432e257772a1d20cba99702315bb0cfdcf66518ccc24908e04,1,
LTMD_U1_W4_SOCIAL_SCIENCES_ASSET_AUDIT_0.1,H1972P4CI078,1972,4,CIENCIAS SOCIALES,standard_x_js,H1972P4CI078,59,227,59,https://historico.conaliteg.gob.mx/c/H1972P4CI078/059.jpg,0,source_jpeg,served_image,200,image/jpeg,54095,3499898af45f42c9d2b8313e0b5c7057ad5089cc35fbd865901783a6896e4340,1,
LTMD_U1_W4_SOCIAL_SCIENCES_ASSET_AUDIT_0.1,H1972P4CI078,1972,4,CIENCIAS SOCIALES,standard_x_js,H1972P4CI078,60,227,60,https://historico.conaliteg.gob.mx/c/H1972P4CI078/060.jpg,0,source_jpeg,served_image,200,image/jpeg,51160,d8417b7a0e6fd6feee4c8b4becaab03762a200ddda838a309fefbef2631c1b4e,1,
LTMD_U1_W4_SOCIAL_SCIENCES_ASSET_AUDIT_0.1,H1972P4CI078,1972,4,CIENCIAS SOCIALES,standard_x_js,H1972P4CI078,61,227,61,https://historico.conaliteg.gob.mx/c/H1972P4CI078/061.jpg,0,source_jpeg,served_image,200,image/jpeg,65119,0e4b75161bb48c0cf5f2fc55331fc76882233b978587e984ec31d4bac3759240,1,
LTMD_U1_W4_SOCIAL_SCIENCES_ASSET_AUDIT_0.1,H1972P4CI078,1972,4,CIENCIAS SOCIALES,standard_x_js,H1972P4CI078,62,227,62,https://historico.conaliteg.gob.mx/c/H1972P4CI078/062.jpg,0,source_jpeg,served_image,200,image/jpeg,53978,2fb97e18bef59eba64b124bc65ffdfa31051279de921c94f4a00499d7214717a,1,
LTMD_U1_W4_SOCIAL_SCIENCES_ASSET_AUDIT_0.1,H1972P4CI078,1972,4,CIENCIAS SOCIALES,standard_x_js,H1972P4CI078,63,227,63,https://historico.conaliteg.gob.mx/c/H1972P4CI078/063.jpg,0,source_jpeg,served_image,200,image/jpeg,71783,0505796aadc1823903f4b52a819d034168d6f66e514bfee126f75e985fddcde0,1,
LTMD_U1_W4_SOCIAL_SCIENCES_ASSET_AUDIT_0.1,H1972P4CI078,1972,4,CIENCIAS SOCIALES,standard_x_js,H1972P4CI078,64,227,64,https://historico.conaliteg.gob.mx/c/H1972P4CI078/064.jpg,0,source_jpeg,served_image,200,image/jpeg,50376,0454225544d6f1fc9b370df2b5dbc895a098a1b4ead0aec3c772dcfccbbc17ea,1,
LTMD_U1_W4_SOCIAL_SCIENCES_ASSET_AUDIT_0.1,H1972P4CI078,1972,4,CIENCIAS SOCIALES,standard_x_js,H1972P4CI078,65,227,65,https://historico.conaliteg.gob.mx/c/H1972P4CI078/065.jpg,0,source_jpeg,served_image,200,image/jpeg,60727,5c3f56c637acdcb7a687fddd503b4f669978f8437f512423e5163039af39b1b4,1,
LTMD_U1_W4_SOCIAL_SCIENCES_ASSET_AUDIT_0.1,H1972P4CI078,1972,4,CIENCIAS SOCIALES,standard_x_js,H1972P4CI078,66,227,66,https://historico.conaliteg.gob.mx/c/H1972P4CI078/066.jpg,0,source_jpeg,served_image,200,image/jpeg,68105,6f3e42d40980cabd5f924d998fce9a98a538d6f2a2cf3a96711fc80f77482e49,1,
LTMD_U1_W4_SOCIAL_SCIENCES_ASSET_AUDIT_0.1,H1972P4CI078,1972,4,CIENCIAS SOCIALES,standard_x_js,H1972P4CI078,67,227,67,https://historico.conaliteg.gob.mx/c/H1972P4CI078/067.jpg,0,source_jpeg,served_image,200,image/jpeg,71924,939469dbf9bcefd8ca550713ea94faf38833a7c6e635609571271b3cb7b27649,1,
LTMD_U1_W4_SOCIAL_SCIENCES_ASSET_AUDIT_0.1,H1972P4CI078,1972,4,CIENCIAS SOCIALES,standard_x_js,H1972P4CI078,68,227,68,https://historico.conaliteg.gob.mx/c/H1972P4CI078/068.jpg,0,source_jpeg,served_image,200,image/jpeg,62677,1d3db2744d5622f8d6f3ce03539b686d69fbf561f27d7d9a26d12c67ae92be72,1,
LTMD_U1_W4_SOCIAL_SCIENCES_ASSET_AUDIT_0.1,H1972P4CI078,1972,4,CIENCIAS SOCIALES,standard_x_js,H1972P4CI078,69,227,69,https://historico.conaliteg.gob.mx/c/H1972P4CI078/069.jpg,0,source_jpeg,served_image,200,image/jpeg,59371,eb919263aed63a6e782242a18584b095a1383903157298a3e4f469986b7261a5,1,
LTMD_U1_W4_SOCIAL_SCIENCES_ASSET_AUDIT_0.1,H1972P4CI078,1972,4,CIENCIAS SOCIALES,standard_x_js,H1972P4CI078,70,227,70,https://historico.conaliteg.gob.mx/c/H1972P4CI078/070.jpg,0,source_jpeg,served_image,200,image/jpeg,43935,f40ec1340e8865a9efa938cdf35ae67290de3de37b15d0dda5642067e881f834,1,
LTMD_U1_W4_SOCIAL_SCIENCES_ASSET_AUDIT_0.1,H1972P4CI078,1972,4,CIENCIAS SOCIALES,standard_x_js,H1972P4CI078,71,227,71,https://historico.conaliteg.gob.mx/c/H1972P4CI078/071.jpg,0,source_jpeg,served_image,200,image/jpeg,46451,bfb5b887b871d7e88e556ecdebf0869060f917fd480754b7b67697268bf3bdec,1,
LTMD_U1_W4_SOCIAL_SCIENCES_ASSET_AUDIT_0.1,H1972P4CI078,1972,4,CIENCIAS SOCIALES,standard_x_js,H1972P4CI078,72,227,72,https://historico.conaliteg.gob.mx/c/H1972P4CI078/072.jpg,0,source_jpeg,served_image,200,image/jpeg,81005,0a4e0c840387db7e4cd1be502c808f15311466869873335e1c025d4e00bbd9f5,1,
LTMD_U1_W4_SOCIAL_SCIENCES_ASSET_AUDIT_0.1,H1972P4CI078,1972,4,CIENCIAS SOCIALES,standard_x_js,H1972P4CI078,73,227,73,https://historico.conaliteg.gob.mx/c/H1972P4CI078/073.jpg,0,source_jpeg,served_image,200,image/jpeg,72819,36164e326b891b1a1e52774013f9a672664c635827f01ba3aab5524c1734bb83,1,
LTMD_U1_W4_SOCIAL_SCIENCES_ASSET_AUDIT_0.1,H1972P4CI078,1972,4,CIENCIAS SOCIALES,standard_x_js,H1972P4CI078,74,227,74,https://historico.conaliteg.gob.mx/c/H1972P4CI078/074.jpg,0,source_jpeg,served_image,200,image/jpeg,67561,e68d222b15b2d50b831182f5a7fec2b5be1df02f207b85b4930da6737c6f8966,1,
LTMD_U1_W4_SOCIAL_SCIENCES_ASSET_AUDIT_0.1,H1972P4CI078,1972,4,CIENCIAS SOCIALES,standard_x_js,H1972P4CI078,75,227,75,https://historico.conaliteg.gob.mx/c/H1972P4CI078/075.jpg,0,source_jpeg,served_image,200,image/jpeg,70745,6a13123c7df409d3d05cf7792882c64ab42e0310901cb024451f6f8fd13401d6,1,
LTMD_U1_W4_SOCIAL_SCIENCES_ASSET_AUDIT_0.1,H1972P4CI078,1972,4,CIENCIAS SOCIALES,standard_x_js,H1972P4CI078,76,227,76,https://historico.conaliteg.gob.mx/c/H1972P4CI078/076.jpg,0,source_jpeg,served_image,200,image/jpeg,56346,381d34f76d93e5847ac8dbba8c1911a90fc6a38bc2d861b9e655d8ac59298a2b,1,
LTMD_U1_W4_SOCIAL_SCIENCES_ASSET_AUDIT_0.1,H1972P4CI078,1972,4,CIENCIAS SOCIALES,standard_x_js,H1972P4CI078,77,227,77,https://historico.conaliteg.gob.mx/c/H1972P4CI078/077.jpg,0,source_jpeg,served_image,200,image/jpeg,57770,c8eeb0727a5d7a02b9b58868f1ac518802eff24a7b700c980c8a857a690ea56e,1,
LTMD_U1_W4_SOCIAL_SCIENCES_ASSET_AUDIT_0.1,H1972P4CI078,1972,4,CIENCIAS SOCIALES,standard_x_js,H1972P4CI078,78,227,78,https://historico.conaliteg.gob.mx/c/H1972P4CI078/078.jpg,0,source_jpeg,served_image,200,image/jpeg,42228,55678b84837d17ddecbd3049e6f6ed43fd5340a130a3d2f2525a18138f93dc8e,1,
LTMD_U1_W4_SOCIAL_SCIENCES_ASSET_AUDIT_0.1,H1972P4CI078,1972,4,CIENCIAS SOCIALES,standard_x_js,H1972P4CI078,79,227,79,https://historico.conaliteg.gob.mx/c/H1972P4CI078/079.jpg,0,source_jpeg,served_image,200,image/jpeg,42507,f7068b4cdc8c6533c74b00077b70f4ce871c78fc069a09ccd7496cbf6e47352b,1,
LTMD_U1_W4_SOCIAL_SCIENCES_ASSET_AUDIT_0.1,H1972P4CI078,1972,4,CIENCIAS SOCIALES,standard_x_js,H1972P4CI078,80,227,80,https://historico.conaliteg.gob.mx/c/H1972P4CI078/080.jpg,0,source_jpeg,served_image,200,image/jpeg,51872,4fe47662c3843a5ed179d070a91f913f3b6a988a50c8135baccdc403c818b661,1,
LTMD_U1_W4_SOCIAL_SCIENCES_ASSET_AUDIT_0.1,H1972P4CI078,1972,4,CIENCIAS SOCIALES,standard_x_js,H1972P4CI078,81,227,81,https://historico.conaliteg.gob.mx/c/H1972P4CI078/081.jpg,0,source_jpeg,served_image,200,image/jpeg,59047,1d941a3bc5ef6a85820b32bf512479f070fdcba65c91e73577b6dea8441bbb86,1,
LTMD_U1_W4_SOCIAL_SCIENCES_ASSET_AUDIT_0.1,H1972P4CI078,1972,4,CIENCIAS SOCIALES,standard_x_js,H1972P4CI078,82,227,82,https://historico.conaliteg.gob.mx/c/H1972P4CI078/082.jpg,0,source_jpeg,served_image,200,image/jpeg,62021,c65d8e236e343159d0973539f5149a5dbc7c65f9c97ebfa9b3744b2c7ea0e1fb,1,
LTMD_U1_W4_SOCIAL_SCIENCES_ASSET_AUDIT_0.1,H1972P4CI078,1972,4,CIENCIAS SOCIALES,standard_x_js,H1972P4CI078,83,227,83,https://historico.conaliteg.gob.mx/c/H1972P4CI078/083.jpg,0,source_jpeg,served_image,200,image/jpeg,54291,9cb0985100a5df87b59829ee4dcdc0ce48ccd84f1f4632d50a857d464f5daa45,1,
LTMD_U1_W4_SOCIAL_SCIENCES_ASSET_AUDIT_0.1,H1972P4CI078,1972,4,CIENCIAS SOCIALES,standard_x_js,H1972P4CI078,84,227,84,https://historico.conaliteg.gob.mx/c/H1972P4CI078/084.jpg,0,source_jpeg,served_image,200,image/jpeg,51243,c85bb892e8f2948d65f74d6af7dc0c91ee38f96c799497fabcead9fa6749d5be,1,
LTMD_U1_W4_SOCIAL_SCIENCES_ASSET_AUDIT_0.1,H1972P4CI078,1972,4,CIENCIAS SOCIALES,standard_x_js,H1972P4CI078,85,227,85,https://historico.conaliteg.gob.mx/c/H1972P4CI078/085.jpg,0,source_jpeg,served_image,200,image/jpeg,48785,58827df19efc43b177b4360415d8bc5b2f33386c95874b4e3be32a73daa3a93b,1,
LTMD_U1_W4_SOCIAL_SCIENCES_ASSET_AUDIT_0.1,H1972P4CI078,1972,4,CIENCIAS SOCIALES,standard_x_js,H1972P4CI078,86,227,86,https://historico.conaliteg.gob.mx/c/H1972P4CI078/086.jpg,0,source_jpeg,served_image,200,image/jpeg,58165,d2fbaedcd7021e8a440530ba3941f67728cff5cbeb38e97d1c2662e7f46ce64a,1,
LTMD_U1_W4_SOCIAL_SCIENCES_ASSET_AUDIT_0.1,H1972P4CI078,1972,4,CIENCIAS SOCIALES,standard_x_js,H1972P4CI078,87,227,87,https://historico.conaliteg.gob.mx/c/H1972P4CI078/087.jpg,0,source_jpeg,served_image,200,image/jpeg,76677,898973e083b89e5854b8ed5d7abded74f8b1fcca50f6dbed5e03bcfc4a764974,1,
LTMD_U1_W4_SOCIAL_SCIENCES_ASSET_AUDIT_0.1,H1972P4CI078,1972,4,CIENCIAS SOCIALES,standard_x_js,H1972P4CI078,88,227,88,https://historico.conaliteg.gob.mx/c/H1972P4CI078/088.jpg,0,source_jpeg,served_image,200,image/jpeg,75924,4dcc29dc3169bda65f28de7f955ccbb55856dcfc02aefbfe98fce7a6d7914103,1,
LTMD_U1_W4_SOCIAL_SCIENCES_ASSET_AUDIT_0.1,H1972P4CI078,1972,4,CIENCIAS SOCIALES,standard_x_js,H1972P4CI078,89,227,89,https://historico.conaliteg.gob.mx/c/H1972P4CI078/089.jpg,0,source_jpeg,served_image,200,image/jpeg,70670,95250deb06dcfa0c96be5312ddfbc9e1679698ba507d84b8f6d8b0d68e765856,1,
LTMD_U1_W4_SOCIAL_SCIENCES_ASSET_AUDIT_0.1,H1972P4CI078,1972,4,CIENCIAS SOCIALES,standard_x_js,H1972P4CI078,90,227,90,https://historico.conaliteg.gob.mx/c/H1972P4CI078/090.jpg,0,source_jpeg,served_image,200,image/jpeg,45840,e341c7e3a0a5d7cbe5d96dec2fb791c50e3860ed46a1e0bd6da425364a9cc9f1,1,
LTMD_U1_W4_SOCIAL_SCIENCES_ASSET_AUDIT_0.1,H1972P4CI078,1972,4,CIENCIAS SOCIALES,standard_x_js,H1972P4CI078,91,227,91,https://historico.conaliteg.gob.mx/c/H1972P4CI078/091.jpg,0,source_jpeg,served_image,200,image/jpeg,55961,1c60b52169272d7ecc6df30b75e2489a5a785fde0f07c81e073b456a456f34aa,1,
LTMD_U1_W4_SOCIAL_SCIENCES_ASSET_AUDIT_0.1,H1972P4CI078,1972,4,CIENCIAS SOCIALES,standard_x_js,H1972P4CI078,92,227,92,https://historico.conaliteg.gob.mx/c/H1972P4CI078/092.jpg,0,source_jpeg,served_image,200,image/jpeg,57921,47a63bf983eac71133f9a5c949596c60f0980c563b0cb31570a856c2b19d64dc,1,
LTMD_U1_W4_SOCIAL_SCIENCES_ASSET_AUDIT_0.1,H1972P4CI078,1972,4,CIENCIAS SOCIALES,standard_x_js,H1972P4CI078,93,227,93,https://historico.conaliteg.gob.mx/c/H1972P4CI078/093.jpg,0,source_jpeg,served_image,200,image/jpeg,61288,797f0cecaf7c7e2a4174659dcd31dab174bea0ce178e3da6f00ea1c88e8db2a0,1,
LTMD_U1_W4_SOCIAL_SCIENCES_ASSET_AUDIT_0.1,H1972P4CI078,1972,4,CIENCIAS SOCIALES,standard_x_js,H1972P4CI078,94,227,94,https://historico.conaliteg.gob.mx/c/H1972P4CI078/094.jpg,0,source_jpeg,served_image,200,image/jpeg,64792,f27493cd38346c5cc6e1956604250289587673a8307f927c223af25b34cbf374,1,
LTMD_U1_W4_SOCIAL_SCIENCES_ASSET_AUDIT_0.1,H1972P4CI078,1972,4,CIENCIAS SOCIALES,standard_x_js,H1972P4CI078,95,227,95,https://historico.conaliteg.gob.mx/c/H1972P4CI078/095.jpg,0,source_jpeg,served_image,200,image/jpeg,58857,8d816fc5e47319830f6a36b47fff59da76d5ed3206dacf035c668941c0e56c0b,1,
LTMD_U1_W4_SOCIAL_SCIENCES_ASSET_AUDIT_0.1,H1972P4CI078,1972,4,CIENCIAS SOCIALES,standard_x_js,H1972P4CI078,96,227,96,https://historico.conaliteg.gob.mx/c/H1972P4CI078/096.jpg,0,source_jpeg,served_image,200,image/jpeg,70823,d5147039cb1d05314c914b4e0fdf4dbb4ace48f78a4bf674fd96cf13a2bdb690,1,
LTMD_U1_W4_SOCIAL_SCIENCES_ASSET_AUDIT_0.1,H1972P4CI078,1972,4,CIENCIAS SOCIALES,standard_x_js,H1972P4CI078,97,227,97,https://historico.conaliteg.gob.mx/c/H1972P4CI078/097.jpg,0,source_jpeg,served_image,200,image/jpeg,66266,40882ce91be6101891fa3f4bf936aaeccbee1bac114e8fef0871d06c4657461a,1,
LTMD_U1_W4_SOCIAL_SCIENCES_ASSET_AUDIT_0.1,H1972P4CI078,1972,4,CIENCIAS SOCIALES,standard_x_js,H1972P4CI078,98,227,98,https://historico.conaliteg.gob.mx/c/H1972P4CI078/098.jpg,0,source_jpeg,served_image,200,image/jpeg,55825,510183eb98cf15f95e1f900366f32eee616c8a04d3f13e2b50be0ce6c94b501a,1,
LTMD_U1_W4_SOCIAL_SCIENCES_ASSET_AUDIT_0.1,H1972P4CI078,1972,4,CIENCIAS SOCIALES,standard_x_js,H1972P4CI078,99,227,99,https://historico.conaliteg.gob.mx/c/H1972P4CI078/099.jpg,0,source_jpeg,served_image,200,image/jpeg,46750,d265256d13ee155c68f2264b06b30d27fc32d62875cbc95e36e7ded1b5468949,1,
LTMD_U1_W4_SOCIAL_SCIENCES_ASSET_AUDIT_0.1,H1972P4CI078,1972,4,CIENCIAS SOCIALES,standard_x_js,H1972P4CI078,100,227,100,https://historico.conaliteg.gob.mx/c/H1972P4CI078/100.jpg,0,source_jpeg,served_image,200,image/jpeg,56948,17db5bff36dbdeebc02ff6fac4fd20c1d8d6447bf95a62552d99bcf7f0e1254e,1,
LTMD_U1_W4_SOCIAL_SCIENCES_ASSET_AUDIT_0.1,H1972P4CI078,1972,4,CIENCIAS SOCIALES,standard_x_js,H1972P4CI078,101,227,101,https://historico.conaliteg.gob.mx/c/H1972P4CI078/101.jpg,0,source_jpeg,served_image,200,image/jpeg,51124,b9d690149e7a6b5b9d1cb1aa0b3db64f3fd7cd89e2b68617bd49bca60eb9cd02,1,
LTMD_U1_W4_SOCIAL_SCIENCES_ASSET_AUDIT_0.1,H1972P4CI078,1972,4,CIENCIAS SOCIALES,standard_x_js,H1972P4CI078,102,227,102,https://historico.conaliteg.gob.mx/c/H1972P4CI078/102.jpg,0,source_jpeg,served_image,200,image/jpeg,65648,7cb0ff3d378f080366cfd8f4272da6aac229ae0f59e5260609309e59b110c8bf,1,
LTMD_U1_W4_SOCIAL_SCIENCES_ASSET_AUDIT_0.1,H1972P4CI078,1972,4,CIENCIAS SOCIALES,standard_x_js,H1972P4CI078,103,227,103,https://historico.conaliteg.gob.mx/c/H1972P4CI078/103.jpg,0,source_jpeg,served_image,200,image/jpeg,45456,6484f06db9a6621cb5b98c26a6fb42adacc905d0201f4564696b44d215a18e46,1,
LTMD_U1_W4_SOCIAL_SCIENCES_ASSET_AUDIT_0.1,H1972P4CI078,1972,4,CIENCIAS SOCIALES,standard_x_js,H1972P4CI078,104,227,104,https://historico.conaliteg.gob.mx/c/H1972P4CI078/104.jpg,0,source_jpeg,served_image,200,image/jpeg,57500,0bb2586930294eb3d12b07513ab8355b341585db9b2b92e799c29f9ffe8e7d6f,1,
LTMD_U1_W4_SOCIAL_SCIENCES_ASSET_AUDIT_0.1,H1972P4CI078,1972,4,CIENCIAS SOCIALES,standard_x_js,H1972P4CI078,105,227,105,https://historico.conaliteg.gob.mx/c/H1972P4CI078/105.jpg,0,source_jpeg,served_image,200,image/jpeg,77931,4954485f10746e47de7d67fd740813d93644224e3f64341023695ff9c93bf833,1,
LTMD_U1_W4_SOCIAL_SCIENCES_ASSET_AUDIT_0.1,H1972P4CI078,1972,4,CIENCIAS SOCIALES,standard_x_js,H1972P4CI078,106,227,106,https://historico.conaliteg.gob.mx/c/H1972P4CI078/106.jpg,0,source_jpeg,served_image,200,image/jpeg,60153,0300bb79f1d63ec1c5cb600671ada3cd842260d3a8a0b4e9cdcd8fe16b7e6c85,1,
LTMD_U1_W4_SOCIAL_SCIENCES_ASSET_AUDIT_0.1,H1972P4CI078,1972,4,CIENCIAS SOCIALES,standard_x_js,H1972P4CI078,107,227,107,https://historico.conaliteg.gob.mx/c/H1972P4CI078/107.jpg,0,source_jpeg,served_image,200,image/jpeg,50065,b28e6b8b920662851215d374d2d577f50d7e2f45788c3b9b9189fa07a439c500,1,
LTMD_U1_W4_SOCIAL_SCIENCES_ASSET_AUDIT_0.1,H1972P4CI078,1972,4,CIENCIAS SOCIALES,standard_x_js,H1972P4CI078,108,227,108,https://historico.conaliteg.gob.mx/c/H1972P4CI078/108.jpg,0,source_jpeg,served_image,200,image/jpeg,47792,3bce0acf1e022552f1c99229ed707f7b72751c66389244226be48a6050ef41e5,1,
LTMD_U1_W4_SOCIAL_SCIENCES_ASSET_AUDIT_0.1,H1972P4CI078,1972,4,CIENCIAS SOCIALES,standard_x_js,H1972P4CI078,109,227,109,https://historico.conaliteg.gob.mx/c/H1972P4CI078/109.jpg,0,source_jpeg,served_image,200,image/jpeg,67849,4b7204342171b75f1821d0d8308dad91170dfdbb097c70e4f8467557259911c8,1,
LTMD_U1_W4_SOCIAL_SCIENCES_ASSET_AUDIT_0.1,H1972P4CI078,1972,4,CIENCIAS SOCIALES,standard_x_js,H1972P4CI078,110,227,110,https://historico.conaliteg.gob.mx/c/H1972P4CI078/110.jpg,0,source_jpeg,served_image,200,image/jpeg,51352,25d60a830c505d8ac1ee70c3c5114ceba1b6129a125d192bfcab928645969b6d,1,
LTMD_U1_W4_SOCIAL_SCIENCES_ASSET_AUDIT_0.1,H1972P4CI078,1972,4,CIENCIAS SOCIALES,standard_x_js,H1972P4CI078,111,227,111,https://historico.conaliteg.gob.mx/c/H1972P4CI078/111.jpg,0,source_jpeg,served_image,200,image/jpeg,54216,e3769a23b787bb6260714a84d05aa43df4f406d8fc4682230af1831c58c77f8f,1,
LTMD_U1_W4_SOCIAL_SCIENCES_ASSET_AUDIT_0.1,H1972P4CI078,1972,4,CIENCIAS SOCIALES,standard_x_js,H1972P4CI078,112,227,112,https://historico.conaliteg.gob.mx/c/H1972P4CI078/112.jpg,0,source_jpeg,served_image,200,image/jpeg,73593,65a70eafc3d67f3cc8a79930db90bbd595d2099036651f21c4ab27c527ec07d1,1,
LTMD_U1_W4_SOCIAL_SCIENCES_ASSET_AUDIT_0.1,H1972P4CI078,1972,4,CIENCIAS SOCIALES,standard_x_js,H1972P4CI078,113,227,113,https://historico.conaliteg.gob.mx/c/H1972P4CI078/113.jpg,0,source_jpeg,served_image,200,image/jpeg,57378,3fc03a3b8e6bf310b1c27b1f86214d2364b76486d3181d9b6299b7835c1e5c5d,1,
LTMD_U1_W4_SOCIAL_SCIENCES_ASSET_AUDIT_0.1,H1972P4CI078,1972,4,CIENCIAS SOCIALES,standard_x_js,H1972P4CI078,114,227,114,https://historico.conaliteg.gob.mx/c/H1972P4CI078/114.jpg,0,source_jpeg,served_image,200,image/jpeg,59401,1e9d6d831ae632372cca2188a2a4a9cd11e1533fead56da94419493d81c96e4b,1,
LTMD_U1_W4_SOCIAL_SCIENCES_ASSET_AUDIT_0.1,H1972P4CI078,1972,4,CIENCIAS SOCIALES,standard_x_js,H1972P4CI078,115,227,115,https://historico.conaliteg.gob.mx/c/H1972P4CI078/115.jpg,0,source_jpeg,served_image,200,image/jpeg,57439,bf7815ee7ff21f8ff00efa8fa1defe19051b78f6e21b58848e2f0f5fe3cf67cc,1,
LTMD_U1_W4_SOCIAL_SCIENCES_ASSET_AUDIT_0.1,H1972P4CI078,1972,4,CIENCIAS SOCIALES,standard_x_js,H1972P4CI078,116,227,116,https://historico.conaliteg.gob.mx/c/H1972P4CI078/116.jpg,0,source_jpeg,served_image,200,image/jpeg,69539,30678cdcd0b3283d83b46b984c992335dbef002149440dd8fde097056db1fd02,1,
LTMD_U1_W4_SOCIAL_SCIENCES_ASSET_AUDIT_0.1,H1972P4CI078,1972,4,CIENCIAS SOCIALES,standard_x_js,H1972P4CI078,117,227,117,https://historico.conaliteg.gob.mx/c/H1972P4CI078/117.jpg,0,source_jpeg,served_image,200,image/jpeg,71862,7826afdce77a7913eba9d488348261f80f88cefd2b850bac3809aea7109e2264,1,
LTMD_U1_W4_SOCIAL_SCIENCES_ASSET_AUDIT_0.1,H1972P4CI078,1972,4,CIENCIAS SOCIALES,standard_x_js,H1972P4CI078,118,227,118,https://historico.conaliteg.gob.mx/c/H1972P4CI078/118.jpg,0,source_jpeg,served_image,200,image/jpeg,51246,0c39576a3e1ba6c8233ae6ee71bacc092de9220bdc425d3a11c3bc5c61885df0,1,
LTMD_U1_W4_SOCIAL_SCIENCES_ASSET_AUDIT_0.1,H1972P4CI078,1972,4,CIENCIAS SOCIALES,standard_x_js,H1972P4CI078,119,227,119,https://historico.conaliteg.gob.mx/c/H1972P4CI078/119.jpg,0,source_jpeg,served_image,200,image/jpeg,53886,5abf1ecc7604719bed4b5b28662f50ff4234fa2c5ee6a7a3f0dd5cec1afe827b,1,
LTMD_U1_W4_SOCIAL_SCIENCES_ASSET_AUDIT_0.1,H1972P4CI078,1972,4,CIENCIAS SOCIALES,standard_x_js,H1972P4CI078,120,227,120,https://historico.conaliteg.gob.mx/c/H1972P4CI078/120.jpg,0,source_jpeg,served_image,200,image/jpeg,45982,15fa2e89896ff95c112829e827fa0362b56a18afb9fd163272f6958912d78dff,1,
LTMD_U1_W4_SOCIAL_SCIENCES_ASSET_AUDIT_0.1,H1972P4CI078,1972,4,CIENCIAS SOCIALES,standard_x_js,H1972P4CI078,121,227,121,https://historico.conaliteg.gob.mx/c/H1972P4CI078/121.jpg,0,source_jpeg,served_image,200,image/jpeg,40818,5d72b8c165bcbdeff90e8a44d30f3533d19bc5784628790267c8ee960ec9f2d2,1,
LTMD_U1_W4_SOCIAL_SCIENCES_ASSET_AUDIT_0.1,H1972P4CI078,1972,4,CIENCIAS SOCIALES,standard_x_js,H1972P4CI078,122,227,122,https://historico.conaliteg.gob.mx/c/H1972P4CI078/122.jpg,0,source_jpeg,served_image,200,image/jpeg,54597,67dca73d577cacf7087bbf744f05d11a2f81af18de94ffdee10bb119bb61b3fd,1,
LTMD_U1_W4_SOCIAL_SCIENCES_ASSET_AUDIT_0.1,H1972P4CI078,1972,4,CIENCIAS SOCIALES,standard_x_js,H1972P4CI078,123,227,123,https://historico.conaliteg.gob.mx/c/H1972P4CI078/123.jpg,0,source_jpeg,served_image,200,image/jpeg,53762,ff75e7d1368a050a99b5802d2d74417cf044e600b3cf9502cb70bf173f3f7061,1,
LTMD_U1_W4_SOCIAL_SCIENCES_ASSET_AUDIT_0.1,H1972P4CI078,1972,4,CIENCIAS SOCIALES,standard_x_js,H1972P4CI078,124,227,124,https://historico.conaliteg.gob.mx/c/H1972P4CI078/124.jpg,0,source_jpeg,served_image,200,image/jpeg,73183,cddd5ee52e1c61a3642170703f596d9d94841e6240b68d420c5a0df391c68405,1,
LTMD_U1_W4_SOCIAL_SCIENCES_ASSET_AUDIT_0.1,H1972P4CI078,1972,4,CIENCIAS SOCIALES,standard_x_js,H1972P4CI078,125,227,125,https://historico.conaliteg.gob.mx/c/H1972P4CI078/125.jpg,0,source_jpeg,served_image,200,image/jpeg,49071,7367b9b9ad9093054be43f6422cb430d6d6c74cf5fbc69584d83c01d1e6e38e6,1,
LTMD_U1_W4_SOCIAL_SCIENCES_ASSET_AUDIT_0.1,H1972P4CI078,1972,4,CIENCIAS SOCIALES,standard_x_js,H1972P4CI078,126,227,126,https://historico.conaliteg.gob.mx/c/H1972P4CI078/126.jpg,0,source_jpeg,served_image,200,image/jpeg,56262,265eb3c0534a64721d2be53f66ffe5acb7c00e2065f861819f3ef0d7cd93eb29,1,
LTMD_U1_W4_SOCIAL_SCIENCES_ASSET_AUDIT_0.1,H1972P4CI078,1972,4,CIENCIAS SOCIALES,standard_x_js,H1972P4CI078,127,227,127,https://historico.conaliteg.gob.mx/c/H1972P4CI078/127.jpg,0,source_jpeg,served_image,200,image/jpeg,52835,07df870171ac82326ac94cfe0c007ca38eeedf6f7dbc712af08f917cfff39372,1,
LTMD_U1_W4_SOCIAL_SCIENCES_ASSET_AUDIT_0.1,H1972P4CI078,1972,4,CIENCIAS SOCIALES,standard_x_js,H1972P4CI078,128,227,128,https://historico.conaliteg.gob.mx/c/H1972P4CI078/128.jpg,0,source_jpeg,served_image,200,image/jpeg,59412,1691c8b2f6530dbf51990dccb01afb6bd5116384d041e82931dc5b743b55f005,1,
LTMD_U1_W4_SOCIAL_SCIENCES_ASSET_AUDIT_0.1,H1972P4CI078,1972,4,CIENCIAS SOCIALES,standard_x_js,H1972P4CI078,129,227,129,https://historico.conaliteg.gob.mx/c/H1972P4CI078/129.jpg,0,source_jpeg,served_image,200,image/jpeg,67464,b56ebde159e72bb47b70678c6ad50de3969ef52ba1ffe2b6d168ea71fb06a4d8,1,
LTMD_U1_W4_SOCIAL_SCIENCES_ASSET_AUDIT_0.1,H1972P4CI078,1972,4,CIENCIAS SOCIALES,standard_x_js,H1972P4CI078,130,227,130,https://historico.conaliteg.gob.mx/c/H1972P4CI078/130.jpg,0,source_jpeg,served_image,200,image/jpeg,52264,8f6143c1c1ebf603c24c264ef7f379b3cbcdafa8133cffac7e72367c45c6034e,1,
LTMD_U1_W4_SOCIAL_SCIENCES_ASSET_AUDIT_0.1,H1972P4CI078,1972,4,CIENCIAS SOCIALES,standard_x_js,H1972P4CI078,131,227,131,https://historico.conaliteg.gob.mx/c/H1972P4CI078/131.jpg,0,source_jpeg,served_image,200,image/jpeg,62655,f70416dd1836a8b3366fc23b6ce3b51a717486f10df82ad858cd524341e60c59,1,
LTMD_U1_W4_SOCIAL_SCIENCES_ASSET_AUDIT_0.1,H1972P4CI078,1972,4,CIENCIAS SOCIALES,standard_x_js,H1972P4CI078,132,227,132,https://historico.conaliteg.gob.mx/c/H1972P4CI078/132.jpg,0,source_jpeg,served_image,200,image/jpeg,35041,b4aed4592ae3a5d8a60f8b91a210314db2376c201c710e1b45f082df64f50376,1,
LTMD_U1_W4_SOCIAL_SCIENCES_ASSET_AUDIT_0.1,H1972P4CI078,1972,4,CIENCIAS SOCIALES,standard_x_js,H1972P4CI078,133,227,133,https://historico.conaliteg.gob.mx/c/H1972P4CI078/133.jpg,0,source_jpeg,served_image,200,image/jpeg,55113,f7647a2b1f4a3067c67c66d1e426464fca6a70a7520fe3179ba294f11b0179a1,1,
LTMD_U1_W4_SOCIAL_SCIENCES_ASSET_AUDIT_0.1,H1972P4CI078,1972,4,CIENCIAS SOCIALES,standard_x_js,H1972P4CI078,134,227,134,https://historico.conaliteg.gob.mx/c/H1972P4CI078/134.jpg,0,source_jpeg,served_image,200,image/jpeg,63236,dbd1db1f20923f8d6706e72fed17ad70099c9fe40cdecfc60cd546f13696ad90,1,
LTMD_U1_W4_SOCIAL_SCIENCES_ASSET_AUDIT_0.1,H1972P4CI078,1972,4,CIENCIAS SOCIALES,standard_x_js,H1972P4CI078,135,227,135,https://historico.conaliteg.gob.mx/c/H1972P4CI078/135.jpg,0,source_jpeg,served_image,200,image/jpeg,56157,26f8cb97129c6eab6a97d2ebedd3c3516f79426102385edc99ca04a8272a3bfe,1,
LTMD_U1_W4_SOCIAL_SCIENCES_ASSET_AUDIT_0.1,H1972P4CI078,1972,4,CIENCIAS SOCIALES,standard_x_js,H1972P4CI078,136,227,136,https://historico.conaliteg.gob.mx/c/H1972P4CI078/136.jpg,0,source_jpeg,served_image,200,image/jpeg,57536,1b6322db64d974901385a6da4b5778557db87beb092e2eec9b5ced767a839b06,1,
LTMD_U1_W4_SOCIAL_SCIENCES_ASSET_AUDIT_0.1,H1972P4CI078,1972,4,CIENCIAS SOCIALES,standard_x_js,H1972P4CI078,137,227,137,https://historico.conaliteg.gob.mx/c/H1972P4CI078/137.jpg,0,source_jpeg,served_image,200,image/jpeg,55824,747d2422dfc4f360daa6e152e3456b0b93a6b10640de1e8b0a6787c3f5e46339,1,
LTMD_U1_W4_SOCIAL_SCIENCES_ASSET_AUDIT_0.1,H1972P4CI078,1972,4,CIENCIAS SOCIALES,standard_x_js,H1972P4CI078,138,227,138,https://historico.conaliteg.gob.mx/c/H1972P4CI078/138.jpg,0,source_jpeg,served_image,200,image/jpeg,49999,bba340048b45e8e83e751f75fda49213446b264d0c5fd6162453dc55e9bed6c3,1,
LTMD_U1_W4_SOCIAL_SCIENCES_ASSET_AUDIT_0.1,H1972P4CI078,1972,4,CIENCIAS SOCIALES,standard_x_js,H1972P4CI078,139,227,139,https://historico.conaliteg.gob.mx/c/H1972P4CI078/139.jpg,0,source_jpeg,served_image,200,image/jpeg,80408,f331810feb4857b53e100e1edc6bb91c5dfea0e67aa384835ff60f1f7e69487b,1,
LTMD_U1_W4_SOCIAL_SCIENCES_ASSET_AUDIT_0.1,H1972P4CI078,1972,4,CIENCIAS SOCIALES,standard_x_js,H1972P4CI078,140,227,140,https://historico.conaliteg.gob.mx/c/H1972P4CI078/140.jpg,0,source_jpeg,served_image,200,image/jpeg,55047,ad69f8424f0f9f8e552f9e510d4d82fd425d8c91adec00101826f158d0ca4a96,1,
LTMD_U1_W4_SOCIAL_SCIENCES_ASSET_AUDIT_0.1,H1972P4CI078,1972,4,CIENCIAS SOCIALES,standard_x_js,H1972P4CI078,141,227,141,https://historico.conaliteg.gob.mx/c/H1972P4CI078/141.jpg,0,source_jpeg,served_image,200,image/jpeg,72459,566c3b21c6ed9b6cf350d0768e28c1c3339b451c93d2d75fc49bc0f74b659cdd,1,
LTMD_U1_W4_SOCIAL_SCIENCES_ASSET_AUDIT_0.1,H1972P4CI078,1972,4,CIENCIAS SOCIALES,standard_x_js,H1972P4CI078,142,227,142,https://historico.conaliteg.gob.mx/c/H1972P4CI078/142.jpg,0,source_jpeg,served_image,200,image/jpeg,62324,99bdd422cc29a30b65e7ad9b25338d02e96921979be978e03b0135784c71780f,1,
LTMD_U1_W4_SOCIAL_SCIENCES_ASSET_AUDIT_0.1,H1972P4CI078,1972,4,CIENCIAS SOCIALES,standard_x_js,H1972P4CI078,143,227,143,https://historico.conaliteg.gob.mx/c/H1972P4CI078/143.jpg,0,source_jpeg,served_image,200,image/jpeg,48953,92a2dae32689ffcc4a1b44941e5427dc41efdf0fc03198aecab6448de19e80c1,1,
LTMD_U1_W4_SOCIAL_SCIENCES_ASSET_AUDIT_0.1,H1972P4CI078,1972,4,CIENCIAS SOCIALES,standard_x_js,H1972P4CI078,144,227,144,https://historico.conaliteg.gob.mx/c/H1972P4CI078/144.jpg,0,source_jpeg,served_image,200,image/jpeg,63422,4453c14ef58e629651a2159a29b1c715cb21fb4f022c8316cb755daaf07c0e50,1,
LTMD_U1_W4_SOCIAL_SCIENCES_ASSET_AUDIT_0.1,H1972P4CI078,1972,4,CIENCIAS SOCIALES,standard_x_js,H1972P4CI078,145,227,145,https://historico.conaliteg.gob.mx/c/H1972P4CI078/145.jpg,0,source_jpeg,served_image,200,image/jpeg,64788,2c1b5243b6dde47907703ae74a2aecab3767c74fcc8958e66cff5e23692498cb,1,
LTMD_U1_W4_SOCIAL_SCIENCES_ASSET_AUDIT_0.1,H1972P4CI078,1972,4,CIENCIAS SOCIALES,standard_x_js,H1972P4CI078,146,227,146,https://historico.conaliteg.gob.mx/c/H1972P4CI078/146.jpg,0,source_jpeg,served_image,200,image/jpeg,45572,48719b51d05c2272edbfb518d817bd20d33a4e93cff54cea301fda51ea8d5668,1,
LTMD_U1_W4_SOCIAL_SCIENCES_ASSET_AUDIT_0.1,H1972P4CI078,1972,4,CIENCIAS SOCIALES,standard_x_js,H1972P4CI078,147,227,147,https://historico.conaliteg.gob.mx/c/H1972P4CI078/147.jpg,0,source_jpeg,served_image,200,image/jpeg,75710,7ec43a4142271ef8913d42e6d3af395739af855db5d96017887a1800e60f2471,1,
LTMD_U1_W4_SOCIAL_SCIENCES_ASSET_AUDIT_0.1,H1972P4CI078,1972,4,CIENCIAS SOCIALES,standard_x_js,H1972P4CI078,148,227,148,https://historico.conaliteg.gob.mx/c/H1972P4CI078/148.jpg,0,source_jpeg,served_image,200,image/jpeg,42284,fd4324bd8a3e74859fd1ea57eec9b6a5170c91f4e6a040e4c26d7d6955848f1a,1,
LTMD_U1_W4_SOCIAL_SCIENCES_ASSET_AUDIT_0.1,H1972P4CI078,1972,4,CIENCIAS SOCIALES,standard_x_js,H1972P4CI078,149,227,149,https://historico.conaliteg.gob.mx/c/H1972P4CI078/149.jpg,0,source_jpeg,served_image,200,image/jpeg,46250,22ec7d53861f252693055121636134d0c32df139c7940ab3e659f699b5ef8d47,1,
LTMD_U1_W4_SOCIAL_SCIENCES_ASSET_AUDIT_0.1,H1972P4CI078,1972,4,CIENCIAS SOCIALES,standard_x_js,H1972P4CI078,150,227,150,https://historico.conaliteg.gob.mx/c/H1972P4CI078/150.jpg,0,source_jpeg,served_image,200,image/jpeg,54997,67756dbec37107190faaf4df26fcc3cb664831de6d1f854085839f99bae9fedb,1,
LTMD_U1_W4_SOCIAL_SCIENCES_ASSET_AUDIT_0.1,H1972P4CI078,1972,4,CIENCIAS SOCIALES,standard_x_js,H1972P4CI078,151,227,151,https://historico.conaliteg.gob.mx/c/H1972P4CI078/151.jpg,0,source_jpeg,served_image,200,image/jpeg,76054,72e8475543be9ba9e88dafb1ee27c28fdd2ebb86c06afbb125d658df0f7d6c4a,1,
LTMD_U1_W4_SOCIAL_SCIENCES_ASSET_AUDIT_0.1,H1972P4CI078,1972,4,CIENCIAS SOCIALES,standard_x_js,H1972P4CI078,152,227,152,https://historico.conaliteg.gob.mx/c/H1972P4CI078/152.jpg,0,source_jpeg,served_image,200,image/jpeg,58792,7504c3abd9d7eca14ad1b37cd2a0165ecaffb78312ca31a2afa0c213041231f1,1,
LTMD_U1_W4_SOCIAL_SCIENCES_ASSET_AUDIT_0.1,H1972P4CI078,1972,4,CIENCIAS SOCIALES,standard_x_js,H1972P4CI078,153,227,153,https://historico.conaliteg.gob.mx/c/H1972P4CI078/153.jpg,0,source_jpeg,served_image,200,image/jpeg,53127,46c0e46da154917c5ea18b54838ab7f97a7b4d21699ee0633dce06e692feb253,1,
LTMD_U1_W4_SOCIAL_SCIENCES_ASSET_AUDIT_0.1,H1972P4CI078,1972,4,CIENCIAS SOCIALES,standard_x_js,H1972P4CI078,154,227,154,https://historico.conaliteg.gob.mx/c/H1972P4CI078/154.jpg,0,source_jpeg,served_image,200,image/jpeg,57007,5b044c4abff1f204162f7f1c1950480114eac426c6bbfa2138c3a5209e3eabbe,1,
LTMD_U1_W4_SOCIAL_SCIENCES_ASSET_AUDIT_0.1,H1972P4CI078,1972,4,CIENCIAS SOCIALES,standard_x_js,H1972P4CI078,155,227,155,https://historico.conaliteg.gob.mx/c/H1972P4CI078/155.jpg,0,source_jpeg,served_image,200,image/jpeg,75299,4996a08d2bfa6936d147085541fcf1e1a3c8a8913527c71c7735839cd00cce35,1,
LTMD_U1_W4_SOCIAL_SCIENCES_ASSET_AUDIT_0.1,H1972P4CI078,1972,4,CIENCIAS SOCIALES,standard_x_js,H1972P4CI078,156,227,156,https://historico.conaliteg.gob.mx/c/H1972P4CI078/156.jpg,0,source_jpeg,served_image,200,image/jpeg,55002,11ed3bd2afd01de2070446e2fe71ebfdf8d69a4f7acd2dcbc3588bc59f6ca36d,1,
LTMD_U1_W4_SOCIAL_SCIENCES_ASSET_AUDIT_0.1,H1972P4CI078,1972,4,CIENCIAS SOCIALES,standard_x_js,H1972P4CI078,157,227,157,https://historico.conaliteg.gob.mx/c/H1972P4CI078/157.jpg,0,source_jpeg,served_image,200,image/jpeg,70141,09eb819060925374af3b0af9a068cab0b8876051b3d51b2cdc624207fd56ab1c,1,
LTMD_U1_W4_SOCIAL_SCIENCES_ASSET_AUDIT_0.1,H1972P4CI078,1972,4,CIENCIAS SOCIALES,standard_x_js,H1972P4CI078,158,227,158,https://historico.conaliteg.gob.mx/c/H1972P4CI078/158.jpg,0,source_jpeg,served_image,200,image/jpeg,50670,aec5ef0acda9bb321094d6d3c3b8e291128a6dc86ce826b418fa947b791d5231,1,
LTMD_U1_W4_SOCIAL_SCIENCES_ASSET_AUDIT_0.1,H1972P4CI078,1972,4,CIENCIAS SOCIALES,standard_x_js,H1972P4CI078,159,227,159,https://historico.conaliteg.gob.mx/c/H1972P4CI078/159.jpg,0,source_jpeg,served_image,200,image/jpeg,44031,d7368d44b3d4a6108bcbc26fad6cf3a0383fdcb7388e03fc40a0d754e43a36f6,1,
LTMD_U1_W4_SOCIAL_SCIENCES_ASSET_AUDIT_0.1,H1972P4CI078,1972,4,CIENCIAS SOCIALES,standard_x_js,H1972P4CI078,160,227,160,https://historico.conaliteg.gob.mx/c/H1972P4CI078/160.jpg,0,source_jpeg,served_image,200,image/jpeg,72648,62dc93b96534390f6a5e5ee8044bae73ae7e7a204f8a3a0ca7c3fa77582a1f43,1,
LTMD_U1_W4_SOCIAL_SCIENCES_ASSET_AUDIT_0.1,H1972P4CI078,1972,4,CIENCIAS SOCIALES,standard_x_js,H1972P4CI078,161,227,161,https://historico.conaliteg.gob.mx/c/H1972P4CI078/161.jpg,0,source_jpeg,served_image,200,image/jpeg,65307,b273e9fd3620eea444231ad550f6b6618c72db3e3b6469d27781031f32fdac75,1,
LTMD_U1_W4_SOCIAL_SCIENCES_ASSET_AUDIT_0.1,H1972P4CI078,1972,4,CIENCIAS SOCIALES,standard_x_js,H1972P4CI078,162,227,162,https://historico.conaliteg.gob.mx/c/H1972P4CI078/162.jpg,0,source_jpeg,served_image,200,image/jpeg,45275,ce56829da25ba874d8b5ff25e6ea351ea2bf6535c60be6c30248216baa7d8cd3,1,
LTMD_U1_W4_SOCIAL_SCIENCES_ASSET_AUDIT_0.1,H1972P4CI078,1972,4,CIENCIAS SOCIALES,standard_x_js,H1972P4CI078,163,227,163,https://historico.conaliteg.gob.mx/c/H1972P4CI078/163.jpg,0,source_jpeg,served_image,200,image/jpeg,49109,3613df0862a28f1cf4de46dceb02184d38855058495dda390682a3a8d8406d36,1,
LTMD_U1_W4_SOCIAL_SCIENCES_ASSET_AUDIT_0.1,H1972P4CI078,1972,4,CIENCIAS SOCIALES,standard_x_js,H1972P4CI078,164,227,164,https://historico.conaliteg.gob.mx/c/H1972P4CI078/164.jpg,0,source_jpeg,served_image,200,image/jpeg,85778,d5015d63e5706cfbd645227dedd9fcc909794a3766f9948bd733ca1c978b7843,1,
LTMD_U1_W4_SOCIAL_SCIENCES_ASSET_AUDIT_0.1,H1972P4CI078,1972,4,CIENCIAS SOCIALES,standard_x_js,H1972P4CI078,165,227,165,https://historico.conaliteg.gob.mx/c/H1972P4CI078/165.jpg,0,source_jpeg,served_image,200,image/jpeg,69163,67dab5bcd702f1d1d5cbf8075bc3add01495dff83fe36d21152ab3d2da5fbc37,1,
LTMD_U1_W4_SOCIAL_SCIENCES_ASSET_AUDIT_0.1,H1972P4CI078,1972,4,CIENCIAS SOCIALES,standard_x_js,H1972P4CI078,166,227,166,https://historico.conaliteg.gob.mx/c/H1972P4CI078/166.jpg,0,source_jpeg,served_image,200,image/jpeg,72714,baa9199ffa0590df0f5ec9c0b34aa6119b875706dbe308040cab184483d64510,1,
LTMD_U1_W4_SOCIAL_SCIENCES_ASSET_AUDIT_0.1,H1972P4CI078,1972,4,CIENCIAS SOCIALES,standard_x_js,H1972P4CI078,167,227,167,https://historico.conaliteg.gob.mx/c/H1972P4CI078/167.jpg,0,source_jpeg,served_image,200,image/jpeg,45969,650d97b2f72f9e8ef4bdb05057c1b166d4b4af89ce5de34cf674c5ab76a4777c,1,
LTMD_U1_W4_SOCIAL_SCIENCES_ASSET_AUDIT_0.1,H1972P4CI078,1972,4,CIENCIAS SOCIALES,standard_x_js,H1972P4CI078,168,227,168,https://historico.conaliteg.gob.mx/c/H1972P4CI078/168.jpg,0,source_jpeg,served_image,200,image/jpeg,60993,a627f591e4896f145a057cc718f258a360beca4d01d9b955433cee9c36cf269a,1,
LTMD_U1_W4_SOCIAL_SCIENCES_ASSET_AUDIT_0.1,H1972P4CI078,1972,4,CIENCIAS SOCIALES,standard_x_js,H1972P4CI078,169,227,169,https://historico.conaliteg.gob.mx/c/H1972P4CI078/169.jpg,0,source_jpeg,served_image,200,image/jpeg,67017,9ce4bbb6313cf4ca0df6efa85e68c1d1a6779604e1ac900c48feb9458e8f6b64,1,
LTMD_U1_W4_SOCIAL_SCIENCES_ASSET_AUDIT_0.1,H1972P4CI078,1972,4,CIENCIAS SOCIALES,standard_x_js,H1972P4CI078,170,227,170,https://historico.conaliteg.gob.mx/c/H1972P4CI078/170.jpg,0,source_jpeg,served_image,200,image/jpeg,66476,f4e22e9a99a5931aba6f036ab3b2d4e243fc4f79effd2b5fd5fb2d00231cfaa9,1,
LTMD_U1_W4_SOCIAL_SCIENCES_ASSET_AUDIT_0.1,H1972P4CI078,1972,4,CIENCIAS SOCIALES,standard_x_js,H1972P4CI078,171,227,171,https://historico.conaliteg.gob.mx/c/H1972P4CI078/171.jpg,0,source_jpeg,served_image,200,image/jpeg,61890,14e5860921e5066782faf400b0f29e7916cbbc3e8597d41ce9df981100615bef,1,
LTMD_U1_W4_SOCIAL_SCIENCES_ASSET_AUDIT_0.1,H1972P4CI078,1972,4,CIENCIAS SOCIALES,standard_x_js,H1972P4CI078,172,227,172,https://historico.conaliteg.gob.mx/c/H1972P4CI078/172.jpg,0,source_jpeg,served_image,200,image/jpeg,63240,90a2f574d5cdc70276a50ac510dc9a2f38715048003eea46ab725fb97dc2558c,1,
LTMD_U1_W4_SOCIAL_SCIENCES_ASSET_AUDIT_0.1,H1972P4CI078,1972,4,CIENCIAS SOCIALES,standard_x_js,H1972P4CI078,173,227,173,https://historico.conaliteg.gob.mx/c/H1972P4CI078/173.jpg,0,source_jpeg,served_image,200,image/jpeg,66276,1a30a7ee72b2c342fcdaa9204556eb38493c13d48264107052e3331f1b413446,1,
LTMD_U1_W4_SOCIAL_SCIENCES_ASSET_AUDIT_0.1,H1972P4CI078,1972,4,CIENCIAS SOCIALES,standard_x_js,H1972P4CI078,174,227,174,https://historico.conaliteg.gob.mx/c/H1972P4CI078/174.jpg,0,source_jpeg,served_image,200,image/jpeg,70918,fae81f35fe11f5c2e21f297d0603e774a9a1678657b0a24c939251cdced9682e,1,
LTMD_U1_W4_SOCIAL_SCIENCES_ASSET_AUDIT_0.1,H1972P4CI078,1972,4,CIENCIAS SOCIALES,standard_x_js,H1972P4CI078,175,227,175,https://historico.conaliteg.gob.mx/c/H1972P4CI078/175.jpg,0,source_jpeg,served_image,200,image/jpeg,60875,8a8d2c4a119da856a5ce315a53bb8ea953c99911ac008098d453f7114eaefb6e,1,
LTMD_U1_W4_SOCIAL_SCIENCES_ASSET_AUDIT_0.1,H1972P4CI078,1972,4,CIENCIAS SOCIALES,standard_x_js,H1972P4CI078,176,227,176,https://historico.conaliteg.gob.mx/c/H1972P4CI078/176.jpg,0,source_jpeg,served_image,200,image/jpeg,51438,3424f7e5a2553a8c2a23b0dcd0fed17fd4031f1b1a36fb800060b7977f2e2bef,1,
LTMD_U1_W4_SOCIAL_SCIENCES_ASSET_AUDIT_0.1,H1972P4CI078,1972,4,CIENCIAS SOCIALES,standard_x_js,H1972P4CI078,177,227,177,https://historico.conaliteg.gob.mx/c/H1972P4CI078/177.jpg,0,source_jpeg,served_image,200,image/jpeg,71746,71fedfa757e0e310954c5bec32b620dd4d8f9292f95eee6e46facbab79609a7f,1,
LTMD_U1_W4_SOCIAL_SCIENCES_ASSET_AUDIT_0.1,H1972P4CI078,1972,4,CIENCIAS SOCIALES,standard_x_js,H1972P4CI078,178,227,178,https://historico.conaliteg.gob.mx/c/H1972P4CI078/178.jpg,0,source_jpeg,served_image,200,image/jpeg,61400,81d5bb2316744796b33160e3ba23ac6bda41a827ff9ca4a39e0f24700c40bc70,1,
LTMD_U1_W4_SOCIAL_SCIENCES_ASSET_AUDIT_0.1,H1972P4CI078,1972,4,CIENCIAS SOCIALES,standard_x_js,H1972P4CI078,179,227,179,https://historico.conaliteg.gob.mx/c/H1972P4CI078/179.jpg,0,source_jpeg,served_image,200,image/jpeg,58465,d08e45e7477e38e85c12a7337e4fdaaac3342f7c6f2a4f60b55f4a238c487214,1,
LTMD_U1_W4_SOCIAL_SCIENCES_ASSET_AUDIT_0.1,H1972P4CI078,1972,4,CIENCIAS SOCIALES,standard_x_js,H1972P4CI078,180,227,180,https://historico.conaliteg.gob.mx/c/H1972P4CI078/180.jpg,0,source_jpeg,served_image,200,image/jpeg,60386,3fcf47c0ef61e156775e411ca08a8ab9fbd9660b7334c0604e27be717c86e1d8,1,
LTMD_U1_W4_SOCIAL_SCIENCES_ASSET_AUDIT_0.1,H1972P4CI078,1972,4,CIENCIAS SOCIALES,standard_x_js,H1972P4CI078,181,227,181,https://historico.conaliteg.gob.mx/c/H1972P4CI078/181.jpg,0,source_jpeg,served_image,200,image/jpeg,71647,9e26989ec5d7bb8480bed5a74b7917057b3a77f4b994571d9f10476782449d69,1,
LTMD_U1_W4_SOCIAL_SCIENCES_ASSET_AUDIT_0.1,H1972P4CI078,1972,4,CIENCIAS SOCIALES,standard_x_js,H1972P4CI078,182,227,182,https://historico.conaliteg.gob.mx/c/H1972P4CI078/182.jpg,0,source_jpeg,served_image,200,image/jpeg,48382,1fe97d08c4bf6229a22041acf22701001b0ec7f52c9df037d3a14466741988db,1,
LTMD_U1_W4_SOCIAL_SCIENCES_ASSET_AUDIT_0.1,H1972P4CI078,1972,4,CIENCIAS SOCIALES,standard_x_js,H1972P4CI078,183,227,183,https://historico.conaliteg.gob.mx/c/H1972P4CI078/183.jpg,0,source_jpeg,served_image,200,image/jpeg,63383,3f4f170c19f43208475501d8eb75f8bc5ad835a68765d15a513a4deebf919348,1,
LTMD_U1_W4_SOCIAL_SCIENCES_ASSET_AUDIT_0.1,H1972P4CI078,1972,4,CIENCIAS SOCIALES,standard_x_js,H1972P4CI078,184,227,184,https://historico.conaliteg.gob.mx/c/H1972P4CI078/184.jpg,0,source_jpeg,served_image,200,image/jpeg,67886,f496d2ff7b5be931e95d10ae13fe89d03a5166ac416315dc7b68d9fe10b41950,1,
LTMD_U1_W4_SOCIAL_SCIENCES_ASSET_AUDIT_0.1,H1972P4CI078,1972,4,CIENCIAS SOCIALES,standard_x_js,H1972P4CI078,185,227,185,https://historico.conaliteg.gob.mx/c/H1972P4CI078/185.jpg,0,source_jpeg,served_image,200,image/jpeg,68902,e9b2dfe6c1dbcb4be0b46d5d9ae54678b1f6e3ddef78041ae235f6dff47256e2,1,
LTMD_U1_W4_SOCIAL_SCIENCES_ASSET_AUDIT_0.1,H1972P4CI078,1972,4,CIENCIAS SOCIALES,standard_x_js,H1972P4CI078,186,227,186,https://historico.conaliteg.gob.mx/c/H1972P4CI078/186.jpg,0,source_jpeg,served_image,200,image/jpeg,68526,3a5e44508fb0a6d8618eb619c601d28684e598fafa0856ad31bd6ca7c9b6c493,1,
LTMD_U1_W4_SOCIAL_SCIENCES_ASSET_AUDIT_0.1,H1972P4CI078,1972,4,CIENCIAS SOCIALES,standard_x_js,H1972P4CI078,187,227,187,https://historico.conaliteg.gob.mx/c/H1972P4CI078/187.jpg,0,source_jpeg,served_image,200,image/jpeg,68159,4b9d857d5ea8458549743890e91f6c6c683ef5e3849ac41588610a12cfb95234,1,
LTMD_U1_W4_SOCIAL_SCIENCES_ASSET_AUDIT_0.1,H1972P4CI078,1972,4,CIENCIAS SOCIALES,standard_x_js,H1972P4CI078,188,227,188,https://historico.conaliteg.gob.mx/c/H1972P4CI078/188.jpg,0,source_jpeg,served_image,200,image/jpeg,53540,6aed82618cf8d25bd82b5e6254bdc6eabb50938566ff96c1534f17a70e7dc5a8,1,
LTMD_U1_W4_SOCIAL_SCIENCES_ASSET_AUDIT_0.1,H1972P4CI078,1972,4,CIENCIAS SOCIALES,standard_x_js,H1972P4CI078,189,227,189,https://historico.conaliteg.gob.mx/c/H1972P4CI078/189.jpg,0,source_jpeg,served_image,200,image/jpeg,68561,a1281374b60c0c844f72901acbae236cf116f7ce993a843dbdff689fb99a68a1,1,
LTMD_U1_W4_SOCIAL_SCIENCES_ASSET_AUDIT_0.1,H1972P4CI078,1972,4,CIENCIAS SOCIALES,standard_x_js,H1972P4CI078,190,227,190,https://historico.conaliteg.gob.mx/c/H1972P4CI078/190.jpg,0,source_jpeg,served_image,200,image/jpeg,49781,31a785dc3facbc4ba333305c9f0a55f7095dc432f4ca057b23849a8449ad61ff,1,
LTMD_U1_W4_SOCIAL_SCIENCES_ASSET_AUDIT_0.1,H1972P4CI078,1972,4,CIENCIAS SOCIALES,standard_x_js,H1972P4CI078,191,227,191,https://historico.conaliteg.gob.mx/c/H1972P4CI078/191.jpg,0,source_jpeg,served_image,200,image/jpeg,56783,3922fbd3cc7062a15895c217ce488f76f924132e58a827cd6c4a3decbf4de311,1,
LTMD_U1_W4_SOCIAL_SCIENCES_ASSET_AUDIT_0.1,H1972P4CI078,1972,4,CIENCIAS SOCIALES,standard_x_js,H1972P4CI078,192,227,192,https://historico.conaliteg.gob.mx/c/H1972P4CI078/192.jpg,0,source_jpeg,served_image,200,image/jpeg,55195,6c283ec552fac6e41cf86fb623087b259a9353777c339d44e44a77060249b57e,1,
LTMD_U1_W4_SOCIAL_SCIENCES_ASSET_AUDIT_0.1,H1972P4CI078,1972,4,CIENCIAS SOCIALES,standard_x_js,H1972P4CI078,193,227,193,https://historico.conaliteg.gob.mx/c/H1972P4CI078/193.jpg,0,source_jpeg,served_image,200,image/jpeg,57037,38ae9dda19c84378ad4b577332dfc7c852e5fefc8a6de84857b66c338d13e739,1,
LTMD_U1_W4_SOCIAL_SCIENCES_ASSET_AUDIT_0.1,H1972P4CI078,1972,4,CIENCIAS SOCIALES,standard_x_js,H1972P4CI078,194,227,194,https://historico.conaliteg.gob.mx/c/H1972P4CI078/194.jpg,0,source_jpeg,served_image,200,image/jpeg,65992,794d76ac62cfa6fcf969856a42c7600835a6ee7cdf09b53755a48ed210536d64,1,
LTMD_U1_W4_SOCIAL_SCIENCES_ASSET_AUDIT_0.1,H1972P4CI078,1972,4,CIENCIAS SOCIALES,standard_x_js,H1972P4CI078,195,227,195,https://historico.conaliteg.gob.mx/c/H1972P4CI078/195.jpg,0,source_jpeg,served_image,200,image/jpeg,68266,334731bfed30ea6d43988a9f943b40141470921f82d29383d06b6acf971d78f2,1,
LTMD_U1_W4_SOCIAL_SCIENCES_ASSET_AUDIT_0.1,H1972P4CI078,1972,4,CIENCIAS SOCIALES,standard_x_js,H1972P4CI078,196,227,196,https://historico.conaliteg.gob.mx/c/H1972P4CI078/196.jpg,0,source_jpeg,served_image,200,image/jpeg,45817,f73dd54a0b68d9ac9245c267f122fc8a76d978e99482d66dac4aad8b947d9b82,1,
LTMD_U1_W4_SOCIAL_SCIENCES_ASSET_AUDIT_0.1,H1972P4CI078,1972,4,CIENCIAS SOCIALES,standard_x_js,H1972P4CI078,197,227,197,https://historico.conaliteg.gob.mx/c/H1972P4CI078/197.jpg,0,source_jpeg,served_image,200,image/jpeg,72415,ededa4faa2529510f6db2b48a3b8f9e8a9f0661f8ac59186616f110c4919513c,1,
LTMD_U1_W4_SOCIAL_SCIENCES_ASSET_AUDIT_0.1,H1972P4CI078,1972,4,CIENCIAS SOCIALES,standard_x_js,H1972P4CI078,198,227,198,https://historico.conaliteg.gob.mx/c/H1972P4CI078/198.jpg,0,source_jpeg,served_image,200,image/jpeg,57073,086bf692b1763e62f50009da2b5c059fcd43c0ab6592331f05a294d7191ca87a,1,
LTMD_U1_W4_SOCIAL_SCIENCES_ASSET_AUDIT_0.1,H1972P4CI078,1972,4,CIENCIAS SOCIALES,standard_x_js,H1972P4CI078,199,227,199,https://historico.conaliteg.gob.mx/c/H1972P4CI078/199.jpg,0,source_jpeg,served_image,200,image/jpeg,50580,4bd2f4c608d09e336e0bc8dd78def5ab5de84ec7a0765e999c5a940605d27d76,1,
LTMD_U1_W4_SOCIAL_SCIENCES_ASSET_AUDIT_0.1,H1972P4CI078,1972,4,CIENCIAS SOCIALES,standard_x_js,H1972P4CI078,200,227,200,https://historico.conaliteg.gob.mx/c/H1972P4CI078/200.jpg,0,source_jpeg,served_image,200,image/jpeg,75921,9cb69f28dccd27c3e7901c903f615483620d219b4ee3ce5ea567f10c9e15cf6e,1,
LTMD_U1_W4_SOCIAL_SCIENCES_ASSET_AUDIT_0.1,H1972P4CI078,1972,4,CIENCIAS SOCIALES,standard_x_js,H1972P4CI078,201,227,201,https://historico.conaliteg.gob.mx/c/H1972P4CI078/201.jpg,0,source_jpeg,served_image,200,image/jpeg,55881,0d6843b5f7267c677cdf44b8232677597d9d6d6e01eb96b7eb3aaff5200c4643,1,
LTMD_U1_W4_SOCIAL_SCIENCES_ASSET_AUDIT_0.1,H1972P4CI078,1972,4,CIENCIAS SOCIALES,standard_x_js,H1972P4CI078,202,227,202,https://historico.conaliteg.gob.mx/c/H1972P4CI078/202.jpg,0,source_jpeg,served_image,200,image/jpeg,77571,56d97ddcf932bd13ef738b2f49af982b421ceec76864a2dc95f7373dc62f8d20,1,
LTMD_U1_W4_SOCIAL_SCIENCES_ASSET_AUDIT_0.1,H1972P4CI078,1972,4,CIENCIAS SOCIALES,standard_x_js,H1972P4CI078,203,227,203,https://historico.conaliteg.gob.mx/c/H1972P4CI078/203.jpg,0,source_jpeg,served_image,200,image/jpeg,50916,96a78889cb51e3a321c1e87e043a75948ac290390837350c23968067e9c93053,1,
LTMD_U1_W4_SOCIAL_SCIENCES_ASSET_AUDIT_0.1,H1972P4CI078,1972,4,CIENCIAS SOCIALES,standard_x_js,H1972P4CI078,204,227,204,https://historico.conaliteg.gob.mx/c/H1972P4CI078/204.jpg,0,source_jpeg,served_image,200,image/jpeg,52428,079909b8be36e2373fdab614aac336bdc47095e8572e753c7a1e58ad7d081d1e,1,
LTMD_U1_W4_SOCIAL_SCIENCES_ASSET_AUDIT_0.1,H1972P4CI078,1972,4,CIENCIAS SOCIALES,standard_x_js,H1972P4CI078,205,227,205,https://historico.conaliteg.gob.mx/c/H1972P4CI078/205.jpg,0,source_jpeg,served_image,200,image/jpeg,95312,c035cb1d11cbc3f8079bf3e935b69ce5cb5b07b53a900571afe4e522580a3e59,1,
LTMD_U1_W4_SOCIAL_SCIENCES_ASSET_AUDIT_0.1,H1972P4CI078,1972,4,CIENCIAS SOCIALES,standard_x_js,H1972P4CI078,206,227,206,https://historico.conaliteg.gob.mx/c/H1972P4CI078/206.jpg,0,source_jpeg,served_image,200,image/jpeg,56801,db7eb057eed81472fc6ef221b79bc8155fe757bdab8f413bb4e1ed8c4c27db92,1,
LTMD_U1_W4_SOCIAL_SCIENCES_ASSET_AUDIT_0.1,H1972P4CI078,1972,4,CIENCIAS SOCIALES,standard_x_js,H1972P4CI078,207,227,207,https://historico.conaliteg.gob.mx/c/H1972P4CI078/207.jpg,0,source_jpeg,served_image,200,image/jpeg,75576,56f45c95fb7f0a719989887fb0b68ef2035c970519525943d6bc7661e07e1263,1,
LTMD_U1_W4_SOCIAL_SCIENCES_ASSET_AUDIT_0.1,H1972P4CI078,1972,4,CIENCIAS SOCIALES,standard_x_js,H1972P4CI078,208,227,208,https://historico.conaliteg.gob.mx/c/H1972P4CI078/208.jpg,0,source_jpeg,served_image,200,image/jpeg,62286,96181765771127f132d152824c8b121b236fe38f13c1d59d57c664aab3570247,1,
LTMD_U1_W4_SOCIAL_SCIENCES_ASSET_AUDIT_0.1,H1972P4CI078,1972,4,CIENCIAS SOCIALES,standard_x_js,H1972P4CI078,209,227,209,https://historico.conaliteg.gob.mx/c/H1972P4CI078/209.jpg,0,source_jpeg,served_image,200,image/jpeg,59279,180b7a48655e613bc6e0dcd3219b24a7d097ff9b982b9f5ab481b4738d7bfd1a,1,
LTMD_U1_W4_SOCIAL_SCIENCES_ASSET_AUDIT_0.1,H1972P4CI078,1972,4,CIENCIAS SOCIALES,standard_x_js,H1972P4CI078,210,227,210,https://historico.conaliteg.gob.mx/c/H1972P4CI078/210.jpg,0,source_jpeg,served_image,200,image/jpeg,56369,62ac3c3bb664653bebabae543ac39d31e66ea65e5790ac7912459707f328da88,1,
LTMD_U1_W4_SOCIAL_SCIENCES_ASSET_AUDIT_0.1,H1972P4CI078,1972,4,CIENCIAS SOCIALES,standard_x_js,H1972P4CI078,211,227,211,https://historico.conaliteg.gob.mx/c/H1972P4CI078/211.jpg,0,source_jpeg,served_image,200,image/jpeg,64349,7e4bcd0aea58db7a9252fdd195f0fb32a7b4553fdda2bc6d8ff04bedb54822fd,1,
LTMD_U1_W4_SOCIAL_SCIENCES_ASSET_AUDIT_0.1,H1972P4CI078,1972,4,CIENCIAS SOCIALES,standard_x_js,H1972P4CI078,212,227,212,https://historico.conaliteg.gob.mx/c/H1972P4CI078/212.jpg,0,source_jpeg,served_image,200,image/jpeg,32110,f459ee3137599d41eb285f66a52e1eb59582e222f48d317c0f7dbb42cf57c22f,1,
LTMD_U1_W4_SOCIAL_SCIENCES_ASSET_AUDIT_0.1,H1972P4CI078,1972,4,CIENCIAS SOCIALES,standard_x_js,H1972P4CI078,213,227,213,https://historico.conaliteg.gob.mx/c/H1972P4CI078/213.jpg,0,source_jpeg,served_image,200,image/jpeg,57226,1d5e64d24e64b37ea36a7757f5649c3a6dfb18128fdc8715e06d364eb9debd0f,1,
LTMD_U1_W4_SOCIAL_SCIENCES_ASSET_AUDIT_0.1,H1972P4CI078,1972,4,CIENCIAS SOCIALES,standard_x_js,H1972P4CI078,214,227,214,https://historico.conaliteg.gob.mx/c/H1972P4CI078/214.jpg,0,source_jpeg,served_image,200,image/jpeg,56267,032a4c51c8d2b177a0d9daf4bc6dd73fe5d67bb20c82bca22c64d169e9d90646,1,
LTMD_U1_W4_SOCIAL_SCIENCES_ASSET_AUDIT_0.1,H1972P4CI078,1972,4,CIENCIAS SOCIALES,standard_x_js,H1972P4CI078,215,227,215,https://historico.conaliteg.gob.mx/c/H1972P4CI078/215.jpg,0,source_jpeg,served_image,200,image/jpeg,71687,85416d8b2cf32afcdf3c27e0c8553eca5654b529b7c48a368e2729223e8db000,1,
LTMD_U1_W4_SOCIAL_SCIENCES_ASSET_AUDIT_0.1,H1972P4CI078,1972,4,CIENCIAS SOCIALES,standard_x_js,H1972P4CI078,216,227,216,https://historico.conaliteg.gob.mx/c/H1972P4CI078/216.jpg,0,source_jpeg,served_image,200,image/jpeg,49825,18388fcf3990f631671fe18c47ed7e19acf0d47af968e203490d6c8fcc8313aa,1,
LTMD_U1_W4_SOCIAL_SCIENCES_ASSET_AUDIT_0.1,H1972P4CI078,1972,4,CIENCIAS SOCIALES,standard_x_js,H1972P4CI078,217,227,217,https://historico.conaliteg.gob.mx/c/H1972P4CI078/217.jpg,0,source_jpeg,served_image,200,image/jpeg,60317,50ecfff06a40cd38663d63efe79c7330149cef5ba02ab4805ade2a1ff18390c8,1,
LTMD_U1_W4_SOCIAL_SCIENCES_ASSET_AUDIT_0.1,H1972P4CI078,1972,4,CIENCIAS SOCIALES,standard_x_js,H1972P4CI078,218,227,218,https://historico.conaliteg.gob.mx/c/H1972P4CI078/218.jpg,0,source_jpeg,served_image,200,image/jpeg,61706,1a48392e383bfb163074e4475552d19a914d77a839e0bf02e95e553ac5cbcfb5,1,
LTMD_U1_W4_SOCIAL_SCIENCES_ASSET_AUDIT_0.1,H1972P4CI078,1972,4,CIENCIAS SOCIALES,standard_x_js,H1972P4CI078,219,227,219,https://historico.conaliteg.gob.mx/c/H1972P4CI078/219.jpg,0,source_jpeg,served_image,200,image/jpeg,55077,74a5dc0d615c06869d7100018b3d18a7d21dbf380fe67b1ba30b4e35eb9dc9ff,1,
LTMD_U1_W4_SOCIAL_SCIENCES_ASSET_AUDIT_0.1,H1972P4CI078,1972,4,CIENCIAS SOCIALES,standard_x_js,H1972P4CI078,220,227,220,https://historico.conaliteg.gob.mx/c/H1972P4CI078/220.jpg,0,source_jpeg,served_image,200,image/jpeg,49288,1773ccd8281b08e7087a9f08c5d12f283cd5db3fb6eb323b4827a76a256283d1,1,
LTMD_U1_W4_SOCIAL_SCIENCES_ASSET_AUDIT_0.1,H1972P4CI078,1972,4,CIENCIAS SOCIALES,standard_x_js,H1972P4CI078,221,227,221,https://historico.conaliteg.gob.mx/c/H1972P4CI078/221.jpg,0,source_jpeg,served_image,200,image/jpeg,48269,fc193fb75f6bf7c1726d7819507ca928620e053e35efa8217d40236ad8254eb0,1,
LTMD_U1_W4_SOCIAL_SCIENCES_ASSET_AUDIT_0.1,H1972P4CI078,1972,4,CIENCIAS SOCIALES,standard_x_js,H1972P4CI078,222,227,222,https://historico.conaliteg.gob.mx/c/H1972P4CI078/222.jpg,0,source_jpeg,served_image,200,image/jpeg,28215,d479831a803d2854b7aa7e567f6b1a5d6ce31a6ee6ba285cd3f8ea42b11fc76b,1,
LTMD_U1_W4_SOCIAL_SCIENCES_ASSET_AUDIT_0.1,H1972P4CI078,1972,4,CIENCIAS SOCIALES,standard_x_js,H1972P4CI078,223,227,223,https://historico.conaliteg.gob.mx/c/H1972P4CI078/223.jpg,0,source_jpeg,served_image,200,image/jpeg,30389,37ca3f45afc3fcec28568d5705f395d105d1aa0ea3edb2e3f07f542fef23e178,1,
LTMD_U1_W4_SOCIAL_SCIENCES_ASSET_AUDIT_0.1,H1972P4CI078,1972,4,CIENCIAS SOCIALES,standard_x_js,H1972P4CI078,224,227,224,https://historico.conaliteg.gob.mx/c/H1972P4CI078/224.jpg,0,source_jpeg,served_image,200,image/jpeg,22872,c4f147e0a650609fe0d6ff939c74241183a21e2dfb7aea3682d880ff16d05a2c,1,
LTMD_U1_W4_SOCIAL_SCIENCES_ASSET_AUDIT_0.1,H1972P4CI078,1972,4,CIENCIAS SOCIALES,standard_x_js,H1972P4CI078,225,227,225,https://historico.conaliteg.gob.mx/c/H1972P4CI078/225.jpg,0,source_jpeg,served_image,200,image/jpeg,48042,e52e3ab9e86b25977f37461fb7e4b6434a80365b364e551f6f67aa0ae63fed02,1,
LTMD_U1_W4_SOCIAL_SCIENCES_ASSET_AUDIT_0.1,H1972P4CI078,1972,4,CIENCIAS SOCIALES,standard_x_js,H1972P4CI078,226,227,226,https://historico.conaliteg.gob.mx/c/H1972P4CI078/226.jpg,0,source_jpeg,served_image,200,image/jpeg,177684,da365d823dfe5065c2f87c4a0b86533827e12439b49ea0f5875d41e439ce95e6,1,
LTMD_U1_W4_SOCIAL_SCIENCES_ASSET_AUDIT_0.1,H1972P4CI078,1972,4,CIENCIAS SOCIALES,standard_x_js,H1972P4CI078,227,227,227,https://historico.conaliteg.gob.mx/c/H1972P4CI078/227.jpg,1,terminal_synthetic_candidate,http_404,404,text/html; charset=iso-8859-1,,,1,HTTP 404
LTMD_U1_W4_SOCIAL_SCIENCES_ASSET_AUDIT_0.1,H1972P5CI085,1972,5,CIENCIAS SOCIALES,standard_x_js,H1972P5CI085,1,291,0,https://historico.conaliteg.gob.mx/c/H1972P5CI085/000.jpg,0,source_jpeg,served_image,200,image/jpeg,271713,26aaf5af3eeecbb759d8f9c3690264f16d925371b5c5db8fd683dc869338ba8d,1,
LTMD_U1_W4_SOCIAL_SCIENCES_ASSET_AUDIT_0.1,H1972P5CI085,1972,5,CIENCIAS SOCIALES,standard_x_js,H1972P5CI085,2,291,2,https://historico.conaliteg.gob.mx/c/H1972P5CI085/002.jpg,0,source_jpeg,served_image,200,image/jpeg,17265,88edcdc10716517eb1a9e80b5119b50914c2574b8a987ec4e5980f3c22c75314,1,
LTMD_U1_W4_SOCIAL_SCIENCES_ASSET_AUDIT_0.1,H1972P5CI085,1972,5,CIENCIAS SOCIALES,standard_x_js,H1972P5CI085,3,291,3,https://historico.conaliteg.gob.mx/c/H1972P5CI085/003.jpg,0,source_jpeg,served_image,200,image/jpeg,20873,3d9375484ca213649abf62bc2411eecde342a508bf4efb9d53911979c2bcf7be,1,
LTMD_U1_W4_SOCIAL_SCIENCES_ASSET_AUDIT_0.1,H1972P5CI085,1972,5,CIENCIAS SOCIALES,standard_x_js,H1972P5CI085,4,291,4,https://historico.conaliteg.gob.mx/c/H1972P5CI085/004.jpg,0,source_jpeg,served_image,200,image/jpeg,60433,3c541ccacdadc5db6dc69e33f0cb36f13700b66c9684b49808eb7f1542455226,1,
LTMD_U1_W4_SOCIAL_SCIENCES_ASSET_AUDIT_0.1,H1972P5CI085,1972,5,CIENCIAS SOCIALES,standard_x_js,H1972P5CI085,5,291,5,https://historico.conaliteg.gob.mx/c/H1972P5CI085/005.jpg,0,source_jpeg,served_image,200,image/jpeg,29476,a1822ac3105d8566cb108578edd2323ccdc32773950a4b553d6c561d39b475fd,1,
LTMD_U1_W4_SOCIAL_SCIENCES_ASSET_AUDIT_0.1,H1972P5CI085,1972,5,CIENCIAS SOCIALES,standard_x_js,H1972P5CI085,6,291,6,https://historico.conaliteg.gob.mx/c/H1972P5CI085/006.jpg,0,source_jpeg,served_image,200,image/jpeg,19871,e48b5bcb1756652e90e8b7178533d3482fa1f8d118afd7a79408854efa3ed145,1,
LTMD_U1_W4_SOCIAL_SCIENCES_ASSET_AUDIT_0.1,H1972P5CI085,1972,5,CIENCIAS SOCIALES,standard_x_js,H1972P5CI085,7,291,7,https://historico.conaliteg.gob.mx/c/H1972P5CI085/007.jpg,0,source_jpeg,served_image,200,image/jpeg,43868,1f43ad2315028ea757a559a894f2798d0b45534013d37e58324ed627d895fb07,1,
LTMD_U1_W4_SOCIAL_SCIENCES_ASSET_AUDIT_0.1,H1972P5CI085,1972,5,CIENCIAS SOCIALES,standard_x_js,H1972P5CI085,8,291,8,https://historico.conaliteg.gob.mx/c/H1972P5CI085/008.jpg,0,source_jpeg,served_image,200,image/jpeg,45556,5d501ac5738108046cb5d70c66cb60fa39f88766f73fb1e710e69caf13e70da8,1,
LTMD_U1_W4_SOCIAL_SCIENCES_ASSET_AUDIT_0.1,H1972P5CI085,1972,5,CIENCIAS SOCIALES,standard_x_js,H1972P5CI085,9,291,9,https://historico.conaliteg.gob.mx/c/H1972P5CI085/009.jpg,0,source_jpeg,served_image,200,image/jpeg,50589,1d15ecd8e0113e44d3600eebb4a5324661d8843635f1fa9f9fe93c4c141c2159,1,
LTMD_U1_W4_SOCIAL_SCIENCES_ASSET_AUDIT_0.1,H1972P5CI085,1972,5,CIENCIAS SOCIALES,standard_x_js,H1972P5CI085,10,291,10,https://historico.conaliteg.gob.mx/c/H1972P5CI085/010.jpg,0,source_jpeg,served_image,200,image/jpeg,72269,3850368615af48875a3711f52c207523714ebb5263f640d5d2735ea018fdf2aa,1,
LTMD_U1_W4_SOCIAL_SCIENCES_ASSET_AUDIT_0.1,H1972P5CI085,1972,5,CIENCIAS SOCIALES,standard_x_js,H1972P5CI085,11,291,11,https://historico.conaliteg.gob.mx/c/H1972P5CI085/011.jpg,0,source_jpeg,served_image,200,image/jpeg,71331,950eca52a1d922147745b328e6643688c909229f9c25ef96fc40aa1d2b4861a5,1,
LTMD_U1_W4_SOCIAL_SCIENCES_ASSET_AUDIT_0.1,H1972P5CI085,1972,5,CIENCIAS SOCIALES,standard_x_js,H1972P5CI085,12,291,12,https://historico.conaliteg.gob.mx/c/H1972P5CI085/012.jpg,0,source_jpeg,served_image,200,image/jpeg,64047,1e7c100fdccde7b71f4e78ea8e1b32c2468356e5d31db0f8d5d6d4103e1f10bd,1,
LTMD_U1_W4_SOCIAL_SCIENCES_ASSET_AUDIT_0.1,H1972P5CI085,1972,5,CIENCIAS SOCIALES,standard_x_js,H1972P5CI085,13,291,13,https://historico.conaliteg.gob.mx/c/H1972P5CI085/013.jpg,0,source_jpeg,served_image,200,image/jpeg,50674,b4ca90e3d8cfd273c9519a9ab0e829dc8adfae7f94bc2b143cdbef73f6e19154,1,
LTMD_U1_W4_SOCIAL_SCIENCES_ASSET_AUDIT_0.1,H1972P5CI085,1972,5,CIENCIAS SOCIALES,standard_x_js,H1972P5CI085,14,291,14,https://historico.conaliteg.gob.mx/c/H1972P5CI085/014.jpg,0,source_jpeg,served_image,200,image/jpeg,35435,967a28f13cc62239a3e85c84294fbb8abe3371b4000bd78e3b17fba4d08b459d,1,
LTMD_U1_W4_SOCIAL_SCIENCES_ASSET_AUDIT_0.1,H1972P5CI085,1972,5,CIENCIAS SOCIALES,standard_x_js,H1972P5CI085,15,291,15,https://historico.conaliteg.gob.mx/c/H1972P5CI085/015.jpg,0,source_jpeg,served_image,200,image/jpeg,51567,392f695ee9970abc11b2c7c7792131f6625040a7451a3f9cbc977db004926b21,1,
LTMD_U1_W4_SOCIAL_SCIENCES_ASSET_AUDIT_0.1,H1972P5CI085,1972,5,CIENCIAS SOCIALES,standard_x_js,H1972P5CI085,16,291,16,https://historico.conaliteg.gob.mx/c/H1972P5CI085/016.jpg,0,source_jpeg,served_image,200,image/jpeg,50119,f5f5ac3ab0b1142284e21190b0fcd229405ae33d1243e5d8fc1f7e88beea503a,1,
LTMD_U1_W4_SOCIAL_SCIENCES_ASSET_AUDIT_0.1,H1972P5CI085,1972,5,CIENCIAS SOCIALES,standard_x_js,H1972P5CI085,17,291,17,https://historico.conaliteg.gob.mx/c/H1972P5CI085/017.jpg,0,source_jpeg,served_image,200,image/jpeg,52279,22a7a02d610950df0d05af2add3dff04381edac2b6fcc9f61c32b594e3edf1d6,1,
LTMD_U1_W4_SOCIAL_SCIENCES_ASSET_AUDIT_0.1,H1972P5CI085,1972,5,CIENCIAS SOCIALES,standard_x_js,H1972P5CI085,18,291,18,https://historico.conaliteg.gob.mx/c/H1972P5CI085/018.jpg,0,source_jpeg,served_image,200,image/jpeg,42544,2bb59b040ee0d856439203614d587374d1540a903aeaebd8fb2e24a9340e6afb,1,
LTMD_U1_W4_SOCIAL_SCIENCES_ASSET_AUDIT_0.1,H1972P5CI085,1972,5,CIENCIAS SOCIALES,standard_x_js,H1972P5CI085,19,291,19,https://historico.conaliteg.gob.mx/c/H1972P5CI085/019.jpg,0,source_jpeg,served_image,200,image/jpeg,38789,36918e3a64a180f8a8c26351d9a266864f51c60923eddf838d29b57a54db718b,1,
LTMD_U1_W4_SOCIAL_SCIENCES_ASSET_AUDIT_0.1,H1972P5CI085,1972,5,CIENCIAS SOCIALES,standard_x_js,H1972P5CI085,20,291,20,https://historico.conaliteg.gob.mx/c/H1972P5CI085/020.jpg,0,source_jpeg,served_image,200,image/jpeg,51851,bbaad38a16dbf7dc0a2adcc66d75f83df9569ab82e4943f71714f0c64a4c940e,1,
LTMD_U1_W4_SOCIAL_SCIENCES_ASSET_AUDIT_0.1,H1972P5CI085,1972,5,CIENCIAS SOCIALES,standard_x_js,H1972P5CI085,21,291,21,https://historico.conaliteg.gob.mx/c/H1972P5CI085/021.jpg,0,source_jpeg,served_image,200,image/jpeg,55309,3029a33ecf077ba2253934c2b023ec7746e7326c929d75a76f0a1ba9ba1e057f,1,
LTMD_U1_W4_SOCIAL_SCIENCES_ASSET_AUDIT_0.1,H1972P5CI085,1972,5,CIENCIAS SOCIALES,standard_x_js,H1972P5CI085,22,291,22,https://historico.conaliteg.gob.mx/c/H1972P5CI085/022.jpg,0,source_jpeg,served_image,200,image/jpeg,44465,c426be75590f2bb6fe5377eefbbd2f1038e6192f5ccfe870a2cfa0830970f9dd,1,
LTMD_U1_W4_SOCIAL_SCIENCES_ASSET_AUDIT_0.1,H1972P5CI085,1972,5,CIENCIAS SOCIALES,standard_x_js,H1972P5CI085,23,291,23,https://historico.conaliteg.gob.mx/c/H1972P5CI085/023.jpg,0,source_jpeg,served_image,200,image/jpeg,50331,bc0e3216ee34e040bc38824d496c28b6ac7723580131a7c7dbc1bde3fbb046ee,1,
LTMD_U1_W4_SOCIAL_SCIENCES_ASSET_AUDIT_0.1,H1972P5CI085,1972,5,CIENCIAS SOCIALES,standard_x_js,H1972P5CI085,24,291,24,https://historico.conaliteg.gob.mx/c/H1972P5CI085/024.jpg,0,source_jpeg,served_image,200,image/jpeg,48659,4efd1ab9fdbed36f1c1ee7aeb7805d39d7aa44f755daefc00a3b3c30ce16cc16,1,
LTMD_U1_W4_SOCIAL_SCIENCES_ASSET_AUDIT_0.1,H1972P5CI085,1972,5,CIENCIAS SOCIALES,standard_x_js,H1972P5CI085,25,291,25,https://historico.conaliteg.gob.mx/c/H1972P5CI085/025.jpg,0,source_jpeg,served_image,200,image/jpeg,44585,723b3f4efe5ae05dac7c6a2de113e11563ebf43f4a8cda4beba27f3d8ac5c3e7,1,
LTMD_U1_W4_SOCIAL_SCIENCES_ASSET_AUDIT_0.1,H1972P5CI085,1972,5,CIENCIAS SOCIALES,standard_x_js,H1972P5CI085,26,291,26,https://historico.conaliteg.gob.mx/c/H1972P5CI085/026.jpg,0,source_jpeg,served_image,200,image/jpeg,63040,9c5bcdfaad009d4a5e9ef9bc43780d01f5834b9db315c443dd17e019108ab8bb,1,
LTMD_U1_W4_SOCIAL_SCIENCES_ASSET_AUDIT_0.1,H1972P5CI085,1972,5,CIENCIAS SOCIALES,standard_x_js,H1972P5CI085,27,291,27,https://historico.conaliteg.gob.mx/c/H1972P5CI085/027.jpg,0,source_jpeg,served_image,200,image/jpeg,72127,34586fe8af9f2f8fff4a3832a82fd32d04b03d87c1e5a3ea82bb4a5ff442c060,1,
LTMD_U1_W4_SOCIAL_SCIENCES_ASSET_AUDIT_0.1,H1972P5CI085,1972,5,CIENCIAS SOCIALES,standard_x_js,H1972P5CI085,28,291,28,https://historico.conaliteg.gob.mx/c/H1972P5CI085/028.jpg,0,source_jpeg,served_image,200,image/jpeg,60549,428e2eb09d14f24d391608b85adcd7182ae6d43274d21d5e803a8b1e4bf6d81d,1,
LTMD_U1_W4_SOCIAL_SCIENCES_ASSET_AUDIT_0.1,H1972P5CI085,1972,5,CIENCIAS SOCIALES,standard_x_js,H1972P5CI085,29,291,29,https://historico.conaliteg.gob.mx/c/H1972P5CI085/029.jpg,0,source_jpeg,served_image,200,image/jpeg,57333,fa63b2f4b71011a130d59d582c3f9f0508bd714243ed5e75b12bd0748828e090,1,
LTMD_U1_W4_SOCIAL_SCIENCES_ASSET_AUDIT_0.1,H1972P5CI085,1972,5,CIENCIAS SOCIALES,standard_x_js,H1972P5CI085,30,291,30,https://historico.conaliteg.gob.mx/c/H1972P5CI085/030.jpg,0,source_jpeg,served_image,200,image/jpeg,73924,ebf3a9b4b86abb1bd216881935dc33f9de960229fe588181bf74c917f6801432,1,
LTMD_U1_W4_SOCIAL_SCIENCES_ASSET_AUDIT_0.1,H1972P5CI085,1972,5,CIENCIAS SOCIALES,standard_x_js,H1972P5CI085,31,291,31,https://historico.conaliteg.gob.mx/c/H1972P5CI085/031.jpg,0,source_jpeg,served_image,200,image/jpeg,60970,8c0058b1073c2235684830b22d6eb440561ec40dd103916b93ffbb17f8ec26b8,1,
LTMD_U1_W4_SOCIAL_SCIENCES_ASSET_AUDIT_0.1,H1972P5CI085,1972,5,CIENCIAS SOCIALES,standard_x_js,H1972P5CI085,32,291,32,https://historico.conaliteg.gob.mx/c/H1972P5CI085/032.jpg,0,source_jpeg,served_image,200,image/jpeg,70332,1d80138c31c869b9565222b70cb57b2ae37ec382dca870578b1ce38591a09b5d,1,
LTMD_U1_W4_SOCIAL_SCIENCES_ASSET_AUDIT_0.1,H1972P5CI085,1972,5,CIENCIAS SOCIALES,standard_x_js,H1972P5CI085,33,291,33,https://historico.conaliteg.gob.mx/c/H1972P5CI085/033.jpg,0,source_jpeg,served_image,200,image/jpeg,41301,d53ec850612a6120a4e456033560239aba435a05fc56ed86c9af308404aa46fa,1,
LTMD_U1_W4_SOCIAL_SCIENCES_ASSET_AUDIT_0.1,H1972P5CI085,1972,5,CIENCIAS SOCIALES,standard_x_js,H1972P5CI085,34,291,34,https://historico.conaliteg.gob.mx/c/H1972P5CI085/034.jpg,0,source_jpeg,served_image,200,image/jpeg,43592,df21f53ac52c496c6ca458b9c8e4a59476a413eedebd06acadbf6cb562bec1bb,1,
LTMD_U1_W4_SOCIAL_SCIENCES_ASSET_AUDIT_0.1,H1972P5CI085,1972,5,CIENCIAS SOCIALES,standard_x_js,H1972P5CI085,35,291,35,https://historico.conaliteg.gob.mx/c/H1972P5CI085/035.jpg,0,source_jpeg,served_image,200,image/jpeg,52862,e1050117a27e633def957379b0ba9c1e1a3781de083cce8602861c532efc1ae8,1,
LTMD_U1_W4_SOCIAL_SCIENCES_ASSET_AUDIT_0.1,H1972P5CI085,1972,5,CIENCIAS SOCIALES,standard_x_js,H1972P5CI085,36,291,36,https://historico.conaliteg.gob.mx/c/H1972P5CI085/036.jpg,0,source_jpeg,served_image,200,image/jpeg,67296,d9090eafcd656df36aa3a0787df61d1a2f23efc93f28280194911d31560987fa,1,
LTMD_U1_W4_SOCIAL_SCIENCES_ASSET_AUDIT_0.1,H1972P5CI085,1972,5,CIENCIAS SOCIALES,standard_x_js,H1972P5CI085,37,291,37,https://historico.conaliteg.gob.mx/c/H1972P5CI085/037.jpg,0,source_jpeg,served_image,200,image/jpeg,61076,c7c45af80ea73f70c844d04cf239054f8994cc852ef27acd8a52788a19a95256,1,
LTMD_U1_W4_SOCIAL_SCIENCES_ASSET_AUDIT_0.1,H1972P5CI085,1972,5,CIENCIAS SOCIALES,standard_x_js,H1972P5CI085,38,291,38,https://historico.conaliteg.gob.mx/c/H1972P5CI085/038.jpg,0,source_jpeg,served_image,200,image/jpeg,30116,0468c762b6fb8c3c159cd559465cc94791666343f929c04d023da68894ad6b4e,1,
LTMD_U1_W4_SOCIAL_SCIENCES_ASSET_AUDIT_0.1,H1972P5CI085,1972,5,CIENCIAS SOCIALES,standard_x_js,H1972P5CI085,39,291,39,https://historico.conaliteg.gob.mx/c/H1972P5CI085/039.jpg,0,source_jpeg,served_image,200,image/jpeg,48406,400d512a896bec9ff44e5458dc6e78c57a24b96d2ccf01d0934e6b969cdc7d40,1,
LTMD_U1_W4_SOCIAL_SCIENCES_ASSET_AUDIT_0.1,H1972P5CI085,1972,5,CIENCIAS SOCIALES,standard_x_js,H1972P5CI085,40,291,40,https://historico.conaliteg.gob.mx/c/H1972P5CI085/040.jpg,0,source_jpeg,served_image,200,image/jpeg,42844,75da951200f1ba2217d73682283c380f53dbcdcb0a971b5ed1026ebb88abef4d,1,
LTMD_U1_W4_SOCIAL_SCIENCES_ASSET_AUDIT_0.1,H1972P5CI085,1972,5,CIENCIAS SOCIALES,standard_x_js,H1972P5CI085,41,291,41,https://historico.conaliteg.gob.mx/c/H1972P5CI085/041.jpg,0,source_jpeg,served_image,200,image/jpeg,39644,384ed8cc75a8df19397ff26d66a8293de4d1b7656b16d79e5d5419efa84ddc38,1,
LTMD_U1_W4_SOCIAL_SCIENCES_ASSET_AUDIT_0.1,H1972P5CI085,1972,5,CIENCIAS SOCIALES,standard_x_js,H1972P5CI085,42,291,42,https://historico.conaliteg.gob.mx/c/H1972P5CI085/042.jpg,0,source_jpeg,served_image,200,image/jpeg,44737,efeef1c0f636df20c1c8507429cc0f577ff2dd3f3ee6bbec9268e5952ef32310,1,
LTMD_U1_W4_SOCIAL_SCIENCES_ASSET_AUDIT_0.1,H1972P5CI085,1972,5,CIENCIAS SOCIALES,standard_x_js,H1972P5CI085,43,291,43,https://historico.conaliteg.gob.mx/c/H1972P5CI085/043.jpg,0,source_jpeg,served_image,200,image/jpeg,58622,256ee712e00e134b6f63183f1e5583568a7a4d7203c64d47ed53238c58458357,1,
LTMD_U1_W4_SOCIAL_SCIENCES_ASSET_AUDIT_0.1,H1972P5CI085,1972,5,CIENCIAS SOCIALES,standard_x_js,H1972P5CI085,44,291,44,https://historico.conaliteg.gob.mx/c/H1972P5CI085/044.jpg,0,source_jpeg,served_image,200,image/jpeg,56772,02da840c7984dd77e4ac721b9b94cadf6afa781f7e4bf30c5fa690ef950f2027,1,
LTMD_U1_W4_SOCIAL_SCIENCES_ASSET_AUDIT_0.1,H1972P5CI085,1972,5,CIENCIAS SOCIALES,standard_x_js,H1972P5CI085,45,291,45,https://historico.conaliteg.gob.mx/c/H1972P5CI085/045.jpg,0,source_jpeg,served_image,200,image/jpeg,59900,f3f6c6bd5f6a707a727a2a7f89691357de54ecf5bb4d436d342d4eb78440294d,1,
LTMD_U1_W4_SOCIAL_SCIENCES_ASSET_AUDIT_0.1,H1972P5CI085,1972,5,CIENCIAS SOCIALES,standard_x_js,H1972P5CI085,46,291,46,https://historico.conaliteg.gob.mx/c/H1972P5CI085/046.jpg,0,source_jpeg,served_image,200,image/jpeg,43622,9e983d1115bbe52c2ef91194cc7fddab7a98efdf20a339eccc4917bbf96c651b,1,
LTMD_U1_W4_SOCIAL_SCIENCES_ASSET_AUDIT_0.1,H1972P5CI085,1972,5,CIENCIAS SOCIALES,standard_x_js,H1972P5CI085,47,291,47,https://historico.conaliteg.gob.mx/c/H1972P5CI085/047.jpg,0,source_jpeg,served_image,200,image/jpeg,50501,96582456b0bacf0089d0fc48de794c743710dd8fbbb8487ee713a8df2708632e,1,
LTMD_U1_W4_SOCIAL_SCIENCES_ASSET_AUDIT_0.1,H1972P5CI085,1972,5,CIENCIAS SOCIALES,standard_x_js,H1972P5CI085,48,291,48,https://historico.conaliteg.gob.mx/c/H1972P5CI085/048.jpg,0,source_jpeg,served_image,200,image/jpeg,59675,7c88173e90a6ea18f8dcd83e0eb5c8baa9b5caec9d276b05fbf2ae3bf8161ca6,1,
LTMD_U1_W4_SOCIAL_SCIENCES_ASSET_AUDIT_0.1,H1972P5CI085,1972,5,CIENCIAS SOCIALES,standard_x_js,H1972P5CI085,49,291,49,https://historico.conaliteg.gob.mx/c/H1972P5CI085/049.jpg,0,source_jpeg,served_image,200,image/jpeg,41545,e16b4d1af8bd51caeb62c5761cdadc905a1b9fea986b8ecbe028d46be0f0cf31,1,
LTMD_U1_W4_SOCIAL_SCIENCES_ASSET_AUDIT_0.1,H1972P5CI085,1972,5,CIENCIAS SOCIALES,standard_x_js,H1972P5CI085,50,291,50,https://historico.conaliteg.gob.mx/c/H1972P5CI085/050.jpg,0,source_jpeg,served_image,200,image/jpeg,81477,2fc1c3ae9a84133ac06525b954220d723b3f9d9fee39057b35d6360396e73d33,1,
LTMD_U1_W4_SOCIAL_SCIENCES_ASSET_AUDIT_0.1,H1972P5CI085,1972,5,CIENCIAS SOCIALES,standard_x_js,H1972P5CI085,51,291,51,https://historico.conaliteg.gob.mx/c/H1972P5CI085/051.jpg,0,source_jpeg,served_image,200,image/jpeg,48478,bdcddd014c8451a5ba38ad22b1ed368911faf6bf2c358202f202c73997681143,1,
LTMD_U1_W4_SOCIAL_SCIENCES_ASSET_AUDIT_0.1,H1972P5CI085,1972,5,CIENCIAS SOCIALES,standard_x_js,H1972P5CI085,52,291,52,https://historico.conaliteg.gob.mx/c/H1972P5CI085/052.jpg,0,source_jpeg,served_image,200,image/jpeg,72575,918bcec203fdb9b68e964b8964b3d742a01a53d6590caf9e9026c441c8c66c0a,1,
LTMD_U1_W4_SOCIAL_SCIENCES_ASSET_AUDIT_0.1,H1972P5CI085,1972,5,CIENCIAS SOCIALES,standard_x_js,H1972P5CI085,53,291,53,https://historico.conaliteg.gob.mx/c/H1972P5CI085/053.jpg,0,source_jpeg,served_image,200,image/jpeg,34988,6d34af766d64bfc49b7755a4d89248b642c89af144d2f3cd8700caeeeeafeb73,1,
LTMD_U1_W4_SOCIAL_SCIENCES_ASSET_AUDIT_0.1,H1972P5CI085,1972,5,CIENCIAS SOCIALES,standard_x_js,H1972P5CI085,54,291,54,https://historico.conaliteg.gob.mx/c/H1972P5CI085/054.jpg,0,source_jpeg,served_image,200,image/jpeg,45861,834126d65fa25a1d645e7a14fd735f0569b62843f3b0ff99a19495e8edc7a338,1,
LTMD_U1_W4_SOCIAL_SCIENCES_ASSET_AUDIT_0.1,H1972P5CI085,1972,5,CIENCIAS SOCIALES,standard_x_js,H1972P5CI085,55,291,55,https://historico.conaliteg.gob.mx/c/H1972P5CI085/055.jpg,0,source_jpeg,served_image,200,image/jpeg,77047,ba693b878fa47a6aacbf72fbc903b23279dc5e509ba13884caa9a1973f7c0dcc,1,
LTMD_U1_W4_SOCIAL_SCIENCES_ASSET_AUDIT_0.1,H1972P5CI085,1972,5,CIENCIAS SOCIALES,standard_x_js,H1972P5CI085,56,291,56,https://historico.conaliteg.gob.mx/c/H1972P5CI085/056.jpg,0,source_jpeg,served_image,200,image/jpeg,58737,5b796e21aea145c8e738e4d8be50d1aa8093b01a14dadda276cf5877fcc0d849,1,
LTMD_U1_W4_SOCIAL_SCIENCES_ASSET_AUDIT_0.1,H1972P5CI085,1972,5,CIENCIAS SOCIALES,standard_x_js,H1972P5CI085,57,291,57,https://historico.conaliteg.gob.mx/c/H1972P5CI085/057.jpg,0,source_jpeg,served_image,200,image/jpeg,71065,aede95492c332a783ca0678288e43871430217f13ac948470420ffdb06e1d7a6,1,
LTMD_U1_W4_SOCIAL_SCIENCES_ASSET_AUDIT_0.1,H1972P5CI085,1972,5,CIENCIAS SOCIALES,standard_x_js,H1972P5CI085,58,291,58,https://historico.conaliteg.gob.mx/c/H1972P5CI085/058.jpg,0,source_jpeg,served_image,200,image/jpeg,54225,3bb284f725b037065d44db79a058be9c3a25e5b5890eb362a4a23c05d1c68a61,1,
LTMD_U1_W4_SOCIAL_SCIENCES_ASSET_AUDIT_0.1,H1972P5CI085,1972,5,CIENCIAS SOCIALES,standard_x_js,H1972P5CI085,59,291,59,https://historico.conaliteg.gob.mx/c/H1972P5CI085/059.jpg,0,source_jpeg,served_image,200,image/jpeg,59596,81e9afd8d3951a540cb4b2fcbb32bd18ed96fe5188eb8475767df73101e8e973,1,
LTMD_U1_W4_SOCIAL_SCIENCES_ASSET_AUDIT_0.1,H1972P5CI085,1972,5,CIENCIAS SOCIALES,standard_x_js,H1972P5CI085,60,291,60,https://historico.conaliteg.gob.mx/c/H1972P5CI085/060.jpg,0,source_jpeg,served_image,200,image/jpeg,58942,18e52693c7d119c543ef1dd7660cad80e40f76ba3cb3e3266f6432627c6ece78,1,
LTMD_U1_W4_SOCIAL_SCIENCES_ASSET_AUDIT_0.1,H1972P5CI085,1972,5,CIENCIAS SOCIALES,standard_x_js,H1972P5CI085,61,291,61,https://historico.conaliteg.gob.mx/c/H1972P5CI085/061.jpg,0,source_jpeg,served_image,200,image/jpeg,52996,d3f668aa4d1273615beb4e21f50f5169ce686e54fd3618571a6985b9d2dd301a,1,
LTMD_U1_W4_SOCIAL_SCIENCES_ASSET_AUDIT_0.1,H1972P5CI085,1972,5,CIENCIAS SOCIALES,standard_x_js,H1972P5CI085,62,291,62,https://historico.conaliteg.gob.mx/c/H1972P5CI085/062.jpg,0,source_jpeg,served_image,200,image/jpeg,52536,4c525fb5a1dedaf86a129cdc0b3dce9dfec02f250dc4c4160b2f2b9fa1fd08a3,1,
LTMD_U1_W4_SOCIAL_SCIENCES_ASSET_AUDIT_0.1,H1972P5CI085,1972,5,CIENCIAS SOCIALES,standard_x_js,H1972P5CI085,63,291,63,https://historico.conaliteg.gob.mx/c/H1972P5CI085/063.jpg,0,source_jpeg,served_image,200,image/jpeg,45070,96e6bb0aa8988e6d8265f5c02a0eec87ffb665f1f1777858a23f980236476524,1,
LTMD_U1_W4_SOCIAL_SCIENCES_ASSET_AUDIT_0.1,H1972P5CI085,1972,5,CIENCIAS SOCIALES,standard_x_js,H1972P5CI085,64,291,64,https://historico.conaliteg.gob.mx/c/H1972P5CI085/064.jpg,0,source_jpeg,served_image,200,image/jpeg,61089,423a9d5b98e1f0a985b98e89f46d39f329a6bce573b7d019e64a0f8a5a91656c,1,
LTMD_U1_W4_SOCIAL_SCIENCES_ASSET_AUDIT_0.1,H1972P5CI085,1972,5,CIENCIAS SOCIALES,standard_x_js,H1972P5CI085,65,291,65,https://historico.conaliteg.gob.mx/c/H1972P5CI085/065.jpg,0,source_jpeg,served_image,200,image/jpeg,51269,b1972cc939e2afbf4053254e6f2ebcb8b92060d34e0a93df260d2449d09ea738,1,
LTMD_U1_W4_SOCIAL_SCIENCES_ASSET_AUDIT_0.1,H1972P5CI085,1972,5,CIENCIAS SOCIALES,standard_x_js,H1972P5CI085,66,291,66,https://historico.conaliteg.gob.mx/c/H1972P5CI085/066.jpg,0,source_jpeg,served_image,200,image/jpeg,56468,6ab8b3c7745c929b9adae09b2eec0c25d052f85770caa33274ffb8f4323b3a80,1,
LTMD_U1_W4_SOCIAL_SCIENCES_ASSET_AUDIT_0.1,H1972P5CI085,1972,5,CIENCIAS SOCIALES,standard_x_js,H1972P5CI085,67,291,67,https://historico.conaliteg.gob.mx/c/H1972P5CI085/067.jpg,0,source_jpeg,served_image,200,image/jpeg,53214,975687ee5de5ae9715da0ea327b508a5a376687ce9b9cd866f34f888433ee9f7,1,
LTMD_U1_W4_SOCIAL_SCIENCES_ASSET_AUDIT_0.1,H1972P5CI085,1972,5,CIENCIAS SOCIALES,standard_x_js,H1972P5CI085,68,291,68,https://historico.conaliteg.gob.mx/c/H1972P5CI085/068.jpg,0,source_jpeg,served_image,200,image/jpeg,47971,fac76c3533b5a8be0f66d893caa50717317e6c7bc8d8d6f129b838e6d3858756,1,
LTMD_U1_W4_SOCIAL_SCIENCES_ASSET_AUDIT_0.1,H1972P5CI085,1972,5,CIENCIAS SOCIALES,standard_x_js,H1972P5CI085,69,291,69,https://historico.conaliteg.gob.mx/c/H1972P5CI085/069.jpg,0,source_jpeg,served_image,200,image/jpeg,71321,e4c0829151f8cd8a597330b2ae6210b72d00183eb22448efc0ad5a321289502a,1,
LTMD_U1_W4_SOCIAL_SCIENCES_ASSET_AUDIT_0.1,H1972P5CI085,1972,5,CIENCIAS SOCIALES,standard_x_js,H1972P5CI085,70,291,70,https://historico.conaliteg.gob.mx/c/H1972P5CI085/070.jpg,0,source_jpeg,served_image,200,image/jpeg,46324,4c21049ae836f1cb6127b06331476e0d613f9896689894f1886efce87483b756,1,
LTMD_U1_W4_SOCIAL_SCIENCES_ASSET_AUDIT_0.1,H1972P5CI085,1972,5,CIENCIAS SOCIALES,standard_x_js,H1972P5CI085,71,291,71,https://historico.conaliteg.gob.mx/c/H1972P5CI085/071.jpg,0,source_jpeg,served_image,200,image/jpeg,55194,f146086a0789fd5f3c07afde18ca9077a6a685993bc1ed223687a8d4849d3c4f,1,
LTMD_U1_W4_SOCIAL_SCIENCES_ASSET_AUDIT_0.1,H1972P5CI085,1972,5,CIENCIAS SOCIALES,standard_x_js,H1972P5CI085,72,291,72,https://historico.conaliteg.gob.mx/c/H1972P5CI085/072.jpg,0,source_jpeg,served_image,200,image/jpeg,45826,b1c0597d3ec68a417787f96feb0a23f89cfa1c475eabffd11dc22cf7502302a8,1,
LTMD_U1_W4_SOCIAL_SCIENCES_ASSET_AUDIT_0.1,H1972P5CI085,1972,5,CIENCIAS SOCIALES,standard_x_js,H1972P5CI085,73,291,73,https://historico.conaliteg.gob.mx/c/H1972P5CI085/073.jpg,0,source_jpeg,served_image,200,image/jpeg,49252,abe9c6c2fcbba54af394e9a46cf0322be9b51d28f466884fd760552cadc04009,1,
LTMD_U1_W4_SOCIAL_SCIENCES_ASSET_AUDIT_0.1,H1972P5CI085,1972,5,CIENCIAS SOCIALES,standard_x_js,H1972P5CI085,74,291,74,https://historico.conaliteg.gob.mx/c/H1972P5CI085/074.jpg,0,source_jpeg,served_image,200,image/jpeg,53822,f117f8c26fb926c84c0ac01e628a3cc0597bbfe72b97b3f3a59ccd425f277036,1,
LTMD_U1_W4_SOCIAL_SCIENCES_ASSET_AUDIT_0.1,H1972P5CI085,1972,5,CIENCIAS SOCIALES,standard_x_js,H1972P5CI085,75,291,75,https://historico.conaliteg.gob.mx/c/H1972P5CI085/075.jpg,0,source_jpeg,served_image,200,image/jpeg,60098,e2c4dc2a829916eec696ebb2ad1a510da95aeec62a1aa5f2da6e629532b847cf,1,
LTMD_U1_W4_SOCIAL_SCIENCES_ASSET_AUDIT_0.1,H1972P5CI085,1972,5,CIENCIAS SOCIALES,standard_x_js,H1972P5CI085,76,291,76,https://historico.conaliteg.gob.mx/c/H1972P5CI085/076.jpg,0,source_jpeg,served_image,200,image/jpeg,64718,b04ca1b615801e5d924dadcc08de7ca49d55d0548817d0e2452155615689697a,1,
LTMD_U1_W4_SOCIAL_SCIENCES_ASSET_AUDIT_0.1,H1972P5CI085,1972,5,CIENCIAS SOCIALES,standard_x_js,H1972P5CI085,77,291,77,https://historico.conaliteg.gob.mx/c/H1972P5CI085/077.jpg,0,source_jpeg,served_image,200,image/jpeg,73398,4a5b1640c37fc5f27944e8022754fd544b742ac6755eefaa8e4f2396acaf1c6c,1,
LTMD_U1_W4_SOCIAL_SCIENCES_ASSET_AUDIT_0.1,H1972P5CI085,1972,5,CIENCIAS SOCIALES,standard_x_js,H1972P5CI085,78,291,78,https://historico.conaliteg.gob.mx/c/H1972P5CI085/078.jpg,0,source_jpeg,served_image,200,image/jpeg,50682,a97f95f9ac9c752ebb9cb66984d7566dddd9a9784ed1dfafc3e4cbe3d07884da,1,
LTMD_U1_W4_SOCIAL_SCIENCES_ASSET_AUDIT_0.1,H1972P5CI085,1972,5,CIENCIAS SOCIALES,standard_x_js,H1972P5CI085,79,291,79,https://historico.conaliteg.gob.mx/c/H1972P5CI085/079.jpg,0,source_jpeg,served_image,200,image/jpeg,79296,39bc0998dcca5aa0c966cc510c202e307ec6f05048a9084a34b2dff9599d2912,1,
LTMD_U1_W4_SOCIAL_SCIENCES_ASSET_AUDIT_0.1,H1972P5CI085,1972,5,CIENCIAS SOCIALES,standard_x_js,H1972P5CI085,80,291,80,https://historico.conaliteg.gob.mx/c/H1972P5CI085/080.jpg,0,source_jpeg,served_image,200,image/jpeg,69868,d3f5956ed27d37692c7e028136d6d6d55bb46546e054b20e7f4bf4d225277eae,1,
LTMD_U1_W4_SOCIAL_SCIENCES_ASSET_AUDIT_0.1,H1972P5CI085,1972,5,CIENCIAS SOCIALES,standard_x_js,H1972P5CI085,81,291,81,https://historico.conaliteg.gob.mx/c/H1972P5CI085/081.jpg,0,source_jpeg,served_image,200,image/jpeg,71443,d4bed3257b2ff772745ea89f39911b955281563c9e86e670d11adfbcf097266d,1,
LTMD_U1_W4_SOCIAL_SCIENCES_ASSET_AUDIT_0.1,H1972P5CI085,1972,5,CIENCIAS SOCIALES,standard_x_js,H1972P5CI085,82,291,82,https://historico.conaliteg.gob.mx/c/H1972P5CI085/082.jpg,0,source_jpeg,served_image,200,image/jpeg,65728,64446a1ff9f5bc9abefd0d70ff8ba648cd78bb6ccf70d471b93bd69bf87246b1,1,
LTMD_U1_W4_SOCIAL_SCIENCES_ASSET_AUDIT_0.1,H1972P5CI085,1972,5,CIENCIAS SOCIALES,standard_x_js,H1972P5CI085,83,291,83,https://historico.conaliteg.gob.mx/c/H1972P5CI085/083.jpg,0,source_jpeg,served_image,200,image/jpeg,66659,cedfb5f494e2b00b175cbf8029f55afcac9c722e1ea31090da2304d1e8f3c353,1,
LTMD_U1_W4_SOCIAL_SCIENCES_ASSET_AUDIT_0.1,H1972P5CI085,1972,5,CIENCIAS SOCIALES,standard_x_js,H1972P5CI085,84,291,84,https://historico.conaliteg.gob.mx/c/H1972P5CI085/084.jpg,0,source_jpeg,served_image,200,image/jpeg,59242,f52edc7bece67923729828432b522e8e9e1b55fbb3027de9825eeba646345d02,1,
LTMD_U1_W4_SOCIAL_SCIENCES_ASSET_AUDIT_0.1,H1972P5CI085,1972,5,CIENCIAS SOCIALES,standard_x_js,H1972P5CI085,85,291,85,https://historico.conaliteg.gob.mx/c/H1972P5CI085/085.jpg,0,source_jpeg,served_image,200,image/jpeg,64960,d3b01f72515be624fda53ffbc8d2714687b89dd85ee7c360a22558bcd8af9887,1,
LTMD_U1_W4_SOCIAL_SCIENCES_ASSET_AUDIT_0.1,H1972P5CI085,1972,5,CIENCIAS SOCIALES,standard_x_js,H1972P5CI085,86,291,86,https://historico.conaliteg.gob.mx/c/H1972P5CI085/086.jpg,0,source_jpeg,served_image,200,image/jpeg,64289,82ddb8eab059a23259e8ee55438ff409909cb2bfa1c6e0d25badd44d888e9cbf,1,
LTMD_U1_W4_SOCIAL_SCIENCES_ASSET_AUDIT_0.1,H1972P5CI085,1972,5,CIENCIAS SOCIALES,standard_x_js,H1972P5CI085,87,291,87,https://historico.conaliteg.gob.mx/c/H1972P5CI085/087.jpg,0,source_jpeg,served_image,200,image/jpeg,75796,4df9f15f4e3cdba83dce0371f5ff2dab1a7148febf43803aee11ba1e6ef3cfd0,1,
LTMD_U1_W4_SOCIAL_SCIENCES_ASSET_AUDIT_0.1,H1972P5CI085,1972,5,CIENCIAS SOCIALES,standard_x_js,H1972P5CI085,88,291,88,https://historico.conaliteg.gob.mx/c/H1972P5CI085/088.jpg,0,source_jpeg,served_image,200,image/jpeg,50703,dbd0f3b218b63799a7e36d25d9ed5fb9a1aa6faab7befb6e31e43272882547bd,1,
LTMD_U1_W4_SOCIAL_SCIENCES_ASSET_AUDIT_0.1,H1972P5CI085,1972,5,CIENCIAS SOCIALES,standard_x_js,H1972P5CI085,89,291,89,https://historico.conaliteg.gob.mx/c/H1972P5CI085/089.jpg,0,source_jpeg,served_image,200,image/jpeg,68764,f9e46d065c8ec3cfc24d3110471969d75c78be3f54238a356b93f7a07b67f148,1,
LTMD_U1_W4_SOCIAL_SCIENCES_ASSET_AUDIT_0.1,H1972P5CI085,1972,5,CIENCIAS SOCIALES,standard_x_js,H1972P5CI085,90,291,90,https://historico.conaliteg.gob.mx/c/H1972P5CI085/090.jpg,0,source_jpeg,served_image,200,image/jpeg,56610,50adde7f84a5c9c649488b95f7ed673f80ff995704f725d1adbe4538b5f6be70,1,
LTMD_U1_W4_SOCIAL_SCIENCES_ASSET_AUDIT_0.1,H1972P5CI085,1972,5,CIENCIAS SOCIALES,standard_x_js,H1972P5CI085,91,291,91,https://historico.conaliteg.gob.mx/c/H1972P5CI085/091.jpg,0,source_jpeg,served_image,200,image/jpeg,66835,ad0e08f5af50bff3b275961358d0de14ca8942f77554772ff5cb7d52d5acbf0b,1,
LTMD_U1_W4_SOCIAL_SCIENCES_ASSET_AUDIT_0.1,H1972P5CI085,1972,5,CIENCIAS SOCIALES,standard_x_js,H1972P5CI085,92,291,92,https://historico.conaliteg.gob.mx/c/H1972P5CI085/092.jpg,0,source_jpeg,served_image,200,image/jpeg,57605,a69f4ba6cc2840a0ffdad030e0695e385c8168be0e3f3885a9e1646c013fd9c0,1,
LTMD_U1_W4_SOCIAL_SCIENCES_ASSET_AUDIT_0.1,H1972P5CI085,1972,5,CIENCIAS SOCIALES,standard_x_js,H1972P5CI085,93,291,93,https://historico.conaliteg.gob.mx/c/H1972P5CI085/093.jpg,0,source_jpeg,served_image,200,image/jpeg,61889,4e46ee76689776d617efc2f84a33ef9d62158b31fdcdd01df3e585b1d040074c,1,
LTMD_U1_W4_SOCIAL_SCIENCES_ASSET_AUDIT_0.1,H1972P5CI085,1972,5,CIENCIAS SOCIALES,standard_x_js,H1972P5CI085,94,291,94,https://historico.conaliteg.gob.mx/c/H1972P5CI085/094.jpg,0,source_jpeg,served_image,200,image/jpeg,64413,b4333e72ea37588e7d5bdc50cc9f69e32b6942f5d7e32234f40be53e1fb0c443,1,
LTMD_U1_W4_SOCIAL_SCIENCES_ASSET_AUDIT_0.1,H1972P5CI085,1972,5,CIENCIAS SOCIALES,standard_x_js,H1972P5CI085,95,291,95,https://historico.conaliteg.gob.mx/c/H1972P5CI085/095.jpg,0,source_jpeg,served_image,200,image/jpeg,69692,397b20599c4d0c34f150160df16a4eba11bdf2b4f6f719e62d0734248ac84df2,1,
LTMD_U1_W4_SOCIAL_SCIENCES_ASSET_AUDIT_0.1,H1972P5CI085,1972,5,CIENCIAS SOCIALES,standard_x_js,H1972P5CI085,96,291,96,https://historico.conaliteg.gob.mx/c/H1972P5CI085/096.jpg,0,source_jpeg,served_image,200,image/jpeg,47996,907a83e9d57088e014bff9513aac0319114d06563afc347e14993b7c82f4c240,1,
LTMD_U1_W4_SOCIAL_SCIENCES_ASSET_AUDIT_0.1,H1972P5CI085,1972,5,CIENCIAS SOCIALES,standard_x_js,H1972P5CI085,97,291,97,https://historico.conaliteg.gob.mx/c/H1972P5CI085/097.jpg,0,source_jpeg,served_image,200,image/jpeg,49536,e76b42c3708ff369b961ebeab5278759882b345d8b040a71bfcfabd98c300bfb,1,
LTMD_U1_W4_SOCIAL_SCIENCES_ASSET_AUDIT_0.1,H1972P5CI085,1972,5,CIENCIAS SOCIALES,standard_x_js,H1972P5CI085,98,291,98,https://historico.conaliteg.gob.mx/c/H1972P5CI085/098.jpg,0,source_jpeg,served_image,200,image/jpeg,71999,4c000b36382be45afc1aead18d2900be7230d297f000a6271dbf92662ee2b44b,1,
LTMD_U1_W4_SOCIAL_SCIENCES_ASSET_AUDIT_0.1,H1972P5CI085,1972,5,CIENCIAS SOCIALES,standard_x_js,H1972P5CI085,99,291,99,https://historico.conaliteg.gob.mx/c/H1972P5CI085/099.jpg,0,source_jpeg,served_image,200,image/jpeg,71031,0ce185f143c559da5a8a6bdf3e715c89ae4ceb1b696b648914b94afc2a7ec34f,1,
LTMD_U1_W4_SOCIAL_SCIENCES_ASSET_AUDIT_0.1,H1972P5CI085,1972,5,CIENCIAS SOCIALES,standard_x_js,H1972P5CI085,100,291,100,https://historico.conaliteg.gob.mx/c/H1972P5CI085/100.jpg,0,source_jpeg,served_image,200,image/jpeg,75917,06bc362840ebf3c3fbc1e9222ae6d69fa0df5d62ddd0a4228783b2fe383bf39f,1,
LTMD_U1_W4_SOCIAL_SCIENCES_ASSET_AUDIT_0.1,H1972P5CI085,1972,5,CIENCIAS SOCIALES,standard_x_js,H1972P5CI085,101,291,101,https://historico.conaliteg.gob.mx/c/H1972P5CI085/101.jpg,0,source_jpeg,served_image,200,image/jpeg,75606,ac01023ad80f0df29debd93511d2674a2e54e3824af259366d03068f8ede3216,1,
LTMD_U1_W4_SOCIAL_SCIENCES_ASSET_AUDIT_0.1,H1972P5CI085,1972,5,CIENCIAS SOCIALES,standard_x_js,H1972P5CI085,102,291,102,https://historico.conaliteg.gob.mx/c/H1972P5CI085/102.jpg,0,source_jpeg,served_image,200,image/jpeg,52760,e2898113fa62b895679866a088e3553d87fe71ee2f5e4309d9b154542e576801,1,
LTMD_U1_W4_SOCIAL_SCIENCES_ASSET_AUDIT_0.1,H1972P5CI085,1972,5,CIENCIAS SOCIALES,standard_x_js,H1972P5CI085,103,291,103,https://historico.conaliteg.gob.mx/c/H1972P5CI085/103.jpg,0,source_jpeg,served_image,200,image/jpeg,62929,a285eebd6014f33c19534383a1c5de603cb471c73cc03485e0dc21881e0f6a37,1,
LTMD_U1_W4_SOCIAL_SCIENCES_ASSET_AUDIT_0.1,H1972P5CI085,1972,5,CIENCIAS SOCIALES,standard_x_js,H1972P5CI085,104,291,104,https://historico.conaliteg.gob.mx/c/H1972P5CI085/104.jpg,0,source_jpeg,served_image,200,image/jpeg,99908,dbe7e6e9b18e011bf7baf2b15029e50aa46dd3f43922874786406ef4e7fd79a2,1,
LTMD_U1_W4_SOCIAL_SCIENCES_ASSET_AUDIT_0.1,H1972P5CI085,1972,5,CIENCIAS SOCIALES,standard_x_js,H1972P5CI085,105,291,105,https://historico.conaliteg.gob.mx/c/H1972P5CI085/105.jpg,0,source_jpeg,served_image,200,image/jpeg,46483,940d1bee055bb7fc514d31702c7328e30e26e40d172d3fc56d983852d725e3c1,1,
LTMD_U1_W4_SOCIAL_SCIENCES_ASSET_AUDIT_0.1,H1972P5CI085,1972,5,CIENCIAS SOCIALES,standard_x_js,H1972P5CI085,106,291,106,https://historico.conaliteg.gob.mx/c/H1972P5CI085/106.jpg,0,source_jpeg,served_image,200,image/jpeg,61222,609c0345599cf90da3f01e79c0dc86380eef3c4e4d7e01d5c553857d139431be,1,
LTMD_U1_W4_SOCIAL_SCIENCES_ASSET_AUDIT_0.1,H1972P5CI085,1972,5,CIENCIAS SOCIALES,standard_x_js,H1972P5CI085,107,291,107,https://historico.conaliteg.gob.mx/c/H1972P5CI085/107.jpg,0,source_jpeg,served_image,200,image/jpeg,66741,a98a0737f12590c756d80bb7780b87ce38f78de49510d2247145067d6f9f5678,1,
LTMD_U1_W4_SOCIAL_SCIENCES_ASSET_AUDIT_0.1,H1972P5CI085,1972,5,CIENCIAS SOCIALES,standard_x_js,H1972P5CI085,108,291,108,https://historico.conaliteg.gob.mx/c/H1972P5CI085/108.jpg,0,source_jpeg,served_image,200,image/jpeg,63423,cf71ea8ae9973d35525bb7089fc6f4487a42faaa8748d33b98c95085aa7c3441,1,
LTMD_U1_W4_SOCIAL_SCIENCES_ASSET_AUDIT_0.1,H1972P5CI085,1972,5,CIENCIAS SOCIALES,standard_x_js,H1972P5CI085,109,291,109,https://historico.conaliteg.gob.mx/c/H1972P5CI085/109.jpg,0,source_jpeg,served_image,200,image/jpeg,72289,f66c229690e5c99936b04a76e18c4f6699bf7d7a6e3e7d9789b023d1eb6bfc2b,1,
LTMD_U1_W4_SOCIAL_SCIENCES_ASSET_AUDIT_0.1,H1972P5CI085,1972,5,CIENCIAS SOCIALES,standard_x_js,H1972P5CI085,110,291,110,https://historico.conaliteg.gob.mx/c/H1972P5CI085/110.jpg,0,source_jpeg,served_image,200,image/jpeg,66125,e4618819482fce405f6ca8bfe27368fd131eb4816528940806bc7fc2d6021e01,1,
LTMD_U1_W4_SOCIAL_SCIENCES_ASSET_AUDIT_0.1,H1972P5CI085,1972,5,CIENCIAS SOCIALES,standard_x_js,H1972P5CI085,111,291,111,https://historico.conaliteg.gob.mx/c/H1972P5CI085/111.jpg,0,source_jpeg,served_image,200,image/jpeg,60638,9deec47bda455c3052086ca2a073c8cea5acad05a37df879d05c814f9d6bd07a,1,
LTMD_U1_W4_SOCIAL_SCIENCES_ASSET_AUDIT_0.1,H1972P5CI085,1972,5,CIENCIAS SOCIALES,standard_x_js,H1972P5CI085,112,291,112,https://historico.conaliteg.gob.mx/c/H1972P5CI085/112.jpg,0,source_jpeg,served_image,200,image/jpeg,80803,138c973ca2e144a80779518762e573f003f9d1e51874cac8adc769f40e6fd3e5,1,
LTMD_U1_W4_SOCIAL_SCIENCES_ASSET_AUDIT_0.1,H1972P5CI085,1972,5,CIENCIAS SOCIALES,standard_x_js,H1972P5CI085,113,291,113,https://historico.conaliteg.gob.mx/c/H1972P5CI085/113.jpg,0,source_jpeg,served_image,200,image/jpeg,44884,4be4002a4f0b32fe666220af09995aec7e9c187b853b0ee968db5a7d5fb6148a,1,
LTMD_U1_W4_SOCIAL_SCIENCES_ASSET_AUDIT_0.1,H1972P5CI085,1972,5,CIENCIAS SOCIALES,standard_x_js,H1972P5CI085,114,291,114,https://historico.conaliteg.gob.mx/c/H1972P5CI085/114.jpg,0,source_jpeg,served_image,200,image/jpeg,49094,82ba0ef169d2e8898ccec62d3874e592887d4fb972448f573f0d5ff5a75ca36e,1,
LTMD_U1_W4_SOCIAL_SCIENCES_ASSET_AUDIT_0.1,H1972P5CI085,1972,5,CIENCIAS SOCIALES,standard_x_js,H1972P5CI085,115,291,115,https://historico.conaliteg.gob.mx/c/H1972P5CI085/115.jpg,0,source_jpeg,served_image,200,image/jpeg,56799,a3b498e32a9b4a9516aa813cd50ea94d03e422cc517627904c3e64670e0ca48a,1,
LTMD_U1_W4_SOCIAL_SCIENCES_ASSET_AUDIT_0.1,H1972P5CI085,1972,5,CIENCIAS SOCIALES,standard_x_js,H1972P5CI085,116,291,116,https://historico.conaliteg.gob.mx/c/H1972P5CI085/116.jpg,0,source_jpeg,served_image,200,image/jpeg,57135,7b3017bf0bf86c2ab49316cd8291db0305c67e68a1f9552a4ca1cdcb02977e25,1,
LTMD_U1_W4_SOCIAL_SCIENCES_ASSET_AUDIT_0.1,H1972P5CI085,1972,5,CIENCIAS SOCIALES,standard_x_js,H1972P5CI085,117,291,117,https://historico.conaliteg.gob.mx/c/H1972P5CI085/117.jpg,0,source_jpeg,served_image,200,image/jpeg,69491,97ee8db6a8fd15da406ed2e331fe921eb8e4059eac369d25c79f45f443b6c935,1,
LTMD_U1_W4_SOCIAL_SCIENCES_ASSET_AUDIT_0.1,H1972P5CI085,1972,5,CIENCIAS SOCIALES,standard_x_js,H1972P5CI085,118,291,118,https://historico.conaliteg.gob.mx/c/H1972P5CI085/118.jpg,0,source_jpeg,served_image,200,image/jpeg,56329,03d6e710250928bb464da07b8fba585b51a7ebd72e3c0e7ed0437b7923f8d075,1,
LTMD_U1_W4_SOCIAL_SCIENCES_ASSET_AUDIT_0.1,H1972P5CI085,1972,5,CIENCIAS SOCIALES,standard_x_js,H1972P5CI085,119,291,119,https://historico.conaliteg.gob.mx/c/H1972P5CI085/119.jpg,0,source_jpeg,served_image,200,image/jpeg,69961,698b491bb2d35fdb975aa5efbd921ada225a09fecbc6f262d6636402d3500813,1,
LTMD_U1_W4_SOCIAL_SCIENCES_ASSET_AUDIT_0.1,H1972P5CI085,1972,5,CIENCIAS SOCIALES,standard_x_js,H1972P5CI085,120,291,120,https://historico.conaliteg.gob.mx/c/H1972P5CI085/120.jpg,0,source_jpeg,served_image,200,image/jpeg,60666,c271168e875b2fd7707ed68cf5f93efc87777f6b26b5c4a66161a38036e6de2a,1,
LTMD_U1_W4_SOCIAL_SCIENCES_ASSET_AUDIT_0.1,H1972P5CI085,1972,5,CIENCIAS SOCIALES,standard_x_js,H1972P5CI085,121,291,121,https://historico.conaliteg.gob.mx/c/H1972P5CI085/121.jpg,0,source_jpeg,served_image,200,image/jpeg,68063,c77587fafae5dfa91d0f55d5345af5f84b3ab4a0d94104ba80dcbcdd4307d3ea,1,
LTMD_U1_W4_SOCIAL_SCIENCES_ASSET_AUDIT_0.1,H1972P5CI085,1972,5,CIENCIAS SOCIALES,standard_x_js,H1972P5CI085,122,291,122,https://historico.conaliteg.gob.mx/c/H1972P5CI085/122.jpg,0,source_jpeg,served_image,200,image/jpeg,65330,93a1fc8d612afaf9da60a06a5f86213dd9deb4fd10873a147c9380d51c0ecafc,1,
LTMD_U1_W4_SOCIAL_SCIENCES_ASSET_AUDIT_0.1,H1972P5CI085,1972,5,CIENCIAS SOCIALES,standard_x_js,H1972P5CI085,123,291,123,https://historico.conaliteg.gob.mx/c/H1972P5CI085/123.jpg,0,source_jpeg,served_image,200,image/jpeg,54928,b640a10302090711f51aeb75d33c4aa56c49cd33f0d608c260a23a9f0beba82e,1,
LTMD_U1_W4_SOCIAL_SCIENCES_ASSET_AUDIT_0.1,H1972P5CI085,1972,5,CIENCIAS SOCIALES,standard_x_js,H1972P5CI085,124,291,124,https://historico.conaliteg.gob.mx/c/H1972P5CI085/124.jpg,0,source_jpeg,served_image,200,image/jpeg,61170,a663501286eaed3f2bde059d351ebc799ddac465e7535bd808c5226568840b41,1,
LTMD_U1_W4_SOCIAL_SCIENCES_ASSET_AUDIT_0.1,H1972P5CI085,1972,5,CIENCIAS SOCIALES,standard_x_js,H1972P5CI085,125,291,125,https://historico.conaliteg.gob.mx/c/H1972P5CI085/125.jpg,0,source_jpeg,served_image,200,image/jpeg,72027,cd54eedb2d209077be95c532a401b6863ed1d1df2a60f0319b4c5775ba41a5f2,1,
LTMD_U1_W4_SOCIAL_SCIENCES_ASSET_AUDIT_0.1,H1972P5CI085,1972,5,CIENCIAS SOCIALES,standard_x_js,H1972P5CI085,126,291,126,https://historico.conaliteg.gob.mx/c/H1972P5CI085/126.jpg,0,source_jpeg,served_image,200,image/jpeg,66014,307de7529ad7861396cce4443127befaa21fbd3417e8d9cf0b6fa16dbf47bef9,1,
LTMD_U1_W4_SOCIAL_SCIENCES_ASSET_AUDIT_0.1,H1972P5CI085,1972,5,CIENCIAS SOCIALES,standard_x_js,H1972P5CI085,127,291,127,https://historico.conaliteg.gob.mx/c/H1972P5CI085/127.jpg,0,source_jpeg,served_image,200,image/jpeg,60224,405ffd6f634cde3eda9237a55abdb86f7bb3b540dc82cda580a8c390762e3a88,1,
LTMD_U1_W4_SOCIAL_SCIENCES_ASSET_AUDIT_0.1,H1972P5CI085,1972,5,CIENCIAS SOCIALES,standard_x_js,H1972P5CI085,128,291,128,https://historico.conaliteg.gob.mx/c/H1972P5CI085/128.jpg,0,source_jpeg,served_image,200,image/jpeg,66677,48cf4f24a6243ad715cbc6eed0c97769ca674c5fa72af90861aa9fd3f543d253,1,
LTMD_U1_W4_SOCIAL_SCIENCES_ASSET_AUDIT_0.1,H1972P5CI085,1972,5,CIENCIAS SOCIALES,standard_x_js,H1972P5CI085,129,291,129,https://historico.conaliteg.gob.mx/c/H1972P5CI085/129.jpg,0,source_jpeg,served_image,200,image/jpeg,60182,74406a1c9da927bc376bcf8e3cfee0b487edee9be301f023b90ecc81d7a1a8df,1,
LTMD_U1_W4_SOCIAL_SCIENCES_ASSET_AUDIT_0.1,H1972P5CI085,1972,5,CIENCIAS SOCIALES,standard_x_js,H1972P5CI085,130,291,130,https://historico.conaliteg.gob.mx/c/H1972P5CI085/130.jpg,0,source_jpeg,served_image,200,image/jpeg,53803,373697a395a4d66fecc72833feb6856cd62d41ee797467b01454b1364eea2f04,1,
LTMD_U1_W4_SOCIAL_SCIENCES_ASSET_AUDIT_0.1,H1972P5CI085,1972,5,CIENCIAS SOCIALES,standard_x_js,H1972P5CI085,131,291,131,https://historico.conaliteg.gob.mx/c/H1972P5CI085/131.jpg,0,source_jpeg,served_image,200,image/jpeg,68090,ce893439854ab98571f6750e1035ea53e8a4df00e4deabc68f6a807c3b865b0c,1,
LTMD_U1_W4_SOCIAL_SCIENCES_ASSET_AUDIT_0.1,H1972P5CI085,1972,5,CIENCIAS SOCIALES,standard_x_js,H1972P5CI085,132,291,132,https://historico.conaliteg.gob.mx/c/H1972P5CI085/132.jpg,0,source_jpeg,served_image,200,image/jpeg,55549,874f9428f85245b2fcfd4a0d3c2200a6309c429ee98dd9697ffdc877cc307404,1,
LTMD_U1_W4_SOCIAL_SCIENCES_ASSET_AUDIT_0.1,H1972P5CI085,1972,5,CIENCIAS SOCIALES,standard_x_js,H1972P5CI085,133,291,133,https://historico.conaliteg.gob.mx/c/H1972P5CI085/133.jpg,0,source_jpeg,served_image,200,image/jpeg,53922,3029ce4489495786397b31b61a3763d73748501a4392a947eacdb2b252afdb83,1,
LTMD_U1_W4_SOCIAL_SCIENCES_ASSET_AUDIT_0.1,H1972P5CI085,1972,5,CIENCIAS SOCIALES,standard_x_js,H1972P5CI085,134,291,134,https://historico.conaliteg.gob.mx/c/H1972P5CI085/134.jpg,0,source_jpeg,served_image,200,image/jpeg,61328,46d9b637d514cb45f09f0e0ac1f9a1c1ceea3b53dacdcc6a9c6e0bea0c228b61,1,
LTMD_U1_W4_SOCIAL_SCIENCES_ASSET_AUDIT_0.1,H1972P5CI085,1972,5,CIENCIAS SOCIALES,standard_x_js,H1972P5CI085,135,291,135,https://historico.conaliteg.gob.mx/c/H1972P5CI085/135.jpg,0,source_jpeg,served_image,200,image/jpeg,62374,4e486d117cda8181ae75617b8963cbb2cf76c42265438a11160e461e82687c16,1,
LTMD_U1_W4_SOCIAL_SCIENCES_ASSET_AUDIT_0.1,H1972P5CI085,1972,5,CIENCIAS SOCIALES,standard_x_js,H1972P5CI085,136,291,136,https://historico.conaliteg.gob.mx/c/H1972P5CI085/136.jpg,0,source_jpeg,served_image,200,image/jpeg,58433,128097fa5735300b2e67138163468e0701a777c0a1f75a880183238e62c2f173,1,
LTMD_U1_W4_SOCIAL_SCIENCES_ASSET_AUDIT_0.1,H1972P5CI085,1972,5,CIENCIAS SOCIALES,standard_x_js,H1972P5CI085,137,291,137,https://historico.conaliteg.gob.mx/c/H1972P5CI085/137.jpg,0,source_jpeg,served_image,200,image/jpeg,61488,f03b8a73dace7303b23b99a3019371a05f2c8e707fcd5eabcaa24a48c8a54c85,1,
LTMD_U1_W4_SOCIAL_SCIENCES_ASSET_AUDIT_0.1,H1972P5CI085,1972,5,CIENCIAS SOCIALES,standard_x_js,H1972P5CI085,138,291,138,https://historico.conaliteg.gob.mx/c/H1972P5CI085/138.jpg,0,source_jpeg,served_image,200,image/jpeg,56525,3faca37e6691ea6a0ed4f724f63812c3e280c705260555cb76f387fb0e48123a,1,
LTMD_U1_W4_SOCIAL_SCIENCES_ASSET_AUDIT_0.1,H1972P5CI085,1972,5,CIENCIAS SOCIALES,standard_x_js,H1972P5CI085,139,291,139,https://historico.conaliteg.gob.mx/c/H1972P5CI085/139.jpg,0,source_jpeg,served_image,200,image/jpeg,61548,de0d677d566a62e26da4cfa039a31a79d89b4b79309aedb06c42713e67484567,1,
LTMD_U1_W4_SOCIAL_SCIENCES_ASSET_AUDIT_0.1,H1972P5CI085,1972,5,CIENCIAS SOCIALES,standard_x_js,H1972P5CI085,140,291,140,https://historico.conaliteg.gob.mx/c/H1972P5CI085/140.jpg,0,source_jpeg,served_image,200,image/jpeg,39896,38fda5317bde84bc6694710ec82cd09f71eb765c0ec9e0e7f810d3c9095c7197,1,
LTMD_U1_W4_SOCIAL_SCIENCES_ASSET_AUDIT_0.1,H1972P5CI085,1972,5,CIENCIAS SOCIALES,standard_x_js,H1972P5CI085,141,291,141,https://historico.conaliteg.gob.mx/c/H1972P5CI085/141.jpg,0,source_jpeg,served_image,200,image/jpeg,43465,a69e3937dff6e34dbf6d4be06f834267dba8e03ea555b98fc522b8fcaff17a3e,1,
LTMD_U1_W4_SOCIAL_SCIENCES_ASSET_AUDIT_0.1,H1972P5CI085,1972,5,CIENCIAS SOCIALES,standard_x_js,H1972P5CI085,142,291,142,https://historico.conaliteg.gob.mx/c/H1972P5CI085/142.jpg,0,source_jpeg,served_image,200,image/jpeg,61494,1f10572f3bf7cb506e51f7ecc31efd8ea7d09a7524ce50ecda19df66cab62a15,1,
LTMD_U1_W4_SOCIAL_SCIENCES_ASSET_AUDIT_0.1,H1972P5CI085,1972,5,CIENCIAS SOCIALES,standard_x_js,H1972P5CI085,143,291,143,https://historico.conaliteg.gob.mx/c/H1972P5CI085/143.jpg,0,source_jpeg,served_image,200,image/jpeg,61740,19e98f27ac6485f0a3083ba18f076534b7332bf97875f923ceab2aefe7ee0220,1,
LTMD_U1_W4_SOCIAL_SCIENCES_ASSET_AUDIT_0.1,H1972P5CI085,1972,5,CIENCIAS SOCIALES,standard_x_js,H1972P5CI085,144,291,144,https://historico.conaliteg.gob.mx/c/H1972P5CI085/144.jpg,0,source_jpeg,served_image,200,image/jpeg,60160,5f67183c12068acf743f9d1c6a9eee10ec7d45189f20ac043fe165ad507af49a,1,
LTMD_U1_W4_SOCIAL_SCIENCES_ASSET_AUDIT_0.1,H1972P5CI085,1972,5,CIENCIAS SOCIALES,standard_x_js,H1972P5CI085,145,291,145,https://historico.conaliteg.gob.mx/c/H1972P5CI085/145.jpg,0,source_jpeg,served_image,200,image/jpeg,51034,b7711a67e7ab0e3b0127ac5b390324249318064a508e83c618da4f9d6385be3f,1,
LTMD_U1_W4_SOCIAL_SCIENCES_ASSET_AUDIT_0.1,H1972P5CI085,1972,5,CIENCIAS SOCIALES,standard_x_js,H1972P5CI085,146,291,146,https://historico.conaliteg.gob.mx/c/H1972P5CI085/146.jpg,0,source_jpeg,served_image,200,image/jpeg,42122,b40637c77f2a8730488954e70d19a26768ffed895621f8d9e537d4f7ba50e12b,1,
LTMD_U1_W4_SOCIAL_SCIENCES_ASSET_AUDIT_0.1,H1972P5CI085,1972,5,CIENCIAS SOCIALES,standard_x_js,H1972P5CI085,147,291,147,https://historico.conaliteg.gob.mx/c/H1972P5CI085/147.jpg,0,source_jpeg,served_image,200,image/jpeg,63030,1acba6a5bcd16d29825d378ac6af42c4abf9edb708a8bb0993693e24910c1e74,1,
LTMD_U1_W4_SOCIAL_SCIENCES_ASSET_AUDIT_0.1,H1972P5CI085,1972,5,CIENCIAS SOCIALES,standard_x_js,H1972P5CI085,148,291,148,https://historico.conaliteg.gob.mx/c/H1972P5CI085/148.jpg,0,source_jpeg,served_image,200,image/jpeg,57332,e6308ac2555b4734451f9a5731e18aa993e80e315449687cc67156be90229b94,1,
LTMD_U1_W4_SOCIAL_SCIENCES_ASSET_AUDIT_0.1,H1972P5CI085,1972,5,CIENCIAS SOCIALES,standard_x_js,H1972P5CI085,149,291,149,https://historico.conaliteg.gob.mx/c/H1972P5CI085/149.jpg,0,source_jpeg,served_image,200,image/jpeg,61146,f026e783558cd55453491cd8399feac326196afe440d13c72154e730722961fb,1,
LTMD_U1_W4_SOCIAL_SCIENCES_ASSET_AUDIT_0.1,H1972P5CI085,1972,5,CIENCIAS SOCIALES,standard_x_js,H1972P5CI085,150,291,150,https://historico.conaliteg.gob.mx/c/H1972P5CI085/150.jpg,0,source_jpeg,served_image,200,image/jpeg,60602,0c89587e9d41418791c7eb52f515e2d55feb32b790246abf6d2abd3656e1b896,1,
LTMD_U1_W4_SOCIAL_SCIENCES_ASSET_AUDIT_0.1,H1972P5CI085,1972,5,CIENCIAS SOCIALES,standard_x_js,H1972P5CI085,151,291,151,https://historico.conaliteg.gob.mx/c/H1972P5CI085/151.jpg,0,source_jpeg,served_image,200,image/jpeg,59922,1e16c61af9f4863da1b9f7b1cd5ad77dda4c3651b9c26a9b50899d9986a97758,1,
LTMD_U1_W4_SOCIAL_SCIENCES_ASSET_AUDIT_0.1,H1972P5CI085,1972,5,CIENCIAS SOCIALES,standard_x_js,H1972P5CI085,152,291,152,https://historico.conaliteg.gob.mx/c/H1972P5CI085/152.jpg,0,source_jpeg,served_image,200,image/jpeg,63911,22e97bb54500c3382c771ecc661c65f436d741e608a4b5475ad3e60e0652108f,1,
LTMD_U1_W4_SOCIAL_SCIENCES_ASSET_AUDIT_0.1,H1972P5CI085,1972,5,CIENCIAS SOCIALES,standard_x_js,H1972P5CI085,153,291,153,https://historico.conaliteg.gob.mx/c/H1972P5CI085/153.jpg,0,source_jpeg,served_image,200,image/jpeg,55832,6f2c68359cb45e88e43479e13be50d57090f0ca99834828d87709df2e424b46b,1,
LTMD_U1_W4_SOCIAL_SCIENCES_ASSET_AUDIT_0.1,H1972P5CI085,1972,5,CIENCIAS SOCIALES,standard_x_js,H1972P5CI085,154,291,154,https://historico.conaliteg.gob.mx/c/H1972P5CI085/154.jpg,0,source_jpeg,served_image,200,image/jpeg,48152,e87c9d1d890c2fc96476fc7b86f2baaae2c70cb9b8285500e7c8a6c36e2b0316,1,
LTMD_U1_W4_SOCIAL_SCIENCES_ASSET_AUDIT_0.1,H1972P5CI085,1972,5,CIENCIAS SOCIALES,standard_x_js,H1972P5CI085,155,291,155,https://historico.conaliteg.gob.mx/c/H1972P5CI085/155.jpg,0,source_jpeg,served_image,200,image/jpeg,50366,de92583a7246b7063e28df552de19483132b091cbf7d6f66404b3e6d865f6950,1,
LTMD_U1_W4_SOCIAL_SCIENCES_ASSET_AUDIT_0.1,H1972P5CI085,1972,5,CIENCIAS SOCIALES,standard_x_js,H1972P5CI085,156,291,156,https://historico.conaliteg.gob.mx/c/H1972P5CI085/156.jpg,0,source_jpeg,served_image,200,image/jpeg,63020,739336d125a691478753ed62f664f947e5cf9febb05a0a7b251ae21bb08751f5,1,
LTMD_U1_W4_SOCIAL_SCIENCES_ASSET_AUDIT_0.1,H1972P5CI085,1972,5,CIENCIAS SOCIALES,standard_x_js,H1972P5CI085,157,291,157,https://historico.conaliteg.gob.mx/c/H1972P5CI085/157.jpg,0,source_jpeg,served_image,200,image/jpeg,60411,6c03e6a6cb06e734b7b09e2667a407c47b977727a6bde02bd7b691c242c68dce,1,
LTMD_U1_W4_SOCIAL_SCIENCES_ASSET_AUDIT_0.1,H1972P5CI085,1972,5,CIENCIAS SOCIALES,standard_x_js,H1972P5CI085,158,291,158,https://historico.conaliteg.gob.mx/c/H1972P5CI085/158.jpg,0,source_jpeg,served_image,200,image/jpeg,50177,6a567594937375463c47ff2016173e8e4178c3d0fc8b3d7cf8cafdd7994d859f,1,
LTMD_U1_W4_SOCIAL_SCIENCES_ASSET_AUDIT_0.1,H1972P5CI085,1972,5,CIENCIAS SOCIALES,standard_x_js,H1972P5CI085,159,291,159,https://historico.conaliteg.gob.mx/c/H1972P5CI085/159.jpg,0,source_jpeg,served_image,200,image/jpeg,59742,ce58cc415b8fb0616ce2fb7df88f07f387297101e8a5a4441a6bba22d218c7b5,1,
LTMD_U1_W4_SOCIAL_SCIENCES_ASSET_AUDIT_0.1,H1972P5CI085,1972,5,CIENCIAS SOCIALES,standard_x_js,H1972P5CI085,160,291,160,https://historico.conaliteg.gob.mx/c/H1972P5CI085/160.jpg,0,source_jpeg,served_image,200,image/jpeg,68796,4722e14d55c774c2f86e35e240afd8ad5695f5bbf125fd0608b62ffba9165d32,1,
LTMD_U1_W4_SOCIAL_SCIENCES_ASSET_AUDIT_0.1,H1972P5CI085,1972,5,CIENCIAS SOCIALES,standard_x_js,H1972P5CI085,161,291,161,https://historico.conaliteg.gob.mx/c/H1972P5CI085/161.jpg,0,source_jpeg,served_image,200,image/jpeg,67195,b43e038415106dfb9a08fb7b0fd566036be45cfc4274435d7a351e9d1503edc1,1,
LTMD_U1_W4_SOCIAL_SCIENCES_ASSET_AUDIT_0.1,H1972P5CI085,1972,5,CIENCIAS SOCIALES,standard_x_js,H1972P5CI085,162,291,162,https://historico.conaliteg.gob.mx/c/H1972P5CI085/162.jpg,0,source_jpeg,served_image,200,image/jpeg,68277,61a5500a4e0cad5b35ae6d2b70a980855124fb1ed56e515a05fbb9278f72efdc,1,
LTMD_U1_W4_SOCIAL_SCIENCES_ASSET_AUDIT_0.1,H1972P5CI085,1972,5,CIENCIAS SOCIALES,standard_x_js,H1972P5CI085,163,291,163,https://historico.conaliteg.gob.mx/c/H1972P5CI085/163.jpg,0,source_jpeg,served_image,200,image/jpeg,72828,784da93fafecc4ec3fff0d8afce37b3e2788e262ce468234ebe2b8cb33de5698,1,
LTMD_U1_W4_SOCIAL_SCIENCES_ASSET_AUDIT_0.1,H1972P5CI085,1972,5,CIENCIAS SOCIALES,standard_x_js,H1972P5CI085,164,291,164,https://historico.conaliteg.gob.mx/c/H1972P5CI085/164.jpg,0,source_jpeg,served_image,200,image/jpeg,43607,c39ef9389ac433fc953e07233a7d74c8c234d54c7af2222d149ced30899f82a5,1,
LTMD_U1_W4_SOCIAL_SCIENCES_ASSET_AUDIT_0.1,H1972P5CI085,1972,5,CIENCIAS SOCIALES,standard_x_js,H1972P5CI085,165,291,165,https://historico.conaliteg.gob.mx/c/H1972P5CI085/165.jpg,0,source_jpeg,served_image,200,image/jpeg,61908,6f631376eabdf94828c864e348bf190cc33e52cc5a5fe9e9a2484c39bd1ecf74,1,
LTMD_U1_W4_SOCIAL_SCIENCES_ASSET_AUDIT_0.1,H1972P5CI085,1972,5,CIENCIAS SOCIALES,standard_x_js,H1972P5CI085,166,291,166,https://historico.conaliteg.gob.mx/c/H1972P5CI085/166.jpg,0,source_jpeg,served_image,200,image/jpeg,63675,ca09f4e385ad65ebee233f06f2a04b330e463563db8af99bf71d32921e28e8b8,1,
LTMD_U1_W4_SOCIAL_SCIENCES_ASSET_AUDIT_0.1,H1972P5CI085,1972,5,CIENCIAS SOCIALES,standard_x_js,H1972P5CI085,167,291,167,https://historico.conaliteg.gob.mx/c/H1972P5CI085/167.jpg,0,source_jpeg,served_image,200,image/jpeg,64188,f2e084a731eb19fd1f06ea5734e5ba19649f75bb9cf7b5587e0910e565eca2f4,1,
LTMD_U1_W4_SOCIAL_SCIENCES_ASSET_AUDIT_0.1,H1972P5CI085,1972,5,CIENCIAS SOCIALES,standard_x_js,H1972P5CI085,168,291,168,https://historico.conaliteg.gob.mx/c/H1972P5CI085/168.jpg,0,source_jpeg,served_image,200,image/jpeg,61004,49a6f0c85be10487f2730dca5807d6104d02ca04acc94932eba086c55d833646,1,
LTMD_U1_W4_SOCIAL_SCIENCES_ASSET_AUDIT_0.1,H1972P5CI085,1972,5,CIENCIAS SOCIALES,standard_x_js,H1972P5CI085,169,291,169,https://historico.conaliteg.gob.mx/c/H1972P5CI085/169.jpg,0,source_jpeg,served_image,200,image/jpeg,52902,4e4a5559c27d7076dfe176568ffd41fa3bfb53c1a6f2e9e2ea3f6da62e74ea6f,1,
LTMD_U1_W4_SOCIAL_SCIENCES_ASSET_AUDIT_0.1,H1972P5CI085,1972,5,CIENCIAS SOCIALES,standard_x_js,H1972P5CI085,170,291,170,https://historico.conaliteg.gob.mx/c/H1972P5CI085/170.jpg,0,source_jpeg,served_image,200,image/jpeg,64995,e5540d97795cf3463c58e01eebd488cf0fe58cd70922a8c83065ca06e9b93b57,1,
LTMD_U1_W4_SOCIAL_SCIENCES_ASSET_AUDIT_0.1,H1972P5CI085,1972,5,CIENCIAS SOCIALES,standard_x_js,H1972P5CI085,171,291,171,https://historico.conaliteg.gob.mx/c/H1972P5CI085/171.jpg,0,source_jpeg,served_image,200,image/jpeg,69301,db8e17a136ef6b263ef9cfdf699c874d0e04ac2c4f341fcabb079e3f6533b599,1,
LTMD_U1_W4_SOCIAL_SCIENCES_ASSET_AUDIT_0.1,H1972P5CI085,1972,5,CIENCIAS SOCIALES,standard_x_js,H1972P5CI085,172,291,172,https://historico.conaliteg.gob.mx/c/H1972P5CI085/172.jpg,0,source_jpeg,served_image,200,image/jpeg,67842,68a6838768760739861f4709ff7335069e88b07bd707ce4b822afd59c6f6d42d,1,
LTMD_U1_W4_SOCIAL_SCIENCES_ASSET_AUDIT_0.1,H1972P5CI085,1972,5,CIENCIAS SOCIALES,standard_x_js,H1972P5CI085,173,291,173,https://historico.conaliteg.gob.mx/c/H1972P5CI085/173.jpg,0,source_jpeg,served_image,200,image/jpeg,59833,f9930643c2bdfbfdc195713799d52238d979178751588168bdc077273dea3f8e,1,
LTMD_U1_W4_SOCIAL_SCIENCES_ASSET_AUDIT_0.1,H1972P5CI085,1972,5,CIENCIAS SOCIALES,standard_x_js,H1972P5CI085,174,291,174,https://historico.conaliteg.gob.mx/c/H1972P5CI085/174.jpg,0,source_jpeg,served_image,200,image/jpeg,71632,665af77fc8c127cab0356300bbced9cbd20e9d0a2997dea8ad10e10f604e2fae,1,
LTMD_U1_W4_SOCIAL_SCIENCES_ASSET_AUDIT_0.1,H1972P5CI085,1972,5,CIENCIAS SOCIALES,standard_x_js,H1972P5CI085,175,291,175,https://historico.conaliteg.gob.mx/c/H1972P5CI085/175.jpg,0,source_jpeg,served_image,200,image/jpeg,60362,a6bb2be6235dae6d73b7559a8339790423220191d421dabde762280f69c81c15,1,
LTMD_U1_W4_SOCIAL_SCIENCES_ASSET_AUDIT_0.1,H1972P5CI085,1972,5,CIENCIAS SOCIALES,standard_x_js,H1972P5CI085,176,291,176,https://historico.conaliteg.gob.mx/c/H1972P5CI085/176.jpg,0,source_jpeg,served_image,200,image/jpeg,61159,1b9dc0470bc097bd46a64056f8895e5ceec3433017799b04c42ae1bb186bc3c0,1,
LTMD_U1_W4_SOCIAL_SCIENCES_ASSET_AUDIT_0.1,H1972P5CI085,1972,5,CIENCIAS SOCIALES,standard_x_js,H1972P5CI085,177,291,177,https://historico.conaliteg.gob.mx/c/H1972P5CI085/177.jpg,0,source_jpeg,served_image,200,image/jpeg,58121,c57e07c048e64c1b6d35177e441131b2ec84a06b74c410a94972619e7b5fe814,1,
LTMD_U1_W4_SOCIAL_SCIENCES_ASSET_AUDIT_0.1,H1972P5CI085,1972,5,CIENCIAS SOCIALES,standard_x_js,H1972P5CI085,178,291,178,https://historico.conaliteg.gob.mx/c/H1972P5CI085/178.jpg,0,source_jpeg,served_image,200,image/jpeg,60657,869721a2ababa9bf72c5326df531989f717e2ec990557baabe026567071bb92d,1,
LTMD_U1_W4_SOCIAL_SCIENCES_ASSET_AUDIT_0.1,H1972P5CI085,1972,5,CIENCIAS SOCIALES,standard_x_js,H1972P5CI085,179,291,179,https://historico.conaliteg.gob.mx/c/H1972P5CI085/179.jpg,0,source_jpeg,served_image,200,image/jpeg,58307,3a0378f085b70068573226680b6b7a45c038133ccb6219866e8569eb8cfd91c9,1,
LTMD_U1_W4_SOCIAL_SCIENCES_ASSET_AUDIT_0.1,H1972P5CI085,1972,5,CIENCIAS SOCIALES,standard_x_js,H1972P5CI085,180,291,180,https://historico.conaliteg.gob.mx/c/H1972P5CI085/180.jpg,0,source_jpeg,served_image,200,image/jpeg,62828,6ec07c7542dd9c1195ae1943b62f99d88c7ba5f9a71e8d2852e0f7ad25a65b61,1,
LTMD_U1_W4_SOCIAL_SCIENCES_ASSET_AUDIT_0.1,H1972P5CI085,1972,5,CIENCIAS SOCIALES,standard_x_js,H1972P5CI085,181,291,181,https://historico.conaliteg.gob.mx/c/H1972P5CI085/181.jpg,0,source_jpeg,served_image,200,image/jpeg,68133,c04d82a58890257b0e4a5ba6b67536cb186738c17feec679ff4e0292efd5aae6,1,
LTMD_U1_W4_SOCIAL_SCIENCES_ASSET_AUDIT_0.1,H1972P5CI085,1972,5,CIENCIAS SOCIALES,standard_x_js,H1972P5CI085,182,291,182,https://historico.conaliteg.gob.mx/c/H1972P5CI085/182.jpg,0,source_jpeg,served_image,200,image/jpeg,66903,3678e72ed58a59b87c60250572c325c98d189323058e8d76e371cd9c606b078f,1,
LTMD_U1_W4_SOCIAL_SCIENCES_ASSET_AUDIT_0.1,H1972P5CI085,1972,5,CIENCIAS SOCIALES,standard_x_js,H1972P5CI085,183,291,183,https://historico.conaliteg.gob.mx/c/H1972P5CI085/183.jpg,0,source_jpeg,served_image,200,image/jpeg,71899,d02335849605d371cd69a660ec59617637ddb17be645e2229c32c75bee1918f1,1,
LTMD_U1_W4_SOCIAL_SCIENCES_ASSET_AUDIT_0.1,H1972P5CI085,1972,5,CIENCIAS SOCIALES,standard_x_js,H1972P5CI085,184,291,184,https://historico.conaliteg.gob.mx/c/H1972P5CI085/184.jpg,0,source_jpeg,served_image,200,image/jpeg,83336,d9d4bd11dd6a10780d287c3b587beb28eb7df7475e63d36a6126fec065cb84ff,1,
LTMD_U1_W4_SOCIAL_SCIENCES_ASSET_AUDIT_0.1,H1972P5CI085,1972,5,CIENCIAS SOCIALES,standard_x_js,H1972P5CI085,185,291,185,https://historico.conaliteg.gob.mx/c/H1972P5CI085/185.jpg,0,source_jpeg,served_image,200,image/jpeg,65392,854841c3d1208face537fb5d8f2c638e0b18a72d8e81902db69111eb3077fd25,1,
LTMD_U1_W4_SOCIAL_SCIENCES_ASSET_AUDIT_0.1,H1972P5CI085,1972,5,CIENCIAS SOCIALES,standard_x_js,H1972P5CI085,186,291,186,https://historico.conaliteg.gob.mx/c/H1972P5CI085/186.jpg,0,source_jpeg,served_image,200,image/jpeg,56376,c8b8d50499749c2fd38e4c98ca88f7526374cfbc543b189b25698ef4b13e5a79,1,
LTMD_U1_W4_SOCIAL_SCIENCES_ASSET_AUDIT_0.1,H1972P5CI085,1972,5,CIENCIAS SOCIALES,standard_x_js,H1972P5CI085,187,291,187,https://historico.conaliteg.gob.mx/c/H1972P5CI085/187.jpg,0,source_jpeg,served_image,200,image/jpeg,54264,b2912fcb15bd34b1e97c85ab4ebe336a0419b56db267b899f519cf96bd4c2336,1,
LTMD_U1_W4_SOCIAL_SCIENCES_ASSET_AUDIT_0.1,H1972P5CI085,1972,5,CIENCIAS SOCIALES,standard_x_js,H1972P5CI085,188,291,188,https://historico.conaliteg.gob.mx/c/H1972P5CI085/188.jpg,0,source_jpeg,served_image,200,image/jpeg,75785,448a623c71bab66a39c57a2ca1941647990cbb1f99144b98d539898306cb5643,1,
LTMD_U1_W4_SOCIAL_SCIENCES_ASSET_AUDIT_0.1,H1972P5CI085,1972,5,CIENCIAS SOCIALES,standard_x_js,H1972P5CI085,189,291,189,https://historico.conaliteg.gob.mx/c/H1972P5CI085/189.jpg,0,source_jpeg,served_image,200,image/jpeg,57876,bf932a8663cfd7dd7ed978fd0737681ebed00c9a9049a588bd1b5341b98c550e,1,
LTMD_U1_W4_SOCIAL_SCIENCES_ASSET_AUDIT_0.1,H1972P5CI085,1972,5,CIENCIAS SOCIALES,standard_x_js,H1972P5CI085,190,291,190,https://historico.conaliteg.gob.mx/c/H1972P5CI085/190.jpg,0,source_jpeg,served_image,200,image/jpeg,68904,f8c870626b227c999b176f48ddd43a731f5aecef9e7f5c867e7f4659f05f1298,1,
LTMD_U1_W4_SOCIAL_SCIENCES_ASSET_AUDIT_0.1,H1972P5CI085,1972,5,CIENCIAS SOCIALES,standard_x_js,H1972P5CI085,191,291,191,https://historico.conaliteg.gob.mx/c/H1972P5CI085/191.jpg,0,source_jpeg,served_image,200,image/jpeg,71427,cda2b620497cec071e186d1e8798e73dc63cbaea6f4a566290d1f81df1a48ecc,1,
LTMD_U1_W4_SOCIAL_SCIENCES_ASSET_AUDIT_0.1,H1972P5CI085,1972,5,CIENCIAS SOCIALES,standard_x_js,H1972P5CI085,192,291,192,https://historico.conaliteg.gob.mx/c/H1972P5CI085/192.jpg,0,source_jpeg,served_image,200,image/jpeg,49518,7d451611625998725ac0736fb4333276ea2c9160903d90d7ad46387a7d48599c,1,
LTMD_U1_W4_SOCIAL_SCIENCES_ASSET_AUDIT_0.1,H1972P5CI085,1972,5,CIENCIAS SOCIALES,standard_x_js,H1972P5CI085,193,291,193,https://historico.conaliteg.gob.mx/c/H1972P5CI085/193.jpg,0,source_jpeg,served_image,200,image/jpeg,61758,d43bf7e562cf7588cef300d30ff46f3bc88dfde566fdc2d12df660828e8379d2,1,
LTMD_U1_W4_SOCIAL_SCIENCES_ASSET_AUDIT_0.1,H1972P5CI085,1972,5,CIENCIAS SOCIALES,standard_x_js,H1972P5CI085,194,291,194,https://historico.conaliteg.gob.mx/c/H1972P5CI085/194.jpg,0,source_jpeg,served_image,200,image/jpeg,36310,600ba20dee49a48f828daf64e04af2b95ebbf62695dbc6dca221fa255db9f646,1,
LTMD_U1_W4_SOCIAL_SCIENCES_ASSET_AUDIT_0.1,H1972P5CI085,1972,5,CIENCIAS SOCIALES,standard_x_js,H1972P5CI085,195,291,195,https://historico.conaliteg.gob.mx/c/H1972P5CI085/195.jpg,0,source_jpeg,served_image,200,image/jpeg,64879,0e310efb113e0bf6922d97dba824b1a8b341cb8aa0c31db1967ff6e782ad902a,1,
LTMD_U1_W4_SOCIAL_SCIENCES_ASSET_AUDIT_0.1,H1972P5CI085,1972,5,CIENCIAS SOCIALES,standard_x_js,H1972P5CI085,196,291,196,https://historico.conaliteg.gob.mx/c/H1972P5CI085/196.jpg,0,source_jpeg,served_image,200,image/jpeg,76829,d318f94e617afd06a3fc92924c5bcf7be412fb5978303a0c3b8e1c92c70d2ca7,1,
LTMD_U1_W4_SOCIAL_SCIENCES_ASSET_AUDIT_0.1,H1972P5CI085,1972,5,CIENCIAS SOCIALES,standard_x_js,H1972P5CI085,197,291,197,https://historico.conaliteg.gob.mx/c/H1972P5CI085/197.jpg,0,source_jpeg,served_image,200,image/jpeg,58367,3f7273678f97e38b84063614e8e3de3d1926b6ed1996a8b61aefecdeab394b36,1,
LTMD_U1_W4_SOCIAL_SCIENCES_ASSET_AUDIT_0.1,H1972P5CI085,1972,5,CIENCIAS SOCIALES,standard_x_js,H1972P5CI085,198,291,198,https://historico.conaliteg.gob.mx/c/H1972P5CI085/198.jpg,0,source_jpeg,served_image,200,image/jpeg,65426,b484fc28330a3675e0c22415f77a9c31b93307e8574a00591cf3ef932420b65c,1,
LTMD_U1_W4_SOCIAL_SCIENCES_ASSET_AUDIT_0.1,H1972P5CI085,1972,5,CIENCIAS SOCIALES,standard_x_js,H1972P5CI085,199,291,199,https://historico.conaliteg.gob.mx/c/H1972P5CI085/199.jpg,0,source_jpeg,served_image,200,image/jpeg,68376,48d14c2726d7d8168dbc3af054fd5cca426cf05c0bca2ae8feb6b693306cd472,1,
LTMD_U1_W4_SOCIAL_SCIENCES_ASSET_AUDIT_0.1,H1972P5CI085,1972,5,CIENCIAS SOCIALES,standard_x_js,H1972P5CI085,200,291,200,https://historico.conaliteg.gob.mx/c/H1972P5CI085/200.jpg,0,source_jpeg,served_image,200,image/jpeg,48511,18acf1d3942f44c9589ab4cc343fe08fde5d2d3100b90177b32d30c695ac5dea,1,
LTMD_U1_W4_SOCIAL_SCIENCES_ASSET_AUDIT_0.1,H1972P5CI085,1972,5,CIENCIAS SOCIALES,standard_x_js,H1972P5CI085,201,291,201,https://historico.conaliteg.gob.mx/c/H1972P5CI085/201.jpg,0,source_jpeg,served_image,200,image/jpeg,48113,71c3198a2f107e543d2cf1b72d27d68c3916491e5ca2bdd7a89895bd40dde79c,1,
LTMD_U1_W4_SOCIAL_SCIENCES_ASSET_AUDIT_0.1,H1972P5CI085,1972,5,CIENCIAS SOCIALES,standard_x_js,H1972P5CI085,202,291,202,https://historico.conaliteg.gob.mx/c/H1972P5CI085/202.jpg,0,source_jpeg,served_image,200,image/jpeg,41592,074b7930611eb0c774888bbd0c25317c1dbf7c0aaed704a0e3ad610832b194c2,1,
LTMD_U1_W4_SOCIAL_SCIENCES_ASSET_AUDIT_0.1,H1972P5CI085,1972,5,CIENCIAS SOCIALES,standard_x_js,H1972P5CI085,203,291,203,https://historico.conaliteg.gob.mx/c/H1972P5CI085/203.jpg,0,source_jpeg,served_image,200,image/jpeg,43945,a364bfca4cadc84be6ee076005e2a2b250dc2184c66863bbde308609a3e9094f,1,
LTMD_U1_W4_SOCIAL_SCIENCES_ASSET_AUDIT_0.1,H1972P5CI085,1972,5,CIENCIAS SOCIALES,standard_x_js,H1972P5CI085,204,291,204,https://historico.conaliteg.gob.mx/c/H1972P5CI085/204.jpg,0,source_jpeg,served_image,200,image/jpeg,60410,a5559bc349613b167f3a222419e7d05890e26097b95656d97241b02adab9c29c,1,
LTMD_U1_W4_SOCIAL_SCIENCES_ASSET_AUDIT_0.1,H1972P5CI085,1972,5,CIENCIAS SOCIALES,standard_x_js,H1972P5CI085,205,291,205,https://historico.conaliteg.gob.mx/c/H1972P5CI085/205.jpg,0,source_jpeg,served_image,200,image/jpeg,63452,381671ed323843b93617af41e7ad78b9b67ea41f9b71a98646f76ac769660694,1,
LTMD_U1_W4_SOCIAL_SCIENCES_ASSET_AUDIT_0.1,H1972P5CI085,1972,5,CIENCIAS SOCIALES,standard_x_js,H1972P5CI085,206,291,206,https://historico.conaliteg.gob.mx/c/H1972P5CI085/206.jpg,0,source_jpeg,served_image,200,image/jpeg,61960,03af65b76a5e8094571683a73cebe180445a8e307bdf19025b0f0bea2d64e970,1,
LTMD_U1_W4_SOCIAL_SCIENCES_ASSET_AUDIT_0.1,H1972P5CI085,1972,5,CIENCIAS SOCIALES,standard_x_js,H1972P5CI085,207,291,207,https://historico.conaliteg.gob.mx/c/H1972P5CI085/207.jpg,0,source_jpeg,served_image,200,image/jpeg,55579,5f84fcada4aaf3fa5263345a62d62283f56ce67ba666d63152f5406d69bd80d7,1,
LTMD_U1_W4_SOCIAL_SCIENCES_ASSET_AUDIT_0.1,H1972P5CI085,1972,5,CIENCIAS SOCIALES,standard_x_js,H1972P5CI085,208,291,208,https://historico.conaliteg.gob.mx/c/H1972P5CI085/208.jpg,0,source_jpeg,served_image,200,image/jpeg,48231,789b36eb21133bc9fcfa69eee336f46d6e8ac265adeed3eb2af85a9451b763ea,1,
LTMD_U1_W4_SOCIAL_SCIENCES_ASSET_AUDIT_0.1,H1972P5CI085,1972,5,CIENCIAS SOCIALES,standard_x_js,H1972P5CI085,209,291,209,https://historico.conaliteg.gob.mx/c/H1972P5CI085/209.jpg,0,source_jpeg,served_image,200,image/jpeg,42910,446b3b191018971edeccb7670fa061b66ec266452babed889e2a55c6cc2262fc,1,
LTMD_U1_W4_SOCIAL_SCIENCES_ASSET_AUDIT_0.1,H1972P5CI085,1972,5,CIENCIAS SOCIALES,standard_x_js,H1972P5CI085,210,291,210,https://historico.conaliteg.gob.mx/c/H1972P5CI085/210.jpg,0,source_jpeg,served_image,200,image/jpeg,68201,e398548710bf3ab2b86c457fc2a0c511b542a42793231cf0effbb097e293a79e,1,
LTMD_U1_W4_SOCIAL_SCIENCES_ASSET_AUDIT_0.1,H1972P5CI085,1972,5,CIENCIAS SOCIALES,standard_x_js,H1972P5CI085,211,291,211,https://historico.conaliteg.gob.mx/c/H1972P5CI085/211.jpg,0,source_jpeg,served_image,200,image/jpeg,67763,43560ec25b494474c28f70f7114931a230c19a6ee8fc845c8f7745ca0a4a765e,1,
LTMD_U1_W4_SOCIAL_SCIENCES_ASSET_AUDIT_0.1,H1972P5CI085,1972,5,CIENCIAS SOCIALES,standard_x_js,H1972P5CI085,212,291,212,https://historico.conaliteg.gob.mx/c/H1972P5CI085/212.jpg,0,source_jpeg,served_image,200,image/jpeg,61169,c7a9da178db1da351be86aef87a2839d22de5ad7f1638dc4d9b49fd33903c030,1,
LTMD_U1_W4_SOCIAL_SCIENCES_ASSET_AUDIT_0.1,H1972P5CI085,1972,5,CIENCIAS SOCIALES,standard_x_js,H1972P5CI085,213,291,213,https://historico.conaliteg.gob.mx/c/H1972P5CI085/213.jpg,0,source_jpeg,served_image,200,image/jpeg,60617,54704db31be9e243969807a6e57412bf7b8160f22cee252510284aceeaf9af64,1,
LTMD_U1_W4_SOCIAL_SCIENCES_ASSET_AUDIT_0.1,H1972P5CI085,1972,5,CIENCIAS SOCIALES,standard_x_js,H1972P5CI085,214,291,214,https://historico.conaliteg.gob.mx/c/H1972P5CI085/214.jpg,0,source_jpeg,served_image,200,image/jpeg,77704,7ca2451c867056116fb2e90866a6b8239b5f7fd7b12dfb1b7c861692a0bc9236,1,
LTMD_U1_W4_SOCIAL_SCIENCES_ASSET_AUDIT_0.1,H1972P5CI085,1972,5,CIENCIAS SOCIALES,standard_x_js,H1972P5CI085,215,291,215,https://historico.conaliteg.gob.mx/c/H1972P5CI085/215.jpg,0,source_jpeg,served_image,200,image/jpeg,89638,62a7553e648355dda8165bb43b5e69716e43551d1b6de3fab231655509efabae,1,
LTMD_U1_W4_SOCIAL_SCIENCES_ASSET_AUDIT_0.1,H1972P5CI085,1972,5,CIENCIAS SOCIALES,standard_x_js,H1972P5CI085,216,291,216,https://historico.conaliteg.gob.mx/c/H1972P5CI085/216.jpg,0,source_jpeg,served_image,200,image/jpeg,71203,55957c33aebd01cf0723d6350091a24daa11c81be6ec9753f7139ed94b151463,1,
LTMD_U1_W4_SOCIAL_SCIENCES_ASSET_AUDIT_0.1,H1972P5CI085,1972,5,CIENCIAS SOCIALES,standard_x_js,H1972P5CI085,217,291,217,https://historico.conaliteg.gob.mx/c/H1972P5CI085/217.jpg,0,source_jpeg,served_image,200,image/jpeg,54349,b479795d1de4b64d997fdd4d75b338db8dc1f99eec7e1780b424b5e21e09bc99,1,
LTMD_U1_W4_SOCIAL_SCIENCES_ASSET_AUDIT_0.1,H1972P5CI085,1972,5,CIENCIAS SOCIALES,standard_x_js,H1972P5CI085,218,291,218,https://historico.conaliteg.gob.mx/c/H1972P5CI085/218.jpg,0,source_jpeg,served_image,200,image/jpeg,68807,ddbdc833681c68380758b1f58b30cb07568b6377eb2d31dabbfba389867fce9d,1,
LTMD_U1_W4_SOCIAL_SCIENCES_ASSET_AUDIT_0.1,H1972P5CI085,1972,5,CIENCIAS SOCIALES,standard_x_js,H1972P5CI085,219,291,219,https://historico.conaliteg.gob.mx/c/H1972P5CI085/219.jpg,0,source_jpeg,served_image,200,image/jpeg,49403,0a3bd60d6e5f1c72ec8dba81bd669f2329805e3c7b4f6136da4ae4b0e60b4306,1,
LTMD_U1_W4_SOCIAL_SCIENCES_ASSET_AUDIT_0.1,H1972P5CI085,1972,5,CIENCIAS SOCIALES,standard_x_js,H1972P5CI085,220,291,220,https://historico.conaliteg.gob.mx/c/H1972P5CI085/220.jpg,0,source_jpeg,served_image,200,image/jpeg,61556,711383868f4791b3b3b9180d6a52d7c5054e0361195dd354b28725c3107d7b50,1,
LTMD_U1_W4_SOCIAL_SCIENCES_ASSET_AUDIT_0.1,H1972P5CI085,1972,5,CIENCIAS SOCIALES,standard_x_js,H1972P5CI085,221,291,221,https://historico.conaliteg.gob.mx/c/H1972P5CI085/221.jpg,0,source_jpeg,served_image,200,image/jpeg,61878,55891ebed019aded2fdccd68366f90ed40d8fb1d0024dff937b42da6c840b99d,1,
LTMD_U1_W4_SOCIAL_SCIENCES_ASSET_AUDIT_0.1,H1972P5CI085,1972,5,CIENCIAS SOCIALES,standard_x_js,H1972P5CI085,222,291,222,https://historico.conaliteg.gob.mx/c/H1972P5CI085/222.jpg,0,source_jpeg,served_image,200,image/jpeg,49178,2d5e283e51380ee89a5c91530471c9e85adf93051246db526424d52f8fa0e8be,1,
LTMD_U1_W4_SOCIAL_SCIENCES_ASSET_AUDIT_0.1,H1972P5CI085,1972,5,CIENCIAS SOCIALES,standard_x_js,H1972P5CI085,223,291,223,https://historico.conaliteg.gob.mx/c/H1972P5CI085/223.jpg,0,source_jpeg,served_image,200,image/jpeg,64043,e00da06928c6767d3a40d2d4c0488b06158c9139523bc63ebbaec390dbd3627a,1,
LTMD_U1_W4_SOCIAL_SCIENCES_ASSET_AUDIT_0.1,H1972P5CI085,1972,5,CIENCIAS SOCIALES,standard_x_js,H1972P5CI085,224,291,224,https://historico.conaliteg.gob.mx/c/H1972P5CI085/224.jpg,0,source_jpeg,served_image,200,image/jpeg,60831,9a1d03cd10cf979618bac16b35731cdab5403e3b982d7d99898c014b5bb7f429,1,
LTMD_U1_W4_SOCIAL_SCIENCES_ASSET_AUDIT_0.1,H1972P5CI085,1972,5,CIENCIAS SOCIALES,standard_x_js,H1972P5CI085,225,291,225,https://historico.conaliteg.gob.mx/c/H1972P5CI085/225.jpg,0,source_jpeg,served_image,200,image/jpeg,59642,a9ba75d7a1e1d8dc4e8443afb07df8393c5751dc864bfed809b6c08354c79aca,1,
LTMD_U1_W4_SOCIAL_SCIENCES_ASSET_AUDIT_0.1,H1972P5CI085,1972,5,CIENCIAS SOCIALES,standard_x_js,H1972P5CI085,226,291,226,https://historico.conaliteg.gob.mx/c/H1972P5CI085/226.jpg,0,source_jpeg,served_image,200,image/jpeg,59160,686683f7e40d87b71475fd1a5447d36a39e6642384d5a7e047c6bcec19992830,1,
LTMD_U1_W4_SOCIAL_SCIENCES_ASSET_AUDIT_0.1,H1972P5CI085,1972,5,CIENCIAS SOCIALES,standard_x_js,H1972P5CI085,227,291,227,https://historico.conaliteg.gob.mx/c/H1972P5CI085/227.jpg,0,source_jpeg,served_image,200,image/jpeg,67494,f046bbd1a43483bde2a1ff091b35655feb03dc82c16b4a06b236b43c9c149c32,1,
LTMD_U1_W4_SOCIAL_SCIENCES_ASSET_AUDIT_0.1,H1972P5CI085,1972,5,CIENCIAS SOCIALES,standard_x_js,H1972P5CI085,228,291,228,https://historico.conaliteg.gob.mx/c/H1972P5CI085/228.jpg,0,source_jpeg,served_image,200,image/jpeg,59690,9395daba58bb73d0d1dbb237084b3533ae3e5f67308e8387d7607860be8895aa,1,
LTMD_U1_W4_SOCIAL_SCIENCES_ASSET_AUDIT_0.1,H1972P5CI085,1972,5,CIENCIAS SOCIALES,standard_x_js,H1972P5CI085,229,291,229,https://historico.conaliteg.gob.mx/c/H1972P5CI085/229.jpg,0,source_jpeg,served_image,200,image/jpeg,64217,67bbb8ce0ba05ac13ffed904c5454806faec292aeeadc5533eaf56c4d6c9fd7a,1,
LTMD_U1_W4_SOCIAL_SCIENCES_ASSET_AUDIT_0.1,H1972P5CI085,1972,5,CIENCIAS SOCIALES,standard_x_js,H1972P5CI085,230,291,230,https://historico.conaliteg.gob.mx/c/H1972P5CI085/230.jpg,0,source_jpeg,served_image,200,image/jpeg,52012,20f0aae8725e713cc7d200bb8224da0bf0ed59a59e9adf93054542e1cb9de792,1,
LTMD_U1_W4_SOCIAL_SCIENCES_ASSET_AUDIT_0.1,H1972P5CI085,1972,5,CIENCIAS SOCIALES,standard_x_js,H1972P5CI085,231,291,231,https://historico.conaliteg.gob.mx/c/H1972P5CI085/231.jpg,0,source_jpeg,served_image,200,image/jpeg,58037,c790ae5e35e03a7b0cfb637301b9f3d4f3545049e38f31af183ae636dc9ecf51,1,
LTMD_U1_W4_SOCIAL_SCIENCES_ASSET_AUDIT_0.1,H1972P5CI085,1972,5,CIENCIAS SOCIALES,standard_x_js,H1972P5CI085,232,291,232,https://historico.conaliteg.gob.mx/c/H1972P5CI085/232.jpg,0,source_jpeg,served_image,200,image/jpeg,52458,e38a48725603336fdf3904273eb8800cc495804d73838f85429226decf095747,1,
LTMD_U1_W4_SOCIAL_SCIENCES_ASSET_AUDIT_0.1,H1972P5CI085,1972,5,CIENCIAS SOCIALES,standard_x_js,H1972P5CI085,233,291,233,https://historico.conaliteg.gob.mx/c/H1972P5CI085/233.jpg,0,source_jpeg,served_image,200,image/jpeg,71213,ee3d8f811fe7fab18cdd82f2944483533738025009afc54221088389d183fe46,1,
LTMD_U1_W4_SOCIAL_SCIENCES_ASSET_AUDIT_0.1,H1972P5CI085,1972,5,CIENCIAS SOCIALES,standard_x_js,H1972P5CI085,234,291,234,https://historico.conaliteg.gob.mx/c/H1972P5CI085/234.jpg,0,source_jpeg,served_image,200,image/jpeg,61499,bdd0d44a0cd83cbc4de6932f4cb3ab4adccafb70e95650cc2a9a27e018e99cfb,1,
LTMD_U1_W4_SOCIAL_SCIENCES_ASSET_AUDIT_0.1,H1972P5CI085,1972,5,CIENCIAS SOCIALES,standard_x_js,H1972P5CI085,235,291,235,https://historico.conaliteg.gob.mx/c/H1972P5CI085/235.jpg,0,source_jpeg,served_image,200,image/jpeg,66438,529a71985f598cd4b715a87d04d7aba50d74f5c441820996e98f8fd07507a1c8,1,
LTMD_U1_W4_SOCIAL_SCIENCES_ASSET_AUDIT_0.1,H1972P5CI085,1972,5,CIENCIAS SOCIALES,standard_x_js,H1972P5CI085,236,291,236,https://historico.conaliteg.gob.mx/c/H1972P5CI085/236.jpg,0,source_jpeg,served_image,200,image/jpeg,55102,1a80a427f9eeec9bfed31c058384a36d5d92922a1d2e599157779a037c31cbfb,1,
LTMD_U1_W4_SOCIAL_SCIENCES_ASSET_AUDIT_0.1,H1972P5CI085,1972,5,CIENCIAS SOCIALES,standard_x_js,H1972P5CI085,237,291,237,https://historico.conaliteg.gob.mx/c/H1972P5CI085/237.jpg,0,source_jpeg,served_image,200,image/jpeg,61885,3e6800b7538555785f3bfbde945cfb2c2b12a62a7ae017a429c6d22fc7657765,1,
LTMD_U1_W4_SOCIAL_SCIENCES_ASSET_AUDIT_0.1,H1972P5CI085,1972,5,CIENCIAS SOCIALES,standard_x_js,H1972P5CI085,238,291,238,https://historico.conaliteg.gob.mx/c/H1972P5CI085/238.jpg,0,source_jpeg,served_image,200,image/jpeg,66244,affead1153fc1d5e9622856e2e1987bd84a790de4074c3b72532d9024e23d743,1,
LTMD_U1_W4_SOCIAL_SCIENCES_ASSET_AUDIT_0.1,H1972P5CI085,1972,5,CIENCIAS SOCIALES,standard_x_js,H1972P5CI085,239,291,239,https://historico.conaliteg.gob.mx/c/H1972P5CI085/239.jpg,0,source_jpeg,served_image,200,image/jpeg,62347,8cdb8aa56ec7a00d93d288dc9dc4a8338a3f640f5fb7a827f871f7b54b6ef7ca,1,
LTMD_U1_W4_SOCIAL_SCIENCES_ASSET_AUDIT_0.1,H1972P5CI085,1972,5,CIENCIAS SOCIALES,standard_x_js,H1972P5CI085,240,291,240,https://historico.conaliteg.gob.mx/c/H1972P5CI085/240.jpg,0,source_jpeg,served_image,200,image/jpeg,44851,0fe7cb0e6845c6f44fded005c28977cf0cb9a8e973759c258c0fa03d01ca396e,1,
LTMD_U1_W4_SOCIAL_SCIENCES_ASSET_AUDIT_0.1,H1972P5CI085,1972,5,CIENCIAS SOCIALES,standard_x_js,H1972P5CI085,241,291,241,https://historico.conaliteg.gob.mx/c/H1972P5CI085/241.jpg,0,source_jpeg,served_image,200,image/jpeg,44085,5d5188539696b7497078cde4b3a9cc70abd2eca8b683ca8cea51add6507c7caa,1,
LTMD_U1_W4_SOCIAL_SCIENCES_ASSET_AUDIT_0.1,H1972P5CI085,1972,5,CIENCIAS SOCIALES,standard_x_js,H1972P5CI085,242,291,242,https://historico.conaliteg.gob.mx/c/H1972P5CI085/242.jpg,0,source_jpeg,served_image,200,image/jpeg,74836,c19b89b5dc6a8a417544480e00ff44c31072be18384ce29499e5972355f095c4,1,
LTMD_U1_W4_SOCIAL_SCIENCES_ASSET_AUDIT_0.1,H1972P5CI085,1972,5,CIENCIAS SOCIALES,standard_x_js,H1972P5CI085,243,291,243,https://historico.conaliteg.gob.mx/c/H1972P5CI085/243.jpg,0,source_jpeg,served_image,200,image/jpeg,69480,07bcfdf19547cf1217b5cd15423c4374e568c5705a1fa712bc85c1bfd7aaeee4,1,
LTMD_U1_W4_SOCIAL_SCIENCES_ASSET_AUDIT_0.1,H1972P5CI085,1972,5,CIENCIAS SOCIALES,standard_x_js,H1972P5CI085,244,291,244,https://historico.conaliteg.gob.mx/c/H1972P5CI085/244.jpg,0,source_jpeg,served_image,200,image/jpeg,53022,d89df3b851a68204ad651bceaa16afd82028dae048afdea25f68de6bfa107526,1,
LTMD_U1_W4_SOCIAL_SCIENCES_ASSET_AUDIT_0.1,H1972P5CI085,1972,5,CIENCIAS SOCIALES,standard_x_js,H1972P5CI085,245,291,245,https://historico.conaliteg.gob.mx/c/H1972P5CI085/245.jpg,0,source_jpeg,served_image,200,image/jpeg,61319,494a648c40e9faa19f6c4e1656ba624307231909f21165685772a709e9375478,1,
LTMD_U1_W4_SOCIAL_SCIENCES_ASSET_AUDIT_0.1,H1972P5CI085,1972,5,CIENCIAS SOCIALES,standard_x_js,H1972P5CI085,246,291,246,https://historico.conaliteg.gob.mx/c/H1972P5CI085/246.jpg,0,source_jpeg,served_image,200,image/jpeg,57857,5907d67bb6c74bff007037f2cc85d695e9398e4ef40c0cf8199d0781ab6b8f0a,1,
LTMD_U1_W4_SOCIAL_SCIENCES_ASSET_AUDIT_0.1,H1972P5CI085,1972,5,CIENCIAS SOCIALES,standard_x_js,H1972P5CI085,247,291,247,https://historico.conaliteg.gob.mx/c/H1972P5CI085/247.jpg,0,source_jpeg,served_image,200,image/jpeg,68705,b60f4f0edaf2fa283ac43b6d0ea8eeca144b8c959751cbfbf66f87ec08de52a8,1,
LTMD_U1_W4_SOCIAL_SCIENCES_ASSET_AUDIT_0.1,H1972P5CI085,1972,5,CIENCIAS SOCIALES,standard_x_js,H1972P5CI085,248,291,248,https://historico.conaliteg.gob.mx/c/H1972P5CI085/248.jpg,0,source_jpeg,served_image,200,image/jpeg,67005,cccf09a5c69a30717d87e203ec3774f00c42f267389a2c8e34024bbd658a808f,1,
LTMD_U1_W4_SOCIAL_SCIENCES_ASSET_AUDIT_0.1,H1972P5CI085,1972,5,CIENCIAS SOCIALES,standard_x_js,H1972P5CI085,249,291,249,https://historico.conaliteg.gob.mx/c/H1972P5CI085/249.jpg,0,source_jpeg,served_image,200,image/jpeg,60360,acf6e5cf19dbaced1def93563356593c327396f9d12905ed406b71df959737af,1,
LTMD_U1_W4_SOCIAL_SCIENCES_ASSET_AUDIT_0.1,H1972P5CI085,1972,5,CIENCIAS SOCIALES,standard_x_js,H1972P5CI085,250,291,250,https://historico.conaliteg.gob.mx/c/H1972P5CI085/250.jpg,0,source_jpeg,served_image,200,image/jpeg,65703,4ca68f6c3b45b3568a58f13cfc28ce07d3d0b8686c71d4a05d05c806b2105b15,1,
LTMD_U1_W4_SOCIAL_SCIENCES_ASSET_AUDIT_0.1,H1972P5CI085,1972,5,CIENCIAS SOCIALES,standard_x_js,H1972P5CI085,251,291,251,https://historico.conaliteg.gob.mx/c/H1972P5CI085/251.jpg,0,source_jpeg,served_image,200,image/jpeg,85629,de44e26356a5579ef1afedf90a849ffa2da5d064f00306f4f757495012c5418a,1,
LTMD_U1_W4_SOCIAL_SCIENCES_ASSET_AUDIT_0.1,H1972P5CI085,1972,5,CIENCIAS SOCIALES,standard_x_js,H1972P5CI085,252,291,252,https://historico.conaliteg.gob.mx/c/H1972P5CI085/252.jpg,0,source_jpeg,served_image,200,image/jpeg,72699,8c780fdb210eb405fbd440d8301b98815f7937b26de152546bd09e65b0ef132d,1,
LTMD_U1_W4_SOCIAL_SCIENCES_ASSET_AUDIT_0.1,H1972P5CI085,1972,5,CIENCIAS SOCIALES,standard_x_js,H1972P5CI085,253,291,253,https://historico.conaliteg.gob.mx/c/H1972P5CI085/253.jpg,0,source_jpeg,served_image,200,image/jpeg,58153,9f440995d35f964b9b00442767e761cc31103e94e65b1188a871291499f1c4ad,1,
LTMD_U1_W4_SOCIAL_SCIENCES_ASSET_AUDIT_0.1,H1972P5CI085,1972,5,CIENCIAS SOCIALES,standard_x_js,H1972P5CI085,254,291,254,https://historico.conaliteg.gob.mx/c/H1972P5CI085/254.jpg,0,source_jpeg,served_image,200,image/jpeg,57779,32d8594d333b1fd03c2b976b8fe74bb91d2b44935b6016761ba1cbee3d832bfe,1,
LTMD_U1_W4_SOCIAL_SCIENCES_ASSET_AUDIT_0.1,H1972P5CI085,1972,5,CIENCIAS SOCIALES,standard_x_js,H1972P5CI085,255,291,255,https://historico.conaliteg.gob.mx/c/H1972P5CI085/255.jpg,0,source_jpeg,served_image,200,image/jpeg,61966,756d9651e6681eeef5542e525220299633651137a93eed1e9e0024785c83607b,1,
LTMD_U1_W4_SOCIAL_SCIENCES_ASSET_AUDIT_0.1,H1972P5CI085,1972,5,CIENCIAS SOCIALES,standard_x_js,H1972P5CI085,256,291,256,https://historico.conaliteg.gob.mx/c/H1972P5CI085/256.jpg,0,source_jpeg,served_image,200,image/jpeg,52258,5cde456a514be5713a8540572c325d9ff2515c24a759c20f74d3da6ee1a8530a,1,
LTMD_U1_W4_SOCIAL_SCIENCES_ASSET_AUDIT_0.1,H1972P5CI085,1972,5,CIENCIAS SOCIALES,standard_x_js,H1972P5CI085,257,291,257,https://historico.conaliteg.gob.mx/c/H1972P5CI085/257.jpg,0,source_jpeg,served_image,200,image/jpeg,46598,404332847642af4afd66498d359b4aab1d907c91de806890b9dd90f28e2e64ba,1,
LTMD_U1_W4_SOCIAL_SCIENCES_ASSET_AUDIT_0.1,H1972P5CI085,1972,5,CIENCIAS SOCIALES,standard_x_js,H1972P5CI085,258,291,258,https://historico.conaliteg.gob.mx/c/H1972P5CI085/258.jpg,0,source_jpeg,served_image,200,image/jpeg,63098,6e4caa350e7204c40fcb620e7d90b28bd262a4eb22e66e24e51e2c328e110659,1,
LTMD_U1_W4_SOCIAL_SCIENCES_ASSET_AUDIT_0.1,H1972P5CI085,1972,5,CIENCIAS SOCIALES,standard_x_js,H1972P5CI085,259,291,259,https://historico.conaliteg.gob.mx/c/H1972P5CI085/259.jpg,0,source_jpeg,served_image,200,image/jpeg,61063,83007d0abb01c97308e7dd736f8835d633b0be254925a122c203802463fa3711,1,
LTMD_U1_W4_SOCIAL_SCIENCES_ASSET_AUDIT_0.1,H1972P5CI085,1972,5,CIENCIAS SOCIALES,standard_x_js,H1972P5CI085,260,291,260,https://historico.conaliteg.gob.mx/c/H1972P5CI085/260.jpg,0,source_jpeg,served_image,200,image/jpeg,71116,1f77727bfbcd0818e1c1da2ca1d7271b4831970be65d5b4811ac6372d8743576,1,
LTMD_U1_W4_SOCIAL_SCIENCES_ASSET_AUDIT_0.1,H1972P5CI085,1972,5,CIENCIAS SOCIALES,standard_x_js,H1972P5CI085,261,291,261,https://historico.conaliteg.gob.mx/c/H1972P5CI085/261.jpg,0,source_jpeg,served_image,200,image/jpeg,54522,2a055fd649fa4f85539feebdc93283f6f2cf7e6fb30d7bd1221574507794b188,1,
LTMD_U1_W4_SOCIAL_SCIENCES_ASSET_AUDIT_0.1,H1972P5CI085,1972,5,CIENCIAS SOCIALES,standard_x_js,H1972P5CI085,262,291,262,https://historico.conaliteg.gob.mx/c/H1972P5CI085/262.jpg,0,source_jpeg,served_image,200,image/jpeg,64267,984c290ce2b740969924ddd1173e995d78b4be14a14de55d2763a36b4843a410,1,
LTMD_U1_W4_SOCIAL_SCIENCES_ASSET_AUDIT_0.1,H1972P5CI085,1972,5,CIENCIAS SOCIALES,standard_x_js,H1972P5CI085,263,291,263,https://historico.conaliteg.gob.mx/c/H1972P5CI085/263.jpg,0,source_jpeg,served_image,200,image/jpeg,46701,f87cd27ee59e52f14561c3b3f1ff258c016b6e8ffdd30f9c57ca3b9141462717,1,
LTMD_U1_W4_SOCIAL_SCIENCES_ASSET_AUDIT_0.1,H1972P5CI085,1972,5,CIENCIAS SOCIALES,standard_x_js,H1972P5CI085,264,291,264,https://historico.conaliteg.gob.mx/c/H1972P5CI085/264.jpg,0,source_jpeg,served_image,200,image/jpeg,58055,a720771ceb8ee6a38b5a47d30999b3ad430b5c688d10fa34040179f3d31be52d,1,
LTMD_U1_W4_SOCIAL_SCIENCES_ASSET_AUDIT_0.1,H1972P5CI085,1972,5,CIENCIAS SOCIALES,standard_x_js,H1972P5CI085,265,291,265,https://historico.conaliteg.gob.mx/c/H1972P5CI085/265.jpg,0,source_jpeg,served_image,200,image/jpeg,59486,a72633a54ac5ec031fe174ed4bcbc7e7ebf000e70a03bb694a9cd22aed379b78,1,
LTMD_U1_W4_SOCIAL_SCIENCES_ASSET_AUDIT_0.1,H1972P5CI085,1972,5,CIENCIAS SOCIALES,standard_x_js,H1972P5CI085,266,291,266,https://historico.conaliteg.gob.mx/c/H1972P5CI085/266.jpg,0,source_jpeg,served_image,200,image/jpeg,58590,28cbb82cc089fc65eb6357b3c9833c354552a264a06ae3cd0286fcdd107e7e1b,1,
LTMD_U1_W4_SOCIAL_SCIENCES_ASSET_AUDIT_0.1,H1972P5CI085,1972,5,CIENCIAS SOCIALES,standard_x_js,H1972P5CI085,267,291,267,https://historico.conaliteg.gob.mx/c/H1972P5CI085/267.jpg,0,source_jpeg,served_image,200,image/jpeg,60024,0f75acc946dd4f76efb55cc147ec3da9622bef378c81b953b7ec6334daf075de,1,
LTMD_U1_W4_SOCIAL_SCIENCES_ASSET_AUDIT_0.1,H1972P5CI085,1972,5,CIENCIAS SOCIALES,standard_x_js,H1972P5CI085,268,291,268,https://historico.conaliteg.gob.mx/c/H1972P5CI085/268.jpg,0,source_jpeg,served_image,200,image/jpeg,55612,d91c5cdc8109fbe0b6e64ac37ba4f3d2c507c2ef9f285cfb290b19f2dca9ecba,1,
LTMD_U1_W4_SOCIAL_SCIENCES_ASSET_AUDIT_0.1,H1972P5CI085,1972,5,CIENCIAS SOCIALES,standard_x_js,H1972P5CI085,269,291,269,https://historico.conaliteg.gob.mx/c/H1972P5CI085/269.jpg,0,source_jpeg,served_image,200,image/jpeg,59049,298a45e72fdceafc319ea34ada62c4cabba807e67d1f303d60f91bf89b205286,1,
LTMD_U1_W4_SOCIAL_SCIENCES_ASSET_AUDIT_0.1,H1972P5CI085,1972,5,CIENCIAS SOCIALES,standard_x_js,H1972P5CI085,270,291,270,https://historico.conaliteg.gob.mx/c/H1972P5CI085/270.jpg,0,source_jpeg,served_image,200,image/jpeg,56395,036783312435cfd76f182a1aaba38948437b3867fc8af976025b4096b5b6b92a,1,
LTMD_U1_W4_SOCIAL_SCIENCES_ASSET_AUDIT_0.1,H1972P5CI085,1972,5,CIENCIAS SOCIALES,standard_x_js,H1972P5CI085,271,291,271,https://historico.conaliteg.gob.mx/c/H1972P5CI085/271.jpg,0,source_jpeg,served_image,200,image/jpeg,58196,317990c84ff17b03f5635a9953ea670b81c87cc6a8728515d361ea908f96d8df,1,
LTMD_U1_W4_SOCIAL_SCIENCES_ASSET_AUDIT_0.1,H1972P5CI085,1972,5,CIENCIAS SOCIALES,standard_x_js,H1972P5CI085,272,291,272,https://historico.conaliteg.gob.mx/c/H1972P5CI085/272.jpg,0,source_jpeg,served_image,200,image/jpeg,56702,dc3f8749d51e4a952b7eb57c243d7bcbda9a40ca6f6958fbfc6b7d2ef396021a,1,
LTMD_U1_W4_SOCIAL_SCIENCES_ASSET_AUDIT_0.1,H1972P5CI085,1972,5,CIENCIAS SOCIALES,standard_x_js,H1972P5CI085,273,291,273,https://historico.conaliteg.gob.mx/c/H1972P5CI085/273.jpg,0,source_jpeg,served_image,200,image/jpeg,56471,6c75ef7c6dd1fc46c6b3c3037cd10d76dd9097ca42a6c6a7cc8d0a1efa1318a6,1,
LTMD_U1_W4_SOCIAL_SCIENCES_ASSET_AUDIT_0.1,H1972P5CI085,1972,5,CIENCIAS SOCIALES,standard_x_js,H1972P5CI085,274,291,274,https://historico.conaliteg.gob.mx/c/H1972P5CI085/274.jpg,0,source_jpeg,served_image,200,image/jpeg,50977,1f46d308a993b0d62ec7356bb24537d26e39442a7e07a517c1dd59d7348f8517,1,
LTMD_U1_W4_SOCIAL_SCIENCES_ASSET_AUDIT_0.1,H1972P5CI085,1972,5,CIENCIAS SOCIALES,standard_x_js,H1972P5CI085,275,291,275,https://historico.conaliteg.gob.mx/c/H1972P5CI085/275.jpg,0,source_jpeg,served_image,200,image/jpeg,40857,b06750d383d1fbcf0f6cdd0925d3c65a353eaa61899b84f5c1747385679e393a,1,
LTMD_U1_W4_SOCIAL_SCIENCES_ASSET_AUDIT_0.1,H1972P5CI085,1972,5,CIENCIAS SOCIALES,standard_x_js,H1972P5CI085,276,291,276,https://historico.conaliteg.gob.mx/c/H1972P5CI085/276.jpg,0,source_jpeg,served_image,200,image/jpeg,48038,5c9fd3708be9fc1c3d8380357e881e7494a765ee96f72aa38ab81ab70f28786b,1,
LTMD_U1_W4_SOCIAL_SCIENCES_ASSET_AUDIT_0.1,H1972P5CI085,1972,5,CIENCIAS SOCIALES,standard_x_js,H1972P5CI085,277,291,277,https://historico.conaliteg.gob.mx/c/H1972P5CI085/277.jpg,0,source_jpeg,served_image,200,image/jpeg,47714,15c5a5875056e7933220eb7154028bae10cd308818e7ecc38475bc61f6dc8c2b,1,
LTMD_U1_W4_SOCIAL_SCIENCES_ASSET_AUDIT_0.1,H1972P5CI085,1972,5,CIENCIAS SOCIALES,standard_x_js,H1972P5CI085,278,291,278,https://historico.conaliteg.gob.mx/c/H1972P5CI085/278.jpg,0,source_jpeg,served_image,200,image/jpeg,36877,0858ab2d1894c02aa3ae4352bc915d955b48896f4d4b37efce3e83dbdcf41421,1,
LTMD_U1_W4_SOCIAL_SCIENCES_ASSET_AUDIT_0.1,H1972P5CI085,1972,5,CIENCIAS SOCIALES,standard_x_js,H1972P5CI085,279,291,279,https://historico.conaliteg.gob.mx/c/H1972P5CI085/279.jpg,0,source_jpeg,served_image,200,image/jpeg,38995,48cb5898e247d0a97d7d0fa173fb107cbde3e908aa21d0a34e51414b35e18715,1,
LTMD_U1_W4_SOCIAL_SCIENCES_ASSET_AUDIT_0.1,H1972P5CI085,1972,5,CIENCIAS SOCIALES,standard_x_js,H1972P5CI085,280,291,280,https://historico.conaliteg.gob.mx/c/H1972P5CI085/280.jpg,0,source_jpeg,served_image,200,image/jpeg,42424,a3459d5c0f42b977e26c731cc22cc7f70afdd0e42d68f236dc947ff2b057fa39,1,
LTMD_U1_W4_SOCIAL_SCIENCES_ASSET_AUDIT_0.1,H1972P5CI085,1972,5,CIENCIAS SOCIALES,standard_x_js,H1972P5CI085,281,291,281,https://historico.conaliteg.gob.mx/c/H1972P5CI085/281.jpg,0,source_jpeg,served_image,200,image/jpeg,45275,d0d559a586adbfd1d253a7b773eee7c7c9db890fba93b23e148ebc389e8b3478,1,
LTMD_U1_W4_SOCIAL_SCIENCES_ASSET_AUDIT_0.1,H1972P5CI085,1972,5,CIENCIAS SOCIALES,standard_x_js,H1972P5CI085,282,291,282,https://historico.conaliteg.gob.mx/c/H1972P5CI085/282.jpg,0,source_jpeg,served_image,200,image/jpeg,38782,293ece5787d215645bf2222e7c9c76e360805b754e17f005884543c5c9d78af2,1,
LTMD_U1_W4_SOCIAL_SCIENCES_ASSET_AUDIT_0.1,H1972P5CI085,1972,5,CIENCIAS SOCIALES,standard_x_js,H1972P5CI085,283,291,283,https://historico.conaliteg.gob.mx/c/H1972P5CI085/283.jpg,0,source_jpeg,served_image,200,image/jpeg,40510,e1e6e0685c7d1797af6f28faf3e96b3b011d7de8938617af2d8d5f14aed28a6c,1,
LTMD_U1_W4_SOCIAL_SCIENCES_ASSET_AUDIT_0.1,H1972P5CI085,1972,5,CIENCIAS SOCIALES,standard_x_js,H1972P5CI085,284,291,284,https://historico.conaliteg.gob.mx/c/H1972P5CI085/284.jpg,0,source_jpeg,served_image,200,image/jpeg,39516,7f3b9444fc59dbf86bd3838e28befd2a88df71b37b6d8d13de644896bb41a2fa,1,
LTMD_U1_W4_SOCIAL_SCIENCES_ASSET_AUDIT_0.1,H1972P5CI085,1972,5,CIENCIAS SOCIALES,standard_x_js,H1972P5CI085,285,291,285,https://historico.conaliteg.gob.mx/c/H1972P5CI085/285.jpg,0,source_jpeg,served_image,200,image/jpeg,41525,478a17fc417f7dc68018413078d2b028e774c81e354f9ddaba7226440a004b28,1,
LTMD_U1_W4_SOCIAL_SCIENCES_ASSET_AUDIT_0.1,H1972P5CI085,1972,5,CIENCIAS SOCIALES,standard_x_js,H1972P5CI085,286,291,286,https://historico.conaliteg.gob.mx/c/H1972P5CI085/286.jpg,0,source_jpeg,served_image,200,image/jpeg,23625,6bcf001788c0ea015a77b878901059b0728bddca741467417dbe2b18bd0e913c,1,
LTMD_U1_W4_SOCIAL_SCIENCES_ASSET_AUDIT_0.1,H1972P5CI085,1972,5,CIENCIAS SOCIALES,standard_x_js,H1972P5CI085,287,291,287,https://historico.conaliteg.gob.mx/c/H1972P5CI085/287.jpg,0,source_jpeg,served_image,200,image/jpeg,19088,c40e560c9a604d798057bc642947703d7ec7769a285b61ab1786ccfa64c9369b,1,
LTMD_U1_W4_SOCIAL_SCIENCES_ASSET_AUDIT_0.1,H1972P5CI085,1972,5,CIENCIAS SOCIALES,standard_x_js,H1972P5CI085,288,291,288,https://historico.conaliteg.gob.mx/c/H1972P5CI085/288.jpg,0,source_jpeg,served_image,200,image/jpeg,17701,1262ec0b305c840d606664e5ced0a3b981cb05ff83e035f3b36148434b149886,1,
LTMD_U1_W4_SOCIAL_SCIENCES_ASSET_AUDIT_0.1,H1972P5CI085,1972,5,CIENCIAS SOCIALES,standard_x_js,H1972P5CI085,289,291,289,https://historico.conaliteg.gob.mx/c/H1972P5CI085/289.jpg,0,source_jpeg,served_image,200,image/jpeg,46194,e2f0beacc812c73fbd47493f8d0304bacc9336aa20d22d2377554518a9cfc538,1,
LTMD_U1_W4_SOCIAL_SCIENCES_ASSET_AUDIT_0.1,H1972P5CI085,1972,5,CIENCIAS SOCIALES,standard_x_js,H1972P5CI085,290,291,290,https://historico.conaliteg.gob.mx/c/H1972P5CI085/290.jpg,0,source_jpeg,served_image,200,image/jpeg,231067,87e539442c0e915e9304eba7da8b683a014aac3d9b897ed09799648e154e7d30,1,
LTMD_U1_W4_SOCIAL_SCIENCES_ASSET_AUDIT_0.1,H1972P5CI085,1972,5,CIENCIAS SOCIALES,standard_x_js,H1972P5CI085,291,291,291,https://historico.conaliteg.gob.mx/c/H1972P5CI085/291.jpg,1,terminal_synthetic_candidate,http_404,404,text/html; charset=iso-8859-1,,,1,HTTP 404
LTMD_U1_W4_SOCIAL_SCIENCES_ASSET_AUDIT_0.1,H1972P6CI091,1972,6,CIENCIAS SOCIALES,standard_x_js,H1972P6CI091,1,211,0,https://historico.conaliteg.gob.mx/c/H1972P6CI091/000.jpg,0,source_jpeg,served_image,200,image/jpeg,285005,60dd25b4f7fc20d2dd67f2c54d06bd1aa72b14db48eb4bc62acef9e2262fbd26,1,
LTMD_U1_W4_SOCIAL_SCIENCES_ASSET_AUDIT_0.1,H1972P6CI091,1972,6,CIENCIAS SOCIALES,standard_x_js,H1972P6CI091,2,211,2,https://historico.conaliteg.gob.mx/c/H1972P6CI091/002.jpg,0,source_jpeg,served_image,200,image/jpeg,51166,14420ce3acf3e193e74ed78d8ad0a50ac2fd4a297a8b94586a39fd10d87a8795,1,
LTMD_U1_W4_SOCIAL_SCIENCES_ASSET_AUDIT_0.1,H1972P6CI091,1972,6,CIENCIAS SOCIALES,standard_x_js,H1972P6CI091,3,211,3,https://historico.conaliteg.gob.mx/c/H1972P6CI091/003.jpg,0,source_jpeg,served_image,200,image/jpeg,28941,18aa311976240997f27b3ac6b3cffc0995e8212946d7cd1aff5d0fdd9a40d4fe,1,
LTMD_U1_W4_SOCIAL_SCIENCES_ASSET_AUDIT_0.1,H1972P6CI091,1972,6,CIENCIAS SOCIALES,standard_x_js,H1972P6CI091,4,211,4,https://historico.conaliteg.gob.mx/c/H1972P6CI091/004.jpg,0,source_jpeg,served_image,200,image/jpeg,45035,05544d1afbc741c03404840795b5ae658f321e41dfad07cdcc532a2f591aee00,1,
LTMD_U1_W4_SOCIAL_SCIENCES_ASSET_AUDIT_0.1,H1972P6CI091,1972,6,CIENCIAS SOCIALES,standard_x_js,H1972P6CI091,5,211,5,https://historico.conaliteg.gob.mx/c/H1972P6CI091/005.jpg,0,source_jpeg,served_image,200,image/jpeg,47258,6638cca5c163a659e06f7da9714ae75410324823376cd1d228805c3d8ffd055d,1,
LTMD_U1_W4_SOCIAL_SCIENCES_ASSET_AUDIT_0.1,H1972P6CI091,1972,6,CIENCIAS SOCIALES,standard_x_js,H1972P6CI091,6,211,6,https://historico.conaliteg.gob.mx/c/H1972P6CI091/006.jpg,0,source_jpeg,served_image,200,image/jpeg,72345,3968e76c664b9ed1852ca872f2eb140a4174136ccf5bcdeb25016e6053a65988,1,
LTMD_U1_W4_SOCIAL_SCIENCES_ASSET_AUDIT_0.1,H1972P6CI091,1972,6,CIENCIAS SOCIALES,standard_x_js,H1972P6CI091,7,211,7,https://historico.conaliteg.gob.mx/c/H1972P6CI091/007.jpg,0,source_jpeg,served_image,200,image/jpeg,61606,06b75e96689f73deaeb7610d3c4af5e75e21b2279ad889049a7517d39eff01f5,1,
LTMD_U1_W4_SOCIAL_SCIENCES_ASSET_AUDIT_0.1,H1972P6CI091,1972,6,CIENCIAS SOCIALES,standard_x_js,H1972P6CI091,8,211,8,https://historico.conaliteg.gob.mx/c/H1972P6CI091/008.jpg,0,source_jpeg,served_image,200,image/jpeg,49119,d246380f6b502aaff1f2850d017809fb8373e47010d1c105bf1fb92b0709ca87,1,
LTMD_U1_W4_SOCIAL_SCIENCES_ASSET_AUDIT_0.1,H1972P6CI091,1972,6,CIENCIAS SOCIALES,standard_x_js,H1972P6CI091,9,211,9,https://historico.conaliteg.gob.mx/c/H1972P6CI091/009.jpg,0,source_jpeg,served_image,200,image/jpeg,61595,cfe48dc50a884e99f392d63840bdd96bab92471d12c7dab47fb107a89b0e9017,1,
LTMD_U1_W4_SOCIAL_SCIENCES_ASSET_AUDIT_0.1,H1972P6CI091,1972,6,CIENCIAS SOCIALES,standard_x_js,H1972P6CI091,10,211,10,https://historico.conaliteg.gob.mx/c/H1972P6CI091/010.jpg,0,source_jpeg,served_image,200,image/jpeg,74439,c117d0d354af24cd56b5b4909723fdd9f1bce5900e7ef6b2420b8cac88c87210,1,
LTMD_U1_W4_SOCIAL_SCIENCES_ASSET_AUDIT_0.1,H1972P6CI091,1972,6,CIENCIAS SOCIALES,standard_x_js,H1972P6CI091,11,211,11,https://historico.conaliteg.gob.mx/c/H1972P6CI091/011.jpg,0,source_jpeg,served_image,200,image/jpeg,60487,cdc101281f209b0beaa9403ed9934a2dd94532a2ebdd41c645f876f79ad59c84,1,
LTMD_U1_W4_SOCIAL_SCIENCES_ASSET_AUDIT_0.1,H1972P6CI091,1972,6,CIENCIAS SOCIALES,standard_x_js,H1972P6CI091,12,211,12,https://historico.conaliteg.gob.mx/c/H1972P6CI091/012.jpg,0,source_jpeg,served_image,200,image/jpeg,67232,a8e60ccdc7bdfb3f0d58599e0c66e2febe225a975ba94d0d00c42c0f5762f946,1,
LTMD_U1_W4_SOCIAL_SCIENCES_ASSET_AUDIT_0.1,H1972P6CI091,1972,6,CIENCIAS SOCIALES,standard_x_js,H1972P6CI091,13,211,13,https://historico.conaliteg.gob.mx/c/H1972P6CI091/013.jpg,0,source_jpeg,served_image,200,image/jpeg,64385,d1c5024b4ba32e9d37ba35f16466d8030042ece28449931ec141e82d404ed4ad,1,
LTMD_U1_W4_SOCIAL_SCIENCES_ASSET_AUDIT_0.1,H1972P6CI091,1972,6,CIENCIAS SOCIALES,standard_x_js,H1972P6CI091,14,211,14,https://historico.conaliteg.gob.mx/c/H1972P6CI091/014.jpg,0,source_jpeg,served_image,200,image/jpeg,79140,c1a5f214c859959b802859baf7598f8a3cc8f725be7021a4838ed4639b1cfe7a,1,
LTMD_U1_W4_SOCIAL_SCIENCES_ASSET_AUDIT_0.1,H1972P6CI091,1972,6,CIENCIAS SOCIALES,standard_x_js,H1972P6CI091,15,211,15,https://historico.conaliteg.gob.mx/c/H1972P6CI091/015.jpg,0,source_jpeg,served_image,200,image/jpeg,49969,63733172ad5926b68cff376f56a5868b566e5a678516bd4fe23742390b4b4fe3,1,
LTMD_U1_W4_SOCIAL_SCIENCES_ASSET_AUDIT_0.1,H1972P6CI091,1972,6,CIENCIAS SOCIALES,standard_x_js,H1972P6CI091,16,211,16,https://historico.conaliteg.gob.mx/c/H1972P6CI091/016.jpg,0,source_jpeg,served_image,200,image/jpeg,74824,cccf698b00a02da363e3e4afec24deb44c2ef9b83d65ac4950c2ccf668844f94,1,
LTMD_U1_W4_SOCIAL_SCIENCES_ASSET_AUDIT_0.1,H1972P6CI091,1972,6,CIENCIAS SOCIALES,standard_x_js,H1972P6CI091,17,211,17,https://historico.conaliteg.gob.mx/c/H1972P6CI091/017.jpg,0,source_jpeg,served_image,200,image/jpeg,66209,308806e85e6873f12a29d5870b53f608bb73f42e3521cc2eb98948a51965030e,1,
LTMD_U1_W4_SOCIAL_SCIENCES_ASSET_AUDIT_0.1,H1972P6CI091,1972,6,CIENCIAS SOCIALES,standard_x_js,H1972P6CI091,18,211,18,https://historico.conaliteg.gob.mx/c/H1972P6CI091/018.jpg,0,source_jpeg,served_image,200,image/jpeg,86006,b0cba4ecfdc2217941603853fe7bffa17e061024415dccc345f20f0e8c2b4c3e,1,
LTMD_U1_W4_SOCIAL_SCIENCES_ASSET_AUDIT_0.1,H1972P6CI091,1972,6,CIENCIAS SOCIALES,standard_x_js,H1972P6CI091,19,211,19,https://historico.conaliteg.gob.mx/c/H1972P6CI091/019.jpg,0,source_jpeg,served_image,200,image/jpeg,71578,da9d27f8d8bd8a9cdb0a748ca8b8aea0da29d40903077ccd508bfce03f4d9f46,1,
LTMD_U1_W4_SOCIAL_SCIENCES_ASSET_AUDIT_0.1,H1972P6CI091,1972,6,CIENCIAS SOCIALES,standard_x_js,H1972P6CI091,20,211,20,https://historico.conaliteg.gob.mx/c/H1972P6CI091/020.jpg,0,source_jpeg,served_image,200,image/jpeg,49498,66a137de726f885b91f3e93013a48b24fb8d0957409818e2fa3b4c448408a30b,1,
LTMD_U1_W4_SOCIAL_SCIENCES_ASSET_AUDIT_0.1,H1972P6CI091,1972,6,CIENCIAS SOCIALES,standard_x_js,H1972P6CI091,21,211,21,https://historico.conaliteg.gob.mx/c/H1972P6CI091/021.jpg,0,source_jpeg,served_image,200,image/jpeg,46336,5981f1e5b39c2577f81ecb53a34a06dbe30f8ef20e05b8e5bc275d86bd65f9ec,1,
LTMD_U1_W4_SOCIAL_SCIENCES_ASSET_AUDIT_0.1,H1972P6CI091,1972,6,CIENCIAS SOCIALES,standard_x_js,H1972P6CI091,22,211,22,https://historico.conaliteg.gob.mx/c/H1972P6CI091/022.jpg,0,source_jpeg,served_image,200,image/jpeg,56129,c1a022bc222e00e67060e11b60237b33e6f69d6f3bb33cdc838404aa85a7bbd3,1,
LTMD_U1_W4_SOCIAL_SCIENCES_ASSET_AUDIT_0.1,H1972P6CI091,1972,6,CIENCIAS SOCIALES,standard_x_js,H1972P6CI091,23,211,23,https://historico.conaliteg.gob.mx/c/H1972P6CI091/023.jpg,0,source_jpeg,served_image,200,image/jpeg,52534,3e67d6929d78a50dbc37d4f82701f5f7d63d25d88aa08a7f4994ea183eec8ccb,1,
LTMD_U1_W4_SOCIAL_SCIENCES_ASSET_AUDIT_0.1,H1972P6CI091,1972,6,CIENCIAS SOCIALES,standard_x_js,H1972P6CI091,24,211,24,https://historico.conaliteg.gob.mx/c/H1972P6CI091/024.jpg,0,source_jpeg,served_image,200,image/jpeg,67234,1b0b6acd22ebea1842f0e2e39bb2d7a1a0eae8780530079aa029f1b94b5c3d7e,1,
LTMD_U1_W4_SOCIAL_SCIENCES_ASSET_AUDIT_0.1,H1972P6CI091,1972,6,CIENCIAS SOCIALES,standard_x_js,H1972P6CI091,25,211,25,https://historico.conaliteg.gob.mx/c/H1972P6CI091/025.jpg,0,source_jpeg,served_image,200,image/jpeg,78394,1ac0ea8336630c393f90c25a1e505b8523e0b8d47fa1b0f75256960e7dfd5e8e,1,
LTMD_U1_W4_SOCIAL_SCIENCES_ASSET_AUDIT_0.1,H1972P6CI091,1972,6,CIENCIAS SOCIALES,standard_x_js,H1972P6CI091,26,211,26,https://historico.conaliteg.gob.mx/c/H1972P6CI091/026.jpg,0,source_jpeg,served_image,200,image/jpeg,67825,c5a6f51a3a10a546aaf08355ff8725c87c6d23112c6f3044d6a886b1c0ffe126,1,
LTMD_U1_W4_SOCIAL_SCIENCES_ASSET_AUDIT_0.1,H1972P6CI091,1972,6,CIENCIAS SOCIALES,standard_x_js,H1972P6CI091,27,211,27,https://historico.conaliteg.gob.mx/c/H1972P6CI091/027.jpg,0,source_jpeg,served_image,200,image/jpeg,80978,c12022675436cc52f226516d104413c5b2e6e2ca8cf84ead6d4929745c9ddcc5,1,
LTMD_U1_W4_SOCIAL_SCIENCES_ASSET_AUDIT_0.1,H1972P6CI091,1972,6,CIENCIAS SOCIALES,standard_x_js,H1972P6CI091,28,211,28,https://historico.conaliteg.gob.mx/c/H1972P6CI091/028.jpg,0,source_jpeg,served_image,200,image/jpeg,65832,96ab06e358597f413964f41d374568a5e5175eec78cb127d400e7167cc063f0e,1,
LTMD_U1_W4_SOCIAL_SCIENCES_ASSET_AUDIT_0.1,H1972P6CI091,1972,6,CIENCIAS SOCIALES,standard_x_js,H1972P6CI091,29,211,29,https://historico.conaliteg.gob.mx/c/H1972P6CI091/029.jpg,0,source_jpeg,served_image,200,image/jpeg,77114,2f9da4d064a3d99dec2a0ed8bdaf871c7c4806d4250471e944e856b0998bb21c,1,
LTMD_U1_W4_SOCIAL_SCIENCES_ASSET_AUDIT_0.1,H1972P6CI091,1972,6,CIENCIAS SOCIALES,standard_x_js,H1972P6CI091,30,211,30,https://historico.conaliteg.gob.mx/c/H1972P6CI091/030.jpg,0,source_jpeg,served_image,200,image/jpeg,83831,d8045beba464766c4f124551a13dedfe856280c8abb7c5421513bf150bb4117c,1,
LTMD_U1_W4_SOCIAL_SCIENCES_ASSET_AUDIT_0.1,H1972P6CI091,1972,6,CIENCIAS SOCIALES,standard_x_js,H1972P6CI091,31,211,31,https://historico.conaliteg.gob.mx/c/H1972P6CI091/031.jpg,0,source_jpeg,served_image,200,image/jpeg,61283,cfbbbe4285db6601bb44261a5e15c1b0aeb4f97de004a34836f59de324696b63,1,
LTMD_U1_W4_SOCIAL_SCIENCES_ASSET_AUDIT_0.1,H1972P6CI091,1972,6,CIENCIAS SOCIALES,standard_x_js,H1972P6CI091,32,211,32,https://historico.conaliteg.gob.mx/c/H1972P6CI091/032.jpg,0,source_jpeg,served_image,200,image/jpeg,70146,182b5372b2f57b5ad581264d0d2b4102f5c91e379f6db0eb12f42b3b325e1132,1,
LTMD_U1_W4_SOCIAL_SCIENCES_ASSET_AUDIT_0.1,H1972P6CI091,1972,6,CIENCIAS SOCIALES,standard_x_js,H1972P6CI091,33,211,33,https://historico.conaliteg.gob.mx/c/H1972P6CI091/033.jpg,0,source_jpeg,served_image,200,image/jpeg,73310,a60a4d44660a0286f8af8565cb39ad31e3ef68c67f2265a099fa14577baacdf1,1,
LTMD_U1_W4_SOCIAL_SCIENCES_ASSET_AUDIT_0.1,H1972P6CI091,1972,6,CIENCIAS SOCIALES,standard_x_js,H1972P6CI091,34,211,34,https://historico.conaliteg.gob.mx/c/H1972P6CI091/034.jpg,0,source_jpeg,served_image,200,image/jpeg,71362,435b060c12acd05dbef1584b4067ca2c42630aab1964622f6b45fea7321d38b5,1,
LTMD_U1_W4_SOCIAL_SCIENCES_ASSET_AUDIT_0.1,H1972P6CI091,1972,6,CIENCIAS SOCIALES,standard_x_js,H1972P6CI091,35,211,35,https://historico.conaliteg.gob.mx/c/H1972P6CI091/035.jpg,0,source_jpeg,served_image,200,image/jpeg,71087,56c3defa090498f09e6fb932d38a97be27c58e510f06648934f62ec353cb8262,1,
LTMD_U1_W4_SOCIAL_SCIENCES_ASSET_AUDIT_0.1,H1972P6CI091,1972,6,CIENCIAS SOCIALES,standard_x_js,H1972P6CI091,36,211,36,https://historico.conaliteg.gob.mx/c/H1972P6CI091/036.jpg,0,source_jpeg,served_image,200,image/jpeg,74852,70d3a99925989d2eee3815a4f6b5d9a8df69580a69ac98cd65d2c355a0c68190,1,
LTMD_U1_W4_SOCIAL_SCIENCES_ASSET_AUDIT_0.1,H1972P6CI091,1972,6,CIENCIAS SOCIALES,standard_x_js,H1972P6CI091,37,211,37,https://historico.conaliteg.gob.mx/c/H1972P6CI091/037.jpg,0,source_jpeg,served_image,200,image/jpeg,60445,f309e12aaf7ab543508b2980a071d72ad51476d8e144b1d131355b1b684422b1,1,
LTMD_U1_W4_SOCIAL_SCIENCES_ASSET_AUDIT_0.1,H1972P6CI091,1972,6,CIENCIAS SOCIALES,standard_x_js,H1972P6CI091,38,211,38,https://historico.conaliteg.gob.mx/c/H1972P6CI091/038.jpg,0,source_jpeg,served_image,200,image/jpeg,68437,5b15117a4912c514ef86a501f089775d67e692ed33e785fd7b17f391e40ac43c,1,
LTMD_U1_W4_SOCIAL_SCIENCES_ASSET_AUDIT_0.1,H1972P6CI091,1972,6,CIENCIAS SOCIALES,standard_x_js,H1972P6CI091,39,211,39,https://historico.conaliteg.gob.mx/c/H1972P6CI091/039.jpg,0,source_jpeg,served_image,200,image/jpeg,69555,2fd552dc92f9029dc655616f98bc624f3025322f437baba90f89154383ec3b2b,1,
LTMD_U1_W4_SOCIAL_SCIENCES_ASSET_AUDIT_0.1,H1972P6CI091,1972,6,CIENCIAS SOCIALES,standard_x_js,H1972P6CI091,40,211,40,https://historico.conaliteg.gob.mx/c/H1972P6CI091/040.jpg,0,source_jpeg,served_image,200,image/jpeg,54289,b1d1a9537732cd12d2c14a65165a814268a022589fa6b2411f410c9ae92c5168,1,
LTMD_U1_W4_SOCIAL_SCIENCES_ASSET_AUDIT_0.1,H1972P6CI091,1972,6,CIENCIAS SOCIALES,standard_x_js,H1972P6CI091,41,211,41,https://historico.conaliteg.gob.mx/c/H1972P6CI091/041.jpg,0,source_jpeg,served_image,200,image/jpeg,81415,9043ebffb504bfce0f81ff094e1272ed1bdb7afaf5b4642b3cd2a320e0a3164c,1,
LTMD_U1_W4_SOCIAL_SCIENCES_ASSET_AUDIT_0.1,H1972P6CI091,1972,6,CIENCIAS SOCIALES,standard_x_js,H1972P6CI091,42,211,42,https://historico.conaliteg.gob.mx/c/H1972P6CI091/042.jpg,0,source_jpeg,served_image,200,image/jpeg,48099,b806da4c4cf06f8d244339bb09e445eb08b3574d6572db1307adf722e965ad0f,1,
LTMD_U1_W4_SOCIAL_SCIENCES_ASSET_AUDIT_0.1,H1972P6CI091,1972,6,CIENCIAS SOCIALES,standard_x_js,H1972P6CI091,43,211,43,https://historico.conaliteg.gob.mx/c/H1972P6CI091/043.jpg,0,source_jpeg,served_image,200,image/jpeg,76270,56b4150e33abd4b5eb56e93d22408a6272e5c8dfada3f40afd16902511e0099c,1,
LTMD_U1_W4_SOCIAL_SCIENCES_ASSET_AUDIT_0.1,H1972P6CI091,1972,6,CIENCIAS SOCIALES,standard_x_js,H1972P6CI091,44,211,44,https://historico.conaliteg.gob.mx/c/H1972P6CI091/044.jpg,0,source_jpeg,served_image,200,image/jpeg,78282,44f4f9e971883212420b75c4da1c69ff927fbadb31fb36c5991b2e2d39778d87,1,
LTMD_U1_W4_SOCIAL_SCIENCES_ASSET_AUDIT_0.1,H1972P6CI091,1972,6,CIENCIAS SOCIALES,standard_x_js,H1972P6CI091,45,211,45,https://historico.conaliteg.gob.mx/c/H1972P6CI091/045.jpg,0,source_jpeg,served_image,200,image/jpeg,62168,c73b72333ab79871960f4a426692ef33fdb8dcb3025c7d1d893b863f8c1b357f,1,
LTMD_U1_W4_SOCIAL_SCIENCES_ASSET_AUDIT_0.1,H1972P6CI091,1972,6,CIENCIAS SOCIALES,standard_x_js,H1972P6CI091,46,211,46,https://historico.conaliteg.gob.mx/c/H1972P6CI091/046.jpg,0,source_jpeg,served_image,200,image/jpeg,64756,8dd7c4cad4e61b53e21e03b31dec4688359a62345c0e1fc08357c3270487b3f4,1,
LTMD_U1_W4_SOCIAL_SCIENCES_ASSET_AUDIT_0.1,H1972P6CI091,1972,6,CIENCIAS SOCIALES,standard_x_js,H1972P6CI091,47,211,47,https://historico.conaliteg.gob.mx/c/H1972P6CI091/047.jpg,0,source_jpeg,served_image,200,image/jpeg,66115,e4f3a19c7acf79b0975803423dd0fdda3f0f2735692e55d2010558a079ee6d0a,1,
LTMD_U1_W4_SOCIAL_SCIENCES_ASSET_AUDIT_0.1,H1972P6CI091,1972,6,CIENCIAS SOCIALES,standard_x_js,H1972P6CI091,48,211,48,https://historico.conaliteg.gob.mx/c/H1972P6CI091/048.jpg,0,source_jpeg,served_image,200,image/jpeg,74079,5b993b73cdd2c1de0a7972d641259d847796e3a5710f2abb5a6ab75d71802c83,1,
LTMD_U1_W4_SOCIAL_SCIENCES_ASSET_AUDIT_0.1,H1972P6CI091,1972,6,CIENCIAS SOCIALES,standard_x_js,H1972P6CI091,49,211,49,https://historico.conaliteg.gob.mx/c/H1972P6CI091/049.jpg,0,source_jpeg,served_image,200,image/jpeg,73674,de3eb3017b28183006c215d4ace7f4c6869011133bea9d90ed7f79877558631e,1,
LTMD_U1_W4_SOCIAL_SCIENCES_ASSET_AUDIT_0.1,H1972P6CI091,1972,6,CIENCIAS SOCIALES,standard_x_js,H1972P6CI091,50,211,50,https://historico.conaliteg.gob.mx/c/H1972P6CI091/050.jpg,0,source_jpeg,served_image,200,image/jpeg,54749,29788bdc9c85ff1a10e3cf1b68f07ec62c3effa2dfe80d0f152de1362a0e35e2,1,
LTMD_U1_W4_SOCIAL_SCIENCES_ASSET_AUDIT_0.1,H1972P6CI091,1972,6,CIENCIAS SOCIALES,standard_x_js,H1972P6CI091,51,211,51,https://historico.conaliteg.gob.mx/c/H1972P6CI091/051.jpg,0,source_jpeg,served_image,200,image/jpeg,46645,4b016f559ab515c548bd5bb6356978585194ebbd941cfaf57e20498f2fd3d7d1,1,
LTMD_U1_W4_SOCIAL_SCIENCES_ASSET_AUDIT_0.1,H1972P6CI091,1972,6,CIENCIAS SOCIALES,standard_x_js,H1972P6CI091,52,211,52,https://historico.conaliteg.gob.mx/c/H1972P6CI091/052.jpg,0,source_jpeg,served_image,200,image/jpeg,73258,90e06510e1fcb2133c9b3ac74abf595d20b262c974ab7a0c73deceb67cacdfcd,1,
LTMD_U1_W4_SOCIAL_SCIENCES_ASSET_AUDIT_0.1,H1972P6CI091,1972,6,CIENCIAS SOCIALES,standard_x_js,H1972P6CI091,53,211,53,https://historico.conaliteg.gob.mx/c/H1972P6CI091/053.jpg,0,source_jpeg,served_image,200,image/jpeg,77111,c2a7dcc6cae60e38646bc98efbefb1175099a2f3881aa72a70ec2f2e3dae5339,1,
LTMD_U1_W4_SOCIAL_SCIENCES_ASSET_AUDIT_0.1,H1972P6CI091,1972,6,CIENCIAS SOCIALES,standard_x_js,H1972P6CI091,54,211,54,https://historico.conaliteg.gob.mx/c/H1972P6CI091/054.jpg,0,source_jpeg,served_image,200,image/jpeg,74247,d75b08d94925c8fc7e7f4fda66f2fab19b4369485fd70efd926403f37634b759,1,
LTMD_U1_W4_SOCIAL_SCIENCES_ASSET_AUDIT_0.1,H1972P6CI091,1972,6,CIENCIAS SOCIALES,standard_x_js,H1972P6CI091,55,211,55,https://historico.conaliteg.gob.mx/c/H1972P6CI091/055.jpg,0,source_jpeg,served_image,200,image/jpeg,71488,352a5a3d3527112a3b1bacd3ca4a8aa4726cd2d5255aacd4846506e4abd9281e,1,
LTMD_U1_W4_SOCIAL_SCIENCES_ASSET_AUDIT_0.1,H1972P6CI091,1972,6,CIENCIAS SOCIALES,standard_x_js,H1972P6CI091,56,211,56,https://historico.conaliteg.gob.mx/c/H1972P6CI091/056.jpg,0,source_jpeg,served_image,200,image/jpeg,69394,1333fd075a1adddf4489b700de9e9d298e19ba7a131cf36f6d7b52b93800ea37,1,
LTMD_U1_W4_SOCIAL_SCIENCES_ASSET_AUDIT_0.1,H1972P6CI091,1972,6,CIENCIAS SOCIALES,standard_x_js,H1972P6CI091,57,211,57,https://historico.conaliteg.gob.mx/c/H1972P6CI091/057.jpg,0,source_jpeg,served_image,200,image/jpeg,78678,93c76fc56a930e3a4afec1e73c0a67a9513f9ae462d81be4f6006979b3c57521,1,
LTMD_U1_W4_SOCIAL_SCIENCES_ASSET_AUDIT_0.1,H1972P6CI091,1972,6,CIENCIAS SOCIALES,standard_x_js,H1972P6CI091,58,211,58,https://historico.conaliteg.gob.mx/c/H1972P6CI091/058.jpg,0,source_jpeg,served_image,200,image/jpeg,61851,683950b13f3f817cc4553648cd62ffccdcbf01ffd1e7f051106c038943d373b8,1,
LTMD_U1_W4_SOCIAL_SCIENCES_ASSET_AUDIT_0.1,H1972P6CI091,1972,6,CIENCIAS SOCIALES,standard_x_js,H1972P6CI091,59,211,59,https://historico.conaliteg.gob.mx/c/H1972P6CI091/059.jpg,0,source_jpeg,served_image,200,image/jpeg,63391,c456c3f26fcb2b15eab2d0beccd7fe83ad0349b0eaf270c44b3a55904d55470d,1,
LTMD_U1_W4_SOCIAL_SCIENCES_ASSET_AUDIT_0.1,H1972P6CI091,1972,6,CIENCIAS SOCIALES,standard_x_js,H1972P6CI091,60,211,60,https://historico.conaliteg.gob.mx/c/H1972P6CI091/060.jpg,0,source_jpeg,served_image,200,image/jpeg,69128,55163aff6d74313badd132c3f93982fd231e81ce13ab387a58b528a318630ebd,1,
LTMD_U1_W4_SOCIAL_SCIENCES_ASSET_AUDIT_0.1,H1972P6CI091,1972,6,CIENCIAS SOCIALES,standard_x_js,H1972P6CI091,61,211,61,https://historico.conaliteg.gob.mx/c/H1972P6CI091/061.jpg,0,source_jpeg,served_image,200,image/jpeg,71766,0e4642693499b98c82212733a5001019524c578374278b19a6a1992529a317eb,1,
LTMD_U1_W4_SOCIAL_SCIENCES_ASSET_AUDIT_0.1,H1972P6CI091,1972,6,CIENCIAS SOCIALES,standard_x_js,H1972P6CI091,62,211,62,https://historico.conaliteg.gob.mx/c/H1972P6CI091/062.jpg,0,source_jpeg,served_image,200,image/jpeg,68203,a5f3b2876f817256da33094c2b4f53d974f3b41ecb80e731b88087a94de9a052,1,
LTMD_U1_W4_SOCIAL_SCIENCES_ASSET_AUDIT_0.1,H1972P6CI091,1972,6,CIENCIAS SOCIALES,standard_x_js,H1972P6CI091,63,211,63,https://historico.conaliteg.gob.mx/c/H1972P6CI091/063.jpg,0,source_jpeg,served_image,200,image/jpeg,67824,2c457137c7c59d0a789482f2982191887d86f5c2ce035387413641621ca152fa,1,
LTMD_U1_W4_SOCIAL_SCIENCES_ASSET_AUDIT_0.1,H1972P6CI091,1972,6,CIENCIAS SOCIALES,standard_x_js,H1972P6CI091,64,211,64,https://historico.conaliteg.gob.mx/c/H1972P6CI091/064.jpg,0,source_jpeg,served_image,200,image/jpeg,65559,0cf4512820f0cf299e1b848f362744cca7bf103a0ab1508e0905be4114053361,1,
LTMD_U1_W4_SOCIAL_SCIENCES_ASSET_AUDIT_0.1,H1972P6CI091,1972,6,CIENCIAS SOCIALES,standard_x_js,H1972P6CI091,65,211,65,https://historico.conaliteg.gob.mx/c/H1972P6CI091/065.jpg,0,source_jpeg,served_image,200,image/jpeg,72937,92abd87b28296e20d295f25f9ae9a2edd8e1464a5c94806557e7ce7b6eefb08d,1,
LTMD_U1_W4_SOCIAL_SCIENCES_ASSET_AUDIT_0.1,H1972P6CI091,1972,6,CIENCIAS SOCIALES,standard_x_js,H1972P6CI091,66,211,66,https://historico.conaliteg.gob.mx/c/H1972P6CI091/066.jpg,0,source_jpeg,served_image,200,image/jpeg,58353,e72640f64c7053b89bf664e3e251c55b83bffc658d083923bfc6474ea12fb9f1,1,
LTMD_U1_W4_SOCIAL_SCIENCES_ASSET_AUDIT_0.1,H1972P6CI091,1972,6,CIENCIAS SOCIALES,standard_x_js,H1972P6CI091,67,211,67,https://historico.conaliteg.gob.mx/c/H1972P6CI091/067.jpg,0,source_jpeg,served_image,200,image/jpeg,78290,28752a5302959dc3ca210752ae3f1015d84173ece8472aaf1c71061bb2293115,1,
LTMD_U1_W4_SOCIAL_SCIENCES_ASSET_AUDIT_0.1,H1972P6CI091,1972,6,CIENCIAS SOCIALES,standard_x_js,H1972P6CI091,68,211,68,https://historico.conaliteg.gob.mx/c/H1972P6CI091/068.jpg,0,source_jpeg,served_image,200,image/jpeg,59735,dba9a9b09c6d799afbacce0d1d9b23e05cb785eb66bab879e6da8eda5c1d3dec,1,
LTMD_U1_W4_SOCIAL_SCIENCES_ASSET_AUDIT_0.1,H1972P6CI091,1972,6,CIENCIAS SOCIALES,standard_x_js,H1972P6CI091,69,211,69,https://historico.conaliteg.gob.mx/c/H1972P6CI091/069.jpg,0,source_jpeg,served_image,200,image/jpeg,71462,1943f188f6d187acd372bdb69dc1d7a01fbace5332e64fdc19a0729b0ada599d,1,
LTMD_U1_W4_SOCIAL_SCIENCES_ASSET_AUDIT_0.1,H1972P6CI091,1972,6,CIENCIAS SOCIALES,standard_x_js,H1972P6CI091,70,211,70,https://historico.conaliteg.gob.mx/c/H1972P6CI091/070.jpg,0,source_jpeg,served_image,200,image/jpeg,79136,2414b86575beb0a8ee56c308da0a5c9a784243d0364eb23d411ae944b2f171d0,1,
LTMD_U1_W4_SOCIAL_SCIENCES_ASSET_AUDIT_0.1,H1972P6CI091,1972,6,CIENCIAS SOCIALES,standard_x_js,H1972P6CI091,71,211,71,https://historico.conaliteg.gob.mx/c/H1972P6CI091/071.jpg,0,source_jpeg,served_image,200,image/jpeg,69440,285b59da7c7c9761f8e73807f87c3a2338761a72b1f801439e7dfdc197367716,1,
LTMD_U1_W4_SOCIAL_SCIENCES_ASSET_AUDIT_0.1,H1972P6CI091,1972,6,CIENCIAS SOCIALES,standard_x_js,H1972P6CI091,72,211,72,https://historico.conaliteg.gob.mx/c/H1972P6CI091/072.jpg,0,source_jpeg,served_image,200,image/jpeg,70272,6796f5de70d8be396a9b585879b406a5175ba10990cbe43d9e29eb0d90d84742,1,
LTMD_U1_W4_SOCIAL_SCIENCES_ASSET_AUDIT_0.1,H1972P6CI091,1972,6,CIENCIAS SOCIALES,standard_x_js,H1972P6CI091,73,211,73,https://historico.conaliteg.gob.mx/c/H1972P6CI091/073.jpg,0,source_jpeg,served_image,200,image/jpeg,77579,5b3a1bd74eb448726f0d2f0a9d819d73caa59c1313209f144d5c6fd4a3375ed4,1,
LTMD_U1_W4_SOCIAL_SCIENCES_ASSET_AUDIT_0.1,H1972P6CI091,1972,6,CIENCIAS SOCIALES,standard_x_js,H1972P6CI091,74,211,74,https://historico.conaliteg.gob.mx/c/H1972P6CI091/074.jpg,0,source_jpeg,served_image,200,image/jpeg,64499,c982978a9903489abb94457840d0e4a5d25cb118997503ec7b13bf8acab9aa1f,1,
LTMD_U1_W4_SOCIAL_SCIENCES_ASSET_AUDIT_0.1,H1972P6CI091,1972,6,CIENCIAS SOCIALES,standard_x_js,H1972P6CI091,75,211,75,https://historico.conaliteg.gob.mx/c/H1972P6CI091/075.jpg,0,source_jpeg,served_image,200,image/jpeg,72227,c5cfc30525b051a17ae99b7e64ccffcb979956dc314b6d58d2a0c3cf6735ebd4,1,
LTMD_U1_W4_SOCIAL_SCIENCES_ASSET_AUDIT_0.1,H1972P6CI091,1972,6,CIENCIAS SOCIALES,standard_x_js,H1972P6CI091,76,211,76,https://historico.conaliteg.gob.mx/c/H1972P6CI091/076.jpg,0,source_jpeg,served_image,200,image/jpeg,67975,c3a82245b72973bd15c32c4367a91d504b46538bc58a466f6354fa4656f841fb,1,
LTMD_U1_W4_SOCIAL_SCIENCES_ASSET_AUDIT_0.1,H1972P6CI091,1972,6,CIENCIAS SOCIALES,standard_x_js,H1972P6CI091,77,211,77,https://historico.conaliteg.gob.mx/c/H1972P6CI091/077.jpg,0,source_jpeg,served_image,200,image/jpeg,71789,7eca3b845fae7953cb354b77cb49e972d0b00516b55167f81331bcbb631c7c9d,1,
LTMD_U1_W4_SOCIAL_SCIENCES_ASSET_AUDIT_0.1,H1972P6CI091,1972,6,CIENCIAS SOCIALES,standard_x_js,H1972P6CI091,78,211,78,https://historico.conaliteg.gob.mx/c/H1972P6CI091/078.jpg,0,source_jpeg,served_image,200,image/jpeg,53797,c32a9be0129b4f4111588cf5f7f469e587740e82e6a616e4aa35a8ad2655f274,1,
LTMD_U1_W4_SOCIAL_SCIENCES_ASSET_AUDIT_0.1,H1972P6CI091,1972,6,CIENCIAS SOCIALES,standard_x_js,H1972P6CI091,79,211,79,https://historico.conaliteg.gob.mx/c/H1972P6CI091/079.jpg,0,source_jpeg,served_image,200,image/jpeg,47070,aa1100756ef6677663747b5346f6b919b166598028e79bc6d47bb7d818c6e5b7,1,
LTMD_U1_W4_SOCIAL_SCIENCES_ASSET_AUDIT_0.1,H1972P6CI091,1972,6,CIENCIAS SOCIALES,standard_x_js,H1972P6CI091,80,211,80,https://historico.conaliteg.gob.mx/c/H1972P6CI091/080.jpg,0,source_jpeg,served_image,200,image/jpeg,59760,0e93146169d47d907d403de5609915e3c13cc719fe0fa3cfdaf9a2e77326d436,1,
LTMD_U1_W4_SOCIAL_SCIENCES_ASSET_AUDIT_0.1,H1972P6CI091,1972,6,CIENCIAS SOCIALES,standard_x_js,H1972P6CI091,81,211,81,https://historico.conaliteg.gob.mx/c/H1972P6CI091/081.jpg,0,source_jpeg,served_image,200,image/jpeg,55974,ebc9f4c7b2e9912c9d75d84026dc561f9bf41069fac225abc3d6f49f7bfdb15f,1,
LTMD_U1_W4_SOCIAL_SCIENCES_ASSET_AUDIT_0.1,H1972P6CI091,1972,6,CIENCIAS SOCIALES,standard_x_js,H1972P6CI091,82,211,82,https://historico.conaliteg.gob.mx/c/H1972P6CI091/082.jpg,0,source_jpeg,served_image,200,image/jpeg,75183,d494bd91af0204998cfd98ebccd97c9a2e5cbc177f9b71986695f721ef913cc2,1,
LTMD_U1_W4_SOCIAL_SCIENCES_ASSET_AUDIT_0.1,H1972P6CI091,1972,6,CIENCIAS SOCIALES,standard_x_js,H1972P6CI091,83,211,83,https://historico.conaliteg.gob.mx/c/H1972P6CI091/083.jpg,0,source_jpeg,served_image,200,image/jpeg,76215,4301743b340a9a082eb29bdfac04ccc02ba4f5d91dc537b6d2344fd6e9d44d2f,1,
LTMD_U1_W4_SOCIAL_SCIENCES_ASSET_AUDIT_0.1,H1972P6CI091,1972,6,CIENCIAS SOCIALES,standard_x_js,H1972P6CI091,84,211,84,https://historico.conaliteg.gob.mx/c/H1972P6CI091/084.jpg,0,source_jpeg,served_image,200,image/jpeg,72392,450958b6c8b2ad56810c1b22b2b2e7e4cbf4f0b793a7897ddb68ba9993648b74,1,
LTMD_U1_W4_SOCIAL_SCIENCES_ASSET_AUDIT_0.1,H1972P6CI091,1972,6,CIENCIAS SOCIALES,standard_x_js,H1972P6CI091,85,211,85,https://historico.conaliteg.gob.mx/c/H1972P6CI091/085.jpg,0,source_jpeg,served_image,200,image/jpeg,74619,3a2f411ffd2c6d66f45bc7e983f11b6d479273390d84c2f0fa919bc63f4dd4dd,1,
LTMD_U1_W4_SOCIAL_SCIENCES_ASSET_AUDIT_0.1,H1972P6CI091,1972,6,CIENCIAS SOCIALES,standard_x_js,H1972P6CI091,86,211,86,https://historico.conaliteg.gob.mx/c/H1972P6CI091/086.jpg,0,source_jpeg,served_image,200,image/jpeg,69389,c7d3971186eb771ffe0e44710046a6a357a7cb2fe41cd5f26e9f0674d4e4c0b5,1,
LTMD_U1_W4_SOCIAL_SCIENCES_ASSET_AUDIT_0.1,H1972P6CI091,1972,6,CIENCIAS SOCIALES,standard_x_js,H1972P6CI091,87,211,87,https://historico.conaliteg.gob.mx/c/H1972P6CI091/087.jpg,0,source_jpeg,served_image,200,image/jpeg,72806,658c99c31cff99fa485423470cf5a14fe303f30e447b0aeea9b55a019a62ae5f,1,
LTMD_U1_W4_SOCIAL_SCIENCES_ASSET_AUDIT_0.1,H1972P6CI091,1972,6,CIENCIAS SOCIALES,standard_x_js,H1972P6CI091,88,211,88,https://historico.conaliteg.gob.mx/c/H1972P6CI091/088.jpg,0,source_jpeg,served_image,200,image/jpeg,62600,0a82c6d733cbc14d8d5e89ab398fbc42fa704d4bf53f9aacc305374fc2c5e2b8,1,
LTMD_U1_W4_SOCIAL_SCIENCES_ASSET_AUDIT_0.1,H1972P6CI091,1972,6,CIENCIAS SOCIALES,standard_x_js,H1972P6CI091,89,211,89,https://historico.conaliteg.gob.mx/c/H1972P6CI091/089.jpg,0,source_jpeg,served_image,200,image/jpeg,78351,988cba985cdd8c962563fab48a7869600fb4beb32ad310fb06ca101e0d1f7417,1,
LTMD_U1_W4_SOCIAL_SCIENCES_ASSET_AUDIT_0.1,H1972P6CI091,1972,6,CIENCIAS SOCIALES,standard_x_js,H1972P6CI091,90,211,90,https://historico.conaliteg.gob.mx/c/H1972P6CI091/090.jpg,0,source_jpeg,served_image,200,image/jpeg,77567,cb7240bc83f1de310119240795fab3701fdc040461308e25bbb14245f722cc50,1,
LTMD_U1_W4_SOCIAL_SCIENCES_ASSET_AUDIT_0.1,H1972P6CI091,1972,6,CIENCIAS SOCIALES,standard_x_js,H1972P6CI091,91,211,91,https://historico.conaliteg.gob.mx/c/H1972P6CI091/091.jpg,0,source_jpeg,served_image,200,image/jpeg,69356,a16d57dc513c45442246954a23fdb41cc01d8b8288981de398f6fb8c053a46a4,1,
LTMD_U1_W4_SOCIAL_SCIENCES_ASSET_AUDIT_0.1,H1972P6CI091,1972,6,CIENCIAS SOCIALES,standard_x_js,H1972P6CI091,92,211,92,https://historico.conaliteg.gob.mx/c/H1972P6CI091/092.jpg,0,source_jpeg,served_image,200,image/jpeg,66246,05837fcbd5425689aa6d7eb38c1f6eb84e43db9fafbf695bc6fde894f696f488,1,
LTMD_U1_W4_SOCIAL_SCIENCES_ASSET_AUDIT_0.1,H1972P6CI091,1972,6,CIENCIAS SOCIALES,standard_x_js,H1972P6CI091,93,211,93,https://historico.conaliteg.gob.mx/c/H1972P6CI091/093.jpg,0,source_jpeg,served_image,200,image/jpeg,69567,09de4101e6ab9b216dbef126a14a3b1ef03fd16ea42b8518fa34fd0ab95cfcbb,1,
LTMD_U1_W4_SOCIAL_SCIENCES_ASSET_AUDIT_0.1,H1972P6CI091,1972,6,CIENCIAS SOCIALES,standard_x_js,H1972P6CI091,94,211,94,https://historico.conaliteg.gob.mx/c/H1972P6CI091/094.jpg,0,source_jpeg,served_image,200,image/jpeg,74258,2e96a0245f2c85820af13f9c362dd7b616e5bff992cd4d2a1315e911730153fe,1,
LTMD_U1_W4_SOCIAL_SCIENCES_ASSET_AUDIT_0.1,H1972P6CI091,1972,6,CIENCIAS SOCIALES,standard_x_js,H1972P6CI091,95,211,95,https://historico.conaliteg.gob.mx/c/H1972P6CI091/095.jpg,0,source_jpeg,served_image,200,image/jpeg,67789,1a46ae68990c6488d4e0bc4ae47a9ad95367ce979713418bb9e300a62d840c1b,1,
LTMD_U1_W4_SOCIAL_SCIENCES_ASSET_AUDIT_0.1,H1972P6CI091,1972,6,CIENCIAS SOCIALES,standard_x_js,H1972P6CI091,96,211,96,https://historico.conaliteg.gob.mx/c/H1972P6CI091/096.jpg,0,source_jpeg,served_image,200,image/jpeg,74658,a6addb0760885df3febe81cec8695ec8cfe36e9aa8614746e495c79ce13096a9,1,
LTMD_U1_W4_SOCIAL_SCIENCES_ASSET_AUDIT_0.1,H1972P6CI091,1972,6,CIENCIAS SOCIALES,standard_x_js,H1972P6CI091,97,211,97,https://historico.conaliteg.gob.mx/c/H1972P6CI091/097.jpg,0,source_jpeg,served_image,200,image/jpeg,82734,bd2a60d86fe5e0003f06a4db61a2adb2027fb8fe0e71ccbf457c48525dcdd6db,1,
LTMD_U1_W4_SOCIAL_SCIENCES_ASSET_AUDIT_0.1,H1972P6CI091,1972,6,CIENCIAS SOCIALES,standard_x_js,H1972P6CI091,98,211,98,https://historico.conaliteg.gob.mx/c/H1972P6CI091/098.jpg,0,source_jpeg,served_image,200,image/jpeg,70099,8c618f2e5ce0976a5cb5be1c6483c017c287be19b4874e615a17c79fea3427c6,1,
LTMD_U1_W4_SOCIAL_SCIENCES_ASSET_AUDIT_0.1,H1972P6CI091,1972,6,CIENCIAS SOCIALES,standard_x_js,H1972P6CI091,99,211,99,https://historico.conaliteg.gob.mx/c/H1972P6CI091/099.jpg,0,source_jpeg,served_image,200,image/jpeg,80224,37c470448a69798e730b7e0efe43d4031f0b5345beab8bf97be02cd53c2ac11e,1,
LTMD_U1_W4_SOCIAL_SCIENCES_ASSET_AUDIT_0.1,H1972P6CI091,1972,6,CIENCIAS SOCIALES,standard_x_js,H1972P6CI091,100,211,100,https://historico.conaliteg.gob.mx/c/H1972P6CI091/100.jpg,0,source_jpeg,served_image,200,image/jpeg,49500,043a888fbe6e052f77695d5f88272e3446b6135f2985da1761e66fee716828fc,1,
LTMD_U1_W4_SOCIAL_SCIENCES_ASSET_AUDIT_0.1,H1972P6CI091,1972,6,CIENCIAS SOCIALES,standard_x_js,H1972P6CI091,101,211,101,https://historico.conaliteg.gob.mx/c/H1972P6CI091/101.jpg,0,source_jpeg,served_image,200,image/jpeg,44370,9ae762c1b90ed934962f6e2ecc37768ab8ecbb2af95117a17de533cfcecf2d7e,1,
LTMD_U1_W4_SOCIAL_SCIENCES_ASSET_AUDIT_0.1,H1972P6CI091,1972,6,CIENCIAS SOCIALES,standard_x_js,H1972P6CI091,102,211,102,https://historico.conaliteg.gob.mx/c/H1972P6CI091/102.jpg,0,source_jpeg,served_image,200,image/jpeg,70280,2aee79a7f3ae374c557e26b75010ace94481066d2cf9e230ecf6a291f3faca88,1,
LTMD_U1_W4_SOCIAL_SCIENCES_ASSET_AUDIT_0.1,H1972P6CI091,1972,6,CIENCIAS SOCIALES,standard_x_js,H1972P6CI091,103,211,103,https://historico.conaliteg.gob.mx/c/H1972P6CI091/103.jpg,0,source_jpeg,served_image,200,image/jpeg,75472,5cca6c3de7d36d046c4ce7865c2c78290cc2d3671292d2fa4f5d29f427fa010b,1,
LTMD_U1_W4_SOCIAL_SCIENCES_ASSET_AUDIT_0.1,H1972P6CI091,1972,6,CIENCIAS SOCIALES,standard_x_js,H1972P6CI091,104,211,104,https://historico.conaliteg.gob.mx/c/H1972P6CI091/104.jpg,0,source_jpeg,served_image,200,image/jpeg,71525,c93a5fa9f92b8a8c0a718b8dc91445ba9f7f1b61ead3f280ec8da5e3f9b562fe,1,
LTMD_U1_W4_SOCIAL_SCIENCES_ASSET_AUDIT_0.1,H1972P6CI091,1972,6,CIENCIAS SOCIALES,standard_x_js,H1972P6CI091,105,211,105,https://historico.conaliteg.gob.mx/c/H1972P6CI091/105.jpg,0,source_jpeg,served_image,200,image/jpeg,75898,32434523e9dfb40ead61815d3751ad75563577198f463951b1cf4c6e221acf14,1,
LTMD_U1_W4_SOCIAL_SCIENCES_ASSET_AUDIT_0.1,H1972P6CI091,1972,6,CIENCIAS SOCIALES,standard_x_js,H1972P6CI091,106,211,106,https://historico.conaliteg.gob.mx/c/H1972P6CI091/106.jpg,0,source_jpeg,served_image,200,image/jpeg,72826,f4f60078e6299cfadfc9c7295491028f41d44e76339b4686274a21e27099bc0d,1,
LTMD_U1_W4_SOCIAL_SCIENCES_ASSET_AUDIT_0.1,H1972P6CI091,1972,6,CIENCIAS SOCIALES,standard_x_js,H1972P6CI091,107,211,107,https://historico.conaliteg.gob.mx/c/H1972P6CI091/107.jpg,0,source_jpeg,served_image,200,image/jpeg,71739,a313b8660ee81d7b7f0bee86132461092216a64067de31d69be4e5630ac3058d,1,
LTMD_U1_W4_SOCIAL_SCIENCES_ASSET_AUDIT_0.1,H1972P6CI091,1972,6,CIENCIAS SOCIALES,standard_x_js,H1972P6CI091,108,211,108,https://historico.conaliteg.gob.mx/c/H1972P6CI091/108.jpg,0,source_jpeg,served_image,200,image/jpeg,75760,ef57ad7ed338482fc41a42a5f5a09bd152f0eeb32eff1dcaac0778a1eed0570c,1,
LTMD_U1_W4_SOCIAL_SCIENCES_ASSET_AUDIT_0.1,H1972P6CI091,1972,6,CIENCIAS SOCIALES,standard_x_js,H1972P6CI091,109,211,109,https://historico.conaliteg.gob.mx/c/H1972P6CI091/109.jpg,0,source_jpeg,served_image,200,image/jpeg,74103,fbe4697480070550e232077f3676338da05f702b8f269c4fe9ab9d76d2fce7c2,1,
LTMD_U1_W4_SOCIAL_SCIENCES_ASSET_AUDIT_0.1,H1972P6CI091,1972,6,CIENCIAS SOCIALES,standard_x_js,H1972P6CI091,110,211,110,https://historico.conaliteg.gob.mx/c/H1972P6CI091/110.jpg,0,source_jpeg,served_image,200,image/jpeg,75059,5acf27ce326d4911d56e486c8cb841cfb7d34880921570fed6aed91b7179df0e,1,
LTMD_U1_W4_SOCIAL_SCIENCES_ASSET_AUDIT_0.1,H1972P6CI091,1972,6,CIENCIAS SOCIALES,standard_x_js,H1972P6CI091,111,211,111,https://historico.conaliteg.gob.mx/c/H1972P6CI091/111.jpg,0,source_jpeg,served_image,200,image/jpeg,62388,43cd65355edad134e6f1a40175deb2baddcde956c68f9e2bfa2c104bfb43e445,1,
LTMD_U1_W4_SOCIAL_SCIENCES_ASSET_AUDIT_0.1,H1972P6CI091,1972,6,CIENCIAS SOCIALES,standard_x_js,H1972P6CI091,112,211,112,https://historico.conaliteg.gob.mx/c/H1972P6CI091/112.jpg,0,source_jpeg,served_image,200,image/jpeg,74247,028087ae54c41ade8359303fc8687d5c1898d49f567ccce3c3b8a9d34eba3eb2,1,
LTMD_U1_W4_SOCIAL_SCIENCES_ASSET_AUDIT_0.1,H1972P6CI091,1972,6,CIENCIAS SOCIALES,standard_x_js,H1972P6CI091,113,211,113,https://historico.conaliteg.gob.mx/c/H1972P6CI091/113.jpg,0,source_jpeg,served_image,200,image/jpeg,52367,96fef3d7ac1d2952afd0b5e59d0256aa8a9140d65bee7646392be57107fb2aaa,1,
LTMD_U1_W4_SOCIAL_SCIENCES_ASSET_AUDIT_0.1,H1972P6CI091,1972,6,CIENCIAS SOCIALES,standard_x_js,H1972P6CI091,114,211,114,https://historico.conaliteg.gob.mx/c/H1972P6CI091/114.jpg,0,source_jpeg,served_image,200,image/jpeg,71087,d47502e8063be41fd3191c586fd87980784bde8c593d10de14b4d44abb03552f,1,
LTMD_U1_W4_SOCIAL_SCIENCES_ASSET_AUDIT_0.1,H1972P6CI091,1972,6,CIENCIAS SOCIALES,standard_x_js,H1972P6CI091,115,211,115,https://historico.conaliteg.gob.mx/c/H1972P6CI091/115.jpg,0,source_jpeg,served_image,200,image/jpeg,65208,5a269d0675f06df8e5f9b1cafa526cf7d13a72d132f34a56674099bbf3eb8e34,1,
LTMD_U1_W4_SOCIAL_SCIENCES_ASSET_AUDIT_0.1,H1972P6CI091,1972,6,CIENCIAS SOCIALES,standard_x_js,H1972P6CI091,116,211,116,https://historico.conaliteg.gob.mx/c/H1972P6CI091/116.jpg,0,source_jpeg,served_image,200,image/jpeg,70117,804076f8079d88012bdcda0d88f6717caee9e250cfe463ca92878f0f24ee3de3,1,
LTMD_U1_W4_SOCIAL_SCIENCES_ASSET_AUDIT_0.1,H1972P6CI091,1972,6,CIENCIAS SOCIALES,standard_x_js,H1972P6CI091,117,211,117,https://historico.conaliteg.gob.mx/c/H1972P6CI091/117.jpg,0,source_jpeg,served_image,200,image/jpeg,74966,43680406f9ef97a8abca0dd1c5649ffe0a8b58c556b44af865a84649da1ac7a8,1,
LTMD_U1_W4_SOCIAL_SCIENCES_ASSET_AUDIT_0.1,H1972P6CI091,1972,6,CIENCIAS SOCIALES,standard_x_js,H1972P6CI091,118,211,118,https://historico.conaliteg.gob.mx/c/H1972P6CI091/118.jpg,0,source_jpeg,served_image,200,image/jpeg,41174,f752f9fab8231ead2cbb7c024ab302f2a5e13a0c275015f4760235545775b78a,1,
LTMD_U1_W4_SOCIAL_SCIENCES_ASSET_AUDIT_0.1,H1972P6CI091,1972,6,CIENCIAS SOCIALES,standard_x_js,H1972P6CI091,119,211,119,https://historico.conaliteg.gob.mx/c/H1972P6CI091/119.jpg,0,source_jpeg,served_image,200,image/jpeg,35770,963055ea74eee958448263f3ade78fc9157cb2cc5f0d32edb383545dc4889bfd,1,
LTMD_U1_W4_SOCIAL_SCIENCES_ASSET_AUDIT_0.1,H1972P6CI091,1972,6,CIENCIAS SOCIALES,standard_x_js,H1972P6CI091,120,211,120,https://historico.conaliteg.gob.mx/c/H1972P6CI091/120.jpg,0,source_jpeg,served_image,200,image/jpeg,64021,ede4c38f3d8104956e53944cc9005d8808af0f90a38fdd2c8658750e69e18d49,1,
LTMD_U1_W4_SOCIAL_SCIENCES_ASSET_AUDIT_0.1,H1972P6CI091,1972,6,CIENCIAS SOCIALES,standard_x_js,H1972P6CI091,121,211,121,https://historico.conaliteg.gob.mx/c/H1972P6CI091/121.jpg,0,source_jpeg,served_image,200,image/jpeg,68453,074547772a0caacb5f3de80183d31561f8c0fba0b223908bf8e62248293552c0,1,
LTMD_U1_W4_SOCIAL_SCIENCES_ASSET_AUDIT_0.1,H1972P6CI091,1972,6,CIENCIAS SOCIALES,standard_x_js,H1972P6CI091,122,211,122,https://historico.conaliteg.gob.mx/c/H1972P6CI091/122.jpg,0,source_jpeg,served_image,200,image/jpeg,54209,0a525ef7aeb9ec3d38c0b2a807869971101cef3e6c77f823e361d332f9215ec0,1,
LTMD_U1_W4_SOCIAL_SCIENCES_ASSET_AUDIT_0.1,H1972P6CI091,1972,6,CIENCIAS SOCIALES,standard_x_js,H1972P6CI091,123,211,123,https://historico.conaliteg.gob.mx/c/H1972P6CI091/123.jpg,0,source_jpeg,served_image,200,image/jpeg,63471,ef8a089b32dba2a7e67af8ded2414387ac34aa78ffb04046365dd2821261ca82,1,
LTMD_U1_W4_SOCIAL_SCIENCES_ASSET_AUDIT_0.1,H1972P6CI091,1972,6,CIENCIAS SOCIALES,standard_x_js,H1972P6CI091,124,211,124,https://historico.conaliteg.gob.mx/c/H1972P6CI091/124.jpg,0,source_jpeg,served_image,200,image/jpeg,70061,f722520fdf1450c32b63dff477ef7943eda9c856f3c98cae68960241b93c179a,1,
LTMD_U1_W4_SOCIAL_SCIENCES_ASSET_AUDIT_0.1,H1972P6CI091,1972,6,CIENCIAS SOCIALES,standard_x_js,H1972P6CI091,125,211,125,https://historico.conaliteg.gob.mx/c/H1972P6CI091/125.jpg,0,source_jpeg,served_image,200,image/jpeg,66499,9d45c11bf222cd04c61c3ef741ef45c6083c4b01abc4c182914aac15b02065d1,1,
LTMD_U1_W4_SOCIAL_SCIENCES_ASSET_AUDIT_0.1,H1972P6CI091,1972,6,CIENCIAS SOCIALES,standard_x_js,H1972P6CI091,126,211,126,https://historico.conaliteg.gob.mx/c/H1972P6CI091/126.jpg,0,source_jpeg,served_image,200,image/jpeg,64841,db17261e7fc6aafc38272e9959c3347cc38e88fba10fd986f216e2786d85e81d,1,
LTMD_U1_W4_SOCIAL_SCIENCES_ASSET_AUDIT_0.1,H1972P6CI091,1972,6,CIENCIAS SOCIALES,standard_x_js,H1972P6CI091,127,211,127,https://historico.conaliteg.gob.mx/c/H1972P6CI091/127.jpg,0,source_jpeg,served_image,200,image/jpeg,74352,e4d08c677e3aa3ad85f72c6bd4767eda346774fb03dc27b491b2ea3972090a73,1,
LTMD_U1_W4_SOCIAL_SCIENCES_ASSET_AUDIT_0.1,H1972P6CI091,1972,6,CIENCIAS SOCIALES,standard_x_js,H1972P6CI091,128,211,128,https://historico.conaliteg.gob.mx/c/H1972P6CI091/128.jpg,0,source_jpeg,served_image,200,image/jpeg,70315,b0c1b7f69a6347dee570faf8e6010db1406efd616a12820dc8a0f8a109f2ed52,1,
LTMD_U1_W4_SOCIAL_SCIENCES_ASSET_AUDIT_0.1,H1972P6CI091,1972,6,CIENCIAS SOCIALES,standard_x_js,H1972P6CI091,129,211,129,https://historico.conaliteg.gob.mx/c/H1972P6CI091/129.jpg,0,source_jpeg,served_image,200,image/jpeg,64403,4c4da5aad6ac2de0811b48de7237354797b6ce0c6359e395fa563f09acbcedcf,1,
LTMD_U1_W4_SOCIAL_SCIENCES_ASSET_AUDIT_0.1,H1972P6CI091,1972,6,CIENCIAS SOCIALES,standard_x_js,H1972P6CI091,130,211,130,https://historico.conaliteg.gob.mx/c/H1972P6CI091/130.jpg,0,source_jpeg,served_image,200,image/jpeg,64012,24393805989612a6cf3da02447cad199f6f6a5732eba2b9aa4a262d7c71f363e,1,
LTMD_U1_W4_SOCIAL_SCIENCES_ASSET_AUDIT_0.1,H1972P6CI091,1972,6,CIENCIAS SOCIALES,standard_x_js,H1972P6CI091,131,211,131,https://historico.conaliteg.gob.mx/c/H1972P6CI091/131.jpg,0,source_jpeg,served_image,200,image/jpeg,75291,29ad2958ed0d4f1fa92575171214b90e3240a8a1686ff3852831f88ab25ce5c1,1,
LTMD_U1_W4_SOCIAL_SCIENCES_ASSET_AUDIT_0.1,H1972P6CI091,1972,6,CIENCIAS SOCIALES,standard_x_js,H1972P6CI091,132,211,132,https://historico.conaliteg.gob.mx/c/H1972P6CI091/132.jpg,0,source_jpeg,served_image,200,image/jpeg,75031,e21ec4c8c4e86899e5163c5c2f5e84576d70e4a6decdc4a6a38f8a36f9958dd0,1,
LTMD_U1_W4_SOCIAL_SCIENCES_ASSET_AUDIT_0.1,H1972P6CI091,1972,6,CIENCIAS SOCIALES,standard_x_js,H1972P6CI091,133,211,133,https://historico.conaliteg.gob.mx/c/H1972P6CI091/133.jpg,0,source_jpeg,served_image,200,image/jpeg,71536,b7e3bf6971affb12a18b9298a152a890ae02e0a6c7ed719af2c577ee18629d86,1,
LTMD_U1_W4_SOCIAL_SCIENCES_ASSET_AUDIT_0.1,H1972P6CI091,1972,6,CIENCIAS SOCIALES,standard_x_js,H1972P6CI091,134,211,134,https://historico.conaliteg.gob.mx/c/H1972P6CI091/134.jpg,0,source_jpeg,served_image,200,image/jpeg,68468,ae389b38cd38764406725723caea963bdbeca39fbbf38df678d99b68c96ba28b,1,
LTMD_U1_W4_SOCIAL_SCIENCES_ASSET_AUDIT_0.1,H1972P6CI091,1972,6,CIENCIAS SOCIALES,standard_x_js,H1972P6CI091,135,211,135,https://historico.conaliteg.gob.mx/c/H1972P6CI091/135.jpg,0,source_jpeg,served_image,200,image/jpeg,65625,acd4ece1b9454beba90022b95cd909a438dd170bdc5712b72285ba041818d677,1,
LTMD_U1_W4_SOCIAL_SCIENCES_ASSET_AUDIT_0.1,H1972P6CI091,1972,6,CIENCIAS SOCIALES,standard_x_js,H1972P6CI091,136,211,136,https://historico.conaliteg.gob.mx/c/H1972P6CI091/136.jpg,0,source_jpeg,served_image,200,image/jpeg,69462,37b3fddf274913b794446520839b48b73e319a271a0ef79b51b3b55423d2f2fb,1,
LTMD_U1_W4_SOCIAL_SCIENCES_ASSET_AUDIT_0.1,H1972P6CI091,1972,6,CIENCIAS SOCIALES,standard_x_js,H1972P6CI091,137,211,137,https://historico.conaliteg.gob.mx/c/H1972P6CI091/137.jpg,0,source_jpeg,served_image,200,image/jpeg,73581,a24e2bb4da519310e02bde20d640a681583a9ff111b8305ab7d1a7a30c36cf50,1,
LTMD_U1_W4_SOCIAL_SCIENCES_ASSET_AUDIT_0.1,H1972P6CI091,1972,6,CIENCIAS SOCIALES,standard_x_js,H1972P6CI091,138,211,138,https://historico.conaliteg.gob.mx/c/H1972P6CI091/138.jpg,0,source_jpeg,served_image,200,image/jpeg,60829,58b5ba4d34ddcefd098aea45a9d325788df00515e4b3195679ddb14b53e40b6f,1,
LTMD_U1_W4_SOCIAL_SCIENCES_ASSET_AUDIT_0.1,H1972P6CI091,1972,6,CIENCIAS SOCIALES,standard_x_js,H1972P6CI091,139,211,139,https://historico.conaliteg.gob.mx/c/H1972P6CI091/139.jpg,0,source_jpeg,served_image,200,image/jpeg,64068,e837cf350435ff47ddcf711129ee402308425820ad7c114adaa4a2d6a15128d5,1,
LTMD_U1_W4_SOCIAL_SCIENCES_ASSET_AUDIT_0.1,H1972P6CI091,1972,6,CIENCIAS SOCIALES,standard_x_js,H1972P6CI091,140,211,140,https://historico.conaliteg.gob.mx/c/H1972P6CI091/140.jpg,0,source_jpeg,served_image,200,image/jpeg,42884,9002063c43ff9cc676bfae3b5b24bcc4dd9465d089b0109f3ac2e3ef52965fb1,1,
LTMD_U1_W4_SOCIAL_SCIENCES_ASSET_AUDIT_0.1,H1972P6CI091,1972,6,CIENCIAS SOCIALES,standard_x_js,H1972P6CI091,141,211,141,https://historico.conaliteg.gob.mx/c/H1972P6CI091/141.jpg,0,source_jpeg,served_image,200,image/jpeg,53216,d32a147308f385e81788ef0d7dee49e4af4d0cc194d84ee89f14d39354409ae8,1,
LTMD_U1_W4_SOCIAL_SCIENCES_ASSET_AUDIT_0.1,H1972P6CI091,1972,6,CIENCIAS SOCIALES,standard_x_js,H1972P6CI091,142,211,142,https://historico.conaliteg.gob.mx/c/H1972P6CI091/142.jpg,0,source_jpeg,served_image,200,image/jpeg,52471,8a4e4017efe0a10f09ff2141d88699698f3382fdd01834dc45521bc6377b6e99,1,
LTMD_U1_W4_SOCIAL_SCIENCES_ASSET_AUDIT_0.1,H1972P6CI091,1972,6,CIENCIAS SOCIALES,standard_x_js,H1972P6CI091,143,211,143,https://historico.conaliteg.gob.mx/c/H1972P6CI091/143.jpg,0,source_jpeg,served_image,200,image/jpeg,72257,c9fcb8e1cb3da73219df41d1cc5d422d7c5a0a6772a83e6811305447fca62aa6,1,
LTMD_U1_W4_SOCIAL_SCIENCES_ASSET_AUDIT_0.1,H1972P6CI091,1972,6,CIENCIAS SOCIALES,standard_x_js,H1972P6CI091,144,211,144,https://historico.conaliteg.gob.mx/c/H1972P6CI091/144.jpg,0,source_jpeg,served_image,200,image/jpeg,72480,6c669ea4379d8a4573e5fa751dae05fb09f329bae35ff62461bc03ffaac72728,1,
LTMD_U1_W4_SOCIAL_SCIENCES_ASSET_AUDIT_0.1,H1972P6CI091,1972,6,CIENCIAS SOCIALES,standard_x_js,H1972P6CI091,145,211,145,https://historico.conaliteg.gob.mx/c/H1972P6CI091/145.jpg,0,source_jpeg,served_image,200,image/jpeg,58752,91b0faf9872e042c0539c46a10e0f0e4a55bbe505ee59baf8d0ec46874f99d93,1,
LTMD_U1_W4_SOCIAL_SCIENCES_ASSET_AUDIT_0.1,H1972P6CI091,1972,6,CIENCIAS SOCIALES,standard_x_js,H1972P6CI091,146,211,146,https://historico.conaliteg.gob.mx/c/H1972P6CI091/146.jpg,0,source_jpeg,served_image,200,image/jpeg,64152,85c78ed0261eab7f5b5f709902412586ef0b32bd1678abb76bfa080dcc195fb6,1,
LTMD_U1_W4_SOCIAL_SCIENCES_ASSET_AUDIT_0.1,H1972P6CI091,1972,6,CIENCIAS SOCIALES,standard_x_js,H1972P6CI091,147,211,147,https://historico.conaliteg.gob.mx/c/H1972P6CI091/147.jpg,0,source_jpeg,served_image,200,image/jpeg,68098,2fa5bc96fe47e5c74ac1b4aa3952db914fd833ad1a5540ebaf7a0b2a4044d065,1,
LTMD_U1_W4_SOCIAL_SCIENCES_ASSET_AUDIT_0.1,H1972P6CI091,1972,6,CIENCIAS SOCIALES,standard_x_js,H1972P6CI091,148,211,148,https://historico.conaliteg.gob.mx/c/H1972P6CI091/148.jpg,0,source_jpeg,served_image,200,image/jpeg,78125,e7dadcaabe74a20502d04a606c7d5be0634e07cdf17842f69c0d22026e5c9948,1,
LTMD_U1_W4_SOCIAL_SCIENCES_ASSET_AUDIT_0.1,H1972P6CI091,1972,6,CIENCIAS SOCIALES,standard_x_js,H1972P6CI091,149,211,149,https://historico.conaliteg.gob.mx/c/H1972P6CI091/149.jpg,0,source_jpeg,served_image,200,image/jpeg,70411,2a204bddd40ac2c2d1678193a36586745f9b92efa1cad1eb776fdc804a3a2fdc,1,
LTMD_U1_W4_SOCIAL_SCIENCES_ASSET_AUDIT_0.1,H1972P6CI091,1972,6,CIENCIAS SOCIALES,standard_x_js,H1972P6CI091,150,211,150,https://historico.conaliteg.gob.mx/c/H1972P6CI091/150.jpg,0,source_jpeg,served_image,200,image/jpeg,48915,a80d41a4f052b95e792ae734cd2ea1ac8a3db7e0f27bdb88dbe3fbe0a3806536,1,
LTMD_U1_W4_SOCIAL_SCIENCES_ASSET_AUDIT_0.1,H1972P6CI091,1972,6,CIENCIAS SOCIALES,standard_x_js,H1972P6CI091,151,211,151,https://historico.conaliteg.gob.mx/c/H1972P6CI091/151.jpg,0,source_jpeg,served_image,200,image/jpeg,49143,e64847096a43504ab7bed24daac44bf51a689d694f00652d14749495abe91d9d,1,
LTMD_U1_W4_SOCIAL_SCIENCES_ASSET_AUDIT_0.1,H1972P6CI091,1972,6,CIENCIAS SOCIALES,standard_x_js,H1972P6CI091,152,211,152,https://historico.conaliteg.gob.mx/c/H1972P6CI091/152.jpg,0,source_jpeg,served_image,200,image/jpeg,71495,c66f405b5dc38dfe4c234310567c2f0e94f411aaea0dd149025eaa49af29c263,1,
LTMD_U1_W4_SOCIAL_SCIENCES_ASSET_AUDIT_0.1,H1972P6CI091,1972,6,CIENCIAS SOCIALES,standard_x_js,H1972P6CI091,153,211,153,https://historico.conaliteg.gob.mx/c/H1972P6CI091/153.jpg,0,source_jpeg,served_image,200,image/jpeg,66244,401d0d4ad6e3d4520404f5c24a1149ebb18c2af5517d0e9820331f5625579941,1,
LTMD_U1_W4_SOCIAL_SCIENCES_ASSET_AUDIT_0.1,H1972P6CI091,1972,6,CIENCIAS SOCIALES,standard_x_js,H1972P6CI091,154,211,154,https://historico.conaliteg.gob.mx/c/H1972P6CI091/154.jpg,0,source_jpeg,served_image,200,image/jpeg,68145,0efacbe47e2555c0e881af07737dd2160c0259b2ed8ecae42c724483e19bf9ef,1,
LTMD_U1_W4_SOCIAL_SCIENCES_ASSET_AUDIT_0.1,H1972P6CI091,1972,6,CIENCIAS SOCIALES,standard_x_js,H1972P6CI091,155,211,155,https://historico.conaliteg.gob.mx/c/H1972P6CI091/155.jpg,0,source_jpeg,served_image,200,image/jpeg,62876,c08a7f00b16ff7c52ceb816e85c8c83b7de9d4d202975a159b797fd4e8ab354a,1,
LTMD_U1_W4_SOCIAL_SCIENCES_ASSET_AUDIT_0.1,H1972P6CI091,1972,6,CIENCIAS SOCIALES,standard_x_js,H1972P6CI091,156,211,156,https://historico.conaliteg.gob.mx/c/H1972P6CI091/156.jpg,0,source_jpeg,served_image,200,image/jpeg,76393,c0898a22e0a25f0e8fdf0eb33971c03819f0de8e9a0a36d30a5c7ec4e89783c8,1,
LTMD_U1_W4_SOCIAL_SCIENCES_ASSET_AUDIT_0.1,H1972P6CI091,1972,6,CIENCIAS SOCIALES,standard_x_js,H1972P6CI091,157,211,157,https://historico.conaliteg.gob.mx/c/H1972P6CI091/157.jpg,0,source_jpeg,served_image,200,image/jpeg,76916,86e4f7ef42167d9528f5836d36a856bf29f73465cf76fa9792818147c70a0259,1,
LTMD_U1_W4_SOCIAL_SCIENCES_ASSET_AUDIT_0.1,H1972P6CI091,1972,6,CIENCIAS SOCIALES,standard_x_js,H1972P6CI091,158,211,158,https://historico.conaliteg.gob.mx/c/H1972P6CI091/158.jpg,0,source_jpeg,served_image,200,image/jpeg,68638,091ef5cbb6f18f4ea6e2fd74324cf21b3a81a87c800504c7b6587117f1614f18,1,
LTMD_U1_W4_SOCIAL_SCIENCES_ASSET_AUDIT_0.1,H1972P6CI091,1972,6,CIENCIAS SOCIALES,standard_x_js,H1972P6CI091,159,211,159,https://historico.conaliteg.gob.mx/c/H1972P6CI091/159.jpg,0,source_jpeg,served_image,200,image/jpeg,66809,4b1d858ab3d7eb7a71347c40c188a289a4013ad615809643331e46de87964311,1,
LTMD_U1_W4_SOCIAL_SCIENCES_ASSET_AUDIT_0.1,H1972P6CI091,1972,6,CIENCIAS SOCIALES,standard_x_js,H1972P6CI091,160,211,160,https://historico.conaliteg.gob.mx/c/H1972P6CI091/160.jpg,0,source_jpeg,served_image,200,image/jpeg,67954,f118666752e237d520adadb1e670448edcbabdc9c84bef2f0e4f84649b1ce857,1,
LTMD_U1_W4_SOCIAL_SCIENCES_ASSET_AUDIT_0.1,H1972P6CI091,1972,6,CIENCIAS SOCIALES,standard_x_js,H1972P6CI091,161,211,161,https://historico.conaliteg.gob.mx/c/H1972P6CI091/161.jpg,0,source_jpeg,served_image,200,image/jpeg,67232,fc39444584282c6dda202a1af37a3426dec092bb05ed2c3a7ffeb6eb27386a35,1,
LTMD_U1_W4_SOCIAL_SCIENCES_ASSET_AUDIT_0.1,H1972P6CI091,1972,6,CIENCIAS SOCIALES,standard_x_js,H1972P6CI091,162,211,162,https://historico.conaliteg.gob.mx/c/H1972P6CI091/162.jpg,0,source_jpeg,served_image,200,image/jpeg,61104,ef0b4168e740f654d686f035eeddef1417e748ffc1023056aa6bda9c1c1115c1,1,
LTMD_U1_W4_SOCIAL_SCIENCES_ASSET_AUDIT_0.1,H1972P6CI091,1972,6,CIENCIAS SOCIALES,standard_x_js,H1972P6CI091,163,211,163,https://historico.conaliteg.gob.mx/c/H1972P6CI091/163.jpg,0,source_jpeg,served_image,200,image/jpeg,62267,a91cf7443d0e2d82fdf8068ca1dd2765ae13dbd69875efced64fb577225e6bc7,1,
LTMD_U1_W4_SOCIAL_SCIENCES_ASSET_AUDIT_0.1,H1972P6CI091,1972,6,CIENCIAS SOCIALES,standard_x_js,H1972P6CI091,164,211,164,https://historico.conaliteg.gob.mx/c/H1972P6CI091/164.jpg,0,source_jpeg,served_image,200,image/jpeg,46844,16e4fe95e96da730323a713af66e988495f2c8afa7a555dcddfe0afcc3f394f9,1,
LTMD_U1_W4_SOCIAL_SCIENCES_ASSET_AUDIT_0.1,H1972P6CI091,1972,6,CIENCIAS SOCIALES,standard_x_js,H1972P6CI091,165,211,165,https://historico.conaliteg.gob.mx/c/H1972P6CI091/165.jpg,0,source_jpeg,served_image,200,image/jpeg,42400,4f4f6a2ec5b8d46687c16de226984f41a79560c802eccdb2403a58d979ee32eb,1,
LTMD_U1_W4_SOCIAL_SCIENCES_ASSET_AUDIT_0.1,H1972P6CI091,1972,6,CIENCIAS SOCIALES,standard_x_js,H1972P6CI091,166,211,166,https://historico.conaliteg.gob.mx/c/H1972P6CI091/166.jpg,0,source_jpeg,served_image,200,image/jpeg,75484,2270bf8ce28052428ff8d547291b759844c2d6fe3d157c3de92586b051a77451,1,
LTMD_U1_W4_SOCIAL_SCIENCES_ASSET_AUDIT_0.1,H1972P6CI091,1972,6,CIENCIAS SOCIALES,standard_x_js,H1972P6CI091,167,211,167,https://historico.conaliteg.gob.mx/c/H1972P6CI091/167.jpg,0,source_jpeg,served_image,200,image/jpeg,77554,22894de949e7c83ecc71a1a6a8da2127d26e02d8f6b7a277f9115fe49a5d168b,1,
LTMD_U1_W4_SOCIAL_SCIENCES_ASSET_AUDIT_0.1,H1972P6CI091,1972,6,CIENCIAS SOCIALES,standard_x_js,H1972P6CI091,168,211,168,https://historico.conaliteg.gob.mx/c/H1972P6CI091/168.jpg,0,source_jpeg,served_image,200,image/jpeg,85237,62e1817bda87c9143ec5b03d077ba4bd88ad585c470f92044d6c0efafe2315d0,1,
LTMD_U1_W4_SOCIAL_SCIENCES_ASSET_AUDIT_0.1,H1972P6CI091,1972,6,CIENCIAS SOCIALES,standard_x_js,H1972P6CI091,169,211,169,https://historico.conaliteg.gob.mx/c/H1972P6CI091/169.jpg,0,source_jpeg,served_image,200,image/jpeg,75457,e7ba70706bb6cc25df1b7d4a8e72ae76b299db5642870bdfaaffd23dc46fc70a,1,
LTMD_U1_W4_SOCIAL_SCIENCES_ASSET_AUDIT_0.1,H1972P6CI091,1972,6,CIENCIAS SOCIALES,standard_x_js,H1972P6CI091,170,211,170,https://historico.conaliteg.gob.mx/c/H1972P6CI091/170.jpg,0,source_jpeg,served_image,200,image/jpeg,88638,9e906f2153f6fb4e59a17c485a4e724466951ac8687640f7270566e34ef04863,1,
LTMD_U1_W4_SOCIAL_SCIENCES_ASSET_AUDIT_0.1,H1972P6CI091,1972,6,CIENCIAS SOCIALES,standard_x_js,H1972P6CI091,171,211,171,https://historico.conaliteg.gob.mx/c/H1972P6CI091/171.jpg,0,source_jpeg,served_image,200,image/jpeg,67576,3351ab05adc6ecc8dfd0af6c24f45ad73879718d44e3aa9ec54d2e30b161979e,1,
LTMD_U1_W4_SOCIAL_SCIENCES_ASSET_AUDIT_0.1,H1972P6CI091,1972,6,CIENCIAS SOCIALES,standard_x_js,H1972P6CI091,172,211,172,https://historico.conaliteg.gob.mx/c/H1972P6CI091/172.jpg,0,source_jpeg,served_image,200,image/jpeg,69908,70a5b993da11239dfc77a0469e8f2e63d4f831daa09c2b601022c9c76612a98f,1,
LTMD_U1_W4_SOCIAL_SCIENCES_ASSET_AUDIT_0.1,H1972P6CI091,1972,6,CIENCIAS SOCIALES,standard_x_js,H1972P6CI091,173,211,173,https://historico.conaliteg.gob.mx/c/H1972P6CI091/173.jpg,0,source_jpeg,served_image,200,image/jpeg,73241,697c66fba5a86aa1dffdc41b837485b45e0b1bbdc63a39fe1c7c53c3a53ede7c,1,
LTMD_U1_W4_SOCIAL_SCIENCES_ASSET_AUDIT_0.1,H1972P6CI091,1972,6,CIENCIAS SOCIALES,standard_x_js,H1972P6CI091,174,211,174,https://historico.conaliteg.gob.mx/c/H1972P6CI091/174.jpg,0,source_jpeg,served_image,200,image/jpeg,75228,2f144ec0dec61d5156741d5fdd7f04451270cb8688ce6188e10fc37fa162f127,1,
LTMD_U1_W4_SOCIAL_SCIENCES_ASSET_AUDIT_0.1,H1972P6CI091,1972,6,CIENCIAS SOCIALES,standard_x_js,H1972P6CI091,175,211,175,https://historico.conaliteg.gob.mx/c/H1972P6CI091/175.jpg,0,source_jpeg,served_image,200,image/jpeg,67604,15556590fab0dc3388042eafe8f59645badd653bdfc41d882e64c427de531e82,1,
LTMD_U1_W4_SOCIAL_SCIENCES_ASSET_AUDIT_0.1,H1972P6CI091,1972,6,CIENCIAS SOCIALES,standard_x_js,H1972P6CI091,176,211,176,https://historico.conaliteg.gob.mx/c/H1972P6CI091/176.jpg,0,source_jpeg,served_image,200,image/jpeg,69926,f7b39089920ee2a04ee95d165686170ff2034fd8405e9b011ddad33e7c9293bc,1,
LTMD_U1_W4_SOCIAL_SCIENCES_ASSET_AUDIT_0.1,H1972P6CI091,1972,6,CIENCIAS SOCIALES,standard_x_js,H1972P6CI091,177,211,177,https://historico.conaliteg.gob.mx/c/H1972P6CI091/177.jpg,0,source_jpeg,served_image,200,image/jpeg,70870,6d9c5f6e8c56e4aad9d4c358fab9a0097a55adfa3ab3b4e67b56320c38b61273,1,
LTMD_U1_W4_SOCIAL_SCIENCES_ASSET_AUDIT_0.1,H1972P6CI091,1972,6,CIENCIAS SOCIALES,standard_x_js,H1972P6CI091,178,211,178,https://historico.conaliteg.gob.mx/c/H1972P6CI091/178.jpg,0,source_jpeg,served_image,200,image/jpeg,64766,0e6270a32a54143581de19a74c0528ff710fe757ae8beaee60fd29d2a2bdb3e2,1,
LTMD_U1_W4_SOCIAL_SCIENCES_ASSET_AUDIT_0.1,H1972P6CI091,1972,6,CIENCIAS SOCIALES,standard_x_js,H1972P6CI091,179,211,179,https://historico.conaliteg.gob.mx/c/H1972P6CI091/179.jpg,0,source_jpeg,served_image,200,image/jpeg,45144,8148fc695fe0c2bea451735a29cf2111c62fb575367d5d8f67a4206f801bdd2e,1,
LTMD_U1_W4_SOCIAL_SCIENCES_ASSET_AUDIT_0.1,H1972P6CI091,1972,6,CIENCIAS SOCIALES,standard_x_js,H1972P6CI091,180,211,180,https://historico.conaliteg.gob.mx/c/H1972P6CI091/180.jpg,0,source_jpeg,served_image,200,image/jpeg,41943,a34a4f9173a529702e06fd54cdfda99843314a6d05e32146fdd563898f67f981,1,
LTMD_U1_W4_SOCIAL_SCIENCES_ASSET_AUDIT_0.1,H1972P6CI091,1972,6,CIENCIAS SOCIALES,standard_x_js,H1972P6CI091,181,211,181,https://historico.conaliteg.gob.mx/c/H1972P6CI091/181.jpg,0,source_jpeg,served_image,200,image/jpeg,61886,7a613d2432e93a9e38f29931626eabbe96313697f6101571705c0a00b0bb071f,1,
LTMD_U1_W4_SOCIAL_SCIENCES_ASSET_AUDIT_0.1,H1972P6CI091,1972,6,CIENCIAS SOCIALES,standard_x_js,H1972P6CI091,182,211,182,https://historico.conaliteg.gob.mx/c/H1972P6CI091/182.jpg,0,source_jpeg,served_image,200,image/jpeg,75232,2db1682b4eb5d56716b129ff38f2e20753252205bf5a65932280bd478e29d19a,1,
LTMD_U1_W4_SOCIAL_SCIENCES_ASSET_AUDIT_0.1,H1972P6CI091,1972,6,CIENCIAS SOCIALES,standard_x_js,H1972P6CI091,183,211,183,https://historico.conaliteg.gob.mx/c/H1972P6CI091/183.jpg,0,source_jpeg,served_image,200,image/jpeg,75850,6a96d555be35c7d7fa37993cc8019c73fb6583ea57adb1059e43de259caadb1e,1,
LTMD_U1_W4_SOCIAL_SCIENCES_ASSET_AUDIT_0.1,H1972P6CI091,1972,6,CIENCIAS SOCIALES,standard_x_js,H1972P6CI091,184,211,184,https://historico.conaliteg.gob.mx/c/H1972P6CI091/184.jpg,0,source_jpeg,served_image,200,image/jpeg,71225,b18c806ce841025d91f54e7a7a8c6287dc82b575c3ae7189f1a8cbd05d860be6,1,
LTMD_U1_W4_SOCIAL_SCIENCES_ASSET_AUDIT_0.1,H1972P6CI091,1972,6,CIENCIAS SOCIALES,standard_x_js,H1972P6CI091,185,211,185,https://historico.conaliteg.gob.mx/c/H1972P6CI091/185.jpg,0,source_jpeg,served_image,200,image/jpeg,71521,86d8a0be2985f6b5546d7cf17b1297aa0a0d538cdeab42f768ca92dd586c81e6,1,
LTMD_U1_W4_SOCIAL_SCIENCES_ASSET_AUDIT_0.1,H1972P6CI091,1972,6,CIENCIAS SOCIALES,standard_x_js,H1972P6CI091,186,211,186,https://historico.conaliteg.gob.mx/c/H1972P6CI091/186.jpg,0,source_jpeg,served_image,200,image/jpeg,78850,6d99f6978942a4a0955f15d1ba53baedb09023edd30423d7f1124658598b814a,1,
LTMD_U1_W4_SOCIAL_SCIENCES_ASSET_AUDIT_0.1,H1972P6CI091,1972,6,CIENCIAS SOCIALES,standard_x_js,H1972P6CI091,187,211,187,https://historico.conaliteg.gob.mx/c/H1972P6CI091/187.jpg,0,source_jpeg,served_image,200,image/jpeg,66379,1dac7fab5364289eafd2b1b5929a26e1a35a5e8ab368e1f7c983cfb63cb9eebd,1,
LTMD_U1_W4_SOCIAL_SCIENCES_ASSET_AUDIT_0.1,H1972P6CI091,1972,6,CIENCIAS SOCIALES,standard_x_js,H1972P6CI091,188,211,188,https://historico.conaliteg.gob.mx/c/H1972P6CI091/188.jpg,0,source_jpeg,served_image,200,image/jpeg,66140,d25e5145f99417f0adbb6542f4bd5dd19de9d5a255ceea06b9d2383c8d949f04,1,
LTMD_U1_W4_SOCIAL_SCIENCES_ASSET_AUDIT_0.1,H1972P6CI091,1972,6,CIENCIAS SOCIALES,standard_x_js,H1972P6CI091,189,211,189,https://historico.conaliteg.gob.mx/c/H1972P6CI091/189.jpg,0,source_jpeg,served_image,200,image/jpeg,68165,ad0d2c1930590f13e3b6790f08f460026fb4a53c7dea701a02a655de0be7083d,1,
LTMD_U1_W4_SOCIAL_SCIENCES_ASSET_AUDIT_0.1,H1972P6CI091,1972,6,CIENCIAS SOCIALES,standard_x_js,H1972P6CI091,190,211,190,https://historico.conaliteg.gob.mx/c/H1972P6CI091/190.jpg,0,source_jpeg,served_image,200,image/jpeg,81648,c52430a004ae9fc4b5f78de2e8cf7d03270cf23687f5f19bb402a2674af5b474,1,
LTMD_U1_W4_SOCIAL_SCIENCES_ASSET_AUDIT_0.1,H1972P6CI091,1972,6,CIENCIAS SOCIALES,standard_x_js,H1972P6CI091,191,211,191,https://historico.conaliteg.gob.mx/c/H1972P6CI091/191.jpg,0,source_jpeg,served_image,200,image/jpeg,82962,cbf89b054fe4ea5d62611d76540892b90f93ac9a7ab13b9dd99056610d0674b8,1,
LTMD_U1_W4_SOCIAL_SCIENCES_ASSET_AUDIT_0.1,H1972P6CI091,1972,6,CIENCIAS SOCIALES,standard_x_js,H1972P6CI091,192,211,192,https://historico.conaliteg.gob.mx/c/H1972P6CI091/192.jpg,0,source_jpeg,served_image,200,image/jpeg,72993,4bceb915cd69f08fd97cba2971511c4b8496b3d772c6c516d326e15fe688d617,1,
LTMD_U1_W4_SOCIAL_SCIENCES_ASSET_AUDIT_0.1,H1972P6CI091,1972,6,CIENCIAS SOCIALES,standard_x_js,H1972P6CI091,193,211,193,https://historico.conaliteg.gob.mx/c/H1972P6CI091/193.jpg,0,source_jpeg,served_image,200,image/jpeg,76962,61e99e555e127d7ea43009c3fd2e23033e22b2582d1703234cb4ffcfdfb81185,1,
LTMD_U1_W4_SOCIAL_SCIENCES_ASSET_AUDIT_0.1,H1972P6CI091,1972,6,CIENCIAS SOCIALES,standard_x_js,H1972P6CI091,194,211,194,https://historico.conaliteg.gob.mx/c/H1972P6CI091/194.jpg,0,source_jpeg,served_image,200,image/jpeg,86357,a735d2197925ff5ae89c3363e082655673079e5f77a1893dccd4852936232337,1,
LTMD_U1_W4_SOCIAL_SCIENCES_ASSET_AUDIT_0.1,H1972P6CI091,1972,6,CIENCIAS SOCIALES,standard_x_js,H1972P6CI091,195,211,195,https://historico.conaliteg.gob.mx/c/H1972P6CI091/195.jpg,0,source_jpeg,served_image,200,image/jpeg,78615,7a7ac752030fe4c25684dd102af21d120d8cad6dd4de9c51388b7eb59e0ec21d,1,
LTMD_U1_W4_SOCIAL_SCIENCES_ASSET_AUDIT_0.1,H1972P6CI091,1972,6,CIENCIAS SOCIALES,standard_x_js,H1972P6CI091,196,211,196,https://historico.conaliteg.gob.mx/c/H1972P6CI091/196.jpg,0,source_jpeg,served_image,200,image/jpeg,52802,1ae4e7b35852f09768e97bc4c066690232a435c746a2922db198ad94dade1769,1,
LTMD_U1_W4_SOCIAL_SCIENCES_ASSET_AUDIT_0.1,H1972P6CI091,1972,6,CIENCIAS SOCIALES,standard_x_js,H1972P6CI091,197,211,197,https://historico.conaliteg.gob.mx/c/H1972P6CI091/197.jpg,0,source_jpeg,served_image,200,image/jpeg,54326,4ed75eef778783e86438e5d679fa7f6c2403c5e36eacc3e58a698a4ef6505f5e,1,
LTMD_U1_W4_SOCIAL_SCIENCES_ASSET_AUDIT_0.1,H1972P6CI091,1972,6,CIENCIAS SOCIALES,standard_x_js,H1972P6CI091,198,211,198,https://historico.conaliteg.gob.mx/c/H1972P6CI091/198.jpg,0,source_jpeg,served_image,200,image/jpeg,53638,9b30e176ac2accfff97ae7f9b6b79a403dc0512fc35c6731246a493a10ad0bf7,1,
LTMD_U1_W4_SOCIAL_SCIENCES_ASSET_AUDIT_0.1,H1972P6CI091,1972,6,CIENCIAS SOCIALES,standard_x_js,H1972P6CI091,199,211,199,https://historico.conaliteg.gob.mx/c/H1972P6CI091/199.jpg,0,source_jpeg,served_image,200,image/jpeg,50103,97c2c336d228fb9d563cdc9629b4f7003810a360bcd78ce921b1c2602f0ab781,1,
LTMD_U1_W4_SOCIAL_SCIENCES_ASSET_AUDIT_0.1,H1972P6CI091,1972,6,CIENCIAS SOCIALES,standard_x_js,H1972P6CI091,200,211,200,https://historico.conaliteg.gob.mx/c/H1972P6CI091/200.jpg,0,source_jpeg,served_image,200,image/jpeg,67238,db9399d217bd9dd3ece09daefcc8681822ca97489056b7079b9f088990e44ae3,1,
LTMD_U1_W4_SOCIAL_SCIENCES_ASSET_AUDIT_0.1,H1972P6CI091,1972,6,CIENCIAS SOCIALES,standard_x_js,H1972P6CI091,201,211,201,https://historico.conaliteg.gob.mx/c/H1972P6CI091/201.jpg,0,source_jpeg,served_image,200,image/jpeg,63720,480756a2a4348465c4a186b0ab61e12aebd1fe5a587ad9c6616bc6706e0fa809,1,
LTMD_U1_W4_SOCIAL_SCIENCES_ASSET_AUDIT_0.1,H1972P6CI091,1972,6,CIENCIAS SOCIALES,standard_x_js,H1972P6CI091,202,211,202,https://historico.conaliteg.gob.mx/c/H1972P6CI091/202.jpg,0,source_jpeg,served_image,200,image/jpeg,46656,670c64ef014ddf7fc7d74c838774fdc07dbce3b319464bc87b72f244fb119866,1,
LTMD_U1_W4_SOCIAL_SCIENCES_ASSET_AUDIT_0.1,H1972P6CI091,1972,6,CIENCIAS SOCIALES,standard_x_js,H1972P6CI091,203,211,203,https://historico.conaliteg.gob.mx/c/H1972P6CI091/203.jpg,0,source_jpeg,served_image,200,image/jpeg,48012,996b1666ee96bc1293bcae5df6d615326c723cc2a6791560274d8385077093ac,1,
LTMD_U1_W4_SOCIAL_SCIENCES_ASSET_AUDIT_0.1,H1972P6CI091,1972,6,CIENCIAS SOCIALES,standard_x_js,H1972P6CI091,204,211,204,https://historico.conaliteg.gob.mx/c/H1972P6CI091/204.jpg,0,source_jpeg,served_image,200,image/jpeg,48717,a07e4647e06b2a4f279dda80d21b4fe31db5d84e9d63a73e00d7d84837061e37,1,
LTMD_U1_W4_SOCIAL_SCIENCES_ASSET_AUDIT_0.1,H1972P6CI091,1972,6,CIENCIAS SOCIALES,standard_x_js,H1972P6CI091,205,211,205,https://historico.conaliteg.gob.mx/c/H1972P6CI091/205.jpg,0,source_jpeg,served_image,200,image/jpeg,48716,28e6d05d2530d4232bd55b80dc1ff0c79756598cb21256677b83664c21774d97,1,
LTMD_U1_W4_SOCIAL_SCIENCES_ASSET_AUDIT_0.1,H1972P6CI091,1972,6,CIENCIAS SOCIALES,standard_x_js,H1972P6CI091,206,211,206,https://historico.conaliteg.gob.mx/c/H1972P6CI091/206.jpg,0,source_jpeg,served_image,200,image/jpeg,48072,30d3bf3068c996d40cb7189823551eab9d0a55e4e7693a565a7d326e79182389,1,
LTMD_U1_W4_SOCIAL_SCIENCES_ASSET_AUDIT_0.1,H1972P6CI091,1972,6,CIENCIAS SOCIALES,standard_x_js,H1972P6CI091,207,211,207,https://historico.conaliteg.gob.mx/c/H1972P6CI091/207.jpg,0,source_jpeg,served_image,200,image/jpeg,46528,669a98ee71f36deca7912098602e75657677491c26d6299d242e97f21323d66d,1,
LTMD_U1_W4_SOCIAL_SCIENCES_ASSET_AUDIT_0.1,H1972P6CI091,1972,6,CIENCIAS SOCIALES,standard_x_js,H1972P6CI091,208,211,208,https://historico.conaliteg.gob.mx/c/H1972P6CI091/208.jpg,0,source_jpeg,served_image,200,image/jpeg,22054,ab9a9908accc4f33c443f60042ef66f79d8534974c259aa8f158b59ba28e5f15,1,
LTMD_U1_W4_SOCIAL_SCIENCES_ASSET_AUDIT_0.1,H1972P6CI091,1972,6,CIENCIAS SOCIALES,standard_x_js,H1972P6CI091,209,211,209,https://historico.conaliteg.gob.mx/c/H1972P6CI091/209.jpg,0,source_jpeg,served_image,200,image/jpeg,61686,c8372e1547a1972836498a30d428c637695e14298fe37b6e1e26ff4916848584,1,
LTMD_U1_W4_SOCIAL_SCIENCES_ASSET_AUDIT_0.1,H1972P6CI091,1972,6,CIENCIAS SOCIALES,standard_x_js,H1972P6CI091,210,211,210,https://historico.conaliteg.gob.mx/c/H1972P6CI091/210.jpg,0,source_jpeg,served_image,200,image/jpeg,264949,ed8edde768a95c7a6a94ff964d823426cc910252e3ff206bb0b4e99f663b0599,1,
LTMD_U1_W4_SOCIAL_SCIENCES_ASSET_AUDIT_0.1,H1972P6CI091,1972,6,CIENCIAS SOCIALES,standard_x_js,H1972P6CI091,211,211,211,https://historico.conaliteg.gob.mx/c/H1972P6CI091/211.jpg,1,terminal_synthetic_candidate,http_404,404,text/html; charset=iso-8859-1,,,1,HTTP 404
LTMD_U1_W4_SOCIAL_SCIENCES_ASSET_AUDIT_0.1,H1982P4CI384,1982,4,CIENCIAS SOCIALES,standard_x_js,H1982P4CI384,1,147,0,https://historico.conaliteg.gob.mx/c/H1982P4CI384/000.jpg,0,source_jpeg,served_image,200,image/jpeg,292878,22ad2ec078316c64fe1678708145676b153ff865aff15b83e88c128c469999a9,1,
LTMD_U1_W4_SOCIAL_SCIENCES_ASSET_AUDIT_0.1,H1982P4CI384,1982,4,CIENCIAS SOCIALES,standard_x_js,H1982P4CI384,2,147,2,https://historico.conaliteg.gob.mx/c/H1982P4CI384/002.jpg,0,source_jpeg,served_image,200,image/jpeg,48464,342282f37527409eccb8330d7e986123d72663ef653a5966baa0207f80407bef,1,
LTMD_U1_W4_SOCIAL_SCIENCES_ASSET_AUDIT_0.1,H1982P4CI384,1982,4,CIENCIAS SOCIALES,standard_x_js,H1982P4CI384,3,147,3,https://historico.conaliteg.gob.mx/c/H1982P4CI384/003.jpg,0,source_jpeg,served_image,200,image/jpeg,71649,d139043c607f930cce97410d829ccd61a41a7789be3d49da420694a3f2d670a2,1,
LTMD_U1_W4_SOCIAL_SCIENCES_ASSET_AUDIT_0.1,H1982P4CI384,1982,4,CIENCIAS SOCIALES,standard_x_js,H1982P4CI384,4,147,4,https://historico.conaliteg.gob.mx/c/H1982P4CI384/004.jpg,0,source_jpeg,served_image,200,image/jpeg,68800,aca4620f69a2703c076cc5285a16c1e7b570bd48655f3b65d2da2ba17b297184,1,
LTMD_U1_W4_SOCIAL_SCIENCES_ASSET_AUDIT_0.1,H1982P4CI384,1982,4,CIENCIAS SOCIALES,standard_x_js,H1982P4CI384,5,147,5,https://historico.conaliteg.gob.mx/c/H1982P4CI384/005.jpg,0,source_jpeg,served_image,200,image/jpeg,68552,fa27f6c1278f110cab58d201a3b454422ddef7cde9908488854e494bb7d8bf97,1,
LTMD_U1_W4_SOCIAL_SCIENCES_ASSET_AUDIT_0.1,H1982P4CI384,1982,4,CIENCIAS SOCIALES,standard_x_js,H1982P4CI384,6,147,6,https://historico.conaliteg.gob.mx/c/H1982P4CI384/006.jpg,0,source_jpeg,served_image,200,image/jpeg,77559,10ea533436216544e4c6a95153b5565a4771c4b022d8694e1e36da2d1fdd0995,1,
LTMD_U1_W4_SOCIAL_SCIENCES_ASSET_AUDIT_0.1,H1982P4CI384,1982,4,CIENCIAS SOCIALES,standard_x_js,H1982P4CI384,7,147,7,https://historico.conaliteg.gob.mx/c/H1982P4CI384/007.jpg,0,source_jpeg,served_image,200,image/jpeg,80982,873c54ba4d620f9c55220f4abd047ac3ec94e021e0d64c2ed37894edc41abd8f,1,
LTMD_U1_W4_SOCIAL_SCIENCES_ASSET_AUDIT_0.1,H1982P4CI384,1982,4,CIENCIAS SOCIALES,standard_x_js,H1982P4CI384,8,147,8,https://historico.conaliteg.gob.mx/c/H1982P4CI384/008.jpg,0,source_jpeg,served_image,200,image/jpeg,53139,da291b3b7a265ebd602a3dc74bb1549d8602a28fa9d6c22c6c0c2c6575181c4a,1,
LTMD_U1_W4_SOCIAL_SCIENCES_ASSET_AUDIT_0.1,H1982P4CI384,1982,4,CIENCIAS SOCIALES,standard_x_js,H1982P4CI384,9,147,9,https://historico.conaliteg.gob.mx/c/H1982P4CI384/009.jpg,0,source_jpeg,served_image,200,image/jpeg,54805,420920e65d332fe7f4827be7b30ec3a4b0610b4bf8cb4884621d06fca27fb6d3,1,
LTMD_U1_W4_SOCIAL_SCIENCES_ASSET_AUDIT_0.1,H1982P4CI384,1982,4,CIENCIAS SOCIALES,standard_x_js,H1982P4CI384,10,147,10,https://historico.conaliteg.gob.mx/c/H1982P4CI384/010.jpg,0,source_jpeg,served_image,200,image/jpeg,67851,c630072ab9d981f65894cfa40123d91486980fabb83f483a2d77fc5d10e411bf,1,
LTMD_U1_W4_SOCIAL_SCIENCES_ASSET_AUDIT_0.1,H1982P4CI384,1982,4,CIENCIAS SOCIALES,standard_x_js,H1982P4CI384,11,147,11,https://historico.conaliteg.gob.mx/c/H1982P4CI384/011.jpg,0,source_jpeg,served_image,200,image/jpeg,67254,8746c4d590c566e230208624384f881b93b19e5a65075b8567906f5c84ce1534,1,
LTMD_U1_W4_SOCIAL_SCIENCES_ASSET_AUDIT_0.1,H1982P4CI384,1982,4,CIENCIAS SOCIALES,standard_x_js,H1982P4CI384,12,147,12,https://historico.conaliteg.gob.mx/c/H1982P4CI384/012.jpg,0,source_jpeg,served_image,200,image/jpeg,53040,829187fd3d3a8b7b6b7b4d894e4b2bf8ba14031bccfbf3ccdac1e1520eaaba70,1,
LTMD_U1_W4_SOCIAL_SCIENCES_ASSET_AUDIT_0.1,H1982P4CI384,1982,4,CIENCIAS SOCIALES,standard_x_js,H1982P4CI384,13,147,13,https://historico.conaliteg.gob.mx/c/H1982P4CI384/013.jpg,0,source_jpeg,served_image,200,image/jpeg,56482,a943748f871dc32a2c32ce13bc9792f595d0caedf0ab5618e4d660bc5241a04e,1,
LTMD_U1_W4_SOCIAL_SCIENCES_ASSET_AUDIT_0.1,H1982P4CI384,1982,4,CIENCIAS SOCIALES,standard_x_js,H1982P4CI384,14,147,14,https://historico.conaliteg.gob.mx/c/H1982P4CI384/014.jpg,0,source_jpeg,served_image,200,image/jpeg,58766,de11161f02609874c79b8ec482579c6455cb1b067bf92c337741ad7c7d93f7de,1,
LTMD_U1_W4_SOCIAL_SCIENCES_ASSET_AUDIT_0.1,H1982P4CI384,1982,4,CIENCIAS SOCIALES,standard_x_js,H1982P4CI384,15,147,15,https://historico.conaliteg.gob.mx/c/H1982P4CI384/015.jpg,0,source_jpeg,served_image,200,image/jpeg,70194,6104a43e9d5a9d104c5a16e32ab829985046d3514525b08d4640b58181df92c1,1,
LTMD_U1_W4_SOCIAL_SCIENCES_ASSET_AUDIT_0.1,H1982P4CI384,1982,4,CIENCIAS SOCIALES,standard_x_js,H1982P4CI384,16,147,16,https://historico.conaliteg.gob.mx/c/H1982P4CI384/016.jpg,0,source_jpeg,served_image,200,image/jpeg,61162,a9c0f76fd8399015c53155e17b9cbd5c61da92d33d2f9685270fea0e9cb08fb4,1,
LTMD_U1_W4_SOCIAL_SCIENCES_ASSET_AUDIT_0.1,H1982P4CI384,1982,4,CIENCIAS SOCIALES,standard_x_js,H1982P4CI384,17,147,17,https://historico.conaliteg.gob.mx/c/H1982P4CI384/017.jpg,0,source_jpeg,served_image,200,image/jpeg,62818,98a990e504f24fb18c5d6de172f0ac510db310bd95d7bbd23e24ade6be1ab63c,1,
LTMD_U1_W4_SOCIAL_SCIENCES_ASSET_AUDIT_0.1,H1982P4CI384,1982,4,CIENCIAS SOCIALES,standard_x_js,H1982P4CI384,18,147,18,https://historico.conaliteg.gob.mx/c/H1982P4CI384/018.jpg,0,source_jpeg,served_image,200,image/jpeg,69296,ed970760f625b2185cfa71e05a35d035b3f20a65200ae4cdf1b74f579081a604,1,
LTMD_U1_W4_SOCIAL_SCIENCES_ASSET_AUDIT_0.1,H1982P4CI384,1982,4,CIENCIAS SOCIALES,standard_x_js,H1982P4CI384,19,147,19,https://historico.conaliteg.gob.mx/c/H1982P4CI384/019.jpg,0,source_jpeg,served_image,200,image/jpeg,74311,90a37aae0f68506a262d4a5c5ed0242b83ca03f6c4c97892c4a9a1246e332fd8,1,
LTMD_U1_W4_SOCIAL_SCIENCES_ASSET_AUDIT_0.1,H1982P4CI384,1982,4,CIENCIAS SOCIALES,standard_x_js,H1982P4CI384,20,147,20,https://historico.conaliteg.gob.mx/c/H1982P4CI384/020.jpg,0,source_jpeg,served_image,200,image/jpeg,69367,ad8c6cd3a3bf03354f32f48ec9e17eb233234e53bbec5d24354dc274622a70f3,1,
LTMD_U1_W4_SOCIAL_SCIENCES_ASSET_AUDIT_0.1,H1982P4CI384,1982,4,CIENCIAS SOCIALES,standard_x_js,H1982P4CI384,21,147,21,https://historico.conaliteg.gob.mx/c/H1982P4CI384/021.jpg,0,source_jpeg,served_image,200,image/jpeg,66161,c8b2b49323c62c328e22be2fda92d620a9925ca3d22979874e6f226e677ddd09,1,
LTMD_U1_W4_SOCIAL_SCIENCES_ASSET_AUDIT_0.1,H1982P4CI384,1982,4,CIENCIAS SOCIALES,standard_x_js,H1982P4CI384,22,147,22,https://historico.conaliteg.gob.mx/c/H1982P4CI384/022.jpg,0,source_jpeg,served_image,200,image/jpeg,72442,151889cc157eaf79171841b2ffd703de161244df5458de015f37b57ff0b7223b,1,
LTMD_U1_W4_SOCIAL_SCIENCES_ASSET_AUDIT_0.1,H1982P4CI384,1982,4,CIENCIAS SOCIALES,standard_x_js,H1982P4CI384,23,147,23,https://historico.conaliteg.gob.mx/c/H1982P4CI384/023.jpg,0,source_jpeg,served_image,200,image/jpeg,69296,c25db037459c3921df28e52535ab62a67a8826fb0a6b934fee13379a9f987a6a,1,
LTMD_U1_W4_SOCIAL_SCIENCES_ASSET_AUDIT_0.1,H1982P4CI384,1982,4,CIENCIAS SOCIALES,standard_x_js,H1982P4CI384,24,147,24,https://historico.conaliteg.gob.mx/c/H1982P4CI384/024.jpg,0,source_jpeg,served_image,200,image/jpeg,76554,5945a905b804ffed542d43d65914c4d43f40fe89828e31655fcd59eb3d7cef28,1,
LTMD_U1_W4_SOCIAL_SCIENCES_ASSET_AUDIT_0.1,H1982P4CI384,1982,4,CIENCIAS SOCIALES,standard_x_js,H1982P4CI384,25,147,25,https://historico.conaliteg.gob.mx/c/H1982P4CI384/025.jpg,0,source_jpeg,served_image,200,image/jpeg,80865,722282e37cb67c77546f1f84ec3b405257effaf49ebad74292f52db08d9db164,1,
LTMD_U1_W4_SOCIAL_SCIENCES_ASSET_AUDIT_0.1,H1982P4CI384,1982,4,CIENCIAS SOCIALES,standard_x_js,H1982P4CI384,26,147,26,https://historico.conaliteg.gob.mx/c/H1982P4CI384/026.jpg,0,source_jpeg,served_image,200,image/jpeg,73483,ec644925aba5902c4914dc8b7d7f63fc7ca787fc84b41d79f10129f806a5b35a,1,
LTMD_U1_W4_SOCIAL_SCIENCES_ASSET_AUDIT_0.1,H1982P4CI384,1982,4,CIENCIAS SOCIALES,standard_x_js,H1982P4CI384,27,147,27,https://historico.conaliteg.gob.mx/c/H1982P4CI384/027.jpg,0,source_jpeg,served_image,200,image/jpeg,77852,0bb46b94b0eb983e5b7852f9cd5105a3833cbcbfc756bbd70c3d5f6bffcb0b81,1,
LTMD_U1_W4_SOCIAL_SCIENCES_ASSET_AUDIT_0.1,H1982P4CI384,1982,4,CIENCIAS SOCIALES,standard_x_js,H1982P4CI384,28,147,28,https://historico.conaliteg.gob.mx/c/H1982P4CI384/028.jpg,0,source_jpeg,served_image,200,image/jpeg,73258,f1a1576b790914ef8ca9d091f6c998c83b097f8183d175a2e24b5658309e5c99,1,
LTMD_U1_W4_SOCIAL_SCIENCES_ASSET_AUDIT_0.1,H1982P4CI384,1982,4,CIENCIAS SOCIALES,standard_x_js,H1982P4CI384,29,147,29,https://historico.conaliteg.gob.mx/c/H1982P4CI384/029.jpg,0,source_jpeg,served_image,200,image/jpeg,59900,61efa2f66326e4e301afedc561caac93f365492bd75a93a529658f126522313c,1,
LTMD_U1_W4_SOCIAL_SCIENCES_ASSET_AUDIT_0.1,H1982P4CI384,1982,4,CIENCIAS SOCIALES,standard_x_js,H1982P4CI384,30,147,30,https://historico.conaliteg.gob.mx/c/H1982P4CI384/030.jpg,0,source_jpeg,served_image,200,image/jpeg,68315,c49885af312ea4de72df77f34bac42a82d8769b8efc35aa238ef18c48b212994,1,
LTMD_U1_W4_SOCIAL_SCIENCES_ASSET_AUDIT_0.1,H1982P4CI384,1982,4,CIENCIAS SOCIALES,standard_x_js,H1982P4CI384,31,147,31,https://historico.conaliteg.gob.mx/c/H1982P4CI384/031.jpg,0,source_jpeg,served_image,200,image/jpeg,84369,fe90ff1e01c1af9597212f73b4ef4d27d5cc55b990e0f0bb01a76914bd57bd7f,1,
LTMD_U1_W4_SOCIAL_SCIENCES_ASSET_AUDIT_0.1,H1982P4CI384,1982,4,CIENCIAS SOCIALES,standard_x_js,H1982P4CI384,32,147,32,https://historico.conaliteg.gob.mx/c/H1982P4CI384/032.jpg,0,source_jpeg,served_image,200,image/jpeg,66535,f2223fa5895797947447d866c24c84bbe894e54177cede93a05b7eae1406e8de,1,
LTMD_U1_W4_SOCIAL_SCIENCES_ASSET_AUDIT_0.1,H1982P4CI384,1982,4,CIENCIAS SOCIALES,standard_x_js,H1982P4CI384,33,147,33,https://historico.conaliteg.gob.mx/c/H1982P4CI384/033.jpg,0,source_jpeg,served_image,200,image/jpeg,61889,e9d5d8011dda0543afdb02a5805224591ce6a438f759f7cacf5b0a05d9d8e0f0,1,
LTMD_U1_W4_SOCIAL_SCIENCES_ASSET_AUDIT_0.1,H1982P4CI384,1982,4,CIENCIAS SOCIALES,standard_x_js,H1982P4CI384,34,147,34,https://historico.conaliteg.gob.mx/c/H1982P4CI384/034.jpg,0,source_jpeg,served_image,200,image/jpeg,66882,d4d8bf5afc596ac3b012831afd224d79324b317906cf5fc2d5b88824faa75b11,1,
LTMD_U1_W4_SOCIAL_SCIENCES_ASSET_AUDIT_0.1,H1982P4CI384,1982,4,CIENCIAS SOCIALES,standard_x_js,H1982P4CI384,35,147,35,https://historico.conaliteg.gob.mx/c/H1982P4CI384/035.jpg,0,source_jpeg,served_image,200,image/jpeg,58918,8b2c4e9a304dec2b6c90023ad700159c4f18be2b2e193bcb0a0ba3a01c8cf236,1,
LTMD_U1_W4_SOCIAL_SCIENCES_ASSET_AUDIT_0.1,H1982P4CI384,1982,4,CIENCIAS SOCIALES,standard_x_js,H1982P4CI384,36,147,36,https://historico.conaliteg.gob.mx/c/H1982P4CI384/036.jpg,0,source_jpeg,served_image,200,image/jpeg,52787,4e0813d6647c0c8485bae228317fd1ada61e62f794ab45b8998b63ed174ada9a,1,
LTMD_U1_W4_SOCIAL_SCIENCES_ASSET_AUDIT_0.1,H1982P4CI384,1982,4,CIENCIAS SOCIALES,standard_x_js,H1982P4CI384,37,147,37,https://historico.conaliteg.gob.mx/c/H1982P4CI384/037.jpg,0,source_jpeg,served_image,200,image/jpeg,75327,8e8960291adf361d2530f26238042e4cfce02a311e5a0d7763ee56f355515089,1,
LTMD_U1_W4_SOCIAL_SCIENCES_ASSET_AUDIT_0.1,H1982P4CI384,1982,4,CIENCIAS SOCIALES,standard_x_js,H1982P4CI384,38,147,38,https://historico.conaliteg.gob.mx/c/H1982P4CI384/038.jpg,0,source_jpeg,served_image,200,image/jpeg,61540,6041b56ededf717376fcab126b26767e56ffb9615da23fa01998414daec5d951,1,
LTMD_U1_W4_SOCIAL_SCIENCES_ASSET_AUDIT_0.1,H1982P4CI384,1982,4,CIENCIAS SOCIALES,standard_x_js,H1982P4CI384,39,147,39,https://historico.conaliteg.gob.mx/c/H1982P4CI384/039.jpg,0,source_jpeg,served_image,200,image/jpeg,76381,18092831d2a11f4de48e55a009219f35a3a658dbfe425bae2c81ab61220f8b80,1,
LTMD_U1_W4_SOCIAL_SCIENCES_ASSET_AUDIT_0.1,H1982P4CI384,1982,4,CIENCIAS SOCIALES,standard_x_js,H1982P4CI384,40,147,40,https://historico.conaliteg.gob.mx/c/H1982P4CI384/040.jpg,0,source_jpeg,served_image,200,image/jpeg,68643,b81e3381e13746493dc38e16934f4e337d6c0c0fad6137a4c5b3b20ba07d9a5d,1,
LTMD_U1_W4_SOCIAL_SCIENCES_ASSET_AUDIT_0.1,H1982P4CI384,1982,4,CIENCIAS SOCIALES,standard_x_js,H1982P4CI384,41,147,41,https://historico.conaliteg.gob.mx/c/H1982P4CI384/041.jpg,0,source_jpeg,served_image,200,image/jpeg,68532,d8a31df65054d7ab0e253344511071e45a2008012a146b6219b55ae611da457a,1,
LTMD_U1_W4_SOCIAL_SCIENCES_ASSET_AUDIT_0.1,H1982P4CI384,1982,4,CIENCIAS SOCIALES,standard_x_js,H1982P4CI384,42,147,42,https://historico.conaliteg.gob.mx/c/H1982P4CI384/042.jpg,0,source_jpeg,served_image,200,image/jpeg,60230,530dca086ec465b734cadab396b5fefe78cd99dc1376063759c99f620e32b80d,1,
LTMD_U1_W4_SOCIAL_SCIENCES_ASSET_AUDIT_0.1,H1982P4CI384,1982,4,CIENCIAS SOCIALES,standard_x_js,H1982P4CI384,43,147,43,https://historico.conaliteg.gob.mx/c/H1982P4CI384/043.jpg,0,source_jpeg,served_image,200,image/jpeg,66264,8d14c97d8e1748bd0a74e77289d3f1dd39f3e1c7141ecef3dc8290e347b7c937,1,
LTMD_U1_W4_SOCIAL_SCIENCES_ASSET_AUDIT_0.1,H1982P4CI384,1982,4,CIENCIAS SOCIALES,standard_x_js,H1982P4CI384,44,147,44,https://historico.conaliteg.gob.mx/c/H1982P4CI384/044.jpg,0,source_jpeg,served_image,200,image/jpeg,58438,353186132df316baba4bbece71dcb741a833c70c6447b627d50aa2bd56fb36e5,1,
LTMD_U1_W4_SOCIAL_SCIENCES_ASSET_AUDIT_0.1,H1982P4CI384,1982,4,CIENCIAS SOCIALES,standard_x_js,H1982P4CI384,45,147,45,https://historico.conaliteg.gob.mx/c/H1982P4CI384/045.jpg,0,source_jpeg,served_image,200,image/jpeg,75307,2bd93bfe3b7ca8aabdd884031b9cb852295bcd8b70a3792724453eb50290ad72,1,
LTMD_U1_W4_SOCIAL_SCIENCES_ASSET_AUDIT_0.1,H1982P4CI384,1982,4,CIENCIAS SOCIALES,standard_x_js,H1982P4CI384,46,147,46,https://historico.conaliteg.gob.mx/c/H1982P4CI384/046.jpg,0,source_jpeg,served_image,200,image/jpeg,56768,372043138b7b071bacd79bd2f6e38664eda97a9cb643ebeb03e9aad9f5ccf9e9,1,
LTMD_U1_W4_SOCIAL_SCIENCES_ASSET_AUDIT_0.1,H1982P4CI384,1982,4,CIENCIAS SOCIALES,standard_x_js,H1982P4CI384,47,147,47,https://historico.conaliteg.gob.mx/c/H1982P4CI384/047.jpg,0,source_jpeg,served_image,200,image/jpeg,65862,f01cb161e79802d145e99f28047332fae69412d6b783e910d44968dec3069ea6,1,
LTMD_U1_W4_SOCIAL_SCIENCES_ASSET_AUDIT_0.1,H1982P4CI384,1982,4,CIENCIAS SOCIALES,standard_x_js,H1982P4CI384,48,147,48,https://historico.conaliteg.gob.mx/c/H1982P4CI384/048.jpg,0,source_jpeg,served_image,200,image/jpeg,77152,02d2caae5fd7b3ecd70a6da0ace2ce03666192d9af3c9eb73d833866be688b41,1,
LTMD_U1_W4_SOCIAL_SCIENCES_ASSET_AUDIT_0.1,H1982P4CI384,1982,4,CIENCIAS SOCIALES,standard_x_js,H1982P4CI384,49,147,49,https://historico.conaliteg.gob.mx/c/H1982P4CI384/049.jpg,0,source_jpeg,served_image,200,image/jpeg,82720,7ae12ce6c114c25bc75ee96046203692a703b050b711121583472597b662101b,1,
LTMD_U1_W4_SOCIAL_SCIENCES_ASSET_AUDIT_0.1,H1982P4CI384,1982,4,CIENCIAS SOCIALES,standard_x_js,H1982P4CI384,50,147,50,https://historico.conaliteg.gob.mx/c/H1982P4CI384/050.jpg,0,source_jpeg,served_image,200,image/jpeg,70760,b15373d130013a670b376b8f3f1404c96d2c34838b17c05ea97646ff29d1360b,1,
LTMD_U1_W4_SOCIAL_SCIENCES_ASSET_AUDIT_0.1,H1982P4CI384,1982,4,CIENCIAS SOCIALES,standard_x_js,H1982P4CI384,51,147,51,https://historico.conaliteg.gob.mx/c/H1982P4CI384/051.jpg,0,source_jpeg,served_image,200,image/jpeg,91076,139bee56c8564aa7e011ba38b6a6734ec3c5eb6ec6d4204d41b0a64a06e5ca3f,1,
LTMD_U1_W4_SOCIAL_SCIENCES_ASSET_AUDIT_0.1,H1982P4CI384,1982,4,CIENCIAS SOCIALES,standard_x_js,H1982P4CI384,52,147,52,https://historico.conaliteg.gob.mx/c/H1982P4CI384/052.jpg,0,source_jpeg,served_image,200,image/jpeg,77495,e0170e2e8fa3faa980739e08112d3ed18e0b2b15f6ac285855b7133d35d59140,1,
LTMD_U1_W4_SOCIAL_SCIENCES_ASSET_AUDIT_0.1,H1982P4CI384,1982,4,CIENCIAS SOCIALES,standard_x_js,H1982P4CI384,53,147,53,https://historico.conaliteg.gob.mx/c/H1982P4CI384/053.jpg,0,source_jpeg,served_image,200,image/jpeg,71625,dc50421918d2be1526667f8a0bd3a804a296a1cdad2d334d936983c287c12cf8,1,
LTMD_U1_W4_SOCIAL_SCIENCES_ASSET_AUDIT_0.1,H1982P4CI384,1982,4,CIENCIAS SOCIALES,standard_x_js,H1982P4CI384,54,147,54,https://historico.conaliteg.gob.mx/c/H1982P4CI384/054.jpg,0,source_jpeg,served_image,200,image/jpeg,57438,4b7ea014ce3fc1019c15bdba1b14fbc874c00f6a501ce959fc09f0eb55490619,1,
LTMD_U1_W4_SOCIAL_SCIENCES_ASSET_AUDIT_0.1,H1982P4CI384,1982,4,CIENCIAS SOCIALES,standard_x_js,H1982P4CI384,55,147,55,https://historico.conaliteg.gob.mx/c/H1982P4CI384/055.jpg,0,source_jpeg,served_image,200,image/jpeg,66560,dbdaf1998226911608065895ef2f06a83f14daa73d1965e826a70f13284c83ab,1,
LTMD_U1_W4_SOCIAL_SCIENCES_ASSET_AUDIT_0.1,H1982P4CI384,1982,4,CIENCIAS SOCIALES,standard_x_js,H1982P4CI384,56,147,56,https://historico.conaliteg.gob.mx/c/H1982P4CI384/056.jpg,0,source_jpeg,served_image,200,image/jpeg,71697,37021f50325180b21c7bb61e817f6b332872028c9b517254d2ad0f920b6e80ba,1,
LTMD_U1_W4_SOCIAL_SCIENCES_ASSET_AUDIT_0.1,H1982P4CI384,1982,4,CIENCIAS SOCIALES,standard_x_js,H1982P4CI384,57,147,57,https://historico.conaliteg.gob.mx/c/H1982P4CI384/057.jpg,0,source_jpeg,served_image,200,image/jpeg,64243,87b2ac550dab76603005e149dc60d18c3991121c35f3cf697c93c9f97674c38b,1,
LTMD_U1_W4_SOCIAL_SCIENCES_ASSET_AUDIT_0.1,H1982P4CI384,1982,4,CIENCIAS SOCIALES,standard_x_js,H1982P4CI384,58,147,58,https://historico.conaliteg.gob.mx/c/H1982P4CI384/058.jpg,0,source_jpeg,served_image,200,image/jpeg,61403,4bce734fec4ac9e4efe3cbf7d81878317e0c36e747fd3b5f8d108127125e1dd8,1,
LTMD_U1_W4_SOCIAL_SCIENCES_ASSET_AUDIT_0.1,H1982P4CI384,1982,4,CIENCIAS SOCIALES,standard_x_js,H1982P4CI384,59,147,59,https://historico.conaliteg.gob.mx/c/H1982P4CI384/059.jpg,0,source_jpeg,served_image,200,image/jpeg,75765,afb1ac45bd028374347e1e353537f8c44409aea2c8860e6e87d8ea6cf7e711a0,1,
LTMD_U1_W4_SOCIAL_SCIENCES_ASSET_AUDIT_0.1,H1982P4CI384,1982,4,CIENCIAS SOCIALES,standard_x_js,H1982P4CI384,60,147,60,https://historico.conaliteg.gob.mx/c/H1982P4CI384/060.jpg,0,source_jpeg,served_image,200,image/jpeg,73798,0506b00d9eca2e679568b48365c70e46b963a4cbb4cdc1e90d5bd1cd0c4ebdd0,1,
LTMD_U1_W4_SOCIAL_SCIENCES_ASSET_AUDIT_0.1,H1982P4CI384,1982,4,CIENCIAS SOCIALES,standard_x_js,H1982P4CI384,61,147,61,https://historico.conaliteg.gob.mx/c/H1982P4CI384/061.jpg,0,source_jpeg,served_image,200,image/jpeg,88505,6f431c6edd21f5c1601aa809fc1253790879b1169427098faa5bedcb46f75df4,1,
LTMD_U1_W4_SOCIAL_SCIENCES_ASSET_AUDIT_0.1,H1982P4CI384,1982,4,CIENCIAS SOCIALES,standard_x_js,H1982P4CI384,62,147,62,https://historico.conaliteg.gob.mx/c/H1982P4CI384/062.jpg,0,source_jpeg,served_image,200,image/jpeg,72496,4e1b4b38a08095460f0fc38f851c0036468e32a95eaece1f5485d185077088bb,1,
LTMD_U1_W4_SOCIAL_SCIENCES_ASSET_AUDIT_0.1,H1982P4CI384,1982,4,CIENCIAS SOCIALES,standard_x_js,H1982P4CI384,63,147,63,https://historico.conaliteg.gob.mx/c/H1982P4CI384/063.jpg,0,source_jpeg,served_image,200,image/jpeg,63284,d876f4a43d7dd585e4f2d9ddf9deb2e7af13a93a754c0e88913e46bcf3c2f743,1,
LTMD_U1_W4_SOCIAL_SCIENCES_ASSET_AUDIT_0.1,H1982P4CI384,1982,4,CIENCIAS SOCIALES,standard_x_js,H1982P4CI384,64,147,64,https://historico.conaliteg.gob.mx/c/H1982P4CI384/064.jpg,0,source_jpeg,served_image,200,image/jpeg,64455,f261febe297a3c5a3eb61e5b7f4267441c351e2c2cf5226353db59b490a8d3f7,1,
LTMD_U1_W4_SOCIAL_SCIENCES_ASSET_AUDIT_0.1,H1982P4CI384,1982,4,CIENCIAS SOCIALES,standard_x_js,H1982P4CI384,65,147,65,https://historico.conaliteg.gob.mx/c/H1982P4CI384/065.jpg,0,source_jpeg,served_image,200,image/jpeg,91233,da87f6717d57929f9abee473ebec04af9e63723ea3d0d5edbbdb4b1509b97340,1,
LTMD_U1_W4_SOCIAL_SCIENCES_ASSET_AUDIT_0.1,H1982P4CI384,1982,4,CIENCIAS SOCIALES,standard_x_js,H1982P4CI384,66,147,66,https://historico.conaliteg.gob.mx/c/H1982P4CI384/066.jpg,0,source_jpeg,served_image,200,image/jpeg,74747,21e0d121d16f91e9087fa91e811e09e6c46e6166757c81a9ea3bc21cfe306548,1,
LTMD_U1_W4_SOCIAL_SCIENCES_ASSET_AUDIT_0.1,H1982P4CI384,1982,4,CIENCIAS SOCIALES,standard_x_js,H1982P4CI384,67,147,67,https://historico.conaliteg.gob.mx/c/H1982P4CI384/067.jpg,0,source_jpeg,served_image,200,image/jpeg,84017,5ff06bbf9b70973a3dc79ef583395ee5b8f34207a9bf6ed614f6295bcb050d4f,1,
LTMD_U1_W4_SOCIAL_SCIENCES_ASSET_AUDIT_0.1,H1982P4CI384,1982,4,CIENCIAS SOCIALES,standard_x_js,H1982P4CI384,68,147,68,https://historico.conaliteg.gob.mx/c/H1982P4CI384/068.jpg,0,source_jpeg,served_image,200,image/jpeg,71069,085d4fc595c36a4c91aa29b5552b6610fdd0bfb98a41ae2b104259646102280b,1,
LTMD_U1_W4_SOCIAL_SCIENCES_ASSET_AUDIT_0.1,H1982P4CI384,1982,4,CIENCIAS SOCIALES,standard_x_js,H1982P4CI384,69,147,69,https://historico.conaliteg.gob.mx/c/H1982P4CI384/069.jpg,0,source_jpeg,served_image,200,image/jpeg,52433,3b4bb27b01cb59135df2e9bde910a0b0b77ccbb3130093209c913c5c4fcaff81,1,
LTMD_U1_W4_SOCIAL_SCIENCES_ASSET_AUDIT_0.1,H1982P4CI384,1982,4,CIENCIAS SOCIALES,standard_x_js,H1982P4CI384,70,147,70,https://historico.conaliteg.gob.mx/c/H1982P4CI384/070.jpg,0,source_jpeg,served_image,200,image/jpeg,74825,212a2646d39f88f3cddba99651ebc87379a8de5c6c933b2483d9a7846703eac5,1,
LTMD_U1_W4_SOCIAL_SCIENCES_ASSET_AUDIT_0.1,H1982P4CI384,1982,4,CIENCIAS SOCIALES,standard_x_js,H1982P4CI384,71,147,71,https://historico.conaliteg.gob.mx/c/H1982P4CI384/071.jpg,0,source_jpeg,served_image,200,image/jpeg,69460,3cf6def0b6ba370e50c4a6a34ccd917a57b7b7b3861c64a4a2bd260dd5a0022c,1,
LTMD_U1_W4_SOCIAL_SCIENCES_ASSET_AUDIT_0.1,H1982P4CI384,1982,4,CIENCIAS SOCIALES,standard_x_js,H1982P4CI384,72,147,72,https://historico.conaliteg.gob.mx/c/H1982P4CI384/072.jpg,0,source_jpeg,served_image,200,image/jpeg,74140,124a1ebc250bbc98c4147a7caa586f9656f10f2ee766544da642a7435899b8a5,1,
LTMD_U1_W4_SOCIAL_SCIENCES_ASSET_AUDIT_0.1,H1982P4CI384,1982,4,CIENCIAS SOCIALES,standard_x_js,H1982P4CI384,73,147,73,https://historico.conaliteg.gob.mx/c/H1982P4CI384/073.jpg,0,source_jpeg,served_image,200,image/jpeg,82202,a98833301756a14560ece974256d6a8f2514e9033d9e63085ba99267bb262d78,1,
LTMD_U1_W4_SOCIAL_SCIENCES_ASSET_AUDIT_0.1,H1982P4CI384,1982,4,CIENCIAS SOCIALES,standard_x_js,H1982P4CI384,74,147,74,https://historico.conaliteg.gob.mx/c/H1982P4CI384/074.jpg,0,source_jpeg,served_image,200,image/jpeg,55106,62a0695fe8a0c48df407539a0a3828872b0b6fb3799ab2ea1067fd7737c24da7,1,
LTMD_U1_W4_SOCIAL_SCIENCES_ASSET_AUDIT_0.1,H1982P4CI384,1982,4,CIENCIAS SOCIALES,standard_x_js,H1982P4CI384,75,147,75,https://historico.conaliteg.gob.mx/c/H1982P4CI384/075.jpg,0,source_jpeg,served_image,200,image/jpeg,83127,527f31ac1c92b2f3c99a57aa320a8d167b21b35e0b1f59fb0da9910e41aba0a9,1,
LTMD_U1_W4_SOCIAL_SCIENCES_ASSET_AUDIT_0.1,H1982P4CI384,1982,4,CIENCIAS SOCIALES,standard_x_js,H1982P4CI384,76,147,76,https://historico.conaliteg.gob.mx/c/H1982P4CI384/076.jpg,0,source_jpeg,served_image,200,image/jpeg,77960,9b9c5bb14dd970ff1266008042dc74463cb00d89eccc22f8f86d15872a25e7d2,1,
LTMD_U1_W4_SOCIAL_SCIENCES_ASSET_AUDIT_0.1,H1982P4CI384,1982,4,CIENCIAS SOCIALES,standard_x_js,H1982P4CI384,77,147,77,https://historico.conaliteg.gob.mx/c/H1982P4CI384/077.jpg,0,source_jpeg,served_image,200,image/jpeg,82565,35a955a33a35042ba152b54052b42250a843475cca58c7f8c7234135ff5cef88,1,
LTMD_U1_W4_SOCIAL_SCIENCES_ASSET_AUDIT_0.1,H1982P4CI384,1982,4,CIENCIAS SOCIALES,standard_x_js,H1982P4CI384,78,147,78,https://historico.conaliteg.gob.mx/c/H1982P4CI384/078.jpg,0,source_jpeg,served_image,200,image/jpeg,66108,b302aba437adb858ca41f6bd860f9b26cfdbd35de1550ffc266e8f941a23959f,1,
LTMD_U1_W4_SOCIAL_SCIENCES_ASSET_AUDIT_0.1,H1982P4CI384,1982,4,CIENCIAS SOCIALES,standard_x_js,H1982P4CI384,79,147,79,https://historico.conaliteg.gob.mx/c/H1982P4CI384/079.jpg,0,source_jpeg,served_image,200,image/jpeg,86460,a2834c3134aecc49176c33d7def6bbb834cb2a8bf58c56abf318db74e402d433,1,
LTMD_U1_W4_SOCIAL_SCIENCES_ASSET_AUDIT_0.1,H1982P4CI384,1982,4,CIENCIAS SOCIALES,standard_x_js,H1982P4CI384,80,147,80,https://historico.conaliteg.gob.mx/c/H1982P4CI384/080.jpg,0,source_jpeg,served_image,200,image/jpeg,64407,fb036341ce7377159b29536ffe13c23e87087715c1b17eff8a2820c526fad8a6,1,
LTMD_U1_W4_SOCIAL_SCIENCES_ASSET_AUDIT_0.1,H1982P4CI384,1982,4,CIENCIAS SOCIALES,standard_x_js,H1982P4CI384,81,147,81,https://historico.conaliteg.gob.mx/c/H1982P4CI384/081.jpg,0,source_jpeg,served_image,200,image/jpeg,63361,d5a587e1b8cf955451e2de368b6ceae58e0e464d7cdebdb8024f40c3d52c32cd,1,
LTMD_U1_W4_SOCIAL_SCIENCES_ASSET_AUDIT_0.1,H1982P4CI384,1982,4,CIENCIAS SOCIALES,standard_x_js,H1982P4CI384,82,147,82,https://historico.conaliteg.gob.mx/c/H1982P4CI384/082.jpg,0,source_jpeg,served_image,200,image/jpeg,67115,5cc063448c0542a711f7032fba1a5af8fb5819ce514c5651f4cf46965d3a0016,1,
LTMD_U1_W4_SOCIAL_SCIENCES_ASSET_AUDIT_0.1,H1982P4CI384,1982,4,CIENCIAS SOCIALES,standard_x_js,H1982P4CI384,83,147,83,https://historico.conaliteg.gob.mx/c/H1982P4CI384/083.jpg,0,source_jpeg,served_image,200,image/jpeg,82036,9973856c517f1009c129759ab796608590a561d307006561703db04be2410435,1,
LTMD_U1_W4_SOCIAL_SCIENCES_ASSET_AUDIT_0.1,H1982P4CI384,1982,4,CIENCIAS SOCIALES,standard_x_js,H1982P4CI384,84,147,84,https://historico.conaliteg.gob.mx/c/H1982P4CI384/084.jpg,0,source_jpeg,served_image,200,image/jpeg,60481,116b7b791491972cebac69e4e2d5d0f44cc5574ccb3047ae9d598c6f97fc8af3,1,
LTMD_U1_W4_SOCIAL_SCIENCES_ASSET_AUDIT_0.1,H1982P4CI384,1982,4,CIENCIAS SOCIALES,standard_x_js,H1982P4CI384,85,147,85,https://historico.conaliteg.gob.mx/c/H1982P4CI384/085.jpg,0,source_jpeg,served_image,200,image/jpeg,70736,f621672028a887cb9f7cd638a3738e854c3f3e00f4f61616f74436d02c5cb424,1,
LTMD_U1_W4_SOCIAL_SCIENCES_ASSET_AUDIT_0.1,H1982P4CI384,1982,4,CIENCIAS SOCIALES,standard_x_js,H1982P4CI384,86,147,86,https://historico.conaliteg.gob.mx/c/H1982P4CI384/086.jpg,0,source_jpeg,served_image,200,image/jpeg,71123,7ba9af7743bb10b78b411e29f611bd5d449c29f266e56405774da32443ce118f,1,
LTMD_U1_W4_SOCIAL_SCIENCES_ASSET_AUDIT_0.1,H1982P4CI384,1982,4,CIENCIAS SOCIALES,standard_x_js,H1982P4CI384,87,147,87,https://historico.conaliteg.gob.mx/c/H1982P4CI384/087.jpg,0,source_jpeg,served_image,200,image/jpeg,66005,bee4744f7d1c4acd03096d343613f04596686bc9e938dab93590b48e29215ed1,1,
LTMD_U1_W4_SOCIAL_SCIENCES_ASSET_AUDIT_0.1,H1982P4CI384,1982,4,CIENCIAS SOCIALES,standard_x_js,H1982P4CI384,88,147,88,https://historico.conaliteg.gob.mx/c/H1982P4CI384/088.jpg,0,source_jpeg,served_image,200,image/jpeg,71050,5bfcff8e6a0bd18ee825125c2d9c4d3c17d8ae038b1ba4e68fb1984d549da644,1,
LTMD_U1_W4_SOCIAL_SCIENCES_ASSET_AUDIT_0.1,H1982P4CI384,1982,4,CIENCIAS SOCIALES,standard_x_js,H1982P4CI384,89,147,89,https://historico.conaliteg.gob.mx/c/H1982P4CI384/089.jpg,0,source_jpeg,served_image,200,image/jpeg,52745,86cb10720b818cb6ee86a94dbbc6b4f7cbece21c361d5f43ee9e1370b5399dd3,1,
LTMD_U1_W4_SOCIAL_SCIENCES_ASSET_AUDIT_0.1,H1982P4CI384,1982,4,CIENCIAS SOCIALES,standard_x_js,H1982P4CI384,90,147,90,https://historico.conaliteg.gob.mx/c/H1982P4CI384/090.jpg,0,source_jpeg,served_image,200,image/jpeg,76919,d9a289f1f8a7df12c648116a596c39b756a04adf7372fb1c6b6e743245d0c1e5,1,
LTMD_U1_W4_SOCIAL_SCIENCES_ASSET_AUDIT_0.1,H1982P4CI384,1982,4,CIENCIAS SOCIALES,standard_x_js,H1982P4CI384,91,147,91,https://historico.conaliteg.gob.mx/c/H1982P4CI384/091.jpg,0,source_jpeg,served_image,200,image/jpeg,63667,22100fed013b56de76fdb0bbcd901331271a637b439250a210d3cd938e2e2917,1,
LTMD_U1_W4_SOCIAL_SCIENCES_ASSET_AUDIT_0.1,H1982P4CI384,1982,4,CIENCIAS SOCIALES,standard_x_js,H1982P4CI384,92,147,92,https://historico.conaliteg.gob.mx/c/H1982P4CI384/092.jpg,0,source_jpeg,served_image,200,image/jpeg,60677,29588f3c9444453aa3dd365b9c3a7cb6b124cb65bc4743b3fedf930938f7a490,1,
LTMD_U1_W4_SOCIAL_SCIENCES_ASSET_AUDIT_0.1,H1982P4CI384,1982,4,CIENCIAS SOCIALES,standard_x_js,H1982P4CI384,93,147,93,https://historico.conaliteg.gob.mx/c/H1982P4CI384/093.jpg,0,source_jpeg,served_image,200,image/jpeg,83025,6ab18f20fe6ab97d9f94b0c9fd47ad77b47d932216845d1ada05ee0b2c6def81,1,
LTMD_U1_W4_SOCIAL_SCIENCES_ASSET_AUDIT_0.1,H1982P4CI384,1982,4,CIENCIAS SOCIALES,standard_x_js,H1982P4CI384,94,147,94,https://historico.conaliteg.gob.mx/c/H1982P4CI384/094.jpg,0,source_jpeg,served_image,200,image/jpeg,75278,d214da483466611f8494789ef1450a0cb2850b3939ab5dcb82c55575f98140fe,1,
LTMD_U1_W4_SOCIAL_SCIENCES_ASSET_AUDIT_0.1,H1982P4CI384,1982,4,CIENCIAS SOCIALES,standard_x_js,H1982P4CI384,95,147,95,https://historico.conaliteg.gob.mx/c/H1982P4CI384/095.jpg,0,source_jpeg,served_image,200,image/jpeg,73600,6f06dc9a9cfbdf406b9d6f94349bb124be142ff40f720f1b9cd9cc4a2bab1c4e,1,
LTMD_U1_W4_SOCIAL_SCIENCES_ASSET_AUDIT_0.1,H1982P4CI384,1982,4,CIENCIAS SOCIALES,standard_x_js,H1982P4CI384,96,147,96,https://historico.conaliteg.gob.mx/c/H1982P4CI384/096.jpg,0,source_jpeg,served_image,200,image/jpeg,85254,764d1103b6f9e58a09124936dc83bd2aa905a74475bffcd332756e5ce123210d,1,
LTMD_U1_W4_SOCIAL_SCIENCES_ASSET_AUDIT_0.1,H1982P4CI384,1982,4,CIENCIAS SOCIALES,standard_x_js,H1982P4CI384,97,147,97,https://historico.conaliteg.gob.mx/c/H1982P4CI384/097.jpg,0,source_jpeg,served_image,200,image/jpeg,47342,b5407689a6b6acff080fb480eae46d2261da3663185b71e04770096c3019d1d4,1,
LTMD_U1_W4_SOCIAL_SCIENCES_ASSET_AUDIT_0.1,H1982P4CI384,1982,4,CIENCIAS SOCIALES,standard_x_js,H1982P4CI384,98,147,98,https://historico.conaliteg.gob.mx/c/H1982P4CI384/098.jpg,0,source_jpeg,served_image,200,image/jpeg,79094,eb01611816f2d9dfcb71c3fb80c1c41bae0432a92ddcbaf6d452e5ab6c18231a,1,
LTMD_U1_W4_SOCIAL_SCIENCES_ASSET_AUDIT_0.1,H1982P4CI384,1982,4,CIENCIAS SOCIALES,standard_x_js,H1982P4CI384,99,147,99,https://historico.conaliteg.gob.mx/c/H1982P4CI384/099.jpg,0,source_jpeg,served_image,200,image/jpeg,84824,07fb8a13329ef2b3cfa6188c7437d0a478c41a8a0cf6104e799ed72ae682b48b,1,
LTMD_U1_W4_SOCIAL_SCIENCES_ASSET_AUDIT_0.1,H1982P4CI384,1982,4,CIENCIAS SOCIALES,standard_x_js,H1982P4CI384,100,147,100,https://historico.conaliteg.gob.mx/c/H1982P4CI384/100.jpg,0,source_jpeg,served_image,200,image/jpeg,82512,6ceb492b6ef237a7bf1f341fc872110806761697a046e8b712a1e73a88e00c01,1,
LTMD_U1_W4_SOCIAL_SCIENCES_ASSET_AUDIT_0.1,H1982P4CI384,1982,4,CIENCIAS SOCIALES,standard_x_js,H1982P4CI384,101,147,101,https://historico.conaliteg.gob.mx/c/H1982P4CI384/101.jpg,0,source_jpeg,served_image,200,image/jpeg,77832,62d7b5007f74d4b7d2bae1a64f2da390a0dcd434dcd829cbf231d58c47f975f8,1,
LTMD_U1_W4_SOCIAL_SCIENCES_ASSET_AUDIT_0.1,H1982P4CI384,1982,4,CIENCIAS SOCIALES,standard_x_js,H1982P4CI384,102,147,102,https://historico.conaliteg.gob.mx/c/H1982P4CI384/102.jpg,0,source_jpeg,served_image,200,image/jpeg,80804,beb760447e99f4a88322451eb62571ad1fb9d5232eaa0f6b5f538cf24fa0047c,1,
LTMD_U1_W4_SOCIAL_SCIENCES_ASSET_AUDIT_0.1,H1982P4CI384,1982,4,CIENCIAS SOCIALES,standard_x_js,H1982P4CI384,103,147,103,https://historico.conaliteg.gob.mx/c/H1982P4CI384/103.jpg,0,source_jpeg,served_image,200,image/jpeg,80062,c3c7989bdef962b048f9788005e102350362cf3940d43617c62cc2cd53abe8fe,1,
LTMD_U1_W4_SOCIAL_SCIENCES_ASSET_AUDIT_0.1,H1982P4CI384,1982,4,CIENCIAS SOCIALES,standard_x_js,H1982P4CI384,104,147,104,https://historico.conaliteg.gob.mx/c/H1982P4CI384/104.jpg,0,source_jpeg,served_image,200,image/jpeg,73629,59db755be23049f4d9e46cd3141b8e668ed94b6f5240a6eef3355b4a1ea3ea9e,1,
LTMD_U1_W4_SOCIAL_SCIENCES_ASSET_AUDIT_0.1,H1982P4CI384,1982,4,CIENCIAS SOCIALES,standard_x_js,H1982P4CI384,105,147,105,https://historico.conaliteg.gob.mx/c/H1982P4CI384/105.jpg,0,source_jpeg,served_image,200,image/jpeg,92275,45f41d50d600a07253f07ac982913ef9408b6edcf002938a3086e9581351caba,1,
LTMD_U1_W4_SOCIAL_SCIENCES_ASSET_AUDIT_0.1,H1982P4CI384,1982,4,CIENCIAS SOCIALES,standard_x_js,H1982P4CI384,106,147,106,https://historico.conaliteg.gob.mx/c/H1982P4CI384/106.jpg,0,source_jpeg,served_image,200,image/jpeg,84226,e264d6a1026f280e0fcc89c969dc0ca5f64d9702d0816a79196b872500baba9c,1,
LTMD_U1_W4_SOCIAL_SCIENCES_ASSET_AUDIT_0.1,H1982P4CI384,1982,4,CIENCIAS SOCIALES,standard_x_js,H1982P4CI384,107,147,107,https://historico.conaliteg.gob.mx/c/H1982P4CI384/107.jpg,0,source_jpeg,served_image,200,image/jpeg,65743,f21ac6a30c591a9a84557b869839ee7f4ac8efba1793fe897f8d8c2fece77b3b,1,
LTMD_U1_W4_SOCIAL_SCIENCES_ASSET_AUDIT_0.1,H1982P4CI384,1982,4,CIENCIAS SOCIALES,standard_x_js,H1982P4CI384,108,147,108,https://historico.conaliteg.gob.mx/c/H1982P4CI384/108.jpg,0,source_jpeg,served_image,200,image/jpeg,65971,8ecfaab3016b609ccb45175f5ea577c7122555da2491dee4efc832333318eeea,1,
LTMD_U1_W4_SOCIAL_SCIENCES_ASSET_AUDIT_0.1,H1982P4CI384,1982,4,CIENCIAS SOCIALES,standard_x_js,H1982P4CI384,109,147,109,https://historico.conaliteg.gob.mx/c/H1982P4CI384/109.jpg,0,source_jpeg,served_image,200,image/jpeg,70886,8e7575c2bde9477ddfceadeeda2a0a15cda4c6c3d18c2420fecd5cd542120328,1,
LTMD_U1_W4_SOCIAL_SCIENCES_ASSET_AUDIT_0.1,H1982P4CI384,1982,4,CIENCIAS SOCIALES,standard_x_js,H1982P4CI384,110,147,110,https://historico.conaliteg.gob.mx/c/H1982P4CI384/110.jpg,0,source_jpeg,served_image,200,image/jpeg,66441,4c02d6139b788b37aff006fcd263d3c2d10534c6e2ab908b57c0d8caf81e33de,1,
LTMD_U1_W4_SOCIAL_SCIENCES_ASSET_AUDIT_0.1,H1982P4CI384,1982,4,CIENCIAS SOCIALES,standard_x_js,H1982P4CI384,111,147,111,https://historico.conaliteg.gob.mx/c/H1982P4CI384/111.jpg,0,source_jpeg,served_image,200,image/jpeg,70548,10219e3172a23cc840ce9a613d3b4d8e158ddc643598ee4502bcbaf7a719649b,1,
LTMD_U1_W4_SOCIAL_SCIENCES_ASSET_AUDIT_0.1,H1982P4CI384,1982,4,CIENCIAS SOCIALES,standard_x_js,H1982P4CI384,112,147,112,https://historico.conaliteg.gob.mx/c/H1982P4CI384/112.jpg,0,source_jpeg,served_image,200,image/jpeg,71247,e97f72c463c35b0bd72520f82404afc5ca8a972479c504cf8473c641ab43c8d7,1,
LTMD_U1_W4_SOCIAL_SCIENCES_ASSET_AUDIT_0.1,H1982P4CI384,1982,4,CIENCIAS SOCIALES,standard_x_js,H1982P4CI384,113,147,113,https://historico.conaliteg.gob.mx/c/H1982P4CI384/113.jpg,0,source_jpeg,served_image,200,image/jpeg,60911,70db3fcb9dcbddc760e4557d25ff249609f04d8063724669f5cc08369f852fe9,1,
LTMD_U1_W4_SOCIAL_SCIENCES_ASSET_AUDIT_0.1,H1982P4CI384,1982,4,CIENCIAS SOCIALES,standard_x_js,H1982P4CI384,114,147,114,https://historico.conaliteg.gob.mx/c/H1982P4CI384/114.jpg,0,source_jpeg,served_image,200,image/jpeg,76031,4022d72e2a1045c425adebc3c517317c00c942888759df05929b56b92b426c4f,1,
LTMD_U1_W4_SOCIAL_SCIENCES_ASSET_AUDIT_0.1,H1982P4CI384,1982,4,CIENCIAS SOCIALES,standard_x_js,H1982P4CI384,115,147,115,https://historico.conaliteg.gob.mx/c/H1982P4CI384/115.jpg,0,source_jpeg,served_image,200,image/jpeg,76306,808a5800c22269e20c06da31ea41cc2558c58d73ca33bfe1e9bb30d3b7e83ce5,1,
LTMD_U1_W4_SOCIAL_SCIENCES_ASSET_AUDIT_0.1,H1982P4CI384,1982,4,CIENCIAS SOCIALES,standard_x_js,H1982P4CI384,116,147,116,https://historico.conaliteg.gob.mx/c/H1982P4CI384/116.jpg,0,source_jpeg,served_image,200,image/jpeg,65480,4a4ed2efbf64f9206119b9f5adec5314e364d7cec9da8ed230ca2bbbc313b69a,1,
LTMD_U1_W4_SOCIAL_SCIENCES_ASSET_AUDIT_0.1,H1982P4CI384,1982,4,CIENCIAS SOCIALES,standard_x_js,H1982P4CI384,117,147,117,https://historico.conaliteg.gob.mx/c/H1982P4CI384/117.jpg,0,source_jpeg,served_image,200,image/jpeg,77443,2a90612108faf54b60e465066cccc85cbcfbc1d32ad8ad1957622612bf986daf,1,
LTMD_U1_W4_SOCIAL_SCIENCES_ASSET_AUDIT_0.1,H1982P4CI384,1982,4,CIENCIAS SOCIALES,standard_x_js,H1982P4CI384,118,147,118,https://historico.conaliteg.gob.mx/c/H1982P4CI384/118.jpg,0,source_jpeg,served_image,200,image/jpeg,72470,396f5927d4a05addf426aeac294d5fc0e98b35b30d26a5545234c81e427c6f16,1,
LTMD_U1_W4_SOCIAL_SCIENCES_ASSET_AUDIT_0.1,H1982P4CI384,1982,4,CIENCIAS SOCIALES,standard_x_js,H1982P4CI384,119,147,119,https://historico.conaliteg.gob.mx/c/H1982P4CI384/119.jpg,0,source_jpeg,served_image,200,image/jpeg,75742,153630d058a5ed60ade8c9234ae1c426ee76d40e216cf391bb676de355c7bed9,1,
LTMD_U1_W4_SOCIAL_SCIENCES_ASSET_AUDIT_0.1,H1982P4CI384,1982,4,CIENCIAS SOCIALES,standard_x_js,H1982P4CI384,120,147,120,https://historico.conaliteg.gob.mx/c/H1982P4CI384/120.jpg,0,source_jpeg,served_image,200,image/jpeg,76513,5dde6ae7115689e799f5779a4365e642424c11f2d3f64de22f02d62b45de67ce,1,
LTMD_U1_W4_SOCIAL_SCIENCES_ASSET_AUDIT_0.1,H1982P4CI384,1982,4,CIENCIAS SOCIALES,standard_x_js,H1982P4CI384,121,147,121,https://historico.conaliteg.gob.mx/c/H1982P4CI384/121.jpg,0,source_jpeg,served_image,200,image/jpeg,72389,059cc2369c8a2659c7415858b77c2d9d4ef07fb2ff3e642e3ac012409b89269d,1,
LTMD_U1_W4_SOCIAL_SCIENCES_ASSET_AUDIT_0.1,H1982P4CI384,1982,4,CIENCIAS SOCIALES,standard_x_js,H1982P4CI384,122,147,122,https://historico.conaliteg.gob.mx/c/H1982P4CI384/122.jpg,0,source_jpeg,served_image,200,image/jpeg,72219,03ee8d4c9af7e837af60007539769dd24b76c3f434223669ef59f929ae284064,1,
LTMD_U1_W4_SOCIAL_SCIENCES_ASSET_AUDIT_0.1,H1982P4CI384,1982,4,CIENCIAS SOCIALES,standard_x_js,H1982P4CI384,123,147,123,https://historico.conaliteg.gob.mx/c/H1982P4CI384/123.jpg,0,source_jpeg,served_image,200,image/jpeg,74968,5b3d0c2d71d7e116c272f7584a5528f5c8ac1683b337a36012c45ad26532a95e,1,
LTMD_U1_W4_SOCIAL_SCIENCES_ASSET_AUDIT_0.1,H1982P4CI384,1982,4,CIENCIAS SOCIALES,standard_x_js,H1982P4CI384,124,147,124,https://historico.conaliteg.gob.mx/c/H1982P4CI384/124.jpg,0,source_jpeg,served_image,200,image/jpeg,76461,984334e37f76992ef48869d1667b7b7796e5f0480327bce66c725f8c403e8f1c,1,
LTMD_U1_W4_SOCIAL_SCIENCES_ASSET_AUDIT_0.1,H1982P4CI384,1982,4,CIENCIAS SOCIALES,standard_x_js,H1982P4CI384,125,147,125,https://historico.conaliteg.gob.mx/c/H1982P4CI384/125.jpg,0,source_jpeg,served_image,200,image/jpeg,76602,aa11ff52480ea1c27f92300687eb0e0e9c3472047e8e065910a5d985e4433c37,1,
LTMD_U1_W4_SOCIAL_SCIENCES_ASSET_AUDIT_0.1,H1982P4CI384,1982,4,CIENCIAS SOCIALES,standard_x_js,H1982P4CI384,126,147,126,https://historico.conaliteg.gob.mx/c/H1982P4CI384/126.jpg,0,source_jpeg,served_image,200,image/jpeg,79011,cda0ebf37466e590ff7b3b1ce9260258fb60dc65c424f7528d56bc289d46cf27,1,
LTMD_U1_W4_SOCIAL_SCIENCES_ASSET_AUDIT_0.1,H1982P4CI384,1982,4,CIENCIAS SOCIALES,standard_x_js,H1982P4CI384,127,147,127,https://historico.conaliteg.gob.mx/c/H1982P4CI384/127.jpg,0,source_jpeg,served_image,200,image/jpeg,81641,07efda546c06503278b840b0a65f8dd064cd06068a3b289b6c7c5f148deaeab9,1,
LTMD_U1_W4_SOCIAL_SCIENCES_ASSET_AUDIT_0.1,H1982P4CI384,1982,4,CIENCIAS SOCIALES,standard_x_js,H1982P4CI384,128,147,128,https://historico.conaliteg.gob.mx/c/H1982P4CI384/128.jpg,0,source_jpeg,served_image,200,image/jpeg,60094,123070d3dfff0cea7c84ea0783dff75026f054eed22c08713979e4e78ccaba73,1,
LTMD_U1_W4_SOCIAL_SCIENCES_ASSET_AUDIT_0.1,H1982P4CI384,1982,4,CIENCIAS SOCIALES,standard_x_js,H1982P4CI384,129,147,129,https://historico.conaliteg.gob.mx/c/H1982P4CI384/129.jpg,0,source_jpeg,served_image,200,image/jpeg,80124,a0c8b3cc7ca27fbb288246b0f71660902fa7a9c90a2d89b2e584acfd558703e7,1,
LTMD_U1_W4_SOCIAL_SCIENCES_ASSET_AUDIT_0.1,H1982P4CI384,1982,4,CIENCIAS SOCIALES,standard_x_js,H1982P4CI384,130,147,130,https://historico.conaliteg.gob.mx/c/H1982P4CI384/130.jpg,0,source_jpeg,served_image,200,image/jpeg,69059,32bbd76457dbb8c7f7d62b14c32a6e64f743123798be68d830362ca88335fe7a,1,
LTMD_U1_W4_SOCIAL_SCIENCES_ASSET_AUDIT_0.1,H1982P4CI384,1982,4,CIENCIAS SOCIALES,standard_x_js,H1982P4CI384,131,147,131,https://historico.conaliteg.gob.mx/c/H1982P4CI384/131.jpg,0,source_jpeg,served_image,200,image/jpeg,81007,0782320e984d1c606a5450874882c344add53fbe3377cf7e5300cc82f15aba9c,1,
LTMD_U1_W4_SOCIAL_SCIENCES_ASSET_AUDIT_0.1,H1982P4CI384,1982,4,CIENCIAS SOCIALES,standard_x_js,H1982P4CI384,132,147,132,https://historico.conaliteg.gob.mx/c/H1982P4CI384/132.jpg,0,source_jpeg,served_image,200,image/jpeg,58776,096b60c14b8167dfad4d95ea49b87ce3febecbc28dd1c195136cd8ffcfb2aff6,1,
LTMD_U1_W4_SOCIAL_SCIENCES_ASSET_AUDIT_0.1,H1982P4CI384,1982,4,CIENCIAS SOCIALES,standard_x_js,H1982P4CI384,133,147,133,https://historico.conaliteg.gob.mx/c/H1982P4CI384/133.jpg,0,source_jpeg,served_image,200,image/jpeg,78952,19ff32d3098be72e7f5457d3acda4afcb27e8fccae6de424f502291d6f90a5fe,1,
LTMD_U1_W4_SOCIAL_SCIENCES_ASSET_AUDIT_0.1,H1982P4CI384,1982,4,CIENCIAS SOCIALES,standard_x_js,H1982P4CI384,134,147,134,https://historico.conaliteg.gob.mx/c/H1982P4CI384/134.jpg,0,source_jpeg,served_image,200,image/jpeg,79263,dd77906bd4792f38e76de7c75e6a45937d274f8ea0d2fcb34689bf065d2e4bb5,1,
LTMD_U1_W4_SOCIAL_SCIENCES_ASSET_AUDIT_0.1,H1982P4CI384,1982,4,CIENCIAS SOCIALES,standard_x_js,H1982P4CI384,135,147,135,https://historico.conaliteg.gob.mx/c/H1982P4CI384/135.jpg,0,source_jpeg,served_image,200,image/jpeg,65736,0964060394d8345cec9ba73447492707e6c58e1412cb3b3d1cc60e3cc6824149,1,
LTMD_U1_W4_SOCIAL_SCIENCES_ASSET_AUDIT_0.1,H1982P4CI384,1982,4,CIENCIAS SOCIALES,standard_x_js,H1982P4CI384,136,147,136,https://historico.conaliteg.gob.mx/c/H1982P4CI384/136.jpg,0,source_jpeg,served_image,200,image/jpeg,63117,89549a748735cf26e5719a0d14c21e940571770b6104e84e0e9b773bd6be8103,1,
LTMD_U1_W4_SOCIAL_SCIENCES_ASSET_AUDIT_0.1,H1982P4CI384,1982,4,CIENCIAS SOCIALES,standard_x_js,H1982P4CI384,137,147,137,https://historico.conaliteg.gob.mx/c/H1982P4CI384/137.jpg,0,source_jpeg,served_image,200,image/jpeg,74177,7b1337f111ba1a10b81b52e543ba040dcd03ebee9bacf834b09aadb4a485bf89,1,
LTMD_U1_W4_SOCIAL_SCIENCES_ASSET_AUDIT_0.1,H1982P4CI384,1982,4,CIENCIAS SOCIALES,standard_x_js,H1982P4CI384,138,147,138,https://historico.conaliteg.gob.mx/c/H1982P4CI384/138.jpg,0,source_jpeg,served_image,200,image/jpeg,75172,de825b435b263827d652854e7061b8d22c780d39d869f1a6f64c80b85edb2b38,1,
LTMD_U1_W4_SOCIAL_SCIENCES_ASSET_AUDIT_0.1,H1982P4CI384,1982,4,CIENCIAS SOCIALES,standard_x_js,H1982P4CI384,139,147,139,https://historico.conaliteg.gob.mx/c/H1982P4CI384/139.jpg,0,source_jpeg,served_image,200,image/jpeg,61893,d3a40cda6562eeda5646eb41afb5bd17147e520494d05a89c5d0d63e5917c713,1,
LTMD_U1_W4_SOCIAL_SCIENCES_ASSET_AUDIT_0.1,H1982P4CI384,1982,4,CIENCIAS SOCIALES,standard_x_js,H1982P4CI384,140,147,140,https://historico.conaliteg.gob.mx/c/H1982P4CI384/140.jpg,0,source_jpeg,served_image,200,image/jpeg,58737,b8bb80b13caddcffe28b3017318ed948d67df7daec61c50645a56d9648f1c63b,1,
LTMD_U1_W4_SOCIAL_SCIENCES_ASSET_AUDIT_0.1,H1982P4CI384,1982,4,CIENCIAS SOCIALES,standard_x_js,H1982P4CI384,141,147,141,https://historico.conaliteg.gob.mx/c/H1982P4CI384/141.jpg,0,source_jpeg,served_image,200,image/jpeg,57029,3d6a6c2f51c3dabf648982c707522c79f12b15a843cf44e08bef540dfb3028e5,1,
LTMD_U1_W4_SOCIAL_SCIENCES_ASSET_AUDIT_0.1,H1982P4CI384,1982,4,CIENCIAS SOCIALES,standard_x_js,H1982P4CI384,142,147,142,https://historico.conaliteg.gob.mx/c/H1982P4CI384/142.jpg,0,source_jpeg,served_image,200,image/jpeg,53371,cbc060daa80230a85e191ad04c7f8661648cdd7cc129196216f7a96a0b99e52c,1,
LTMD_U1_W4_SOCIAL_SCIENCES_ASSET_AUDIT_0.1,H1982P4CI384,1982,4,CIENCIAS SOCIALES,standard_x_js,H1982P4CI384,143,147,143,https://historico.conaliteg.gob.mx/c/H1982P4CI384/143.jpg,0,source_jpeg,served_image,200,image/jpeg,34938,b731fe46a98c8ed9dcb1aa90e6fec080eee22bac1242cd9a6cdf41b7f7ee8039,1,
LTMD_U1_W4_SOCIAL_SCIENCES_ASSET_AUDIT_0.1,H1982P4CI384,1982,4,CIENCIAS SOCIALES,standard_x_js,H1982P4CI384,144,147,144,https://historico.conaliteg.gob.mx/c/H1982P4CI384/144.jpg,0,source_jpeg,served_image,200,image/jpeg,31425,01bb61d9da2704ca05710533c64c3a8816cb17f9e33788105b410f1ee7860f5d,1,
LTMD_U1_W4_SOCIAL_SCIENCES_ASSET_AUDIT_0.1,H1982P4CI384,1982,4,CIENCIAS SOCIALES,standard_x_js,H1982P4CI384,145,147,145,https://historico.conaliteg.gob.mx/c/H1982P4CI384/145.jpg,0,source_jpeg,served_image,200,image/jpeg,54435,95bcfc8f15ee315e61fe64972bbc005f74ed41294846f2df599d93e74b20e7e7,1,
LTMD_U1_W4_SOCIAL_SCIENCES_ASSET_AUDIT_0.1,H1982P4CI384,1982,4,CIENCIAS SOCIALES,standard_x_js,H1982P4CI384,146,147,146,https://historico.conaliteg.gob.mx/c/H1982P4CI384/146.jpg,0,source_jpeg,served_image,200,image/jpeg,190452,864affba359c16f88e76791260c74bceb2ac3ed1e76aa8b7ba265ce31a2c33f8,1,
LTMD_U1_W4_SOCIAL_SCIENCES_ASSET_AUDIT_0.1,H1982P4CI384,1982,4,CIENCIAS SOCIALES,standard_x_js,H1982P4CI384,147,147,147,https://historico.conaliteg.gob.mx/c/H1982P4CI384/147.jpg,1,terminal_synthetic_candidate,http_404,404,text/html; charset=iso-8859-1,,,1,HTTP 404
LTMD_U1_W4_SOCIAL_SCIENCES_ASSET_AUDIT_0.1,H1982P5CI390,1982,5,CIENCIAS SOCIALES,standard_x_js,H1982P5CI390,1,147,0,https://historico.conaliteg.gob.mx/c/H1982P5CI390/000.jpg,0,source_jpeg,served_image,200,image/jpeg,313772,faa0059e7b6cc591053a8221cf9a394b7f5e30c899b2a5925ec160cba2c0483d,1,
LTMD_U1_W4_SOCIAL_SCIENCES_ASSET_AUDIT_0.1,H1982P5CI390,1982,5,CIENCIAS SOCIALES,standard_x_js,H1982P5CI390,2,147,2,https://historico.conaliteg.gob.mx/c/H1982P5CI390/002.jpg,0,source_jpeg,served_image,200,image/jpeg,42735,4139afb0014d41d23b8e1f2ca82e910fa30bc0ea727ef68e5401f0691e8d364a,1,
LTMD_U1_W4_SOCIAL_SCIENCES_ASSET_AUDIT_0.1,H1982P5CI390,1982,5,CIENCIAS SOCIALES,standard_x_js,H1982P5CI390,3,147,3,https://historico.conaliteg.gob.mx/c/H1982P5CI390/003.jpg,0,source_jpeg,served_image,200,image/jpeg,39688,616d4eb54baf0b387e0a740c5f2b6a879eb70829cb99bdc619d11e55251345b2,1,
LTMD_U1_W4_SOCIAL_SCIENCES_ASSET_AUDIT_0.1,H1982P5CI390,1982,5,CIENCIAS SOCIALES,standard_x_js,H1982P5CI390,4,147,4,https://historico.conaliteg.gob.mx/c/H1982P5CI390/004.jpg,0,source_jpeg,served_image,200,image/jpeg,64090,3c4451772ff22d58dd247e1ab03d921d455fa44e2cf627064649724694149351,1,
LTMD_U1_W4_SOCIAL_SCIENCES_ASSET_AUDIT_0.1,H1982P5CI390,1982,5,CIENCIAS SOCIALES,standard_x_js,H1982P5CI390,5,147,5,https://historico.conaliteg.gob.mx/c/H1982P5CI390/005.jpg,0,source_jpeg,served_image,200,image/jpeg,64813,c45c6896b3b12dd80861282ae977e3300a200a7f2a8e1d08a05a2ac6caef2cec,1,
LTMD_U1_W4_SOCIAL_SCIENCES_ASSET_AUDIT_0.1,H1982P5CI390,1982,5,CIENCIAS SOCIALES,standard_x_js,H1982P5CI390,6,147,6,https://historico.conaliteg.gob.mx/c/H1982P5CI390/006.jpg,0,source_jpeg,served_image,200,image/jpeg,58542,4d83a05f7eaf47c923e08e6cec17fad7e20656d386d45f84a5b900d62ae1a2ab,1,
LTMD_U1_W4_SOCIAL_SCIENCES_ASSET_AUDIT_0.1,H1982P5CI390,1982,5,CIENCIAS SOCIALES,standard_x_js,H1982P5CI390,7,147,7,https://historico.conaliteg.gob.mx/c/H1982P5CI390/007.jpg,0,source_jpeg,served_image,200,image/jpeg,55557,127338c7cd0d7537e31a9c9d10e5db859366506b5fcdb2edc2b828e94ad60781,1,
LTMD_U1_W4_SOCIAL_SCIENCES_ASSET_AUDIT_0.1,H1982P5CI390,1982,5,CIENCIAS SOCIALES,standard_x_js,H1982P5CI390,8,147,8,https://historico.conaliteg.gob.mx/c/H1982P5CI390/008.jpg,0,source_jpeg,served_image,200,image/jpeg,60829,3b7aa46a2b2316631e0b73822cc5de47b400a650039c49e86dec029d1bcd5dff,1,
LTMD_U1_W4_SOCIAL_SCIENCES_ASSET_AUDIT_0.1,H1982P5CI390,1982,5,CIENCIAS SOCIALES,standard_x_js,H1982P5CI390,9,147,9,https://historico.conaliteg.gob.mx/c/H1982P5CI390/009.jpg,0,source_jpeg,served_image,200,image/jpeg,53201,7aed69acce687ed39869c4d47accce1417938b737d7070b16fe40fa354672fbe,1,
LTMD_U1_W4_SOCIAL_SCIENCES_ASSET_AUDIT_0.1,H1982P5CI390,1982,5,CIENCIAS SOCIALES,standard_x_js,H1982P5CI390,10,147,10,https://historico.conaliteg.gob.mx/c/H1982P5CI390/010.jpg,0,source_jpeg,served_image,200,image/jpeg,69222,df84e87084edf25e7d29d21752f74958080f24bbd6ae4a02fd6e7192274d9bcb,1,
LTMD_U1_W4_SOCIAL_SCIENCES_ASSET_AUDIT_0.1,H1982P5CI390,1982,5,CIENCIAS SOCIALES,standard_x_js,H1982P5CI390,11,147,11,https://historico.conaliteg.gob.mx/c/H1982P5CI390/011.jpg,0,source_jpeg,served_image,200,image/jpeg,73398,391f53d45e9508ef970e08bdcf632d6b062171d4c69e33815055ebd598ed528d,1,
LTMD_U1_W4_SOCIAL_SCIENCES_ASSET_AUDIT_0.1,H1982P5CI390,1982,5,CIENCIAS SOCIALES,standard_x_js,H1982P5CI390,12,147,12,https://historico.conaliteg.gob.mx/c/H1982P5CI390/012.jpg,0,source_jpeg,served_image,200,image/jpeg,42270,9178143bf460c3893ca33361a4af0750de9203ca7bb9b224ac08a1fc55f3f633,1,
LTMD_U1_W4_SOCIAL_SCIENCES_ASSET_AUDIT_0.1,H1982P5CI390,1982,5,CIENCIAS SOCIALES,standard_x_js,H1982P5CI390,13,147,13,https://historico.conaliteg.gob.mx/c/H1982P5CI390/013.jpg,0,source_jpeg,served_image,200,image/jpeg,72364,3a50b7156300f15cc67d1c4fe9b48a0c8f5703a69782f1255818e36cf0ed3108,1,
LTMD_U1_W4_SOCIAL_SCIENCES_ASSET_AUDIT_0.1,H1982P5CI390,1982,5,CIENCIAS SOCIALES,standard_x_js,H1982P5CI390,14,147,14,https://historico.conaliteg.gob.mx/c/H1982P5CI390/014.jpg,0,source_jpeg,served_image,200,image/jpeg,46642,4c01a48ca55e93ba4212804b17585af821596b28922b6255925067d0e113f45b,1,
LTMD_U1_W4_SOCIAL_SCIENCES_ASSET_AUDIT_0.1,H1982P5CI390,1982,5,CIENCIAS SOCIALES,standard_x_js,H1982P5CI390,15,147,15,https://historico.conaliteg.gob.mx/c/H1982P5CI390/015.jpg,0,source_jpeg,served_image,200,image/jpeg,53265,e3fa1e4fd1836bfd6189fcd8eb0a806e5eddd3269f8e165068de95449ea19805,1,
LTMD_U1_W4_SOCIAL_SCIENCES_ASSET_AUDIT_0.1,H1982P5CI390,1982,5,CIENCIAS SOCIALES,standard_x_js,H1982P5CI390,16,147,16,https://historico.conaliteg.gob.mx/c/H1982P5CI390/016.jpg,0,source_jpeg,served_image,200,image/jpeg,63527,a9066fc64f33bd6c4c29d706bdeb839b45243f2f106855eb941270275ab6fefb,1,
LTMD_U1_W4_SOCIAL_SCIENCES_ASSET_AUDIT_0.1,H1982P5CI390,1982,5,CIENCIAS SOCIALES,standard_x_js,H1982P5CI390,17,147,17,https://historico.conaliteg.gob.mx/c/H1982P5CI390/017.jpg,0,source_jpeg,served_image,200,image/jpeg,63657,64a3281bc256865c7c0f3b906852ebdb69e34e194ba768ca8ca7dce65a86cf86,1,
LTMD_U1_W4_SOCIAL_SCIENCES_ASSET_AUDIT_0.1,H1982P5CI390,1982,5,CIENCIAS SOCIALES,standard_x_js,H1982P5CI390,18,147,18,https://historico.conaliteg.gob.mx/c/H1982P5CI390/018.jpg,0,source_jpeg,served_image,200,image/jpeg,65851,793f7163bfd75d9cd476abdc02a72707be6debfa74f3f629d32304dd9bf525c1,1,
LTMD_U1_W4_SOCIAL_SCIENCES_ASSET_AUDIT_0.1,H1982P5CI390,1982,5,CIENCIAS SOCIALES,standard_x_js,H1982P5CI390,19,147,19,https://historico.conaliteg.gob.mx/c/H1982P5CI390/019.jpg,0,source_jpeg,served_image,200,image/jpeg,72185,22d2bbc96b07bf3710cf0c26bd694fe1bbfbbb9683a0c3b3986697325283dcbf,1,
LTMD_U1_W4_SOCIAL_SCIENCES_ASSET_AUDIT_0.1,H1982P5CI390,1982,5,CIENCIAS SOCIALES,standard_x_js,H1982P5CI390,20,147,20,https://historico.conaliteg.gob.mx/c/H1982P5CI390/020.jpg,0,source_jpeg,served_image,200,image/jpeg,59613,efd5d9d0773e9a1c295f56e076250886cd0dd00419ccfa5b4f5b70544777e8b2,1,
LTMD_U1_W4_SOCIAL_SCIENCES_ASSET_AUDIT_0.1,H1982P5CI390,1982,5,CIENCIAS SOCIALES,standard_x_js,H1982P5CI390,21,147,21,https://historico.conaliteg.gob.mx/c/H1982P5CI390/021.jpg,0,source_jpeg,served_image,200,image/jpeg,54759,da3ea98003a513894b4d20862d56e37e6e993c8020fc28e9e04b131a27255ab9,1,
LTMD_U1_W4_SOCIAL_SCIENCES_ASSET_AUDIT_0.1,H1982P5CI390,1982,5,CIENCIAS SOCIALES,standard_x_js,H1982P5CI390,22,147,22,https://historico.conaliteg.gob.mx/c/H1982P5CI390/022.jpg,0,source_jpeg,served_image,200,image/jpeg,54850,cc9a83b4ad3bd361e16f794d6958a39d0045245ef7ec13f1bf38a308b8de4c6a,1,
LTMD_U1_W4_SOCIAL_SCIENCES_ASSET_AUDIT_0.1,H1982P5CI390,1982,5,CIENCIAS SOCIALES,standard_x_js,H1982P5CI390,23,147,23,https://historico.conaliteg.gob.mx/c/H1982P5CI390/023.jpg,0,source_jpeg,served_image,200,image/jpeg,61786,17237086e274e1b57c2e1ea8a89f9a7b6eb896942b377233e33dab7f50d03eea,1,
LTMD_U1_W4_SOCIAL_SCIENCES_ASSET_AUDIT_0.1,H1982P5CI390,1982,5,CIENCIAS SOCIALES,standard_x_js,H1982P5CI390,24,147,24,https://historico.conaliteg.gob.mx/c/H1982P5CI390/024.jpg,0,source_jpeg,served_image,200,image/jpeg,65088,98c9f0f097fc1f0cfedc97db17698d45bc3bdfc563d619bc86a19892aa79dbbb,1,
LTMD_U1_W4_SOCIAL_SCIENCES_ASSET_AUDIT_0.1,H1982P5CI390,1982,5,CIENCIAS SOCIALES,standard_x_js,H1982P5CI390,25,147,25,https://historico.conaliteg.gob.mx/c/H1982P5CI390/025.jpg,0,source_jpeg,served_image,200,image/jpeg,63081,028b204247fe417577d9575a6744a8da34361612fcb2428c63e4032b17c01960,1,
LTMD_U1_W4_SOCIAL_SCIENCES_ASSET_AUDIT_0.1,H1982P5CI390,1982,5,CIENCIAS SOCIALES,standard_x_js,H1982P5CI390,26,147,26,https://historico.conaliteg.gob.mx/c/H1982P5CI390/026.jpg,0,source_jpeg,served_image,200,image/jpeg,61538,4623fa2a16d9a9a98fe091c19f8d8ddc4645aba7a62ad084a4761242ed659548,1,
LTMD_U1_W4_SOCIAL_SCIENCES_ASSET_AUDIT_0.1,H1982P5CI390,1982,5,CIENCIAS SOCIALES,standard_x_js,H1982P5CI390,27,147,27,https://historico.conaliteg.gob.mx/c/H1982P5CI390/027.jpg,0,source_jpeg,served_image,200,image/jpeg,45851,b24b01018f030593e1d9802e7fe4c1cda6a5dccd23a60f4f8a85fd2ab3551c29,1,
LTMD_U1_W4_SOCIAL_SCIENCES_ASSET_AUDIT_0.1,H1982P5CI390,1982,5,CIENCIAS SOCIALES,standard_x_js,H1982P5CI390,28,147,28,https://historico.conaliteg.gob.mx/c/H1982P5CI390/028.jpg,0,source_jpeg,served_image,200,image/jpeg,52594,f282f6dba7fc15db7dce6d783b81d5e701a16a94536729cb0d624601d730ebe3,1,
LTMD_U1_W4_SOCIAL_SCIENCES_ASSET_AUDIT_0.1,H1982P5CI390,1982,5,CIENCIAS SOCIALES,standard_x_js,H1982P5CI390,29,147,29,https://historico.conaliteg.gob.mx/c/H1982P5CI390/029.jpg,0,source_jpeg,served_image,200,image/jpeg,54350,23402b9ee9a81203136afd41b8532cc60f0aeae9fca600e44154a90924c6c4a9,1,
LTMD_U1_W4_SOCIAL_SCIENCES_ASSET_AUDIT_0.1,H1982P5CI390,1982,5,CIENCIAS SOCIALES,standard_x_js,H1982P5CI390,30,147,30,https://historico.conaliteg.gob.mx/c/H1982P5CI390/030.jpg,0,source_jpeg,served_image,200,image/jpeg,79548,fefe84970b9fcfddd5f221fdd4218973e6135e5573a9ae037875901fa55a00ff,1,
LTMD_U1_W4_SOCIAL_SCIENCES_ASSET_AUDIT_0.1,H1982P5CI390,1982,5,CIENCIAS SOCIALES,standard_x_js,H1982P5CI390,31,147,31,https://historico.conaliteg.gob.mx/c/H1982P5CI390/031.jpg,0,source_jpeg,served_image,200,image/jpeg,76826,2d8d890d133746da89275b007da83e735910637ed1495433f84221556e1b0791,1,
LTMD_U1_W4_SOCIAL_SCIENCES_ASSET_AUDIT_0.1,H1982P5CI390,1982,5,CIENCIAS SOCIALES,standard_x_js,H1982P5CI390,32,147,32,https://historico.conaliteg.gob.mx/c/H1982P5CI390/032.jpg,0,source_jpeg,served_image,200,image/jpeg,64284,4e8763168509933216681140cf2fb4568062262fe0d0de0970c3070abdf4fa28,1,
LTMD_U1_W4_SOCIAL_SCIENCES_ASSET_AUDIT_0.1,H1982P5CI390,1982,5,CIENCIAS SOCIALES,standard_x_js,H1982P5CI390,33,147,33,https://historico.conaliteg.gob.mx/c/H1982P5CI390/033.jpg,0,source_jpeg,served_image,200,image/jpeg,66236,2c608dfedfd3016ed36bc7ea7178b6c2072980d4fe304c916877b626bcb45b3c,1,
LTMD_U1_W4_SOCIAL_SCIENCES_ASSET_AUDIT_0.1,H1982P5CI390,1982,5,CIENCIAS SOCIALES,standard_x_js,H1982P5CI390,34,147,34,https://historico.conaliteg.gob.mx/c/H1982P5CI390/034.jpg,0,source_jpeg,served_image,200,image/jpeg,68623,c85f0a300a45a9bae7edaa4d0f5c3148dd8370ef099a450021a29c5e9cbe807b,1,
LTMD_U1_W4_SOCIAL_SCIENCES_ASSET_AUDIT_0.1,H1982P5CI390,1982,5,CIENCIAS SOCIALES,standard_x_js,H1982P5CI390,35,147,35,https://historico.conaliteg.gob.mx/c/H1982P5CI390/035.jpg,0,source_jpeg,served_image,200,image/jpeg,44734,31a4646262ef1d84309fe8ddb98a6bc2906ec4b5f1b60e774ee479ec68385602,1,
LTMD_U1_W4_SOCIAL_SCIENCES_ASSET_AUDIT_0.1,H1982P5CI390,1982,5,CIENCIAS SOCIALES,standard_x_js,H1982P5CI390,36,147,36,https://historico.conaliteg.gob.mx/c/H1982P5CI390/036.jpg,0,source_jpeg,served_image,200,image/jpeg,57242,84e3e29caa4b19ed27eccebee17fd5dab8350e5318f25b075a5a95148659a8e9,1,
LTMD_U1_W4_SOCIAL_SCIENCES_ASSET_AUDIT_0.1,H1982P5CI390,1982,5,CIENCIAS SOCIALES,standard_x_js,H1982P5CI390,37,147,37,https://historico.conaliteg.gob.mx/c/H1982P5CI390/037.jpg,0,source_jpeg,served_image,200,image/jpeg,69708,b11bfdab1d2697d77ab802f2bd3a673e6b87f2c295a70d740eafcf0d9bbfd188,1,
LTMD_U1_W4_SOCIAL_SCIENCES_ASSET_AUDIT_0.1,H1982P5CI390,1982,5,CIENCIAS SOCIALES,standard_x_js,H1982P5CI390,38,147,38,https://historico.conaliteg.gob.mx/c/H1982P5CI390/038.jpg,0,source_jpeg,served_image,200,image/jpeg,48278,626959b8faf23a951b4e6f9feca154fb4851a46cc02819935c6560917007006d,1,
LTMD_U1_W4_SOCIAL_SCIENCES_ASSET_AUDIT_0.1,H1982P5CI390,1982,5,CIENCIAS SOCIALES,standard_x_js,H1982P5CI390,39,147,39,https://historico.conaliteg.gob.mx/c/H1982P5CI390/039.jpg,0,source_jpeg,served_image,200,image/jpeg,51488,2f92ce6e19e859b6ed25138001063830be4cd30e1c8ca7b19b7442755cf963d5,1,
LTMD_U1_W4_SOCIAL_SCIENCES_ASSET_AUDIT_0.1,H1982P5CI390,1982,5,CIENCIAS SOCIALES,standard_x_js,H1982P5CI390,40,147,40,https://historico.conaliteg.gob.mx/c/H1982P5CI390/040.jpg,0,source_jpeg,served_image,200,image/jpeg,69055,39115510567e016ac378d38248a7766a4e0d03ff540970e12b5b25116baa3c27,1,
LTMD_U1_W4_SOCIAL_SCIENCES_ASSET_AUDIT_0.1,H1982P5CI390,1982,5,CIENCIAS SOCIALES,standard_x_js,H1982P5CI390,41,147,41,https://historico.conaliteg.gob.mx/c/H1982P5CI390/041.jpg,0,source_jpeg,served_image,200,image/jpeg,61973,9c1a0e5b94801e13336296107c9d8821e928e698eb85c782a4fcb723420b098f,1,
LTMD_U1_W4_SOCIAL_SCIENCES_ASSET_AUDIT_0.1,H1982P5CI390,1982,5,CIENCIAS SOCIALES,standard_x_js,H1982P5CI390,42,147,42,https://historico.conaliteg.gob.mx/c/H1982P5CI390/042.jpg,0,source_jpeg,served_image,200,image/jpeg,45812,23a5485ec6d76e59b23873fd98592be0c5e51e159fc10c5b2c1a98bb5e112921,1,
LTMD_U1_W4_SOCIAL_SCIENCES_ASSET_AUDIT_0.1,H1982P5CI390,1982,5,CIENCIAS SOCIALES,standard_x_js,H1982P5CI390,43,147,43,https://historico.conaliteg.gob.mx/c/H1982P5CI390/043.jpg,0,source_jpeg,served_image,200,image/jpeg,54186,8731793841d0ba3e428712afd3df00398b916fc15173d75551ef097ffc449aee,1,
LTMD_U1_W4_SOCIAL_SCIENCES_ASSET_AUDIT_0.1,H1982P5CI390,1982,5,CIENCIAS SOCIALES,standard_x_js,H1982P5CI390,44,147,44,https://historico.conaliteg.gob.mx/c/H1982P5CI390/044.jpg,0,source_jpeg,served_image,200,image/jpeg,58950,7c956e60fbb5a8b8419f51cac3812b30e0d53c60b0c4e34a83772467423a815c,1,
LTMD_U1_W4_SOCIAL_SCIENCES_ASSET_AUDIT_0.1,H1982P5CI390,1982,5,CIENCIAS SOCIALES,standard_x_js,H1982P5CI390,45,147,45,https://historico.conaliteg.gob.mx/c/H1982P5CI390/045.jpg,0,source_jpeg,served_image,200,image/jpeg,64171,19a5e8827ad5aa8dc1eb8ac920ebf93fb34ceae3890fec00c65c7b32a6dc3864,1,
LTMD_U1_W4_SOCIAL_SCIENCES_ASSET_AUDIT_0.1,H1982P5CI390,1982,5,CIENCIAS SOCIALES,standard_x_js,H1982P5CI390,46,147,46,https://historico.conaliteg.gob.mx/c/H1982P5CI390/046.jpg,0,source_jpeg,served_image,200,image/jpeg,59524,877877ec234adc32cfb86687aa7795af10ef0304cbe49c789e42b231a2bba61e,1,
LTMD_U1_W4_SOCIAL_SCIENCES_ASSET_AUDIT_0.1,H1982P5CI390,1982,5,CIENCIAS SOCIALES,standard_x_js,H1982P5CI390,47,147,47,https://historico.conaliteg.gob.mx/c/H1982P5CI390/047.jpg,0,source_jpeg,served_image,200,image/jpeg,71195,ec99a499c0cd41114b95a2b73fccf781790e9e9ebf5fa6811535bc46f921c739,1,
LTMD_U1_W4_SOCIAL_SCIENCES_ASSET_AUDIT_0.1,H1982P5CI390,1982,5,CIENCIAS SOCIALES,standard_x_js,H1982P5CI390,48,147,48,https://historico.conaliteg.gob.mx/c/H1982P5CI390/048.jpg,0,source_jpeg,served_image,200,image/jpeg,59249,ad051d69f5d7761e156dfcd5082424948e89ff9c4b43a880284e82971927202b,1,
LTMD_U1_W4_SOCIAL_SCIENCES_ASSET_AUDIT_0.1,H1982P5CI390,1982,5,CIENCIAS SOCIALES,standard_x_js,H1982P5CI390,49,147,49,https://historico.conaliteg.gob.mx/c/H1982P5CI390/049.jpg,0,source_jpeg,served_image,200,image/jpeg,39867,c5d05cd7195d7b32ff90a66bcdc3124d005b32e38da913d89f3c573632219e80,1,
LTMD_U1_W4_SOCIAL_SCIENCES_ASSET_AUDIT_0.1,H1982P5CI390,1982,5,CIENCIAS SOCIALES,standard_x_js,H1982P5CI390,50,147,50,https://historico.conaliteg.gob.mx/c/H1982P5CI390/050.jpg,0,source_jpeg,served_image,200,image/jpeg,66382,344ab2eb1f03eac70bb02f2b8c3d23ee64e3b426b0a0aecef8a8a6d4c78950e7,1,
LTMD_U1_W4_SOCIAL_SCIENCES_ASSET_AUDIT_0.1,H1982P5CI390,1982,5,CIENCIAS SOCIALES,standard_x_js,H1982P5CI390,51,147,51,https://historico.conaliteg.gob.mx/c/H1982P5CI390/051.jpg,0,source_jpeg,served_image,200,image/jpeg,72694,122d3e855a68eadc284b30a16ad26e80323110b7d398c10ded5d38962927a9a4,1,
LTMD_U1_W4_SOCIAL_SCIENCES_ASSET_AUDIT_0.1,H1982P5CI390,1982,5,CIENCIAS SOCIALES,standard_x_js,H1982P5CI390,52,147,52,https://historico.conaliteg.gob.mx/c/H1982P5CI390/052.jpg,0,source_jpeg,served_image,200,image/jpeg,58637,e16dd78a4e1e322a14b86c11c4bec186f667333d83cd0fab7a267442b0038e6c,1,
LTMD_U1_W4_SOCIAL_SCIENCES_ASSET_AUDIT_0.1,H1982P5CI390,1982,5,CIENCIAS SOCIALES,standard_x_js,H1982P5CI390,53,147,53,https://historico.conaliteg.gob.mx/c/H1982P5CI390/053.jpg,0,source_jpeg,served_image,200,image/jpeg,69239,048605d7a49dd6efba931cab3883743f4a2e55224e5678659c344e05afc681dc,1,
LTMD_U1_W4_SOCIAL_SCIENCES_ASSET_AUDIT_0.1,H1982P5CI390,1982,5,CIENCIAS SOCIALES,standard_x_js,H1982P5CI390,54,147,54,https://historico.conaliteg.gob.mx/c/H1982P5CI390/054.jpg,0,source_jpeg,served_image,200,image/jpeg,72496,11681a589003d272a21a7bdaf36d3db078f45f82ebbbfa98782865939302169d,1,
LTMD_U1_W4_SOCIAL_SCIENCES_ASSET_AUDIT_0.1,H1982P5CI390,1982,5,CIENCIAS SOCIALES,standard_x_js,H1982P5CI390,55,147,55,https://historico.conaliteg.gob.mx/c/H1982P5CI390/055.jpg,0,source_jpeg,served_image,200,image/jpeg,47232,a3fdf58dc6064ebcee7c6f68c997fe8d5da5224113299e11bd192be031ca2b6e,1,
LTMD_U1_W4_SOCIAL_SCIENCES_ASSET_AUDIT_0.1,H1982P5CI390,1982,5,CIENCIAS SOCIALES,standard_x_js,H1982P5CI390,56,147,56,https://historico.conaliteg.gob.mx/c/H1982P5CI390/056.jpg,0,source_jpeg,served_image,200,image/jpeg,54366,1fb41b2b5d1686df0dabf5a17029d2fb09661cd4cf3d9ea4264acc2c5a190327,1,
LTMD_U1_W4_SOCIAL_SCIENCES_ASSET_AUDIT_0.1,H1982P5CI390,1982,5,CIENCIAS SOCIALES,standard_x_js,H1982P5CI390,57,147,57,https://historico.conaliteg.gob.mx/c/H1982P5CI390/057.jpg,0,source_jpeg,served_image,200,image/jpeg,64838,90c3e4c935cd33a3093452e6eff595b2437b3dab081d7e24d0ffe1bc46a0043f,1,
LTMD_U1_W4_SOCIAL_SCIENCES_ASSET_AUDIT_0.1,H1982P5CI390,1982,5,CIENCIAS SOCIALES,standard_x_js,H1982P5CI390,58,147,58,https://historico.conaliteg.gob.mx/c/H1982P5CI390/058.jpg,0,source_jpeg,served_image,200,image/jpeg,56777,2513faad1bca41a246348dfa0c6e5ce0a95ff373c959d00de732ec4cc9c25d26,1,
LTMD_U1_W4_SOCIAL_SCIENCES_ASSET_AUDIT_0.1,H1982P5CI390,1982,5,CIENCIAS SOCIALES,standard_x_js,H1982P5CI390,59,147,59,https://historico.conaliteg.gob.mx/c/H1982P5CI390/059.jpg,0,source_jpeg,served_image,200,image/jpeg,71491,0296e5c106994272e8a93e83d9b5b99ec6a0b4d3f857f2291c6957dcae854616,1,
LTMD_U1_W4_SOCIAL_SCIENCES_ASSET_AUDIT_0.1,H1982P5CI390,1982,5,CIENCIAS SOCIALES,standard_x_js,H1982P5CI390,60,147,60,https://historico.conaliteg.gob.mx/c/H1982P5CI390/060.jpg,0,source_jpeg,served_image,200,image/jpeg,55130,36e1769c57af9052e6b3706ddf688aa7a3b588163e07d5c9704d16146c7dcd36,1,
LTMD_U1_W4_SOCIAL_SCIENCES_ASSET_AUDIT_0.1,H1982P5CI390,1982,5,CIENCIAS SOCIALES,standard_x_js,H1982P5CI390,61,147,61,https://historico.conaliteg.gob.mx/c/H1982P5CI390/061.jpg,0,source_jpeg,served_image,200,image/jpeg,73180,6253e2d401a3aaf1d0749f99960640008dd650b33130845d51a9562718279381,1,
LTMD_U1_W4_SOCIAL_SCIENCES_ASSET_AUDIT_0.1,H1982P5CI390,1982,5,CIENCIAS SOCIALES,standard_x_js,H1982P5CI390,62,147,62,https://historico.conaliteg.gob.mx/c/H1982P5CI390/062.jpg,0,source_jpeg,served_image,200,image/jpeg,72717,a6809b7f2f1f14ccec43d399505e6c8e35afad02005121bbd7ac80b8f6b7530d,1,
LTMD_U1_W4_SOCIAL_SCIENCES_ASSET_AUDIT_0.1,H1982P5CI390,1982,5,CIENCIAS SOCIALES,standard_x_js,H1982P5CI390,63,147,63,https://historico.conaliteg.gob.mx/c/H1982P5CI390/063.jpg,0,source_jpeg,served_image,200,image/jpeg,68156,86ebd0d0305fdaaedbeb24836a4354b840c8fd7182dbf0ce97f36a4e10c5f610,1,
LTMD_U1_W4_SOCIAL_SCIENCES_ASSET_AUDIT_0.1,H1982P5CI390,1982,5,CIENCIAS SOCIALES,standard_x_js,H1982P5CI390,64,147,64,https://historico.conaliteg.gob.mx/c/H1982P5CI390/064.jpg,0,source_jpeg,served_image,200,image/jpeg,47323,28e1b79d13ddfe4a5a3ffb2668791649a28a1d2710e6c60d9bc69fc1d0a24347,1,
LTMD_U1_W4_SOCIAL_SCIENCES_ASSET_AUDIT_0.1,H1982P5CI390,1982,5,CIENCIAS SOCIALES,standard_x_js,H1982P5CI390,65,147,65,https://historico.conaliteg.gob.mx/c/H1982P5CI390/065.jpg,0,source_jpeg,served_image,200,image/jpeg,40084,70c5127b61828f11862bb98c29184c1129221e4dac4dfed7102bab817553a49c,1,
LTMD_U1_W4_SOCIAL_SCIENCES_ASSET_AUDIT_0.1,H1982P5CI390,1982,5,CIENCIAS SOCIALES,standard_x_js,H1982P5CI390,66,147,66,https://historico.conaliteg.gob.mx/c/H1982P5CI390/066.jpg,0,source_jpeg,served_image,200,image/jpeg,43358,d43a3f3e6e7eca79c65c3f4ab911b6b626e49c436e8c75cd03dfd56d6e7fc4fd,1,
LTMD_U1_W4_SOCIAL_SCIENCES_ASSET_AUDIT_0.1,H1982P5CI390,1982,5,CIENCIAS SOCIALES,standard_x_js,H1982P5CI390,67,147,67,https://historico.conaliteg.gob.mx/c/H1982P5CI390/067.jpg,0,source_jpeg,served_image,200,image/jpeg,60570,83adad2a4a16d7546d94dcc9ae5aa5361e50862e9a8ed38debe9de9d6a9fe2a6,1,
LTMD_U1_W4_SOCIAL_SCIENCES_ASSET_AUDIT_0.1,H1982P5CI390,1982,5,CIENCIAS SOCIALES,standard_x_js,H1982P5CI390,68,147,68,https://historico.conaliteg.gob.mx/c/H1982P5CI390/068.jpg,0,source_jpeg,served_image,200,image/jpeg,55658,817a6c50dc74c4b9580eec9d559a05317f5f14abf88b9bfd4a46caad742b6c1d,1,
LTMD_U1_W4_SOCIAL_SCIENCES_ASSET_AUDIT_0.1,H1982P5CI390,1982,5,CIENCIAS SOCIALES,standard_x_js,H1982P5CI390,69,147,69,https://historico.conaliteg.gob.mx/c/H1982P5CI390/069.jpg,0,source_jpeg,served_image,200,image/jpeg,60711,ffc3ee2315f7e9ebd6678745da6979c38a80a36847ad20562b5e82d92502e2c9,1,
LTMD_U1_W4_SOCIAL_SCIENCES_ASSET_AUDIT_0.1,H1982P5CI390,1982,5,CIENCIAS SOCIALES,standard_x_js,H1982P5CI390,70,147,70,https://historico.conaliteg.gob.mx/c/H1982P5CI390/070.jpg,0,source_jpeg,served_image,200,image/jpeg,58906,0b6ff1e42168a4afd62b93acc0e729838f25ae9a2638ca6df8d4aa0addc4b680,1,
LTMD_U1_W4_SOCIAL_SCIENCES_ASSET_AUDIT_0.1,H1982P5CI390,1982,5,CIENCIAS SOCIALES,standard_x_js,H1982P5CI390,71,147,71,https://historico.conaliteg.gob.mx/c/H1982P5CI390/071.jpg,0,source_jpeg,served_image,200,image/jpeg,56882,adb7a140ecd0005d040c3f8738b9b1aa5cd327269045e5059131565d44b01da7,1,
LTMD_U1_W4_SOCIAL_SCIENCES_ASSET_AUDIT_0.1,H1982P5CI390,1982,5,CIENCIAS SOCIALES,standard_x_js,H1982P5CI390,72,147,72,https://historico.conaliteg.gob.mx/c/H1982P5CI390/072.jpg,0,source_jpeg,served_image,200,image/jpeg,49838,4be95c99b30e3f60cdac6d7dd9cd6acdf0945c14d08bf011a84161e8d6539cba,1,
LTMD_U1_W4_SOCIAL_SCIENCES_ASSET_AUDIT_0.1,H1982P5CI390,1982,5,CIENCIAS SOCIALES,standard_x_js,H1982P5CI390,73,147,73,https://historico.conaliteg.gob.mx/c/H1982P5CI390/073.jpg,0,source_jpeg,served_image,200,image/jpeg,55354,c81c7159e3123854782dbd6541a52b1c40c83a551f8a1cdb8ac6dfb4bd2edf10,1,
LTMD_U1_W4_SOCIAL_SCIENCES_ASSET_AUDIT_0.1,H1982P5CI390,1982,5,CIENCIAS SOCIALES,standard_x_js,H1982P5CI390,74,147,74,https://historico.conaliteg.gob.mx/c/H1982P5CI390/074.jpg,0,source_jpeg,served_image,200,image/jpeg,62577,cfaa92728547db678155815f80ae694d427527632b967d4b9954c9ed46319c30,1,
LTMD_U1_W4_SOCIAL_SCIENCES_ASSET_AUDIT_0.1,H1982P5CI390,1982,5,CIENCIAS SOCIALES,standard_x_js,H1982P5CI390,75,147,75,https://historico.conaliteg.gob.mx/c/H1982P5CI390/075.jpg,0,source_jpeg,served_image,200,image/jpeg,58774,4b2c6bf8c19f9db0e3ef0da264243a7098274fdb297b816d0ecb0acd24043e2b,1,
LTMD_U1_W4_SOCIAL_SCIENCES_ASSET_AUDIT_0.1,H1982P5CI390,1982,5,CIENCIAS SOCIALES,standard_x_js,H1982P5CI390,76,147,76,https://historico.conaliteg.gob.mx/c/H1982P5CI390/076.jpg,0,source_jpeg,served_image,200,image/jpeg,69691,f75e0745b5ddee2928aab1d4467d0c1ce9d551f9795850f115b4d073f5969027,1,
LTMD_U1_W4_SOCIAL_SCIENCES_ASSET_AUDIT_0.1,H1982P5CI390,1982,5,CIENCIAS SOCIALES,standard_x_js,H1982P5CI390,77,147,77,https://historico.conaliteg.gob.mx/c/H1982P5CI390/077.jpg,0,source_jpeg,served_image,200,image/jpeg,77454,94532aac369e8b2a6dbac2d29184003547a20adee3323107a26d1aadeaecc2ed,1,
LTMD_U1_W4_SOCIAL_SCIENCES_ASSET_AUDIT_0.1,H1982P5CI390,1982,5,CIENCIAS SOCIALES,standard_x_js,H1982P5CI390,78,147,78,https://historico.conaliteg.gob.mx/c/H1982P5CI390/078.jpg,0,source_jpeg,served_image,200,image/jpeg,42568,7c7b15fd916606e95f63382db0fe8bc04b0a31ac779bb8ee63024612a614a454,1,
LTMD_U1_W4_SOCIAL_SCIENCES_ASSET_AUDIT_0.1,H1982P5CI390,1982,5,CIENCIAS SOCIALES,standard_x_js,H1982P5CI390,79,147,79,https://historico.conaliteg.gob.mx/c/H1982P5CI390/079.jpg,0,source_jpeg,served_image,200,image/jpeg,67277,7ca54f801455fe078e1ca972f9ddf87e3b349868695cab2f8633ad6f07d5c7d3,1,
LTMD_U1_W4_SOCIAL_SCIENCES_ASSET_AUDIT_0.1,H1982P5CI390,1982,5,CIENCIAS SOCIALES,standard_x_js,H1982P5CI390,80,147,80,https://historico.conaliteg.gob.mx/c/H1982P5CI390/080.jpg,0,source_jpeg,served_image,200,image/jpeg,56382,e468d6692501c27c22eeb2e93d4ecbbbfb345443e75d877eb1e8f90181c8104e,1,
LTMD_U1_W4_SOCIAL_SCIENCES_ASSET_AUDIT_0.1,H1982P5CI390,1982,5,CIENCIAS SOCIALES,standard_x_js,H1982P5CI390,81,147,81,https://historico.conaliteg.gob.mx/c/H1982P5CI390/081.jpg,0,source_jpeg,served_image,200,image/jpeg,79322,c131f7b74c361b9a60720c7279a56f164695f828fb25c0a6fbce8128242ce1f1,1,
LTMD_U1_W4_SOCIAL_SCIENCES_ASSET_AUDIT_0.1,H1982P5CI390,1982,5,CIENCIAS SOCIALES,standard_x_js,H1982P5CI390,82,147,82,https://historico.conaliteg.gob.mx/c/H1982P5CI390/082.jpg,0,source_jpeg,served_image,200,image/jpeg,68657,d161617da5a0d43842a10dd4ed0b2acd05487da20d45d0d816108f4991e97441,1,
LTMD_U1_W4_SOCIAL_SCIENCES_ASSET_AUDIT_0.1,H1982P5CI390,1982,5,CIENCIAS SOCIALES,standard_x_js,H1982P5CI390,83,147,83,https://historico.conaliteg.gob.mx/c/H1982P5CI390/083.jpg,0,source_jpeg,served_image,200,image/jpeg,61124,288c8bc85e5cfbd4c84e9287e179120acfa5cd401f9cd1c890414dba499560cf,1,
LTMD_U1_W4_SOCIAL_SCIENCES_ASSET_AUDIT_0.1,H1982P5CI390,1982,5,CIENCIAS SOCIALES,standard_x_js,H1982P5CI390,84,147,84,https://historico.conaliteg.gob.mx/c/H1982P5CI390/084.jpg,0,source_jpeg,served_image,200,image/jpeg,73946,d9c0021ac3f3e08771804b01b512faad255ec4e82239561e9669567f2da48636,1,
LTMD_U1_W4_SOCIAL_SCIENCES_ASSET_AUDIT_0.1,H1982P5CI390,1982,5,CIENCIAS SOCIALES,standard_x_js,H1982P5CI390,85,147,85,https://historico.conaliteg.gob.mx/c/H1982P5CI390/085.jpg,0,source_jpeg,served_image,200,image/jpeg,74130,4df0543321889b4b3f7e6b9176216a7f437d9f719255adbbcb19bc52d86dbccd,1,
LTMD_U1_W4_SOCIAL_SCIENCES_ASSET_AUDIT_0.1,H1982P5CI390,1982,5,CIENCIAS SOCIALES,standard_x_js,H1982P5CI390,86,147,86,https://historico.conaliteg.gob.mx/c/H1982P5CI390/086.jpg,0,source_jpeg,served_image,200,image/jpeg,47131,59a325301dfbc9596b305e64d203cfe1dba2968fd682694d4795d1d0cf6c619d,1,
LTMD_U1_W4_SOCIAL_SCIENCES_ASSET_AUDIT_0.1,H1982P5CI390,1982,5,CIENCIAS SOCIALES,standard_x_js,H1982P5CI390,87,147,87,https://historico.conaliteg.gob.mx/c/H1982P5CI390/087.jpg,0,source_jpeg,served_image,200,image/jpeg,49462,a13accd5c9f2eb6c7457ea7fbd008406e6ef7f1cdfcffbf8ee46953967eff352,1,
LTMD_U1_W4_SOCIAL_SCIENCES_ASSET_AUDIT_0.1,H1982P5CI390,1982,5,CIENCIAS SOCIALES,standard_x_js,H1982P5CI390,88,147,88,https://historico.conaliteg.gob.mx/c/H1982P5CI390/088.jpg,0,source_jpeg,served_image,200,image/jpeg,70275,8e061412527c181668948bb8ebe69d374c19f90ba9ad395818207be72557a7d5,1,
LTMD_U1_W4_SOCIAL_SCIENCES_ASSET_AUDIT_0.1,H1982P5CI390,1982,5,CIENCIAS SOCIALES,standard_x_js,H1982P5CI390,89,147,89,https://historico.conaliteg.gob.mx/c/H1982P5CI390/089.jpg,0,source_jpeg,served_image,200,image/jpeg,66688,522be6ea123b5a2951feb29eb27c756832b8333a445c0a5a482927acd1030e37,1,
LTMD_U1_W4_SOCIAL_SCIENCES_ASSET_AUDIT_0.1,H1982P5CI390,1982,5,CIENCIAS SOCIALES,standard_x_js,H1982P5CI390,90,147,90,https://historico.conaliteg.gob.mx/c/H1982P5CI390/090.jpg,0,source_jpeg,served_image,200,image/jpeg,59693,171e5b0045ad8f75a3f7c47937eb68e1397569c9f1eef3e85e1c033315a9c015,1,
LTMD_U1_W4_SOCIAL_SCIENCES_ASSET_AUDIT_0.1,H1982P5CI390,1982,5,CIENCIAS SOCIALES,standard_x_js,H1982P5CI390,91,147,91,https://historico.conaliteg.gob.mx/c/H1982P5CI390/091.jpg,0,source_jpeg,served_image,200,image/jpeg,62486,1390c0a493ca4ccfd561dc52239a33c97d3142748e30c7a125e1c144e0a6fb71,1,
LTMD_U1_W4_SOCIAL_SCIENCES_ASSET_AUDIT_0.1,H1982P5CI390,1982,5,CIENCIAS SOCIALES,standard_x_js,H1982P5CI390,92,147,92,https://historico.conaliteg.gob.mx/c/H1982P5CI390/092.jpg,0,source_jpeg,served_image,200,image/jpeg,68978,3366c3a9197b757e219b74f9c36e65e9d0de48ff8b075a94772115014cc18dd8,1,
LTMD_U1_W4_SOCIAL_SCIENCES_ASSET_AUDIT_0.1,H1982P5CI390,1982,5,CIENCIAS SOCIALES,standard_x_js,H1982P5CI390,93,147,93,https://historico.conaliteg.gob.mx/c/H1982P5CI390/093.jpg,0,source_jpeg,served_image,200,image/jpeg,65633,d52287a182c94cd023b57798e05d5b1ac35f4af55c16a5bd3284695147eeb339,1,
LTMD_U1_W4_SOCIAL_SCIENCES_ASSET_AUDIT_0.1,H1982P5CI390,1982,5,CIENCIAS SOCIALES,standard_x_js,H1982P5CI390,94,147,94,https://historico.conaliteg.gob.mx/c/H1982P5CI390/094.jpg,0,source_jpeg,served_image,200,image/jpeg,68986,85233099e3225945485382cebda44d23bd6541d19a912859b5f1be81c5c536b5,1,
LTMD_U1_W4_SOCIAL_SCIENCES_ASSET_AUDIT_0.1,H1982P5CI390,1982,5,CIENCIAS SOCIALES,standard_x_js,H1982P5CI390,95,147,95,https://historico.conaliteg.gob.mx/c/H1982P5CI390/095.jpg,0,source_jpeg,served_image,200,image/jpeg,58316,81a208e4b0582a6d962a23795f10b514ddf9f72a861647fd47d3532e8c6a2dd9,1,
LTMD_U1_W4_SOCIAL_SCIENCES_ASSET_AUDIT_0.1,H1982P5CI390,1982,5,CIENCIAS SOCIALES,standard_x_js,H1982P5CI390,96,147,96,https://historico.conaliteg.gob.mx/c/H1982P5CI390/096.jpg,0,source_jpeg,served_image,200,image/jpeg,74917,bf7bb7a1ef29e6f5e58d69a4d73e72ad8ec935145f69b2dcb5b298966e526a65,1,
LTMD_U1_W4_SOCIAL_SCIENCES_ASSET_AUDIT_0.1,H1982P5CI390,1982,5,CIENCIAS SOCIALES,standard_x_js,H1982P5CI390,97,147,97,https://historico.conaliteg.gob.mx/c/H1982P5CI390/097.jpg,0,source_jpeg,served_image,200,image/jpeg,61332,3d06e27dd74efba49763b87ac0545f0d568ae53863fcc8d0e25dd48f4f9073dd,1,
LTMD_U1_W4_SOCIAL_SCIENCES_ASSET_AUDIT_0.1,H1982P5CI390,1982,5,CIENCIAS SOCIALES,standard_x_js,H1982P5CI390,98,147,98,https://historico.conaliteg.gob.mx/c/H1982P5CI390/098.jpg,0,source_jpeg,served_image,200,image/jpeg,61937,bdca57fa7f2cd99d8ede3f2a4549f31f830901ee7a5c278fd45a8b61529d8c69,1,
LTMD_U1_W4_SOCIAL_SCIENCES_ASSET_AUDIT_0.1,H1982P5CI390,1982,5,CIENCIAS SOCIALES,standard_x_js,H1982P5CI390,99,147,99,https://historico.conaliteg.gob.mx/c/H1982P5CI390/099.jpg,0,source_jpeg,served_image,200,image/jpeg,65422,966637bb68c693e747668cdf9ada438d37b6c3bd8d9ce65e164fd820fd2b73e0,1,
LTMD_U1_W4_SOCIAL_SCIENCES_ASSET_AUDIT_0.1,H1982P5CI390,1982,5,CIENCIAS SOCIALES,standard_x_js,H1982P5CI390,100,147,100,https://historico.conaliteg.gob.mx/c/H1982P5CI390/100.jpg,0,source_jpeg,served_image,200,image/jpeg,62535,0a328e9a0289905fa29f264689025b962062fb055ac19f512d84a783b920e127,1,
LTMD_U1_W4_SOCIAL_SCIENCES_ASSET_AUDIT_0.1,H1982P5CI390,1982,5,CIENCIAS SOCIALES,standard_x_js,H1982P5CI390,101,147,101,https://historico.conaliteg.gob.mx/c/H1982P5CI390/101.jpg,0,source_jpeg,served_image,200,image/jpeg,65547,ef105e77aa701e11cab4b9492fe0910e160f07377c222f236a716d034ee9a1ae,1,
LTMD_U1_W4_SOCIAL_SCIENCES_ASSET_AUDIT_0.1,H1982P5CI390,1982,5,CIENCIAS SOCIALES,standard_x_js,H1982P5CI390,102,147,102,https://historico.conaliteg.gob.mx/c/H1982P5CI390/102.jpg,0,source_jpeg,served_image,200,image/jpeg,55269,9f01a70fae4dbd3fcc6ee3cc4228506066bc7b629e6e22a662af30e3f8fdff41,1,
LTMD_U1_W4_SOCIAL_SCIENCES_ASSET_AUDIT_0.1,H1982P5CI390,1982,5,CIENCIAS SOCIALES,standard_x_js,H1982P5CI390,103,147,103,https://historico.conaliteg.gob.mx/c/H1982P5CI390/103.jpg,0,source_jpeg,served_image,200,image/jpeg,45826,e80e7aa5142b7774a96532c03a644ace8b5d0e101312819f9b84dba885c1702e,1,
LTMD_U1_W4_SOCIAL_SCIENCES_ASSET_AUDIT_0.1,H1982P5CI390,1982,5,CIENCIAS SOCIALES,standard_x_js,H1982P5CI390,104,147,104,https://historico.conaliteg.gob.mx/c/H1982P5CI390/104.jpg,0,source_jpeg,served_image,200,image/jpeg,59327,08ae863c7260245005ff912bef3003104edf8880c12ce3f8dc7ddb12e4360745,1,
LTMD_U1_W4_SOCIAL_SCIENCES_ASSET_AUDIT_0.1,H1982P5CI390,1982,5,CIENCIAS SOCIALES,standard_x_js,H1982P5CI390,105,147,105,https://historico.conaliteg.gob.mx/c/H1982P5CI390/105.jpg,0,source_jpeg,served_image,200,image/jpeg,59826,62756c15bf844778555900950076aecbc93ef30fe032a9adb2ad6d0c4ebd45be,1,
LTMD_U1_W4_SOCIAL_SCIENCES_ASSET_AUDIT_0.1,H1982P5CI390,1982,5,CIENCIAS SOCIALES,standard_x_js,H1982P5CI390,106,147,106,https://historico.conaliteg.gob.mx/c/H1982P5CI390/106.jpg,0,source_jpeg,served_image,200,image/jpeg,67931,97d8bc1ec52a5597324fdd4e925c1a15731908112e7f495886a9b44a34e8e6c1,1,
LTMD_U1_W4_SOCIAL_SCIENCES_ASSET_AUDIT_0.1,H1982P5CI390,1982,5,CIENCIAS SOCIALES,standard_x_js,H1982P5CI390,107,147,107,https://historico.conaliteg.gob.mx/c/H1982P5CI390/107.jpg,0,source_jpeg,served_image,200,image/jpeg,68742,817f783e185c566448df19d7231803a6da2f06ac54c60fcf856b7389bbfa9750,1,
LTMD_U1_W4_SOCIAL_SCIENCES_ASSET_AUDIT_0.1,H1982P5CI390,1982,5,CIENCIAS SOCIALES,standard_x_js,H1982P5CI390,108,147,108,https://historico.conaliteg.gob.mx/c/H1982P5CI390/108.jpg,0,source_jpeg,served_image,200,image/jpeg,69043,146209dedeb28c33dcd7130e49dcb615acc540a70a97e5acd1eefd7549d1323d,1,
LTMD_U1_W4_SOCIAL_SCIENCES_ASSET_AUDIT_0.1,H1982P5CI390,1982,5,CIENCIAS SOCIALES,standard_x_js,H1982P5CI390,109,147,109,https://historico.conaliteg.gob.mx/c/H1982P5CI390/109.jpg,0,source_jpeg,served_image,200,image/jpeg,55002,14d6e683da7d03dc9b90344a5fdd48ed24aa0864533ff498a6770c7ee116864c,1,
LTMD_U1_W4_SOCIAL_SCIENCES_ASSET_AUDIT_0.1,H1982P5CI390,1982,5,CIENCIAS SOCIALES,standard_x_js,H1982P5CI390,110,147,110,https://historico.conaliteg.gob.mx/c/H1982P5CI390/110.jpg,0,source_jpeg,served_image,200,image/jpeg,58032,697e13cbaee07c0d3ac22e82a19078f4f36b7058d9a8965550d85293288a4469,1,
LTMD_U1_W4_SOCIAL_SCIENCES_ASSET_AUDIT_0.1,H1982P5CI390,1982,5,CIENCIAS SOCIALES,standard_x_js,H1982P5CI390,111,147,111,https://historico.conaliteg.gob.mx/c/H1982P5CI390/111.jpg,0,source_jpeg,served_image,200,image/jpeg,78991,fcd449f15b244e468980ca6171eab3416775c309409acfe2bd247bc767eaa944,1,
LTMD_U1_W4_SOCIAL_SCIENCES_ASSET_AUDIT_0.1,H1982P5CI390,1982,5,CIENCIAS SOCIALES,standard_x_js,H1982P5CI390,112,147,112,https://historico.conaliteg.gob.mx/c/H1982P5CI390/112.jpg,0,source_jpeg,served_image,200,image/jpeg,54987,b02c006d851d871c3f3497852c670fc8d8e5b0f227f000e2d6092e6b8a53e8ae,1,
LTMD_U1_W4_SOCIAL_SCIENCES_ASSET_AUDIT_0.1,H1982P5CI390,1982,5,CIENCIAS SOCIALES,standard_x_js,H1982P5CI390,113,147,113,https://historico.conaliteg.gob.mx/c/H1982P5CI390/113.jpg,0,source_jpeg,served_image,200,image/jpeg,50156,75160159ff1a1c2a19802a24d4adbd640f22ed6d61523a1e500c8bb61a531ecf,1,
LTMD_U1_W4_SOCIAL_SCIENCES_ASSET_AUDIT_0.1,H1982P5CI390,1982,5,CIENCIAS SOCIALES,standard_x_js,H1982P5CI390,114,147,114,https://historico.conaliteg.gob.mx/c/H1982P5CI390/114.jpg,0,source_jpeg,served_image,200,image/jpeg,69875,f6e561e23a9968bbe39ae47d3299442a994e545b3b7f2c2323b1ac8ca06a1da2,1,
LTMD_U1_W4_SOCIAL_SCIENCES_ASSET_AUDIT_0.1,H1982P5CI390,1982,5,CIENCIAS SOCIALES,standard_x_js,H1982P5CI390,115,147,115,https://historico.conaliteg.gob.mx/c/H1982P5CI390/115.jpg,0,source_jpeg,served_image,200,image/jpeg,57653,6621e92c41947791121b48403b0fdc2196d53c57bc5c9347079544d042bb9a61,1,
LTMD_U1_W4_SOCIAL_SCIENCES_ASSET_AUDIT_0.1,H1982P5CI390,1982,5,CIENCIAS SOCIALES,standard_x_js,H1982P5CI390,116,147,116,https://historico.conaliteg.gob.mx/c/H1982P5CI390/116.jpg,0,source_jpeg,served_image,200,image/jpeg,60050,54da31892a6182b2fc8367141fd1b3194281bde95108f6f0a5486a81d64065a3,1,
LTMD_U1_W4_SOCIAL_SCIENCES_ASSET_AUDIT_0.1,H1982P5CI390,1982,5,CIENCIAS SOCIALES,standard_x_js,H1982P5CI390,117,147,117,https://historico.conaliteg.gob.mx/c/H1982P5CI390/117.jpg,0,source_jpeg,served_image,200,image/jpeg,58808,c4159691906e82e13d1903514af9c70da8f2a9eac1f87750b3383967ec459155,1,
LTMD_U1_W4_SOCIAL_SCIENCES_ASSET_AUDIT_0.1,H1982P5CI390,1982,5,CIENCIAS SOCIALES,standard_x_js,H1982P5CI390,118,147,118,https://historico.conaliteg.gob.mx/c/H1982P5CI390/118.jpg,0,source_jpeg,served_image,200,image/jpeg,62097,2d016ce0b487308849f16355106568e30c6af6980100cbf65eee7fe51ff957e8,1,
LTMD_U1_W4_SOCIAL_SCIENCES_ASSET_AUDIT_0.1,H1982P5CI390,1982,5,CIENCIAS SOCIALES,standard_x_js,H1982P5CI390,119,147,119,https://historico.conaliteg.gob.mx/c/H1982P5CI390/119.jpg,0,source_jpeg,served_image,200,image/jpeg,58177,469d12f30226bcbcecc792d0539ef2daedbe161d4bf9bd925e1c9e5dc2a35099,1,
LTMD_U1_W4_SOCIAL_SCIENCES_ASSET_AUDIT_0.1,H1982P5CI390,1982,5,CIENCIAS SOCIALES,standard_x_js,H1982P5CI390,120,147,120,https://historico.conaliteg.gob.mx/c/H1982P5CI390/120.jpg,0,source_jpeg,served_image,200,image/jpeg,56338,ac2f3ee83acde145178c4c21215a62798f0f6a9a4146ab49c1ebe03c28b96cd0,1,
LTMD_U1_W4_SOCIAL_SCIENCES_ASSET_AUDIT_0.1,H1982P5CI390,1982,5,CIENCIAS SOCIALES,standard_x_js,H1982P5CI390,121,147,121,https://historico.conaliteg.gob.mx/c/H1982P5CI390/121.jpg,0,source_jpeg,served_image,200,image/jpeg,78007,af73e63eb09de8704d9893fc427caa4a60e378cf136d1ac51fc74331a18b1435,1,
LTMD_U1_W4_SOCIAL_SCIENCES_ASSET_AUDIT_0.1,H1982P5CI390,1982,5,CIENCIAS SOCIALES,standard_x_js,H1982P5CI390,122,147,122,https://historico.conaliteg.gob.mx/c/H1982P5CI390/122.jpg,0,source_jpeg,served_image,200,image/jpeg,68079,c7cf6ca5bca9b159da9a13b4166c3896b0d91f92324fc0b2cd61de561f0048a7,1,
LTMD_U1_W4_SOCIAL_SCIENCES_ASSET_AUDIT_0.1,H1982P5CI390,1982,5,CIENCIAS SOCIALES,standard_x_js,H1982P5CI390,123,147,123,https://historico.conaliteg.gob.mx/c/H1982P5CI390/123.jpg,0,source_jpeg,served_image,200,image/jpeg,68140,25f8331e07cf4bc71e3596787be499d7cd4e2b62462e1e1b00e9c7256aaa08a8,1,
LTMD_U1_W4_SOCIAL_SCIENCES_ASSET_AUDIT_0.1,H1982P5CI390,1982,5,CIENCIAS SOCIALES,standard_x_js,H1982P5CI390,124,147,124,https://historico.conaliteg.gob.mx/c/H1982P5CI390/124.jpg,0,source_jpeg,served_image,200,image/jpeg,64846,f15b62655423d9928ddc78528b1c608dabb20b554563139901225e4ea70f3a87,1,
LTMD_U1_W4_SOCIAL_SCIENCES_ASSET_AUDIT_0.1,H1982P5CI390,1982,5,CIENCIAS SOCIALES,standard_x_js,H1982P5CI390,125,147,125,https://historico.conaliteg.gob.mx/c/H1982P5CI390/125.jpg,0,source_jpeg,served_image,200,image/jpeg,67000,c9b1fac7813d75d34f9f6e26a6cfdfa0545057c425368d91e98a16dd180ef41a,1,
LTMD_U1_W4_SOCIAL_SCIENCES_ASSET_AUDIT_0.1,H1982P5CI390,1982,5,CIENCIAS SOCIALES,standard_x_js,H1982P5CI390,126,147,126,https://historico.conaliteg.gob.mx/c/H1982P5CI390/126.jpg,0,source_jpeg,served_image,200,image/jpeg,72387,17f24f84b13e051e630623cf66aa4b30d0bcb414af9a6d19a21c552210abef80,1,
LTMD_U1_W4_SOCIAL_SCIENCES_ASSET_AUDIT_0.1,H1982P5CI390,1982,5,CIENCIAS SOCIALES,standard_x_js,H1982P5CI390,127,147,127,https://historico.conaliteg.gob.mx/c/H1982P5CI390/127.jpg,0,source_jpeg,served_image,200,image/jpeg,70649,adce93db5d5b25b78fcbfc6407e89ef45f17c0476b76eeb5834609465e2ce862,1,
LTMD_U1_W4_SOCIAL_SCIENCES_ASSET_AUDIT_0.1,H1982P5CI390,1982,5,CIENCIAS SOCIALES,standard_x_js,H1982P5CI390,128,147,128,https://historico.conaliteg.gob.mx/c/H1982P5CI390/128.jpg,0,source_jpeg,served_image,200,image/jpeg,75997,3bbf4b43a548546c3b36473bf2b15b6debc6ca04eecf54cf453eda422c5292df,1,
LTMD_U1_W4_SOCIAL_SCIENCES_ASSET_AUDIT_0.1,H1982P5CI390,1982,5,CIENCIAS SOCIALES,standard_x_js,H1982P5CI390,129,147,129,https://historico.conaliteg.gob.mx/c/H1982P5CI390/129.jpg,0,source_jpeg,served_image,200,image/jpeg,59428,7bb1ebcc2eb42ab0caca0caf7ed2bf198dc455077b6f8812374fde1c95fe4eb6,1,
LTMD_U1_W4_SOCIAL_SCIENCES_ASSET_AUDIT_0.1,H1982P5CI390,1982,5,CIENCIAS SOCIALES,standard_x_js,H1982P5CI390,130,147,130,https://historico.conaliteg.gob.mx/c/H1982P5CI390/130.jpg,0,source_jpeg,served_image,200,image/jpeg,66540,63190c30c58a3828190527a8e1052e164a255c435b89dd8f51882f9e998dac05,1,
LTMD_U1_W4_SOCIAL_SCIENCES_ASSET_AUDIT_0.1,H1982P5CI390,1982,5,CIENCIAS SOCIALES,standard_x_js,H1982P5CI390,131,147,131,https://historico.conaliteg.gob.mx/c/H1982P5CI390/131.jpg,0,source_jpeg,served_image,200,image/jpeg,69581,5cbf3567cc78519f6c233209a2215130b67cf11a34a2d86fb41984de82d244fb,1,
LTMD_U1_W4_SOCIAL_SCIENCES_ASSET_AUDIT_0.1,H1982P5CI390,1982,5,CIENCIAS SOCIALES,standard_x_js,H1982P5CI390,132,147,132,https://historico.conaliteg.gob.mx/c/H1982P5CI390/132.jpg,0,source_jpeg,served_image,200,image/jpeg,63431,6117960d04b4430020e87de33dbb76cc41a0096ef31c873a98cfe9551a42ec9a,1,
LTMD_U1_W4_SOCIAL_SCIENCES_ASSET_AUDIT_0.1,H1982P5CI390,1982,5,CIENCIAS SOCIALES,standard_x_js,H1982P5CI390,133,147,133,https://historico.conaliteg.gob.mx/c/H1982P5CI390/133.jpg,0,source_jpeg,served_image,200,image/jpeg,69022,642c686e5722bd7fe1c173962efb318754c91af7ac572f5bfce4cd86d08d64b1,1,
LTMD_U1_W4_SOCIAL_SCIENCES_ASSET_AUDIT_0.1,H1982P5CI390,1982,5,CIENCIAS SOCIALES,standard_x_js,H1982P5CI390,134,147,134,https://historico.conaliteg.gob.mx/c/H1982P5CI390/134.jpg,0,source_jpeg,served_image,200,image/jpeg,67444,ea83748cb6abda59bfb0159bdeca3f429bdaed814e3088356b7f1f72a75969a2,1,
LTMD_U1_W4_SOCIAL_SCIENCES_ASSET_AUDIT_0.1,H1982P5CI390,1982,5,CIENCIAS SOCIALES,standard_x_js,H1982P5CI390,135,147,135,https://historico.conaliteg.gob.mx/c/H1982P5CI390/135.jpg,0,source_jpeg,served_image,200,image/jpeg,63879,e49047d0d604bdb1ee5955327ef72dd8963c10ccc3339055cef9f936e8ac9b91,1,
LTMD_U1_W4_SOCIAL_SCIENCES_ASSET_AUDIT_0.1,H1982P5CI390,1982,5,CIENCIAS SOCIALES,standard_x_js,H1982P5CI390,136,147,136,https://historico.conaliteg.gob.mx/c/H1982P5CI390/136.jpg,0,source_jpeg,served_image,200,image/jpeg,59963,41ec4b1fa82e4bcfb8911f0ac9711f45c0289abfdd72f71e63aca6d6b4fb3352,1,
LTMD_U1_W4_SOCIAL_SCIENCES_ASSET_AUDIT_0.1,H1982P5CI390,1982,5,CIENCIAS SOCIALES,standard_x_js,H1982P5CI390,137,147,137,https://historico.conaliteg.gob.mx/c/H1982P5CI390/137.jpg,0,source_jpeg,served_image,200,image/jpeg,69469,76b4bdaa3f50a0376071ca37dbcf41e71ffb366686d69629eb79590da5e9185b,1,
LTMD_U1_W4_SOCIAL_SCIENCES_ASSET_AUDIT_0.1,H1982P5CI390,1982,5,CIENCIAS SOCIALES,standard_x_js,H1982P5CI390,138,147,138,https://historico.conaliteg.gob.mx/c/H1982P5CI390/138.jpg,0,source_jpeg,served_image,200,image/jpeg,58347,e08464311a914d579ecc7d2518ef0ed8fa41fca82fe4cd70df3a054e8c4c6fbf,1,
LTMD_U1_W4_SOCIAL_SCIENCES_ASSET_AUDIT_0.1,H1982P5CI390,1982,5,CIENCIAS SOCIALES,standard_x_js,H1982P5CI390,139,147,139,https://historico.conaliteg.gob.mx/c/H1982P5CI390/139.jpg,0,source_jpeg,served_image,200,image/jpeg,77162,85a48693e685e589e64d1339b87d88c5a122c72a77866f453d1b80fef2055ec0,1,
LTMD_U1_W4_SOCIAL_SCIENCES_ASSET_AUDIT_0.1,H1982P5CI390,1982,5,CIENCIAS SOCIALES,standard_x_js,H1982P5CI390,140,147,140,https://historico.conaliteg.gob.mx/c/H1982P5CI390/140.jpg,0,source_jpeg,served_image,200,image/jpeg,55483,b7e8d0ab6ea14e9316f17631527c87b4f5acf8db731f6e6811a7a09a295859a3,1,
LTMD_U1_W4_SOCIAL_SCIENCES_ASSET_AUDIT_0.1,H1982P5CI390,1982,5,CIENCIAS SOCIALES,standard_x_js,H1982P5CI390,141,147,141,https://historico.conaliteg.gob.mx/c/H1982P5CI390/141.jpg,0,source_jpeg,served_image,200,image/jpeg,51547,92f2836d50f3a519357609d0cfdd7124eca51420e46e3500023f84f572be0d72,1,
LTMD_U1_W4_SOCIAL_SCIENCES_ASSET_AUDIT_0.1,H1982P5CI390,1982,5,CIENCIAS SOCIALES,standard_x_js,H1982P5CI390,142,147,142,https://historico.conaliteg.gob.mx/c/H1982P5CI390/142.jpg,0,source_jpeg,served_image,200,image/jpeg,49432,2e351803e95d1665ac9a3aeedb245d26c3cfc606ea11e979e9f896dcec2db098,1,
LTMD_U1_W4_SOCIAL_SCIENCES_ASSET_AUDIT_0.1,H1982P5CI390,1982,5,CIENCIAS SOCIALES,standard_x_js,H1982P5CI390,143,147,143,https://historico.conaliteg.gob.mx/c/H1982P5CI390/143.jpg,0,source_jpeg,served_image,200,image/jpeg,47197,8a6882e89a1b8dfde3776018f4a7c01e7aa9cb450365d94df6b4fe742743a4c0,1,
LTMD_U1_W4_SOCIAL_SCIENCES_ASSET_AUDIT_0.1,H1982P5CI390,1982,5,CIENCIAS SOCIALES,standard_x_js,H1982P5CI390,144,147,144,https://historico.conaliteg.gob.mx/c/H1982P5CI390/144.jpg,0,source_jpeg,served_image,200,image/jpeg,31173,f5ff61283f9a0d141f12639293aec77bb2ce64f551ddf29b50716f5258d2f7ac,1,
LTMD_U1_W4_SOCIAL_SCIENCES_ASSET_AUDIT_0.1,H1982P5CI390,1982,5,CIENCIAS SOCIALES,standard_x_js,H1982P5CI390,145,147,145,https://historico.conaliteg.gob.mx/c/H1982P5CI390/145.jpg,0,source_jpeg,served_image,200,image/jpeg,53749,0af555633e60fa891bee9f695486d36bc206877dced5fe0b81cd5a8cef4eb61f,1,
LTMD_U1_W4_SOCIAL_SCIENCES_ASSET_AUDIT_0.1,H1982P5CI390,1982,5,CIENCIAS SOCIALES,standard_x_js,H1982P5CI390,146,147,146,https://historico.conaliteg.gob.mx/c/H1982P5CI390/146.jpg,0,source_jpeg,served_image,200,image/jpeg,185703,495bed829e9a2196b791917564caec41e255af26df4aec71669bb8f762d9ce97,1,
LTMD_U1_W4_SOCIAL_SCIENCES_ASSET_AUDIT_0.1,H1982P5CI390,1982,5,CIENCIAS SOCIALES,standard_x_js,H1982P5CI390,147,147,147,https://historico.conaliteg.gob.mx/c/H1982P5CI390/147.jpg,1,terminal_synthetic_candidate,http_404,404,text/html; charset=iso-8859-1,,,1,HTTP 404
LTMD_U1_W4_SOCIAL_SCIENCES_ASSET_AUDIT_0.1,H1982P6CI396,1982,6,CIENCIAS SOCIALES,standard_x_js,H1982P6CI396,1,269,0,https://historico.conaliteg.gob.mx/c/H1982P6CI396/000.jpg,0,source_jpeg,served_image,200,image/jpeg,227857,ac45348fed84d8d889f525a05b5751c2340712b4224106bfb202c88d178428e6,1,
LTMD_U1_W4_SOCIAL_SCIENCES_ASSET_AUDIT_0.1,H1982P6CI396,1982,6,CIENCIAS SOCIALES,standard_x_js,H1982P6CI396,2,269,2,https://historico.conaliteg.gob.mx/c/H1982P6CI396/002.jpg,0,source_jpeg,served_image,200,image/jpeg,19130,e97980b59a1ac629df1c7ebfcf5bd947e25578b5dd918dd4699d3d25cfd7974d,1,
LTMD_U1_W4_SOCIAL_SCIENCES_ASSET_AUDIT_0.1,H1982P6CI396,1982,6,CIENCIAS SOCIALES,standard_x_js,H1982P6CI396,3,269,3,https://historico.conaliteg.gob.mx/c/H1982P6CI396/003.jpg,0,source_jpeg,served_image,200,image/jpeg,23689,5eb20b4dd42d64bec16b0cae6388e2e18f89fbfdc95b16171646d1dd27c73003,1,
LTMD_U1_W4_SOCIAL_SCIENCES_ASSET_AUDIT_0.1,H1982P6CI396,1982,6,CIENCIAS SOCIALES,standard_x_js,H1982P6CI396,4,269,4,https://historico.conaliteg.gob.mx/c/H1982P6CI396/004.jpg,0,source_jpeg,served_image,200,image/jpeg,50004,21fb9c2c519316559fa67d48f8540282be7e9e235d23ee3863c8f8bae4915a61,1,
LTMD_U1_W4_SOCIAL_SCIENCES_ASSET_AUDIT_0.1,H1982P6CI396,1982,6,CIENCIAS SOCIALES,standard_x_js,H1982P6CI396,5,269,5,https://historico.conaliteg.gob.mx/c/H1982P6CI396/005.jpg,0,source_jpeg,served_image,200,image/jpeg,44676,fb10e950639204eaf7df5059e585f534287db2cc714c57d3ce4a6ae2dbf8fff4,1,
LTMD_U1_W4_SOCIAL_SCIENCES_ASSET_AUDIT_0.1,H1982P6CI396,1982,6,CIENCIAS SOCIALES,standard_x_js,H1982P6CI396,6,269,6,https://historico.conaliteg.gob.mx/c/H1982P6CI396/006.jpg,0,source_jpeg,served_image,200,image/jpeg,79859,f8d3586ab40ef6bd6e4b68e2ea647d19cdcd4fd9c318d76e8d0c47cd6363c1e8,1,
LTMD_U1_W4_SOCIAL_SCIENCES_ASSET_AUDIT_0.1,H1982P6CI396,1982,6,CIENCIAS SOCIALES,standard_x_js,H1982P6CI396,7,269,7,https://historico.conaliteg.gob.mx/c/H1982P6CI396/007.jpg,0,source_jpeg,served_image,200,image/jpeg,36541,03aa7c59026f864f3cfbbde4cdb9cfdc9bf4a14d40bb65fe1d2d1c6021a2af21,1,
LTMD_U1_W4_SOCIAL_SCIENCES_ASSET_AUDIT_0.1,H1982P6CI396,1982,6,CIENCIAS SOCIALES,standard_x_js,H1982P6CI396,8,269,8,https://historico.conaliteg.gob.mx/c/H1982P6CI396/008.jpg,0,source_jpeg,served_image,200,image/jpeg,58854,b9466cba21724daaff5e0b4df3ebe7765d102a3f681586039f104a5135c5a59e,1,
LTMD_U1_W4_SOCIAL_SCIENCES_ASSET_AUDIT_0.1,H1982P6CI396,1982,6,CIENCIAS SOCIALES,standard_x_js,H1982P6CI396,9,269,9,https://historico.conaliteg.gob.mx/c/H1982P6CI396/009.jpg,0,source_jpeg,served_image,200,image/jpeg,57617,052704a04bd485f50daeb0d392af7b21d77f7b22fc38d5075f55405012db61e9,1,
LTMD_U1_W4_SOCIAL_SCIENCES_ASSET_AUDIT_0.1,H1982P6CI396,1982,6,CIENCIAS SOCIALES,standard_x_js,H1982P6CI396,10,269,10,https://historico.conaliteg.gob.mx/c/H1982P6CI396/010.jpg,0,source_jpeg,served_image,200,image/jpeg,66343,c5c49d891b06f6413f42e9985b62fa73424a5b124b6468ed4d398c55ae4a434e,1,
LTMD_U1_W4_SOCIAL_SCIENCES_ASSET_AUDIT_0.1,H1982P6CI396,1982,6,CIENCIAS SOCIALES,standard_x_js,H1982P6CI396,11,269,11,https://historico.conaliteg.gob.mx/c/H1982P6CI396/011.jpg,0,source_jpeg,served_image,200,image/jpeg,64876,cd930cd14d9c39a507699e849d9e6fcb80b9c5a33ff30d0cc2ef26e8c3ee20a2,1,
LTMD_U1_W4_SOCIAL_SCIENCES_ASSET_AUDIT_0.1,H1982P6CI396,1982,6,CIENCIAS SOCIALES,standard_x_js,H1982P6CI396,12,269,12,https://historico.conaliteg.gob.mx/c/H1982P6CI396/012.jpg,0,source_jpeg,served_image,200,image/jpeg,63124,d1e4ff208982e4959a636e37ba2fe4f95c58f4b9f7afac0866f434b12306470e,1,
LTMD_U1_W4_SOCIAL_SCIENCES_ASSET_AUDIT_0.1,H1982P6CI396,1982,6,CIENCIAS SOCIALES,standard_x_js,H1982P6CI396,13,269,13,https://historico.conaliteg.gob.mx/c/H1982P6CI396/013.jpg,0,source_jpeg,served_image,200,image/jpeg,77641,51b47d06004d59b90cb82754130fabf41c5717047192babc36f46002ca3c0648,1,
LTMD_U1_W4_SOCIAL_SCIENCES_ASSET_AUDIT_0.1,H1982P6CI396,1982,6,CIENCIAS SOCIALES,standard_x_js,H1982P6CI396,14,269,14,https://historico.conaliteg.gob.mx/c/H1982P6CI396/014.jpg,0,source_jpeg,served_image,200,image/jpeg,49046,a9afa9dd5dded0d873ebece603b66cf6b21a62cd0e119c47db2cc74b574330c8,1,
LTMD_U1_W4_SOCIAL_SCIENCES_ASSET_AUDIT_0.1,H1982P6CI396,1982,6,CIENCIAS SOCIALES,standard_x_js,H1982P6CI396,15,269,15,https://historico.conaliteg.gob.mx/c/H1982P6CI396/015.jpg,0,source_jpeg,served_image,200,image/jpeg,50090,12ccb02ddbef839d9f6b14feb533bf6e0ce611ed2c6ad4a0dc99c2c3ea958255,1,
LTMD_U1_W4_SOCIAL_SCIENCES_ASSET_AUDIT_0.1,H1982P6CI396,1982,6,CIENCIAS SOCIALES,standard_x_js,H1982P6CI396,16,269,16,https://historico.conaliteg.gob.mx/c/H1982P6CI396/016.jpg,0,source_jpeg,served_image,200,image/jpeg,66095,194934c734ad4dd7114fb01a70913cf16d2cfe1b05464eb78788efb61ad6e0aa,1,
LTMD_U1_W4_SOCIAL_SCIENCES_ASSET_AUDIT_0.1,H1982P6CI396,1982,6,CIENCIAS SOCIALES,standard_x_js,H1982P6CI396,17,269,17,https://historico.conaliteg.gob.mx/c/H1982P6CI396/017.jpg,0,source_jpeg,served_image,200,image/jpeg,53241,05db3566ea6a2a26f3fdf728c9fcde978a2ad52fa2906045f7ca3ce1c7d10415,1,
LTMD_U1_W4_SOCIAL_SCIENCES_ASSET_AUDIT_0.1,H1982P6CI396,1982,6,CIENCIAS SOCIALES,standard_x_js,H1982P6CI396,18,269,18,https://historico.conaliteg.gob.mx/c/H1982P6CI396/018.jpg,0,source_jpeg,served_image,200,image/jpeg,78811,ff1989d5994cbd28bdacc8ad3856d7308e1c54e71c2982cf4502e8a0ba2d5c99,1,
LTMD_U1_W4_SOCIAL_SCIENCES_ASSET_AUDIT_0.1,H1982P6CI396,1982,6,CIENCIAS SOCIALES,standard_x_js,H1982P6CI396,19,269,19,https://historico.conaliteg.gob.mx/c/H1982P6CI396/019.jpg,0,source_jpeg,served_image,200,image/jpeg,70424,04de4882d81329897c0bd3ab0941c31a68956dcdce9e2c1e60fb55a0d1fc8bf1,1,
LTMD_U1_W4_SOCIAL_SCIENCES_ASSET_AUDIT_0.1,H1982P6CI396,1982,6,CIENCIAS SOCIALES,standard_x_js,H1982P6CI396,20,269,20,https://historico.conaliteg.gob.mx/c/H1982P6CI396/020.jpg,0,source_jpeg,served_image,200,image/jpeg,79336,c1ec219501ad67ef7e8620e89e091a1784d3f10a7141f6a46b27e3de2882172e,1,
LTMD_U1_W4_SOCIAL_SCIENCES_ASSET_AUDIT_0.1,H1982P6CI396,1982,6,CIENCIAS SOCIALES,standard_x_js,H1982P6CI396,21,269,21,https://historico.conaliteg.gob.mx/c/H1982P6CI396/021.jpg,0,source_jpeg,served_image,200,image/jpeg,80178,903d69bdb53eb0b450cf5483340c0c91b6e1a6730a76b5dd237e093a5142c0d0,1,
LTMD_U1_W4_SOCIAL_SCIENCES_ASSET_AUDIT_0.1,H1982P6CI396,1982,6,CIENCIAS SOCIALES,standard_x_js,H1982P6CI396,22,269,22,https://historico.conaliteg.gob.mx/c/H1982P6CI396/022.jpg,0,source_jpeg,served_image,200,image/jpeg,66270,b41c17eedab0053dae415656b43257c20ada74e4ebc4beffd4427421583d67b6,1,
LTMD_U1_W4_SOCIAL_SCIENCES_ASSET_AUDIT_0.1,H1982P6CI396,1982,6,CIENCIAS SOCIALES,standard_x_js,H1982P6CI396,23,269,23,https://historico.conaliteg.gob.mx/c/H1982P6CI396/023.jpg,0,source_jpeg,served_image,200,image/jpeg,54739,01efb87f2de6c13b6432ca1d9888400f4c8b38697b006918ea61fdf9bc6ddc81,1,
LTMD_U1_W4_SOCIAL_SCIENCES_ASSET_AUDIT_0.1,H1982P6CI396,1982,6,CIENCIAS SOCIALES,standard_x_js,H1982P6CI396,24,269,24,https://historico.conaliteg.gob.mx/c/H1982P6CI396/024.jpg,0,source_jpeg,served_image,200,image/jpeg,64695,7b9bf88f7d4c18eebd5fc980348d4f9b9a2df03c96439575bc933418e16c27a8,1,
LTMD_U1_W4_SOCIAL_SCIENCES_ASSET_AUDIT_0.1,H1982P6CI396,1982,6,CIENCIAS SOCIALES,standard_x_js,H1982P6CI396,25,269,25,https://historico.conaliteg.gob.mx/c/H1982P6CI396/025.jpg,0,source_jpeg,served_image,200,image/jpeg,72594,4d9408b7fe520b7391060f1aa0e04fd6df207728621914aaaac2eb5731e69cd3,1,
LTMD_U1_W4_SOCIAL_SCIENCES_ASSET_AUDIT_0.1,H1982P6CI396,1982,6,CIENCIAS SOCIALES,standard_x_js,H1982P6CI396,26,269,26,https://historico.conaliteg.gob.mx/c/H1982P6CI396/026.jpg,0,source_jpeg,served_image,200,image/jpeg,38190,7b4704570d8eb43a7e94568ad805dd1a63ea98e0c5ec620278a3000410104636,1,
LTMD_U1_W4_SOCIAL_SCIENCES_ASSET_AUDIT_0.1,H1982P6CI396,1982,6,CIENCIAS SOCIALES,standard_x_js,H1982P6CI396,27,269,27,https://historico.conaliteg.gob.mx/c/H1982P6CI396/027.jpg,0,source_jpeg,served_image,200,image/jpeg,82238,4e578446b3056e482a00eaa67df186f1fac192ec596164379511b71a26171e02,1,
LTMD_U1_W4_SOCIAL_SCIENCES_ASSET_AUDIT_0.1,H1982P6CI396,1982,6,CIENCIAS SOCIALES,standard_x_js,H1982P6CI396,28,269,28,https://historico.conaliteg.gob.mx/c/H1982P6CI396/028.jpg,0,source_jpeg,served_image,200,image/jpeg,68008,2e606bdf8b0e6c632fe2be9818837f79d5405960ec318ad421d2d5b2ff57ffe1,1,
LTMD_U1_W4_SOCIAL_SCIENCES_ASSET_AUDIT_0.1,H1982P6CI396,1982,6,CIENCIAS SOCIALES,standard_x_js,H1982P6CI396,29,269,29,https://historico.conaliteg.gob.mx/c/H1982P6CI396/029.jpg,0,source_jpeg,served_image,200,image/jpeg,83274,16d76886977deb3462f37ebe211c8ce1f56e882feb1ada745b1e9c3ba1ae56b4,1,
LTMD_U1_W4_SOCIAL_SCIENCES_ASSET_AUDIT_0.1,H1982P6CI396,1982,6,CIENCIAS SOCIALES,standard_x_js,H1982P6CI396,30,269,30,https://historico.conaliteg.gob.mx/c/H1982P6CI396/030.jpg,0,source_jpeg,served_image,200,image/jpeg,68393,a8081774d773b6de74fc806c7051bb94d5b72fc2a5b2897887245be90a0448dd,1,
LTMD_U1_W4_SOCIAL_SCIENCES_ASSET_AUDIT_0.1,H1982P6CI396,1982,6,CIENCIAS SOCIALES,standard_x_js,H1982P6CI396,31,269,31,https://historico.conaliteg.gob.mx/c/H1982P6CI396/031.jpg,0,source_jpeg,served_image,200,image/jpeg,68236,bcdb816f55150322c51aa959c7d8318c7cbf45ce34d06f802fecb4c3c901be8f,1,
LTMD_U1_W4_SOCIAL_SCIENCES_ASSET_AUDIT_0.1,H1982P6CI396,1982,6,CIENCIAS SOCIALES,standard_x_js,H1982P6CI396,32,269,32,https://historico.conaliteg.gob.mx/c/H1982P6CI396/032.jpg,0,source_jpeg,served_image,200,image/jpeg,76528,532a7c88f7d17763c5e145c597d438772bb2ca8c78681cf57e090be0e5811cb7,1,
LTMD_U1_W4_SOCIAL_SCIENCES_ASSET_AUDIT_0.1,H1982P6CI396,1982,6,CIENCIAS SOCIALES,standard_x_js,H1982P6CI396,33,269,33,https://historico.conaliteg.gob.mx/c/H1982P6CI396/033.jpg,0,source_jpeg,served_image,200,image/jpeg,79030,8d112e524a12e9044b990e543d1e9685bfa26b3027a7f1a7b067af7773e15ef2,1,
LTMD_U1_W4_SOCIAL_SCIENCES_ASSET_AUDIT_0.1,H1982P6CI396,1982,6,CIENCIAS SOCIALES,standard_x_js,H1982P6CI396,34,269,34,https://historico.conaliteg.gob.mx/c/H1982P6CI396/034.jpg,0,source_jpeg,served_image,200,image/jpeg,73669,ef058808e1a1e1cc0f21c1377e090a907321abcf0eb758c3f158134b2e8129e3,1,
LTMD_U1_W4_SOCIAL_SCIENCES_ASSET_AUDIT_0.1,H1982P6CI396,1982,6,CIENCIAS SOCIALES,standard_x_js,H1982P6CI396,35,269,35,https://historico.conaliteg.gob.mx/c/H1982P6CI396/035.jpg,0,source_jpeg,served_image,200,image/jpeg,67046,ede65201391ba48513ed7b8a5bb516d1d87e35f687b049555cb247643e468c3d,1,
LTMD_U1_W4_SOCIAL_SCIENCES_ASSET_AUDIT_0.1,H1982P6CI396,1982,6,CIENCIAS SOCIALES,standard_x_js,H1982P6CI396,36,269,36,https://historico.conaliteg.gob.mx/c/H1982P6CI396/036.jpg,0,source_jpeg,served_image,200,image/jpeg,62844,6c44a679332ca8868b9ea597f636d2c193008fd13174ff160e9130f471a210e8,1,
LTMD_U1_W4_SOCIAL_SCIENCES_ASSET_AUDIT_0.1,H1982P6CI396,1982,6,CIENCIAS SOCIALES,standard_x_js,H1982P6CI396,37,269,37,https://historico.conaliteg.gob.mx/c/H1982P6CI396/037.jpg,0,source_jpeg,served_image,200,image/jpeg,67845,b5796e0f025cc0756d8b84becff118ed495d164853c03d965d6aec0753fc451a,1,
LTMD_U1_W4_SOCIAL_SCIENCES_ASSET_AUDIT_0.1,H1982P6CI396,1982,6,CIENCIAS SOCIALES,standard_x_js,H1982P6CI396,38,269,38,https://historico.conaliteg.gob.mx/c/H1982P6CI396/038.jpg,0,source_jpeg,served_image,200,image/jpeg,61859,908a51a63b975d6ce58800811bcba33dd7a20b412d26a904571196fc3b62f70b,1,
LTMD_U1_W4_SOCIAL_SCIENCES_ASSET_AUDIT_0.1,H1982P6CI396,1982,6,CIENCIAS SOCIALES,standard_x_js,H1982P6CI396,39,269,39,https://historico.conaliteg.gob.mx/c/H1982P6CI396/039.jpg,0,source_jpeg,served_image,200,image/jpeg,63775,5d94750b77720f2e2e62ef99c129f8b37e4f4ceadc8005289ae31c08686dbd07,1,
LTMD_U1_W4_SOCIAL_SCIENCES_ASSET_AUDIT_0.1,H1982P6CI396,1982,6,CIENCIAS SOCIALES,standard_x_js,H1982P6CI396,40,269,40,https://historico.conaliteg.gob.mx/c/H1982P6CI396/040.jpg,0,source_jpeg,served_image,200,image/jpeg,78632,f6a775651b4bb95bb0ed6adf0a0561cd00ab8d0155672ac6401e9a26f61f0978,1,
LTMD_U1_W4_SOCIAL_SCIENCES_ASSET_AUDIT_0.1,H1982P6CI396,1982,6,CIENCIAS SOCIALES,standard_x_js,H1982P6CI396,41,269,41,https://historico.conaliteg.gob.mx/c/H1982P6CI396/041.jpg,0,source_jpeg,served_image,200,image/jpeg,36539,bfc169cd48983b69a8bacbe395c80bd1392234f2c70e993db49f8603284efcf9,1,
LTMD_U1_W4_SOCIAL_SCIENCES_ASSET_AUDIT_0.1,H1982P6CI396,1982,6,CIENCIAS SOCIALES,standard_x_js,H1982P6CI396,42,269,42,https://historico.conaliteg.gob.mx/c/H1982P6CI396/042.jpg,0,source_jpeg,served_image,200,image/jpeg,72470,7f0df92d2f8815c5b3e30d94465c4fc721c2eea07ecc38e7fa3c575cb4d4983a,1,
LTMD_U1_W4_SOCIAL_SCIENCES_ASSET_AUDIT_0.1,H1982P6CI396,1982,6,CIENCIAS SOCIALES,standard_x_js,H1982P6CI396,43,269,43,https://historico.conaliteg.gob.mx/c/H1982P6CI396/043.jpg,0,source_jpeg,served_image,200,image/jpeg,80806,2093983684dbec0fb74584341b9e635868549e998e873c92b417d67e52de8387,1,
LTMD_U1_W4_SOCIAL_SCIENCES_ASSET_AUDIT_0.1,H1982P6CI396,1982,6,CIENCIAS SOCIALES,standard_x_js,H1982P6CI396,44,269,44,https://historico.conaliteg.gob.mx/c/H1982P6CI396/044.jpg,0,source_jpeg,served_image,200,image/jpeg,79361,9d3b997ff6559e7b2437d28cee8fd547f89cafb94aab9015922393ae6ca8c838,1,
LTMD_U1_W4_SOCIAL_SCIENCES_ASSET_AUDIT_0.1,H1982P6CI396,1982,6,CIENCIAS SOCIALES,standard_x_js,H1982P6CI396,45,269,45,https://historico.conaliteg.gob.mx/c/H1982P6CI396/045.jpg,0,source_jpeg,served_image,200,image/jpeg,55657,0bbe8e696f188e851bdc44415f68dc525d68875bfc546e973eed283b9be5a0c8,1,
LTMD_U1_W4_SOCIAL_SCIENCES_ASSET_AUDIT_0.1,H1982P6CI396,1982,6,CIENCIAS SOCIALES,standard_x_js,H1982P6CI396,46,269,46,https://historico.conaliteg.gob.mx/c/H1982P6CI396/046.jpg,0,source_jpeg,served_image,200,image/jpeg,65679,b77803cd7b2af28ac54c6a8eb0cb5ab30a717a0c0734412e7aa5911b9c9a9f66,1,
LTMD_U1_W4_SOCIAL_SCIENCES_ASSET_AUDIT_0.1,H1982P6CI396,1982,6,CIENCIAS SOCIALES,standard_x_js,H1982P6CI396,47,269,47,https://historico.conaliteg.gob.mx/c/H1982P6CI396/047.jpg,0,source_jpeg,served_image,200,image/jpeg,71253,fa9740a60c23ab256c1b5e9fd6fd0595ab6c5944e8826067decff961e1c98150,1,
LTMD_U1_W4_SOCIAL_SCIENCES_ASSET_AUDIT_0.1,H1982P6CI396,1982,6,CIENCIAS SOCIALES,standard_x_js,H1982P6CI396,48,269,48,https://historico.conaliteg.gob.mx/c/H1982P6CI396/048.jpg,0,source_jpeg,served_image,200,image/jpeg,61179,d89860d4bfeba45d74cc4228bc5cb3cba33306e5a8c20584db74e9e6523e6c98,1,
LTMD_U1_W4_SOCIAL_SCIENCES_ASSET_AUDIT_0.1,H1982P6CI396,1982,6,CIENCIAS SOCIALES,standard_x_js,H1982P6CI396,49,269,49,https://historico.conaliteg.gob.mx/c/H1982P6CI396/049.jpg,0,source_jpeg,served_image,200,image/jpeg,39737,b776790bae0b1b1b710b2f15c656a75ee0158f141e5ea91ede3aefc19c319b14,1,
LTMD_U1_W4_SOCIAL_SCIENCES_ASSET_AUDIT_0.1,H1982P6CI396,1982,6,CIENCIAS SOCIALES,standard_x_js,H1982P6CI396,50,269,50,https://historico.conaliteg.gob.mx/c/H1982P6CI396/050.jpg,0,source_jpeg,served_image,200,image/jpeg,72715,33826bc517c1dfd468988c5104534b7abdeb30be2c7c0d16bbeb9cb89e0ce00c,1,
LTMD_U1_W4_SOCIAL_SCIENCES_ASSET_AUDIT_0.1,H1982P6CI396,1982,6,CIENCIAS SOCIALES,standard_x_js,H1982P6CI396,51,269,51,https://historico.conaliteg.gob.mx/c/H1982P6CI396/051.jpg,0,source_jpeg,served_image,200,image/jpeg,78552,2717d025982f0d51c3bd841999370566cada682435f3cdadc495b1d88e2f279b,1,
LTMD_U1_W4_SOCIAL_SCIENCES_ASSET_AUDIT_0.1,H1982P6CI396,1982,6,CIENCIAS SOCIALES,standard_x_js,H1982P6CI396,52,269,52,https://historico.conaliteg.gob.mx/c/H1982P6CI396/052.jpg,0,source_jpeg,served_image,200,image/jpeg,79897,27ea0a4b2f503723a2f906a84931ef1030e097a76cf19e4f3c0b9c75668ca33e,1,
LTMD_U1_W4_SOCIAL_SCIENCES_ASSET_AUDIT_0.1,H1982P6CI396,1982,6,CIENCIAS SOCIALES,standard_x_js,H1982P6CI396,53,269,53,https://historico.conaliteg.gob.mx/c/H1982P6CI396/053.jpg,0,source_jpeg,served_image,200,image/jpeg,69964,31cdb078ef801b37c1df38cc0d551ed6d8e6448adbc5f1f06db0ee90fd3b07f5,1,
LTMD_U1_W4_SOCIAL_SCIENCES_ASSET_AUDIT_0.1,H1982P6CI396,1982,6,CIENCIAS SOCIALES,standard_x_js,H1982P6CI396,54,269,54,https://historico.conaliteg.gob.mx/c/H1982P6CI396/054.jpg,0,source_jpeg,served_image,200,image/jpeg,65495,926ce2aaf48e1d417231c6609001e1fda53d18d518d54327538f74a3b20c1554,1,
LTMD_U1_W4_SOCIAL_SCIENCES_ASSET_AUDIT_0.1,H1982P6CI396,1982,6,CIENCIAS SOCIALES,standard_x_js,H1982P6CI396,55,269,55,https://historico.conaliteg.gob.mx/c/H1982P6CI396/055.jpg,0,source_jpeg,served_image,200,image/jpeg,74127,e6985ca239aa2e1c3e8c9cbef1908e97d6f541cf5b6f1c10e3f47feeb34de212,1,
LTMD_U1_W4_SOCIAL_SCIENCES_ASSET_AUDIT_0.1,H1982P6CI396,1982,6,CIENCIAS SOCIALES,standard_x_js,H1982P6CI396,56,269,56,https://historico.conaliteg.gob.mx/c/H1982P6CI396/056.jpg,0,source_jpeg,served_image,200,image/jpeg,90976,e28c8e4dde82dd59f060ba96fa9ca2cf0264f3e01c1544f2e3a306727593e207,1,
LTMD_U1_W4_SOCIAL_SCIENCES_ASSET_AUDIT_0.1,H1982P6CI396,1982,6,CIENCIAS SOCIALES,standard_x_js,H1982P6CI396,57,269,57,https://historico.conaliteg.gob.mx/c/H1982P6CI396/057.jpg,0,source_jpeg,served_image,200,image/jpeg,69102,1e10fde5d9e2561e1366ddfe9731adf2bb84971f6a0fbfb0b913c8cef8ebec7a,1,
LTMD_U1_W4_SOCIAL_SCIENCES_ASSET_AUDIT_0.1,H1982P6CI396,1982,6,CIENCIAS SOCIALES,standard_x_js,H1982P6CI396,58,269,58,https://historico.conaliteg.gob.mx/c/H1982P6CI396/058.jpg,0,source_jpeg,served_image,200,image/jpeg,77214,764ab9c4d2b359f1b80a000989735fd1cbdd7fb66e45b8feaf96597636e6fd61,1,
LTMD_U1_W4_SOCIAL_SCIENCES_ASSET_AUDIT_0.1,H1982P6CI396,1982,6,CIENCIAS SOCIALES,standard_x_js,H1982P6CI396,59,269,59,https://historico.conaliteg.gob.mx/c/H1982P6CI396/059.jpg,0,source_jpeg,served_image,200,image/jpeg,79824,c2aab43d2005d41545cca62b6d51cab2b6da39a3ff2726d99b71afd00843cbe9,1,
LTMD_U1_W4_SOCIAL_SCIENCES_ASSET_AUDIT_0.1,H1982P6CI396,1982,6,CIENCIAS SOCIALES,standard_x_js,H1982P6CI396,60,269,60,https://historico.conaliteg.gob.mx/c/H1982P6CI396/060.jpg,0,source_jpeg,served_image,200,image/jpeg,77182,2cf8b4f01e5f714d497c468e88c1eaac5a135eed296454b7c071c1b7dacbbd8b,1,
LTMD_U1_W4_SOCIAL_SCIENCES_ASSET_AUDIT_0.1,H1982P6CI396,1982,6,CIENCIAS SOCIALES,standard_x_js,H1982P6CI396,61,269,61,https://historico.conaliteg.gob.mx/c/H1982P6CI396/061.jpg,0,source_jpeg,served_image,200,image/jpeg,69135,577046f5ece4cf46509b3b123937fbd3808feefd9d9e55e0b492e478d0bc0978,1,
LTMD_U1_W4_SOCIAL_SCIENCES_ASSET_AUDIT_0.1,H1982P6CI396,1982,6,CIENCIAS SOCIALES,standard_x_js,H1982P6CI396,62,269,62,https://historico.conaliteg.gob.mx/c/H1982P6CI396/062.jpg,0,source_jpeg,served_image,200,image/jpeg,87852,5a3b2a4dbc8e4b7010b3a852fc4decb33e1e471065bf75c5f783fbab4e6673a0,1,
LTMD_U1_W4_SOCIAL_SCIENCES_ASSET_AUDIT_0.1,H1982P6CI396,1982,6,CIENCIAS SOCIALES,standard_x_js,H1982P6CI396,63,269,63,https://historico.conaliteg.gob.mx/c/H1982P6CI396/063.jpg,0,source_jpeg,served_image,200,image/jpeg,56038,085bc746999378b55335fe9d89525f5a6692292b1e3ae95fd3a78f0e0d1285a8,1,
LTMD_U1_W4_SOCIAL_SCIENCES_ASSET_AUDIT_0.1,H1982P6CI396,1982,6,CIENCIAS SOCIALES,standard_x_js,H1982P6CI396,64,269,64,https://historico.conaliteg.gob.mx/c/H1982P6CI396/064.jpg,0,source_jpeg,served_image,200,image/jpeg,73607,159bc426e91fd9e88676f7dd4b0bd5652f43ca161f986b042e4502762b1d149c,1,
LTMD_U1_W4_SOCIAL_SCIENCES_ASSET_AUDIT_0.1,H1982P6CI396,1982,6,CIENCIAS SOCIALES,standard_x_js,H1982P6CI396,65,269,65,https://historico.conaliteg.gob.mx/c/H1982P6CI396/065.jpg,0,source_jpeg,served_image,200,image/jpeg,60790,2b5aeba3d59f0da543e96b79e920d0351dd11512734a320d8b07dddd9d61e04b,1,
LTMD_U1_W4_SOCIAL_SCIENCES_ASSET_AUDIT_0.1,H1982P6CI396,1982,6,CIENCIAS SOCIALES,standard_x_js,H1982P6CI396,66,269,66,https://historico.conaliteg.gob.mx/c/H1982P6CI396/066.jpg,0,source_jpeg,served_image,200,image/jpeg,66871,81483426d23e2acb01b0c8503721e14edc23510c9948f44872255fb9966a7feb,1,
LTMD_U1_W4_SOCIAL_SCIENCES_ASSET_AUDIT_0.1,H1982P6CI396,1982,6,CIENCIAS SOCIALES,standard_x_js,H1982P6CI396,67,269,67,https://historico.conaliteg.gob.mx/c/H1982P6CI396/067.jpg,0,source_jpeg,served_image,200,image/jpeg,83939,b107ef4232fe27f5245269d2c7d794685bd0d84b4f67ad4354dab85cbfbc1cb3,1,
LTMD_U1_W4_SOCIAL_SCIENCES_ASSET_AUDIT_0.1,H1982P6CI396,1982,6,CIENCIAS SOCIALES,standard_x_js,H1982P6CI396,68,269,68,https://historico.conaliteg.gob.mx/c/H1982P6CI396/068.jpg,0,source_jpeg,served_image,200,image/jpeg,74686,16b7c4c52b38168a313fd493f17a27d0cab6a48361f7fa5f7393b722d8ad611e,1,
LTMD_U1_W4_SOCIAL_SCIENCES_ASSET_AUDIT_0.1,H1982P6CI396,1982,6,CIENCIAS SOCIALES,standard_x_js,H1982P6CI396,69,269,69,https://historico.conaliteg.gob.mx/c/H1982P6CI396/069.jpg,0,source_jpeg,served_image,200,image/jpeg,86053,7a43c8b9770ff6c04a1326f41d580b8d5dd4121e7a297806a2664c3bca92ae1b,1,
LTMD_U1_W4_SOCIAL_SCIENCES_ASSET_AUDIT_0.1,H1982P6CI396,1982,6,CIENCIAS SOCIALES,standard_x_js,H1982P6CI396,70,269,70,https://historico.conaliteg.gob.mx/c/H1982P6CI396/070.jpg,0,source_jpeg,served_image,200,image/jpeg,38131,d6667fc5977e0ab2dca80e85e87de08543eb3b01dea1e6125d670bf7292d4f57,1,
LTMD_U1_W4_SOCIAL_SCIENCES_ASSET_AUDIT_0.1,H1982P6CI396,1982,6,CIENCIAS SOCIALES,standard_x_js,H1982P6CI396,71,269,71,https://historico.conaliteg.gob.mx/c/H1982P6CI396/071.jpg,0,source_jpeg,served_image,200,image/jpeg,32490,201aa7457876ea118f69a800434be6081f9e579ab0aed729bf7158bfe06b13da,1,
LTMD_U1_W4_SOCIAL_SCIENCES_ASSET_AUDIT_0.1,H1982P6CI396,1982,6,CIENCIAS SOCIALES,standard_x_js,H1982P6CI396,72,269,72,https://historico.conaliteg.gob.mx/c/H1982P6CI396/072.jpg,0,source_jpeg,served_image,200,image/jpeg,34853,599248b0a88083a6e363b9592921d0865648c9f1e4afa057ca019c6ff5494625,1,
LTMD_U1_W4_SOCIAL_SCIENCES_ASSET_AUDIT_0.1,H1982P6CI396,1982,6,CIENCIAS SOCIALES,standard_x_js,H1982P6CI396,73,269,73,https://historico.conaliteg.gob.mx/c/H1982P6CI396/073.jpg,0,source_jpeg,served_image,200,image/jpeg,63394,369351e373cb4484efb1140acb0aa12b3118327a6f9ca9408f6019f1dee25584,1,
LTMD_U1_W4_SOCIAL_SCIENCES_ASSET_AUDIT_0.1,H1982P6CI396,1982,6,CIENCIAS SOCIALES,standard_x_js,H1982P6CI396,74,269,74,https://historico.conaliteg.gob.mx/c/H1982P6CI396/074.jpg,0,source_jpeg,served_image,200,image/jpeg,80767,eb9888aa4fe9b448237872f9ba0a040cf9331df4a94407326ee14512e826d607,1,
LTMD_U1_W4_SOCIAL_SCIENCES_ASSET_AUDIT_0.1,H1982P6CI396,1982,6,CIENCIAS SOCIALES,standard_x_js,H1982P6CI396,75,269,75,https://historico.conaliteg.gob.mx/c/H1982P6CI396/075.jpg,0,source_jpeg,served_image,200,image/jpeg,80120,747a5f51b113be5bba6695a91726a30e99b5f0ef67ffa44505f266073b48f202,1,
LTMD_U1_W4_SOCIAL_SCIENCES_ASSET_AUDIT_0.1,H1982P6CI396,1982,6,CIENCIAS SOCIALES,standard_x_js,H1982P6CI396,76,269,76,https://historico.conaliteg.gob.mx/c/H1982P6CI396/076.jpg,0,source_jpeg,served_image,200,image/jpeg,59354,145040558c48875a5cf1b8c4b029587a483e6c12eaa1a772b092b19c44ac808a,1,
LTMD_U1_W4_SOCIAL_SCIENCES_ASSET_AUDIT_0.1,H1982P6CI396,1982,6,CIENCIAS SOCIALES,standard_x_js,H1982P6CI396,77,269,77,https://historico.conaliteg.gob.mx/c/H1982P6CI396/077.jpg,0,source_jpeg,served_image,200,image/jpeg,72603,05bc5a93f53733723f7bedbca7a106f75387ea4e5e7757117bb67ec21542c6d5,1,
LTMD_U1_W4_SOCIAL_SCIENCES_ASSET_AUDIT_0.1,H1982P6CI396,1982,6,CIENCIAS SOCIALES,standard_x_js,H1982P6CI396,78,269,78,https://historico.conaliteg.gob.mx/c/H1982P6CI396/078.jpg,0,source_jpeg,served_image,200,image/jpeg,60543,d06fb929e1a2c0532053531b70fcce0ae1b4dd82ba2ae4fc93a2369605655528,1,
LTMD_U1_W4_SOCIAL_SCIENCES_ASSET_AUDIT_0.1,H1982P6CI396,1982,6,CIENCIAS SOCIALES,standard_x_js,H1982P6CI396,79,269,79,https://historico.conaliteg.gob.mx/c/H1982P6CI396/079.jpg,0,source_jpeg,served_image,200,image/jpeg,80698,d15b318c4f18368c24ef6c3542f1c6274c17ea75dc85d4957963eb32bd9b9738,1,
LTMD_U1_W4_SOCIAL_SCIENCES_ASSET_AUDIT_0.1,H1982P6CI396,1982,6,CIENCIAS SOCIALES,standard_x_js,H1982P6CI396,80,269,80,https://historico.conaliteg.gob.mx/c/H1982P6CI396/080.jpg,0,source_jpeg,served_image,200,image/jpeg,69110,c4eaa78602dcb75ebdb26503ada1dd1cc0b2c39ae3e156956072993a461f6dd7,1,
LTMD_U1_W4_SOCIAL_SCIENCES_ASSET_AUDIT_0.1,H1982P6CI396,1982,6,CIENCIAS SOCIALES,standard_x_js,H1982P6CI396,81,269,81,https://historico.conaliteg.gob.mx/c/H1982P6CI396/081.jpg,0,source_jpeg,served_image,200,image/jpeg,75401,1facb9b59c867c1e80bef28d21e21a9a560d643433d4222f6be72df21b123628,1,
LTMD_U1_W4_SOCIAL_SCIENCES_ASSET_AUDIT_0.1,H1982P6CI396,1982,6,CIENCIAS SOCIALES,standard_x_js,H1982P6CI396,82,269,82,https://historico.conaliteg.gob.mx/c/H1982P6CI396/082.jpg,0,source_jpeg,served_image,200,image/jpeg,71721,efc14cfc0dd115e5f7d5f25808481edbdd20e3375551f926aceae8981f0791d5,1,
LTMD_U1_W4_SOCIAL_SCIENCES_ASSET_AUDIT_0.1,H1982P6CI396,1982,6,CIENCIAS SOCIALES,standard_x_js,H1982P6CI396,83,269,83,https://historico.conaliteg.gob.mx/c/H1982P6CI396/083.jpg,0,source_jpeg,served_image,200,image/jpeg,69289,fd909748275ca46bf61a7d491c40c65c71888de475be168ebe9721ccaa9f1c9e,1,
LTMD_U1_W4_SOCIAL_SCIENCES_ASSET_AUDIT_0.1,H1982P6CI396,1982,6,CIENCIAS SOCIALES,standard_x_js,H1982P6CI396,84,269,84,https://historico.conaliteg.gob.mx/c/H1982P6CI396/084.jpg,0,source_jpeg,served_image,200,image/jpeg,75881,5bdc4bccf03cc4795c2d1d8dfe9ebc3c1bfaf0c05055f8f6a58148ed98f57223,1,
LTMD_U1_W4_SOCIAL_SCIENCES_ASSET_AUDIT_0.1,H1982P6CI396,1982,6,CIENCIAS SOCIALES,standard_x_js,H1982P6CI396,85,269,85,https://historico.conaliteg.gob.mx/c/H1982P6CI396/085.jpg,0,source_jpeg,served_image,200,image/jpeg,78135,cd578fff88aa4fc7d161554255552b1ae3f1646403997f93da22baed1ee2208e,1,
LTMD_U1_W4_SOCIAL_SCIENCES_ASSET_AUDIT_0.1,H1982P6CI396,1982,6,CIENCIAS SOCIALES,standard_x_js,H1982P6CI396,86,269,86,https://historico.conaliteg.gob.mx/c/H1982P6CI396/086.jpg,0,source_jpeg,served_image,200,image/jpeg,88074,f4f1149507bfcbdba97d2dde7d66abc5e7fabdfc634745907248f580854af56f,1,
LTMD_U1_W4_SOCIAL_SCIENCES_ASSET_AUDIT_0.1,H1982P6CI396,1982,6,CIENCIAS SOCIALES,standard_x_js,H1982P6CI396,87,269,87,https://historico.conaliteg.gob.mx/c/H1982P6CI396/087.jpg,0,source_jpeg,served_image,200,image/jpeg,66021,bd1e8c51e9c46f8a94842b4e0854609420ee016e04d863e1945f566aa78002bc,1,
LTMD_U1_W4_SOCIAL_SCIENCES_ASSET_AUDIT_0.1,H1982P6CI396,1982,6,CIENCIAS SOCIALES,standard_x_js,H1982P6CI396,88,269,88,https://historico.conaliteg.gob.mx/c/H1982P6CI396/088.jpg,0,source_jpeg,served_image,200,image/jpeg,44069,0a14611f93a89889246377925e5e363c9d81b4781fbe17f32143414e4277fcee,1,
LTMD_U1_W4_SOCIAL_SCIENCES_ASSET_AUDIT_0.1,H1982P6CI396,1982,6,CIENCIAS SOCIALES,standard_x_js,H1982P6CI396,89,269,89,https://historico.conaliteg.gob.mx/c/H1982P6CI396/089.jpg,0,source_jpeg,served_image,200,image/jpeg,35688,d4ba13fa931ba7138e98cc24995c11f4087e422aacb4912438ded27a8595ea46,1,
LTMD_U1_W4_SOCIAL_SCIENCES_ASSET_AUDIT_0.1,H1982P6CI396,1982,6,CIENCIAS SOCIALES,standard_x_js,H1982P6CI396,90,269,90,https://historico.conaliteg.gob.mx/c/H1982P6CI396/090.jpg,0,source_jpeg,served_image,200,image/jpeg,72932,44d87de8c40e8cd4313b4e9b77a0a27077c6839200fcfae0fef8b785bc558932,1,
LTMD_U1_W4_SOCIAL_SCIENCES_ASSET_AUDIT_0.1,H1982P6CI396,1982,6,CIENCIAS SOCIALES,standard_x_js,H1982P6CI396,91,269,91,https://historico.conaliteg.gob.mx/c/H1982P6CI396/091.jpg,0,source_jpeg,served_image,200,image/jpeg,71886,97fb8f69e95fe79a10c88f9baa4bf0b2ce78daf768c5831979c0ed55ff3e98a0,1,
LTMD_U1_W4_SOCIAL_SCIENCES_ASSET_AUDIT_0.1,H1982P6CI396,1982,6,CIENCIAS SOCIALES,standard_x_js,H1982P6CI396,92,269,92,https://historico.conaliteg.gob.mx/c/H1982P6CI396/092.jpg,0,source_jpeg,served_image,200,image/jpeg,73290,56bd56d97f9d4b9cdda87b9c09e71a73cc646202a7d3c35e84adf863c7de02ff,1,
LTMD_U1_W4_SOCIAL_SCIENCES_ASSET_AUDIT_0.1,H1982P6CI396,1982,6,CIENCIAS SOCIALES,standard_x_js,H1982P6CI396,93,269,93,https://historico.conaliteg.gob.mx/c/H1982P6CI396/093.jpg,0,source_jpeg,served_image,200,image/jpeg,79771,1e2ce6694897f71b14ef48ec62eb6461b8488f5f55d0e20a31b7b9df4738138e,1,
LTMD_U1_W4_SOCIAL_SCIENCES_ASSET_AUDIT_0.1,H1982P6CI396,1982,6,CIENCIAS SOCIALES,standard_x_js,H1982P6CI396,94,269,94,https://historico.conaliteg.gob.mx/c/H1982P6CI396/094.jpg,0,source_jpeg,served_image,200,image/jpeg,75009,80dfb132c381f9f398151783d75c389be5d0263c294cdd96a5b591e6e12558bd,1,
LTMD_U1_W4_SOCIAL_SCIENCES_ASSET_AUDIT_0.1,H1982P6CI396,1982,6,CIENCIAS SOCIALES,standard_x_js,H1982P6CI396,95,269,95,https://historico.conaliteg.gob.mx/c/H1982P6CI396/095.jpg,0,source_jpeg,served_image,200,image/jpeg,57216,687aac2668ec2e5dd8a0f7f09d5f4e197176148916e4a12d19c04b473758adf6,1,
LTMD_U1_W4_SOCIAL_SCIENCES_ASSET_AUDIT_0.1,H1982P6CI396,1982,6,CIENCIAS SOCIALES,standard_x_js,H1982P6CI396,96,269,96,https://historico.conaliteg.gob.mx/c/H1982P6CI396/096.jpg,0,source_jpeg,served_image,200,image/jpeg,63671,9cfcf3a41e1ebb4372c3ba98eaa1cc1395f6889fe9029e585be90cf946543dcc,1,
LTMD_U1_W4_SOCIAL_SCIENCES_ASSET_AUDIT_0.1,H1982P6CI396,1982,6,CIENCIAS SOCIALES,standard_x_js,H1982P6CI396,97,269,97,https://historico.conaliteg.gob.mx/c/H1982P6CI396/097.jpg,0,source_jpeg,served_image,200,image/jpeg,38073,a654e07b1a0240475fa3bb7b1cfc61a85e5e741c2555deef60f5b54cfe427296,1,
LTMD_U1_W4_SOCIAL_SCIENCES_ASSET_AUDIT_0.1,H1982P6CI396,1982,6,CIENCIAS SOCIALES,standard_x_js,H1982P6CI396,98,269,98,https://historico.conaliteg.gob.mx/c/H1982P6CI396/098.jpg,0,source_jpeg,served_image,200,image/jpeg,76273,e1bb396206485a59961286313253369423f66933dbff4b0904bcc5f120dbb57e,1,
LTMD_U1_W4_SOCIAL_SCIENCES_ASSET_AUDIT_0.1,H1982P6CI396,1982,6,CIENCIAS SOCIALES,standard_x_js,H1982P6CI396,99,269,99,https://historico.conaliteg.gob.mx/c/H1982P6CI396/099.jpg,0,source_jpeg,served_image,200,image/jpeg,82416,fabb676cf72887cc7d7c7a43b84f2d153d43777f297af85f3fef99e23db3c006,1,
LTMD_U1_W4_SOCIAL_SCIENCES_ASSET_AUDIT_0.1,H1982P6CI396,1982,6,CIENCIAS SOCIALES,standard_x_js,H1982P6CI396,100,269,100,https://historico.conaliteg.gob.mx/c/H1982P6CI396/100.jpg,0,source_jpeg,served_image,200,image/jpeg,55329,4e087a83aa49c5629ef2866771bb0eca0245e30ff433b0351abf4edd362782fb,1,
LTMD_U1_W4_SOCIAL_SCIENCES_ASSET_AUDIT_0.1,H1982P6CI396,1982,6,CIENCIAS SOCIALES,standard_x_js,H1982P6CI396,101,269,101,https://historico.conaliteg.gob.mx/c/H1982P6CI396/101.jpg,0,source_jpeg,served_image,200,image/jpeg,49521,3ac0028d9a8fc9ec418b290a87fe3d0b59c2efff8a911b5357524b0f1c4ee00a,1,
LTMD_U1_W4_SOCIAL_SCIENCES_ASSET_AUDIT_0.1,H1982P6CI396,1982,6,CIENCIAS SOCIALES,standard_x_js,H1982P6CI396,102,269,102,https://historico.conaliteg.gob.mx/c/H1982P6CI396/102.jpg,0,source_jpeg,served_image,200,image/jpeg,67408,cf8a6621d973d3ab472346899f1174f36b0d728003737bf4076f4c681a48dd05,1,
LTMD_U1_W4_SOCIAL_SCIENCES_ASSET_AUDIT_0.1,H1982P6CI396,1982,6,CIENCIAS SOCIALES,standard_x_js,H1982P6CI396,103,269,103,https://historico.conaliteg.gob.mx/c/H1982P6CI396/103.jpg,0,source_jpeg,served_image,200,image/jpeg,62818,0b709dc5aba5a6434990ddff44f0ef8a87968024dc8c38c55ab686710a32be6f,1,
LTMD_U1_W4_SOCIAL_SCIENCES_ASSET_AUDIT_0.1,H1982P6CI396,1982,6,CIENCIAS SOCIALES,standard_x_js,H1982P6CI396,104,269,104,https://historico.conaliteg.gob.mx/c/H1982P6CI396/104.jpg,0,source_jpeg,served_image,200,image/jpeg,57314,d113fccc89f58c1ae0a9871fbe71bcd01861f46bfb600aba543849413e7a980e,1,
LTMD_U1_W4_SOCIAL_SCIENCES_ASSET_AUDIT_0.1,H1982P6CI396,1982,6,CIENCIAS SOCIALES,standard_x_js,H1982P6CI396,105,269,105,https://historico.conaliteg.gob.mx/c/H1982P6CI396/105.jpg,0,source_jpeg,served_image,200,image/jpeg,75898,4e19e1c41c0a5017c8839c8c9f5907a2e8cfd6af335ece45d71c8c51492beaa5,1,
LTMD_U1_W4_SOCIAL_SCIENCES_ASSET_AUDIT_0.1,H1982P6CI396,1982,6,CIENCIAS SOCIALES,standard_x_js,H1982P6CI396,106,269,106,https://historico.conaliteg.gob.mx/c/H1982P6CI396/106.jpg,0,source_jpeg,served_image,200,image/jpeg,58903,b93b4007e40f0f93cf609345b53d908821d54dab9f0072d8e30269fe6939e6b2,1,
LTMD_U1_W4_SOCIAL_SCIENCES_ASSET_AUDIT_0.1,H1982P6CI396,1982,6,CIENCIAS SOCIALES,standard_x_js,H1982P6CI396,107,269,107,https://historico.conaliteg.gob.mx/c/H1982P6CI396/107.jpg,0,source_jpeg,served_image,200,image/jpeg,61489,eaa1bf68b392688ab246e997dffa4839b4dc92646c1db7f1300dcfff835477e1,1,
LTMD_U1_W4_SOCIAL_SCIENCES_ASSET_AUDIT_0.1,H1982P6CI396,1982,6,CIENCIAS SOCIALES,standard_x_js,H1982P6CI396,108,269,108,https://historico.conaliteg.gob.mx/c/H1982P6CI396/108.jpg,0,source_jpeg,served_image,200,image/jpeg,59070,fa88dc6926cb9f0231f993b8695f76ea35551db6dff0b43014312c8358e740c2,1,
LTMD_U1_W4_SOCIAL_SCIENCES_ASSET_AUDIT_0.1,H1982P6CI396,1982,6,CIENCIAS SOCIALES,standard_x_js,H1982P6CI396,109,269,109,https://historico.conaliteg.gob.mx/c/H1982P6CI396/109.jpg,0,source_jpeg,served_image,200,image/jpeg,74067,f9a2941cf0d7369ccdc51d28ebf9d689964eac8f1c79e5905f37c40550a64137,1,
LTMD_U1_W4_SOCIAL_SCIENCES_ASSET_AUDIT_0.1,H1982P6CI396,1982,6,CIENCIAS SOCIALES,standard_x_js,H1982P6CI396,110,269,110,https://historico.conaliteg.gob.mx/c/H1982P6CI396/110.jpg,0,source_jpeg,served_image,200,image/jpeg,77756,fa2f2e8bcc07752d06b8bb3bee30d970c9b1d275571da04b11511af14d1021ef,1,
LTMD_U1_W4_SOCIAL_SCIENCES_ASSET_AUDIT_0.1,H1982P6CI396,1982,6,CIENCIAS SOCIALES,standard_x_js,H1982P6CI396,111,269,111,https://historico.conaliteg.gob.mx/c/H1982P6CI396/111.jpg,0,source_jpeg,served_image,200,image/jpeg,88021,a08f363f2bd098c4b9a5232f772841fe31947825338a2cf2eaf8a9b70c23213d,1,
LTMD_U1_W4_SOCIAL_SCIENCES_ASSET_AUDIT_0.1,H1982P6CI396,1982,6,CIENCIAS SOCIALES,standard_x_js,H1982P6CI396,112,269,112,https://historico.conaliteg.gob.mx/c/H1982P6CI396/112.jpg,0,source_jpeg,served_image,200,image/jpeg,72060,2ffb08a1b9fc9aa089debc5827474df7e845d610c7d5d142e80229e1bbba1fce,1,
LTMD_U1_W4_SOCIAL_SCIENCES_ASSET_AUDIT_0.1,H1982P6CI396,1982,6,CIENCIAS SOCIALES,standard_x_js,H1982P6CI396,113,269,113,https://historico.conaliteg.gob.mx/c/H1982P6CI396/113.jpg,0,source_jpeg,served_image,200,image/jpeg,81669,37d388d154fc8ff04898b89ae556088c18c53079d2595a685186c8ac905038bf,1,
LTMD_U1_W4_SOCIAL_SCIENCES_ASSET_AUDIT_0.1,H1982P6CI396,1982,6,CIENCIAS SOCIALES,standard_x_js,H1982P6CI396,114,269,114,https://historico.conaliteg.gob.mx/c/H1982P6CI396/114.jpg,0,source_jpeg,served_image,200,image/jpeg,72800,707f9fd210014cd50a316ebc388ea000a163ae41144e6d2d05a457e9c5afe8e3,1,
LTMD_U1_W4_SOCIAL_SCIENCES_ASSET_AUDIT_0.1,H1982P6CI396,1982,6,CIENCIAS SOCIALES,standard_x_js,H1982P6CI396,115,269,115,https://historico.conaliteg.gob.mx/c/H1982P6CI396/115.jpg,0,source_jpeg,served_image,200,image/jpeg,84223,cb66c0108d061449a67207ed07918be4506463e01308e347e667fcac487a4355,1,
LTMD_U1_W4_SOCIAL_SCIENCES_ASSET_AUDIT_0.1,H1982P6CI396,1982,6,CIENCIAS SOCIALES,standard_x_js,H1982P6CI396,116,269,116,https://historico.conaliteg.gob.mx/c/H1982P6CI396/116.jpg,0,source_jpeg,served_image,200,image/jpeg,61202,80749918dee96f55ef4b8f900784bee2f08ed873428bdece9476e11abc57f321,1,
LTMD_U1_W4_SOCIAL_SCIENCES_ASSET_AUDIT_0.1,H1982P6CI396,1982,6,CIENCIAS SOCIALES,standard_x_js,H1982P6CI396,117,269,117,https://historico.conaliteg.gob.mx/c/H1982P6CI396/117.jpg,0,source_jpeg,served_image,200,image/jpeg,83309,908c799651d5a0e15e488b51577b1fe659028341b54096c2837e288ff95e5ff2,1,
LTMD_U1_W4_SOCIAL_SCIENCES_ASSET_AUDIT_0.1,H1982P6CI396,1982,6,CIENCIAS SOCIALES,standard_x_js,H1982P6CI396,118,269,118,https://historico.conaliteg.gob.mx/c/H1982P6CI396/118.jpg,0,source_jpeg,served_image,200,image/jpeg,94051,9bc1a9f6049d0358260b2f73cdfb79c43480f853bab97a75869a854ffe186a6b,1,
LTMD_U1_W4_SOCIAL_SCIENCES_ASSET_AUDIT_0.1,H1982P6CI396,1982,6,CIENCIAS SOCIALES,standard_x_js,H1982P6CI396,119,269,119,https://historico.conaliteg.gob.mx/c/H1982P6CI396/119.jpg,0,source_jpeg,served_image,200,image/jpeg,59132,3357347d23a696b86afa18348f7ec5291da8dd6c9f2079395ff1c233d47a3035,1,
LTMD_U1_W4_SOCIAL_SCIENCES_ASSET_AUDIT_0.1,H1982P6CI396,1982,6,CIENCIAS SOCIALES,standard_x_js,H1982P6CI396,120,269,120,https://historico.conaliteg.gob.mx/c/H1982P6CI396/120.jpg,0,source_jpeg,served_image,200,image/jpeg,42326,5d098587bc548ee7a5c4371de2086066fc43d4bef5264260a4e352dc70fc5aad,1,
LTMD_U1_W4_SOCIAL_SCIENCES_ASSET_AUDIT_0.1,H1982P6CI396,1982,6,CIENCIAS SOCIALES,standard_x_js,H1982P6CI396,121,269,121,https://historico.conaliteg.gob.mx/c/H1982P6CI396/121.jpg,0,source_jpeg,served_image,200,image/jpeg,60632,450fd60ad5b2cfb7a2ab5cdedc0f87f9766688d521ca122bfb80aae49b92f604,1,
LTMD_U1_W4_SOCIAL_SCIENCES_ASSET_AUDIT_0.1,H1982P6CI396,1982,6,CIENCIAS SOCIALES,standard_x_js,H1982P6CI396,122,269,122,https://historico.conaliteg.gob.mx/c/H1982P6CI396/122.jpg,0,source_jpeg,served_image,200,image/jpeg,78329,572dc3b25bd0b8f30e2b1367d311df3c367f8b5b4ff3c43872871edace5a50b7,1,
LTMD_U1_W4_SOCIAL_SCIENCES_ASSET_AUDIT_0.1,H1982P6CI396,1982,6,CIENCIAS SOCIALES,standard_x_js,H1982P6CI396,123,269,123,https://historico.conaliteg.gob.mx/c/H1982P6CI396/123.jpg,0,source_jpeg,served_image,200,image/jpeg,70209,b2e3599f085fbc8527db0eb0eb1d1ba825d99d645842fba14de9606b4bb9227a,1,
LTMD_U1_W4_SOCIAL_SCIENCES_ASSET_AUDIT_0.1,H1982P6CI396,1982,6,CIENCIAS SOCIALES,standard_x_js,H1982P6CI396,124,269,124,https://historico.conaliteg.gob.mx/c/H1982P6CI396/124.jpg,0,source_jpeg,served_image,200,image/jpeg,71813,6d02d93f067c3a7273190b3c4e874de99ae1a37543ea44d84f291c4fe7bdbc54,1,
LTMD_U1_W4_SOCIAL_SCIENCES_ASSET_AUDIT_0.1,H1982P6CI396,1982,6,CIENCIAS SOCIALES,standard_x_js,H1982P6CI396,125,269,125,https://historico.conaliteg.gob.mx/c/H1982P6CI396/125.jpg,0,source_jpeg,served_image,200,image/jpeg,77925,d2dfff2a1bcc7efb14faab537045b16e2598b4f2ea4c79eb66a689886d1c4b45,1,
LTMD_U1_W4_SOCIAL_SCIENCES_ASSET_AUDIT_0.1,H1982P6CI396,1982,6,CIENCIAS SOCIALES,standard_x_js,H1982P6CI396,126,269,126,https://historico.conaliteg.gob.mx/c/H1982P6CI396/126.jpg,0,source_jpeg,served_image,200,image/jpeg,56153,1aced4a8b99323568b7d6ec6a0a2683ca4f113ff0e04f411616b83e1329dbf02,1,
LTMD_U1_W4_SOCIAL_SCIENCES_ASSET_AUDIT_0.1,H1982P6CI396,1982,6,CIENCIAS SOCIALES,standard_x_js,H1982P6CI396,127,269,127,https://historico.conaliteg.gob.mx/c/H1982P6CI396/127.jpg,0,source_jpeg,served_image,200,image/jpeg,86706,902f99d6b75dc10951e3c7f6c252f348bf3f295e9e24d073658afac1d3e51145,1,
LTMD_U1_W4_SOCIAL_SCIENCES_ASSET_AUDIT_0.1,H1982P6CI396,1982,6,CIENCIAS SOCIALES,standard_x_js,H1982P6CI396,128,269,128,https://historico.conaliteg.gob.mx/c/H1982P6CI396/128.jpg,0,source_jpeg,served_image,200,image/jpeg,76204,c7f781e91ba52a1bdc8bc4bf0a3122d01e7304b323cbcc58a9a9782c54444a79,1,
LTMD_U1_W4_SOCIAL_SCIENCES_ASSET_AUDIT_0.1,H1982P6CI396,1982,6,CIENCIAS SOCIALES,standard_x_js,H1982P6CI396,129,269,129,https://historico.conaliteg.gob.mx/c/H1982P6CI396/129.jpg,0,source_jpeg,served_image,200,image/jpeg,69117,e8c164cd6dc25de272eecfc6b0eb0b9cd4ed54fe3440c38b1ecc445f7852b1bb,1,
LTMD_U1_W4_SOCIAL_SCIENCES_ASSET_AUDIT_0.1,H1982P6CI396,1982,6,CIENCIAS SOCIALES,standard_x_js,H1982P6CI396,130,269,130,https://historico.conaliteg.gob.mx/c/H1982P6CI396/130.jpg,0,source_jpeg,served_image,200,image/jpeg,78385,70316daec758a95752ecf02fef4a0a8f5f01fcc7c68ed5b6bb07e24e489a15c2,1,
LTMD_U1_W4_SOCIAL_SCIENCES_ASSET_AUDIT_0.1,H1982P6CI396,1982,6,CIENCIAS SOCIALES,standard_x_js,H1982P6CI396,131,269,131,https://historico.conaliteg.gob.mx/c/H1982P6CI396/131.jpg,0,source_jpeg,served_image,200,image/jpeg,66201,8f9f39b599e3601a818729b93d7d30f5846da00ca578e1417048bbe75cf45ec6,1,
LTMD_U1_W4_SOCIAL_SCIENCES_ASSET_AUDIT_0.1,H1982P6CI396,1982,6,CIENCIAS SOCIALES,standard_x_js,H1982P6CI396,132,269,132,https://historico.conaliteg.gob.mx/c/H1982P6CI396/132.jpg,0,source_jpeg,served_image,200,image/jpeg,62595,e74ee237bfff5465addbee851e52a6d82b47aaeb29558833980d23e5c4140cee,1,
LTMD_U1_W4_SOCIAL_SCIENCES_ASSET_AUDIT_0.1,H1982P6CI396,1982,6,CIENCIAS SOCIALES,standard_x_js,H1982P6CI396,133,269,133,https://historico.conaliteg.gob.mx/c/H1982P6CI396/133.jpg,0,source_jpeg,served_image,200,image/jpeg,60714,0d73a41162ba8e3fc419297df58096dedaf60a28f537670755b096824529ec61,1,
LTMD_U1_W4_SOCIAL_SCIENCES_ASSET_AUDIT_0.1,H1982P6CI396,1982,6,CIENCIAS SOCIALES,standard_x_js,H1982P6CI396,134,269,134,https://historico.conaliteg.gob.mx/c/H1982P6CI396/134.jpg,0,source_jpeg,served_image,200,image/jpeg,82927,b4987a4658fb898ddc342eaab011b6b0bbf60ee516f1cd07d8835b4aabfba8fe,1,
LTMD_U1_W4_SOCIAL_SCIENCES_ASSET_AUDIT_0.1,H1982P6CI396,1982,6,CIENCIAS SOCIALES,standard_x_js,H1982P6CI396,135,269,135,https://historico.conaliteg.gob.mx/c/H1982P6CI396/135.jpg,0,source_jpeg,served_image,200,image/jpeg,69673,7ed01d5ab65860538e2b429225e556faadfbd6149b5e4b466aa875c6d7501154,1,
LTMD_U1_W4_SOCIAL_SCIENCES_ASSET_AUDIT_0.1,H1982P6CI396,1982,6,CIENCIAS SOCIALES,standard_x_js,H1982P6CI396,136,269,136,https://historico.conaliteg.gob.mx/c/H1982P6CI396/136.jpg,0,source_jpeg,served_image,200,image/jpeg,59663,378e2752aee11ff14c06c625222c1a20dec1eb6467cfd5c190fe5618e9770761,1,
LTMD_U1_W4_SOCIAL_SCIENCES_ASSET_AUDIT_0.1,H1982P6CI396,1982,6,CIENCIAS SOCIALES,standard_x_js,H1982P6CI396,137,269,137,https://historico.conaliteg.gob.mx/c/H1982P6CI396/137.jpg,0,source_jpeg,served_image,200,image/jpeg,69383,473a25f46528cdc26ae6d3fb67859328869c5c99b31fda9c26cacce9311ee891,1,
LTMD_U1_W4_SOCIAL_SCIENCES_ASSET_AUDIT_0.1,H1982P6CI396,1982,6,CIENCIAS SOCIALES,standard_x_js,H1982P6CI396,138,269,138,https://historico.conaliteg.gob.mx/c/H1982P6CI396/138.jpg,0,source_jpeg,served_image,200,image/jpeg,57524,67122181ec8ec85d75ea6b29b6b3828bfeb960bd9340bff5d04aa4837f89b26c,1,
LTMD_U1_W4_SOCIAL_SCIENCES_ASSET_AUDIT_0.1,H1982P6CI396,1982,6,CIENCIAS SOCIALES,standard_x_js,H1982P6CI396,139,269,139,https://historico.conaliteg.gob.mx/c/H1982P6CI396/139.jpg,0,source_jpeg,served_image,200,image/jpeg,57023,dd9b40fbb29ce66e8a41234e74d54139d885b26ca8943f58998299e39a1db739,1,
LTMD_U1_W4_SOCIAL_SCIENCES_ASSET_AUDIT_0.1,H1982P6CI396,1982,6,CIENCIAS SOCIALES,standard_x_js,H1982P6CI396,140,269,140,https://historico.conaliteg.gob.mx/c/H1982P6CI396/140.jpg,0,source_jpeg,served_image,200,image/jpeg,54478,656cf117b4c47c365302e79d2f95ffb5636a2bb28e24b3343d4ee1e8c951c26b,1,
LTMD_U1_W4_SOCIAL_SCIENCES_ASSET_AUDIT_0.1,H1982P6CI396,1982,6,CIENCIAS SOCIALES,standard_x_js,H1982P6CI396,141,269,141,https://historico.conaliteg.gob.mx/c/H1982P6CI396/141.jpg,0,source_jpeg,served_image,200,image/jpeg,62297,cf8eb42c6a232f7d26fdcc37238db07f2e0c38d51289a8789fae80917dddb2dd,1,
LTMD_U1_W4_SOCIAL_SCIENCES_ASSET_AUDIT_0.1,H1982P6CI396,1982,6,CIENCIAS SOCIALES,standard_x_js,H1982P6CI396,142,269,142,https://historico.conaliteg.gob.mx/c/H1982P6CI396/142.jpg,0,source_jpeg,served_image,200,image/jpeg,54595,9c369c0b3b66f865298568ff674c7d3b1345542a744c79d601dbea7da6f6ea1d,1,
LTMD_U1_W4_SOCIAL_SCIENCES_ASSET_AUDIT_0.1,H1982P6CI396,1982,6,CIENCIAS SOCIALES,standard_x_js,H1982P6CI396,143,269,143,https://historico.conaliteg.gob.mx/c/H1982P6CI396/143.jpg,0,source_jpeg,served_image,200,image/jpeg,72334,f75f2fd9723a62762c38d5901471b6278413266489a62a2143b47246cf0c6b60,1,
LTMD_U1_W4_SOCIAL_SCIENCES_ASSET_AUDIT_0.1,H1982P6CI396,1982,6,CIENCIAS SOCIALES,standard_x_js,H1982P6CI396,144,269,144,https://historico.conaliteg.gob.mx/c/H1982P6CI396/144.jpg,0,source_jpeg,served_image,200,image/jpeg,79569,45cb69366231a2ad4530499a4dbcd4f24de0549eb459176b15a9528ae3f35417,1,
LTMD_U1_W4_SOCIAL_SCIENCES_ASSET_AUDIT_0.1,H1982P6CI396,1982,6,CIENCIAS SOCIALES,standard_x_js,H1982P6CI396,145,269,145,https://historico.conaliteg.gob.mx/c/H1982P6CI396/145.jpg,0,source_jpeg,served_image,200,image/jpeg,35272,a2a9279657fb55bbca29517ba33ac279262f05fd2c49c9f994b11cef01d4976c,1,
LTMD_U1_W4_SOCIAL_SCIENCES_ASSET_AUDIT_0.1,H1982P6CI396,1982,6,CIENCIAS SOCIALES,standard_x_js,H1982P6CI396,146,269,146,https://historico.conaliteg.gob.mx/c/H1982P6CI396/146.jpg,0,source_jpeg,served_image,200,image/jpeg,64719,3e1fbf30bbb544701670e713044a84e57304f34470087672afa42bf7f3e3d9e2,1,
LTMD_U1_W4_SOCIAL_SCIENCES_ASSET_AUDIT_0.1,H1982P6CI396,1982,6,CIENCIAS SOCIALES,standard_x_js,H1982P6CI396,147,269,147,https://historico.conaliteg.gob.mx/c/H1982P6CI396/147.jpg,0,source_jpeg,served_image,200,image/jpeg,75505,98f1924ac76d30534678cb8d555860d2d6603eb98b642c139cedf6adb529193a,1,
LTMD_U1_W4_SOCIAL_SCIENCES_ASSET_AUDIT_0.1,H1982P6CI396,1982,6,CIENCIAS SOCIALES,standard_x_js,H1982P6CI396,148,269,148,https://historico.conaliteg.gob.mx/c/H1982P6CI396/148.jpg,0,source_jpeg,served_image,200,image/jpeg,66234,10b6a8b00cc438c17b870ca14aeb6ff68e4d7d0080f75ce1b489a7dc6aff4a99,1,
LTMD_U1_W4_SOCIAL_SCIENCES_ASSET_AUDIT_0.1,H1982P6CI396,1982,6,CIENCIAS SOCIALES,standard_x_js,H1982P6CI396,149,269,149,https://historico.conaliteg.gob.mx/c/H1982P6CI396/149.jpg,0,source_jpeg,served_image,200,image/jpeg,55951,dd40c9ad4a3422a2e64ceff246deea0ceeae2a3c5e0c20812506c7b29a9a7150,1,
LTMD_U1_W4_SOCIAL_SCIENCES_ASSET_AUDIT_0.1,H1982P6CI396,1982,6,CIENCIAS SOCIALES,standard_x_js,H1982P6CI396,150,269,150,https://historico.conaliteg.gob.mx/c/H1982P6CI396/150.jpg,0,source_jpeg,served_image,200,image/jpeg,81594,25a59045ced64c7bd382bcdf41eba97d911db45eab7042634f024c3e7dd3025b,1,
LTMD_U1_W4_SOCIAL_SCIENCES_ASSET_AUDIT_0.1,H1982P6CI396,1982,6,CIENCIAS SOCIALES,standard_x_js,H1982P6CI396,151,269,151,https://historico.conaliteg.gob.mx/c/H1982P6CI396/151.jpg,0,source_jpeg,served_image,200,image/jpeg,80784,eadb054ce306702ff671ce6db72aaa3c3208435572b5f01438007a0d6ebf87e3,1,
LTMD_U1_W4_SOCIAL_SCIENCES_ASSET_AUDIT_0.1,H1982P6CI396,1982,6,CIENCIAS SOCIALES,standard_x_js,H1982P6CI396,152,269,152,https://historico.conaliteg.gob.mx/c/H1982P6CI396/152.jpg,0,source_jpeg,served_image,200,image/jpeg,64141,1351fa5518093c7e0b01e45abf986a38510bc283d4828b96eb0816aa054ef22f,1,
LTMD_U1_W4_SOCIAL_SCIENCES_ASSET_AUDIT_0.1,H1982P6CI396,1982,6,CIENCIAS SOCIALES,standard_x_js,H1982P6CI396,153,269,153,https://historico.conaliteg.gob.mx/c/H1982P6CI396/153.jpg,0,source_jpeg,served_image,200,image/jpeg,74230,b89069ab06fed9314e925e4095abb1dbce4fd28b84e1bd7e832683b8d5e1ae79,1,
LTMD_U1_W4_SOCIAL_SCIENCES_ASSET_AUDIT_0.1,H1982P6CI396,1982,6,CIENCIAS SOCIALES,standard_x_js,H1982P6CI396,154,269,154,https://historico.conaliteg.gob.mx/c/H1982P6CI396/154.jpg,0,source_jpeg,served_image,200,image/jpeg,65511,21317f2127b85ff768209a016b784795824f6d8c4be3b33c248dd4d60e1019f8,1,
LTMD_U1_W4_SOCIAL_SCIENCES_ASSET_AUDIT_0.1,H1982P6CI396,1982,6,CIENCIAS SOCIALES,standard_x_js,H1982P6CI396,155,269,155,https://historico.conaliteg.gob.mx/c/H1982P6CI396/155.jpg,0,source_jpeg,served_image,200,image/jpeg,79134,9121ecb50a761a5509956cdfbbe787f6b4881ca823158a9ffdaf885004675700,1,
LTMD_U1_W4_SOCIAL_SCIENCES_ASSET_AUDIT_0.1,H1982P6CI396,1982,6,CIENCIAS SOCIALES,standard_x_js,H1982P6CI396,156,269,156,https://historico.conaliteg.gob.mx/c/H1982P6CI396/156.jpg,0,source_jpeg,served_image,200,image/jpeg,52338,2b8b49def6203aae2b67497514810b546f04700c4df181f627a44871733d6869,1,
LTMD_U1_W4_SOCIAL_SCIENCES_ASSET_AUDIT_0.1,H1982P6CI396,1982,6,CIENCIAS SOCIALES,standard_x_js,H1982P6CI396,157,269,157,https://historico.conaliteg.gob.mx/c/H1982P6CI396/157.jpg,0,source_jpeg,served_image,200,image/jpeg,80212,0d756a6e11ead6affe678b8e6931e65b12fe0f8d7291cdbea5a74dcb2b99d147,1,
LTMD_U1_W4_SOCIAL_SCIENCES_ASSET_AUDIT_0.1,H1982P6CI396,1982,6,CIENCIAS SOCIALES,standard_x_js,H1982P6CI396,158,269,158,https://historico.conaliteg.gob.mx/c/H1982P6CI396/158.jpg,0,source_jpeg,served_image,200,image/jpeg,72139,243a2acb0a19cdd24c0b15c5aaef70a6d8d2212d938be2b41c71ddc8b3eca7f0,1,
LTMD_U1_W4_SOCIAL_SCIENCES_ASSET_AUDIT_0.1,H1982P6CI396,1982,6,CIENCIAS SOCIALES,standard_x_js,H1982P6CI396,159,269,159,https://historico.conaliteg.gob.mx/c/H1982P6CI396/159.jpg,0,source_jpeg,served_image,200,image/jpeg,72704,e65d4e3af94f5931ec3c3fde86ec89fe65097cca47c6fb842ce1dd6538684146,1,
LTMD_U1_W4_SOCIAL_SCIENCES_ASSET_AUDIT_0.1,H1982P6CI396,1982,6,CIENCIAS SOCIALES,standard_x_js,H1982P6CI396,160,269,160,https://historico.conaliteg.gob.mx/c/H1982P6CI396/160.jpg,0,source_jpeg,served_image,200,image/jpeg,78269,d3f812a8fe2150e1dc644785a52e750f9c6dbf1f2f99b9ea5d2c1166176022c3,1,
LTMD_U1_W4_SOCIAL_SCIENCES_ASSET_AUDIT_0.1,H1982P6CI396,1982,6,CIENCIAS SOCIALES,standard_x_js,H1982P6CI396,161,269,161,https://historico.conaliteg.gob.mx/c/H1982P6CI396/161.jpg,0,source_jpeg,served_image,200,image/jpeg,77361,54ba6775b4d6cd5c5e6033caf1007b95e5bb877476ef9ca277104838324438c8,1,
LTMD_U1_W4_SOCIAL_SCIENCES_ASSET_AUDIT_0.1,H1982P6CI396,1982,6,CIENCIAS SOCIALES,standard_x_js,H1982P6CI396,162,269,162,https://historico.conaliteg.gob.mx/c/H1982P6CI396/162.jpg,0,source_jpeg,served_image,200,image/jpeg,76432,709f2d25008d8710da24cefcf69ffd9ea0a4ac9eab6245b6cffca763ee37c743,1,
LTMD_U1_W4_SOCIAL_SCIENCES_ASSET_AUDIT_0.1,H1982P6CI396,1982,6,CIENCIAS SOCIALES,standard_x_js,H1982P6CI396,163,269,163,https://historico.conaliteg.gob.mx/c/H1982P6CI396/163.jpg,0,source_jpeg,served_image,200,image/jpeg,69692,bd0e15086ba2a61cf41a9289f1f51987067f7f88b6ba7559a5e4c73ef6e5d687,1,
LTMD_U1_W4_SOCIAL_SCIENCES_ASSET_AUDIT_0.1,H1982P6CI396,1982,6,CIENCIAS SOCIALES,standard_x_js,H1982P6CI396,164,269,164,https://historico.conaliteg.gob.mx/c/H1982P6CI396/164.jpg,0,source_jpeg,served_image,200,image/jpeg,68871,13f7cad4fc00492b1bbe4363cbda9a9a5471941f66edbf6bc0026495ac58cd5b,1,
LTMD_U1_W4_SOCIAL_SCIENCES_ASSET_AUDIT_0.1,H1982P6CI396,1982,6,CIENCIAS SOCIALES,standard_x_js,H1982P6CI396,165,269,165,https://historico.conaliteg.gob.mx/c/H1982P6CI396/165.jpg,0,source_jpeg,served_image,200,image/jpeg,37477,183e6c10ac105e7a5593f85ca30087ff02f29b92aa1708c5f7afb617629c7a48,1,
LTMD_U1_W4_SOCIAL_SCIENCES_ASSET_AUDIT_0.1,H1982P6CI396,1982,6,CIENCIAS SOCIALES,standard_x_js,H1982P6CI396,166,269,166,https://historico.conaliteg.gob.mx/c/H1982P6CI396/166.jpg,0,source_jpeg,served_image,200,image/jpeg,54032,316f4d701fc839fc3832d083d05d463b7de037d2d41692828d112628fe099d84,1,
LTMD_U1_W4_SOCIAL_SCIENCES_ASSET_AUDIT_0.1,H1982P6CI396,1982,6,CIENCIAS SOCIALES,standard_x_js,H1982P6CI396,167,269,167,https://historico.conaliteg.gob.mx/c/H1982P6CI396/167.jpg,0,source_jpeg,served_image,200,image/jpeg,70736,d65f95d08949309515d0d896ed010654cfd918f98b19667c22197490801df8e0,1,
LTMD_U1_W4_SOCIAL_SCIENCES_ASSET_AUDIT_0.1,H1982P6CI396,1982,6,CIENCIAS SOCIALES,standard_x_js,H1982P6CI396,168,269,168,https://historico.conaliteg.gob.mx/c/H1982P6CI396/168.jpg,0,source_jpeg,served_image,200,image/jpeg,90125,df233ab24a5d4a371bf13b3008991dd3eb2893c2d7fb02ae32331d276147781e,1,
LTMD_U1_W4_SOCIAL_SCIENCES_ASSET_AUDIT_0.1,H1982P6CI396,1982,6,CIENCIAS SOCIALES,standard_x_js,H1982P6CI396,169,269,169,https://historico.conaliteg.gob.mx/c/H1982P6CI396/169.jpg,0,source_jpeg,served_image,200,image/jpeg,70075,0f2bb6aa9439a666b37c67165acde0ef518408232f13d81b7c6f261cd8ae39a2,1,
LTMD_U1_W4_SOCIAL_SCIENCES_ASSET_AUDIT_0.1,H1982P6CI396,1982,6,CIENCIAS SOCIALES,standard_x_js,H1982P6CI396,170,269,170,https://historico.conaliteg.gob.mx/c/H1982P6CI396/170.jpg,0,source_jpeg,served_image,200,image/jpeg,72801,f8e318defa59a30ae5cb46bcc24b50cf09a808d4d74a3095ea1849b9c1096fe0,1,
LTMD_U1_W4_SOCIAL_SCIENCES_ASSET_AUDIT_0.1,H1982P6CI396,1982,6,CIENCIAS SOCIALES,standard_x_js,H1982P6CI396,171,269,171,https://historico.conaliteg.gob.mx/c/H1982P6CI396/171.jpg,0,source_jpeg,served_image,200,image/jpeg,85570,639a48bfad7903fff9b720b7e3371398635ff744a4161d4dc8bb656ad4dda6e1,1,
LTMD_U1_W4_SOCIAL_SCIENCES_ASSET_AUDIT_0.1,H1982P6CI396,1982,6,CIENCIAS SOCIALES,standard_x_js,H1982P6CI396,172,269,172,https://historico.conaliteg.gob.mx/c/H1982P6CI396/172.jpg,0,source_jpeg,served_image,200,image/jpeg,61703,562d88b8acb6848c6e6316033626c21f6181a8f979e8944c8245acc089f6f1bc,1,
LTMD_U1_W4_SOCIAL_SCIENCES_ASSET_AUDIT_0.1,H1982P6CI396,1982,6,CIENCIAS SOCIALES,standard_x_js,H1982P6CI396,173,269,173,https://historico.conaliteg.gob.mx/c/H1982P6CI396/173.jpg,0,source_jpeg,served_image,200,image/jpeg,84739,66d22b67b72ae8b06a199645c9f63700dc51d43c8cabfc9f6c33cdcf728a2472,1,
LTMD_U1_W4_SOCIAL_SCIENCES_ASSET_AUDIT_0.1,H1982P6CI396,1982,6,CIENCIAS SOCIALES,standard_x_js,H1982P6CI396,174,269,174,https://historico.conaliteg.gob.mx/c/H1982P6CI396/174.jpg,0,source_jpeg,served_image,200,image/jpeg,80001,8414533347b84697183bdf04331b13b8ccfa1f492a0edbe35afe831b4da44ce8,1,
LTMD_U1_W4_SOCIAL_SCIENCES_ASSET_AUDIT_0.1,H1982P6CI396,1982,6,CIENCIAS SOCIALES,standard_x_js,H1982P6CI396,175,269,175,https://historico.conaliteg.gob.mx/c/H1982P6CI396/175.jpg,0,source_jpeg,served_image,200,image/jpeg,60113,b2de0982fd892e30259a74d5776d383ab581fbdccc9bde8e6f7d7c09ac24bd0e,1,
LTMD_U1_W4_SOCIAL_SCIENCES_ASSET_AUDIT_0.1,H1982P6CI396,1982,6,CIENCIAS SOCIALES,standard_x_js,H1982P6CI396,176,269,176,https://historico.conaliteg.gob.mx/c/H1982P6CI396/176.jpg,0,source_jpeg,served_image,200,image/jpeg,49283,3621f13398929ea07f395b318d5c5cf6af3ae0f9365c0970bda12023ba0749b3,1,
LTMD_U1_W4_SOCIAL_SCIENCES_ASSET_AUDIT_0.1,H1982P6CI396,1982,6,CIENCIAS SOCIALES,standard_x_js,H1982P6CI396,177,269,177,https://historico.conaliteg.gob.mx/c/H1982P6CI396/177.jpg,0,source_jpeg,served_image,200,image/jpeg,56592,8bc460654a62f6f0ad3b64df34df66915a2bad213ffeeeef8b0960df34a88eeb,1,
LTMD_U1_W4_SOCIAL_SCIENCES_ASSET_AUDIT_0.1,H1982P6CI396,1982,6,CIENCIAS SOCIALES,standard_x_js,H1982P6CI396,178,269,178,https://historico.conaliteg.gob.mx/c/H1982P6CI396/178.jpg,0,source_jpeg,served_image,200,image/jpeg,53338,1cc4e1f8f7a52e75cd4e946a59ff588d22b33e8e833bb1ce9356564b07540e33,1,
LTMD_U1_W4_SOCIAL_SCIENCES_ASSET_AUDIT_0.1,H1982P6CI396,1982,6,CIENCIAS SOCIALES,standard_x_js,H1982P6CI396,179,269,179,https://historico.conaliteg.gob.mx/c/H1982P6CI396/179.jpg,0,source_jpeg,served_image,200,image/jpeg,59371,085364fabdd80bc769babe7fc59039993058635f4e40a1d674c02bf5192f3cbc,1,
LTMD_U1_W4_SOCIAL_SCIENCES_ASSET_AUDIT_0.1,H1982P6CI396,1982,6,CIENCIAS SOCIALES,standard_x_js,H1982P6CI396,180,269,180,https://historico.conaliteg.gob.mx/c/H1982P6CI396/180.jpg,0,source_jpeg,served_image,200,image/jpeg,61333,50ef7726993d9162171ffbe3a13d6f34d1c44a523847cf67620635b725244e6f,1,
LTMD_U1_W4_SOCIAL_SCIENCES_ASSET_AUDIT_0.1,H1982P6CI396,1982,6,CIENCIAS SOCIALES,standard_x_js,H1982P6CI396,181,269,181,https://historico.conaliteg.gob.mx/c/H1982P6CI396/181.jpg,0,source_jpeg,served_image,200,image/jpeg,51688,e8b714ce47ca454598bdd9823504e0e18e4d658e6d1f119aa3746e54042797a2,1,
LTMD_U1_W4_SOCIAL_SCIENCES_ASSET_AUDIT_0.1,H1982P6CI396,1982,6,CIENCIAS SOCIALES,standard_x_js,H1982P6CI396,182,269,182,https://historico.conaliteg.gob.mx/c/H1982P6CI396/182.jpg,0,source_jpeg,served_image,200,image/jpeg,48087,12c11daf90c84daf67face73f85d03dc1bc18308cb57ce0be84021f5f5376cbe,1,
LTMD_U1_W4_SOCIAL_SCIENCES_ASSET_AUDIT_0.1,H1982P6CI396,1982,6,CIENCIAS SOCIALES,standard_x_js,H1982P6CI396,183,269,183,https://historico.conaliteg.gob.mx/c/H1982P6CI396/183.jpg,0,source_jpeg,served_image,200,image/jpeg,54340,ce170fd49bf58e282cae37c186021fab60df59be85bca2d21313c0175b61e564,1,
LTMD_U1_W4_SOCIAL_SCIENCES_ASSET_AUDIT_0.1,H1982P6CI396,1982,6,CIENCIAS SOCIALES,standard_x_js,H1982P6CI396,184,269,184,https://historico.conaliteg.gob.mx/c/H1982P6CI396/184.jpg,0,source_jpeg,served_image,200,image/jpeg,50761,41dd3d52596dea040f2cf8e52f4f44c23565f523616b2b5eabbf9dc728dff00a,1,
LTMD_U1_W4_SOCIAL_SCIENCES_ASSET_AUDIT_0.1,H1982P6CI396,1982,6,CIENCIAS SOCIALES,standard_x_js,H1982P6CI396,185,269,185,https://historico.conaliteg.gob.mx/c/H1982P6CI396/185.jpg,0,source_jpeg,served_image,200,image/jpeg,53999,4ac9a492f3f5628657d5db5ac5a3ae56993aa00b3c2850face69c10c3bb37766,1,
LTMD_U1_W4_SOCIAL_SCIENCES_ASSET_AUDIT_0.1,H1982P6CI396,1982,6,CIENCIAS SOCIALES,standard_x_js,H1982P6CI396,186,269,186,https://historico.conaliteg.gob.mx/c/H1982P6CI396/186.jpg,0,source_jpeg,served_image,200,image/jpeg,54592,9e17bb275475c04339e25c9e178f666cdc7976002ad8d89296f5e97e50499db5,1,
LTMD_U1_W4_SOCIAL_SCIENCES_ASSET_AUDIT_0.1,H1982P6CI396,1982,6,CIENCIAS SOCIALES,standard_x_js,H1982P6CI396,187,269,187,https://historico.conaliteg.gob.mx/c/H1982P6CI396/187.jpg,0,source_jpeg,served_image,200,image/jpeg,57731,b18b435cb089945131c00633f7eaa815be47e8c3e88bb853bae9126a262afb5d,1,
LTMD_U1_W4_SOCIAL_SCIENCES_ASSET_AUDIT_0.1,H1982P6CI396,1982,6,CIENCIAS SOCIALES,standard_x_js,H1982P6CI396,188,269,188,https://historico.conaliteg.gob.mx/c/H1982P6CI396/188.jpg,0,source_jpeg,served_image,200,image/jpeg,52355,7a96361feddc0eb067593e01a5f200e5c4f8625e0a2b11cd9929cc5eccfe27dc,1,
LTMD_U1_W4_SOCIAL_SCIENCES_ASSET_AUDIT_0.1,H1982P6CI396,1982,6,CIENCIAS SOCIALES,standard_x_js,H1982P6CI396,189,269,189,https://historico.conaliteg.gob.mx/c/H1982P6CI396/189.jpg,0,source_jpeg,served_image,200,image/jpeg,64628,f9105ce291ac0f58b3a4cd8e1ddbecbe77ba884aa9539d515ea924534dc2b937,1,
LTMD_U1_W4_SOCIAL_SCIENCES_ASSET_AUDIT_0.1,H1982P6CI396,1982,6,CIENCIAS SOCIALES,standard_x_js,H1982P6CI396,190,269,190,https://historico.conaliteg.gob.mx/c/H1982P6CI396/190.jpg,0,source_jpeg,served_image,200,image/jpeg,66662,d812d91df05648c96aadb3a1b1b3f198733b4a6fbdd23570900bb70d0445c748,1,
LTMD_U1_W4_SOCIAL_SCIENCES_ASSET_AUDIT_0.1,H1982P6CI396,1982,6,CIENCIAS SOCIALES,standard_x_js,H1982P6CI396,191,269,191,https://historico.conaliteg.gob.mx/c/H1982P6CI396/191.jpg,0,source_jpeg,served_image,200,image/jpeg,65371,8a8110ad25e0da09eb1b6607bf50307206fa1e197ac25dc100b118b2c09d0a72,1,
LTMD_U1_W4_SOCIAL_SCIENCES_ASSET_AUDIT_0.1,H1982P6CI396,1982,6,CIENCIAS SOCIALES,standard_x_js,H1982P6CI396,192,269,192,https://historico.conaliteg.gob.mx/c/H1982P6CI396/192.jpg,0,source_jpeg,served_image,200,image/jpeg,59886,ead8028b9c3e32300a62013ef46459958f8af38febf83423666507e10d7ccbb9,1,
LTMD_U1_W4_SOCIAL_SCIENCES_ASSET_AUDIT_0.1,H1982P6CI396,1982,6,CIENCIAS SOCIALES,standard_x_js,H1982P6CI396,193,269,193,https://historico.conaliteg.gob.mx/c/H1982P6CI396/193.jpg,0,source_jpeg,served_image,200,image/jpeg,44027,fe04c7388c1adb28b072b8fa626ad5ec9d4d79ab6b6d59e9ea2ae662b09a5a89,1,
LTMD_U1_W4_SOCIAL_SCIENCES_ASSET_AUDIT_0.1,H1982P6CI396,1982,6,CIENCIAS SOCIALES,standard_x_js,H1982P6CI396,194,269,194,https://historico.conaliteg.gob.mx/c/H1982P6CI396/194.jpg,0,source_jpeg,served_image,200,image/jpeg,56818,b695a3050858bf44caab235963ba082e51e7d824ba3585fa3a49e72e855363f9,1,
LTMD_U1_W4_SOCIAL_SCIENCES_ASSET_AUDIT_0.1,H1982P6CI396,1982,6,CIENCIAS SOCIALES,standard_x_js,H1982P6CI396,195,269,195,https://historico.conaliteg.gob.mx/c/H1982P6CI396/195.jpg,0,source_jpeg,served_image,200,image/jpeg,36289,7c0f1a5d48d760791720e8743e6ba36bbf27c6d7d27f716b0f09bb3d6de800bd,1,
LTMD_U1_W4_SOCIAL_SCIENCES_ASSET_AUDIT_0.1,H1982P6CI396,1982,6,CIENCIAS SOCIALES,standard_x_js,H1982P6CI396,196,269,196,https://historico.conaliteg.gob.mx/c/H1982P6CI396/196.jpg,0,source_jpeg,served_image,200,image/jpeg,53312,d160e011a84eb2c0c51cbc8d34ad5bd588f2da41e98aafce61f168b2e22e42d3,1,
LTMD_U1_W4_SOCIAL_SCIENCES_ASSET_AUDIT_0.1,H1982P6CI396,1982,6,CIENCIAS SOCIALES,standard_x_js,H1982P6CI396,197,269,197,https://historico.conaliteg.gob.mx/c/H1982P6CI396/197.jpg,0,source_jpeg,served_image,200,image/jpeg,59348,06044d35f2a4d4d2fcce51c8ace85129d13b4e86180f19bfc3e59d999c2277a8,1,
LTMD_U1_W4_SOCIAL_SCIENCES_ASSET_AUDIT_0.1,H1982P6CI396,1982,6,CIENCIAS SOCIALES,standard_x_js,H1982P6CI396,198,269,198,https://historico.conaliteg.gob.mx/c/H1982P6CI396/198.jpg,0,source_jpeg,served_image,200,image/jpeg,62752,def4ef024ecb84ec7190aa7c682c53b9d565311547cee84f00ee50dae7713fde,1,
LTMD_U1_W4_SOCIAL_SCIENCES_ASSET_AUDIT_0.1,H1982P6CI396,1982,6,CIENCIAS SOCIALES,standard_x_js,H1982P6CI396,199,269,199,https://historico.conaliteg.gob.mx/c/H1982P6CI396/199.jpg,0,source_jpeg,served_image,200,image/jpeg,62043,094814ed58a47f631803d4aaf8e61861dd553d7ac95dd2018284801bbea8aadd,1,
LTMD_U1_W4_SOCIAL_SCIENCES_ASSET_AUDIT_0.1,H1982P6CI396,1982,6,CIENCIAS SOCIALES,standard_x_js,H1982P6CI396,200,269,200,https://historico.conaliteg.gob.mx/c/H1982P6CI396/200.jpg,0,source_jpeg,served_image,200,image/jpeg,62890,b1db7746118304e9cf2e1be043d292b5a50715a7776b08aebdd6899b0bd86b3a,1,
LTMD_U1_W4_SOCIAL_SCIENCES_ASSET_AUDIT_0.1,H1982P6CI396,1982,6,CIENCIAS SOCIALES,standard_x_js,H1982P6CI396,201,269,201,https://historico.conaliteg.gob.mx/c/H1982P6CI396/201.jpg,0,source_jpeg,served_image,200,image/jpeg,47797,9db66b6d3a32f6c0ff78efadb817905aaf71a2d1f54042614f30b80ea97d7fba,1,
LTMD_U1_W4_SOCIAL_SCIENCES_ASSET_AUDIT_0.1,H1982P6CI396,1982,6,CIENCIAS SOCIALES,standard_x_js,H1982P6CI396,202,269,202,https://historico.conaliteg.gob.mx/c/H1982P6CI396/202.jpg,0,source_jpeg,served_image,200,image/jpeg,35403,865da59e3875e1fac97a37af401256ca451095e7d97405cfb1e4bb881a5c190e,1,
LTMD_U1_W4_SOCIAL_SCIENCES_ASSET_AUDIT_0.1,H1982P6CI396,1982,6,CIENCIAS SOCIALES,standard_x_js,H1982P6CI396,203,269,203,https://historico.conaliteg.gob.mx/c/H1982P6CI396/203.jpg,0,source_jpeg,served_image,200,image/jpeg,32433,11ba256d397f807e9bb135fd38ab1df8116ad2220dfe3d0ca1b32be36d20a9e5,1,
LTMD_U1_W4_SOCIAL_SCIENCES_ASSET_AUDIT_0.1,H1982P6CI396,1982,6,CIENCIAS SOCIALES,standard_x_js,H1982P6CI396,204,269,204,https://historico.conaliteg.gob.mx/c/H1982P6CI396/204.jpg,0,source_jpeg,served_image,200,image/jpeg,40582,a1de5d6774271d310ad4ced3416d8574cdd8a17f9924cfda70bb8e3f5e862c7e,1,
LTMD_U1_W4_SOCIAL_SCIENCES_ASSET_AUDIT_0.1,H1982P6CI396,1982,6,CIENCIAS SOCIALES,standard_x_js,H1982P6CI396,205,269,205,https://historico.conaliteg.gob.mx/c/H1982P6CI396/205.jpg,0,source_jpeg,served_image,200,image/jpeg,36289,b0af9e304738330b204c98c8c8eacef22273b334cf785118c2758bd3dd248f01,1,
LTMD_U1_W4_SOCIAL_SCIENCES_ASSET_AUDIT_0.1,H1982P6CI396,1982,6,CIENCIAS SOCIALES,standard_x_js,H1982P6CI396,206,269,206,https://historico.conaliteg.gob.mx/c/H1982P6CI396/206.jpg,0,source_jpeg,served_image,200,image/jpeg,40727,a559c0efacfc657276cd644d349e48707525fcd16b3966d915a331d3e9557d8c,1,
LTMD_U1_W4_SOCIAL_SCIENCES_ASSET_AUDIT_0.1,H1982P6CI396,1982,6,CIENCIAS SOCIALES,standard_x_js,H1982P6CI396,207,269,207,https://historico.conaliteg.gob.mx/c/H1982P6CI396/207.jpg,0,source_jpeg,served_image,200,image/jpeg,44552,d4ca73070257fae7e01ac34d29ab24d3c5603fcd72d7ea31091b8524c9cc0fe7,1,
LTMD_U1_W4_SOCIAL_SCIENCES_ASSET_AUDIT_0.1,H1982P6CI396,1982,6,CIENCIAS SOCIALES,standard_x_js,H1982P6CI396,208,269,208,https://historico.conaliteg.gob.mx/c/H1982P6CI396/208.jpg,0,source_jpeg,served_image,200,image/jpeg,38977,12121bc433d439ea035b2969d8f0135a0e9dc63e9e1e438f4596accfcc010dc2,1,
LTMD_U1_W4_SOCIAL_SCIENCES_ASSET_AUDIT_0.1,H1982P6CI396,1982,6,CIENCIAS SOCIALES,standard_x_js,H1982P6CI396,209,269,209,https://historico.conaliteg.gob.mx/c/H1982P6CI396/209.jpg,0,source_jpeg,served_image,200,image/jpeg,43618,e4750b9dfe20ffb0f9c12f47974bbca4c240bb1fc247a1722513ec17884151c9,1,
LTMD_U1_W4_SOCIAL_SCIENCES_ASSET_AUDIT_0.1,H1982P6CI396,1982,6,CIENCIAS SOCIALES,standard_x_js,H1982P6CI396,210,269,210,https://historico.conaliteg.gob.mx/c/H1982P6CI396/210.jpg,0,source_jpeg,served_image,200,image/jpeg,40053,188c078a7f324838ca329077f28cb08359d67f548f654c78dccd227b1117af33,1,
LTMD_U1_W4_SOCIAL_SCIENCES_ASSET_AUDIT_0.1,H1982P6CI396,1982,6,CIENCIAS SOCIALES,standard_x_js,H1982P6CI396,211,269,211,https://historico.conaliteg.gob.mx/c/H1982P6CI396/211.jpg,0,source_jpeg,served_image,200,image/jpeg,39068,374bd79893c0645dfb2186635dfc483dbc62bcd812ec20bbfb08e8afb3152150,1,
LTMD_U1_W4_SOCIAL_SCIENCES_ASSET_AUDIT_0.1,H1982P6CI396,1982,6,CIENCIAS SOCIALES,standard_x_js,H1982P6CI396,212,269,212,https://historico.conaliteg.gob.mx/c/H1982P6CI396/212.jpg,0,source_jpeg,served_image,200,image/jpeg,30052,229207d0bbbdf88445f614a3ac1fa582f5c31faafcadf6344d574425143b4dce,1,
LTMD_U1_W4_SOCIAL_SCIENCES_ASSET_AUDIT_0.1,H1982P6CI396,1982,6,CIENCIAS SOCIALES,standard_x_js,H1982P6CI396,213,269,213,https://historico.conaliteg.gob.mx/c/H1982P6CI396/213.jpg,0,source_jpeg,served_image,200,image/jpeg,40029,819d61e64a68c89ac00037c43f5d57cd4c639d399de6747175d2c3ba1d5c0a39,1,
LTMD_U1_W4_SOCIAL_SCIENCES_ASSET_AUDIT_0.1,H1982P6CI396,1982,6,CIENCIAS SOCIALES,standard_x_js,H1982P6CI396,214,269,214,https://historico.conaliteg.gob.mx/c/H1982P6CI396/214.jpg,0,source_jpeg,served_image,200,image/jpeg,39812,673959956439825a08bc832632530a6a38bfb3f5afc08a3759e5c36ea860af38,1,
LTMD_U1_W4_SOCIAL_SCIENCES_ASSET_AUDIT_0.1,H1982P6CI396,1982,6,CIENCIAS SOCIALES,standard_x_js,H1982P6CI396,215,269,215,https://historico.conaliteg.gob.mx/c/H1982P6CI396/215.jpg,0,source_jpeg,served_image,200,image/jpeg,38178,b6658fc13e8b75cfe0fd98d0aa3348e649044aa86d3a7e88c5a2135a867c1186,1,
LTMD_U1_W4_SOCIAL_SCIENCES_ASSET_AUDIT_0.1,H1982P6CI396,1982,6,CIENCIAS SOCIALES,standard_x_js,H1982P6CI396,216,269,216,https://historico.conaliteg.gob.mx/c/H1982P6CI396/216.jpg,0,source_jpeg,served_image,200,image/jpeg,29480,cff78258fb08adbc07d276c07c9fa4faade8219032f62ec96703f585e660ac67,1,
LTMD_U1_W4_SOCIAL_SCIENCES_ASSET_AUDIT_0.1,H1982P6CI396,1982,6,CIENCIAS SOCIALES,standard_x_js,H1982P6CI396,217,269,217,https://historico.conaliteg.gob.mx/c/H1982P6CI396/217.jpg,0,source_jpeg,served_image,200,image/jpeg,43825,1bbd0d66bcba704e90f27bcbc26ae2330f61e849a3947fc4ffed95c04f980fc7,1,
LTMD_U1_W4_SOCIAL_SCIENCES_ASSET_AUDIT_0.1,H1982P6CI396,1982,6,CIENCIAS SOCIALES,standard_x_js,H1982P6CI396,218,269,218,https://historico.conaliteg.gob.mx/c/H1982P6CI396/218.jpg,0,source_jpeg,served_image,200,image/jpeg,33545,3c1aa7fb5e47a52dc3fdb1caaf0bfe626d8eb1ab603c6187d43170b98c74d18a,1,
LTMD_U1_W4_SOCIAL_SCIENCES_ASSET_AUDIT_0.1,H1982P6CI396,1982,6,CIENCIAS SOCIALES,standard_x_js,H1982P6CI396,219,269,219,https://historico.conaliteg.gob.mx/c/H1982P6CI396/219.jpg,0,source_jpeg,served_image,200,image/jpeg,48158,9bd9bda140993949d2dce94e93f3ca61d4c6e04faccfae5d1fceff48a6e05095,1,
LTMD_U1_W4_SOCIAL_SCIENCES_ASSET_AUDIT_0.1,H1982P6CI396,1982,6,CIENCIAS SOCIALES,standard_x_js,H1982P6CI396,220,269,220,https://historico.conaliteg.gob.mx/c/H1982P6CI396/220.jpg,0,source_jpeg,served_image,200,image/jpeg,61347,f8aabaf15eb4b082b38f179186da864fe3d407faab59c8bb781535346fafa152,1,
LTMD_U1_W4_SOCIAL_SCIENCES_ASSET_AUDIT_0.1,H1982P6CI396,1982,6,CIENCIAS SOCIALES,standard_x_js,H1982P6CI396,221,269,221,https://historico.conaliteg.gob.mx/c/H1982P6CI396/221.jpg,0,source_jpeg,served_image,200,image/jpeg,80037,b8e0d326eb5772b8bdff58ac0b3f9d705b0dce3d41bdab40e2bef3963e00cb50,1,
LTMD_U1_W4_SOCIAL_SCIENCES_ASSET_AUDIT_0.1,H1982P6CI396,1982,6,CIENCIAS SOCIALES,standard_x_js,H1982P6CI396,222,269,222,https://historico.conaliteg.gob.mx/c/H1982P6CI396/222.jpg,0,source_jpeg,served_image,200,image/jpeg,54318,f5c19b1af9016d4b51ec472439b6640aceef7ff2cc220029b79211293bfd52ce,1,
LTMD_U1_W4_SOCIAL_SCIENCES_ASSET_AUDIT_0.1,H1982P6CI396,1982,6,CIENCIAS SOCIALES,standard_x_js,H1982P6CI396,223,269,223,https://historico.conaliteg.gob.mx/c/H1982P6CI396/223.jpg,0,source_jpeg,served_image,200,image/jpeg,83737,dd97cfecc4052267d2abc26005607a618fbae11f08e822c12ea5a7b042947c26,1,
LTMD_U1_W4_SOCIAL_SCIENCES_ASSET_AUDIT_0.1,H1982P6CI396,1982,6,CIENCIAS SOCIALES,standard_x_js,H1982P6CI396,224,269,224,https://historico.conaliteg.gob.mx/c/H1982P6CI396/224.jpg,0,source_jpeg,served_image,200,image/jpeg,45800,ee14c576c7320468a84946d324eda1b4d7deb8265cb8abb18183e47ba460f6cd,1,
LTMD_U1_W4_SOCIAL_SCIENCES_ASSET_AUDIT_0.1,H1982P6CI396,1982,6,CIENCIAS SOCIALES,standard_x_js,H1982P6CI396,225,269,225,https://historico.conaliteg.gob.mx/c/H1982P6CI396/225.jpg,0,source_jpeg,served_image,200,image/jpeg,38717,c549ae5ab5ecb9b3d7a5ff281a822e0ce8ae518d20236a7593502a5564ccb24c,1,
LTMD_U1_W4_SOCIAL_SCIENCES_ASSET_AUDIT_0.1,H1982P6CI396,1982,6,CIENCIAS SOCIALES,standard_x_js,H1982P6CI396,226,269,226,https://historico.conaliteg.gob.mx/c/H1982P6CI396/226.jpg,0,source_jpeg,served_image,200,image/jpeg,38221,91f717fa4a03cfd052f8be03e4f574ed336531d0ddaccd6632341571731aa36e,1,
LTMD_U1_W4_SOCIAL_SCIENCES_ASSET_AUDIT_0.1,H1982P6CI396,1982,6,CIENCIAS SOCIALES,standard_x_js,H1982P6CI396,227,269,227,https://historico.conaliteg.gob.mx/c/H1982P6CI396/227.jpg,0,source_jpeg,served_image,200,image/jpeg,43241,d1b86de72c8e4edb4cfe50288bb236ce6ef3028934758ac2c6f338e3d8294b2c,1,
LTMD_U1_W4_SOCIAL_SCIENCES_ASSET_AUDIT_0.1,H1982P6CI396,1982,6,CIENCIAS SOCIALES,standard_x_js,H1982P6CI396,228,269,228,https://historico.conaliteg.gob.mx/c/H1982P6CI396/228.jpg,0,source_jpeg,served_image,200,image/jpeg,40887,71672ff18f9669ad397f09dfb03bcb30382bb2b8e89641d12880d8c093dd7f90,1,
LTMD_U1_W4_SOCIAL_SCIENCES_ASSET_AUDIT_0.1,H1982P6CI396,1982,6,CIENCIAS SOCIALES,standard_x_js,H1982P6CI396,229,269,229,https://historico.conaliteg.gob.mx/c/H1982P6CI396/229.jpg,0,source_jpeg,served_image,200,image/jpeg,40690,3658c1acad997768c3051140253049415a00a46a01b53e867469b29566bf3930,1,
LTMD_U1_W4_SOCIAL_SCIENCES_ASSET_AUDIT_0.1,H1982P6CI396,1982,6,CIENCIAS SOCIALES,standard_x_js,H1982P6CI396,230,269,230,https://historico.conaliteg.gob.mx/c/H1982P6CI396/230.jpg,0,source_jpeg,served_image,200,image/jpeg,39290,e0f2cfd294f6ca90308aa7de33c751ef159be85fa5ddd5ac5d156e97991cbe7a,1,
LTMD_U1_W4_SOCIAL_SCIENCES_ASSET_AUDIT_0.1,H1982P6CI396,1982,6,CIENCIAS SOCIALES,standard_x_js,H1982P6CI396,231,269,231,https://historico.conaliteg.gob.mx/c/H1982P6CI396/231.jpg,0,source_jpeg,served_image,200,image/jpeg,41699,7467dd9a369a8635c308469c7cb43b4cce8e475aea27e550d33f8d05f447e650,1,
LTMD_U1_W4_SOCIAL_SCIENCES_ASSET_AUDIT_0.1,H1982P6CI396,1982,6,CIENCIAS SOCIALES,standard_x_js,H1982P6CI396,232,269,232,https://historico.conaliteg.gob.mx/c/H1982P6CI396/232.jpg,0,source_jpeg,served_image,200,image/jpeg,41409,9dee20eb2e91f8003efd00e312e239b37912e7ae71551f2fffbfd91b869e2096,1,
LTMD_U1_W4_SOCIAL_SCIENCES_ASSET_AUDIT_0.1,H1982P6CI396,1982,6,CIENCIAS SOCIALES,standard_x_js,H1982P6CI396,233,269,233,https://historico.conaliteg.gob.mx/c/H1982P6CI396/233.jpg,0,source_jpeg,served_image,200,image/jpeg,74301,fde987576de080ff3d8f605edaa08e3545de799519f520e1bc32758b5a8fcb62,1,
LTMD_U1_W4_SOCIAL_SCIENCES_ASSET_AUDIT_0.1,H1982P6CI396,1982,6,CIENCIAS SOCIALES,standard_x_js,H1982P6CI396,234,269,234,https://historico.conaliteg.gob.mx/c/H1982P6CI396/234.jpg,0,source_jpeg,served_image,200,image/jpeg,74978,c535b1de235f82bdd4eeb7eec2d577c93337d8a6208750bf3c55dd619dd79d56,1,
LTMD_U1_W4_SOCIAL_SCIENCES_ASSET_AUDIT_0.1,H1982P6CI396,1982,6,CIENCIAS SOCIALES,standard_x_js,H1982P6CI396,235,269,235,https://historico.conaliteg.gob.mx/c/H1982P6CI396/235.jpg,0,source_jpeg,served_image,200,image/jpeg,81175,0547e7f947b8cc9c78e38d2f56fe5b1a2aa931b0e6941f1f07fa7d032b719e14,1,
LTMD_U1_W4_SOCIAL_SCIENCES_ASSET_AUDIT_0.1,H1982P6CI396,1982,6,CIENCIAS SOCIALES,standard_x_js,H1982P6CI396,236,269,236,https://historico.conaliteg.gob.mx/c/H1982P6CI396/236.jpg,0,source_jpeg,served_image,200,image/jpeg,103999,5c20d01c4123bcdcebfb00717e7656feb4cc1307668ab81cb2e943587b39bbb1,1,
LTMD_U1_W4_SOCIAL_SCIENCES_ASSET_AUDIT_0.1,H1982P6CI396,1982,6,CIENCIAS SOCIALES,standard_x_js,H1982P6CI396,237,269,237,https://historico.conaliteg.gob.mx/c/H1982P6CI396/237.jpg,0,source_jpeg,served_image,200,image/jpeg,83835,c7e7e0e33ca0514983fee0caa9d500542f80f9dd9ee2702f9b695db5ab19a198,1,
LTMD_U1_W4_SOCIAL_SCIENCES_ASSET_AUDIT_0.1,H1982P6CI396,1982,6,CIENCIAS SOCIALES,standard_x_js,H1982P6CI396,238,269,238,https://historico.conaliteg.gob.mx/c/H1982P6CI396/238.jpg,0,source_jpeg,served_image,200,image/jpeg,78593,96c5251dda1c15d0f187c06ed8fa6c3ebb01d0bfa0510e47e76894dd44f29002,1,
LTMD_U1_W4_SOCIAL_SCIENCES_ASSET_AUDIT_0.1,H1982P6CI396,1982,6,CIENCIAS SOCIALES,standard_x_js,H1982P6CI396,239,269,239,https://historico.conaliteg.gob.mx/c/H1982P6CI396/239.jpg,0,source_jpeg,served_image,200,image/jpeg,104616,ba7b321a6281eee35badeaa8d84ad87cb67d0db34d2b065435749146044a95d1,1,
LTMD_U1_W4_SOCIAL_SCIENCES_ASSET_AUDIT_0.1,H1982P6CI396,1982,6,CIENCIAS SOCIALES,standard_x_js,H1982P6CI396,240,269,240,https://historico.conaliteg.gob.mx/c/H1982P6CI396/240.jpg,0,source_jpeg,served_image,200,image/jpeg,70388,17ba3be8955a35220c8e6d53da556b1827bb0b136137fb85da24041a34b7884c,1,
LTMD_U1_W4_SOCIAL_SCIENCES_ASSET_AUDIT_0.1,H1982P6CI396,1982,6,CIENCIAS SOCIALES,standard_x_js,H1982P6CI396,241,269,241,https://historico.conaliteg.gob.mx/c/H1982P6CI396/241.jpg,0,source_jpeg,served_image,200,image/jpeg,71493,1e798bc4d54b2e99ed9f23e3fef8a0910c4b44707870ddce1b1f7753000507b8,1,
LTMD_U1_W4_SOCIAL_SCIENCES_ASSET_AUDIT_0.1,H1982P6CI396,1982,6,CIENCIAS SOCIALES,standard_x_js,H1982P6CI396,242,269,242,https://historico.conaliteg.gob.mx/c/H1982P6CI396/242.jpg,0,source_jpeg,served_image,200,image/jpeg,94152,c8ebadd342c552ea0b97e66008e720d9d95549b3d4219cc5f02fd5ffbb5e3b70,1,
LTMD_U1_W4_SOCIAL_SCIENCES_ASSET_AUDIT_0.1,H1982P6CI396,1982,6,CIENCIAS SOCIALES,standard_x_js,H1982P6CI396,243,269,243,https://historico.conaliteg.gob.mx/c/H1982P6CI396/243.jpg,0,source_jpeg,served_image,200,image/jpeg,52663,24834fedb1749546a18e66bcd4f5354715c4ae69cee6bbdf35d2f51f3dbe0e06,1,
LTMD_U1_W4_SOCIAL_SCIENCES_ASSET_AUDIT_0.1,H1982P6CI396,1982,6,CIENCIAS SOCIALES,standard_x_js,H1982P6CI396,244,269,244,https://historico.conaliteg.gob.mx/c/H1982P6CI396/244.jpg,0,source_jpeg,served_image,200,image/jpeg,69854,32a4644afc45397926909efd5f89b48e6756106f56a1dcb59860203d36685d55,1,
LTMD_U1_W4_SOCIAL_SCIENCES_ASSET_AUDIT_0.1,H1982P6CI396,1982,6,CIENCIAS SOCIALES,standard_x_js,H1982P6CI396,245,269,245,https://historico.conaliteg.gob.mx/c/H1982P6CI396/245.jpg,0,source_jpeg,served_image,200,image/jpeg,95433,85bfeacb6b07d9fd786920bc0bd4c1eb3a03de0500872524b94a96984cc8d2a1,1,
LTMD_U1_W4_SOCIAL_SCIENCES_ASSET_AUDIT_0.1,H1982P6CI396,1982,6,CIENCIAS SOCIALES,standard_x_js,H1982P6CI396,246,269,246,https://historico.conaliteg.gob.mx/c/H1982P6CI396/246.jpg,0,source_jpeg,served_image,200,image/jpeg,57883,0fc5d47f3fcba3e1c54564d63d0b7d3b3b7965a0a70f300abbd3dd165080f7fa,1,
LTMD_U1_W4_SOCIAL_SCIENCES_ASSET_AUDIT_0.1,H1982P6CI396,1982,6,CIENCIAS SOCIALES,standard_x_js,H1982P6CI396,247,269,247,https://historico.conaliteg.gob.mx/c/H1982P6CI396/247.jpg,0,source_jpeg,served_image,200,image/jpeg,74803,04f1f56310769e38bfed025fc9311d7b37f4cd177ede63e24b51d936fbd7404f,1,
LTMD_U1_W4_SOCIAL_SCIENCES_ASSET_AUDIT_0.1,H1982P6CI396,1982,6,CIENCIAS SOCIALES,standard_x_js,H1982P6CI396,248,269,248,https://historico.conaliteg.gob.mx/c/H1982P6CI396/248.jpg,0,source_jpeg,served_image,200,image/jpeg,90310,e60f68a35420ab17f8edc25f4becfeea3fa5b3556fe34d6358e23d27b9b2686e,1,
LTMD_U1_W4_SOCIAL_SCIENCES_ASSET_AUDIT_0.1,H1982P6CI396,1982,6,CIENCIAS SOCIALES,standard_x_js,H1982P6CI396,249,269,249,https://historico.conaliteg.gob.mx/c/H1982P6CI396/249.jpg,0,source_jpeg,served_image,200,image/jpeg,63503,202eba1b51ab92f2123516e97990f678776dd62bd84caead8c8822d2d1b044f7,1,
LTMD_U1_W4_SOCIAL_SCIENCES_ASSET_AUDIT_0.1,H1982P6CI396,1982,6,CIENCIAS SOCIALES,standard_x_js,H1982P6CI396,250,269,250,https://historico.conaliteg.gob.mx/c/H1982P6CI396/250.jpg,0,source_jpeg,served_image,200,image/jpeg,75691,a0842b80e5c109c282824de27aff9ac5395ba35f12ac7d259d320fefc838b891,1,
LTMD_U1_W4_SOCIAL_SCIENCES_ASSET_AUDIT_0.1,H1982P6CI396,1982,6,CIENCIAS SOCIALES,standard_x_js,H1982P6CI396,251,269,251,https://historico.conaliteg.gob.mx/c/H1982P6CI396/251.jpg,0,source_jpeg,served_image,200,image/jpeg,83976,44ea0989aa0c14fa01a12861f7223a47395c6103c2ff5facf56cfcb5089204be,1,
LTMD_U1_W4_SOCIAL_SCIENCES_ASSET_AUDIT_0.1,H1982P6CI396,1982,6,CIENCIAS SOCIALES,standard_x_js,H1982P6CI396,252,269,252,https://historico.conaliteg.gob.mx/c/H1982P6CI396/252.jpg,0,source_jpeg,served_image,200,image/jpeg,76881,ed00f139e00f93951f6b5686512bdd7cade2d7e7e3bc0140156a2b1e71d4fc07,1,
LTMD_U1_W4_SOCIAL_SCIENCES_ASSET_AUDIT_0.1,H1982P6CI396,1982,6,CIENCIAS SOCIALES,standard_x_js,H1982P6CI396,253,269,253,https://historico.conaliteg.gob.mx/c/H1982P6CI396/253.jpg,0,source_jpeg,served_image,200,image/jpeg,92302,275c1726af3e55e911cf2ae3e3158a27e421ee3bebe848b93c82aebda068d752,1,
LTMD_U1_W4_SOCIAL_SCIENCES_ASSET_AUDIT_0.1,H1982P6CI396,1982,6,CIENCIAS SOCIALES,standard_x_js,H1982P6CI396,254,269,254,https://historico.conaliteg.gob.mx/c/H1982P6CI396/254.jpg,0,source_jpeg,served_image,200,image/jpeg,38813,55386f159c310995c5ddcd36b31ea9a0d7009d801ff75ccce8da9d10f01f50a9,1,
LTMD_U1_W4_SOCIAL_SCIENCES_ASSET_AUDIT_0.1,H1982P6CI396,1982,6,CIENCIAS SOCIALES,standard_x_js,H1982P6CI396,255,269,255,https://historico.conaliteg.gob.mx/c/H1982P6CI396/255.jpg,0,source_jpeg,served_image,200,image/jpeg,76119,e7fc6e42eb3900ea99ac736806f16a426ec8a8ad2897d113a6fe2e8c99087d0f,1,
LTMD_U1_W4_SOCIAL_SCIENCES_ASSET_AUDIT_0.1,H1982P6CI396,1982,6,CIENCIAS SOCIALES,standard_x_js,H1982P6CI396,256,269,256,https://historico.conaliteg.gob.mx/c/H1982P6CI396/256.jpg,0,source_jpeg,served_image,200,image/jpeg,94188,2a61f693cc9f8d3ad34fec017662fc4c64628262fa1cc2cbc81fc86a0f83bfb3,1,
LTMD_U1_W4_SOCIAL_SCIENCES_ASSET_AUDIT_0.1,H1982P6CI396,1982,6,CIENCIAS SOCIALES,standard_x_js,H1982P6CI396,257,269,257,https://historico.conaliteg.gob.mx/c/H1982P6CI396/257.jpg,0,source_jpeg,served_image,200,image/jpeg,82950,a53b31fac4a3ca2f68310a8ba2871f0919461404ea5347e6284742334ebe6c49,1,
LTMD_U1_W4_SOCIAL_SCIENCES_ASSET_AUDIT_0.1,H1982P6CI396,1982,6,CIENCIAS SOCIALES,standard_x_js,H1982P6CI396,258,269,258,https://historico.conaliteg.gob.mx/c/H1982P6CI396/258.jpg,0,source_jpeg,served_image,200,image/jpeg,73298,e96223c34486dd941467a7d96cff43f5515cc687049c1d5ba5df834e12596bb2,1,
LTMD_U1_W4_SOCIAL_SCIENCES_ASSET_AUDIT_0.1,H1982P6CI396,1982,6,CIENCIAS SOCIALES,standard_x_js,H1982P6CI396,259,269,259,https://historico.conaliteg.gob.mx/c/H1982P6CI396/259.jpg,0,source_jpeg,served_image,200,image/jpeg,96067,69b7cf0a1d81a42b6e8c364e9f013e15a8e5e3c8b2591bee958d75b98173c3b1,1,
LTMD_U1_W4_SOCIAL_SCIENCES_ASSET_AUDIT_0.1,H1982P6CI396,1982,6,CIENCIAS SOCIALES,standard_x_js,H1982P6CI396,260,269,260,https://historico.conaliteg.gob.mx/c/H1982P6CI396/260.jpg,0,source_jpeg,served_image,200,image/jpeg,95465,5d9226997b3ddce27f48c098450c9293a382c1c9cc041b70ca7ffeb6af762cfc,1,
LTMD_U1_W4_SOCIAL_SCIENCES_ASSET_AUDIT_0.1,H1982P6CI396,1982,6,CIENCIAS SOCIALES,standard_x_js,H1982P6CI396,261,269,261,https://historico.conaliteg.gob.mx/c/H1982P6CI396/261.jpg,0,source_jpeg,served_image,200,image/jpeg,40072,6d65fb179c3de598f3dd413880e5505acdd3d51ff171a54fba969349420745f0,1,
LTMD_U1_W4_SOCIAL_SCIENCES_ASSET_AUDIT_0.1,H1982P6CI396,1982,6,CIENCIAS SOCIALES,standard_x_js,H1982P6CI396,262,269,262,https://historico.conaliteg.gob.mx/c/H1982P6CI396/262.jpg,0,source_jpeg,served_image,200,image/jpeg,20127,0de7d782629e4aa172b9d81b8de6d72637c7ddf1b082f1c78bdb5d130f027e14,1,
LTMD_U1_W4_SOCIAL_SCIENCES_ASSET_AUDIT_0.1,H1982P6CI396,1982,6,CIENCIAS SOCIALES,standard_x_js,H1982P6CI396,263,269,263,https://historico.conaliteg.gob.mx/c/H1982P6CI396/263.jpg,0,source_jpeg,served_image,200,image/jpeg,26937,529ad9f167f9fcbe21e7c52fe008d8d785717b7a51ed2d11c26a40991807c06a,1,
LTMD_U1_W4_SOCIAL_SCIENCES_ASSET_AUDIT_0.1,H1982P6CI396,1982,6,CIENCIAS SOCIALES,standard_x_js,H1982P6CI396,264,269,264,https://historico.conaliteg.gob.mx/c/H1982P6CI396/264.jpg,0,source_jpeg,served_image,200,image/jpeg,21560,d7d3414bafa0539c176648ac259dae546bf87d3c44c285bdfa4e3236f62395bc,1,
LTMD_U1_W4_SOCIAL_SCIENCES_ASSET_AUDIT_0.1,H1982P6CI396,1982,6,CIENCIAS SOCIALES,standard_x_js,H1982P6CI396,265,269,265,https://historico.conaliteg.gob.mx/c/H1982P6CI396/265.jpg,0,source_jpeg,served_image,200,image/jpeg,18366,d122559de77f10147af890af0d1ac01a760dcce628734d04ec74d41146fe0ec9,1,
LTMD_U1_W4_SOCIAL_SCIENCES_ASSET_AUDIT_0.1,H1982P6CI396,1982,6,CIENCIAS SOCIALES,standard_x_js,H1982P6CI396,266,269,266,https://historico.conaliteg.gob.mx/c/H1982P6CI396/266.jpg,0,source_jpeg,served_image,200,image/jpeg,17511,cd67fda604ad863fe458468a54ee8dcdbc5bfe2a176219af03f127295c7fcd75,1,
LTMD_U1_W4_SOCIAL_SCIENCES_ASSET_AUDIT_0.1,H1982P6CI396,1982,6,CIENCIAS SOCIALES,standard_x_js,H1982P6CI396,267,269,267,https://historico.conaliteg.gob.mx/c/H1982P6CI396/267.jpg,0,source_jpeg,served_image,200,image/jpeg,80425,c61f86c2c217ed9d41bd3a7ad7bd86efb6d08797ff9124c04cd7b060d809e081,1,
LTMD_U1_W4_SOCIAL_SCIENCES_ASSET_AUDIT_0.1,H1982P6CI396,1982,6,CIENCIAS SOCIALES,standard_x_js,H1982P6CI396,268,269,268,https://historico.conaliteg.gob.mx/c/H1982P6CI396/268.jpg,0,source_jpeg,served_image,200,image/jpeg,221287,786d43fbf20444e56d369f3cf673edda07b9591e7d241cab64078156783bc2d4,1,
LTMD_U1_W4_SOCIAL_SCIENCES_ASSET_AUDIT_0.1,H1982P6CI396,1982,6,CIENCIAS SOCIALES,standard_x_js,H1982P6CI396,269,269,269,https://historico.conaliteg.gob.mx/c/H1982P6CI396/269.jpg,1,terminal_synthetic_candidate,http_404,404,text/html; charset=iso-8859-1,,,1,HTTP 404
LTMD_U1_W4_SOCIAL_SCIENCES_ASSET_AUDIT_0.1,H1988P3CI115,1988,3,CIENCIAS SOCIALES,standard_x_js,H1988P3CI115,1,129,0,https://historico.conaliteg.gob.mx/c/H1988P3CI115/000.jpg,0,source_jpeg,served_image,200,image/jpeg,307250,37beacae8b3fae6ddc58f22c48a00ec86883caaf701b668198281b008f0707f8,1,
LTMD_U1_W4_SOCIAL_SCIENCES_ASSET_AUDIT_0.1,H1988P3CI115,1988,3,CIENCIAS SOCIALES,standard_x_js,H1988P3CI115,2,129,2,https://historico.conaliteg.gob.mx/c/H1988P3CI115/002.jpg,0,source_jpeg,served_image,200,image/jpeg,38908,5d27daacbaab1710aa2eaa002e99df3e563f7bf41652a2db78940027af6b29c5,1,
LTMD_U1_W4_SOCIAL_SCIENCES_ASSET_AUDIT_0.1,H1988P3CI115,1988,3,CIENCIAS SOCIALES,standard_x_js,H1988P3CI115,3,129,3,https://historico.conaliteg.gob.mx/c/H1988P3CI115/003.jpg,0,source_jpeg,served_image,200,image/jpeg,53941,305cc112c72a98dcb6687b4ef9992899ee71fd3831bee591011780ef5a8bff7a,1,
LTMD_U1_W4_SOCIAL_SCIENCES_ASSET_AUDIT_0.1,H1988P3CI115,1988,3,CIENCIAS SOCIALES,standard_x_js,H1988P3CI115,4,129,4,https://historico.conaliteg.gob.mx/c/H1988P3CI115/004.jpg,0,source_jpeg,served_image,200,image/jpeg,18161,30ca706871d459d167f146a2f89b7f0ea069ac9de2b5dba45db2faeaa7fa73c2,1,
LTMD_U1_W4_SOCIAL_SCIENCES_ASSET_AUDIT_0.1,H1988P3CI115,1988,3,CIENCIAS SOCIALES,standard_x_js,H1988P3CI115,5,129,5,https://historico.conaliteg.gob.mx/c/H1988P3CI115/005.jpg,0,source_jpeg,served_image,200,image/jpeg,44758,7f34856ac9cc18f18eebc453ea0e6a7439abd718f637355b3607dacbd9cdc06e,1,
LTMD_U1_W4_SOCIAL_SCIENCES_ASSET_AUDIT_0.1,H1988P3CI115,1988,3,CIENCIAS SOCIALES,standard_x_js,H1988P3CI115,6,129,6,https://historico.conaliteg.gob.mx/c/H1988P3CI115/006.jpg,0,source_jpeg,served_image,200,image/jpeg,52498,b7de2161b79aa6570e6b0bb9a1fa9c2a0cdca973831b7199ed2e920b13a96bf8,1,
LTMD_U1_W4_SOCIAL_SCIENCES_ASSET_AUDIT_0.1,H1988P3CI115,1988,3,CIENCIAS SOCIALES,standard_x_js,H1988P3CI115,7,129,7,https://historico.conaliteg.gob.mx/c/H1988P3CI115/007.jpg,0,source_jpeg,served_image,200,image/jpeg,58138,2d73850ef4883bbe92995b65cbf3d06615b57374ad52aa547f6a0ac12a15dd26,1,
LTMD_U1_W4_SOCIAL_SCIENCES_ASSET_AUDIT_0.1,H1988P3CI115,1988,3,CIENCIAS SOCIALES,standard_x_js,H1988P3CI115,8,129,8,https://historico.conaliteg.gob.mx/c/H1988P3CI115/008.jpg,0,source_jpeg,served_image,200,image/jpeg,63334,15419114841a6c4586504589526a0ff88e376e560fc9af4963bf3fa4ba46f1e9,1,
LTMD_U1_W4_SOCIAL_SCIENCES_ASSET_AUDIT_0.1,H1988P3CI115,1988,3,CIENCIAS SOCIALES,standard_x_js,H1988P3CI115,9,129,9,https://historico.conaliteg.gob.mx/c/H1988P3CI115/009.jpg,0,source_jpeg,served_image,200,image/jpeg,56245,9fce451c9b3c9ba9cc24b6f6f6c4d814d16b8085c9d2ddcc1dfae33853920541,1,
LTMD_U1_W4_SOCIAL_SCIENCES_ASSET_AUDIT_0.1,H1988P3CI115,1988,3,CIENCIAS SOCIALES,standard_x_js,H1988P3CI115,10,129,10,https://historico.conaliteg.gob.mx/c/H1988P3CI115/010.jpg,0,source_jpeg,served_image,200,image/jpeg,54925,3ef1d7af707abebd84ad411a5253e5c8290238cfd31b8f7274fa384c10a0feaa,1,
LTMD_U1_W4_SOCIAL_SCIENCES_ASSET_AUDIT_0.1,H1988P3CI115,1988,3,CIENCIAS SOCIALES,standard_x_js,H1988P3CI115,11,129,11,https://historico.conaliteg.gob.mx/c/H1988P3CI115/011.jpg,0,source_jpeg,served_image,200,image/jpeg,47230,1052b3672dd4a4c0aa51577094093aadc322bebbb3629e6ff44bc3b44d2221c4,1,
LTMD_U1_W4_SOCIAL_SCIENCES_ASSET_AUDIT_0.1,H1988P3CI115,1988,3,CIENCIAS SOCIALES,standard_x_js,H1988P3CI115,12,129,12,https://historico.conaliteg.gob.mx/c/H1988P3CI115/012.jpg,0,source_jpeg,served_image,200,image/jpeg,49497,ed98fe716049850d4875d907006ba572a72ccab2252a7ece9d938a09ef73f6a7,1,
LTMD_U1_W4_SOCIAL_SCIENCES_ASSET_AUDIT_0.1,H1988P3CI115,1988,3,CIENCIAS SOCIALES,standard_x_js,H1988P3CI115,13,129,13,https://historico.conaliteg.gob.mx/c/H1988P3CI115/013.jpg,0,source_jpeg,served_image,200,image/jpeg,49389,7d19e6a523f22eae8be475a25bbfe0b3c8d57168c662a9ebba15956e1e9b56a8,1,
LTMD_U1_W4_SOCIAL_SCIENCES_ASSET_AUDIT_0.1,H1988P3CI115,1988,3,CIENCIAS SOCIALES,standard_x_js,H1988P3CI115,14,129,14,https://historico.conaliteg.gob.mx/c/H1988P3CI115/014.jpg,0,source_jpeg,served_image,200,image/jpeg,54192,e552fd38c7d701fcdc313a14887ed2e9a061590ff6a4c5ce2778583d4b212320,1,
LTMD_U1_W4_SOCIAL_SCIENCES_ASSET_AUDIT_0.1,H1988P3CI115,1988,3,CIENCIAS SOCIALES,standard_x_js,H1988P3CI115,15,129,15,https://historico.conaliteg.gob.mx/c/H1988P3CI115/015.jpg,0,source_jpeg,served_image,200,image/jpeg,43246,ad4f2db01687203efc367aac835d94441a689902f97e2ac856b6d7d6feb87575,1,
LTMD_U1_W4_SOCIAL_SCIENCES_ASSET_AUDIT_0.1,H1988P3CI115,1988,3,CIENCIAS SOCIALES,standard_x_js,H1988P3CI115,16,129,16,https://historico.conaliteg.gob.mx/c/H1988P3CI115/016.jpg,0,source_jpeg,served_image,200,image/jpeg,56756,6a8d90569d634a8c86bfdac8aed8b52c60ba7e5b902473d2d893315562d25997,1,
LTMD_U1_W4_SOCIAL_SCIENCES_ASSET_AUDIT_0.1,H1988P3CI115,1988,3,CIENCIAS SOCIALES,standard_x_js,H1988P3CI115,17,129,17,https://historico.conaliteg.gob.mx/c/H1988P3CI115/017.jpg,0,source_jpeg,served_image,200,image/jpeg,64667,b06f1f55398d40f9d5d0d62777f6dae07fb6efc1a09cbd72b0bbb5388ab4691d,1,
LTMD_U1_W4_SOCIAL_SCIENCES_ASSET_AUDIT_0.1,H1988P3CI115,1988,3,CIENCIAS SOCIALES,standard_x_js,H1988P3CI115,18,129,18,https://historico.conaliteg.gob.mx/c/H1988P3CI115/018.jpg,0,source_jpeg,served_image,200,image/jpeg,49391,e7080bf93aab386cd38dcd536d308a9709ca07b78ba70f0cf4f00ce5b5dad582,1,
LTMD_U1_W4_SOCIAL_SCIENCES_ASSET_AUDIT_0.1,H1988P3CI115,1988,3,CIENCIAS SOCIALES,standard_x_js,H1988P3CI115,19,129,19,https://historico.conaliteg.gob.mx/c/H1988P3CI115/019.jpg,0,source_jpeg,served_image,200,image/jpeg,52628,4e6650566944a6a234ae66fecf7bc4a7d59abde3fd4043ba992ce3aaad4e647c,1,
LTMD_U1_W4_SOCIAL_SCIENCES_ASSET_AUDIT_0.1,H1988P3CI115,1988,3,CIENCIAS SOCIALES,standard_x_js,H1988P3CI115,20,129,20,https://historico.conaliteg.gob.mx/c/H1988P3CI115/020.jpg,0,source_jpeg,served_image,200,image/jpeg,61684,e18e74bce832dd6aad977cf4d5058eb287c0fbbfe86214c331ed71243eaf3b3b,1,
LTMD_U1_W4_SOCIAL_SCIENCES_ASSET_AUDIT_0.1,H1988P3CI115,1988,3,CIENCIAS SOCIALES,standard_x_js,H1988P3CI115,21,129,21,https://historico.conaliteg.gob.mx/c/H1988P3CI115/021.jpg,0,source_jpeg,served_image,200,image/jpeg,60259,e98393d29c01b3d98ad6567818df347929571922521169e4e3c692ad0d46c318,1,
LTMD_U1_W4_SOCIAL_SCIENCES_ASSET_AUDIT_0.1,H1988P3CI115,1988,3,CIENCIAS SOCIALES,standard_x_js,H1988P3CI115,22,129,22,https://historico.conaliteg.gob.mx/c/H1988P3CI115/022.jpg,0,source_jpeg,served_image,200,image/jpeg,39033,82084c10ca8751d93cf6586719cca2e06ea8bf7f884b4fe20a158cda6bca23e6,1,
LTMD_U1_W4_SOCIAL_SCIENCES_ASSET_AUDIT_0.1,H1988P3CI115,1988,3,CIENCIAS SOCIALES,standard_x_js,H1988P3CI115,23,129,23,https://historico.conaliteg.gob.mx/c/H1988P3CI115/023.jpg,0,source_jpeg,served_image,200,image/jpeg,49417,7481bf7904bc8fb2be86d729e50a03d821acccaa8a674df0e7a324e47d80c060,1,
LTMD_U1_W4_SOCIAL_SCIENCES_ASSET_AUDIT_0.1,H1988P3CI115,1988,3,CIENCIAS SOCIALES,standard_x_js,H1988P3CI115,24,129,24,https://historico.conaliteg.gob.mx/c/H1988P3CI115/024.jpg,0,source_jpeg,served_image,200,image/jpeg,40365,e46b4035c21924da28b1cef3e5f9ea7578358699608a7ac11a2fb9f779a6ce0b,1,
LTMD_U1_W4_SOCIAL_SCIENCES_ASSET_AUDIT_0.1,H1988P3CI115,1988,3,CIENCIAS SOCIALES,standard_x_js,H1988P3CI115,25,129,25,https://historico.conaliteg.gob.mx/c/H1988P3CI115/025.jpg,0,source_jpeg,served_image,200,image/jpeg,58332,d358e934b28428e8c3aab0586d0427f9a89bbe500b248dd982b3b87d669f735f,1,
LTMD_U1_W4_SOCIAL_SCIENCES_ASSET_AUDIT_0.1,H1988P3CI115,1988,3,CIENCIAS SOCIALES,standard_x_js,H1988P3CI115,26,129,26,https://historico.conaliteg.gob.mx/c/H1988P3CI115/026.jpg,0,source_jpeg,served_image,200,image/jpeg,46634,88e74fa5a3d35118903e0a416d98f8f2443ba60bbbe7829c92e03a145d8883e8,1,
LTMD_U1_W4_SOCIAL_SCIENCES_ASSET_AUDIT_0.1,H1988P3CI115,1988,3,CIENCIAS SOCIALES,standard_x_js,H1988P3CI115,27,129,27,https://historico.conaliteg.gob.mx/c/H1988P3CI115/027.jpg,0,source_jpeg,served_image,200,image/jpeg,39236,6e09eec6d0f57998077075b3a000caba9030390830850d8ee45b66fcdf0c99ef,1,
LTMD_U1_W4_SOCIAL_SCIENCES_ASSET_AUDIT_0.1,H1988P3CI115,1988,3,CIENCIAS SOCIALES,standard_x_js,H1988P3CI115,28,129,28,https://historico.conaliteg.gob.mx/c/H1988P3CI115/028.jpg,0,source_jpeg,served_image,200,image/jpeg,48127,8041600c5653178c5a5a515590771fb63481a76819a3d7447aa4f107368a5010,1,
LTMD_U1_W4_SOCIAL_SCIENCES_ASSET_AUDIT_0.1,H1988P3CI115,1988,3,CIENCIAS SOCIALES,standard_x_js,H1988P3CI115,29,129,29,https://historico.conaliteg.gob.mx/c/H1988P3CI115/029.jpg,0,source_jpeg,served_image,200,image/jpeg,61041,75b3bd6e5dbd93747d1b28573df83bc96095fd0bf6c77114293c1f18ecdf75c6,1,
LTMD_U1_W4_SOCIAL_SCIENCES_ASSET_AUDIT_0.1,H1988P3CI115,1988,3,CIENCIAS SOCIALES,standard_x_js,H1988P3CI115,30,129,30,https://historico.conaliteg.gob.mx/c/H1988P3CI115/030.jpg,0,source_jpeg,served_image,200,image/jpeg,69975,5648e85fc6fb890ea17888c3c5a5083e858c557a690140af553dd650391bff34,1,
LTMD_U1_W4_SOCIAL_SCIENCES_ASSET_AUDIT_0.1,H1988P3CI115,1988,3,CIENCIAS SOCIALES,standard_x_js,H1988P3CI115,31,129,31,https://historico.conaliteg.gob.mx/c/H1988P3CI115/031.jpg,0,source_jpeg,served_image,200,image/jpeg,55417,919db126b1aa9dc29149f864148e4621fef21395c2a82e118b935a0bffc99b4e,1,
LTMD_U1_W4_SOCIAL_SCIENCES_ASSET_AUDIT_0.1,H1988P3CI115,1988,3,CIENCIAS SOCIALES,standard_x_js,H1988P3CI115,32,129,32,https://historico.conaliteg.gob.mx/c/H1988P3CI115/032.jpg,0,source_jpeg,served_image,200,image/jpeg,55939,4ab697ee3751577a9a7bdab7b606039122378515e463aa7cf6088cd6cfdce6e7,1,
LTMD_U1_W4_SOCIAL_SCIENCES_ASSET_AUDIT_0.1,H1988P3CI115,1988,3,CIENCIAS SOCIALES,standard_x_js,H1988P3CI115,33,129,33,https://historico.conaliteg.gob.mx/c/H1988P3CI115/033.jpg,0,source_jpeg,served_image,200,image/jpeg,62876,63f9f3e855c325ed61c796e683b280f2100d7ad0f79e0799228b40df3c79c939,1,
LTMD_U1_W4_SOCIAL_SCIENCES_ASSET_AUDIT_0.1,H1988P3CI115,1988,3,CIENCIAS SOCIALES,standard_x_js,H1988P3CI115,34,129,34,https://historico.conaliteg.gob.mx/c/H1988P3CI115/034.jpg,0,source_jpeg,served_image,200,image/jpeg,61319,288124259499a2ce1f50e577a15d4958e2bae1cd510d06db13b18884798abd2b,1,
LTMD_U1_W4_SOCIAL_SCIENCES_ASSET_AUDIT_0.1,H1988P3CI115,1988,3,CIENCIAS SOCIALES,standard_x_js,H1988P3CI115,35,129,35,https://historico.conaliteg.gob.mx/c/H1988P3CI115/035.jpg,0,source_jpeg,served_image,200,image/jpeg,66760,b6571b3c0508dab28018797e8f5205130967e3ca825893e4a1502e0f3e68cf86,1,
LTMD_U1_W4_SOCIAL_SCIENCES_ASSET_AUDIT_0.1,H1988P3CI115,1988,3,CIENCIAS SOCIALES,standard_x_js,H1988P3CI115,36,129,36,https://historico.conaliteg.gob.mx/c/H1988P3CI115/036.jpg,0,source_jpeg,served_image,200,image/jpeg,63527,cd09db51698ad6636cf99bee7fe89a169ad28046d59d2698974c693a8cecf3d5,1,
LTMD_U1_W4_SOCIAL_SCIENCES_ASSET_AUDIT_0.1,H1988P3CI115,1988,3,CIENCIAS SOCIALES,standard_x_js,H1988P3CI115,37,129,37,https://historico.conaliteg.gob.mx/c/H1988P3CI115/037.jpg,0,source_jpeg,served_image,200,image/jpeg,58608,cdb4d9e1c7cc7e25c0011b8e4c4a782cd39040ab1ae28a5ba8d24abd149491ad,1,
LTMD_U1_W4_SOCIAL_SCIENCES_ASSET_AUDIT_0.1,H1988P3CI115,1988,3,CIENCIAS SOCIALES,standard_x_js,H1988P3CI115,38,129,38,https://historico.conaliteg.gob.mx/c/H1988P3CI115/038.jpg,0,source_jpeg,served_image,200,image/jpeg,69247,98ad8632697a8b5919adc2ab904eac8c52d4062f3e7062ad67a9bb5411be19d1,1,
LTMD_U1_W4_SOCIAL_SCIENCES_ASSET_AUDIT_0.1,H1988P3CI115,1988,3,CIENCIAS SOCIALES,standard_x_js,H1988P3CI115,39,129,39,https://historico.conaliteg.gob.mx/c/H1988P3CI115/039.jpg,0,source_jpeg,served_image,200,image/jpeg,62590,3c28cacae1438d2f657779d3880e2ad4cf0e3a61f80be193372026452cb43d7a,1,
LTMD_U1_W4_SOCIAL_SCIENCES_ASSET_AUDIT_0.1,H1988P3CI115,1988,3,CIENCIAS SOCIALES,standard_x_js,H1988P3CI115,40,129,40,https://historico.conaliteg.gob.mx/c/H1988P3CI115/040.jpg,0,source_jpeg,served_image,200,image/jpeg,62913,e5422008a4e26e07a4f6332a178242e2b916b8055e11245999e82b707252c6e2,1,
LTMD_U1_W4_SOCIAL_SCIENCES_ASSET_AUDIT_0.1,H1988P3CI115,1988,3,CIENCIAS SOCIALES,standard_x_js,H1988P3CI115,41,129,41,https://historico.conaliteg.gob.mx/c/H1988P3CI115/041.jpg,0,source_jpeg,served_image,200,image/jpeg,54570,86ce69a38217df0b61a2384b5df216f71d8c48f923016910bc143a2dcc318444,1,
LTMD_U1_W4_SOCIAL_SCIENCES_ASSET_AUDIT_0.1,H1988P3CI115,1988,3,CIENCIAS SOCIALES,standard_x_js,H1988P3CI115,42,129,42,https://historico.conaliteg.gob.mx/c/H1988P3CI115/042.jpg,0,source_jpeg,served_image,200,image/jpeg,68098,de3c2ba95eb1b327bb0f965289b84a9433113ef2aa65a896bf8bcf1459229e3d,1,
LTMD_U1_W4_SOCIAL_SCIENCES_ASSET_AUDIT_0.1,H1988P3CI115,1988,3,CIENCIAS SOCIALES,standard_x_js,H1988P3CI115,43,129,43,https://historico.conaliteg.gob.mx/c/H1988P3CI115/043.jpg,0,source_jpeg,served_image,200,image/jpeg,52338,ab2d86c741ef162826fd0e528c2775d9ea4c736f61fe5f5a2956c8352433ff29,1,
LTMD_U1_W4_SOCIAL_SCIENCES_ASSET_AUDIT_0.1,H1988P3CI115,1988,3,CIENCIAS SOCIALES,standard_x_js,H1988P3CI115,44,129,44,https://historico.conaliteg.gob.mx/c/H1988P3CI115/044.jpg,0,source_jpeg,served_image,200,image/jpeg,74081,4250a3aafcdc20ed89f6680148f9dc19dcd2831e424287982a7fc567bc1812d6,1,
LTMD_U1_W4_SOCIAL_SCIENCES_ASSET_AUDIT_0.1,H1988P3CI115,1988,3,CIENCIAS SOCIALES,standard_x_js,H1988P3CI115,45,129,45,https://historico.conaliteg.gob.mx/c/H1988P3CI115/045.jpg,0,source_jpeg,served_image,200,image/jpeg,69851,f4b19240f25b6fdc024a00d5cd46e7e90c2359f761a4f53ca7b96dd3652446fd,1,
LTMD_U1_W4_SOCIAL_SCIENCES_ASSET_AUDIT_0.1,H1988P3CI115,1988,3,CIENCIAS SOCIALES,standard_x_js,H1988P3CI115,46,129,46,https://historico.conaliteg.gob.mx/c/H1988P3CI115/046.jpg,0,source_jpeg,served_image,200,image/jpeg,58855,de449bb59d96348ce5341136c44deeb7ebe1f4cb3f1a6e52a3d54ba4439e98e4,1,
LTMD_U1_W4_SOCIAL_SCIENCES_ASSET_AUDIT_0.1,H1988P3CI115,1988,3,CIENCIAS SOCIALES,standard_x_js,H1988P3CI115,47,129,47,https://historico.conaliteg.gob.mx/c/H1988P3CI115/047.jpg,0,source_jpeg,served_image,200,image/jpeg,72664,2b47d838ec16c9878e0b1f3627d16f44b0767843a92e64d592f4d9306e7cdcb7,1,
LTMD_U1_W4_SOCIAL_SCIENCES_ASSET_AUDIT_0.1,H1988P3CI115,1988,3,CIENCIAS SOCIALES,standard_x_js,H1988P3CI115,48,129,48,https://historico.conaliteg.gob.mx/c/H1988P3CI115/048.jpg,0,source_jpeg,served_image,200,image/jpeg,77706,126407caa24c69870018106e4d143a7d0994a293d99d80707e3c250a2255c336,1,
LTMD_U1_W4_SOCIAL_SCIENCES_ASSET_AUDIT_0.1,H1988P3CI115,1988,3,CIENCIAS SOCIALES,standard_x_js,H1988P3CI115,49,129,49,https://historico.conaliteg.gob.mx/c/H1988P3CI115/049.jpg,0,source_jpeg,served_image,200,image/jpeg,77098,9c4bee05daeaacdf4be522701aa078610cdffaa19799b9f843d0c3dfaf3aedb0,1,
LTMD_U1_W4_SOCIAL_SCIENCES_ASSET_AUDIT_0.1,H1988P3CI115,1988,3,CIENCIAS SOCIALES,standard_x_js,H1988P3CI115,50,129,50,https://historico.conaliteg.gob.mx/c/H1988P3CI115/050.jpg,0,source_jpeg,served_image,200,image/jpeg,58430,0fc9858dd9a66f37cb8a41ac82cfc4bf8487d847d14d653f237a06dfa2607f65,1,
LTMD_U1_W4_SOCIAL_SCIENCES_ASSET_AUDIT_0.1,H1988P3CI115,1988,3,CIENCIAS SOCIALES,standard_x_js,H1988P3CI115,51,129,51,https://historico.conaliteg.gob.mx/c/H1988P3CI115/051.jpg,0,source_jpeg,served_image,200,image/jpeg,57984,6be3ced201ee6e67c056664ce0bda3a68cff9a9483a3a0972ffc71b198edd524,1,
LTMD_U1_W4_SOCIAL_SCIENCES_ASSET_AUDIT_0.1,H1988P3CI115,1988,3,CIENCIAS SOCIALES,standard_x_js,H1988P3CI115,52,129,52,https://historico.conaliteg.gob.mx/c/H1988P3CI115/052.jpg,0,source_jpeg,served_image,200,image/jpeg,59773,82f444714c9c8cb105a86b1b51648992318feb55f5296b60d188f57a54b2c0d8,1,
LTMD_U1_W4_SOCIAL_SCIENCES_ASSET_AUDIT_0.1,H1988P3CI115,1988,3,CIENCIAS SOCIALES,standard_x_js,H1988P3CI115,53,129,53,https://historico.conaliteg.gob.mx/c/H1988P3CI115/053.jpg,0,source_jpeg,served_image,200,image/jpeg,72025,0a79f9f7720109aeabeca67208f3b86fea66da893417470fe32698a3bc549874,1,
LTMD_U1_W4_SOCIAL_SCIENCES_ASSET_AUDIT_0.1,H1988P3CI115,1988,3,CIENCIAS SOCIALES,standard_x_js,H1988P3CI115,54,129,54,https://historico.conaliteg.gob.mx/c/H1988P3CI115/054.jpg,0,source_jpeg,served_image,200,image/jpeg,55978,9d8f733cc83929c0c190ee50b4791e1887998d36180462c6f302e93db33a2518,1,
LTMD_U1_W4_SOCIAL_SCIENCES_ASSET_AUDIT_0.1,H1988P3CI115,1988,3,CIENCIAS SOCIALES,standard_x_js,H1988P3CI115,55,129,55,https://historico.conaliteg.gob.mx/c/H1988P3CI115/055.jpg,0,source_jpeg,served_image,200,image/jpeg,57582,c923b65efd3c21cb842caceccbfa8b544d8da23eb84b4551728e5f773048df42,1,
LTMD_U1_W4_SOCIAL_SCIENCES_ASSET_AUDIT_0.1,H1988P3CI115,1988,3,CIENCIAS SOCIALES,standard_x_js,H1988P3CI115,56,129,56,https://historico.conaliteg.gob.mx/c/H1988P3CI115/056.jpg,0,source_jpeg,served_image,200,image/jpeg,63018,eedfae906a48478de33da7845532a59f91998d4831c05937e753b921a4e9792e,1,
LTMD_U1_W4_SOCIAL_SCIENCES_ASSET_AUDIT_0.1,H1988P3CI115,1988,3,CIENCIAS SOCIALES,standard_x_js,H1988P3CI115,57,129,57,https://historico.conaliteg.gob.mx/c/H1988P3CI115/057.jpg,0,source_jpeg,served_image,200,image/jpeg,51213,851c89894351a07ab096cfc2f5e245b97446b07cb31503143b97bfe79389feca,1,
LTMD_U1_W4_SOCIAL_SCIENCES_ASSET_AUDIT_0.1,H1988P3CI115,1988,3,CIENCIAS SOCIALES,standard_x_js,H1988P3CI115,58,129,58,https://historico.conaliteg.gob.mx/c/H1988P3CI115/058.jpg,0,source_jpeg,served_image,200,image/jpeg,51963,a55b76ef17b6b48121434e8bd2da84f51562cc7f6c00cfdd531ce661ee4db3b8,1,
LTMD_U1_W4_SOCIAL_SCIENCES_ASSET_AUDIT_0.1,H1988P3CI115,1988,3,CIENCIAS SOCIALES,standard_x_js,H1988P3CI115,59,129,59,https://historico.conaliteg.gob.mx/c/H1988P3CI115/059.jpg,0,source_jpeg,served_image,200,image/jpeg,54410,b2f572cbe75d9ce744d5c417956d81e052324043a9f245529262caed614e34c0,1,
LTMD_U1_W4_SOCIAL_SCIENCES_ASSET_AUDIT_0.1,H1988P3CI115,1988,3,CIENCIAS SOCIALES,standard_x_js,H1988P3CI115,60,129,60,https://historico.conaliteg.gob.mx/c/H1988P3CI115/060.jpg,0,source_jpeg,served_image,200,image/jpeg,63259,6bb87764024f75eb6efa71128253495d6de06a5f58ec9db119a1adc8854d1d3b,1,
LTMD_U1_W4_SOCIAL_SCIENCES_ASSET_AUDIT_0.1,H1988P3CI115,1988,3,CIENCIAS SOCIALES,standard_x_js,H1988P3CI115,61,129,61,https://historico.conaliteg.gob.mx/c/H1988P3CI115/061.jpg,0,source_jpeg,served_image,200,image/jpeg,79952,fba96167dc0d01f5f00c64a65c84185bc14a06e9af7d41c731670bc8a1deef36,1,
LTMD_U1_W4_SOCIAL_SCIENCES_ASSET_AUDIT_0.1,H1988P3CI115,1988,3,CIENCIAS SOCIALES,standard_x_js,H1988P3CI115,62,129,62,https://historico.conaliteg.gob.mx/c/H1988P3CI115/062.jpg,0,source_jpeg,served_image,200,image/jpeg,61035,16e56650b6b417ad6a70afc34c4d100425878e301199d24bae15dc1be212078b,1,
LTMD_U1_W4_SOCIAL_SCIENCES_ASSET_AUDIT_0.1,H1988P3CI115,1988,3,CIENCIAS SOCIALES,standard_x_js,H1988P3CI115,63,129,63,https://historico.conaliteg.gob.mx/c/H1988P3CI115/063.jpg,0,source_jpeg,served_image,200,image/jpeg,62546,6efe3b6184181b7b2b46b76b35112a434828132927004e0ac3d1e5d7d640b18f,1,
LTMD_U1_W4_SOCIAL_SCIENCES_ASSET_AUDIT_0.1,H1988P3CI115,1988,3,CIENCIAS SOCIALES,standard_x_js,H1988P3CI115,64,129,64,https://historico.conaliteg.gob.mx/c/H1988P3CI115/064.jpg,0,source_jpeg,served_image,200,image/jpeg,69234,0ab56353a2ff0abec7fe8ee7bd88ff76d8bd44e8761bf1aa9d8a1db7f004a1a7,1,
LTMD_U1_W4_SOCIAL_SCIENCES_ASSET_AUDIT_0.1,H1988P3CI115,1988,3,CIENCIAS SOCIALES,standard_x_js,H1988P3CI115,65,129,65,https://historico.conaliteg.gob.mx/c/H1988P3CI115/065.jpg,0,source_jpeg,served_image,200,image/jpeg,56725,5fa33d401befea93067ca2009afe7d5aef18da8c4d73b3342a4396da48451a5e,1,
LTMD_U1_W4_SOCIAL_SCIENCES_ASSET_AUDIT_0.1,H1988P3CI115,1988,3,CIENCIAS SOCIALES,standard_x_js,H1988P3CI115,66,129,66,https://historico.conaliteg.gob.mx/c/H1988P3CI115/066.jpg,0,source_jpeg,served_image,200,image/jpeg,51327,817459f43587059947b3fe26332c3cef2e3e051ba7db312a4a9f2c21d6e847e2,1,
LTMD_U1_W4_SOCIAL_SCIENCES_ASSET_AUDIT_0.1,H1988P3CI115,1988,3,CIENCIAS SOCIALES,standard_x_js,H1988P3CI115,67,129,67,https://historico.conaliteg.gob.mx/c/H1988P3CI115/067.jpg,0,source_jpeg,served_image,200,image/jpeg,59055,35f010aa0d82d3d2285f2ed97c0245683aca77355d93757e337a83a1dd0555e8,1,
LTMD_U1_W4_SOCIAL_SCIENCES_ASSET_AUDIT_0.1,H1988P3CI115,1988,3,CIENCIAS SOCIALES,standard_x_js,H1988P3CI115,68,129,68,https://historico.conaliteg.gob.mx/c/H1988P3CI115/068.jpg,0,source_jpeg,served_image,200,image/jpeg,53504,adfcb8ab562aa2bdeaf13b9aebaaef269a21a869a4aa2d65ad069c6b4cbc5785,1,
LTMD_U1_W4_SOCIAL_SCIENCES_ASSET_AUDIT_0.1,H1988P3CI115,1988,3,CIENCIAS SOCIALES,standard_x_js,H1988P3CI115,69,129,69,https://historico.conaliteg.gob.mx/c/H1988P3CI115/069.jpg,0,source_jpeg,served_image,200,image/jpeg,59052,398b5c88097022f3783a4cfdefbdac1d4c62db5a0f3f519a7d60c556be9675b0,1,
LTMD_U1_W4_SOCIAL_SCIENCES_ASSET_AUDIT_0.1,H1988P3CI115,1988,3,CIENCIAS SOCIALES,standard_x_js,H1988P3CI115,70,129,70,https://historico.conaliteg.gob.mx/c/H1988P3CI115/070.jpg,0,source_jpeg,served_image,200,image/jpeg,60998,00bab742ef5316e139eca647d9597c66518c3fe5281cc7fd00d73d023dc0de91,1,
LTMD_U1_W4_SOCIAL_SCIENCES_ASSET_AUDIT_0.1,H1988P3CI115,1988,3,CIENCIAS SOCIALES,standard_x_js,H1988P3CI115,71,129,71,https://historico.conaliteg.gob.mx/c/H1988P3CI115/071.jpg,0,source_jpeg,served_image,200,image/jpeg,59140,9f48b3465c915bdd2e63567e8d0648f05687f42e30c1826aebcfefc60cfa4afb,1,
LTMD_U1_W4_SOCIAL_SCIENCES_ASSET_AUDIT_0.1,H1988P3CI115,1988,3,CIENCIAS SOCIALES,standard_x_js,H1988P3CI115,72,129,72,https://historico.conaliteg.gob.mx/c/H1988P3CI115/072.jpg,0,source_jpeg,served_image,200,image/jpeg,52999,74d08c1b1096c1a00f6f34bfaf82e8a5e241b081f6cbaf3e8aae4aa4f2445d78,1,
LTMD_U1_W4_SOCIAL_SCIENCES_ASSET_AUDIT_0.1,H1988P3CI115,1988,3,CIENCIAS SOCIALES,standard_x_js,H1988P3CI115,73,129,73,https://historico.conaliteg.gob.mx/c/H1988P3CI115/073.jpg,0,source_jpeg,served_image,200,image/jpeg,55106,c035267ece0d4a15bc792e5140b7e82a4508a804ee553062715fa5c842bfe39f,1,
LTMD_U1_W4_SOCIAL_SCIENCES_ASSET_AUDIT_0.1,H1988P3CI115,1988,3,CIENCIAS SOCIALES,standard_x_js,H1988P3CI115,74,129,74,https://historico.conaliteg.gob.mx/c/H1988P3CI115/074.jpg,0,source_jpeg,served_image,200,image/jpeg,51604,f662825c34b33fc0e4ef46a089d1f91b059cba505b9a322426d59add301949e2,1,
LTMD_U1_W4_SOCIAL_SCIENCES_ASSET_AUDIT_0.1,H1988P3CI115,1988,3,CIENCIAS SOCIALES,standard_x_js,H1988P3CI115,75,129,75,https://historico.conaliteg.gob.mx/c/H1988P3CI115/075.jpg,0,source_jpeg,served_image,200,image/jpeg,53870,80ed422b2422ccae6dc83bfe12ef8939edb2c9bae78343a97365fef88ed42750,1,
LTMD_U1_W4_SOCIAL_SCIENCES_ASSET_AUDIT_0.1,H1988P3CI115,1988,3,CIENCIAS SOCIALES,standard_x_js,H1988P3CI115,76,129,76,https://historico.conaliteg.gob.mx/c/H1988P3CI115/076.jpg,0,source_jpeg,served_image,200,image/jpeg,65549,b21ad7f98bdac1ea6fce1f192d4226e5539969d88d2cc184ab7c21d00fd2bb9c,1,
LTMD_U1_W4_SOCIAL_SCIENCES_ASSET_AUDIT_0.1,H1988P3CI115,1988,3,CIENCIAS SOCIALES,standard_x_js,H1988P3CI115,77,129,77,https://historico.conaliteg.gob.mx/c/H1988P3CI115/077.jpg,0,source_jpeg,served_image,200,image/jpeg,54119,ad19430e5828fa893b2880bc562977017c2875a3a5b861f650594bceabfcc250,1,
LTMD_U1_W4_SOCIAL_SCIENCES_ASSET_AUDIT_0.1,H1988P3CI115,1988,3,CIENCIAS SOCIALES,standard_x_js,H1988P3CI115,78,129,78,https://historico.conaliteg.gob.mx/c/H1988P3CI115/078.jpg,0,source_jpeg,served_image,200,image/jpeg,63210,2be44620a1ac9cec6c4d754e2d96ba878a13acba8bc530dc90f787e0f4859458,1,
LTMD_U1_W4_SOCIAL_SCIENCES_ASSET_AUDIT_0.1,H1988P3CI115,1988,3,CIENCIAS SOCIALES,standard_x_js,H1988P3CI115,79,129,79,https://historico.conaliteg.gob.mx/c/H1988P3CI115/079.jpg,0,source_jpeg,served_image,200,image/jpeg,51583,eab9d559eb11d365fa66f71523235a2527116f2cf740c73a8dcf86f66d274750,1,
LTMD_U1_W4_SOCIAL_SCIENCES_ASSET_AUDIT_0.1,H1988P3CI115,1988,3,CIENCIAS SOCIALES,standard_x_js,H1988P3CI115,80,129,80,https://historico.conaliteg.gob.mx/c/H1988P3CI115/080.jpg,0,source_jpeg,served_image,200,image/jpeg,51022,4afda5bf20694cb9f5e4d98f3ec95812e73844e52ec8ebf08101a0fa8a57548a,1,
LTMD_U1_W4_SOCIAL_SCIENCES_ASSET_AUDIT_0.1,H1988P3CI115,1988,3,CIENCIAS SOCIALES,standard_x_js,H1988P3CI115,81,129,81,https://historico.conaliteg.gob.mx/c/H1988P3CI115/081.jpg,0,source_jpeg,served_image,200,image/jpeg,68813,b265859019f8e00ebbd8adaf371535940bc0cf0345de7bf6f177f14cc67bd706,1,
LTMD_U1_W4_SOCIAL_SCIENCES_ASSET_AUDIT_0.1,H1988P3CI115,1988,3,CIENCIAS SOCIALES,standard_x_js,H1988P3CI115,82,129,82,https://historico.conaliteg.gob.mx/c/H1988P3CI115/082.jpg,0,source_jpeg,served_image,200,image/jpeg,69641,2f5977df80e877c7d6a9899a20d08a1dfa8df08c4ba5477ce32284ab3784d56d,1,
LTMD_U1_W4_SOCIAL_SCIENCES_ASSET_AUDIT_0.1,H1988P3CI115,1988,3,CIENCIAS SOCIALES,standard_x_js,H1988P3CI115,83,129,83,https://historico.conaliteg.gob.mx/c/H1988P3CI115/083.jpg,0,source_jpeg,served_image,200,image/jpeg,58862,46403951d73586089ae3a6af72d9b49b8935f0c0a1201ac7bb32343f911c293a,1,
LTMD_U1_W4_SOCIAL_SCIENCES_ASSET_AUDIT_0.1,H1988P3CI115,1988,3,CIENCIAS SOCIALES,standard_x_js,H1988P3CI115,84,129,84,https://historico.conaliteg.gob.mx/c/H1988P3CI115/084.jpg,0,source_jpeg,served_image,200,image/jpeg,72448,d204861953d28f07ffa589bd5ace7dbba66d822714df441f2071d0f85e4ecfd8,1,
LTMD_U1_W4_SOCIAL_SCIENCES_ASSET_AUDIT_0.1,H1988P3CI115,1988,3,CIENCIAS SOCIALES,standard_x_js,H1988P3CI115,85,129,85,https://historico.conaliteg.gob.mx/c/H1988P3CI115/085.jpg,0,source_jpeg,served_image,200,image/jpeg,54885,91aab7d658a38f679e84cb7d79e02ca95bb3c860885d8a5c2ad3e7de95972658,1,
LTMD_U1_W4_SOCIAL_SCIENCES_ASSET_AUDIT_0.1,H1988P3CI115,1988,3,CIENCIAS SOCIALES,standard_x_js,H1988P3CI115,86,129,86,https://historico.conaliteg.gob.mx/c/H1988P3CI115/086.jpg,0,source_jpeg,served_image,200,image/jpeg,64641,d6b296e6c7f876e38be101d8fb85276815cfb814c844d15b90260d0fca40d107,1,
LTMD_U1_W4_SOCIAL_SCIENCES_ASSET_AUDIT_0.1,H1988P3CI115,1988,3,CIENCIAS SOCIALES,standard_x_js,H1988P3CI115,87,129,87,https://historico.conaliteg.gob.mx/c/H1988P3CI115/087.jpg,0,source_jpeg,served_image,200,image/jpeg,77393,5ac6f64793551187b5850e9177a00135486f11a985faf9b54b973e928f390c8d,1,
LTMD_U1_W4_SOCIAL_SCIENCES_ASSET_AUDIT_0.1,H1988P3CI115,1988,3,CIENCIAS SOCIALES,standard_x_js,H1988P3CI115,88,129,88,https://historico.conaliteg.gob.mx/c/H1988P3CI115/088.jpg,0,source_jpeg,served_image,200,image/jpeg,64726,07097ed5fd6d931e7d4c8cc2363d44ceb52223abf7b8787f7a1593c5fa99328d,1,
LTMD_U1_W4_SOCIAL_SCIENCES_ASSET_AUDIT_0.1,H1988P3CI115,1988,3,CIENCIAS SOCIALES,standard_x_js,H1988P3CI115,89,129,89,https://historico.conaliteg.gob.mx/c/H1988P3CI115/089.jpg,0,source_jpeg,served_image,200,image/jpeg,49699,57ac4abe0ad28a3bfd86a100ec85b0af6eba9822931f35c0509693bdcf74576d,1,
LTMD_U1_W4_SOCIAL_SCIENCES_ASSET_AUDIT_0.1,H1988P3CI115,1988,3,CIENCIAS SOCIALES,standard_x_js,H1988P3CI115,90,129,90,https://historico.conaliteg.gob.mx/c/H1988P3CI115/090.jpg,0,source_jpeg,served_image,200,image/jpeg,73238,0d8167371383ef671825e5c1274f568379a4f0483254edf6e0ba374955f423da,1,
LTMD_U1_W4_SOCIAL_SCIENCES_ASSET_AUDIT_0.1,H1988P3CI115,1988,3,CIENCIAS SOCIALES,standard_x_js,H1988P3CI115,91,129,91,https://historico.conaliteg.gob.mx/c/H1988P3CI115/091.jpg,0,source_jpeg,served_image,200,image/jpeg,58188,41908a9b0d6a29438dd04e3682232f9f45934e959fafe545907a6abd33ce0c22,1,
LTMD_U1_W4_SOCIAL_SCIENCES_ASSET_AUDIT_0.1,H1988P3CI115,1988,3,CIENCIAS SOCIALES,standard_x_js,H1988P3CI115,92,129,92,https://historico.conaliteg.gob.mx/c/H1988P3CI115/092.jpg,0,source_jpeg,served_image,200,image/jpeg,39490,379802ad1b91c6f92515fe5b879631147e20e3b835e1896d5a62075f3c9ca62b,1,
LTMD_U1_W4_SOCIAL_SCIENCES_ASSET_AUDIT_0.1,H1988P3CI115,1988,3,CIENCIAS SOCIALES,standard_x_js,H1988P3CI115,93,129,93,https://historico.conaliteg.gob.mx/c/H1988P3CI115/093.jpg,0,source_jpeg,served_image,200,image/jpeg,60998,758a051a42f727f6104e0f90f546091cdb4ace7d06e86352201d8fb7171af71e,1,
LTMD_U1_W4_SOCIAL_SCIENCES_ASSET_AUDIT_0.1,H1988P3CI115,1988,3,CIENCIAS SOCIALES,standard_x_js,H1988P3CI115,94,129,94,https://historico.conaliteg.gob.mx/c/H1988P3CI115/094.jpg,0,source_jpeg,served_image,200,image/jpeg,54024,4b9dc341c9b3329ea26de6671e4e2c2b353038ea0a66b365520d217412646a29,1,
LTMD_U1_W4_SOCIAL_SCIENCES_ASSET_AUDIT_0.1,H1988P3CI115,1988,3,CIENCIAS SOCIALES,standard_x_js,H1988P3CI115,95,129,95,https://historico.conaliteg.gob.mx/c/H1988P3CI115/095.jpg,0,source_jpeg,served_image,200,image/jpeg,48264,59e4242e2efce5c30eef106428f99169f7bed0fb2d728ea6af3f4b6fddcfef23,1,
LTMD_U1_W4_SOCIAL_SCIENCES_ASSET_AUDIT_0.1,H1988P3CI115,1988,3,CIENCIAS SOCIALES,standard_x_js,H1988P3CI115,96,129,96,https://historico.conaliteg.gob.mx/c/H1988P3CI115/096.jpg,0,source_jpeg,served_image,200,image/jpeg,55908,ef478be7809850065d38e958ad4536054c43a51c410ebaa7a08d4664764600f3,1,
LTMD_U1_W4_SOCIAL_SCIENCES_ASSET_AUDIT_0.1,H1988P3CI115,1988,3,CIENCIAS SOCIALES,standard_x_js,H1988P3CI115,97,129,97,https://historico.conaliteg.gob.mx/c/H1988P3CI115/097.jpg,0,source_jpeg,served_image,200,image/jpeg,56794,2525a3cbd84ffb3856c07f6867bdf95fd5e219e0a375c39d03f3d7cf98799d32,1,
LTMD_U1_W4_SOCIAL_SCIENCES_ASSET_AUDIT_0.1,H1988P3CI115,1988,3,CIENCIAS SOCIALES,standard_x_js,H1988P3CI115,98,129,98,https://historico.conaliteg.gob.mx/c/H1988P3CI115/098.jpg,0,source_jpeg,served_image,200,image/jpeg,70566,9dc4d47feee46d56c5106d33c48226d9492ca87035a6ab3304a8f2abc9e48a98,1,
LTMD_U1_W4_SOCIAL_SCIENCES_ASSET_AUDIT_0.1,H1988P3CI115,1988,3,CIENCIAS SOCIALES,standard_x_js,H1988P3CI115,99,129,99,https://historico.conaliteg.gob.mx/c/H1988P3CI115/099.jpg,0,source_jpeg,served_image,200,image/jpeg,68628,1b240fcb20f0a938ee41e89d8d0b41b9120e88debeb0e1948ec88b4597294d5e,1,
LTMD_U1_W4_SOCIAL_SCIENCES_ASSET_AUDIT_0.1,H1988P3CI115,1988,3,CIENCIAS SOCIALES,standard_x_js,H1988P3CI115,100,129,100,https://historico.conaliteg.gob.mx/c/H1988P3CI115/100.jpg,0,source_jpeg,served_image,200,image/jpeg,70928,a3ec5f451ef87297ae077964dbf764a473c300bce31a7920b1f56db7e384208c,1,
LTMD_U1_W4_SOCIAL_SCIENCES_ASSET_AUDIT_0.1,H1988P3CI115,1988,3,CIENCIAS SOCIALES,standard_x_js,H1988P3CI115,101,129,101,https://historico.conaliteg.gob.mx/c/H1988P3CI115/101.jpg,0,source_jpeg,served_image,200,image/jpeg,58716,f3323506673fc1f727af1867663ccdc83abc411d110dcc66e93efa65add685fe,1,
LTMD_U1_W4_SOCIAL_SCIENCES_ASSET_AUDIT_0.1,H1988P3CI115,1988,3,CIENCIAS SOCIALES,standard_x_js,H1988P3CI115,102,129,102,https://historico.conaliteg.gob.mx/c/H1988P3CI115/102.jpg,0,source_jpeg,served_image,200,image/jpeg,65065,4b0badf358ec6a1f5336c5057246a89ef37d2858ff45452a820d1b058f1ab91c,1,
LTMD_U1_W4_SOCIAL_SCIENCES_ASSET_AUDIT_0.1,H1988P3CI115,1988,3,CIENCIAS SOCIALES,standard_x_js,H1988P3CI115,103,129,103,https://historico.conaliteg.gob.mx/c/H1988P3CI115/103.jpg,0,source_jpeg,served_image,200,image/jpeg,68515,55f633b2f990bf73bc67cdd0c9396145f6cb6ccc2451a62bae59d79187b25e49,1,
LTMD_U1_W4_SOCIAL_SCIENCES_ASSET_AUDIT_0.1,H1988P3CI115,1988,3,CIENCIAS SOCIALES,standard_x_js,H1988P3CI115,104,129,104,https://historico.conaliteg.gob.mx/c/H1988P3CI115/104.jpg,0,source_jpeg,served_image,200,image/jpeg,49601,98b06ad2a7e9c910c6dcdef6f5a5634d99f3afe2a7f3437dd85a3b28c0e4246c,1,
LTMD_U1_W4_SOCIAL_SCIENCES_ASSET_AUDIT_0.1,H1988P3CI115,1988,3,CIENCIAS SOCIALES,standard_x_js,H1988P3CI115,105,129,105,https://historico.conaliteg.gob.mx/c/H1988P3CI115/105.jpg,0,source_jpeg,served_image,200,image/jpeg,64146,9df132185f4ca1736771eb74182f9be5ba32af6585f61ee6229e215fac0da508,1,
LTMD_U1_W4_SOCIAL_SCIENCES_ASSET_AUDIT_0.1,H1988P3CI115,1988,3,CIENCIAS SOCIALES,standard_x_js,H1988P3CI115,106,129,106,https://historico.conaliteg.gob.mx/c/H1988P3CI115/106.jpg,0,source_jpeg,served_image,200,image/jpeg,60164,50de52cd486dd17bab190a74fa62c26ab866254022f8b195b6813d24a7186f2d,1,
LTMD_U1_W4_SOCIAL_SCIENCES_ASSET_AUDIT_0.1,H1988P3CI115,1988,3,CIENCIAS SOCIALES,standard_x_js,H1988P3CI115,107,129,107,https://historico.conaliteg.gob.mx/c/H1988P3CI115/107.jpg,0,source_jpeg,served_image,200,image/jpeg,57982,cab8f34f44fa5fae72719074cbc4600bf4a82548fb163228ff33c422833bdb48,1,
LTMD_U1_W4_SOCIAL_SCIENCES_ASSET_AUDIT_0.1,H1988P3CI115,1988,3,CIENCIAS SOCIALES,standard_x_js,H1988P3CI115,108,129,108,https://historico.conaliteg.gob.mx/c/H1988P3CI115/108.jpg,0,source_jpeg,served_image,200,image/jpeg,52639,0e704c598a23a21331abd61e8205e8aadbc8b085ac3f8d8de81be008b09eeb9e,1,
LTMD_U1_W4_SOCIAL_SCIENCES_ASSET_AUDIT_0.1,H1988P3CI115,1988,3,CIENCIAS SOCIALES,standard_x_js,H1988P3CI115,109,129,109,https://historico.conaliteg.gob.mx/c/H1988P3CI115/109.jpg,0,source_jpeg,served_image,200,image/jpeg,56282,93246fc8496ca8cc4f583960434bca82a5d49f2e6db5a987f06216f375f2c112,1,
LTMD_U1_W4_SOCIAL_SCIENCES_ASSET_AUDIT_0.1,H1988P3CI115,1988,3,CIENCIAS SOCIALES,standard_x_js,H1988P3CI115,110,129,110,https://historico.conaliteg.gob.mx/c/H1988P3CI115/110.jpg,0,source_jpeg,served_image,200,image/jpeg,60134,849037c8bbe29fd64a2c95bd5d2bef00696c931cfb69e2526876583fd6c0f8dc,1,
LTMD_U1_W4_SOCIAL_SCIENCES_ASSET_AUDIT_0.1,H1988P3CI115,1988,3,CIENCIAS SOCIALES,standard_x_js,H1988P3CI115,111,129,111,https://historico.conaliteg.gob.mx/c/H1988P3CI115/111.jpg,0,source_jpeg,served_image,200,image/jpeg,58353,c0a729dcfbd911478bf72fb9b3f2cd65510e212b8f99d0fb35afa5c4d622c614,1,
LTMD_U1_W4_SOCIAL_SCIENCES_ASSET_AUDIT_0.1,H1988P3CI115,1988,3,CIENCIAS SOCIALES,standard_x_js,H1988P3CI115,112,129,112,https://historico.conaliteg.gob.mx/c/H1988P3CI115/112.jpg,0,source_jpeg,served_image,200,image/jpeg,46250,c7ec979845d16bf52c3ac8992771f421a602af62f9e24953985287c83bc38e12,1,
LTMD_U1_W4_SOCIAL_SCIENCES_ASSET_AUDIT_0.1,H1988P3CI115,1988,3,CIENCIAS SOCIALES,standard_x_js,H1988P3CI115,113,129,113,https://historico.conaliteg.gob.mx/c/H1988P3CI115/113.jpg,0,source_jpeg,served_image,200,image/jpeg,56266,558fec89b94e79ba59e8a1bd4e24318069b6acc54b8ec84084ac120b20c2b175,1,
LTMD_U1_W4_SOCIAL_SCIENCES_ASSET_AUDIT_0.1,H1988P3CI115,1988,3,CIENCIAS SOCIALES,standard_x_js,H1988P3CI115,114,129,114,https://historico.conaliteg.gob.mx/c/H1988P3CI115/114.jpg,0,source_jpeg,served_image,200,image/jpeg,63621,3e13a46b6606074b3bd54eca23ef745c6bb449e13487fa64a0b5f17b53a1e331,1,
LTMD_U1_W4_SOCIAL_SCIENCES_ASSET_AUDIT_0.1,H1988P3CI115,1988,3,CIENCIAS SOCIALES,standard_x_js,H1988P3CI115,115,129,115,https://historico.conaliteg.gob.mx/c/H1988P3CI115/115.jpg,0,source_jpeg,served_image,200,image/jpeg,63728,0dbd116c82167cb676439d1bc2236f02d991beca3a935c71b28eff6781b8b885,1,
LTMD_U1_W4_SOCIAL_SCIENCES_ASSET_AUDIT_0.1,H1988P3CI115,1988,3,CIENCIAS SOCIALES,standard_x_js,H1988P3CI115,116,129,116,https://historico.conaliteg.gob.mx/c/H1988P3CI115/116.jpg,0,source_jpeg,served_image,200,image/jpeg,43979,2b1b6da61e05a0717d4b4d3cbc6906242a368f6a39b16b85d81f5c4454bd3f28,1,
LTMD_U1_W4_SOCIAL_SCIENCES_ASSET_AUDIT_0.1,H1988P3CI115,1988,3,CIENCIAS SOCIALES,standard_x_js,H1988P3CI115,117,129,117,https://historico.conaliteg.gob.mx/c/H1988P3CI115/117.jpg,0,source_jpeg,served_image,200,image/jpeg,37781,2bca894057f318b2b1c3c6f554987b08f084e8e2edc8ea496f35dfd499bc5014,1,
LTMD_U1_W4_SOCIAL_SCIENCES_ASSET_AUDIT_0.1,H1988P3CI115,1988,3,CIENCIAS SOCIALES,standard_x_js,H1988P3CI115,118,129,118,https://historico.conaliteg.gob.mx/c/H1988P3CI115/118.jpg,0,source_jpeg,served_image,200,image/jpeg,57233,8b40462d2376ddec3b0b37095b8b1b096bb297c984baa734eb326d919a228019,1,
LTMD_U1_W4_SOCIAL_SCIENCES_ASSET_AUDIT_0.1,H1988P3CI115,1988,3,CIENCIAS SOCIALES,standard_x_js,H1988P3CI115,119,129,119,https://historico.conaliteg.gob.mx/c/H1988P3CI115/119.jpg,0,source_jpeg,served_image,200,image/jpeg,58420,a67076f0ffb10fcf98ad264db28a8b52e85a2ab686ae1fa4f358bd961aec1572,1,
LTMD_U1_W4_SOCIAL_SCIENCES_ASSET_AUDIT_0.1,H1988P3CI115,1988,3,CIENCIAS SOCIALES,standard_x_js,H1988P3CI115,120,129,120,https://historico.conaliteg.gob.mx/c/H1988P3CI115/120.jpg,0,source_jpeg,served_image,200,image/jpeg,47238,d2cb145dd812fe05e5c1eadc629ddd5748b95961f310c0f2828aa1a1f19458f5,1,
LTMD_U1_W4_SOCIAL_SCIENCES_ASSET_AUDIT_0.1,H1988P3CI115,1988,3,CIENCIAS SOCIALES,standard_x_js,H1988P3CI115,121,129,121,https://historico.conaliteg.gob.mx/c/H1988P3CI115/121.jpg,0,source_jpeg,served_image,200,image/jpeg,52919,4938319076f1355fd5d036c31f4d4857779ef3bf38b7c70e144603c2e461a623,1,
LTMD_U1_W4_SOCIAL_SCIENCES_ASSET_AUDIT_0.1,H1988P3CI115,1988,3,CIENCIAS SOCIALES,standard_x_js,H1988P3CI115,122,129,122,https://historico.conaliteg.gob.mx/c/H1988P3CI115/122.jpg,0,source_jpeg,served_image,200,image/jpeg,44605,9b643a25e44c3d8033ba4e8141dade3e28e2655a6ad286343ecbc40aadde5523,1,
LTMD_U1_W4_SOCIAL_SCIENCES_ASSET_AUDIT_0.1,H1988P3CI115,1988,3,CIENCIAS SOCIALES,standard_x_js,H1988P3CI115,123,129,123,https://historico.conaliteg.gob.mx/c/H1988P3CI115/123.jpg,0,source_jpeg,served_image,200,image/jpeg,45894,1f421b8b7eb30e18a33259e25155cfa5276ee5b09c3a1e58b283d42cf909d0fd,1,
LTMD_U1_W4_SOCIAL_SCIENCES_ASSET_AUDIT_0.1,H1988P3CI115,1988,3,CIENCIAS SOCIALES,standard_x_js,H1988P3CI115,124,129,124,https://historico.conaliteg.gob.mx/c/H1988P3CI115/124.jpg,0,source_jpeg,served_image,200,image/jpeg,43638,cc9337c681502b2d6d0dcf2aad10a16bf5a42c2efcbb75fdc85fc85dcf205d36,1,
LTMD_U1_W4_SOCIAL_SCIENCES_ASSET_AUDIT_0.1,H1988P3CI115,1988,3,CIENCIAS SOCIALES,standard_x_js,H1988P3CI115,125,129,125,https://historico.conaliteg.gob.mx/c/H1988P3CI115/125.jpg,0,source_jpeg,served_image,200,image/jpeg,59810,7eaa29a5b8d67b0a42386e49fcc0b44d2f0332f8561d8c428a78349c892cdbdf,1,
LTMD_U1_W4_SOCIAL_SCIENCES_ASSET_AUDIT_0.1,H1988P3CI115,1988,3,CIENCIAS SOCIALES,standard_x_js,H1988P3CI115,126,129,126,https://historico.conaliteg.gob.mx/c/H1988P3CI115/126.jpg,0,source_jpeg,served_image,200,image/jpeg,21711,55a4b4323f18ade51bf13a7fbdb96bbf0bdd6b42d885e447211669f1ae016c84,1,
LTMD_U1_W4_SOCIAL_SCIENCES_ASSET_AUDIT_0.1,H1988P3CI115,1988,3,CIENCIAS SOCIALES,standard_x_js,H1988P3CI115,127,129,127,https://historico.conaliteg.gob.mx/c/H1988P3CI115/127.jpg,0,source_jpeg,served_image,200,image/jpeg,63147,99b52e2546019823533fbe881897508e28c41b8c6cd34ccb1326e286201aa4d8,1,
LTMD_U1_W4_SOCIAL_SCIENCES_ASSET_AUDIT_0.1,H1988P3CI115,1988,3,CIENCIAS SOCIALES,standard_x_js,H1988P3CI115,128,129,128,https://historico.conaliteg.gob.mx/c/H1988P3CI115/128.jpg,0,source_jpeg,served_image,200,image/jpeg,306383,00b259cf3d84c01d42dd677c71991c9e88f91fb28df704db7bb8a5dd2f1f6b4e,1,
LTMD_U1_W4_SOCIAL_SCIENCES_ASSET_AUDIT_0.1,H1988P3CI115,1988,3,CIENCIAS SOCIALES,standard_x_js,H1988P3CI115,129,129,129,https://historico.conaliteg.gob.mx/c/H1988P3CI115/129.jpg,1,terminal_synthetic_candidate,http_404,404,text/html; charset=iso-8859-1,,,1,HTTP 404
LTMD_U1_W4_SOCIAL_SCIENCES_ASSET_AUDIT_0.1,H1988P4CI120,1988,4,CIENCIAS SOCIALES,standard_x_js,H1988P4CI120,1,147,0,https://historico.conaliteg.gob.mx/c/H1988P4CI120/000.jpg,0,source_jpeg,served_image,200,image/jpeg,225534,ec77ac490afdf6100db24ec8a05fe59529849700ee74acb3bf045a5885bd076b,1,
LTMD_U1_W4_SOCIAL_SCIENCES_ASSET_AUDIT_0.1,H1988P4CI120,1988,4,CIENCIAS SOCIALES,standard_x_js,H1988P4CI120,2,147,2,https://historico.conaliteg.gob.mx/c/H1988P4CI120/002.jpg,0,source_jpeg,served_image,200,image/jpeg,50225,75b60f7d77da916387f887631b8e66505c4d6ae867f552bc52453818b27083a5,1,
LTMD_U1_W4_SOCIAL_SCIENCES_ASSET_AUDIT_0.1,H1988P4CI120,1988,4,CIENCIAS SOCIALES,standard_x_js,H1988P4CI120,3,147,3,https://historico.conaliteg.gob.mx/c/H1988P4CI120/003.jpg,0,source_jpeg,served_image,200,image/jpeg,80074,7eb76f0df3c9334d17db939bfd80a77f97ac2b73dce962c680d5ba5d4eba6e4c,1,
LTMD_U1_W4_SOCIAL_SCIENCES_ASSET_AUDIT_0.1,H1988P4CI120,1988,4,CIENCIAS SOCIALES,standard_x_js,H1988P4CI120,4,147,4,https://historico.conaliteg.gob.mx/c/H1988P4CI120/004.jpg,0,source_jpeg,served_image,200,image/jpeg,70085,aa0e2d2ce6d00a2274c570ac20b34aa115170c580813c67e39e5fcd05753eed4,1,
LTMD_U1_W4_SOCIAL_SCIENCES_ASSET_AUDIT_0.1,H1988P4CI120,1988,4,CIENCIAS SOCIALES,standard_x_js,H1988P4CI120,5,147,5,https://historico.conaliteg.gob.mx/c/H1988P4CI120/005.jpg,0,source_jpeg,served_image,200,image/jpeg,70265,356b0cc593926e427032951e5174dba68678c5826033928952ea2e536d378c77,1,
LTMD_U1_W4_SOCIAL_SCIENCES_ASSET_AUDIT_0.1,H1988P4CI120,1988,4,CIENCIAS SOCIALES,standard_x_js,H1988P4CI120,6,147,6,https://historico.conaliteg.gob.mx/c/H1988P4CI120/006.jpg,0,source_jpeg,served_image,200,image/jpeg,55670,7aa4338f73cb8f27037912ab22bfcc6afbcd521c67e80843e1eab200ae9c7bf5,1,
LTMD_U1_W4_SOCIAL_SCIENCES_ASSET_AUDIT_0.1,H1988P4CI120,1988,4,CIENCIAS SOCIALES,standard_x_js,H1988P4CI120,7,147,7,https://historico.conaliteg.gob.mx/c/H1988P4CI120/007.jpg,0,source_jpeg,served_image,200,image/jpeg,53431,d5e9266f431efb45583f8c8ed5e375b863a3445f8a8b101ac89328ec51c35bda,1,
LTMD_U1_W4_SOCIAL_SCIENCES_ASSET_AUDIT_0.1,H1988P4CI120,1988,4,CIENCIAS SOCIALES,standard_x_js,H1988P4CI120,8,147,8,https://historico.conaliteg.gob.mx/c/H1988P4CI120/008.jpg,0,source_jpeg,served_image,200,image/jpeg,61043,6d1651881d06a9f35effbbee544c34118ad48dc8b8a27bebdb4e3f86ae59a7f7,1,
LTMD_U1_W4_SOCIAL_SCIENCES_ASSET_AUDIT_0.1,H1988P4CI120,1988,4,CIENCIAS SOCIALES,standard_x_js,H1988P4CI120,9,147,9,https://historico.conaliteg.gob.mx/c/H1988P4CI120/009.jpg,0,source_jpeg,served_image,200,image/jpeg,49872,a6cce6797626d5e571e413d8b24a1fe824e8a59a0656332945ed0183ef5e16fc,1,
LTMD_U1_W4_SOCIAL_SCIENCES_ASSET_AUDIT_0.1,H1988P4CI120,1988,4,CIENCIAS SOCIALES,standard_x_js,H1988P4CI120,10,147,10,https://historico.conaliteg.gob.mx/c/H1988P4CI120/010.jpg,0,source_jpeg,served_image,200,image/jpeg,79457,813423ce41c8ff11886069c60226ebbeef006222fb9c07a352e1df52277da23d,1,
LTMD_U1_W4_SOCIAL_SCIENCES_ASSET_AUDIT_0.1,H1988P4CI120,1988,4,CIENCIAS SOCIALES,standard_x_js,H1988P4CI120,11,147,11,https://historico.conaliteg.gob.mx/c/H1988P4CI120/011.jpg,0,source_jpeg,served_image,200,image/jpeg,60247,d72f2c32f6d8e8c8272f5d1eff3f5a493a6ae1dce10593b3d0876db1435a872d,1,
LTMD_U1_W4_SOCIAL_SCIENCES_ASSET_AUDIT_0.1,H1988P4CI120,1988,4,CIENCIAS SOCIALES,standard_x_js,H1988P4CI120,12,147,12,https://historico.conaliteg.gob.mx/c/H1988P4CI120/012.jpg,0,source_jpeg,served_image,200,image/jpeg,58834,1437827733ff0c01110096119becf792bdc62c7846a1150f72c81a7160bc9384,1,
LTMD_U1_W4_SOCIAL_SCIENCES_ASSET_AUDIT_0.1,H1988P4CI120,1988,4,CIENCIAS SOCIALES,standard_x_js,H1988P4CI120,13,147,13,https://historico.conaliteg.gob.mx/c/H1988P4CI120/013.jpg,0,source_jpeg,served_image,200,image/jpeg,58066,81d4d467508b520d3bdad36f84201ea3504348d185300683cb3395e74cd5ae0c,1,
LTMD_U1_W4_SOCIAL_SCIENCES_ASSET_AUDIT_0.1,H1988P4CI120,1988,4,CIENCIAS SOCIALES,standard_x_js,H1988P4CI120,14,147,14,https://historico.conaliteg.gob.mx/c/H1988P4CI120/014.jpg,0,source_jpeg,served_image,200,image/jpeg,66914,1b804533d84c64fd96c341178ae6c17616ea4347078879b258b950077b096ee4,1,
LTMD_U1_W4_SOCIAL_SCIENCES_ASSET_AUDIT_0.1,H1988P4CI120,1988,4,CIENCIAS SOCIALES,standard_x_js,H1988P4CI120,15,147,15,https://historico.conaliteg.gob.mx/c/H1988P4CI120/015.jpg,0,source_jpeg,served_image,200,image/jpeg,66151,e24bc988b41b6cc1809277a63fd6069e14becb7b049347d753efc72738a182d6,1,
LTMD_U1_W4_SOCIAL_SCIENCES_ASSET_AUDIT_0.1,H1988P4CI120,1988,4,CIENCIAS SOCIALES,standard_x_js,H1988P4CI120,16,147,16,https://historico.conaliteg.gob.mx/c/H1988P4CI120/016.jpg,0,source_jpeg,served_image,200,image/jpeg,62552,ba3ccccf928e70df13d1a92440b6de9fd5b08d5a3c6c3677210400ac245ec35a,1,
LTMD_U1_W4_SOCIAL_SCIENCES_ASSET_AUDIT_0.1,H1988P4CI120,1988,4,CIENCIAS SOCIALES,standard_x_js,H1988P4CI120,17,147,17,https://historico.conaliteg.gob.mx/c/H1988P4CI120/017.jpg,0,source_jpeg,served_image,200,image/jpeg,60895,7f942bec9a6aef851355540e2c9839b9a0cff6ac1b55ceffb936c01ccbe18593,1,
LTMD_U1_W4_SOCIAL_SCIENCES_ASSET_AUDIT_0.1,H1988P4CI120,1988,4,CIENCIAS SOCIALES,standard_x_js,H1988P4CI120,18,147,18,https://historico.conaliteg.gob.mx/c/H1988P4CI120/018.jpg,0,source_jpeg,served_image,200,image/jpeg,66599,1362813e724ba405e252595d999b36aeb745924af143a667deb17fd68a821e49,1,
LTMD_U1_W4_SOCIAL_SCIENCES_ASSET_AUDIT_0.1,H1988P4CI120,1988,4,CIENCIAS SOCIALES,standard_x_js,H1988P4CI120,19,147,19,https://historico.conaliteg.gob.mx/c/H1988P4CI120/019.jpg,0,source_jpeg,served_image,200,image/jpeg,72453,44c85166eaddb2bfeb244ebc84dfb75acf1d23c6338d526dca15b6a5bf235044,1,
LTMD_U1_W4_SOCIAL_SCIENCES_ASSET_AUDIT_0.1,H1988P4CI120,1988,4,CIENCIAS SOCIALES,standard_x_js,H1988P4CI120,20,147,20,https://historico.conaliteg.gob.mx/c/H1988P4CI120/020.jpg,0,source_jpeg,served_image,200,image/jpeg,66788,abf8efd8cac0123c140a5526e19be2faf38c3f39f35d53fe5497ff0c29633a4a,1,
LTMD_U1_W4_SOCIAL_SCIENCES_ASSET_AUDIT_0.1,H1988P4CI120,1988,4,CIENCIAS SOCIALES,standard_x_js,H1988P4CI120,21,147,21,https://historico.conaliteg.gob.mx/c/H1988P4CI120/021.jpg,0,source_jpeg,served_image,200,image/jpeg,63554,7171ac721cff05f2b4672cbc47665251da500dec42c8f2986548464a65ac3b38,1,
LTMD_U1_W4_SOCIAL_SCIENCES_ASSET_AUDIT_0.1,H1988P4CI120,1988,4,CIENCIAS SOCIALES,standard_x_js,H1988P4CI120,22,147,22,https://historico.conaliteg.gob.mx/c/H1988P4CI120/022.jpg,0,source_jpeg,served_image,200,image/jpeg,68258,e91732c327167e3c54527a338c5096b24b6e31d92a2b44c156e1f30ae86ccdbb,1,
LTMD_U1_W4_SOCIAL_SCIENCES_ASSET_AUDIT_0.1,H1988P4CI120,1988,4,CIENCIAS SOCIALES,standard_x_js,H1988P4CI120,23,147,23,https://historico.conaliteg.gob.mx/c/H1988P4CI120/023.jpg,0,source_jpeg,served_image,200,image/jpeg,69876,4514bbfdf7b33ae2a9961e161a374be0c40b97fad195a0e4eec2d77c21183cf9,1,
LTMD_U1_W4_SOCIAL_SCIENCES_ASSET_AUDIT_0.1,H1988P4CI120,1988,4,CIENCIAS SOCIALES,standard_x_js,H1988P4CI120,24,147,24,https://historico.conaliteg.gob.mx/c/H1988P4CI120/024.jpg,0,source_jpeg,served_image,200,image/jpeg,71358,0ad1801b0caeb9cc9fa6d90a98ceba169220a5168c304d962b43b2959829486e,1,
LTMD_U1_W4_SOCIAL_SCIENCES_ASSET_AUDIT_0.1,H1988P4CI120,1988,4,CIENCIAS SOCIALES,standard_x_js,H1988P4CI120,25,147,25,https://historico.conaliteg.gob.mx/c/H1988P4CI120/025.jpg,0,source_jpeg,served_image,200,image/jpeg,76018,657099068cc141a7f242924c7118067ff7c71eeae5341bd2a0a4643d43f15fb2,1,
LTMD_U1_W4_SOCIAL_SCIENCES_ASSET_AUDIT_0.1,H1988P4CI120,1988,4,CIENCIAS SOCIALES,standard_x_js,H1988P4CI120,26,147,26,https://historico.conaliteg.gob.mx/c/H1988P4CI120/026.jpg,0,source_jpeg,served_image,200,image/jpeg,70259,a1591a2df9b17c00466d64f6390c5a7a714ec50595a23c191f3ded845e42589a,1,
LTMD_U1_W4_SOCIAL_SCIENCES_ASSET_AUDIT_0.1,H1988P4CI120,1988,4,CIENCIAS SOCIALES,standard_x_js,H1988P4CI120,27,147,27,https://historico.conaliteg.gob.mx/c/H1988P4CI120/027.jpg,0,source_jpeg,served_image,200,image/jpeg,66511,1495fd9cc4e74d14970323ea8617c1b82f24909c90efb8a8e6dbfd5c60e014a2,1,
LTMD_U1_W4_SOCIAL_SCIENCES_ASSET_AUDIT_0.1,H1988P4CI120,1988,4,CIENCIAS SOCIALES,standard_x_js,H1988P4CI120,28,147,28,https://historico.conaliteg.gob.mx/c/H1988P4CI120/028.jpg,0,source_jpeg,served_image,200,image/jpeg,71663,bdecc5f75abff865176d2b31b285a104c4821b0ddc5330304d580123909e6664,1,
LTMD_U1_W4_SOCIAL_SCIENCES_ASSET_AUDIT_0.1,H1988P4CI120,1988,4,CIENCIAS SOCIALES,standard_x_js,H1988P4CI120,29,147,29,https://historico.conaliteg.gob.mx/c/H1988P4CI120/029.jpg,0,source_jpeg,served_image,200,image/jpeg,64172,2cbf96fdfddc80fef99e663e47df54fa7d4d57925b23c35bc99557638cd672a7,1,
LTMD_U1_W4_SOCIAL_SCIENCES_ASSET_AUDIT_0.1,H1988P4CI120,1988,4,CIENCIAS SOCIALES,standard_x_js,H1988P4CI120,30,147,30,https://historico.conaliteg.gob.mx/c/H1988P4CI120/030.jpg,0,source_jpeg,served_image,200,image/jpeg,69000,5910b5f8a04f74d0a60e2ffd01dfb971511decb4b851fba4f1441fcfa568c21f,1,
LTMD_U1_W4_SOCIAL_SCIENCES_ASSET_AUDIT_0.1,H1988P4CI120,1988,4,CIENCIAS SOCIALES,standard_x_js,H1988P4CI120,31,147,31,https://historico.conaliteg.gob.mx/c/H1988P4CI120/031.jpg,0,source_jpeg,served_image,200,image/jpeg,76552,5129b1aa8351bc6a36081e6975aa7b9b09ff91e9836ec2fa1e5623d360006d91,1,
LTMD_U1_W4_SOCIAL_SCIENCES_ASSET_AUDIT_0.1,H1988P4CI120,1988,4,CIENCIAS SOCIALES,standard_x_js,H1988P4CI120,32,147,32,https://historico.conaliteg.gob.mx/c/H1988P4CI120/032.jpg,0,source_jpeg,served_image,200,image/jpeg,67657,ef7c7bb20955007c659e70f7e299a174013875822700e85655156f41141cf865,1,
LTMD_U1_W4_SOCIAL_SCIENCES_ASSET_AUDIT_0.1,H1988P4CI120,1988,4,CIENCIAS SOCIALES,standard_x_js,H1988P4CI120,33,147,33,https://historico.conaliteg.gob.mx/c/H1988P4CI120/033.jpg,0,source_jpeg,served_image,200,image/jpeg,64563,fe99e1f6f708419f3bceacb252683c3fe7ad4e4799cd045699b9037315bfb781,1,
LTMD_U1_W4_SOCIAL_SCIENCES_ASSET_AUDIT_0.1,H1988P4CI120,1988,4,CIENCIAS SOCIALES,standard_x_js,H1988P4CI120,34,147,34,https://historico.conaliteg.gob.mx/c/H1988P4CI120/034.jpg,0,source_jpeg,served_image,200,image/jpeg,60105,efb03f87b39d3481be3d4f38c0fd81ba375ffd8563571284c4800d0209c4a22c,1,
LTMD_U1_W4_SOCIAL_SCIENCES_ASSET_AUDIT_0.1,H1988P4CI120,1988,4,CIENCIAS SOCIALES,standard_x_js,H1988P4CI120,35,147,35,https://historico.conaliteg.gob.mx/c/H1988P4CI120/035.jpg,0,source_jpeg,served_image,200,image/jpeg,53194,a1f6f3fcd2f19a81f8de574e61b81c00c674c4eacfaf10ace2c9e6d3c053aa5f,1,
LTMD_U1_W4_SOCIAL_SCIENCES_ASSET_AUDIT_0.1,H1988P4CI120,1988,4,CIENCIAS SOCIALES,standard_x_js,H1988P4CI120,36,147,36,https://historico.conaliteg.gob.mx/c/H1988P4CI120/036.jpg,0,source_jpeg,served_image,200,image/jpeg,52377,9da034358c465431f88b403dcbf725aa5659a85985f53585da18984cb2ed1aa8,1,
LTMD_U1_W4_SOCIAL_SCIENCES_ASSET_AUDIT_0.1,H1988P4CI120,1988,4,CIENCIAS SOCIALES,standard_x_js,H1988P4CI120,37,147,37,https://historico.conaliteg.gob.mx/c/H1988P4CI120/037.jpg,0,source_jpeg,served_image,200,image/jpeg,73877,1ec00496d5dbd3d6f3dcbf4ac2f713184d7c4db4eb9e4b16b93dba49fe1d2f03,1,
LTMD_U1_W4_SOCIAL_SCIENCES_ASSET_AUDIT_0.1,H1988P4CI120,1988,4,CIENCIAS SOCIALES,standard_x_js,H1988P4CI120,38,147,38,https://historico.conaliteg.gob.mx/c/H1988P4CI120/038.jpg,0,source_jpeg,served_image,200,image/jpeg,57602,1be7ef21f2595380412ac29f8533f16be70218e33db01b59732c2082127b5627,1,
LTMD_U1_W4_SOCIAL_SCIENCES_ASSET_AUDIT_0.1,H1988P4CI120,1988,4,CIENCIAS SOCIALES,standard_x_js,H1988P4CI120,39,147,39,https://historico.conaliteg.gob.mx/c/H1988P4CI120/039.jpg,0,source_jpeg,served_image,200,image/jpeg,69690,7db879c705f3f335be6323bb5a6a7fa487cfffd561c1641709241a1014b42e19,1,
LTMD_U1_W4_SOCIAL_SCIENCES_ASSET_AUDIT_0.1,H1988P4CI120,1988,4,CIENCIAS SOCIALES,standard_x_js,H1988P4CI120,40,147,40,https://historico.conaliteg.gob.mx/c/H1988P4CI120/040.jpg,0,source_jpeg,served_image,200,image/jpeg,60775,ace088e5ca6187c9ba0e2d0ac2381fc2768768ede33bc5e7b664b780d6d4b633,1,
LTMD_U1_W4_SOCIAL_SCIENCES_ASSET_AUDIT_0.1,H1988P4CI120,1988,4,CIENCIAS SOCIALES,standard_x_js,H1988P4CI120,41,147,41,https://historico.conaliteg.gob.mx/c/H1988P4CI120/041.jpg,0,source_jpeg,served_image,200,image/jpeg,62820,fc3e74979dcba113cb012288a3453103e209d5917e948935251aa359bc69f5c3,1,
LTMD_U1_W4_SOCIAL_SCIENCES_ASSET_AUDIT_0.1,H1988P4CI120,1988,4,CIENCIAS SOCIALES,standard_x_js,H1988P4CI120,42,147,42,https://historico.conaliteg.gob.mx/c/H1988P4CI120/042.jpg,0,source_jpeg,served_image,200,image/jpeg,57954,81743686aa8239871fa1e617854ae656c6eaf920063e138efc7e0e68206b79bf,1,
LTMD_U1_W4_SOCIAL_SCIENCES_ASSET_AUDIT_0.1,H1988P4CI120,1988,4,CIENCIAS SOCIALES,standard_x_js,H1988P4CI120,43,147,43,https://historico.conaliteg.gob.mx/c/H1988P4CI120/043.jpg,0,source_jpeg,served_image,200,image/jpeg,62331,4c0aff11608654dc17cd1da3ff5c84015ebeddc386d82fab5ebc27684c25793f,1,
LTMD_U1_W4_SOCIAL_SCIENCES_ASSET_AUDIT_0.1,H1988P4CI120,1988,4,CIENCIAS SOCIALES,standard_x_js,H1988P4CI120,44,147,44,https://historico.conaliteg.gob.mx/c/H1988P4CI120/044.jpg,0,source_jpeg,served_image,200,image/jpeg,58276,6374a218f6ef5c8e6927bf49a700393fc8f0c47f4ccb1a82c633d6221d755ef8,1,
LTMD_U1_W4_SOCIAL_SCIENCES_ASSET_AUDIT_0.1,H1988P4CI120,1988,4,CIENCIAS SOCIALES,standard_x_js,H1988P4CI120,45,147,45,https://historico.conaliteg.gob.mx/c/H1988P4CI120/045.jpg,0,source_jpeg,served_image,200,image/jpeg,68393,b9d709085fe72a19a1d907c529ed3cd119ded59f6b98b7182070d6fee7994fbd,1,
LTMD_U1_W4_SOCIAL_SCIENCES_ASSET_AUDIT_0.1,H1988P4CI120,1988,4,CIENCIAS SOCIALES,standard_x_js,H1988P4CI120,46,147,46,https://historico.conaliteg.gob.mx/c/H1988P4CI120/046.jpg,0,source_jpeg,served_image,200,image/jpeg,49628,d534402f0c15ca506116e8824247135e871584d98d10f8f0a62d3f1b8e81436d,1,
LTMD_U1_W4_SOCIAL_SCIENCES_ASSET_AUDIT_0.1,H1988P4CI120,1988,4,CIENCIAS SOCIALES,standard_x_js,H1988P4CI120,47,147,47,https://historico.conaliteg.gob.mx/c/H1988P4CI120/047.jpg,0,source_jpeg,served_image,200,image/jpeg,53166,788f76ca61627f83e6b49eb40244757f7af09ead05eb6114aa1557b4f395af9a,1,
LTMD_U1_W4_SOCIAL_SCIENCES_ASSET_AUDIT_0.1,H1988P4CI120,1988,4,CIENCIAS SOCIALES,standard_x_js,H1988P4CI120,48,147,48,https://historico.conaliteg.gob.mx/c/H1988P4CI120/048.jpg,0,source_jpeg,served_image,200,image/jpeg,69953,5c4b5c1cf6c27c8c495f8f7665bd91ae8818535e72fea152fd69df26afd4c208,1,
LTMD_U1_W4_SOCIAL_SCIENCES_ASSET_AUDIT_0.1,H1988P4CI120,1988,4,CIENCIAS SOCIALES,standard_x_js,H1988P4CI120,49,147,49,https://historico.conaliteg.gob.mx/c/H1988P4CI120/049.jpg,0,source_jpeg,served_image,200,image/jpeg,86755,2de4d0c9857f83c9aeb908628af6e7ae4c4a5a12e956ec6d4be6b6cc1aac7386,1,
LTMD_U1_W4_SOCIAL_SCIENCES_ASSET_AUDIT_0.1,H1988P4CI120,1988,4,CIENCIAS SOCIALES,standard_x_js,H1988P4CI120,50,147,50,https://historico.conaliteg.gob.mx/c/H1988P4CI120/050.jpg,0,source_jpeg,served_image,200,image/jpeg,64827,f2adef7f099b9504dc5a1f36a207427c4f213168c8342afd45c5e5ec8d279d4e,1,
LTMD_U1_W4_SOCIAL_SCIENCES_ASSET_AUDIT_0.1,H1988P4CI120,1988,4,CIENCIAS SOCIALES,standard_x_js,H1988P4CI120,51,147,51,https://historico.conaliteg.gob.mx/c/H1988P4CI120/051.jpg,0,source_jpeg,served_image,200,image/jpeg,76724,a64dce5f6c867a3a85a8a86c3d6646d3a5a2a5b6ea269b1d4ee0240bf334625b,1,
LTMD_U1_W4_SOCIAL_SCIENCES_ASSET_AUDIT_0.1,H1988P4CI120,1988,4,CIENCIAS SOCIALES,standard_x_js,H1988P4CI120,52,147,52,https://historico.conaliteg.gob.mx/c/H1988P4CI120/052.jpg,0,source_jpeg,served_image,200,image/jpeg,55552,b100566f6f62404e8db18f7a05ab948033523123dc9695f7184d94e442025583,1,
LTMD_U1_W4_SOCIAL_SCIENCES_ASSET_AUDIT_0.1,H1988P4CI120,1988,4,CIENCIAS SOCIALES,standard_x_js,H1988P4CI120,53,147,53,https://historico.conaliteg.gob.mx/c/H1988P4CI120/053.jpg,0,source_jpeg,served_image,200,image/jpeg,77304,30278d54e2f7092dd2e85d8a4ba9b1e9995f09fad0ad3249036fd0663d44fbfa,1,
LTMD_U1_W4_SOCIAL_SCIENCES_ASSET_AUDIT_0.1,H1988P4CI120,1988,4,CIENCIAS SOCIALES,standard_x_js,H1988P4CI120,54,147,54,https://historico.conaliteg.gob.mx/c/H1988P4CI120/054.jpg,0,source_jpeg,served_image,200,image/jpeg,53966,ba3e5a782ee5d3e89e99f47174fe6f1c4ac134d5574f1dcb691a71ea02e296bb,1,
LTMD_U1_W4_SOCIAL_SCIENCES_ASSET_AUDIT_0.1,H1988P4CI120,1988,4,CIENCIAS SOCIALES,standard_x_js,H1988P4CI120,55,147,55,https://historico.conaliteg.gob.mx/c/H1988P4CI120/055.jpg,0,source_jpeg,served_image,200,image/jpeg,59968,de450b8bbc1ab1aaf2b1b66a6ac6a4cc01944378ab9847c3277a3d8f1e4c493a,1,
LTMD_U1_W4_SOCIAL_SCIENCES_ASSET_AUDIT_0.1,H1988P4CI120,1988,4,CIENCIAS SOCIALES,standard_x_js,H1988P4CI120,56,147,56,https://historico.conaliteg.gob.mx/c/H1988P4CI120/056.jpg,0,source_jpeg,served_image,200,image/jpeg,63236,b0c3e105b267f2c2737a7002b2c0d6a53d6877f7307d61148f739fd0665d9eac,1,
LTMD_U1_W4_SOCIAL_SCIENCES_ASSET_AUDIT_0.1,H1988P4CI120,1988,4,CIENCIAS SOCIALES,standard_x_js,H1988P4CI120,57,147,57,https://historico.conaliteg.gob.mx/c/H1988P4CI120/057.jpg,0,source_jpeg,served_image,200,image/jpeg,57100,b7007a808b3f49ae09f22d81b64c9e2846eff14d466a096d101394a940dff2e0,1,
LTMD_U1_W4_SOCIAL_SCIENCES_ASSET_AUDIT_0.1,H1988P4CI120,1988,4,CIENCIAS SOCIALES,standard_x_js,H1988P4CI120,58,147,58,https://historico.conaliteg.gob.mx/c/H1988P4CI120/058.jpg,0,source_jpeg,served_image,200,image/jpeg,58457,b47575e8bd92ed8bee0dc1536438b41d1e57684a5d65b6094cacadfaf9742009,1,
LTMD_U1_W4_SOCIAL_SCIENCES_ASSET_AUDIT_0.1,H1988P4CI120,1988,4,CIENCIAS SOCIALES,standard_x_js,H1988P4CI120,59,147,59,https://historico.conaliteg.gob.mx/c/H1988P4CI120/059.jpg,0,source_jpeg,served_image,200,image/jpeg,70127,e8b20202310aef334e5b06254b02b76014af53da235e7a602a03ab9539d0fdfa,1,
LTMD_U1_W4_SOCIAL_SCIENCES_ASSET_AUDIT_0.1,H1988P4CI120,1988,4,CIENCIAS SOCIALES,standard_x_js,H1988P4CI120,60,147,60,https://historico.conaliteg.gob.mx/c/H1988P4CI120/060.jpg,0,source_jpeg,served_image,200,image/jpeg,68230,15bf4f65bbce8066809ee4b9d6f1eb450d3753ced772f88f4cc744d16019cc74,1,
LTMD_U1_W4_SOCIAL_SCIENCES_ASSET_AUDIT_0.1,H1988P4CI120,1988,4,CIENCIAS SOCIALES,standard_x_js,H1988P4CI120,61,147,61,https://historico.conaliteg.gob.mx/c/H1988P4CI120/061.jpg,0,source_jpeg,served_image,200,image/jpeg,74647,7cacffcf76c818c1f8c042f7b1b6ad0a037173ed63e1d5ae6150471a351cff94,1,
LTMD_U1_W4_SOCIAL_SCIENCES_ASSET_AUDIT_0.1,H1988P4CI120,1988,4,CIENCIAS SOCIALES,standard_x_js,H1988P4CI120,62,147,62,https://historico.conaliteg.gob.mx/c/H1988P4CI120/062.jpg,0,source_jpeg,served_image,200,image/jpeg,66941,b69bfabf8297d193323af482860771bd4e7df59947c0cdc02a6833280bd2de5a,1,
LTMD_U1_W4_SOCIAL_SCIENCES_ASSET_AUDIT_0.1,H1988P4CI120,1988,4,CIENCIAS SOCIALES,standard_x_js,H1988P4CI120,63,147,63,https://historico.conaliteg.gob.mx/c/H1988P4CI120/063.jpg,0,source_jpeg,served_image,200,image/jpeg,58955,cf7455cd96f2bb5fb44e49d38f374767cd03b9589d3af06fe4a5a36de07443c3,1,
LTMD_U1_W4_SOCIAL_SCIENCES_ASSET_AUDIT_0.1,H1988P4CI120,1988,4,CIENCIAS SOCIALES,standard_x_js,H1988P4CI120,64,147,64,https://historico.conaliteg.gob.mx/c/H1988P4CI120/064.jpg,0,source_jpeg,served_image,200,image/jpeg,58776,0b3f7a4366c9bc5ff5e3c2ffd8fc702de3d0342d1ad1f470eb652a03e5383c5e,1,
LTMD_U1_W4_SOCIAL_SCIENCES_ASSET_AUDIT_0.1,H1988P4CI120,1988,4,CIENCIAS SOCIALES,standard_x_js,H1988P4CI120,65,147,65,https://historico.conaliteg.gob.mx/c/H1988P4CI120/065.jpg,0,source_jpeg,served_image,200,image/jpeg,74898,cc8dc10bff5b3f55903b9ae26af71957c54df095eb864be626df2a8b2d64a9df,1,
LTMD_U1_W4_SOCIAL_SCIENCES_ASSET_AUDIT_0.1,H1988P4CI120,1988,4,CIENCIAS SOCIALES,standard_x_js,H1988P4CI120,66,147,66,https://historico.conaliteg.gob.mx/c/H1988P4CI120/066.jpg,0,source_jpeg,served_image,200,image/jpeg,75437,0fd6e5d360dad0c9c94ec8c4548954f31a6fa3c8912aadeed948a8a6b649aa19,1,
LTMD_U1_W4_SOCIAL_SCIENCES_ASSET_AUDIT_0.1,H1988P4CI120,1988,4,CIENCIAS SOCIALES,standard_x_js,H1988P4CI120,67,147,67,https://historico.conaliteg.gob.mx/c/H1988P4CI120/067.jpg,0,source_jpeg,served_image,200,image/jpeg,85442,1090c5abff40d7ab16fbf2f16569fb200f80854fa90fba3060c15ed38829093b,1,
LTMD_U1_W4_SOCIAL_SCIENCES_ASSET_AUDIT_0.1,H1988P4CI120,1988,4,CIENCIAS SOCIALES,standard_x_js,H1988P4CI120,68,147,68,https://historico.conaliteg.gob.mx/c/H1988P4CI120/068.jpg,0,source_jpeg,served_image,200,image/jpeg,71038,a584b04d0e9a1631c0d4466f5726ae8eef60cd54053eb4ff818c0f95f697d11f,1,
LTMD_U1_W4_SOCIAL_SCIENCES_ASSET_AUDIT_0.1,H1988P4CI120,1988,4,CIENCIAS SOCIALES,standard_x_js,H1988P4CI120,69,147,69,https://historico.conaliteg.gob.mx/c/H1988P4CI120/069.jpg,0,source_jpeg,served_image,200,image/jpeg,52996,67a54f2ae225ce01916444ec3a96011b5ec9b79c5e4123f758934b14217adb5b,1,
LTMD_U1_W4_SOCIAL_SCIENCES_ASSET_AUDIT_0.1,H1988P4CI120,1988,4,CIENCIAS SOCIALES,standard_x_js,H1988P4CI120,70,147,70,https://historico.conaliteg.gob.mx/c/H1988P4CI120/070.jpg,0,source_jpeg,served_image,200,image/jpeg,75686,c5c5f6c7739ee15fb7022d41879ff36ed707cd6cd2a330b527df1fa530575a6b,1,
LTMD_U1_W4_SOCIAL_SCIENCES_ASSET_AUDIT_0.1,H1988P4CI120,1988,4,CIENCIAS SOCIALES,standard_x_js,H1988P4CI120,71,147,71,https://historico.conaliteg.gob.mx/c/H1988P4CI120/071.jpg,0,source_jpeg,served_image,200,image/jpeg,70445,914d4da44a23ca6142928baa7f52fd898e60449174521b80cdc2e50bd3573af7,1,
LTMD_U1_W4_SOCIAL_SCIENCES_ASSET_AUDIT_0.1,H1988P4CI120,1988,4,CIENCIAS SOCIALES,standard_x_js,H1988P4CI120,72,147,72,https://historico.conaliteg.gob.mx/c/H1988P4CI120/072.jpg,0,source_jpeg,served_image,200,image/jpeg,66955,559d9beab1030a511f224295b356ef35f930bff7172f6ce0d1533c374f0ba10f,1,
LTMD_U1_W4_SOCIAL_SCIENCES_ASSET_AUDIT_0.1,H1988P4CI120,1988,4,CIENCIAS SOCIALES,standard_x_js,H1988P4CI120,73,147,73,https://historico.conaliteg.gob.mx/c/H1988P4CI120/073.jpg,0,source_jpeg,served_image,200,image/jpeg,76997,d01d1d2f89aab63475ccf6bbdf32ffcb99006a55550b81601192485e9e953bb5,1,
LTMD_U1_W4_SOCIAL_SCIENCES_ASSET_AUDIT_0.1,H1988P4CI120,1988,4,CIENCIAS SOCIALES,standard_x_js,H1988P4CI120,74,147,74,https://historico.conaliteg.gob.mx/c/H1988P4CI120/074.jpg,0,source_jpeg,served_image,200,image/jpeg,56611,10592a7ba3f3ceb74ccc8b0d73609d5b9e5b5a67a96fb29544a64c3e8fc1a9c3,1,
LTMD_U1_W4_SOCIAL_SCIENCES_ASSET_AUDIT_0.1,H1988P4CI120,1988,4,CIENCIAS SOCIALES,standard_x_js,H1988P4CI120,75,147,75,https://historico.conaliteg.gob.mx/c/H1988P4CI120/075.jpg,0,source_jpeg,served_image,200,image/jpeg,80963,0055fa1ad058fb95d3586dc141079a6c339728ea493b2011e98ea1b765f847d2,1,
LTMD_U1_W4_SOCIAL_SCIENCES_ASSET_AUDIT_0.1,H1988P4CI120,1988,4,CIENCIAS SOCIALES,standard_x_js,H1988P4CI120,76,147,76,https://historico.conaliteg.gob.mx/c/H1988P4CI120/076.jpg,0,source_jpeg,served_image,200,image/jpeg,77737,82fc4e8c772b0f55404b25b41e132884dfb2ef7f84029415f03d6e5990e8c5ce,1,
LTMD_U1_W4_SOCIAL_SCIENCES_ASSET_AUDIT_0.1,H1988P4CI120,1988,4,CIENCIAS SOCIALES,standard_x_js,H1988P4CI120,77,147,77,https://historico.conaliteg.gob.mx/c/H1988P4CI120/077.jpg,0,source_jpeg,served_image,200,image/jpeg,80802,7bdf31daf6271d632d34cbe9704f0ada5f5429850f5a6b3f7cf4762414c32fd1,1,
LTMD_U1_W4_SOCIAL_SCIENCES_ASSET_AUDIT_0.1,H1988P4CI120,1988,4,CIENCIAS SOCIALES,standard_x_js,H1988P4CI120,78,147,78,https://historico.conaliteg.gob.mx/c/H1988P4CI120/078.jpg,0,source_jpeg,served_image,200,image/jpeg,63230,d57c12c7e821dc62f57f73eb16c2f53931fb00f3f98d1e8e42477311bbb48ba2,1,
LTMD_U1_W4_SOCIAL_SCIENCES_ASSET_AUDIT_0.1,H1988P4CI120,1988,4,CIENCIAS SOCIALES,standard_x_js,H1988P4CI120,79,147,79,https://historico.conaliteg.gob.mx/c/H1988P4CI120/079.jpg,0,source_jpeg,served_image,200,image/jpeg,63057,e796748744332aecc9d7951deb404ecff6c3d980826c2d6494d93ec81c155430,1,
LTMD_U1_W4_SOCIAL_SCIENCES_ASSET_AUDIT_0.1,H1988P4CI120,1988,4,CIENCIAS SOCIALES,standard_x_js,H1988P4CI120,80,147,80,https://historico.conaliteg.gob.mx/c/H1988P4CI120/080.jpg,0,source_jpeg,served_image,200,image/jpeg,60069,c579a3eaf8fdb1d6eddd2edec42a41954b3e1568e5e88b3c912409b8a3db813f,1,
LTMD_U1_W4_SOCIAL_SCIENCES_ASSET_AUDIT_0.1,H1988P4CI120,1988,4,CIENCIAS SOCIALES,standard_x_js,H1988P4CI120,81,147,81,https://historico.conaliteg.gob.mx/c/H1988P4CI120/081.jpg,0,source_jpeg,served_image,200,image/jpeg,53992,8b632898bc2a45ff1b126f549f896faafdb445398f592448b1badb30d83bc836,1,
LTMD_U1_W4_SOCIAL_SCIENCES_ASSET_AUDIT_0.1,H1988P4CI120,1988,4,CIENCIAS SOCIALES,standard_x_js,H1988P4CI120,82,147,82,https://historico.conaliteg.gob.mx/c/H1988P4CI120/082.jpg,0,source_jpeg,served_image,200,image/jpeg,67004,4f7909cb8bc8224a70c3959d32762298d7cceec1b72b97c6a8c086c310ff4fe6,1,
LTMD_U1_W4_SOCIAL_SCIENCES_ASSET_AUDIT_0.1,H1988P4CI120,1988,4,CIENCIAS SOCIALES,standard_x_js,H1988P4CI120,83,147,83,https://historico.conaliteg.gob.mx/c/H1988P4CI120/083.jpg,0,source_jpeg,served_image,200,image/jpeg,77533,1780053eb6813e22983f31e865cabb910d9528e64829e4bd26296ca595c69382,1,
LTMD_U1_W4_SOCIAL_SCIENCES_ASSET_AUDIT_0.1,H1988P4CI120,1988,4,CIENCIAS SOCIALES,standard_x_js,H1988P4CI120,84,147,84,https://historico.conaliteg.gob.mx/c/H1988P4CI120/084.jpg,0,source_jpeg,served_image,200,image/jpeg,57914,1f7b504f4b9130e5ababfa341bf1dc18301abd1fcc9de18ab0897f7deddc244b,1,
LTMD_U1_W4_SOCIAL_SCIENCES_ASSET_AUDIT_0.1,H1988P4CI120,1988,4,CIENCIAS SOCIALES,standard_x_js,H1988P4CI120,85,147,85,https://historico.conaliteg.gob.mx/c/H1988P4CI120/085.jpg,0,source_jpeg,served_image,200,image/jpeg,61082,9e463410f9c995502e37b8457f192970480bc9684deefe748b2a1360603ef71b,1,
LTMD_U1_W4_SOCIAL_SCIENCES_ASSET_AUDIT_0.1,H1988P4CI120,1988,4,CIENCIAS SOCIALES,standard_x_js,H1988P4CI120,86,147,86,https://historico.conaliteg.gob.mx/c/H1988P4CI120/086.jpg,0,source_jpeg,served_image,200,image/jpeg,69424,e7bf20a0b5bc0193bcb2be7bad2a4903ca217355f2c4543704116d621b38c1a6,1,
LTMD_U1_W4_SOCIAL_SCIENCES_ASSET_AUDIT_0.1,H1988P4CI120,1988,4,CIENCIAS SOCIALES,standard_x_js,H1988P4CI120,87,147,87,https://historico.conaliteg.gob.mx/c/H1988P4CI120/087.jpg,0,source_jpeg,served_image,200,image/jpeg,62775,388d3b81679919aa8afd8cb7de710c5920d7ca70d15f29cd24dcf68dd9a126de,1,
LTMD_U1_W4_SOCIAL_SCIENCES_ASSET_AUDIT_0.1,H1988P4CI120,1988,4,CIENCIAS SOCIALES,standard_x_js,H1988P4CI120,88,147,88,https://historico.conaliteg.gob.mx/c/H1988P4CI120/088.jpg,0,source_jpeg,served_image,200,image/jpeg,70257,2e154378a0e44e624b1a2bface79a23bea7cf479fe7eff582fc34da556d7fb15,1,
LTMD_U1_W4_SOCIAL_SCIENCES_ASSET_AUDIT_0.1,H1988P4CI120,1988,4,CIENCIAS SOCIALES,standard_x_js,H1988P4CI120,89,147,89,https://historico.conaliteg.gob.mx/c/H1988P4CI120/089.jpg,0,source_jpeg,served_image,200,image/jpeg,53047,1ff7a9a8cd9fa65d8cbd76352a218dbd865bb72ebed45cf73d8152802182fc5d,1,
LTMD_U1_W4_SOCIAL_SCIENCES_ASSET_AUDIT_0.1,H1988P4CI120,1988,4,CIENCIAS SOCIALES,standard_x_js,H1988P4CI120,90,147,90,https://historico.conaliteg.gob.mx/c/H1988P4CI120/090.jpg,0,source_jpeg,served_image,200,image/jpeg,77567,3a6bccf82a504869dc387a1729d6fbadc11a85571486bf6ec8a97b2584bab4ae,1,
LTMD_U1_W4_SOCIAL_SCIENCES_ASSET_AUDIT_0.1,H1988P4CI120,1988,4,CIENCIAS SOCIALES,standard_x_js,H1988P4CI120,91,147,91,https://historico.conaliteg.gob.mx/c/H1988P4CI120/091.jpg,0,source_jpeg,served_image,200,image/jpeg,52977,6f0b9ad32d44d28fe25df1d99d3c0f3d70fc3afd6d2e097e49ced699cf2b63cf,1,
LTMD_U1_W4_SOCIAL_SCIENCES_ASSET_AUDIT_0.1,H1988P4CI120,1988,4,CIENCIAS SOCIALES,standard_x_js,H1988P4CI120,92,147,92,https://historico.conaliteg.gob.mx/c/H1988P4CI120/092.jpg,0,source_jpeg,served_image,200,image/jpeg,55423,29916be3912d52a387a6a161b3c8afd555e9d261d37e3a1cdbfe6943a0d204e5,1,
LTMD_U1_W4_SOCIAL_SCIENCES_ASSET_AUDIT_0.1,H1988P4CI120,1988,4,CIENCIAS SOCIALES,standard_x_js,H1988P4CI120,93,147,93,https://historico.conaliteg.gob.mx/c/H1988P4CI120/093.jpg,0,source_jpeg,served_image,200,image/jpeg,81015,434371f20ae71a15a3d0cd32b8e998a3f4f361461a5b66c572c355757c123628,1,
LTMD_U1_W4_SOCIAL_SCIENCES_ASSET_AUDIT_0.1,H1988P4CI120,1988,4,CIENCIAS SOCIALES,standard_x_js,H1988P4CI120,94,147,94,https://historico.conaliteg.gob.mx/c/H1988P4CI120/094.jpg,0,source_jpeg,served_image,200,image/jpeg,74256,5c96396e76d6eb3f1b0decc44d0798f4b9ce005b19533f44ffea405f59078f38,1,
LTMD_U1_W4_SOCIAL_SCIENCES_ASSET_AUDIT_0.1,H1988P4CI120,1988,4,CIENCIAS SOCIALES,standard_x_js,H1988P4CI120,95,147,95,https://historico.conaliteg.gob.mx/c/H1988P4CI120/095.jpg,0,source_jpeg,served_image,200,image/jpeg,73548,149b484a6558391b11d79d828618a690746024fa8316830aa5115ca416a5a044,1,
LTMD_U1_W4_SOCIAL_SCIENCES_ASSET_AUDIT_0.1,H1988P4CI120,1988,4,CIENCIAS SOCIALES,standard_x_js,H1988P4CI120,96,147,96,https://historico.conaliteg.gob.mx/c/H1988P4CI120/096.jpg,0,source_jpeg,served_image,200,image/jpeg,62417,1b902ada02ef04236dc3f419390f41b1d3b41747347652daa0c37652d58c070c,1,
LTMD_U1_W4_SOCIAL_SCIENCES_ASSET_AUDIT_0.1,H1988P4CI120,1988,4,CIENCIAS SOCIALES,standard_x_js,H1988P4CI120,97,147,97,https://historico.conaliteg.gob.mx/c/H1988P4CI120/097.jpg,0,source_jpeg,served_image,200,image/jpeg,46740,da23e4681cbd8ba7da8960e1759c5509c5aaed9fecccd2d2ab4ffaa860f343cb,1,
LTMD_U1_W4_SOCIAL_SCIENCES_ASSET_AUDIT_0.1,H1988P4CI120,1988,4,CIENCIAS SOCIALES,standard_x_js,H1988P4CI120,98,147,98,https://historico.conaliteg.gob.mx/c/H1988P4CI120/098.jpg,0,source_jpeg,served_image,200,image/jpeg,78678,afc3d06539d1b44428b682fa5eb09d44dab8675f22c23bbe201fbf8766132f42,1,
LTMD_U1_W4_SOCIAL_SCIENCES_ASSET_AUDIT_0.1,H1988P4CI120,1988,4,CIENCIAS SOCIALES,standard_x_js,H1988P4CI120,99,147,99,https://historico.conaliteg.gob.mx/c/H1988P4CI120/099.jpg,0,source_jpeg,served_image,200,image/jpeg,79946,fda69c2dec015428301bd7a72581d2fe7a2735747991e57673258fab02f01c25,1,
LTMD_U1_W4_SOCIAL_SCIENCES_ASSET_AUDIT_0.1,H1988P4CI120,1988,4,CIENCIAS SOCIALES,standard_x_js,H1988P4CI120,100,147,100,https://historico.conaliteg.gob.mx/c/H1988P4CI120/100.jpg,0,source_jpeg,served_image,200,image/jpeg,78460,06876ea628c1e67a7049de3265952111e24db4db265bc36524a7c3a0cf064238,1,
LTMD_U1_W4_SOCIAL_SCIENCES_ASSET_AUDIT_0.1,H1988P4CI120,1988,4,CIENCIAS SOCIALES,standard_x_js,H1988P4CI120,101,147,101,https://historico.conaliteg.gob.mx/c/H1988P4CI120/101.jpg,0,source_jpeg,served_image,200,image/jpeg,72920,945bb6c14d1a603e53b107cc1ae5a58cceead67f042b707f1b4d77f001c29279,1,
LTMD_U1_W4_SOCIAL_SCIENCES_ASSET_AUDIT_0.1,H1988P4CI120,1988,4,CIENCIAS SOCIALES,standard_x_js,H1988P4CI120,102,147,102,https://historico.conaliteg.gob.mx/c/H1988P4CI120/102.jpg,0,source_jpeg,served_image,200,image/jpeg,80031,b19d345634ff539374e384965770271da06f25601c8d400dcc37b7b2b0ce51b0,1,
LTMD_U1_W4_SOCIAL_SCIENCES_ASSET_AUDIT_0.1,H1988P4CI120,1988,4,CIENCIAS SOCIALES,standard_x_js,H1988P4CI120,103,147,103,https://historico.conaliteg.gob.mx/c/H1988P4CI120/103.jpg,0,source_jpeg,served_image,200,image/jpeg,76622,c4fbc039e3ec681d17380bddc6f3e012610765aeb3177879ff4e583946336527,1,
LTMD_U1_W4_SOCIAL_SCIENCES_ASSET_AUDIT_0.1,H1988P4CI120,1988,4,CIENCIAS SOCIALES,standard_x_js,H1988P4CI120,104,147,104,https://historico.conaliteg.gob.mx/c/H1988P4CI120/104.jpg,0,source_jpeg,served_image,200,image/jpeg,71297,2dd0670a974330d01a27a72162d58eaeea74c9117cc6ab4eeab4800a9be1ea4d,1,
LTMD_U1_W4_SOCIAL_SCIENCES_ASSET_AUDIT_0.1,H1988P4CI120,1988,4,CIENCIAS SOCIALES,standard_x_js,H1988P4CI120,105,147,105,https://historico.conaliteg.gob.mx/c/H1988P4CI120/105.jpg,0,source_jpeg,served_image,200,image/jpeg,89211,6ac89854f83abc2261b48c1f1da391a3f098d58a7a638d81311fb5ea98e93cd0,1,
LTMD_U1_W4_SOCIAL_SCIENCES_ASSET_AUDIT_0.1,H1988P4CI120,1988,4,CIENCIAS SOCIALES,standard_x_js,H1988P4CI120,106,147,106,https://historico.conaliteg.gob.mx/c/H1988P4CI120/106.jpg,0,source_jpeg,served_image,200,image/jpeg,81564,a8f045754a49eb9415f980d77d51be4e0654ec1183ad5444b016fd8f4d47e21f,1,
LTMD_U1_W4_SOCIAL_SCIENCES_ASSET_AUDIT_0.1,H1988P4CI120,1988,4,CIENCIAS SOCIALES,standard_x_js,H1988P4CI120,107,147,107,https://historico.conaliteg.gob.mx/c/H1988P4CI120/107.jpg,0,source_jpeg,served_image,200,image/jpeg,80906,a732d5754ec89f035dffef6c9a9c1cd1a083e694eba3a78902e64e6627a9c35d,1,
LTMD_U1_W4_SOCIAL_SCIENCES_ASSET_AUDIT_0.1,H1988P4CI120,1988,4,CIENCIAS SOCIALES,standard_x_js,H1988P4CI120,108,147,108,https://historico.conaliteg.gob.mx/c/H1988P4CI120/108.jpg,0,source_jpeg,served_image,200,image/jpeg,67138,ef4aa4bf121243eb104cb0d3a284100a557f0e0d86303aa1da7d7c0f9ae9e862,1,
LTMD_U1_W4_SOCIAL_SCIENCES_ASSET_AUDIT_0.1,H1988P4CI120,1988,4,CIENCIAS SOCIALES,standard_x_js,H1988P4CI120,109,147,109,https://historico.conaliteg.gob.mx/c/H1988P4CI120/109.jpg,0,source_jpeg,served_image,200,image/jpeg,57867,5d4deba76dc08954b30a45eeb7a5ece3a135677df4b7303652a7776de1ff940b,1,
LTMD_U1_W4_SOCIAL_SCIENCES_ASSET_AUDIT_0.1,H1988P4CI120,1988,4,CIENCIAS SOCIALES,standard_x_js,H1988P4CI120,110,147,110,https://historico.conaliteg.gob.mx/c/H1988P4CI120/110.jpg,0,source_jpeg,served_image,200,image/jpeg,62349,570cd6bc46342c4ed3890f68166ef27186aefe9a80f707ef5476d09d572ec331,1,
LTMD_U1_W4_SOCIAL_SCIENCES_ASSET_AUDIT_0.1,H1988P4CI120,1988,4,CIENCIAS SOCIALES,standard_x_js,H1988P4CI120,111,147,111,https://historico.conaliteg.gob.mx/c/H1988P4CI120/111.jpg,0,source_jpeg,served_image,200,image/jpeg,69107,be7e0eed67abaaa4ad29a386b8b313b90150ebf16b04bb3d270a033fed13a825,1,
LTMD_U1_W4_SOCIAL_SCIENCES_ASSET_AUDIT_0.1,H1988P4CI120,1988,4,CIENCIAS SOCIALES,standard_x_js,H1988P4CI120,112,147,112,https://historico.conaliteg.gob.mx/c/H1988P4CI120/112.jpg,0,source_jpeg,served_image,200,image/jpeg,77185,859eb0df5207b4e0b8f8090774b3e63e4b88881b8a47b357266decbade27f98d,1,
LTMD_U1_W4_SOCIAL_SCIENCES_ASSET_AUDIT_0.1,H1988P4CI120,1988,4,CIENCIAS SOCIALES,standard_x_js,H1988P4CI120,113,147,113,https://historico.conaliteg.gob.mx/c/H1988P4CI120/113.jpg,0,source_jpeg,served_image,200,image/jpeg,63427,6d64f8261fe55e6a638ba27f75824721f548bc2375a0d163828926659d253c7d,1,
LTMD_U1_W4_SOCIAL_SCIENCES_ASSET_AUDIT_0.1,H1988P4CI120,1988,4,CIENCIAS SOCIALES,standard_x_js,H1988P4CI120,114,147,114,https://historico.conaliteg.gob.mx/c/H1988P4CI120/114.jpg,0,source_jpeg,served_image,200,image/jpeg,74401,59c998348e8cf092484b6ec88d03be0fa319fb4f6b1fc58bfe096799d30a9632,1,
LTMD_U1_W4_SOCIAL_SCIENCES_ASSET_AUDIT_0.1,H1988P4CI120,1988,4,CIENCIAS SOCIALES,standard_x_js,H1988P4CI120,115,147,115,https://historico.conaliteg.gob.mx/c/H1988P4CI120/115.jpg,0,source_jpeg,served_image,200,image/jpeg,66095,531a145771e507bb4bf86ab4a7040f443f1546eb1db6a5318ea01e67f32772c9,1,
LTMD_U1_W4_SOCIAL_SCIENCES_ASSET_AUDIT_0.1,H1988P4CI120,1988,4,CIENCIAS SOCIALES,standard_x_js,H1988P4CI120,116,147,116,https://historico.conaliteg.gob.mx/c/H1988P4CI120/116.jpg,0,source_jpeg,served_image,200,image/jpeg,63157,379f44c31fdae905a5da3bce22d0a3776aecef2f4410297ae47226ce3b101f92,1,
LTMD_U1_W4_SOCIAL_SCIENCES_ASSET_AUDIT_0.1,H1988P4CI120,1988,4,CIENCIAS SOCIALES,standard_x_js,H1988P4CI120,117,147,117,https://historico.conaliteg.gob.mx/c/H1988P4CI120/117.jpg,0,source_jpeg,served_image,200,image/jpeg,67151,888ec71b92f2a4b144e06100a2e9389313f1aa45060263e9ada401697b971a2e,1,
LTMD_U1_W4_SOCIAL_SCIENCES_ASSET_AUDIT_0.1,H1988P4CI120,1988,4,CIENCIAS SOCIALES,standard_x_js,H1988P4CI120,118,147,118,https://historico.conaliteg.gob.mx/c/H1988P4CI120/118.jpg,0,source_jpeg,served_image,200,image/jpeg,70734,e546e6018f995368bc570778e4cd14ee4322a06a4ea414ae5309071dd0f0d35b,1,
LTMD_U1_W4_SOCIAL_SCIENCES_ASSET_AUDIT_0.1,H1988P4CI120,1988,4,CIENCIAS SOCIALES,standard_x_js,H1988P4CI120,119,147,119,https://historico.conaliteg.gob.mx/c/H1988P4CI120/119.jpg,0,source_jpeg,served_image,200,image/jpeg,66068,21a927b5f37f42029322bebe1e960fbf2f38bd743888b24bc9bf064a52529076,1,
LTMD_U1_W4_SOCIAL_SCIENCES_ASSET_AUDIT_0.1,H1988P4CI120,1988,4,CIENCIAS SOCIALES,standard_x_js,H1988P4CI120,120,147,120,https://historico.conaliteg.gob.mx/c/H1988P4CI120/120.jpg,0,source_jpeg,served_image,200,image/jpeg,77643,9955b5851ea68fa7eccdad12a52a43fb02163473bc377060fec3aa1f22921bd0,1,
LTMD_U1_W4_SOCIAL_SCIENCES_ASSET_AUDIT_0.1,H1988P4CI120,1988,4,CIENCIAS SOCIALES,standard_x_js,H1988P4CI120,121,147,121,https://historico.conaliteg.gob.mx/c/H1988P4CI120/121.jpg,0,source_jpeg,served_image,200,image/jpeg,71828,0ed24b19822d257d219b2efdc1ff691d05d207989e5d7fb9ff53b1e22538e12e,1,
LTMD_U1_W4_SOCIAL_SCIENCES_ASSET_AUDIT_0.1,H1988P4CI120,1988,4,CIENCIAS SOCIALES,standard_x_js,H1988P4CI120,122,147,122,https://historico.conaliteg.gob.mx/c/H1988P4CI120/122.jpg,0,source_jpeg,served_image,200,image/jpeg,64172,8581a6f3b629c73902cf9ce2e88053e35d3fbf73ef898134223179fcc68da6b2,1,
LTMD_U1_W4_SOCIAL_SCIENCES_ASSET_AUDIT_0.1,H1988P4CI120,1988,4,CIENCIAS SOCIALES,standard_x_js,H1988P4CI120,123,147,123,https://historico.conaliteg.gob.mx/c/H1988P4CI120/123.jpg,0,source_jpeg,served_image,200,image/jpeg,72332,c15c71d43b48e0d5b764449dc15a7877743bbe3aa420eb1c5d5155ce0ed7ba0d,1,
LTMD_U1_W4_SOCIAL_SCIENCES_ASSET_AUDIT_0.1,H1988P4CI120,1988,4,CIENCIAS SOCIALES,standard_x_js,H1988P4CI120,124,147,124,https://historico.conaliteg.gob.mx/c/H1988P4CI120/124.jpg,0,source_jpeg,served_image,200,image/jpeg,66263,533bd3c0aed1a0d5a06c27a9f1efb58822ec278906063552d272203e21dee3e0,1,
LTMD_U1_W4_SOCIAL_SCIENCES_ASSET_AUDIT_0.1,H1988P4CI120,1988,4,CIENCIAS SOCIALES,standard_x_js,H1988P4CI120,125,147,125,https://historico.conaliteg.gob.mx/c/H1988P4CI120/125.jpg,0,source_jpeg,served_image,200,image/jpeg,74289,72d507b3b9381ae830a63e6678bbdad296d33f99a39df138d6b1e8891dfe2f52,1,
LTMD_U1_W4_SOCIAL_SCIENCES_ASSET_AUDIT_0.1,H1988P4CI120,1988,4,CIENCIAS SOCIALES,standard_x_js,H1988P4CI120,126,147,126,https://historico.conaliteg.gob.mx/c/H1988P4CI120/126.jpg,0,source_jpeg,served_image,200,image/jpeg,72628,e46ad80ab7e94210e753d6996ad133da8a09cc93fa86933a18db35c5d958ed9d,1,
LTMD_U1_W4_SOCIAL_SCIENCES_ASSET_AUDIT_0.1,H1988P4CI120,1988,4,CIENCIAS SOCIALES,standard_x_js,H1988P4CI120,127,147,127,https://historico.conaliteg.gob.mx/c/H1988P4CI120/127.jpg,0,source_jpeg,served_image,200,image/jpeg,76941,e594eb1271c0fcf18064f2606d5ca7e92aca2f7c1171c770695c81034ef7ec5b,1,
LTMD_U1_W4_SOCIAL_SCIENCES_ASSET_AUDIT_0.1,H1988P4CI120,1988,4,CIENCIAS SOCIALES,standard_x_js,H1988P4CI120,128,147,128,https://historico.conaliteg.gob.mx/c/H1988P4CI120/128.jpg,0,source_jpeg,served_image,200,image/jpeg,53355,ef4482397d17d53cc217497e55053ac29212a7a3c7f1de16f614857ea5dc7309,1,
LTMD_U1_W4_SOCIAL_SCIENCES_ASSET_AUDIT_0.1,H1988P4CI120,1988,4,CIENCIAS SOCIALES,standard_x_js,H1988P4CI120,129,147,129,https://historico.conaliteg.gob.mx/c/H1988P4CI120/129.jpg,0,source_jpeg,served_image,200,image/jpeg,74983,67c7b236a7f852edc74692ec60b7666f28fcd004aa86a35386a17d9e0e3c9e57,1,
LTMD_U1_W4_SOCIAL_SCIENCES_ASSET_AUDIT_0.1,H1988P4CI120,1988,4,CIENCIAS SOCIALES,standard_x_js,H1988P4CI120,130,147,130,https://historico.conaliteg.gob.mx/c/H1988P4CI120/130.jpg,0,source_jpeg,served_image,200,image/jpeg,69589,ca333645423e9d1fb687f3d4f7cfb5a7cdb9ccab5a677a8bce989ce89844e588,1,
LTMD_U1_W4_SOCIAL_SCIENCES_ASSET_AUDIT_0.1,H1988P4CI120,1988,4,CIENCIAS SOCIALES,standard_x_js,H1988P4CI120,131,147,131,https://historico.conaliteg.gob.mx/c/H1988P4CI120/131.jpg,0,source_jpeg,served_image,200,image/jpeg,76221,80f1068817706dd938f514d9925e8175a55f8e1d62e1732cdf8844503a6ea3f4,1,
LTMD_U1_W4_SOCIAL_SCIENCES_ASSET_AUDIT_0.1,H1988P4CI120,1988,4,CIENCIAS SOCIALES,standard_x_js,H1988P4CI120,132,147,132,https://historico.conaliteg.gob.mx/c/H1988P4CI120/132.jpg,0,source_jpeg,served_image,200,image/jpeg,59974,ba79988fda1bef4ed2a992f959e497958aaa34410e94fc682e276d23b41965f1,1,
LTMD_U1_W4_SOCIAL_SCIENCES_ASSET_AUDIT_0.1,H1988P4CI120,1988,4,CIENCIAS SOCIALES,standard_x_js,H1988P4CI120,133,147,133,https://historico.conaliteg.gob.mx/c/H1988P4CI120/133.jpg,0,source_jpeg,served_image,200,image/jpeg,75467,b9d5506f60ebe3d3573d8316f8b25d9fb44084922d2d6fe13c7bbe82a4097d5d,1,
LTMD_U1_W4_SOCIAL_SCIENCES_ASSET_AUDIT_0.1,H1988P4CI120,1988,4,CIENCIAS SOCIALES,standard_x_js,H1988P4CI120,134,147,134,https://historico.conaliteg.gob.mx/c/H1988P4CI120/134.jpg,0,source_jpeg,served_image,200,image/jpeg,82514,01ed94adb8267a5b62d014d3cf5bb9a3f96ddfa0deac2d39d02f96c087c36fcc,1,
LTMD_U1_W4_SOCIAL_SCIENCES_ASSET_AUDIT_0.1,H1988P4CI120,1988,4,CIENCIAS SOCIALES,standard_x_js,H1988P4CI120,135,147,135,https://historico.conaliteg.gob.mx/c/H1988P4CI120/135.jpg,0,source_jpeg,served_image,200,image/jpeg,60019,187280cd26ff8bf089ab4e8460c54fce25ca9aa45556026d0c5d9f45813f527b,1,
LTMD_U1_W4_SOCIAL_SCIENCES_ASSET_AUDIT_0.1,H1988P4CI120,1988,4,CIENCIAS SOCIALES,standard_x_js,H1988P4CI120,136,147,136,https://historico.conaliteg.gob.mx/c/H1988P4CI120/136.jpg,0,source_jpeg,served_image,200,image/jpeg,63087,376f016529927978e90f748264f2789399e03383dc7a4228917bfbdd18bbc4a3,1,
LTMD_U1_W4_SOCIAL_SCIENCES_ASSET_AUDIT_0.1,H1988P4CI120,1988,4,CIENCIAS SOCIALES,standard_x_js,H1988P4CI120,137,147,137,https://historico.conaliteg.gob.mx/c/H1988P4CI120/137.jpg,0,source_jpeg,served_image,200,image/jpeg,77134,26309ba8864fb8cdac6c76372a443b6c4f28b7d88b20490c1a33d0eb11efff3a,1,
LTMD_U1_W4_SOCIAL_SCIENCES_ASSET_AUDIT_0.1,H1988P4CI120,1988,4,CIENCIAS SOCIALES,standard_x_js,H1988P4CI120,138,147,138,https://historico.conaliteg.gob.mx/c/H1988P4CI120/138.jpg,0,source_jpeg,served_image,200,image/jpeg,70181,04a5cafdd1de71698cc632dc9796ce7a268fb23aea85ff38db6a892becd989a8,1,
LTMD_U1_W4_SOCIAL_SCIENCES_ASSET_AUDIT_0.1,H1988P4CI120,1988,4,CIENCIAS SOCIALES,standard_x_js,H1988P4CI120,139,147,139,https://historico.conaliteg.gob.mx/c/H1988P4CI120/139.jpg,0,source_jpeg,served_image,200,image/jpeg,64178,7032d5faa09e970c70a58be723a372c3d3308478ad2c777d7c459f6e3f4d1c8b,1,
LTMD_U1_W4_SOCIAL_SCIENCES_ASSET_AUDIT_0.1,H1988P4CI120,1988,4,CIENCIAS SOCIALES,standard_x_js,H1988P4CI120,140,147,140,https://historico.conaliteg.gob.mx/c/H1988P4CI120/140.jpg,0,source_jpeg,served_image,200,image/jpeg,56634,4947f202340812023fa1e99399079cc15ccf8f3e8a7e894c1e19d3d35f53ca19,1,
LTMD_U1_W4_SOCIAL_SCIENCES_ASSET_AUDIT_0.1,H1988P4CI120,1988,4,CIENCIAS SOCIALES,standard_x_js,H1988P4CI120,141,147,141,https://historico.conaliteg.gob.mx/c/H1988P4CI120/141.jpg,0,source_jpeg,served_image,200,image/jpeg,57183,cf97bdd73fd093fa6de8f5081378c7869b6df4d4e231b182971b5f9e53f3ece7,1,
LTMD_U1_W4_SOCIAL_SCIENCES_ASSET_AUDIT_0.1,H1988P4CI120,1988,4,CIENCIAS SOCIALES,standard_x_js,H1988P4CI120,142,147,142,https://historico.conaliteg.gob.mx/c/H1988P4CI120/142.jpg,0,source_jpeg,served_image,200,image/jpeg,51458,6194763341788e7de0bfe8b09e1b364007bff19e57e6641cb1058a2f5ec9755d,1,
LTMD_U1_W4_SOCIAL_SCIENCES_ASSET_AUDIT_0.1,H1988P4CI120,1988,4,CIENCIAS SOCIALES,standard_x_js,H1988P4CI120,143,147,143,https://historico.conaliteg.gob.mx/c/H1988P4CI120/143.jpg,0,source_jpeg,served_image,200,image/jpeg,32864,9731cd16fc125cfe364f8841ccb66c033bc43d6afeec6fe47bd80aaecef9f518,1,
LTMD_U1_W4_SOCIAL_SCIENCES_ASSET_AUDIT_0.1,H1988P4CI120,1988,4,CIENCIAS SOCIALES,standard_x_js,H1988P4CI120,144,147,144,https://historico.conaliteg.gob.mx/c/H1988P4CI120/144.jpg,0,source_jpeg,served_image,200,image/jpeg,35605,f2637ecff90ac446fabebc2742dd246e9c8954a22d589fc6f0c842085a724f60,1,
LTMD_U1_W4_SOCIAL_SCIENCES_ASSET_AUDIT_0.1,H1988P4CI120,1988,4,CIENCIAS SOCIALES,standard_x_js,H1988P4CI120,145,147,145,https://historico.conaliteg.gob.mx/c/H1988P4CI120/145.jpg,0,source_jpeg,served_image,200,image/jpeg,66477,9db3c43a5bb644ea5ae09f2e0d80a7a2f25855c660ee4f025217902a18771f01,1,
LTMD_U1_W4_SOCIAL_SCIENCES_ASSET_AUDIT_0.1,H1988P4CI120,1988,4,CIENCIAS SOCIALES,standard_x_js,H1988P4CI120,146,147,146,https://historico.conaliteg.gob.mx/c/H1988P4CI120/146.jpg,0,source_jpeg,served_image,200,image/jpeg,228558,a5f8f40f9848543dfc1539bbfdfc30bad0015b93af021b1b6abcb72d4ab67f19,1,
LTMD_U1_W4_SOCIAL_SCIENCES_ASSET_AUDIT_0.1,H1988P4CI120,1988,4,CIENCIAS SOCIALES,standard_x_js,H1988P4CI120,147,147,147,https://historico.conaliteg.gob.mx/c/H1988P4CI120/147.jpg,1,terminal_synthetic_candidate,http_404,404,text/html; charset=iso-8859-1,,,1,HTTP 404
LTMD_U1_W4_SOCIAL_SCIENCES_ASSET_AUDIT_0.1,H1988P5CI124,1988,5,CIENCIAS SOCIALES,standard_x_js,H1988P5CI124,1,147,0,https://historico.conaliteg.gob.mx/c/H1988P5CI124/000.jpg,0,source_jpeg,served_image,200,image/jpeg,264181,95e46db8124f6cad5d1dea4d0194376dcb42ce424b9b9e8b607ea84c4e39d2db,1,
LTMD_U1_W4_SOCIAL_SCIENCES_ASSET_AUDIT_0.1,H1988P5CI124,1988,5,CIENCIAS SOCIALES,standard_x_js,H1988P5CI124,2,147,2,https://historico.conaliteg.gob.mx/c/H1988P5CI124/002.jpg,0,source_jpeg,served_image,200,image/jpeg,45306,6528c418fcc8d635966a2e749f082e1e8681d5fb0b98c883d1ba52016c672998,1,
LTMD_U1_W4_SOCIAL_SCIENCES_ASSET_AUDIT_0.1,H1988P5CI124,1988,5,CIENCIAS SOCIALES,standard_x_js,H1988P5CI124,3,147,3,https://historico.conaliteg.gob.mx/c/H1988P5CI124/003.jpg,0,source_jpeg,served_image,200,image/jpeg,42694,83e6197b7c3da0c0bcb3391596865ad4d5e80793e598585c3b8bfafa071aa27e,1,
LTMD_U1_W4_SOCIAL_SCIENCES_ASSET_AUDIT_0.1,H1988P5CI124,1988,5,CIENCIAS SOCIALES,standard_x_js,H1988P5CI124,4,147,4,https://historico.conaliteg.gob.mx/c/H1988P5CI124/004.jpg,0,source_jpeg,served_image,200,image/jpeg,67461,d2a7ddac747c1817e2be45bf3fa494b0ecb82ad6f88940336a5a2d140934c67a,1,
LTMD_U1_W4_SOCIAL_SCIENCES_ASSET_AUDIT_0.1,H1988P5CI124,1988,5,CIENCIAS SOCIALES,standard_x_js,H1988P5CI124,5,147,5,https://historico.conaliteg.gob.mx/c/H1988P5CI124/005.jpg,0,source_jpeg,served_image,200,image/jpeg,70864,303e420a849120ed09db55f3649ffff082a4dfd41e69950052aa8eb6967eefdb,1,
LTMD_U1_W4_SOCIAL_SCIENCES_ASSET_AUDIT_0.1,H1988P5CI124,1988,5,CIENCIAS SOCIALES,standard_x_js,H1988P5CI124,6,147,6,https://historico.conaliteg.gob.mx/c/H1988P5CI124/006.jpg,0,source_jpeg,served_image,200,image/jpeg,62822,315cf1815a2e3464725fd62048118aef1802c8e9faed730e38fb116385ca1017,1,
LTMD_U1_W4_SOCIAL_SCIENCES_ASSET_AUDIT_0.1,H1988P5CI124,1988,5,CIENCIAS SOCIALES,standard_x_js,H1988P5CI124,7,147,7,https://historico.conaliteg.gob.mx/c/H1988P5CI124/007.jpg,0,source_jpeg,served_image,200,image/jpeg,61251,ff96c032c3c7381d1a57d4445777670497d851c94aaadc8eeb67f1c635499cd8,1,
LTMD_U1_W4_SOCIAL_SCIENCES_ASSET_AUDIT_0.1,H1988P5CI124,1988,5,CIENCIAS SOCIALES,standard_x_js,H1988P5CI124,8,147,8,https://historico.conaliteg.gob.mx/c/H1988P5CI124/008.jpg,0,source_jpeg,served_image,200,image/jpeg,51836,90a008a8721f57dacc5e5a4d6bf468de7bf5a8a7f07712d8c76abd0aa50bd319,1,
LTMD_U1_W4_SOCIAL_SCIENCES_ASSET_AUDIT_0.1,H1988P5CI124,1988,5,CIENCIAS SOCIALES,standard_x_js,H1988P5CI124,9,147,9,https://historico.conaliteg.gob.mx/c/H1988P5CI124/009.jpg,0,source_jpeg,served_image,200,image/jpeg,59901,c542afe11b9e32dd0ecde1fd7e1be258257abb79c66312489450bf21c1ae690b,1,
LTMD_U1_W4_SOCIAL_SCIENCES_ASSET_AUDIT_0.1,H1988P5CI124,1988,5,CIENCIAS SOCIALES,standard_x_js,H1988P5CI124,10,147,10,https://historico.conaliteg.gob.mx/c/H1988P5CI124/010.jpg,0,source_jpeg,served_image,200,image/jpeg,71642,936915f18e83741834f4acac0618f3cbcb3505afcdaf0b3cf5fac6d1c73235d1,1,
LTMD_U1_W4_SOCIAL_SCIENCES_ASSET_AUDIT_0.1,H1988P5CI124,1988,5,CIENCIAS SOCIALES,standard_x_js,H1988P5CI124,11,147,11,https://historico.conaliteg.gob.mx/c/H1988P5CI124/011.jpg,0,source_jpeg,served_image,200,image/jpeg,75267,990d3a5e3c720e5435005f54e58a96f23a0e7511050c7d31343dd5e28ccc809c,1,
LTMD_U1_W4_SOCIAL_SCIENCES_ASSET_AUDIT_0.1,H1988P5CI124,1988,5,CIENCIAS SOCIALES,standard_x_js,H1988P5CI124,12,147,12,https://historico.conaliteg.gob.mx/c/H1988P5CI124/012.jpg,0,source_jpeg,served_image,200,image/jpeg,51601,7b39e9e4aa299d5393e29857306f6cf7fe7bcea14f47a1929691052d13eeda13,1,
LTMD_U1_W4_SOCIAL_SCIENCES_ASSET_AUDIT_0.1,H1988P5CI124,1988,5,CIENCIAS SOCIALES,standard_x_js,H1988P5CI124,13,147,13,https://historico.conaliteg.gob.mx/c/H1988P5CI124/013.jpg,0,source_jpeg,served_image,200,image/jpeg,74838,a4c3bda650d2d1af7a449589119e6da1d687e1242de10be5604af10564c2a942,1,
LTMD_U1_W4_SOCIAL_SCIENCES_ASSET_AUDIT_0.1,H1988P5CI124,1988,5,CIENCIAS SOCIALES,standard_x_js,H1988P5CI124,14,147,14,https://historico.conaliteg.gob.mx/c/H1988P5CI124/014.jpg,0,source_jpeg,served_image,200,image/jpeg,51214,42ad013e6a4c0b93d146cbee4873395cf873a9a6de5bd7fe7cb3be7d6011c9ff,1,
LTMD_U1_W4_SOCIAL_SCIENCES_ASSET_AUDIT_0.1,H1988P5CI124,1988,5,CIENCIAS SOCIALES,standard_x_js,H1988P5CI124,15,147,15,https://historico.conaliteg.gob.mx/c/H1988P5CI124/015.jpg,0,source_jpeg,served_image,200,image/jpeg,51009,da86a875f63e1b89e1a86ced1a30f54f3355c240a24f09e509a6a652232f83e6,1,
LTMD_U1_W4_SOCIAL_SCIENCES_ASSET_AUDIT_0.1,H1988P5CI124,1988,5,CIENCIAS SOCIALES,standard_x_js,H1988P5CI124,16,147,16,https://historico.conaliteg.gob.mx/c/H1988P5CI124/016.jpg,0,source_jpeg,served_image,200,image/jpeg,63896,e308f877097ae3a970768e1b6df54803bbc74b356e7fd638eb298befca17d3c1,1,
LTMD_U1_W4_SOCIAL_SCIENCES_ASSET_AUDIT_0.1,H1988P5CI124,1988,5,CIENCIAS SOCIALES,standard_x_js,H1988P5CI124,17,147,17,https://historico.conaliteg.gob.mx/c/H1988P5CI124/017.jpg,0,source_jpeg,served_image,200,image/jpeg,70841,3ed34bbd58d31074d3a2f995b98035cc965768ff6811fd1f4d65c4611660d5e0,1,
LTMD_U1_W4_SOCIAL_SCIENCES_ASSET_AUDIT_0.1,H1988P5CI124,1988,5,CIENCIAS SOCIALES,standard_x_js,H1988P5CI124,18,147,18,https://historico.conaliteg.gob.mx/c/H1988P5CI124/018.jpg,0,source_jpeg,served_image,200,image/jpeg,66840,c39b5e54ad835e68b2b294b4ba452800674e7aaf1f57acd592b32e5d0d9964bf,1,
LTMD_U1_W4_SOCIAL_SCIENCES_ASSET_AUDIT_0.1,H1988P5CI124,1988,5,CIENCIAS SOCIALES,standard_x_js,H1988P5CI124,19,147,19,https://historico.conaliteg.gob.mx/c/H1988P5CI124/019.jpg,0,source_jpeg,served_image,200,image/jpeg,69443,ff3ac2b71d4198adb819695298ee4dc66c4ca32750a675d5db7c88f288322670,1,
LTMD_U1_W4_SOCIAL_SCIENCES_ASSET_AUDIT_0.1,H1988P5CI124,1988,5,CIENCIAS SOCIALES,standard_x_js,H1988P5CI124,20,147,20,https://historico.conaliteg.gob.mx/c/H1988P5CI124/020.jpg,0,source_jpeg,served_image,200,image/jpeg,59833,15d452784f174a86fc1d558208ef8cd8acf700455165fc8af1d153a46a2da68f,1,
LTMD_U1_W4_SOCIAL_SCIENCES_ASSET_AUDIT_0.1,H1988P5CI124,1988,5,CIENCIAS SOCIALES,standard_x_js,H1988P5CI124,21,147,21,https://historico.conaliteg.gob.mx/c/H1988P5CI124/021.jpg,0,source_jpeg,served_image,200,image/jpeg,59859,2bed23d0778c94ce5bd8dbfec9f3279ed71ba1d1c5e06aefebd44976b0ad9a21,1,
LTMD_U1_W4_SOCIAL_SCIENCES_ASSET_AUDIT_0.1,H1988P5CI124,1988,5,CIENCIAS SOCIALES,standard_x_js,H1988P5CI124,22,147,22,https://historico.conaliteg.gob.mx/c/H1988P5CI124/022.jpg,0,source_jpeg,served_image,200,image/jpeg,54230,bb8d6d4a51d97c998b654cb59a18943ef1d31d258ebc8b256fa2ad4c81fc0b6a,1,
LTMD_U1_W4_SOCIAL_SCIENCES_ASSET_AUDIT_0.1,H1988P5CI124,1988,5,CIENCIAS SOCIALES,standard_x_js,H1988P5CI124,23,147,23,https://historico.conaliteg.gob.mx/c/H1988P5CI124/023.jpg,0,source_jpeg,served_image,200,image/jpeg,62401,f84a8e4b3507560bb1a113cdfdcd187cb7ae955403d8eef63b7dc3e53f5481ae,1,
LTMD_U1_W4_SOCIAL_SCIENCES_ASSET_AUDIT_0.1,H1988P5CI124,1988,5,CIENCIAS SOCIALES,standard_x_js,H1988P5CI124,24,147,24,https://historico.conaliteg.gob.mx/c/H1988P5CI124/024.jpg,0,source_jpeg,served_image,200,image/jpeg,68249,04a4d400f7c5a16601dadd0725a6221aed90f35f1ac6f77fac378fee947153ba,1,
LTMD_U1_W4_SOCIAL_SCIENCES_ASSET_AUDIT_0.1,H1988P5CI124,1988,5,CIENCIAS SOCIALES,standard_x_js,H1988P5CI124,25,147,25,https://historico.conaliteg.gob.mx/c/H1988P5CI124/025.jpg,0,source_jpeg,served_image,200,image/jpeg,73129,9e746dcff6879de0aaa366476cc1e541151e3c121622f50e6d755ba228dba5a6,1,
LTMD_U1_W4_SOCIAL_SCIENCES_ASSET_AUDIT_0.1,H1988P5CI124,1988,5,CIENCIAS SOCIALES,standard_x_js,H1988P5CI124,26,147,26,https://historico.conaliteg.gob.mx/c/H1988P5CI124/026.jpg,0,source_jpeg,served_image,200,image/jpeg,59416,5978ee228d5fe3f1eeedde647c41c44777bb7f54164675ab2e807ed00abf9f69,1,
LTMD_U1_W4_SOCIAL_SCIENCES_ASSET_AUDIT_0.1,H1988P5CI124,1988,5,CIENCIAS SOCIALES,standard_x_js,H1988P5CI124,27,147,27,https://historico.conaliteg.gob.mx/c/H1988P5CI124/027.jpg,0,source_jpeg,served_image,200,image/jpeg,53454,1b738c2f08bc92356f9a1bc57bcf18236366bcb7ff9c3335d1084b102ab7fc27,1,
LTMD_U1_W4_SOCIAL_SCIENCES_ASSET_AUDIT_0.1,H1988P5CI124,1988,5,CIENCIAS SOCIALES,standard_x_js,H1988P5CI124,28,147,28,https://historico.conaliteg.gob.mx/c/H1988P5CI124/028.jpg,0,source_jpeg,served_image,200,image/jpeg,54734,27dd515b627b31ddd780976b40e82abb2bf44a40ba808c14771aa1181b2f7722,1,
LTMD_U1_W4_SOCIAL_SCIENCES_ASSET_AUDIT_0.1,H1988P5CI124,1988,5,CIENCIAS SOCIALES,standard_x_js,H1988P5CI124,29,147,29,https://historico.conaliteg.gob.mx/c/H1988P5CI124/029.jpg,0,source_jpeg,served_image,200,image/jpeg,59104,b340ec6b89711ea2d815a1bab1e409be09d96170d87bdd2e667b7c50169d3ae8,1,
LTMD_U1_W4_SOCIAL_SCIENCES_ASSET_AUDIT_0.1,H1988P5CI124,1988,5,CIENCIAS SOCIALES,standard_x_js,H1988P5CI124,30,147,30,https://historico.conaliteg.gob.mx/c/H1988P5CI124/030.jpg,0,source_jpeg,served_image,200,image/jpeg,77198,976c14c1eda49684a6e2dfde1d212af747f9b93d4068f4f573c1e54c416083a3,1,
LTMD_U1_W4_SOCIAL_SCIENCES_ASSET_AUDIT_0.1,H1988P5CI124,1988,5,CIENCIAS SOCIALES,standard_x_js,H1988P5CI124,31,147,31,https://historico.conaliteg.gob.mx/c/H1988P5CI124/031.jpg,0,source_jpeg,served_image,200,image/jpeg,79993,93e0219c5d4904eefb398767b5fd94fdb1b3d8687d845855f7e0d0cc5317a9e1,1,
LTMD_U1_W4_SOCIAL_SCIENCES_ASSET_AUDIT_0.1,H1988P5CI124,1988,5,CIENCIAS SOCIALES,standard_x_js,H1988P5CI124,32,147,32,https://historico.conaliteg.gob.mx/c/H1988P5CI124/032.jpg,0,source_jpeg,served_image,200,image/jpeg,59907,148aa84acd9120860547dfb85d620bab1406ca90e2f9683dc0b28f3489b18dfc,1,
LTMD_U1_W4_SOCIAL_SCIENCES_ASSET_AUDIT_0.1,H1988P5CI124,1988,5,CIENCIAS SOCIALES,standard_x_js,H1988P5CI124,33,147,33,https://historico.conaliteg.gob.mx/c/H1988P5CI124/033.jpg,0,source_jpeg,served_image,200,image/jpeg,74914,58ecaf5f94c28c669d625b4d080f068537cfacdd01805b610f9c6e6d912e8cbf,1,
LTMD_U1_W4_SOCIAL_SCIENCES_ASSET_AUDIT_0.1,H1988P5CI124,1988,5,CIENCIAS SOCIALES,standard_x_js,H1988P5CI124,34,147,34,https://historico.conaliteg.gob.mx/c/H1988P5CI124/034.jpg,0,source_jpeg,served_image,200,image/jpeg,80553,61fd592ee78f8e1f8b1d602db82f09e75da46e67f6a1d70f23e0492b1ec299f3,1,
LTMD_U1_W4_SOCIAL_SCIENCES_ASSET_AUDIT_0.1,H1988P5CI124,1988,5,CIENCIAS SOCIALES,standard_x_js,H1988P5CI124,35,147,35,https://historico.conaliteg.gob.mx/c/H1988P5CI124/035.jpg,0,source_jpeg,served_image,200,image/jpeg,54395,b1be399f53051f04fa216078ddc7f7cd332abd04f0d38e6139eec81ded383cd4,1,
LTMD_U1_W4_SOCIAL_SCIENCES_ASSET_AUDIT_0.1,H1988P5CI124,1988,5,CIENCIAS SOCIALES,standard_x_js,H1988P5CI124,36,147,36,https://historico.conaliteg.gob.mx/c/H1988P5CI124/036.jpg,0,source_jpeg,served_image,200,image/jpeg,67542,7e964213eab9965114e9c89d56af10603c285d51e1db22d3578803cd0810307a,1,
LTMD_U1_W4_SOCIAL_SCIENCES_ASSET_AUDIT_0.1,H1988P5CI124,1988,5,CIENCIAS SOCIALES,standard_x_js,H1988P5CI124,37,147,37,https://historico.conaliteg.gob.mx/c/H1988P5CI124/037.jpg,0,source_jpeg,served_image,200,image/jpeg,77753,8d6b60c6a432d5ddbe8bb04fd0eb93db20d7125ac441c06b1b034f6964ef5d0b,1,
LTMD_U1_W4_SOCIAL_SCIENCES_ASSET_AUDIT_0.1,H1988P5CI124,1988,5,CIENCIAS SOCIALES,standard_x_js,H1988P5CI124,38,147,38,https://historico.conaliteg.gob.mx/c/H1988P5CI124/038.jpg,0,source_jpeg,served_image,200,image/jpeg,57078,f0b03e28d1f211f7635ab1629389bae72a6595640b0beac49a1239e5c4a5c54e,1,
LTMD_U1_W4_SOCIAL_SCIENCES_ASSET_AUDIT_0.1,H1988P5CI124,1988,5,CIENCIAS SOCIALES,standard_x_js,H1988P5CI124,39,147,39,https://historico.conaliteg.gob.mx/c/H1988P5CI124/039.jpg,0,source_jpeg,served_image,200,image/jpeg,62245,f07e92f28513055de802201d07328b02b6965a178b1d37407f50252593ca6bf6,1,
LTMD_U1_W4_SOCIAL_SCIENCES_ASSET_AUDIT_0.1,H1988P5CI124,1988,5,CIENCIAS SOCIALES,standard_x_js,H1988P5CI124,40,147,40,https://historico.conaliteg.gob.mx/c/H1988P5CI124/040.jpg,0,source_jpeg,served_image,200,image/jpeg,78012,2def8ebcc7b89800ac7c3a9420256503477f387d2dd08d565419e820b6d261aa,1,
LTMD_U1_W4_SOCIAL_SCIENCES_ASSET_AUDIT_0.1,H1988P5CI124,1988,5,CIENCIAS SOCIALES,standard_x_js,H1988P5CI124,41,147,41,https://historico.conaliteg.gob.mx/c/H1988P5CI124/041.jpg,0,source_jpeg,served_image,200,image/jpeg,69579,2da2a464d59a06ddd414e4420faece0b44aef02fcc220e3a0bbbaf9b04033468,1,
LTMD_U1_W4_SOCIAL_SCIENCES_ASSET_AUDIT_0.1,H1988P5CI124,1988,5,CIENCIAS SOCIALES,standard_x_js,H1988P5CI124,42,147,42,https://historico.conaliteg.gob.mx/c/H1988P5CI124/042.jpg,0,source_jpeg,served_image,200,image/jpeg,60068,67a68588403176e4afa51fde5cde59531709db2114652291d04f7b4c390d0089,1,
LTMD_U1_W4_SOCIAL_SCIENCES_ASSET_AUDIT_0.1,H1988P5CI124,1988,5,CIENCIAS SOCIALES,standard_x_js,H1988P5CI124,43,147,43,https://historico.conaliteg.gob.mx/c/H1988P5CI124/043.jpg,0,source_jpeg,served_image,200,image/jpeg,64197,09de9b3e7ef287e92f344107cd3e59252ce4810b998c6bfbe58d0b0887166292,1,
LTMD_U1_W4_SOCIAL_SCIENCES_ASSET_AUDIT_0.1,H1988P5CI124,1988,5,CIENCIAS SOCIALES,standard_x_js,H1988P5CI124,44,147,44,https://historico.conaliteg.gob.mx/c/H1988P5CI124/044.jpg,0,source_jpeg,served_image,200,image/jpeg,66803,3da49b8d0dfc41023c2c3e96165262d630d05efafd80eee745d59e323930ecf7,1,
LTMD_U1_W4_SOCIAL_SCIENCES_ASSET_AUDIT_0.1,H1988P5CI124,1988,5,CIENCIAS SOCIALES,standard_x_js,H1988P5CI124,45,147,45,https://historico.conaliteg.gob.mx/c/H1988P5CI124/045.jpg,0,source_jpeg,served_image,200,image/jpeg,71543,b3ffaf74e88d4d2d80a88e6bfef70934a6186a4240bf7f391ace0cad3e578817,1,
LTMD_U1_W4_SOCIAL_SCIENCES_ASSET_AUDIT_0.1,H1988P5CI124,1988,5,CIENCIAS SOCIALES,standard_x_js,H1988P5CI124,46,147,46,https://historico.conaliteg.gob.mx/c/H1988P5CI124/046.jpg,0,source_jpeg,served_image,200,image/jpeg,69832,f801ecca06b1520c9556c78aedcec4b7672429806ee3679bc95664f527d044a0,1,
LTMD_U1_W4_SOCIAL_SCIENCES_ASSET_AUDIT_0.1,H1988P5CI124,1988,5,CIENCIAS SOCIALES,standard_x_js,H1988P5CI124,47,147,47,https://historico.conaliteg.gob.mx/c/H1988P5CI124/047.jpg,0,source_jpeg,served_image,200,image/jpeg,80376,15eb0ef9d6cfe2555706538965576a42ec6114ae228f7b615471fb5317f7ba66,1,
LTMD_U1_W4_SOCIAL_SCIENCES_ASSET_AUDIT_0.1,H1988P5CI124,1988,5,CIENCIAS SOCIALES,standard_x_js,H1988P5CI124,48,147,48,https://historico.conaliteg.gob.mx/c/H1988P5CI124/048.jpg,0,source_jpeg,served_image,200,image/jpeg,64148,195ff510fce223582f91e4528a8a64ca5bc8c9dcdd3f6c26ba15e749e942716c,1,
LTMD_U1_W4_SOCIAL_SCIENCES_ASSET_AUDIT_0.1,H1988P5CI124,1988,5,CIENCIAS SOCIALES,standard_x_js,H1988P5CI124,49,147,49,https://historico.conaliteg.gob.mx/c/H1988P5CI124/049.jpg,0,source_jpeg,served_image,200,image/jpeg,44418,52e7b43bba65c56ea8b01066245f922123a4730196d65ac0be0e5aefdb56d109,1,
LTMD_U1_W4_SOCIAL_SCIENCES_ASSET_AUDIT_0.1,H1988P5CI124,1988,5,CIENCIAS SOCIALES,standard_x_js,H1988P5CI124,50,147,50,https://historico.conaliteg.gob.mx/c/H1988P5CI124/050.jpg,0,source_jpeg,served_image,200,image/jpeg,68000,081ace40d3c0c9fec58166d088c9126a409a5f55126cacab5c3772ca9df05079,1,
LTMD_U1_W4_SOCIAL_SCIENCES_ASSET_AUDIT_0.1,H1988P5CI124,1988,5,CIENCIAS SOCIALES,standard_x_js,H1988P5CI124,51,147,51,https://historico.conaliteg.gob.mx/c/H1988P5CI124/051.jpg,0,source_jpeg,served_image,200,image/jpeg,69100,39fe2972b3b841aeba0109db20a192dccd51afcb87dc517953483272476412aa,1,
LTMD_U1_W4_SOCIAL_SCIENCES_ASSET_AUDIT_0.1,H1988P5CI124,1988,5,CIENCIAS SOCIALES,standard_x_js,H1988P5CI124,52,147,52,https://historico.conaliteg.gob.mx/c/H1988P5CI124/052.jpg,0,source_jpeg,served_image,200,image/jpeg,61749,f0baa6064ecb04da47084a3c7893eb7e009528e4141c4cb3c5f90ad6cc2eef07,1,
LTMD_U1_W4_SOCIAL_SCIENCES_ASSET_AUDIT_0.1,H1988P5CI124,1988,5,CIENCIAS SOCIALES,standard_x_js,H1988P5CI124,53,147,53,https://historico.conaliteg.gob.mx/c/H1988P5CI124/053.jpg,0,source_jpeg,served_image,200,image/jpeg,67357,16c727228faf4b1382b3a159131d92b66fcab042abb452d2a4f8df1e6be2dff1,1,
LTMD_U1_W4_SOCIAL_SCIENCES_ASSET_AUDIT_0.1,H1988P5CI124,1988,5,CIENCIAS SOCIALES,standard_x_js,H1988P5CI124,54,147,54,https://historico.conaliteg.gob.mx/c/H1988P5CI124/054.jpg,0,source_jpeg,served_image,200,image/jpeg,73709,10b9accb98e7966fa504d5f131097b46767e5a893e1d83995b3188135c9a5386,1,
LTMD_U1_W4_SOCIAL_SCIENCES_ASSET_AUDIT_0.1,H1988P5CI124,1988,5,CIENCIAS SOCIALES,standard_x_js,H1988P5CI124,55,147,55,https://historico.conaliteg.gob.mx/c/H1988P5CI124/055.jpg,0,source_jpeg,served_image,200,image/jpeg,53312,c1d7df701ba933915de254018ebcda2318ec29e94fa7cc21662f61176e85bfee,1,
LTMD_U1_W4_SOCIAL_SCIENCES_ASSET_AUDIT_0.1,H1988P5CI124,1988,5,CIENCIAS SOCIALES,standard_x_js,H1988P5CI124,56,147,56,https://historico.conaliteg.gob.mx/c/H1988P5CI124/056.jpg,0,source_jpeg,served_image,200,image/jpeg,56393,82f2226c0693433da9a9e6d71cbfb870e51322a29c1734f95104fe866622771b,1,
LTMD_U1_W4_SOCIAL_SCIENCES_ASSET_AUDIT_0.1,H1988P5CI124,1988,5,CIENCIAS SOCIALES,standard_x_js,H1988P5CI124,57,147,57,https://historico.conaliteg.gob.mx/c/H1988P5CI124/057.jpg,0,source_jpeg,served_image,200,image/jpeg,72050,f2357b957e4708754667e7751bba4e88e131328c49e5af8bcb5773bf2e950692,1,
LTMD_U1_W4_SOCIAL_SCIENCES_ASSET_AUDIT_0.1,H1988P5CI124,1988,5,CIENCIAS SOCIALES,standard_x_js,H1988P5CI124,58,147,58,https://historico.conaliteg.gob.mx/c/H1988P5CI124/058.jpg,0,source_jpeg,served_image,200,image/jpeg,61355,a19084e28dc503cc78d9c0e5ab86687515803468c3a5d4ea1379064a86e89621,1,
LTMD_U1_W4_SOCIAL_SCIENCES_ASSET_AUDIT_0.1,H1988P5CI124,1988,5,CIENCIAS SOCIALES,standard_x_js,H1988P5CI124,59,147,59,https://historico.conaliteg.gob.mx/c/H1988P5CI124/059.jpg,0,source_jpeg,served_image,200,image/jpeg,72590,7ce362d8a2c99c4b3000a31d4b7080685865e1c8a7cd5a8088f18e9c4721a1c1,1,
LTMD_U1_W4_SOCIAL_SCIENCES_ASSET_AUDIT_0.1,H1988P5CI124,1988,5,CIENCIAS SOCIALES,standard_x_js,H1988P5CI124,60,147,60,https://historico.conaliteg.gob.mx/c/H1988P5CI124/060.jpg,0,source_jpeg,served_image,200,image/jpeg,55632,e91bee0ee5d9cdf3c74a70245ee136b6d5c1af1d6493ce12431cfb15b8087ca0,1,
LTMD_U1_W4_SOCIAL_SCIENCES_ASSET_AUDIT_0.1,H1988P5CI124,1988,5,CIENCIAS SOCIALES,standard_x_js,H1988P5CI124,61,147,61,https://historico.conaliteg.gob.mx/c/H1988P5CI124/061.jpg,0,source_jpeg,served_image,200,image/jpeg,78225,c4cf7096a5bf94e2cfb4be901fd473d109c2fa28a1f4783f98610befce017b59,1,
LTMD_U1_W4_SOCIAL_SCIENCES_ASSET_AUDIT_0.1,H1988P5CI124,1988,5,CIENCIAS SOCIALES,standard_x_js,H1988P5CI124,62,147,62,https://historico.conaliteg.gob.mx/c/H1988P5CI124/062.jpg,0,source_jpeg,served_image,200,image/jpeg,76982,ff94968b7944e060b808e21c7f6b0e5e551b2b7c44eaa154a4b65fa2d1c54776,1,
LTMD_U1_W4_SOCIAL_SCIENCES_ASSET_AUDIT_0.1,H1988P5CI124,1988,5,CIENCIAS SOCIALES,standard_x_js,H1988P5CI124,63,147,63,https://historico.conaliteg.gob.mx/c/H1988P5CI124/063.jpg,0,source_jpeg,served_image,200,image/jpeg,74100,5d704af7b1088bc1c0bee503f2165d8a78ea405a5f5282bb851e682d5b904bd2,1,
LTMD_U1_W4_SOCIAL_SCIENCES_ASSET_AUDIT_0.1,H1988P5CI124,1988,5,CIENCIAS SOCIALES,standard_x_js,H1988P5CI124,64,147,64,https://historico.conaliteg.gob.mx/c/H1988P5CI124/064.jpg,0,source_jpeg,served_image,200,image/jpeg,51796,f6a0c2a828a126ac2f1ace73c34f573fe8a0fd05c55441319d7e594534b47bc3,1,
LTMD_U1_W4_SOCIAL_SCIENCES_ASSET_AUDIT_0.1,H1988P5CI124,1988,5,CIENCIAS SOCIALES,standard_x_js,H1988P5CI124,65,147,65,https://historico.conaliteg.gob.mx/c/H1988P5CI124/065.jpg,0,source_jpeg,served_image,200,image/jpeg,46369,37b860962f3944f573ad8ec67e2dde69420fa5d63011d76b0ed9ea07201101e8,1,
LTMD_U1_W4_SOCIAL_SCIENCES_ASSET_AUDIT_0.1,H1988P5CI124,1988,5,CIENCIAS SOCIALES,standard_x_js,H1988P5CI124,66,147,66,https://historico.conaliteg.gob.mx/c/H1988P5CI124/066.jpg,0,source_jpeg,served_image,200,image/jpeg,49966,a80a773fd38b0c12438b01f0adb240f888aba5a81e16648465e640810be80d16,1,
LTMD_U1_W4_SOCIAL_SCIENCES_ASSET_AUDIT_0.1,H1988P5CI124,1988,5,CIENCIAS SOCIALES,standard_x_js,H1988P5CI124,67,147,67,https://historico.conaliteg.gob.mx/c/H1988P5CI124/067.jpg,0,source_jpeg,served_image,200,image/jpeg,65479,06ff111e304f08e4371bbfc710c0d5af8e21a2c1617c03aea5c5605114da057d,1,
LTMD_U1_W4_SOCIAL_SCIENCES_ASSET_AUDIT_0.1,H1988P5CI124,1988,5,CIENCIAS SOCIALES,standard_x_js,H1988P5CI124,68,147,68,https://historico.conaliteg.gob.mx/c/H1988P5CI124/068.jpg,0,source_jpeg,served_image,200,image/jpeg,60179,9757be5c974aff3af6c87897afcfca0f740c208c550e1d705667c47f6796b58b,1,
LTMD_U1_W4_SOCIAL_SCIENCES_ASSET_AUDIT_0.1,H1988P5CI124,1988,5,CIENCIAS SOCIALES,standard_x_js,H1988P5CI124,69,147,69,https://historico.conaliteg.gob.mx/c/H1988P5CI124/069.jpg,0,source_jpeg,served_image,200,image/jpeg,63734,ea2ce71a57523c48c92aa928c56ba372c0187a6d9e6583213e8752d0f5b2af6b,1,
LTMD_U1_W4_SOCIAL_SCIENCES_ASSET_AUDIT_0.1,H1988P5CI124,1988,5,CIENCIAS SOCIALES,standard_x_js,H1988P5CI124,70,147,70,https://historico.conaliteg.gob.mx/c/H1988P5CI124/070.jpg,0,source_jpeg,served_image,200,image/jpeg,65541,1c794028fbb348c70d1b789157fa53459e6f6153276b0c533a21c8ee4ade01b6,1,
LTMD_U1_W4_SOCIAL_SCIENCES_ASSET_AUDIT_0.1,H1988P5CI124,1988,5,CIENCIAS SOCIALES,standard_x_js,H1988P5CI124,71,147,71,https://historico.conaliteg.gob.mx/c/H1988P5CI124/071.jpg,0,source_jpeg,served_image,200,image/jpeg,63732,3bc59af7daa4f713e5b0dbb2c5abf09c6bb991f9a49d91fcd0a5582ebb6fbe51,1,
LTMD_U1_W4_SOCIAL_SCIENCES_ASSET_AUDIT_0.1,H1988P5CI124,1988,5,CIENCIAS SOCIALES,standard_x_js,H1988P5CI124,72,147,72,https://historico.conaliteg.gob.mx/c/H1988P5CI124/072.jpg,0,source_jpeg,served_image,200,image/jpeg,55398,ebb128eedccd540ccefc4155bd18264b4493c00f3b09c2596a2cc90f6d7f0cbd,1,
LTMD_U1_W4_SOCIAL_SCIENCES_ASSET_AUDIT_0.1,H1988P5CI124,1988,5,CIENCIAS SOCIALES,standard_x_js,H1988P5CI124,73,147,73,https://historico.conaliteg.gob.mx/c/H1988P5CI124/073.jpg,0,source_jpeg,served_image,200,image/jpeg,64458,d1c2899e692699820020108dad1f89d835241694f03d5906303ec050d2dac7fd,1,
LTMD_U1_W4_SOCIAL_SCIENCES_ASSET_AUDIT_0.1,H1988P5CI124,1988,5,CIENCIAS SOCIALES,standard_x_js,H1988P5CI124,74,147,74,https://historico.conaliteg.gob.mx/c/H1988P5CI124/074.jpg,0,source_jpeg,served_image,200,image/jpeg,66073,e3a119a01548efb486aaa87850a4fd00b43ea0351d4b775d98efa62e25400fad,1,
LTMD_U1_W4_SOCIAL_SCIENCES_ASSET_AUDIT_0.1,H1988P5CI124,1988,5,CIENCIAS SOCIALES,standard_x_js,H1988P5CI124,75,147,75,https://historico.conaliteg.gob.mx/c/H1988P5CI124/075.jpg,0,source_jpeg,served_image,200,image/jpeg,64146,abe0eac9bd4e17759fa8a3a3cc59ae8477e446e4025ab96350b1bcd15098934b,1,
LTMD_U1_W4_SOCIAL_SCIENCES_ASSET_AUDIT_0.1,H1988P5CI124,1988,5,CIENCIAS SOCIALES,standard_x_js,H1988P5CI124,76,147,76,https://historico.conaliteg.gob.mx/c/H1988P5CI124/076.jpg,0,source_jpeg,served_image,200,image/jpeg,73012,56e72d22477830e6d6519619a0ed7b4bb52533650108fc7c259d60935b9ffd43,1,
LTMD_U1_W4_SOCIAL_SCIENCES_ASSET_AUDIT_0.1,H1988P5CI124,1988,5,CIENCIAS SOCIALES,standard_x_js,H1988P5CI124,77,147,77,https://historico.conaliteg.gob.mx/c/H1988P5CI124/077.jpg,0,source_jpeg,served_image,200,image/jpeg,79073,8386e8a8ecd99ab8044fc1b6a543c52287fe79da005fae3c8feb9833dd53f0c3,1,
LTMD_U1_W4_SOCIAL_SCIENCES_ASSET_AUDIT_0.1,H1988P5CI124,1988,5,CIENCIAS SOCIALES,standard_x_js,H1988P5CI124,78,147,78,https://historico.conaliteg.gob.mx/c/H1988P5CI124/078.jpg,0,source_jpeg,served_image,200,image/jpeg,49962,c899838c878683e64928f03d213e39ceb924553e722ebeedfd8bf10608246065,1,
LTMD_U1_W4_SOCIAL_SCIENCES_ASSET_AUDIT_0.1,H1988P5CI124,1988,5,CIENCIAS SOCIALES,standard_x_js,H1988P5CI124,79,147,79,https://historico.conaliteg.gob.mx/c/H1988P5CI124/079.jpg,0,source_jpeg,served_image,200,image/jpeg,71938,1ee3ad4e6dd5afa29fa88b7db79048f671195361ea1c7a45d20d6a205d7aa12a,1,
LTMD_U1_W4_SOCIAL_SCIENCES_ASSET_AUDIT_0.1,H1988P5CI124,1988,5,CIENCIAS SOCIALES,standard_x_js,H1988P5CI124,80,147,80,https://historico.conaliteg.gob.mx/c/H1988P5CI124/080.jpg,0,source_jpeg,served_image,200,image/jpeg,62898,ec59cb81eecec7c35d53a08862467777fac27b7758c6a62944e0db3fa32fcf2b,1,
LTMD_U1_W4_SOCIAL_SCIENCES_ASSET_AUDIT_0.1,H1988P5CI124,1988,5,CIENCIAS SOCIALES,standard_x_js,H1988P5CI124,81,147,81,https://historico.conaliteg.gob.mx/c/H1988P5CI124/081.jpg,0,source_jpeg,served_image,200,image/jpeg,72495,834b1896cd08162872b9c1edb59ebdfaae1fd52fc26c4d436b3bcfb3ec5c0723,1,
LTMD_U1_W4_SOCIAL_SCIENCES_ASSET_AUDIT_0.1,H1988P5CI124,1988,5,CIENCIAS SOCIALES,standard_x_js,H1988P5CI124,82,147,82,https://historico.conaliteg.gob.mx/c/H1988P5CI124/082.jpg,0,source_jpeg,served_image,200,image/jpeg,66392,8f98095c6036ec97c683d46e38338848fe247f043a627434e6ba3f56093e8a6b,1,
LTMD_U1_W4_SOCIAL_SCIENCES_ASSET_AUDIT_0.1,H1988P5CI124,1988,5,CIENCIAS SOCIALES,standard_x_js,H1988P5CI124,83,147,83,https://historico.conaliteg.gob.mx/c/H1988P5CI124/083.jpg,0,source_jpeg,served_image,200,image/jpeg,59545,e3f4bde47cdc069dd6f589564b4fd641dc27deb58c8244e82bef934ef45b1e8a,1,
LTMD_U1_W4_SOCIAL_SCIENCES_ASSET_AUDIT_0.1,H1988P5CI124,1988,5,CIENCIAS SOCIALES,standard_x_js,H1988P5CI124,84,147,84,https://historico.conaliteg.gob.mx/c/H1988P5CI124/084.jpg,0,source_jpeg,served_image,200,image/jpeg,71686,5217f65e24cfde9c2edcc76f290da0a4b18196fb6c96137d0a9494fc30b9f49b,1,
LTMD_U1_W4_SOCIAL_SCIENCES_ASSET_AUDIT_0.1,H1988P5CI124,1988,5,CIENCIAS SOCIALES,standard_x_js,H1988P5CI124,85,147,85,https://historico.conaliteg.gob.mx/c/H1988P5CI124/085.jpg,0,source_jpeg,served_image,200,image/jpeg,76563,e6c7ff0afcfb61ae92e336a8729f9835395dd853e9187e976bb44bf253e5a5bb,1,
LTMD_U1_W4_SOCIAL_SCIENCES_ASSET_AUDIT_0.1,H1988P5CI124,1988,5,CIENCIAS SOCIALES,standard_x_js,H1988P5CI124,86,147,86,https://historico.conaliteg.gob.mx/c/H1988P5CI124/086.jpg,0,source_jpeg,served_image,200,image/jpeg,48352,eacaf1bf79596d0b009fb69c97629369d6ac5bc247869dca253a4f18407f3b44,1,
LTMD_U1_W4_SOCIAL_SCIENCES_ASSET_AUDIT_0.1,H1988P5CI124,1988,5,CIENCIAS SOCIALES,standard_x_js,H1988P5CI124,87,147,87,https://historico.conaliteg.gob.mx/c/H1988P5CI124/087.jpg,0,source_jpeg,served_image,200,image/jpeg,51931,cc7a88a46b7d3e819c37698fc34677a80e66c839a1e5923a97b280f377d185af,1,
LTMD_U1_W4_SOCIAL_SCIENCES_ASSET_AUDIT_0.1,H1988P5CI124,1988,5,CIENCIAS SOCIALES,standard_x_js,H1988P5CI124,88,147,88,https://historico.conaliteg.gob.mx/c/H1988P5CI124/088.jpg,0,source_jpeg,served_image,200,image/jpeg,65316,ebd98b9e9a829c239d09770327f558fc44d43a1841f56a4db7ff54e133585e99,1,
LTMD_U1_W4_SOCIAL_SCIENCES_ASSET_AUDIT_0.1,H1988P5CI124,1988,5,CIENCIAS SOCIALES,standard_x_js,H1988P5CI124,89,147,89,https://historico.conaliteg.gob.mx/c/H1988P5CI124/089.jpg,0,source_jpeg,served_image,200,image/jpeg,62974,5563c5b667ac7a48a4b562cdd91fd7f401b2fc4d306915e713f2d9747ef06742,1,
LTMD_U1_W4_SOCIAL_SCIENCES_ASSET_AUDIT_0.1,H1988P5CI124,1988,5,CIENCIAS SOCIALES,standard_x_js,H1988P5CI124,90,147,90,https://historico.conaliteg.gob.mx/c/H1988P5CI124/090.jpg,0,source_jpeg,served_image,200,image/jpeg,59541,ff488604515f45978da797519a963863f017f1c4f8092e9d46108492c0ab115f,1,
LTMD_U1_W4_SOCIAL_SCIENCES_ASSET_AUDIT_0.1,H1988P5CI124,1988,5,CIENCIAS SOCIALES,standard_x_js,H1988P5CI124,91,147,91,https://historico.conaliteg.gob.mx/c/H1988P5CI124/091.jpg,0,source_jpeg,served_image,200,image/jpeg,63887,8da4c8af6fa6cad6562c8cfeca4bf607541f6f61fe32b18142348c300fc835a6,1,
LTMD_U1_W4_SOCIAL_SCIENCES_ASSET_AUDIT_0.1,H1988P5CI124,1988,5,CIENCIAS SOCIALES,standard_x_js,H1988P5CI124,92,147,92,https://historico.conaliteg.gob.mx/c/H1988P5CI124/092.jpg,0,source_jpeg,served_image,200,image/jpeg,62992,2f390e08cc5318465dbe521bcc49eb0cb02ac3cc944afbc348e0602804b1082e,1,
LTMD_U1_W4_SOCIAL_SCIENCES_ASSET_AUDIT_0.1,H1988P5CI124,1988,5,CIENCIAS SOCIALES,standard_x_js,H1988P5CI124,93,147,93,https://historico.conaliteg.gob.mx/c/H1988P5CI124/093.jpg,0,source_jpeg,served_image,200,image/jpeg,67924,ce35b537d63d8865cd3b82f7e3d63dec19a69ae0a3267a692d7198392ce4bdc5,1,
LTMD_U1_W4_SOCIAL_SCIENCES_ASSET_AUDIT_0.1,H1988P5CI124,1988,5,CIENCIAS SOCIALES,standard_x_js,H1988P5CI124,94,147,94,https://historico.conaliteg.gob.mx/c/H1988P5CI124/094.jpg,0,source_jpeg,served_image,200,image/jpeg,64461,d94444958ba90b893c64f94506d61de036db814117a7250c59592095ef4b7153,1,
LTMD_U1_W4_SOCIAL_SCIENCES_ASSET_AUDIT_0.1,H1988P5CI124,1988,5,CIENCIAS SOCIALES,standard_x_js,H1988P5CI124,95,147,95,https://historico.conaliteg.gob.mx/c/H1988P5CI124/095.jpg,0,source_jpeg,served_image,200,image/jpeg,59079,0940757ff042b1ecbf7dccfe5dd0839b28d42825630afccc6c6b74e29869cada,1,
LTMD_U1_W4_SOCIAL_SCIENCES_ASSET_AUDIT_0.1,H1988P5CI124,1988,5,CIENCIAS SOCIALES,standard_x_js,H1988P5CI124,96,147,96,https://historico.conaliteg.gob.mx/c/H1988P5CI124/096.jpg,0,source_jpeg,served_image,200,image/jpeg,70724,5c9549b4635125f97dbde4f9a5d24bbdf6a5507dc50598b361fd7a20c0f3d9cc,1,
LTMD_U1_W4_SOCIAL_SCIENCES_ASSET_AUDIT_0.1,H1988P5CI124,1988,5,CIENCIAS SOCIALES,standard_x_js,H1988P5CI124,97,147,97,https://historico.conaliteg.gob.mx/c/H1988P5CI124/097.jpg,0,source_jpeg,served_image,200,image/jpeg,63143,2377700a35c8fa0e2945a4da1923a30498a80f01a5da3525269241fc9fa8b1e0,1,
LTMD_U1_W4_SOCIAL_SCIENCES_ASSET_AUDIT_0.1,H1988P5CI124,1988,5,CIENCIAS SOCIALES,standard_x_js,H1988P5CI124,98,147,98,https://historico.conaliteg.gob.mx/c/H1988P5CI124/098.jpg,0,source_jpeg,served_image,200,image/jpeg,64284,00ae4ffb9ee43fb2bfaa494f7361629bfae2313ed16672dfdb9f1b03ccb34cc5,1,
LTMD_U1_W4_SOCIAL_SCIENCES_ASSET_AUDIT_0.1,H1988P5CI124,1988,5,CIENCIAS SOCIALES,standard_x_js,H1988P5CI124,99,147,99,https://historico.conaliteg.gob.mx/c/H1988P5CI124/099.jpg,0,source_jpeg,served_image,200,image/jpeg,63825,cd76aab4e8df3d455dfefddef1ddfa9ea3107f3afab39b434c7301a8f3ca6d9a,1,
LTMD_U1_W4_SOCIAL_SCIENCES_ASSET_AUDIT_0.1,H1988P5CI124,1988,5,CIENCIAS SOCIALES,standard_x_js,H1988P5CI124,100,147,100,https://historico.conaliteg.gob.mx/c/H1988P5CI124/100.jpg,0,source_jpeg,served_image,200,image/jpeg,58333,982f2a0f33584b07b91612c1a73cf7464a5e9ef283fb06be3d18a4cac907263b,1,
LTMD_U1_W4_SOCIAL_SCIENCES_ASSET_AUDIT_0.1,H1988P5CI124,1988,5,CIENCIAS SOCIALES,standard_x_js,H1988P5CI124,101,147,101,https://historico.conaliteg.gob.mx/c/H1988P5CI124/101.jpg,0,source_jpeg,served_image,200,image/jpeg,63353,c9f55041eeec65fc7b8ce321aaa2017fe9630ff0fd396ab00629d7580eb4ed36,1,
LTMD_U1_W4_SOCIAL_SCIENCES_ASSET_AUDIT_0.1,H1988P5CI124,1988,5,CIENCIAS SOCIALES,standard_x_js,H1988P5CI124,102,147,102,https://historico.conaliteg.gob.mx/c/H1988P5CI124/102.jpg,0,source_jpeg,served_image,200,image/jpeg,59654,ebad75bd7c2e8a95c77c67c1c0009d7e5c9c5825d8027a3e37d066270594aad3,1,
LTMD_U1_W4_SOCIAL_SCIENCES_ASSET_AUDIT_0.1,H1988P5CI124,1988,5,CIENCIAS SOCIALES,standard_x_js,H1988P5CI124,103,147,103,https://historico.conaliteg.gob.mx/c/H1988P5CI124/103.jpg,0,source_jpeg,served_image,200,image/jpeg,53711,2cda5bc26ddae3fd70f8502ca17cf95e0da0586b68ab0e90b5b8a20a70763aef,1,
LTMD_U1_W4_SOCIAL_SCIENCES_ASSET_AUDIT_0.1,H1988P5CI124,1988,5,CIENCIAS SOCIALES,standard_x_js,H1988P5CI124,104,147,104,https://historico.conaliteg.gob.mx/c/H1988P5CI124/104.jpg,0,source_jpeg,served_image,200,image/jpeg,56388,efd3ff19038d601d386edde84386eb2d9a5e9cdb0c80fef7f04b78327db480ba,1,
LTMD_U1_W4_SOCIAL_SCIENCES_ASSET_AUDIT_0.1,H1988P5CI124,1988,5,CIENCIAS SOCIALES,standard_x_js,H1988P5CI124,105,147,105,https://historico.conaliteg.gob.mx/c/H1988P5CI124/105.jpg,0,source_jpeg,served_image,200,image/jpeg,58918,3f0384368c9ea0f3469b5ef5d13cf30932656cdc32d24fb20f3f96f35ef6543d,1,
LTMD_U1_W4_SOCIAL_SCIENCES_ASSET_AUDIT_0.1,H1988P5CI124,1988,5,CIENCIAS SOCIALES,standard_x_js,H1988P5CI124,106,147,106,https://historico.conaliteg.gob.mx/c/H1988P5CI124/106.jpg,0,source_jpeg,served_image,200,image/jpeg,61203,2ed2795bfee53134b13fa8a8cf006e190346af59f30911d6d45296e2dc4f2f9e,1,
LTMD_U1_W4_SOCIAL_SCIENCES_ASSET_AUDIT_0.1,H1988P5CI124,1988,5,CIENCIAS SOCIALES,standard_x_js,H1988P5CI124,107,147,107,https://historico.conaliteg.gob.mx/c/H1988P5CI124/107.jpg,0,source_jpeg,served_image,200,image/jpeg,76323,6d819a15bdb716d24b98c0484cd06bef86b7be229210c74282a0e56da35eeb9e,1,
LTMD_U1_W4_SOCIAL_SCIENCES_ASSET_AUDIT_0.1,H1988P5CI124,1988,5,CIENCIAS SOCIALES,standard_x_js,H1988P5CI124,108,147,108,https://historico.conaliteg.gob.mx/c/H1988P5CI124/108.jpg,0,source_jpeg,served_image,200,image/jpeg,68402,944735f5a856bf8cf27ca62f269959a944a9f2d9bc83d02c5615e861e36069b3,1,
LTMD_U1_W4_SOCIAL_SCIENCES_ASSET_AUDIT_0.1,H1988P5CI124,1988,5,CIENCIAS SOCIALES,standard_x_js,H1988P5CI124,109,147,109,https://historico.conaliteg.gob.mx/c/H1988P5CI124/109.jpg,0,source_jpeg,served_image,200,image/jpeg,54546,caea85c18efd6e595bf51d2309cc9a82ad49584fff4cf3eb4827ffa2e0ea60e8,1,
LTMD_U1_W4_SOCIAL_SCIENCES_ASSET_AUDIT_0.1,H1988P5CI124,1988,5,CIENCIAS SOCIALES,standard_x_js,H1988P5CI124,110,147,110,https://historico.conaliteg.gob.mx/c/H1988P5CI124/110.jpg,0,source_jpeg,served_image,200,image/jpeg,56635,8138348184e062af2c01a412ef81e30c631c76c356ec91ea1706fdff05bcbaed,1,
LTMD_U1_W4_SOCIAL_SCIENCES_ASSET_AUDIT_0.1,H1988P5CI124,1988,5,CIENCIAS SOCIALES,standard_x_js,H1988P5CI124,111,147,111,https://historico.conaliteg.gob.mx/c/H1988P5CI124/111.jpg,0,source_jpeg,served_image,200,image/jpeg,82307,f488dcedf209162eabb3e60db722b7648ca31856c47343261a2ef45fda5a9b45,1,
LTMD_U1_W4_SOCIAL_SCIENCES_ASSET_AUDIT_0.1,H1988P5CI124,1988,5,CIENCIAS SOCIALES,standard_x_js,H1988P5CI124,112,147,112,https://historico.conaliteg.gob.mx/c/H1988P5CI124/112.jpg,0,source_jpeg,served_image,200,image/jpeg,55236,bd1b155e50a791cb0f3d90b517b2aaaceb49f75dc2d71341606bfec7f2d84d74,1,
LTMD_U1_W4_SOCIAL_SCIENCES_ASSET_AUDIT_0.1,H1988P5CI124,1988,5,CIENCIAS SOCIALES,standard_x_js,H1988P5CI124,113,147,113,https://historico.conaliteg.gob.mx/c/H1988P5CI124/113.jpg,0,source_jpeg,served_image,200,image/jpeg,52679,b175e0189ecd4ff22d156f37c08daf8cc8691b79787f360b878b2b242fd0b88c,1,
LTMD_U1_W4_SOCIAL_SCIENCES_ASSET_AUDIT_0.1,H1988P5CI124,1988,5,CIENCIAS SOCIALES,standard_x_js,H1988P5CI124,114,147,114,https://historico.conaliteg.gob.mx/c/H1988P5CI124/114.jpg,0,source_jpeg,served_image,200,image/jpeg,69116,4a8ad1dd3580d4e4037836145d7966aaeea8a58bc47da042dcd2fb5f83cc1161,1,
LTMD_U1_W4_SOCIAL_SCIENCES_ASSET_AUDIT_0.1,H1988P5CI124,1988,5,CIENCIAS SOCIALES,standard_x_js,H1988P5CI124,115,147,115,https://historico.conaliteg.gob.mx/c/H1988P5CI124/115.jpg,0,source_jpeg,served_image,200,image/jpeg,56543,e2e670777cbea74d8f8031cbaa96566ca912865cfe709d6ced1f10628efd273f,1,
LTMD_U1_W4_SOCIAL_SCIENCES_ASSET_AUDIT_0.1,H1988P5CI124,1988,5,CIENCIAS SOCIALES,standard_x_js,H1988P5CI124,116,147,116,https://historico.conaliteg.gob.mx/c/H1988P5CI124/116.jpg,0,source_jpeg,served_image,200,image/jpeg,61567,953e26af7662d475e8552bcecc01dc5022ca198188a0f792748262bdb429a7a7,1,
LTMD_U1_W4_SOCIAL_SCIENCES_ASSET_AUDIT_0.1,H1988P5CI124,1988,5,CIENCIAS SOCIALES,standard_x_js,H1988P5CI124,117,147,117,https://historico.conaliteg.gob.mx/c/H1988P5CI124/117.jpg,0,source_jpeg,served_image,200,image/jpeg,65004,bea6ca28a0e2bd86ab959ddb274350b8362e54c3c1d7b89db0a9b4fa76c21902,1,
LTMD_U1_W4_SOCIAL_SCIENCES_ASSET_AUDIT_0.1,H1988P5CI124,1988,5,CIENCIAS SOCIALES,standard_x_js,H1988P5CI124,118,147,118,https://historico.conaliteg.gob.mx/c/H1988P5CI124/118.jpg,0,source_jpeg,served_image,200,image/jpeg,62577,ad52deb4e70e09685c5a00968a2031e58e9568b78e71b71bca566d7f73126e41,1,
LTMD_U1_W4_SOCIAL_SCIENCES_ASSET_AUDIT_0.1,H1988P5CI124,1988,5,CIENCIAS SOCIALES,standard_x_js,H1988P5CI124,119,147,119,https://historico.conaliteg.gob.mx/c/H1988P5CI124/119.jpg,0,source_jpeg,served_image,200,image/jpeg,59129,be67d4f8e1014e292bee765e5ba85b4ba36a44cf9a323e4c94bb0e055c8855d3,1,
LTMD_U1_W4_SOCIAL_SCIENCES_ASSET_AUDIT_0.1,H1988P5CI124,1988,5,CIENCIAS SOCIALES,standard_x_js,H1988P5CI124,120,147,120,https://historico.conaliteg.gob.mx/c/H1988P5CI124/120.jpg,0,source_jpeg,served_image,200,image/jpeg,55443,7b057262989efe1ba5d6d34ea23e556d2ba82e9f62d5126df56e7a81dddac985,1,
LTMD_U1_W4_SOCIAL_SCIENCES_ASSET_AUDIT_0.1,H1988P5CI124,1988,5,CIENCIAS SOCIALES,standard_x_js,H1988P5CI124,121,147,121,https://historico.conaliteg.gob.mx/c/H1988P5CI124/121.jpg,0,source_jpeg,served_image,200,image/jpeg,79470,76571f48399533844e0ae44ec6ea47755bf85f6805b5878562089959285f9c8a,1,
LTMD_U1_W4_SOCIAL_SCIENCES_ASSET_AUDIT_0.1,H1988P5CI124,1988,5,CIENCIAS SOCIALES,standard_x_js,H1988P5CI124,122,147,122,https://historico.conaliteg.gob.mx/c/H1988P5CI124/122.jpg,0,source_jpeg,served_image,200,image/jpeg,65676,f94ac626e88a33ba09209ae8401d40833c557ba876052a170eb6d10f33ba818c,1,
LTMD_U1_W4_SOCIAL_SCIENCES_ASSET_AUDIT_0.1,H1988P5CI124,1988,5,CIENCIAS SOCIALES,standard_x_js,H1988P5CI124,123,147,123,https://historico.conaliteg.gob.mx/c/H1988P5CI124/123.jpg,0,source_jpeg,served_image,200,image/jpeg,69443,27acf99c2ef2dd551a2d79d9a6c67442900df14d5c52a20f11a63ca9da444a8b,1,
LTMD_U1_W4_SOCIAL_SCIENCES_ASSET_AUDIT_0.1,H1988P5CI124,1988,5,CIENCIAS SOCIALES,standard_x_js,H1988P5CI124,124,147,124,https://historico.conaliteg.gob.mx/c/H1988P5CI124/124.jpg,0,source_jpeg,served_image,200,image/jpeg,68517,8816515e64cd845b8e554515d5c91f7aaa02a87b6eb0519a0037898dc2797951,1,
LTMD_U1_W4_SOCIAL_SCIENCES_ASSET_AUDIT_0.1,H1988P5CI124,1988,5,CIENCIAS SOCIALES,standard_x_js,H1988P5CI124,125,147,125,https://historico.conaliteg.gob.mx/c/H1988P5CI124/125.jpg,0,source_jpeg,served_image,200,image/jpeg,68142,cb7771095291a13f7fad567802ae38ef1585b912049497162fce645365ca8cd3,1,
LTMD_U1_W4_SOCIAL_SCIENCES_ASSET_AUDIT_0.1,H1988P5CI124,1988,5,CIENCIAS SOCIALES,standard_x_js,H1988P5CI124,126,147,126,https://historico.conaliteg.gob.mx/c/H1988P5CI124/126.jpg,0,source_jpeg,served_image,200,image/jpeg,70724,58f2c20b5d68eeca7d39cd0784501c075180692f367a9e2d0910cb4b381e6625,1,
LTMD_U1_W4_SOCIAL_SCIENCES_ASSET_AUDIT_0.1,H1988P5CI124,1988,5,CIENCIAS SOCIALES,standard_x_js,H1988P5CI124,127,147,127,https://historico.conaliteg.gob.mx/c/H1988P5CI124/127.jpg,0,source_jpeg,served_image,200,image/jpeg,71791,cb5ec978c573734f79417917822206e0cf99f9d9db9dd7f9991e6718c933a46a,1,
LTMD_U1_W4_SOCIAL_SCIENCES_ASSET_AUDIT_0.1,H1988P5CI124,1988,5,CIENCIAS SOCIALES,standard_x_js,H1988P5CI124,128,147,128,https://historico.conaliteg.gob.mx/c/H1988P5CI124/128.jpg,0,source_jpeg,served_image,200,image/jpeg,77955,dc0965fc804751709f984105f9633fdb8de7d217e4abf82b2b0f5ff78f4881c3,1,
LTMD_U1_W4_SOCIAL_SCIENCES_ASSET_AUDIT_0.1,H1988P5CI124,1988,5,CIENCIAS SOCIALES,standard_x_js,H1988P5CI124,129,147,129,https://historico.conaliteg.gob.mx/c/H1988P5CI124/129.jpg,0,source_jpeg,served_image,200,image/jpeg,66649,8cbe66850c8c6c174991c7f8a1b5a909a06b26c16e819d05d311b96de62e44b2,1,
LTMD_U1_W4_SOCIAL_SCIENCES_ASSET_AUDIT_0.1,H1988P5CI124,1988,5,CIENCIAS SOCIALES,standard_x_js,H1988P5CI124,130,147,130,https://historico.conaliteg.gob.mx/c/H1988P5CI124/130.jpg,0,source_jpeg,served_image,200,image/jpeg,64680,f5fd4826f32f38d88056f36cf54d34fd1296a703a1800a6bcb0d6407da88eb8f,1,
LTMD_U1_W4_SOCIAL_SCIENCES_ASSET_AUDIT_0.1,H1988P5CI124,1988,5,CIENCIAS SOCIALES,standard_x_js,H1988P5CI124,131,147,131,https://historico.conaliteg.gob.mx/c/H1988P5CI124/131.jpg,0,source_jpeg,served_image,200,image/jpeg,66780,d33f9e70a75aa655e170703f673345664423b47c0f8366eadba7922984923496,1,
LTMD_U1_W4_SOCIAL_SCIENCES_ASSET_AUDIT_0.1,H1988P5CI124,1988,5,CIENCIAS SOCIALES,standard_x_js,H1988P5CI124,132,147,132,https://historico.conaliteg.gob.mx/c/H1988P5CI124/132.jpg,0,source_jpeg,served_image,200,image/jpeg,61473,907acf3309c348fac75107b2807156d2e12893f0ddd2c71adb01534a4fa8aa28,1,
LTMD_U1_W4_SOCIAL_SCIENCES_ASSET_AUDIT_0.1,H1988P5CI124,1988,5,CIENCIAS SOCIALES,standard_x_js,H1988P5CI124,133,147,133,https://historico.conaliteg.gob.mx/c/H1988P5CI124/133.jpg,0,source_jpeg,served_image,200,image/jpeg,72423,26c33d5b8c0a7bfbf32011e9941198f52f5af69dc357c45ac5fb840a3d03bbdd,1,
LTMD_U1_W4_SOCIAL_SCIENCES_ASSET_AUDIT_0.1,H1988P5CI124,1988,5,CIENCIAS SOCIALES,standard_x_js,H1988P5CI124,134,147,134,https://historico.conaliteg.gob.mx/c/H1988P5CI124/134.jpg,0,source_jpeg,served_image,200,image/jpeg,69391,60c6bbf0e8eaf8be9611bc8ffd1b7e1c90a7309a21676228863acc5bc9398878,1,
LTMD_U1_W4_SOCIAL_SCIENCES_ASSET_AUDIT_0.1,H1988P5CI124,1988,5,CIENCIAS SOCIALES,standard_x_js,H1988P5CI124,135,147,135,https://historico.conaliteg.gob.mx/c/H1988P5CI124/135.jpg,0,source_jpeg,served_image,200,image/jpeg,65119,f3ca719c6ef672c12a7273e8e63b019e625e4075f8f1aa525d5e4cfd83859fde,1,
LTMD_U1_W4_SOCIAL_SCIENCES_ASSET_AUDIT_0.1,H1988P5CI124,1988,5,CIENCIAS SOCIALES,standard_x_js,H1988P5CI124,136,147,136,https://historico.conaliteg.gob.mx/c/H1988P5CI124/136.jpg,0,source_jpeg,served_image,200,image/jpeg,62293,aabc70c3640f048151671b43f5c838440e9869a9da21aab92882257f09e487e5,1,
LTMD_U1_W4_SOCIAL_SCIENCES_ASSET_AUDIT_0.1,H1988P5CI124,1988,5,CIENCIAS SOCIALES,standard_x_js,H1988P5CI124,137,147,137,https://historico.conaliteg.gob.mx/c/H1988P5CI124/137.jpg,0,source_jpeg,served_image,200,image/jpeg,67522,583a87b74fa2c1542969c3cb6f3792d5f208bbb9137107feaba8a10e0fe3c321,1,
LTMD_U1_W4_SOCIAL_SCIENCES_ASSET_AUDIT_0.1,H1988P5CI124,1988,5,CIENCIAS SOCIALES,standard_x_js,H1988P5CI124,138,147,138,https://historico.conaliteg.gob.mx/c/H1988P5CI124/138.jpg,0,source_jpeg,served_image,200,image/jpeg,57520,331e1eb83d57dd088d78384a21e40f7a02b61a40469826e552de6576416cd400,1,
LTMD_U1_W4_SOCIAL_SCIENCES_ASSET_AUDIT_0.1,H1988P5CI124,1988,5,CIENCIAS SOCIALES,standard_x_js,H1988P5CI124,139,147,139,https://historico.conaliteg.gob.mx/c/H1988P5CI124/139.jpg,0,source_jpeg,served_image,200,image/jpeg,77990,849454b0872156940450109541b90f5b44cd87bd41a9cd72893127c3b697e33b,1,
LTMD_U1_W4_SOCIAL_SCIENCES_ASSET_AUDIT_0.1,H1988P5CI124,1988,5,CIENCIAS SOCIALES,standard_x_js,H1988P5CI124,140,147,140,https://historico.conaliteg.gob.mx/c/H1988P5CI124/140.jpg,0,source_jpeg,served_image,200,image/jpeg,61333,5987137619b6b84f3df542d98708cd73da882e05c65a93634109f4a30dc90aab,1,
LTMD_U1_W4_SOCIAL_SCIENCES_ASSET_AUDIT_0.1,H1988P5CI124,1988,5,CIENCIAS SOCIALES,standard_x_js,H1988P5CI124,141,147,141,https://historico.conaliteg.gob.mx/c/H1988P5CI124/141.jpg,0,source_jpeg,served_image,200,image/jpeg,57381,31fa6aab373583dce1bcccc27f2e99ea8b68c9922188f85bc3de5b51a09f33f0,1,
LTMD_U1_W4_SOCIAL_SCIENCES_ASSET_AUDIT_0.1,H1988P5CI124,1988,5,CIENCIAS SOCIALES,standard_x_js,H1988P5CI124,142,147,142,https://historico.conaliteg.gob.mx/c/H1988P5CI124/142.jpg,0,source_jpeg,served_image,200,image/jpeg,56363,5032adb22c79236913d8f3ec394c551de689654a70f1b0895207225badf3a728,1,
LTMD_U1_W4_SOCIAL_SCIENCES_ASSET_AUDIT_0.1,H1988P5CI124,1988,5,CIENCIAS SOCIALES,standard_x_js,H1988P5CI124,143,147,143,https://historico.conaliteg.gob.mx/c/H1988P5CI124/143.jpg,0,source_jpeg,served_image,200,image/jpeg,55479,e7a1e9eb89159f22fadbaae6a443b84c573e6bbd1c0be4c45e93448ca1216305,1,
LTMD_U1_W4_SOCIAL_SCIENCES_ASSET_AUDIT_0.1,H1988P5CI124,1988,5,CIENCIAS SOCIALES,standard_x_js,H1988P5CI124,144,147,144,https://historico.conaliteg.gob.mx/c/H1988P5CI124/144.jpg,0,source_jpeg,served_image,200,image/jpeg,37260,a3adaa30910e15352e195cb391f90ede0aaca695425e4c6a3cba53d1142c5a23,1,
LTMD_U1_W4_SOCIAL_SCIENCES_ASSET_AUDIT_0.1,H1988P5CI124,1988,5,CIENCIAS SOCIALES,standard_x_js,H1988P5CI124,145,147,145,https://historico.conaliteg.gob.mx/c/H1988P5CI124/145.jpg,0,source_jpeg,served_image,200,image/jpeg,60503,b788673f64d5df32b79cdaced82045a9149a32a06e06420119b653239369e5e9,1,
LTMD_U1_W4_SOCIAL_SCIENCES_ASSET_AUDIT_0.1,H1988P5CI124,1988,5,CIENCIAS SOCIALES,standard_x_js,H1988P5CI124,146,147,146,https://historico.conaliteg.gob.mx/c/H1988P5CI124/146.jpg,0,source_jpeg,served_image,200,image/jpeg,268450,de8365317080b8da1866bb1ee5c13dedfb5e83cb94488954f7bcbc2aab5fd1b1,1,
LTMD_U1_W4_SOCIAL_SCIENCES_ASSET_AUDIT_0.1,H1988P5CI124,1988,5,CIENCIAS SOCIALES,standard_x_js,H1988P5CI124,147,147,147,https://historico.conaliteg.gob.mx/c/H1988P5CI124/147.jpg,1,terminal_synthetic_candidate,http_404,404,text/html; charset=iso-8859-1,,,1,HTTP 404
LTMD_U1_W4_SOCIAL_SCIENCES_ASSET_AUDIT_0.1,H1988P6CI130,1988,6,CIENCIAS SOCIALES,standard_x_js,H1988P6CI130,1,211,0,https://historico.conaliteg.gob.mx/c/H1988P6CI130/000.jpg,0,source_jpeg,served_image,200,image/jpeg,223620,0146802caa10a322d867634cfc85692eae8d3292611e683b95f6750268475263,1,
LTMD_U1_W4_SOCIAL_SCIENCES_ASSET_AUDIT_0.1,H1988P6CI130,1988,6,CIENCIAS SOCIALES,standard_x_js,H1988P6CI130,2,211,2,https://historico.conaliteg.gob.mx/c/H1988P6CI130/002.jpg,0,source_jpeg,served_image,200,image/jpeg,16912,f0241827ef5f677e0c58fcaf2b0f29d85bb9cb2f0aa7a4b4202f2aa6365f5314,1,
LTMD_U1_W4_SOCIAL_SCIENCES_ASSET_AUDIT_0.1,H1988P6CI130,1988,6,CIENCIAS SOCIALES,standard_x_js,H1988P6CI130,3,211,3,https://historico.conaliteg.gob.mx/c/H1988P6CI130/003.jpg,0,source_jpeg,served_image,200,image/jpeg,22061,f3d3593becc7d50fb05de7d5943102d85516b380ecf0cb6882daf65aca3de9e3,1,
LTMD_U1_W4_SOCIAL_SCIENCES_ASSET_AUDIT_0.1,H1988P6CI130,1988,6,CIENCIAS SOCIALES,standard_x_js,H1988P6CI130,4,211,4,https://historico.conaliteg.gob.mx/c/H1988P6CI130/004.jpg,0,source_jpeg,served_image,200,image/jpeg,51112,1dbfa772b0cb943d6af5faf6cd867c0cc66394cb13b4f2c2c2f6f3a92c15b426,1,
LTMD_U1_W4_SOCIAL_SCIENCES_ASSET_AUDIT_0.1,H1988P6CI130,1988,6,CIENCIAS SOCIALES,standard_x_js,H1988P6CI130,5,211,5,https://historico.conaliteg.gob.mx/c/H1988P6CI130/005.jpg,0,source_jpeg,served_image,200,image/jpeg,40512,f083666f9edbd230467f5023b90e6918b54f7db4e6f1446b5361375810a366e6,1,
LTMD_U1_W4_SOCIAL_SCIENCES_ASSET_AUDIT_0.1,H1988P6CI130,1988,6,CIENCIAS SOCIALES,standard_x_js,H1988P6CI130,6,211,6,https://historico.conaliteg.gob.mx/c/H1988P6CI130/006.jpg,0,source_jpeg,served_image,200,image/jpeg,78839,de21955ffe5bf45c71794b572289ba1df403f59bba92b114a510023fffc12eb5,1,
LTMD_U1_W4_SOCIAL_SCIENCES_ASSET_AUDIT_0.1,H1988P6CI130,1988,6,CIENCIAS SOCIALES,standard_x_js,H1988P6CI130,7,211,7,https://historico.conaliteg.gob.mx/c/H1988P6CI130/007.jpg,0,source_jpeg,served_image,200,image/jpeg,35954,9b37dd136b59a00698d822bbc661c9a7418a110f372498586fe6c21678533ba8,1,
LTMD_U1_W4_SOCIAL_SCIENCES_ASSET_AUDIT_0.1,H1988P6CI130,1988,6,CIENCIAS SOCIALES,standard_x_js,H1988P6CI130,8,211,8,https://historico.conaliteg.gob.mx/c/H1988P6CI130/008.jpg,0,source_jpeg,served_image,200,image/jpeg,60283,9afec5e2335c4bafdd20dd7467e97bb029709d0d47e9b131eda01b485319051f,1,
LTMD_U1_W4_SOCIAL_SCIENCES_ASSET_AUDIT_0.1,H1988P6CI130,1988,6,CIENCIAS SOCIALES,standard_x_js,H1988P6CI130,9,211,9,https://historico.conaliteg.gob.mx/c/H1988P6CI130/009.jpg,0,source_jpeg,served_image,200,image/jpeg,66320,1af00478a725ca16f11a064985bffff2f09f8b81e19b54225012797cc44f4c96,1,
LTMD_U1_W4_SOCIAL_SCIENCES_ASSET_AUDIT_0.1,H1988P6CI130,1988,6,CIENCIAS SOCIALES,standard_x_js,H1988P6CI130,10,211,10,https://historico.conaliteg.gob.mx/c/H1988P6CI130/010.jpg,0,source_jpeg,served_image,200,image/jpeg,67018,0d5cb3e6b5df32cd0beaa98bb4e845cb41be173a7c83ce74ef89442534b6bd8b,1,
LTMD_U1_W4_SOCIAL_SCIENCES_ASSET_AUDIT_0.1,H1988P6CI130,1988,6,CIENCIAS SOCIALES,standard_x_js,H1988P6CI130,11,211,11,https://historico.conaliteg.gob.mx/c/H1988P6CI130/011.jpg,0,source_jpeg,served_image,200,image/jpeg,75240,ec4339d95bf06f17398d6a9f8b367c00c0e66aca99f1642f9c74c025ddfeda21,1,
LTMD_U1_W4_SOCIAL_SCIENCES_ASSET_AUDIT_0.1,H1988P6CI130,1988,6,CIENCIAS SOCIALES,standard_x_js,H1988P6CI130,12,211,12,https://historico.conaliteg.gob.mx/c/H1988P6CI130/012.jpg,0,source_jpeg,served_image,200,image/jpeg,67449,a4dcaa16750c4ba2b700a1413bd8377f2c4bb0b7144f87d4050111a1566f8776,1,
LTMD_U1_W4_SOCIAL_SCIENCES_ASSET_AUDIT_0.1,H1988P6CI130,1988,6,CIENCIAS SOCIALES,standard_x_js,H1988P6CI130,13,211,13,https://historico.conaliteg.gob.mx/c/H1988P6CI130/013.jpg,0,source_jpeg,served_image,200,image/jpeg,84391,8b25d0976605ba5a01a515c77f280a3e286d7003cc3e8462b1e178a48ae7138e,1,
LTMD_U1_W4_SOCIAL_SCIENCES_ASSET_AUDIT_0.1,H1988P6CI130,1988,6,CIENCIAS SOCIALES,standard_x_js,H1988P6CI130,14,211,14,https://historico.conaliteg.gob.mx/c/H1988P6CI130/014.jpg,0,source_jpeg,served_image,200,image/jpeg,49834,3b65ca98a37c82f2ecf14449b329894800b06db9a743dc583471dc867a9b1e11,1,
LTMD_U1_W4_SOCIAL_SCIENCES_ASSET_AUDIT_0.1,H1988P6CI130,1988,6,CIENCIAS SOCIALES,standard_x_js,H1988P6CI130,15,211,15,https://historico.conaliteg.gob.mx/c/H1988P6CI130/015.jpg,0,source_jpeg,served_image,200,image/jpeg,52687,1929cd30673f10e74a8fcfaf10cf6dc0838e90683ff34eb490de245c3033ad37,1,
LTMD_U1_W4_SOCIAL_SCIENCES_ASSET_AUDIT_0.1,H1988P6CI130,1988,6,CIENCIAS SOCIALES,standard_x_js,H1988P6CI130,16,211,16,https://historico.conaliteg.gob.mx/c/H1988P6CI130/016.jpg,0,source_jpeg,served_image,200,image/jpeg,44706,587ba4a2f02f49c0bada2ade35bd91d5c1477c26eba23eaa9aecf0b7c26d8af2,1,
LTMD_U1_W4_SOCIAL_SCIENCES_ASSET_AUDIT_0.1,H1988P6CI130,1988,6,CIENCIAS SOCIALES,standard_x_js,H1988P6CI130,17,211,17,https://historico.conaliteg.gob.mx/c/H1988P6CI130/017.jpg,0,source_jpeg,served_image,200,image/jpeg,45714,811f1fb1f0a57846ed9bc6f06aed0aed272b20c637531318f761ab2fc6ae6c78,1,
LTMD_U1_W4_SOCIAL_SCIENCES_ASSET_AUDIT_0.1,H1988P6CI130,1988,6,CIENCIAS SOCIALES,standard_x_js,H1988P6CI130,18,211,18,https://historico.conaliteg.gob.mx/c/H1988P6CI130/018.jpg,0,source_jpeg,served_image,200,image/jpeg,52919,070fbe9fb1e12b0debc6d6e76a47887115790f8cf2e942cb8320e9bc1060c2c7,1,
LTMD_U1_W4_SOCIAL_SCIENCES_ASSET_AUDIT_0.1,H1988P6CI130,1988,6,CIENCIAS SOCIALES,standard_x_js,H1988P6CI130,19,211,19,https://historico.conaliteg.gob.mx/c/H1988P6CI130/019.jpg,0,source_jpeg,served_image,200,image/jpeg,51384,da32aa89db9d487eb84f1d719a0e5811ebe7a59a442749b3a7143c18e091c3f8,1,
LTMD_U1_W4_SOCIAL_SCIENCES_ASSET_AUDIT_0.1,H1988P6CI130,1988,6,CIENCIAS SOCIALES,standard_x_js,H1988P6CI130,20,211,20,https://historico.conaliteg.gob.mx/c/H1988P6CI130/020.jpg,0,source_jpeg,served_image,200,image/jpeg,86868,a13278eb5838d0a7c3c89cadcc0ac18db20d536f1c641572098bf442fd0806ae,1,
LTMD_U1_W4_SOCIAL_SCIENCES_ASSET_AUDIT_0.1,H1988P6CI130,1988,6,CIENCIAS SOCIALES,standard_x_js,H1988P6CI130,21,211,21,https://historico.conaliteg.gob.mx/c/H1988P6CI130/021.jpg,0,source_jpeg,served_image,200,image/jpeg,88426,26373b55879412ddc5eddca5b9b7c4eae4f9819328cd1e707f06722f5f7af263,1,
LTMD_U1_W4_SOCIAL_SCIENCES_ASSET_AUDIT_0.1,H1988P6CI130,1988,6,CIENCIAS SOCIALES,standard_x_js,H1988P6CI130,22,211,22,https://historico.conaliteg.gob.mx/c/H1988P6CI130/022.jpg,0,source_jpeg,served_image,200,image/jpeg,70343,a03598008c1d2a7a55c4c00b71c9477f7f03eaf767bed9386fb00f9d9f5168b9,1,
LTMD_U1_W4_SOCIAL_SCIENCES_ASSET_AUDIT_0.1,H1988P6CI130,1988,6,CIENCIAS SOCIALES,standard_x_js,H1988P6CI130,23,211,23,https://historico.conaliteg.gob.mx/c/H1988P6CI130/023.jpg,0,source_jpeg,served_image,200,image/jpeg,49619,db2be8a9a8bf31987a64c1eb8d7826bea3849a2f071f54a7b467c96c7a326de1,1,
LTMD_U1_W4_SOCIAL_SCIENCES_ASSET_AUDIT_0.1,H1988P6CI130,1988,6,CIENCIAS SOCIALES,standard_x_js,H1988P6CI130,24,211,24,https://historico.conaliteg.gob.mx/c/H1988P6CI130/024.jpg,0,source_jpeg,served_image,200,image/jpeg,67718,93b756ec7f2dab2afb8300555757e3883fc0e14875670ee355eb91c30c55ff95,1,
LTMD_U1_W4_SOCIAL_SCIENCES_ASSET_AUDIT_0.1,H1988P6CI130,1988,6,CIENCIAS SOCIALES,standard_x_js,H1988P6CI130,25,211,25,https://historico.conaliteg.gob.mx/c/H1988P6CI130/025.jpg,0,source_jpeg,served_image,200,image/jpeg,73585,bfca16e8859fa071cc53282b6c14dc5a44a2bb5498185c101d47eb207714f9f8,1,
LTMD_U1_W4_SOCIAL_SCIENCES_ASSET_AUDIT_0.1,H1988P6CI130,1988,6,CIENCIAS SOCIALES,standard_x_js,H1988P6CI130,26,211,26,https://historico.conaliteg.gob.mx/c/H1988P6CI130/026.jpg,0,source_jpeg,served_image,200,image/jpeg,38011,9ad115402c20aa6d4a90ed70bfda37ec1386e59cd47fa219853ab160507a45cf,1,
LTMD_U1_W4_SOCIAL_SCIENCES_ASSET_AUDIT_0.1,H1988P6CI130,1988,6,CIENCIAS SOCIALES,standard_x_js,H1988P6CI130,27,211,27,https://historico.conaliteg.gob.mx/c/H1988P6CI130/027.jpg,0,source_jpeg,served_image,200,image/jpeg,85809,9f1043f3446d336fbdbcf497878bc68b73eee491a3cc9ce74c9bc1051f33d5fc,1,
LTMD_U1_W4_SOCIAL_SCIENCES_ASSET_AUDIT_0.1,H1988P6CI130,1988,6,CIENCIAS SOCIALES,standard_x_js,H1988P6CI130,28,211,28,https://historico.conaliteg.gob.mx/c/H1988P6CI130/028.jpg,0,source_jpeg,served_image,200,image/jpeg,71361,f3b57cda331186f28af17983eba165f2601b976a83eedd8a96b12f97c7c201e5,1,
LTMD_U1_W4_SOCIAL_SCIENCES_ASSET_AUDIT_0.1,H1988P6CI130,1988,6,CIENCIAS SOCIALES,standard_x_js,H1988P6CI130,29,211,29,https://historico.conaliteg.gob.mx/c/H1988P6CI130/029.jpg,0,source_jpeg,served_image,200,image/jpeg,91571,3bdde8d5ce74daa5b3314b560fb0d96d57e8b0a4627b4e1897c0d43a78fc5fee,1,
LTMD_U1_W4_SOCIAL_SCIENCES_ASSET_AUDIT_0.1,H1988P6CI130,1988,6,CIENCIAS SOCIALES,standard_x_js,H1988P6CI130,30,211,30,https://historico.conaliteg.gob.mx/c/H1988P6CI130/030.jpg,0,source_jpeg,served_image,200,image/jpeg,66503,ce82d8b8821c3b98efd354bf01910fec1073d828049387913cc70d558b845e38,1,
LTMD_U1_W4_SOCIAL_SCIENCES_ASSET_AUDIT_0.1,H1988P6CI130,1988,6,CIENCIAS SOCIALES,standard_x_js,H1988P6CI130,31,211,31,https://historico.conaliteg.gob.mx/c/H1988P6CI130/031.jpg,0,source_jpeg,served_image,200,image/jpeg,70436,06ff956c61455d4a327c54fbf3fed3a752758179914d424ba6cc08945e729b8d,1,
LTMD_U1_W4_SOCIAL_SCIENCES_ASSET_AUDIT_0.1,H1988P6CI130,1988,6,CIENCIAS SOCIALES,standard_x_js,H1988P6CI130,32,211,32,https://historico.conaliteg.gob.mx/c/H1988P6CI130/032.jpg,0,source_jpeg,served_image,200,image/jpeg,83358,ddda59ab8b817547205f7f2e36447a4485cbb9bc96a210718a8197c6559b64fb,1,
LTMD_U1_W4_SOCIAL_SCIENCES_ASSET_AUDIT_0.1,H1988P6CI130,1988,6,CIENCIAS SOCIALES,standard_x_js,H1988P6CI130,33,211,33,https://historico.conaliteg.gob.mx/c/H1988P6CI130/033.jpg,0,source_jpeg,served_image,200,image/jpeg,78185,5633ac9b3be6077d22cbabda5244813ac1de7b087ee81af133ec61ce6ae5d5c1,1,
LTMD_U1_W4_SOCIAL_SCIENCES_ASSET_AUDIT_0.1,H1988P6CI130,1988,6,CIENCIAS SOCIALES,standard_x_js,H1988P6CI130,34,211,34,https://historico.conaliteg.gob.mx/c/H1988P6CI130/034.jpg,0,source_jpeg,served_image,200,image/jpeg,76302,b2b58339d26f9bbd4e2cc65b60ad2b64231f20c21d22ec611ddfc7def2e96e80,1,
LTMD_U1_W4_SOCIAL_SCIENCES_ASSET_AUDIT_0.1,H1988P6CI130,1988,6,CIENCIAS SOCIALES,standard_x_js,H1988P6CI130,35,211,35,https://historico.conaliteg.gob.mx/c/H1988P6CI130/035.jpg,0,source_jpeg,served_image,200,image/jpeg,71991,111d482dc1d87cb0c4fd2ba860bd79cc334066284ea905e861f48d35300f5986,1,
LTMD_U1_W4_SOCIAL_SCIENCES_ASSET_AUDIT_0.1,H1988P6CI130,1988,6,CIENCIAS SOCIALES,standard_x_js,H1988P6CI130,36,211,36,https://historico.conaliteg.gob.mx/c/H1988P6CI130/036.jpg,0,source_jpeg,served_image,200,image/jpeg,64514,d7fe55fef3588654aab4ab8311c6402b4fcf16786e48c5751f886b09751d395d,1,
LTMD_U1_W4_SOCIAL_SCIENCES_ASSET_AUDIT_0.1,H1988P6CI130,1988,6,CIENCIAS SOCIALES,standard_x_js,H1988P6CI130,37,211,37,https://historico.conaliteg.gob.mx/c/H1988P6CI130/037.jpg,0,source_jpeg,served_image,200,image/jpeg,73241,17beebca4affd80927f0e2a0a0efa62eda03e2ef025df0c903d2c5263fc7bc59,1,
LTMD_U1_W4_SOCIAL_SCIENCES_ASSET_AUDIT_0.1,H1988P6CI130,1988,6,CIENCIAS SOCIALES,standard_x_js,H1988P6CI130,38,211,38,https://historico.conaliteg.gob.mx/c/H1988P6CI130/038.jpg,0,source_jpeg,served_image,200,image/jpeg,63064,95bd74f0095254516cbcc8aa3d86fc86f4fb375f9a712bda2030f02c2bc9049f,1,
LTMD_U1_W4_SOCIAL_SCIENCES_ASSET_AUDIT_0.1,H1988P6CI130,1988,6,CIENCIAS SOCIALES,standard_x_js,H1988P6CI130,39,211,39,https://historico.conaliteg.gob.mx/c/H1988P6CI130/039.jpg,0,source_jpeg,served_image,200,image/jpeg,66488,9e598e46e9aacca7324dfc5dbe9464023b37877ba0e9af5dbbfd581ca04d9073,1,
LTMD_U1_W4_SOCIAL_SCIENCES_ASSET_AUDIT_0.1,H1988P6CI130,1988,6,CIENCIAS SOCIALES,standard_x_js,H1988P6CI130,40,211,40,https://historico.conaliteg.gob.mx/c/H1988P6CI130/040.jpg,0,source_jpeg,served_image,200,image/jpeg,92179,18e5030fa09b778cb4c12e95be00427b5b3f8672e45d639182bf8a539c96609c,1,
LTMD_U1_W4_SOCIAL_SCIENCES_ASSET_AUDIT_0.1,H1988P6CI130,1988,6,CIENCIAS SOCIALES,standard_x_js,H1988P6CI130,41,211,41,https://historico.conaliteg.gob.mx/c/H1988P6CI130/041.jpg,0,source_jpeg,served_image,200,image/jpeg,38743,e14a35875ace745099ddd9189bcbc45fcfb3d328618eb8bbdfc1b536c3003f53,1,
LTMD_U1_W4_SOCIAL_SCIENCES_ASSET_AUDIT_0.1,H1988P6CI130,1988,6,CIENCIAS SOCIALES,standard_x_js,H1988P6CI130,42,211,42,https://historico.conaliteg.gob.mx/c/H1988P6CI130/042.jpg,0,source_jpeg,served_image,200,image/jpeg,68793,5b65cd982dc43474c6525635333ea130effc157d04465346a3c38e7cbd88754b,1,
LTMD_U1_W4_SOCIAL_SCIENCES_ASSET_AUDIT_0.1,H1988P6CI130,1988,6,CIENCIAS SOCIALES,standard_x_js,H1988P6CI130,43,211,43,https://historico.conaliteg.gob.mx/c/H1988P6CI130/043.jpg,0,source_jpeg,served_image,200,image/jpeg,97692,74d2179ed4c6e12608b67b91247e30a5f67a35eecf25031f179b40e3899ed6d5,1,
LTMD_U1_W4_SOCIAL_SCIENCES_ASSET_AUDIT_0.1,H1988P6CI130,1988,6,CIENCIAS SOCIALES,standard_x_js,H1988P6CI130,44,211,44,https://historico.conaliteg.gob.mx/c/H1988P6CI130/044.jpg,0,source_jpeg,served_image,200,image/jpeg,78742,73ac80e173c38fefe24e8defdb64b99d7839dc296da641148827b747865376dc,1,
LTMD_U1_W4_SOCIAL_SCIENCES_ASSET_AUDIT_0.1,H1988P6CI130,1988,6,CIENCIAS SOCIALES,standard_x_js,H1988P6CI130,45,211,45,https://historico.conaliteg.gob.mx/c/H1988P6CI130/045.jpg,0,source_jpeg,served_image,200,image/jpeg,58046,1da72d1b076574d23602389ba8ff3ce934c558b42cfcf614a0ea7684671487b8,1,
LTMD_U1_W4_SOCIAL_SCIENCES_ASSET_AUDIT_0.1,H1988P6CI130,1988,6,CIENCIAS SOCIALES,standard_x_js,H1988P6CI130,46,211,46,https://historico.conaliteg.gob.mx/c/H1988P6CI130/046.jpg,0,source_jpeg,served_image,200,image/jpeg,68877,194434df4666590fcb063b3079365cc7d487443908d6f4ca50e7970a27684d54,1,
LTMD_U1_W4_SOCIAL_SCIENCES_ASSET_AUDIT_0.1,H1988P6CI130,1988,6,CIENCIAS SOCIALES,standard_x_js,H1988P6CI130,47,211,47,https://historico.conaliteg.gob.mx/c/H1988P6CI130/047.jpg,0,source_jpeg,served_image,200,image/jpeg,76485,f34b0e9dc8237c6fc2eb2b57e76ece4b4841ba8fd1902db7ce5a5a33e33c3c58,1,
LTMD_U1_W4_SOCIAL_SCIENCES_ASSET_AUDIT_0.1,H1988P6CI130,1988,6,CIENCIAS SOCIALES,standard_x_js,H1988P6CI130,48,211,48,https://historico.conaliteg.gob.mx/c/H1988P6CI130/048.jpg,0,source_jpeg,served_image,200,image/jpeg,57315,1e3e02a66a7d85a9354a3de03e292b74540287e9af0492657af6a6e7b32e2937,1,
LTMD_U1_W4_SOCIAL_SCIENCES_ASSET_AUDIT_0.1,H1988P6CI130,1988,6,CIENCIAS SOCIALES,standard_x_js,H1988P6CI130,49,211,49,https://historico.conaliteg.gob.mx/c/H1988P6CI130/049.jpg,0,source_jpeg,served_image,200,image/jpeg,39342,602df94626b2ba920f6c0054c3a15c126d3dda21841bbbb37f93f55b47a1774d,1,
LTMD_U1_W4_SOCIAL_SCIENCES_ASSET_AUDIT_0.1,H1988P6CI130,1988,6,CIENCIAS SOCIALES,standard_x_js,H1988P6CI130,50,211,50,https://historico.conaliteg.gob.mx/c/H1988P6CI130/050.jpg,0,source_jpeg,served_image,200,image/jpeg,73891,3acc694390593e24c7a55357edd266d478cfc2e14fdc123b8ae8128a4aabf9cf,1,
LTMD_U1_W4_SOCIAL_SCIENCES_ASSET_AUDIT_0.1,H1988P6CI130,1988,6,CIENCIAS SOCIALES,standard_x_js,H1988P6CI130,51,211,51,https://historico.conaliteg.gob.mx/c/H1988P6CI130/051.jpg,0,source_jpeg,served_image,200,image/jpeg,83108,555f9bc864361e32a9b78ab3a580df0fe5619293e15288531b996e96aa051b64,1,
LTMD_U1_W4_SOCIAL_SCIENCES_ASSET_AUDIT_0.1,H1988P6CI130,1988,6,CIENCIAS SOCIALES,standard_x_js,H1988P6CI130,52,211,52,https://historico.conaliteg.gob.mx/c/H1988P6CI130/052.jpg,0,source_jpeg,served_image,200,image/jpeg,65837,413e5760c09bdd50cfc9dda956606d805b6ff9c6df4c264298ba8d5e84f79a0c,1,
LTMD_U1_W4_SOCIAL_SCIENCES_ASSET_AUDIT_0.1,H1988P6CI130,1988,6,CIENCIAS SOCIALES,standard_x_js,H1988P6CI130,53,211,53,https://historico.conaliteg.gob.mx/c/H1988P6CI130/053.jpg,0,source_jpeg,served_image,200,image/jpeg,73119,7224a8bb63326d1862262773d93ca1593549754311013c919c78456a7392a633,1,
LTMD_U1_W4_SOCIAL_SCIENCES_ASSET_AUDIT_0.1,H1988P6CI130,1988,6,CIENCIAS SOCIALES,standard_x_js,H1988P6CI130,54,211,54,https://historico.conaliteg.gob.mx/c/H1988P6CI130/054.jpg,0,source_jpeg,served_image,200,image/jpeg,62797,461aa5f8c0a5e4d6a6392997416e728242b0a4b9a4536475e9f69486a2053b93,1,
LTMD_U1_W4_SOCIAL_SCIENCES_ASSET_AUDIT_0.1,H1988P6CI130,1988,6,CIENCIAS SOCIALES,standard_x_js,H1988P6CI130,55,211,55,https://historico.conaliteg.gob.mx/c/H1988P6CI130/055.jpg,0,source_jpeg,served_image,200,image/jpeg,73345,cdba919570a68ca522df2c34ed5950213c4dc9ca704219b4e047c3d30daf5a9a,1,
LTMD_U1_W4_SOCIAL_SCIENCES_ASSET_AUDIT_0.1,H1988P6CI130,1988,6,CIENCIAS SOCIALES,standard_x_js,H1988P6CI130,56,211,56,https://historico.conaliteg.gob.mx/c/H1988P6CI130/056.jpg,0,source_jpeg,served_image,200,image/jpeg,76216,290a76cec4bf7014e00cb9ee31b7f7a6119d623bf4caa6c2fa8593d1fe6228e3,1,
LTMD_U1_W4_SOCIAL_SCIENCES_ASSET_AUDIT_0.1,H1988P6CI130,1988,6,CIENCIAS SOCIALES,standard_x_js,H1988P6CI130,57,211,57,https://historico.conaliteg.gob.mx/c/H1988P6CI130/057.jpg,0,source_jpeg,served_image,200,image/jpeg,63537,57363c0ed0c495f1e75e2e5a0944b713fb525f74c102b793478cd56906f08a88,1,
LTMD_U1_W4_SOCIAL_SCIENCES_ASSET_AUDIT_0.1,H1988P6CI130,1988,6,CIENCIAS SOCIALES,standard_x_js,H1988P6CI130,58,211,58,https://historico.conaliteg.gob.mx/c/H1988P6CI130/058.jpg,0,source_jpeg,served_image,200,image/jpeg,81916,f4a08be4ff53f712479d89a72fa5eeb58cf6a6352fa968e4fcc9763761b93e2c,1,
LTMD_U1_W4_SOCIAL_SCIENCES_ASSET_AUDIT_0.1,H1988P6CI130,1988,6,CIENCIAS SOCIALES,standard_x_js,H1988P6CI130,59,211,59,https://historico.conaliteg.gob.mx/c/H1988P6CI130/059.jpg,0,source_jpeg,served_image,200,image/jpeg,76504,47d45cc73d9e96624eb5b72c7af2b9a5b39b00698d73508a74423909401ddade,1,
LTMD_U1_W4_SOCIAL_SCIENCES_ASSET_AUDIT_0.1,H1988P6CI130,1988,6,CIENCIAS SOCIALES,standard_x_js,H1988P6CI130,60,211,60,https://historico.conaliteg.gob.mx/c/H1988P6CI130/060.jpg,0,source_jpeg,served_image,200,image/jpeg,70600,eedbb5c45490d3450f1835c0a9f8e2bdad809aecf21b324bf81dcd8427b0f545,1,
LTMD_U1_W4_SOCIAL_SCIENCES_ASSET_AUDIT_0.1,H1988P6CI130,1988,6,CIENCIAS SOCIALES,standard_x_js,H1988P6CI130,61,211,61,https://historico.conaliteg.gob.mx/c/H1988P6CI130/061.jpg,0,source_jpeg,served_image,200,image/jpeg,60938,becfb6f4d2331440c486f23aa824a6f116f8928ac9d55d01a955cfda68e05773,1,
LTMD_U1_W4_SOCIAL_SCIENCES_ASSET_AUDIT_0.1,H1988P6CI130,1988,6,CIENCIAS SOCIALES,standard_x_js,H1988P6CI130,62,211,62,https://historico.conaliteg.gob.mx/c/H1988P6CI130/062.jpg,0,source_jpeg,served_image,200,image/jpeg,85561,3ec0ab117c42f30dd935b9bfd0a137a1923f013f35ec2a3ef8860106eacc6f4e,1,
LTMD_U1_W4_SOCIAL_SCIENCES_ASSET_AUDIT_0.1,H1988P6CI130,1988,6,CIENCIAS SOCIALES,standard_x_js,H1988P6CI130,63,211,63,https://historico.conaliteg.gob.mx/c/H1988P6CI130/063.jpg,0,source_jpeg,served_image,200,image/jpeg,58668,d274b910424ac685e6cb88268860254c3501255bfb56704838ac7833babacdbf,1,
LTMD_U1_W4_SOCIAL_SCIENCES_ASSET_AUDIT_0.1,H1988P6CI130,1988,6,CIENCIAS SOCIALES,standard_x_js,H1988P6CI130,64,211,64,https://historico.conaliteg.gob.mx/c/H1988P6CI130/064.jpg,0,source_jpeg,served_image,200,image/jpeg,75617,7f1374eda5a81c703386a56d928630790c96de430f77ed0ee3630260e2720399,1,
LTMD_U1_W4_SOCIAL_SCIENCES_ASSET_AUDIT_0.1,H1988P6CI130,1988,6,CIENCIAS SOCIALES,standard_x_js,H1988P6CI130,65,211,65,https://historico.conaliteg.gob.mx/c/H1988P6CI130/065.jpg,0,source_jpeg,served_image,200,image/jpeg,64153,79ea41dd83842dd80428c8d39146481e6b7f713f5213c755d13df20ef9d68a09,1,
LTMD_U1_W4_SOCIAL_SCIENCES_ASSET_AUDIT_0.1,H1988P6CI130,1988,6,CIENCIAS SOCIALES,standard_x_js,H1988P6CI130,66,211,66,https://historico.conaliteg.gob.mx/c/H1988P6CI130/066.jpg,0,source_jpeg,served_image,200,image/jpeg,67444,978c27cd5beca2212ab8607be2c4bfe75edac7c5ea528e3d3828551798176c41,1,
LTMD_U1_W4_SOCIAL_SCIENCES_ASSET_AUDIT_0.1,H1988P6CI130,1988,6,CIENCIAS SOCIALES,standard_x_js,H1988P6CI130,67,211,67,https://historico.conaliteg.gob.mx/c/H1988P6CI130/067.jpg,0,source_jpeg,served_image,200,image/jpeg,89278,08991e94fecbfaeb801d1358658f9d1ec72181ad05e5d70746b709c702d89071,1,
LTMD_U1_W4_SOCIAL_SCIENCES_ASSET_AUDIT_0.1,H1988P6CI130,1988,6,CIENCIAS SOCIALES,standard_x_js,H1988P6CI130,68,211,68,https://historico.conaliteg.gob.mx/c/H1988P6CI130/068.jpg,0,source_jpeg,served_image,200,image/jpeg,82702,66eb2db6dd7161dba3c62844a2e47fd4bf84e62ac214b90580767a82bfa453c7,1,
LTMD_U1_W4_SOCIAL_SCIENCES_ASSET_AUDIT_0.1,H1988P6CI130,1988,6,CIENCIAS SOCIALES,standard_x_js,H1988P6CI130,69,211,69,https://historico.conaliteg.gob.mx/c/H1988P6CI130/069.jpg,0,source_jpeg,served_image,200,image/jpeg,93499,06c4cd37eee042efea5279b142aed5bd13b72dda3b3200948813fd1079c026e5,1,
LTMD_U1_W4_SOCIAL_SCIENCES_ASSET_AUDIT_0.1,H1988P6CI130,1988,6,CIENCIAS SOCIALES,standard_x_js,H1988P6CI130,70,211,70,https://historico.conaliteg.gob.mx/c/H1988P6CI130/070.jpg,0,source_jpeg,served_image,200,image/jpeg,39720,d287e2a44050d25f73e5362459b3856cc84f1131218b86c024668a54fee5f1d0,1,
LTMD_U1_W4_SOCIAL_SCIENCES_ASSET_AUDIT_0.1,H1988P6CI130,1988,6,CIENCIAS SOCIALES,standard_x_js,H1988P6CI130,71,211,71,https://historico.conaliteg.gob.mx/c/H1988P6CI130/071.jpg,0,source_jpeg,served_image,200,image/jpeg,44793,3a4748f6c2dd49efb7fd87c1a9df3401d2db594ebe67581c686ac6e9e6510796,1,
LTMD_U1_W4_SOCIAL_SCIENCES_ASSET_AUDIT_0.1,H1988P6CI130,1988,6,CIENCIAS SOCIALES,standard_x_js,H1988P6CI130,72,211,72,https://historico.conaliteg.gob.mx/c/H1988P6CI130/072.jpg,0,source_jpeg,served_image,200,image/jpeg,37092,55abe13b5be4d3a28400e56effd075c5bd54ca8fdaa8e606ca8facff1bb13c0c,1,
LTMD_U1_W4_SOCIAL_SCIENCES_ASSET_AUDIT_0.1,H1988P6CI130,1988,6,CIENCIAS SOCIALES,standard_x_js,H1988P6CI130,73,211,73,https://historico.conaliteg.gob.mx/c/H1988P6CI130/073.jpg,0,source_jpeg,served_image,200,image/jpeg,72685,98c4c63a50d60d94f9b42351c0901e55bf57e0b02fb3ac951748d837cc49cb41,1,
LTMD_U1_W4_SOCIAL_SCIENCES_ASSET_AUDIT_0.1,H1988P6CI130,1988,6,CIENCIAS SOCIALES,standard_x_js,H1988P6CI130,74,211,74,https://historico.conaliteg.gob.mx/c/H1988P6CI130/074.jpg,0,source_jpeg,served_image,200,image/jpeg,84462,4a59b5c892a29e53d8de0f6b2446077539bd1c6e657fb82cdf1da05d145aad5e,1,
LTMD_U1_W4_SOCIAL_SCIENCES_ASSET_AUDIT_0.1,H1988P6CI130,1988,6,CIENCIAS SOCIALES,standard_x_js,H1988P6CI130,75,211,75,https://historico.conaliteg.gob.mx/c/H1988P6CI130/075.jpg,0,source_jpeg,served_image,200,image/jpeg,94609,c110b6b84f4d2d1dd67a1c3e8ea149c86b29356bcfb8258dae32f8fe96fb3b8c,1,
LTMD_U1_W4_SOCIAL_SCIENCES_ASSET_AUDIT_0.1,H1988P6CI130,1988,6,CIENCIAS SOCIALES,standard_x_js,H1988P6CI130,76,211,76,https://historico.conaliteg.gob.mx/c/H1988P6CI130/076.jpg,0,source_jpeg,served_image,200,image/jpeg,68037,5ebed29989b1dc2fa083eecb9c75447b9980bc93eb7ad68adc12c0f9db763cbc,1,
LTMD_U1_W4_SOCIAL_SCIENCES_ASSET_AUDIT_0.1,H1988P6CI130,1988,6,CIENCIAS SOCIALES,standard_x_js,H1988P6CI130,77,211,77,https://historico.conaliteg.gob.mx/c/H1988P6CI130/077.jpg,0,source_jpeg,served_image,200,image/jpeg,80509,6cf57fce9c8b782c39d2464cc9a1433f93052c95ce196a8ea2f3d33107a18d0c,1,
LTMD_U1_W4_SOCIAL_SCIENCES_ASSET_AUDIT_0.1,H1988P6CI130,1988,6,CIENCIAS SOCIALES,standard_x_js,H1988P6CI130,78,211,78,https://historico.conaliteg.gob.mx/c/H1988P6CI130/078.jpg,0,source_jpeg,served_image,200,image/jpeg,66817,2d6671b296aa8c4e07aa6e3f30f808563e3f84c3fd0fbed7bfb6e1d913dd8942,1,
LTMD_U1_W4_SOCIAL_SCIENCES_ASSET_AUDIT_0.1,H1988P6CI130,1988,6,CIENCIAS SOCIALES,standard_x_js,H1988P6CI130,79,211,79,https://historico.conaliteg.gob.mx/c/H1988P6CI130/079.jpg,0,source_jpeg,served_image,200,image/jpeg,86707,102e9df175d4114f2233269acf8b8d36801392bcdc5beb6d65ddd07117d90367,1,
LTMD_U1_W4_SOCIAL_SCIENCES_ASSET_AUDIT_0.1,H1988P6CI130,1988,6,CIENCIAS SOCIALES,standard_x_js,H1988P6CI130,80,211,80,https://historico.conaliteg.gob.mx/c/H1988P6CI130/080.jpg,0,source_jpeg,served_image,200,image/jpeg,74303,b28e7f5971275ca6c4b3d569b3401986b6a132b540f7d3022b3649cb3ded8a9c,1,
LTMD_U1_W4_SOCIAL_SCIENCES_ASSET_AUDIT_0.1,H1988P6CI130,1988,6,CIENCIAS SOCIALES,standard_x_js,H1988P6CI130,81,211,81,https://historico.conaliteg.gob.mx/c/H1988P6CI130/081.jpg,0,source_jpeg,served_image,200,image/jpeg,78612,7f019e4b44ce60dfc846d9972fca1b815e0ebe7a7ad3a72315488062d3fecae6,1,
LTMD_U1_W4_SOCIAL_SCIENCES_ASSET_AUDIT_0.1,H1988P6CI130,1988,6,CIENCIAS SOCIALES,standard_x_js,H1988P6CI130,82,211,82,https://historico.conaliteg.gob.mx/c/H1988P6CI130/082.jpg,0,source_jpeg,served_image,200,image/jpeg,78327,266018265144b7ca029c568d57945cae8aa5494910c887058cc911d9ffd63872,1,
LTMD_U1_W4_SOCIAL_SCIENCES_ASSET_AUDIT_0.1,H1988P6CI130,1988,6,CIENCIAS SOCIALES,standard_x_js,H1988P6CI130,83,211,83,https://historico.conaliteg.gob.mx/c/H1988P6CI130/083.jpg,0,source_jpeg,served_image,200,image/jpeg,79766,2acccbd279de4624f212ea791316a19b9365e563eb10c6eed7389732c729f154,1,
LTMD_U1_W4_SOCIAL_SCIENCES_ASSET_AUDIT_0.1,H1988P6CI130,1988,6,CIENCIAS SOCIALES,standard_x_js,H1988P6CI130,84,211,84,https://historico.conaliteg.gob.mx/c/H1988P6CI130/084.jpg,0,source_jpeg,served_image,200,image/jpeg,76564,2599849a2b80fbb2ebc0c84905d7352c3e10ad25e7efd00ffba1bf102c190c0c,1,
LTMD_U1_W4_SOCIAL_SCIENCES_ASSET_AUDIT_0.1,H1988P6CI130,1988,6,CIENCIAS SOCIALES,standard_x_js,H1988P6CI130,85,211,85,https://historico.conaliteg.gob.mx/c/H1988P6CI130/085.jpg,0,source_jpeg,served_image,200,image/jpeg,79449,db58f086074b6ac33fedf05fe0b45a3fc58be9e61e1f893cb4eae963d113df7c,1,
LTMD_U1_W4_SOCIAL_SCIENCES_ASSET_AUDIT_0.1,H1988P6CI130,1988,6,CIENCIAS SOCIALES,standard_x_js,H1988P6CI130,86,211,86,https://historico.conaliteg.gob.mx/c/H1988P6CI130/086.jpg,0,source_jpeg,served_image,200,image/jpeg,92619,f00407e295993fbffa7140800de8bba73992ee161ca948b97586674e7335e41f,1,
LTMD_U1_W4_SOCIAL_SCIENCES_ASSET_AUDIT_0.1,H1988P6CI130,1988,6,CIENCIAS SOCIALES,standard_x_js,H1988P6CI130,87,211,87,https://historico.conaliteg.gob.mx/c/H1988P6CI130/087.jpg,0,source_jpeg,served_image,200,image/jpeg,72313,c59b0b0876494b67eb9082679fdd8442d6df6e9805ff50bc1fda45be52cff5cf,1,
LTMD_U1_W4_SOCIAL_SCIENCES_ASSET_AUDIT_0.1,H1988P6CI130,1988,6,CIENCIAS SOCIALES,standard_x_js,H1988P6CI130,88,211,88,https://historico.conaliteg.gob.mx/c/H1988P6CI130/088.jpg,0,source_jpeg,served_image,200,image/jpeg,44814,ea755d980a746c255159154473bd0e19d2d464aaa08574c68b66b1c4c7ac8a70,1,
LTMD_U1_W4_SOCIAL_SCIENCES_ASSET_AUDIT_0.1,H1988P6CI130,1988,6,CIENCIAS SOCIALES,standard_x_js,H1988P6CI130,89,211,89,https://historico.conaliteg.gob.mx/c/H1988P6CI130/089.jpg,0,source_jpeg,served_image,200,image/jpeg,38651,68eb33211bc5571d3ce3afde0f6bb325744af37a8fb1d116ef121f224e85f0b9,1,
LTMD_U1_W4_SOCIAL_SCIENCES_ASSET_AUDIT_0.1,H1988P6CI130,1988,6,CIENCIAS SOCIALES,standard_x_js,H1988P6CI130,90,211,90,https://historico.conaliteg.gob.mx/c/H1988P6CI130/090.jpg,0,source_jpeg,served_image,200,image/jpeg,77943,10e35af9c600424127c0a8d34031968ad8e48673bc498a52b2ea52949e2918e5,1,
LTMD_U1_W4_SOCIAL_SCIENCES_ASSET_AUDIT_0.1,H1988P6CI130,1988,6,CIENCIAS SOCIALES,standard_x_js,H1988P6CI130,91,211,91,https://historico.conaliteg.gob.mx/c/H1988P6CI130/091.jpg,0,source_jpeg,served_image,200,image/jpeg,78164,298a715d38c7b55e49f8bb1ea9d5169ea5b58ba532066b0be01d8051c9645641,1,
LTMD_U1_W4_SOCIAL_SCIENCES_ASSET_AUDIT_0.1,H1988P6CI130,1988,6,CIENCIAS SOCIALES,standard_x_js,H1988P6CI130,92,211,92,https://historico.conaliteg.gob.mx/c/H1988P6CI130/092.jpg,0,source_jpeg,served_image,200,image/jpeg,75644,85deea9e2bc991998e694969dce170c019d39c19e0df569d100a4c6a200d5210,1,
LTMD_U1_W4_SOCIAL_SCIENCES_ASSET_AUDIT_0.1,H1988P6CI130,1988,6,CIENCIAS SOCIALES,standard_x_js,H1988P6CI130,93,211,93,https://historico.conaliteg.gob.mx/c/H1988P6CI130/093.jpg,0,source_jpeg,served_image,200,image/jpeg,83908,537976d7aae8ad89e0a43ac55057e67c44179830f842e78e8f0cf7d6418ea927,1,
LTMD_U1_W4_SOCIAL_SCIENCES_ASSET_AUDIT_0.1,H1988P6CI130,1988,6,CIENCIAS SOCIALES,standard_x_js,H1988P6CI130,94,211,94,https://historico.conaliteg.gob.mx/c/H1988P6CI130/094.jpg,0,source_jpeg,served_image,200,image/jpeg,80796,5ad2fb2407a819e8265aa1c1914f620cdfb70b2674d654178facb451906977a9,1,
LTMD_U1_W4_SOCIAL_SCIENCES_ASSET_AUDIT_0.1,H1988P6CI130,1988,6,CIENCIAS SOCIALES,standard_x_js,H1988P6CI130,95,211,95,https://historico.conaliteg.gob.mx/c/H1988P6CI130/095.jpg,0,source_jpeg,served_image,200,image/jpeg,62711,92bef318cdd71083d3ed059fc6ba9013f28225ca4cd02e1b5fdfabd6b2b5e130,1,
LTMD_U1_W4_SOCIAL_SCIENCES_ASSET_AUDIT_0.1,H1988P6CI130,1988,6,CIENCIAS SOCIALES,standard_x_js,H1988P6CI130,96,211,96,https://historico.conaliteg.gob.mx/c/H1988P6CI130/096.jpg,0,source_jpeg,served_image,200,image/jpeg,66659,06805c632451fde11ec87573fffb5051ddf65cdb63d1a4e0660518de3fb82db5,1,
LTMD_U1_W4_SOCIAL_SCIENCES_ASSET_AUDIT_0.1,H1988P6CI130,1988,6,CIENCIAS SOCIALES,standard_x_js,H1988P6CI130,97,211,97,https://historico.conaliteg.gob.mx/c/H1988P6CI130/097.jpg,0,source_jpeg,served_image,200,image/jpeg,39653,d820d934ac8a3ddb483d229d9f41e73cf7434968fd137cc375082b9e0ef61849,1,
LTMD_U1_W4_SOCIAL_SCIENCES_ASSET_AUDIT_0.1,H1988P6CI130,1988,6,CIENCIAS SOCIALES,standard_x_js,H1988P6CI130,98,211,98,https://historico.conaliteg.gob.mx/c/H1988P6CI130/098.jpg,0,source_jpeg,served_image,200,image/jpeg,87292,d2d4e8e180723b6e18974fbd97526fa70cf8c88ebbf47dbd00f862023239651b,1,
LTMD_U1_W4_SOCIAL_SCIENCES_ASSET_AUDIT_0.1,H1988P6CI130,1988,6,CIENCIAS SOCIALES,standard_x_js,H1988P6CI130,99,211,99,https://historico.conaliteg.gob.mx/c/H1988P6CI130/099.jpg,0,source_jpeg,served_image,200,image/jpeg,76682,b913fe1d29320560bea998729b3b760fa17b21415a0c3bbd017d22d474560218,1,
LTMD_U1_W4_SOCIAL_SCIENCES_ASSET_AUDIT_0.1,H1988P6CI130,1988,6,CIENCIAS SOCIALES,standard_x_js,H1988P6CI130,100,211,100,https://historico.conaliteg.gob.mx/c/H1988P6CI130/100.jpg,0,source_jpeg,served_image,200,image/jpeg,79853,fc92b849c5c1d5d153f1487a6d911775b6e495dc373ca7d54c063677607c4feb,1,
LTMD_U1_W4_SOCIAL_SCIENCES_ASSET_AUDIT_0.1,H1988P6CI130,1988,6,CIENCIAS SOCIALES,standard_x_js,H1988P6CI130,101,211,101,https://historico.conaliteg.gob.mx/c/H1988P6CI130/101.jpg,0,source_jpeg,served_image,200,image/jpeg,81227,5e021fc8c928a93838ed4241cd72f4833f41b448e77b6c5d4de3cc20ded06cb3,1,
LTMD_U1_W4_SOCIAL_SCIENCES_ASSET_AUDIT_0.1,H1988P6CI130,1988,6,CIENCIAS SOCIALES,standard_x_js,H1988P6CI130,102,211,102,https://historico.conaliteg.gob.mx/c/H1988P6CI130/102.jpg,0,source_jpeg,served_image,200,image/jpeg,72392,d8195521f1a69a86d3abc9890cff2b64837418d0cb19d00f131a1ff1c261b702,1,
LTMD_U1_W4_SOCIAL_SCIENCES_ASSET_AUDIT_0.1,H1988P6CI130,1988,6,CIENCIAS SOCIALES,standard_x_js,H1988P6CI130,103,211,103,https://historico.conaliteg.gob.mx/c/H1988P6CI130/103.jpg,0,source_jpeg,served_image,200,image/jpeg,69368,4fcc0acb791be852852a1bbfd523b96fcc3fd78a95e740fbdfded159b6ccda0c,1,
LTMD_U1_W4_SOCIAL_SCIENCES_ASSET_AUDIT_0.1,H1988P6CI130,1988,6,CIENCIAS SOCIALES,standard_x_js,H1988P6CI130,104,211,104,https://historico.conaliteg.gob.mx/c/H1988P6CI130/104.jpg,0,source_jpeg,served_image,200,image/jpeg,69363,62f852970a9b622b859ab14bf5fe9477e524af3583074f8cb6d88fa12778c814,1,
LTMD_U1_W4_SOCIAL_SCIENCES_ASSET_AUDIT_0.1,H1988P6CI130,1988,6,CIENCIAS SOCIALES,standard_x_js,H1988P6CI130,105,211,105,https://historico.conaliteg.gob.mx/c/H1988P6CI130/105.jpg,0,source_jpeg,served_image,200,image/jpeg,88519,75a6510febddcbd5206bf4e3b8a8386f3a776c2e208b7619708cae812b1d84a6,1,
LTMD_U1_W4_SOCIAL_SCIENCES_ASSET_AUDIT_0.1,H1988P6CI130,1988,6,CIENCIAS SOCIALES,standard_x_js,H1988P6CI130,106,211,106,https://historico.conaliteg.gob.mx/c/H1988P6CI130/106.jpg,0,source_jpeg,served_image,200,image/jpeg,62227,7a06640b9f8f7bb66c577cf90b85fecb40836d9203846f91fbf8f299d2b6c1e3,1,
LTMD_U1_W4_SOCIAL_SCIENCES_ASSET_AUDIT_0.1,H1988P6CI130,1988,6,CIENCIAS SOCIALES,standard_x_js,H1988P6CI130,107,211,107,https://historico.conaliteg.gob.mx/c/H1988P6CI130/107.jpg,0,source_jpeg,served_image,200,image/jpeg,65169,209a875aaae2bacda770749497b77051feba26ea948cf500ac8e52aca8d5876e,1,
LTMD_U1_W4_SOCIAL_SCIENCES_ASSET_AUDIT_0.1,H1988P6CI130,1988,6,CIENCIAS SOCIALES,standard_x_js,H1988P6CI130,108,211,108,https://historico.conaliteg.gob.mx/c/H1988P6CI130/108.jpg,0,source_jpeg,served_image,200,image/jpeg,61057,71b2f569bbfdb7a784a24587f712a0e23da1e72e7d7dd1e21ec1dbdb7d6b2d6c,1,
LTMD_U1_W4_SOCIAL_SCIENCES_ASSET_AUDIT_0.1,H1988P6CI130,1988,6,CIENCIAS SOCIALES,standard_x_js,H1988P6CI130,109,211,109,https://historico.conaliteg.gob.mx/c/H1988P6CI130/109.jpg,0,source_jpeg,served_image,200,image/jpeg,83156,e4d5c5cc291635d8d160aa6894ae59bbd3173b68cd9423a3a41784c5cd5d1d19,1,
LTMD_U1_W4_SOCIAL_SCIENCES_ASSET_AUDIT_0.1,H1988P6CI130,1988,6,CIENCIAS SOCIALES,standard_x_js,H1988P6CI130,110,211,110,https://historico.conaliteg.gob.mx/c/H1988P6CI130/110.jpg,0,source_jpeg,served_image,200,image/jpeg,77966,e82e66c6d50e961322f7ba2de117d5f07d2d336754fe940e1354d21aad753695,1,
LTMD_U1_W4_SOCIAL_SCIENCES_ASSET_AUDIT_0.1,H1988P6CI130,1988,6,CIENCIAS SOCIALES,standard_x_js,H1988P6CI130,111,211,111,https://historico.conaliteg.gob.mx/c/H1988P6CI130/111.jpg,0,source_jpeg,served_image,200,image/jpeg,93741,2ef6193399d70b262678e3e8fe4460b015bd36e171156cfeb2776efb5aa516a2,1,
LTMD_U1_W4_SOCIAL_SCIENCES_ASSET_AUDIT_0.1,H1988P6CI130,1988,6,CIENCIAS SOCIALES,standard_x_js,H1988P6CI130,112,211,112,https://historico.conaliteg.gob.mx/c/H1988P6CI130/112.jpg,0,source_jpeg,served_image,200,image/jpeg,78244,c2384e5ae2d0e919992e7bcbf2b89fc505eee1b2ef2dc3e304475b0991ac0623,1,
LTMD_U1_W4_SOCIAL_SCIENCES_ASSET_AUDIT_0.1,H1988P6CI130,1988,6,CIENCIAS SOCIALES,standard_x_js,H1988P6CI130,113,211,113,https://historico.conaliteg.gob.mx/c/H1988P6CI130/113.jpg,0,source_jpeg,served_image,200,image/jpeg,85971,d22d79e66028657b07ffdcb8168ebe039724550be532e1840a4b20e5c9602ab6,1,
LTMD_U1_W4_SOCIAL_SCIENCES_ASSET_AUDIT_0.1,H1988P6CI130,1988,6,CIENCIAS SOCIALES,standard_x_js,H1988P6CI130,114,211,114,https://historico.conaliteg.gob.mx/c/H1988P6CI130/114.jpg,0,source_jpeg,served_image,200,image/jpeg,81764,aae479a65cd4ecac185e3c835bd5e16bdf18f8f08cd8087e290c7edcaca4423a,1,
LTMD_U1_W4_SOCIAL_SCIENCES_ASSET_AUDIT_0.1,H1988P6CI130,1988,6,CIENCIAS SOCIALES,standard_x_js,H1988P6CI130,115,211,115,https://historico.conaliteg.gob.mx/c/H1988P6CI130/115.jpg,0,source_jpeg,served_image,200,image/jpeg,84404,76e9f9ef245a1225dd0cf321fe873bf2269147fe541517caa23bfa5cd4fc8090,1,
LTMD_U1_W4_SOCIAL_SCIENCES_ASSET_AUDIT_0.1,H1988P6CI130,1988,6,CIENCIAS SOCIALES,standard_x_js,H1988P6CI130,116,211,116,https://historico.conaliteg.gob.mx/c/H1988P6CI130/116.jpg,0,source_jpeg,served_image,200,image/jpeg,66269,be3b9a6d7021d9d0e0fd780effee0a3d536da9d2b5d028fd4f122a501e51e4a5,1,
LTMD_U1_W4_SOCIAL_SCIENCES_ASSET_AUDIT_0.1,H1988P6CI130,1988,6,CIENCIAS SOCIALES,standard_x_js,H1988P6CI130,117,211,117,https://historico.conaliteg.gob.mx/c/H1988P6CI130/117.jpg,0,source_jpeg,served_image,200,image/jpeg,84629,003d7db9769ef972ccafa59b2a5c92998e9462dc7e110c25fd69e60d3b184a78,1,
LTMD_U1_W4_SOCIAL_SCIENCES_ASSET_AUDIT_0.1,H1988P6CI130,1988,6,CIENCIAS SOCIALES,standard_x_js,H1988P6CI130,118,211,118,https://historico.conaliteg.gob.mx/c/H1988P6CI130/118.jpg,0,source_jpeg,served_image,200,image/jpeg,101783,c3b08819b034f79053b7c2eb05c4ac16d472b203ca1e202e688674f62ac2d6cf,1,
LTMD_U1_W4_SOCIAL_SCIENCES_ASSET_AUDIT_0.1,H1988P6CI130,1988,6,CIENCIAS SOCIALES,standard_x_js,H1988P6CI130,119,211,119,https://historico.conaliteg.gob.mx/c/H1988P6CI130/119.jpg,0,source_jpeg,served_image,200,image/jpeg,63332,5ce961176f383e17d6c50811487222a2d1c09cea949422aaa8f0fcc616684544,1,
LTMD_U1_W4_SOCIAL_SCIENCES_ASSET_AUDIT_0.1,H1988P6CI130,1988,6,CIENCIAS SOCIALES,standard_x_js,H1988P6CI130,120,211,120,https://historico.conaliteg.gob.mx/c/H1988P6CI130/120.jpg,0,source_jpeg,served_image,200,image/jpeg,46496,597c0e08fab9eda20e19d336509d646db906085ee41c2920c091b3dd37a7291c,1,
LTMD_U1_W4_SOCIAL_SCIENCES_ASSET_AUDIT_0.1,H1988P6CI130,1988,6,CIENCIAS SOCIALES,standard_x_js,H1988P6CI130,121,211,121,https://historico.conaliteg.gob.mx/c/H1988P6CI130/121.jpg,0,source_jpeg,served_image,200,image/jpeg,64788,74e7c2d3d8250a5541a414ad2d3da499fc5f3ecb58dea06459d32034a774af5a,1,
LTMD_U1_W4_SOCIAL_SCIENCES_ASSET_AUDIT_0.1,H1988P6CI130,1988,6,CIENCIAS SOCIALES,standard_x_js,H1988P6CI130,122,211,122,https://historico.conaliteg.gob.mx/c/H1988P6CI130/122.jpg,0,source_jpeg,served_image,200,image/jpeg,77647,089ee5d551928f4b91e8b1449c5be312da829e53be3519a05a4cb8716ab599d8,1,
LTMD_U1_W4_SOCIAL_SCIENCES_ASSET_AUDIT_0.1,H1988P6CI130,1988,6,CIENCIAS SOCIALES,standard_x_js,H1988P6CI130,123,211,123,https://historico.conaliteg.gob.mx/c/H1988P6CI130/123.jpg,0,source_jpeg,served_image,200,image/jpeg,75881,9453b7e84d925fa1b479149d017f377c10b3cc4e787c527e201db1361694271e,1,
LTMD_U1_W4_SOCIAL_SCIENCES_ASSET_AUDIT_0.1,H1988P6CI130,1988,6,CIENCIAS SOCIALES,standard_x_js,H1988P6CI130,124,211,124,https://historico.conaliteg.gob.mx/c/H1988P6CI130/124.jpg,0,source_jpeg,served_image,200,image/jpeg,77274,910742d39b52c7228e84a0dbebe09b0759d72f126cff8f4922151bcc012dc32c,1,
LTMD_U1_W4_SOCIAL_SCIENCES_ASSET_AUDIT_0.1,H1988P6CI130,1988,6,CIENCIAS SOCIALES,standard_x_js,H1988P6CI130,125,211,125,https://historico.conaliteg.gob.mx/c/H1988P6CI130/125.jpg,0,source_jpeg,served_image,200,image/jpeg,84785,75c99efc7782406a212ae8670dbff9b1fcf4cae2e78bee342d12b64042f566ea,1,
LTMD_U1_W4_SOCIAL_SCIENCES_ASSET_AUDIT_0.1,H1988P6CI130,1988,6,CIENCIAS SOCIALES,standard_x_js,H1988P6CI130,126,211,126,https://historico.conaliteg.gob.mx/c/H1988P6CI130/126.jpg,0,source_jpeg,served_image,200,image/jpeg,57238,5ea0071ce774f8d34af074de878dabf194e22c6968edc9058d7e35aa0d6bc8f3,1,
LTMD_U1_W4_SOCIAL_SCIENCES_ASSET_AUDIT_0.1,H1988P6CI130,1988,6,CIENCIAS SOCIALES,standard_x_js,H1988P6CI130,127,211,127,https://historico.conaliteg.gob.mx/c/H1988P6CI130/127.jpg,0,source_jpeg,served_image,200,image/jpeg,92645,dcc4a6894ab7de79b9ba7c9e496f269d549bde67ca98237a5a7ab687367087fd,1,
LTMD_U1_W4_SOCIAL_SCIENCES_ASSET_AUDIT_0.1,H1988P6CI130,1988,6,CIENCIAS SOCIALES,standard_x_js,H1988P6CI130,128,211,128,https://historico.conaliteg.gob.mx/c/H1988P6CI130/128.jpg,0,source_jpeg,served_image,200,image/jpeg,81549,a1216ebf34d7e567c14de0a282bf2421c57988e56032efc7a3ad2e40ef7fd552,1,
LTMD_U1_W4_SOCIAL_SCIENCES_ASSET_AUDIT_0.1,H1988P6CI130,1988,6,CIENCIAS SOCIALES,standard_x_js,H1988P6CI130,129,211,129,https://historico.conaliteg.gob.mx/c/H1988P6CI130/129.jpg,0,source_jpeg,served_image,200,image/jpeg,65452,27916ae8ce4e09f77efec82f8a9516c5b741c16217378e67d488a20054733075,1,
LTMD_U1_W4_SOCIAL_SCIENCES_ASSET_AUDIT_0.1,H1988P6CI130,1988,6,CIENCIAS SOCIALES,standard_x_js,H1988P6CI130,130,211,130,https://historico.conaliteg.gob.mx/c/H1988P6CI130/130.jpg,0,source_jpeg,served_image,200,image/jpeg,81078,9d93a5766e95c43a07826b5daab988bd16f92da14b652ca9341f054bbd71ae8d,1,
LTMD_U1_W4_SOCIAL_SCIENCES_ASSET_AUDIT_0.1,H1988P6CI130,1988,6,CIENCIAS SOCIALES,standard_x_js,H1988P6CI130,131,211,131,https://historico.conaliteg.gob.mx/c/H1988P6CI130/131.jpg,0,source_jpeg,served_image,200,image/jpeg,66189,d5173d365e3b2cc02291a4bc9f6085e3de5b9d18b93238caa2c29f165c99ea3a,1,
LTMD_U1_W4_SOCIAL_SCIENCES_ASSET_AUDIT_0.1,H1988P6CI130,1988,6,CIENCIAS SOCIALES,standard_x_js,H1988P6CI130,132,211,132,https://historico.conaliteg.gob.mx/c/H1988P6CI130/132.jpg,0,source_jpeg,served_image,200,image/jpeg,59574,561de4fcaed55edf2480f9dacf31250240fd12545473a95ae2cf85a6ed2e7449,1,
LTMD_U1_W4_SOCIAL_SCIENCES_ASSET_AUDIT_0.1,H1988P6CI130,1988,6,CIENCIAS SOCIALES,standard_x_js,H1988P6CI130,133,211,133,https://historico.conaliteg.gob.mx/c/H1988P6CI130/133.jpg,0,source_jpeg,served_image,200,image/jpeg,60636,be9964ac181e879a578e768574e1318d6697883c7af1a3f107c0c9120e36a19c,1,
LTMD_U1_W4_SOCIAL_SCIENCES_ASSET_AUDIT_0.1,H1988P6CI130,1988,6,CIENCIAS SOCIALES,standard_x_js,H1988P6CI130,134,211,134,https://historico.conaliteg.gob.mx/c/H1988P6CI130/134.jpg,0,source_jpeg,served_image,200,image/jpeg,87219,e636eb862c258cad850ae45f239f89575274881a1c72bb7e6c01b39ae280c52d,1,
LTMD_U1_W4_SOCIAL_SCIENCES_ASSET_AUDIT_0.1,H1988P6CI130,1988,6,CIENCIAS SOCIALES,standard_x_js,H1988P6CI130,135,211,135,https://historico.conaliteg.gob.mx/c/H1988P6CI130/135.jpg,0,source_jpeg,served_image,200,image/jpeg,74322,8778c27ab961254efde419584d3f2abe880c8fc4a95e445c548d81f1827230ca,1,
LTMD_U1_W4_SOCIAL_SCIENCES_ASSET_AUDIT_0.1,H1988P6CI130,1988,6,CIENCIAS SOCIALES,standard_x_js,H1988P6CI130,136,211,136,https://historico.conaliteg.gob.mx/c/H1988P6CI130/136.jpg,0,source_jpeg,served_image,200,image/jpeg,63882,86b829f6d3c435b4addac44ee317f798fdea2aa74cb70953b401c43d1055cea8,1,
LTMD_U1_W4_SOCIAL_SCIENCES_ASSET_AUDIT_0.1,H1988P6CI130,1988,6,CIENCIAS SOCIALES,standard_x_js,H1988P6CI130,137,211,137,https://historico.conaliteg.gob.mx/c/H1988P6CI130/137.jpg,0,source_jpeg,served_image,200,image/jpeg,67431,0679c88ffe3dbe9ce9c1de454952fa73b34c75a0cdb0e6fa7d52c992a7493ff0,1,
LTMD_U1_W4_SOCIAL_SCIENCES_ASSET_AUDIT_0.1,H1988P6CI130,1988,6,CIENCIAS SOCIALES,standard_x_js,H1988P6CI130,138,211,138,https://historico.conaliteg.gob.mx/c/H1988P6CI130/138.jpg,0,source_jpeg,served_image,200,image/jpeg,58984,b9b022ab852fab90fd140c4134e947e8e478ba662a12320c248630f450f1046f,1,
LTMD_U1_W4_SOCIAL_SCIENCES_ASSET_AUDIT_0.1,H1988P6CI130,1988,6,CIENCIAS SOCIALES,standard_x_js,H1988P6CI130,139,211,139,https://historico.conaliteg.gob.mx/c/H1988P6CI130/139.jpg,0,source_jpeg,served_image,200,image/jpeg,60475,44ebd6b77323b2a64094afb5d28a1ce1e54335adcc5fec480f7cbc53661acf90,1,
LTMD_U1_W4_SOCIAL_SCIENCES_ASSET_AUDIT_0.1,H1988P6CI130,1988,6,CIENCIAS SOCIALES,standard_x_js,H1988P6CI130,140,211,140,https://historico.conaliteg.gob.mx/c/H1988P6CI130/140.jpg,0,source_jpeg,served_image,200,image/jpeg,51440,50804c02bed4f1383ffae5c46c7e5a80a9dd4bcf192c9751b7b0701bc9566946,1,
LTMD_U1_W4_SOCIAL_SCIENCES_ASSET_AUDIT_0.1,H1988P6CI130,1988,6,CIENCIAS SOCIALES,standard_x_js,H1988P6CI130,141,211,141,https://historico.conaliteg.gob.mx/c/H1988P6CI130/141.jpg,0,source_jpeg,served_image,200,image/jpeg,63427,c51d96317e65f84b11a71152235f7617f980802c4cc01d9e09a3b1ab7945caae,1,
LTMD_U1_W4_SOCIAL_SCIENCES_ASSET_AUDIT_0.1,H1988P6CI130,1988,6,CIENCIAS SOCIALES,standard_x_js,H1988P6CI130,142,211,142,https://historico.conaliteg.gob.mx/c/H1988P6CI130/142.jpg,0,source_jpeg,served_image,200,image/jpeg,57598,c7311acdd62a41de78b7565b506d1bd6455de22ccfddd9807d480c7b0f2c28cd,1,
LTMD_U1_W4_SOCIAL_SCIENCES_ASSET_AUDIT_0.1,H1988P6CI130,1988,6,CIENCIAS SOCIALES,standard_x_js,H1988P6CI130,143,211,143,https://historico.conaliteg.gob.mx/c/H1988P6CI130/143.jpg,0,source_jpeg,served_image,200,image/jpeg,73607,6d5b727e0b95c5f3d888096440f74b33b56186f81f58e9f2f9b38026c5567339,1,
LTMD_U1_W4_SOCIAL_SCIENCES_ASSET_AUDIT_0.1,H1988P6CI130,1988,6,CIENCIAS SOCIALES,standard_x_js,H1988P6CI130,144,211,144,https://historico.conaliteg.gob.mx/c/H1988P6CI130/144.jpg,0,source_jpeg,served_image,200,image/jpeg,61112,3957b6060b445834dfc835af9f3766064adcfea68ad863bbb44c14184503b214,1,
LTMD_U1_W4_SOCIAL_SCIENCES_ASSET_AUDIT_0.1,H1988P6CI130,1988,6,CIENCIAS SOCIALES,standard_x_js,H1988P6CI130,145,211,145,https://historico.conaliteg.gob.mx/c/H1988P6CI130/145.jpg,0,source_jpeg,served_image,200,image/jpeg,40013,e8370e175cf0fd5147ce901ce831956f701eb4287215c095c1071779907ef3a1,1,
LTMD_U1_W4_SOCIAL_SCIENCES_ASSET_AUDIT_0.1,H1988P6CI130,1988,6,CIENCIAS SOCIALES,standard_x_js,H1988P6CI130,146,211,146,https://historico.conaliteg.gob.mx/c/H1988P6CI130/146.jpg,0,source_jpeg,served_image,200,image/jpeg,71537,c32a6f778174c6a44a55ef837ef00b319cc3f310b226abc4ab9f8816266b23b8,1,
LTMD_U1_W4_SOCIAL_SCIENCES_ASSET_AUDIT_0.1,H1988P6CI130,1988,6,CIENCIAS SOCIALES,standard_x_js,H1988P6CI130,147,211,147,https://historico.conaliteg.gob.mx/c/H1988P6CI130/147.jpg,0,source_jpeg,served_image,200,image/jpeg,78233,fd4ce9ab83b8030941c7fe24b4f8e8ed7aa5368a2cd8b449860e46eab4ac8ceb,1,
LTMD_U1_W4_SOCIAL_SCIENCES_ASSET_AUDIT_0.1,H1988P6CI130,1988,6,CIENCIAS SOCIALES,standard_x_js,H1988P6CI130,148,211,148,https://historico.conaliteg.gob.mx/c/H1988P6CI130/148.jpg,0,source_jpeg,served_image,200,image/jpeg,67074,49a2f9c7b210105902eff0f4a758f2f0c2f71efca080337454736bdebdc4d083,1,
LTMD_U1_W4_SOCIAL_SCIENCES_ASSET_AUDIT_0.1,H1988P6CI130,1988,6,CIENCIAS SOCIALES,standard_x_js,H1988P6CI130,149,211,149,https://historico.conaliteg.gob.mx/c/H1988P6CI130/149.jpg,0,source_jpeg,served_image,200,image/jpeg,58787,edd34b99610ea3a5b42995f8a56a5a269d0615feb19a8601ba4296eeb57713b4,1,
LTMD_U1_W4_SOCIAL_SCIENCES_ASSET_AUDIT_0.1,H1988P6CI130,1988,6,CIENCIAS SOCIALES,standard_x_js,H1988P6CI130,150,211,150,https://historico.conaliteg.gob.mx/c/H1988P6CI130/150.jpg,0,source_jpeg,served_image,200,image/jpeg,83114,46939e1a06c812794b55c35f63253915d72a7b445baf40e2face77039e11753b,1,
LTMD_U1_W4_SOCIAL_SCIENCES_ASSET_AUDIT_0.1,H1988P6CI130,1988,6,CIENCIAS SOCIALES,standard_x_js,H1988P6CI130,151,211,151,https://historico.conaliteg.gob.mx/c/H1988P6CI130/151.jpg,0,source_jpeg,served_image,200,image/jpeg,84539,9fc16a2451f9354c269bd62af90391f4b42dc32450d50c95c46f642c795a5a51,1,
LTMD_U1_W4_SOCIAL_SCIENCES_ASSET_AUDIT_0.1,H1988P6CI130,1988,6,CIENCIAS SOCIALES,standard_x_js,H1988P6CI130,152,211,152,https://historico.conaliteg.gob.mx/c/H1988P6CI130/152.jpg,0,source_jpeg,served_image,200,image/jpeg,61938,9b3b657c008fd2c25c07cc49a120cb6b14fb48b2f4b57c113550c08a2497b407,1,
LTMD_U1_W4_SOCIAL_SCIENCES_ASSET_AUDIT_0.1,H1988P6CI130,1988,6,CIENCIAS SOCIALES,standard_x_js,H1988P6CI130,153,211,153,https://historico.conaliteg.gob.mx/c/H1988P6CI130/153.jpg,0,source_jpeg,served_image,200,image/jpeg,78253,9db997c2a00bf1e2c2d6942025fd3855e7983f92a5f842cc93140c2a1d80f42f,1,
LTMD_U1_W4_SOCIAL_SCIENCES_ASSET_AUDIT_0.1,H1988P6CI130,1988,6,CIENCIAS SOCIALES,standard_x_js,H1988P6CI130,154,211,154,https://historico.conaliteg.gob.mx/c/H1988P6CI130/154.jpg,0,source_jpeg,served_image,200,image/jpeg,69034,87829ee1e4b38f9e826da274f665d41c9935780e7b78e863f8946c5ef8cdaef7,1,
LTMD_U1_W4_SOCIAL_SCIENCES_ASSET_AUDIT_0.1,H1988P6CI130,1988,6,CIENCIAS SOCIALES,standard_x_js,H1988P6CI130,155,211,155,https://historico.conaliteg.gob.mx/c/H1988P6CI130/155.jpg,0,source_jpeg,served_image,200,image/jpeg,82878,0311b9a3e84ed51651cf289d9bb3a9189ea3b9ec9a44e52d1da88904d92d2e7a,1,
LTMD_U1_W4_SOCIAL_SCIENCES_ASSET_AUDIT_0.1,H1988P6CI130,1988,6,CIENCIAS SOCIALES,standard_x_js,H1988P6CI130,156,211,156,https://historico.conaliteg.gob.mx/c/H1988P6CI130/156.jpg,0,source_jpeg,served_image,200,image/jpeg,52593,e8b3fb02287a06e0fa60e1a58a182008635258703ad8a8fd5ade1d4d00d7bd8c,1,
LTMD_U1_W4_SOCIAL_SCIENCES_ASSET_AUDIT_0.1,H1988P6CI130,1988,6,CIENCIAS SOCIALES,standard_x_js,H1988P6CI130,157,211,157,https://historico.conaliteg.gob.mx/c/H1988P6CI130/157.jpg,0,source_jpeg,served_image,200,image/jpeg,81623,87650245d26fe055200dfe1265190ea1bf22c3f5beec40c50fb4b2551756467e,1,
LTMD_U1_W4_SOCIAL_SCIENCES_ASSET_AUDIT_0.1,H1988P6CI130,1988,6,CIENCIAS SOCIALES,standard_x_js,H1988P6CI130,158,211,158,https://historico.conaliteg.gob.mx/c/H1988P6CI130/158.jpg,0,source_jpeg,served_image,200,image/jpeg,71802,32fa2a26aaf30d091a2bf8bc06976e91513fd6eebd18265d1f9d24bc14a3a701,1,
LTMD_U1_W4_SOCIAL_SCIENCES_ASSET_AUDIT_0.1,H1988P6CI130,1988,6,CIENCIAS SOCIALES,standard_x_js,H1988P6CI130,159,211,159,https://historico.conaliteg.gob.mx/c/H1988P6CI130/159.jpg,0,source_jpeg,served_image,200,image/jpeg,88442,4fcaedfbdac4d6f4dbe73645de6aa351a7718d6e39dd89068a16d9aa609665d5,1,
LTMD_U1_W4_SOCIAL_SCIENCES_ASSET_AUDIT_0.1,H1988P6CI130,1988,6,CIENCIAS SOCIALES,standard_x_js,H1988P6CI130,160,211,160,https://historico.conaliteg.gob.mx/c/H1988P6CI130/160.jpg,0,source_jpeg,served_image,200,image/jpeg,78539,00d58c6a013d86ebec58145908ab67cb603e5ea8fcc0a22df52c087eeb9427e2,1,
LTMD_U1_W4_SOCIAL_SCIENCES_ASSET_AUDIT_0.1,H1988P6CI130,1988,6,CIENCIAS SOCIALES,standard_x_js,H1988P6CI130,161,211,161,https://historico.conaliteg.gob.mx/c/H1988P6CI130/161.jpg,0,source_jpeg,served_image,200,image/jpeg,72859,312518f04c20db437ee61f6747b72daf1d19a4538f4f31b1898bc7fd9571c395,1,
LTMD_U1_W4_SOCIAL_SCIENCES_ASSET_AUDIT_0.1,H1988P6CI130,1988,6,CIENCIAS SOCIALES,standard_x_js,H1988P6CI130,162,211,162,https://historico.conaliteg.gob.mx/c/H1988P6CI130/162.jpg,0,source_jpeg,served_image,200,image/jpeg,82304,38d430215e27eaffce2ef24afd14bcfb3c86c829237937344863e82932e68152,1,
LTMD_U1_W4_SOCIAL_SCIENCES_ASSET_AUDIT_0.1,H1988P6CI130,1988,6,CIENCIAS SOCIALES,standard_x_js,H1988P6CI130,163,211,163,https://historico.conaliteg.gob.mx/c/H1988P6CI130/163.jpg,0,source_jpeg,served_image,200,image/jpeg,76108,628bfe0803a72af993f2b894d542f6ea5dad17a3d6a43540926081ef73eacadc,1,
LTMD_U1_W4_SOCIAL_SCIENCES_ASSET_AUDIT_0.1,H1988P6CI130,1988,6,CIENCIAS SOCIALES,standard_x_js,H1988P6CI130,164,211,164,https://historico.conaliteg.gob.mx/c/H1988P6CI130/164.jpg,0,source_jpeg,served_image,200,image/jpeg,72248,7cb304f986b5073105979d0dfcbce4df1d0ff7f2f632278664bb3ec10cf6e574,1,
LTMD_U1_W4_SOCIAL_SCIENCES_ASSET_AUDIT_0.1,H1988P6CI130,1988,6,CIENCIAS SOCIALES,standard_x_js,H1988P6CI130,165,211,165,https://historico.conaliteg.gob.mx/c/H1988P6CI130/165.jpg,0,source_jpeg,served_image,200,image/jpeg,41542,15362e3c7f0524233f159989a24ecd1d0dfc011f9f8c85361bbfbd0b669568b0,1,
LTMD_U1_W4_SOCIAL_SCIENCES_ASSET_AUDIT_0.1,H1988P6CI130,1988,6,CIENCIAS SOCIALES,standard_x_js,H1988P6CI130,166,211,166,https://historico.conaliteg.gob.mx/c/H1988P6CI130/166.jpg,0,source_jpeg,served_image,200,image/jpeg,52903,60875894586bea251ea9f806849302c15e683f4a304d755304a757bc152d7dec,1,
LTMD_U1_W4_SOCIAL_SCIENCES_ASSET_AUDIT_0.1,H1988P6CI130,1988,6,CIENCIAS SOCIALES,standard_x_js,H1988P6CI130,167,211,167,https://historico.conaliteg.gob.mx/c/H1988P6CI130/167.jpg,0,source_jpeg,served_image,200,image/jpeg,70360,39981b064aa734c0f8368b19cab38e41791032096c327aa7aed9929d2dd6d77c,1,
LTMD_U1_W4_SOCIAL_SCIENCES_ASSET_AUDIT_0.1,H1988P6CI130,1988,6,CIENCIAS SOCIALES,standard_x_js,H1988P6CI130,168,211,168,https://historico.conaliteg.gob.mx/c/H1988P6CI130/168.jpg,0,source_jpeg,served_image,200,image/jpeg,57733,56f91c580cc3b75e29322c0476770d1d7acf3cae6af3c85fea0a356484db5627,1,
LTMD_U1_W4_SOCIAL_SCIENCES_ASSET_AUDIT_0.1,H1988P6CI130,1988,6,CIENCIAS SOCIALES,standard_x_js,H1988P6CI130,169,211,169,https://historico.conaliteg.gob.mx/c/H1988P6CI130/169.jpg,0,source_jpeg,served_image,200,image/jpeg,76806,6c42b2ad712cea9596c2c31c1ca0f908d5482918430e77139c1fdfd1faf1af0a,1,
LTMD_U1_W4_SOCIAL_SCIENCES_ASSET_AUDIT_0.1,H1988P6CI130,1988,6,CIENCIAS SOCIALES,standard_x_js,H1988P6CI130,170,211,170,https://historico.conaliteg.gob.mx/c/H1988P6CI130/170.jpg,0,source_jpeg,served_image,200,image/jpeg,78465,c05b86205410ce7f650b19f533a5fe908f98ed482b7ad149b061a25a8c1899f3,1,
LTMD_U1_W4_SOCIAL_SCIENCES_ASSET_AUDIT_0.1,H1988P6CI130,1988,6,CIENCIAS SOCIALES,standard_x_js,H1988P6CI130,171,211,171,https://historico.conaliteg.gob.mx/c/H1988P6CI130/171.jpg,0,source_jpeg,served_image,200,image/jpeg,72388,26ee1912785df89a7d575477970e00b9aa0ef0ca844309e35cea26fba81e6740,1,
LTMD_U1_W4_SOCIAL_SCIENCES_ASSET_AUDIT_0.1,H1988P6CI130,1988,6,CIENCIAS SOCIALES,standard_x_js,H1988P6CI130,172,211,172,https://historico.conaliteg.gob.mx/c/H1988P6CI130/172.jpg,0,source_jpeg,served_image,200,image/jpeg,69057,d12d221031a615eb6d09bea1d2fe3cedd7a8af9f18e847d47176d3a1fa301831,1,
LTMD_U1_W4_SOCIAL_SCIENCES_ASSET_AUDIT_0.1,H1988P6CI130,1988,6,CIENCIAS SOCIALES,standard_x_js,H1988P6CI130,173,211,173,https://historico.conaliteg.gob.mx/c/H1988P6CI130/173.jpg,0,source_jpeg,served_image,200,image/jpeg,66073,a9efd7e6dd24903aa6a28c5ec0bab362352f0bcfa674436a7fa1c1272c5ba212,1,
LTMD_U1_W4_SOCIAL_SCIENCES_ASSET_AUDIT_0.1,H1988P6CI130,1988,6,CIENCIAS SOCIALES,standard_x_js,H1988P6CI130,174,211,174,https://historico.conaliteg.gob.mx/c/H1988P6CI130/174.jpg,0,source_jpeg,served_image,200,image/jpeg,65837,d2cc4cebca72345e012844372e4fdab414ffe412f4d54d4c4364006821a047b8,1,
LTMD_U1_W4_SOCIAL_SCIENCES_ASSET_AUDIT_0.1,H1988P6CI130,1988,6,CIENCIAS SOCIALES,standard_x_js,H1988P6CI130,175,211,175,https://historico.conaliteg.gob.mx/c/H1988P6CI130/175.jpg,0,source_jpeg,served_image,200,image/jpeg,56782,50b884a0476645d4ff1ae625b95ce5dfd0f9943919f68c493ad7c9bcb90f0d35,1,
LTMD_U1_W4_SOCIAL_SCIENCES_ASSET_AUDIT_0.1,H1988P6CI130,1988,6,CIENCIAS SOCIALES,standard_x_js,H1988P6CI130,176,211,176,https://historico.conaliteg.gob.mx/c/H1988P6CI130/176.jpg,0,source_jpeg,served_image,200,image/jpeg,80712,35c16e47c5c9be2e68e424bf3da6dc975045d67284e67b23baba07099f65d7ef,1,
LTMD_U1_W4_SOCIAL_SCIENCES_ASSET_AUDIT_0.1,H1988P6CI130,1988,6,CIENCIAS SOCIALES,standard_x_js,H1988P6CI130,177,211,177,https://historico.conaliteg.gob.mx/c/H1988P6CI130/177.jpg,0,source_jpeg,served_image,200,image/jpeg,48986,17f54481d5b475818ab520bfbc3e0679cb85124822d71080266489c1659798e9,1,
LTMD_U1_W4_SOCIAL_SCIENCES_ASSET_AUDIT_0.1,H1988P6CI130,1988,6,CIENCIAS SOCIALES,standard_x_js,H1988P6CI130,178,211,178,https://historico.conaliteg.gob.mx/c/H1988P6CI130/178.jpg,0,source_jpeg,served_image,200,image/jpeg,65982,69f7ce3f5395a863772d9c4f1ff780245e4077e8220cd007dfb0f80329afc358,1,
LTMD_U1_W4_SOCIAL_SCIENCES_ASSET_AUDIT_0.1,H1988P6CI130,1988,6,CIENCIAS SOCIALES,standard_x_js,H1988P6CI130,179,211,179,https://historico.conaliteg.gob.mx/c/H1988P6CI130/179.jpg,0,source_jpeg,served_image,200,image/jpeg,62015,1c42b2721f5ccb5b7deff3042a2f49ba6e7a0d51c36da68245105ecfd6985f66,1,
LTMD_U1_W4_SOCIAL_SCIENCES_ASSET_AUDIT_0.1,H1988P6CI130,1988,6,CIENCIAS SOCIALES,standard_x_js,H1988P6CI130,180,211,180,https://historico.conaliteg.gob.mx/c/H1988P6CI130/180.jpg,0,source_jpeg,served_image,200,image/jpeg,66399,d9cb892b10d60a25602dc93fa2bb1720ad4dbfe10d1cc79beb0170098cbc4799,1,
LTMD_U1_W4_SOCIAL_SCIENCES_ASSET_AUDIT_0.1,H1988P6CI130,1988,6,CIENCIAS SOCIALES,standard_x_js,H1988P6CI130,181,211,181,https://historico.conaliteg.gob.mx/c/H1988P6CI130/181.jpg,0,source_jpeg,served_image,200,image/jpeg,66376,68df5490ad51c294144623576bcd1a02f01ccb3fe6ca003170a706b59a43e00d,1,
LTMD_U1_W4_SOCIAL_SCIENCES_ASSET_AUDIT_0.1,H1988P6CI130,1988,6,CIENCIAS SOCIALES,standard_x_js,H1988P6CI130,182,211,182,https://historico.conaliteg.gob.mx/c/H1988P6CI130/182.jpg,0,source_jpeg,served_image,200,image/jpeg,59968,9432d2b3efabbf72214f122427e641cb0323950901ee279aac2e0a57c55d9cc4,1,
LTMD_U1_W4_SOCIAL_SCIENCES_ASSET_AUDIT_0.1,H1988P6CI130,1988,6,CIENCIAS SOCIALES,standard_x_js,H1988P6CI130,183,211,183,https://historico.conaliteg.gob.mx/c/H1988P6CI130/183.jpg,0,source_jpeg,served_image,200,image/jpeg,60149,aa48face401002db0bca8312e1927a9d5ea825a03903a1cb95fb85d5f51f95b3,1,
LTMD_U1_W4_SOCIAL_SCIENCES_ASSET_AUDIT_0.1,H1988P6CI130,1988,6,CIENCIAS SOCIALES,standard_x_js,H1988P6CI130,184,211,184,https://historico.conaliteg.gob.mx/c/H1988P6CI130/184.jpg,0,source_jpeg,served_image,200,image/jpeg,58316,cd03ec91824c7b6c60f3f3841c1dea4c102f9086cad0b3b8adb4f2e480377b78,1,
LTMD_U1_W4_SOCIAL_SCIENCES_ASSET_AUDIT_0.1,H1988P6CI130,1988,6,CIENCIAS SOCIALES,standard_x_js,H1988P6CI130,185,211,185,https://historico.conaliteg.gob.mx/c/H1988P6CI130/185.jpg,0,source_jpeg,served_image,200,image/jpeg,59779,1c15a35b1b4725d90aa817e11550187465ed37c290de60715ac0372caaadd684,1,
LTMD_U1_W4_SOCIAL_SCIENCES_ASSET_AUDIT_0.1,H1988P6CI130,1988,6,CIENCIAS SOCIALES,standard_x_js,H1988P6CI130,186,211,186,https://historico.conaliteg.gob.mx/c/H1988P6CI130/186.jpg,0,source_jpeg,served_image,200,image/jpeg,66060,62425ae16bb622b6434033733856fc8ecaf950a289ae20014a3e001b40e7fe81,1,
LTMD_U1_W4_SOCIAL_SCIENCES_ASSET_AUDIT_0.1,H1988P6CI130,1988,6,CIENCIAS SOCIALES,standard_x_js,H1988P6CI130,187,211,187,https://historico.conaliteg.gob.mx/c/H1988P6CI130/187.jpg,0,source_jpeg,served_image,200,image/jpeg,65811,6bef0b280ad66e877dc1e35132864ad27b854637f024ff1642dff52e3f7def6a,1,
LTMD_U1_W4_SOCIAL_SCIENCES_ASSET_AUDIT_0.1,H1988P6CI130,1988,6,CIENCIAS SOCIALES,standard_x_js,H1988P6CI130,188,211,188,https://historico.conaliteg.gob.mx/c/H1988P6CI130/188.jpg,0,source_jpeg,served_image,200,image/jpeg,58583,6effef7bf49535dd4c9e03367c089d054b95e0ca12d1ba547729f0d3a6a62924,1,
LTMD_U1_W4_SOCIAL_SCIENCES_ASSET_AUDIT_0.1,H1988P6CI130,1988,6,CIENCIAS SOCIALES,standard_x_js,H1988P6CI130,189,211,189,https://historico.conaliteg.gob.mx/c/H1988P6CI130/189.jpg,0,source_jpeg,served_image,200,image/jpeg,57711,1183827ef1ea9410172d3b7f33958dec483600d421cbc4fd79d9ca8eee5f92ee,1,
LTMD_U1_W4_SOCIAL_SCIENCES_ASSET_AUDIT_0.1,H1988P6CI130,1988,6,CIENCIAS SOCIALES,standard_x_js,H1988P6CI130,190,211,190,https://historico.conaliteg.gob.mx/c/H1988P6CI130/190.jpg,0,source_jpeg,served_image,200,image/jpeg,60535,f142bdd104d0a6e4818d3bf31c36c5dfa167bf26e04e10617113b1c0cf14fbe7,1,
LTMD_U1_W4_SOCIAL_SCIENCES_ASSET_AUDIT_0.1,H1988P6CI130,1988,6,CIENCIAS SOCIALES,standard_x_js,H1988P6CI130,191,211,191,https://historico.conaliteg.gob.mx/c/H1988P6CI130/191.jpg,0,source_jpeg,served_image,200,image/jpeg,64802,75dd0df39b11bb32b35504158cbcc8af6d369d62d45fae8016195b3d609e46d5,1,
LTMD_U1_W4_SOCIAL_SCIENCES_ASSET_AUDIT_0.1,H1988P6CI130,1988,6,CIENCIAS SOCIALES,standard_x_js,H1988P6CI130,192,211,192,https://historico.conaliteg.gob.mx/c/H1988P6CI130/192.jpg,0,source_jpeg,served_image,200,image/jpeg,65037,e275886e24d12185f8a09e02a8e195e89db2f07102af1218d088ea71474e178e,1,
LTMD_U1_W4_SOCIAL_SCIENCES_ASSET_AUDIT_0.1,H1988P6CI130,1988,6,CIENCIAS SOCIALES,standard_x_js,H1988P6CI130,193,211,193,https://historico.conaliteg.gob.mx/c/H1988P6CI130/193.jpg,0,source_jpeg,served_image,200,image/jpeg,61820,2d50cbb8117b8ef2b450996fc88e5f0298f034f0a058206b5b8d20cb53c22598,1,
LTMD_U1_W4_SOCIAL_SCIENCES_ASSET_AUDIT_0.1,H1988P6CI130,1988,6,CIENCIAS SOCIALES,standard_x_js,H1988P6CI130,194,211,194,https://historico.conaliteg.gob.mx/c/H1988P6CI130/194.jpg,0,source_jpeg,served_image,200,image/jpeg,57406,c3eed5a3dfb035284be739b0aa713fdca5918be7c9e19ea091a2d0d3d75558cd,1,
LTMD_U1_W4_SOCIAL_SCIENCES_ASSET_AUDIT_0.1,H1988P6CI130,1988,6,CIENCIAS SOCIALES,standard_x_js,H1988P6CI130,195,211,195,https://historico.conaliteg.gob.mx/c/H1988P6CI130/195.jpg,0,source_jpeg,served_image,200,image/jpeg,39211,f9924921d5d2e44529285bf6472685e94cec81387c1516de4a77a1889930603c,1,
LTMD_U1_W4_SOCIAL_SCIENCES_ASSET_AUDIT_0.1,H1988P6CI130,1988,6,CIENCIAS SOCIALES,standard_x_js,H1988P6CI130,196,211,196,https://historico.conaliteg.gob.mx/c/H1988P6CI130/196.jpg,0,source_jpeg,served_image,200,image/jpeg,39659,8f167a4dd67f412d329c59d4abbde31956dd106eb82dae7f9e88b407c6ab322e,1,
LTMD_U1_W4_SOCIAL_SCIENCES_ASSET_AUDIT_0.1,H1988P6CI130,1988,6,CIENCIAS SOCIALES,standard_x_js,H1988P6CI130,197,211,197,https://historico.conaliteg.gob.mx/c/H1988P6CI130/197.jpg,0,source_jpeg,served_image,200,image/jpeg,41491,8d81f442ae5f18f03f69d2422fa8b3c1dc8b8b31d81edad768a26a998e209959,1,
LTMD_U1_W4_SOCIAL_SCIENCES_ASSET_AUDIT_0.1,H1988P6CI130,1988,6,CIENCIAS SOCIALES,standard_x_js,H1988P6CI130,198,211,198,https://historico.conaliteg.gob.mx/c/H1988P6CI130/198.jpg,0,source_jpeg,served_image,200,image/jpeg,42748,b740879c55d66fbdab7410bf50ac94b464b58f2f12013c927f40f31d8c4fc172,1,
LTMD_U1_W4_SOCIAL_SCIENCES_ASSET_AUDIT_0.1,H1988P6CI130,1988,6,CIENCIAS SOCIALES,standard_x_js,H1988P6CI130,199,211,199,https://historico.conaliteg.gob.mx/c/H1988P6CI130/199.jpg,0,source_jpeg,served_image,200,image/jpeg,41316,227531b26df944da95c86ab1f3ce06169436d2800fd017bf79d6541dfa5a1270,1,
LTMD_U1_W4_SOCIAL_SCIENCES_ASSET_AUDIT_0.1,H1988P6CI130,1988,6,CIENCIAS SOCIALES,standard_x_js,H1988P6CI130,200,211,200,https://historico.conaliteg.gob.mx/c/H1988P6CI130/200.jpg,0,source_jpeg,served_image,200,image/jpeg,38026,b9f21022c826e5ba1b8aa8b28e0484e0b2e12348c148ed4c5e29726fcff7320f,1,
LTMD_U1_W4_SOCIAL_SCIENCES_ASSET_AUDIT_0.1,H1988P6CI130,1988,6,CIENCIAS SOCIALES,standard_x_js,H1988P6CI130,201,211,201,https://historico.conaliteg.gob.mx/c/H1988P6CI130/201.jpg,0,source_jpeg,served_image,200,image/jpeg,41977,5467d2d029d9f64fda9e524e7a052da7ea48e2189ddca84f52b59b4364eb75cf,1,
LTMD_U1_W4_SOCIAL_SCIENCES_ASSET_AUDIT_0.1,H1988P6CI130,1988,6,CIENCIAS SOCIALES,standard_x_js,H1988P6CI130,202,211,202,https://historico.conaliteg.gob.mx/c/H1988P6CI130/202.jpg,0,source_jpeg,served_image,200,image/jpeg,39943,32a8175ae45d7630aceab2743abe109e713231cfbc47de4635373695fdec377f,1,
LTMD_U1_W4_SOCIAL_SCIENCES_ASSET_AUDIT_0.1,H1988P6CI130,1988,6,CIENCIAS SOCIALES,standard_x_js,H1988P6CI130,203,211,203,https://historico.conaliteg.gob.mx/c/H1988P6CI130/203.jpg,0,source_jpeg,served_image,200,image/jpeg,42771,ae4ffb1471f6d3ce129bd0ed1a61a3aaecfb7c9c949113c12dcc73444e3bd7b1,1,
LTMD_U1_W4_SOCIAL_SCIENCES_ASSET_AUDIT_0.1,H1988P6CI130,1988,6,CIENCIAS SOCIALES,standard_x_js,H1988P6CI130,204,211,204,https://historico.conaliteg.gob.mx/c/H1988P6CI130/204.jpg,0,source_jpeg,served_image,200,image/jpeg,40105,e9b507760b472b4a2440d34aea85692b8f79074f680db8a6242407b5e10c6b11,1,
LTMD_U1_W4_SOCIAL_SCIENCES_ASSET_AUDIT_0.1,H1988P6CI130,1988,6,CIENCIAS SOCIALES,standard_x_js,H1988P6CI130,205,211,205,https://historico.conaliteg.gob.mx/c/H1988P6CI130/205.jpg,0,source_jpeg,served_image,200,image/jpeg,42565,12b3a99719aa95c82a3c669768a680ae3f13f1bf848d37ba5ebe42eb7296a643,1,
LTMD_U1_W4_SOCIAL_SCIENCES_ASSET_AUDIT_0.1,H1988P6CI130,1988,6,CIENCIAS SOCIALES,standard_x_js,H1988P6CI130,206,211,206,https://historico.conaliteg.gob.mx/c/H1988P6CI130/206.jpg,0,source_jpeg,served_image,200,image/jpeg,29218,73734d9c44188036bf05b8f4325725f7777c257d90f658c758663b79d414d843,1,
LTMD_U1_W4_SOCIAL_SCIENCES_ASSET_AUDIT_0.1,H1988P6CI130,1988,6,CIENCIAS SOCIALES,standard_x_js,H1988P6CI130,207,211,207,https://historico.conaliteg.gob.mx/c/H1988P6CI130/207.jpg,0,source_jpeg,served_image,200,image/jpeg,18633,f2af107b8cc9b1d321c5a2d64a183c505c63b8a1731b255a5a33ed727a62a546,1,
LTMD_U1_W4_SOCIAL_SCIENCES_ASSET_AUDIT_0.1,H1988P6CI130,1988,6,CIENCIAS SOCIALES,standard_x_js,H1988P6CI130,208,211,208,https://historico.conaliteg.gob.mx/c/H1988P6CI130/208.jpg,0,source_jpeg,served_image,200,image/jpeg,22184,a024ea18fad7bef9cebc287e63ad24737fb5fb9889e97d5f4df2ef02f9c2de7d,1,
LTMD_U1_W4_SOCIAL_SCIENCES_ASSET_AUDIT_0.1,H1988P6CI130,1988,6,CIENCIAS SOCIALES,standard_x_js,H1988P6CI130,209,211,209,https://historico.conaliteg.gob.mx/c/H1988P6CI130/209.jpg,0,source_jpeg,served_image,200,image/jpeg,64614,054f51562bcc5a615e305fae04d1b7c0ec62a30cd9e2daf10cadde1b06a41929,1,
LTMD_U1_W4_SOCIAL_SCIENCES_ASSET_AUDIT_0.1,H1988P6CI130,1988,6,CIENCIAS SOCIALES,standard_x_js,H1988P6CI130,210,211,210,https://historico.conaliteg.gob.mx/c/H1988P6CI130/210.jpg,0,source_jpeg,served_image,200,image/jpeg,233057,7b6c1c735204e459283e3028a20a351c14fbc9e435263570fe54012df2db3906,1,
LTMD_U1_W4_SOCIAL_SCIENCES_ASSET_AUDIT_0.1,H1988P6CI130,1988,6,CIENCIAS SOCIALES,standard_x_js,H1988P6CI130,211,211,211,https://historico.conaliteg.gob.mx/c/H1988P6CI130/211.jpg,1,terminal_synthetic_candidate,http_404,404,text/html; charset=iso-8859-1,,,1,HTTP 404
LTMD_U1_W4_SOCIAL_SCIENCES_ASSET_AUDIT_0.1,H2008P2CI256,2008,2,EXPLORACIOÓN DE NATURALEZA Y LA SOCIEDAD,standard_x_js,H2008P2CI256,1,171,0,https://historico.conaliteg.gob.mx/c/H2008P2CI256/000.jpg,0,source_jpeg,served_image,200,image/jpeg,193303,3a9fab73994454adb1faafe9a7371f1eb8f7aa4ad2ad4bb0cff40e818287802a,1,
LTMD_U1_W4_SOCIAL_SCIENCES_ASSET_AUDIT_0.1,H2008P2CI256,2008,2,EXPLORACIOÓN DE NATURALEZA Y LA SOCIEDAD,standard_x_js,H2008P2CI256,2,171,2,https://historico.conaliteg.gob.mx/c/H2008P2CI256/002.jpg,0,source_jpeg,served_image,200,image/jpeg,64797,cfb14a3168a578eb4acef2bd3029714ed23b2d2f6f98fcc380d62a6a9850c1f1,1,
LTMD_U1_W4_SOCIAL_SCIENCES_ASSET_AUDIT_0.1,H2008P2CI256,2008,2,EXPLORACIOÓN DE NATURALEZA Y LA SOCIEDAD,standard_x_js,H2008P2CI256,3,171,3,https://historico.conaliteg.gob.mx/c/H2008P2CI256/003.jpg,0,source_jpeg,served_image,200,image/jpeg,64185,0d9b6e90a52c9cbe4621b5370d296199d6886466254a9a0eb3328772f1583676,1,
LTMD_U1_W4_SOCIAL_SCIENCES_ASSET_AUDIT_0.1,H2008P2CI256,2008,2,EXPLORACIOÓN DE NATURALEZA Y LA SOCIEDAD,standard_x_js,H2008P2CI256,4,171,4,https://historico.conaliteg.gob.mx/c/H2008P2CI256/004.jpg,0,source_jpeg,served_image,200,image/jpeg,47326,b086b168cf5e7500b9545e2e925a41c1e34a9c86897eb5d5d843ad8462c1a691,1,
LTMD_U1_W4_SOCIAL_SCIENCES_ASSET_AUDIT_0.1,H2008P2CI256,2008,2,EXPLORACIOÓN DE NATURALEZA Y LA SOCIEDAD,standard_x_js,H2008P2CI256,5,171,5,https://historico.conaliteg.gob.mx/c/H2008P2CI256/005.jpg,0,source_jpeg,served_image,200,image/jpeg,47009,dd67baec7b062eec3c6d97012dc638770fd65d03b3c53471dbd62d509720fd4b,1,
LTMD_U1_W4_SOCIAL_SCIENCES_ASSET_AUDIT_0.1,H2008P2CI256,2008,2,EXPLORACIOÓN DE NATURALEZA Y LA SOCIEDAD,standard_x_js,H2008P2CI256,6,171,6,https://historico.conaliteg.gob.mx/c/H2008P2CI256/006.jpg,0,source_jpeg,served_image,200,image/jpeg,61830,1b81c0989cd161d9d22a5058c4e2ab4cc6fe721c6802afbc7e41ea8590fec52c,1,
LTMD_U1_W4_SOCIAL_SCIENCES_ASSET_AUDIT_0.1,H2008P2CI256,2008,2,EXPLORACIOÓN DE NATURALEZA Y LA SOCIEDAD,standard_x_js,H2008P2CI256,7,171,7,https://historico.conaliteg.gob.mx/c/H2008P2CI256/007.jpg,0,source_jpeg,served_image,200,image/jpeg,62336,80793e4963bceb80c6868d77ab1cc9e79e4b078d6c2d0f00c28ef33ecacd3e29,1,
LTMD_U1_W4_SOCIAL_SCIENCES_ASSET_AUDIT_0.1,H2008P2CI256,2008,2,EXPLORACIOÓN DE NATURALEZA Y LA SOCIEDAD,standard_x_js,H2008P2CI256,8,171,8,https://historico.conaliteg.gob.mx/c/H2008P2CI256/008.jpg,0,source_jpeg,served_image,200,image/jpeg,69973,6e8ebee542dc56ac4e01d9fe79c93185df1ef66f49bb58bb714ae1ddf2b7a598,1,
LTMD_U1_W4_SOCIAL_SCIENCES_ASSET_AUDIT_0.1,H2008P2CI256,2008,2,EXPLORACIOÓN DE NATURALEZA Y LA SOCIEDAD,standard_x_js,H2008P2CI256,9,171,9,https://historico.conaliteg.gob.mx/c/H2008P2CI256/009.jpg,0,source_jpeg,served_image,200,image/jpeg,67814,1b8c0d870e33625dff24b13c7bdf31a30f6ab74e0001f8e1e55151ad2ba31db5,1,
LTMD_U1_W4_SOCIAL_SCIENCES_ASSET_AUDIT_0.1,H2008P2CI256,2008,2,EXPLORACIOÓN DE NATURALEZA Y LA SOCIEDAD,standard_x_js,H2008P2CI256,10,171,10,https://historico.conaliteg.gob.mx/c/H2008P2CI256/010.jpg,0,source_jpeg,served_image,200,image/jpeg,59878,d15cac19a6556a16e13e2e70d9e95adf940df9db4c7eefc36d7d6ba351519605,1,
LTMD_U1_W4_SOCIAL_SCIENCES_ASSET_AUDIT_0.1,H2008P2CI256,2008,2,EXPLORACIOÓN DE NATURALEZA Y LA SOCIEDAD,standard_x_js,H2008P2CI256,11,171,11,https://historico.conaliteg.gob.mx/c/H2008P2CI256/011.jpg,0,source_jpeg,served_image,200,image/jpeg,79150,327d430116db8659960ae8740db53f1754d5379790b45bd8fead176c902b4682,1,
LTMD_U1_W4_SOCIAL_SCIENCES_ASSET_AUDIT_0.1,H2008P2CI256,2008,2,EXPLORACIOÓN DE NATURALEZA Y LA SOCIEDAD,standard_x_js,H2008P2CI256,12,171,12,https://historico.conaliteg.gob.mx/c/H2008P2CI256/012.jpg,0,source_jpeg,served_image,200,image/jpeg,70715,b88ee0016030bb26e6c61c81cadc61f885bb50edc31b35384362484344dcc859,1,
LTMD_U1_W4_SOCIAL_SCIENCES_ASSET_AUDIT_0.1,H2008P2CI256,2008,2,EXPLORACIOÓN DE NATURALEZA Y LA SOCIEDAD,standard_x_js,H2008P2CI256,13,171,13,https://historico.conaliteg.gob.mx/c/H2008P2CI256/013.jpg,0,source_jpeg,served_image,200,image/jpeg,68096,da0f77295cab10795abe121d7ade9cb67123940f48c927766bba5ca649cf6ce2,1,
LTMD_U1_W4_SOCIAL_SCIENCES_ASSET_AUDIT_0.1,H2008P2CI256,2008,2,EXPLORACIOÓN DE NATURALEZA Y LA SOCIEDAD,standard_x_js,H2008P2CI256,14,171,14,https://historico.conaliteg.gob.mx/c/H2008P2CI256/014.jpg,0,source_jpeg,served_image,200,image/jpeg,73333,53cd9b03ddefeeba33f8fce519473af502bcc43a542b604e45d7a5bc24081e4c,1,
LTMD_U1_W4_SOCIAL_SCIENCES_ASSET_AUDIT_0.1,H2008P2CI256,2008,2,EXPLORACIOÓN DE NATURALEZA Y LA SOCIEDAD,standard_x_js,H2008P2CI256,15,171,15,https://historico.conaliteg.gob.mx/c/H2008P2CI256/015.jpg,0,source_jpeg,served_image,200,image/jpeg,74180,66cea9562502d26cc44ddb9beba4237b0a7eb8d47db14bd7f5d67fc49732d6b8,1,
LTMD_U1_W4_SOCIAL_SCIENCES_ASSET_AUDIT_0.1,H2008P2CI256,2008,2,EXPLORACIOÓN DE NATURALEZA Y LA SOCIEDAD,standard_x_js,H2008P2CI256,16,171,16,https://historico.conaliteg.gob.mx/c/H2008P2CI256/016.jpg,0,source_jpeg,served_image,200,image/jpeg,73691,47ab40cc18a984a68c816c4e112b031610496774845e466d0543bab8687454f0,1,
LTMD_U1_W4_SOCIAL_SCIENCES_ASSET_AUDIT_0.1,H2008P2CI256,2008,2,EXPLORACIOÓN DE NATURALEZA Y LA SOCIEDAD,standard_x_js,H2008P2CI256,17,171,17,https://historico.conaliteg.gob.mx/c/H2008P2CI256/017.jpg,0,source_jpeg,served_image,200,image/jpeg,80951,325d5370748b585235c93a8048842be0886c3bc8f77ac45f22a86c085158b8c1,1,
LTMD_U1_W4_SOCIAL_SCIENCES_ASSET_AUDIT_0.1,H2008P2CI256,2008,2,EXPLORACIOÓN DE NATURALEZA Y LA SOCIEDAD,standard_x_js,H2008P2CI256,18,171,18,https://historico.conaliteg.gob.mx/c/H2008P2CI256/018.jpg,0,source_jpeg,served_image,200,image/jpeg,64699,a6dd032a6240552c60f9bb89a7d09c164751c63e4bf7e398e795ccc5ac3e6ca7,1,
LTMD_U1_W4_SOCIAL_SCIENCES_ASSET_AUDIT_0.1,H2008P2CI256,2008,2,EXPLORACIOÓN DE NATURALEZA Y LA SOCIEDAD,standard_x_js,H2008P2CI256,19,171,19,https://historico.conaliteg.gob.mx/c/H2008P2CI256/019.jpg,0,source_jpeg,served_image,200,image/jpeg,69245,b7faa0abff73544319f19424854845f1a6cc8269cb18218bd4271a7be3aedb57,1,
LTMD_U1_W4_SOCIAL_SCIENCES_ASSET_AUDIT_0.1,H2008P2CI256,2008,2,EXPLORACIOÓN DE NATURALEZA Y LA SOCIEDAD,standard_x_js,H2008P2CI256,20,171,20,https://historico.conaliteg.gob.mx/c/H2008P2CI256/020.jpg,0,source_jpeg,served_image,200,image/jpeg,74487,4792fcfd934148e5027a63ea5f6332e7b27c499d69cc04342a73059934d34457,1,
LTMD_U1_W4_SOCIAL_SCIENCES_ASSET_AUDIT_0.1,H2008P2CI256,2008,2,EXPLORACIOÓN DE NATURALEZA Y LA SOCIEDAD,standard_x_js,H2008P2CI256,21,171,21,https://historico.conaliteg.gob.mx/c/H2008P2CI256/021.jpg,0,source_jpeg,served_image,200,image/jpeg,74764,a9b8401911dbfaa273201f0cfa3516b8752bd72398b9bc805a2e215f3d397e39,1,
LTMD_U1_W4_SOCIAL_SCIENCES_ASSET_AUDIT_0.1,H2008P2CI256,2008,2,EXPLORACIOÓN DE NATURALEZA Y LA SOCIEDAD,standard_x_js,H2008P2CI256,22,171,22,https://historico.conaliteg.gob.mx/c/H2008P2CI256/022.jpg,0,source_jpeg,served_image,200,image/jpeg,76310,7ca0d5538d775a99d1ba2ca3e88a98108ed64a2367d915ba380c533bf1377698,1,
LTMD_U1_W4_SOCIAL_SCIENCES_ASSET_AUDIT_0.1,H2008P2CI256,2008,2,EXPLORACIOÓN DE NATURALEZA Y LA SOCIEDAD,standard_x_js,H2008P2CI256,23,171,23,https://historico.conaliteg.gob.mx/c/H2008P2CI256/023.jpg,0,source_jpeg,served_image,200,image/jpeg,58819,f86f4c9e30996615e0f89ece747665adce1e19c9ba813d48d39bc9c3d2cf49d6,1,
LTMD_U1_W4_SOCIAL_SCIENCES_ASSET_AUDIT_0.1,H2008P2CI256,2008,2,EXPLORACIOÓN DE NATURALEZA Y LA SOCIEDAD,standard_x_js,H2008P2CI256,24,171,24,https://historico.conaliteg.gob.mx/c/H2008P2CI256/024.jpg,0,source_jpeg,served_image,200,image/jpeg,78131,87d7565a8f977a5d0cc8d6719c772bcab44189a5af192e130d677b4a1dfd1a50,1,
LTMD_U1_W4_SOCIAL_SCIENCES_ASSET_AUDIT_0.1,H2008P2CI256,2008,2,EXPLORACIOÓN DE NATURALEZA Y LA SOCIEDAD,standard_x_js,H2008P2CI256,25,171,25,https://historico.conaliteg.gob.mx/c/H2008P2CI256/025.jpg,0,source_jpeg,served_image,200,image/jpeg,68626,0dd1e135c5f6ac7a1298b99688f52ce2c38443e78550e026ddc8adabed08a2c3,1,
LTMD_U1_W4_SOCIAL_SCIENCES_ASSET_AUDIT_0.1,H2008P2CI256,2008,2,EXPLORACIOÓN DE NATURALEZA Y LA SOCIEDAD,standard_x_js,H2008P2CI256,26,171,26,https://historico.conaliteg.gob.mx/c/H2008P2CI256/026.jpg,0,source_jpeg,served_image,200,image/jpeg,55185,35ac164f78b0c5e846cbc870c9d96f8339142942fa94f8d1d4c263a097907e44,1,
LTMD_U1_W4_SOCIAL_SCIENCES_ASSET_AUDIT_0.1,H2008P2CI256,2008,2,EXPLORACIOÓN DE NATURALEZA Y LA SOCIEDAD,standard_x_js,H2008P2CI256,27,171,27,https://historico.conaliteg.gob.mx/c/H2008P2CI256/027.jpg,0,source_jpeg,served_image,200,image/jpeg,65778,7042793d6a57949d28f52e014226c419945a2e345fe16ab9f31240142e2d2a7e,1,
LTMD_U1_W4_SOCIAL_SCIENCES_ASSET_AUDIT_0.1,H2008P2CI256,2008,2,EXPLORACIOÓN DE NATURALEZA Y LA SOCIEDAD,standard_x_js,H2008P2CI256,28,171,28,https://historico.conaliteg.gob.mx/c/H2008P2CI256/028.jpg,0,source_jpeg,served_image,200,image/jpeg,56186,2122e94551b81d2dc9346cf60d4832520458e013f32d09f9cc22ea59d361c76e,1,
LTMD_U1_W4_SOCIAL_SCIENCES_ASSET_AUDIT_0.1,H2008P2CI256,2008,2,EXPLORACIOÓN DE NATURALEZA Y LA SOCIEDAD,standard_x_js,H2008P2CI256,29,171,29,https://historico.conaliteg.gob.mx/c/H2008P2CI256/029.jpg,0,source_jpeg,served_image,200,image/jpeg,53372,4c75d252c59de148ccff36cee588982b7503876b660695ada98dd06ac8bb73f0,1,
LTMD_U1_W4_SOCIAL_SCIENCES_ASSET_AUDIT_0.1,H2008P2CI256,2008,2,EXPLORACIOÓN DE NATURALEZA Y LA SOCIEDAD,standard_x_js,H2008P2CI256,30,171,30,https://historico.conaliteg.gob.mx/c/H2008P2CI256/030.jpg,0,source_jpeg,served_image,200,image/jpeg,58436,a2b92468dc5460d6da89674aa5629db35b3bd711ae9ede248565c2b7e302a272,1,
LTMD_U1_W4_SOCIAL_SCIENCES_ASSET_AUDIT_0.1,H2008P2CI256,2008,2,EXPLORACIOÓN DE NATURALEZA Y LA SOCIEDAD,standard_x_js,H2008P2CI256,31,171,31,https://historico.conaliteg.gob.mx/c/H2008P2CI256/031.jpg,0,source_jpeg,served_image,200,image/jpeg,80248,ef516d6551bf22569b77c76de6ab33e35bdcc5aee121771e67d0fd5ec0dcbec0,1,
LTMD_U1_W4_SOCIAL_SCIENCES_ASSET_AUDIT_0.1,H2008P2CI256,2008,2,EXPLORACIOÓN DE NATURALEZA Y LA SOCIEDAD,standard_x_js,H2008P2CI256,32,171,32,https://historico.conaliteg.gob.mx/c/H2008P2CI256/032.jpg,0,source_jpeg,served_image,200,image/jpeg,62654,e8f7a06b7ebfb7568719a6961bb8ad71f3af83fbdb41cc4e9fa5890e5564adf9,1,
LTMD_U1_W4_SOCIAL_SCIENCES_ASSET_AUDIT_0.1,H2008P2CI256,2008,2,EXPLORACIOÓN DE NATURALEZA Y LA SOCIEDAD,standard_x_js,H2008P2CI256,33,171,33,https://historico.conaliteg.gob.mx/c/H2008P2CI256/033.jpg,0,source_jpeg,served_image,200,image/jpeg,69713,f362f4c0db9496f7296aeba31ede24e272f50062f86e11d4316067f8b3f11311,1,
LTMD_U1_W4_SOCIAL_SCIENCES_ASSET_AUDIT_0.1,H2008P2CI256,2008,2,EXPLORACIOÓN DE NATURALEZA Y LA SOCIEDAD,standard_x_js,H2008P2CI256,34,171,34,https://historico.conaliteg.gob.mx/c/H2008P2CI256/034.jpg,0,source_jpeg,served_image,200,image/jpeg,68900,af3ad4991e2c146818a56fac91aeaf6852924a407e0fccd0c2dca653b56a3cc3,1,
LTMD_U1_W4_SOCIAL_SCIENCES_ASSET_AUDIT_0.1,H2008P2CI256,2008,2,EXPLORACIOÓN DE NATURALEZA Y LA SOCIEDAD,standard_x_js,H2008P2CI256,35,171,35,https://historico.conaliteg.gob.mx/c/H2008P2CI256/035.jpg,0,source_jpeg,served_image,200,image/jpeg,77198,ad0c86f7704eb41a600070a82eef86ca29bb5f166ce8762a1ba59ae07e8f3869,1,
LTMD_U1_W4_SOCIAL_SCIENCES_ASSET_AUDIT_0.1,H2008P2CI256,2008,2,EXPLORACIOÓN DE NATURALEZA Y LA SOCIEDAD,standard_x_js,H2008P2CI256,36,171,36,https://historico.conaliteg.gob.mx/c/H2008P2CI256/036.jpg,0,source_jpeg,served_image,200,image/jpeg,85505,1cb33094725e0b88cf98c0170e58974b8698c2ae1868a48795cf24c4a25d5673,1,
LTMD_U1_W4_SOCIAL_SCIENCES_ASSET_AUDIT_0.1,H2008P2CI256,2008,2,EXPLORACIOÓN DE NATURALEZA Y LA SOCIEDAD,standard_x_js,H2008P2CI256,37,171,37,https://historico.conaliteg.gob.mx/c/H2008P2CI256/037.jpg,0,source_jpeg,served_image,200,image/jpeg,70756,ea9c10cc1944ae81b7652e373e9864bfc44ff41659b0d33f44b9a946c8e1b788,1,
LTMD_U1_W4_SOCIAL_SCIENCES_ASSET_AUDIT_0.1,H2008P2CI256,2008,2,EXPLORACIOÓN DE NATURALEZA Y LA SOCIEDAD,standard_x_js,H2008P2CI256,38,171,38,https://historico.conaliteg.gob.mx/c/H2008P2CI256/038.jpg,0,source_jpeg,served_image,200,image/jpeg,76365,16ea0c398806ab59f55837d62b58975a99dc909dbef570ab1508096036ed5047,1,
LTMD_U1_W4_SOCIAL_SCIENCES_ASSET_AUDIT_0.1,H2008P2CI256,2008,2,EXPLORACIOÓN DE NATURALEZA Y LA SOCIEDAD,standard_x_js,H2008P2CI256,39,171,39,https://historico.conaliteg.gob.mx/c/H2008P2CI256/039.jpg,0,source_jpeg,served_image,200,image/jpeg,90716,8fe2d5fb5c1ca6d57971dc94826c4a26b2ce66f5789a6d7ed6c2e57c64728a3b,1,
LTMD_U1_W4_SOCIAL_SCIENCES_ASSET_AUDIT_0.1,H2008P2CI256,2008,2,EXPLORACIOÓN DE NATURALEZA Y LA SOCIEDAD,standard_x_js,H2008P2CI256,40,171,40,https://historico.conaliteg.gob.mx/c/H2008P2CI256/040.jpg,0,source_jpeg,served_image,200,image/jpeg,45174,e7dbc5de389523b945afd31d1fb3421fbc8384fbd64e6330dd9da7e62ec3c809,1,
LTMD_U1_W4_SOCIAL_SCIENCES_ASSET_AUDIT_0.1,H2008P2CI256,2008,2,EXPLORACIOÓN DE NATURALEZA Y LA SOCIEDAD,standard_x_js,H2008P2CI256,41,171,41,https://historico.conaliteg.gob.mx/c/H2008P2CI256/041.jpg,0,source_jpeg,served_image,200,image/jpeg,51038,f5f78aa80b9901b68cacaf8e12966b928a2f6ed6c4dfc64c0526b425a5f46ea3,1,
LTMD_U1_W4_SOCIAL_SCIENCES_ASSET_AUDIT_0.1,H2008P2CI256,2008,2,EXPLORACIOÓN DE NATURALEZA Y LA SOCIEDAD,standard_x_js,H2008P2CI256,42,171,42,https://historico.conaliteg.gob.mx/c/H2008P2CI256/042.jpg,0,source_jpeg,served_image,200,image/jpeg,63631,a9e3a533a271dda2312eb00a1658cbe2056979acf5f751aa210e45a41ab539b4,1,
LTMD_U1_W4_SOCIAL_SCIENCES_ASSET_AUDIT_0.1,H2008P2CI256,2008,2,EXPLORACIOÓN DE NATURALEZA Y LA SOCIEDAD,standard_x_js,H2008P2CI256,43,171,43,https://historico.conaliteg.gob.mx/c/H2008P2CI256/043.jpg,0,source_jpeg,served_image,200,image/jpeg,70027,5ce11b699cb7d468f5e44d5eb14c15fb8a587557d144f041ab44a9e31aa09d4c,1,
LTMD_U1_W4_SOCIAL_SCIENCES_ASSET_AUDIT_0.1,H2008P2CI256,2008,2,EXPLORACIOÓN DE NATURALEZA Y LA SOCIEDAD,standard_x_js,H2008P2CI256,44,171,44,https://historico.conaliteg.gob.mx/c/H2008P2CI256/044.jpg,0,source_jpeg,served_image,200,image/jpeg,88945,b6de736834663d98b548d2a08921cb45061f3f6977741f3c3420822d0c8ea96e,1,
LTMD_U1_W4_SOCIAL_SCIENCES_ASSET_AUDIT_0.1,H2008P2CI256,2008,2,EXPLORACIOÓN DE NATURALEZA Y LA SOCIEDAD,standard_x_js,H2008P2CI256,45,171,45,https://historico.conaliteg.gob.mx/c/H2008P2CI256/045.jpg,0,source_jpeg,served_image,200,image/jpeg,68474,7e541b272a0bb84b882ba3533b6a3ba63cf32a50aa76f103c4e542c13a79a507,1,
LTMD_U1_W4_SOCIAL_SCIENCES_ASSET_AUDIT_0.1,H2008P2CI256,2008,2,EXPLORACIOÓN DE NATURALEZA Y LA SOCIEDAD,standard_x_js,H2008P2CI256,46,171,46,https://historico.conaliteg.gob.mx/c/H2008P2CI256/046.jpg,0,source_jpeg,served_image,200,image/jpeg,61310,e2cd3713a5d7f6cbd829d39bff420c69f70c7d996cc66363631a364576938744,1,
LTMD_U1_W4_SOCIAL_SCIENCES_ASSET_AUDIT_0.1,H2008P2CI256,2008,2,EXPLORACIOÓN DE NATURALEZA Y LA SOCIEDAD,standard_x_js,H2008P2CI256,47,171,47,https://historico.conaliteg.gob.mx/c/H2008P2CI256/047.jpg,0,source_jpeg,served_image,200,image/jpeg,49970,7d01b87bc4be4fa5d32532bd796e4fa9aa35dc52e38498519a76117742b11b4c,1,
LTMD_U1_W4_SOCIAL_SCIENCES_ASSET_AUDIT_0.1,H2008P2CI256,2008,2,EXPLORACIOÓN DE NATURALEZA Y LA SOCIEDAD,standard_x_js,H2008P2CI256,48,171,48,https://historico.conaliteg.gob.mx/c/H2008P2CI256/048.jpg,0,source_jpeg,served_image,200,image/jpeg,72612,5098a52fca1e4bbb5009cc4fc4dc7ca87122d5a865d285b980c8e13f9e698da3,1,
LTMD_U1_W4_SOCIAL_SCIENCES_ASSET_AUDIT_0.1,H2008P2CI256,2008,2,EXPLORACIOÓN DE NATURALEZA Y LA SOCIEDAD,standard_x_js,H2008P2CI256,49,171,49,https://historico.conaliteg.gob.mx/c/H2008P2CI256/049.jpg,0,source_jpeg,served_image,200,image/jpeg,63570,6e853d908191f7c6e35aa411efd75a12f2908f81a41d4fb6ca27fa77a46ad229,1,
LTMD_U1_W4_SOCIAL_SCIENCES_ASSET_AUDIT_0.1,H2008P2CI256,2008,2,EXPLORACIOÓN DE NATURALEZA Y LA SOCIEDAD,standard_x_js,H2008P2CI256,50,171,50,https://historico.conaliteg.gob.mx/c/H2008P2CI256/050.jpg,0,source_jpeg,served_image,200,image/jpeg,85497,cbd9d4b730d3cf9a0f735aa8a19b3be73744c88d7cb4df03d0b02198389a9869,1,
LTMD_U1_W4_SOCIAL_SCIENCES_ASSET_AUDIT_0.1,H2008P2CI256,2008,2,EXPLORACIOÓN DE NATURALEZA Y LA SOCIEDAD,standard_x_js,H2008P2CI256,51,171,51,https://historico.conaliteg.gob.mx/c/H2008P2CI256/051.jpg,0,source_jpeg,served_image,200,image/jpeg,76632,78beffbeabcc591a48e6e184bde7e64b0683058169b71f843d0c40f90cfdcde4,1,
LTMD_U1_W4_SOCIAL_SCIENCES_ASSET_AUDIT_0.1,H2008P2CI256,2008,2,EXPLORACIOÓN DE NATURALEZA Y LA SOCIEDAD,standard_x_js,H2008P2CI256,52,171,52,https://historico.conaliteg.gob.mx/c/H2008P2CI256/052.jpg,0,source_jpeg,served_image,200,image/jpeg,43742,8e3c561357ebc970e0bbecb7d0352d6670d7d9633c998cc5c3b08b5d19961ed4,1,
LTMD_U1_W4_SOCIAL_SCIENCES_ASSET_AUDIT_0.1,H2008P2CI256,2008,2,EXPLORACIOÓN DE NATURALEZA Y LA SOCIEDAD,standard_x_js,H2008P2CI256,53,171,53,https://historico.conaliteg.gob.mx/c/H2008P2CI256/053.jpg,0,source_jpeg,served_image,200,image/jpeg,57303,5b3720c01165b105f0f546340940bfc7d57aa519e0a06549402b00b47b7f6e47,1,
LTMD_U1_W4_SOCIAL_SCIENCES_ASSET_AUDIT_0.1,H2008P2CI256,2008,2,EXPLORACIOÓN DE NATURALEZA Y LA SOCIEDAD,standard_x_js,H2008P2CI256,54,171,54,https://historico.conaliteg.gob.mx/c/H2008P2CI256/054.jpg,0,source_jpeg,served_image,200,image/jpeg,62893,78f1d2f992cc908e6bb59f6f548eff49e99f5db6dbbb55f494a7ad6932c3ec28,1,
LTMD_U1_W4_SOCIAL_SCIENCES_ASSET_AUDIT_0.1,H2008P2CI256,2008,2,EXPLORACIOÓN DE NATURALEZA Y LA SOCIEDAD,standard_x_js,H2008P2CI256,55,171,55,https://historico.conaliteg.gob.mx/c/H2008P2CI256/055.jpg,0,source_jpeg,served_image,200,image/jpeg,51528,bcb0683288f89b78d4f73082bdac1ba0246f6cbffa5cf6d878b8dfa05661916d,1,
LTMD_U1_W4_SOCIAL_SCIENCES_ASSET_AUDIT_0.1,H2008P2CI256,2008,2,EXPLORACIOÓN DE NATURALEZA Y LA SOCIEDAD,standard_x_js,H2008P2CI256,56,171,56,https://historico.conaliteg.gob.mx/c/H2008P2CI256/056.jpg,0,source_jpeg,served_image,200,image/jpeg,67884,09b4339a85e34859b39019dcb3b1b6b7fddc8d3b6b9716c722cb9db3152d47bb,1,
LTMD_U1_W4_SOCIAL_SCIENCES_ASSET_AUDIT_0.1,H2008P2CI256,2008,2,EXPLORACIOÓN DE NATURALEZA Y LA SOCIEDAD,standard_x_js,H2008P2CI256,57,171,57,https://historico.conaliteg.gob.mx/c/H2008P2CI256/057.jpg,0,source_jpeg,served_image,200,image/jpeg,75660,354a4db63c8719700000662e6cc4950117e805d347f9ef642cbcb228c9b23c17,1,
LTMD_U1_W4_SOCIAL_SCIENCES_ASSET_AUDIT_0.1,H2008P2CI256,2008,2,EXPLORACIOÓN DE NATURALEZA Y LA SOCIEDAD,standard_x_js,H2008P2CI256,58,171,58,https://historico.conaliteg.gob.mx/c/H2008P2CI256/058.jpg,0,source_jpeg,served_image,200,image/jpeg,65626,0738844ea4c2d2b2531b01ba3a104f01c094db0f80d91d63696f3daf3f1d540f,1,
LTMD_U1_W4_SOCIAL_SCIENCES_ASSET_AUDIT_0.1,H2008P2CI256,2008,2,EXPLORACIOÓN DE NATURALEZA Y LA SOCIEDAD,standard_x_js,H2008P2CI256,59,171,59,https://historico.conaliteg.gob.mx/c/H2008P2CI256/059.jpg,0,source_jpeg,served_image,200,image/jpeg,65750,35eb40e4ddb5f116efc0df7a0e7901d72cfe7d94c88a3567a5d040454a64e9ff,1,
LTMD_U1_W4_SOCIAL_SCIENCES_ASSET_AUDIT_0.1,H2008P2CI256,2008,2,EXPLORACIOÓN DE NATURALEZA Y LA SOCIEDAD,standard_x_js,H2008P2CI256,60,171,60,https://historico.conaliteg.gob.mx/c/H2008P2CI256/060.jpg,0,source_jpeg,served_image,200,image/jpeg,71970,28194d42ca8d634509fb7fad9e6f8d2fad0a1c087f4beb61793c03d4b621b616,1,
LTMD_U1_W4_SOCIAL_SCIENCES_ASSET_AUDIT_0.1,H2008P2CI256,2008,2,EXPLORACIOÓN DE NATURALEZA Y LA SOCIEDAD,standard_x_js,H2008P2CI256,61,171,61,https://historico.conaliteg.gob.mx/c/H2008P2CI256/061.jpg,0,source_jpeg,served_image,200,image/jpeg,61349,8b2d4a132006ec2a19387ddde6e0e0295d738e96ef79a1ef9674e28f972a69f9,1,
LTMD_U1_W4_SOCIAL_SCIENCES_ASSET_AUDIT_0.1,H2008P2CI256,2008,2,EXPLORACIOÓN DE NATURALEZA Y LA SOCIEDAD,standard_x_js,H2008P2CI256,62,171,62,https://historico.conaliteg.gob.mx/c/H2008P2CI256/062.jpg,0,source_jpeg,served_image,200,image/jpeg,68091,a15596bc59318729f289d1af958f573c497e442935dad6d509cecfea1f04c2bc,1,
LTMD_U1_W4_SOCIAL_SCIENCES_ASSET_AUDIT_0.1,H2008P2CI256,2008,2,EXPLORACIOÓN DE NATURALEZA Y LA SOCIEDAD,standard_x_js,H2008P2CI256,63,171,63,https://historico.conaliteg.gob.mx/c/H2008P2CI256/063.jpg,0,source_jpeg,served_image,200,image/jpeg,77704,6477f1862ed2de283d506236d4b6b7b5992753cada0e5fc67e87214268766336,1,
LTMD_U1_W4_SOCIAL_SCIENCES_ASSET_AUDIT_0.1,H2008P2CI256,2008,2,EXPLORACIOÓN DE NATURALEZA Y LA SOCIEDAD,standard_x_js,H2008P2CI256,64,171,64,https://historico.conaliteg.gob.mx/c/H2008P2CI256/064.jpg,0,source_jpeg,served_image,200,image/jpeg,66701,3735c4bee51883b1cc2a8867b5b80dc68d56fdb44f93b28f4fb288f237db6ebd,1,
LTMD_U1_W4_SOCIAL_SCIENCES_ASSET_AUDIT_0.1,H2008P2CI256,2008,2,EXPLORACIOÓN DE NATURALEZA Y LA SOCIEDAD,standard_x_js,H2008P2CI256,65,171,65,https://historico.conaliteg.gob.mx/c/H2008P2CI256/065.jpg,0,source_jpeg,served_image,200,image/jpeg,70071,7bdf42fa84a62cf0e55816f3c8d049f6f72ec91a99ca56304457fec113978a01,1,
LTMD_U1_W4_SOCIAL_SCIENCES_ASSET_AUDIT_0.1,H2008P2CI256,2008,2,EXPLORACIOÓN DE NATURALEZA Y LA SOCIEDAD,standard_x_js,H2008P2CI256,66,171,66,https://historico.conaliteg.gob.mx/c/H2008P2CI256/066.jpg,0,source_jpeg,served_image,200,image/jpeg,74102,4ac299d73badc179ab19db3567dbb4346d6fe5fc6f22a346199c463328138d84,1,
LTMD_U1_W4_SOCIAL_SCIENCES_ASSET_AUDIT_0.1,H2008P2CI256,2008,2,EXPLORACIOÓN DE NATURALEZA Y LA SOCIEDAD,standard_x_js,H2008P2CI256,67,171,67,https://historico.conaliteg.gob.mx/c/H2008P2CI256/067.jpg,0,source_jpeg,served_image,200,image/jpeg,60934,e2453ba7acab23ac97b7fa43645e0075ff2be0edeb896ad9f17e11460a3872f0,1,
LTMD_U1_W4_SOCIAL_SCIENCES_ASSET_AUDIT_0.1,H2008P2CI256,2008,2,EXPLORACIOÓN DE NATURALEZA Y LA SOCIEDAD,standard_x_js,H2008P2CI256,68,171,68,https://historico.conaliteg.gob.mx/c/H2008P2CI256/068.jpg,0,source_jpeg,served_image,200,image/jpeg,50528,822fefb862812f9da5989154a8b2a53473489033fb63b6b596b58d735b9a428a,1,
LTMD_U1_W4_SOCIAL_SCIENCES_ASSET_AUDIT_0.1,H2008P2CI256,2008,2,EXPLORACIOÓN DE NATURALEZA Y LA SOCIEDAD,standard_x_js,H2008P2CI256,69,171,69,https://historico.conaliteg.gob.mx/c/H2008P2CI256/069.jpg,0,source_jpeg,served_image,200,image/jpeg,65899,49d561bbcd78a9637fadd3556627f6846ce867212911666a04181786f93e7c71,1,
LTMD_U1_W4_SOCIAL_SCIENCES_ASSET_AUDIT_0.1,H2008P2CI256,2008,2,EXPLORACIOÓN DE NATURALEZA Y LA SOCIEDAD,standard_x_js,H2008P2CI256,70,171,70,https://historico.conaliteg.gob.mx/c/H2008P2CI256/070.jpg,0,source_jpeg,served_image,200,image/jpeg,58147,3b24609cdb048eded722be3b9cf5b7a0e59af78e30e7f72d289016861754f903,1,
LTMD_U1_W4_SOCIAL_SCIENCES_ASSET_AUDIT_0.1,H2008P2CI256,2008,2,EXPLORACIOÓN DE NATURALEZA Y LA SOCIEDAD,standard_x_js,H2008P2CI256,71,171,71,https://historico.conaliteg.gob.mx/c/H2008P2CI256/071.jpg,0,source_jpeg,served_image,200,image/jpeg,65855,3bee4f121b995ca82fff6afd60ff9ffad8aba458545d48e7ab915c6bc06cc747,1,
LTMD_U1_W4_SOCIAL_SCIENCES_ASSET_AUDIT_0.1,H2008P2CI256,2008,2,EXPLORACIOÓN DE NATURALEZA Y LA SOCIEDAD,standard_x_js,H2008P2CI256,72,171,72,https://historico.conaliteg.gob.mx/c/H2008P2CI256/072.jpg,0,source_jpeg,served_image,200,image/jpeg,64638,52d66911bce8ea479e4c25896af197de3707a968e234bb630ff7554e2e41e11b,1,
LTMD_U1_W4_SOCIAL_SCIENCES_ASSET_AUDIT_0.1,H2008P2CI256,2008,2,EXPLORACIOÓN DE NATURALEZA Y LA SOCIEDAD,standard_x_js,H2008P2CI256,73,171,73,https://historico.conaliteg.gob.mx/c/H2008P2CI256/073.jpg,0,source_jpeg,served_image,200,image/jpeg,56428,d807ff5438c8659136f68f0d97398e2e3679f423f8a09e16c3a7b36ccd2aedbc,1,
LTMD_U1_W4_SOCIAL_SCIENCES_ASSET_AUDIT_0.1,H2008P2CI256,2008,2,EXPLORACIOÓN DE NATURALEZA Y LA SOCIEDAD,standard_x_js,H2008P2CI256,74,171,74,https://historico.conaliteg.gob.mx/c/H2008P2CI256/074.jpg,0,source_jpeg,served_image,200,image/jpeg,72010,83b89f397d85152f18e1d75794592ed881730f923fc105e13bfec1d894e0cfe8,1,
LTMD_U1_W4_SOCIAL_SCIENCES_ASSET_AUDIT_0.1,H2008P2CI256,2008,2,EXPLORACIOÓN DE NATURALEZA Y LA SOCIEDAD,standard_x_js,H2008P2CI256,75,171,75,https://historico.conaliteg.gob.mx/c/H2008P2CI256/075.jpg,0,source_jpeg,served_image,200,image/jpeg,63410,9ac123ba0018d33f380bb37e1be16067972c7544dcebd744af160abbb2567fc2,1,
LTMD_U1_W4_SOCIAL_SCIENCES_ASSET_AUDIT_0.1,H2008P2CI256,2008,2,EXPLORACIOÓN DE NATURALEZA Y LA SOCIEDAD,standard_x_js,H2008P2CI256,76,171,76,https://historico.conaliteg.gob.mx/c/H2008P2CI256/076.jpg,0,source_jpeg,served_image,200,image/jpeg,60410,237efa2dd5f1f8184a469cb8f1afa3578b8071019d16fb953ecdb91d93e60175,1,
LTMD_U1_W4_SOCIAL_SCIENCES_ASSET_AUDIT_0.1,H2008P2CI256,2008,2,EXPLORACIOÓN DE NATURALEZA Y LA SOCIEDAD,standard_x_js,H2008P2CI256,77,171,77,https://historico.conaliteg.gob.mx/c/H2008P2CI256/077.jpg,0,source_jpeg,served_image,200,image/jpeg,62348,2764755d6dc103a0a948f831bab4fa71f2d45f5261dabe18cc9a19a88e3c1991,1,
LTMD_U1_W4_SOCIAL_SCIENCES_ASSET_AUDIT_0.1,H2008P2CI256,2008,2,EXPLORACIOÓN DE NATURALEZA Y LA SOCIEDAD,standard_x_js,H2008P2CI256,78,171,78,https://historico.conaliteg.gob.mx/c/H2008P2CI256/078.jpg,0,source_jpeg,served_image,200,image/jpeg,51587,aeb48f1234da5fc037b6c81c8913b81a171dac3550127dd8dd0a9c81a1d7dbd3,1,
LTMD_U1_W4_SOCIAL_SCIENCES_ASSET_AUDIT_0.1,H2008P2CI256,2008,2,EXPLORACIOÓN DE NATURALEZA Y LA SOCIEDAD,standard_x_js,H2008P2CI256,79,171,79,https://historico.conaliteg.gob.mx/c/H2008P2CI256/079.jpg,0,source_jpeg,served_image,200,image/jpeg,48490,21720b4f893370b710d95e19c9c161cbd76d4977619bf7897901f49e8ad5ea00,1,
LTMD_U1_W4_SOCIAL_SCIENCES_ASSET_AUDIT_0.1,H2008P2CI256,2008,2,EXPLORACIOÓN DE NATURALEZA Y LA SOCIEDAD,standard_x_js,H2008P2CI256,80,171,80,https://historico.conaliteg.gob.mx/c/H2008P2CI256/080.jpg,0,source_jpeg,served_image,200,image/jpeg,67502,85e70fba3054e6dbde0f970124a5801fc46661f73d4f52bafb61c0cd37f12b98,1,
LTMD_U1_W4_SOCIAL_SCIENCES_ASSET_AUDIT_0.1,H2008P2CI256,2008,2,EXPLORACIOÓN DE NATURALEZA Y LA SOCIEDAD,standard_x_js,H2008P2CI256,81,171,81,https://historico.conaliteg.gob.mx/c/H2008P2CI256/081.jpg,0,source_jpeg,served_image,200,image/jpeg,56642,37419957f7ed56fade64b6861d47eb960de7db254cd5720691f30c27e5729eeb,1,
LTMD_U1_W4_SOCIAL_SCIENCES_ASSET_AUDIT_0.1,H2008P2CI256,2008,2,EXPLORACIOÓN DE NATURALEZA Y LA SOCIEDAD,standard_x_js,H2008P2CI256,82,171,82,https://historico.conaliteg.gob.mx/c/H2008P2CI256/082.jpg,0,source_jpeg,served_image,200,image/jpeg,53131,9b63e82ba5398b494931f1b996b35d009020a28672a5f241060fb430b5c16421,1,
LTMD_U1_W4_SOCIAL_SCIENCES_ASSET_AUDIT_0.1,H2008P2CI256,2008,2,EXPLORACIOÓN DE NATURALEZA Y LA SOCIEDAD,standard_x_js,H2008P2CI256,83,171,83,https://historico.conaliteg.gob.mx/c/H2008P2CI256/083.jpg,0,source_jpeg,served_image,200,image/jpeg,64098,e38782cc668332bcc0e409e7b123a44ca73fcbd664c9464408d2f3b90c0a257b,1,
LTMD_U1_W4_SOCIAL_SCIENCES_ASSET_AUDIT_0.1,H2008P2CI256,2008,2,EXPLORACIOÓN DE NATURALEZA Y LA SOCIEDAD,standard_x_js,H2008P2CI256,84,171,84,https://historico.conaliteg.gob.mx/c/H2008P2CI256/084.jpg,0,source_jpeg,served_image,200,image/jpeg,57373,9d51c78b7b476c25ba17cfd2a049902f65cd242efa5de90d88c46995ed5b838b,1,
LTMD_U1_W4_SOCIAL_SCIENCES_ASSET_AUDIT_0.1,H2008P2CI256,2008,2,EXPLORACIOÓN DE NATURALEZA Y LA SOCIEDAD,standard_x_js,H2008P2CI256,85,171,85,https://historico.conaliteg.gob.mx/c/H2008P2CI256/085.jpg,0,source_jpeg,served_image,200,image/jpeg,63109,6586d19b30bdac6e5d85aa3b4ca127d05192bd6a787af51d2ac6e011561c7f2a,1,
LTMD_U1_W4_SOCIAL_SCIENCES_ASSET_AUDIT_0.1,H2008P2CI256,2008,2,EXPLORACIOÓN DE NATURALEZA Y LA SOCIEDAD,standard_x_js,H2008P2CI256,86,171,86,https://historico.conaliteg.gob.mx/c/H2008P2CI256/086.jpg,0,source_jpeg,served_image,200,image/jpeg,54542,ff192b334f78792d2609ef3108b117336e8965741790b5944a9d165e807133b3,1,
LTMD_U1_W4_SOCIAL_SCIENCES_ASSET_AUDIT_0.1,H2008P2CI256,2008,2,EXPLORACIOÓN DE NATURALEZA Y LA SOCIEDAD,standard_x_js,H2008P2CI256,87,171,87,https://historico.conaliteg.gob.mx/c/H2008P2CI256/087.jpg,0,source_jpeg,served_image,200,image/jpeg,50319,8478526dae29c5e791f7580734d15c75e3c365d76da0d24f792f9c858fbe8734,1,
LTMD_U1_W4_SOCIAL_SCIENCES_ASSET_AUDIT_0.1,H2008P2CI256,2008,2,EXPLORACIOÓN DE NATURALEZA Y LA SOCIEDAD,standard_x_js,H2008P2CI256,88,171,88,https://historico.conaliteg.gob.mx/c/H2008P2CI256/088.jpg,0,source_jpeg,served_image,200,image/jpeg,57487,fdc4cc6b6c8890e6f7f835f98d20710d2c1daa0351f8063807060292e458db70,1,
LTMD_U1_W4_SOCIAL_SCIENCES_ASSET_AUDIT_0.1,H2008P2CI256,2008,2,EXPLORACIOÓN DE NATURALEZA Y LA SOCIEDAD,standard_x_js,H2008P2CI256,89,171,89,https://historico.conaliteg.gob.mx/c/H2008P2CI256/089.jpg,0,source_jpeg,served_image,200,image/jpeg,60046,eed0cda5d1e8d2fb0a2ae7e8469636fc587de90df31cbe641e2b74b770bcf141,1,
LTMD_U1_W4_SOCIAL_SCIENCES_ASSET_AUDIT_0.1,H2008P2CI256,2008,2,EXPLORACIOÓN DE NATURALEZA Y LA SOCIEDAD,standard_x_js,H2008P2CI256,90,171,90,https://historico.conaliteg.gob.mx/c/H2008P2CI256/090.jpg,0,source_jpeg,served_image,200,image/jpeg,62091,6118b242bd3e33b6dca57637e332af1188f57a86f503d151303c3752f6145e7e,1,
LTMD_U1_W4_SOCIAL_SCIENCES_ASSET_AUDIT_0.1,H2008P2CI256,2008,2,EXPLORACIOÓN DE NATURALEZA Y LA SOCIEDAD,standard_x_js,H2008P2CI256,91,171,91,https://historico.conaliteg.gob.mx/c/H2008P2CI256/091.jpg,0,source_jpeg,served_image,200,image/jpeg,54925,94167de84eef04a9d9552d348318693900e0218804c49174cdde300a1be9e46a,1,
LTMD_U1_W4_SOCIAL_SCIENCES_ASSET_AUDIT_0.1,H2008P2CI256,2008,2,EXPLORACIOÓN DE NATURALEZA Y LA SOCIEDAD,standard_x_js,H2008P2CI256,92,171,92,https://historico.conaliteg.gob.mx/c/H2008P2CI256/092.jpg,0,source_jpeg,served_image,200,image/jpeg,61726,35bd6117d2d426c295d5e09fcf31ec0c5987ecc0092c06f6718463b459ac7943,1,
LTMD_U1_W4_SOCIAL_SCIENCES_ASSET_AUDIT_0.1,H2008P2CI256,2008,2,EXPLORACIOÓN DE NATURALEZA Y LA SOCIEDAD,standard_x_js,H2008P2CI256,93,171,93,https://historico.conaliteg.gob.mx/c/H2008P2CI256/093.jpg,0,source_jpeg,served_image,200,image/jpeg,59448,0cb34c723e7e846d217d38620c16d1ab30ce0d184d595c166e79936349e177a8,1,
LTMD_U1_W4_SOCIAL_SCIENCES_ASSET_AUDIT_0.1,H2008P2CI256,2008,2,EXPLORACIOÓN DE NATURALEZA Y LA SOCIEDAD,standard_x_js,H2008P2CI256,94,171,94,https://historico.conaliteg.gob.mx/c/H2008P2CI256/094.jpg,0,source_jpeg,served_image,200,image/jpeg,54221,a8a765e0b11f17403522fbb25d5fc335207a8814f8e7cae2e073367dbb79d6db,1,
LTMD_U1_W4_SOCIAL_SCIENCES_ASSET_AUDIT_0.1,H2008P2CI256,2008,2,EXPLORACIOÓN DE NATURALEZA Y LA SOCIEDAD,standard_x_js,H2008P2CI256,95,171,95,https://historico.conaliteg.gob.mx/c/H2008P2CI256/095.jpg,0,source_jpeg,served_image,200,image/jpeg,53250,0e418a3d599e0bb9512a32d88ca62ecab47052c6840adc4aac64ba44206e913e,1,
LTMD_U1_W4_SOCIAL_SCIENCES_ASSET_AUDIT_0.1,H2008P2CI256,2008,2,EXPLORACIOÓN DE NATURALEZA Y LA SOCIEDAD,standard_x_js,H2008P2CI256,96,171,96,https://historico.conaliteg.gob.mx/c/H2008P2CI256/096.jpg,0,source_jpeg,served_image,200,image/jpeg,75038,7505834df4a97a157e08302ffdb86a5c56ddea8969359fba9e0b99e1ff7b0983,1,
LTMD_U1_W4_SOCIAL_SCIENCES_ASSET_AUDIT_0.1,H2008P2CI256,2008,2,EXPLORACIOÓN DE NATURALEZA Y LA SOCIEDAD,standard_x_js,H2008P2CI256,97,171,97,https://historico.conaliteg.gob.mx/c/H2008P2CI256/097.jpg,0,source_jpeg,served_image,200,image/jpeg,76354,1bdd8d9c9ae365bff1438c964312d8a2296fc341130e478d8bd9d904eb85581c,1,
LTMD_U1_W4_SOCIAL_SCIENCES_ASSET_AUDIT_0.1,H2008P2CI256,2008,2,EXPLORACIOÓN DE NATURALEZA Y LA SOCIEDAD,standard_x_js,H2008P2CI256,98,171,98,https://historico.conaliteg.gob.mx/c/H2008P2CI256/098.jpg,0,source_jpeg,served_image,200,image/jpeg,57610,e2801aa004a40104a8bb3b3925c1f9f9ce54252979398568f0fdef49f29d7be6,1,
LTMD_U1_W4_SOCIAL_SCIENCES_ASSET_AUDIT_0.1,H2008P2CI256,2008,2,EXPLORACIOÓN DE NATURALEZA Y LA SOCIEDAD,standard_x_js,H2008P2CI256,99,171,99,https://historico.conaliteg.gob.mx/c/H2008P2CI256/099.jpg,0,source_jpeg,served_image,200,image/jpeg,59962,f254af7187a18843dd558e4eeed12220beae22c4bdfa26b5356800254eb2dfd8,1,
LTMD_U1_W4_SOCIAL_SCIENCES_ASSET_AUDIT_0.1,H2008P2CI256,2008,2,EXPLORACIOÓN DE NATURALEZA Y LA SOCIEDAD,standard_x_js,H2008P2CI256,100,171,100,https://historico.conaliteg.gob.mx/c/H2008P2CI256/100.jpg,0,source_jpeg,served_image,200,image/jpeg,76843,57124975e531a6d43d54fbf2477c534798d468400745c71484cdb789ae6d2279,1,
LTMD_U1_W4_SOCIAL_SCIENCES_ASSET_AUDIT_0.1,H2008P2CI256,2008,2,EXPLORACIOÓN DE NATURALEZA Y LA SOCIEDAD,standard_x_js,H2008P2CI256,101,171,101,https://historico.conaliteg.gob.mx/c/H2008P2CI256/101.jpg,0,source_jpeg,served_image,200,image/jpeg,82007,c4a1d07e4269330150f58257ff7b64b8e66c9eb18ba341a9f36fab013d3335df,1,
LTMD_U1_W4_SOCIAL_SCIENCES_ASSET_AUDIT_0.1,H2008P2CI256,2008,2,EXPLORACIOÓN DE NATURALEZA Y LA SOCIEDAD,standard_x_js,H2008P2CI256,102,171,102,https://historico.conaliteg.gob.mx/c/H2008P2CI256/102.jpg,0,source_jpeg,served_image,200,image/jpeg,79013,a788fda2cf8706880c798784850f7aed3c5dd76e2aab86e32d5635a9532100c0,1,
LTMD_U1_W4_SOCIAL_SCIENCES_ASSET_AUDIT_0.1,H2008P2CI256,2008,2,EXPLORACIOÓN DE NATURALEZA Y LA SOCIEDAD,standard_x_js,H2008P2CI256,103,171,103,https://historico.conaliteg.gob.mx/c/H2008P2CI256/103.jpg,0,source_jpeg,served_image,200,image/jpeg,62320,9126a61790cab8d11a25268ca30079a4bdbea0967a35a36cf15f77c737deed34,1,
LTMD_U1_W4_SOCIAL_SCIENCES_ASSET_AUDIT_0.1,H2008P2CI256,2008,2,EXPLORACIOÓN DE NATURALEZA Y LA SOCIEDAD,standard_x_js,H2008P2CI256,104,171,104,https://historico.conaliteg.gob.mx/c/H2008P2CI256/104.jpg,0,source_jpeg,served_image,200,image/jpeg,57888,c681b0a4b959c107c9bc0b269d287d0ca2e888b8a159f20a49e5368e2d8b1628,1,
LTMD_U1_W4_SOCIAL_SCIENCES_ASSET_AUDIT_0.1,H2008P2CI256,2008,2,EXPLORACIOÓN DE NATURALEZA Y LA SOCIEDAD,standard_x_js,H2008P2CI256,105,171,105,https://historico.conaliteg.gob.mx/c/H2008P2CI256/105.jpg,0,source_jpeg,served_image,200,image/jpeg,65168,404aa9feeb4b2c7ce6f13a8ed578b808bc521c89321557776a21341550f19adf,1,
LTMD_U1_W4_SOCIAL_SCIENCES_ASSET_AUDIT_0.1,H2008P2CI256,2008,2,EXPLORACIOÓN DE NATURALEZA Y LA SOCIEDAD,standard_x_js,H2008P2CI256,106,171,106,https://historico.conaliteg.gob.mx/c/H2008P2CI256/106.jpg,0,source_jpeg,served_image,200,image/jpeg,68665,817e9b4f04ac6189dc85dcb76a7a461e8717ae128d6d910614cd9919bf3e7ce3,1,
LTMD_U1_W4_SOCIAL_SCIENCES_ASSET_AUDIT_0.1,H2008P2CI256,2008,2,EXPLORACIOÓN DE NATURALEZA Y LA SOCIEDAD,standard_x_js,H2008P2CI256,107,171,107,https://historico.conaliteg.gob.mx/c/H2008P2CI256/107.jpg,0,source_jpeg,served_image,200,image/jpeg,61855,885368fbb5b0f53337453cd886a3e81348130e3f4e6e17defba47ad977928f3a,1,
LTMD_U1_W4_SOCIAL_SCIENCES_ASSET_AUDIT_0.1,H2008P2CI256,2008,2,EXPLORACIOÓN DE NATURALEZA Y LA SOCIEDAD,standard_x_js,H2008P2CI256,108,171,108,https://historico.conaliteg.gob.mx/c/H2008P2CI256/108.jpg,0,source_jpeg,served_image,200,image/jpeg,60351,4c0cf7df0b2dcdfd58bdd3dc755e8c637b0141d25f4e2badda1b152aec717fb6,1,
LTMD_U1_W4_SOCIAL_SCIENCES_ASSET_AUDIT_0.1,H2008P2CI256,2008,2,EXPLORACIOÓN DE NATURALEZA Y LA SOCIEDAD,standard_x_js,H2008P2CI256,109,171,109,https://historico.conaliteg.gob.mx/c/H2008P2CI256/109.jpg,0,source_jpeg,served_image,200,image/jpeg,70301,cacf886df14354369bd205f296a2a15e43b1a392ea3c86f9eea1f965c47df83d,1,
LTMD_U1_W4_SOCIAL_SCIENCES_ASSET_AUDIT_0.1,H2008P2CI256,2008,2,EXPLORACIOÓN DE NATURALEZA Y LA SOCIEDAD,standard_x_js,H2008P2CI256,110,171,110,https://historico.conaliteg.gob.mx/c/H2008P2CI256/110.jpg,0,source_jpeg,served_image,200,image/jpeg,52526,81f19fa691299d0b58600ab51dee4b2ac3dc34e3e812c19b4cdab50641102cca,1,
LTMD_U1_W4_SOCIAL_SCIENCES_ASSET_AUDIT_0.1,H2008P2CI256,2008,2,EXPLORACIOÓN DE NATURALEZA Y LA SOCIEDAD,standard_x_js,H2008P2CI256,111,171,111,https://historico.conaliteg.gob.mx/c/H2008P2CI256/111.jpg,0,source_jpeg,served_image,200,image/jpeg,70577,55618fbc4fe0d68316c29c85a53d56027cd4f5d050a722768228910b8318a371,1,
LTMD_U1_W4_SOCIAL_SCIENCES_ASSET_AUDIT_0.1,H2008P2CI256,2008,2,EXPLORACIOÓN DE NATURALEZA Y LA SOCIEDAD,standard_x_js,H2008P2CI256,112,171,112,https://historico.conaliteg.gob.mx/c/H2008P2CI256/112.jpg,0,source_jpeg,served_image,200,image/jpeg,75016,d28bcd5b43b9956117f6d8fe0b2615a7ccca985c8cc2f61fcefc65e7bdfa5180,1,
LTMD_U1_W4_SOCIAL_SCIENCES_ASSET_AUDIT_0.1,H2008P2CI256,2008,2,EXPLORACIOÓN DE NATURALEZA Y LA SOCIEDAD,standard_x_js,H2008P2CI256,113,171,113,https://historico.conaliteg.gob.mx/c/H2008P2CI256/113.jpg,0,source_jpeg,served_image,200,image/jpeg,76884,1d0f267cdc38d8487544872bee3cba5863b1a34944c60382fb7f6b7a63b24204,1,
LTMD_U1_W4_SOCIAL_SCIENCES_ASSET_AUDIT_0.1,H2008P2CI256,2008,2,EXPLORACIOÓN DE NATURALEZA Y LA SOCIEDAD,standard_x_js,H2008P2CI256,114,171,114,https://historico.conaliteg.gob.mx/c/H2008P2CI256/114.jpg,0,source_jpeg,served_image,200,image/jpeg,88331,91181d8b2feece7fa9e1cdd739e26729a8c097227886e8c6a19817156ec9b533,1,
LTMD_U1_W4_SOCIAL_SCIENCES_ASSET_AUDIT_0.1,H2008P2CI256,2008,2,EXPLORACIOÓN DE NATURALEZA Y LA SOCIEDAD,standard_x_js,H2008P2CI256,115,171,115,https://historico.conaliteg.gob.mx/c/H2008P2CI256/115.jpg,0,source_jpeg,served_image,200,image/jpeg,88988,0ad15d1c2c2ad9a3c8ff15f7ac8a056d9f010116658a8bd1db963f66a4217780,1,
LTMD_U1_W4_SOCIAL_SCIENCES_ASSET_AUDIT_0.1,H2008P2CI256,2008,2,EXPLORACIOÓN DE NATURALEZA Y LA SOCIEDAD,standard_x_js,H2008P2CI256,116,171,116,https://historico.conaliteg.gob.mx/c/H2008P2CI256/116.jpg,0,source_jpeg,served_image,200,image/jpeg,68659,0d26500334d1fa38c2dd08b5f4526407553550d98b5957e7fb3df7a743f437a7,1,
LTMD_U1_W4_SOCIAL_SCIENCES_ASSET_AUDIT_0.1,H2008P2CI256,2008,2,EXPLORACIOÓN DE NATURALEZA Y LA SOCIEDAD,standard_x_js,H2008P2CI256,117,171,117,https://historico.conaliteg.gob.mx/c/H2008P2CI256/117.jpg,0,source_jpeg,served_image,200,image/jpeg,55694,bd3c549b0fb52a598bfe59d4040077adf26de00a26bb0b747cc6ae747e146573,1,
LTMD_U1_W4_SOCIAL_SCIENCES_ASSET_AUDIT_0.1,H2008P2CI256,2008,2,EXPLORACIOÓN DE NATURALEZA Y LA SOCIEDAD,standard_x_js,H2008P2CI256,118,171,118,https://historico.conaliteg.gob.mx/c/H2008P2CI256/118.jpg,0,source_jpeg,served_image,200,image/jpeg,69248,e484f989863da8f90bb419d0729082a5768dc02d50b0e98a1a930516251647c6,1,
LTMD_U1_W4_SOCIAL_SCIENCES_ASSET_AUDIT_0.1,H2008P2CI256,2008,2,EXPLORACIOÓN DE NATURALEZA Y LA SOCIEDAD,standard_x_js,H2008P2CI256,119,171,119,https://historico.conaliteg.gob.mx/c/H2008P2CI256/119.jpg,0,source_jpeg,served_image,200,image/jpeg,55612,8f1a7d35af57fb0acd4fd62b732f9586b6605b48babc06b40b94c706b8298c12,1,
LTMD_U1_W4_SOCIAL_SCIENCES_ASSET_AUDIT_0.1,H2008P2CI256,2008,2,EXPLORACIOÓN DE NATURALEZA Y LA SOCIEDAD,standard_x_js,H2008P2CI256,120,171,120,https://historico.conaliteg.gob.mx/c/H2008P2CI256/120.jpg,0,source_jpeg,served_image,200,image/jpeg,69202,3452edf835b0f9596e1d3cf3f7f9e3e365b02895d8d3194333ac5a8677bb764e,1,
LTMD_U1_W4_SOCIAL_SCIENCES_ASSET_AUDIT_0.1,H2008P2CI256,2008,2,EXPLORACIOÓN DE NATURALEZA Y LA SOCIEDAD,standard_x_js,H2008P2CI256,121,171,121,https://historico.conaliteg.gob.mx/c/H2008P2CI256/121.jpg,0,source_jpeg,served_image,200,image/jpeg,72987,8e2a13428d4b182ac758337e0569c3452ea1aea2b035e25f1dcee109345a5f0f,1,
LTMD_U1_W4_SOCIAL_SCIENCES_ASSET_AUDIT_0.1,H2008P2CI256,2008,2,EXPLORACIOÓN DE NATURALEZA Y LA SOCIEDAD,standard_x_js,H2008P2CI256,122,171,122,https://historico.conaliteg.gob.mx/c/H2008P2CI256/122.jpg,0,source_jpeg,served_image,200,image/jpeg,53655,fe186efd8739f2ed1be7f436970100cfe927428c3ab3e947dfbfb519f987e384,1,
LTMD_U1_W4_SOCIAL_SCIENCES_ASSET_AUDIT_0.1,H2008P2CI256,2008,2,EXPLORACIOÓN DE NATURALEZA Y LA SOCIEDAD,standard_x_js,H2008P2CI256,123,171,123,https://historico.conaliteg.gob.mx/c/H2008P2CI256/123.jpg,0,source_jpeg,served_image,200,image/jpeg,75302,0599e00de313637198c21d6aba13886ae5cedf7fa5dee38d7ad42e72d4d2a77f,1,
LTMD_U1_W4_SOCIAL_SCIENCES_ASSET_AUDIT_0.1,H2008P2CI256,2008,2,EXPLORACIOÓN DE NATURALEZA Y LA SOCIEDAD,standard_x_js,H2008P2CI256,124,171,124,https://historico.conaliteg.gob.mx/c/H2008P2CI256/124.jpg,0,source_jpeg,served_image,200,image/jpeg,56925,2c1918c21c89ad8ef0702fd6ec172fa248f984675bf1eb560e09dad215a28197,1,
LTMD_U1_W4_SOCIAL_SCIENCES_ASSET_AUDIT_0.1,H2008P2CI256,2008,2,EXPLORACIOÓN DE NATURALEZA Y LA SOCIEDAD,standard_x_js,H2008P2CI256,125,171,125,https://historico.conaliteg.gob.mx/c/H2008P2CI256/125.jpg,0,source_jpeg,served_image,200,image/jpeg,99242,ddee89aa01a30bbe8a34166cb9104d7b28d7ade7f05eeb40d75f3529d37b9c3f,1,
LTMD_U1_W4_SOCIAL_SCIENCES_ASSET_AUDIT_0.1,H2008P2CI256,2008,2,EXPLORACIOÓN DE NATURALEZA Y LA SOCIEDAD,standard_x_js,H2008P2CI256,126,171,126,https://historico.conaliteg.gob.mx/c/H2008P2CI256/126.jpg,0,source_jpeg,served_image,200,image/jpeg,52303,f9877fa55331878d20516e77c6626dd89eac9f4049cbcd375302d688ad3ac05d,1,
LTMD_U1_W4_SOCIAL_SCIENCES_ASSET_AUDIT_0.1,H2008P2CI256,2008,2,EXPLORACIOÓN DE NATURALEZA Y LA SOCIEDAD,standard_x_js,H2008P2CI256,127,171,127,https://historico.conaliteg.gob.mx/c/H2008P2CI256/127.jpg,0,source_jpeg,served_image,200,image/jpeg,66868,b8b898c84e95b453b5ae2a2c90598881bc0cc11bd628a31ccd78cf53d650dc8c,1,
LTMD_U1_W4_SOCIAL_SCIENCES_ASSET_AUDIT_0.1,H2008P2CI256,2008,2,EXPLORACIOÓN DE NATURALEZA Y LA SOCIEDAD,standard_x_js,H2008P2CI256,128,171,128,https://historico.conaliteg.gob.mx/c/H2008P2CI256/128.jpg,0,source_jpeg,served_image,200,image/jpeg,56889,55b770e4bc9724a30d268f2270cae8ec613d66826987fea51823f50ba1d05265,1,
LTMD_U1_W4_SOCIAL_SCIENCES_ASSET_AUDIT_0.1,H2008P2CI256,2008,2,EXPLORACIOÓN DE NATURALEZA Y LA SOCIEDAD,standard_x_js,H2008P2CI256,129,171,129,https://historico.conaliteg.gob.mx/c/H2008P2CI256/129.jpg,0,source_jpeg,served_image,200,image/jpeg,67530,e1ba3baec89ea8c29d466ed053781e580a4786b38c9986f3a953caf261ea393f,1,
LTMD_U1_W4_SOCIAL_SCIENCES_ASSET_AUDIT_0.1,H2008P2CI256,2008,2,EXPLORACIOÓN DE NATURALEZA Y LA SOCIEDAD,standard_x_js,H2008P2CI256,130,171,130,https://historico.conaliteg.gob.mx/c/H2008P2CI256/130.jpg,0,source_jpeg,served_image,200,image/jpeg,52541,b4b90bd827325ff958664c2c082aa07ed1a424d4246ae389487d5d865185cf0e,1,
LTMD_U1_W4_SOCIAL_SCIENCES_ASSET_AUDIT_0.1,H2008P2CI256,2008,2,EXPLORACIOÓN DE NATURALEZA Y LA SOCIEDAD,standard_x_js,H2008P2CI256,131,171,131,https://historico.conaliteg.gob.mx/c/H2008P2CI256/131.jpg,0,source_jpeg,served_image,200,image/jpeg,73735,e622f0a7bebf5e484868741ecfc51f7ba0d09f2391376488db9d915c2fb95ed7,1,
LTMD_U1_W4_SOCIAL_SCIENCES_ASSET_AUDIT_0.1,H2008P2CI256,2008,2,EXPLORACIOÓN DE NATURALEZA Y LA SOCIEDAD,standard_x_js,H2008P2CI256,132,171,132,https://historico.conaliteg.gob.mx/c/H2008P2CI256/132.jpg,0,source_jpeg,served_image,200,image/jpeg,54587,c7c8475a92f86240f23675949a79b6a3bbaef1a8d1725ef33799fdc4510598e1,1,
LTMD_U1_W4_SOCIAL_SCIENCES_ASSET_AUDIT_0.1,H2008P2CI256,2008,2,EXPLORACIOÓN DE NATURALEZA Y LA SOCIEDAD,standard_x_js,H2008P2CI256,133,171,133,https://historico.conaliteg.gob.mx/c/H2008P2CI256/133.jpg,0,source_jpeg,served_image,200,image/jpeg,62466,805ce0539bcc6dbb3c8273dc71bc477426bb7ba046e448db753f838320879ae2,1,
LTMD_U1_W4_SOCIAL_SCIENCES_ASSET_AUDIT_0.1,H2008P2CI256,2008,2,EXPLORACIOÓN DE NATURALEZA Y LA SOCIEDAD,standard_x_js,H2008P2CI256,134,171,134,https://historico.conaliteg.gob.mx/c/H2008P2CI256/134.jpg,0,source_jpeg,served_image,200,image/jpeg,55347,8e7bcdbb683a9791b67389dac9eb21d7311cf22d372b322c41d9f6a83a37eee0,1,
LTMD_U1_W4_SOCIAL_SCIENCES_ASSET_AUDIT_0.1,H2008P2CI256,2008,2,EXPLORACIOÓN DE NATURALEZA Y LA SOCIEDAD,standard_x_js,H2008P2CI256,135,171,135,https://historico.conaliteg.gob.mx/c/H2008P2CI256/135.jpg,0,source_jpeg,served_image,200,image/jpeg,49082,205911e0e654c7a2b0edb230eda7890764a06a540e5f8fa9414120aff7baed4f,1,
LTMD_U1_W4_SOCIAL_SCIENCES_ASSET_AUDIT_0.1,H2008P2CI256,2008,2,EXPLORACIOÓN DE NATURALEZA Y LA SOCIEDAD,standard_x_js,H2008P2CI256,136,171,136,https://historico.conaliteg.gob.mx/c/H2008P2CI256/136.jpg,0,source_jpeg,served_image,200,image/jpeg,54698,df5b901a5fcd76165da659ec7864979eb7cd9402c8173c139ab691f17c2f6cb5,1,
LTMD_U1_W4_SOCIAL_SCIENCES_ASSET_AUDIT_0.1,H2008P2CI256,2008,2,EXPLORACIOÓN DE NATURALEZA Y LA SOCIEDAD,standard_x_js,H2008P2CI256,137,171,137,https://historico.conaliteg.gob.mx/c/H2008P2CI256/137.jpg,0,source_jpeg,served_image,200,image/jpeg,60731,85c524b173d3099932b545508790c354b46f6dc3897bea4282a54eaf5e118d94,1,
LTMD_U1_W4_SOCIAL_SCIENCES_ASSET_AUDIT_0.1,H2008P2CI256,2008,2,EXPLORACIOÓN DE NATURALEZA Y LA SOCIEDAD,standard_x_js,H2008P2CI256,138,171,138,https://historico.conaliteg.gob.mx/c/H2008P2CI256/138.jpg,0,source_jpeg,served_image,200,image/jpeg,58125,4b65c68b07246f2b0548c29071abfb9a0db157f75b69062e0682fc6a322f74b6,1,
LTMD_U1_W4_SOCIAL_SCIENCES_ASSET_AUDIT_0.1,H2008P2CI256,2008,2,EXPLORACIOÓN DE NATURALEZA Y LA SOCIEDAD,standard_x_js,H2008P2CI256,139,171,139,https://historico.conaliteg.gob.mx/c/H2008P2CI256/139.jpg,0,source_jpeg,served_image,200,image/jpeg,75341,2694badfdcdd2b75cf2be9ee0aa87982eb41f34ee3a55ade081b4bbe95e8ce99,1,
LTMD_U1_W4_SOCIAL_SCIENCES_ASSET_AUDIT_0.1,H2008P2CI256,2008,2,EXPLORACIOÓN DE NATURALEZA Y LA SOCIEDAD,standard_x_js,H2008P2CI256,140,171,140,https://historico.conaliteg.gob.mx/c/H2008P2CI256/140.jpg,0,source_jpeg,served_image,200,image/jpeg,57245,0ef6ea8504b316ce1b5a3fcdefa51466535542150282bb9813f6ea12368e202f,1,
LTMD_U1_W4_SOCIAL_SCIENCES_ASSET_AUDIT_0.1,H2008P2CI256,2008,2,EXPLORACIOÓN DE NATURALEZA Y LA SOCIEDAD,standard_x_js,H2008P2CI256,141,171,141,https://historico.conaliteg.gob.mx/c/H2008P2CI256/141.jpg,0,source_jpeg,served_image,200,image/jpeg,80074,de9b81ba58b649781af90772121831756f152a21c5694c5602293dfc0fde1f05,1,
LTMD_U1_W4_SOCIAL_SCIENCES_ASSET_AUDIT_0.1,H2008P2CI256,2008,2,EXPLORACIOÓN DE NATURALEZA Y LA SOCIEDAD,standard_x_js,H2008P2CI256,142,171,142,https://historico.conaliteg.gob.mx/c/H2008P2CI256/142.jpg,0,source_jpeg,served_image,200,image/jpeg,55384,55444b1781216f243d88cabf540c491fbe62c8fb07bf63b88276892f3a569f53,1,
LTMD_U1_W4_SOCIAL_SCIENCES_ASSET_AUDIT_0.1,H2008P2CI256,2008,2,EXPLORACIOÓN DE NATURALEZA Y LA SOCIEDAD,standard_x_js,H2008P2CI256,143,171,143,https://historico.conaliteg.gob.mx/c/H2008P2CI256/143.jpg,0,source_jpeg,served_image,200,image/jpeg,58134,66b7639ef3f7ec3d49bf7caa39bc703c399d9f0e1e377ff9f76eb182237a6a3c,1,
LTMD_U1_W4_SOCIAL_SCIENCES_ASSET_AUDIT_0.1,H2008P2CI256,2008,2,EXPLORACIOÓN DE NATURALEZA Y LA SOCIEDAD,standard_x_js,H2008P2CI256,144,171,144,https://historico.conaliteg.gob.mx/c/H2008P2CI256/144.jpg,0,source_jpeg,served_image,200,image/jpeg,55103,151988c8695180375857cea60bbcb1a21577f00e1778d7802d2acf79a50d70ba,1,
LTMD_U1_W4_SOCIAL_SCIENCES_ASSET_AUDIT_0.1,H2008P2CI256,2008,2,EXPLORACIOÓN DE NATURALEZA Y LA SOCIEDAD,standard_x_js,H2008P2CI256,145,171,145,https://historico.conaliteg.gob.mx/c/H2008P2CI256/145.jpg,0,source_jpeg,served_image,200,image/jpeg,63965,bb801670ee10f6b499094d86a2ec0cdb2b258520ad746ead756d88bcaa3255f5,1,
LTMD_U1_W4_SOCIAL_SCIENCES_ASSET_AUDIT_0.1,H2008P2CI256,2008,2,EXPLORACIOÓN DE NATURALEZA Y LA SOCIEDAD,standard_x_js,H2008P2CI256,146,171,146,https://historico.conaliteg.gob.mx/c/H2008P2CI256/146.jpg,0,source_jpeg,served_image,200,image/jpeg,53247,09b6c77f5c1d16d88a93665e23ba42b72364d53fa588c867b17a342d28836b6f,1,
LTMD_U1_W4_SOCIAL_SCIENCES_ASSET_AUDIT_0.1,H2008P2CI256,2008,2,EXPLORACIOÓN DE NATURALEZA Y LA SOCIEDAD,standard_x_js,H2008P2CI256,147,171,147,https://historico.conaliteg.gob.mx/c/H2008P2CI256/147.jpg,0,source_jpeg,served_image,200,image/jpeg,56012,2e25547942bb289aad6844c575acda9c7920727f4468be26f0ed297f2dd5a622,1,
LTMD_U1_W4_SOCIAL_SCIENCES_ASSET_AUDIT_0.1,H2008P2CI256,2008,2,EXPLORACIOÓN DE NATURALEZA Y LA SOCIEDAD,standard_x_js,H2008P2CI256,148,171,148,https://historico.conaliteg.gob.mx/c/H2008P2CI256/148.jpg,0,source_jpeg,served_image,200,image/jpeg,54546,520b02a66dc7abbdd65674d42327e898ee9dd83ab201eec6bfbaee29ec628569,1,
LTMD_U1_W4_SOCIAL_SCIENCES_ASSET_AUDIT_0.1,H2008P2CI256,2008,2,EXPLORACIOÓN DE NATURALEZA Y LA SOCIEDAD,standard_x_js,H2008P2CI256,149,171,149,https://historico.conaliteg.gob.mx/c/H2008P2CI256/149.jpg,0,source_jpeg,served_image,200,image/jpeg,56991,654fd891f81a7c8233ddbad1a04e5275e94d1504ab64fa7ab7049acbefb2170d,1,
LTMD_U1_W4_SOCIAL_SCIENCES_ASSET_AUDIT_0.1,H2008P2CI256,2008,2,EXPLORACIOÓN DE NATURALEZA Y LA SOCIEDAD,standard_x_js,H2008P2CI256,150,171,150,https://historico.conaliteg.gob.mx/c/H2008P2CI256/150.jpg,0,source_jpeg,served_image,200,image/jpeg,54389,77490fb9aefe0d548d31a7d8d71f5f1f1ac6f9acfe39f19b12512903930146c6,1,
LTMD_U1_W4_SOCIAL_SCIENCES_ASSET_AUDIT_0.1,H2008P2CI256,2008,2,EXPLORACIOÓN DE NATURALEZA Y LA SOCIEDAD,standard_x_js,H2008P2CI256,151,171,151,https://historico.conaliteg.gob.mx/c/H2008P2CI256/151.jpg,0,source_jpeg,served_image,200,image/jpeg,66945,8ae125515c4867f0e34f4eefee07aaec072a5156b93bc84af339f4f75ba4baea,1,
LTMD_U1_W4_SOCIAL_SCIENCES_ASSET_AUDIT_0.1,H2008P2CI256,2008,2,EXPLORACIOÓN DE NATURALEZA Y LA SOCIEDAD,standard_x_js,H2008P2CI256,152,171,152,https://historico.conaliteg.gob.mx/c/H2008P2CI256/152.jpg,0,source_jpeg,served_image,200,image/jpeg,56006,7a8810d212a46932902642f31a046bca739ee797070ed63172869cbb2bb7c822,1,
LTMD_U1_W4_SOCIAL_SCIENCES_ASSET_AUDIT_0.1,H2008P2CI256,2008,2,EXPLORACIOÓN DE NATURALEZA Y LA SOCIEDAD,standard_x_js,H2008P2CI256,153,171,153,https://historico.conaliteg.gob.mx/c/H2008P2CI256/153.jpg,0,source_jpeg,served_image,200,image/jpeg,63483,c53010ff0a19b6cd499a7482c5e5131d30d4b7c028ac4955b7e3818099fbb097,1,
LTMD_U1_W4_SOCIAL_SCIENCES_ASSET_AUDIT_0.1,H2008P2CI256,2008,2,EXPLORACIOÓN DE NATURALEZA Y LA SOCIEDAD,standard_x_js,H2008P2CI256,154,171,154,https://historico.conaliteg.gob.mx/c/H2008P2CI256/154.jpg,0,source_jpeg,served_image,200,image/jpeg,56928,95b9d8e530336fa411fa7d79d7dd120b6e51e968b4157c375cba4b2a80ff7b57,1,
LTMD_U1_W4_SOCIAL_SCIENCES_ASSET_AUDIT_0.1,H2008P2CI256,2008,2,EXPLORACIOÓN DE NATURALEZA Y LA SOCIEDAD,standard_x_js,H2008P2CI256,155,171,155,https://historico.conaliteg.gob.mx/c/H2008P2CI256/155.jpg,0,source_jpeg,served_image,200,image/jpeg,60698,dbefaf663cf3bc100aa0f500f9c8b01e20b748185b20ab7b59da521737b6618b,1,
LTMD_U1_W4_SOCIAL_SCIENCES_ASSET_AUDIT_0.1,H2008P2CI256,2008,2,EXPLORACIOÓN DE NATURALEZA Y LA SOCIEDAD,standard_x_js,H2008P2CI256,156,171,156,https://historico.conaliteg.gob.mx/c/H2008P2CI256/156.jpg,0,source_jpeg,served_image,200,image/jpeg,59812,e1c1d431e8093769a5de451d47e2811c9b048df044cb535d766e55b9c8ed7bb9,1,
LTMD_U1_W4_SOCIAL_SCIENCES_ASSET_AUDIT_0.1,H2008P2CI256,2008,2,EXPLORACIOÓN DE NATURALEZA Y LA SOCIEDAD,standard_x_js,H2008P2CI256,157,171,157,https://historico.conaliteg.gob.mx/c/H2008P2CI256/157.jpg,0,source_jpeg,served_image,200,image/jpeg,72201,4bacfdd1c359a37bf312f4484b838e146d080d89aedce193cf2dbd4f0965efca,1,
LTMD_U1_W4_SOCIAL_SCIENCES_ASSET_AUDIT_0.1,H2008P2CI256,2008,2,EXPLORACIOÓN DE NATURALEZA Y LA SOCIEDAD,standard_x_js,H2008P2CI256,158,171,158,https://historico.conaliteg.gob.mx/c/H2008P2CI256/158.jpg,0,source_jpeg,served_image,200,image/jpeg,61071,2792c6c37dfd8b73b4f6b3b8a5b64520da477c086d81da75c9f7507d028a5243,1,
LTMD_U1_W4_SOCIAL_SCIENCES_ASSET_AUDIT_0.1,H2008P2CI256,2008,2,EXPLORACIOÓN DE NATURALEZA Y LA SOCIEDAD,standard_x_js,H2008P2CI256,159,171,159,https://historico.conaliteg.gob.mx/c/H2008P2CI256/159.jpg,0,source_jpeg,served_image,200,image/jpeg,72595,43516684a146860f227ff78a76e6cc71df0d682f0f4ab2c4f4c84fc3c18dbbf7,1,
LTMD_U1_W4_SOCIAL_SCIENCES_ASSET_AUDIT_0.1,H2008P2CI256,2008,2,EXPLORACIOÓN DE NATURALEZA Y LA SOCIEDAD,standard_x_js,H2008P2CI256,160,171,160,https://historico.conaliteg.gob.mx/c/H2008P2CI256/160.jpg,0,source_jpeg,served_image,200,image/jpeg,59667,7976a8fd3b34a58b8e6bc34de5ef468497accf26b213a074d710ee63859243e0,1,
LTMD_U1_W4_SOCIAL_SCIENCES_ASSET_AUDIT_0.1,H2008P2CI256,2008,2,EXPLORACIOÓN DE NATURALEZA Y LA SOCIEDAD,standard_x_js,H2008P2CI256,161,171,161,https://historico.conaliteg.gob.mx/c/H2008P2CI256/161.jpg,0,source_jpeg,served_image,200,image/jpeg,63237,d82bc93303a1e2a50c8b8023a02932b032317bcde1911e49394dc320bcbfcf9f,1,
LTMD_U1_W4_SOCIAL_SCIENCES_ASSET_AUDIT_0.1,H2008P2CI256,2008,2,EXPLORACIOÓN DE NATURALEZA Y LA SOCIEDAD,standard_x_js,H2008P2CI256,162,171,162,https://historico.conaliteg.gob.mx/c/H2008P2CI256/162.jpg,0,source_jpeg,served_image,200,image/jpeg,46617,41085dde42128b0501868ad7f653d792258a6f7b0208c57e19882ed9d4991f67,1,
LTMD_U1_W4_SOCIAL_SCIENCES_ASSET_AUDIT_0.1,H2008P2CI256,2008,2,EXPLORACIOÓN DE NATURALEZA Y LA SOCIEDAD,standard_x_js,H2008P2CI256,163,171,163,https://historico.conaliteg.gob.mx/c/H2008P2CI256/163.jpg,0,source_jpeg,served_image,200,image/jpeg,49061,0d744f59c48d4b8883647a8fff4f353d947bc50ee6466cb3b23da4aa64090650,1,
LTMD_U1_W4_SOCIAL_SCIENCES_ASSET_AUDIT_0.1,H2008P2CI256,2008,2,EXPLORACIOÓN DE NATURALEZA Y LA SOCIEDAD,standard_x_js,H2008P2CI256,164,171,164,https://historico.conaliteg.gob.mx/c/H2008P2CI256/164.jpg,0,source_jpeg,served_image,200,image/jpeg,57484,f0d24b6a7423b12b4331bd1123e7db30f8f3cea09f6bb0c900cdaad2c9e51290,1,
LTMD_U1_W4_SOCIAL_SCIENCES_ASSET_AUDIT_0.1,H2008P2CI256,2008,2,EXPLORACIOÓN DE NATURALEZA Y LA SOCIEDAD,standard_x_js,H2008P2CI256,165,171,165,https://historico.conaliteg.gob.mx/c/H2008P2CI256/165.jpg,0,source_jpeg,served_image,200,image/jpeg,49780,ca39743a9438cca433ec2fe678c6e593829e83bae0ef5e662c3e497a0364d697,1,
LTMD_U1_W4_SOCIAL_SCIENCES_ASSET_AUDIT_0.1,H2008P2CI256,2008,2,EXPLORACIOÓN DE NATURALEZA Y LA SOCIEDAD,standard_x_js,H2008P2CI256,166,171,166,https://historico.conaliteg.gob.mx/c/H2008P2CI256/166.jpg,0,source_jpeg,served_image,200,image/jpeg,55275,a690a70921f4cb3b0e7303d825f3d614ab9651b06f28614b213d038c4cb62bca,1,
LTMD_U1_W4_SOCIAL_SCIENCES_ASSET_AUDIT_0.1,H2008P2CI256,2008,2,EXPLORACIOÓN DE NATURALEZA Y LA SOCIEDAD,standard_x_js,H2008P2CI256,167,171,167,https://historico.conaliteg.gob.mx/c/H2008P2CI256/167.jpg,0,source_jpeg,served_image,200,image/jpeg,49100,8e178f0dd7d05275e7366b7eb7673c43529d55e81cfd616b88869b8e858b3520,1,
LTMD_U1_W4_SOCIAL_SCIENCES_ASSET_AUDIT_0.1,H2008P2CI256,2008,2,EXPLORACIOÓN DE NATURALEZA Y LA SOCIEDAD,standard_x_js,H2008P2CI256,168,171,168,https://historico.conaliteg.gob.mx/c/H2008P2CI256/168.jpg,0,source_jpeg,served_image,200,image/jpeg,34447,1f5749801e9d5309f6c53991b30fc09d552ccbe76c6b59b842700f0519666055,1,
LTMD_U1_W4_SOCIAL_SCIENCES_ASSET_AUDIT_0.1,H2008P2CI256,2008,2,EXPLORACIOÓN DE NATURALEZA Y LA SOCIEDAD,standard_x_js,H2008P2CI256,169,171,169,https://historico.conaliteg.gob.mx/c/H2008P2CI256/169.jpg,0,source_jpeg,served_image,200,image/jpeg,41118,5976091735d03bcabce5db8791c991838333b0fed773b37c257ee5f839b5524e,1,
LTMD_U1_W4_SOCIAL_SCIENCES_ASSET_AUDIT_0.1,H2008P2CI256,2008,2,EXPLORACIOÓN DE NATURALEZA Y LA SOCIEDAD,standard_x_js,H2008P2CI256,170,171,170,https://historico.conaliteg.gob.mx/c/H2008P2CI256/170.jpg,0,source_jpeg,served_image,200,image/jpeg,160499,58e783e31e6789f786c89c3930cbae362a0935c88411c4c4af669d9d9e486866,1,
LTMD_U1_W4_SOCIAL_SCIENCES_ASSET_AUDIT_0.1,H2008P2CI256,2008,2,EXPLORACIOÓN DE NATURALEZA Y LA SOCIEDAD,standard_x_js,H2008P2CI256,171,171,171,https://historico.conaliteg.gob.mx/c/H2008P2CI256/171.jpg,1,terminal_synthetic_candidate,http_404,404,text/html; charset=iso-8859-1,,,1,HTTP 404
