page_id,book_id,catalog_generation,grade,viewer_page,selected_psm,recognized_words,mean_word_confidence,low_confidence_word_rate,ocr_class,front_matter_score,toc_navigation_score,bibliography_credits_score,primary_structure,classification_certainty,classification_rule,evidence_flags,classifier_version
LTMD-CN1-G1972-VP001,LTMD-CN1-G1972,1972,1,1,3,2,95.95,0.0000,text_detected,0,0,0,unknown,low,CONSERVATIVE_UNKNOWN,front_zone,PAGESTRUCT_CN_WAVE2_0.1
LTMD-CN1-G1972-VP002,LTMD-CN1-G1972,1972,1,2,3,301,92.38,0.0266,text_detected,0,0,2,bibliography_or_credits,high,KW_BIBLIO_CREDITS,front_zone;text_rich;biblio_credit_kw,PAGESTRUCT_CN_WAVE2_0.1
LTMD-CN1-G1972-VP003,LTMD-CN1-G1972,1972,1,3,3,37,70.66,0.2973,text_detected,0,0,0,mixed_text_image,medium,OCR_MODERATE_TEXT,front_zone;text_present,PAGESTRUCT_CN_WAVE2_0.1
LTMD-CN1-G1972-VP004,LTMD-CN1-G1972,1972,1,4,3,4,92.57,0.0000,text_detected,0,0,0,mixed_text_image,low,OCR_SPARSE_HIGH_CONF,front_zone,PAGESTRUCT_CN_WAVE2_0.1
LTMD-CN1-G1972-VP005,LTMD-CN1-G1972,1972,1,5,3,7,69.20,0.4286,text_detected,0,0,0,unknown,low,CONSERVATIVE_UNKNOWN,front_zone,PAGESTRUCT_CN_WAVE2_0.1
LTMD-CN1-G1972-VP006,LTMD-CN1-G1972,1972,1,6,6,50,26.68,0.9600,text_detected,0,0,0,visual_only,high,OCR_VISUAL_NOISE,front_zone;fallback_psm;visual_noise,PAGESTRUCT_CN_WAVE2_0.1
LTMD-CN1-G1972-VP007,LTMD-CN1-G1972,1972,1,7,3,9,76.16,0.2222,text_detected,0,0,0,mixed_text_image,low,OCR_SPARSE_HIGH_CONF,front_zone,PAGESTRUCT_CN_WAVE2_0.1
LTMD-CN1-G1972-VP008,LTMD-CN1-G1972,1972,1,8,3,8,90.87,0.0000,text_detected,0,0,0,mixed_text_image,low,OCR_SPARSE_HIGH_CONF,front_zone,PAGESTRUCT_CN_WAVE2_0.1
LTMD-CN1-G1972-VP009,LTMD-CN1-G1972,1972,1,9,6,24,35.20,0.8333,text_detected,0,0,0,visual_only,high,OCR_VISUAL_NOISE,front_zone;fallback_psm;visual_noise,PAGESTRUCT_CN_WAVE2_0.1
LTMD-CN1-G1972-VP010,LTMD-CN1-G1972,1972,1,10,11,15,46.99,0.6000,text_detected,0,0,0,unknown,low,CONSERVATIVE_UNKNOWN,front_zone;fallback_psm,PAGESTRUCT_CN_WAVE2_0.1
LTMD-CN1-G1972-VP011,LTMD-CN1-G1972,1972,1,11,3,7,59.13,0.5714,text_detected,0,0,0,unknown,low,CONSERVATIVE_UNKNOWN,front_zone,PAGESTRUCT_CN_WAVE2_0.1
LTMD-CN1-G1972-VP012,LTMD-CN1-G1972,1972,1,12,11,12,63.37,0.3333,text_detected,0,0,0,unknown,low,CONSERVATIVE_UNKNOWN,front_zone;fallback_psm,PAGESTRUCT_CN_WAVE2_0.1
LTMD-CN1-G1972-VP013,LTMD-CN1-G1972,1972,1,13,3,1,75.15,0.0000,text_detected,0,0,0,unknown,low,CONSERVATIVE_UNKNOWN,front_zone,PAGESTRUCT_CN_WAVE2_0.1
LTMD-CN1-G1972-VP014,LTMD-CN1-G1972,1972,1,14,3,5,90.89,0.0000,text_detected,0,0,0,mixed_text_image,low,OCR_SPARSE_HIGH_CONF,front_zone,PAGESTRUCT_CN_WAVE2_0.1
LTMD-CN1-G1972-VP015,LTMD-CN1-G1972,1972,1,15,6,53,41.12,0.7736,text_detected,0,0,0,visual_only,medium,OCR_VISUAL_NOISE,front_zone;fallback_psm;visual_noise,PAGESTRUCT_CN_WAVE2_0.1
LTMD-CN1-G1972-VP016,LTMD-CN1-G1972,1972,1,16,11,7,33.07,0.8571,text_detected,0,0,0,visual_only,high,OCR_VISUAL_NOISE,front_zone;fallback_psm;visual_noise,PAGESTRUCT_CN_WAVE2_0.1
LTMD-CN1-G1972-VP017,LTMD-CN1-G1972,1972,1,17,3,1,28.33,1.0000,text_detected,,,,visual_only,medium,OCR_VISUAL_NOISE,visual_noise,PAGESTRUCT_CN_WAVE2_0.1
LTMD-CN1-G1972-VP018,LTMD-CN1-G1972,1972,1,18,6,14,39.61,0.7857,text_detected,,,,visual_only,medium,OCR_VISUAL_NOISE,fallback_psm;visual_noise,PAGESTRUCT_CN_WAVE2_0.1
LTMD-CN1-G1972-VP019,LTMD-CN1-G1972,1972,1,19,3,12,79.24,0.2500,text_detected,,,,mixed_text_image,low,OCR_SPARSE_HIGH_CONF,,PAGESTRUCT_CN_WAVE2_0.1
LTMD-CN1-G1972-VP020,LTMD-CN1-G1972,1972,1,20,3,5,92.09,0.0000,text_detected,,,,mixed_text_image,low,OCR_SPARSE_HIGH_CONF,,PAGESTRUCT_CN_WAVE2_0.1
LTMD-CN1-G1972-VP021,LTMD-CN1-G1972,1972,1,21,6,9,36.74,0.6667,text_detected,,,,visual_only,medium,OCR_VISUAL_NOISE,fallback_psm;visual_noise,PAGESTRUCT_CN_WAVE2_0.1
LTMD-CN1-G1972-VP022,LTMD-CN1-G1972,1972,1,22,3,6,94.31,0.0000,text_detected,,,,mixed_text_image,low,OCR_SPARSE_HIGH_CONF,,PAGESTRUCT_CN_WAVE2_0.1
LTMD-CN1-G1972-VP023,LTMD-CN1-G1972,1972,1,23,3,5,87.62,0.0000,text_detected,,,,mixed_text_image,low,OCR_SPARSE_HIGH_CONF,,PAGESTRUCT_CN_WAVE2_0.1
LTMD-CN1-G1972-VP024,LTMD-CN1-G1972,1972,1,24,3,5,95.70,0.0000,text_detected,,,,mixed_text_image,low,OCR_SPARSE_HIGH_CONF,,PAGESTRUCT_CN_WAVE2_0.1
LTMD-CN1-G1972-VP025,LTMD-CN1-G1972,1972,1,25,3,9,92.68,0.0000,text_detected,,,,mixed_text_image,low,OCR_SPARSE_HIGH_CONF,,PAGESTRUCT_CN_WAVE2_0.1
LTMD-CN1-G1972-VP026,LTMD-CN1-G1972,1972,1,26,3,4,90.01,0.0000,text_detected,,,,mixed_text_image,low,OCR_SPARSE_HIGH_CONF,,PAGESTRUCT_CN_WAVE2_0.1
LTMD-CN1-G1972-VP027,LTMD-CN1-G1972,1972,1,27,3,3,92.31,0.0000,text_detected,,,,unknown,low,CONSERVATIVE_UNKNOWN,,PAGESTRUCT_CN_WAVE2_0.1
LTMD-CN1-G1972-VP028,LTMD-CN1-G1972,1972,1,28,3,5,92.39,0.0000,text_detected,,,,mixed_text_image,low,OCR_SPARSE_HIGH_CONF,,PAGESTRUCT_CN_WAVE2_0.1
LTMD-CN1-G1972-VP029,LTMD-CN1-G1972,1972,1,29,3,12,91.57,0.0000,text_detected,,,,mixed_text_image,low,OCR_SPARSE_HIGH_CONF,,PAGESTRUCT_CN_WAVE2_0.1
LTMD-CN1-G1972-VP030,LTMD-CN1-G1972,1972,1,30,3,24,91.60,0.0417,text_detected,,,,mixed_text_image,medium,OCR_MODERATE_TEXT,text_present,PAGESTRUCT_CN_WAVE2_0.1
LTMD-CN1-G1972-VP031,LTMD-CN1-G1972,1972,1,31,3,25,92.09,0.0000,text_detected,,,,mixed_text_image,medium,OCR_MODERATE_TEXT,text_present,PAGESTRUCT_CN_WAVE2_0.1
LTMD-CN1-G1972-VP032,LTMD-CN1-G1972,1972,1,32,3,42,85.10,0.1190,text_detected,,,,mixed_text_image,medium,OCR_MODERATE_TEXT,text_present,PAGESTRUCT_CN_WAVE2_0.1
LTMD-CN1-G1972-VP033,LTMD-CN1-G1972,1972,1,33,6,174,29.08,0.9425,text_detected,,,,visual_only,high,OCR_VISUAL_NOISE,fallback_psm;visual_noise,PAGESTRUCT_CN_WAVE2_0.1
LTMD-CN1-G1972-VP034,LTMD-CN1-G1972,1972,1,34,3,29,72.92,0.2414,text_detected,,,,mixed_text_image,medium,OCR_MODERATE_TEXT,text_present,PAGESTRUCT_CN_WAVE2_0.1
LTMD-CN1-G1972-VP035,LTMD-CN1-G1972,1972,1,35,3,5,84.34,0.2000,text_detected,,,,mixed_text_image,low,OCR_SPARSE_HIGH_CONF,,PAGESTRUCT_CN_WAVE2_0.1
LTMD-CN1-G1972-VP036,LTMD-CN1-G1972,1972,1,36,3,5,96.61,0.0000,text_detected,,,,mixed_text_image,low,OCR_SPARSE_HIGH_CONF,,PAGESTRUCT_CN_WAVE2_0.1
LTMD-CN1-G1972-VP037,LTMD-CN1-G1972,1972,1,37,3,26,87.52,0.0385,text_detected,,,,mixed_text_image,medium,OCR_MODERATE_TEXT,text_present,PAGESTRUCT_CN_WAVE2_0.1
LTMD-CN1-G1972-VP038,LTMD-CN1-G1972,1972,1,38,3,10,85.28,0.1000,text_detected,,,,mixed_text_image,low,OCR_SPARSE_HIGH_CONF,,PAGESTRUCT_CN_WAVE2_0.1
LTMD-CN1-G1972-VP039,LTMD-CN1-G1972,1972,1,39,6,60,28.44,0.8833,text_detected,,,,visual_only,high,OCR_VISUAL_NOISE,fallback_psm;visual_noise,PAGESTRUCT_CN_WAVE2_0.1
LTMD-CN1-G1972-VP040,LTMD-CN1-G1972,1972,1,40,3,5,90.52,0.0000,text_detected,,,,mixed_text_image,low,OCR_SPARSE_HIGH_CONF,,PAGESTRUCT_CN_WAVE2_0.1
LTMD-CN1-G1972-VP041,LTMD-CN1-G1972,1972,1,41,6,28,31.43,0.8929,text_detected,,,,visual_only,high,OCR_VISUAL_NOISE,fallback_psm;visual_noise,PAGESTRUCT_CN_WAVE2_0.1
LTMD-CN1-G1972-VP042,LTMD-CN1-G1972,1972,1,42,3,6,80.11,0.1667,text_detected,,,,mixed_text_image,low,OCR_SPARSE_HIGH_CONF,,PAGESTRUCT_CN_WAVE2_0.1
LTMD-CN1-G1972-VP043,LTMD-CN1-G1972,1972,1,43,11,25,30.09,0.9200,text_detected,,,,visual_only,high,OCR_VISUAL_NOISE,fallback_psm;visual_noise,PAGESTRUCT_CN_WAVE2_0.1
LTMD-CN1-G1972-VP044,LTMD-CN1-G1972,1972,1,44,3,8,82.09,0.1250,text_detected,,,,mixed_text_image,low,OCR_SPARSE_HIGH_CONF,,PAGESTRUCT_CN_WAVE2_0.1
LTMD-CN1-G1972-VP045,LTMD-CN1-G1972,1972,1,45,3,11,79.77,0.0909,text_detected,,,,mixed_text_image,low,OCR_SPARSE_HIGH_CONF,,PAGESTRUCT_CN_WAVE2_0.1
LTMD-CN1-G1972-VP046,LTMD-CN1-G1972,1972,1,46,3,7,81.10,0.1429,text_detected,,,,mixed_text_image,low,OCR_SPARSE_HIGH_CONF,,PAGESTRUCT_CN_WAVE2_0.1
LTMD-CN1-G1972-VP047,LTMD-CN1-G1972,1972,1,47,3,15,88.02,0.0667,text_detected,,,,mixed_text_image,low,OCR_SPARSE_HIGH_CONF,,PAGESTRUCT_CN_WAVE2_0.1
LTMD-CN1-G1972-VP048,LTMD-CN1-G1972,1972,1,48,3,12,92.00,0.0000,text_detected,,,,mixed_text_image,low,OCR_SPARSE_HIGH_CONF,,PAGESTRUCT_CN_WAVE2_0.1
LTMD-CN1-G1972-VP049,LTMD-CN1-G1972,1972,1,49,3,1,91.86,0.0000,text_detected,,,,unknown,low,CONSERVATIVE_UNKNOWN,,PAGESTRUCT_CN_WAVE2_0.1
LTMD-CN1-G1972-VP050,LTMD-CN1-G1972,1972,1,50,3,32,45.31,0.7188,text_detected,,,,unknown,low,CONSERVATIVE_UNKNOWN,,PAGESTRUCT_CN_WAVE2_0.1
LTMD-CN1-G1972-VP051,LTMD-CN1-G1972,1972,1,51,3,6,84.39,0.1667,text_detected,,,,mixed_text_image,low,OCR_SPARSE_HIGH_CONF,,PAGESTRUCT_CN_WAVE2_0.1
LTMD-CN1-G1972-VP052,LTMD-CN1-G1972,1972,1,52,3,27,90.31,0.0000,text_detected,,,,mixed_text_image,medium,OCR_MODERATE_TEXT,text_present,PAGESTRUCT_CN_WAVE2_0.1
LTMD-CN1-G1972-VP053,LTMD-CN1-G1972,1972,1,53,3,7,83.26,0.0000,text_detected,,,,mixed_text_image,low,OCR_SPARSE_HIGH_CONF,,PAGESTRUCT_CN_WAVE2_0.1
LTMD-CN1-G1972-VP054,LTMD-CN1-G1972,1972,1,54,3,18,94.27,0.0000,text_detected,,,,mixed_text_image,low,OCR_SPARSE_HIGH_CONF,,PAGESTRUCT_CN_WAVE2_0.1
LTMD-CN1-G1972-VP055,LTMD-CN1-G1972,1972,1,55,3,13,93.64,0.0000,text_detected,,,,mixed_text_image,low,OCR_SPARSE_HIGH_CONF,,PAGESTRUCT_CN_WAVE2_0.1
LTMD-CN1-G1972-VP056,LTMD-CN1-G1972,1972,1,56,3,21,62.88,0.3810,text_detected,,,,mixed_text_image,medium,OCR_MODERATE_TEXT,text_present,PAGESTRUCT_CN_WAVE2_0.1
LTMD-CN1-G1972-VP057,LTMD-CN1-G1972,1972,1,57,3,1,94.61,0.0000,text_detected,,,,unknown,low,CONSERVATIVE_UNKNOWN,,PAGESTRUCT_CN_WAVE2_0.1
LTMD-CN1-G1972-VP058,LTMD-CN1-G1972,1972,1,58,3,6,95.10,0.0000,text_detected,,,,mixed_text_image,low,OCR_SPARSE_HIGH_CONF,,PAGESTRUCT_CN_WAVE2_0.1
LTMD-CN1-G1972-VP059,LTMD-CN1-G1972,1972,1,59,6,22,43.81,0.8182,text_detected,,,,visual_only,high,OCR_VISUAL_NOISE,fallback_psm;visual_noise,PAGESTRUCT_CN_WAVE2_0.1
LTMD-CN1-G1972-VP060,LTMD-CN1-G1972,1972,1,60,3,1,85.51,0.0000,text_detected,,,,unknown,low,CONSERVATIVE_UNKNOWN,,PAGESTRUCT_CN_WAVE2_0.1
LTMD-CN1-G1972-VP061,LTMD-CN1-G1972,1972,1,61,3,12,60.94,0.5000,text_detected,,,,unknown,low,CONSERVATIVE_UNKNOWN,,PAGESTRUCT_CN_WAVE2_0.1
LTMD-CN1-G1972-VP062,LTMD-CN1-G1972,1972,1,62,3,6,93.11,0.0000,text_detected,,,,mixed_text_image,low,OCR_SPARSE_HIGH_CONF,,PAGESTRUCT_CN_WAVE2_0.1
LTMD-CN1-G1972-VP063,LTMD-CN1-G1972,1972,1,63,3,11,95.14,0.0000,text_detected,,,,mixed_text_image,low,OCR_SPARSE_HIGH_CONF,,PAGESTRUCT_CN_WAVE2_0.1
LTMD-CN1-G1972-VP064,LTMD-CN1-G1972,1972,1,64,3,7,90.74,0.1429,text_detected,,,,mixed_text_image,low,OCR_SPARSE_HIGH_CONF,,PAGESTRUCT_CN_WAVE2_0.1
LTMD-CN1-G1972-VP065,LTMD-CN1-G1972,1972,1,65,6,83,31.33,0.8916,text_detected,,,,visual_only,high,OCR_VISUAL_NOISE,fallback_psm;visual_noise,PAGESTRUCT_CN_WAVE2_0.1
LTMD-CN1-G1972-VP066,LTMD-CN1-G1972,1972,1,66,6,67,34.19,0.8507,text_detected,,,,visual_only,high,OCR_VISUAL_NOISE,fallback_psm;visual_noise,PAGESTRUCT_CN_WAVE2_0.1
LTMD-CN1-G1972-VP067,LTMD-CN1-G1972,1972,1,67,6,38,40.35,0.7632,text_detected,,,,visual_only,medium,OCR_VISUAL_NOISE,fallback_psm;visual_noise,PAGESTRUCT_CN_WAVE2_0.1
LTMD-CN1-G1972-VP068,LTMD-CN1-G1972,1972,1,68,3,26,82.48,0.1538,text_detected,,,,mixed_text_image,medium,OCR_MODERATE_TEXT,text_present,PAGESTRUCT_CN_WAVE2_0.1
LTMD-CN1-G1972-VP069,LTMD-CN1-G1972,1972,1,69,3,47,81.88,0.1489,text_detected,,,,mixed_text_image,medium,OCR_MODERATE_TEXT,text_present,PAGESTRUCT_CN_WAVE2_0.1
LTMD-CN1-G1972-VP070,LTMD-CN1-G1972,1972,1,70,3,4,95.99,0.0000,text_detected,,,,mixed_text_image,low,OCR_SPARSE_HIGH_CONF,,PAGESTRUCT_CN_WAVE2_0.1
LTMD-CN1-G1972-VP071,LTMD-CN1-G1972,1972,1,71,3,14,90.50,0.0714,text_detected,,,,mixed_text_image,low,OCR_SPARSE_HIGH_CONF,,PAGESTRUCT_CN_WAVE2_0.1
LTMD-CN1-G1972-VP072,LTMD-CN1-G1972,1972,1,72,3,9,90.93,0.1111,text_detected,,,,mixed_text_image,low,OCR_SPARSE_HIGH_CONF,,PAGESTRUCT_CN_WAVE2_0.1
LTMD-CN1-G1972-VP073,LTMD-CN1-G1972,1972,1,73,3,10,92.08,0.0000,text_detected,,,,mixed_text_image,low,OCR_SPARSE_HIGH_CONF,,PAGESTRUCT_CN_WAVE2_0.1
LTMD-CN1-G1972-VP074,LTMD-CN1-G1972,1972,1,74,6,48,40.03,0.7500,text_detected,,,,visual_only,medium,OCR_VISUAL_NOISE,fallback_psm;visual_noise,PAGESTRUCT_CN_WAVE2_0.1
LTMD-CN1-G1972-VP075,LTMD-CN1-G1972,1972,1,75,6,73,33.29,0.8356,text_detected,,,,visual_only,high,OCR_VISUAL_NOISE,fallback_psm;visual_noise,PAGESTRUCT_CN_WAVE2_0.1
LTMD-CN1-G1972-VP076,LTMD-CN1-G1972,1972,1,76,3,23,92.63,0.0435,text_detected,,,,mixed_text_image,medium,OCR_MODERATE_TEXT,text_present,PAGESTRUCT_CN_WAVE2_0.1
LTMD-CN1-G1972-VP077,LTMD-CN1-G1972,1972,1,77,3,12,95.36,0.0000,text_detected,,,,mixed_text_image,low,OCR_SPARSE_HIGH_CONF,,PAGESTRUCT_CN_WAVE2_0.1
LTMD-CN1-G1972-VP078,LTMD-CN1-G1972,1972,1,78,3,4,92.92,0.0000,text_detected,,,,mixed_text_image,low,OCR_SPARSE_HIGH_CONF,,PAGESTRUCT_CN_WAVE2_0.1
LTMD-CN1-G1972-VP079,LTMD-CN1-G1972,1972,1,79,3,28,83.10,0.1786,text_detected,,,,mixed_text_image,medium,OCR_MODERATE_TEXT,text_present,PAGESTRUCT_CN_WAVE2_0.1
LTMD-CN1-G1972-VP080,LTMD-CN1-G1972,1972,1,80,3,33,86.83,0.1515,text_detected,,,,mixed_text_image,medium,OCR_MODERATE_TEXT,text_present,PAGESTRUCT_CN_WAVE2_0.1
LTMD-CN1-G1972-VP081,LTMD-CN1-G1972,1972,1,81,3,24,91.02,0.0833,text_detected,,,,mixed_text_image,medium,OCR_MODERATE_TEXT,text_present,PAGESTRUCT_CN_WAVE2_0.1
LTMD-CN1-G1972-VP082,LTMD-CN1-G1972,1972,1,82,3,26,91.19,0.0769,text_detected,,,,mixed_text_image,medium,OCR_MODERATE_TEXT,text_present,PAGESTRUCT_CN_WAVE2_0.1
LTMD-CN1-G1972-VP083,LTMD-CN1-G1972,1972,1,83,3,23,92.65,0.0435,text_detected,0,0,0,mixed_text_image,medium,OCR_MODERATE_TEXT,end_zone;text_present,PAGESTRUCT_CN_WAVE2_0.1
LTMD-CN1-G1972-VP084,LTMD-CN1-G1972,1972,1,84,3,15,82.64,0.2000,text_detected,0,0,0,mixed_text_image,low,OCR_SPARSE_HIGH_CONF,end_zone,PAGESTRUCT_CN_WAVE2_0.1
LTMD-CN1-G1972-VP085,LTMD-CN1-G1972,1972,1,85,3,12,93.71,0.0000,text_detected,0,0,0,mixed_text_image,low,OCR_SPARSE_HIGH_CONF,end_zone,PAGESTRUCT_CN_WAVE2_0.1
LTMD-CN1-G1972-VP086,LTMD-CN1-G1972,1972,1,86,3,6,92.03,0.0000,text_detected,0,0,0,mixed_text_image,low,OCR_SPARSE_HIGH_CONF,end_zone,PAGESTRUCT_CN_WAVE2_0.1
LTMD-CN1-G1972-VP087,LTMD-CN1-G1972,1972,1,87,3,13,88.62,0.0769,text_detected,0,0,0,mixed_text_image,low,OCR_SPARSE_HIGH_CONF,end_zone,PAGESTRUCT_CN_WAVE2_0.1
LTMD-CN1-G1972-VP088,LTMD-CN1-G1972,1972,1,88,3,11,95.10,0.0000,text_detected,0,0,0,mixed_text_image,low,OCR_SPARSE_HIGH_CONF,end_zone,PAGESTRUCT_CN_WAVE2_0.1
LTMD-CN1-G1972-VP089,LTMD-CN1-G1972,1972,1,89,6,66,23.18,0.9697,text_detected,0,0,0,visual_only,high,OCR_VISUAL_NOISE,end_zone;fallback_psm;visual_noise,PAGESTRUCT_CN_WAVE2_0.1
LTMD-CN1-G1972-VP090,LTMD-CN1-G1972,1972,1,90,3,19,70.87,0.2632,text_detected,0,0,0,unknown,low,CONSERVATIVE_UNKNOWN,end_zone,PAGESTRUCT_CN_WAVE2_0.1
LTMD-CN1-G1972-VP091,LTMD-CN1-G1972,1972,1,91,6,27,31.54,0.8519,text_detected,0,0,0,visual_only,high,OCR_VISUAL_NOISE,end_zone;fallback_psm;visual_noise,PAGESTRUCT_CN_WAVE2_0.1
LTMD-CN1-G1972-VP092,LTMD-CN1-G1972,1972,1,92,3,16,57.69,0.5000,text_detected,0,0,0,unknown,low,CONSERVATIVE_UNKNOWN,end_zone,PAGESTRUCT_CN_WAVE2_0.1
LTMD-CN1-G1972-VP093,LTMD-CN1-G1972,1972,1,93,3,1,93.56,0.0000,text_detected,0,0,0,unknown,low,CONSERVATIVE_UNKNOWN,end_zone,PAGESTRUCT_CN_WAVE2_0.1
LTMD-CN1-G1972-VP094,LTMD-CN1-G1972,1972,1,94,3,262,88.12,0.0649,text_detected,0,0,1,bibliography_or_credits,medium,KW_BIBLIO_CREDITS,end_zone;text_rich;biblio_credit_kw,PAGESTRUCT_CN_WAVE2_0.1
LTMD-CN1-G1972-VP095,LTMD-CN1-G1972,1972,1,95,3,201,85.77,0.0995,text_detected,0,1,0,textual,high,OCR_TEXT_RICH,end_zone;text_rich;nav_kw,PAGESTRUCT_CN_WAVE2_0.1
LTMD-CN1-G1972-VP096,LTMD-CN1-G1972,1972,1,96,3,55,88.61,0.0545,text_detected,0,0,1,bibliography_or_credits,medium,KW_BIBLIO_CREDITS,end_zone;text_present;biblio_credit_kw,PAGESTRUCT_CN_WAVE2_0.1
LTMD-CN1-G1972-VP097,LTMD-CN1-G1972,1972,1,97,3,143,81.02,0.1399,text_detected,0,0,0,textual,high,OCR_TEXT_RICH,end_zone;text_rich,PAGESTRUCT_CN_WAVE2_0.1
LTMD-CN1-G1972-VP098,LTMD-CN1-G1972,1972,1,98,3,4,96.56,0.0000,text_detected,0,0,1,bibliography_or_credits,medium,KW_BIBLIO_CREDITS,end_zone;biblio_credit_kw,PAGESTRUCT_CN_WAVE2_0.1
LTMD-CN2-G1972-VP001,LTMD-CN2-G1972,1972,2,1,11,20,41.98,0.7000,text_detected,0,0,0,visual_only,medium,OCR_VISUAL_NOISE,front_zone;fallback_psm;visual_noise,PAGESTRUCT_CN_WAVE2_0.1
LTMD-CN2-G1972-VP002,LTMD-CN2-G1972,1972,2,2,3,271,92.11,0.0295,text_detected,0,0,0,textual,high,OCR_TEXT_RICH,front_zone;text_rich,PAGESTRUCT_CN_WAVE2_0.1
LTMD-CN2-G1972-VP003,LTMD-CN2-G1972,1972,2,3,3,24,74.37,0.2083,text_detected,0,0,0,mixed_text_image,medium,OCR_MODERATE_TEXT,front_zone;text_present,PAGESTRUCT_CN_WAVE2_0.1
LTMD-CN2-G1972-VP004,LTMD-CN2-G1972,1972,2,4,,2,11.36,1.0000,no_text_detected,0,0,0,visual_only,high,OCR_VISUAL_NOISE,front_zone;visual_noise,PAGESTRUCT_CN_WAVE2_0.1
LTMD-CN2-G1972-VP005,LTMD-CN2-G1972,1972,2,5,3,5,85.50,0.2000,text_detected,0,0,0,mixed_text_image,low,OCR_SPARSE_HIGH_CONF,front_zone,PAGESTRUCT_CN_WAVE2_0.1
LTMD-CN2-G1972-VP006,LTMD-CN2-G1972,1972,2,6,6,94,33.86,0.9149,text_detected,0,0,0,visual_only,high,OCR_VISUAL_NOISE,front_zone;fallback_psm;visual_noise,PAGESTRUCT_CN_WAVE2_0.1
LTMD-CN2-G1972-VP007,LTMD-CN2-G1972,1972,2,7,3,1,42.98,1.0000,text_detected,0,0,0,visual_only,medium,OCR_VISUAL_NOISE,front_zone;visual_noise,PAGESTRUCT_CN_WAVE2_0.1
LTMD-CN2-G1972-VP008,LTMD-CN2-G1972,1972,2,8,11,106,31.03,0.8868,text_detected,0,0,0,visual_only,high,OCR_VISUAL_NOISE,front_zone;fallback_psm;visual_noise,PAGESTRUCT_CN_WAVE2_0.1
LTMD-CN2-G1972-VP009,LTMD-CN2-G1972,1972,2,9,6,102,25.54,0.9412,text_detected,0,0,0,visual_only,high,OCR_VISUAL_NOISE,front_zone;fallback_psm;visual_noise,PAGESTRUCT_CN_WAVE2_0.1
LTMD-CN2-G1972-VP010,LTMD-CN2-G1972,1972,2,10,3,12,95.84,0.0000,text_detected,0,0,0,mixed_text_image,low,OCR_SPARSE_HIGH_CONF,front_zone,PAGESTRUCT_CN_WAVE2_0.1
LTMD-CN2-G1972-VP011,LTMD-CN2-G1972,1972,2,11,3,15,95.43,0.0000,text_detected,0,0,0,mixed_text_image,low,OCR_SPARSE_HIGH_CONF,front_zone,PAGESTRUCT_CN_WAVE2_0.1
LTMD-CN2-G1972-VP012,LTMD-CN2-G1972,1972,2,12,3,2,62.21,0.5000,text_detected,0,0,0,unknown,low,CONSERVATIVE_UNKNOWN,front_zone,PAGESTRUCT_CN_WAVE2_0.1
LTMD-CN2-G1972-VP013,LTMD-CN2-G1972,1972,2,13,6,52,39.98,0.8462,text_detected,0,0,0,visual_only,high,OCR_VISUAL_NOISE,front_zone;fallback_psm;visual_noise,PAGESTRUCT_CN_WAVE2_0.1
LTMD-CN2-G1972-VP014,LTMD-CN2-G1972,1972,2,14,3,5,89.40,0.0000,text_detected,0,0,0,mixed_text_image,low,OCR_SPARSE_HIGH_CONF,front_zone,PAGESTRUCT_CN_WAVE2_0.1
LTMD-CN2-G1972-VP015,LTMD-CN2-G1972,1972,2,15,3,17,84.23,0.1176,text_detected,0,0,0,mixed_text_image,low,OCR_SPARSE_HIGH_CONF,front_zone,PAGESTRUCT_CN_WAVE2_0.1
LTMD-CN2-G1972-VP016,LTMD-CN2-G1972,1972,2,16,3,36,91.01,0.0278,text_detected,0,0,0,mixed_text_image,medium,OCR_MODERATE_TEXT,front_zone;text_present,PAGESTRUCT_CN_WAVE2_0.1
LTMD-CN2-G1972-VP017,LTMD-CN2-G1972,1972,2,17,3,42,68.59,0.3095,text_detected,,,,mixed_text_image,medium,OCR_MODERATE_TEXT,text_present,PAGESTRUCT_CN_WAVE2_0.1
LTMD-CN2-G1972-VP018,LTMD-CN2-G1972,1972,2,18,3,15,83.09,0.1333,text_detected,,,,mixed_text_image,low,OCR_SPARSE_HIGH_CONF,,PAGESTRUCT_CN_WAVE2_0.1
LTMD-CN2-G1972-VP019,LTMD-CN2-G1972,1972,2,19,3,47,91.25,0.0638,text_detected,,,,mixed_text_image,medium,OCR_MODERATE_TEXT,text_present,PAGESTRUCT_CN_WAVE2_0.1
LTMD-CN2-G1972-VP020,LTMD-CN2-G1972,1972,2,20,3,2,90.95,0.0000,text_detected,,,,unknown,low,CONSERVATIVE_UNKNOWN,,PAGESTRUCT_CN_WAVE2_0.1
LTMD-CN2-G1972-VP021,LTMD-CN2-G1972,1972,2,21,3,14,78.17,0.2143,text_detected,,,,mixed_text_image,low,OCR_SPARSE_HIGH_CONF,,PAGESTRUCT_CN_WAVE2_0.1
LTMD-CN2-G1972-VP022,LTMD-CN2-G1972,1972,2,22,3,7,95.35,0.0000,text_detected,,,,mixed_text_image,low,OCR_SPARSE_HIGH_CONF,,PAGESTRUCT_CN_WAVE2_0.1
LTMD-CN2-G1972-VP023,LTMD-CN2-G1972,1972,2,23,3,8,91.75,0.0000,text_detected,,,,mixed_text_image,low,OCR_SPARSE_HIGH_CONF,,PAGESTRUCT_CN_WAVE2_0.1
LTMD-CN2-G1972-VP024,LTMD-CN2-G1972,1972,2,24,3,9,90.59,0.0000,text_detected,,,,mixed_text_image,low,OCR_SPARSE_HIGH_CONF,,PAGESTRUCT_CN_WAVE2_0.1
LTMD-CN2-G1972-VP025,LTMD-CN2-G1972,1972,2,25,6,33,32.54,0.8182,text_detected,,,,visual_only,high,OCR_VISUAL_NOISE,fallback_psm;visual_noise,PAGESTRUCT_CN_WAVE2_0.1
LTMD-CN2-G1972-VP026,LTMD-CN2-G1972,1972,2,26,6,13,23.23,0.9231,text_detected,,,,visual_only,high,OCR_VISUAL_NOISE,fallback_psm;visual_noise,PAGESTRUCT_CN_WAVE2_0.1
LTMD-CN2-G1972-VP027,LTMD-CN2-G1972,1972,2,27,3,5,95.67,0.0000,text_detected,,,,mixed_text_image,low,OCR_SPARSE_HIGH_CONF,,PAGESTRUCT_CN_WAVE2_0.1
LTMD-CN2-G1972-VP028,LTMD-CN2-G1972,1972,2,28,3,15,23.34,0.8000,text_detected,,,,unknown,low,CONSERVATIVE_UNKNOWN,,PAGESTRUCT_CN_WAVE2_0.1
LTMD-CN2-G1972-VP029,LTMD-CN2-G1972,1972,2,29,6,22,23.65,0.9091,text_detected,,,,visual_only,high,OCR_VISUAL_NOISE,fallback_psm;visual_noise,PAGESTRUCT_CN_WAVE2_0.1
LTMD-CN2-G1972-VP030,LTMD-CN2-G1972,1972,2,30,3,17,94.37,0.0000,text_detected,,,,mixed_text_image,low,OCR_SPARSE_HIGH_CONF,,PAGESTRUCT_CN_WAVE2_0.1
LTMD-CN2-G1972-VP031,LTMD-CN2-G1972,1972,2,31,3,10,92.13,0.0000,text_detected,,,,mixed_text_image,low,OCR_SPARSE_HIGH_CONF,,PAGESTRUCT_CN_WAVE2_0.1
LTMD-CN2-G1972-VP032,LTMD-CN2-G1972,1972,2,32,3,3,66.09,0.3333,text_detected,,,,unknown,low,CONSERVATIVE_UNKNOWN,,PAGESTRUCT_CN_WAVE2_0.1
LTMD-CN2-G1972-VP033,LTMD-CN2-G1972,1972,2,33,3,37,46.21,0.7027,text_detected,,,,unknown,low,CONSERVATIVE_UNKNOWN,,PAGESTRUCT_CN_WAVE2_0.1
LTMD-CN2-G1972-VP034,LTMD-CN2-G1972,1972,2,34,3,20,86.95,0.0000,text_detected,,,,mixed_text_image,medium,OCR_MODERATE_TEXT,text_present,PAGESTRUCT_CN_WAVE2_0.1
LTMD-CN2-G1972-VP035,LTMD-CN2-G1972,1972,2,35,3,7,88.32,0.0000,text_detected,,,,mixed_text_image,low,OCR_SPARSE_HIGH_CONF,,PAGESTRUCT_CN_WAVE2_0.1
LTMD-CN2-G1972-VP036,LTMD-CN2-G1972,1972,2,36,3,3,91.35,0.0000,text_detected,,,,unknown,low,CONSERVATIVE_UNKNOWN,,PAGESTRUCT_CN_WAVE2_0.1
LTMD-CN2-G1972-VP037,LTMD-CN2-G1972,1972,2,37,3,18,90.48,0.0556,text_detected,,,,mixed_text_image,low,OCR_SPARSE_HIGH_CONF,,PAGESTRUCT_CN_WAVE2_0.1
LTMD-CN2-G1972-VP038,LTMD-CN2-G1972,1972,2,38,3,34,86.25,0.0882,text_detected,,,,mixed_text_image,medium,OCR_MODERATE_TEXT,text_present,PAGESTRUCT_CN_WAVE2_0.1
LTMD-CN2-G1972-VP039,LTMD-CN2-G1972,1972,2,39,3,8,94.53,0.0000,text_detected,,,,mixed_text_image,low,OCR_SPARSE_HIGH_CONF,,PAGESTRUCT_CN_WAVE2_0.1
LTMD-CN2-G1972-VP040,LTMD-CN2-G1972,1972,2,40,3,6,89.60,0.0000,text_detected,,,,mixed_text_image,low,OCR_SPARSE_HIGH_CONF,,PAGESTRUCT_CN_WAVE2_0.1
LTMD-CN2-G1972-VP041,LTMD-CN2-G1972,1972,2,41,3,10,88.41,0.1000,text_detected,,,,mixed_text_image,low,OCR_SPARSE_HIGH_CONF,,PAGESTRUCT_CN_WAVE2_0.1
LTMD-CN2-G1972-VP042,LTMD-CN2-G1972,1972,2,42,3,31,94.48,0.0000,text_detected,,,,mixed_text_image,medium,OCR_MODERATE_TEXT,text_present,PAGESTRUCT_CN_WAVE2_0.1
LTMD-CN2-G1972-VP043,LTMD-CN2-G1972,1972,2,43,3,65,67.75,0.3385,text_detected,,,,mixed_text_image,medium,OCR_MODERATE_TEXT,text_present,PAGESTRUCT_CN_WAVE2_0.1
LTMD-CN2-G1972-VP044,LTMD-CN2-G1972,1972,2,44,3,6,94.28,0.0000,text_detected,,,,mixed_text_image,low,OCR_SPARSE_HIGH_CONF,,PAGESTRUCT_CN_WAVE2_0.1
LTMD-CN2-G1972-VP045,LTMD-CN2-G1972,1972,2,45,3,54,94.38,0.0000,text_detected,,,,mixed_text_image,medium,OCR_MODERATE_TEXT,text_present,PAGESTRUCT_CN_WAVE2_0.1
LTMD-CN2-G1972-VP046,LTMD-CN2-G1972,1972,2,46,3,16,94.85,0.0000,text_detected,,,,mixed_text_image,low,OCR_SPARSE_HIGH_CONF,,PAGESTRUCT_CN_WAVE2_0.1
LTMD-CN2-G1972-VP047,LTMD-CN2-G1972,1972,2,47,3,44,88.81,0.0227,text_detected,,,,mixed_text_image,medium,OCR_MODERATE_TEXT,text_present,PAGESTRUCT_CN_WAVE2_0.1
LTMD-CN2-G1972-VP048,LTMD-CN2-G1972,1972,2,48,3,8,67.91,0.3750,text_detected,,,,unknown,low,CONSERVATIVE_UNKNOWN,,PAGESTRUCT_CN_WAVE2_0.1
LTMD-CN2-G1972-VP049,LTMD-CN2-G1972,1972,2,49,3,59,90.76,0.0508,text_detected,,,,mixed_text_image,medium,OCR_MODERATE_TEXT,text_present,PAGESTRUCT_CN_WAVE2_0.1
LTMD-CN2-G1972-VP050,LTMD-CN2-G1972,1972,2,50,3,18,95.06,0.0000,text_detected,,,,mixed_text_image,low,OCR_SPARSE_HIGH_CONF,,PAGESTRUCT_CN_WAVE2_0.1
LTMD-CN2-G1972-VP051,LTMD-CN2-G1972,1972,2,51,3,1,41.22,1.0000,text_detected,,,,visual_only,medium,OCR_VISUAL_NOISE,visual_noise,PAGESTRUCT_CN_WAVE2_0.1
LTMD-CN2-G1972-VP052,LTMD-CN2-G1972,1972,2,52,11,17,36.53,0.8824,text_detected,,,,visual_only,high,OCR_VISUAL_NOISE,fallback_psm;visual_noise,PAGESTRUCT_CN_WAVE2_0.1
LTMD-CN2-G1972-VP053,LTMD-CN2-G1972,1972,2,53,3,18,86.37,0.1111,text_detected,,,,mixed_text_image,low,OCR_SPARSE_HIGH_CONF,,PAGESTRUCT_CN_WAVE2_0.1
LTMD-CN2-G1972-VP054,LTMD-CN2-G1972,1972,2,54,3,26,62.01,0.5000,text_detected,,,,unknown,low,CONSERVATIVE_UNKNOWN,,PAGESTRUCT_CN_WAVE2_0.1
LTMD-CN2-G1972-VP055,LTMD-CN2-G1972,1972,2,55,3,10,58.31,0.4000,text_detected,,,,unknown,low,CONSERVATIVE_UNKNOWN,,PAGESTRUCT_CN_WAVE2_0.1
LTMD-CN2-G1972-VP056,LTMD-CN2-G1972,1972,2,56,3,38,91.35,0.0000,text_detected,,,,mixed_text_image,medium,OCR_MODERATE_TEXT,text_present,PAGESTRUCT_CN_WAVE2_0.1
LTMD-CN2-G1972-VP057,LTMD-CN2-G1972,1972,2,57,3,33,80.75,0.1818,text_detected,,,,mixed_text_image,medium,OCR_MODERATE_TEXT,text_present,PAGESTRUCT_CN_WAVE2_0.1
LTMD-CN2-G1972-VP058,LTMD-CN2-G1972,1972,2,58,3,9,71.89,0.2222,text_detected,,,,unknown,low,CONSERVATIVE_UNKNOWN,,PAGESTRUCT_CN_WAVE2_0.1
LTMD-CN2-G1972-VP059,LTMD-CN2-G1972,1972,2,59,3,9,60.26,0.4444,text_detected,,,,unknown,low,CONSERVATIVE_UNKNOWN,,PAGESTRUCT_CN_WAVE2_0.1
LTMD-CN2-G1972-VP060,LTMD-CN2-G1972,1972,2,60,3,7,88.77,0.0000,text_detected,,,,mixed_text_image,low,OCR_SPARSE_HIGH_CONF,,PAGESTRUCT_CN_WAVE2_0.1
LTMD-CN2-G1972-VP061,LTMD-CN2-G1972,1972,2,61,3,4,35.12,1.0000,text_detected,,,,unknown,low,CONSERVATIVE_UNKNOWN,,PAGESTRUCT_CN_WAVE2_0.1
LTMD-CN2-G1972-VP062,LTMD-CN2-G1972,1972,2,62,3,26,89.26,0.0769,text_detected,,,,mixed_text_image,medium,OCR_MODERATE_TEXT,text_present,PAGESTRUCT_CN_WAVE2_0.1
LTMD-CN2-G1972-VP063,LTMD-CN2-G1972,1972,2,63,3,20,89.56,0.0500,text_detected,,,,mixed_text_image,medium,OCR_MODERATE_TEXT,text_present,PAGESTRUCT_CN_WAVE2_0.1
LTMD-CN2-G1972-VP064,LTMD-CN2-G1972,1972,2,64,3,17,89.70,0.0588,text_detected,,,,mixed_text_image,low,OCR_SPARSE_HIGH_CONF,,PAGESTRUCT_CN_WAVE2_0.1
LTMD-CN2-G1972-VP065,LTMD-CN2-G1972,1972,2,65,3,7,89.02,0.0000,text_detected,,,,mixed_text_image,low,OCR_SPARSE_HIGH_CONF,,PAGESTRUCT_CN_WAVE2_0.1
LTMD-CN2-G1972-VP066,LTMD-CN2-G1972,1972,2,66,11,123,31.33,0.9024,text_detected,,,,visual_only,high,OCR_VISUAL_NOISE,fallback_psm;visual_noise,PAGESTRUCT_CN_WAVE2_0.1
LTMD-CN2-G1972-VP067,LTMD-CN2-G1972,1972,2,67,11,7,21.77,1.0000,text_detected,,,,visual_only,high,OCR_VISUAL_NOISE,fallback_psm;visual_noise,PAGESTRUCT_CN_WAVE2_0.1
LTMD-CN2-G1972-VP068,LTMD-CN2-G1972,1972,2,68,3,18,92.07,0.0000,text_detected,,,,mixed_text_image,low,OCR_SPARSE_HIGH_CONF,,PAGESTRUCT_CN_WAVE2_0.1
LTMD-CN2-G1972-VP069,LTMD-CN2-G1972,1972,2,69,3,6,93.09,0.0000,text_detected,,,,mixed_text_image,low,OCR_SPARSE_HIGH_CONF,,PAGESTRUCT_CN_WAVE2_0.1
LTMD-CN2-G1972-VP070,LTMD-CN2-G1972,1972,2,70,3,8,93.63,0.0000,text_detected,,,,mixed_text_image,low,OCR_SPARSE_HIGH_CONF,,PAGESTRUCT_CN_WAVE2_0.1
LTMD-CN2-G1972-VP071,LTMD-CN2-G1972,1972,2,71,3,12,89.16,0.0833,text_detected,,,,mixed_text_image,low,OCR_SPARSE_HIGH_CONF,,PAGESTRUCT_CN_WAVE2_0.1
LTMD-CN2-G1972-VP072,LTMD-CN2-G1972,1972,2,72,3,40,90.17,0.0250,text_detected,,,,mixed_text_image,medium,OCR_MODERATE_TEXT,text_present,PAGESTRUCT_CN_WAVE2_0.1
LTMD-CN2-G1972-VP073,LTMD-CN2-G1972,1972,2,73,3,27,92.60,0.0000,text_detected,,,,mixed_text_image,medium,OCR_MODERATE_TEXT,text_present,PAGESTRUCT_CN_WAVE2_0.1
LTMD-CN2-G1972-VP074,LTMD-CN2-G1972,1972,2,74,3,24,78.01,0.2917,text_detected,,,,mixed_text_image,medium,OCR_MODERATE_TEXT,text_present,PAGESTRUCT_CN_WAVE2_0.1
LTMD-CN2-G1972-VP075,LTMD-CN2-G1972,1972,2,75,3,27,89.36,0.0000,text_detected,,,,mixed_text_image,medium,OCR_MODERATE_TEXT,text_present,PAGESTRUCT_CN_WAVE2_0.1
LTMD-CN2-G1972-VP076,LTMD-CN2-G1972,1972,2,76,3,45,92.54,0.0000,text_detected,,,,mixed_text_image,medium,OCR_MODERATE_TEXT,text_present,PAGESTRUCT_CN_WAVE2_0.1
LTMD-CN2-G1972-VP077,LTMD-CN2-G1972,1972,2,77,3,68,67.11,0.3088,text_detected,,,,mixed_text_image,medium,OCR_MODERATE_TEXT,text_present,PAGESTRUCT_CN_WAVE2_0.1
LTMD-CN2-G1972-VP078,LTMD-CN2-G1972,1972,2,78,3,13,90.90,0.0769,text_detected,,,,mixed_text_image,low,OCR_SPARSE_HIGH_CONF,,PAGESTRUCT_CN_WAVE2_0.1
LTMD-CN2-G1972-VP079,LTMD-CN2-G1972,1972,2,79,3,17,92.59,0.0000,text_detected,,,,mixed_text_image,low,OCR_SPARSE_HIGH_CONF,,PAGESTRUCT_CN_WAVE2_0.1
LTMD-CN2-G1972-VP080,LTMD-CN2-G1972,1972,2,80,3,11,95.47,0.0000,text_detected,,,,mixed_text_image,low,OCR_SPARSE_HIGH_CONF,,PAGESTRUCT_CN_WAVE2_0.1
LTMD-CN2-G1972-VP081,LTMD-CN2-G1972,1972,2,81,3,31,88.63,0.0645,text_detected,,,,mixed_text_image,medium,OCR_MODERATE_TEXT,text_present,PAGESTRUCT_CN_WAVE2_0.1
LTMD-CN2-G1972-VP082,LTMD-CN2-G1972,1972,2,82,3,17,78.21,0.2353,text_detected,,,,mixed_text_image,low,OCR_SPARSE_HIGH_CONF,,PAGESTRUCT_CN_WAVE2_0.1
LTMD-CN2-G1972-VP083,LTMD-CN2-G1972,1972,2,83,3,3,91.07,0.0000,text_detected,0,0,0,unknown,low,CONSERVATIVE_UNKNOWN,end_zone,PAGESTRUCT_CN_WAVE2_0.1
LTMD-CN2-G1972-VP084,LTMD-CN2-G1972,1972,2,84,11,12,44.81,0.9167,text_detected,0,0,0,visual_only,high,OCR_VISUAL_NOISE,end_zone;fallback_psm;visual_noise,PAGESTRUCT_CN_WAVE2_0.1
LTMD-CN2-G1972-VP085,LTMD-CN2-G1972,1972,2,85,3,11,60.93,0.3636,text_detected,0,0,0,unknown,low,CONSERVATIVE_UNKNOWN,end_zone,PAGESTRUCT_CN_WAVE2_0.1
LTMD-CN2-G1972-VP086,LTMD-CN2-G1972,1972,2,86,11,10,25.80,0.9000,text_detected,0,0,0,visual_only,high,OCR_VISUAL_NOISE,end_zone;fallback_psm;visual_noise,PAGESTRUCT_CN_WAVE2_0.1
LTMD-CN2-G1972-VP087,LTMD-CN2-G1972,1972,2,87,3,18,91.63,0.0000,text_detected,0,0,0,mixed_text_image,low,OCR_SPARSE_HIGH_CONF,end_zone,PAGESTRUCT_CN_WAVE2_0.1
LTMD-CN2-G1972-VP088,LTMD-CN2-G1972,1972,2,88,3,49,94.65,0.0204,text_detected,0,0,0,mixed_text_image,medium,OCR_MODERATE_TEXT,end_zone;text_present,PAGESTRUCT_CN_WAVE2_0.1
LTMD-CN2-G1972-VP089,LTMD-CN2-G1972,1972,2,89,3,16,88.91,0.0625,text_detected,0,0,0,mixed_text_image,low,OCR_SPARSE_HIGH_CONF,end_zone,PAGESTRUCT_CN_WAVE2_0.1
LTMD-CN2-G1972-VP090,LTMD-CN2-G1972,1972,2,90,3,47,84.01,0.1489,text_detected,0,0,0,mixed_text_image,medium,OCR_MODERATE_TEXT,end_zone;text_present,PAGESTRUCT_CN_WAVE2_0.1
LTMD-CN2-G1972-VP091,LTMD-CN2-G1972,1972,2,91,3,17,92.04,0.0588,text_detected,0,0,0,mixed_text_image,low,OCR_SPARSE_HIGH_CONF,end_zone,PAGESTRUCT_CN_WAVE2_0.1
LTMD-CN2-G1972-VP092,LTMD-CN2-G1972,1972,2,92,6,38,32.52,0.8947,text_detected,0,0,0,visual_only,high,OCR_VISUAL_NOISE,end_zone;fallback_psm;visual_noise,PAGESTRUCT_CN_WAVE2_0.1
LTMD-CN2-G1972-VP093,LTMD-CN2-G1972,1972,2,93,3,10,95.78,0.0000,text_detected,0,0,0,mixed_text_image,low,OCR_SPARSE_HIGH_CONF,end_zone,PAGESTRUCT_CN_WAVE2_0.1
LTMD-CN2-G1972-VP094,LTMD-CN2-G1972,1972,2,94,3,20,85.40,0.1500,text_detected,0,0,0,mixed_text_image,medium,OCR_MODERATE_TEXT,end_zone;text_present,PAGESTRUCT_CN_WAVE2_0.1
LTMD-CN2-G1972-VP095,LTMD-CN2-G1972,1972,2,95,6,76,34.55,0.9342,text_detected,0,0,0,visual_only,high,OCR_VISUAL_NOISE,end_zone;fallback_psm;visual_noise,PAGESTRUCT_CN_WAVE2_0.1
LTMD-CN2-G1972-VP096,LTMD-CN2-G1972,1972,2,96,,3,39.12,1.0000,no_text_detected,0,0,0,visual_only,high,OCR_VISUAL_NOISE,end_zone;visual_noise,PAGESTRUCT_CN_WAVE2_0.1
LTMD-CN2-G1972-VP097,LTMD-CN2-G1972,1972,2,97,3,354,81.79,0.1215,text_detected,0,0,2,bibliography_or_credits,high,KW_BIBLIO_CREDITS,end_zone;text_rich;biblio_credit_kw,PAGESTRUCT_CN_WAVE2_0.1
LTMD-CN2-G1972-VP098,LTMD-CN2-G1972,1972,2,98,6,21,34.67,0.8095,text_detected,0,0,0,visual_only,high,OCR_VISUAL_NOISE,end_zone;fallback_psm;visual_noise,PAGESTRUCT_CN_WAVE2_0.1
LTMD-CN3-G1972-VP001,LTMD-CN3-G1972,1972,3,1,6,42,24.22,0.9524,text_detected,0,0,0,visual_only,high,OCR_VISUAL_NOISE,front_zone;fallback_psm;visual_noise,PAGESTRUCT_CN_WAVE2_0.1
LTMD-CN3-G1972-VP002,LTMD-CN3-G1972,1972,3,2,6,86,27.48,0.8721,text_detected,0,0,0,visual_only,high,OCR_VISUAL_NOISE,front_zone;fallback_psm;visual_noise,PAGESTRUCT_CN_WAVE2_0.1
LTMD-CN3-G1972-VP003,LTMD-CN3-G1972,1972,3,3,3,4,87.62,0.0000,text_detected,0,0,0,mixed_text_image,low,OCR_SPARSE_HIGH_CONF,front_zone,PAGESTRUCT_CN_WAVE2_0.1
LTMD-CN3-G1972-VP004,LTMD-CN3-G1972,1972,3,4,3,320,90.33,0.0500,text_detected,0,0,2,bibliography_or_credits,high,KW_BIBLIO_CREDITS,front_zone;text_rich;biblio_credit_kw,PAGESTRUCT_CN_WAVE2_0.1
LTMD-CN3-G1972-VP005,LTMD-CN3-G1972,1972,3,5,3,11,87.11,0.0909,text_detected,0,0,0,mixed_text_image,low,OCR_SPARSE_HIGH_CONF,front_zone,PAGESTRUCT_CN_WAVE2_0.1
LTMD-CN3-G1972-VP006,LTMD-CN3-G1972,1972,3,6,6,39,52.59,0.5385,text_detected,0,0,1,unknown,low,CONSERVATIVE_UNKNOWN,front_zone;fallback_psm;biblio_credit_kw,PAGESTRUCT_CN_WAVE2_0.1
LTMD-CN3-G1972-VP007,LTMD-CN3-G1972,1972,3,7,3,149,73.39,0.2416,text_detected,0,1,0,toc_or_navigation,medium,KW_NAVIGATION,front_zone;text_present;nav_kw,PAGESTRUCT_CN_WAVE2_0.1
LTMD-CN3-G1972-VP008,LTMD-CN3-G1972,1972,3,8,11,10,33.37,1.0000,text_detected,0,0,0,visual_only,high,OCR_VISUAL_NOISE,front_zone;fallback_psm;visual_noise,PAGESTRUCT_CN_WAVE2_0.1
LTMD-CN3-G1972-VP009,LTMD-CN3-G1972,1972,3,9,6,107,31.08,0.8785,text_detected,0,0,0,visual_only,high,OCR_VISUAL_NOISE,front_zone;fallback_psm;visual_noise,PAGESTRUCT_CN_WAVE2_0.1
LTMD-CN3-G1972-VP010,LTMD-CN3-G1972,1972,3,10,3,17,96.48,0.0000,text_detected,0,0,0,mixed_text_image,low,OCR_SPARSE_HIGH_CONF,front_zone,PAGESTRUCT_CN_WAVE2_0.1
LTMD-CN3-G1972-VP011,LTMD-CN3-G1972,1972,3,11,3,17,94.06,0.0000,text_detected,0,0,0,mixed_text_image,low,OCR_SPARSE_HIGH_CONF,front_zone,PAGESTRUCT_CN_WAVE2_0.1
LTMD-CN3-G1972-VP012,LTMD-CN3-G1972,1972,3,12,3,20,81.69,0.2000,text_detected,0,0,0,mixed_text_image,medium,OCR_MODERATE_TEXT,front_zone;text_present,PAGESTRUCT_CN_WAVE2_0.1
LTMD-CN3-G1972-VP013,LTMD-CN3-G1972,1972,3,13,3,31,96.62,0.0000,text_detected,0,0,0,mixed_text_image,medium,OCR_MODERATE_TEXT,front_zone;text_present,PAGESTRUCT_CN_WAVE2_0.1
LTMD-CN3-G1972-VP014,LTMD-CN3-G1972,1972,3,14,3,61,94.99,0.0000,text_detected,0,0,0,mixed_text_image,medium,OCR_MODERATE_TEXT,front_zone;text_present,PAGESTRUCT_CN_WAVE2_0.1
LTMD-CN3-G1972-VP015,LTMD-CN3-G1972,1972,3,15,3,50,94.51,0.0000,text_detected,0,0,0,mixed_text_image,medium,OCR_MODERATE_TEXT,front_zone;text_present,PAGESTRUCT_CN_WAVE2_0.1
LTMD-CN3-G1972-VP016,LTMD-CN3-G1972,1972,3,16,3,32,95.44,0.0000,text_detected,0,0,0,mixed_text_image,medium,OCR_MODERATE_TEXT,front_zone;text_present,PAGESTRUCT_CN_WAVE2_0.1
LTMD-CN3-G1972-VP017,LTMD-CN3-G1972,1972,3,17,3,68,95.16,0.0000,text_detected,,,,mixed_text_image,medium,OCR_MODERATE_TEXT,text_present,PAGESTRUCT_CN_WAVE2_0.1
LTMD-CN3-G1972-VP018,LTMD-CN3-G1972,1972,3,18,3,68,95.75,0.0000,text_detected,,,,mixed_text_image,medium,OCR_MODERATE_TEXT,text_present,PAGESTRUCT_CN_WAVE2_0.1
LTMD-CN3-G1972-VP019,LTMD-CN3-G1972,1972,3,19,3,101,94.98,0.0099,text_detected,,,,mixed_text_image,medium,OCR_MODERATE_TEXT,text_present,PAGESTRUCT_CN_WAVE2_0.1
LTMD-CN3-G1972-VP020,LTMD-CN3-G1972,1972,3,20,3,11,40.06,0.8182,text_detected,,,,unknown,low,CONSERVATIVE_UNKNOWN,,PAGESTRUCT_CN_WAVE2_0.1
LTMD-CN3-G1972-VP021,LTMD-CN3-G1972,1972,3,21,3,32,95.72,0.0000,text_detected,,,,mixed_text_image,medium,OCR_MODERATE_TEXT,text_present,PAGESTRUCT_CN_WAVE2_0.1
LTMD-CN3-G1972-VP022,LTMD-CN3-G1972,1972,3,22,3,35,96.01,0.0000,text_detected,,,,mixed_text_image,medium,OCR_MODERATE_TEXT,text_present,PAGESTRUCT_CN_WAVE2_0.1
LTMD-CN3-G1972-VP023,LTMD-CN3-G1972,1972,3,23,3,39,95.20,0.0000,text_detected,,,,mixed_text_image,medium,OCR_MODERATE_TEXT,text_present,PAGESTRUCT_CN_WAVE2_0.1
LTMD-CN3-G1972-VP024,LTMD-CN3-G1972,1972,3,24,3,106,95.26,0.0000,text_detected,,,,mixed_text_image,medium,OCR_MODERATE_TEXT,text_present,PAGESTRUCT_CN_WAVE2_0.1
LTMD-CN3-G1972-VP025,LTMD-CN3-G1972,1972,3,25,3,63,94.55,0.0000,text_detected,,,,mixed_text_image,medium,OCR_MODERATE_TEXT,text_present,PAGESTRUCT_CN_WAVE2_0.1
LTMD-CN3-G1972-VP026,LTMD-CN3-G1972,1972,3,26,3,38,95.25,0.0000,text_detected,,,,mixed_text_image,medium,OCR_MODERATE_TEXT,text_present,PAGESTRUCT_CN_WAVE2_0.1
LTMD-CN3-G1972-VP027,LTMD-CN3-G1972,1972,3,27,3,118,95.43,0.0000,text_detected,,,,mixed_text_image,medium,OCR_MODERATE_TEXT,text_present,PAGESTRUCT_CN_WAVE2_0.1
LTMD-CN3-G1972-VP028,LTMD-CN3-G1972,1972,3,28,3,74,94.49,0.0000,text_detected,,,,mixed_text_image,medium,OCR_MODERATE_TEXT,text_present,PAGESTRUCT_CN_WAVE2_0.1
LTMD-CN3-G1972-VP029,LTMD-CN3-G1972,1972,3,29,3,69,93.14,0.0290,text_detected,,,,mixed_text_image,medium,OCR_MODERATE_TEXT,text_present,PAGESTRUCT_CN_WAVE2_0.1
LTMD-CN3-G1972-VP030,LTMD-CN3-G1972,1972,3,30,3,104,93.43,0.0192,text_detected,,,,mixed_text_image,medium,OCR_MODERATE_TEXT,text_present,PAGESTRUCT_CN_WAVE2_0.1
LTMD-CN3-G1972-VP031,LTMD-CN3-G1972,1972,3,31,3,56,95.21,0.0000,text_detected,,,,mixed_text_image,medium,OCR_MODERATE_TEXT,text_present,PAGESTRUCT_CN_WAVE2_0.1
LTMD-CN3-G1972-VP032,LTMD-CN3-G1972,1972,3,32,3,20,96.03,0.0000,text_detected,,,,mixed_text_image,medium,OCR_MODERATE_TEXT,text_present,PAGESTRUCT_CN_WAVE2_0.1
LTMD-CN3-G1972-VP033,LTMD-CN3-G1972,1972,3,33,3,9,87.87,0.1111,text_detected,,,,mixed_text_image,low,OCR_SPARSE_HIGH_CONF,,PAGESTRUCT_CN_WAVE2_0.1
LTMD-CN3-G1972-VP034,LTMD-CN3-G1972,1972,3,34,3,70,94.94,0.0143,text_detected,,,,mixed_text_image,medium,OCR_MODERATE_TEXT,text_present,PAGESTRUCT_CN_WAVE2_0.1
LTMD-CN3-G1972-VP035,LTMD-CN3-G1972,1972,3,35,3,59,95.92,0.0000,text_detected,,,,mixed_text_image,medium,OCR_MODERATE_TEXT,text_present,PAGESTRUCT_CN_WAVE2_0.1
LTMD-CN3-G1972-VP036,LTMD-CN3-G1972,1972,3,36,3,36,93.38,0.0278,text_detected,,,,mixed_text_image,medium,OCR_MODERATE_TEXT,text_present,PAGESTRUCT_CN_WAVE2_0.1
LTMD-CN3-G1972-VP037,LTMD-CN3-G1972,1972,3,37,3,81,92.77,0.0370,text_detected,,,,mixed_text_image,medium,OCR_MODERATE_TEXT,text_present,PAGESTRUCT_CN_WAVE2_0.1
LTMD-CN3-G1972-VP038,LTMD-CN3-G1972,1972,3,38,3,66,94.26,0.0000,text_detected,,,,mixed_text_image,medium,OCR_MODERATE_TEXT,text_present,PAGESTRUCT_CN_WAVE2_0.1
LTMD-CN3-G1972-VP039,LTMD-CN3-G1972,1972,3,39,3,9,92.57,0.0000,text_detected,,,,mixed_text_image,low,OCR_SPARSE_HIGH_CONF,,PAGESTRUCT_CN_WAVE2_0.1
LTMD-CN3-G1972-VP040,LTMD-CN3-G1972,1972,3,40,3,60,92.44,0.0333,text_detected,,,,mixed_text_image,medium,OCR_MODERATE_TEXT,text_present,PAGESTRUCT_CN_WAVE2_0.1
LTMD-CN3-G1972-VP041,LTMD-CN3-G1972,1972,3,41,3,44,94.58,0.0227,text_detected,,,,mixed_text_image,medium,OCR_MODERATE_TEXT,text_present,PAGESTRUCT_CN_WAVE2_0.1
LTMD-CN3-G1972-VP042,LTMD-CN3-G1972,1972,3,42,3,20,93.85,0.0500,text_detected,,,,mixed_text_image,medium,OCR_MODERATE_TEXT,text_present,PAGESTRUCT_CN_WAVE2_0.1
LTMD-CN3-G1972-VP043,LTMD-CN3-G1972,1972,3,43,3,34,94.20,0.0294,text_detected,,,,mixed_text_image,medium,OCR_MODERATE_TEXT,text_present,PAGESTRUCT_CN_WAVE2_0.1
LTMD-CN3-G1972-VP044,LTMD-CN3-G1972,1972,3,44,6,53,33.99,0.8491,text_detected,,,,visual_only,high,OCR_VISUAL_NOISE,fallback_psm;visual_noise,PAGESTRUCT_CN_WAVE2_0.1
LTMD-CN3-G1972-VP045,LTMD-CN3-G1972,1972,3,45,3,73,92.40,0.0274,text_detected,,,,mixed_text_image,medium,OCR_MODERATE_TEXT,text_present,PAGESTRUCT_CN_WAVE2_0.1
LTMD-CN3-G1972-VP046,LTMD-CN3-G1972,1972,3,46,3,113,95.61,0.0000,text_detected,,,,mixed_text_image,medium,OCR_MODERATE_TEXT,text_present,PAGESTRUCT_CN_WAVE2_0.1
LTMD-CN3-G1972-VP047,LTMD-CN3-G1972,1972,3,47,3,81,93.01,0.0247,text_detected,,,,mixed_text_image,medium,OCR_MODERATE_TEXT,text_present,PAGESTRUCT_CN_WAVE2_0.1
LTMD-CN3-G1972-VP048,LTMD-CN3-G1972,1972,3,48,3,54,95.62,0.0000,text_detected,,,,mixed_text_image,medium,OCR_MODERATE_TEXT,text_present,PAGESTRUCT_CN_WAVE2_0.1
LTMD-CN3-G1972-VP049,LTMD-CN3-G1972,1972,3,49,3,74,92.25,0.0270,text_detected,,,,mixed_text_image,medium,OCR_MODERATE_TEXT,text_present,PAGESTRUCT_CN_WAVE2_0.1
LTMD-CN3-G1972-VP050,LTMD-CN3-G1972,1972,3,50,3,10,95.65,0.0000,text_detected,,,,mixed_text_image,low,OCR_SPARSE_HIGH_CONF,,PAGESTRUCT_CN_WAVE2_0.1
LTMD-CN3-G1972-VP051,LTMD-CN3-G1972,1972,3,51,3,52,95.53,0.0000,text_detected,,,,mixed_text_image,medium,OCR_MODERATE_TEXT,text_present,PAGESTRUCT_CN_WAVE2_0.1
LTMD-CN3-G1972-VP052,LTMD-CN3-G1972,1972,3,52,3,17,91.13,0.0000,text_detected,,,,mixed_text_image,low,OCR_SPARSE_HIGH_CONF,,PAGESTRUCT_CN_WAVE2_0.1
LTMD-CN3-G1972-VP053,LTMD-CN3-G1972,1972,3,53,3,93,94.32,0.0108,text_detected,,,,mixed_text_image,medium,OCR_MODERATE_TEXT,text_present,PAGESTRUCT_CN_WAVE2_0.1
LTMD-CN3-G1972-VP054,LTMD-CN3-G1972,1972,3,54,3,61,95.54,0.0000,text_detected,,,,mixed_text_image,medium,OCR_MODERATE_TEXT,text_present,PAGESTRUCT_CN_WAVE2_0.1
LTMD-CN3-G1972-VP055,LTMD-CN3-G1972,1972,3,55,3,70,94.42,0.0286,text_detected,,,,mixed_text_image,medium,OCR_MODERATE_TEXT,text_present,PAGESTRUCT_CN_WAVE2_0.1
LTMD-CN3-G1972-VP056,LTMD-CN3-G1972,1972,3,56,3,37,93.15,0.0270,text_detected,,,,mixed_text_image,medium,OCR_MODERATE_TEXT,text_present,PAGESTRUCT_CN_WAVE2_0.1
LTMD-CN3-G1972-VP057,LTMD-CN3-G1972,1972,3,57,3,1,93.73,0.0000,text_detected,,,,unknown,low,CONSERVATIVE_UNKNOWN,,PAGESTRUCT_CN_WAVE2_0.1
LTMD-CN3-G1972-VP058,LTMD-CN3-G1972,1972,3,58,3,21,95.92,0.0000,text_detected,,,,mixed_text_image,medium,OCR_MODERATE_TEXT,text_present,PAGESTRUCT_CN_WAVE2_0.1
LTMD-CN3-G1972-VP059,LTMD-CN3-G1972,1972,3,59,3,42,95.99,0.0000,text_detected,,,,mixed_text_image,medium,OCR_MODERATE_TEXT,text_present,PAGESTRUCT_CN_WAVE2_0.1
LTMD-CN3-G1972-VP060,LTMD-CN3-G1972,1972,3,60,3,15,95.55,0.0000,text_detected,,,,mixed_text_image,low,OCR_SPARSE_HIGH_CONF,,PAGESTRUCT_CN_WAVE2_0.1
LTMD-CN3-G1972-VP061,LTMD-CN3-G1972,1972,3,61,3,69,93.00,0.0290,text_detected,,,,mixed_text_image,medium,OCR_MODERATE_TEXT,text_present,PAGESTRUCT_CN_WAVE2_0.1
LTMD-CN3-G1972-VP062,LTMD-CN3-G1972,1972,3,62,3,57,94.15,0.0351,text_detected,,,,mixed_text_image,medium,OCR_MODERATE_TEXT,text_present,PAGESTRUCT_CN_WAVE2_0.1
LTMD-CN3-G1972-VP063,LTMD-CN3-G1972,1972,3,63,3,37,94.30,0.0000,text_detected,,,,mixed_text_image,medium,OCR_MODERATE_TEXT,text_present,PAGESTRUCT_CN_WAVE2_0.1
LTMD-CN3-G1972-VP064,LTMD-CN3-G1972,1972,3,64,3,50,95.18,0.0000,text_detected,,,,mixed_text_image,medium,OCR_MODERATE_TEXT,text_present,PAGESTRUCT_CN_WAVE2_0.1
LTMD-CN3-G1972-VP065,LTMD-CN3-G1972,1972,3,65,3,52,92.29,0.0385,text_detected,,,,mixed_text_image,medium,OCR_MODERATE_TEXT,text_present,PAGESTRUCT_CN_WAVE2_0.1
LTMD-CN3-G1972-VP066,LTMD-CN3-G1972,1972,3,66,3,8,95.08,0.0000,text_detected,,,,mixed_text_image,low,OCR_SPARSE_HIGH_CONF,,PAGESTRUCT_CN_WAVE2_0.1
LTMD-CN3-G1972-VP067,LTMD-CN3-G1972,1972,3,67,3,12,58.46,0.4167,text_detected,,,,unknown,low,CONSERVATIVE_UNKNOWN,,PAGESTRUCT_CN_WAVE2_0.1
LTMD-CN3-G1972-VP068,LTMD-CN3-G1972,1972,3,68,3,14,77.99,0.2857,text_detected,,,,mixed_text_image,low,OCR_SPARSE_HIGH_CONF,,PAGESTRUCT_CN_WAVE2_0.1
LTMD-CN3-G1972-VP069,LTMD-CN3-G1972,1972,3,69,11,38,25.98,0.9211,text_detected,,,,visual_only,high,OCR_VISUAL_NOISE,fallback_psm;visual_noise,PAGESTRUCT_CN_WAVE2_0.1
LTMD-CN3-G1972-VP070,LTMD-CN3-G1972,1972,3,70,3,38,95.66,0.0000,text_detected,,,,mixed_text_image,medium,OCR_MODERATE_TEXT,text_present,PAGESTRUCT_CN_WAVE2_0.1
LTMD-CN3-G1972-VP071,LTMD-CN3-G1972,1972,3,71,3,32,95.20,0.0000,text_detected,,,,mixed_text_image,medium,OCR_MODERATE_TEXT,text_present,PAGESTRUCT_CN_WAVE2_0.1
LTMD-CN3-G1972-VP072,LTMD-CN3-G1972,1972,3,72,3,14,95.44,0.0000,text_detected,,,,mixed_text_image,low,OCR_SPARSE_HIGH_CONF,,PAGESTRUCT_CN_WAVE2_0.1
LTMD-CN3-G1972-VP073,LTMD-CN3-G1972,1972,3,73,3,7,81.76,0.1429,text_detected,,,,mixed_text_image,low,OCR_SPARSE_HIGH_CONF,,PAGESTRUCT_CN_WAVE2_0.1
LTMD-CN3-G1972-VP074,LTMD-CN3-G1972,1972,3,74,3,11,95.08,0.0000,text_detected,,,,mixed_text_image,low,OCR_SPARSE_HIGH_CONF,,PAGESTRUCT_CN_WAVE2_0.1
LTMD-CN3-G1972-VP075,LTMD-CN3-G1972,1972,3,75,3,178,91.32,0.0618,text_detected,,,,textual,high,OCR_TEXT_RICH,text_rich,PAGESTRUCT_CN_WAVE2_0.1
LTMD-CN3-G1972-VP076,LTMD-CN3-G1972,1972,3,76,3,71,95.54,0.0000,text_detected,,,,mixed_text_image,medium,OCR_MODERATE_TEXT,text_present,PAGESTRUCT_CN_WAVE2_0.1
LTMD-CN3-G1972-VP077,LTMD-CN3-G1972,1972,3,77,3,56,92.93,0.0357,text_detected,,,,mixed_text_image,medium,OCR_MODERATE_TEXT,text_present,PAGESTRUCT_CN_WAVE2_0.1
LTMD-CN3-G1972-VP078,LTMD-CN3-G1972,1972,3,78,3,121,95.69,0.0000,text_detected,,,,textual,high,OCR_TEXT_RICH,text_rich,PAGESTRUCT_CN_WAVE2_0.1
LTMD-CN3-G1972-VP079,LTMD-CN3-G1972,1972,3,79,3,40,96.24,0.0000,text_detected,,,,mixed_text_image,medium,OCR_MODERATE_TEXT,text_present,PAGESTRUCT_CN_WAVE2_0.1
LTMD-CN3-G1972-VP080,LTMD-CN3-G1972,1972,3,80,3,45,95.74,0.0000,text_detected,,,,mixed_text_image,medium,OCR_MODERATE_TEXT,text_present,PAGESTRUCT_CN_WAVE2_0.1
LTMD-CN3-G1972-VP081,LTMD-CN3-G1972,1972,3,81,3,60,94.77,0.0167,text_detected,,,,mixed_text_image,medium,OCR_MODERATE_TEXT,text_present,PAGESTRUCT_CN_WAVE2_0.1
LTMD-CN3-G1972-VP082,LTMD-CN3-G1972,1972,3,82,3,34,96.40,0.0000,text_detected,,,,mixed_text_image,medium,OCR_MODERATE_TEXT,text_present,PAGESTRUCT_CN_WAVE2_0.1
LTMD-CN3-G1972-VP083,LTMD-CN3-G1972,1972,3,83,3,27,96.30,0.0000,text_detected,,,,mixed_text_image,medium,OCR_MODERATE_TEXT,text_present,PAGESTRUCT_CN_WAVE2_0.1
LTMD-CN3-G1972-VP084,LTMD-CN3-G1972,1972,3,84,3,9,96.73,0.0000,text_detected,,,,mixed_text_image,low,OCR_SPARSE_HIGH_CONF,,PAGESTRUCT_CN_WAVE2_0.1
LTMD-CN3-G1972-VP085,LTMD-CN3-G1972,1972,3,85,3,39,93.88,0.0000,text_detected,,,,mixed_text_image,medium,OCR_MODERATE_TEXT,text_present,PAGESTRUCT_CN_WAVE2_0.1
LTMD-CN3-G1972-VP086,LTMD-CN3-G1972,1972,3,86,3,58,91.97,0.0517,text_detected,,,,mixed_text_image,medium,OCR_MODERATE_TEXT,text_present,PAGESTRUCT_CN_WAVE2_0.1
LTMD-CN3-G1972-VP087,LTMD-CN3-G1972,1972,3,87,3,66,94.37,0.0000,text_detected,,,,mixed_text_image,medium,OCR_MODERATE_TEXT,text_present,PAGESTRUCT_CN_WAVE2_0.1
LTMD-CN3-G1972-VP088,LTMD-CN3-G1972,1972,3,88,3,27,88.88,0.1111,text_detected,,,,mixed_text_image,medium,OCR_MODERATE_TEXT,text_present,PAGESTRUCT_CN_WAVE2_0.1
LTMD-CN3-G1972-VP089,LTMD-CN3-G1972,1972,3,89,3,32,90.83,0.0625,text_detected,,,,mixed_text_image,medium,OCR_MODERATE_TEXT,text_present,PAGESTRUCT_CN_WAVE2_0.1
LTMD-CN3-G1972-VP090,LTMD-CN3-G1972,1972,3,90,3,47,95.87,0.0000,text_detected,,,,mixed_text_image,medium,OCR_MODERATE_TEXT,text_present,PAGESTRUCT_CN_WAVE2_0.1
LTMD-CN3-G1972-VP091,LTMD-CN3-G1972,1972,3,91,3,39,93.12,0.0000,text_detected,,,,mixed_text_image,medium,OCR_MODERATE_TEXT,text_present,PAGESTRUCT_CN_WAVE2_0.1
LTMD-CN3-G1972-VP092,LTMD-CN3-G1972,1972,3,92,3,21,96.37,0.0000,text_detected,,,,mixed_text_image,medium,OCR_MODERATE_TEXT,text_present,PAGESTRUCT_CN_WAVE2_0.1
LTMD-CN3-G1972-VP093,LTMD-CN3-G1972,1972,3,93,3,33,91.97,0.0303,text_detected,,,,mixed_text_image,medium,OCR_MODERATE_TEXT,text_present,PAGESTRUCT_CN_WAVE2_0.1
LTMD-CN3-G1972-VP094,LTMD-CN3-G1972,1972,3,94,3,73,95.14,0.0000,text_detected,,,,mixed_text_image,medium,OCR_MODERATE_TEXT,text_present,PAGESTRUCT_CN_WAVE2_0.1
LTMD-CN3-G1972-VP095,LTMD-CN3-G1972,1972,3,95,3,79,94.99,0.0000,text_detected,,,,mixed_text_image,medium,OCR_MODERATE_TEXT,text_present,PAGESTRUCT_CN_WAVE2_0.1
LTMD-CN3-G1972-VP096,LTMD-CN3-G1972,1972,3,96,3,32,95.61,0.0000,text_detected,,,,mixed_text_image,medium,OCR_MODERATE_TEXT,text_present,PAGESTRUCT_CN_WAVE2_0.1
LTMD-CN3-G1972-VP097,LTMD-CN3-G1972,1972,3,97,3,93,94.50,0.0215,text_detected,,,,mixed_text_image,medium,OCR_MODERATE_TEXT,text_present,PAGESTRUCT_CN_WAVE2_0.1
LTMD-CN3-G1972-VP098,LTMD-CN3-G1972,1972,3,98,11,11,59.43,0.6364,text_detected,,,,unknown,low,CONSERVATIVE_UNKNOWN,fallback_psm,PAGESTRUCT_CN_WAVE2_0.1
LTMD-CN3-G1972-VP099,LTMD-CN3-G1972,1972,3,99,3,165,95.60,0.0000,text_detected,,,,textual,high,OCR_TEXT_RICH,text_rich,PAGESTRUCT_CN_WAVE2_0.1
LTMD-CN3-G1972-VP100,LTMD-CN3-G1972,1972,3,100,3,46,95.04,0.0000,text_detected,,,,mixed_text_image,medium,OCR_MODERATE_TEXT,text_present,PAGESTRUCT_CN_WAVE2_0.1
LTMD-CN3-G1972-VP101,LTMD-CN3-G1972,1972,3,101,3,71,95.04,0.0000,text_detected,,,,mixed_text_image,medium,OCR_MODERATE_TEXT,text_present,PAGESTRUCT_CN_WAVE2_0.1
LTMD-CN3-G1972-VP102,LTMD-CN3-G1972,1972,3,102,3,94,95.58,0.0000,text_detected,,,,mixed_text_image,medium,OCR_MODERATE_TEXT,text_present,PAGESTRUCT_CN_WAVE2_0.1
LTMD-CN3-G1972-VP103,LTMD-CN3-G1972,1972,3,103,3,20,95.99,0.0000,text_detected,,,,mixed_text_image,medium,OCR_MODERATE_TEXT,text_present,PAGESTRUCT_CN_WAVE2_0.1
LTMD-CN3-G1972-VP104,LTMD-CN3-G1972,1972,3,104,6,120,34.65,0.8667,text_detected,,,,visual_only,high,OCR_VISUAL_NOISE,fallback_psm;visual_noise,PAGESTRUCT_CN_WAVE2_0.1
LTMD-CN3-G1972-VP105,LTMD-CN3-G1972,1972,3,105,11,41,34.83,0.8537,text_detected,,,,visual_only,high,OCR_VISUAL_NOISE,fallback_psm;visual_noise,PAGESTRUCT_CN_WAVE2_0.1
LTMD-CN3-G1972-VP106,LTMD-CN3-G1972,1972,3,106,3,102,95.19,0.0000,text_detected,,,,mixed_text_image,medium,OCR_MODERATE_TEXT,text_present,PAGESTRUCT_CN_WAVE2_0.1
LTMD-CN3-G1972-VP107,LTMD-CN3-G1972,1972,3,107,3,98,95.48,0.0102,text_detected,,,,mixed_text_image,medium,OCR_MODERATE_TEXT,text_present,PAGESTRUCT_CN_WAVE2_0.1
LTMD-CN3-G1972-VP108,LTMD-CN3-G1972,1972,3,108,3,46,92.87,0.0217,text_detected,,,,mixed_text_image,medium,OCR_MODERATE_TEXT,text_present,PAGESTRUCT_CN_WAVE2_0.1
LTMD-CN3-G1972-VP109,LTMD-CN3-G1972,1972,3,109,3,24,90.67,0.0417,text_detected,,,,mixed_text_image,medium,OCR_MODERATE_TEXT,text_present,PAGESTRUCT_CN_WAVE2_0.1
LTMD-CN3-G1972-VP110,LTMD-CN3-G1972,1972,3,110,3,81,94.62,0.0123,text_detected,,,,mixed_text_image,medium,OCR_MODERATE_TEXT,text_present,PAGESTRUCT_CN_WAVE2_0.1
LTMD-CN3-G1972-VP111,LTMD-CN3-G1972,1972,3,111,3,57,95.05,0.0175,text_detected,,,,mixed_text_image,medium,OCR_MODERATE_TEXT,text_present,PAGESTRUCT_CN_WAVE2_0.1
LTMD-CN3-G1972-VP112,LTMD-CN3-G1972,1972,3,112,3,127,93.66,0.0079,text_detected,,,,textual,high,OCR_TEXT_RICH,text_rich,PAGESTRUCT_CN_WAVE2_0.1
LTMD-CN3-G1972-VP113,LTMD-CN3-G1972,1972,3,113,3,121,94.13,0.0248,text_detected,,,,textual,high,OCR_TEXT_RICH,text_rich,PAGESTRUCT_CN_WAVE2_0.1
LTMD-CN3-G1972-VP114,LTMD-CN3-G1972,1972,3,114,3,109,95.24,0.0000,text_detected,,,,mixed_text_image,medium,OCR_MODERATE_TEXT,text_present,PAGESTRUCT_CN_WAVE2_0.1
LTMD-CN3-G1972-VP115,LTMD-CN3-G1972,1972,3,115,3,67,95.48,0.0000,text_detected,,,,mixed_text_image,medium,OCR_MODERATE_TEXT,text_present,PAGESTRUCT_CN_WAVE2_0.1
LTMD-CN3-G1972-VP116,LTMD-CN3-G1972,1972,3,116,3,43,96.15,0.0000,text_detected,,,,mixed_text_image,medium,OCR_MODERATE_TEXT,text_present,PAGESTRUCT_CN_WAVE2_0.1
LTMD-CN3-G1972-VP117,LTMD-CN3-G1972,1972,3,117,3,36,95.47,0.0000,text_detected,,,,mixed_text_image,medium,OCR_MODERATE_TEXT,text_present,PAGESTRUCT_CN_WAVE2_0.1
LTMD-CN3-G1972-VP118,LTMD-CN3-G1972,1972,3,118,3,84,95.55,0.0000,text_detected,,,,mixed_text_image,medium,OCR_MODERATE_TEXT,text_present,PAGESTRUCT_CN_WAVE2_0.1
LTMD-CN3-G1972-VP119,LTMD-CN3-G1972,1972,3,119,3,16,92.12,0.0625,text_detected,,,,mixed_text_image,low,OCR_SPARSE_HIGH_CONF,,PAGESTRUCT_CN_WAVE2_0.1
LTMD-CN3-G1972-VP120,LTMD-CN3-G1972,1972,3,120,3,20,96.24,0.0000,text_detected,,,,mixed_text_image,medium,OCR_MODERATE_TEXT,text_present,PAGESTRUCT_CN_WAVE2_0.1
LTMD-CN3-G1972-VP121,LTMD-CN3-G1972,1972,3,121,3,67,92.32,0.0448,text_detected,,,,mixed_text_image,medium,OCR_MODERATE_TEXT,text_present,PAGESTRUCT_CN_WAVE2_0.1
LTMD-CN3-G1972-VP122,LTMD-CN3-G1972,1972,3,122,3,103,94.47,0.0000,text_detected,,,,mixed_text_image,medium,OCR_MODERATE_TEXT,text_present,PAGESTRUCT_CN_WAVE2_0.1
LTMD-CN3-G1972-VP123,LTMD-CN3-G1972,1972,3,123,3,41,92.69,0.0488,text_detected,,,,mixed_text_image,medium,OCR_MODERATE_TEXT,text_present,PAGESTRUCT_CN_WAVE2_0.1
LTMD-CN3-G1972-VP124,LTMD-CN3-G1972,1972,3,124,3,61,95.60,0.0000,text_detected,,,,mixed_text_image,medium,OCR_MODERATE_TEXT,text_present,PAGESTRUCT_CN_WAVE2_0.1
LTMD-CN3-G1972-VP125,LTMD-CN3-G1972,1972,3,125,3,88,95.13,0.0000,text_detected,,,,mixed_text_image,medium,OCR_MODERATE_TEXT,text_present,PAGESTRUCT_CN_WAVE2_0.1
LTMD-CN3-G1972-VP126,LTMD-CN3-G1972,1972,3,126,3,8,94.47,0.0000,text_detected,,,,mixed_text_image,low,OCR_SPARSE_HIGH_CONF,,PAGESTRUCT_CN_WAVE2_0.1
LTMD-CN3-G1972-VP127,LTMD-CN3-G1972,1972,3,127,3,15,84.95,0.1333,text_detected,,,,mixed_text_image,low,OCR_SPARSE_HIGH_CONF,,PAGESTRUCT_CN_WAVE2_0.1
LTMD-CN3-G1972-VP128,LTMD-CN3-G1972,1972,3,128,3,25,94.79,0.0000,text_detected,,,,mixed_text_image,medium,OCR_MODERATE_TEXT,text_present,PAGESTRUCT_CN_WAVE2_0.1
LTMD-CN3-G1972-VP129,LTMD-CN3-G1972,1972,3,129,3,67,90.59,0.0597,text_detected,,,,mixed_text_image,medium,OCR_MODERATE_TEXT,text_present,PAGESTRUCT_CN_WAVE2_0.1
LTMD-CN3-G1972-VP130,LTMD-CN3-G1972,1972,3,130,3,77,93.65,0.0260,text_detected,,,,mixed_text_image,medium,OCR_MODERATE_TEXT,text_present,PAGESTRUCT_CN_WAVE2_0.1
LTMD-CN3-G1972-VP131,LTMD-CN3-G1972,1972,3,131,3,90,94.72,0.0000,text_detected,0,0,0,mixed_text_image,medium,OCR_MODERATE_TEXT,end_zone;text_present,PAGESTRUCT_CN_WAVE2_0.1
LTMD-CN3-G1972-VP132,LTMD-CN3-G1972,1972,3,132,3,75,92.39,0.0533,text_detected,0,0,0,mixed_text_image,medium,OCR_MODERATE_TEXT,end_zone;text_present,PAGESTRUCT_CN_WAVE2_0.1
LTMD-CN3-G1972-VP133,LTMD-CN3-G1972,1972,3,133,3,54,93.60,0.0000,text_detected,0,0,0,mixed_text_image,medium,OCR_MODERATE_TEXT,end_zone;text_present,PAGESTRUCT_CN_WAVE2_0.1
LTMD-CN3-G1972-VP134,LTMD-CN3-G1972,1972,3,134,3,76,93.43,0.0263,text_detected,0,0,0,mixed_text_image,medium,OCR_MODERATE_TEXT,end_zone;text_present,PAGESTRUCT_CN_WAVE2_0.1
LTMD-CN3-G1972-VP135,LTMD-CN3-G1972,1972,3,135,3,50,95.37,0.0000,text_detected,0,0,0,mixed_text_image,medium,OCR_MODERATE_TEXT,end_zone;text_present,PAGESTRUCT_CN_WAVE2_0.1
LTMD-CN3-G1972-VP136,LTMD-CN3-G1972,1972,3,136,3,12,96.38,0.0000,text_detected,0,0,0,mixed_text_image,low,OCR_SPARSE_HIGH_CONF,end_zone,PAGESTRUCT_CN_WAVE2_0.1
LTMD-CN3-G1972-VP137,LTMD-CN3-G1972,1972,3,137,3,23,95.21,0.0000,text_detected,0,0,0,mixed_text_image,medium,OCR_MODERATE_TEXT,end_zone;text_present,PAGESTRUCT_CN_WAVE2_0.1
LTMD-CN3-G1972-VP138,LTMD-CN3-G1972,1972,3,138,3,56,95.34,0.0000,text_detected,0,0,0,mixed_text_image,medium,OCR_MODERATE_TEXT,end_zone;text_present,PAGESTRUCT_CN_WAVE2_0.1
LTMD-CN3-G1972-VP139,LTMD-CN3-G1972,1972,3,139,3,54,95.46,0.0000,text_detected,0,0,0,mixed_text_image,medium,OCR_MODERATE_TEXT,end_zone;text_present,PAGESTRUCT_CN_WAVE2_0.1
LTMD-CN3-G1972-VP140,LTMD-CN3-G1972,1972,3,140,3,60,93.39,0.0167,text_detected,0,0,0,mixed_text_image,medium,OCR_MODERATE_TEXT,end_zone;text_present,PAGESTRUCT_CN_WAVE2_0.1
LTMD-CN3-G1972-VP141,LTMD-CN3-G1972,1972,3,141,3,57,95.11,0.0000,text_detected,0,0,0,mixed_text_image,medium,OCR_MODERATE_TEXT,end_zone;text_present,PAGESTRUCT_CN_WAVE2_0.1
LTMD-CN3-G1972-VP142,LTMD-CN3-G1972,1972,3,142,3,80,94.59,0.0250,text_detected,0,0,0,mixed_text_image,medium,OCR_MODERATE_TEXT,end_zone;text_present,PAGESTRUCT_CN_WAVE2_0.1
LTMD-CN3-G1972-VP143,LTMD-CN3-G1972,1972,3,143,6,36,35.19,0.8611,text_detected,0,0,0,visual_only,high,OCR_VISUAL_NOISE,end_zone;fallback_psm;visual_noise,PAGESTRUCT_CN_WAVE2_0.1
LTMD-CN3-G1972-VP144,LTMD-CN3-G1972,1972,3,144,3,41,65.73,0.3659,text_detected,0,0,0,mixed_text_image,medium,OCR_MODERATE_TEXT,end_zone;text_present,PAGESTRUCT_CN_WAVE2_0.1
LTMD-CN3-G1972-VP145,LTMD-CN3-G1972,1972,3,145,3,146,82.10,0.1438,text_detected,0,0,0,textual,high,OCR_TEXT_RICH,end_zone;text_rich,PAGESTRUCT_CN_WAVE2_0.1
LTMD-CN3-G1972-VP146,LTMD-CN3-G1972,1972,3,146,6,180,22.60,0.9667,text_detected,0,0,0,visual_only,high,OCR_VISUAL_NOISE,end_zone;fallback_psm;visual_noise,PAGESTRUCT_CN_WAVE2_0.1
LTMD-CN3-G1982-VP001,LTMD-CN3-G1982,1982,3,1,6,23,30.52,0.9565,text_detected,0,0,0,visual_only,high,OCR_VISUAL_NOISE,front_zone;fallback_psm;visual_noise,PAGESTRUCT_CN_WAVE2_0.1
LTMD-CN3-G1982-VP002,LTMD-CN3-G1982,1982,3,2,3,212,85.86,0.0802,text_detected,0,1,3,bibliography_or_credits,high,KW_BIBLIO_CREDITS,front_zone;text_rich;nav_kw;biblio_credit_kw,PAGESTRUCT_CN_WAVE2_0.1
LTMD-CN3-G1982-VP003,LTMD-CN3-G1982,1982,3,3,3,342,91.85,0.0380,text_detected,0,0,0,textual,high,OCR_TEXT_RICH,front_zone;text_rich,PAGESTRUCT_CN_WAVE2_0.1
LTMD-CN3-G1982-VP004,LTMD-CN3-G1982,1982,3,4,3,369,94.05,0.0136,text_detected,0,0,0,textual,high,OCR_TEXT_RICH,front_zone;text_rich,PAGESTRUCT_CN_WAVE2_0.1
LTMD-CN3-G1982-VP005,LTMD-CN3-G1982,1982,3,5,3,122,81.43,0.1393,text_detected,0,1,1,bibliography_or_credits,medium,KW_BIBLIO_CREDITS,front_zone;text_rich;nav_kw;biblio_credit_kw,PAGESTRUCT_CN_WAVE2_0.1
LTMD-CN3-G1982-VP006,LTMD-CN3-G1982,1982,3,6,6,22,32.27,0.9091,text_detected,0,0,0,visual_only,high,OCR_VISUAL_NOISE,front_zone;fallback_psm;visual_noise,PAGESTRUCT_CN_WAVE2_0.1
LTMD-CN3-G1982-VP007,LTMD-CN3-G1982,1982,3,7,6,86,32.63,0.9070,text_detected,0,0,0,visual_only,high,OCR_VISUAL_NOISE,front_zone;fallback_psm;visual_noise,PAGESTRUCT_CN_WAVE2_0.1
LTMD-CN3-G1982-VP008,LTMD-CN3-G1982,1982,3,8,3,100,93.35,0.0100,text_detected,0,0,0,mixed_text_image,medium,OCR_MODERATE_TEXT,front_zone;text_present,PAGESTRUCT_CN_WAVE2_0.1
LTMD-CN3-G1982-VP009,LTMD-CN3-G1982,1982,3,9,3,56,87.07,0.1429,text_detected,0,0,0,mixed_text_image,medium,OCR_MODERATE_TEXT,front_zone;text_present,PAGESTRUCT_CN_WAVE2_0.1
LTMD-CN3-G1982-VP010,LTMD-CN3-G1982,1982,3,10,3,67,91.61,0.0149,text_detected,0,0,0,mixed_text_image,medium,OCR_MODERATE_TEXT,front_zone;text_present,PAGESTRUCT_CN_WAVE2_0.1
LTMD-CN3-G1982-VP011,LTMD-CN3-G1982,1982,3,11,3,59,94.88,0.0000,text_detected,0,0,0,mixed_text_image,medium,OCR_MODERATE_TEXT,front_zone;text_present,PAGESTRUCT_CN_WAVE2_0.1
LTMD-CN3-G1982-VP012,LTMD-CN3-G1982,1982,3,12,3,60,91.67,0.0333,text_detected,0,0,0,mixed_text_image,medium,OCR_MODERATE_TEXT,front_zone;text_present,PAGESTRUCT_CN_WAVE2_0.1
LTMD-CN3-G1982-VP013,LTMD-CN3-G1982,1982,3,13,3,88,92.82,0.0114,text_detected,0,0,0,mixed_text_image,medium,OCR_MODERATE_TEXT,front_zone;text_present,PAGESTRUCT_CN_WAVE2_0.1
LTMD-CN3-G1982-VP014,LTMD-CN3-G1982,1982,3,14,3,52,92.49,0.0192,text_detected,0,0,0,mixed_text_image,medium,OCR_MODERATE_TEXT,front_zone;text_present,PAGESTRUCT_CN_WAVE2_0.1
LTMD-CN3-G1982-VP015,LTMD-CN3-G1982,1982,3,15,3,83,88.28,0.0602,text_detected,0,0,0,mixed_text_image,medium,OCR_MODERATE_TEXT,front_zone;text_present,PAGESTRUCT_CN_WAVE2_0.1
LTMD-CN3-G1982-VP016,LTMD-CN3-G1982,1982,3,16,3,55,83.43,0.1273,text_detected,0,0,0,mixed_text_image,medium,OCR_MODERATE_TEXT,front_zone;text_present,PAGESTRUCT_CN_WAVE2_0.1
LTMD-CN3-G1982-VP017,LTMD-CN3-G1982,1982,3,17,3,96,93.45,0.0104,text_detected,,,,mixed_text_image,medium,OCR_MODERATE_TEXT,text_present,PAGESTRUCT_CN_WAVE2_0.1
LTMD-CN3-G1982-VP018,LTMD-CN3-G1982,1982,3,18,3,58,92.55,0.0345,text_detected,,,,mixed_text_image,medium,OCR_MODERATE_TEXT,text_present,PAGESTRUCT_CN_WAVE2_0.1
LTMD-CN3-G1982-VP019,LTMD-CN3-G1982,1982,3,19,3,81,93.13,0.0247,text_detected,,,,mixed_text_image,medium,OCR_MODERATE_TEXT,text_present,PAGESTRUCT_CN_WAVE2_0.1
LTMD-CN3-G1982-VP020,LTMD-CN3-G1982,1982,3,20,3,69,93.01,0.0290,text_detected,,,,mixed_text_image,medium,OCR_MODERATE_TEXT,text_present,PAGESTRUCT_CN_WAVE2_0.1
LTMD-CN3-G1982-VP021,LTMD-CN3-G1982,1982,3,21,3,98,92.55,0.0204,text_detected,,,,mixed_text_image,medium,OCR_MODERATE_TEXT,text_present,PAGESTRUCT_CN_WAVE2_0.1
LTMD-CN3-G1982-VP022,LTMD-CN3-G1982,1982,3,22,3,76,92.72,0.0395,text_detected,,,,mixed_text_image,medium,OCR_MODERATE_TEXT,text_present,PAGESTRUCT_CN_WAVE2_0.1
LTMD-CN3-G1982-VP023,LTMD-CN3-G1982,1982,3,23,3,23,94.71,0.0000,text_detected,,,,mixed_text_image,medium,OCR_MODERATE_TEXT,text_present,PAGESTRUCT_CN_WAVE2_0.1
LTMD-CN3-G1982-VP024,LTMD-CN3-G1982,1982,3,24,3,126,89.79,0.0873,text_detected,,,,textual,high,OCR_TEXT_RICH,text_rich,PAGESTRUCT_CN_WAVE2_0.1
LTMD-CN3-G1982-VP025,LTMD-CN3-G1982,1982,3,25,3,82,92.84,0.0366,text_detected,,,,mixed_text_image,medium,OCR_MODERATE_TEXT,text_present,PAGESTRUCT_CN_WAVE2_0.1
LTMD-CN3-G1982-VP026,LTMD-CN3-G1982,1982,3,26,3,14,19.47,0.9286,text_detected,,,,unknown,low,CONSERVATIVE_UNKNOWN,,PAGESTRUCT_CN_WAVE2_0.1
LTMD-CN3-G1982-VP027,LTMD-CN3-G1982,1982,3,27,3,84,93.51,0.0000,text_detected,,,,mixed_text_image,medium,OCR_MODERATE_TEXT,text_present,PAGESTRUCT_CN_WAVE2_0.1
LTMD-CN3-G1982-VP028,LTMD-CN3-G1982,1982,3,28,3,149,93.10,0.0268,text_detected,,,,textual,high,OCR_TEXT_RICH,text_rich,PAGESTRUCT_CN_WAVE2_0.1
LTMD-CN3-G1982-VP029,LTMD-CN3-G1982,1982,3,29,3,159,92.25,0.0377,text_detected,,,,textual,high,OCR_TEXT_RICH,text_rich,PAGESTRUCT_CN_WAVE2_0.1
LTMD-CN3-G1982-VP030,LTMD-CN3-G1982,1982,3,30,3,105,93.11,0.0190,text_detected,,,,mixed_text_image,medium,OCR_MODERATE_TEXT,text_present,PAGESTRUCT_CN_WAVE2_0.1
LTMD-CN3-G1982-VP031,LTMD-CN3-G1982,1982,3,31,3,65,95.75,0.0000,text_detected,,,,mixed_text_image,medium,OCR_MODERATE_TEXT,text_present,PAGESTRUCT_CN_WAVE2_0.1
LTMD-CN3-G1982-VP032,LTMD-CN3-G1982,1982,3,32,3,76,95.07,0.0132,text_detected,,,,mixed_text_image,medium,OCR_MODERATE_TEXT,text_present,PAGESTRUCT_CN_WAVE2_0.1
LTMD-CN3-G1982-VP033,LTMD-CN3-G1982,1982,3,33,3,154,91.64,0.0455,text_detected,,,,textual,high,OCR_TEXT_RICH,text_rich,PAGESTRUCT_CN_WAVE2_0.1
LTMD-CN3-G1982-VP034,LTMD-CN3-G1982,1982,3,34,3,176,91.61,0.0568,text_detected,,,,textual,high,OCR_TEXT_RICH,text_rich,PAGESTRUCT_CN_WAVE2_0.1
LTMD-CN3-G1982-VP035,LTMD-CN3-G1982,1982,3,35,3,77,93.58,0.0390,text_detected,,,,mixed_text_image,medium,OCR_MODERATE_TEXT,text_present,PAGESTRUCT_CN_WAVE2_0.1
LTMD-CN3-G1982-VP036,LTMD-CN3-G1982,1982,3,36,3,110,94.21,0.0182,text_detected,,,,mixed_text_image,medium,OCR_MODERATE_TEXT,text_present,PAGESTRUCT_CN_WAVE2_0.1
LTMD-CN3-G1982-VP037,LTMD-CN3-G1982,1982,3,37,3,112,93.09,0.0089,text_detected,,,,mixed_text_image,medium,OCR_MODERATE_TEXT,text_present,PAGESTRUCT_CN_WAVE2_0.1
LTMD-CN3-G1982-VP038,LTMD-CN3-G1982,1982,3,38,3,35,81.68,0.1714,text_detected,,,,mixed_text_image,medium,OCR_MODERATE_TEXT,text_present,PAGESTRUCT_CN_WAVE2_0.1
LTMD-CN3-G1982-VP039,LTMD-CN3-G1982,1982,3,39,6,27,40.34,0.7407,text_detected,,,,visual_only,medium,OCR_VISUAL_NOISE,fallback_psm;visual_noise,PAGESTRUCT_CN_WAVE2_0.1
LTMD-CN3-G1982-VP040,LTMD-CN3-G1982,1982,3,40,3,52,90.10,0.0577,text_detected,,,,mixed_text_image,medium,OCR_MODERATE_TEXT,text_present,PAGESTRUCT_CN_WAVE2_0.1
LTMD-CN3-G1982-VP041,LTMD-CN3-G1982,1982,3,41,3,97,92.84,0.0206,text_detected,,,,mixed_text_image,medium,OCR_MODERATE_TEXT,text_present,PAGESTRUCT_CN_WAVE2_0.1
LTMD-CN3-G1982-VP042,LTMD-CN3-G1982,1982,3,42,3,1,25.46,1.0000,text_detected,,,,visual_only,medium,OCR_VISUAL_NOISE,visual_noise,PAGESTRUCT_CN_WAVE2_0.1
LTMD-CN3-G1982-VP043,LTMD-CN3-G1982,1982,3,43,3,56,93.23,0.0179,text_detected,,,,mixed_text_image,medium,OCR_MODERATE_TEXT,text_present,PAGESTRUCT_CN_WAVE2_0.1
LTMD-CN3-G1982-VP044,LTMD-CN3-G1982,1982,3,44,3,103,81.65,0.1650,text_detected,,,,mixed_text_image,medium,OCR_MODERATE_TEXT,text_present,PAGESTRUCT_CN_WAVE2_0.1
LTMD-CN3-G1982-VP045,LTMD-CN3-G1982,1982,3,45,3,1,94.66,0.0000,text_detected,,,,unknown,low,CONSERVATIVE_UNKNOWN,,PAGESTRUCT_CN_WAVE2_0.1
LTMD-CN3-G1982-VP046,LTMD-CN3-G1982,1982,3,46,6,67,32.11,0.8955,text_detected,,,,visual_only,high,OCR_VISUAL_NOISE,fallback_psm;visual_noise,PAGESTRUCT_CN_WAVE2_0.1
LTMD-CN3-G1982-VP047,LTMD-CN3-G1982,1982,3,47,3,58,88.90,0.0862,text_detected,,,,mixed_text_image,medium,OCR_MODERATE_TEXT,text_present,PAGESTRUCT_CN_WAVE2_0.1
LTMD-CN3-G1982-VP048,LTMD-CN3-G1982,1982,3,48,3,38,95.59,0.0000,text_detected,,,,mixed_text_image,medium,OCR_MODERATE_TEXT,text_present,PAGESTRUCT_CN_WAVE2_0.1
LTMD-CN3-G1982-VP049,LTMD-CN3-G1982,1982,3,49,3,37,90.80,0.0000,text_detected,,,,mixed_text_image,medium,OCR_MODERATE_TEXT,text_present,PAGESTRUCT_CN_WAVE2_0.1
LTMD-CN3-G1982-VP050,LTMD-CN3-G1982,1982,3,50,3,41,89.45,0.0732,text_detected,,,,mixed_text_image,medium,OCR_MODERATE_TEXT,text_present,PAGESTRUCT_CN_WAVE2_0.1
LTMD-CN3-G1982-VP051,LTMD-CN3-G1982,1982,3,51,3,1,57.34,1.0000,text_detected,,,,unknown,low,CONSERVATIVE_UNKNOWN,,PAGESTRUCT_CN_WAVE2_0.1
LTMD-CN3-G1982-VP052,LTMD-CN3-G1982,1982,3,52,3,80,94.68,0.0125,text_detected,,,,mixed_text_image,medium,OCR_MODERATE_TEXT,text_present,PAGESTRUCT_CN_WAVE2_0.1
LTMD-CN3-G1982-VP053,LTMD-CN3-G1982,1982,3,53,3,64,91.44,0.0469,text_detected,,,,mixed_text_image,medium,OCR_MODERATE_TEXT,text_present,PAGESTRUCT_CN_WAVE2_0.1
LTMD-CN3-G1982-VP054,LTMD-CN3-G1982,1982,3,54,3,76,90.73,0.0658,text_detected,,,,mixed_text_image,medium,OCR_MODERATE_TEXT,text_present,PAGESTRUCT_CN_WAVE2_0.1
LTMD-CN3-G1982-VP055,LTMD-CN3-G1982,1982,3,55,3,79,93.57,0.0253,text_detected,,,,mixed_text_image,medium,OCR_MODERATE_TEXT,text_present,PAGESTRUCT_CN_WAVE2_0.1
LTMD-CN3-G1982-VP056,LTMD-CN3-G1982,1982,3,56,3,118,93.78,0.0169,text_detected,,,,mixed_text_image,medium,OCR_MODERATE_TEXT,text_present,PAGESTRUCT_CN_WAVE2_0.1
LTMD-CN3-G1982-VP057,LTMD-CN3-G1982,1982,3,57,3,11,92.04,0.0909,text_detected,,,,mixed_text_image,low,OCR_SPARSE_HIGH_CONF,,PAGESTRUCT_CN_WAVE2_0.1
LTMD-CN3-G1982-VP058,LTMD-CN3-G1982,1982,3,58,3,171,92.72,0.0351,text_detected,,,,textual,high,OCR_TEXT_RICH,text_rich,PAGESTRUCT_CN_WAVE2_0.1
LTMD-CN3-G1982-VP059,LTMD-CN3-G1982,1982,3,59,3,71,90.46,0.0845,text_detected,,,,mixed_text_image,medium,OCR_MODERATE_TEXT,text_present,PAGESTRUCT_CN_WAVE2_0.1
LTMD-CN3-G1982-VP060,LTMD-CN3-G1982,1982,3,60,3,46,93.77,0.0435,text_detected,,,,mixed_text_image,medium,OCR_MODERATE_TEXT,text_present,PAGESTRUCT_CN_WAVE2_0.1
LTMD-CN3-G1982-VP061,LTMD-CN3-G1982,1982,3,61,3,103,92.72,0.0291,text_detected,,,,mixed_text_image,medium,OCR_MODERATE_TEXT,text_present,PAGESTRUCT_CN_WAVE2_0.1
LTMD-CN3-G1982-VP062,LTMD-CN3-G1982,1982,3,62,3,93,89.08,0.0968,text_detected,,,,mixed_text_image,medium,OCR_MODERATE_TEXT,text_present,PAGESTRUCT_CN_WAVE2_0.1
LTMD-CN3-G1982-VP063,LTMD-CN3-G1982,1982,3,63,3,55,88.71,0.0909,text_detected,,,,mixed_text_image,medium,OCR_MODERATE_TEXT,text_present,PAGESTRUCT_CN_WAVE2_0.1
LTMD-CN3-G1982-VP064,LTMD-CN3-G1982,1982,3,64,3,7,96.30,0.0000,text_detected,,,,mixed_text_image,low,OCR_SPARSE_HIGH_CONF,,PAGESTRUCT_CN_WAVE2_0.1
LTMD-CN3-G1982-VP065,LTMD-CN3-G1982,1982,3,65,3,38,92.59,0.0263,text_detected,,,,mixed_text_image,medium,OCR_MODERATE_TEXT,text_present,PAGESTRUCT_CN_WAVE2_0.1
LTMD-CN3-G1982-VP066,LTMD-CN3-G1982,1982,3,66,3,81,93.80,0.0000,text_detected,,,,mixed_text_image,medium,OCR_MODERATE_TEXT,text_present,PAGESTRUCT_CN_WAVE2_0.1
LTMD-CN3-G1982-VP067,LTMD-CN3-G1982,1982,3,67,3,76,94.76,0.0132,text_detected,,,,mixed_text_image,medium,OCR_MODERATE_TEXT,text_present,PAGESTRUCT_CN_WAVE2_0.1
LTMD-CN3-G1982-VP068,LTMD-CN3-G1982,1982,3,68,6,43,31.04,0.9070,text_detected,,,,visual_only,high,OCR_VISUAL_NOISE,fallback_psm;visual_noise,PAGESTRUCT_CN_WAVE2_0.1
LTMD-CN3-G1982-VP069,LTMD-CN3-G1982,1982,3,69,6,103,41.42,0.7087,text_detected,,,,visual_only,medium,OCR_VISUAL_NOISE,fallback_psm;visual_noise,PAGESTRUCT_CN_WAVE2_0.1
LTMD-CN3-G1982-VP070,LTMD-CN3-G1982,1982,3,70,3,66,94.20,0.0152,text_detected,,,,mixed_text_image,medium,OCR_MODERATE_TEXT,text_present,PAGESTRUCT_CN_WAVE2_0.1
LTMD-CN3-G1982-VP071,LTMD-CN3-G1982,1982,3,71,6,105,34.17,0.8952,text_detected,,,,visual_only,high,OCR_VISUAL_NOISE,fallback_psm;visual_noise,PAGESTRUCT_CN_WAVE2_0.1
LTMD-CN3-G1982-VP072,LTMD-CN3-G1982,1982,3,72,3,167,95.10,0.0120,text_detected,,,,textual,high,OCR_TEXT_RICH,text_rich,PAGESTRUCT_CN_WAVE2_0.1
LTMD-CN3-G1982-VP073,LTMD-CN3-G1982,1982,3,73,3,118,94.53,0.0085,text_detected,,,,mixed_text_image,medium,OCR_MODERATE_TEXT,text_present,PAGESTRUCT_CN_WAVE2_0.1
LTMD-CN3-G1982-VP074,LTMD-CN3-G1982,1982,3,74,3,85,94.94,0.0000,text_detected,,,,mixed_text_image,medium,OCR_MODERATE_TEXT,text_present,PAGESTRUCT_CN_WAVE2_0.1
LTMD-CN3-G1982-VP075,LTMD-CN3-G1982,1982,3,75,3,39,92.72,0.0256,text_detected,,,,mixed_text_image,medium,OCR_MODERATE_TEXT,text_present,PAGESTRUCT_CN_WAVE2_0.1
LTMD-CN3-G1982-VP076,LTMD-CN3-G1982,1982,3,76,3,102,89.36,0.0490,text_detected,,,,mixed_text_image,medium,OCR_MODERATE_TEXT,text_present,PAGESTRUCT_CN_WAVE2_0.1
LTMD-CN3-G1982-VP077,LTMD-CN3-G1982,1982,3,77,3,81,92.39,0.0370,text_detected,,,,mixed_text_image,medium,OCR_MODERATE_TEXT,text_present,PAGESTRUCT_CN_WAVE2_0.1
LTMD-CN3-G1982-VP078,LTMD-CN3-G1982,1982,3,78,3,136,89.91,0.0662,text_detected,,,,textual,high,OCR_TEXT_RICH,text_rich,PAGESTRUCT_CN_WAVE2_0.1
LTMD-CN3-G1982-VP079,LTMD-CN3-G1982,1982,3,79,3,92,89.86,0.0652,text_detected,,,,mixed_text_image,medium,OCR_MODERATE_TEXT,text_present,PAGESTRUCT_CN_WAVE2_0.1
LTMD-CN3-G1982-VP080,LTMD-CN3-G1982,1982,3,80,3,91,91.93,0.0440,text_detected,,,,mixed_text_image,medium,OCR_MODERATE_TEXT,text_present,PAGESTRUCT_CN_WAVE2_0.1
LTMD-CN3-G1982-VP081,LTMD-CN3-G1982,1982,3,81,3,122,94.58,0.0082,text_detected,,,,textual,high,OCR_TEXT_RICH,text_rich,PAGESTRUCT_CN_WAVE2_0.1
LTMD-CN3-G1982-VP082,LTMD-CN3-G1982,1982,3,82,3,155,91.00,0.0452,text_detected,,,,textual,high,OCR_TEXT_RICH,text_rich,PAGESTRUCT_CN_WAVE2_0.1
LTMD-CN3-G1982-VP083,LTMD-CN3-G1982,1982,3,83,3,79,88.23,0.1013,text_detected,,,,mixed_text_image,medium,OCR_MODERATE_TEXT,text_present,PAGESTRUCT_CN_WAVE2_0.1
LTMD-CN3-G1982-VP084,LTMD-CN3-G1982,1982,3,84,3,31,93.55,0.0323,text_detected,,,,mixed_text_image,medium,OCR_MODERATE_TEXT,text_present,PAGESTRUCT_CN_WAVE2_0.1
LTMD-CN3-G1982-VP085,LTMD-CN3-G1982,1982,3,85,3,11,90.70,0.0909,text_detected,,,,mixed_text_image,low,OCR_SPARSE_HIGH_CONF,,PAGESTRUCT_CN_WAVE2_0.1
LTMD-CN3-G1982-VP086,LTMD-CN3-G1982,1982,3,86,3,18,54.86,0.6111,text_detected,,,,unknown,low,CONSERVATIVE_UNKNOWN,,PAGESTRUCT_CN_WAVE2_0.1
LTMD-CN3-G1982-VP087,LTMD-CN3-G1982,1982,3,87,3,1,19.56,1.0000,text_detected,,,,visual_only,medium,OCR_VISUAL_NOISE,visual_noise,PAGESTRUCT_CN_WAVE2_0.1
LTMD-CN3-G1982-VP088,LTMD-CN3-G1982,1982,3,88,3,35,58.37,0.4286,text_detected,,,,unknown,low,CONSERVATIVE_UNKNOWN,,PAGESTRUCT_CN_WAVE2_0.1
LTMD-CN3-G1982-VP089,LTMD-CN3-G1982,1982,3,89,11,70,54.82,0.5143,text_detected,,,,unknown,low,CONSERVATIVE_UNKNOWN,fallback_psm,PAGESTRUCT_CN_WAVE2_0.1
LTMD-CN3-G1982-VP090,LTMD-CN3-G1982,1982,3,90,11,30,36.87,0.8333,text_detected,,,,visual_only,high,OCR_VISUAL_NOISE,fallback_psm;visual_noise,PAGESTRUCT_CN_WAVE2_0.1
LTMD-CN3-G1982-VP091,LTMD-CN3-G1982,1982,3,91,11,19,36.25,0.7895,text_detected,,,,visual_only,medium,OCR_VISUAL_NOISE,fallback_psm;visual_noise,PAGESTRUCT_CN_WAVE2_0.1
LTMD-CN3-G1982-VP092,LTMD-CN3-G1982,1982,3,92,3,74,92.90,0.0135,text_detected,,,,mixed_text_image,medium,OCR_MODERATE_TEXT,text_present,PAGESTRUCT_CN_WAVE2_0.1
LTMD-CN3-G1982-VP093,LTMD-CN3-G1982,1982,3,93,3,30,92.39,0.0333,text_detected,,,,mixed_text_image,medium,OCR_MODERATE_TEXT,text_present,PAGESTRUCT_CN_WAVE2_0.1
LTMD-CN3-G1982-VP094,LTMD-CN3-G1982,1982,3,94,3,41,94.83,0.0244,text_detected,,,,mixed_text_image,medium,OCR_MODERATE_TEXT,text_present,PAGESTRUCT_CN_WAVE2_0.1
LTMD-CN3-G1982-VP095,LTMD-CN3-G1982,1982,3,95,3,98,94.30,0.0204,text_detected,,,,mixed_text_image,medium,OCR_MODERATE_TEXT,text_present,PAGESTRUCT_CN_WAVE2_0.1
LTMD-CN3-G1982-VP096,LTMD-CN3-G1982,1982,3,96,3,167,93.51,0.0240,text_detected,,,,textual,high,OCR_TEXT_RICH,text_rich,PAGESTRUCT_CN_WAVE2_0.1
LTMD-CN3-G1982-VP097,LTMD-CN3-G1982,1982,3,97,3,74,92.89,0.0405,text_detected,,,,mixed_text_image,medium,OCR_MODERATE_TEXT,text_present,PAGESTRUCT_CN_WAVE2_0.1
LTMD-CN3-G1982-VP098,LTMD-CN3-G1982,1982,3,98,3,88,91.40,0.0341,text_detected,,,,mixed_text_image,medium,OCR_MODERATE_TEXT,text_present,PAGESTRUCT_CN_WAVE2_0.1
LTMD-CN3-G1982-VP099,LTMD-CN3-G1982,1982,3,99,3,171,93.42,0.0175,text_detected,,,,textual,high,OCR_TEXT_RICH,text_rich,PAGESTRUCT_CN_WAVE2_0.1
LTMD-CN3-G1982-VP100,LTMD-CN3-G1982,1982,3,100,3,148,94.61,0.0203,text_detected,,,,textual,high,OCR_TEXT_RICH,text_rich,PAGESTRUCT_CN_WAVE2_0.1
LTMD-CN3-G1982-VP101,LTMD-CN3-G1982,1982,3,101,3,25,91.55,0.0400,text_detected,,,,mixed_text_image,medium,OCR_MODERATE_TEXT,text_present,PAGESTRUCT_CN_WAVE2_0.1
LTMD-CN3-G1982-VP102,LTMD-CN3-G1982,1982,3,102,3,162,90.42,0.0432,text_detected,,,,textual,high,OCR_TEXT_RICH,text_rich,PAGESTRUCT_CN_WAVE2_0.1
LTMD-CN3-G1982-VP103,LTMD-CN3-G1982,1982,3,103,3,17,94.87,0.0000,text_detected,,,,mixed_text_image,low,OCR_SPARSE_HIGH_CONF,,PAGESTRUCT_CN_WAVE2_0.1
LTMD-CN3-G1982-VP104,LTMD-CN3-G1982,1982,3,104,3,86,91.88,0.0349,text_detected,,,,mixed_text_image,medium,OCR_MODERATE_TEXT,text_present,PAGESTRUCT_CN_WAVE2_0.1
LTMD-CN3-G1982-VP105,LTMD-CN3-G1982,1982,3,105,3,65,95.05,0.0000,text_detected,,,,mixed_text_image,medium,OCR_MODERATE_TEXT,text_present,PAGESTRUCT_CN_WAVE2_0.1
LTMD-CN3-G1982-VP106,LTMD-CN3-G1982,1982,3,106,6,51,38.06,0.8431,text_detected,,,,visual_only,high,OCR_VISUAL_NOISE,fallback_psm;visual_noise,PAGESTRUCT_CN_WAVE2_0.1
LTMD-CN3-G1982-VP107,LTMD-CN3-G1982,1982,3,107,6,74,40.72,0.8108,text_detected,,,,visual_only,high,OCR_VISUAL_NOISE,fallback_psm;visual_noise,PAGESTRUCT_CN_WAVE2_0.1
LTMD-CN3-G1982-VP108,LTMD-CN3-G1982,1982,3,108,3,64,94.80,0.0156,text_detected,,,,mixed_text_image,medium,OCR_MODERATE_TEXT,text_present,PAGESTRUCT_CN_WAVE2_0.1
LTMD-CN3-G1982-VP109,LTMD-CN3-G1982,1982,3,109,3,34,90.94,0.0294,text_detected,,,,mixed_text_image,medium,OCR_MODERATE_TEXT,text_present,PAGESTRUCT_CN_WAVE2_0.1
LTMD-CN3-G1982-VP110,LTMD-CN3-G1982,1982,3,110,3,91,93.99,0.0110,text_detected,,,,mixed_text_image,medium,OCR_MODERATE_TEXT,text_present,PAGESTRUCT_CN_WAVE2_0.1
LTMD-CN3-G1982-VP111,LTMD-CN3-G1982,1982,3,111,3,118,93.67,0.0085,text_detected,,,,mixed_text_image,medium,OCR_MODERATE_TEXT,text_present,PAGESTRUCT_CN_WAVE2_0.1
LTMD-CN3-G1982-VP112,LTMD-CN3-G1982,1982,3,112,3,94,87.47,0.1170,text_detected,,,,mixed_text_image,medium,OCR_MODERATE_TEXT,text_present,PAGESTRUCT_CN_WAVE2_0.1
LTMD-CN3-G1982-VP113,LTMD-CN3-G1982,1982,3,113,3,107,93.47,0.0187,text_detected,,,,mixed_text_image,medium,OCR_MODERATE_TEXT,text_present,PAGESTRUCT_CN_WAVE2_0.1
LTMD-CN3-G1982-VP114,LTMD-CN3-G1982,1982,3,114,3,14,90.58,0.0714,text_detected,,,,mixed_text_image,low,OCR_SPARSE_HIGH_CONF,,PAGESTRUCT_CN_WAVE2_0.1
LTMD-CN3-G1982-VP115,LTMD-CN3-G1982,1982,3,115,3,61,92.56,0.0164,text_detected,,,,mixed_text_image,medium,OCR_MODERATE_TEXT,text_present,PAGESTRUCT_CN_WAVE2_0.1
LTMD-CN3-G1982-VP116,LTMD-CN3-G1982,1982,3,116,3,49,80.35,0.1837,text_detected,,,,mixed_text_image,medium,OCR_MODERATE_TEXT,text_present,PAGESTRUCT_CN_WAVE2_0.1
LTMD-CN3-G1982-VP117,LTMD-CN3-G1982,1982,3,117,3,65,95.55,0.0000,text_detected,,,,mixed_text_image,medium,OCR_MODERATE_TEXT,text_present,PAGESTRUCT_CN_WAVE2_0.1
LTMD-CN3-G1982-VP118,LTMD-CN3-G1982,1982,3,118,3,1,52.97,1.0000,text_detected,,,,unknown,low,CONSERVATIVE_UNKNOWN,,PAGESTRUCT_CN_WAVE2_0.1
LTMD-CN3-G1982-VP119,LTMD-CN3-G1982,1982,3,119,3,49,94.75,0.0000,text_detected,,,,mixed_text_image,medium,OCR_MODERATE_TEXT,text_present,PAGESTRUCT_CN_WAVE2_0.1
LTMD-CN3-G1982-VP120,LTMD-CN3-G1982,1982,3,120,3,23,83.50,0.1739,text_detected,,,,mixed_text_image,medium,OCR_MODERATE_TEXT,text_present,PAGESTRUCT_CN_WAVE2_0.1
LTMD-CN3-G1982-VP121,LTMD-CN3-G1982,1982,3,121,3,1,11.23,1.0000,text_detected,,,,visual_only,medium,OCR_VISUAL_NOISE,visual_noise,PAGESTRUCT_CN_WAVE2_0.1
LTMD-CN3-G1982-VP122,LTMD-CN3-G1982,1982,3,122,3,148,91.31,0.0608,text_detected,,,,textual,high,OCR_TEXT_RICH,text_rich,PAGESTRUCT_CN_WAVE2_0.1
LTMD-CN3-G1982-VP123,LTMD-CN3-G1982,1982,3,123,3,36,94.17,0.0000,text_detected,,,,mixed_text_image,medium,OCR_MODERATE_TEXT,text_present,PAGESTRUCT_CN_WAVE2_0.1
LTMD-CN3-G1982-VP124,LTMD-CN3-G1982,1982,3,124,3,148,92.45,0.0270,text_detected,,,,textual,high,OCR_TEXT_RICH,text_rich,PAGESTRUCT_CN_WAVE2_0.1
LTMD-CN3-G1982-VP125,LTMD-CN3-G1982,1982,3,125,3,98,92.58,0.0102,text_detected,,,,mixed_text_image,medium,OCR_MODERATE_TEXT,text_present,PAGESTRUCT_CN_WAVE2_0.1
LTMD-CN3-G1982-VP126,LTMD-CN3-G1982,1982,3,126,6,104,36.51,0.8269,text_detected,,,,visual_only,high,OCR_VISUAL_NOISE,fallback_psm;visual_noise,PAGESTRUCT_CN_WAVE2_0.1
LTMD-CN3-G1982-VP127,LTMD-CN3-G1982,1982,3,127,6,31,43.16,0.6129,text_detected,,,,unknown,low,CONSERVATIVE_UNKNOWN,fallback_psm,PAGESTRUCT_CN_WAVE2_0.1
LTMD-CN3-G1982-VP128,LTMD-CN3-G1982,1982,3,128,3,80,94.34,0.0125,text_detected,,,,mixed_text_image,medium,OCR_MODERATE_TEXT,text_present,PAGESTRUCT_CN_WAVE2_0.1
LTMD-CN3-G1982-VP129,LTMD-CN3-G1982,1982,3,129,3,149,91.64,0.0336,text_detected,,,,textual,high,OCR_TEXT_RICH,text_rich,PAGESTRUCT_CN_WAVE2_0.1
LTMD-CN3-G1982-VP130,LTMD-CN3-G1982,1982,3,130,3,118,91.21,0.0424,text_detected,,,,mixed_text_image,medium,OCR_MODERATE_TEXT,text_present,PAGESTRUCT_CN_WAVE2_0.1
LTMD-CN3-G1982-VP131,LTMD-CN3-G1982,1982,3,131,3,70,94.43,0.0143,text_detected,,,,mixed_text_image,medium,OCR_MODERATE_TEXT,text_present,PAGESTRUCT_CN_WAVE2_0.1
LTMD-CN3-G1982-VP132,LTMD-CN3-G1982,1982,3,132,3,75,90.34,0.0667,text_detected,,,,mixed_text_image,medium,OCR_MODERATE_TEXT,text_present,PAGESTRUCT_CN_WAVE2_0.1
LTMD-CN3-G1982-VP133,LTMD-CN3-G1982,1982,3,133,3,77,91.95,0.0260,text_detected,,,,mixed_text_image,medium,OCR_MODERATE_TEXT,text_present,PAGESTRUCT_CN_WAVE2_0.1
LTMD-CN3-G1982-VP134,LTMD-CN3-G1982,1982,3,134,3,82,91.37,0.0610,text_detected,,,,mixed_text_image,medium,OCR_MODERATE_TEXT,text_present,PAGESTRUCT_CN_WAVE2_0.1
LTMD-CN3-G1982-VP135,LTMD-CN3-G1982,1982,3,135,3,82,89.81,0.0732,text_detected,,,,mixed_text_image,medium,OCR_MODERATE_TEXT,text_present,PAGESTRUCT_CN_WAVE2_0.1
LTMD-CN3-G1982-VP136,LTMD-CN3-G1982,1982,3,136,3,114,93.50,0.0263,text_detected,,,,mixed_text_image,medium,OCR_MODERATE_TEXT,text_present,PAGESTRUCT_CN_WAVE2_0.1
LTMD-CN3-G1982-VP137,LTMD-CN3-G1982,1982,3,137,3,108,91.31,0.0463,text_detected,,,,mixed_text_image,medium,OCR_MODERATE_TEXT,text_present,PAGESTRUCT_CN_WAVE2_0.1
LTMD-CN3-G1982-VP138,LTMD-CN3-G1982,1982,3,138,3,11,88.30,0.0909,text_detected,,,,mixed_text_image,low,OCR_SPARSE_HIGH_CONF,,PAGESTRUCT_CN_WAVE2_0.1
LTMD-CN3-G1982-VP139,LTMD-CN3-G1982,1982,3,139,3,88,94.08,0.0114,text_detected,,,,mixed_text_image,medium,OCR_MODERATE_TEXT,text_present,PAGESTRUCT_CN_WAVE2_0.1
LTMD-CN3-G1982-VP140,LTMD-CN3-G1982,1982,3,140,3,111,90.87,0.0631,text_detected,,,,mixed_text_image,medium,OCR_MODERATE_TEXT,text_present,PAGESTRUCT_CN_WAVE2_0.1
LTMD-CN3-G1982-VP141,LTMD-CN3-G1982,1982,3,141,3,76,92.64,0.0263,text_detected,,,,mixed_text_image,medium,OCR_MODERATE_TEXT,text_present,PAGESTRUCT_CN_WAVE2_0.1
LTMD-CN3-G1982-VP142,LTMD-CN3-G1982,1982,3,142,3,141,92.06,0.0284,text_detected,,,,textual,high,OCR_TEXT_RICH,text_rich,PAGESTRUCT_CN_WAVE2_0.1
LTMD-CN3-G1982-VP143,LTMD-CN3-G1982,1982,3,143,3,107,95.56,0.0000,text_detected,,,,mixed_text_image,medium,OCR_MODERATE_TEXT,text_present,PAGESTRUCT_CN_WAVE2_0.1
LTMD-CN3-G1982-VP144,LTMD-CN3-G1982,1982,3,144,3,130,93.77,0.0231,text_detected,,,,textual,high,OCR_TEXT_RICH,text_rich,PAGESTRUCT_CN_WAVE2_0.1
LTMD-CN3-G1982-VP145,LTMD-CN3-G1982,1982,3,145,3,51,91.34,0.0784,text_detected,,,,mixed_text_image,medium,OCR_MODERATE_TEXT,text_present,PAGESTRUCT_CN_WAVE2_0.1
LTMD-CN3-G1982-VP146,LTMD-CN3-G1982,1982,3,146,6,36,30.02,0.8889,text_detected,,,,visual_only,high,OCR_VISUAL_NOISE,fallback_psm;visual_noise,PAGESTRUCT_CN_WAVE2_0.1
LTMD-CN3-G1982-VP147,LTMD-CN3-G1982,1982,3,147,3,66,93.98,0.0000,text_detected,,,,mixed_text_image,medium,OCR_MODERATE_TEXT,text_present,PAGESTRUCT_CN_WAVE2_0.1
LTMD-CN3-G1982-VP148,LTMD-CN3-G1982,1982,3,148,3,117,91.97,0.0427,text_detected,,,,mixed_text_image,medium,OCR_MODERATE_TEXT,text_present,PAGESTRUCT_CN_WAVE2_0.1
LTMD-CN3-G1982-VP149,LTMD-CN3-G1982,1982,3,149,3,154,91.91,0.0390,text_detected,,,,textual,high,OCR_TEXT_RICH,text_rich,PAGESTRUCT_CN_WAVE2_0.1
LTMD-CN3-G1982-VP150,LTMD-CN3-G1982,1982,3,150,3,99,94.51,0.0101,text_detected,,,,mixed_text_image,medium,OCR_MODERATE_TEXT,text_present,PAGESTRUCT_CN_WAVE2_0.1
LTMD-CN3-G1982-VP151,LTMD-CN3-G1982,1982,3,151,3,68,94.56,0.0000,text_detected,,,,mixed_text_image,medium,OCR_MODERATE_TEXT,text_present,PAGESTRUCT_CN_WAVE2_0.1
LTMD-CN3-G1982-VP152,LTMD-CN3-G1982,1982,3,152,3,40,93.36,0.0000,text_detected,,,,mixed_text_image,medium,OCR_MODERATE_TEXT,text_present,PAGESTRUCT_CN_WAVE2_0.1
LTMD-CN3-G1982-VP153,LTMD-CN3-G1982,1982,3,153,3,28,95.35,0.0000,text_detected,,,,mixed_text_image,medium,OCR_MODERATE_TEXT,text_present,PAGESTRUCT_CN_WAVE2_0.1
LTMD-CN3-G1982-VP154,LTMD-CN3-G1982,1982,3,154,3,110,94.71,0.0091,text_detected,,,,mixed_text_image,medium,OCR_MODERATE_TEXT,text_present,PAGESTRUCT_CN_WAVE2_0.1
LTMD-CN3-G1982-VP155,LTMD-CN3-G1982,1982,3,155,3,152,91.60,0.0263,text_detected,,,,textual,high,OCR_TEXT_RICH,text_rich,PAGESTRUCT_CN_WAVE2_0.1
LTMD-CN3-G1982-VP156,LTMD-CN3-G1982,1982,3,156,3,54,92.85,0.0370,text_detected,,,,mixed_text_image,medium,OCR_MODERATE_TEXT,text_present,PAGESTRUCT_CN_WAVE2_0.1
LTMD-CN3-G1982-VP157,LTMD-CN3-G1982,1982,3,157,3,123,93.24,0.0163,text_detected,,,,textual,high,OCR_TEXT_RICH,text_rich,PAGESTRUCT_CN_WAVE2_0.1
LTMD-CN3-G1982-VP158,LTMD-CN3-G1982,1982,3,158,3,148,92.47,0.0270,text_detected,,,,textual,high,OCR_TEXT_RICH,text_rich,PAGESTRUCT_CN_WAVE2_0.1
LTMD-CN3-G1982-VP159,LTMD-CN3-G1982,1982,3,159,3,131,95.00,0.0076,text_detected,,,,textual,high,OCR_TEXT_RICH,text_rich,PAGESTRUCT_CN_WAVE2_0.1
LTMD-CN3-G1982-VP160,LTMD-CN3-G1982,1982,3,160,3,1,37.81,1.0000,text_detected,,,,visual_only,medium,OCR_VISUAL_NOISE,visual_noise,PAGESTRUCT_CN_WAVE2_0.1
LTMD-CN3-G1982-VP161,LTMD-CN3-G1982,1982,3,161,3,76,91.17,0.0526,text_detected,,,,mixed_text_image,medium,OCR_MODERATE_TEXT,text_present,PAGESTRUCT_CN_WAVE2_0.1
LTMD-CN3-G1982-VP162,LTMD-CN3-G1982,1982,3,162,3,101,93.81,0.0099,text_detected,,,,mixed_text_image,medium,OCR_MODERATE_TEXT,text_present,PAGESTRUCT_CN_WAVE2_0.1
LTMD-CN3-G1982-VP163,LTMD-CN3-G1982,1982,3,163,3,21,92.79,0.0000,text_detected,0,0,0,mixed_text_image,medium,OCR_MODERATE_TEXT,end_zone;text_present,PAGESTRUCT_CN_WAVE2_0.1
LTMD-CN3-G1982-VP164,LTMD-CN3-G1982,1982,3,164,3,108,92.11,0.0370,text_detected,0,0,0,mixed_text_image,medium,OCR_MODERATE_TEXT,end_zone;text_present,PAGESTRUCT_CN_WAVE2_0.1
LTMD-CN3-G1982-VP165,LTMD-CN3-G1982,1982,3,165,3,52,93.29,0.0385,text_detected,0,0,0,mixed_text_image,medium,OCR_MODERATE_TEXT,end_zone;text_present,PAGESTRUCT_CN_WAVE2_0.1
LTMD-CN3-G1982-VP166,LTMD-CN3-G1982,1982,3,166,3,86,95.53,0.0000,text_detected,0,0,0,mixed_text_image,medium,OCR_MODERATE_TEXT,end_zone;text_present,PAGESTRUCT_CN_WAVE2_0.1
LTMD-CN3-G1982-VP167,LTMD-CN3-G1982,1982,3,167,3,143,93.52,0.0280,text_detected,0,0,0,textual,high,OCR_TEXT_RICH,end_zone;text_rich,PAGESTRUCT_CN_WAVE2_0.1
LTMD-CN3-G1982-VP168,LTMD-CN3-G1982,1982,3,168,3,107,94.23,0.0000,text_detected,0,0,0,mixed_text_image,medium,OCR_MODERATE_TEXT,end_zone;text_present,PAGESTRUCT_CN_WAVE2_0.1
LTMD-CN3-G1982-VP169,LTMD-CN3-G1982,1982,3,169,3,46,95.70,0.0000,text_detected,0,0,0,mixed_text_image,medium,OCR_MODERATE_TEXT,end_zone;text_present,PAGESTRUCT_CN_WAVE2_0.1
LTMD-CN3-G1982-VP170,LTMD-CN3-G1982,1982,3,170,3,114,92.71,0.0175,text_detected,0,0,0,mixed_text_image,medium,OCR_MODERATE_TEXT,end_zone;text_present,PAGESTRUCT_CN_WAVE2_0.1
LTMD-CN3-G1982-VP171,LTMD-CN3-G1982,1982,3,171,3,114,92.24,0.0263,text_detected,0,0,0,mixed_text_image,medium,OCR_MODERATE_TEXT,end_zone;text_present,PAGESTRUCT_CN_WAVE2_0.1
LTMD-CN3-G1982-VP172,LTMD-CN3-G1982,1982,3,172,3,101,91.82,0.0495,text_detected,0,0,0,mixed_text_image,medium,OCR_MODERATE_TEXT,end_zone;text_present,PAGESTRUCT_CN_WAVE2_0.1
LTMD-CN3-G1982-VP173,LTMD-CN3-G1982,1982,3,173,3,104,94.85,0.0000,text_detected,0,0,0,mixed_text_image,medium,OCR_MODERATE_TEXT,end_zone;text_present,PAGESTRUCT_CN_WAVE2_0.1
LTMD-CN3-G1982-VP174,LTMD-CN3-G1982,1982,3,174,3,88,95.02,0.0114,text_detected,0,0,0,mixed_text_image,medium,OCR_MODERATE_TEXT,end_zone;text_present,PAGESTRUCT_CN_WAVE2_0.1
LTMD-CN3-G1982-VP175,LTMD-CN3-G1982,1982,3,175,3,33,92.45,0.0606,text_detected,0,0,0,mixed_text_image,medium,OCR_MODERATE_TEXT,end_zone;text_present,PAGESTRUCT_CN_WAVE2_0.1
LTMD-CN3-G1982-VP176,LTMD-CN3-G1982,1982,3,176,6,96,31.78,0.8646,text_detected,0,0,0,visual_only,high,OCR_VISUAL_NOISE,end_zone;fallback_psm;visual_noise,PAGESTRUCT_CN_WAVE2_0.1
LTMD-CN3-G1982-VP177,LTMD-CN3-G1982,1982,3,177,3,44,74.00,0.2727,text_detected,0,0,0,mixed_text_image,medium,OCR_MODERATE_TEXT,end_zone;text_present,PAGESTRUCT_CN_WAVE2_0.1
LTMD-CN3-G1982-VP178,LTMD-CN3-G1982,1982,3,178,3,3,45.62,0.3333,text_detected,0,0,0,visual_only,medium,OCR_VISUAL_NOISE,end_zone;visual_noise,PAGESTRUCT_CN_WAVE2_0.1
LTMD-CN3-G1988-VP001,LTMD-CN3-G1988,1988,3,1,3,4,96.42,0.0000,text_detected,0,0,0,mixed_text_image,low,OCR_SPARSE_HIGH_CONF,front_zone,PAGESTRUCT_CN_WAVE2_0.1
LTMD-CN3-G1988-VP002,LTMD-CN3-G1988,1988,3,2,3,220,93.64,0.0182,text_detected,0,1,2,bibliography_or_credits,high,KW_BIBLIO_CREDITS,front_zone;text_rich;nav_kw;biblio_credit_kw,PAGESTRUCT_CN_WAVE2_0.1
LTMD-CN3-G1988-VP003,LTMD-CN3-G1988,1988,3,3,3,299,94.48,0.0167,text_detected,0,1,0,toc_or_navigation,medium,KW_NAVIGATION,front_zone;text_rich;nav_kw,PAGESTRUCT_CN_WAVE2_0.1
LTMD-CN3-G1988-VP004,LTMD-CN3-G1988,1988,3,4,3,325,93.86,0.0246,text_detected,0,2,1,bibliography_or_credits,medium,KW_BIBLIO_CREDITS,front_zone;text_rich;nav_kw;biblio_credit_kw,PAGESTRUCT_CN_WAVE2_0.1
LTMD-CN3-G1988-VP005,LTMD-CN3-G1988,1988,3,5,3,70,75.54,0.2429,text_detected,0,1,0,toc_or_navigation,medium,KW_NAVIGATION,front_zone;text_present;nav_kw,PAGESTRUCT_CN_WAVE2_0.1
LTMD-CN3-G1988-VP006,LTMD-CN3-G1988,1988,3,6,6,362,27.49,0.9475,text_detected,0,0,0,visual_only,high,OCR_VISUAL_NOISE,front_zone;fallback_psm;visual_noise,PAGESTRUCT_CN_WAVE2_0.1
LTMD-CN3-G1988-VP007,LTMD-CN3-G1988,1988,3,7,6,263,26.71,0.9392,text_detected,0,0,0,visual_only,high,OCR_VISUAL_NOISE,front_zone;fallback_psm;visual_noise,PAGESTRUCT_CN_WAVE2_0.1
LTMD-CN3-G1988-VP008,LTMD-CN3-G1988,1988,3,8,3,66,93.88,0.0152,text_detected,0,0,0,mixed_text_image,medium,OCR_MODERATE_TEXT,front_zone;text_present,PAGESTRUCT_CN_WAVE2_0.1
LTMD-CN3-G1988-VP009,LTMD-CN3-G1988,1988,3,9,3,120,95.28,0.0000,text_detected,0,0,0,textual,high,OCR_TEXT_RICH,front_zone;text_rich,PAGESTRUCT_CN_WAVE2_0.1
LTMD-CN3-G1988-VP010,LTMD-CN3-G1988,1988,3,10,3,128,92.74,0.0469,text_detected,0,0,0,textual,high,OCR_TEXT_RICH,front_zone;text_rich,PAGESTRUCT_CN_WAVE2_0.1
LTMD-CN3-G1988-VP011,LTMD-CN3-G1988,1988,3,11,3,64,88.57,0.0938,text_detected,0,0,0,mixed_text_image,medium,OCR_MODERATE_TEXT,front_zone;text_present,PAGESTRUCT_CN_WAVE2_0.1
LTMD-CN3-G1988-VP012,LTMD-CN3-G1988,1988,3,12,3,164,96.09,0.0000,text_detected,0,0,0,textual,high,OCR_TEXT_RICH,front_zone;text_rich,PAGESTRUCT_CN_WAVE2_0.1
LTMD-CN3-G1988-VP013,LTMD-CN3-G1988,1988,3,13,3,75,95.66,0.0133,text_detected,0,0,0,mixed_text_image,medium,OCR_MODERATE_TEXT,front_zone;text_present,PAGESTRUCT_CN_WAVE2_0.1
LTMD-CN3-G1988-VP014,LTMD-CN3-G1988,1988,3,14,3,78,94.79,0.0128,text_detected,0,0,0,mixed_text_image,medium,OCR_MODERATE_TEXT,front_zone;text_present,PAGESTRUCT_CN_WAVE2_0.1
LTMD-CN3-G1988-VP015,LTMD-CN3-G1988,1988,3,15,3,59,92.89,0.0339,text_detected,0,0,0,mixed_text_image,medium,OCR_MODERATE_TEXT,front_zone;text_present,PAGESTRUCT_CN_WAVE2_0.1
LTMD-CN3-G1988-VP016,LTMD-CN3-G1988,1988,3,16,3,99,93.56,0.0202,text_detected,0,0,0,mixed_text_image,medium,OCR_MODERATE_TEXT,front_zone;text_present,PAGESTRUCT_CN_WAVE2_0.1
LTMD-CN3-G1988-VP017,LTMD-CN3-G1988,1988,3,17,3,41,83.79,0.1220,text_detected,,,,mixed_text_image,medium,OCR_MODERATE_TEXT,text_present,PAGESTRUCT_CN_WAVE2_0.1
LTMD-CN3-G1988-VP018,LTMD-CN3-G1988,1988,3,18,3,58,95.32,0.0000,text_detected,,,,mixed_text_image,medium,OCR_MODERATE_TEXT,text_present,PAGESTRUCT_CN_WAVE2_0.1
LTMD-CN3-G1988-VP019,LTMD-CN3-G1988,1988,3,19,3,45,85.74,0.1333,text_detected,,,,mixed_text_image,medium,OCR_MODERATE_TEXT,text_present,PAGESTRUCT_CN_WAVE2_0.1
LTMD-CN3-G1988-VP020,LTMD-CN3-G1988,1988,3,20,3,74,83.65,0.1757,text_detected,,,,mixed_text_image,medium,OCR_MODERATE_TEXT,text_present,PAGESTRUCT_CN_WAVE2_0.1
LTMD-CN3-G1988-VP021,LTMD-CN3-G1988,1988,3,21,3,78,96.14,0.0000,text_detected,,,,mixed_text_image,medium,OCR_MODERATE_TEXT,text_present,PAGESTRUCT_CN_WAVE2_0.1
LTMD-CN3-G1988-VP022,LTMD-CN3-G1988,1988,3,22,3,115,92.95,0.0261,text_detected,,,,mixed_text_image,medium,OCR_MODERATE_TEXT,text_present,PAGESTRUCT_CN_WAVE2_0.1
LTMD-CN3-G1988-VP023,LTMD-CN3-G1988,1988,3,23,3,80,92.82,0.0375,text_detected,,,,mixed_text_image,medium,OCR_MODERATE_TEXT,text_present,PAGESTRUCT_CN_WAVE2_0.1
LTMD-CN3-G1988-VP024,LTMD-CN3-G1988,1988,3,24,3,85,93.67,0.0353,text_detected,,,,mixed_text_image,medium,OCR_MODERATE_TEXT,text_present,PAGESTRUCT_CN_WAVE2_0.1
LTMD-CN3-G1988-VP025,LTMD-CN3-G1988,1988,3,25,3,43,92.31,0.0698,text_detected,,,,mixed_text_image,medium,OCR_MODERATE_TEXT,text_present,PAGESTRUCT_CN_WAVE2_0.1
LTMD-CN3-G1988-VP026,LTMD-CN3-G1988,1988,3,26,6,53,28.58,0.9434,text_detected,,,,visual_only,high,OCR_VISUAL_NOISE,fallback_psm;visual_noise,PAGESTRUCT_CN_WAVE2_0.1
LTMD-CN3-G1988-VP027,LTMD-CN3-G1988,1988,3,27,3,100,74.04,0.2900,text_detected,,,,mixed_text_image,medium,OCR_MODERATE_TEXT,text_present,PAGESTRUCT_CN_WAVE2_0.1
LTMD-CN3-G1988-VP028,LTMD-CN3-G1988,1988,3,28,3,155,91.22,0.0581,text_detected,,,,textual,high,OCR_TEXT_RICH,text_rich,PAGESTRUCT_CN_WAVE2_0.1
LTMD-CN3-G1988-VP029,LTMD-CN3-G1988,1988,3,29,3,162,94.62,0.0123,text_detected,,,,textual,high,OCR_TEXT_RICH,text_rich,PAGESTRUCT_CN_WAVE2_0.1
LTMD-CN3-G1988-VP030,LTMD-CN3-G1988,1988,3,30,3,102,94.02,0.0196,text_detected,,,,mixed_text_image,medium,OCR_MODERATE_TEXT,text_present,PAGESTRUCT_CN_WAVE2_0.1
LTMD-CN3-G1988-VP031,LTMD-CN3-G1988,1988,3,31,3,59,93.60,0.0169,text_detected,,,,mixed_text_image,medium,OCR_MODERATE_TEXT,text_present,PAGESTRUCT_CN_WAVE2_0.1
LTMD-CN3-G1988-VP032,LTMD-CN3-G1988,1988,3,32,3,76,93.70,0.0263,text_detected,,,,mixed_text_image,medium,OCR_MODERATE_TEXT,text_present,PAGESTRUCT_CN_WAVE2_0.1
LTMD-CN3-G1988-VP033,LTMD-CN3-G1988,1988,3,33,3,154,91.18,0.0649,text_detected,,,,textual,high,OCR_TEXT_RICH,text_rich,PAGESTRUCT_CN_WAVE2_0.1
LTMD-CN3-G1988-VP034,LTMD-CN3-G1988,1988,3,34,3,110,92.17,0.0455,text_detected,,,,mixed_text_image,medium,OCR_MODERATE_TEXT,text_present,PAGESTRUCT_CN_WAVE2_0.1
LTMD-CN3-G1988-VP035,LTMD-CN3-G1988,1988,3,35,3,133,93.59,0.0226,text_detected,,,,textual,high,OCR_TEXT_RICH,text_rich,PAGESTRUCT_CN_WAVE2_0.1
LTMD-CN3-G1988-VP036,LTMD-CN3-G1988,1988,3,36,3,111,94.41,0.0180,text_detected,,,,mixed_text_image,medium,OCR_MODERATE_TEXT,text_present,PAGESTRUCT_CN_WAVE2_0.1
LTMD-CN3-G1988-VP037,LTMD-CN3-G1988,1988,3,37,3,136,95.16,0.0074,text_detected,,,,textual,high,OCR_TEXT_RICH,text_rich,PAGESTRUCT_CN_WAVE2_0.1
LTMD-CN3-G1988-VP038,LTMD-CN3-G1988,1988,3,38,3,37,84.38,0.1081,text_detected,,,,mixed_text_image,medium,OCR_MODERATE_TEXT,text_present,PAGESTRUCT_CN_WAVE2_0.1
LTMD-CN3-G1988-VP039,LTMD-CN3-G1988,1988,3,39,3,1,97.00,0.0000,text_detected,,,,unknown,low,CONSERVATIVE_UNKNOWN,,PAGESTRUCT_CN_WAVE2_0.1
LTMD-CN3-G1988-VP040,LTMD-CN3-G1988,1988,3,40,3,48,92.47,0.0208,text_detected,,,,mixed_text_image,medium,OCR_MODERATE_TEXT,text_present,PAGESTRUCT_CN_WAVE2_0.1
LTMD-CN3-G1988-VP041,LTMD-CN3-G1988,1988,3,41,3,109,94.82,0.0092,text_detected,,,,mixed_text_image,medium,OCR_MODERATE_TEXT,text_present,PAGESTRUCT_CN_WAVE2_0.1
LTMD-CN3-G1988-VP042,LTMD-CN3-G1988,1988,3,42,3,108,95.29,0.0093,text_detected,,,,mixed_text_image,medium,OCR_MODERATE_TEXT,text_present,PAGESTRUCT_CN_WAVE2_0.1
LTMD-CN3-G1988-VP043,LTMD-CN3-G1988,1988,3,43,3,52,95.87,0.0000,text_detected,,,,mixed_text_image,medium,OCR_MODERATE_TEXT,text_present,PAGESTRUCT_CN_WAVE2_0.1
LTMD-CN3-G1988-VP044,LTMD-CN3-G1988,1988,3,44,3,92,89.73,0.0543,text_detected,,,,mixed_text_image,medium,OCR_MODERATE_TEXT,text_present,PAGESTRUCT_CN_WAVE2_0.1
LTMD-CN3-G1988-VP045,LTMD-CN3-G1988,1988,3,45,6,74,39.77,0.7432,text_detected,,,,visual_only,medium,OCR_VISUAL_NOISE,fallback_psm;visual_noise,PAGESTRUCT_CN_WAVE2_0.1
LTMD-CN3-G1988-VP046,LTMD-CN3-G1988,1988,3,46,3,9,74.24,0.3333,text_detected,,,,unknown,low,CONSERVATIVE_UNKNOWN,,PAGESTRUCT_CN_WAVE2_0.1
LTMD-CN3-G1988-VP047,LTMD-CN3-G1988,1988,3,47,3,80,65.41,0.4125,text_detected,,,,unknown,low,CONSERVATIVE_UNKNOWN,,PAGESTRUCT_CN_WAVE2_0.1
LTMD-CN3-G1988-VP048,LTMD-CN3-G1988,1988,3,48,3,36,95.21,0.0000,text_detected,,,,mixed_text_image,medium,OCR_MODERATE_TEXT,text_present,PAGESTRUCT_CN_WAVE2_0.1
LTMD-CN3-G1988-VP049,LTMD-CN3-G1988,1988,3,49,3,67,91.89,0.0448,text_detected,,,,mixed_text_image,medium,OCR_MODERATE_TEXT,text_present,PAGESTRUCT_CN_WAVE2_0.1
LTMD-CN3-G1988-VP050,LTMD-CN3-G1988,1988,3,50,3,38,89.34,0.1053,text_detected,,,,mixed_text_image,medium,OCR_MODERATE_TEXT,text_present,PAGESTRUCT_CN_WAVE2_0.1
LTMD-CN3-G1988-VP051,LTMD-CN3-G1988,1988,3,51,3,45,91.55,0.0444,text_detected,,,,mixed_text_image,medium,OCR_MODERATE_TEXT,text_present,PAGESTRUCT_CN_WAVE2_0.1
LTMD-CN3-G1988-VP052,LTMD-CN3-G1988,1988,3,52,3,134,93.74,0.0149,text_detected,,,,textual,high,OCR_TEXT_RICH,text_rich,PAGESTRUCT_CN_WAVE2_0.1
LTMD-CN3-G1988-VP053,LTMD-CN3-G1988,1988,3,53,3,109,92.09,0.0367,text_detected,,,,mixed_text_image,medium,OCR_MODERATE_TEXT,text_present,PAGESTRUCT_CN_WAVE2_0.1
LTMD-CN3-G1988-VP054,LTMD-CN3-G1988,1988,3,54,3,103,87.88,0.0777,text_detected,,,,mixed_text_image,medium,OCR_MODERATE_TEXT,text_present,PAGESTRUCT_CN_WAVE2_0.1
LTMD-CN3-G1988-VP055,LTMD-CN3-G1988,1988,3,55,3,91,77.81,0.2088,text_detected,,,,mixed_text_image,medium,OCR_MODERATE_TEXT,text_present,PAGESTRUCT_CN_WAVE2_0.1
LTMD-CN3-G1988-VP056,LTMD-CN3-G1988,1988,3,56,3,85,94.60,0.0118,text_detected,,,,mixed_text_image,medium,OCR_MODERATE_TEXT,text_present,PAGESTRUCT_CN_WAVE2_0.1
LTMD-CN3-G1988-VP057,LTMD-CN3-G1988,1988,3,57,3,17,86.21,0.1765,text_detected,,,,mixed_text_image,low,OCR_SPARSE_HIGH_CONF,,PAGESTRUCT_CN_WAVE2_0.1
LTMD-CN3-G1988-VP058,LTMD-CN3-G1988,1988,3,58,3,172,93.19,0.0349,text_detected,,,,textual,high,OCR_TEXT_RICH,text_rich,PAGESTRUCT_CN_WAVE2_0.1
LTMD-CN3-G1988-VP059,LTMD-CN3-G1988,1988,3,59,3,66,91.08,0.0303,text_detected,,,,mixed_text_image,medium,OCR_MODERATE_TEXT,text_present,PAGESTRUCT_CN_WAVE2_0.1
LTMD-CN3-G1988-VP060,LTMD-CN3-G1988,1988,3,60,3,112,89.50,0.0536,text_detected,,,,mixed_text_image,medium,OCR_MODERATE_TEXT,text_present,PAGESTRUCT_CN_WAVE2_0.1
LTMD-CN3-G1988-VP061,LTMD-CN3-G1988,1988,3,61,3,112,92.88,0.0179,text_detected,,,,mixed_text_image,medium,OCR_MODERATE_TEXT,text_present,PAGESTRUCT_CN_WAVE2_0.1
LTMD-CN3-G1988-VP062,LTMD-CN3-G1988,1988,3,62,3,127,92.96,0.0315,text_detected,,,,textual,high,OCR_TEXT_RICH,text_rich,PAGESTRUCT_CN_WAVE2_0.1
LTMD-CN3-G1988-VP063,LTMD-CN3-G1988,1988,3,63,3,52,94.76,0.0000,text_detected,,,,mixed_text_image,medium,OCR_MODERATE_TEXT,text_present,PAGESTRUCT_CN_WAVE2_0.1
LTMD-CN3-G1988-VP064,LTMD-CN3-G1988,1988,3,64,3,7,96.71,0.0000,text_detected,,,,mixed_text_image,low,OCR_SPARSE_HIGH_CONF,,PAGESTRUCT_CN_WAVE2_0.1
LTMD-CN3-G1988-VP065,LTMD-CN3-G1988,1988,3,65,3,62,88.50,0.0806,text_detected,,,,mixed_text_image,medium,OCR_MODERATE_TEXT,text_present,PAGESTRUCT_CN_WAVE2_0.1
LTMD-CN3-G1988-VP066,LTMD-CN3-G1988,1988,3,66,3,95,92.91,0.0211,text_detected,,,,mixed_text_image,medium,OCR_MODERATE_TEXT,text_present,PAGESTRUCT_CN_WAVE2_0.1
LTMD-CN3-G1988-VP067,LTMD-CN3-G1988,1988,3,67,3,77,93.40,0.0260,text_detected,,,,mixed_text_image,medium,OCR_MODERATE_TEXT,text_present,PAGESTRUCT_CN_WAVE2_0.1
LTMD-CN3-G1988-VP068,LTMD-CN3-G1988,1988,3,68,6,360,23.42,0.9806,text_detected,,,,visual_only,high,OCR_VISUAL_NOISE,fallback_psm;visual_noise,PAGESTRUCT_CN_WAVE2_0.1
LTMD-CN3-G1988-VP069,LTMD-CN3-G1988,1988,3,69,3,18,38.50,0.7778,text_detected,,,,unknown,low,CONSERVATIVE_UNKNOWN,,PAGESTRUCT_CN_WAVE2_0.1
LTMD-CN3-G1988-VP070,LTMD-CN3-G1988,1988,3,70,3,52,91.89,0.0385,text_detected,,,,mixed_text_image,medium,OCR_MODERATE_TEXT,text_present,PAGESTRUCT_CN_WAVE2_0.1
LTMD-CN3-G1988-VP071,LTMD-CN3-G1988,1988,3,71,3,1,16.14,1.0000,text_detected,,,,visual_only,medium,OCR_VISUAL_NOISE,visual_noise,PAGESTRUCT_CN_WAVE2_0.1
LTMD-CN3-G1988-VP072,LTMD-CN3-G1988,1988,3,72,3,165,90.31,0.0485,text_detected,,,,textual,high,OCR_TEXT_RICH,text_rich,PAGESTRUCT_CN_WAVE2_0.1
LTMD-CN3-G1988-VP073,LTMD-CN3-G1988,1988,3,73,3,36,89.95,0.0556,text_detected,,,,mixed_text_image,medium,OCR_MODERATE_TEXT,text_present,PAGESTRUCT_CN_WAVE2_0.1
LTMD-CN3-G1988-VP074,LTMD-CN3-G1988,1988,3,74,3,86,93.19,0.0116,text_detected,,,,mixed_text_image,medium,OCR_MODERATE_TEXT,text_present,PAGESTRUCT_CN_WAVE2_0.1
LTMD-CN3-G1988-VP075,LTMD-CN3-G1988,1988,3,75,3,97,95.66,0.0000,text_detected,,,,mixed_text_image,medium,OCR_MODERATE_TEXT,text_present,PAGESTRUCT_CN_WAVE2_0.1
LTMD-CN3-G1988-VP076,LTMD-CN3-G1988,1988,3,76,3,98,90.62,0.0204,text_detected,,,,mixed_text_image,medium,OCR_MODERATE_TEXT,text_present,PAGESTRUCT_CN_WAVE2_0.1
LTMD-CN3-G1988-VP077,LTMD-CN3-G1988,1988,3,77,3,84,92.29,0.0357,text_detected,,,,mixed_text_image,medium,OCR_MODERATE_TEXT,text_present,PAGESTRUCT_CN_WAVE2_0.1
LTMD-CN3-G1988-VP078,LTMD-CN3-G1988,1988,3,78,3,135,93.39,0.0370,text_detected,,,,textual,high,OCR_TEXT_RICH,text_rich,PAGESTRUCT_CN_WAVE2_0.1
LTMD-CN3-G1988-VP079,LTMD-CN3-G1988,1988,3,79,3,87,93.12,0.0115,text_detected,,,,mixed_text_image,medium,OCR_MODERATE_TEXT,text_present,PAGESTRUCT_CN_WAVE2_0.1
LTMD-CN3-G1988-VP080,LTMD-CN3-G1988,1988,3,80,3,99,89.98,0.0707,text_detected,,,,mixed_text_image,medium,OCR_MODERATE_TEXT,text_present,PAGESTRUCT_CN_WAVE2_0.1
LTMD-CN3-G1988-VP081,LTMD-CN3-G1988,1988,3,81,3,123,91.68,0.0325,text_detected,,,,textual,high,OCR_TEXT_RICH,text_rich,PAGESTRUCT_CN_WAVE2_0.1
LTMD-CN3-G1988-VP082,LTMD-CN3-G1988,1988,3,82,3,95,91.52,0.0632,text_detected,,,,mixed_text_image,medium,OCR_MODERATE_TEXT,text_present,PAGESTRUCT_CN_WAVE2_0.1
LTMD-CN3-G1988-VP083,LTMD-CN3-G1988,1988,3,83,3,66,93.17,0.0303,text_detected,,,,mixed_text_image,medium,OCR_MODERATE_TEXT,text_present,PAGESTRUCT_CN_WAVE2_0.1
LTMD-CN3-G1988-VP084,LTMD-CN3-G1988,1988,3,84,3,33,95.99,0.0000,text_detected,,,,mixed_text_image,medium,OCR_MODERATE_TEXT,text_present,PAGESTRUCT_CN_WAVE2_0.1
LTMD-CN3-G1988-VP085,LTMD-CN3-G1988,1988,3,85,3,18,61.57,0.3889,text_detected,,,,unknown,low,CONSERVATIVE_UNKNOWN,,PAGESTRUCT_CN_WAVE2_0.1
LTMD-CN3-G1988-VP086,LTMD-CN3-G1988,1988,3,86,3,84,54.93,0.5238,text_detected,,,,unknown,low,CONSERVATIVE_UNKNOWN,,PAGESTRUCT_CN_WAVE2_0.1
LTMD-CN3-G1988-VP087,LTMD-CN3-G1988,1988,3,87,3,83,60.56,0.3976,text_detected,,,,mixed_text_image,medium,OCR_MODERATE_TEXT,text_present,PAGESTRUCT_CN_WAVE2_0.1
LTMD-CN3-G1988-VP088,LTMD-CN3-G1988,1988,3,88,3,28,56.23,0.5000,text_detected,,,,unknown,low,CONSERVATIVE_UNKNOWN,,PAGESTRUCT_CN_WAVE2_0.1
LTMD-CN3-G1988-VP089,LTMD-CN3-G1988,1988,3,89,3,79,49.97,0.5570,text_detected,,,,unknown,low,CONSERVATIVE_UNKNOWN,,PAGESTRUCT_CN_WAVE2_0.1
LTMD-CN3-G1988-VP090,LTMD-CN3-G1988,1988,3,90,3,10,63.08,0.4000,text_detected,,,,unknown,low,CONSERVATIVE_UNKNOWN,,PAGESTRUCT_CN_WAVE2_0.1
LTMD-CN3-G1988-VP091,LTMD-CN3-G1988,1988,3,91,3,32,75.65,0.2188,text_detected,,,,mixed_text_image,medium,OCR_MODERATE_TEXT,text_present,PAGESTRUCT_CN_WAVE2_0.1
LTMD-CN3-G1988-VP092,LTMD-CN3-G1988,1988,3,92,3,73,90.79,0.0685,text_detected,,,,mixed_text_image,medium,OCR_MODERATE_TEXT,text_present,PAGESTRUCT_CN_WAVE2_0.1
LTMD-CN3-G1988-VP093,LTMD-CN3-G1988,1988,3,93,3,31,94.97,0.0000,text_detected,,,,mixed_text_image,medium,OCR_MODERATE_TEXT,text_present,PAGESTRUCT_CN_WAVE2_0.1
LTMD-CN3-G1988-VP094,LTMD-CN3-G1988,1988,3,94,3,115,90.98,0.0609,text_detected,,,,mixed_text_image,medium,OCR_MODERATE_TEXT,text_present,PAGESTRUCT_CN_WAVE2_0.1
LTMD-CN3-G1988-VP095,LTMD-CN3-G1988,1988,3,95,3,100,92.36,0.0400,text_detected,,,,mixed_text_image,medium,OCR_MODERATE_TEXT,text_present,PAGESTRUCT_CN_WAVE2_0.1
LTMD-CN3-G1988-VP096,LTMD-CN3-G1988,1988,3,96,3,194,90.43,0.0619,text_detected,,,,textual,high,OCR_TEXT_RICH,text_rich,PAGESTRUCT_CN_WAVE2_0.1
LTMD-CN3-G1988-VP097,LTMD-CN3-G1988,1988,3,97,3,76,91.85,0.0395,text_detected,,,,mixed_text_image,medium,OCR_MODERATE_TEXT,text_present,PAGESTRUCT_CN_WAVE2_0.1
LTMD-CN3-G1988-VP098,LTMD-CN3-G1988,1988,3,98,3,188,81.18,0.1968,text_detected,,,,textual,high,OCR_TEXT_RICH,text_rich,PAGESTRUCT_CN_WAVE2_0.1
LTMD-CN3-G1988-VP099,LTMD-CN3-G1988,1988,3,99,3,179,93.44,0.0168,text_detected,,,,textual,high,OCR_TEXT_RICH,text_rich,PAGESTRUCT_CN_WAVE2_0.1
LTMD-CN3-G1988-VP100,LTMD-CN3-G1988,1988,3,100,3,155,88.17,0.0903,text_detected,,,,textual,high,OCR_TEXT_RICH,text_rich,PAGESTRUCT_CN_WAVE2_0.1
LTMD-CN3-G1988-VP101,LTMD-CN3-G1988,1988,3,101,3,180,93.36,0.0333,text_detected,,,,textual,high,OCR_TEXT_RICH,text_rich,PAGESTRUCT_CN_WAVE2_0.1
LTMD-CN3-G1988-VP102,LTMD-CN3-G1988,1988,3,102,3,180,89.10,0.0833,text_detected,,,,textual,high,OCR_TEXT_RICH,text_rich,PAGESTRUCT_CN_WAVE2_0.1
LTMD-CN3-G1988-VP103,LTMD-CN3-G1988,1988,3,103,3,94,93.73,0.0319,text_detected,,,,mixed_text_image,medium,OCR_MODERATE_TEXT,text_present,PAGESTRUCT_CN_WAVE2_0.1
LTMD-CN3-G1988-VP104,LTMD-CN3-G1988,1988,3,104,3,47,92.83,0.0426,text_detected,,,,mixed_text_image,medium,OCR_MODERATE_TEXT,text_present,PAGESTRUCT_CN_WAVE2_0.1
LTMD-CN3-G1988-VP105,LTMD-CN3-G1988,1988,3,105,3,76,94.64,0.0132,text_detected,,,,mixed_text_image,medium,OCR_MODERATE_TEXT,text_present,PAGESTRUCT_CN_WAVE2_0.1
LTMD-CN3-G1988-VP106,LTMD-CN3-G1988,1988,3,106,6,117,32.31,0.8462,text_detected,,,,visual_only,high,OCR_VISUAL_NOISE,fallback_psm;visual_noise,PAGESTRUCT_CN_WAVE2_0.1
LTMD-CN3-G1988-VP107,LTMD-CN3-G1988,1988,3,107,11,58,45.95,0.6897,text_detected,,,,visual_only,medium,OCR_VISUAL_NOISE,fallback_psm;visual_noise,PAGESTRUCT_CN_WAVE2_0.1
LTMD-CN3-G1988-VP108,LTMD-CN3-G1988,1988,3,108,3,87,91.53,0.0230,text_detected,,,,mixed_text_image,medium,OCR_MODERATE_TEXT,text_present,PAGESTRUCT_CN_WAVE2_0.1
LTMD-CN3-G1988-VP109,LTMD-CN3-G1988,1988,3,109,3,32,94.24,0.0312,text_detected,,,,mixed_text_image,medium,OCR_MODERATE_TEXT,text_present,PAGESTRUCT_CN_WAVE2_0.1
LTMD-CN3-G1988-VP110,LTMD-CN3-G1988,1988,3,110,3,85,94.94,0.0118,text_detected,,,,mixed_text_image,medium,OCR_MODERATE_TEXT,text_present,PAGESTRUCT_CN_WAVE2_0.1
LTMD-CN3-G1988-VP111,LTMD-CN3-G1988,1988,3,111,3,115,91.06,0.0522,text_detected,,,,mixed_text_image,medium,OCR_MODERATE_TEXT,text_present,PAGESTRUCT_CN_WAVE2_0.1
LTMD-CN3-G1988-VP112,LTMD-CN3-G1988,1988,3,112,3,96,92.03,0.0417,text_detected,,,,mixed_text_image,medium,OCR_MODERATE_TEXT,text_present,PAGESTRUCT_CN_WAVE2_0.1
LTMD-CN3-G1988-VP113,LTMD-CN3-G1988,1988,3,113,3,123,91.57,0.0325,text_detected,,,,textual,high,OCR_TEXT_RICH,text_rich,PAGESTRUCT_CN_WAVE2_0.1
LTMD-CN3-G1988-VP114,LTMD-CN3-G1988,1988,3,114,3,32,93.19,0.0312,text_detected,,,,mixed_text_image,medium,OCR_MODERATE_TEXT,text_present,PAGESTRUCT_CN_WAVE2_0.1
LTMD-CN3-G1988-VP115,LTMD-CN3-G1988,1988,3,115,3,61,95.26,0.0000,text_detected,,,,mixed_text_image,medium,OCR_MODERATE_TEXT,text_present,PAGESTRUCT_CN_WAVE2_0.1
LTMD-CN3-G1988-VP116,LTMD-CN3-G1988,1988,3,116,3,103,81.10,0.1748,text_detected,,,,mixed_text_image,medium,OCR_MODERATE_TEXT,text_present,PAGESTRUCT_CN_WAVE2_0.1
LTMD-CN3-G1988-VP117,LTMD-CN3-G1988,1988,3,117,3,70,85.33,0.1143,text_detected,,,,mixed_text_image,medium,OCR_MODERATE_TEXT,text_present,PAGESTRUCT_CN_WAVE2_0.1
LTMD-CN3-G1988-VP118,LTMD-CN3-G1988,1988,3,118,3,88,93.47,0.0227,text_detected,,,,mixed_text_image,medium,OCR_MODERATE_TEXT,text_present,PAGESTRUCT_CN_WAVE2_0.1
LTMD-CN3-G1988-VP119,LTMD-CN3-G1988,1988,3,119,3,53,93.55,0.0189,text_detected,,,,mixed_text_image,medium,OCR_MODERATE_TEXT,text_present,PAGESTRUCT_CN_WAVE2_0.1
LTMD-CN3-G1988-VP120,LTMD-CN3-G1988,1988,3,120,3,82,92.51,0.0244,text_detected,,,,mixed_text_image,medium,OCR_MODERATE_TEXT,text_present,PAGESTRUCT_CN_WAVE2_0.1
LTMD-CN3-G1988-VP121,LTMD-CN3-G1988,1988,3,121,3,113,87.77,0.0885,text_detected,,,,mixed_text_image,medium,OCR_MODERATE_TEXT,text_present,PAGESTRUCT_CN_WAVE2_0.1
LTMD-CN3-G1988-VP122,LTMD-CN3-G1988,1988,3,122,3,150,92.51,0.0333,text_detected,,,,textual,high,OCR_TEXT_RICH,text_rich,PAGESTRUCT_CN_WAVE2_0.1
LTMD-CN3-G1988-VP123,LTMD-CN3-G1988,1988,3,123,3,67,78.27,0.2239,text_detected,,,,mixed_text_image,medium,OCR_MODERATE_TEXT,text_present,PAGESTRUCT_CN_WAVE2_0.1
LTMD-CN3-G1988-VP124,LTMD-CN3-G1988,1988,3,124,3,150,89.19,0.0600,text_detected,,,,textual,high,OCR_TEXT_RICH,text_rich,PAGESTRUCT_CN_WAVE2_0.1
LTMD-CN3-G1988-VP125,LTMD-CN3-G1988,1988,3,125,3,84,90.33,0.0595,text_detected,,,,mixed_text_image,medium,OCR_MODERATE_TEXT,text_present,PAGESTRUCT_CN_WAVE2_0.1
LTMD-CN3-G1988-VP126,LTMD-CN3-G1988,1988,3,126,3,6,57.51,0.3333,text_detected,,,,unknown,low,CONSERVATIVE_UNKNOWN,,PAGESTRUCT_CN_WAVE2_0.1
LTMD-CN3-G1988-VP127,LTMD-CN3-G1988,1988,3,127,3,50,85.38,0.1400,text_detected,,,,mixed_text_image,medium,OCR_MODERATE_TEXT,text_present,PAGESTRUCT_CN_WAVE2_0.1
LTMD-CN3-G1988-VP128,LTMD-CN3-G1988,1988,3,128,3,92,91.21,0.0543,text_detected,,,,mixed_text_image,medium,OCR_MODERATE_TEXT,text_present,PAGESTRUCT_CN_WAVE2_0.1
LTMD-CN3-G1988-VP129,LTMD-CN3-G1988,1988,3,129,3,181,88.09,0.0884,text_detected,,,,textual,high,OCR_TEXT_RICH,text_rich,PAGESTRUCT_CN_WAVE2_0.1
LTMD-CN3-G1988-VP130,LTMD-CN3-G1988,1988,3,130,3,129,81.14,0.1705,text_detected,,,,textual,high,OCR_TEXT_RICH,text_rich,PAGESTRUCT_CN_WAVE2_0.1
LTMD-CN3-G1988-VP131,LTMD-CN3-G1988,1988,3,131,3,121,88.89,0.0909,text_detected,,,,textual,high,OCR_TEXT_RICH,text_rich,PAGESTRUCT_CN_WAVE2_0.1
LTMD-CN3-G1988-VP132,LTMD-CN3-G1988,1988,3,132,3,109,91.74,0.0367,text_detected,,,,mixed_text_image,medium,OCR_MODERATE_TEXT,text_present,PAGESTRUCT_CN_WAVE2_0.1
LTMD-CN3-G1988-VP133,LTMD-CN3-G1988,1988,3,133,3,62,91.77,0.0484,text_detected,,,,mixed_text_image,medium,OCR_MODERATE_TEXT,text_present,PAGESTRUCT_CN_WAVE2_0.1
LTMD-CN3-G1988-VP134,LTMD-CN3-G1988,1988,3,134,3,78,93.97,0.0128,text_detected,,,,mixed_text_image,medium,OCR_MODERATE_TEXT,text_present,PAGESTRUCT_CN_WAVE2_0.1
LTMD-CN3-G1988-VP135,LTMD-CN3-G1988,1988,3,135,3,61,90.40,0.0820,text_detected,,,,mixed_text_image,medium,OCR_MODERATE_TEXT,text_present,PAGESTRUCT_CN_WAVE2_0.1
LTMD-CN3-G1988-VP136,LTMD-CN3-G1988,1988,3,136,3,105,92.39,0.0381,text_detected,,,,mixed_text_image,medium,OCR_MODERATE_TEXT,text_present,PAGESTRUCT_CN_WAVE2_0.1
LTMD-CN3-G1988-VP137,LTMD-CN3-G1988,1988,3,137,3,151,93.24,0.0265,text_detected,,,,textual,high,OCR_TEXT_RICH,text_rich,PAGESTRUCT_CN_WAVE2_0.1
LTMD-CN3-G1988-VP138,LTMD-CN3-G1988,1988,3,138,3,53,87.97,0.1321,text_detected,,,,mixed_text_image,medium,OCR_MODERATE_TEXT,text_present,PAGESTRUCT_CN_WAVE2_0.1
LTMD-CN3-G1988-VP139,LTMD-CN3-G1988,1988,3,139,3,67,92.95,0.0299,text_detected,,,,mixed_text_image,medium,OCR_MODERATE_TEXT,text_present,PAGESTRUCT_CN_WAVE2_0.1
LTMD-CN3-G1988-VP140,LTMD-CN3-G1988,1988,3,140,3,144,88.04,0.0972,text_detected,,,,textual,high,OCR_TEXT_RICH,text_rich,PAGESTRUCT_CN_WAVE2_0.1
LTMD-CN3-G1988-VP141,LTMD-CN3-G1988,1988,3,141,3,41,92.17,0.0488,text_detected,,,,mixed_text_image,medium,OCR_MODERATE_TEXT,text_present,PAGESTRUCT_CN_WAVE2_0.1
LTMD-CN3-G1988-VP142,LTMD-CN3-G1988,1988,3,142,3,137,93.55,0.0219,text_detected,,,,textual,high,OCR_TEXT_RICH,text_rich,PAGESTRUCT_CN_WAVE2_0.1
LTMD-CN3-G1988-VP143,LTMD-CN3-G1988,1988,3,143,3,109,94.38,0.0000,text_detected,,,,mixed_text_image,medium,OCR_MODERATE_TEXT,text_present,PAGESTRUCT_CN_WAVE2_0.1
LTMD-CN3-G1988-VP144,LTMD-CN3-G1988,1988,3,144,3,133,91.50,0.0376,text_detected,,,,textual,high,OCR_TEXT_RICH,text_rich,PAGESTRUCT_CN_WAVE2_0.1
LTMD-CN3-G1988-VP145,LTMD-CN3-G1988,1988,3,145,3,77,88.64,0.0779,text_detected,,,,mixed_text_image,medium,OCR_MODERATE_TEXT,text_present,PAGESTRUCT_CN_WAVE2_0.1
LTMD-CN3-G1988-VP146,LTMD-CN3-G1988,1988,3,146,6,109,31.65,0.8991,text_detected,,,,visual_only,high,OCR_VISUAL_NOISE,fallback_psm;visual_noise,PAGESTRUCT_CN_WAVE2_0.1
LTMD-CN3-G1988-VP147,LTMD-CN3-G1988,1988,3,147,6,174,33.25,0.8563,text_detected,,,,visual_only,high,OCR_VISUAL_NOISE,fallback_psm;visual_noise,PAGESTRUCT_CN_WAVE2_0.1
LTMD-CN3-G1988-VP148,LTMD-CN3-G1988,1988,3,148,3,112,92.39,0.0179,text_detected,,,,mixed_text_image,medium,OCR_MODERATE_TEXT,text_present,PAGESTRUCT_CN_WAVE2_0.1
LTMD-CN3-G1988-VP149,LTMD-CN3-G1988,1988,3,149,3,140,93.39,0.0286,text_detected,,,,textual,high,OCR_TEXT_RICH,text_rich,PAGESTRUCT_CN_WAVE2_0.1
LTMD-CN3-G1988-VP150,LTMD-CN3-G1988,1988,3,150,3,72,86.54,0.0972,text_detected,,,,mixed_text_image,medium,OCR_MODERATE_TEXT,text_present,PAGESTRUCT_CN_WAVE2_0.1
LTMD-CN3-G1988-VP151,LTMD-CN3-G1988,1988,3,151,3,64,94.57,0.0156,text_detected,,,,mixed_text_image,medium,OCR_MODERATE_TEXT,text_present,PAGESTRUCT_CN_WAVE2_0.1
LTMD-CN3-G1988-VP152,LTMD-CN3-G1988,1988,3,152,3,40,95.32,0.0000,text_detected,,,,mixed_text_image,medium,OCR_MODERATE_TEXT,text_present,PAGESTRUCT_CN_WAVE2_0.1
LTMD-CN3-G1988-VP153,LTMD-CN3-G1988,1988,3,153,3,32,95.75,0.0000,text_detected,,,,mixed_text_image,medium,OCR_MODERATE_TEXT,text_present,PAGESTRUCT_CN_WAVE2_0.1
LTMD-CN3-G1988-VP154,LTMD-CN3-G1988,1988,3,154,3,112,90.50,0.0446,text_detected,,,,mixed_text_image,medium,OCR_MODERATE_TEXT,text_present,PAGESTRUCT_CN_WAVE2_0.1
LTMD-CN3-G1988-VP155,LTMD-CN3-G1988,1988,3,155,3,145,91.12,0.0552,text_detected,,,,textual,high,OCR_TEXT_RICH,text_rich,PAGESTRUCT_CN_WAVE2_0.1
LTMD-CN3-G1988-VP156,LTMD-CN3-G1988,1988,3,156,3,135,91.14,0.0296,text_detected,,,,textual,high,OCR_TEXT_RICH,text_rich,PAGESTRUCT_CN_WAVE2_0.1
LTMD-CN3-G1988-VP157,LTMD-CN3-G1988,1988,3,157,3,263,93.19,0.0266,text_detected,,,,textual,high,OCR_TEXT_RICH,text_rich,PAGESTRUCT_CN_WAVE2_0.1
LTMD-CN3-G1988-VP158,LTMD-CN3-G1988,1988,3,158,3,113,85.38,0.0973,text_detected,,,,mixed_text_image,medium,OCR_MODERATE_TEXT,text_present,PAGESTRUCT_CN_WAVE2_0.1
LTMD-CN3-G1988-VP159,LTMD-CN3-G1988,1988,3,159,3,149,88.42,0.0671,text_detected,,,,textual,high,OCR_TEXT_RICH,text_rich,PAGESTRUCT_CN_WAVE2_0.1
LTMD-CN3-G1988-VP160,LTMD-CN3-G1988,1988,3,160,3,57,93.71,0.0351,text_detected,,,,mixed_text_image,medium,OCR_MODERATE_TEXT,text_present,PAGESTRUCT_CN_WAVE2_0.1
LTMD-CN3-G1988-VP161,LTMD-CN3-G1988,1988,3,161,3,78,94.25,0.0256,text_detected,,,,mixed_text_image,medium,OCR_MODERATE_TEXT,text_present,PAGESTRUCT_CN_WAVE2_0.1
LTMD-CN3-G1988-VP162,LTMD-CN3-G1988,1988,3,162,3,34,64.93,0.4412,text_detected,,,,unknown,low,CONSERVATIVE_UNKNOWN,,PAGESTRUCT_CN_WAVE2_0.1
LTMD-CN3-G1988-VP163,LTMD-CN3-G1988,1988,3,163,3,23,94.39,0.0000,text_detected,0,0,0,mixed_text_image,medium,OCR_MODERATE_TEXT,end_zone;text_present,PAGESTRUCT_CN_WAVE2_0.1
LTMD-CN3-G1988-VP164,LTMD-CN3-G1988,1988,3,164,3,110,94.39,0.0182,text_detected,0,0,0,mixed_text_image,medium,OCR_MODERATE_TEXT,end_zone;text_present,PAGESTRUCT_CN_WAVE2_0.1
LTMD-CN3-G1988-VP165,LTMD-CN3-G1988,1988,3,165,3,50,96.12,0.0000,text_detected,0,0,0,mixed_text_image,medium,OCR_MODERATE_TEXT,end_zone;text_present,PAGESTRUCT_CN_WAVE2_0.1
LTMD-CN3-G1988-VP166,LTMD-CN3-G1988,1988,3,166,3,115,90.04,0.0522,text_detected,0,0,0,mixed_text_image,medium,OCR_MODERATE_TEXT,end_zone;text_present,PAGESTRUCT_CN_WAVE2_0.1
LTMD-CN3-G1988-VP167,LTMD-CN3-G1988,1988,3,167,3,157,87.95,0.0828,text_detected,0,0,0,textual,high,OCR_TEXT_RICH,end_zone;text_rich,PAGESTRUCT_CN_WAVE2_0.1
LTMD-CN3-G1988-VP168,LTMD-CN3-G1988,1988,3,168,3,171,93.75,0.0292,text_detected,0,0,0,textual,high,OCR_TEXT_RICH,end_zone;text_rich,PAGESTRUCT_CN_WAVE2_0.1
LTMD-CN3-G1988-VP169,LTMD-CN3-G1988,1988,3,169,3,120,90.12,0.0667,text_detected,0,0,0,textual,high,OCR_TEXT_RICH,end_zone;text_rich,PAGESTRUCT_CN_WAVE2_0.1
LTMD-CN3-G1988-VP170,LTMD-CN3-G1988,1988,3,170,3,71,82.88,0.1268,text_detected,0,0,0,mixed_text_image,medium,OCR_MODERATE_TEXT,end_zone;text_present,PAGESTRUCT_CN_WAVE2_0.1
LTMD-CN3-G1988-VP171,LTMD-CN3-G1988,1988,3,171,3,158,90.20,0.0696,text_detected,0,0,0,textual,high,OCR_TEXT_RICH,end_zone;text_rich,PAGESTRUCT_CN_WAVE2_0.1
LTMD-CN3-G1988-VP172,LTMD-CN3-G1988,1988,3,172,3,93,89.89,0.0645,text_detected,0,0,0,mixed_text_image,medium,OCR_MODERATE_TEXT,end_zone;text_present,PAGESTRUCT_CN_WAVE2_0.1
LTMD-CN3-G1988-VP173,LTMD-CN3-G1988,1988,3,173,3,50,88.93,0.0800,text_detected,0,0,0,mixed_text_image,medium,OCR_MODERATE_TEXT,end_zone;text_present,PAGESTRUCT_CN_WAVE2_0.1
LTMD-CN3-G1988-VP174,LTMD-CN3-G1988,1988,3,174,3,90,89.25,0.0778,text_detected,0,0,0,mixed_text_image,medium,OCR_MODERATE_TEXT,end_zone;text_present,PAGESTRUCT_CN_WAVE2_0.1
LTMD-CN3-G1988-VP175,LTMD-CN3-G1988,1988,3,175,6,17,29.18,0.9412,text_detected,0,0,0,visual_only,high,OCR_VISUAL_NOISE,end_zone;fallback_psm;visual_noise,PAGESTRUCT_CN_WAVE2_0.1
LTMD-CN3-G1988-VP176,LTMD-CN3-G1988,1988,3,176,3,58,92.95,0.0000,text_detected,0,0,0,mixed_text_image,medium,OCR_MODERATE_TEXT,end_zone;text_present,PAGESTRUCT_CN_WAVE2_0.1
LTMD-CN3-G1988-VP177,LTMD-CN3-G1988,1988,3,177,3,125,84.61,0.1360,text_detected,0,0,0,textual,high,OCR_TEXT_RICH,end_zone;text_rich,PAGESTRUCT_CN_WAVE2_0.1
LTMD-CN3-G1988-VP178,LTMD-CN3-G1988,1988,3,178,3,8,88.66,0.1250,text_detected,0,0,0,mixed_text_image,low,OCR_SPARSE_HIGH_CONF,end_zone,PAGESTRUCT_CN_WAVE2_0.1
LTMD-CN3-G1993-VP001,LTMD-CN3-G1993,1993,3,1,3,4,83.69,0.2500,text_detected,0,0,0,mixed_text_image,low,OCR_SPARSE_HIGH_CONF,front_zone,PAGESTRUCT_CN_WAVE2_0.1
LTMD-CN3-G1993-VP002,LTMD-CN3-G1993,1993,3,2,3,205,84.95,0.0829,text_detected,0,1,5,bibliography_or_credits,high,KW_BIBLIO_CREDITS,front_zone;text_rich;nav_kw;biblio_credit_kw,PAGESTRUCT_CN_WAVE2_0.1
LTMD-CN3-G1993-VP003,LTMD-CN3-G1993,1993,3,3,3,581,87.93,0.0740,text_detected,2,4,1,bibliography_or_credits,medium,KW_BIBLIO_CREDITS,front_zone;text_rich;front_kw;nav_kw;biblio_credit_kw,PAGESTRUCT_CN_WAVE2_0.1
LTMD-CN3-G1993-VP004,LTMD-CN3-G1993,1993,3,4,3,141,80.80,0.1560,text_detected,0,2,0,toc_or_navigation,high,KW_NAVIGATION,front_zone;text_rich;nav_kw,PAGESTRUCT_CN_WAVE2_0.1
LTMD-CN3-G1993-VP005,LTMD-CN3-G1993,1993,3,5,3,139,81.74,0.1079,text_detected,0,1,0,toc_or_navigation,medium,KW_NAVIGATION,front_zone;text_rich;nav_kw,PAGESTRUCT_CN_WAVE2_0.1
LTMD-CN3-G1993-VP006,LTMD-CN3-G1993,1993,3,6,11,30,43.25,0.8000,text_detected,0,0,0,visual_only,high,OCR_VISUAL_NOISE,front_zone;fallback_psm;visual_noise,PAGESTRUCT_CN_WAVE2_0.1
LTMD-CN3-G1993-VP007,LTMD-CN3-G1993,1993,3,7,6,65,38.79,0.7846,text_detected,0,0,0,visual_only,medium,OCR_VISUAL_NOISE,front_zone;fallback_psm;visual_noise,PAGESTRUCT_CN_WAVE2_0.1
LTMD-CN3-G1993-VP008,LTMD-CN3-G1993,1993,3,8,3,203,90.54,0.0591,text_detected,0,2,0,toc_or_navigation,high,KW_NAVIGATION,front_zone;text_rich;nav_kw,PAGESTRUCT_CN_WAVE2_0.1
LTMD-CN3-G1993-VP009,LTMD-CN3-G1993,1993,3,9,3,162,85.98,0.0679,text_detected,0,0,0,textual,high,OCR_TEXT_RICH,front_zone;text_rich,PAGESTRUCT_CN_WAVE2_0.1
LTMD-CN3-G1993-VP010,LTMD-CN3-G1993,1993,3,10,3,123,89.60,0.0650,text_detected,0,0,0,textual,high,OCR_TEXT_RICH,front_zone;text_rich,PAGESTRUCT_CN_WAVE2_0.1
LTMD-CN3-G1993-VP011,LTMD-CN3-G1993,1993,3,11,3,189,88.08,0.0741,text_detected,0,1,0,toc_or_navigation,medium,KW_NAVIGATION,front_zone;text_rich;nav_kw,PAGESTRUCT_CN_WAVE2_0.1
LTMD-CN3-G1993-VP012,LTMD-CN3-G1993,1993,3,12,3,152,91.74,0.0395,text_detected,0,1,0,toc_or_navigation,medium,KW_NAVIGATION,front_zone;text_rich;nav_kw,PAGESTRUCT_CN_WAVE2_0.1
LTMD-CN3-G1993-VP013,LTMD-CN3-G1993,1993,3,13,3,158,82.50,0.1772,text_detected,0,0,0,textual,high,OCR_TEXT_RICH,front_zone;text_rich,PAGESTRUCT_CN_WAVE2_0.1
LTMD-CN3-G1993-VP014,LTMD-CN3-G1993,1993,3,14,3,226,88.78,0.0664,text_detected,0,0,0,textual,high,OCR_TEXT_RICH,front_zone;text_rich,PAGESTRUCT_CN_WAVE2_0.1
LTMD-CN3-G1993-VP015,LTMD-CN3-G1993,1993,3,15,3,161,92.00,0.0311,text_detected,0,0,0,textual,high,OCR_TEXT_RICH,front_zone;text_rich,PAGESTRUCT_CN_WAVE2_0.1
LTMD-CN3-G1993-VP016,LTMD-CN3-G1993,1993,3,16,3,158,91.07,0.0443,text_detected,0,1,0,toc_or_navigation,medium,KW_NAVIGATION,front_zone;text_rich;nav_kw,PAGESTRUCT_CN_WAVE2_0.1
LTMD-CN3-G1993-VP017,LTMD-CN3-G1993,1993,3,17,3,128,89.53,0.0625,text_detected,,,,textual,high,OCR_TEXT_RICH,text_rich,PAGESTRUCT_CN_WAVE2_0.1
LTMD-CN3-G1993-VP018,LTMD-CN3-G1993,1993,3,18,3,175,88.23,0.0800,text_detected,,,,textual,high,OCR_TEXT_RICH,text_rich,PAGESTRUCT_CN_WAVE2_0.1
LTMD-CN3-G1993-VP019,LTMD-CN3-G1993,1993,3,19,3,175,90.24,0.0514,text_detected,,,,textual,high,OCR_TEXT_RICH,text_rich,PAGESTRUCT_CN_WAVE2_0.1
LTMD-CN3-G1993-VP020,LTMD-CN3-G1993,1993,3,20,3,204,89.10,0.0637,text_detected,,,,textual,high,OCR_TEXT_RICH,text_rich,PAGESTRUCT_CN_WAVE2_0.1
LTMD-CN3-G1993-VP021,LTMD-CN3-G1993,1993,3,21,3,65,80.74,0.1385,text_detected,,,,mixed_text_image,medium,OCR_MODERATE_TEXT,text_present,PAGESTRUCT_CN_WAVE2_0.1
LTMD-CN3-G1993-VP022,LTMD-CN3-G1993,1993,3,22,3,129,90.85,0.0543,text_detected,,,,textual,high,OCR_TEXT_RICH,text_rich,PAGESTRUCT_CN_WAVE2_0.1
LTMD-CN3-G1993-VP023,LTMD-CN3-G1993,1993,3,23,3,146,90.34,0.0548,text_detected,,,,textual,high,OCR_TEXT_RICH,text_rich,PAGESTRUCT_CN_WAVE2_0.1
LTMD-CN3-G1993-VP024,LTMD-CN3-G1993,1993,3,24,3,136,94.30,0.0147,text_detected,,,,textual,high,OCR_TEXT_RICH,text_rich,PAGESTRUCT_CN_WAVE2_0.1
LTMD-CN3-G1993-VP025,LTMD-CN3-G1993,1993,3,25,3,122,92.31,0.0410,text_detected,,,,textual,high,OCR_TEXT_RICH,text_rich,PAGESTRUCT_CN_WAVE2_0.1
LTMD-CN3-G1993-VP026,LTMD-CN3-G1993,1993,3,26,3,143,87.62,0.0979,text_detected,,,,textual,high,OCR_TEXT_RICH,text_rich,PAGESTRUCT_CN_WAVE2_0.1
LTMD-CN3-G1993-VP027,LTMD-CN3-G1993,1993,3,27,3,142,91.52,0.0282,text_detected,,,,textual,high,OCR_TEXT_RICH,text_rich,PAGESTRUCT_CN_WAVE2_0.1
LTMD-CN3-G1993-VP028,LTMD-CN3-G1993,1993,3,28,3,156,86.34,0.0897,text_detected,,,,textual,high,OCR_TEXT_RICH,text_rich,PAGESTRUCT_CN_WAVE2_0.1
LTMD-CN3-G1993-VP029,LTMD-CN3-G1993,1993,3,29,3,61,85.52,0.0984,text_detected,,,,mixed_text_image,medium,OCR_MODERATE_TEXT,text_present,PAGESTRUCT_CN_WAVE2_0.1
LTMD-CN3-G1993-VP030,LTMD-CN3-G1993,1993,3,30,3,201,94.91,0.0050,text_detected,,,,textual,high,OCR_TEXT_RICH,text_rich,PAGESTRUCT_CN_WAVE2_0.1
LTMD-CN3-G1993-VP031,LTMD-CN3-G1993,1993,3,31,3,168,92.42,0.0238,text_detected,,,,textual,high,OCR_TEXT_RICH,text_rich,PAGESTRUCT_CN_WAVE2_0.1
LTMD-CN3-G1993-VP032,LTMD-CN3-G1993,1993,3,32,3,187,87.99,0.0963,text_detected,,,,textual,high,OCR_TEXT_RICH,text_rich,PAGESTRUCT_CN_WAVE2_0.1
LTMD-CN3-G1993-VP033,LTMD-CN3-G1993,1993,3,33,3,162,90.73,0.0432,text_detected,,,,textual,high,OCR_TEXT_RICH,text_rich,PAGESTRUCT_CN_WAVE2_0.1
LTMD-CN3-G1993-VP034,LTMD-CN3-G1993,1993,3,34,3,111,92.57,0.0360,text_detected,,,,mixed_text_image,medium,OCR_MODERATE_TEXT,text_present,PAGESTRUCT_CN_WAVE2_0.1
LTMD-CN3-G1993-VP035,LTMD-CN3-G1993,1993,3,35,3,217,90.02,0.0415,text_detected,,,,textual,high,OCR_TEXT_RICH,text_rich,PAGESTRUCT_CN_WAVE2_0.1
LTMD-CN3-G1993-VP036,LTMD-CN3-G1993,1993,3,36,3,135,90.93,0.0444,text_detected,,,,textual,high,OCR_TEXT_RICH,text_rich,PAGESTRUCT_CN_WAVE2_0.1
LTMD-CN3-G1993-VP037,LTMD-CN3-G1993,1993,3,37,3,143,85.73,0.1049,text_detected,,,,textual,high,OCR_TEXT_RICH,text_rich,PAGESTRUCT_CN_WAVE2_0.1
LTMD-CN3-G1993-VP038,LTMD-CN3-G1993,1993,3,38,3,162,87.33,0.0741,text_detected,,,,textual,high,OCR_TEXT_RICH,text_rich,PAGESTRUCT_CN_WAVE2_0.1
LTMD-CN3-G1993-VP039,LTMD-CN3-G1993,1993,3,39,3,92,91.14,0.0217,text_detected,,,,mixed_text_image,medium,OCR_MODERATE_TEXT,text_present,PAGESTRUCT_CN_WAVE2_0.1
LTMD-CN3-G1993-VP040,LTMD-CN3-G1993,1993,3,40,3,97,87.14,0.1031,text_detected,,,,mixed_text_image,medium,OCR_MODERATE_TEXT,text_present,PAGESTRUCT_CN_WAVE2_0.1
LTMD-CN3-G1993-VP041,LTMD-CN3-G1993,1993,3,41,3,69,93.73,0.0145,text_detected,,,,mixed_text_image,medium,OCR_MODERATE_TEXT,text_present,PAGESTRUCT_CN_WAVE2_0.1
LTMD-CN3-G1993-VP042,LTMD-CN3-G1993,1993,3,42,3,133,92.46,0.0226,text_detected,,,,textual,high,OCR_TEXT_RICH,text_rich,PAGESTRUCT_CN_WAVE2_0.1
LTMD-CN3-G1993-VP043,LTMD-CN3-G1993,1993,3,43,3,94,92.97,0.0319,text_detected,,,,mixed_text_image,medium,OCR_MODERATE_TEXT,text_present,PAGESTRUCT_CN_WAVE2_0.1
LTMD-CN3-G1993-VP044,LTMD-CN3-G1993,1993,3,44,6,32,28.14,0.9062,text_detected,,,,visual_only,high,OCR_VISUAL_NOISE,fallback_psm;visual_noise,PAGESTRUCT_CN_WAVE2_0.1
LTMD-CN3-G1993-VP045,LTMD-CN3-G1993,1993,3,45,3,12,81.79,0.1667,text_detected,,,,mixed_text_image,low,OCR_SPARSE_HIGH_CONF,,PAGESTRUCT_CN_WAVE2_0.1
LTMD-CN3-G1993-VP046,LTMD-CN3-G1993,1993,3,46,3,172,92.80,0.0174,text_detected,,,,textual,high,OCR_TEXT_RICH,text_rich,PAGESTRUCT_CN_WAVE2_0.1
LTMD-CN3-G1993-VP047,LTMD-CN3-G1993,1993,3,47,3,146,91.54,0.0411,text_detected,,,,textual,high,OCR_TEXT_RICH,text_rich,PAGESTRUCT_CN_WAVE2_0.1
LTMD-CN3-G1993-VP048,LTMD-CN3-G1993,1993,3,48,3,238,87.07,0.0882,text_detected,,,,textual,high,OCR_TEXT_RICH,text_rich,PAGESTRUCT_CN_WAVE2_0.1
LTMD-CN3-G1993-VP049,LTMD-CN3-G1993,1993,3,49,3,104,88.44,0.0962,text_detected,,,,mixed_text_image,medium,OCR_MODERATE_TEXT,text_present,PAGESTRUCT_CN_WAVE2_0.1
LTMD-CN3-G1993-VP050,LTMD-CN3-G1993,1993,3,50,3,182,91.56,0.0220,text_detected,,,,textual,high,OCR_TEXT_RICH,text_rich,PAGESTRUCT_CN_WAVE2_0.1
LTMD-CN3-G1993-VP051,LTMD-CN3-G1993,1993,3,51,3,191,92.96,0.0157,text_detected,,,,textual,high,OCR_TEXT_RICH,text_rich,PAGESTRUCT_CN_WAVE2_0.1
LTMD-CN3-G1993-VP052,LTMD-CN3-G1993,1993,3,52,3,161,86.80,0.0870,text_detected,,,,textual,high,OCR_TEXT_RICH,text_rich,PAGESTRUCT_CN_WAVE2_0.1
LTMD-CN3-G1993-VP053,LTMD-CN3-G1993,1993,3,53,3,50,88.87,0.1000,text_detected,,,,mixed_text_image,medium,OCR_MODERATE_TEXT,text_present,PAGESTRUCT_CN_WAVE2_0.1
LTMD-CN3-G1993-VP054,LTMD-CN3-G1993,1993,3,54,3,138,85.95,0.0942,text_detected,,,,textual,high,OCR_TEXT_RICH,text_rich,PAGESTRUCT_CN_WAVE2_0.1
LTMD-CN3-G1993-VP055,LTMD-CN3-G1993,1993,3,55,3,149,86.67,0.1074,text_detected,,,,textual,high,OCR_TEXT_RICH,text_rich,PAGESTRUCT_CN_WAVE2_0.1
LTMD-CN3-G1993-VP056,LTMD-CN3-G1993,1993,3,56,3,118,91.33,0.0169,text_detected,,,,mixed_text_image,medium,OCR_MODERATE_TEXT,text_present,PAGESTRUCT_CN_WAVE2_0.1
LTMD-CN3-G1993-VP057,LTMD-CN3-G1993,1993,3,57,3,98,81.50,0.1633,text_detected,,,,mixed_text_image,medium,OCR_MODERATE_TEXT,text_present,PAGESTRUCT_CN_WAVE2_0.1
LTMD-CN3-G1993-VP058,LTMD-CN3-G1993,1993,3,58,3,133,91.04,0.0301,text_detected,,,,textual,high,OCR_TEXT_RICH,text_rich,PAGESTRUCT_CN_WAVE2_0.1
LTMD-CN3-G1993-VP059,LTMD-CN3-G1993,1993,3,59,3,170,89.39,0.0824,text_detected,,,,textual,high,OCR_TEXT_RICH,text_rich,PAGESTRUCT_CN_WAVE2_0.1
LTMD-CN3-G1993-VP060,LTMD-CN3-G1993,1993,3,60,3,149,86.42,0.0805,text_detected,,,,textual,high,OCR_TEXT_RICH,text_rich,PAGESTRUCT_CN_WAVE2_0.1
LTMD-CN3-G1993-VP061,LTMD-CN3-G1993,1993,3,61,3,197,90.11,0.0457,text_detected,,,,textual,high,OCR_TEXT_RICH,text_rich,PAGESTRUCT_CN_WAVE2_0.1
LTMD-CN3-G1993-VP062,LTMD-CN3-G1993,1993,3,62,3,215,90.91,0.0419,text_detected,,,,textual,high,OCR_TEXT_RICH,text_rich,PAGESTRUCT_CN_WAVE2_0.1
LTMD-CN3-G1993-VP063,LTMD-CN3-G1993,1993,3,63,3,176,90.34,0.0568,text_detected,,,,textual,high,OCR_TEXT_RICH,text_rich,PAGESTRUCT_CN_WAVE2_0.1
LTMD-CN3-G1993-VP064,LTMD-CN3-G1993,1993,3,64,3,81,92.10,0.0370,text_detected,,,,mixed_text_image,medium,OCR_MODERATE_TEXT,text_present,PAGESTRUCT_CN_WAVE2_0.1
LTMD-CN3-G1993-VP065,LTMD-CN3-G1993,1993,3,65,3,116,90.38,0.0603,text_detected,,,,mixed_text_image,medium,OCR_MODERATE_TEXT,text_present,PAGESTRUCT_CN_WAVE2_0.1
LTMD-CN3-G1993-VP066,LTMD-CN3-G1993,1993,3,66,3,180,91.17,0.0278,text_detected,,,,textual,high,OCR_TEXT_RICH,text_rich,PAGESTRUCT_CN_WAVE2_0.1
LTMD-CN3-G1993-VP067,LTMD-CN3-G1993,1993,3,67,3,218,90.68,0.0459,text_detected,,,,textual,high,OCR_TEXT_RICH,text_rich,PAGESTRUCT_CN_WAVE2_0.1
LTMD-CN3-G1993-VP068,LTMD-CN3-G1993,1993,3,68,3,176,90.89,0.0568,text_detected,,,,textual,high,OCR_TEXT_RICH,text_rich,PAGESTRUCT_CN_WAVE2_0.1
LTMD-CN3-G1993-VP069,LTMD-CN3-G1993,1993,3,69,3,113,84.72,0.1239,text_detected,,,,mixed_text_image,medium,OCR_MODERATE_TEXT,text_present,PAGESTRUCT_CN_WAVE2_0.1
LTMD-CN3-G1993-VP070,LTMD-CN3-G1993,1993,3,70,3,263,92.16,0.0266,text_detected,,,,textual,high,OCR_TEXT_RICH,text_rich,PAGESTRUCT_CN_WAVE2_0.1
LTMD-CN3-G1993-VP071,LTMD-CN3-G1993,1993,3,71,3,106,84.35,0.1226,text_detected,,,,mixed_text_image,medium,OCR_MODERATE_TEXT,text_present,PAGESTRUCT_CN_WAVE2_0.1
LTMD-CN3-G1993-VP072,LTMD-CN3-G1993,1993,3,72,3,152,82.29,0.1316,text_detected,,,,textual,high,OCR_TEXT_RICH,text_rich,PAGESTRUCT_CN_WAVE2_0.1
LTMD-CN3-G1993-VP073,LTMD-CN3-G1993,1993,3,73,3,141,89.31,0.0780,text_detected,,,,textual,high,OCR_TEXT_RICH,text_rich,PAGESTRUCT_CN_WAVE2_0.1
LTMD-CN3-G1993-VP074,LTMD-CN3-G1993,1993,3,74,3,2,38.05,1.0000,text_detected,,,,visual_only,medium,OCR_VISUAL_NOISE,visual_noise,PAGESTRUCT_CN_WAVE2_0.1
LTMD-CN3-G1993-VP075,LTMD-CN3-G1993,1993,3,75,3,241,90.73,0.0456,text_detected,,,,textual,high,OCR_TEXT_RICH,text_rich,PAGESTRUCT_CN_WAVE2_0.1
LTMD-CN3-G1993-VP076,LTMD-CN3-G1993,1993,3,76,6,66,30.88,0.8636,text_detected,,,,visual_only,high,OCR_VISUAL_NOISE,fallback_psm;visual_noise,PAGESTRUCT_CN_WAVE2_0.1
LTMD-CN3-G1993-VP077,LTMD-CN3-G1993,1993,3,77,6,34,42.52,0.7059,text_detected,,,,visual_only,medium,OCR_VISUAL_NOISE,fallback_psm;visual_noise,PAGESTRUCT_CN_WAVE2_0.1
LTMD-CN3-G1993-VP078,LTMD-CN3-G1993,1993,3,78,3,130,90.09,0.0692,text_detected,,,,textual,high,OCR_TEXT_RICH,text_rich,PAGESTRUCT_CN_WAVE2_0.1
LTMD-CN3-G1993-VP079,LTMD-CN3-G1993,1993,3,79,3,270,89.20,0.0704,text_detected,,,,textual,high,OCR_TEXT_RICH,text_rich,PAGESTRUCT_CN_WAVE2_0.1
LTMD-CN3-G1993-VP080,LTMD-CN3-G1993,1993,3,80,3,168,91.68,0.0179,text_detected,,,,textual,high,OCR_TEXT_RICH,text_rich,PAGESTRUCT_CN_WAVE2_0.1
LTMD-CN3-G1993-VP081,LTMD-CN3-G1993,1993,3,81,3,168,89.51,0.0714,text_detected,,,,textual,high,OCR_TEXT_RICH,text_rich,PAGESTRUCT_CN_WAVE2_0.1
LTMD-CN3-G1993-VP082,LTMD-CN3-G1993,1993,3,82,3,254,87.94,0.0827,text_detected,,,,textual,high,OCR_TEXT_RICH,text_rich,PAGESTRUCT_CN_WAVE2_0.1
LTMD-CN3-G1993-VP083,LTMD-CN3-G1993,1993,3,83,3,177,91.63,0.0395,text_detected,,,,textual,high,OCR_TEXT_RICH,text_rich,PAGESTRUCT_CN_WAVE2_0.1
LTMD-CN3-G1993-VP084,LTMD-CN3-G1993,1993,3,84,3,198,87.61,0.0960,text_detected,,,,textual,high,OCR_TEXT_RICH,text_rich,PAGESTRUCT_CN_WAVE2_0.1
LTMD-CN3-G1993-VP085,LTMD-CN3-G1993,1993,3,85,3,156,82.46,0.1667,text_detected,,,,textual,high,OCR_TEXT_RICH,text_rich,PAGESTRUCT_CN_WAVE2_0.1
LTMD-CN3-G1993-VP086,LTMD-CN3-G1993,1993,3,86,3,210,91.82,0.0238,text_detected,,,,textual,high,OCR_TEXT_RICH,text_rich,PAGESTRUCT_CN_WAVE2_0.1
LTMD-CN3-G1993-VP087,LTMD-CN3-G1993,1993,3,87,3,175,90.23,0.0171,text_detected,,,,textual,high,OCR_TEXT_RICH,text_rich,PAGESTRUCT_CN_WAVE2_0.1
LTMD-CN3-G1993-VP088,LTMD-CN3-G1993,1993,3,88,3,94,85.33,0.0851,text_detected,,,,mixed_text_image,medium,OCR_MODERATE_TEXT,text_present,PAGESTRUCT_CN_WAVE2_0.1
LTMD-CN3-G1993-VP089,LTMD-CN3-G1993,1993,3,89,3,188,90.21,0.0479,text_detected,,,,textual,high,OCR_TEXT_RICH,text_rich,PAGESTRUCT_CN_WAVE2_0.1
LTMD-CN3-G1993-VP090,LTMD-CN3-G1993,1993,3,90,3,193,91.29,0.0518,text_detected,,,,textual,high,OCR_TEXT_RICH,text_rich,PAGESTRUCT_CN_WAVE2_0.1
LTMD-CN3-G1993-VP091,LTMD-CN3-G1993,1993,3,91,3,180,91.23,0.0333,text_detected,,,,textual,high,OCR_TEXT_RICH,text_rich,PAGESTRUCT_CN_WAVE2_0.1
LTMD-CN3-G1993-VP092,LTMD-CN3-G1993,1993,3,92,3,189,89.33,0.0741,text_detected,,,,textual,high,OCR_TEXT_RICH,text_rich,PAGESTRUCT_CN_WAVE2_0.1
LTMD-CN3-G1993-VP093,LTMD-CN3-G1993,1993,3,93,3,163,89.88,0.0675,text_detected,,,,textual,high,OCR_TEXT_RICH,text_rich,PAGESTRUCT_CN_WAVE2_0.1
LTMD-CN3-G1993-VP094,LTMD-CN3-G1993,1993,3,94,3,208,89.88,0.0529,text_detected,,,,textual,high,OCR_TEXT_RICH,text_rich,PAGESTRUCT_CN_WAVE2_0.1
LTMD-CN3-G1993-VP095,LTMD-CN3-G1993,1993,3,95,3,131,88.58,0.0534,text_detected,,,,textual,high,OCR_TEXT_RICH,text_rich,PAGESTRUCT_CN_WAVE2_0.1
LTMD-CN3-G1993-VP096,LTMD-CN3-G1993,1993,3,96,3,229,87.34,0.1092,text_detected,,,,textual,high,OCR_TEXT_RICH,text_rich,PAGESTRUCT_CN_WAVE2_0.1
LTMD-CN3-G1993-VP097,LTMD-CN3-G1993,1993,3,97,3,195,91.24,0.0410,text_detected,,,,textual,high,OCR_TEXT_RICH,text_rich,PAGESTRUCT_CN_WAVE2_0.1
LTMD-CN3-G1993-VP098,LTMD-CN3-G1993,1993,3,98,3,108,91.98,0.0185,text_detected,,,,mixed_text_image,medium,OCR_MODERATE_TEXT,text_present,PAGESTRUCT_CN_WAVE2_0.1
LTMD-CN3-G1993-VP099,LTMD-CN3-G1993,1993,3,99,3,257,91.17,0.0350,text_detected,,,,textual,high,OCR_TEXT_RICH,text_rich,PAGESTRUCT_CN_WAVE2_0.1
LTMD-CN3-G1993-VP100,LTMD-CN3-G1993,1993,3,100,3,109,89.48,0.0642,text_detected,,,,mixed_text_image,medium,OCR_MODERATE_TEXT,text_present,PAGESTRUCT_CN_WAVE2_0.1
LTMD-CN3-G1993-VP101,LTMD-CN3-G1993,1993,3,101,3,122,89.79,0.0738,text_detected,,,,textual,high,OCR_TEXT_RICH,text_rich,PAGESTRUCT_CN_WAVE2_0.1
LTMD-CN3-G1993-VP102,LTMD-CN3-G1993,1993,3,102,3,156,92.61,0.0256,text_detected,,,,textual,high,OCR_TEXT_RICH,text_rich,PAGESTRUCT_CN_WAVE2_0.1
LTMD-CN3-G1993-VP103,LTMD-CN3-G1993,1993,3,103,3,256,89.35,0.0664,text_detected,,,,textual,high,OCR_TEXT_RICH,text_rich,PAGESTRUCT_CN_WAVE2_0.1
LTMD-CN3-G1993-VP104,LTMD-CN3-G1993,1993,3,104,3,60,85.03,0.1000,text_detected,,,,mixed_text_image,medium,OCR_MODERATE_TEXT,text_present,PAGESTRUCT_CN_WAVE2_0.1
LTMD-CN3-G1993-VP105,LTMD-CN3-G1993,1993,3,105,3,146,86.92,0.0890,text_detected,,,,textual,high,OCR_TEXT_RICH,text_rich,PAGESTRUCT_CN_WAVE2_0.1
LTMD-CN3-G1993-VP106,LTMD-CN3-G1993,1993,3,106,3,129,91.87,0.0233,text_detected,,,,textual,high,OCR_TEXT_RICH,text_rich,PAGESTRUCT_CN_WAVE2_0.1
LTMD-CN3-G1993-VP107,LTMD-CN3-G1993,1993,3,107,3,216,90.78,0.0509,text_detected,,,,textual,high,OCR_TEXT_RICH,text_rich,PAGESTRUCT_CN_WAVE2_0.1
LTMD-CN3-G1993-VP108,LTMD-CN3-G1993,1993,3,108,6,39,30.47,0.8974,text_detected,,,,visual_only,high,OCR_VISUAL_NOISE,fallback_psm;visual_noise,PAGESTRUCT_CN_WAVE2_0.1
LTMD-CN3-G1993-VP109,LTMD-CN3-G1993,1993,3,109,11,28,50.48,0.8214,text_detected,,,,unknown,low,CONSERVATIVE_UNKNOWN,fallback_psm,PAGESTRUCT_CN_WAVE2_0.1
LTMD-CN3-G1993-VP110,LTMD-CN3-G1993,1993,3,110,3,233,92.30,0.0086,text_detected,,,,textual,high,OCR_TEXT_RICH,text_rich,PAGESTRUCT_CN_WAVE2_0.1
LTMD-CN3-G1993-VP111,LTMD-CN3-G1993,1993,3,111,3,119,84.05,0.1261,text_detected,,,,mixed_text_image,medium,OCR_MODERATE_TEXT,text_present,PAGESTRUCT_CN_WAVE2_0.1
LTMD-CN3-G1993-VP112,LTMD-CN3-G1993,1993,3,112,3,218,88.27,0.0780,text_detected,,,,textual,high,OCR_TEXT_RICH,text_rich,PAGESTRUCT_CN_WAVE2_0.1
LTMD-CN3-G1993-VP113,LTMD-CN3-G1993,1993,3,113,3,118,88.53,0.0763,text_detected,,,,mixed_text_image,medium,OCR_MODERATE_TEXT,text_present,PAGESTRUCT_CN_WAVE2_0.1
LTMD-CN3-G1993-VP114,LTMD-CN3-G1993,1993,3,114,3,88,92.04,0.0341,text_detected,,,,mixed_text_image,medium,OCR_MODERATE_TEXT,text_present,PAGESTRUCT_CN_WAVE2_0.1
LTMD-CN3-G1993-VP115,LTMD-CN3-G1993,1993,3,115,3,179,85.46,0.1061,text_detected,,,,textual,high,OCR_TEXT_RICH,text_rich,PAGESTRUCT_CN_WAVE2_0.1
LTMD-CN3-G1993-VP116,LTMD-CN3-G1993,1993,3,116,3,197,86.96,0.0964,text_detected,,,,textual,high,OCR_TEXT_RICH,text_rich,PAGESTRUCT_CN_WAVE2_0.1
LTMD-CN3-G1993-VP117,LTMD-CN3-G1993,1993,3,117,3,254,86.69,0.0827,text_detected,,,,textual,high,OCR_TEXT_RICH,text_rich,PAGESTRUCT_CN_WAVE2_0.1
LTMD-CN3-G1993-VP118,LTMD-CN3-G1993,1993,3,118,3,186,84.78,0.1075,text_detected,,,,textual,high,OCR_TEXT_RICH,text_rich,PAGESTRUCT_CN_WAVE2_0.1
LTMD-CN3-G1993-VP119,LTMD-CN3-G1993,1993,3,119,3,200,87.30,0.0900,text_detected,,,,textual,high,OCR_TEXT_RICH,text_rich,PAGESTRUCT_CN_WAVE2_0.1
LTMD-CN3-G1993-VP120,LTMD-CN3-G1993,1993,3,120,3,218,91.15,0.0505,text_detected,,,,textual,high,OCR_TEXT_RICH,text_rich,PAGESTRUCT_CN_WAVE2_0.1
LTMD-CN3-G1993-VP121,LTMD-CN3-G1993,1993,3,121,3,139,89.38,0.0719,text_detected,,,,textual,high,OCR_TEXT_RICH,text_rich,PAGESTRUCT_CN_WAVE2_0.1
LTMD-CN3-G1993-VP122,LTMD-CN3-G1993,1993,3,122,3,122,90.32,0.0410,text_detected,,,,textual,high,OCR_TEXT_RICH,text_rich,PAGESTRUCT_CN_WAVE2_0.1
LTMD-CN3-G1993-VP123,LTMD-CN3-G1993,1993,3,123,3,206,88.09,0.0777,text_detected,,,,textual,high,OCR_TEXT_RICH,text_rich,PAGESTRUCT_CN_WAVE2_0.1
LTMD-CN3-G1993-VP124,LTMD-CN3-G1993,1993,3,124,3,191,91.18,0.0471,text_detected,,,,textual,high,OCR_TEXT_RICH,text_rich,PAGESTRUCT_CN_WAVE2_0.1
LTMD-CN3-G1993-VP125,LTMD-CN3-G1993,1993,3,125,3,180,87.80,0.0833,text_detected,,,,textual,high,OCR_TEXT_RICH,text_rich,PAGESTRUCT_CN_WAVE2_0.1
LTMD-CN3-G1993-VP126,LTMD-CN3-G1993,1993,3,126,3,223,91.22,0.0404,text_detected,,,,textual,high,OCR_TEXT_RICH,text_rich,PAGESTRUCT_CN_WAVE2_0.1
LTMD-CN3-G1993-VP127,LTMD-CN3-G1993,1993,3,127,3,250,92.83,0.0200,text_detected,,,,textual,high,OCR_TEXT_RICH,text_rich,PAGESTRUCT_CN_WAVE2_0.1
LTMD-CN3-G1993-VP128,LTMD-CN3-G1993,1993,3,128,3,224,91.07,0.0357,text_detected,,,,textual,high,OCR_TEXT_RICH,text_rich,PAGESTRUCT_CN_WAVE2_0.1
LTMD-CN3-G1993-VP129,LTMD-CN3-G1993,1993,3,129,3,201,85.29,0.1045,text_detected,,,,textual,high,OCR_TEXT_RICH,text_rich,PAGESTRUCT_CN_WAVE2_0.1
LTMD-CN3-G1993-VP130,LTMD-CN3-G1993,1993,3,130,3,202,91.14,0.0198,text_detected,,,,textual,high,OCR_TEXT_RICH,text_rich,PAGESTRUCT_CN_WAVE2_0.1
LTMD-CN3-G1993-VP131,LTMD-CN3-G1993,1993,3,131,3,195,87.18,0.0615,text_detected,,,,textual,high,OCR_TEXT_RICH,text_rich,PAGESTRUCT_CN_WAVE2_0.1
LTMD-CN3-G1993-VP132,LTMD-CN3-G1993,1993,3,132,3,248,87.39,0.0766,text_detected,,,,textual,high,OCR_TEXT_RICH,text_rich,PAGESTRUCT_CN_WAVE2_0.1
LTMD-CN3-G1993-VP133,LTMD-CN3-G1993,1993,3,133,3,220,89.16,0.0818,text_detected,,,,textual,high,OCR_TEXT_RICH,text_rich,PAGESTRUCT_CN_WAVE2_0.1
LTMD-CN3-G1993-VP134,LTMD-CN3-G1993,1993,3,134,3,88,88.93,0.0455,text_detected,,,,mixed_text_image,medium,OCR_MODERATE_TEXT,text_present,PAGESTRUCT_CN_WAVE2_0.1
LTMD-CN3-G1993-VP135,LTMD-CN3-G1993,1993,3,135,3,103,89.66,0.0777,text_detected,,,,mixed_text_image,medium,OCR_MODERATE_TEXT,text_present,PAGESTRUCT_CN_WAVE2_0.1
LTMD-CN3-G1993-VP136,LTMD-CN3-G1993,1993,3,136,3,147,85.70,0.0884,text_detected,,,,textual,high,OCR_TEXT_RICH,text_rich,PAGESTRUCT_CN_WAVE2_0.1
LTMD-CN3-G1993-VP137,LTMD-CN3-G1993,1993,3,137,3,261,90.21,0.0345,text_detected,,,,textual,high,OCR_TEXT_RICH,text_rich,PAGESTRUCT_CN_WAVE2_0.1
LTMD-CN3-G1993-VP138,LTMD-CN3-G1993,1993,3,138,11,18,44.80,0.8889,text_detected,,,,visual_only,high,OCR_VISUAL_NOISE,fallback_psm;visual_noise,PAGESTRUCT_CN_WAVE2_0.1
LTMD-CN3-G1993-VP139,LTMD-CN3-G1993,1993,3,139,6,54,35.04,0.7963,text_detected,,,,visual_only,medium,OCR_VISUAL_NOISE,fallback_psm;visual_noise,PAGESTRUCT_CN_WAVE2_0.1
LTMD-CN3-G1993-VP140,LTMD-CN3-G1993,1993,3,140,3,110,88.26,0.0909,text_detected,,,,mixed_text_image,medium,OCR_MODERATE_TEXT,text_present,PAGESTRUCT_CN_WAVE2_0.1
LTMD-CN3-G1993-VP141,LTMD-CN3-G1993,1993,3,141,3,170,90.31,0.0412,text_detected,,,,textual,high,OCR_TEXT_RICH,text_rich,PAGESTRUCT_CN_WAVE2_0.1
LTMD-CN3-G1993-VP142,LTMD-CN3-G1993,1993,3,142,3,193,93.20,0.0155,text_detected,,,,textual,high,OCR_TEXT_RICH,text_rich,PAGESTRUCT_CN_WAVE2_0.1
LTMD-CN3-G1993-VP143,LTMD-CN3-G1993,1993,3,143,3,11,92.02,0.0909,text_detected,,,,mixed_text_image,low,OCR_SPARSE_HIGH_CONF,,PAGESTRUCT_CN_WAVE2_0.1
LTMD-CN3-G1993-VP144,LTMD-CN3-G1993,1993,3,144,3,162,87.57,0.0988,text_detected,,,,textual,high,OCR_TEXT_RICH,text_rich,PAGESTRUCT_CN_WAVE2_0.1
LTMD-CN3-G1993-VP145,LTMD-CN3-G1993,1993,3,145,3,209,92.11,0.0144,text_detected,,,,textual,high,OCR_TEXT_RICH,text_rich,PAGESTRUCT_CN_WAVE2_0.1
LTMD-CN3-G1993-VP146,LTMD-CN3-G1993,1993,3,146,3,87,91.08,0.0000,text_detected,,,,mixed_text_image,medium,OCR_MODERATE_TEXT,text_present,PAGESTRUCT_CN_WAVE2_0.1
LTMD-CN3-G1993-VP147,LTMD-CN3-G1993,1993,3,147,3,209,91.18,0.0239,text_detected,,,,textual,high,OCR_TEXT_RICH,text_rich,PAGESTRUCT_CN_WAVE2_0.1
LTMD-CN3-G1993-VP148,LTMD-CN3-G1993,1993,3,148,3,182,86.55,0.0934,text_detected,,,,textual,high,OCR_TEXT_RICH,text_rich,PAGESTRUCT_CN_WAVE2_0.1
LTMD-CN3-G1993-VP149,LTMD-CN3-G1993,1993,3,149,3,289,92.80,0.0208,text_detected,,,,textual,high,OCR_TEXT_RICH,text_rich,PAGESTRUCT_CN_WAVE2_0.1
LTMD-CN3-G1993-VP150,LTMD-CN3-G1993,1993,3,150,3,59,88.10,0.1017,text_detected,,,,mixed_text_image,medium,OCR_MODERATE_TEXT,text_present,PAGESTRUCT_CN_WAVE2_0.1
LTMD-CN3-G1993-VP151,LTMD-CN3-G1993,1993,3,151,3,61,87.33,0.0984,text_detected,,,,mixed_text_image,medium,OCR_MODERATE_TEXT,text_present,PAGESTRUCT_CN_WAVE2_0.1
LTMD-CN3-G1993-VP152,LTMD-CN3-G1993,1993,3,152,3,24,89.31,0.0417,text_detected,,,,mixed_text_image,medium,OCR_MODERATE_TEXT,text_present,PAGESTRUCT_CN_WAVE2_0.1
LTMD-CN3-G1993-VP153,LTMD-CN3-G1993,1993,3,153,3,130,87.44,0.1154,text_detected,,,,textual,high,OCR_TEXT_RICH,text_rich,PAGESTRUCT_CN_WAVE2_0.1
LTMD-CN3-G1993-VP154,LTMD-CN3-G1993,1993,3,154,3,207,92.02,0.0338,text_detected,,,,textual,high,OCR_TEXT_RICH,text_rich,PAGESTRUCT_CN_WAVE2_0.1
LTMD-CN3-G1993-VP155,LTMD-CN3-G1993,1993,3,155,3,213,91.18,0.0282,text_detected,,,,textual,high,OCR_TEXT_RICH,text_rich,PAGESTRUCT_CN_WAVE2_0.1
LTMD-CN3-G1993-VP156,LTMD-CN3-G1993,1993,3,156,3,94,86.30,0.1064,text_detected,,,,mixed_text_image,medium,OCR_MODERATE_TEXT,text_present,PAGESTRUCT_CN_WAVE2_0.1
LTMD-CN3-G1993-VP157,LTMD-CN3-G1993,1993,3,157,3,24,88.47,0.0417,text_detected,,,,mixed_text_image,medium,OCR_MODERATE_TEXT,text_present,PAGESTRUCT_CN_WAVE2_0.1
LTMD-CN3-G1993-VP158,LTMD-CN3-G1993,1993,3,158,3,112,91.74,0.0357,text_detected,,,,mixed_text_image,medium,OCR_MODERATE_TEXT,text_present,PAGESTRUCT_CN_WAVE2_0.1
LTMD-CN3-G1993-VP159,LTMD-CN3-G1993,1993,3,159,3,112,87.79,0.0625,text_detected,,,,mixed_text_image,medium,OCR_MODERATE_TEXT,text_present,PAGESTRUCT_CN_WAVE2_0.1
LTMD-CN3-G1993-VP160,LTMD-CN3-G1993,1993,3,160,3,207,84.63,0.1111,text_detected,,,,textual,high,OCR_TEXT_RICH,text_rich,PAGESTRUCT_CN_WAVE2_0.1
LTMD-CN3-G1993-VP161,LTMD-CN3-G1993,1993,3,161,3,130,92.87,0.0077,text_detected,,,,textual,high,OCR_TEXT_RICH,text_rich,PAGESTRUCT_CN_WAVE2_0.1
LTMD-CN3-G1993-VP162,LTMD-CN3-G1993,1993,3,162,3,76,91.18,0.0526,text_detected,,,,mixed_text_image,medium,OCR_MODERATE_TEXT,text_present,PAGESTRUCT_CN_WAVE2_0.1
LTMD-CN3-G1993-VP163,LTMD-CN3-G1993,1993,3,163,3,190,90.53,0.0526,text_detected,0,0,0,textual,high,OCR_TEXT_RICH,end_zone;text_rich,PAGESTRUCT_CN_WAVE2_0.1
LTMD-CN3-G1993-VP164,LTMD-CN3-G1993,1993,3,164,3,147,92.43,0.0136,text_detected,0,1,0,textual,high,OCR_TEXT_RICH,end_zone;text_rich;nav_kw,PAGESTRUCT_CN_WAVE2_0.1
LTMD-CN3-G1993-VP165,LTMD-CN3-G1993,1993,3,165,3,110,71.58,0.2909,text_detected,0,1,0,mixed_text_image,medium,OCR_MODERATE_TEXT,end_zone;text_present;nav_kw,PAGESTRUCT_CN_WAVE2_0.1
LTMD-CN3-G1993-VP166,LTMD-CN3-G1993,1993,3,166,3,98,50.23,0.5306,text_detected,0,1,0,unknown,low,CONSERVATIVE_UNKNOWN,end_zone;nav_kw,PAGESTRUCT_CN_WAVE2_0.1
LTMD-CN3-G1993-VP167,LTMD-CN3-G1993,1993,3,167,3,42,54.18,0.4762,text_detected,0,1,0,unknown,low,CONSERVATIVE_UNKNOWN,end_zone;nav_kw,PAGESTRUCT_CN_WAVE2_0.1
LTMD-CN3-G1993-VP168,LTMD-CN3-G1993,1993,3,168,3,128,86.58,0.1094,text_detected,0,1,0,textual,high,OCR_TEXT_RICH,end_zone;text_rich;nav_kw,PAGESTRUCT_CN_WAVE2_0.1
LTMD-CN3-G1993-VP169,LTMD-CN3-G1993,1993,3,169,3,56,46.72,0.6429,text_detected,0,0,0,unknown,low,CONSERVATIVE_UNKNOWN,end_zone,PAGESTRUCT_CN_WAVE2_0.1
LTMD-CN3-G1993-VP170,LTMD-CN3-G1993,1993,3,170,3,69,52.66,0.5362,text_detected,0,1,0,unknown,low,CONSERVATIVE_UNKNOWN,end_zone;nav_kw,PAGESTRUCT_CN_WAVE2_0.1
LTMD-CN3-G1993-VP171,LTMD-CN3-G1993,1993,3,171,3,72,52.06,0.5278,text_detected,0,0,0,unknown,low,CONSERVATIVE_UNKNOWN,end_zone,PAGESTRUCT_CN_WAVE2_0.1
LTMD-CN3-G1993-VP172,LTMD-CN3-G1993,1993,3,172,3,84,83.98,0.1190,text_detected,0,0,0,mixed_text_image,medium,OCR_MODERATE_TEXT,end_zone;text_present,PAGESTRUCT_CN_WAVE2_0.1
LTMD-CN3-G1993-VP173,LTMD-CN3-G1993,1993,3,173,3,107,81.29,0.1963,text_detected,1,0,0,mixed_text_image,medium,OCR_MODERATE_TEXT,end_zone;text_present;front_kw,PAGESTRUCT_CN_WAVE2_0.1
LTMD-CN3-G1993-VP174,LTMD-CN3-G1993,1993,3,174,3,46,91.48,0.0217,text_detected,0,0,0,mixed_text_image,medium,OCR_MODERATE_TEXT,end_zone;text_present,PAGESTRUCT_CN_WAVE2_0.1
LTMD-CN3-G1993-VP175,LTMD-CN3-G1993,1993,3,175,6,27,43.92,0.7037,text_detected,0,0,0,visual_only,medium,OCR_VISUAL_NOISE,end_zone;fallback_psm;visual_noise,PAGESTRUCT_CN_WAVE2_0.1
LTMD-CN3-G1993-VP176,LTMD-CN3-G1993,1993,3,176,3,63,83.68,0.0794,text_detected,0,0,0,mixed_text_image,medium,OCR_MODERATE_TEXT,end_zone;text_present,PAGESTRUCT_CN_WAVE2_0.1
LTMD-CN3-G1993-VP177,LTMD-CN3-G1993,1993,3,177,3,7,72.15,0.4286,text_detected,0,0,0,unknown,low,CONSERVATIVE_UNKNOWN,end_zone,PAGESTRUCT_CN_WAVE2_0.1
LTMD-CN3-G1993-VP178,LTMD-CN3-G1993,1993,3,178,3,41,75.63,0.2683,text_detected,0,0,1,bibliography_or_credits,medium,KW_BIBLIO_CREDITS,end_zone;text_present;biblio_credit_kw,PAGESTRUCT_CN_WAVE2_0.1
LTMD-CN3-G2011-VP001,LTMD-CN3-G2011,2011,3,1,3,5,60.26,0.6000,text_detected,0,0,0,unknown,low,CONSERVATIVE_UNKNOWN,front_zone,PAGESTRUCT_CN_WAVE2_0.1
LTMD-CN3-G2011-VP002,LTMD-CN3-G2011,2011,3,2,3,498,65.29,0.3916,text_detected,0,0,7,bibliography_or_credits,high,KW_BIBLIO_CREDITS,front_zone;text_present;biblio_credit_kw,PAGESTRUCT_CN_WAVE2_0.1
LTMD-CN3-G2011-VP003,LTMD-CN3-G2011,2011,3,3,3,271,95.16,0.0037,text_detected,1,1,1,bibliography_or_credits,medium,KW_BIBLIO_CREDITS,front_zone;text_rich;front_kw;nav_kw;biblio_credit_kw,PAGESTRUCT_CN_WAVE2_0.1
LTMD-CN3-G2011-VP004,LTMD-CN3-G2011,2011,3,4,3,168,84.36,0.1190,text_detected,1,3,0,toc_or_navigation,high,KW_NAVIGATION,front_zone;text_rich;front_kw;nav_kw,PAGESTRUCT_CN_WAVE2_0.1
LTMD-CN3-G2011-VP005,LTMD-CN3-G2011,2011,3,5,3,170,88.65,0.0647,text_detected,2,3,0,toc_or_navigation,high,KW_NAVIGATION,front_zone;text_rich;front_kw;nav_kw,PAGESTRUCT_CN_WAVE2_0.1
LTMD-CN3-G2011-VP006,LTMD-CN3-G2011,2011,3,6,3,183,78.97,0.2131,text_detected,2,2,0,toc_or_navigation,high,KW_NAVIGATION,front_zone;text_rich;front_kw;nav_kw,PAGESTRUCT_CN_WAVE2_0.1
LTMD-CN3-G2011-VP007,LTMD-CN3-G2011,2011,3,7,3,133,77.86,0.2256,text_detected,0,1,3,bibliography_or_credits,high,KW_BIBLIO_CREDITS,front_zone;text_rich;nav_kw;biblio_credit_kw,PAGESTRUCT_CN_WAVE2_0.1
LTMD-CN3-G2011-VP008,LTMD-CN3-G2011,2011,3,8,6,78,24.79,0.9487,text_detected,0,0,0,visual_only,high,OCR_VISUAL_NOISE,front_zone;fallback_psm;visual_noise,PAGESTRUCT_CN_WAVE2_0.1
LTMD-CN3-G2011-VP009,LTMD-CN3-G2011,2011,3,9,3,18,83.09,0.1111,text_detected,0,0,0,mixed_text_image,low,OCR_SPARSE_HIGH_CONF,front_zone,PAGESTRUCT_CN_WAVE2_0.1
LTMD-CN3-G2011-VP010,LTMD-CN3-G2011,2011,3,10,3,20,87.40,0.0500,text_detected,0,1,0,toc_or_navigation,medium,KW_NAVIGATION,front_zone;text_present;nav_kw,PAGESTRUCT_CN_WAVE2_0.1
LTMD-CN3-G2011-VP011,LTMD-CN3-G2011,2011,3,11,3,172,91.97,0.0407,text_detected,0,1,0,toc_or_navigation,medium,KW_NAVIGATION,front_zone;text_rich;nav_kw,PAGESTRUCT_CN_WAVE2_0.1
LTMD-CN3-G2011-VP012,LTMD-CN3-G2011,2011,3,12,3,179,91.67,0.0391,text_detected,0,1,0,toc_or_navigation,medium,KW_NAVIGATION,front_zone;text_rich;nav_kw,PAGESTRUCT_CN_WAVE2_0.1
LTMD-CN3-G2011-VP013,LTMD-CN3-G2011,2011,3,13,3,377,90.95,0.0451,text_detected,0,1,0,toc_or_navigation,medium,KW_NAVIGATION,front_zone;text_rich;nav_kw,PAGESTRUCT_CN_WAVE2_0.1
LTMD-CN3-G2011-VP014,LTMD-CN3-G2011,2011,3,14,3,122,91.97,0.0246,text_detected,0,1,0,toc_or_navigation,medium,KW_NAVIGATION,front_zone;text_rich;nav_kw,PAGESTRUCT_CN_WAVE2_0.1
LTMD-CN3-G2011-VP015,LTMD-CN3-G2011,2011,3,15,3,142,87.92,0.0986,text_detected,0,1,0,toc_or_navigation,medium,KW_NAVIGATION,front_zone;text_rich;nav_kw,PAGESTRUCT_CN_WAVE2_0.1
LTMD-CN3-G2011-VP016,LTMD-CN3-G2011,2011,3,16,6,27,32.63,0.8148,text_detected,0,0,0,visual_only,high,OCR_VISUAL_NOISE,front_zone;fallback_psm;visual_noise,PAGESTRUCT_CN_WAVE2_0.1
LTMD-CN3-G2011-VP017,LTMD-CN3-G2011,2011,3,17,3,169,85.70,0.1243,text_detected,,,,textual,high,OCR_TEXT_RICH,text_rich,PAGESTRUCT_CN_WAVE2_0.1
LTMD-CN3-G2011-VP018,LTMD-CN3-G2011,2011,3,18,3,70,89.82,0.0714,text_detected,,,,mixed_text_image,medium,OCR_MODERATE_TEXT,text_present,PAGESTRUCT_CN_WAVE2_0.1
LTMD-CN3-G2011-VP019,LTMD-CN3-G2011,2011,3,19,3,265,90.04,0.0453,text_detected,,,,textual,high,OCR_TEXT_RICH,text_rich,PAGESTRUCT_CN_WAVE2_0.1
LTMD-CN3-G2011-VP020,LTMD-CN3-G2011,2011,3,20,3,140,92.36,0.0286,text_detected,,,,textual,high,OCR_TEXT_RICH,text_rich,PAGESTRUCT_CN_WAVE2_0.1
LTMD-CN3-G2011-VP021,LTMD-CN3-G2011,2011,3,21,3,196,87.76,0.0918,text_detected,,,,textual,high,OCR_TEXT_RICH,text_rich,PAGESTRUCT_CN_WAVE2_0.1
LTMD-CN3-G2011-VP022,LTMD-CN3-G2011,2011,3,22,3,169,90.46,0.0592,text_detected,,,,textual,high,OCR_TEXT_RICH,text_rich,PAGESTRUCT_CN_WAVE2_0.1
LTMD-CN3-G2011-VP023,LTMD-CN3-G2011,2011,3,23,3,276,93.48,0.0217,text_detected,,,,textual,high,OCR_TEXT_RICH,text_rich,PAGESTRUCT_CN_WAVE2_0.1
LTMD-CN3-G2011-VP024,LTMD-CN3-G2011,2011,3,24,3,109,91.98,0.0459,text_detected,,,,mixed_text_image,medium,OCR_MODERATE_TEXT,text_present,PAGESTRUCT_CN_WAVE2_0.1
LTMD-CN3-G2011-VP025,LTMD-CN3-G2011,2011,3,25,3,16,65.59,0.3750,text_detected,,,,unknown,low,CONSERVATIVE_UNKNOWN,,PAGESTRUCT_CN_WAVE2_0.1
LTMD-CN3-G2011-VP026,LTMD-CN3-G2011,2011,3,26,3,193,93.75,0.0155,text_detected,,,,textual,high,OCR_TEXT_RICH,text_rich,PAGESTRUCT_CN_WAVE2_0.1
LTMD-CN3-G2011-VP027,LTMD-CN3-G2011,2011,3,27,3,255,93.14,0.0353,text_detected,,,,textual,high,OCR_TEXT_RICH,text_rich,PAGESTRUCT_CN_WAVE2_0.1
LTMD-CN3-G2011-VP028,LTMD-CN3-G2011,2011,3,28,3,185,85.79,0.1189,text_detected,,,,textual,high,OCR_TEXT_RICH,text_rich,PAGESTRUCT_CN_WAVE2_0.1
LTMD-CN3-G2011-VP029,LTMD-CN3-G2011,2011,3,29,3,91,84.47,0.1429,text_detected,,,,mixed_text_image,medium,OCR_MODERATE_TEXT,text_present,PAGESTRUCT_CN_WAVE2_0.1
LTMD-CN3-G2011-VP030,LTMD-CN3-G2011,2011,3,30,3,154,92.76,0.0195,text_detected,,,,textual,high,OCR_TEXT_RICH,text_rich,PAGESTRUCT_CN_WAVE2_0.1
LTMD-CN3-G2011-VP031,LTMD-CN3-G2011,2011,3,31,3,3,30.51,1.0000,text_detected,,,,visual_only,medium,OCR_VISUAL_NOISE,visual_noise,PAGESTRUCT_CN_WAVE2_0.1
LTMD-CN3-G2011-VP032,LTMD-CN3-G2011,2011,3,32,3,160,86.46,0.0875,text_detected,,,,textual,high,OCR_TEXT_RICH,text_rich,PAGESTRUCT_CN_WAVE2_0.1
LTMD-CN3-G2011-VP033,LTMD-CN3-G2011,2011,3,33,3,244,93.04,0.0287,text_detected,,,,textual,high,OCR_TEXT_RICH,text_rich,PAGESTRUCT_CN_WAVE2_0.1
LTMD-CN3-G2011-VP034,LTMD-CN3-G2011,2011,3,34,3,280,90.74,0.0429,text_detected,,,,textual,high,OCR_TEXT_RICH,text_rich,PAGESTRUCT_CN_WAVE2_0.1
LTMD-CN3-G2011-VP035,LTMD-CN3-G2011,2011,3,35,3,302,93.82,0.0166,text_detected,,,,textual,high,OCR_TEXT_RICH,text_rich,PAGESTRUCT_CN_WAVE2_0.1
LTMD-CN3-G2011-VP036,LTMD-CN3-G2011,2011,3,36,3,207,94.24,0.0048,text_detected,,,,textual,high,OCR_TEXT_RICH,text_rich,PAGESTRUCT_CN_WAVE2_0.1
LTMD-CN3-G2011-VP037,LTMD-CN3-G2011,2011,3,37,3,101,82.84,0.1584,text_detected,,,,mixed_text_image,medium,OCR_MODERATE_TEXT,text_present,PAGESTRUCT_CN_WAVE2_0.1
LTMD-CN3-G2011-VP038,LTMD-CN3-G2011,2011,3,38,3,289,89.17,0.0623,text_detected,,,,textual,high,OCR_TEXT_RICH,text_rich,PAGESTRUCT_CN_WAVE2_0.1
LTMD-CN3-G2011-VP039,LTMD-CN3-G2011,2011,3,39,3,261,87.66,0.0728,text_detected,,,,textual,high,OCR_TEXT_RICH,text_rich,PAGESTRUCT_CN_WAVE2_0.1
LTMD-CN3-G2011-VP040,LTMD-CN3-G2011,2011,3,40,3,234,90.50,0.0470,text_detected,,,,textual,high,OCR_TEXT_RICH,text_rich,PAGESTRUCT_CN_WAVE2_0.1
LTMD-CN3-G2011-VP041,LTMD-CN3-G2011,2011,3,41,3,140,91.88,0.0357,text_detected,,,,textual,high,OCR_TEXT_RICH,text_rich,PAGESTRUCT_CN_WAVE2_0.1
LTMD-CN3-G2011-VP042,LTMD-CN3-G2011,2011,3,42,6,107,29.44,0.9533,text_detected,,,,visual_only,high,OCR_VISUAL_NOISE,fallback_psm;visual_noise,PAGESTRUCT_CN_WAVE2_0.1
LTMD-CN3-G2011-VP043,LTMD-CN3-G2011,2011,3,43,3,7,85.43,0.0000,text_detected,,,,mixed_text_image,low,OCR_SPARSE_HIGH_CONF,,PAGESTRUCT_CN_WAVE2_0.1
LTMD-CN3-G2011-VP044,LTMD-CN3-G2011,2011,3,44,6,92,32.44,0.8913,text_detected,,,,visual_only,high,OCR_VISUAL_NOISE,fallback_psm;visual_noise,PAGESTRUCT_CN_WAVE2_0.1
LTMD-CN3-G2011-VP045,LTMD-CN3-G2011,2011,3,45,3,129,83.50,0.1473,text_detected,,,,textual,high,OCR_TEXT_RICH,text_rich,PAGESTRUCT_CN_WAVE2_0.1
LTMD-CN3-G2011-VP046,LTMD-CN3-G2011,2011,3,46,3,257,92.68,0.0272,text_detected,,,,textual,high,OCR_TEXT_RICH,text_rich,PAGESTRUCT_CN_WAVE2_0.1
LTMD-CN3-G2011-VP047,LTMD-CN3-G2011,2011,3,47,3,162,82.28,0.1852,text_detected,,,,textual,high,OCR_TEXT_RICH,text_rich,PAGESTRUCT_CN_WAVE2_0.1
LTMD-CN3-G2011-VP048,LTMD-CN3-G2011,2011,3,48,3,118,84.44,0.1356,text_detected,,,,mixed_text_image,medium,OCR_MODERATE_TEXT,text_present,PAGESTRUCT_CN_WAVE2_0.1
LTMD-CN3-G2011-VP049,LTMD-CN3-G2011,2011,3,49,3,107,84.20,0.1402,text_detected,,,,mixed_text_image,medium,OCR_MODERATE_TEXT,text_present,PAGESTRUCT_CN_WAVE2_0.1
LTMD-CN3-G2011-VP050,LTMD-CN3-G2011,2011,3,50,3,301,88.76,0.0831,text_detected,,,,textual,high,OCR_TEXT_RICH,text_rich,PAGESTRUCT_CN_WAVE2_0.1
LTMD-CN3-G2011-VP051,LTMD-CN3-G2011,2011,3,51,3,164,86.28,0.1159,text_detected,,,,textual,high,OCR_TEXT_RICH,text_rich,PAGESTRUCT_CN_WAVE2_0.1
LTMD-CN3-G2011-VP052,LTMD-CN3-G2011,2011,3,52,3,239,91.63,0.0335,text_detected,,,,textual,high,OCR_TEXT_RICH,text_rich,PAGESTRUCT_CN_WAVE2_0.1
LTMD-CN3-G2011-VP053,LTMD-CN3-G2011,2011,3,53,3,30,58.47,0.4667,text_detected,,,,unknown,low,CONSERVATIVE_UNKNOWN,,PAGESTRUCT_CN_WAVE2_0.1
LTMD-CN3-G2011-VP054,LTMD-CN3-G2011,2011,3,54,3,276,85.29,0.1341,text_detected,,,,textual,high,OCR_TEXT_RICH,text_rich,PAGESTRUCT_CN_WAVE2_0.1
LTMD-CN3-G2011-VP055,LTMD-CN3-G2011,2011,3,55,3,94,91.20,0.0319,text_detected,,,,mixed_text_image,medium,OCR_MODERATE_TEXT,text_present,PAGESTRUCT_CN_WAVE2_0.1
LTMD-CN3-G2011-VP056,LTMD-CN3-G2011,2011,3,56,3,232,82.16,0.1681,text_detected,,,,textual,high,OCR_TEXT_RICH,text_rich,PAGESTRUCT_CN_WAVE2_0.1
LTMD-CN3-G2011-VP057,LTMD-CN3-G2011,2011,3,57,3,174,94.10,0.0172,text_detected,,,,textual,high,OCR_TEXT_RICH,text_rich,PAGESTRUCT_CN_WAVE2_0.1
LTMD-CN3-G2011-VP058,LTMD-CN3-G2011,2011,3,58,3,135,89.61,0.0444,text_detected,,,,textual,high,OCR_TEXT_RICH,text_rich,PAGESTRUCT_CN_WAVE2_0.1
LTMD-CN3-G2011-VP059,LTMD-CN3-G2011,2011,3,59,3,3,17.01,1.0000,text_detected,,,,visual_only,medium,OCR_VISUAL_NOISE,visual_noise,PAGESTRUCT_CN_WAVE2_0.1
LTMD-CN3-G2011-VP060,LTMD-CN3-G2011,2011,3,60,3,149,85.82,0.1007,text_detected,,,,textual,high,OCR_TEXT_RICH,text_rich,PAGESTRUCT_CN_WAVE2_0.1
LTMD-CN3-G2011-VP061,LTMD-CN3-G2011,2011,3,61,3,256,89.27,0.0625,text_detected,,,,textual,high,OCR_TEXT_RICH,text_rich,PAGESTRUCT_CN_WAVE2_0.1
LTMD-CN3-G2011-VP062,LTMD-CN3-G2011,2011,3,62,3,161,90.14,0.0683,text_detected,,,,textual,high,OCR_TEXT_RICH,text_rich,PAGESTRUCT_CN_WAVE2_0.1
LTMD-CN3-G2011-VP063,LTMD-CN3-G2011,2011,3,63,3,99,85.55,0.0808,text_detected,,,,mixed_text_image,medium,OCR_MODERATE_TEXT,text_present,PAGESTRUCT_CN_WAVE2_0.1
LTMD-CN3-G2011-VP064,LTMD-CN3-G2011,2011,3,64,3,95,87.18,0.0737,text_detected,,,,mixed_text_image,medium,OCR_MODERATE_TEXT,text_present,PAGESTRUCT_CN_WAVE2_0.1
LTMD-CN3-G2011-VP065,LTMD-CN3-G2011,2011,3,65,3,95,93.41,0.0211,text_detected,,,,mixed_text_image,medium,OCR_MODERATE_TEXT,text_present,PAGESTRUCT_CN_WAVE2_0.1
LTMD-CN3-G2011-VP066,LTMD-CN3-G2011,2011,3,66,3,352,88.22,0.0739,text_detected,,,,textual,high,OCR_TEXT_RICH,text_rich,PAGESTRUCT_CN_WAVE2_0.1
LTMD-CN3-G2011-VP067,LTMD-CN3-G2011,2011,3,67,3,243,87.52,0.1029,text_detected,,,,textual,high,OCR_TEXT_RICH,text_rich,PAGESTRUCT_CN_WAVE2_0.1
LTMD-CN3-G2011-VP068,LTMD-CN3-G2011,2011,3,68,3,166,92.41,0.0120,text_detected,,,,textual,high,OCR_TEXT_RICH,text_rich,PAGESTRUCT_CN_WAVE2_0.1
LTMD-CN3-G2011-VP069,LTMD-CN3-G2011,2011,3,69,3,256,92.63,0.0234,text_detected,,,,textual,high,OCR_TEXT_RICH,text_rich,PAGESTRUCT_CN_WAVE2_0.1
LTMD-CN3-G2011-VP070,LTMD-CN3-G2011,2011,3,70,3,179,90.78,0.0335,text_detected,,,,textual,high,OCR_TEXT_RICH,text_rich,PAGESTRUCT_CN_WAVE2_0.1
LTMD-CN3-G2011-VP071,LTMD-CN3-G2011,2011,3,71,3,104,91.81,0.0288,text_detected,,,,mixed_text_image,medium,OCR_MODERATE_TEXT,text_present,PAGESTRUCT_CN_WAVE2_0.1
LTMD-CN3-G2011-VP072,LTMD-CN3-G2011,2011,3,72,,1,62.76,0.0000,no_text_detected,,,,visual_only,high,OCR_VISUAL_NOISE,visual_noise,PAGESTRUCT_CN_WAVE2_0.1
LTMD-CN3-G2011-VP073,LTMD-CN3-G2011,2011,3,73,3,13,79.53,0.1538,text_detected,,,,mixed_text_image,low,OCR_SPARSE_HIGH_CONF,,PAGESTRUCT_CN_WAVE2_0.1
LTMD-CN3-G2011-VP074,LTMD-CN3-G2011,2011,3,74,6,19,53.32,0.6316,text_detected,,,,unknown,low,CONSERVATIVE_UNKNOWN,fallback_psm,PAGESTRUCT_CN_WAVE2_0.1
LTMD-CN3-G2011-VP075,LTMD-CN3-G2011,2011,3,75,3,123,91.79,0.0488,text_detected,,,,textual,high,OCR_TEXT_RICH,text_rich,PAGESTRUCT_CN_WAVE2_0.1
LTMD-CN3-G2011-VP076,LTMD-CN3-G2011,2011,3,76,3,218,88.67,0.0917,text_detected,,,,textual,high,OCR_TEXT_RICH,text_rich,PAGESTRUCT_CN_WAVE2_0.1
LTMD-CN3-G2011-VP077,LTMD-CN3-G2011,2011,3,77,3,115,88.24,0.0783,text_detected,,,,mixed_text_image,medium,OCR_MODERATE_TEXT,text_present,PAGESTRUCT_CN_WAVE2_0.1
LTMD-CN3-G2011-VP078,LTMD-CN3-G2011,2011,3,78,3,194,89.49,0.0567,text_detected,,,,textual,high,OCR_TEXT_RICH,text_rich,PAGESTRUCT_CN_WAVE2_0.1
LTMD-CN3-G2011-VP079,LTMD-CN3-G2011,2011,3,79,3,204,91.52,0.0245,text_detected,,,,textual,high,OCR_TEXT_RICH,text_rich,PAGESTRUCT_CN_WAVE2_0.1
LTMD-CN3-G2011-VP080,LTMD-CN3-G2011,2011,3,80,3,190,89.52,0.0684,text_detected,,,,textual,high,OCR_TEXT_RICH,text_rich,PAGESTRUCT_CN_WAVE2_0.1
LTMD-CN3-G2011-VP081,LTMD-CN3-G2011,2011,3,81,3,233,85.88,0.1116,text_detected,,,,textual,high,OCR_TEXT_RICH,text_rich,PAGESTRUCT_CN_WAVE2_0.1
LTMD-CN3-G2011-VP082,LTMD-CN3-G2011,2011,3,82,3,108,92.18,0.0278,text_detected,,,,mixed_text_image,medium,OCR_MODERATE_TEXT,text_present,PAGESTRUCT_CN_WAVE2_0.1
LTMD-CN3-G2011-VP083,LTMD-CN3-G2011,2011,3,83,3,177,90.72,0.0282,text_detected,,,,textual,high,OCR_TEXT_RICH,text_rich,PAGESTRUCT_CN_WAVE2_0.1
LTMD-CN3-G2011-VP084,LTMD-CN3-G2011,2011,3,84,3,96,89.05,0.0521,text_detected,,,,mixed_text_image,medium,OCR_MODERATE_TEXT,text_present,PAGESTRUCT_CN_WAVE2_0.1
LTMD-CN3-G2011-VP085,LTMD-CN3-G2011,2011,3,85,3,56,85.84,0.0714,text_detected,,,,mixed_text_image,medium,OCR_MODERATE_TEXT,text_present,PAGESTRUCT_CN_WAVE2_0.1
LTMD-CN3-G2011-VP086,LTMD-CN3-G2011,2011,3,86,3,121,91.92,0.0496,text_detected,,,,textual,high,OCR_TEXT_RICH,text_rich,PAGESTRUCT_CN_WAVE2_0.1
LTMD-CN3-G2011-VP087,LTMD-CN3-G2011,2011,3,87,3,142,92.30,0.0282,text_detected,,,,textual,high,OCR_TEXT_RICH,text_rich,PAGESTRUCT_CN_WAVE2_0.1
LTMD-CN3-G2011-VP088,LTMD-CN3-G2011,2011,3,88,3,129,90.98,0.0465,text_detected,,,,textual,high,OCR_TEXT_RICH,text_rich,PAGESTRUCT_CN_WAVE2_0.1
LTMD-CN3-G2011-VP089,LTMD-CN3-G2011,2011,3,89,3,96,86.26,0.0938,text_detected,,,,mixed_text_image,medium,OCR_MODERATE_TEXT,text_present,PAGESTRUCT_CN_WAVE2_0.1
LTMD-CN3-G2011-VP090,LTMD-CN3-G2011,2011,3,90,3,245,92.16,0.0286,text_detected,,,,textual,high,OCR_TEXT_RICH,text_rich,PAGESTRUCT_CN_WAVE2_0.1
LTMD-CN3-G2011-VP091,LTMD-CN3-G2011,2011,3,91,3,47,88.04,0.0851,text_detected,,,,mixed_text_image,medium,OCR_MODERATE_TEXT,text_present,PAGESTRUCT_CN_WAVE2_0.1
LTMD-CN3-G2011-VP092,LTMD-CN3-G2011,2011,3,92,3,73,84.22,0.1507,text_detected,,,,mixed_text_image,medium,OCR_MODERATE_TEXT,text_present,PAGESTRUCT_CN_WAVE2_0.1
LTMD-CN3-G2011-VP093,LTMD-CN3-G2011,2011,3,93,3,99,84.14,0.1111,text_detected,,,,mixed_text_image,medium,OCR_MODERATE_TEXT,text_present,PAGESTRUCT_CN_WAVE2_0.1
LTMD-CN3-G2011-VP094,LTMD-CN3-G2011,2011,3,94,3,131,93.45,0.0076,text_detected,,,,textual,high,OCR_TEXT_RICH,text_rich,PAGESTRUCT_CN_WAVE2_0.1
LTMD-CN3-G2011-VP095,LTMD-CN3-G2011,2011,3,95,3,217,89.47,0.0461,text_detected,,,,textual,high,OCR_TEXT_RICH,text_rich,PAGESTRUCT_CN_WAVE2_0.1
LTMD-CN3-G2011-VP096,LTMD-CN3-G2011,2011,3,96,3,166,92.37,0.0301,text_detected,,,,textual,high,OCR_TEXT_RICH,text_rich,PAGESTRUCT_CN_WAVE2_0.1
LTMD-CN3-G2011-VP097,LTMD-CN3-G2011,2011,3,97,3,124,89.59,0.0484,text_detected,,,,textual,high,OCR_TEXT_RICH,text_rich,PAGESTRUCT_CN_WAVE2_0.1
LTMD-CN3-G2011-VP098,LTMD-CN3-G2011,2011,3,98,3,235,92.13,0.0298,text_detected,,,,textual,high,OCR_TEXT_RICH,text_rich,PAGESTRUCT_CN_WAVE2_0.1
LTMD-CN3-G2011-VP099,LTMD-CN3-G2011,2011,3,99,3,328,91.02,0.0427,text_detected,,,,textual,high,OCR_TEXT_RICH,text_rich,PAGESTRUCT_CN_WAVE2_0.1
LTMD-CN3-G2011-VP100,LTMD-CN3-G2011,2011,3,100,3,207,84.83,0.1449,text_detected,,,,textual,high,OCR_TEXT_RICH,text_rich,PAGESTRUCT_CN_WAVE2_0.1
LTMD-CN3-G2011-VP101,LTMD-CN3-G2011,2011,3,101,3,134,89.19,0.0672,text_detected,,,,textual,high,OCR_TEXT_RICH,text_rich,PAGESTRUCT_CN_WAVE2_0.1
LTMD-CN3-G2011-VP102,LTMD-CN3-G2011,2011,3,102,3,3,21.45,1.0000,text_detected,,,,visual_only,medium,OCR_VISUAL_NOISE,visual_noise,PAGESTRUCT_CN_WAVE2_0.1
LTMD-CN3-G2011-VP103,LTMD-CN3-G2011,2011,3,103,3,33,71.46,0.3333,text_detected,,,,mixed_text_image,medium,OCR_MODERATE_TEXT,text_present,PAGESTRUCT_CN_WAVE2_0.1
LTMD-CN3-G2011-VP104,LTMD-CN3-G2011,2011,3,104,6,298,29.13,0.9362,text_detected,,,,visual_only,high,OCR_VISUAL_NOISE,fallback_psm;visual_noise,PAGESTRUCT_CN_WAVE2_0.1
LTMD-CN3-G2011-VP105,LTMD-CN3-G2011,2011,3,105,3,130,86.32,0.1231,text_detected,,,,textual,high,OCR_TEXT_RICH,text_rich,PAGESTRUCT_CN_WAVE2_0.1
LTMD-CN3-G2011-VP106,LTMD-CN3-G2011,2011,3,106,3,295,89.05,0.0610,text_detected,,,,textual,high,OCR_TEXT_RICH,text_rich,PAGESTRUCT_CN_WAVE2_0.1
LTMD-CN3-G2011-VP107,LTMD-CN3-G2011,2011,3,107,3,281,90.40,0.0463,text_detected,,,,textual,high,OCR_TEXT_RICH,text_rich,PAGESTRUCT_CN_WAVE2_0.1
LTMD-CN3-G2011-VP108,LTMD-CN3-G2011,2011,3,108,3,200,88.63,0.0650,text_detected,,,,textual,high,OCR_TEXT_RICH,text_rich,PAGESTRUCT_CN_WAVE2_0.1
LTMD-CN3-G2011-VP109,LTMD-CN3-G2011,2011,3,109,3,263,90.64,0.0570,text_detected,,,,textual,high,OCR_TEXT_RICH,text_rich,PAGESTRUCT_CN_WAVE2_0.1
LTMD-CN3-G2011-VP110,LTMD-CN3-G2011,2011,3,110,3,354,86.80,0.1073,text_detected,,,,textual,high,OCR_TEXT_RICH,text_rich,PAGESTRUCT_CN_WAVE2_0.1
LTMD-CN3-G2011-VP111,LTMD-CN3-G2011,2011,3,111,3,74,87.05,0.0676,text_detected,,,,mixed_text_image,medium,OCR_MODERATE_TEXT,text_present,PAGESTRUCT_CN_WAVE2_0.1
LTMD-CN3-G2011-VP112,LTMD-CN3-G2011,2011,3,112,3,230,90.70,0.0522,text_detected,,,,textual,high,OCR_TEXT_RICH,text_rich,PAGESTRUCT_CN_WAVE2_0.1
LTMD-CN3-G2011-VP113,LTMD-CN3-G2011,2011,3,113,3,291,90.58,0.0584,text_detected,,,,textual,high,OCR_TEXT_RICH,text_rich,PAGESTRUCT_CN_WAVE2_0.1
LTMD-CN3-G2011-VP114,LTMD-CN3-G2011,2011,3,114,3,158,92.45,0.0316,text_detected,,,,textual,high,OCR_TEXT_RICH,text_rich,PAGESTRUCT_CN_WAVE2_0.1
LTMD-CN3-G2011-VP115,LTMD-CN3-G2011,2011,3,115,3,262,90.76,0.0420,text_detected,,,,textual,high,OCR_TEXT_RICH,text_rich,PAGESTRUCT_CN_WAVE2_0.1
LTMD-CN3-G2011-VP116,LTMD-CN3-G2011,2011,3,116,3,396,89.45,0.0682,text_detected,,,,textual,high,OCR_TEXT_RICH,text_rich,PAGESTRUCT_CN_WAVE2_0.1
LTMD-CN3-G2011-VP117,LTMD-CN3-G2011,2011,3,117,3,136,93.59,0.0147,text_detected,,,,textual,high,OCR_TEXT_RICH,text_rich,PAGESTRUCT_CN_WAVE2_0.1
LTMD-CN3-G2011-VP118,LTMD-CN3-G2011,2011,3,118,3,128,84.57,0.1016,text_detected,,,,textual,high,OCR_TEXT_RICH,text_rich,PAGESTRUCT_CN_WAVE2_0.1
LTMD-CN3-G2011-VP119,LTMD-CN3-G2011,2011,3,119,3,336,88.45,0.0804,text_detected,,,,textual,high,OCR_TEXT_RICH,text_rich,PAGESTRUCT_CN_WAVE2_0.1
LTMD-CN3-G2011-VP120,LTMD-CN3-G2011,2011,3,120,3,146,91.89,0.0411,text_detected,,,,textual,high,OCR_TEXT_RICH,text_rich,PAGESTRUCT_CN_WAVE2_0.1
LTMD-CN3-G2011-VP121,LTMD-CN3-G2011,2011,3,121,3,292,92.15,0.0342,text_detected,,,,textual,high,OCR_TEXT_RICH,text_rich,PAGESTRUCT_CN_WAVE2_0.1
LTMD-CN3-G2011-VP122,LTMD-CN3-G2011,2011,3,122,3,208,85.78,0.1154,text_detected,,,,textual,high,OCR_TEXT_RICH,text_rich,PAGESTRUCT_CN_WAVE2_0.1
LTMD-CN3-G2011-VP123,LTMD-CN3-G2011,2011,3,123,3,243,83.98,0.1523,text_detected,,,,textual,high,OCR_TEXT_RICH,text_rich,PAGESTRUCT_CN_WAVE2_0.1
LTMD-CN3-G2011-VP124,LTMD-CN3-G2011,2011,3,124,3,220,89.36,0.0727,text_detected,,,,textual,high,OCR_TEXT_RICH,text_rich,PAGESTRUCT_CN_WAVE2_0.1
LTMD-CN3-G2011-VP125,LTMD-CN3-G2011,2011,3,125,3,142,83.92,0.1338,text_detected,,,,textual,high,OCR_TEXT_RICH,text_rich,PAGESTRUCT_CN_WAVE2_0.1
LTMD-CN3-G2011-VP126,LTMD-CN3-G2011,2011,3,126,3,212,91.19,0.0425,text_detected,,,,textual,high,OCR_TEXT_RICH,text_rich,PAGESTRUCT_CN_WAVE2_0.1
LTMD-CN3-G2011-VP127,LTMD-CN3-G2011,2011,3,127,3,169,90.69,0.0355,text_detected,,,,textual,high,OCR_TEXT_RICH,text_rich,PAGESTRUCT_CN_WAVE2_0.1
LTMD-CN3-G2011-VP128,LTMD-CN3-G2011,2011,3,128,3,194,90.85,0.0206,text_detected,,,,textual,high,OCR_TEXT_RICH,text_rich,PAGESTRUCT_CN_WAVE2_0.1
LTMD-CN3-G2011-VP129,LTMD-CN3-G2011,2011,3,129,3,144,89.07,0.0486,text_detected,,,,textual,high,OCR_TEXT_RICH,text_rich,PAGESTRUCT_CN_WAVE2_0.1
LTMD-CN3-G2011-VP130,LTMD-CN3-G2011,2011,3,130,6,36,28.22,0.9167,text_detected,,,,visual_only,high,OCR_VISUAL_NOISE,fallback_psm;visual_noise,PAGESTRUCT_CN_WAVE2_0.1
LTMD-CN3-G2011-VP131,LTMD-CN3-G2011,2011,3,131,3,25,74.64,0.2800,text_detected,,,,mixed_text_image,medium,OCR_MODERATE_TEXT,text_present,PAGESTRUCT_CN_WAVE2_0.1
LTMD-CN3-G2011-VP132,LTMD-CN3-G2011,2011,3,132,3,176,86.01,0.1193,text_detected,,,,textual,high,OCR_TEXT_RICH,text_rich,PAGESTRUCT_CN_WAVE2_0.1
LTMD-CN3-G2011-VP133,LTMD-CN3-G2011,2011,3,133,3,212,88.38,0.0755,text_detected,,,,textual,high,OCR_TEXT_RICH,text_rich,PAGESTRUCT_CN_WAVE2_0.1
LTMD-CN3-G2011-VP134,LTMD-CN3-G2011,2011,3,134,3,285,89.83,0.0737,text_detected,,,,textual,high,OCR_TEXT_RICH,text_rich,PAGESTRUCT_CN_WAVE2_0.1
LTMD-CN3-G2011-VP135,LTMD-CN3-G2011,2011,3,135,3,265,89.27,0.0717,text_detected,,,,textual,high,OCR_TEXT_RICH,text_rich,PAGESTRUCT_CN_WAVE2_0.1
LTMD-CN3-G2011-VP136,LTMD-CN3-G2011,2011,3,136,3,243,87.34,0.0905,text_detected,,,,textual,high,OCR_TEXT_RICH,text_rich,PAGESTRUCT_CN_WAVE2_0.1
LTMD-CN3-G2011-VP137,LTMD-CN3-G2011,2011,3,137,3,107,83.08,0.1308,text_detected,,,,mixed_text_image,medium,OCR_MODERATE_TEXT,text_present,PAGESTRUCT_CN_WAVE2_0.1
LTMD-CN3-G2011-VP138,LTMD-CN3-G2011,2011,3,138,3,165,88.54,0.0970,text_detected,0,2,0,toc_or_navigation,high,KW_NAVIGATION,end_zone;text_rich;nav_kw,PAGESTRUCT_CN_WAVE2_0.1
LTMD-CN3-G2011-VP139,LTMD-CN3-G2011,2011,3,139,6,205,29.51,0.9171,text_detected,0,0,0,visual_only,high,OCR_VISUAL_NOISE,end_zone;fallback_psm;visual_noise,PAGESTRUCT_CN_WAVE2_0.1
LTMD-CN3-G2011-VP140,LTMD-CN3-G2011,2011,3,140,3,287,94.35,0.0174,text_detected,0,3,0,toc_or_navigation,high,KW_NAVIGATION,end_zone;text_rich;nav_kw,PAGESTRUCT_CN_WAVE2_0.1
LTMD-CN3-G2011-VP141,LTMD-CN3-G2011,2011,3,141,3,266,93.76,0.0150,text_detected,0,0,0,textual,high,OCR_TEXT_RICH,end_zone;text_rich,PAGESTRUCT_CN_WAVE2_0.1
LTMD-CN3-G2011-VP142,LTMD-CN3-G2011,2011,3,142,3,127,91.45,0.0394,text_detected,0,1,0,textual,high,OCR_TEXT_RICH,end_zone;text_rich;nav_kw,PAGESTRUCT_CN_WAVE2_0.1
LTMD-CN3-G2011-VP143,LTMD-CN3-G2011,2011,3,143,3,196,93.21,0.0204,text_detected,0,2,0,toc_or_navigation,high,KW_NAVIGATION,end_zone;text_rich;nav_kw,PAGESTRUCT_CN_WAVE2_0.1
LTMD-CN3-G2011-VP144,LTMD-CN3-G2011,2011,3,144,3,177,91.32,0.0339,text_detected,0,1,0,textual,high,OCR_TEXT_RICH,end_zone;text_rich;nav_kw,PAGESTRUCT_CN_WAVE2_0.1
LTMD-CN3-G2011-VP145,LTMD-CN3-G2011,2011,3,145,3,213,73.04,0.2535,text_detected,0,0,2,bibliography_or_credits,high,KW_BIBLIO_CREDITS,end_zone;text_present;biblio_credit_kw,PAGESTRUCT_CN_WAVE2_0.1
LTMD-CN3-G2011-VP146,LTMD-CN3-G2011,2011,3,146,3,403,89.49,0.0521,text_detected,0,0,1,bibliography_or_credits,medium,KW_BIBLIO_CREDITS,end_zone;text_rich;biblio_credit_kw,PAGESTRUCT_CN_WAVE2_0.1
LTMD-CN3-G2011-VP147,LTMD-CN3-G2011,2011,3,147,3,445,90.06,0.0472,text_detected,0,0,0,textual,high,OCR_TEXT_RICH,end_zone;text_rich,PAGESTRUCT_CN_WAVE2_0.1
LTMD-CN3-G2011-VP148,LTMD-CN3-G2011,2011,3,148,3,445,88.64,0.0652,text_detected,0,0,0,textual,high,OCR_TEXT_RICH,end_zone;text_rich,PAGESTRUCT_CN_WAVE2_0.1
LTMD-CN3-G2011-VP149,LTMD-CN3-G2011,2011,3,149,3,225,89.28,0.0533,text_detected,0,0,0,textual,high,OCR_TEXT_RICH,end_zone;text_rich,PAGESTRUCT_CN_WAVE2_0.1
LTMD-CN3-G2011-VP150,LTMD-CN3-G2011,2011,3,150,3,38,56.39,0.5000,text_detected,0,0,0,unknown,low,CONSERVATIVE_UNKNOWN,end_zone,PAGESTRUCT_CN_WAVE2_0.1
LTMD-CN3-G2011-VP151,LTMD-CN3-G2011,2011,3,151,3,185,83.87,0.1297,text_detected,0,2,0,toc_or_navigation,high,KW_NAVIGATION,end_zone;text_rich;nav_kw,PAGESTRUCT_CN_WAVE2_0.1
LTMD-CN3-G2011-VP152,LTMD-CN3-G2011,2011,3,152,3,44,82.37,0.1818,text_detected,0,0,0,mixed_text_image,medium,OCR_MODERATE_TEXT,end_zone;text_present,PAGESTRUCT_CN_WAVE2_0.1
LTMD-CN3-G2011-VP153,LTMD-CN3-G2011,2011,3,153,11,5,39.35,0.8000,text_detected,0,0,0,visual_only,high,OCR_VISUAL_NOISE,end_zone;fallback_psm;visual_noise,PAGESTRUCT_CN_WAVE2_0.1
LTMD-CN3-G2014-VP001,LTMD-CN3-G2014,2014,3,1,3,2,96.62,0.0000,text_detected,0,0,0,unknown,low,CONSERVATIVE_UNKNOWN,front_zone,PAGESTRUCT_CN_WAVE2_0.1
LTMD-CN3-G2014-VP002,LTMD-CN3-G2014,2014,3,2,3,454,68.32,0.3458,text_detected,0,0,7,bibliography_or_credits,high,KW_BIBLIO_CREDITS,front_zone;text_present;biblio_credit_kw,PAGESTRUCT_CN_WAVE2_0.1
LTMD-CN3-G2014-VP003,LTMD-CN3-G2014,2014,3,3,3,362,94.74,0.0110,text_detected,0,2,1,bibliography_or_credits,medium,KW_BIBLIO_CREDITS,front_zone;text_rich;nav_kw;biblio_credit_kw,PAGESTRUCT_CN_WAVE2_0.1
LTMD-CN3-G2014-VP004,LTMD-CN3-G2014,2014,3,4,3,153,93.21,0.0196,text_detected,1,3,0,toc_or_navigation,high,KW_NAVIGATION,front_zone;text_rich;front_kw;nav_kw,PAGESTRUCT_CN_WAVE2_0.1
LTMD-CN3-G2014-VP005,LTMD-CN3-G2014,2014,3,5,3,194,89.94,0.0619,text_detected,1,3,0,toc_or_navigation,high,KW_NAVIGATION,front_zone;text_rich;front_kw;nav_kw,PAGESTRUCT_CN_WAVE2_0.1
LTMD-CN3-G2014-VP006,LTMD-CN3-G2014,2014,3,6,3,188,80.22,0.1915,text_detected,2,2,0,toc_or_navigation,high,KW_NAVIGATION,front_zone;text_rich;front_kw;nav_kw,PAGESTRUCT_CN_WAVE2_0.1
LTMD-CN3-G2014-VP007,LTMD-CN3-G2014,2014,3,7,3,110,92.14,0.0364,text_detected,0,2,3,bibliography_or_credits,high,KW_BIBLIO_CREDITS,front_zone;text_present;nav_kw;biblio_credit_kw,PAGESTRUCT_CN_WAVE2_0.1
LTMD-CN3-G2014-VP008,LTMD-CN3-G2014,2014,3,8,6,57,23.70,0.9474,text_detected,0,0,0,visual_only,high,OCR_VISUAL_NOISE,front_zone;fallback_psm;visual_noise,PAGESTRUCT_CN_WAVE2_0.1
LTMD-CN3-G2014-VP009,LTMD-CN3-G2014,2014,3,9,3,17,93.00,0.0000,text_detected,0,0,0,mixed_text_image,low,OCR_SPARSE_HIGH_CONF,front_zone,PAGESTRUCT_CN_WAVE2_0.1
LTMD-CN3-G2014-VP010,LTMD-CN3-G2014,2014,3,10,3,14,80.25,0.1429,text_detected,0,1,0,toc_or_navigation,medium,KW_NAVIGATION,front_zone;nav_kw,PAGESTRUCT_CN_WAVE2_0.1
LTMD-CN3-G2014-VP011,LTMD-CN3-G2014,2014,3,11,3,172,93.62,0.0233,text_detected,0,1,0,toc_or_navigation,medium,KW_NAVIGATION,front_zone;text_rich;nav_kw,PAGESTRUCT_CN_WAVE2_0.1
LTMD-CN3-G2014-VP012,LTMD-CN3-G2014,2014,3,12,3,177,92.77,0.0282,text_detected,0,1,0,toc_or_navigation,medium,KW_NAVIGATION,front_zone;text_rich;nav_kw,PAGESTRUCT_CN_WAVE2_0.1
LTMD-CN3-G2014-VP013,LTMD-CN3-G2014,2014,3,13,3,383,93.37,0.0131,text_detected,0,1,0,toc_or_navigation,medium,KW_NAVIGATION,front_zone;text_rich;nav_kw,PAGESTRUCT_CN_WAVE2_0.1
LTMD-CN3-G2014-VP014,LTMD-CN3-G2014,2014,3,14,3,122,94.41,0.0246,text_detected,0,1,0,toc_or_navigation,medium,KW_NAVIGATION,front_zone;text_rich;nav_kw,PAGESTRUCT_CN_WAVE2_0.1
LTMD-CN3-G2014-VP015,LTMD-CN3-G2014,2014,3,15,3,146,89.20,0.0822,text_detected,0,1,0,toc_or_navigation,medium,KW_NAVIGATION,front_zone;text_rich;nav_kw,PAGESTRUCT_CN_WAVE2_0.1
LTMD-CN3-G2014-VP016,LTMD-CN3-G2014,2014,3,16,6,15,37.22,0.9333,text_detected,0,0,0,visual_only,high,OCR_VISUAL_NOISE,front_zone;fallback_psm;visual_noise,PAGESTRUCT_CN_WAVE2_0.1
LTMD-CN3-G2014-VP017,LTMD-CN3-G2014,2014,3,17,3,175,92.40,0.0400,text_detected,,,,textual,high,OCR_TEXT_RICH,text_rich,PAGESTRUCT_CN_WAVE2_0.1
LTMD-CN3-G2014-VP018,LTMD-CN3-G2014,2014,3,18,3,72,95.28,0.0000,text_detected,,,,mixed_text_image,medium,OCR_MODERATE_TEXT,text_present,PAGESTRUCT_CN_WAVE2_0.1
LTMD-CN3-G2014-VP019,LTMD-CN3-G2014,2014,3,19,3,268,92.26,0.0336,text_detected,,,,textual,high,OCR_TEXT_RICH,text_rich,PAGESTRUCT_CN_WAVE2_0.1
LTMD-CN3-G2014-VP020,LTMD-CN3-G2014,2014,3,20,3,142,94.23,0.0211,text_detected,,,,textual,high,OCR_TEXT_RICH,text_rich,PAGESTRUCT_CN_WAVE2_0.1
LTMD-CN3-G2014-VP021,LTMD-CN3-G2014,2014,3,21,3,194,91.92,0.0515,text_detected,,,,textual,high,OCR_TEXT_RICH,text_rich,PAGESTRUCT_CN_WAVE2_0.1
LTMD-CN3-G2014-VP022,LTMD-CN3-G2014,2014,3,22,3,135,96.02,0.0000,text_detected,,,,textual,high,OCR_TEXT_RICH,text_rich,PAGESTRUCT_CN_WAVE2_0.1
LTMD-CN3-G2014-VP023,LTMD-CN3-G2014,2014,3,23,3,283,94.45,0.0177,text_detected,,,,textual,high,OCR_TEXT_RICH,text_rich,PAGESTRUCT_CN_WAVE2_0.1
LTMD-CN3-G2014-VP024,LTMD-CN3-G2014,2014,3,24,3,110,92.81,0.0182,text_detected,,,,mixed_text_image,medium,OCR_MODERATE_TEXT,text_present,PAGESTRUCT_CN_WAVE2_0.1
LTMD-CN3-G2014-VP025,LTMD-CN3-G2014,2014,3,25,3,7,86.04,0.1429,text_detected,,,,mixed_text_image,low,OCR_SPARSE_HIGH_CONF,,PAGESTRUCT_CN_WAVE2_0.1
LTMD-CN3-G2014-VP026,LTMD-CN3-G2014,2014,3,26,3,175,95.31,0.0171,text_detected,,,,textual,high,OCR_TEXT_RICH,text_rich,PAGESTRUCT_CN_WAVE2_0.1
LTMD-CN3-G2014-VP027,LTMD-CN3-G2014,2014,3,27,3,259,94.58,0.0154,text_detected,,,,textual,high,OCR_TEXT_RICH,text_rich,PAGESTRUCT_CN_WAVE2_0.1
LTMD-CN3-G2014-VP028,LTMD-CN3-G2014,2014,3,28,3,262,94.79,0.0115,text_detected,,,,textual,high,OCR_TEXT_RICH,text_rich,PAGESTRUCT_CN_WAVE2_0.1
LTMD-CN3-G2014-VP029,LTMD-CN3-G2014,2014,3,29,3,78,84.51,0.1282,text_detected,,,,mixed_text_image,medium,OCR_MODERATE_TEXT,text_present,PAGESTRUCT_CN_WAVE2_0.1
LTMD-CN3-G2014-VP030,LTMD-CN3-G2014,2014,3,30,3,159,89.45,0.0818,text_detected,,,,textual,high,OCR_TEXT_RICH,text_rich,PAGESTRUCT_CN_WAVE2_0.1
LTMD-CN3-G2014-VP031,LTMD-CN3-G2014,2014,3,31,6,27,39.01,0.8889,text_detected,,,,visual_only,high,OCR_VISUAL_NOISE,fallback_psm;visual_noise,PAGESTRUCT_CN_WAVE2_0.1
LTMD-CN3-G2014-VP032,LTMD-CN3-G2014,2014,3,32,3,161,94.06,0.0186,text_detected,,,,textual,high,OCR_TEXT_RICH,text_rich,PAGESTRUCT_CN_WAVE2_0.1
LTMD-CN3-G2014-VP033,LTMD-CN3-G2014,2014,3,33,3,235,94.79,0.0085,text_detected,,,,textual,high,OCR_TEXT_RICH,text_rich,PAGESTRUCT_CN_WAVE2_0.1
LTMD-CN3-G2014-VP034,LTMD-CN3-G2014,2014,3,34,3,263,93.52,0.0228,text_detected,,,,textual,high,OCR_TEXT_RICH,text_rich,PAGESTRUCT_CN_WAVE2_0.1
LTMD-CN3-G2014-VP035,LTMD-CN3-G2014,2014,3,35,3,280,94.02,0.0179,text_detected,,,,textual,high,OCR_TEXT_RICH,text_rich,PAGESTRUCT_CN_WAVE2_0.1
LTMD-CN3-G2014-VP036,LTMD-CN3-G2014,2014,3,36,3,204,94.21,0.0049,text_detected,,,,textual,high,OCR_TEXT_RICH,text_rich,PAGESTRUCT_CN_WAVE2_0.1
LTMD-CN3-G2014-VP037,LTMD-CN3-G2014,2014,3,37,3,120,93.24,0.0333,text_detected,,,,textual,high,OCR_TEXT_RICH,text_rich,PAGESTRUCT_CN_WAVE2_0.1
LTMD-CN3-G2014-VP038,LTMD-CN3-G2014,2014,3,38,3,304,92.72,0.0362,text_detected,,,,textual,high,OCR_TEXT_RICH,text_rich,PAGESTRUCT_CN_WAVE2_0.1
LTMD-CN3-G2014-VP039,LTMD-CN3-G2014,2014,3,39,3,286,91.37,0.0455,text_detected,,,,textual,high,OCR_TEXT_RICH,text_rich,PAGESTRUCT_CN_WAVE2_0.1
LTMD-CN3-G2014-VP040,LTMD-CN3-G2014,2014,3,40,3,239,93.11,0.0126,text_detected,,,,textual,high,OCR_TEXT_RICH,text_rich,PAGESTRUCT_CN_WAVE2_0.1
LTMD-CN3-G2014-VP041,LTMD-CN3-G2014,2014,3,41,3,155,92.72,0.0323,text_detected,,,,textual,high,OCR_TEXT_RICH,text_rich,PAGESTRUCT_CN_WAVE2_0.1
LTMD-CN3-G2014-VP042,LTMD-CN3-G2014,2014,3,42,6,115,28.54,0.9304,text_detected,,,,visual_only,high,OCR_VISUAL_NOISE,fallback_psm;visual_noise,PAGESTRUCT_CN_WAVE2_0.1
LTMD-CN3-G2014-VP043,LTMD-CN3-G2014,2014,3,43,3,38,90.70,0.0000,text_detected,,,,mixed_text_image,medium,OCR_MODERATE_TEXT,text_present,PAGESTRUCT_CN_WAVE2_0.1
LTMD-CN3-G2014-VP044,LTMD-CN3-G2014,2014,3,44,3,16,82.79,0.1875,text_detected,,,,mixed_text_image,low,OCR_SPARSE_HIGH_CONF,,PAGESTRUCT_CN_WAVE2_0.1
LTMD-CN3-G2014-VP045,LTMD-CN3-G2014,2014,3,45,3,128,93.34,0.0234,text_detected,,,,textual,high,OCR_TEXT_RICH,text_rich,PAGESTRUCT_CN_WAVE2_0.1
LTMD-CN3-G2014-VP046,LTMD-CN3-G2014,2014,3,46,3,249,93.15,0.0321,text_detected,,,,textual,high,OCR_TEXT_RICH,text_rich,PAGESTRUCT_CN_WAVE2_0.1
LTMD-CN3-G2014-VP047,LTMD-CN3-G2014,2014,3,47,3,119,93.85,0.0252,text_detected,,,,mixed_text_image,medium,OCR_MODERATE_TEXT,text_present,PAGESTRUCT_CN_WAVE2_0.1
LTMD-CN3-G2014-VP048,LTMD-CN3-G2014,2014,3,48,3,141,91.65,0.0284,text_detected,,,,textual,high,OCR_TEXT_RICH,text_rich,PAGESTRUCT_CN_WAVE2_0.1
LTMD-CN3-G2014-VP049,LTMD-CN3-G2014,2014,3,49,3,138,91.94,0.0435,text_detected,,,,textual,high,OCR_TEXT_RICH,text_rich,PAGESTRUCT_CN_WAVE2_0.1
LTMD-CN3-G2014-VP050,LTMD-CN3-G2014,2014,3,50,3,260,92.46,0.0423,text_detected,,,,textual,high,OCR_TEXT_RICH,text_rich,PAGESTRUCT_CN_WAVE2_0.1
LTMD-CN3-G2014-VP051,LTMD-CN3-G2014,2014,3,51,3,254,94.15,0.0157,text_detected,,,,textual,high,OCR_TEXT_RICH,text_rich,PAGESTRUCT_CN_WAVE2_0.1
LTMD-CN3-G2014-VP052,LTMD-CN3-G2014,2014,3,52,3,229,94.50,0.0087,text_detected,,,,textual,high,OCR_TEXT_RICH,text_rich,PAGESTRUCT_CN_WAVE2_0.1
LTMD-CN3-G2014-VP053,LTMD-CN3-G2014,2014,3,53,11,14,70.79,0.4286,text_detected,,,,unknown,low,CONSERVATIVE_UNKNOWN,fallback_psm,PAGESTRUCT_CN_WAVE2_0.1
LTMD-CN3-G2014-VP054,LTMD-CN3-G2014,2014,3,54,3,267,91.23,0.0562,text_detected,,,,textual,high,OCR_TEXT_RICH,text_rich,PAGESTRUCT_CN_WAVE2_0.1
LTMD-CN3-G2014-VP055,LTMD-CN3-G2014,2014,3,55,3,101,93.41,0.0297,text_detected,,,,mixed_text_image,medium,OCR_MODERATE_TEXT,text_present,PAGESTRUCT_CN_WAVE2_0.1
LTMD-CN3-G2014-VP056,LTMD-CN3-G2014,2014,3,56,3,256,88.36,0.0820,text_detected,,,,textual,high,OCR_TEXT_RICH,text_rich,PAGESTRUCT_CN_WAVE2_0.1
LTMD-CN3-G2014-VP057,LTMD-CN3-G2014,2014,3,57,3,178,94.55,0.0169,text_detected,,,,textual,high,OCR_TEXT_RICH,text_rich,PAGESTRUCT_CN_WAVE2_0.1
LTMD-CN3-G2014-VP058,LTMD-CN3-G2014,2014,3,58,3,164,94.12,0.0061,text_detected,,,,textual,high,OCR_TEXT_RICH,text_rich,PAGESTRUCT_CN_WAVE2_0.1
LTMD-CN3-G2014-VP059,LTMD-CN3-G2014,2014,3,59,3,4,45.22,0.7500,text_detected,,,,unknown,low,CONSERVATIVE_UNKNOWN,,PAGESTRUCT_CN_WAVE2_0.1
LTMD-CN3-G2014-VP060,LTMD-CN3-G2014,2014,3,60,3,161,92.76,0.0248,text_detected,,,,textual,high,OCR_TEXT_RICH,text_rich,PAGESTRUCT_CN_WAVE2_0.1
LTMD-CN3-G2014-VP061,LTMD-CN3-G2014,2014,3,61,3,265,93.87,0.0151,text_detected,,,,textual,high,OCR_TEXT_RICH,text_rich,PAGESTRUCT_CN_WAVE2_0.1
LTMD-CN3-G2014-VP062,LTMD-CN3-G2014,2014,3,62,3,172,93.60,0.0291,text_detected,,,,textual,high,OCR_TEXT_RICH,text_rich,PAGESTRUCT_CN_WAVE2_0.1
LTMD-CN3-G2014-VP063,LTMD-CN3-G2014,2014,3,63,3,112,83.52,0.1607,text_detected,,,,mixed_text_image,medium,OCR_MODERATE_TEXT,text_present,PAGESTRUCT_CN_WAVE2_0.1
LTMD-CN3-G2014-VP064,LTMD-CN3-G2014,2014,3,64,3,100,91.32,0.0500,text_detected,,,,mixed_text_image,medium,OCR_MODERATE_TEXT,text_present,PAGESTRUCT_CN_WAVE2_0.1
LTMD-CN3-G2014-VP065,LTMD-CN3-G2014,2014,3,65,3,94,94.39,0.0213,text_detected,,,,mixed_text_image,medium,OCR_MODERATE_TEXT,text_present,PAGESTRUCT_CN_WAVE2_0.1
LTMD-CN3-G2014-VP066,LTMD-CN3-G2014,2014,3,66,3,380,91.55,0.0342,text_detected,,,,textual,high,OCR_TEXT_RICH,text_rich,PAGESTRUCT_CN_WAVE2_0.1
LTMD-CN3-G2014-VP067,LTMD-CN3-G2014,2014,3,67,3,241,90.83,0.0622,text_detected,,,,textual,high,OCR_TEXT_RICH,text_rich,PAGESTRUCT_CN_WAVE2_0.1
LTMD-CN3-G2014-VP068,LTMD-CN3-G2014,2014,3,68,3,157,92.95,0.0255,text_detected,,,,textual,high,OCR_TEXT_RICH,text_rich,PAGESTRUCT_CN_WAVE2_0.1
LTMD-CN3-G2014-VP069,LTMD-CN3-G2014,2014,3,69,3,262,92.81,0.0267,text_detected,,,,textual,high,OCR_TEXT_RICH,text_rich,PAGESTRUCT_CN_WAVE2_0.1
LTMD-CN3-G2014-VP070,LTMD-CN3-G2014,2014,3,70,3,187,91.51,0.0374,text_detected,,,,textual,high,OCR_TEXT_RICH,text_rich,PAGESTRUCT_CN_WAVE2_0.1
LTMD-CN3-G2014-VP071,LTMD-CN3-G2014,2014,3,71,3,120,92.60,0.0250,text_detected,,,,textual,high,OCR_TEXT_RICH,text_rich,PAGESTRUCT_CN_WAVE2_0.1
LTMD-CN3-G2014-VP072,LTMD-CN3-G2014,2014,3,72,6,10,27.85,0.9000,text_detected,,,,visual_only,high,OCR_VISUAL_NOISE,fallback_psm;visual_noise,PAGESTRUCT_CN_WAVE2_0.1
LTMD-CN3-G2014-VP073,LTMD-CN3-G2014,2014,3,73,3,28,87.10,0.1786,text_detected,,,,mixed_text_image,medium,OCR_MODERATE_TEXT,text_present,PAGESTRUCT_CN_WAVE2_0.1
LTMD-CN3-G2014-VP074,LTMD-CN3-G2014,2014,3,74,11,5,38.85,0.8000,text_detected,,,,visual_only,high,OCR_VISUAL_NOISE,fallback_psm;visual_noise,PAGESTRUCT_CN_WAVE2_0.1
LTMD-CN3-G2014-VP075,LTMD-CN3-G2014,2014,3,75,3,124,92.83,0.0242,text_detected,,,,textual,high,OCR_TEXT_RICH,text_rich,PAGESTRUCT_CN_WAVE2_0.1
LTMD-CN3-G2014-VP076,LTMD-CN3-G2014,2014,3,76,3,216,90.50,0.0602,text_detected,,,,textual,high,OCR_TEXT_RICH,text_rich,PAGESTRUCT_CN_WAVE2_0.1
LTMD-CN3-G2014-VP077,LTMD-CN3-G2014,2014,3,77,3,327,94.19,0.0153,text_detected,,,,textual,high,OCR_TEXT_RICH,text_rich,PAGESTRUCT_CN_WAVE2_0.1
LTMD-CN3-G2014-VP078,LTMD-CN3-G2014,2014,3,78,3,180,93.63,0.0222,text_detected,,,,textual,high,OCR_TEXT_RICH,text_rich,PAGESTRUCT_CN_WAVE2_0.1
LTMD-CN3-G2014-VP079,LTMD-CN3-G2014,2014,3,79,3,175,94.19,0.0171,text_detected,,,,textual,high,OCR_TEXT_RICH,text_rich,PAGESTRUCT_CN_WAVE2_0.1
LTMD-CN3-G2014-VP080,LTMD-CN3-G2014,2014,3,80,3,182,93.46,0.0275,text_detected,,,,textual,high,OCR_TEXT_RICH,text_rich,PAGESTRUCT_CN_WAVE2_0.1
LTMD-CN3-G2014-VP081,LTMD-CN3-G2014,2014,3,81,3,218,92.75,0.0413,text_detected,,,,textual,high,OCR_TEXT_RICH,text_rich,PAGESTRUCT_CN_WAVE2_0.1
LTMD-CN3-G2014-VP082,LTMD-CN3-G2014,2014,3,82,3,109,93.55,0.0092,text_detected,,,,mixed_text_image,medium,OCR_MODERATE_TEXT,text_present,PAGESTRUCT_CN_WAVE2_0.1
LTMD-CN3-G2014-VP083,LTMD-CN3-G2014,2014,3,83,3,166,91.92,0.0241,text_detected,,,,textual,high,OCR_TEXT_RICH,text_rich,PAGESTRUCT_CN_WAVE2_0.1
LTMD-CN3-G2014-VP084,LTMD-CN3-G2014,2014,3,84,3,102,90.11,0.0784,text_detected,,,,mixed_text_image,medium,OCR_MODERATE_TEXT,text_present,PAGESTRUCT_CN_WAVE2_0.1
LTMD-CN3-G2014-VP085,LTMD-CN3-G2014,2014,3,85,3,56,90.25,0.0357,text_detected,,,,mixed_text_image,medium,OCR_MODERATE_TEXT,text_present,PAGESTRUCT_CN_WAVE2_0.1
LTMD-CN3-G2014-VP086,LTMD-CN3-G2014,2014,3,86,3,124,92.65,0.0161,text_detected,,,,textual,high,OCR_TEXT_RICH,text_rich,PAGESTRUCT_CN_WAVE2_0.1
LTMD-CN3-G2014-VP087,LTMD-CN3-G2014,2014,3,87,3,147,92.06,0.0544,text_detected,,,,textual,high,OCR_TEXT_RICH,text_rich,PAGESTRUCT_CN_WAVE2_0.1
LTMD-CN3-G2014-VP088,LTMD-CN3-G2014,2014,3,88,3,162,96.08,0.0000,text_detected,,,,textual,high,OCR_TEXT_RICH,text_rich,PAGESTRUCT_CN_WAVE2_0.1
LTMD-CN3-G2014-VP089,LTMD-CN3-G2014,2014,3,89,3,99,92.33,0.0404,text_detected,,,,mixed_text_image,medium,OCR_MODERATE_TEXT,text_present,PAGESTRUCT_CN_WAVE2_0.1
LTMD-CN3-G2014-VP090,LTMD-CN3-G2014,2014,3,90,3,241,93.94,0.0166,text_detected,,,,textual,high,OCR_TEXT_RICH,text_rich,PAGESTRUCT_CN_WAVE2_0.1
LTMD-CN3-G2014-VP091,LTMD-CN3-G2014,2014,3,91,3,56,84.74,0.1250,text_detected,,,,mixed_text_image,medium,OCR_MODERATE_TEXT,text_present,PAGESTRUCT_CN_WAVE2_0.1
LTMD-CN3-G2014-VP092,LTMD-CN3-G2014,2014,3,92,3,79,94.66,0.0000,text_detected,,,,mixed_text_image,medium,OCR_MODERATE_TEXT,text_present,PAGESTRUCT_CN_WAVE2_0.1
LTMD-CN3-G2014-VP093,LTMD-CN3-G2014,2014,3,93,3,124,91.60,0.0242,text_detected,,,,textual,high,OCR_TEXT_RICH,text_rich,PAGESTRUCT_CN_WAVE2_0.1
LTMD-CN3-G2014-VP094,LTMD-CN3-G2014,2014,3,94,3,129,91.87,0.0310,text_detected,,,,textual,high,OCR_TEXT_RICH,text_rich,PAGESTRUCT_CN_WAVE2_0.1
LTMD-CN3-G2014-VP095,LTMD-CN3-G2014,2014,3,95,3,217,91.01,0.0599,text_detected,,,,textual,high,OCR_TEXT_RICH,text_rich,PAGESTRUCT_CN_WAVE2_0.1
LTMD-CN3-G2014-VP096,LTMD-CN3-G2014,2014,3,96,3,166,93.77,0.0241,text_detected,,,,textual,high,OCR_TEXT_RICH,text_rich,PAGESTRUCT_CN_WAVE2_0.1
LTMD-CN3-G2014-VP097,LTMD-CN3-G2014,2014,3,97,3,125,92.57,0.0320,text_detected,,,,textual,high,OCR_TEXT_RICH,text_rich,PAGESTRUCT_CN_WAVE2_0.1
LTMD-CN3-G2014-VP098,LTMD-CN3-G2014,2014,3,98,3,237,94.49,0.0127,text_detected,,,,textual,high,OCR_TEXT_RICH,text_rich,PAGESTRUCT_CN_WAVE2_0.1
LTMD-CN3-G2014-VP099,LTMD-CN3-G2014,2014,3,99,3,327,91.17,0.0428,text_detected,,,,textual,high,OCR_TEXT_RICH,text_rich,PAGESTRUCT_CN_WAVE2_0.1
LTMD-CN3-G2014-VP100,LTMD-CN3-G2014,2014,3,100,3,210,90.13,0.0429,text_detected,,,,textual,high,OCR_TEXT_RICH,text_rich,PAGESTRUCT_CN_WAVE2_0.1
LTMD-CN3-G2014-VP101,LTMD-CN3-G2014,2014,3,101,3,125,90.54,0.0480,text_detected,,,,textual,high,OCR_TEXT_RICH,text_rich,PAGESTRUCT_CN_WAVE2_0.1
LTMD-CN3-G2014-VP102,LTMD-CN3-G2014,2014,3,102,6,349,26.05,0.9198,text_detected,,,,visual_only,high,OCR_VISUAL_NOISE,fallback_psm;visual_noise,PAGESTRUCT_CN_WAVE2_0.1
LTMD-CN3-G2014-VP103,LTMD-CN3-G2014,2014,3,103,3,34,85.72,0.1176,text_detected,,,,mixed_text_image,medium,OCR_MODERATE_TEXT,text_present,PAGESTRUCT_CN_WAVE2_0.1
LTMD-CN3-G2014-VP104,LTMD-CN3-G2014,2014,3,104,6,163,29.12,0.9080,text_detected,,,,visual_only,high,OCR_VISUAL_NOISE,fallback_psm;visual_noise,PAGESTRUCT_CN_WAVE2_0.1
LTMD-CN3-G2014-VP105,LTMD-CN3-G2014,2014,3,105,3,136,92.53,0.0294,text_detected,,,,textual,high,OCR_TEXT_RICH,text_rich,PAGESTRUCT_CN_WAVE2_0.1
LTMD-CN3-G2014-VP106,LTMD-CN3-G2014,2014,3,106,3,294,93.58,0.0204,text_detected,,,,textual,high,OCR_TEXT_RICH,text_rich,PAGESTRUCT_CN_WAVE2_0.1
LTMD-CN3-G2014-VP107,LTMD-CN3-G2014,2014,3,107,3,290,89.97,0.0586,text_detected,,,,textual,high,OCR_TEXT_RICH,text_rich,PAGESTRUCT_CN_WAVE2_0.1
LTMD-CN3-G2014-VP108,LTMD-CN3-G2014,2014,3,108,3,201,93.57,0.0199,text_detected,,,,textual,high,OCR_TEXT_RICH,text_rich,PAGESTRUCT_CN_WAVE2_0.1
LTMD-CN3-G2014-VP109,LTMD-CN3-G2014,2014,3,109,3,275,93.07,0.0327,text_detected,,,,textual,high,OCR_TEXT_RICH,text_rich,PAGESTRUCT_CN_WAVE2_0.1
LTMD-CN3-G2014-VP110,LTMD-CN3-G2014,2014,3,110,3,365,92.13,0.0301,text_detected,,,,textual,high,OCR_TEXT_RICH,text_rich,PAGESTRUCT_CN_WAVE2_0.1
LTMD-CN3-G2014-VP111,LTMD-CN3-G2014,2014,3,111,3,139,87.09,0.0791,text_detected,,,,textual,high,OCR_TEXT_RICH,text_rich,PAGESTRUCT_CN_WAVE2_0.1
LTMD-CN3-G2014-VP112,LTMD-CN3-G2014,2014,3,112,3,233,94.11,0.0043,text_detected,,,,textual,high,OCR_TEXT_RICH,text_rich,PAGESTRUCT_CN_WAVE2_0.1
LTMD-CN3-G2014-VP113,LTMD-CN3-G2014,2014,3,113,3,299,94.95,0.0134,text_detected,,,,textual,high,OCR_TEXT_RICH,text_rich,PAGESTRUCT_CN_WAVE2_0.1
LTMD-CN3-G2014-VP114,LTMD-CN3-G2014,2014,3,114,3,149,93.30,0.0268,text_detected,,,,textual,high,OCR_TEXT_RICH,text_rich,PAGESTRUCT_CN_WAVE2_0.1
LTMD-CN3-G2014-VP115,LTMD-CN3-G2014,2014,3,115,3,267,93.18,0.0187,text_detected,,,,textual,high,OCR_TEXT_RICH,text_rich,PAGESTRUCT_CN_WAVE2_0.1
LTMD-CN3-G2014-VP116,LTMD-CN3-G2014,2014,3,116,3,401,91.70,0.0374,text_detected,,,,textual,high,OCR_TEXT_RICH,text_rich,PAGESTRUCT_CN_WAVE2_0.1
LTMD-CN3-G2014-VP117,LTMD-CN3-G2014,2014,3,117,3,144,91.59,0.0417,text_detected,,,,textual,high,OCR_TEXT_RICH,text_rich,PAGESTRUCT_CN_WAVE2_0.1
LTMD-CN3-G2014-VP118,LTMD-CN3-G2014,2014,3,118,3,128,92.87,0.0312,text_detected,,,,textual,high,OCR_TEXT_RICH,text_rich,PAGESTRUCT_CN_WAVE2_0.1
LTMD-CN3-G2014-VP119,LTMD-CN3-G2014,2014,3,119,3,336,94.19,0.0119,text_detected,,,,textual,high,OCR_TEXT_RICH,text_rich,PAGESTRUCT_CN_WAVE2_0.1
LTMD-CN3-G2014-VP120,LTMD-CN3-G2014,2014,3,120,3,149,93.81,0.0268,text_detected,,,,textual,high,OCR_TEXT_RICH,text_rich,PAGESTRUCT_CN_WAVE2_0.1
LTMD-CN3-G2014-VP121,LTMD-CN3-G2014,2014,3,121,3,306,94.44,0.0065,text_detected,,,,textual,high,OCR_TEXT_RICH,text_rich,PAGESTRUCT_CN_WAVE2_0.1
LTMD-CN3-G2014-VP122,LTMD-CN3-G2014,2014,3,122,3,227,93.85,0.0132,text_detected,,,,textual,high,OCR_TEXT_RICH,text_rich,PAGESTRUCT_CN_WAVE2_0.1
LTMD-CN3-G2014-VP123,LTMD-CN3-G2014,2014,3,123,3,230,92.68,0.0261,text_detected,,,,textual,high,OCR_TEXT_RICH,text_rich,PAGESTRUCT_CN_WAVE2_0.1
LTMD-CN3-G2014-VP124,LTMD-CN3-G2014,2014,3,124,3,222,94.96,0.0045,text_detected,,,,textual,high,OCR_TEXT_RICH,text_rich,PAGESTRUCT_CN_WAVE2_0.1
LTMD-CN3-G2014-VP125,LTMD-CN3-G2014,2014,3,125,3,142,93.28,0.0282,text_detected,,,,textual,high,OCR_TEXT_RICH,text_rich,PAGESTRUCT_CN_WAVE2_0.1
LTMD-CN3-G2014-VP126,LTMD-CN3-G2014,2014,3,126,3,209,93.95,0.0191,text_detected,,,,textual,high,OCR_TEXT_RICH,text_rich,PAGESTRUCT_CN_WAVE2_0.1
LTMD-CN3-G2014-VP127,LTMD-CN3-G2014,2014,3,127,3,168,92.62,0.0179,text_detected,,,,textual,high,OCR_TEXT_RICH,text_rich,PAGESTRUCT_CN_WAVE2_0.1
LTMD-CN3-G2014-VP128,LTMD-CN3-G2014,2014,3,128,3,193,91.26,0.0311,text_detected,,,,textual,high,OCR_TEXT_RICH,text_rich,PAGESTRUCT_CN_WAVE2_0.1
LTMD-CN3-G2014-VP129,LTMD-CN3-G2014,2014,3,129,3,142,92.13,0.0282,text_detected,,,,textual,high,OCR_TEXT_RICH,text_rich,PAGESTRUCT_CN_WAVE2_0.1
LTMD-CN3-G2014-VP130,LTMD-CN3-G2014,2014,3,130,6,54,33.72,0.8148,text_detected,,,,visual_only,high,OCR_VISUAL_NOISE,fallback_psm;visual_noise,PAGESTRUCT_CN_WAVE2_0.1
LTMD-CN3-G2014-VP131,LTMD-CN3-G2014,2014,3,131,3,27,89.46,0.0741,text_detected,,,,mixed_text_image,medium,OCR_MODERATE_TEXT,text_present,PAGESTRUCT_CN_WAVE2_0.1
LTMD-CN3-G2014-VP132,LTMD-CN3-G2014,2014,3,132,3,259,93.63,0.0232,text_detected,,,,textual,high,OCR_TEXT_RICH,text_rich,PAGESTRUCT_CN_WAVE2_0.1
LTMD-CN3-G2014-VP133,LTMD-CN3-G2014,2014,3,133,3,164,92.22,0.0427,text_detected,,,,textual,high,OCR_TEXT_RICH,text_rich,PAGESTRUCT_CN_WAVE2_0.1
LTMD-CN3-G2014-VP134,LTMD-CN3-G2014,2014,3,134,3,268,94.64,0.0112,text_detected,,,,textual,high,OCR_TEXT_RICH,text_rich,PAGESTRUCT_CN_WAVE2_0.1
LTMD-CN3-G2014-VP135,LTMD-CN3-G2014,2014,3,135,3,280,93.96,0.0214,text_detected,,,,textual,high,OCR_TEXT_RICH,text_rich,PAGESTRUCT_CN_WAVE2_0.1
LTMD-CN3-G2014-VP136,LTMD-CN3-G2014,2014,3,136,3,266,94.75,0.0038,text_detected,,,,textual,high,OCR_TEXT_RICH,text_rich,PAGESTRUCT_CN_WAVE2_0.1
LTMD-CN3-G2014-VP137,LTMD-CN3-G2014,2014,3,137,3,160,93.83,0.0312,text_detected,,,,textual,high,OCR_TEXT_RICH,text_rich,PAGESTRUCT_CN_WAVE2_0.1
LTMD-CN3-G2014-VP138,LTMD-CN3-G2014,2014,3,138,3,168,94.24,0.0060,text_detected,0,2,0,toc_or_navigation,high,KW_NAVIGATION,end_zone;text_rich;nav_kw,PAGESTRUCT_CN_WAVE2_0.1
LTMD-CN3-G2014-VP139,LTMD-CN3-G2014,2014,3,139,3,276,94.94,0.0000,text_detected,0,3,0,toc_or_navigation,high,KW_NAVIGATION,end_zone;text_rich;nav_kw,PAGESTRUCT_CN_WAVE2_0.1
LTMD-CN3-G2014-VP140,LTMD-CN3-G2014,2014,3,140,3,253,95.29,0.0119,text_detected,0,1,0,textual,high,OCR_TEXT_RICH,end_zone;text_rich;nav_kw,PAGESTRUCT_CN_WAVE2_0.1
LTMD-CN3-G2014-VP141,LTMD-CN3-G2014,2014,3,141,3,125,89.85,0.0640,text_detected,0,0,0,textual,high,OCR_TEXT_RICH,end_zone;text_rich,PAGESTRUCT_CN_WAVE2_0.1
LTMD-CN3-G2014-VP142,LTMD-CN3-G2014,2014,3,142,3,192,93.32,0.0312,text_detected,0,2,1,bibliography_or_credits,medium,KW_BIBLIO_CREDITS,end_zone;text_rich;nav_kw;biblio_credit_kw,PAGESTRUCT_CN_WAVE2_0.1
LTMD-CN3-G2014-VP143,LTMD-CN3-G2014,2014,3,143,3,177,93.50,0.0226,text_detected,0,1,0,textual,high,OCR_TEXT_RICH,end_zone;text_rich;nav_kw,PAGESTRUCT_CN_WAVE2_0.1
LTMD-CN3-G2014-VP144,LTMD-CN3-G2014,2014,3,144,6,317,25.93,0.9558,text_detected,0,0,0,visual_only,high,OCR_VISUAL_NOISE,end_zone;fallback_psm;visual_noise,PAGESTRUCT_CN_WAVE2_0.1
LTMD-CN3-G2014-VP145,LTMD-CN3-G2014,2014,3,145,3,198,90.29,0.0606,text_detected,0,0,2,bibliography_or_credits,high,KW_BIBLIO_CREDITS,end_zone;text_rich;biblio_credit_kw,PAGESTRUCT_CN_WAVE2_0.1
LTMD-CN3-G2014-VP146,LTMD-CN3-G2014,2014,3,146,3,396,92.04,0.0253,text_detected,0,0,1,bibliography_or_credits,medium,KW_BIBLIO_CREDITS,end_zone;text_rich;biblio_credit_kw,PAGESTRUCT_CN_WAVE2_0.1
LTMD-CN3-G2014-VP147,LTMD-CN3-G2014,2014,3,147,3,422,91.90,0.0308,text_detected,0,0,0,textual,high,OCR_TEXT_RICH,end_zone;text_rich,PAGESTRUCT_CN_WAVE2_0.1
LTMD-CN3-G2014-VP148,LTMD-CN3-G2014,2014,3,148,3,401,91.26,0.0274,text_detected,0,0,0,textual,high,OCR_TEXT_RICH,end_zone;text_rich,PAGESTRUCT_CN_WAVE2_0.1
LTMD-CN3-G2014-VP149,LTMD-CN3-G2014,2014,3,149,3,398,91.54,0.0302,text_detected,0,0,0,textual,high,OCR_TEXT_RICH,end_zone;text_rich,PAGESTRUCT_CN_WAVE2_0.1
LTMD-CN3-G2014-VP150,LTMD-CN3-G2014,2014,3,150,3,29,69.02,0.3103,text_detected,0,0,0,mixed_text_image,medium,OCR_MODERATE_TEXT,end_zone;text_present,PAGESTRUCT_CN_WAVE2_0.1
LTMD-CN3-G2014-VP151,LTMD-CN3-G2014,2014,3,151,3,207,92.96,0.0193,text_detected,0,0,0,textual,high,OCR_TEXT_RICH,end_zone;text_rich,PAGESTRUCT_CN_WAVE2_0.1
LTMD-CN3-G2014-VP152,LTMD-CN3-G2014,2014,3,152,3,43,93.07,0.0465,text_detected,0,0,0,mixed_text_image,medium,OCR_MODERATE_TEXT,end_zone;text_present,PAGESTRUCT_CN_WAVE2_0.1
LTMD-CN3-G2014-VP153,LTMD-CN3-G2014,2014,3,153,6,55,37.60,0.7273,text_detected,0,0,0,visual_only,medium,OCR_VISUAL_NOISE,end_zone;fallback_psm;visual_noise,PAGESTRUCT_CN_WAVE2_0.1
LTMD-CN3-G2019-VP001,LTMD-CN3-G2019,2019,3,1,3,4,93.31,0.0000,text_detected,0,0,0,mixed_text_image,low,OCR_SPARSE_HIGH_CONF,front_zone,PAGESTRUCT_CN_WAVE2_0.1
LTMD-CN3-G2019-VP002,LTMD-CN3-G2019,2019,3,2,3,442,72.16,0.3077,text_detected,0,0,8,bibliography_or_credits,high,KW_BIBLIO_CREDITS,front_zone;text_present;biblio_credit_kw,PAGESTRUCT_CN_WAVE2_0.1
LTMD-CN3-G2019-VP003,LTMD-CN3-G2019,2019,3,3,3,161,96.20,0.0000,text_detected,1,1,1,bibliography_or_credits,medium,KW_BIBLIO_CREDITS,front_zone;text_rich;front_kw;nav_kw;biblio_credit_kw,PAGESTRUCT_CN_WAVE2_0.1
LTMD-CN3-G2019-VP004,LTMD-CN3-G2019,2019,3,4,3,158,84.98,0.1392,text_detected,1,3,0,toc_or_navigation,high,KW_NAVIGATION,front_zone;text_rich;front_kw;nav_kw,PAGESTRUCT_CN_WAVE2_0.1
LTMD-CN3-G2019-VP005,LTMD-CN3-G2019,2019,3,5,3,186,91.02,0.0484,text_detected,1,3,0,toc_or_navigation,high,KW_NAVIGATION,front_zone;text_rich;front_kw;nav_kw,PAGESTRUCT_CN_WAVE2_0.1
LTMD-CN3-G2019-VP006,LTMD-CN3-G2019,2019,3,6,3,188,79.27,0.2021,text_detected,2,1,0,toc_or_navigation,medium,KW_NAVIGATION,front_zone;text_rich;front_kw;nav_kw,PAGESTRUCT_CN_WAVE2_0.1
LTMD-CN3-G2019-VP007,LTMD-CN3-G2019,2019,3,7,3,118,80.89,0.1864,text_detected,0,1,3,bibliography_or_credits,high,KW_BIBLIO_CREDITS,front_zone;text_present;nav_kw;biblio_credit_kw,PAGESTRUCT_CN_WAVE2_0.1
LTMD-CN3-G2019-VP008,LTMD-CN3-G2019,2019,3,8,6,124,27.25,0.9516,text_detected,0,0,0,visual_only,high,OCR_VISUAL_NOISE,front_zone;fallback_psm;visual_noise,PAGESTRUCT_CN_WAVE2_0.1
LTMD-CN3-G2019-VP009,LTMD-CN3-G2019,2019,3,9,3,17,92.01,0.0000,text_detected,0,0,0,mixed_text_image,low,OCR_SPARSE_HIGH_CONF,front_zone,PAGESTRUCT_CN_WAVE2_0.1
LTMD-CN3-G2019-VP010,LTMD-CN3-G2019,2019,3,10,3,41,52.20,0.5610,text_detected,0,1,0,unknown,low,CONSERVATIVE_UNKNOWN,front_zone;nav_kw,PAGESTRUCT_CN_WAVE2_0.1
LTMD-CN3-G2019-VP011,LTMD-CN3-G2019,2019,3,11,3,172,93.48,0.0233,text_detected,0,1,0,toc_or_navigation,medium,KW_NAVIGATION,front_zone;text_rich;nav_kw,PAGESTRUCT_CN_WAVE2_0.1
LTMD-CN3-G2019-VP012,LTMD-CN3-G2019,2019,3,12,3,174,93.36,0.0230,text_detected,0,1,0,toc_or_navigation,medium,KW_NAVIGATION,front_zone;text_rich;nav_kw,PAGESTRUCT_CN_WAVE2_0.1
LTMD-CN3-G2019-VP013,LTMD-CN3-G2019,2019,3,13,3,382,93.14,0.0288,text_detected,0,1,0,toc_or_navigation,medium,KW_NAVIGATION,front_zone;text_rich;nav_kw,PAGESTRUCT_CN_WAVE2_0.1
LTMD-CN3-G2019-VP014,LTMD-CN3-G2019,2019,3,14,3,122,93.97,0.0328,text_detected,0,1,0,toc_or_navigation,medium,KW_NAVIGATION,front_zone;text_rich;nav_kw,PAGESTRUCT_CN_WAVE2_0.1
LTMD-CN3-G2019-VP015,LTMD-CN3-G2019,2019,3,15,3,148,91.20,0.0676,text_detected,0,1,0,toc_or_navigation,medium,KW_NAVIGATION,front_zone;text_rich;nav_kw,PAGESTRUCT_CN_WAVE2_0.1
LTMD-CN3-G2019-VP016,LTMD-CN3-G2019,2019,3,16,3,3,67.45,0.3333,text_detected,0,1,0,toc_or_navigation,medium,KW_NAVIGATION,front_zone;nav_kw,PAGESTRUCT_CN_WAVE2_0.1
LTMD-CN3-G2019-VP017,LTMD-CN3-G2019,2019,3,17,3,177,92.01,0.0395,text_detected,,,,textual,high,OCR_TEXT_RICH,text_rich,PAGESTRUCT_CN_WAVE2_0.1
LTMD-CN3-G2019-VP018,LTMD-CN3-G2019,2019,3,18,3,72,94.94,0.0000,text_detected,,,,mixed_text_image,medium,OCR_MODERATE_TEXT,text_present,PAGESTRUCT_CN_WAVE2_0.1
LTMD-CN3-G2019-VP019,LTMD-CN3-G2019,2019,3,19,3,270,92.81,0.0185,text_detected,,,,textual,high,OCR_TEXT_RICH,text_rich,PAGESTRUCT_CN_WAVE2_0.1
LTMD-CN3-G2019-VP020,LTMD-CN3-G2019,2019,3,20,3,139,95.91,0.0000,text_detected,,,,textual,high,OCR_TEXT_RICH,text_rich,PAGESTRUCT_CN_WAVE2_0.1
LTMD-CN3-G2019-VP021,LTMD-CN3-G2019,2019,3,21,3,188,92.98,0.0266,text_detected,,,,textual,high,OCR_TEXT_RICH,text_rich,PAGESTRUCT_CN_WAVE2_0.1
LTMD-CN3-G2019-VP022,LTMD-CN3-G2019,2019,3,22,3,135,94.75,0.0222,text_detected,,,,textual,high,OCR_TEXT_RICH,text_rich,PAGESTRUCT_CN_WAVE2_0.1
LTMD-CN3-G2019-VP023,LTMD-CN3-G2019,2019,3,23,3,284,94.10,0.0141,text_detected,,,,textual,high,OCR_TEXT_RICH,text_rich,PAGESTRUCT_CN_WAVE2_0.1
LTMD-CN3-G2019-VP024,LTMD-CN3-G2019,2019,3,24,3,109,94.70,0.0183,text_detected,,,,mixed_text_image,medium,OCR_MODERATE_TEXT,text_present,PAGESTRUCT_CN_WAVE2_0.1
LTMD-CN3-G2019-VP025,LTMD-CN3-G2019,2019,3,25,6,55,42.30,0.7455,text_detected,,,,visual_only,medium,OCR_VISUAL_NOISE,fallback_psm;visual_noise,PAGESTRUCT_CN_WAVE2_0.1
LTMD-CN3-G2019-VP026,LTMD-CN3-G2019,2019,3,26,3,181,94.68,0.0221,text_detected,,,,textual,high,OCR_TEXT_RICH,text_rich,PAGESTRUCT_CN_WAVE2_0.1
LTMD-CN3-G2019-VP027,LTMD-CN3-G2019,2019,3,27,3,258,94.17,0.0233,text_detected,,,,textual,high,OCR_TEXT_RICH,text_rich,PAGESTRUCT_CN_WAVE2_0.1
LTMD-CN3-G2019-VP028,LTMD-CN3-G2019,2019,3,28,3,262,94.69,0.0076,text_detected,,,,textual,high,OCR_TEXT_RICH,text_rich,PAGESTRUCT_CN_WAVE2_0.1
LTMD-CN3-G2019-VP029,LTMD-CN3-G2019,2019,3,29,3,83,82.74,0.1566,text_detected,,,,mixed_text_image,medium,OCR_MODERATE_TEXT,text_present,PAGESTRUCT_CN_WAVE2_0.1
LTMD-CN3-G2019-VP030,LTMD-CN3-G2019,2019,3,30,3,157,89.77,0.0892,text_detected,,,,textual,high,OCR_TEXT_RICH,text_rich,PAGESTRUCT_CN_WAVE2_0.1
LTMD-CN3-G2019-VP031,LTMD-CN3-G2019,2019,3,31,3,4,58.05,0.5000,text_detected,,,,unknown,low,CONSERVATIVE_UNKNOWN,,PAGESTRUCT_CN_WAVE2_0.1
LTMD-CN3-G2019-VP032,LTMD-CN3-G2019,2019,3,32,3,162,93.10,0.0309,text_detected,,,,textual,high,OCR_TEXT_RICH,text_rich,PAGESTRUCT_CN_WAVE2_0.1
LTMD-CN3-G2019-VP033,LTMD-CN3-G2019,2019,3,33,3,235,95.06,0.0085,text_detected,,,,textual,high,OCR_TEXT_RICH,text_rich,PAGESTRUCT_CN_WAVE2_0.1
LTMD-CN3-G2019-VP034,LTMD-CN3-G2019,2019,3,34,3,266,92.53,0.0226,text_detected,,,,textual,high,OCR_TEXT_RICH,text_rich,PAGESTRUCT_CN_WAVE2_0.1
LTMD-CN3-G2019-VP035,LTMD-CN3-G2019,2019,3,35,3,277,94.92,0.0144,text_detected,,,,textual,high,OCR_TEXT_RICH,text_rich,PAGESTRUCT_CN_WAVE2_0.1
LTMD-CN3-G2019-VP036,LTMD-CN3-G2019,2019,3,36,3,205,93.69,0.0146,text_detected,,,,textual,high,OCR_TEXT_RICH,text_rich,PAGESTRUCT_CN_WAVE2_0.1
LTMD-CN3-G2019-VP037,LTMD-CN3-G2019,2019,3,37,3,134,89.31,0.0746,text_detected,,,,textual,high,OCR_TEXT_RICH,text_rich,PAGESTRUCT_CN_WAVE2_0.1
LTMD-CN3-G2019-VP038,LTMD-CN3-G2019,2019,3,38,3,8,79.16,0.1250,text_detected,,,,mixed_text_image,low,OCR_SPARSE_HIGH_CONF,,PAGESTRUCT_CN_WAVE2_0.1
LTMD-CN3-G2019-VP039,LTMD-CN3-G2019,2019,3,39,3,288,91.06,0.0312,text_detected,,,,textual,high,OCR_TEXT_RICH,text_rich,PAGESTRUCT_CN_WAVE2_0.1
LTMD-CN3-G2019-VP040,LTMD-CN3-G2019,2019,3,40,3,237,93.21,0.0253,text_detected,,,,textual,high,OCR_TEXT_RICH,text_rich,PAGESTRUCT_CN_WAVE2_0.1
LTMD-CN3-G2019-VP041,LTMD-CN3-G2019,2019,3,41,3,156,92.70,0.0256,text_detected,,,,textual,high,OCR_TEXT_RICH,text_rich,PAGESTRUCT_CN_WAVE2_0.1
LTMD-CN3-G2019-VP042,LTMD-CN3-G2019,2019,3,42,6,143,31.13,0.9091,text_detected,,,,visual_only,high,OCR_VISUAL_NOISE,fallback_psm;visual_noise,PAGESTRUCT_CN_WAVE2_0.1
LTMD-CN3-G2019-VP043,LTMD-CN3-G2019,2019,3,43,3,39,84.95,0.0769,text_detected,,,,mixed_text_image,medium,OCR_MODERATE_TEXT,text_present,PAGESTRUCT_CN_WAVE2_0.1
LTMD-CN3-G2019-VP044,LTMD-CN3-G2019,2019,3,44,3,5,51.12,0.6000,text_detected,,,,unknown,low,CONSERVATIVE_UNKNOWN,,PAGESTRUCT_CN_WAVE2_0.1
LTMD-CN3-G2019-VP045,LTMD-CN3-G2019,2019,3,45,3,127,92.46,0.0394,text_detected,,,,textual,high,OCR_TEXT_RICH,text_rich,PAGESTRUCT_CN_WAVE2_0.1
LTMD-CN3-G2019-VP046,LTMD-CN3-G2019,2019,3,46,3,250,94.06,0.0160,text_detected,,,,textual,high,OCR_TEXT_RICH,text_rich,PAGESTRUCT_CN_WAVE2_0.1
LTMD-CN3-G2019-VP047,LTMD-CN3-G2019,2019,3,47,3,121,93.28,0.0248,text_detected,,,,textual,high,OCR_TEXT_RICH,text_rich,PAGESTRUCT_CN_WAVE2_0.1
LTMD-CN3-G2019-VP048,LTMD-CN3-G2019,2019,3,48,3,144,91.49,0.0208,text_detected,,,,textual,high,OCR_TEXT_RICH,text_rich,PAGESTRUCT_CN_WAVE2_0.1
LTMD-CN3-G2019-VP049,LTMD-CN3-G2019,2019,3,49,3,138,91.65,0.0507,text_detected,,,,textual,high,OCR_TEXT_RICH,text_rich,PAGESTRUCT_CN_WAVE2_0.1
LTMD-CN3-G2019-VP050,LTMD-CN3-G2019,2019,3,50,3,62,84.02,0.0968,text_detected,,,,mixed_text_image,medium,OCR_MODERATE_TEXT,text_present,PAGESTRUCT_CN_WAVE2_0.1
LTMD-CN3-G2019-VP051,LTMD-CN3-G2019,2019,3,51,3,251,93.86,0.0279,text_detected,,,,textual,high,OCR_TEXT_RICH,text_rich,PAGESTRUCT_CN_WAVE2_0.1
LTMD-CN3-G2019-VP052,LTMD-CN3-G2019,2019,3,52,3,228,94.52,0.0044,text_detected,,,,textual,high,OCR_TEXT_RICH,text_rich,PAGESTRUCT_CN_WAVE2_0.1
LTMD-CN3-G2019-VP053,LTMD-CN3-G2019,2019,3,53,6,16,38.64,0.8750,text_detected,,,,visual_only,high,OCR_VISUAL_NOISE,fallback_psm;visual_noise,PAGESTRUCT_CN_WAVE2_0.1
LTMD-CN3-G2019-VP054,LTMD-CN3-G2019,2019,3,54,3,268,90.64,0.0597,text_detected,,,,textual,high,OCR_TEXT_RICH,text_rich,PAGESTRUCT_CN_WAVE2_0.1
LTMD-CN3-G2019-VP055,LTMD-CN3-G2019,2019,3,55,3,101,93.45,0.0297,text_detected,,,,mixed_text_image,medium,OCR_MODERATE_TEXT,text_present,PAGESTRUCT_CN_WAVE2_0.1
LTMD-CN3-G2019-VP056,LTMD-CN3-G2019,2019,3,56,3,252,90.40,0.0516,text_detected,,,,textual,high,OCR_TEXT_RICH,text_rich,PAGESTRUCT_CN_WAVE2_0.1
LTMD-CN3-G2019-VP057,LTMD-CN3-G2019,2019,3,57,3,178,94.77,0.0169,text_detected,,,,textual,high,OCR_TEXT_RICH,text_rich,PAGESTRUCT_CN_WAVE2_0.1
LTMD-CN3-G2019-VP058,LTMD-CN3-G2019,2019,3,58,3,163,94.08,0.0061,text_detected,,,,textual,high,OCR_TEXT_RICH,text_rich,PAGESTRUCT_CN_WAVE2_0.1
LTMD-CN3-G2019-VP059,LTMD-CN3-G2019,2019,3,59,3,4,44.09,0.7500,text_detected,,,,unknown,low,CONSERVATIVE_UNKNOWN,,PAGESTRUCT_CN_WAVE2_0.1
LTMD-CN3-G2019-VP060,LTMD-CN3-G2019,2019,3,60,3,160,91.19,0.0500,text_detected,,,,textual,high,OCR_TEXT_RICH,text_rich,PAGESTRUCT_CN_WAVE2_0.1
LTMD-CN3-G2019-VP061,LTMD-CN3-G2019,2019,3,61,3,265,94.17,0.0151,text_detected,,,,textual,high,OCR_TEXT_RICH,text_rich,PAGESTRUCT_CN_WAVE2_0.1
LTMD-CN3-G2019-VP062,LTMD-CN3-G2019,2019,3,62,3,172,93.99,0.0291,text_detected,,,,textual,high,OCR_TEXT_RICH,text_rich,PAGESTRUCT_CN_WAVE2_0.1
LTMD-CN3-G2019-VP063,LTMD-CN3-G2019,2019,3,63,3,117,80.95,0.1880,text_detected,,,,mixed_text_image,medium,OCR_MODERATE_TEXT,text_present,PAGESTRUCT_CN_WAVE2_0.1
LTMD-CN3-G2019-VP064,LTMD-CN3-G2019,2019,3,64,3,93,88.19,0.0645,text_detected,,,,mixed_text_image,medium,OCR_MODERATE_TEXT,text_present,PAGESTRUCT_CN_WAVE2_0.1
LTMD-CN3-G2019-VP065,LTMD-CN3-G2019,2019,3,65,3,95,93.47,0.0316,text_detected,,,,mixed_text_image,medium,OCR_MODERATE_TEXT,text_present,PAGESTRUCT_CN_WAVE2_0.1
LTMD-CN3-G2019-VP066,LTMD-CN3-G2019,2019,3,66,3,376,90.92,0.0452,text_detected,,,,textual,high,OCR_TEXT_RICH,text_rich,PAGESTRUCT_CN_WAVE2_0.1
LTMD-CN3-G2019-VP067,LTMD-CN3-G2019,2019,3,67,3,234,90.42,0.0641,text_detected,,,,textual,high,OCR_TEXT_RICH,text_rich,PAGESTRUCT_CN_WAVE2_0.1
LTMD-CN3-G2019-VP068,LTMD-CN3-G2019,2019,3,68,3,159,91.96,0.0252,text_detected,,,,textual,high,OCR_TEXT_RICH,text_rich,PAGESTRUCT_CN_WAVE2_0.1
LTMD-CN3-G2019-VP069,LTMD-CN3-G2019,2019,3,69,3,262,93.48,0.0229,text_detected,,,,textual,high,OCR_TEXT_RICH,text_rich,PAGESTRUCT_CN_WAVE2_0.1
LTMD-CN3-G2019-VP070,LTMD-CN3-G2019,2019,3,70,3,187,92.53,0.0107,text_detected,,,,textual,high,OCR_TEXT_RICH,text_rich,PAGESTRUCT_CN_WAVE2_0.1
LTMD-CN3-G2019-VP071,LTMD-CN3-G2019,2019,3,71,3,122,93.53,0.0164,text_detected,,,,textual,high,OCR_TEXT_RICH,text_rich,PAGESTRUCT_CN_WAVE2_0.1
LTMD-CN3-G2019-VP072,LTMD-CN3-G2019,2019,3,72,6,25,25.29,0.9600,text_detected,,,,visual_only,high,OCR_VISUAL_NOISE,fallback_psm;visual_noise,PAGESTRUCT_CN_WAVE2_0.1
LTMD-CN3-G2019-VP073,LTMD-CN3-G2019,2019,3,73,3,29,83.26,0.1724,text_detected,,,,mixed_text_image,medium,OCR_MODERATE_TEXT,text_present,PAGESTRUCT_CN_WAVE2_0.1
LTMD-CN3-G2019-VP074,LTMD-CN3-G2019,2019,3,74,6,8,54.65,0.5000,text_detected,,,,unknown,low,CONSERVATIVE_UNKNOWN,fallback_psm,PAGESTRUCT_CN_WAVE2_0.1
LTMD-CN3-G2019-VP075,LTMD-CN3-G2019,2019,3,75,3,124,92.15,0.0323,text_detected,,,,textual,high,OCR_TEXT_RICH,text_rich,PAGESTRUCT_CN_WAVE2_0.1
LTMD-CN3-G2019-VP076,LTMD-CN3-G2019,2019,3,76,3,216,91.26,0.0509,text_detected,,,,textual,high,OCR_TEXT_RICH,text_rich,PAGESTRUCT_CN_WAVE2_0.1
LTMD-CN3-G2019-VP077,LTMD-CN3-G2019,2019,3,77,3,325,94.29,0.0062,text_detected,,,,textual,high,OCR_TEXT_RICH,text_rich,PAGESTRUCT_CN_WAVE2_0.1
LTMD-CN3-G2019-VP078,LTMD-CN3-G2019,2019,3,78,3,177,94.64,0.0056,text_detected,,,,textual,high,OCR_TEXT_RICH,text_rich,PAGESTRUCT_CN_WAVE2_0.1
LTMD-CN3-G2019-VP079,LTMD-CN3-G2019,2019,3,79,3,175,94.04,0.0171,text_detected,,,,textual,high,OCR_TEXT_RICH,text_rich,PAGESTRUCT_CN_WAVE2_0.1
LTMD-CN3-G2019-VP080,LTMD-CN3-G2019,2019,3,80,3,181,92.61,0.0442,text_detected,,,,textual,high,OCR_TEXT_RICH,text_rich,PAGESTRUCT_CN_WAVE2_0.1
LTMD-CN3-G2019-VP081,LTMD-CN3-G2019,2019,3,81,3,219,92.01,0.0548,text_detected,,,,textual,high,OCR_TEXT_RICH,text_rich,PAGESTRUCT_CN_WAVE2_0.1
LTMD-CN3-G2019-VP082,LTMD-CN3-G2019,2019,3,82,3,109,93.79,0.0092,text_detected,,,,mixed_text_image,medium,OCR_MODERATE_TEXT,text_present,PAGESTRUCT_CN_WAVE2_0.1
LTMD-CN3-G2019-VP083,LTMD-CN3-G2019,2019,3,83,3,166,92.29,0.0301,text_detected,,,,textual,high,OCR_TEXT_RICH,text_rich,PAGESTRUCT_CN_WAVE2_0.1
LTMD-CN3-G2019-VP084,LTMD-CN3-G2019,2019,3,84,3,99,94.36,0.0202,text_detected,,,,mixed_text_image,medium,OCR_MODERATE_TEXT,text_present,PAGESTRUCT_CN_WAVE2_0.1
LTMD-CN3-G2019-VP085,LTMD-CN3-G2019,2019,3,85,3,56,90.72,0.0357,text_detected,,,,mixed_text_image,medium,OCR_MODERATE_TEXT,text_present,PAGESTRUCT_CN_WAVE2_0.1
LTMD-CN3-G2019-VP086,LTMD-CN3-G2019,2019,3,86,3,121,93.62,0.0165,text_detected,,,,textual,high,OCR_TEXT_RICH,text_rich,PAGESTRUCT_CN_WAVE2_0.1
LTMD-CN3-G2019-VP087,LTMD-CN3-G2019,2019,3,87,3,146,91.63,0.0479,text_detected,,,,textual,high,OCR_TEXT_RICH,text_rich,PAGESTRUCT_CN_WAVE2_0.1
LTMD-CN3-G2019-VP088,LTMD-CN3-G2019,2019,3,88,3,166,95.37,0.0120,text_detected,,,,textual,high,OCR_TEXT_RICH,text_rich,PAGESTRUCT_CN_WAVE2_0.1
LTMD-CN3-G2019-VP089,LTMD-CN3-G2019,2019,3,89,3,102,89.79,0.0784,text_detected,,,,mixed_text_image,medium,OCR_MODERATE_TEXT,text_present,PAGESTRUCT_CN_WAVE2_0.1
LTMD-CN3-G2019-VP090,LTMD-CN3-G2019,2019,3,90,3,243,93.48,0.0247,text_detected,,,,textual,high,OCR_TEXT_RICH,text_rich,PAGESTRUCT_CN_WAVE2_0.1
LTMD-CN3-G2019-VP091,LTMD-CN3-G2019,2019,3,91,3,57,84.35,0.1228,text_detected,,,,mixed_text_image,medium,OCR_MODERATE_TEXT,text_present,PAGESTRUCT_CN_WAVE2_0.1
LTMD-CN3-G2019-VP092,LTMD-CN3-G2019,2019,3,92,3,79,92.57,0.0253,text_detected,,,,mixed_text_image,medium,OCR_MODERATE_TEXT,text_present,PAGESTRUCT_CN_WAVE2_0.1
LTMD-CN3-G2019-VP093,LTMD-CN3-G2019,2019,3,93,3,126,89.38,0.0635,text_detected,,,,textual,high,OCR_TEXT_RICH,text_rich,PAGESTRUCT_CN_WAVE2_0.1
LTMD-CN3-G2019-VP094,LTMD-CN3-G2019,2019,3,94,3,129,92.88,0.0388,text_detected,,,,textual,high,OCR_TEXT_RICH,text_rich,PAGESTRUCT_CN_WAVE2_0.1
LTMD-CN3-G2019-VP095,LTMD-CN3-G2019,2019,3,95,3,214,91.96,0.0374,text_detected,,,,textual,high,OCR_TEXT_RICH,text_rich,PAGESTRUCT_CN_WAVE2_0.1
LTMD-CN3-G2019-VP096,LTMD-CN3-G2019,2019,3,96,3,166,94.67,0.0060,text_detected,,,,textual,high,OCR_TEXT_RICH,text_rich,PAGESTRUCT_CN_WAVE2_0.1
LTMD-CN3-G2019-VP097,LTMD-CN3-G2019,2019,3,97,3,126,92.66,0.0317,text_detected,,,,textual,high,OCR_TEXT_RICH,text_rich,PAGESTRUCT_CN_WAVE2_0.1
LTMD-CN3-G2019-VP098,LTMD-CN3-G2019,2019,3,98,3,237,94.31,0.0084,text_detected,,,,textual,high,OCR_TEXT_RICH,text_rich,PAGESTRUCT_CN_WAVE2_0.1
LTMD-CN3-G2019-VP099,LTMD-CN3-G2019,2019,3,99,3,328,92.18,0.0305,text_detected,,,,textual,high,OCR_TEXT_RICH,text_rich,PAGESTRUCT_CN_WAVE2_0.1
LTMD-CN3-G2019-VP100,LTMD-CN3-G2019,2019,3,100,3,98,91.14,0.0306,text_detected,,,,mixed_text_image,medium,OCR_MODERATE_TEXT,text_present,PAGESTRUCT_CN_WAVE2_0.1
LTMD-CN3-G2019-VP101,LTMD-CN3-G2019,2019,3,101,3,136,91.83,0.0294,text_detected,,,,textual,high,OCR_TEXT_RICH,text_rich,PAGESTRUCT_CN_WAVE2_0.1
LTMD-CN3-G2019-VP102,LTMD-CN3-G2019,2019,3,102,6,95,33.23,0.9368,text_detected,,,,visual_only,high,OCR_VISUAL_NOISE,fallback_psm;visual_noise,PAGESTRUCT_CN_WAVE2_0.1
LTMD-CN3-G2019-VP103,LTMD-CN3-G2019,2019,3,103,3,34,81.45,0.1471,text_detected,,,,mixed_text_image,medium,OCR_MODERATE_TEXT,text_present,PAGESTRUCT_CN_WAVE2_0.1
LTMD-CN3-G2019-VP104,LTMD-CN3-G2019,2019,3,104,6,194,26.05,0.9639,text_detected,,,,visual_only,high,OCR_VISUAL_NOISE,fallback_psm;visual_noise,PAGESTRUCT_CN_WAVE2_0.1
LTMD-CN3-G2019-VP105,LTMD-CN3-G2019,2019,3,105,3,136,91.99,0.0368,text_detected,,,,textual,high,OCR_TEXT_RICH,text_rich,PAGESTRUCT_CN_WAVE2_0.1
LTMD-CN3-G2019-VP106,LTMD-CN3-G2019,2019,3,106,3,294,93.26,0.0204,text_detected,,,,textual,high,OCR_TEXT_RICH,text_rich,PAGESTRUCT_CN_WAVE2_0.1
LTMD-CN3-G2019-VP107,LTMD-CN3-G2019,2019,3,107,3,292,92.49,0.0342,text_detected,,,,textual,high,OCR_TEXT_RICH,text_rich,PAGESTRUCT_CN_WAVE2_0.1
LTMD-CN3-G2019-VP108,LTMD-CN3-G2019,2019,3,108,3,201,92.38,0.0398,text_detected,,,,textual,high,OCR_TEXT_RICH,text_rich,PAGESTRUCT_CN_WAVE2_0.1
LTMD-CN3-G2019-VP109,LTMD-CN3-G2019,2019,3,109,3,270,92.77,0.0370,text_detected,,,,textual,high,OCR_TEXT_RICH,text_rich,PAGESTRUCT_CN_WAVE2_0.1
LTMD-CN3-G2019-VP110,LTMD-CN3-G2019,2019,3,110,3,365,91.77,0.0301,text_detected,,,,textual,high,OCR_TEXT_RICH,text_rich,PAGESTRUCT_CN_WAVE2_0.1
LTMD-CN3-G2019-VP111,LTMD-CN3-G2019,2019,3,111,3,130,84.85,0.1308,text_detected,,,,textual,high,OCR_TEXT_RICH,text_rich,PAGESTRUCT_CN_WAVE2_0.1
LTMD-CN3-G2019-VP112,LTMD-CN3-G2019,2019,3,112,3,233,94.00,0.0043,text_detected,,,,textual,high,OCR_TEXT_RICH,text_rich,PAGESTRUCT_CN_WAVE2_0.1
LTMD-CN3-G2019-VP113,LTMD-CN3-G2019,2019,3,113,3,300,94.66,0.0167,text_detected,,,,textual,high,OCR_TEXT_RICH,text_rich,PAGESTRUCT_CN_WAVE2_0.1
LTMD-CN3-G2019-VP114,LTMD-CN3-G2019,2019,3,114,3,147,92.11,0.0476,text_detected,,,,textual,high,OCR_TEXT_RICH,text_rich,PAGESTRUCT_CN_WAVE2_0.1
LTMD-CN3-G2019-VP115,LTMD-CN3-G2019,2019,3,115,3,264,93.22,0.0189,text_detected,,,,textual,high,OCR_TEXT_RICH,text_rich,PAGESTRUCT_CN_WAVE2_0.1
LTMD-CN3-G2019-VP116,LTMD-CN3-G2019,2019,3,116,3,393,92.04,0.0382,text_detected,,,,textual,high,OCR_TEXT_RICH,text_rich,PAGESTRUCT_CN_WAVE2_0.1
LTMD-CN3-G2019-VP117,LTMD-CN3-G2019,2019,3,117,3,138,88.57,0.0797,text_detected,,,,textual,high,OCR_TEXT_RICH,text_rich,PAGESTRUCT_CN_WAVE2_0.1
LTMD-CN3-G2019-VP118,LTMD-CN3-G2019,2019,3,118,3,127,93.47,0.0236,text_detected,,,,textual,high,OCR_TEXT_RICH,text_rich,PAGESTRUCT_CN_WAVE2_0.1
LTMD-CN3-G2019-VP119,LTMD-CN3-G2019,2019,3,119,3,335,94.77,0.0090,text_detected,,,,textual,high,OCR_TEXT_RICH,text_rich,PAGESTRUCT_CN_WAVE2_0.1
LTMD-CN3-G2019-VP120,LTMD-CN3-G2019,2019,3,120,3,149,92.75,0.0403,text_detected,,,,textual,high,OCR_TEXT_RICH,text_rich,PAGESTRUCT_CN_WAVE2_0.1
LTMD-CN3-G2019-VP121,LTMD-CN3-G2019,2019,3,121,3,307,93.86,0.0098,text_detected,,,,textual,high,OCR_TEXT_RICH,text_rich,PAGESTRUCT_CN_WAVE2_0.1
LTMD-CN3-G2019-VP122,LTMD-CN3-G2019,2019,3,122,3,227,93.48,0.0176,text_detected,,,,textual,high,OCR_TEXT_RICH,text_rich,PAGESTRUCT_CN_WAVE2_0.1
LTMD-CN3-G2019-VP123,LTMD-CN3-G2019,2019,3,123,3,228,90.96,0.0482,text_detected,,,,textual,high,OCR_TEXT_RICH,text_rich,PAGESTRUCT_CN_WAVE2_0.1
LTMD-CN3-G2019-VP124,LTMD-CN3-G2019,2019,3,124,3,222,94.38,0.0090,text_detected,,,,textual,high,OCR_TEXT_RICH,text_rich,PAGESTRUCT_CN_WAVE2_0.1
LTMD-CN3-G2019-VP125,LTMD-CN3-G2019,2019,3,125,3,142,92.78,0.0352,text_detected,,,,textual,high,OCR_TEXT_RICH,text_rich,PAGESTRUCT_CN_WAVE2_0.1
LTMD-CN3-G2019-VP126,LTMD-CN3-G2019,2019,3,126,3,208,94.06,0.0144,text_detected,,,,textual,high,OCR_TEXT_RICH,text_rich,PAGESTRUCT_CN_WAVE2_0.1
LTMD-CN3-G2019-VP127,LTMD-CN3-G2019,2019,3,127,3,167,91.52,0.0359,text_detected,,,,textual,high,OCR_TEXT_RICH,text_rich,PAGESTRUCT_CN_WAVE2_0.1
LTMD-CN3-G2019-VP128,LTMD-CN3-G2019,2019,3,128,3,193,92.03,0.0259,text_detected,,,,textual,high,OCR_TEXT_RICH,text_rich,PAGESTRUCT_CN_WAVE2_0.1
LTMD-CN3-G2019-VP129,LTMD-CN3-G2019,2019,3,129,3,145,92.39,0.0138,text_detected,,,,textual,high,OCR_TEXT_RICH,text_rich,PAGESTRUCT_CN_WAVE2_0.1
LTMD-CN3-G2019-VP130,LTMD-CN3-G2019,2019,3,130,6,28,25.39,0.9643,text_detected,,,,visual_only,high,OCR_VISUAL_NOISE,fallback_psm;visual_noise,PAGESTRUCT_CN_WAVE2_0.1
LTMD-CN3-G2019-VP131,LTMD-CN3-G2019,2019,3,131,3,27,91.99,0.0000,text_detected,,,,mixed_text_image,medium,OCR_MODERATE_TEXT,text_present,PAGESTRUCT_CN_WAVE2_0.1
LTMD-CN3-G2019-VP132,LTMD-CN3-G2019,2019,3,132,3,252,93.02,0.0397,text_detected,,,,textual,high,OCR_TEXT_RICH,text_rich,PAGESTRUCT_CN_WAVE2_0.1
LTMD-CN3-G2019-VP133,LTMD-CN3-G2019,2019,3,133,3,166,94.14,0.0120,text_detected,,,,textual,high,OCR_TEXT_RICH,text_rich,PAGESTRUCT_CN_WAVE2_0.1
LTMD-CN3-G2019-VP134,LTMD-CN3-G2019,2019,3,134,3,266,94.81,0.0075,text_detected,,,,textual,high,OCR_TEXT_RICH,text_rich,PAGESTRUCT_CN_WAVE2_0.1
LTMD-CN3-G2019-VP135,LTMD-CN3-G2019,2019,3,135,3,279,94.19,0.0215,text_detected,,,,textual,high,OCR_TEXT_RICH,text_rich,PAGESTRUCT_CN_WAVE2_0.1
LTMD-CN3-G2019-VP136,LTMD-CN3-G2019,2019,3,136,3,266,94.26,0.0113,text_detected,,,,textual,high,OCR_TEXT_RICH,text_rich,PAGESTRUCT_CN_WAVE2_0.1
LTMD-CN3-G2019-VP137,LTMD-CN3-G2019,2019,3,137,3,160,94.13,0.0187,text_detected,,,,textual,high,OCR_TEXT_RICH,text_rich,PAGESTRUCT_CN_WAVE2_0.1
LTMD-CN3-G2019-VP138,LTMD-CN3-G2019,2019,3,138,3,168,92.88,0.0357,text_detected,0,2,0,toc_or_navigation,high,KW_NAVIGATION,end_zone;text_rich;nav_kw,PAGESTRUCT_CN_WAVE2_0.1
LTMD-CN3-G2019-VP139,LTMD-CN3-G2019,2019,3,139,3,276,94.12,0.0145,text_detected,0,3,0,toc_or_navigation,high,KW_NAVIGATION,end_zone;text_rich;nav_kw,PAGESTRUCT_CN_WAVE2_0.1
LTMD-CN3-G2019-VP140,LTMD-CN3-G2019,2019,3,140,3,250,94.62,0.0120,text_detected,0,1,0,textual,high,OCR_TEXT_RICH,end_zone;text_rich;nav_kw,PAGESTRUCT_CN_WAVE2_0.1
LTMD-CN3-G2019-VP141,LTMD-CN3-G2019,2019,3,141,3,127,88.78,0.0866,text_detected,0,0,0,textual,high,OCR_TEXT_RICH,end_zone;text_rich,PAGESTRUCT_CN_WAVE2_0.1
LTMD-CN3-G2019-VP142,LTMD-CN3-G2019,2019,3,142,3,192,91.62,0.0417,text_detected,0,2,1,bibliography_or_credits,medium,KW_BIBLIO_CREDITS,end_zone;text_rich;nav_kw;biblio_credit_kw,PAGESTRUCT_CN_WAVE2_0.1
LTMD-CN3-G2019-VP143,LTMD-CN3-G2019,2019,3,143,3,179,92.86,0.0223,text_detected,0,1,0,textual,high,OCR_TEXT_RICH,end_zone;text_rich;nav_kw,PAGESTRUCT_CN_WAVE2_0.1
LTMD-CN3-G2019-VP144,LTMD-CN3-G2019,2019,3,144,6,371,26.97,0.9542,text_detected,0,0,0,visual_only,high,OCR_VISUAL_NOISE,end_zone;fallback_psm;visual_noise,PAGESTRUCT_CN_WAVE2_0.1
LTMD-CN3-G2019-VP145,LTMD-CN3-G2019,2019,3,145,3,197,91.24,0.0406,text_detected,0,0,2,bibliography_or_credits,high,KW_BIBLIO_CREDITS,end_zone;text_rich;biblio_credit_kw,PAGESTRUCT_CN_WAVE2_0.1
LTMD-CN3-G2019-VP146,LTMD-CN3-G2019,2019,3,146,3,394,92.46,0.0152,text_detected,0,0,1,bibliography_or_credits,medium,KW_BIBLIO_CREDITS,end_zone;text_rich;biblio_credit_kw,PAGESTRUCT_CN_WAVE2_0.1
LTMD-CN3-G2019-VP147,LTMD-CN3-G2019,2019,3,147,3,419,91.37,0.0430,text_detected,0,0,0,textual,high,OCR_TEXT_RICH,end_zone;text_rich,PAGESTRUCT_CN_WAVE2_0.1
LTMD-CN3-G2019-VP148,LTMD-CN3-G2019,2019,3,148,3,406,89.66,0.0517,text_detected,0,0,0,textual,high,OCR_TEXT_RICH,end_zone;text_rich,PAGESTRUCT_CN_WAVE2_0.1
LTMD-CN3-G2019-VP149,LTMD-CN3-G2019,2019,3,149,3,397,91.68,0.0302,text_detected,0,0,0,textual,high,OCR_TEXT_RICH,end_zone;text_rich,PAGESTRUCT_CN_WAVE2_0.1
LTMD-CN3-G2019-VP150,LTMD-CN3-G2019,2019,3,150,3,29,72.27,0.2759,text_detected,0,0,0,mixed_text_image,medium,OCR_MODERATE_TEXT,end_zone;text_present,PAGESTRUCT_CN_WAVE2_0.1
LTMD-CN3-G2019-VP151,LTMD-CN3-G2019,2019,3,151,3,203,92.21,0.0394,text_detected,0,0,0,textual,high,OCR_TEXT_RICH,end_zone;text_rich,PAGESTRUCT_CN_WAVE2_0.1
LTMD-CN3-G2019-VP152,LTMD-CN3-G2019,2019,3,152,3,44,94.11,0.0227,text_detected,0,0,1,bibliography_or_credits,medium,KW_BIBLIO_CREDITS,end_zone;text_present;biblio_credit_kw,PAGESTRUCT_CN_WAVE2_0.1
LTMD-CN3-G2019-VP153,LTMD-CN3-G2019,2019,3,153,6,26,32.71,0.9615,text_detected,0,0,0,visual_only,high,OCR_VISUAL_NOISE,end_zone;fallback_psm;visual_noise,PAGESTRUCT_CN_WAVE2_0.1
LTMD-CN4-G1982-VP001,LTMD-CN4-G1982,1982,4,1,6,13,43.25,0.6923,text_detected,0,0,0,visual_only,medium,OCR_VISUAL_NOISE,front_zone;fallback_psm;visual_noise,PAGESTRUCT_CN_WAVE2_0.1
LTMD-CN4-G1982-VP002,LTMD-CN4-G1982,1982,4,2,11,83,25.35,0.9639,text_detected,0,0,0,visual_only,high,OCR_VISUAL_NOISE,front_zone;fallback_psm;visual_noise,PAGESTRUCT_CN_WAVE2_0.1
LTMD-CN4-G1982-VP003,LTMD-CN4-G1982,1982,4,3,3,4,96.59,0.0000,text_detected,0,0,0,mixed_text_image,low,OCR_SPARSE_HIGH_CONF,front_zone,PAGESTRUCT_CN_WAVE2_0.1
LTMD-CN4-G1982-VP004,LTMD-CN4-G1982,1982,4,4,3,128,93.20,0.0234,text_detected,0,1,1,bibliography_or_credits,medium,KW_BIBLIO_CREDITS,front_zone;text_rich;nav_kw;biblio_credit_kw,PAGESTRUCT_CN_WAVE2_0.1
LTMD-CN4-G1982-VP005,LTMD-CN4-G1982,1982,4,5,3,163,89.56,0.0368,text_detected,0,1,4,bibliography_or_credits,high,KW_BIBLIO_CREDITS,front_zone;text_rich;nav_kw;biblio_credit_kw,PAGESTRUCT_CN_WAVE2_0.1
LTMD-CN4-G1982-VP006,LTMD-CN4-G1982,1982,4,6,3,308,94.56,0.0032,text_detected,0,0,0,textual,high,OCR_TEXT_RICH,front_zone;text_rich,PAGESTRUCT_CN_WAVE2_0.1
LTMD-CN4-G1982-VP007,LTMD-CN4-G1982,1982,4,7,3,118,75.22,0.2034,text_detected,0,1,0,toc_or_navigation,medium,KW_NAVIGATION,front_zone;text_present;nav_kw,PAGESTRUCT_CN_WAVE2_0.1
LTMD-CN4-G1982-VP008,LTMD-CN4-G1982,1982,4,8,6,132,24.62,0.9394,text_detected,0,0,0,visual_only,high,OCR_VISUAL_NOISE,front_zone;fallback_psm;visual_noise,PAGESTRUCT_CN_WAVE2_0.1
LTMD-CN4-G1982-VP009,LTMD-CN4-G1982,1982,4,9,3,5,80.71,0.2000,text_detected,0,0,0,mixed_text_image,low,OCR_SPARSE_HIGH_CONF,front_zone,PAGESTRUCT_CN_WAVE2_0.1
LTMD-CN4-G1982-VP010,LTMD-CN4-G1982,1982,4,10,3,155,90.79,0.0323,text_detected,0,0,0,textual,high,OCR_TEXT_RICH,front_zone;text_rich,PAGESTRUCT_CN_WAVE2_0.1
LTMD-CN4-G1982-VP011,LTMD-CN4-G1982,1982,4,11,6,22,34.57,0.8636,text_detected,0,0,0,visual_only,high,OCR_VISUAL_NOISE,front_zone;fallback_psm;visual_noise,PAGESTRUCT_CN_WAVE2_0.1
LTMD-CN4-G1982-VP012,LTMD-CN4-G1982,1982,4,12,3,67,66.30,0.3284,text_detected,0,0,0,mixed_text_image,medium,OCR_MODERATE_TEXT,front_zone;text_present,PAGESTRUCT_CN_WAVE2_0.1
LTMD-CN4-G1982-VP013,LTMD-CN4-G1982,1982,4,13,3,224,90.18,0.0446,text_detected,0,0,0,textual,high,OCR_TEXT_RICH,front_zone;text_rich,PAGESTRUCT_CN_WAVE2_0.1
LTMD-CN4-G1982-VP014,LTMD-CN4-G1982,1982,4,14,3,102,86.17,0.1373,text_detected,0,0,0,mixed_text_image,medium,OCR_MODERATE_TEXT,front_zone;text_present,PAGESTRUCT_CN_WAVE2_0.1
LTMD-CN4-G1982-VP015,LTMD-CN4-G1982,1982,4,15,3,71,91.43,0.0141,text_detected,0,0,0,mixed_text_image,medium,OCR_MODERATE_TEXT,front_zone;text_present,PAGESTRUCT_CN_WAVE2_0.1
LTMD-CN4-G1982-VP016,LTMD-CN4-G1982,1982,4,16,3,102,89.84,0.0588,text_detected,0,0,0,mixed_text_image,medium,OCR_MODERATE_TEXT,front_zone;text_present,PAGESTRUCT_CN_WAVE2_0.1
LTMD-CN4-G1982-VP017,LTMD-CN4-G1982,1982,4,17,3,95,93.20,0.0105,text_detected,,,,mixed_text_image,medium,OCR_MODERATE_TEXT,text_present,PAGESTRUCT_CN_WAVE2_0.1
LTMD-CN4-G1982-VP018,LTMD-CN4-G1982,1982,4,18,3,228,89.33,0.0746,text_detected,,,,textual,high,OCR_TEXT_RICH,text_rich,PAGESTRUCT_CN_WAVE2_0.1
LTMD-CN4-G1982-VP019,LTMD-CN4-G1982,1982,4,19,3,3,94.59,0.0000,text_detected,,,,unknown,low,CONSERVATIVE_UNKNOWN,,PAGESTRUCT_CN_WAVE2_0.1
LTMD-CN4-G1982-VP020,LTMD-CN4-G1982,1982,4,20,3,142,90.03,0.0704,text_detected,,,,textual,high,OCR_TEXT_RICH,text_rich,PAGESTRUCT_CN_WAVE2_0.1
LTMD-CN4-G1982-VP021,LTMD-CN4-G1982,1982,4,21,3,147,85.49,0.1156,text_detected,,,,textual,high,OCR_TEXT_RICH,text_rich,PAGESTRUCT_CN_WAVE2_0.1
LTMD-CN4-G1982-VP022,LTMD-CN4-G1982,1982,4,22,3,75,91.70,0.0400,text_detected,,,,mixed_text_image,medium,OCR_MODERATE_TEXT,text_present,PAGESTRUCT_CN_WAVE2_0.1
LTMD-CN4-G1982-VP023,LTMD-CN4-G1982,1982,4,23,3,75,91.53,0.0400,text_detected,,,,mixed_text_image,medium,OCR_MODERATE_TEXT,text_present,PAGESTRUCT_CN_WAVE2_0.1
LTMD-CN4-G1982-VP024,LTMD-CN4-G1982,1982,4,24,3,98,93.29,0.0408,text_detected,,,,mixed_text_image,medium,OCR_MODERATE_TEXT,text_present,PAGESTRUCT_CN_WAVE2_0.1
LTMD-CN4-G1982-VP025,LTMD-CN4-G1982,1982,4,25,3,19,87.97,0.0526,text_detected,,,,mixed_text_image,low,OCR_SPARSE_HIGH_CONF,,PAGESTRUCT_CN_WAVE2_0.1
LTMD-CN4-G1982-VP026,LTMD-CN4-G1982,1982,4,26,3,40,92.43,0.0250,text_detected,,,,mixed_text_image,medium,OCR_MODERATE_TEXT,text_present,PAGESTRUCT_CN_WAVE2_0.1
LTMD-CN4-G1982-VP027,LTMD-CN4-G1982,1982,4,27,3,5,63.04,0.4000,text_detected,,,,unknown,low,CONSERVATIVE_UNKNOWN,,PAGESTRUCT_CN_WAVE2_0.1
LTMD-CN4-G1982-VP028,LTMD-CN4-G1982,1982,4,28,3,41,87.59,0.0976,text_detected,,,,mixed_text_image,medium,OCR_MODERATE_TEXT,text_present,PAGESTRUCT_CN_WAVE2_0.1
LTMD-CN4-G1982-VP029,LTMD-CN4-G1982,1982,4,29,3,45,90.97,0.0667,text_detected,,,,mixed_text_image,medium,OCR_MODERATE_TEXT,text_present,PAGESTRUCT_CN_WAVE2_0.1
LTMD-CN4-G1982-VP030,LTMD-CN4-G1982,1982,4,30,3,178,88.82,0.0562,text_detected,,,,textual,high,OCR_TEXT_RICH,text_rich,PAGESTRUCT_CN_WAVE2_0.1
LTMD-CN4-G1982-VP031,LTMD-CN4-G1982,1982,4,31,3,155,86.77,0.1032,text_detected,,,,textual,high,OCR_TEXT_RICH,text_rich,PAGESTRUCT_CN_WAVE2_0.1
LTMD-CN4-G1982-VP032,LTMD-CN4-G1982,1982,4,32,3,103,92.48,0.0291,text_detected,,,,mixed_text_image,medium,OCR_MODERATE_TEXT,text_present,PAGESTRUCT_CN_WAVE2_0.1
LTMD-CN4-G1982-VP033,LTMD-CN4-G1982,1982,4,33,6,151,21.76,0.9669,text_detected,,,,visual_only,high,OCR_VISUAL_NOISE,fallback_psm;visual_noise,PAGESTRUCT_CN_WAVE2_0.1
LTMD-CN4-G1982-VP034,LTMD-CN4-G1982,1982,4,34,3,116,88.02,0.0690,text_detected,,,,mixed_text_image,medium,OCR_MODERATE_TEXT,text_present,PAGESTRUCT_CN_WAVE2_0.1
LTMD-CN4-G1982-VP035,LTMD-CN4-G1982,1982,4,35,3,71,90.42,0.0563,text_detected,,,,mixed_text_image,medium,OCR_MODERATE_TEXT,text_present,PAGESTRUCT_CN_WAVE2_0.1
LTMD-CN4-G1982-VP036,LTMD-CN4-G1982,1982,4,36,3,219,92.06,0.0183,text_detected,,,,textual,high,OCR_TEXT_RICH,text_rich,PAGESTRUCT_CN_WAVE2_0.1
LTMD-CN4-G1982-VP037,LTMD-CN4-G1982,1982,4,37,3,71,85.91,0.1127,text_detected,,,,mixed_text_image,medium,OCR_MODERATE_TEXT,text_present,PAGESTRUCT_CN_WAVE2_0.1
LTMD-CN4-G1982-VP038,LTMD-CN4-G1982,1982,4,38,3,98,88.15,0.0714,text_detected,,,,mixed_text_image,medium,OCR_MODERATE_TEXT,text_present,PAGESTRUCT_CN_WAVE2_0.1
LTMD-CN4-G1982-VP039,LTMD-CN4-G1982,1982,4,39,3,112,83.42,0.1161,text_detected,,,,mixed_text_image,medium,OCR_MODERATE_TEXT,text_present,PAGESTRUCT_CN_WAVE2_0.1
LTMD-CN4-G1982-VP040,LTMD-CN4-G1982,1982,4,40,3,33,91.70,0.0000,text_detected,,,,mixed_text_image,medium,OCR_MODERATE_TEXT,text_present,PAGESTRUCT_CN_WAVE2_0.1
LTMD-CN4-G1982-VP041,LTMD-CN4-G1982,1982,4,41,3,5,90.09,0.0000,text_detected,,,,mixed_text_image,low,OCR_SPARSE_HIGH_CONF,,PAGESTRUCT_CN_WAVE2_0.1
LTMD-CN4-G1982-VP042,LTMD-CN4-G1982,1982,4,42,3,134,80.62,0.1716,text_detected,,,,textual,high,OCR_TEXT_RICH,text_rich,PAGESTRUCT_CN_WAVE2_0.1
LTMD-CN4-G1982-VP043,LTMD-CN4-G1982,1982,4,43,3,88,71.94,0.2841,text_detected,,,,mixed_text_image,medium,OCR_MODERATE_TEXT,text_present,PAGESTRUCT_CN_WAVE2_0.1
LTMD-CN4-G1982-VP044,LTMD-CN4-G1982,1982,4,44,6,18,39.68,0.8333,text_detected,,,,visual_only,high,OCR_VISUAL_NOISE,fallback_psm;visual_noise,PAGESTRUCT_CN_WAVE2_0.1
LTMD-CN4-G1982-VP045,LTMD-CN4-G1982,1982,4,45,3,178,88.13,0.0674,text_detected,,,,textual,high,OCR_TEXT_RICH,text_rich,PAGESTRUCT_CN_WAVE2_0.1
LTMD-CN4-G1982-VP046,LTMD-CN4-G1982,1982,4,46,3,60,88.84,0.0833,text_detected,,,,mixed_text_image,medium,OCR_MODERATE_TEXT,text_present,PAGESTRUCT_CN_WAVE2_0.1
LTMD-CN4-G1982-VP047,LTMD-CN4-G1982,1982,4,47,3,52,89.21,0.0577,text_detected,,,,mixed_text_image,medium,OCR_MODERATE_TEXT,text_present,PAGESTRUCT_CN_WAVE2_0.1
LTMD-CN4-G1982-VP048,LTMD-CN4-G1982,1982,4,48,3,41,82.96,0.1220,text_detected,,,,mixed_text_image,medium,OCR_MODERATE_TEXT,text_present,PAGESTRUCT_CN_WAVE2_0.1
LTMD-CN4-G1982-VP049,LTMD-CN4-G1982,1982,4,49,3,5,91.74,0.0000,text_detected,,,,mixed_text_image,low,OCR_SPARSE_HIGH_CONF,,PAGESTRUCT_CN_WAVE2_0.1
LTMD-CN4-G1982-VP050,LTMD-CN4-G1982,1982,4,50,3,99,88.77,0.0606,text_detected,,,,mixed_text_image,medium,OCR_MODERATE_TEXT,text_present,PAGESTRUCT_CN_WAVE2_0.1
LTMD-CN4-G1982-VP051,LTMD-CN4-G1982,1982,4,51,3,142,90.93,0.0423,text_detected,,,,textual,high,OCR_TEXT_RICH,text_rich,PAGESTRUCT_CN_WAVE2_0.1
LTMD-CN4-G1982-VP052,LTMD-CN4-G1982,1982,4,52,3,97,87.62,0.0928,text_detected,,,,mixed_text_image,medium,OCR_MODERATE_TEXT,text_present,PAGESTRUCT_CN_WAVE2_0.1
LTMD-CN4-G1982-VP053,LTMD-CN4-G1982,1982,4,53,3,70,87.28,0.0714,text_detected,,,,mixed_text_image,medium,OCR_MODERATE_TEXT,text_present,PAGESTRUCT_CN_WAVE2_0.1
LTMD-CN4-G1982-VP054,LTMD-CN4-G1982,1982,4,54,3,116,90.26,0.0431,text_detected,,,,mixed_text_image,medium,OCR_MODERATE_TEXT,text_present,PAGESTRUCT_CN_WAVE2_0.1
LTMD-CN4-G1982-VP055,LTMD-CN4-G1982,1982,4,55,3,155,86.93,0.0968,text_detected,,,,textual,high,OCR_TEXT_RICH,text_rich,PAGESTRUCT_CN_WAVE2_0.1
LTMD-CN4-G1982-VP056,LTMD-CN4-G1982,1982,4,56,3,106,88.19,0.0755,text_detected,,,,mixed_text_image,medium,OCR_MODERATE_TEXT,text_present,PAGESTRUCT_CN_WAVE2_0.1
LTMD-CN4-G1982-VP057,LTMD-CN4-G1982,1982,4,57,3,3,70.88,0.3333,text_detected,,,,unknown,low,CONSERVATIVE_UNKNOWN,,PAGESTRUCT_CN_WAVE2_0.1
LTMD-CN4-G1982-VP058,LTMD-CN4-G1982,1982,4,58,3,131,88.00,0.0840,text_detected,,,,textual,high,OCR_TEXT_RICH,text_rich,PAGESTRUCT_CN_WAVE2_0.1
LTMD-CN4-G1982-VP059,LTMD-CN4-G1982,1982,4,59,3,119,89.56,0.0420,text_detected,,,,mixed_text_image,medium,OCR_MODERATE_TEXT,text_present,PAGESTRUCT_CN_WAVE2_0.1
LTMD-CN4-G1982-VP060,LTMD-CN4-G1982,1982,4,60,3,151,87.46,0.0993,text_detected,,,,textual,high,OCR_TEXT_RICH,text_rich,PAGESTRUCT_CN_WAVE2_0.1
LTMD-CN4-G1982-VP061,LTMD-CN4-G1982,1982,4,61,3,61,85.88,0.0984,text_detected,,,,mixed_text_image,medium,OCR_MODERATE_TEXT,text_present,PAGESTRUCT_CN_WAVE2_0.1
LTMD-CN4-G1982-VP062,LTMD-CN4-G1982,1982,4,62,3,130,85.22,0.1077,text_detected,,,,textual,high,OCR_TEXT_RICH,text_rich,PAGESTRUCT_CN_WAVE2_0.1
LTMD-CN4-G1982-VP063,LTMD-CN4-G1982,1982,4,63,3,115,85.40,0.0783,text_detected,,,,mixed_text_image,medium,OCR_MODERATE_TEXT,text_present,PAGESTRUCT_CN_WAVE2_0.1
LTMD-CN4-G1982-VP064,LTMD-CN4-G1982,1982,4,64,3,40,91.06,0.0250,text_detected,,,,mixed_text_image,medium,OCR_MODERATE_TEXT,text_present,PAGESTRUCT_CN_WAVE2_0.1
LTMD-CN4-G1982-VP065,LTMD-CN4-G1982,1982,4,65,3,24,92.42,0.0417,text_detected,,,,mixed_text_image,medium,OCR_MODERATE_TEXT,text_present,PAGESTRUCT_CN_WAVE2_0.1
LTMD-CN4-G1982-VP066,LTMD-CN4-G1982,1982,4,66,6,8,21.17,0.8750,text_detected,,,,visual_only,high,OCR_VISUAL_NOISE,fallback_psm;visual_noise,PAGESTRUCT_CN_WAVE2_0.1
LTMD-CN4-G1982-VP067,LTMD-CN4-G1982,1982,4,67,11,7,48.69,0.7143,text_detected,,,,visual_only,medium,OCR_VISUAL_NOISE,fallback_psm;visual_noise,PAGESTRUCT_CN_WAVE2_0.1
LTMD-CN4-G1982-VP068,LTMD-CN4-G1982,1982,4,68,3,88,90.95,0.0341,text_detected,,,,mixed_text_image,medium,OCR_MODERATE_TEXT,text_present,PAGESTRUCT_CN_WAVE2_0.1
LTMD-CN4-G1982-VP069,LTMD-CN4-G1982,1982,4,69,3,100,86.46,0.1000,text_detected,,,,mixed_text_image,medium,OCR_MODERATE_TEXT,text_present,PAGESTRUCT_CN_WAVE2_0.1
LTMD-CN4-G1982-VP070,LTMD-CN4-G1982,1982,4,70,3,124,88.20,0.0968,text_detected,,,,textual,high,OCR_TEXT_RICH,text_rich,PAGESTRUCT_CN_WAVE2_0.1
LTMD-CN4-G1982-VP071,LTMD-CN4-G1982,1982,4,71,3,93,87.15,0.0753,text_detected,,,,mixed_text_image,medium,OCR_MODERATE_TEXT,text_present,PAGESTRUCT_CN_WAVE2_0.1
LTMD-CN4-G1982-VP072,LTMD-CN4-G1982,1982,4,72,3,90,88.83,0.1111,text_detected,,,,mixed_text_image,medium,OCR_MODERATE_TEXT,text_present,PAGESTRUCT_CN_WAVE2_0.1
LTMD-CN4-G1982-VP073,LTMD-CN4-G1982,1982,4,73,3,63,88.86,0.1111,text_detected,,,,mixed_text_image,medium,OCR_MODERATE_TEXT,text_present,PAGESTRUCT_CN_WAVE2_0.1
LTMD-CN4-G1982-VP074,LTMD-CN4-G1982,1982,4,74,3,179,91.01,0.0559,text_detected,,,,textual,high,OCR_TEXT_RICH,text_rich,PAGESTRUCT_CN_WAVE2_0.1
LTMD-CN4-G1982-VP075,LTMD-CN4-G1982,1982,4,75,3,88,89.63,0.0909,text_detected,,,,mixed_text_image,medium,OCR_MODERATE_TEXT,text_present,PAGESTRUCT_CN_WAVE2_0.1
LTMD-CN4-G1982-VP076,LTMD-CN4-G1982,1982,4,76,3,96,91.50,0.0521,text_detected,,,,mixed_text_image,medium,OCR_MODERATE_TEXT,text_present,PAGESTRUCT_CN_WAVE2_0.1
LTMD-CN4-G1982-VP077,LTMD-CN4-G1982,1982,4,77,3,12,57.75,0.4167,text_detected,,,,unknown,low,CONSERVATIVE_UNKNOWN,,PAGESTRUCT_CN_WAVE2_0.1
LTMD-CN4-G1982-VP078,LTMD-CN4-G1982,1982,4,78,3,57,87.99,0.1053,text_detected,,,,mixed_text_image,medium,OCR_MODERATE_TEXT,text_present,PAGESTRUCT_CN_WAVE2_0.1
LTMD-CN4-G1982-VP079,LTMD-CN4-G1982,1982,4,79,3,165,89.13,0.0727,text_detected,,,,textual,high,OCR_TEXT_RICH,text_rich,PAGESTRUCT_CN_WAVE2_0.1
LTMD-CN4-G1982-VP080,LTMD-CN4-G1982,1982,4,80,3,117,91.01,0.0598,text_detected,,,,mixed_text_image,medium,OCR_MODERATE_TEXT,text_present,PAGESTRUCT_CN_WAVE2_0.1
LTMD-CN4-G1982-VP081,LTMD-CN4-G1982,1982,4,81,3,111,89.83,0.0450,text_detected,,,,mixed_text_image,medium,OCR_MODERATE_TEXT,text_present,PAGESTRUCT_CN_WAVE2_0.1
LTMD-CN4-G1982-VP082,LTMD-CN4-G1982,1982,4,82,3,62,89.88,0.0484,text_detected,,,,mixed_text_image,medium,OCR_MODERATE_TEXT,text_present,PAGESTRUCT_CN_WAVE2_0.1
LTMD-CN4-G1982-VP083,LTMD-CN4-G1982,1982,4,83,3,108,87.97,0.0926,text_detected,,,,mixed_text_image,medium,OCR_MODERATE_TEXT,text_present,PAGESTRUCT_CN_WAVE2_0.1
LTMD-CN4-G1982-VP084,LTMD-CN4-G1982,1982,4,84,3,196,91.54,0.0408,text_detected,,,,textual,high,OCR_TEXT_RICH,text_rich,PAGESTRUCT_CN_WAVE2_0.1
LTMD-CN4-G1982-VP085,LTMD-CN4-G1982,1982,4,85,3,126,90.61,0.0556,text_detected,,,,textual,high,OCR_TEXT_RICH,text_rich,PAGESTRUCT_CN_WAVE2_0.1
LTMD-CN4-G1982-VP086,LTMD-CN4-G1982,1982,4,86,3,195,92.69,0.0256,text_detected,,,,textual,high,OCR_TEXT_RICH,text_rich,PAGESTRUCT_CN_WAVE2_0.1
LTMD-CN4-G1982-VP087,LTMD-CN4-G1982,1982,4,87,3,5,95.37,0.0000,text_detected,,,,mixed_text_image,low,OCR_SPARSE_HIGH_CONF,,PAGESTRUCT_CN_WAVE2_0.1
LTMD-CN4-G1982-VP088,LTMD-CN4-G1982,1982,4,88,6,18,41.17,0.7222,text_detected,,,,visual_only,medium,OCR_VISUAL_NOISE,fallback_psm;visual_noise,PAGESTRUCT_CN_WAVE2_0.1
LTMD-CN4-G1982-VP089,LTMD-CN4-G1982,1982,4,89,3,52,86.95,0.0962,text_detected,,,,mixed_text_image,medium,OCR_MODERATE_TEXT,text_present,PAGESTRUCT_CN_WAVE2_0.1
LTMD-CN4-G1982-VP090,LTMD-CN4-G1982,1982,4,90,3,35,83.39,0.0857,text_detected,,,,mixed_text_image,medium,OCR_MODERATE_TEXT,text_present,PAGESTRUCT_CN_WAVE2_0.1
LTMD-CN4-G1982-VP091,LTMD-CN4-G1982,1982,4,91,3,24,80.63,0.1667,text_detected,,,,mixed_text_image,medium,OCR_MODERATE_TEXT,text_present,PAGESTRUCT_CN_WAVE2_0.1
LTMD-CN4-G1982-VP092,LTMD-CN4-G1982,1982,4,92,3,54,85.47,0.1481,text_detected,,,,mixed_text_image,medium,OCR_MODERATE_TEXT,text_present,PAGESTRUCT_CN_WAVE2_0.1
LTMD-CN4-G1982-VP093,LTMD-CN4-G1982,1982,4,93,3,26,80.17,0.1538,text_detected,,,,mixed_text_image,medium,OCR_MODERATE_TEXT,text_present,PAGESTRUCT_CN_WAVE2_0.1
LTMD-CN4-G1982-VP094,LTMD-CN4-G1982,1982,4,94,3,87,87.08,0.0920,text_detected,,,,mixed_text_image,medium,OCR_MODERATE_TEXT,text_present,PAGESTRUCT_CN_WAVE2_0.1
LTMD-CN4-G1982-VP095,LTMD-CN4-G1982,1982,4,95,3,135,85.32,0.0963,text_detected,,,,textual,high,OCR_TEXT_RICH,text_rich,PAGESTRUCT_CN_WAVE2_0.1
LTMD-CN4-G1982-VP096,LTMD-CN4-G1982,1982,4,96,3,68,89.38,0.0441,text_detected,,,,mixed_text_image,medium,OCR_MODERATE_TEXT,text_present,PAGESTRUCT_CN_WAVE2_0.1
LTMD-CN4-G1982-VP097,LTMD-CN4-G1982,1982,4,97,3,8,83.82,0.1250,text_detected,,,,mixed_text_image,low,OCR_SPARSE_HIGH_CONF,,PAGESTRUCT_CN_WAVE2_0.1
LTMD-CN4-G1982-VP098,LTMD-CN4-G1982,1982,4,98,3,73,88.46,0.0685,text_detected,,,,mixed_text_image,medium,OCR_MODERATE_TEXT,text_present,PAGESTRUCT_CN_WAVE2_0.1
LTMD-CN4-G1982-VP099,LTMD-CN4-G1982,1982,4,99,3,70,88.18,0.0857,text_detected,,,,mixed_text_image,medium,OCR_MODERATE_TEXT,text_present,PAGESTRUCT_CN_WAVE2_0.1
LTMD-CN4-G1982-VP100,LTMD-CN4-G1982,1982,4,100,3,73,88.18,0.0822,text_detected,,,,mixed_text_image,medium,OCR_MODERATE_TEXT,text_present,PAGESTRUCT_CN_WAVE2_0.1
LTMD-CN4-G1982-VP101,LTMD-CN4-G1982,1982,4,101,3,48,92.81,0.0208,text_detected,,,,mixed_text_image,medium,OCR_MODERATE_TEXT,text_present,PAGESTRUCT_CN_WAVE2_0.1
LTMD-CN4-G1982-VP102,LTMD-CN4-G1982,1982,4,102,3,7,81.05,0.1429,text_detected,,,,mixed_text_image,low,OCR_SPARSE_HIGH_CONF,,PAGESTRUCT_CN_WAVE2_0.1
LTMD-CN4-G1982-VP103,LTMD-CN4-G1982,1982,4,103,3,23,83.12,0.1304,text_detected,,,,mixed_text_image,medium,OCR_MODERATE_TEXT,text_present,PAGESTRUCT_CN_WAVE2_0.1
LTMD-CN4-G1982-VP104,LTMD-CN4-G1982,1982,4,104,3,28,87.15,0.0714,text_detected,,,,mixed_text_image,medium,OCR_MODERATE_TEXT,text_present,PAGESTRUCT_CN_WAVE2_0.1
LTMD-CN4-G1982-VP105,LTMD-CN4-G1982,1982,4,105,3,9,70.19,0.3333,text_detected,,,,unknown,low,CONSERVATIVE_UNKNOWN,,PAGESTRUCT_CN_WAVE2_0.1
LTMD-CN4-G1982-VP106,LTMD-CN4-G1982,1982,4,106,3,68,89.86,0.0735,text_detected,,,,mixed_text_image,medium,OCR_MODERATE_TEXT,text_present,PAGESTRUCT_CN_WAVE2_0.1
LTMD-CN4-G1982-VP107,LTMD-CN4-G1982,1982,4,107,3,93,92.75,0.0323,text_detected,,,,mixed_text_image,medium,OCR_MODERATE_TEXT,text_present,PAGESTRUCT_CN_WAVE2_0.1
LTMD-CN4-G1982-VP108,LTMD-CN4-G1982,1982,4,108,3,168,89.30,0.0774,text_detected,,,,textual,high,OCR_TEXT_RICH,text_rich,PAGESTRUCT_CN_WAVE2_0.1
LTMD-CN4-G1982-VP109,LTMD-CN4-G1982,1982,4,109,3,85,91.39,0.0471,text_detected,,,,mixed_text_image,medium,OCR_MODERATE_TEXT,text_present,PAGESTRUCT_CN_WAVE2_0.1
LTMD-CN4-G1982-VP110,LTMD-CN4-G1982,1982,4,110,3,150,87.21,0.1000,text_detected,,,,textual,high,OCR_TEXT_RICH,text_rich,PAGESTRUCT_CN_WAVE2_0.1
LTMD-CN4-G1982-VP111,LTMD-CN4-G1982,1982,4,111,3,108,91.92,0.0463,text_detected,,,,mixed_text_image,medium,OCR_MODERATE_TEXT,text_present,PAGESTRUCT_CN_WAVE2_0.1
LTMD-CN4-G1982-VP112,LTMD-CN4-G1982,1982,4,112,3,89,89.01,0.0674,text_detected,,,,mixed_text_image,medium,OCR_MODERATE_TEXT,text_present,PAGESTRUCT_CN_WAVE2_0.1
LTMD-CN4-G1982-VP113,LTMD-CN4-G1982,1982,4,113,3,7,87.64,0.1429,text_detected,,,,mixed_text_image,low,OCR_SPARSE_HIGH_CONF,,PAGESTRUCT_CN_WAVE2_0.1
LTMD-CN4-G1982-VP114,LTMD-CN4-G1982,1982,4,114,3,112,89.01,0.0625,text_detected,,,,mixed_text_image,medium,OCR_MODERATE_TEXT,text_present,PAGESTRUCT_CN_WAVE2_0.1
LTMD-CN4-G1982-VP115,LTMD-CN4-G1982,1982,4,115,3,99,92.98,0.0303,text_detected,,,,mixed_text_image,medium,OCR_MODERATE_TEXT,text_present,PAGESTRUCT_CN_WAVE2_0.1
LTMD-CN4-G1982-VP116,LTMD-CN4-G1982,1982,4,116,3,106,89.84,0.0849,text_detected,,,,mixed_text_image,medium,OCR_MODERATE_TEXT,text_present,PAGESTRUCT_CN_WAVE2_0.1
LTMD-CN4-G1982-VP117,LTMD-CN4-G1982,1982,4,117,3,111,92.17,0.0450,text_detected,,,,mixed_text_image,medium,OCR_MODERATE_TEXT,text_present,PAGESTRUCT_CN_WAVE2_0.1
LTMD-CN4-G1982-VP118,LTMD-CN4-G1982,1982,4,118,3,42,92.17,0.0238,text_detected,,,,mixed_text_image,medium,OCR_MODERATE_TEXT,text_present,PAGESTRUCT_CN_WAVE2_0.1
LTMD-CN4-G1982-VP119,LTMD-CN4-G1982,1982,4,119,3,14,65.74,0.3571,text_detected,,,,unknown,low,CONSERVATIVE_UNKNOWN,,PAGESTRUCT_CN_WAVE2_0.1
LTMD-CN4-G1982-VP120,LTMD-CN4-G1982,1982,4,120,3,150,91.04,0.0533,text_detected,,,,textual,high,OCR_TEXT_RICH,text_rich,PAGESTRUCT_CN_WAVE2_0.1
LTMD-CN4-G1982-VP121,LTMD-CN4-G1982,1982,4,121,3,104,83.72,0.1346,text_detected,,,,mixed_text_image,medium,OCR_MODERATE_TEXT,text_present,PAGESTRUCT_CN_WAVE2_0.1
LTMD-CN4-G1982-VP122,LTMD-CN4-G1982,1982,4,122,3,27,69.68,0.2222,text_detected,,,,mixed_text_image,medium,OCR_MODERATE_TEXT,text_present,PAGESTRUCT_CN_WAVE2_0.1
LTMD-CN4-G1982-VP123,LTMD-CN4-G1982,1982,4,123,3,80,87.20,0.0875,text_detected,,,,mixed_text_image,medium,OCR_MODERATE_TEXT,text_present,PAGESTRUCT_CN_WAVE2_0.1
LTMD-CN4-G1982-VP124,LTMD-CN4-G1982,1982,4,124,3,79,90.87,0.0506,text_detected,,,,mixed_text_image,medium,OCR_MODERATE_TEXT,text_present,PAGESTRUCT_CN_WAVE2_0.1
LTMD-CN4-G1982-VP125,LTMD-CN4-G1982,1982,4,125,3,20,90.79,0.0500,text_detected,,,,mixed_text_image,medium,OCR_MODERATE_TEXT,text_present,PAGESTRUCT_CN_WAVE2_0.1
LTMD-CN4-G1982-VP126,LTMD-CN4-G1982,1982,4,126,3,6,89.58,0.1667,text_detected,,,,mixed_text_image,low,OCR_SPARSE_HIGH_CONF,,PAGESTRUCT_CN_WAVE2_0.1
LTMD-CN4-G1982-VP127,LTMD-CN4-G1982,1982,4,127,3,108,92.01,0.0370,text_detected,,,,mixed_text_image,medium,OCR_MODERATE_TEXT,text_present,PAGESTRUCT_CN_WAVE2_0.1
LTMD-CN4-G1982-VP128,LTMD-CN4-G1982,1982,4,128,3,115,90.54,0.0609,text_detected,,,,mixed_text_image,medium,OCR_MODERATE_TEXT,text_present,PAGESTRUCT_CN_WAVE2_0.1
LTMD-CN4-G1982-VP129,LTMD-CN4-G1982,1982,4,129,3,4,78.07,0.2500,text_detected,,,,mixed_text_image,low,OCR_SPARSE_HIGH_CONF,,PAGESTRUCT_CN_WAVE2_0.1
LTMD-CN4-G1982-VP130,LTMD-CN4-G1982,1982,4,130,3,96,92.17,0.0417,text_detected,,,,mixed_text_image,medium,OCR_MODERATE_TEXT,text_present,PAGESTRUCT_CN_WAVE2_0.1
LTMD-CN4-G1982-VP131,LTMD-CN4-G1982,1982,4,131,3,28,89.10,0.0714,text_detected,,,,mixed_text_image,medium,OCR_MODERATE_TEXT,text_present,PAGESTRUCT_CN_WAVE2_0.1
LTMD-CN4-G1982-VP132,LTMD-CN4-G1982,1982,4,132,3,47,84.51,0.1277,text_detected,,,,mixed_text_image,medium,OCR_MODERATE_TEXT,text_present,PAGESTRUCT_CN_WAVE2_0.1
LTMD-CN4-G1982-VP133,LTMD-CN4-G1982,1982,4,133,3,97,92.86,0.0206,text_detected,,,,mixed_text_image,medium,OCR_MODERATE_TEXT,text_present,PAGESTRUCT_CN_WAVE2_0.1
LTMD-CN4-G1982-VP134,LTMD-CN4-G1982,1982,4,134,3,138,89.39,0.0725,text_detected,,,,textual,high,OCR_TEXT_RICH,text_rich,PAGESTRUCT_CN_WAVE2_0.1
LTMD-CN4-G1982-VP135,LTMD-CN4-G1982,1982,4,135,3,125,90.63,0.0480,text_detected,,,,textual,high,OCR_TEXT_RICH,text_rich,PAGESTRUCT_CN_WAVE2_0.1
LTMD-CN4-G1982-VP136,LTMD-CN4-G1982,1982,4,136,3,103,84.50,0.1553,text_detected,,,,mixed_text_image,medium,OCR_MODERATE_TEXT,text_present,PAGESTRUCT_CN_WAVE2_0.1
LTMD-CN4-G1982-VP137,LTMD-CN4-G1982,1982,4,137,3,87,90.74,0.0575,text_detected,,,,mixed_text_image,medium,OCR_MODERATE_TEXT,text_present,PAGESTRUCT_CN_WAVE2_0.1
LTMD-CN4-G1982-VP138,LTMD-CN4-G1982,1982,4,138,3,105,91.06,0.0476,text_detected,,,,mixed_text_image,medium,OCR_MODERATE_TEXT,text_present,PAGESTRUCT_CN_WAVE2_0.1
LTMD-CN4-G1982-VP139,LTMD-CN4-G1982,1982,4,139,3,53,92.71,0.0189,text_detected,,,,mixed_text_image,medium,OCR_MODERATE_TEXT,text_present,PAGESTRUCT_CN_WAVE2_0.1
LTMD-CN4-G1982-VP140,LTMD-CN4-G1982,1982,4,140,3,152,92.15,0.0395,text_detected,,,,textual,high,OCR_TEXT_RICH,text_rich,PAGESTRUCT_CN_WAVE2_0.1
LTMD-CN4-G1982-VP141,LTMD-CN4-G1982,1982,4,141,3,146,90.00,0.0342,text_detected,,,,textual,high,OCR_TEXT_RICH,text_rich,PAGESTRUCT_CN_WAVE2_0.1
LTMD-CN4-G1982-VP142,LTMD-CN4-G1982,1982,4,142,3,95,89.95,0.0526,text_detected,,,,mixed_text_image,medium,OCR_MODERATE_TEXT,text_present,PAGESTRUCT_CN_WAVE2_0.1
LTMD-CN4-G1982-VP143,LTMD-CN4-G1982,1982,4,143,11,32,45.48,0.6875,text_detected,,,,visual_only,medium,OCR_VISUAL_NOISE,fallback_psm;visual_noise,PAGESTRUCT_CN_WAVE2_0.1
LTMD-CN4-G1982-VP144,LTMD-CN4-G1982,1982,4,144,3,60,89.69,0.0667,text_detected,,,,mixed_text_image,medium,OCR_MODERATE_TEXT,text_present,PAGESTRUCT_CN_WAVE2_0.1
LTMD-CN4-G1982-VP145,LTMD-CN4-G1982,1982,4,145,3,174,87.60,0.0805,text_detected,,,,textual,high,OCR_TEXT_RICH,text_rich,PAGESTRUCT_CN_WAVE2_0.1
LTMD-CN4-G1982-VP146,LTMD-CN4-G1982,1982,4,146,3,103,90.35,0.0583,text_detected,,,,mixed_text_image,medium,OCR_MODERATE_TEXT,text_present,PAGESTRUCT_CN_WAVE2_0.1
LTMD-CN4-G1982-VP147,LTMD-CN4-G1982,1982,4,147,3,46,89.02,0.0870,text_detected,,,,mixed_text_image,medium,OCR_MODERATE_TEXT,text_present,PAGESTRUCT_CN_WAVE2_0.1
LTMD-CN4-G1982-VP148,LTMD-CN4-G1982,1982,4,148,3,36,90.98,0.0556,text_detected,,,,mixed_text_image,medium,OCR_MODERATE_TEXT,text_present,PAGESTRUCT_CN_WAVE2_0.1
LTMD-CN4-G1982-VP149,LTMD-CN4-G1982,1982,4,149,3,73,88.78,0.0822,text_detected,,,,mixed_text_image,medium,OCR_MODERATE_TEXT,text_present,PAGESTRUCT_CN_WAVE2_0.1
LTMD-CN4-G1982-VP150,LTMD-CN4-G1982,1982,4,150,3,95,86.40,0.1158,text_detected,,,,mixed_text_image,medium,OCR_MODERATE_TEXT,text_present,PAGESTRUCT_CN_WAVE2_0.1
LTMD-CN4-G1982-VP151,LTMD-CN4-G1982,1982,4,151,3,77,89.79,0.0649,text_detected,,,,mixed_text_image,medium,OCR_MODERATE_TEXT,text_present,PAGESTRUCT_CN_WAVE2_0.1
LTMD-CN4-G1982-VP152,LTMD-CN4-G1982,1982,4,152,3,119,91.48,0.0504,text_detected,,,,mixed_text_image,medium,OCR_MODERATE_TEXT,text_present,PAGESTRUCT_CN_WAVE2_0.1
LTMD-CN4-G1982-VP153,LTMD-CN4-G1982,1982,4,153,3,6,71.07,0.3333,text_detected,,,,unknown,low,CONSERVATIVE_UNKNOWN,,PAGESTRUCT_CN_WAVE2_0.1
LTMD-CN4-G1982-VP154,LTMD-CN4-G1982,1982,4,154,3,62,87.41,0.0968,text_detected,,,,mixed_text_image,medium,OCR_MODERATE_TEXT,text_present,PAGESTRUCT_CN_WAVE2_0.1
LTMD-CN4-G1982-VP155,LTMD-CN4-G1982,1982,4,155,3,106,86.08,0.0755,text_detected,,,,mixed_text_image,medium,OCR_MODERATE_TEXT,text_present,PAGESTRUCT_CN_WAVE2_0.1
LTMD-CN4-G1982-VP156,LTMD-CN4-G1982,1982,4,156,3,111,86.15,0.1081,text_detected,,,,mixed_text_image,medium,OCR_MODERATE_TEXT,text_present,PAGESTRUCT_CN_WAVE2_0.1
LTMD-CN4-G1982-VP157,LTMD-CN4-G1982,1982,4,157,3,71,90.75,0.0141,text_detected,,,,mixed_text_image,medium,OCR_MODERATE_TEXT,text_present,PAGESTRUCT_CN_WAVE2_0.1
LTMD-CN4-G1982-VP158,LTMD-CN4-G1982,1982,4,158,3,86,92.47,0.0233,text_detected,,,,mixed_text_image,medium,OCR_MODERATE_TEXT,text_present,PAGESTRUCT_CN_WAVE2_0.1
LTMD-CN4-G1982-VP159,LTMD-CN4-G1982,1982,4,159,3,44,79.87,0.1591,text_detected,,,,mixed_text_image,medium,OCR_MODERATE_TEXT,text_present,PAGESTRUCT_CN_WAVE2_0.1
LTMD-CN4-G1982-VP160,LTMD-CN4-G1982,1982,4,160,3,117,86.04,0.1111,text_detected,,,,mixed_text_image,medium,OCR_MODERATE_TEXT,text_present,PAGESTRUCT_CN_WAVE2_0.1
LTMD-CN4-G1982-VP161,LTMD-CN4-G1982,1982,4,161,3,122,88.43,0.0738,text_detected,,,,textual,high,OCR_TEXT_RICH,text_rich,PAGESTRUCT_CN_WAVE2_0.1
LTMD-CN4-G1982-VP162,LTMD-CN4-G1982,1982,4,162,3,167,90.01,0.0479,text_detected,,,,textual,high,OCR_TEXT_RICH,text_rich,PAGESTRUCT_CN_WAVE2_0.1
LTMD-CN4-G1982-VP163,LTMD-CN4-G1982,1982,4,163,3,23,46.05,0.6522,text_detected,,,,unknown,low,CONSERVATIVE_UNKNOWN,,PAGESTRUCT_CN_WAVE2_0.1
LTMD-CN4-G1982-VP164,LTMD-CN4-G1982,1982,4,164,3,27,91.96,0.0370,text_detected,,,,mixed_text_image,medium,OCR_MODERATE_TEXT,text_present,PAGESTRUCT_CN_WAVE2_0.1
LTMD-CN4-G1982-VP165,LTMD-CN4-G1982,1982,4,165,3,28,88.47,0.0714,text_detected,,,,mixed_text_image,medium,OCR_MODERATE_TEXT,text_present,PAGESTRUCT_CN_WAVE2_0.1
LTMD-CN4-G1982-VP166,LTMD-CN4-G1982,1982,4,166,3,1,73.48,0.0000,text_detected,,,,unknown,low,CONSERVATIVE_UNKNOWN,,PAGESTRUCT_CN_WAVE2_0.1
LTMD-CN4-G1982-VP167,LTMD-CN4-G1982,1982,4,167,3,42,89.04,0.0000,text_detected,,,,mixed_text_image,medium,OCR_MODERATE_TEXT,text_present,PAGESTRUCT_CN_WAVE2_0.1
LTMD-CN4-G1982-VP168,LTMD-CN4-G1982,1982,4,168,3,78,86.61,0.1026,text_detected,,,,mixed_text_image,medium,OCR_MODERATE_TEXT,text_present,PAGESTRUCT_CN_WAVE2_0.1
LTMD-CN4-G1982-VP169,LTMD-CN4-G1982,1982,4,169,3,75,79.67,0.2267,text_detected,,,,mixed_text_image,medium,OCR_MODERATE_TEXT,text_present,PAGESTRUCT_CN_WAVE2_0.1
LTMD-CN4-G1982-VP170,LTMD-CN4-G1982,1982,4,170,3,128,87.47,0.0938,text_detected,,,,textual,high,OCR_TEXT_RICH,text_rich,PAGESTRUCT_CN_WAVE2_0.1
LTMD-CN4-G1982-VP171,LTMD-CN4-G1982,1982,4,171,3,101,91.19,0.0396,text_detected,,,,mixed_text_image,medium,OCR_MODERATE_TEXT,text_present,PAGESTRUCT_CN_WAVE2_0.1
LTMD-CN4-G1982-VP172,LTMD-CN4-G1982,1982,4,172,3,148,90.95,0.0473,text_detected,,,,textual,high,OCR_TEXT_RICH,text_rich,PAGESTRUCT_CN_WAVE2_0.1
LTMD-CN4-G1982-VP173,LTMD-CN4-G1982,1982,4,173,3,10,83.94,0.1000,text_detected,,,,mixed_text_image,low,OCR_SPARSE_HIGH_CONF,,PAGESTRUCT_CN_WAVE2_0.1
LTMD-CN4-G1982-VP174,LTMD-CN4-G1982,1982,4,174,3,196,91.20,0.0204,text_detected,,,,textual,high,OCR_TEXT_RICH,text_rich,PAGESTRUCT_CN_WAVE2_0.1
LTMD-CN4-G1982-VP175,LTMD-CN4-G1982,1982,4,175,11,129,38.68,0.7907,text_detected,,,,visual_only,medium,OCR_VISUAL_NOISE,fallback_psm;visual_noise,PAGESTRUCT_CN_WAVE2_0.1
LTMD-CN4-G1982-VP176,LTMD-CN4-G1982,1982,4,176,3,171,86.25,0.1228,text_detected,,,,textual,high,OCR_TEXT_RICH,text_rich,PAGESTRUCT_CN_WAVE2_0.1
LTMD-CN4-G1982-VP177,LTMD-CN4-G1982,1982,4,177,3,132,89.81,0.0530,text_detected,,,,textual,high,OCR_TEXT_RICH,text_rich,PAGESTRUCT_CN_WAVE2_0.1
LTMD-CN4-G1982-VP178,LTMD-CN4-G1982,1982,4,178,3,108,90.89,0.0463,text_detected,,,,mixed_text_image,medium,OCR_MODERATE_TEXT,text_present,PAGESTRUCT_CN_WAVE2_0.1
LTMD-CN4-G1982-VP179,LTMD-CN4-G1982,1982,4,179,3,85,81.79,0.1765,text_detected,,,,mixed_text_image,medium,OCR_MODERATE_TEXT,text_present,PAGESTRUCT_CN_WAVE2_0.1
LTMD-CN4-G1982-VP180,LTMD-CN4-G1982,1982,4,180,3,193,90.47,0.0363,text_detected,,,,textual,high,OCR_TEXT_RICH,text_rich,PAGESTRUCT_CN_WAVE2_0.1
LTMD-CN4-G1982-VP181,LTMD-CN4-G1982,1982,4,181,3,173,82.88,0.1618,text_detected,,,,textual,high,OCR_TEXT_RICH,text_rich,PAGESTRUCT_CN_WAVE2_0.1
LTMD-CN4-G1982-VP182,LTMD-CN4-G1982,1982,4,182,3,108,75.67,0.2407,text_detected,,,,mixed_text_image,medium,OCR_MODERATE_TEXT,text_present,PAGESTRUCT_CN_WAVE2_0.1
LTMD-CN4-G1982-VP183,LTMD-CN4-G1982,1982,4,183,3,6,94.18,0.0000,text_detected,,,,mixed_text_image,low,OCR_SPARSE_HIGH_CONF,,PAGESTRUCT_CN_WAVE2_0.1
LTMD-CN4-G1982-VP184,LTMD-CN4-G1982,1982,4,184,3,205,90.75,0.0439,text_detected,,,,textual,high,OCR_TEXT_RICH,text_rich,PAGESTRUCT_CN_WAVE2_0.1
LTMD-CN4-G1982-VP185,LTMD-CN4-G1982,1982,4,185,3,1,73.99,0.0000,text_detected,,,,unknown,low,CONSERVATIVE_UNKNOWN,,PAGESTRUCT_CN_WAVE2_0.1
LTMD-CN4-G1982-VP186,LTMD-CN4-G1982,1982,4,186,3,158,91.21,0.0570,text_detected,,,,textual,high,OCR_TEXT_RICH,text_rich,PAGESTRUCT_CN_WAVE2_0.1
LTMD-CN4-G1982-VP187,LTMD-CN4-G1982,1982,4,187,3,158,87.43,0.0696,text_detected,,,,textual,high,OCR_TEXT_RICH,text_rich,PAGESTRUCT_CN_WAVE2_0.1
LTMD-CN4-G1982-VP188,LTMD-CN4-G1982,1982,4,188,3,94,83.25,0.1383,text_detected,,,,mixed_text_image,medium,OCR_MODERATE_TEXT,text_present,PAGESTRUCT_CN_WAVE2_0.1
LTMD-CN4-G1982-VP189,LTMD-CN4-G1982,1982,4,189,3,110,90.28,0.0455,text_detected,,,,mixed_text_image,medium,OCR_MODERATE_TEXT,text_present,PAGESTRUCT_CN_WAVE2_0.1
LTMD-CN4-G1982-VP190,LTMD-CN4-G1982,1982,4,190,3,57,93.25,0.0175,text_detected,,,,mixed_text_image,medium,OCR_MODERATE_TEXT,text_present,PAGESTRUCT_CN_WAVE2_0.1
LTMD-CN4-G1982-VP191,LTMD-CN4-G1982,1982,4,191,3,33,83.98,0.1818,text_detected,,,,mixed_text_image,medium,OCR_MODERATE_TEXT,text_present,PAGESTRUCT_CN_WAVE2_0.1
LTMD-CN4-G1982-VP192,LTMD-CN4-G1982,1982,4,192,3,119,92.03,0.0420,text_detected,,,,mixed_text_image,medium,OCR_MODERATE_TEXT,text_present,PAGESTRUCT_CN_WAVE2_0.1
LTMD-CN4-G1982-VP193,LTMD-CN4-G1982,1982,4,193,3,10,76.47,0.2000,text_detected,,,,mixed_text_image,low,OCR_SPARSE_HIGH_CONF,,PAGESTRUCT_CN_WAVE2_0.1
LTMD-CN4-G1982-VP194,LTMD-CN4-G1982,1982,4,194,3,111,89.34,0.0721,text_detected,,,,mixed_text_image,medium,OCR_MODERATE_TEXT,text_present,PAGESTRUCT_CN_WAVE2_0.1
LTMD-CN4-G1982-VP195,LTMD-CN4-G1982,1982,4,195,3,89,89.80,0.0787,text_detected,,,,mixed_text_image,medium,OCR_MODERATE_TEXT,text_present,PAGESTRUCT_CN_WAVE2_0.1
LTMD-CN4-G1982-VP196,LTMD-CN4-G1982,1982,4,196,3,90,89.81,0.0889,text_detected,,,,mixed_text_image,medium,OCR_MODERATE_TEXT,text_present,PAGESTRUCT_CN_WAVE2_0.1
LTMD-CN4-G1982-VP197,LTMD-CN4-G1982,1982,4,197,3,71,91.75,0.0282,text_detected,,,,mixed_text_image,medium,OCR_MODERATE_TEXT,text_present,PAGESTRUCT_CN_WAVE2_0.1
LTMD-CN4-G1982-VP198,LTMD-CN4-G1982,1982,4,198,3,157,89.02,0.0637,text_detected,,,,textual,high,OCR_TEXT_RICH,text_rich,PAGESTRUCT_CN_WAVE2_0.1
LTMD-CN4-G1982-VP199,LTMD-CN4-G1982,1982,4,199,3,29,83.97,0.1379,text_detected,0,0,0,mixed_text_image,medium,OCR_MODERATE_TEXT,end_zone;text_present,PAGESTRUCT_CN_WAVE2_0.1
LTMD-CN4-G1982-VP200,LTMD-CN4-G1982,1982,4,200,3,21,93.87,0.0476,text_detected,0,0,0,mixed_text_image,medium,OCR_MODERATE_TEXT,end_zone;text_present,PAGESTRUCT_CN_WAVE2_0.1
LTMD-CN4-G1982-VP201,LTMD-CN4-G1982,1982,4,201,3,36,87.73,0.0556,text_detected,0,0,0,mixed_text_image,medium,OCR_MODERATE_TEXT,end_zone;text_present,PAGESTRUCT_CN_WAVE2_0.1
LTMD-CN4-G1982-VP202,LTMD-CN4-G1982,1982,4,202,3,74,84.16,0.1351,text_detected,0,0,0,mixed_text_image,medium,OCR_MODERATE_TEXT,end_zone;text_present,PAGESTRUCT_CN_WAVE2_0.1
LTMD-CN4-G1982-VP203,LTMD-CN4-G1982,1982,4,203,6,21,33.94,0.8571,text_detected,0,0,0,visual_only,high,OCR_VISUAL_NOISE,end_zone;fallback_psm;visual_noise,PAGESTRUCT_CN_WAVE2_0.1
LTMD-CN4-G1982-VP204,LTMD-CN4-G1982,1982,4,204,3,67,90.61,0.0746,text_detected,0,0,0,mixed_text_image,medium,OCR_MODERATE_TEXT,end_zone;text_present,PAGESTRUCT_CN_WAVE2_0.1
LTMD-CN4-G1982-VP205,LTMD-CN4-G1982,1982,4,205,3,22,95.27,0.0000,text_detected,0,0,0,mixed_text_image,medium,OCR_MODERATE_TEXT,end_zone;text_present,PAGESTRUCT_CN_WAVE2_0.1
LTMD-CN4-G1982-VP206,LTMD-CN4-G1982,1982,4,206,3,75,90.15,0.0533,text_detected,0,0,0,mixed_text_image,medium,OCR_MODERATE_TEXT,end_zone;text_present,PAGESTRUCT_CN_WAVE2_0.1
LTMD-CN4-G1982-VP207,LTMD-CN4-G1982,1982,4,207,3,112,83.85,0.1250,text_detected,0,0,0,mixed_text_image,medium,OCR_MODERATE_TEXT,end_zone;text_present,PAGESTRUCT_CN_WAVE2_0.1
LTMD-CN4-G1982-VP208,LTMD-CN4-G1982,1982,4,208,3,49,86.49,0.0816,text_detected,0,0,0,mixed_text_image,medium,OCR_MODERATE_TEXT,end_zone;text_present,PAGESTRUCT_CN_WAVE2_0.1
LTMD-CN4-G1982-VP209,LTMD-CN4-G1982,1982,4,209,3,80,88.44,0.0625,text_detected,0,0,0,mixed_text_image,medium,OCR_MODERATE_TEXT,end_zone;text_present,PAGESTRUCT_CN_WAVE2_0.1
LTMD-CN4-G1982-VP210,LTMD-CN4-G1982,1982,4,210,3,78,86.64,0.0641,text_detected,0,0,0,mixed_text_image,medium,OCR_MODERATE_TEXT,end_zone;text_present,PAGESTRUCT_CN_WAVE2_0.1
LTMD-CN4-G1982-VP211,LTMD-CN4-G1982,1982,4,211,3,109,84.84,0.1101,text_detected,0,0,0,mixed_text_image,medium,OCR_MODERATE_TEXT,end_zone;text_present,PAGESTRUCT_CN_WAVE2_0.1
LTMD-CN4-G1982-VP212,LTMD-CN4-G1982,1982,4,212,3,57,84.70,0.0702,text_detected,0,0,0,mixed_text_image,medium,OCR_MODERATE_TEXT,end_zone;text_present,PAGESTRUCT_CN_WAVE2_0.1
LTMD-CN4-G1982-VP213,LTMD-CN4-G1982,1982,4,213,3,126,85.82,0.0794,text_detected,0,0,0,textual,high,OCR_TEXT_RICH,end_zone;text_rich,PAGESTRUCT_CN_WAVE2_0.1
LTMD-CN4-G1982-VP214,LTMD-CN4-G1982,1982,4,214,11,6,31.38,0.8333,text_detected,0,0,0,visual_only,high,OCR_VISUAL_NOISE,end_zone;fallback_psm;visual_noise,PAGESTRUCT_CN_WAVE2_0.1
LTMD-CN4-G2011-VP001,LTMD-CN4-G2011,2011,4,1,3,4,92.64,0.0000,text_detected,0,0,0,mixed_text_image,low,OCR_SPARSE_HIGH_CONF,front_zone,PAGESTRUCT_CN_WAVE2_0.1
LTMD-CN4-G2011-VP002,LTMD-CN4-G2011,2011,4,2,3,223,70.35,0.3004,text_detected,0,0,7,bibliography_or_credits,high,KW_BIBLIO_CREDITS,front_zone;text_present;biblio_credit_kw,PAGESTRUCT_CN_WAVE2_0.1
LTMD-CN4-G2011-VP003,LTMD-CN4-G2011,2011,4,3,3,270,94.21,0.0000,text_detected,1,1,1,bibliography_or_credits,medium,KW_BIBLIO_CREDITS,front_zone;text_rich;front_kw;nav_kw;biblio_credit_kw,PAGESTRUCT_CN_WAVE2_0.1
LTMD-CN4-G2011-VP004,LTMD-CN4-G2011,2011,4,4,3,162,86.52,0.0741,text_detected,1,3,0,toc_or_navigation,high,KW_NAVIGATION,front_zone;text_rich;front_kw;nav_kw,PAGESTRUCT_CN_WAVE2_0.1
LTMD-CN4-G2011-VP005,LTMD-CN4-G2011,2011,4,5,3,174,88.68,0.0517,text_detected,2,3,0,toc_or_navigation,high,KW_NAVIGATION,front_zone;text_rich;front_kw;nav_kw,PAGESTRUCT_CN_WAVE2_0.1
LTMD-CN4-G2011-VP006,LTMD-CN4-G2011,2011,4,6,3,173,78.82,0.2370,text_detected,2,2,0,toc_or_navigation,high,KW_NAVIGATION,front_zone;text_rich;front_kw;nav_kw,PAGESTRUCT_CN_WAVE2_0.1
LTMD-CN4-G2011-VP007,LTMD-CN4-G2011,2011,4,7,3,121,78.74,0.2314,text_detected,0,2,2,bibliography_or_credits,high,KW_BIBLIO_CREDITS,front_zone;text_rich;nav_kw;biblio_credit_kw,PAGESTRUCT_CN_WAVE2_0.1
LTMD-CN4-G2011-VP008,LTMD-CN4-G2011,2011,4,8,11,15,39.93,0.8000,text_detected,0,0,0,visual_only,high,OCR_VISUAL_NOISE,front_zone;fallback_psm;visual_noise,PAGESTRUCT_CN_WAVE2_0.1
LTMD-CN4-G2011-VP009,LTMD-CN4-G2011,2011,4,9,3,17,74.54,0.2941,text_detected,0,0,0,unknown,low,CONSERVATIVE_UNKNOWN,front_zone,PAGESTRUCT_CN_WAVE2_0.1
LTMD-CN4-G2011-VP010,LTMD-CN4-G2011,2011,4,10,6,72,29.90,0.9167,text_detected,0,0,0,visual_only,high,OCR_VISUAL_NOISE,front_zone;fallback_psm;visual_noise,PAGESTRUCT_CN_WAVE2_0.1
LTMD-CN4-G2011-VP011,LTMD-CN4-G2011,2011,4,11,3,144,83.92,0.1736,text_detected,0,1,0,toc_or_navigation,medium,KW_NAVIGATION,front_zone;text_rich;nav_kw,PAGESTRUCT_CN_WAVE2_0.1
LTMD-CN4-G2011-VP012,LTMD-CN4-G2011,2011,4,12,3,64,89.83,0.0469,text_detected,0,1,0,toc_or_navigation,medium,KW_NAVIGATION,front_zone;text_present;nav_kw,PAGESTRUCT_CN_WAVE2_0.1
LTMD-CN4-G2011-VP013,LTMD-CN4-G2011,2011,4,13,3,159,85.54,0.1069,text_detected,0,0,0,textual,high,OCR_TEXT_RICH,front_zone;text_rich,PAGESTRUCT_CN_WAVE2_0.1
LTMD-CN4-G2011-VP014,LTMD-CN4-G2011,2011,4,14,3,237,90.55,0.0506,text_detected,0,2,0,toc_or_navigation,high,KW_NAVIGATION,front_zone;text_rich;nav_kw,PAGESTRUCT_CN_WAVE2_0.1
LTMD-CN4-G2011-VP015,LTMD-CN4-G2011,2011,4,15,3,235,87.96,0.0723,text_detected,0,2,0,toc_or_navigation,high,KW_NAVIGATION,front_zone;text_rich;nav_kw,PAGESTRUCT_CN_WAVE2_0.1
LTMD-CN4-G2011-VP016,LTMD-CN4-G2011,2011,4,16,3,129,90.92,0.0543,text_detected,0,1,0,toc_or_navigation,medium,KW_NAVIGATION,front_zone;text_rich;nav_kw,PAGESTRUCT_CN_WAVE2_0.1
LTMD-CN4-G2011-VP017,LTMD-CN4-G2011,2011,4,17,3,40,84.51,0.1250,text_detected,,,,mixed_text_image,medium,OCR_MODERATE_TEXT,text_present,PAGESTRUCT_CN_WAVE2_0.1
LTMD-CN4-G2011-VP018,LTMD-CN4-G2011,2011,4,18,3,247,93.38,0.0202,text_detected,,,,textual,high,OCR_TEXT_RICH,text_rich,PAGESTRUCT_CN_WAVE2_0.1
LTMD-CN4-G2011-VP019,LTMD-CN4-G2011,2011,4,19,3,153,93.16,0.0261,text_detected,,,,textual,high,OCR_TEXT_RICH,text_rich,PAGESTRUCT_CN_WAVE2_0.1
LTMD-CN4-G2011-VP020,LTMD-CN4-G2011,2011,4,20,3,186,90.81,0.0645,text_detected,,,,textual,high,OCR_TEXT_RICH,text_rich,PAGESTRUCT_CN_WAVE2_0.1
LTMD-CN4-G2011-VP021,LTMD-CN4-G2011,2011,4,21,3,233,92.78,0.0215,text_detected,,,,textual,high,OCR_TEXT_RICH,text_rich,PAGESTRUCT_CN_WAVE2_0.1
LTMD-CN4-G2011-VP022,LTMD-CN4-G2011,2011,4,22,3,225,92.91,0.0267,text_detected,,,,textual,high,OCR_TEXT_RICH,text_rich,PAGESTRUCT_CN_WAVE2_0.1
LTMD-CN4-G2011-VP023,LTMD-CN4-G2011,2011,4,23,3,119,79.79,0.1429,text_detected,,,,mixed_text_image,medium,OCR_MODERATE_TEXT,text_present,PAGESTRUCT_CN_WAVE2_0.1
LTMD-CN4-G2011-VP024,LTMD-CN4-G2011,2011,4,24,3,230,90.86,0.0565,text_detected,,,,textual,high,OCR_TEXT_RICH,text_rich,PAGESTRUCT_CN_WAVE2_0.1
LTMD-CN4-G2011-VP025,LTMD-CN4-G2011,2011,4,25,3,43,94.06,0.0000,text_detected,,,,mixed_text_image,medium,OCR_MODERATE_TEXT,text_present,PAGESTRUCT_CN_WAVE2_0.1
LTMD-CN4-G2011-VP026,LTMD-CN4-G2011,2011,4,26,3,231,90.02,0.0606,text_detected,,,,textual,high,OCR_TEXT_RICH,text_rich,PAGESTRUCT_CN_WAVE2_0.1
LTMD-CN4-G2011-VP027,LTMD-CN4-G2011,2011,4,27,3,242,84.61,0.1405,text_detected,,,,textual,high,OCR_TEXT_RICH,text_rich,PAGESTRUCT_CN_WAVE2_0.1
LTMD-CN4-G2011-VP028,LTMD-CN4-G2011,2011,4,28,3,118,93.01,0.0254,text_detected,,,,mixed_text_image,medium,OCR_MODERATE_TEXT,text_present,PAGESTRUCT_CN_WAVE2_0.1
LTMD-CN4-G2011-VP029,LTMD-CN4-G2011,2011,4,29,3,290,92.81,0.0379,text_detected,,,,textual,high,OCR_TEXT_RICH,text_rich,PAGESTRUCT_CN_WAVE2_0.1
LTMD-CN4-G2011-VP030,LTMD-CN4-G2011,2011,4,30,3,241,91.89,0.0207,text_detected,,,,textual,high,OCR_TEXT_RICH,text_rich,PAGESTRUCT_CN_WAVE2_0.1
LTMD-CN4-G2011-VP031,LTMD-CN4-G2011,2011,4,31,3,183,89.80,0.0219,text_detected,,,,textual,high,OCR_TEXT_RICH,text_rich,PAGESTRUCT_CN_WAVE2_0.1
LTMD-CN4-G2011-VP032,LTMD-CN4-G2011,2011,4,32,3,191,92.48,0.0419,text_detected,,,,textual,high,OCR_TEXT_RICH,text_rich,PAGESTRUCT_CN_WAVE2_0.1
LTMD-CN4-G2011-VP033,LTMD-CN4-G2011,2011,4,33,3,184,91.01,0.0435,text_detected,,,,textual,high,OCR_TEXT_RICH,text_rich,PAGESTRUCT_CN_WAVE2_0.1
LTMD-CN4-G2011-VP034,LTMD-CN4-G2011,2011,4,34,3,127,88.09,0.0787,text_detected,,,,textual,high,OCR_TEXT_RICH,text_rich,PAGESTRUCT_CN_WAVE2_0.1
LTMD-CN4-G2011-VP035,LTMD-CN4-G2011,2011,4,35,3,110,74.42,0.2182,text_detected,,,,mixed_text_image,medium,OCR_MODERATE_TEXT,text_present,PAGESTRUCT_CN_WAVE2_0.1
LTMD-CN4-G2011-VP036,LTMD-CN4-G2011,2011,4,36,3,252,88.21,0.0833,text_detected,,,,textual,high,OCR_TEXT_RICH,text_rich,PAGESTRUCT_CN_WAVE2_0.1
LTMD-CN4-G2011-VP037,LTMD-CN4-G2011,2011,4,37,3,340,90.81,0.0324,text_detected,,,,textual,high,OCR_TEXT_RICH,text_rich,PAGESTRUCT_CN_WAVE2_0.1
LTMD-CN4-G2011-VP038,LTMD-CN4-G2011,2011,4,38,3,192,92.03,0.0260,text_detected,,,,textual,high,OCR_TEXT_RICH,text_rich,PAGESTRUCT_CN_WAVE2_0.1
LTMD-CN4-G2011-VP039,LTMD-CN4-G2011,2011,4,39,3,174,90.87,0.0402,text_detected,,,,textual,high,OCR_TEXT_RICH,text_rich,PAGESTRUCT_CN_WAVE2_0.1
LTMD-CN4-G2011-VP040,LTMD-CN4-G2011,2011,4,40,6,61,34.58,0.9508,text_detected,,,,visual_only,high,OCR_VISUAL_NOISE,fallback_psm;visual_noise,PAGESTRUCT_CN_WAVE2_0.1
LTMD-CN4-G2011-VP041,LTMD-CN4-G2011,2011,4,41,3,8,87.80,0.1250,text_detected,,,,mixed_text_image,low,OCR_SPARSE_HIGH_CONF,,PAGESTRUCT_CN_WAVE2_0.1
LTMD-CN4-G2011-VP042,LTMD-CN4-G2011,2011,4,42,6,80,22.41,0.9875,text_detected,,,,visual_only,high,OCR_VISUAL_NOISE,fallback_psm;visual_noise,PAGESTRUCT_CN_WAVE2_0.1
LTMD-CN4-G2011-VP043,LTMD-CN4-G2011,2011,4,43,3,117,84.71,0.1197,text_detected,,,,mixed_text_image,medium,OCR_MODERATE_TEXT,text_present,PAGESTRUCT_CN_WAVE2_0.1
LTMD-CN4-G2011-VP044,LTMD-CN4-G2011,2011,4,44,3,285,87.78,0.0772,text_detected,,,,textual,high,OCR_TEXT_RICH,text_rich,PAGESTRUCT_CN_WAVE2_0.1
LTMD-CN4-G2011-VP045,LTMD-CN4-G2011,2011,4,45,3,267,91.60,0.0375,text_detected,,,,textual,high,OCR_TEXT_RICH,text_rich,PAGESTRUCT_CN_WAVE2_0.1
LTMD-CN4-G2011-VP046,LTMD-CN4-G2011,2011,4,46,3,126,82.56,0.1508,text_detected,,,,textual,high,OCR_TEXT_RICH,text_rich,PAGESTRUCT_CN_WAVE2_0.1
LTMD-CN4-G2011-VP047,LTMD-CN4-G2011,2011,4,47,3,296,91.63,0.0236,text_detected,,,,textual,high,OCR_TEXT_RICH,text_rich,PAGESTRUCT_CN_WAVE2_0.1
LTMD-CN4-G2011-VP048,LTMD-CN4-G2011,2011,4,48,3,174,87.24,0.0805,text_detected,,,,textual,high,OCR_TEXT_RICH,text_rich,PAGESTRUCT_CN_WAVE2_0.1
LTMD-CN4-G2011-VP049,LTMD-CN4-G2011,2011,4,49,3,307,92.29,0.0358,text_detected,,,,textual,high,OCR_TEXT_RICH,text_rich,PAGESTRUCT_CN_WAVE2_0.1
LTMD-CN4-G2011-VP050,LTMD-CN4-G2011,2011,4,50,3,171,88.39,0.0760,text_detected,,,,textual,high,OCR_TEXT_RICH,text_rich,PAGESTRUCT_CN_WAVE2_0.1
LTMD-CN4-G2011-VP051,LTMD-CN4-G2011,2011,4,51,3,97,94.91,0.0000,text_detected,,,,mixed_text_image,medium,OCR_MODERATE_TEXT,text_present,PAGESTRUCT_CN_WAVE2_0.1
LTMD-CN4-G2011-VP052,LTMD-CN4-G2011,2011,4,52,3,154,88.46,0.0714,text_detected,,,,textual,high,OCR_TEXT_RICH,text_rich,PAGESTRUCT_CN_WAVE2_0.1
LTMD-CN4-G2011-VP053,LTMD-CN4-G2011,2011,4,53,3,177,88.27,0.0734,text_detected,,,,textual,high,OCR_TEXT_RICH,text_rich,PAGESTRUCT_CN_WAVE2_0.1
LTMD-CN4-G2011-VP054,LTMD-CN4-G2011,2011,4,54,3,107,83.24,0.1121,text_detected,,,,mixed_text_image,medium,OCR_MODERATE_TEXT,text_present,PAGESTRUCT_CN_WAVE2_0.1
LTMD-CN4-G2011-VP055,LTMD-CN4-G2011,2011,4,55,3,479,90.85,0.0355,text_detected,,,,textual,high,OCR_TEXT_RICH,text_rich,PAGESTRUCT_CN_WAVE2_0.1
LTMD-CN4-G2011-VP056,LTMD-CN4-G2011,2011,4,56,3,471,91.64,0.0297,text_detected,,,,textual,high,OCR_TEXT_RICH,text_rich,PAGESTRUCT_CN_WAVE2_0.1
LTMD-CN4-G2011-VP057,LTMD-CN4-G2011,2011,4,57,3,152,91.36,0.0461,text_detected,,,,textual,high,OCR_TEXT_RICH,text_rich,PAGESTRUCT_CN_WAVE2_0.1
LTMD-CN4-G2011-VP058,LTMD-CN4-G2011,2011,4,58,3,133,90.90,0.0376,text_detected,,,,textual,high,OCR_TEXT_RICH,text_rich,PAGESTRUCT_CN_WAVE2_0.1
LTMD-CN4-G2011-VP059,LTMD-CN4-G2011,2011,4,59,3,293,89.32,0.0683,text_detected,,,,textual,high,OCR_TEXT_RICH,text_rich,PAGESTRUCT_CN_WAVE2_0.1
LTMD-CN4-G2011-VP060,LTMD-CN4-G2011,2011,4,60,3,138,93.71,0.0072,text_detected,,,,textual,high,OCR_TEXT_RICH,text_rich,PAGESTRUCT_CN_WAVE2_0.1
LTMD-CN4-G2011-VP061,LTMD-CN4-G2011,2011,4,61,3,10,36.73,0.9000,text_detected,,,,unknown,low,CONSERVATIVE_UNKNOWN,,PAGESTRUCT_CN_WAVE2_0.1
LTMD-CN4-G2011-VP062,LTMD-CN4-G2011,2011,4,62,3,387,94.21,0.0103,text_detected,,,,textual,high,OCR_TEXT_RICH,text_rich,PAGESTRUCT_CN_WAVE2_0.1
LTMD-CN4-G2011-VP063,LTMD-CN4-G2011,2011,4,63,3,11,61.40,0.3636,text_detected,,,,unknown,low,CONSERVATIVE_UNKNOWN,,PAGESTRUCT_CN_WAVE2_0.1
LTMD-CN4-G2011-VP064,LTMD-CN4-G2011,2011,4,64,3,107,83.37,0.1495,text_detected,,,,mixed_text_image,medium,OCR_MODERATE_TEXT,text_present,PAGESTRUCT_CN_WAVE2_0.1
LTMD-CN4-G2011-VP065,LTMD-CN4-G2011,2011,4,65,3,38,93.42,0.0000,text_detected,,,,mixed_text_image,medium,OCR_MODERATE_TEXT,text_present,PAGESTRUCT_CN_WAVE2_0.1
LTMD-CN4-G2011-VP066,LTMD-CN4-G2011,2011,4,66,3,88,91.05,0.0568,text_detected,,,,mixed_text_image,medium,OCR_MODERATE_TEXT,text_present,PAGESTRUCT_CN_WAVE2_0.1
LTMD-CN4-G2011-VP067,LTMD-CN4-G2011,2011,4,67,3,4,36.32,0.7500,text_detected,,,,unknown,low,CONSERVATIVE_UNKNOWN,,PAGESTRUCT_CN_WAVE2_0.1
LTMD-CN4-G2011-VP068,LTMD-CN4-G2011,2011,4,68,3,190,91.12,0.0474,text_detected,,,,textual,high,OCR_TEXT_RICH,text_rich,PAGESTRUCT_CN_WAVE2_0.1
LTMD-CN4-G2011-VP069,LTMD-CN4-G2011,2011,4,69,3,364,92.66,0.0302,text_detected,,,,textual,high,OCR_TEXT_RICH,text_rich,PAGESTRUCT_CN_WAVE2_0.1
LTMD-CN4-G2011-VP070,LTMD-CN4-G2011,2011,4,70,3,163,87.94,0.0859,text_detected,,,,textual,high,OCR_TEXT_RICH,text_rich,PAGESTRUCT_CN_WAVE2_0.1
LTMD-CN4-G2011-VP071,LTMD-CN4-G2011,2011,4,71,3,170,92.45,0.0235,text_detected,,,,textual,high,OCR_TEXT_RICH,text_rich,PAGESTRUCT_CN_WAVE2_0.1
LTMD-CN4-G2011-VP072,LTMD-CN4-G2011,2011,4,72,6,10,24.55,1.0000,text_detected,,,,visual_only,high,OCR_VISUAL_NOISE,fallback_psm;visual_noise,PAGESTRUCT_CN_WAVE2_0.1
LTMD-CN4-G2011-VP073,LTMD-CN4-G2011,2011,4,73,3,27,76.93,0.1481,text_detected,,,,mixed_text_image,medium,OCR_MODERATE_TEXT,text_present,PAGESTRUCT_CN_WAVE2_0.1
LTMD-CN4-G2011-VP074,LTMD-CN4-G2011,2011,4,74,3,41,72.12,0.2683,text_detected,,,,mixed_text_image,medium,OCR_MODERATE_TEXT,text_present,PAGESTRUCT_CN_WAVE2_0.1
LTMD-CN4-G2011-VP075,LTMD-CN4-G2011,2011,4,75,3,131,89.57,0.0458,text_detected,,,,textual,high,OCR_TEXT_RICH,text_rich,PAGESTRUCT_CN_WAVE2_0.1
LTMD-CN4-G2011-VP076,LTMD-CN4-G2011,2011,4,76,3,391,91.96,0.0281,text_detected,,,,textual,high,OCR_TEXT_RICH,text_rich,PAGESTRUCT_CN_WAVE2_0.1
LTMD-CN4-G2011-VP077,LTMD-CN4-G2011,2011,4,77,3,128,90.72,0.0703,text_detected,,,,textual,high,OCR_TEXT_RICH,text_rich,PAGESTRUCT_CN_WAVE2_0.1
LTMD-CN4-G2011-VP078,LTMD-CN4-G2011,2011,4,78,3,80,91.76,0.0250,text_detected,,,,mixed_text_image,medium,OCR_MODERATE_TEXT,text_present,PAGESTRUCT_CN_WAVE2_0.1
LTMD-CN4-G2011-VP079,LTMD-CN4-G2011,2011,4,79,3,204,90.24,0.0441,text_detected,,,,textual,high,OCR_TEXT_RICH,text_rich,PAGESTRUCT_CN_WAVE2_0.1
LTMD-CN4-G2011-VP080,LTMD-CN4-G2011,2011,4,80,3,238,87.64,0.0798,text_detected,,,,textual,high,OCR_TEXT_RICH,text_rich,PAGESTRUCT_CN_WAVE2_0.1
LTMD-CN4-G2011-VP081,LTMD-CN4-G2011,2011,4,81,3,136,84.78,0.1471,text_detected,,,,textual,high,OCR_TEXT_RICH,text_rich,PAGESTRUCT_CN_WAVE2_0.1
LTMD-CN4-G2011-VP082,LTMD-CN4-G2011,2011,4,82,3,111,80.24,0.2162,text_detected,,,,mixed_text_image,medium,OCR_MODERATE_TEXT,text_present,PAGESTRUCT_CN_WAVE2_0.1
LTMD-CN4-G2011-VP083,LTMD-CN4-G2011,2011,4,83,3,421,91.48,0.0475,text_detected,,,,textual,high,OCR_TEXT_RICH,text_rich,PAGESTRUCT_CN_WAVE2_0.1
LTMD-CN4-G2011-VP084,LTMD-CN4-G2011,2011,4,84,3,58,91.13,0.0517,text_detected,,,,mixed_text_image,medium,OCR_MODERATE_TEXT,text_present,PAGESTRUCT_CN_WAVE2_0.1
LTMD-CN4-G2011-VP085,LTMD-CN4-G2011,2011,4,85,3,77,95.10,0.0000,text_detected,,,,mixed_text_image,medium,OCR_MODERATE_TEXT,text_present,PAGESTRUCT_CN_WAVE2_0.1
LTMD-CN4-G2011-VP086,LTMD-CN4-G2011,2011,4,86,3,146,80.99,0.1712,text_detected,,,,textual,high,OCR_TEXT_RICH,text_rich,PAGESTRUCT_CN_WAVE2_0.1
LTMD-CN4-G2011-VP087,LTMD-CN4-G2011,2011,4,87,3,175,90.02,0.0571,text_detected,,,,textual,high,OCR_TEXT_RICH,text_rich,PAGESTRUCT_CN_WAVE2_0.1
LTMD-CN4-G2011-VP088,LTMD-CN4-G2011,2011,4,88,3,334,89.11,0.0599,text_detected,,,,textual,high,OCR_TEXT_RICH,text_rich,PAGESTRUCT_CN_WAVE2_0.1
LTMD-CN4-G2011-VP089,LTMD-CN4-G2011,2011,4,89,3,75,81.08,0.1200,text_detected,,,,mixed_text_image,medium,OCR_MODERATE_TEXT,text_present,PAGESTRUCT_CN_WAVE2_0.1
LTMD-CN4-G2011-VP090,LTMD-CN4-G2011,2011,4,90,3,54,93.35,0.0185,text_detected,,,,mixed_text_image,medium,OCR_MODERATE_TEXT,text_present,PAGESTRUCT_CN_WAVE2_0.1
LTMD-CN4-G2011-VP091,LTMD-CN4-G2011,2011,4,91,3,167,86.62,0.1078,text_detected,,,,textual,high,OCR_TEXT_RICH,text_rich,PAGESTRUCT_CN_WAVE2_0.1
LTMD-CN4-G2011-VP092,LTMD-CN4-G2011,2011,4,92,3,131,88.54,0.0687,text_detected,,,,textual,high,OCR_TEXT_RICH,text_rich,PAGESTRUCT_CN_WAVE2_0.1
LTMD-CN4-G2011-VP093,LTMD-CN4-G2011,2011,4,93,3,151,86.12,0.0993,text_detected,,,,textual,high,OCR_TEXT_RICH,text_rich,PAGESTRUCT_CN_WAVE2_0.1
LTMD-CN4-G2011-VP094,LTMD-CN4-G2011,2011,4,94,3,180,89.65,0.0722,text_detected,,,,textual,high,OCR_TEXT_RICH,text_rich,PAGESTRUCT_CN_WAVE2_0.1
LTMD-CN4-G2011-VP095,LTMD-CN4-G2011,2011,4,95,3,304,91.03,0.0362,text_detected,,,,textual,high,OCR_TEXT_RICH,text_rich,PAGESTRUCT_CN_WAVE2_0.1
LTMD-CN4-G2011-VP096,LTMD-CN4-G2011,2011,4,96,3,216,91.81,0.0278,text_detected,,,,textual,high,OCR_TEXT_RICH,text_rich,PAGESTRUCT_CN_WAVE2_0.1
LTMD-CN4-G2011-VP097,LTMD-CN4-G2011,2011,4,97,3,179,91.70,0.0279,text_detected,,,,textual,high,OCR_TEXT_RICH,text_rich,PAGESTRUCT_CN_WAVE2_0.1
LTMD-CN4-G2011-VP098,LTMD-CN4-G2011,2011,4,98,6,59,28.72,0.8983,text_detected,,,,visual_only,high,OCR_VISUAL_NOISE,fallback_psm;visual_noise,PAGESTRUCT_CN_WAVE2_0.1
LTMD-CN4-G2011-VP099,LTMD-CN4-G2011,2011,4,99,3,22,76.74,0.2727,text_detected,,,,mixed_text_image,medium,OCR_MODERATE_TEXT,text_present,PAGESTRUCT_CN_WAVE2_0.1
LTMD-CN4-G2011-VP100,LTMD-CN4-G2011,2011,4,100,6,49,42.95,0.7347,text_detected,,,,visual_only,medium,OCR_VISUAL_NOISE,fallback_psm;visual_noise,PAGESTRUCT_CN_WAVE2_0.1
LTMD-CN4-G2011-VP101,LTMD-CN4-G2011,2011,4,101,3,118,85.92,0.1102,text_detected,,,,mixed_text_image,medium,OCR_MODERATE_TEXT,text_present,PAGESTRUCT_CN_WAVE2_0.1
LTMD-CN4-G2011-VP102,LTMD-CN4-G2011,2011,4,102,3,269,89.44,0.0669,text_detected,,,,textual,high,OCR_TEXT_RICH,text_rich,PAGESTRUCT_CN_WAVE2_0.1
LTMD-CN4-G2011-VP103,LTMD-CN4-G2011,2011,4,103,3,138,90.36,0.0507,text_detected,,,,textual,high,OCR_TEXT_RICH,text_rich,PAGESTRUCT_CN_WAVE2_0.1
LTMD-CN4-G2011-VP104,LTMD-CN4-G2011,2011,4,104,3,136,88.19,0.0515,text_detected,,,,textual,high,OCR_TEXT_RICH,text_rich,PAGESTRUCT_CN_WAVE2_0.1
LTMD-CN4-G2011-VP105,LTMD-CN4-G2011,2011,4,105,3,175,87.06,0.0629,text_detected,,,,textual,high,OCR_TEXT_RICH,text_rich,PAGESTRUCT_CN_WAVE2_0.1
LTMD-CN4-G2011-VP106,LTMD-CN4-G2011,2011,4,106,3,133,85.65,0.1053,text_detected,,,,textual,high,OCR_TEXT_RICH,text_rich,PAGESTRUCT_CN_WAVE2_0.1
LTMD-CN4-G2011-VP107,LTMD-CN4-G2011,2011,4,107,3,81,77.61,0.2716,text_detected,,,,mixed_text_image,medium,OCR_MODERATE_TEXT,text_present,PAGESTRUCT_CN_WAVE2_0.1
LTMD-CN4-G2011-VP108,LTMD-CN4-G2011,2011,4,108,3,146,87.90,0.0753,text_detected,,,,textual,high,OCR_TEXT_RICH,text_rich,PAGESTRUCT_CN_WAVE2_0.1
LTMD-CN4-G2011-VP109,LTMD-CN4-G2011,2011,4,109,3,149,84.37,0.1342,text_detected,,,,textual,high,OCR_TEXT_RICH,text_rich,PAGESTRUCT_CN_WAVE2_0.1
LTMD-CN4-G2011-VP110,LTMD-CN4-G2011,2011,4,110,6,120,31.56,0.9083,text_detected,,,,visual_only,high,OCR_VISUAL_NOISE,fallback_psm;visual_noise,PAGESTRUCT_CN_WAVE2_0.1
LTMD-CN4-G2011-VP111,LTMD-CN4-G2011,2011,4,111,3,151,88.00,0.0795,text_detected,,,,textual,high,OCR_TEXT_RICH,text_rich,PAGESTRUCT_CN_WAVE2_0.1
LTMD-CN4-G2011-VP112,LTMD-CN4-G2011,2011,4,112,3,219,93.04,0.0137,text_detected,,,,textual,high,OCR_TEXT_RICH,text_rich,PAGESTRUCT_CN_WAVE2_0.1
LTMD-CN4-G2011-VP113,LTMD-CN4-G2011,2011,4,113,3,221,88.37,0.0724,text_detected,,,,textual,high,OCR_TEXT_RICH,text_rich,PAGESTRUCT_CN_WAVE2_0.1
LTMD-CN4-G2011-VP114,LTMD-CN4-G2011,2011,4,114,3,125,88.63,0.0880,text_detected,,,,textual,high,OCR_TEXT_RICH,text_rich,PAGESTRUCT_CN_WAVE2_0.1
LTMD-CN4-G2011-VP115,LTMD-CN4-G2011,2011,4,115,3,206,88.14,0.0922,text_detected,,,,textual,high,OCR_TEXT_RICH,text_rich,PAGESTRUCT_CN_WAVE2_0.1
LTMD-CN4-G2011-VP116,LTMD-CN4-G2011,2011,4,116,3,153,88.67,0.0719,text_detected,,,,textual,high,OCR_TEXT_RICH,text_rich,PAGESTRUCT_CN_WAVE2_0.1
LTMD-CN4-G2011-VP117,LTMD-CN4-G2011,2011,4,117,3,111,82.80,0.1622,text_detected,,,,mixed_text_image,medium,OCR_MODERATE_TEXT,text_present,PAGESTRUCT_CN_WAVE2_0.1
LTMD-CN4-G2011-VP118,LTMD-CN4-G2011,2011,4,118,3,110,92.39,0.0364,text_detected,,,,mixed_text_image,medium,OCR_MODERATE_TEXT,text_present,PAGESTRUCT_CN_WAVE2_0.1
LTMD-CN4-G2011-VP119,LTMD-CN4-G2011,2011,4,119,3,106,93.16,0.0377,text_detected,,,,mixed_text_image,medium,OCR_MODERATE_TEXT,text_present,PAGESTRUCT_CN_WAVE2_0.1
LTMD-CN4-G2011-VP120,LTMD-CN4-G2011,2011,4,120,3,174,93.50,0.0057,text_detected,,,,textual,high,OCR_TEXT_RICH,text_rich,PAGESTRUCT_CN_WAVE2_0.1
LTMD-CN4-G2011-VP121,LTMD-CN4-G2011,2011,4,121,3,260,90.86,0.0423,text_detected,,,,textual,high,OCR_TEXT_RICH,text_rich,PAGESTRUCT_CN_WAVE2_0.1
LTMD-CN4-G2011-VP122,LTMD-CN4-G2011,2011,4,122,3,175,92.60,0.0286,text_detected,,,,textual,high,OCR_TEXT_RICH,text_rich,PAGESTRUCT_CN_WAVE2_0.1
LTMD-CN4-G2011-VP123,LTMD-CN4-G2011,2011,4,123,3,97,90.10,0.0412,text_detected,,,,mixed_text_image,medium,OCR_MODERATE_TEXT,text_present,PAGESTRUCT_CN_WAVE2_0.1
LTMD-CN4-G2011-VP124,LTMD-CN4-G2011,2011,4,124,3,120,92.34,0.0250,text_detected,,,,textual,high,OCR_TEXT_RICH,text_rich,PAGESTRUCT_CN_WAVE2_0.1
LTMD-CN4-G2011-VP125,LTMD-CN4-G2011,2011,4,125,3,162,91.08,0.0432,text_detected,,,,textual,high,OCR_TEXT_RICH,text_rich,PAGESTRUCT_CN_WAVE2_0.1
LTMD-CN4-G2011-VP126,LTMD-CN4-G2011,2011,4,126,6,188,18.07,0.9894,text_detected,,,,visual_only,high,OCR_VISUAL_NOISE,fallback_psm;visual_noise,PAGESTRUCT_CN_WAVE2_0.1
LTMD-CN4-G2011-VP127,LTMD-CN4-G2011,2011,4,127,3,22,82.11,0.0909,text_detected,,,,mixed_text_image,medium,OCR_MODERATE_TEXT,text_present,PAGESTRUCT_CN_WAVE2_0.1
LTMD-CN4-G2011-VP128,LTMD-CN4-G2011,2011,4,128,3,10,44.34,0.5000,text_detected,,,,unknown,low,CONSERVATIVE_UNKNOWN,,PAGESTRUCT_CN_WAVE2_0.1
LTMD-CN4-G2011-VP129,LTMD-CN4-G2011,2011,4,129,3,141,92.73,0.0213,text_detected,,,,textual,high,OCR_TEXT_RICH,text_rich,PAGESTRUCT_CN_WAVE2_0.1
LTMD-CN4-G2011-VP130,LTMD-CN4-G2011,2011,4,130,3,180,93.01,0.0333,text_detected,,,,textual,high,OCR_TEXT_RICH,text_rich,PAGESTRUCT_CN_WAVE2_0.1
LTMD-CN4-G2011-VP131,LTMD-CN4-G2011,2011,4,131,3,246,87.33,0.0976,text_detected,,,,textual,high,OCR_TEXT_RICH,text_rich,PAGESTRUCT_CN_WAVE2_0.1
LTMD-CN4-G2011-VP132,LTMD-CN4-G2011,2011,4,132,3,200,91.09,0.0400,text_detected,,,,textual,high,OCR_TEXT_RICH,text_rich,PAGESTRUCT_CN_WAVE2_0.1
LTMD-CN4-G2011-VP133,LTMD-CN4-G2011,2011,4,133,3,231,87.16,0.0952,text_detected,,,,textual,high,OCR_TEXT_RICH,text_rich,PAGESTRUCT_CN_WAVE2_0.1
LTMD-CN4-G2011-VP134,LTMD-CN4-G2011,2011,4,134,3,122,93.41,0.0328,text_detected,,,,textual,high,OCR_TEXT_RICH,text_rich,PAGESTRUCT_CN_WAVE2_0.1
LTMD-CN4-G2011-VP135,LTMD-CN4-G2011,2011,4,135,3,239,91.64,0.0502,text_detected,,,,textual,high,OCR_TEXT_RICH,text_rich,PAGESTRUCT_CN_WAVE2_0.1
LTMD-CN4-G2011-VP136,LTMD-CN4-G2011,2011,4,136,3,257,90.28,0.0389,text_detected,,,,textual,high,OCR_TEXT_RICH,text_rich,PAGESTRUCT_CN_WAVE2_0.1
LTMD-CN4-G2011-VP137,LTMD-CN4-G2011,2011,4,137,3,45,67.06,0.4000,text_detected,,,,mixed_text_image,medium,OCR_MODERATE_TEXT,text_present,PAGESTRUCT_CN_WAVE2_0.1
LTMD-CN4-G2011-VP138,LTMD-CN4-G2011,2011,4,138,3,377,89.84,0.0610,text_detected,,,,textual,high,OCR_TEXT_RICH,text_rich,PAGESTRUCT_CN_WAVE2_0.1
LTMD-CN4-G2011-VP139,LTMD-CN4-G2011,2011,4,139,3,311,89.10,0.0772,text_detected,,,,textual,high,OCR_TEXT_RICH,text_rich,PAGESTRUCT_CN_WAVE2_0.1
LTMD-CN4-G2011-VP140,LTMD-CN4-G2011,2011,4,140,3,75,91.01,0.0267,text_detected,,,,mixed_text_image,medium,OCR_MODERATE_TEXT,text_present,PAGESTRUCT_CN_WAVE2_0.1
LTMD-CN4-G2011-VP141,LTMD-CN4-G2011,2011,4,141,3,348,91.17,0.0402,text_detected,,,,textual,high,OCR_TEXT_RICH,text_rich,PAGESTRUCT_CN_WAVE2_0.1
LTMD-CN4-G2011-VP142,LTMD-CN4-G2011,2011,4,142,3,261,84.19,0.1264,text_detected,,,,textual,high,OCR_TEXT_RICH,text_rich,PAGESTRUCT_CN_WAVE2_0.1
LTMD-CN4-G2011-VP143,LTMD-CN4-G2011,2011,4,143,3,77,93.46,0.0130,text_detected,,,,mixed_text_image,medium,OCR_MODERATE_TEXT,text_present,PAGESTRUCT_CN_WAVE2_0.1
LTMD-CN4-G2011-VP144,LTMD-CN4-G2011,2011,4,144,3,316,90.32,0.0601,text_detected,,,,textual,high,OCR_TEXT_RICH,text_rich,PAGESTRUCT_CN_WAVE2_0.1
LTMD-CN4-G2011-VP145,LTMD-CN4-G2011,2011,4,145,3,189,89.12,0.0847,text_detected,,,,textual,high,OCR_TEXT_RICH,text_rich,PAGESTRUCT_CN_WAVE2_0.1
LTMD-CN4-G2011-VP146,LTMD-CN4-G2011,2011,4,146,3,287,90.92,0.0488,text_detected,0,1,0,textual,high,OCR_TEXT_RICH,end_zone;text_rich;nav_kw,PAGESTRUCT_CN_WAVE2_0.1
LTMD-CN4-G2011-VP147,LTMD-CN4-G2011,2011,4,147,3,227,86.41,0.1057,text_detected,0,2,0,toc_or_navigation,high,KW_NAVIGATION,end_zone;text_rich;nav_kw,PAGESTRUCT_CN_WAVE2_0.1
LTMD-CN4-G2011-VP148,LTMD-CN4-G2011,2011,4,148,3,224,93.51,0.0179,text_detected,0,2,0,toc_or_navigation,high,KW_NAVIGATION,end_zone;text_rich;nav_kw,PAGESTRUCT_CN_WAVE2_0.1
LTMD-CN4-G2011-VP149,LTMD-CN4-G2011,2011,4,149,3,300,93.48,0.0200,text_detected,0,0,0,textual,high,OCR_TEXT_RICH,end_zone;text_rich,PAGESTRUCT_CN_WAVE2_0.1
LTMD-CN4-G2011-VP150,LTMD-CN4-G2011,2011,4,150,3,114,85.73,0.1140,text_detected,0,0,0,mixed_text_image,medium,OCR_MODERATE_TEXT,end_zone;text_present,PAGESTRUCT_CN_WAVE2_0.1
LTMD-CN4-G2011-VP151,LTMD-CN4-G2011,2011,4,151,3,207,93.98,0.0097,text_detected,0,2,0,toc_or_navigation,high,KW_NAVIGATION,end_zone;text_rich;nav_kw,PAGESTRUCT_CN_WAVE2_0.1
LTMD-CN4-G2011-VP152,LTMD-CN4-G2011,2011,4,152,3,175,92.06,0.0171,text_detected,0,2,0,toc_or_navigation,high,KW_NAVIGATION,end_zone;text_rich;nav_kw,PAGESTRUCT_CN_WAVE2_0.1
LTMD-CN4-G2011-VP153,LTMD-CN4-G2011,2011,4,153,3,298,56.43,0.5235,text_detected,1,1,2,bibliography_or_credits,high,KW_BIBLIO_CREDITS,end_zone;front_kw;nav_kw;biblio_credit_kw,PAGESTRUCT_CN_WAVE2_0.1
LTMD-CN4-G2011-VP154,LTMD-CN4-G2011,2011,4,154,3,537,87.61,0.0764,text_detected,0,1,1,bibliography_or_credits,medium,KW_BIBLIO_CREDITS,end_zone;text_rich;nav_kw;biblio_credit_kw,PAGESTRUCT_CN_WAVE2_0.1
LTMD-CN4-G2011-VP155,LTMD-CN4-G2011,2011,4,155,3,617,86.86,0.0875,text_detected,0,1,0,textual,high,OCR_TEXT_RICH,end_zone;text_rich;nav_kw,PAGESTRUCT_CN_WAVE2_0.1
LTMD-CN4-G2011-VP156,LTMD-CN4-G2011,2011,4,156,3,628,87.03,0.0939,text_detected,0,0,0,textual,high,OCR_TEXT_RICH,end_zone;text_rich,PAGESTRUCT_CN_WAVE2_0.1
LTMD-CN4-G2011-VP157,LTMD-CN4-G2011,2011,4,157,3,225,88.36,0.0622,text_detected,0,0,1,bibliography_or_credits,medium,KW_BIBLIO_CREDITS,end_zone;text_rich;biblio_credit_kw,PAGESTRUCT_CN_WAVE2_0.1
LTMD-CN4-G2011-VP158,LTMD-CN4-G2011,2011,4,158,3,12,72.79,0.2500,text_detected,0,0,0,unknown,low,CONSERVATIVE_UNKNOWN,end_zone,PAGESTRUCT_CN_WAVE2_0.1
LTMD-CN4-G2011-VP159,LTMD-CN4-G2011,2011,4,159,3,183,85.54,0.0820,text_detected,0,1,0,textual,high,OCR_TEXT_RICH,end_zone;text_rich;nav_kw,PAGESTRUCT_CN_WAVE2_0.1
LTMD-CN4-G2011-VP160,LTMD-CN4-G2011,2011,4,160,3,44,84.16,0.1591,text_detected,0,0,0,mixed_text_image,medium,OCR_MODERATE_TEXT,end_zone;text_present,PAGESTRUCT_CN_WAVE2_0.1
LTMD-CN4-G2011-VP161,LTMD-CN4-G2011,2011,4,161,11,10,50.22,0.4000,text_detected,0,0,0,unknown,low,CONSERVATIVE_UNKNOWN,end_zone;fallback_psm,PAGESTRUCT_CN_WAVE2_0.1
LTMD-CN4-G2019-VP001,LTMD-CN4-G2019,2019,4,1,3,4,95.28,0.0000,text_detected,0,0,0,mixed_text_image,low,OCR_SPARSE_HIGH_CONF,front_zone,PAGESTRUCT_CN_WAVE2_0.1
LTMD-CN4-G2019-VP002,LTMD-CN4-G2019,2019,4,2,3,428,60.76,0.4533,text_detected,0,0,6,bibliography_or_credits,high,KW_BIBLIO_CREDITS,front_zone;biblio_credit_kw,PAGESTRUCT_CN_WAVE2_0.1
LTMD-CN4-G2019-VP003,LTMD-CN4-G2019,2019,4,3,3,161,95.85,0.0062,text_detected,1,1,1,bibliography_or_credits,medium,KW_BIBLIO_CREDITS,front_zone;text_rich;front_kw;nav_kw;biblio_credit_kw,PAGESTRUCT_CN_WAVE2_0.1
LTMD-CN4-G2019-VP004,LTMD-CN4-G2019,2019,4,4,3,150,92.99,0.0133,text_detected,1,3,0,toc_or_navigation,high,KW_NAVIGATION,front_zone;text_rich;front_kw;nav_kw,PAGESTRUCT_CN_WAVE2_0.1
LTMD-CN4-G2019-VP005,LTMD-CN4-G2019,2019,4,5,3,182,90.44,0.0440,text_detected,2,3,0,toc_or_navigation,high,KW_NAVIGATION,front_zone;text_rich;front_kw;nav_kw,PAGESTRUCT_CN_WAVE2_0.1
LTMD-CN4-G2019-VP006,LTMD-CN4-G2019,2019,4,6,3,164,91.47,0.0549,text_detected,2,2,0,toc_or_navigation,high,KW_NAVIGATION,front_zone;text_rich;front_kw;nav_kw,PAGESTRUCT_CN_WAVE2_0.1
LTMD-CN4-G2019-VP007,LTMD-CN4-G2019,2019,4,7,3,116,84.99,0.1552,text_detected,0,3,2,bibliography_or_credits,high,KW_BIBLIO_CREDITS,front_zone;text_present;nav_kw;biblio_credit_kw,PAGESTRUCT_CN_WAVE2_0.1
LTMD-CN4-G2019-VP008,LTMD-CN4-G2019,2019,4,8,11,11,19.51,0.9091,text_detected,0,0,0,visual_only,high,OCR_VISUAL_NOISE,front_zone;fallback_psm;visual_noise,PAGESTRUCT_CN_WAVE2_0.1
LTMD-CN4-G2019-VP009,LTMD-CN4-G2019,2019,4,9,3,17,85.49,0.1176,text_detected,0,0,0,mixed_text_image,low,OCR_SPARSE_HIGH_CONF,front_zone,PAGESTRUCT_CN_WAVE2_0.1
LTMD-CN4-G2019-VP010,LTMD-CN4-G2019,2019,4,10,6,8,52.33,0.6250,text_detected,0,0,0,unknown,low,CONSERVATIVE_UNKNOWN,front_zone;fallback_psm,PAGESTRUCT_CN_WAVE2_0.1
LTMD-CN4-G2019-VP011,LTMD-CN4-G2019,2019,4,11,3,141,88.31,0.0922,text_detected,0,1,0,toc_or_navigation,medium,KW_NAVIGATION,front_zone;text_rich;nav_kw,PAGESTRUCT_CN_WAVE2_0.1
LTMD-CN4-G2019-VP012,LTMD-CN4-G2019,2019,4,12,3,69,93.99,0.0290,text_detected,0,2,0,toc_or_navigation,high,KW_NAVIGATION,front_zone;text_present;nav_kw,PAGESTRUCT_CN_WAVE2_0.1
LTMD-CN4-G2019-VP013,LTMD-CN4-G2019,2019,4,13,3,167,89.18,0.0719,text_detected,0,1,0,toc_or_navigation,medium,KW_NAVIGATION,front_zone;text_rich;nav_kw,PAGESTRUCT_CN_WAVE2_0.1
LTMD-CN4-G2019-VP014,LTMD-CN4-G2019,2019,4,14,3,249,91.37,0.0643,text_detected,0,1,0,toc_or_navigation,medium,KW_NAVIGATION,front_zone;text_rich;nav_kw,PAGESTRUCT_CN_WAVE2_0.1
LTMD-CN4-G2019-VP015,LTMD-CN4-G2019,2019,4,15,3,222,93.66,0.0270,text_detected,0,2,0,toc_or_navigation,high,KW_NAVIGATION,front_zone;text_rich;nav_kw,PAGESTRUCT_CN_WAVE2_0.1
LTMD-CN4-G2019-VP016,LTMD-CN4-G2019,2019,4,16,3,130,95.10,0.0154,text_detected,0,1,0,toc_or_navigation,medium,KW_NAVIGATION,front_zone;text_rich;nav_kw,PAGESTRUCT_CN_WAVE2_0.1
LTMD-CN4-G2019-VP017,LTMD-CN4-G2019,2019,4,17,3,133,93.09,0.0226,text_detected,,,,textual,high,OCR_TEXT_RICH,text_rich,PAGESTRUCT_CN_WAVE2_0.1
LTMD-CN4-G2019-VP018,LTMD-CN4-G2019,2019,4,18,3,251,94.24,0.0199,text_detected,,,,textual,high,OCR_TEXT_RICH,text_rich,PAGESTRUCT_CN_WAVE2_0.1
LTMD-CN4-G2019-VP019,LTMD-CN4-G2019,2019,4,19,3,158,93.22,0.0316,text_detected,,,,textual,high,OCR_TEXT_RICH,text_rich,PAGESTRUCT_CN_WAVE2_0.1
LTMD-CN4-G2019-VP020,LTMD-CN4-G2019,2019,4,20,3,194,92.86,0.0412,text_detected,,,,textual,high,OCR_TEXT_RICH,text_rich,PAGESTRUCT_CN_WAVE2_0.1
LTMD-CN4-G2019-VP021,LTMD-CN4-G2019,2019,4,21,3,225,94.37,0.0222,text_detected,,,,textual,high,OCR_TEXT_RICH,text_rich,PAGESTRUCT_CN_WAVE2_0.1
LTMD-CN4-G2019-VP022,LTMD-CN4-G2019,2019,4,22,3,235,95.02,0.0085,text_detected,,,,textual,high,OCR_TEXT_RICH,text_rich,PAGESTRUCT_CN_WAVE2_0.1
LTMD-CN4-G2019-VP023,LTMD-CN4-G2019,2019,4,23,3,94,93.21,0.0213,text_detected,,,,mixed_text_image,medium,OCR_MODERATE_TEXT,text_present,PAGESTRUCT_CN_WAVE2_0.1
LTMD-CN4-G2019-VP024,LTMD-CN4-G2019,2019,4,24,3,224,93.04,0.0446,text_detected,,,,textual,high,OCR_TEXT_RICH,text_rich,PAGESTRUCT_CN_WAVE2_0.1
LTMD-CN4-G2019-VP025,LTMD-CN4-G2019,2019,4,25,3,43,95.65,0.0000,text_detected,,,,mixed_text_image,medium,OCR_MODERATE_TEXT,text_present,PAGESTRUCT_CN_WAVE2_0.1
LTMD-CN4-G2019-VP026,LTMD-CN4-G2019,2019,4,26,3,245,93.67,0.0286,text_detected,,,,textual,high,OCR_TEXT_RICH,text_rich,PAGESTRUCT_CN_WAVE2_0.1
LTMD-CN4-G2019-VP027,LTMD-CN4-G2019,2019,4,27,3,235,88.29,0.0979,text_detected,,,,textual,high,OCR_TEXT_RICH,text_rich,PAGESTRUCT_CN_WAVE2_0.1
LTMD-CN4-G2019-VP028,LTMD-CN4-G2019,2019,4,28,3,123,89.68,0.0650,text_detected,,,,textual,high,OCR_TEXT_RICH,text_rich,PAGESTRUCT_CN_WAVE2_0.1
LTMD-CN4-G2019-VP029,LTMD-CN4-G2019,2019,4,29,3,285,94.06,0.0281,text_detected,,,,textual,high,OCR_TEXT_RICH,text_rich,PAGESTRUCT_CN_WAVE2_0.1
LTMD-CN4-G2019-VP030,LTMD-CN4-G2019,2019,4,30,3,276,93.37,0.0109,text_detected,,,,textual,high,OCR_TEXT_RICH,text_rich,PAGESTRUCT_CN_WAVE2_0.1
LTMD-CN4-G2019-VP031,LTMD-CN4-G2019,2019,4,31,3,225,91.75,0.0489,text_detected,,,,textual,high,OCR_TEXT_RICH,text_rich,PAGESTRUCT_CN_WAVE2_0.1
LTMD-CN4-G2019-VP032,LTMD-CN4-G2019,2019,4,32,3,190,94.25,0.0263,text_detected,,,,textual,high,OCR_TEXT_RICH,text_rich,PAGESTRUCT_CN_WAVE2_0.1
LTMD-CN4-G2019-VP033,LTMD-CN4-G2019,2019,4,33,3,194,92.90,0.0361,text_detected,,,,textual,high,OCR_TEXT_RICH,text_rich,PAGESTRUCT_CN_WAVE2_0.1
LTMD-CN4-G2019-VP034,LTMD-CN4-G2019,2019,4,34,3,133,92.88,0.0150,text_detected,,,,textual,high,OCR_TEXT_RICH,text_rich,PAGESTRUCT_CN_WAVE2_0.1
LTMD-CN4-G2019-VP035,LTMD-CN4-G2019,2019,4,35,3,182,65.09,0.3736,text_detected,,,,mixed_text_image,medium,OCR_MODERATE_TEXT,text_present,PAGESTRUCT_CN_WAVE2_0.1
LTMD-CN4-G2019-VP036,LTMD-CN4-G2019,2019,4,36,3,255,92.16,0.0392,text_detected,,,,textual,high,OCR_TEXT_RICH,text_rich,PAGESTRUCT_CN_WAVE2_0.1
LTMD-CN4-G2019-VP037,LTMD-CN4-G2019,2019,4,37,3,345,94.35,0.0145,text_detected,,,,textual,high,OCR_TEXT_RICH,text_rich,PAGESTRUCT_CN_WAVE2_0.1
LTMD-CN4-G2019-VP038,LTMD-CN4-G2019,2019,4,38,3,192,94.79,0.0052,text_detected,,,,textual,high,OCR_TEXT_RICH,text_rich,PAGESTRUCT_CN_WAVE2_0.1
LTMD-CN4-G2019-VP039,LTMD-CN4-G2019,2019,4,39,3,175,91.04,0.0571,text_detected,,,,textual,high,OCR_TEXT_RICH,text_rich,PAGESTRUCT_CN_WAVE2_0.1
LTMD-CN4-G2019-VP040,LTMD-CN4-G2019,2019,4,40,6,79,33.96,0.8734,text_detected,,,,visual_only,high,OCR_VISUAL_NOISE,fallback_psm;visual_noise,PAGESTRUCT_CN_WAVE2_0.1
LTMD-CN4-G2019-VP041,LTMD-CN4-G2019,2019,4,41,3,8,91.76,0.0000,text_detected,,,,mixed_text_image,low,OCR_SPARSE_HIGH_CONF,,PAGESTRUCT_CN_WAVE2_0.1
LTMD-CN4-G2019-VP042,LTMD-CN4-G2019,2019,4,42,3,2,2.42,1.0000,text_detected,,,,visual_only,medium,OCR_VISUAL_NOISE,visual_noise,PAGESTRUCT_CN_WAVE2_0.1
LTMD-CN4-G2019-VP043,LTMD-CN4-G2019,2019,4,43,3,150,85.05,0.1200,text_detected,,,,textual,high,OCR_TEXT_RICH,text_rich,PAGESTRUCT_CN_WAVE2_0.1
LTMD-CN4-G2019-VP044,LTMD-CN4-G2019,2019,4,44,3,289,92.47,0.0208,text_detected,,,,textual,high,OCR_TEXT_RICH,text_rich,PAGESTRUCT_CN_WAVE2_0.1
LTMD-CN4-G2019-VP045,LTMD-CN4-G2019,2019,4,45,3,272,95.57,0.0000,text_detected,,,,textual,high,OCR_TEXT_RICH,text_rich,PAGESTRUCT_CN_WAVE2_0.1
LTMD-CN4-G2019-VP046,LTMD-CN4-G2019,2019,4,46,3,120,91.37,0.0333,text_detected,,,,textual,high,OCR_TEXT_RICH,text_rich,PAGESTRUCT_CN_WAVE2_0.1
LTMD-CN4-G2019-VP047,LTMD-CN4-G2019,2019,4,47,3,293,92.43,0.0307,text_detected,,,,textual,high,OCR_TEXT_RICH,text_rich,PAGESTRUCT_CN_WAVE2_0.1
LTMD-CN4-G2019-VP048,LTMD-CN4-G2019,2019,4,48,3,173,90.19,0.0751,text_detected,,,,textual,high,OCR_TEXT_RICH,text_rich,PAGESTRUCT_CN_WAVE2_0.1
LTMD-CN4-G2019-VP049,LTMD-CN4-G2019,2019,4,49,3,310,90.55,0.0516,text_detected,,,,textual,high,OCR_TEXT_RICH,text_rich,PAGESTRUCT_CN_WAVE2_0.1
LTMD-CN4-G2019-VP050,LTMD-CN4-G2019,2019,4,50,3,243,86.11,0.0947,text_detected,,,,textual,high,OCR_TEXT_RICH,text_rich,PAGESTRUCT_CN_WAVE2_0.1
LTMD-CN4-G2019-VP051,LTMD-CN4-G2019,2019,4,51,3,140,87.55,0.0857,text_detected,,,,textual,high,OCR_TEXT_RICH,text_rich,PAGESTRUCT_CN_WAVE2_0.1
LTMD-CN4-G2019-VP052,LTMD-CN4-G2019,2019,4,52,3,164,94.01,0.0183,text_detected,,,,textual,high,OCR_TEXT_RICH,text_rich,PAGESTRUCT_CN_WAVE2_0.1
LTMD-CN4-G2019-VP053,LTMD-CN4-G2019,2019,4,53,3,180,93.26,0.0389,text_detected,,,,textual,high,OCR_TEXT_RICH,text_rich,PAGESTRUCT_CN_WAVE2_0.1
LTMD-CN4-G2019-VP054,LTMD-CN4-G2019,2019,4,54,3,110,88.45,0.0727,text_detected,,,,mixed_text_image,medium,OCR_MODERATE_TEXT,text_present,PAGESTRUCT_CN_WAVE2_0.1
LTMD-CN4-G2019-VP055,LTMD-CN4-G2019,2019,4,55,3,502,93.22,0.0339,text_detected,,,,textual,high,OCR_TEXT_RICH,text_rich,PAGESTRUCT_CN_WAVE2_0.1
LTMD-CN4-G2019-VP056,LTMD-CN4-G2019,2019,4,56,3,452,93.79,0.0133,text_detected,,,,textual,high,OCR_TEXT_RICH,text_rich,PAGESTRUCT_CN_WAVE2_0.1
LTMD-CN4-G2019-VP057,LTMD-CN4-G2019,2019,4,57,3,157,93.72,0.0255,text_detected,,,,textual,high,OCR_TEXT_RICH,text_rich,PAGESTRUCT_CN_WAVE2_0.1
LTMD-CN4-G2019-VP058,LTMD-CN4-G2019,2019,4,58,3,135,94.17,0.0074,text_detected,,,,textual,high,OCR_TEXT_RICH,text_rich,PAGESTRUCT_CN_WAVE2_0.1
LTMD-CN4-G2019-VP059,LTMD-CN4-G2019,2019,4,59,3,294,92.56,0.0272,text_detected,,,,textual,high,OCR_TEXT_RICH,text_rich,PAGESTRUCT_CN_WAVE2_0.1
LTMD-CN4-G2019-VP060,LTMD-CN4-G2019,2019,4,60,3,128,93.27,0.0391,text_detected,,,,textual,high,OCR_TEXT_RICH,text_rich,PAGESTRUCT_CN_WAVE2_0.1
LTMD-CN4-G2019-VP061,LTMD-CN4-G2019,2019,4,61,3,33,78.09,0.2424,text_detected,,,,mixed_text_image,medium,OCR_MODERATE_TEXT,text_present,PAGESTRUCT_CN_WAVE2_0.1
LTMD-CN4-G2019-VP062,LTMD-CN4-G2019,2019,4,62,3,393,96.04,0.0025,text_detected,,,,textual,high,OCR_TEXT_RICH,text_rich,PAGESTRUCT_CN_WAVE2_0.1
LTMD-CN4-G2019-VP063,LTMD-CN4-G2019,2019,4,63,3,12,80.25,0.1667,text_detected,,,,mixed_text_image,low,OCR_SPARSE_HIGH_CONF,,PAGESTRUCT_CN_WAVE2_0.1
LTMD-CN4-G2019-VP064,LTMD-CN4-G2019,2019,4,64,3,81,93.14,0.0370,text_detected,,,,mixed_text_image,medium,OCR_MODERATE_TEXT,text_present,PAGESTRUCT_CN_WAVE2_0.1
LTMD-CN4-G2019-VP065,LTMD-CN4-G2019,2019,4,65,3,36,88.41,0.0833,text_detected,,,,mixed_text_image,medium,OCR_MODERATE_TEXT,text_present,PAGESTRUCT_CN_WAVE2_0.1
LTMD-CN4-G2019-VP066,LTMD-CN4-G2019,2019,4,66,3,89,94.73,0.0225,text_detected,,,,mixed_text_image,medium,OCR_MODERATE_TEXT,text_present,PAGESTRUCT_CN_WAVE2_0.1
LTMD-CN4-G2019-VP067,LTMD-CN4-G2019,2019,4,67,3,3,50.79,0.6667,text_detected,,,,unknown,low,CONSERVATIVE_UNKNOWN,,PAGESTRUCT_CN_WAVE2_0.1
LTMD-CN4-G2019-VP068,LTMD-CN4-G2019,2019,4,68,3,179,94.84,0.0223,text_detected,,,,textual,high,OCR_TEXT_RICH,text_rich,PAGESTRUCT_CN_WAVE2_0.1
LTMD-CN4-G2019-VP069,LTMD-CN4-G2019,2019,4,69,3,367,94.49,0.0218,text_detected,,,,textual,high,OCR_TEXT_RICH,text_rich,PAGESTRUCT_CN_WAVE2_0.1
LTMD-CN4-G2019-VP070,LTMD-CN4-G2019,2019,4,70,3,163,90.90,0.0491,text_detected,,,,textual,high,OCR_TEXT_RICH,text_rich,PAGESTRUCT_CN_WAVE2_0.1
LTMD-CN4-G2019-VP071,LTMD-CN4-G2019,2019,4,71,3,177,91.73,0.0452,text_detected,,,,textual,high,OCR_TEXT_RICH,text_rich,PAGESTRUCT_CN_WAVE2_0.1
LTMD-CN4-G2019-VP072,LTMD-CN4-G2019,2019,4,72,6,18,38.72,0.7778,text_detected,,,,visual_only,medium,OCR_VISUAL_NOISE,fallback_psm;visual_noise,PAGESTRUCT_CN_WAVE2_0.1
LTMD-CN4-G2019-VP073,LTMD-CN4-G2019,2019,4,73,3,26,84.71,0.1154,text_detected,,,,mixed_text_image,medium,OCR_MODERATE_TEXT,text_present,PAGESTRUCT_CN_WAVE2_0.1
LTMD-CN4-G2019-VP074,LTMD-CN4-G2019,2019,4,74,3,48,80.13,0.1667,text_detected,,,,mixed_text_image,medium,OCR_MODERATE_TEXT,text_present,PAGESTRUCT_CN_WAVE2_0.1
LTMD-CN4-G2019-VP075,LTMD-CN4-G2019,2019,4,75,3,145,92.66,0.0345,text_detected,,,,textual,high,OCR_TEXT_RICH,text_rich,PAGESTRUCT_CN_WAVE2_0.1
LTMD-CN4-G2019-VP076,LTMD-CN4-G2019,2019,4,76,3,393,93.77,0.0204,text_detected,,,,textual,high,OCR_TEXT_RICH,text_rich,PAGESTRUCT_CN_WAVE2_0.1
LTMD-CN4-G2019-VP077,LTMD-CN4-G2019,2019,4,77,3,129,92.71,0.0543,text_detected,,,,textual,high,OCR_TEXT_RICH,text_rich,PAGESTRUCT_CN_WAVE2_0.1
LTMD-CN4-G2019-VP078,LTMD-CN4-G2019,2019,4,78,3,84,94.40,0.0119,text_detected,,,,mixed_text_image,medium,OCR_MODERATE_TEXT,text_present,PAGESTRUCT_CN_WAVE2_0.1
LTMD-CN4-G2019-VP079,LTMD-CN4-G2019,2019,4,79,3,202,90.62,0.0495,text_detected,,,,textual,high,OCR_TEXT_RICH,text_rich,PAGESTRUCT_CN_WAVE2_0.1
LTMD-CN4-G2019-VP080,LTMD-CN4-G2019,2019,4,80,3,236,92.09,0.0254,text_detected,,,,textual,high,OCR_TEXT_RICH,text_rich,PAGESTRUCT_CN_WAVE2_0.1
LTMD-CN4-G2019-VP081,LTMD-CN4-G2019,2019,4,81,3,146,89.25,0.0959,text_detected,,,,textual,high,OCR_TEXT_RICH,text_rich,PAGESTRUCT_CN_WAVE2_0.1
LTMD-CN4-G2019-VP082,LTMD-CN4-G2019,2019,4,82,3,107,91.36,0.0467,text_detected,,,,mixed_text_image,medium,OCR_MODERATE_TEXT,text_present,PAGESTRUCT_CN_WAVE2_0.1
LTMD-CN4-G2019-VP083,LTMD-CN4-G2019,2019,4,83,3,441,93.46,0.0317,text_detected,,,,textual,high,OCR_TEXT_RICH,text_rich,PAGESTRUCT_CN_WAVE2_0.1
LTMD-CN4-G2019-VP084,LTMD-CN4-G2019,2019,4,84,3,83,87.15,0.0723,text_detected,,,,mixed_text_image,medium,OCR_MODERATE_TEXT,text_present,PAGESTRUCT_CN_WAVE2_0.1
LTMD-CN4-G2019-VP085,LTMD-CN4-G2019,2019,4,85,3,75,94.90,0.0133,text_detected,,,,mixed_text_image,medium,OCR_MODERATE_TEXT,text_present,PAGESTRUCT_CN_WAVE2_0.1
LTMD-CN4-G2019-VP086,LTMD-CN4-G2019,2019,4,86,3,149,90.63,0.0403,text_detected,,,,textual,high,OCR_TEXT_RICH,text_rich,PAGESTRUCT_CN_WAVE2_0.1
LTMD-CN4-G2019-VP087,LTMD-CN4-G2019,2019,4,87,3,166,93.80,0.0181,text_detected,,,,textual,high,OCR_TEXT_RICH,text_rich,PAGESTRUCT_CN_WAVE2_0.1
LTMD-CN4-G2019-VP088,LTMD-CN4-G2019,2019,4,88,3,335,91.74,0.0448,text_detected,,,,textual,high,OCR_TEXT_RICH,text_rich,PAGESTRUCT_CN_WAVE2_0.1
LTMD-CN4-G2019-VP089,LTMD-CN4-G2019,2019,4,89,3,159,90.81,0.0503,text_detected,,,,textual,high,OCR_TEXT_RICH,text_rich,PAGESTRUCT_CN_WAVE2_0.1
LTMD-CN4-G2019-VP090,LTMD-CN4-G2019,2019,4,90,3,255,91.65,0.0314,text_detected,,,,textual,high,OCR_TEXT_RICH,text_rich,PAGESTRUCT_CN_WAVE2_0.1
LTMD-CN4-G2019-VP091,LTMD-CN4-G2019,2019,4,91,3,169,88.63,0.0710,text_detected,,,,textual,high,OCR_TEXT_RICH,text_rich,PAGESTRUCT_CN_WAVE2_0.1
LTMD-CN4-G2019-VP092,LTMD-CN4-G2019,2019,4,92,3,132,92.13,0.0682,text_detected,,,,textual,high,OCR_TEXT_RICH,text_rich,PAGESTRUCT_CN_WAVE2_0.1
LTMD-CN4-G2019-VP093,LTMD-CN4-G2019,2019,4,93,3,155,86.71,0.1032,text_detected,,,,textual,high,OCR_TEXT_RICH,text_rich,PAGESTRUCT_CN_WAVE2_0.1
LTMD-CN4-G2019-VP094,LTMD-CN4-G2019,2019,4,94,3,180,94.10,0.0222,text_detected,,,,textual,high,OCR_TEXT_RICH,text_rich,PAGESTRUCT_CN_WAVE2_0.1
LTMD-CN4-G2019-VP095,LTMD-CN4-G2019,2019,4,95,3,304,93.13,0.0263,text_detected,,,,textual,high,OCR_TEXT_RICH,text_rich,PAGESTRUCT_CN_WAVE2_0.1
LTMD-CN4-G2019-VP096,LTMD-CN4-G2019,2019,4,96,3,218,93.51,0.0183,text_detected,,,,textual,high,OCR_TEXT_RICH,text_rich,PAGESTRUCT_CN_WAVE2_0.1
LTMD-CN4-G2019-VP097,LTMD-CN4-G2019,2019,4,97,3,177,93.56,0.0113,text_detected,,,,textual,high,OCR_TEXT_RICH,text_rich,PAGESTRUCT_CN_WAVE2_0.1
LTMD-CN4-G2019-VP098,LTMD-CN4-G2019,2019,4,98,6,278,27.06,0.9676,text_detected,,,,visual_only,high,OCR_VISUAL_NOISE,fallback_psm;visual_noise,PAGESTRUCT_CN_WAVE2_0.1
LTMD-CN4-G2019-VP099,LTMD-CN4-G2019,2019,4,99,3,22,84.27,0.1364,text_detected,,,,mixed_text_image,medium,OCR_MODERATE_TEXT,text_present,PAGESTRUCT_CN_WAVE2_0.1
LTMD-CN4-G2019-VP100,LTMD-CN4-G2019,2019,4,100,6,63,31.47,0.8413,text_detected,,,,visual_only,high,OCR_VISUAL_NOISE,fallback_psm;visual_noise,PAGESTRUCT_CN_WAVE2_0.1
LTMD-CN4-G2019-VP101,LTMD-CN4-G2019,2019,4,101,3,143,85.18,0.1329,text_detected,,,,textual,high,OCR_TEXT_RICH,text_rich,PAGESTRUCT_CN_WAVE2_0.1
LTMD-CN4-G2019-VP102,LTMD-CN4-G2019,2019,4,102,3,279,92.56,0.0358,text_detected,,,,textual,high,OCR_TEXT_RICH,text_rich,PAGESTRUCT_CN_WAVE2_0.1
LTMD-CN4-G2019-VP103,LTMD-CN4-G2019,2019,4,103,3,149,90.65,0.0537,text_detected,,,,textual,high,OCR_TEXT_RICH,text_rich,PAGESTRUCT_CN_WAVE2_0.1
LTMD-CN4-G2019-VP104,LTMD-CN4-G2019,2019,4,104,3,134,92.46,0.0299,text_detected,,,,textual,high,OCR_TEXT_RICH,text_rich,PAGESTRUCT_CN_WAVE2_0.1
LTMD-CN4-G2019-VP105,LTMD-CN4-G2019,2019,4,105,3,181,93.98,0.0110,text_detected,,,,textual,high,OCR_TEXT_RICH,text_rich,PAGESTRUCT_CN_WAVE2_0.1
LTMD-CN4-G2019-VP106,LTMD-CN4-G2019,2019,4,106,3,141,85.29,0.1277,text_detected,,,,textual,high,OCR_TEXT_RICH,text_rich,PAGESTRUCT_CN_WAVE2_0.1
LTMD-CN4-G2019-VP107,LTMD-CN4-G2019,2019,4,107,3,97,88.48,0.1134,text_detected,,,,mixed_text_image,medium,OCR_MODERATE_TEXT,text_present,PAGESTRUCT_CN_WAVE2_0.1
LTMD-CN4-G2019-VP108,LTMD-CN4-G2019,2019,4,108,3,154,91.59,0.0455,text_detected,,,,textual,high,OCR_TEXT_RICH,text_rich,PAGESTRUCT_CN_WAVE2_0.1
LTMD-CN4-G2019-VP109,LTMD-CN4-G2019,2019,4,109,3,176,93.17,0.0284,text_detected,,,,textual,high,OCR_TEXT_RICH,text_rich,PAGESTRUCT_CN_WAVE2_0.1
LTMD-CN4-G2019-VP110,LTMD-CN4-G2019,2019,4,110,6,23,33.70,0.8696,text_detected,,,,visual_only,high,OCR_VISUAL_NOISE,fallback_psm;visual_noise,PAGESTRUCT_CN_WAVE2_0.1
LTMD-CN4-G2019-VP111,LTMD-CN4-G2019,2019,4,111,3,159,91.77,0.0314,text_detected,,,,textual,high,OCR_TEXT_RICH,text_rich,PAGESTRUCT_CN_WAVE2_0.1
LTMD-CN4-G2019-VP112,LTMD-CN4-G2019,2019,4,112,3,222,93.86,0.0180,text_detected,,,,textual,high,OCR_TEXT_RICH,text_rich,PAGESTRUCT_CN_WAVE2_0.1
LTMD-CN4-G2019-VP113,LTMD-CN4-G2019,2019,4,113,3,220,92.73,0.0318,text_detected,,,,textual,high,OCR_TEXT_RICH,text_rich,PAGESTRUCT_CN_WAVE2_0.1
LTMD-CN4-G2019-VP114,LTMD-CN4-G2019,2019,4,114,3,124,90.90,0.0726,text_detected,,,,textual,high,OCR_TEXT_RICH,text_rich,PAGESTRUCT_CN_WAVE2_0.1
LTMD-CN4-G2019-VP115,LTMD-CN4-G2019,2019,4,115,3,211,92.36,0.0379,text_detected,,,,textual,high,OCR_TEXT_RICH,text_rich,PAGESTRUCT_CN_WAVE2_0.1
LTMD-CN4-G2019-VP116,LTMD-CN4-G2019,2019,4,116,3,161,88.90,0.0870,text_detected,,,,textual,high,OCR_TEXT_RICH,text_rich,PAGESTRUCT_CN_WAVE2_0.1
LTMD-CN4-G2019-VP117,LTMD-CN4-G2019,2019,4,117,3,112,93.08,0.0179,text_detected,,,,mixed_text_image,medium,OCR_MODERATE_TEXT,text_present,PAGESTRUCT_CN_WAVE2_0.1
LTMD-CN4-G2019-VP118,LTMD-CN4-G2019,2019,4,118,3,114,93.51,0.0175,text_detected,,,,mixed_text_image,medium,OCR_MODERATE_TEXT,text_present,PAGESTRUCT_CN_WAVE2_0.1
LTMD-CN4-G2019-VP119,LTMD-CN4-G2019,2019,4,119,3,128,94.29,0.0234,text_detected,,,,textual,high,OCR_TEXT_RICH,text_rich,PAGESTRUCT_CN_WAVE2_0.1
LTMD-CN4-G2019-VP120,LTMD-CN4-G2019,2019,4,120,3,172,92.74,0.0349,text_detected,,,,textual,high,OCR_TEXT_RICH,text_rich,PAGESTRUCT_CN_WAVE2_0.1
LTMD-CN4-G2019-VP121,LTMD-CN4-G2019,2019,4,121,3,268,94.53,0.0075,text_detected,,,,textual,high,OCR_TEXT_RICH,text_rich,PAGESTRUCT_CN_WAVE2_0.1
LTMD-CN4-G2019-VP122,LTMD-CN4-G2019,2019,4,122,3,175,93.61,0.0114,text_detected,,,,textual,high,OCR_TEXT_RICH,text_rich,PAGESTRUCT_CN_WAVE2_0.1
LTMD-CN4-G2019-VP123,LTMD-CN4-G2019,2019,4,123,3,97,92.21,0.0206,text_detected,,,,mixed_text_image,medium,OCR_MODERATE_TEXT,text_present,PAGESTRUCT_CN_WAVE2_0.1
LTMD-CN4-G2019-VP124,LTMD-CN4-G2019,2019,4,124,3,123,93.78,0.0163,text_detected,,,,textual,high,OCR_TEXT_RICH,text_rich,PAGESTRUCT_CN_WAVE2_0.1
LTMD-CN4-G2019-VP125,LTMD-CN4-G2019,2019,4,125,3,163,92.16,0.0368,text_detected,,,,textual,high,OCR_TEXT_RICH,text_rich,PAGESTRUCT_CN_WAVE2_0.1
LTMD-CN4-G2019-VP126,LTMD-CN4-G2019,2019,4,126,6,316,17.66,0.9873,text_detected,,,,visual_only,high,OCR_VISUAL_NOISE,fallback_psm;visual_noise,PAGESTRUCT_CN_WAVE2_0.1
LTMD-CN4-G2019-VP127,LTMD-CN4-G2019,2019,4,127,3,23,83.78,0.1739,text_detected,,,,mixed_text_image,medium,OCR_MODERATE_TEXT,text_present,PAGESTRUCT_CN_WAVE2_0.1
LTMD-CN4-G2019-VP128,LTMD-CN4-G2019,2019,4,128,6,85,30.71,0.8588,text_detected,,,,visual_only,high,OCR_VISUAL_NOISE,fallback_psm;visual_noise,PAGESTRUCT_CN_WAVE2_0.1
LTMD-CN4-G2019-VP129,LTMD-CN4-G2019,2019,4,129,3,148,90.67,0.0608,text_detected,,,,textual,high,OCR_TEXT_RICH,text_rich,PAGESTRUCT_CN_WAVE2_0.1
LTMD-CN4-G2019-VP130,LTMD-CN4-G2019,2019,4,130,3,193,93.05,0.0207,text_detected,,,,textual,high,OCR_TEXT_RICH,text_rich,PAGESTRUCT_CN_WAVE2_0.1
LTMD-CN4-G2019-VP131,LTMD-CN4-G2019,2019,4,131,3,242,90.92,0.0496,text_detected,,,,textual,high,OCR_TEXT_RICH,text_rich,PAGESTRUCT_CN_WAVE2_0.1
LTMD-CN4-G2019-VP132,LTMD-CN4-G2019,2019,4,132,3,117,94.17,0.0256,text_detected,,,,mixed_text_image,medium,OCR_MODERATE_TEXT,text_present,PAGESTRUCT_CN_WAVE2_0.1
LTMD-CN4-G2019-VP133,LTMD-CN4-G2019,2019,4,133,3,218,92.13,0.0459,text_detected,,,,textual,high,OCR_TEXT_RICH,text_rich,PAGESTRUCT_CN_WAVE2_0.1
LTMD-CN4-G2019-VP134,LTMD-CN4-G2019,2019,4,134,3,123,95.60,0.0081,text_detected,,,,textual,high,OCR_TEXT_RICH,text_rich,PAGESTRUCT_CN_WAVE2_0.1
LTMD-CN4-G2019-VP135,LTMD-CN4-G2019,2019,4,135,3,235,93.29,0.0255,text_detected,,,,textual,high,OCR_TEXT_RICH,text_rich,PAGESTRUCT_CN_WAVE2_0.1
LTMD-CN4-G2019-VP136,LTMD-CN4-G2019,2019,4,136,3,264,94.23,0.0076,text_detected,,,,textual,high,OCR_TEXT_RICH,text_rich,PAGESTRUCT_CN_WAVE2_0.1
LTMD-CN4-G2019-VP137,LTMD-CN4-G2019,2019,4,137,3,125,80.53,0.1920,text_detected,,,,textual,high,OCR_TEXT_RICH,text_rich,PAGESTRUCT_CN_WAVE2_0.1
LTMD-CN4-G2019-VP138,LTMD-CN4-G2019,2019,4,138,3,395,91.92,0.0405,text_detected,,,,textual,high,OCR_TEXT_RICH,text_rich,PAGESTRUCT_CN_WAVE2_0.1
LTMD-CN4-G2019-VP139,LTMD-CN4-G2019,2019,4,139,3,316,92.70,0.0443,text_detected,,,,textual,high,OCR_TEXT_RICH,text_rich,PAGESTRUCT_CN_WAVE2_0.1
LTMD-CN4-G2019-VP140,LTMD-CN4-G2019,2019,4,140,3,86,90.31,0.0930,text_detected,,,,mixed_text_image,medium,OCR_MODERATE_TEXT,text_present,PAGESTRUCT_CN_WAVE2_0.1
LTMD-CN4-G2019-VP141,LTMD-CN4-G2019,2019,4,141,3,356,93.02,0.0421,text_detected,,,,textual,high,OCR_TEXT_RICH,text_rich,PAGESTRUCT_CN_WAVE2_0.1
LTMD-CN4-G2019-VP142,LTMD-CN4-G2019,2019,4,142,3,241,87.69,0.0830,text_detected,,,,textual,high,OCR_TEXT_RICH,text_rich,PAGESTRUCT_CN_WAVE2_0.1
LTMD-CN4-G2019-VP143,LTMD-CN4-G2019,2019,4,143,3,81,91.61,0.0494,text_detected,,,,mixed_text_image,medium,OCR_MODERATE_TEXT,text_present,PAGESTRUCT_CN_WAVE2_0.1
LTMD-CN4-G2019-VP144,LTMD-CN4-G2019,2019,4,144,3,305,92.29,0.0295,text_detected,,,,textual,high,OCR_TEXT_RICH,text_rich,PAGESTRUCT_CN_WAVE2_0.1
LTMD-CN4-G2019-VP145,LTMD-CN4-G2019,2019,4,145,3,191,92.33,0.0419,text_detected,,,,textual,high,OCR_TEXT_RICH,text_rich,PAGESTRUCT_CN_WAVE2_0.1
LTMD-CN4-G2019-VP146,LTMD-CN4-G2019,2019,4,146,3,282,94.25,0.0142,text_detected,0,1,0,textual,high,OCR_TEXT_RICH,end_zone;text_rich;nav_kw,PAGESTRUCT_CN_WAVE2_0.1
LTMD-CN4-G2019-VP147,LTMD-CN4-G2019,2019,4,147,3,295,85.55,0.1186,text_detected,0,2,0,toc_or_navigation,high,KW_NAVIGATION,end_zone;text_rich;nav_kw,PAGESTRUCT_CN_WAVE2_0.1
LTMD-CN4-G2019-VP148,LTMD-CN4-G2019,2019,4,148,3,221,94.47,0.0136,text_detected,0,2,0,toc_or_navigation,high,KW_NAVIGATION,end_zone;text_rich;nav_kw,PAGESTRUCT_CN_WAVE2_0.1
LTMD-CN4-G2019-VP149,LTMD-CN4-G2019,2019,4,149,3,294,94.60,0.0204,text_detected,0,1,0,textual,high,OCR_TEXT_RICH,end_zone;text_rich;nav_kw,PAGESTRUCT_CN_WAVE2_0.1
LTMD-CN4-G2019-VP150,LTMD-CN4-G2019,2019,4,150,3,120,85.26,0.1333,text_detected,0,1,0,textual,high,OCR_TEXT_RICH,end_zone;text_rich;nav_kw,PAGESTRUCT_CN_WAVE2_0.1
LTMD-CN4-G2019-VP151,LTMD-CN4-G2019,2019,4,151,3,187,94.42,0.0107,text_detected,0,2,0,toc_or_navigation,high,KW_NAVIGATION,end_zone;text_rich;nav_kw,PAGESTRUCT_CN_WAVE2_0.1
LTMD-CN4-G2019-VP152,LTMD-CN4-G2019,2019,4,152,3,179,92.14,0.0391,text_detected,0,2,0,toc_or_navigation,high,KW_NAVIGATION,end_zone;text_rich;nav_kw,PAGESTRUCT_CN_WAVE2_0.1
LTMD-CN4-G2019-VP153,LTMD-CN4-G2019,2019,4,153,3,588,69.37,0.2925,text_detected,1,1,1,bibliography_or_credits,medium,KW_BIBLIO_CREDITS,end_zone;text_present;front_kw;nav_kw;biblio_credit_kw,PAGESTRUCT_CN_WAVE2_0.1
LTMD-CN4-G2019-VP154,LTMD-CN4-G2019,2019,4,154,3,512,91.66,0.0176,text_detected,0,0,1,bibliography_or_credits,medium,KW_BIBLIO_CREDITS,end_zone;text_rich;biblio_credit_kw,PAGESTRUCT_CN_WAVE2_0.1
LTMD-CN4-G2019-VP155,LTMD-CN4-G2019,2019,4,155,3,600,91.94,0.0200,text_detected,0,1,0,textual,high,OCR_TEXT_RICH,end_zone;text_rich;nav_kw,PAGESTRUCT_CN_WAVE2_0.1
LTMD-CN4-G2019-VP156,LTMD-CN4-G2019,2019,4,156,3,616,90.89,0.0341,text_detected,0,0,0,textual,high,OCR_TEXT_RICH,end_zone;text_rich,PAGESTRUCT_CN_WAVE2_0.1
LTMD-CN4-G2019-VP157,LTMD-CN4-G2019,2019,4,157,3,599,91.61,0.0234,text_detected,0,0,0,textual,high,OCR_TEXT_RICH,end_zone;text_rich,PAGESTRUCT_CN_WAVE2_0.1
LTMD-CN4-G2019-VP158,LTMD-CN4-G2019,2019,4,158,3,34,79.10,0.1471,text_detected,0,0,0,mixed_text_image,medium,OCR_MODERATE_TEXT,end_zone;text_present,PAGESTRUCT_CN_WAVE2_0.1
LTMD-CN4-G2019-VP159,LTMD-CN4-G2019,2019,4,159,3,200,91.74,0.0250,text_detected,0,0,0,textual,high,OCR_TEXT_RICH,end_zone;text_rich,PAGESTRUCT_CN_WAVE2_0.1
LTMD-CN4-G2019-VP160,LTMD-CN4-G2019,2019,4,160,3,45,93.80,0.0222,text_detected,0,0,1,bibliography_or_credits,medium,KW_BIBLIO_CREDITS,end_zone;text_present;biblio_credit_kw,PAGESTRUCT_CN_WAVE2_0.1
LTMD-CN4-G2019-VP161,LTMD-CN4-G2019,2019,4,161,,2,33.09,1.0000,no_text_detected,0,0,0,visual_only,high,OCR_VISUAL_NOISE,end_zone;visual_noise,PAGESTRUCT_CN_WAVE2_0.1
LTMD-CN5-G1982-VP001,LTMD-CN5-G1982,1982,5,1,3,2,96.02,0.0000,text_detected,0,0,0,unknown,low,CONSERVATIVE_UNKNOWN,front_zone,PAGESTRUCT_CN_WAVE2_0.1
LTMD-CN5-G1982-VP002,LTMD-CN5-G1982,1982,5,2,3,29,88.14,0.0690,text_detected,0,0,1,bibliography_or_credits,medium,KW_BIBLIO_CREDITS,front_zone;text_present;biblio_credit_kw,PAGESTRUCT_CN_WAVE2_0.1
LTMD-CN5-G1982-VP003,LTMD-CN5-G1982,1982,5,3,3,4,91.86,0.0000,text_detected,0,0,0,mixed_text_image,low,OCR_SPARSE_HIGH_CONF,front_zone,PAGESTRUCT_CN_WAVE2_0.1
LTMD-CN5-G1982-VP004,LTMD-CN5-G1982,1982,5,4,3,267,90.60,0.0337,text_detected,0,0,2,bibliography_or_credits,high,KW_BIBLIO_CREDITS,front_zone;text_rich;biblio_credit_kw,PAGESTRUCT_CN_WAVE2_0.1
LTMD-CN5-G1982-VP005,LTMD-CN5-G1982,1982,5,5,3,13,85.26,0.1538,text_detected,0,0,1,bibliography_or_credits,medium,KW_BIBLIO_CREDITS,front_zone;biblio_credit_kw,PAGESTRUCT_CN_WAVE2_0.1
LTMD-CN5-G1982-VP006,LTMD-CN5-G1982,1982,5,6,3,369,95.73,0.0000,text_detected,0,0,0,textual,high,OCR_TEXT_RICH,front_zone;text_rich,PAGESTRUCT_CN_WAVE2_0.1
LTMD-CN5-G1982-VP007,LTMD-CN5-G1982,1982,5,7,3,145,84.37,0.1172,text_detected,0,1,0,toc_or_navigation,medium,KW_NAVIGATION,front_zone;text_rich;nav_kw,PAGESTRUCT_CN_WAVE2_0.1
LTMD-CN5-G1982-VP008,LTMD-CN5-G1982,1982,5,8,6,35,32.20,0.8000,text_detected,0,0,0,visual_only,high,OCR_VISUAL_NOISE,front_zone;fallback_psm;visual_noise,PAGESTRUCT_CN_WAVE2_0.1
LTMD-CN5-G1982-VP009,LTMD-CN5-G1982,1982,5,9,6,30,32.34,0.9667,text_detected,0,0,0,visual_only,high,OCR_VISUAL_NOISE,front_zone;fallback_psm;visual_noise,PAGESTRUCT_CN_WAVE2_0.1
LTMD-CN5-G1982-VP010,LTMD-CN5-G1982,1982,5,10,6,129,31.29,0.9147,text_detected,0,0,0,visual_only,high,OCR_VISUAL_NOISE,front_zone;fallback_psm;visual_noise,PAGESTRUCT_CN_WAVE2_0.1
LTMD-CN5-G1982-VP011,LTMD-CN5-G1982,1982,5,11,3,194,94.90,0.0052,text_detected,0,0,0,textual,high,OCR_TEXT_RICH,front_zone;text_rich,PAGESTRUCT_CN_WAVE2_0.1
LTMD-CN5-G1982-VP012,LTMD-CN5-G1982,1982,5,12,3,68,95.36,0.0147,text_detected,0,1,0,toc_or_navigation,medium,KW_NAVIGATION,front_zone;text_present;nav_kw,PAGESTRUCT_CN_WAVE2_0.1
LTMD-CN5-G1982-VP013,LTMD-CN5-G1982,1982,5,13,3,17,95.70,0.0000,text_detected,0,0,0,mixed_text_image,low,OCR_SPARSE_HIGH_CONF,front_zone,PAGESTRUCT_CN_WAVE2_0.1
LTMD-CN5-G1982-VP014,LTMD-CN5-G1982,1982,5,14,3,176,94.24,0.0114,text_detected,0,0,0,textual,high,OCR_TEXT_RICH,front_zone;text_rich,PAGESTRUCT_CN_WAVE2_0.1
LTMD-CN5-G1982-VP015,LTMD-CN5-G1982,1982,5,15,3,63,93.30,0.0159,text_detected,0,0,0,mixed_text_image,medium,OCR_MODERATE_TEXT,front_zone;text_present,PAGESTRUCT_CN_WAVE2_0.1
LTMD-CN5-G1982-VP016,LTMD-CN5-G1982,1982,5,16,3,101,94.60,0.0099,text_detected,0,0,0,mixed_text_image,medium,OCR_MODERATE_TEXT,front_zone;text_present,PAGESTRUCT_CN_WAVE2_0.1
LTMD-CN5-G1982-VP017,LTMD-CN5-G1982,1982,5,17,3,39,95.83,0.0000,text_detected,,,,mixed_text_image,medium,OCR_MODERATE_TEXT,text_present,PAGESTRUCT_CN_WAVE2_0.1
LTMD-CN5-G1982-VP018,LTMD-CN5-G1982,1982,5,18,3,148,95.67,0.0000,text_detected,,,,textual,high,OCR_TEXT_RICH,text_rich,PAGESTRUCT_CN_WAVE2_0.1
LTMD-CN5-G1982-VP019,LTMD-CN5-G1982,1982,5,19,3,109,94.57,0.0000,text_detected,,,,mixed_text_image,medium,OCR_MODERATE_TEXT,text_present,PAGESTRUCT_CN_WAVE2_0.1
LTMD-CN5-G1982-VP020,LTMD-CN5-G1982,1982,5,20,3,18,95.29,0.0000,text_detected,,,,mixed_text_image,low,OCR_SPARSE_HIGH_CONF,,PAGESTRUCT_CN_WAVE2_0.1
LTMD-CN5-G1982-VP021,LTMD-CN5-G1982,1982,5,21,3,10,88.02,0.1000,text_detected,,,,mixed_text_image,low,OCR_SPARSE_HIGH_CONF,,PAGESTRUCT_CN_WAVE2_0.1
LTMD-CN5-G1982-VP022,LTMD-CN5-G1982,1982,5,22,3,150,95.12,0.0000,text_detected,,,,textual,high,OCR_TEXT_RICH,text_rich,PAGESTRUCT_CN_WAVE2_0.1
LTMD-CN5-G1982-VP023,LTMD-CN5-G1982,1982,5,23,3,190,95.00,0.0105,text_detected,,,,textual,high,OCR_TEXT_RICH,text_rich,PAGESTRUCT_CN_WAVE2_0.1
LTMD-CN5-G1982-VP024,LTMD-CN5-G1982,1982,5,24,3,123,96.13,0.0000,text_detected,,,,textual,high,OCR_TEXT_RICH,text_rich,PAGESTRUCT_CN_WAVE2_0.1
LTMD-CN5-G1982-VP025,LTMD-CN5-G1982,1982,5,25,3,138,95.35,0.0000,text_detected,,,,textual,high,OCR_TEXT_RICH,text_rich,PAGESTRUCT_CN_WAVE2_0.1
LTMD-CN5-G1982-VP026,LTMD-CN5-G1982,1982,5,26,3,34,95.89,0.0000,text_detected,,,,mixed_text_image,medium,OCR_MODERATE_TEXT,text_present,PAGESTRUCT_CN_WAVE2_0.1
LTMD-CN5-G1982-VP027,LTMD-CN5-G1982,1982,5,27,6,10,40.36,0.8000,text_detected,,,,visual_only,high,OCR_VISUAL_NOISE,fallback_psm;visual_noise,PAGESTRUCT_CN_WAVE2_0.1
LTMD-CN5-G1982-VP028,LTMD-CN5-G1982,1982,5,28,6,11,38.49,0.9091,text_detected,,,,visual_only,high,OCR_VISUAL_NOISE,fallback_psm;visual_noise,PAGESTRUCT_CN_WAVE2_0.1
LTMD-CN5-G1982-VP029,LTMD-CN5-G1982,1982,5,29,11,8,38.89,0.7500,text_detected,,,,visual_only,medium,OCR_VISUAL_NOISE,fallback_psm;visual_noise,PAGESTRUCT_CN_WAVE2_0.1
LTMD-CN5-G1982-VP030,LTMD-CN5-G1982,1982,5,30,6,106,21.64,0.9623,text_detected,,,,visual_only,high,OCR_VISUAL_NOISE,fallback_psm;visual_noise,PAGESTRUCT_CN_WAVE2_0.1
LTMD-CN5-G1982-VP031,LTMD-CN5-G1982,1982,5,31,3,273,96.05,0.0000,text_detected,,,,textual,high,OCR_TEXT_RICH,text_rich,PAGESTRUCT_CN_WAVE2_0.1
LTMD-CN5-G1982-VP032,LTMD-CN5-G1982,1982,5,32,3,246,95.50,0.0041,text_detected,,,,textual,high,OCR_TEXT_RICH,text_rich,PAGESTRUCT_CN_WAVE2_0.1
LTMD-CN5-G1982-VP033,LTMD-CN5-G1982,1982,5,33,3,122,94.14,0.0164,text_detected,,,,textual,high,OCR_TEXT_RICH,text_rich,PAGESTRUCT_CN_WAVE2_0.1
LTMD-CN5-G1982-VP034,LTMD-CN5-G1982,1982,5,34,3,98,92.69,0.0510,text_detected,,,,mixed_text_image,medium,OCR_MODERATE_TEXT,text_present,PAGESTRUCT_CN_WAVE2_0.1
LTMD-CN5-G1982-VP035,LTMD-CN5-G1982,1982,5,35,3,171,95.66,0.0000,text_detected,,,,textual,high,OCR_TEXT_RICH,text_rich,PAGESTRUCT_CN_WAVE2_0.1
LTMD-CN5-G1982-VP036,LTMD-CN5-G1982,1982,5,36,3,106,95.31,0.0000,text_detected,,,,mixed_text_image,medium,OCR_MODERATE_TEXT,text_present,PAGESTRUCT_CN_WAVE2_0.1
LTMD-CN5-G1982-VP037,LTMD-CN5-G1982,1982,5,37,3,198,85.96,0.0960,text_detected,,,,textual,high,OCR_TEXT_RICH,text_rich,PAGESTRUCT_CN_WAVE2_0.1
LTMD-CN5-G1982-VP038,LTMD-CN5-G1982,1982,5,38,6,80,31.06,0.9375,text_detected,,,,visual_only,high,OCR_VISUAL_NOISE,fallback_psm;visual_noise,PAGESTRUCT_CN_WAVE2_0.1
LTMD-CN5-G1982-VP039,LTMD-CN5-G1982,1982,5,39,3,134,94.72,0.0075,text_detected,,,,textual,high,OCR_TEXT_RICH,text_rich,PAGESTRUCT_CN_WAVE2_0.1
LTMD-CN5-G1982-VP040,LTMD-CN5-G1982,1982,5,40,3,137,94.09,0.0219,text_detected,,,,textual,high,OCR_TEXT_RICH,text_rich,PAGESTRUCT_CN_WAVE2_0.1
LTMD-CN5-G1982-VP041,LTMD-CN5-G1982,1982,5,41,3,99,95.62,0.0000,text_detected,,,,mixed_text_image,medium,OCR_MODERATE_TEXT,text_present,PAGESTRUCT_CN_WAVE2_0.1
LTMD-CN5-G1982-VP042,LTMD-CN5-G1982,1982,5,42,3,116,94.93,0.0086,text_detected,,,,mixed_text_image,medium,OCR_MODERATE_TEXT,text_present,PAGESTRUCT_CN_WAVE2_0.1
LTMD-CN5-G1982-VP043,LTMD-CN5-G1982,1982,5,43,3,223,95.00,0.0135,text_detected,,,,textual,high,OCR_TEXT_RICH,text_rich,PAGESTRUCT_CN_WAVE2_0.1
LTMD-CN5-G1982-VP044,LTMD-CN5-G1982,1982,5,44,3,174,93.14,0.0057,text_detected,,,,textual,high,OCR_TEXT_RICH,text_rich,PAGESTRUCT_CN_WAVE2_0.1
LTMD-CN5-G1982-VP045,LTMD-CN5-G1982,1982,5,45,3,82,86.10,0.1098,text_detected,,,,mixed_text_image,medium,OCR_MODERATE_TEXT,text_present,PAGESTRUCT_CN_WAVE2_0.1
LTMD-CN5-G1982-VP046,LTMD-CN5-G1982,1982,5,46,3,190,94.80,0.0105,text_detected,,,,textual,high,OCR_TEXT_RICH,text_rich,PAGESTRUCT_CN_WAVE2_0.1
LTMD-CN5-G1982-VP047,LTMD-CN5-G1982,1982,5,47,3,125,95.00,0.0000,text_detected,,,,textual,high,OCR_TEXT_RICH,text_rich,PAGESTRUCT_CN_WAVE2_0.1
LTMD-CN5-G1982-VP048,LTMD-CN5-G1982,1982,5,48,3,322,92.19,0.0342,text_detected,,,,textual,high,OCR_TEXT_RICH,text_rich,PAGESTRUCT_CN_WAVE2_0.1
LTMD-CN5-G1982-VP049,LTMD-CN5-G1982,1982,5,49,6,73,32.68,0.8904,text_detected,,,,visual_only,high,OCR_VISUAL_NOISE,fallback_psm;visual_noise,PAGESTRUCT_CN_WAVE2_0.1
LTMD-CN5-G1982-VP050,LTMD-CN5-G1982,1982,5,50,6,106,29.36,0.9340,text_detected,,,,visual_only,high,OCR_VISUAL_NOISE,fallback_psm;visual_noise,PAGESTRUCT_CN_WAVE2_0.1
LTMD-CN5-G1982-VP051,LTMD-CN5-G1982,1982,5,51,3,107,90.32,0.0748,text_detected,,,,mixed_text_image,medium,OCR_MODERATE_TEXT,text_present,PAGESTRUCT_CN_WAVE2_0.1
LTMD-CN5-G1982-VP052,LTMD-CN5-G1982,1982,5,52,3,74,94.43,0.0135,text_detected,,,,mixed_text_image,medium,OCR_MODERATE_TEXT,text_present,PAGESTRUCT_CN_WAVE2_0.1
LTMD-CN5-G1982-VP053,LTMD-CN5-G1982,1982,5,53,3,130,95.59,0.0000,text_detected,,,,textual,high,OCR_TEXT_RICH,text_rich,PAGESTRUCT_CN_WAVE2_0.1
LTMD-CN5-G1982-VP054,LTMD-CN5-G1982,1982,5,54,6,177,27.92,0.9605,text_detected,,,,visual_only,high,OCR_VISUAL_NOISE,fallback_psm;visual_noise,PAGESTRUCT_CN_WAVE2_0.1
LTMD-CN5-G1982-VP055,LTMD-CN5-G1982,1982,5,55,6,142,31.93,0.9155,text_detected,,,,visual_only,high,OCR_VISUAL_NOISE,fallback_psm;visual_noise,PAGESTRUCT_CN_WAVE2_0.1
LTMD-CN5-G1982-VP056,LTMD-CN5-G1982,1982,5,56,3,192,93.86,0.0156,text_detected,,,,textual,high,OCR_TEXT_RICH,text_rich,PAGESTRUCT_CN_WAVE2_0.1
LTMD-CN5-G1982-VP057,LTMD-CN5-G1982,1982,5,57,3,233,94.44,0.0215,text_detected,,,,textual,high,OCR_TEXT_RICH,text_rich,PAGESTRUCT_CN_WAVE2_0.1
LTMD-CN5-G1982-VP058,LTMD-CN5-G1982,1982,5,58,6,6,34.07,0.8333,text_detected,,,,visual_only,high,OCR_VISUAL_NOISE,fallback_psm;visual_noise,PAGESTRUCT_CN_WAVE2_0.1
LTMD-CN5-G1982-VP059,LTMD-CN5-G1982,1982,5,59,3,130,95.28,0.0000,text_detected,,,,textual,high,OCR_TEXT_RICH,text_rich,PAGESTRUCT_CN_WAVE2_0.1
LTMD-CN5-G1982-VP060,LTMD-CN5-G1982,1982,5,60,3,193,95.61,0.0052,text_detected,,,,textual,high,OCR_TEXT_RICH,text_rich,PAGESTRUCT_CN_WAVE2_0.1
LTMD-CN5-G1982-VP061,LTMD-CN5-G1982,1982,5,61,3,256,95.37,0.0000,text_detected,,,,textual,high,OCR_TEXT_RICH,text_rich,PAGESTRUCT_CN_WAVE2_0.1
LTMD-CN5-G1982-VP062,LTMD-CN5-G1982,1982,5,62,3,248,95.59,0.0000,text_detected,,,,textual,high,OCR_TEXT_RICH,text_rich,PAGESTRUCT_CN_WAVE2_0.1
LTMD-CN5-G1982-VP063,LTMD-CN5-G1982,1982,5,63,3,231,95.74,0.0000,text_detected,,,,textual,high,OCR_TEXT_RICH,text_rich,PAGESTRUCT_CN_WAVE2_0.1
LTMD-CN5-G1982-VP064,LTMD-CN5-G1982,1982,5,64,3,236,93.59,0.0297,text_detected,,,,textual,high,OCR_TEXT_RICH,text_rich,PAGESTRUCT_CN_WAVE2_0.1
LTMD-CN5-G1982-VP065,LTMD-CN5-G1982,1982,5,65,3,194,95.81,0.0000,text_detected,,,,textual,high,OCR_TEXT_RICH,text_rich,PAGESTRUCT_CN_WAVE2_0.1
LTMD-CN5-G1982-VP066,LTMD-CN5-G1982,1982,5,66,11,7,25.02,1.0000,text_detected,,,,visual_only,high,OCR_VISUAL_NOISE,fallback_psm;visual_noise,PAGESTRUCT_CN_WAVE2_0.1
LTMD-CN5-G1982-VP067,LTMD-CN5-G1982,1982,5,67,3,229,95.10,0.0000,text_detected,,,,textual,high,OCR_TEXT_RICH,text_rich,PAGESTRUCT_CN_WAVE2_0.1
LTMD-CN5-G1982-VP068,LTMD-CN5-G1982,1982,5,68,3,41,95.24,0.0000,text_detected,,,,mixed_text_image,medium,OCR_MODERATE_TEXT,text_present,PAGESTRUCT_CN_WAVE2_0.1
LTMD-CN5-G1982-VP069,LTMD-CN5-G1982,1982,5,69,3,124,95.81,0.0000,text_detected,,,,textual,high,OCR_TEXT_RICH,text_rich,PAGESTRUCT_CN_WAVE2_0.1
LTMD-CN5-G1982-VP070,LTMD-CN5-G1982,1982,5,70,3,219,95.71,0.0000,text_detected,,,,textual,high,OCR_TEXT_RICH,text_rich,PAGESTRUCT_CN_WAVE2_0.1
LTMD-CN5-G1982-VP071,LTMD-CN5-G1982,1982,5,71,3,230,93.90,0.0217,text_detected,,,,textual,high,OCR_TEXT_RICH,text_rich,PAGESTRUCT_CN_WAVE2_0.1
LTMD-CN5-G1982-VP072,LTMD-CN5-G1982,1982,5,72,3,223,95.14,0.0090,text_detected,,,,textual,high,OCR_TEXT_RICH,text_rich,PAGESTRUCT_CN_WAVE2_0.1
LTMD-CN5-G1982-VP073,LTMD-CN5-G1982,1982,5,73,3,253,95.26,0.0040,text_detected,,,,textual,high,OCR_TEXT_RICH,text_rich,PAGESTRUCT_CN_WAVE2_0.1
LTMD-CN5-G1982-VP074,LTMD-CN5-G1982,1982,5,74,3,79,94.49,0.0127,text_detected,,,,mixed_text_image,medium,OCR_MODERATE_TEXT,text_present,PAGESTRUCT_CN_WAVE2_0.1
LTMD-CN5-G1982-VP075,LTMD-CN5-G1982,1982,5,75,3,141,95.96,0.0000,text_detected,,,,textual,high,OCR_TEXT_RICH,text_rich,PAGESTRUCT_CN_WAVE2_0.1
LTMD-CN5-G1982-VP076,LTMD-CN5-G1982,1982,5,76,6,123,20.69,0.9431,text_detected,,,,visual_only,high,OCR_VISUAL_NOISE,fallback_psm;visual_noise,PAGESTRUCT_CN_WAVE2_0.1
LTMD-CN5-G1982-VP077,LTMD-CN5-G1982,1982,5,77,3,87,95.48,0.0000,text_detected,,,,mixed_text_image,medium,OCR_MODERATE_TEXT,text_present,PAGESTRUCT_CN_WAVE2_0.1
LTMD-CN5-G1982-VP078,LTMD-CN5-G1982,1982,5,78,6,37,30.22,0.8649,text_detected,,,,visual_only,high,OCR_VISUAL_NOISE,fallback_psm;visual_noise,PAGESTRUCT_CN_WAVE2_0.1
LTMD-CN5-G1982-VP079,LTMD-CN5-G1982,1982,5,79,6,46,27.91,0.9348,text_detected,,,,visual_only,high,OCR_VISUAL_NOISE,fallback_psm;visual_noise,PAGESTRUCT_CN_WAVE2_0.1
LTMD-CN5-G1982-VP080,LTMD-CN5-G1982,1982,5,80,3,215,95.08,0.0047,text_detected,,,,textual,high,OCR_TEXT_RICH,text_rich,PAGESTRUCT_CN_WAVE2_0.1
LTMD-CN5-G1982-VP081,LTMD-CN5-G1982,1982,5,81,3,277,95.53,0.0000,text_detected,,,,textual,high,OCR_TEXT_RICH,text_rich,PAGESTRUCT_CN_WAVE2_0.1
LTMD-CN5-G1982-VP082,LTMD-CN5-G1982,1982,5,82,3,316,94.91,0.0032,text_detected,,,,textual,high,OCR_TEXT_RICH,text_rich,PAGESTRUCT_CN_WAVE2_0.1
LTMD-CN5-G1982-VP083,LTMD-CN5-G1982,1982,5,83,3,297,95.25,0.0000,text_detected,,,,textual,high,OCR_TEXT_RICH,text_rich,PAGESTRUCT_CN_WAVE2_0.1
LTMD-CN5-G1982-VP084,LTMD-CN5-G1982,1982,5,84,6,29,30.74,0.8966,text_detected,,,,visual_only,high,OCR_VISUAL_NOISE,fallback_psm;visual_noise,PAGESTRUCT_CN_WAVE2_0.1
LTMD-CN5-G1982-VP085,LTMD-CN5-G1982,1982,5,85,3,208,95.26,0.0048,text_detected,,,,textual,high,OCR_TEXT_RICH,text_rich,PAGESTRUCT_CN_WAVE2_0.1
LTMD-CN5-G1982-VP086,LTMD-CN5-G1982,1982,5,86,3,189,95.20,0.0000,text_detected,,,,textual,high,OCR_TEXT_RICH,text_rich,PAGESTRUCT_CN_WAVE2_0.1
LTMD-CN5-G1982-VP087,LTMD-CN5-G1982,1982,5,87,3,255,94.55,0.0078,text_detected,,,,textual,high,OCR_TEXT_RICH,text_rich,PAGESTRUCT_CN_WAVE2_0.1
LTMD-CN5-G1982-VP088,LTMD-CN5-G1982,1982,5,88,3,186,93.65,0.0161,text_detected,,,,textual,high,OCR_TEXT_RICH,text_rich,PAGESTRUCT_CN_WAVE2_0.1
LTMD-CN5-G1982-VP089,LTMD-CN5-G1982,1982,5,89,3,341,94.48,0.0117,text_detected,,,,textual,high,OCR_TEXT_RICH,text_rich,PAGESTRUCT_CN_WAVE2_0.1
LTMD-CN5-G1982-VP090,LTMD-CN5-G1982,1982,5,90,6,25,31.43,0.9200,text_detected,,,,visual_only,high,OCR_VISUAL_NOISE,fallback_psm;visual_noise,PAGESTRUCT_CN_WAVE2_0.1
LTMD-CN5-G1982-VP091,LTMD-CN5-G1982,1982,5,91,3,76,93.41,0.0263,text_detected,,,,mixed_text_image,medium,OCR_MODERATE_TEXT,text_present,PAGESTRUCT_CN_WAVE2_0.1
LTMD-CN5-G1982-VP092,LTMD-CN5-G1982,1982,5,92,3,113,95.34,0.0000,text_detected,,,,mixed_text_image,medium,OCR_MODERATE_TEXT,text_present,PAGESTRUCT_CN_WAVE2_0.1
LTMD-CN5-G1982-VP093,LTMD-CN5-G1982,1982,5,93,3,309,94.88,0.0097,text_detected,,,,textual,high,OCR_TEXT_RICH,text_rich,PAGESTRUCT_CN_WAVE2_0.1
LTMD-CN5-G1982-VP094,LTMD-CN5-G1982,1982,5,94,3,297,95.86,0.0000,text_detected,,,,textual,high,OCR_TEXT_RICH,text_rich,PAGESTRUCT_CN_WAVE2_0.1
LTMD-CN5-G1982-VP095,LTMD-CN5-G1982,1982,5,95,3,255,95.57,0.0000,text_detected,,,,textual,high,OCR_TEXT_RICH,text_rich,PAGESTRUCT_CN_WAVE2_0.1
LTMD-CN5-G1982-VP096,LTMD-CN5-G1982,1982,5,96,3,202,95.57,0.0050,text_detected,,,,textual,high,OCR_TEXT_RICH,text_rich,PAGESTRUCT_CN_WAVE2_0.1
LTMD-CN5-G1982-VP097,LTMD-CN5-G1982,1982,5,97,3,309,95.47,0.0032,text_detected,,,,textual,high,OCR_TEXT_RICH,text_rich,PAGESTRUCT_CN_WAVE2_0.1
LTMD-CN5-G1982-VP098,LTMD-CN5-G1982,1982,5,98,3,189,94.04,0.0212,text_detected,,,,textual,high,OCR_TEXT_RICH,text_rich,PAGESTRUCT_CN_WAVE2_0.1
LTMD-CN5-G1982-VP099,LTMD-CN5-G1982,1982,5,99,3,327,93.73,0.0183,text_detected,,,,textual,high,OCR_TEXT_RICH,text_rich,PAGESTRUCT_CN_WAVE2_0.1
LTMD-CN5-G1982-VP100,LTMD-CN5-G1982,1982,5,100,6,26,34.94,0.8846,text_detected,,,,visual_only,high,OCR_VISUAL_NOISE,fallback_psm;visual_noise,PAGESTRUCT_CN_WAVE2_0.1
LTMD-CN5-G1982-VP101,LTMD-CN5-G1982,1982,5,101,3,176,95.32,0.0057,text_detected,,,,textual,high,OCR_TEXT_RICH,text_rich,PAGESTRUCT_CN_WAVE2_0.1
LTMD-CN5-G1982-VP102,LTMD-CN5-G1982,1982,5,102,3,127,93.51,0.0315,text_detected,,,,textual,high,OCR_TEXT_RICH,text_rich,PAGESTRUCT_CN_WAVE2_0.1
LTMD-CN5-G1982-VP103,LTMD-CN5-G1982,1982,5,103,3,197,95.23,0.0051,text_detected,,,,textual,high,OCR_TEXT_RICH,text_rich,PAGESTRUCT_CN_WAVE2_0.1
LTMD-CN5-G1982-VP104,LTMD-CN5-G1982,1982,5,104,3,58,80.79,0.1552,text_detected,,,,mixed_text_image,medium,OCR_MODERATE_TEXT,text_present,PAGESTRUCT_CN_WAVE2_0.1
LTMD-CN5-G1982-VP105,LTMD-CN5-G1982,1982,5,105,3,185,95.94,0.0000,text_detected,,,,textual,high,OCR_TEXT_RICH,text_rich,PAGESTRUCT_CN_WAVE2_0.1
LTMD-CN5-G1982-VP106,LTMD-CN5-G1982,1982,5,106,3,114,89.40,0.0965,text_detected,,,,mixed_text_image,medium,OCR_MODERATE_TEXT,text_present,PAGESTRUCT_CN_WAVE2_0.1
LTMD-CN5-G1982-VP107,LTMD-CN5-G1982,1982,5,107,3,283,95.12,0.0106,text_detected,,,,textual,high,OCR_TEXT_RICH,text_rich,PAGESTRUCT_CN_WAVE2_0.1
LTMD-CN5-G1982-VP108,LTMD-CN5-G1982,1982,5,108,3,319,95.10,0.0031,text_detected,,,,textual,high,OCR_TEXT_RICH,text_rich,PAGESTRUCT_CN_WAVE2_0.1
LTMD-CN5-G1982-VP109,LTMD-CN5-G1982,1982,5,109,3,82,92.05,0.0488,text_detected,,,,mixed_text_image,medium,OCR_MODERATE_TEXT,text_present,PAGESTRUCT_CN_WAVE2_0.1
LTMD-CN5-G1982-VP110,LTMD-CN5-G1982,1982,5,110,3,253,95.14,0.0040,text_detected,,,,textual,high,OCR_TEXT_RICH,text_rich,PAGESTRUCT_CN_WAVE2_0.1
LTMD-CN5-G1982-VP111,LTMD-CN5-G1982,1982,5,111,3,353,94.84,0.0113,text_detected,,,,textual,high,OCR_TEXT_RICH,text_rich,PAGESTRUCT_CN_WAVE2_0.1
LTMD-CN5-G1982-VP112,LTMD-CN5-G1982,1982,5,112,3,53,91.38,0.0189,text_detected,,,,mixed_text_image,medium,OCR_MODERATE_TEXT,text_present,PAGESTRUCT_CN_WAVE2_0.1
LTMD-CN5-G1982-VP113,LTMD-CN5-G1982,1982,5,113,11,56,40.38,0.7679,text_detected,,,,visual_only,medium,OCR_VISUAL_NOISE,fallback_psm;visual_noise,PAGESTRUCT_CN_WAVE2_0.1
LTMD-CN5-G1982-VP114,LTMD-CN5-G1982,1982,5,114,6,59,32.69,0.8305,text_detected,,,,visual_only,high,OCR_VISUAL_NOISE,fallback_psm;visual_noise,PAGESTRUCT_CN_WAVE2_0.1
LTMD-CN5-G1982-VP115,LTMD-CN5-G1982,1982,5,115,3,110,96.47,0.0000,text_detected,,,,mixed_text_image,medium,OCR_MODERATE_TEXT,text_present,PAGESTRUCT_CN_WAVE2_0.1
LTMD-CN5-G1982-VP116,LTMD-CN5-G1982,1982,5,116,3,41,95.94,0.0000,text_detected,,,,mixed_text_image,medium,OCR_MODERATE_TEXT,text_present,PAGESTRUCT_CN_WAVE2_0.1
LTMD-CN5-G1982-VP117,LTMD-CN5-G1982,1982,5,117,3,54,96.31,0.0000,text_detected,,,,mixed_text_image,medium,OCR_MODERATE_TEXT,text_present,PAGESTRUCT_CN_WAVE2_0.1
LTMD-CN5-G1982-VP118,LTMD-CN5-G1982,1982,5,118,3,263,94.34,0.0152,text_detected,,,,textual,high,OCR_TEXT_RICH,text_rich,PAGESTRUCT_CN_WAVE2_0.1
LTMD-CN5-G1982-VP119,LTMD-CN5-G1982,1982,5,119,3,37,95.58,0.0000,text_detected,,,,mixed_text_image,medium,OCR_MODERATE_TEXT,text_present,PAGESTRUCT_CN_WAVE2_0.1
LTMD-CN5-G1982-VP120,LTMD-CN5-G1982,1982,5,120,3,54,86.79,0.0741,text_detected,,,,mixed_text_image,medium,OCR_MODERATE_TEXT,text_present,PAGESTRUCT_CN_WAVE2_0.1
LTMD-CN5-G1982-VP121,LTMD-CN5-G1982,1982,5,121,6,46,34.46,0.8478,text_detected,,,,visual_only,high,OCR_VISUAL_NOISE,fallback_psm;visual_noise,PAGESTRUCT_CN_WAVE2_0.1
LTMD-CN5-G1982-VP122,LTMD-CN5-G1982,1982,5,122,3,52,91.94,0.0577,text_detected,,,,mixed_text_image,medium,OCR_MODERATE_TEXT,text_present,PAGESTRUCT_CN_WAVE2_0.1
LTMD-CN5-G1982-VP123,LTMD-CN5-G1982,1982,5,123,3,161,95.72,0.0000,text_detected,,,,textual,high,OCR_TEXT_RICH,text_rich,PAGESTRUCT_CN_WAVE2_0.1
LTMD-CN5-G1982-VP124,LTMD-CN5-G1982,1982,5,124,3,189,95.26,0.0000,text_detected,,,,textual,high,OCR_TEXT_RICH,text_rich,PAGESTRUCT_CN_WAVE2_0.1
LTMD-CN5-G1982-VP125,LTMD-CN5-G1982,1982,5,125,3,241,94.92,0.0000,text_detected,,,,textual,high,OCR_TEXT_RICH,text_rich,PAGESTRUCT_CN_WAVE2_0.1
LTMD-CN5-G1982-VP126,LTMD-CN5-G1982,1982,5,126,3,189,95.02,0.0106,text_detected,,,,textual,high,OCR_TEXT_RICH,text_rich,PAGESTRUCT_CN_WAVE2_0.1
LTMD-CN5-G1982-VP127,LTMD-CN5-G1982,1982,5,127,3,165,95.72,0.0000,text_detected,,,,textual,high,OCR_TEXT_RICH,text_rich,PAGESTRUCT_CN_WAVE2_0.1
LTMD-CN5-G1982-VP128,LTMD-CN5-G1982,1982,5,128,3,198,95.65,0.0000,text_detected,,,,textual,high,OCR_TEXT_RICH,text_rich,PAGESTRUCT_CN_WAVE2_0.1
LTMD-CN5-G1982-VP129,LTMD-CN5-G1982,1982,5,129,3,338,95.19,0.0059,text_detected,,,,textual,high,OCR_TEXT_RICH,text_rich,PAGESTRUCT_CN_WAVE2_0.1
LTMD-CN5-G1982-VP130,LTMD-CN5-G1982,1982,5,130,3,1,94.58,0.0000,text_detected,,,,unknown,low,CONSERVATIVE_UNKNOWN,,PAGESTRUCT_CN_WAVE2_0.1
LTMD-CN5-G1982-VP131,LTMD-CN5-G1982,1982,5,131,3,169,95.61,0.0000,text_detected,,,,textual,high,OCR_TEXT_RICH,text_rich,PAGESTRUCT_CN_WAVE2_0.1
LTMD-CN5-G1982-VP132,LTMD-CN5-G1982,1982,5,132,3,86,95.44,0.0000,text_detected,,,,mixed_text_image,medium,OCR_MODERATE_TEXT,text_present,PAGESTRUCT_CN_WAVE2_0.1
LTMD-CN5-G1982-VP133,LTMD-CN5-G1982,1982,5,133,3,262,95.43,0.0000,text_detected,,,,textual,high,OCR_TEXT_RICH,text_rich,PAGESTRUCT_CN_WAVE2_0.1
LTMD-CN5-G1982-VP134,LTMD-CN5-G1982,1982,5,134,3,267,95.53,0.0000,text_detected,,,,textual,high,OCR_TEXT_RICH,text_rich,PAGESTRUCT_CN_WAVE2_0.1
LTMD-CN5-G1982-VP135,LTMD-CN5-G1982,1982,5,135,3,205,94.96,0.0098,text_detected,,,,textual,high,OCR_TEXT_RICH,text_rich,PAGESTRUCT_CN_WAVE2_0.1
LTMD-CN5-G1982-VP136,LTMD-CN5-G1982,1982,5,136,3,242,94.99,0.0083,text_detected,,,,textual,high,OCR_TEXT_RICH,text_rich,PAGESTRUCT_CN_WAVE2_0.1
LTMD-CN5-G1982-VP137,LTMD-CN5-G1982,1982,5,137,3,173,95.75,0.0000,text_detected,,,,textual,high,OCR_TEXT_RICH,text_rich,PAGESTRUCT_CN_WAVE2_0.1
LTMD-CN5-G1982-VP138,LTMD-CN5-G1982,1982,5,138,3,191,95.41,0.0000,text_detected,,,,textual,high,OCR_TEXT_RICH,text_rich,PAGESTRUCT_CN_WAVE2_0.1
LTMD-CN5-G1982-VP139,LTMD-CN5-G1982,1982,5,139,3,250,95.08,0.0000,text_detected,,,,textual,high,OCR_TEXT_RICH,text_rich,PAGESTRUCT_CN_WAVE2_0.1
LTMD-CN5-G1982-VP140,LTMD-CN5-G1982,1982,5,140,3,1,96.14,0.0000,text_detected,,,,unknown,low,CONSERVATIVE_UNKNOWN,,PAGESTRUCT_CN_WAVE2_0.1
LTMD-CN5-G1982-VP141,LTMD-CN5-G1982,1982,5,141,3,105,95.30,0.0000,text_detected,,,,mixed_text_image,medium,OCR_MODERATE_TEXT,text_present,PAGESTRUCT_CN_WAVE2_0.1
LTMD-CN5-G1982-VP142,LTMD-CN5-G1982,1982,5,142,3,36,94.84,0.0000,text_detected,,,,mixed_text_image,medium,OCR_MODERATE_TEXT,text_present,PAGESTRUCT_CN_WAVE2_0.1
LTMD-CN5-G1982-VP143,LTMD-CN5-G1982,1982,5,143,3,178,95.75,0.0000,text_detected,,,,textual,high,OCR_TEXT_RICH,text_rich,PAGESTRUCT_CN_WAVE2_0.1
LTMD-CN5-G1982-VP144,LTMD-CN5-G1982,1982,5,144,3,331,95.24,0.0000,text_detected,,,,textual,high,OCR_TEXT_RICH,text_rich,PAGESTRUCT_CN_WAVE2_0.1
LTMD-CN5-G1982-VP145,LTMD-CN5-G1982,1982,5,145,3,225,94.32,0.0133,text_detected,,,,textual,high,OCR_TEXT_RICH,text_rich,PAGESTRUCT_CN_WAVE2_0.1
LTMD-CN5-G1982-VP146,LTMD-CN5-G1982,1982,5,146,3,258,94.88,0.0039,text_detected,,,,textual,high,OCR_TEXT_RICH,text_rich,PAGESTRUCT_CN_WAVE2_0.1
LTMD-CN5-G1982-VP147,LTMD-CN5-G1982,1982,5,147,3,348,94.89,0.0057,text_detected,,,,textual,high,OCR_TEXT_RICH,text_rich,PAGESTRUCT_CN_WAVE2_0.1
LTMD-CN5-G1982-VP148,LTMD-CN5-G1982,1982,5,148,3,6,40.67,0.8333,text_detected,,,,unknown,low,CONSERVATIVE_UNKNOWN,,PAGESTRUCT_CN_WAVE2_0.1
LTMD-CN5-G1982-VP149,LTMD-CN5-G1982,1982,5,149,3,171,95.52,0.0000,text_detected,,,,textual,high,OCR_TEXT_RICH,text_rich,PAGESTRUCT_CN_WAVE2_0.1
LTMD-CN5-G1982-VP150,LTMD-CN5-G1982,1982,5,150,3,203,95.14,0.0000,text_detected,,,,textual,high,OCR_TEXT_RICH,text_rich,PAGESTRUCT_CN_WAVE2_0.1
LTMD-CN5-G1982-VP151,LTMD-CN5-G1982,1982,5,151,3,155,95.49,0.0000,text_detected,,,,textual,high,OCR_TEXT_RICH,text_rich,PAGESTRUCT_CN_WAVE2_0.1
LTMD-CN5-G1982-VP152,LTMD-CN5-G1982,1982,5,152,3,165,94.69,0.0000,text_detected,,,,textual,high,OCR_TEXT_RICH,text_rich,PAGESTRUCT_CN_WAVE2_0.1
LTMD-CN5-G1982-VP153,LTMD-CN5-G1982,1982,5,153,3,154,95.20,0.0065,text_detected,,,,textual,high,OCR_TEXT_RICH,text_rich,PAGESTRUCT_CN_WAVE2_0.1
LTMD-CN5-G1982-VP154,LTMD-CN5-G1982,1982,5,154,3,232,95.24,0.0086,text_detected,,,,textual,high,OCR_TEXT_RICH,text_rich,PAGESTRUCT_CN_WAVE2_0.1
LTMD-CN5-G1982-VP155,LTMD-CN5-G1982,1982,5,155,3,104,95.27,0.0000,text_detected,,,,mixed_text_image,medium,OCR_MODERATE_TEXT,text_present,PAGESTRUCT_CN_WAVE2_0.1
LTMD-CN5-G1982-VP156,LTMD-CN5-G1982,1982,5,156,3,93,95.53,0.0000,text_detected,,,,mixed_text_image,medium,OCR_MODERATE_TEXT,text_present,PAGESTRUCT_CN_WAVE2_0.1
LTMD-CN5-G1982-VP157,LTMD-CN5-G1982,1982,5,157,3,128,94.21,0.0156,text_detected,,,,textual,high,OCR_TEXT_RICH,text_rich,PAGESTRUCT_CN_WAVE2_0.1
LTMD-CN5-G1982-VP158,LTMD-CN5-G1982,1982,5,158,3,174,95.32,0.0000,text_detected,,,,textual,high,OCR_TEXT_RICH,text_rich,PAGESTRUCT_CN_WAVE2_0.1
LTMD-CN5-G1982-VP159,LTMD-CN5-G1982,1982,5,159,3,240,95.43,0.0000,text_detected,,,,textual,high,OCR_TEXT_RICH,text_rich,PAGESTRUCT_CN_WAVE2_0.1
LTMD-CN5-G1982-VP160,LTMD-CN5-G1982,1982,5,160,3,99,95.54,0.0000,text_detected,,,,mixed_text_image,medium,OCR_MODERATE_TEXT,text_present,PAGESTRUCT_CN_WAVE2_0.1
LTMD-CN5-G1982-VP161,LTMD-CN5-G1982,1982,5,161,3,193,95.87,0.0000,text_detected,,,,textual,high,OCR_TEXT_RICH,text_rich,PAGESTRUCT_CN_WAVE2_0.1
LTMD-CN5-G1982-VP162,LTMD-CN5-G1982,1982,5,162,3,253,95.48,0.0040,text_detected,,,,textual,high,OCR_TEXT_RICH,text_rich,PAGESTRUCT_CN_WAVE2_0.1
LTMD-CN5-G1982-VP163,LTMD-CN5-G1982,1982,5,163,3,1,96.58,0.0000,text_detected,,,,unknown,low,CONSERVATIVE_UNKNOWN,,PAGESTRUCT_CN_WAVE2_0.1
LTMD-CN5-G1982-VP164,LTMD-CN5-G1982,1982,5,164,3,1,96.86,0.0000,text_detected,,,,unknown,low,CONSERVATIVE_UNKNOWN,,PAGESTRUCT_CN_WAVE2_0.1
LTMD-CN5-G1982-VP165,LTMD-CN5-G1982,1982,5,165,3,172,95.40,0.0000,text_detected,,,,textual,high,OCR_TEXT_RICH,text_rich,PAGESTRUCT_CN_WAVE2_0.1
LTMD-CN5-G1982-VP166,LTMD-CN5-G1982,1982,5,166,3,152,94.81,0.0066,text_detected,,,,textual,high,OCR_TEXT_RICH,text_rich,PAGESTRUCT_CN_WAVE2_0.1
LTMD-CN5-G1982-VP167,LTMD-CN5-G1982,1982,5,167,3,158,95.33,0.0000,text_detected,,,,textual,high,OCR_TEXT_RICH,text_rich,PAGESTRUCT_CN_WAVE2_0.1
LTMD-CN5-G1982-VP168,LTMD-CN5-G1982,1982,5,168,3,151,94.26,0.0199,text_detected,,,,textual,high,OCR_TEXT_RICH,text_rich,PAGESTRUCT_CN_WAVE2_0.1
LTMD-CN5-G1982-VP169,LTMD-CN5-G1982,1982,5,169,3,139,94.93,0.0072,text_detected,,,,textual,high,OCR_TEXT_RICH,text_rich,PAGESTRUCT_CN_WAVE2_0.1
LTMD-CN5-G1982-VP170,LTMD-CN5-G1982,1982,5,170,3,175,94.87,0.0057,text_detected,,,,textual,high,OCR_TEXT_RICH,text_rich,PAGESTRUCT_CN_WAVE2_0.1
LTMD-CN5-G1982-VP171,LTMD-CN5-G1982,1982,5,171,3,237,94.52,0.0127,text_detected,,,,textual,high,OCR_TEXT_RICH,text_rich,PAGESTRUCT_CN_WAVE2_0.1
LTMD-CN5-G1982-VP172,LTMD-CN5-G1982,1982,5,172,6,112,27.09,0.9196,text_detected,,,,visual_only,high,OCR_VISUAL_NOISE,fallback_psm;visual_noise,PAGESTRUCT_CN_WAVE2_0.1
LTMD-CN5-G1982-VP173,LTMD-CN5-G1982,1982,5,173,3,123,95.48,0.0000,text_detected,,,,textual,high,OCR_TEXT_RICH,text_rich,PAGESTRUCT_CN_WAVE2_0.1
LTMD-CN5-G1982-VP174,LTMD-CN5-G1982,1982,5,174,3,247,95.27,0.0000,text_detected,,,,textual,high,OCR_TEXT_RICH,text_rich,PAGESTRUCT_CN_WAVE2_0.1
LTMD-CN5-G1982-VP175,LTMD-CN5-G1982,1982,5,175,3,195,95.09,0.0000,text_detected,,,,textual,high,OCR_TEXT_RICH,text_rich,PAGESTRUCT_CN_WAVE2_0.1
LTMD-CN5-G1982-VP176,LTMD-CN5-G1982,1982,5,176,3,46,93.56,0.0435,text_detected,,,,mixed_text_image,medium,OCR_MODERATE_TEXT,text_present,PAGESTRUCT_CN_WAVE2_0.1
LTMD-CN5-G1982-VP177,LTMD-CN5-G1982,1982,5,177,3,179,95.72,0.0000,text_detected,,,,textual,high,OCR_TEXT_RICH,text_rich,PAGESTRUCT_CN_WAVE2_0.1
LTMD-CN5-G1982-VP178,LTMD-CN5-G1982,1982,5,178,3,248,95.30,0.0040,text_detected,,,,textual,high,OCR_TEXT_RICH,text_rich,PAGESTRUCT_CN_WAVE2_0.1
LTMD-CN5-G1982-VP179,LTMD-CN5-G1982,1982,5,179,3,101,95.30,0.0000,text_detected,,,,mixed_text_image,medium,OCR_MODERATE_TEXT,text_present,PAGESTRUCT_CN_WAVE2_0.1
LTMD-CN5-G1982-VP180,LTMD-CN5-G1982,1982,5,180,3,1,96.85,0.0000,text_detected,,,,unknown,low,CONSERVATIVE_UNKNOWN,,PAGESTRUCT_CN_WAVE2_0.1
LTMD-CN5-G1982-VP181,LTMD-CN5-G1982,1982,5,181,3,259,94.73,0.0077,text_detected,,,,textual,high,OCR_TEXT_RICH,text_rich,PAGESTRUCT_CN_WAVE2_0.1
LTMD-CN5-G1982-VP182,LTMD-CN5-G1982,1982,5,182,3,109,94.00,0.0092,text_detected,,,,mixed_text_image,medium,OCR_MODERATE_TEXT,text_present,PAGESTRUCT_CN_WAVE2_0.1
LTMD-CN5-G1982-VP183,LTMD-CN5-G1982,1982,5,183,3,197,95.21,0.0000,text_detected,,,,textual,high,OCR_TEXT_RICH,text_rich,PAGESTRUCT_CN_WAVE2_0.1
LTMD-CN5-G1982-VP184,LTMD-CN5-G1982,1982,5,184,3,165,94.59,0.0061,text_detected,,,,textual,high,OCR_TEXT_RICH,text_rich,PAGESTRUCT_CN_WAVE2_0.1
LTMD-CN5-G1982-VP185,LTMD-CN5-G1982,1982,5,185,3,13,96.39,0.0000,text_detected,,,,mixed_text_image,low,OCR_SPARSE_HIGH_CONF,,PAGESTRUCT_CN_WAVE2_0.1
LTMD-CN5-G1982-VP186,LTMD-CN5-G1982,1982,5,186,3,38,94.04,0.0263,text_detected,,,,mixed_text_image,medium,OCR_MODERATE_TEXT,text_present,PAGESTRUCT_CN_WAVE2_0.1
LTMD-CN5-G1982-VP187,LTMD-CN5-G1982,1982,5,187,3,234,95.21,0.0043,text_detected,,,,textual,high,OCR_TEXT_RICH,text_rich,PAGESTRUCT_CN_WAVE2_0.1
LTMD-CN5-G1982-VP188,LTMD-CN5-G1982,1982,5,188,3,122,95.70,0.0000,text_detected,,,,textual,high,OCR_TEXT_RICH,text_rich,PAGESTRUCT_CN_WAVE2_0.1
LTMD-CN5-G1982-VP189,LTMD-CN5-G1982,1982,5,189,3,139,94.98,0.0000,text_detected,,,,textual,high,OCR_TEXT_RICH,text_rich,PAGESTRUCT_CN_WAVE2_0.1
LTMD-CN5-G1982-VP190,LTMD-CN5-G1982,1982,5,190,11,55,36.57,0.8727,text_detected,,,,visual_only,high,OCR_VISUAL_NOISE,fallback_psm;visual_noise,PAGESTRUCT_CN_WAVE2_0.1
LTMD-CN5-G1982-VP191,LTMD-CN5-G1982,1982,5,191,3,235,95.27,0.0043,text_detected,,,,textual,high,OCR_TEXT_RICH,text_rich,PAGESTRUCT_CN_WAVE2_0.1
LTMD-CN5-G1982-VP192,LTMD-CN5-G1982,1982,5,192,3,271,95.59,0.0000,text_detected,,,,textual,high,OCR_TEXT_RICH,text_rich,PAGESTRUCT_CN_WAVE2_0.1
LTMD-CN5-G1982-VP193,LTMD-CN5-G1982,1982,5,193,3,106,95.95,0.0000,text_detected,,,,mixed_text_image,medium,OCR_MODERATE_TEXT,text_present,PAGESTRUCT_CN_WAVE2_0.1
LTMD-CN5-G1982-VP194,LTMD-CN5-G1982,1982,5,194,3,214,95.86,0.0000,text_detected,,,,textual,high,OCR_TEXT_RICH,text_rich,PAGESTRUCT_CN_WAVE2_0.1
LTMD-CN5-G1982-VP195,LTMD-CN5-G1982,1982,5,195,3,214,95.63,0.0047,text_detected,,,,textual,high,OCR_TEXT_RICH,text_rich,PAGESTRUCT_CN_WAVE2_0.1
LTMD-CN5-G1982-VP196,LTMD-CN5-G1982,1982,5,196,3,243,95.35,0.0041,text_detected,,,,textual,high,OCR_TEXT_RICH,text_rich,PAGESTRUCT_CN_WAVE2_0.1
LTMD-CN5-G1982-VP197,LTMD-CN5-G1982,1982,5,197,3,29,96.13,0.0000,text_detected,,,,mixed_text_image,medium,OCR_MODERATE_TEXT,text_present,PAGESTRUCT_CN_WAVE2_0.1
LTMD-CN5-G1982-VP198,LTMD-CN5-G1982,1982,5,198,3,217,93.21,0.0369,text_detected,,,,textual,high,OCR_TEXT_RICH,text_rich,PAGESTRUCT_CN_WAVE2_0.1
LTMD-CN5-G1982-VP199,LTMD-CN5-G1982,1982,5,199,3,345,95.68,0.0000,text_detected,,,,textual,high,OCR_TEXT_RICH,text_rich,PAGESTRUCT_CN_WAVE2_0.1
LTMD-CN5-G1982-VP200,LTMD-CN5-G1982,1982,5,200,6,40,29.63,0.9750,text_detected,,,,visual_only,high,OCR_VISUAL_NOISE,fallback_psm;visual_noise,PAGESTRUCT_CN_WAVE2_0.1
LTMD-CN5-G1982-VP201,LTMD-CN5-G1982,1982,5,201,3,172,95.14,0.0058,text_detected,,,,textual,high,OCR_TEXT_RICH,text_rich,PAGESTRUCT_CN_WAVE2_0.1
LTMD-CN5-G1982-VP202,LTMD-CN5-G1982,1982,5,202,3,46,95.99,0.0000,text_detected,,,,mixed_text_image,medium,OCR_MODERATE_TEXT,text_present,PAGESTRUCT_CN_WAVE2_0.1
LTMD-CN5-G1982-VP203,LTMD-CN5-G1982,1982,5,203,3,164,95.63,0.0000,text_detected,,,,textual,high,OCR_TEXT_RICH,text_rich,PAGESTRUCT_CN_WAVE2_0.1
LTMD-CN5-G1982-VP204,LTMD-CN5-G1982,1982,5,204,3,176,94.84,0.0114,text_detected,,,,textual,high,OCR_TEXT_RICH,text_rich,PAGESTRUCT_CN_WAVE2_0.1
LTMD-CN5-G1982-VP205,LTMD-CN5-G1982,1982,5,205,3,193,94.93,0.0104,text_detected,,,,textual,high,OCR_TEXT_RICH,text_rich,PAGESTRUCT_CN_WAVE2_0.1
LTMD-CN5-G1982-VP206,LTMD-CN5-G1982,1982,5,206,3,222,95.05,0.0045,text_detected,,,,textual,high,OCR_TEXT_RICH,text_rich,PAGESTRUCT_CN_WAVE2_0.1
LTMD-CN5-G1982-VP207,LTMD-CN5-G1982,1982,5,207,3,186,92.09,0.0269,text_detected,,,,textual,high,OCR_TEXT_RICH,text_rich,PAGESTRUCT_CN_WAVE2_0.1
LTMD-CN5-G1982-VP208,LTMD-CN5-G1982,1982,5,208,3,369,95.38,0.0108,text_detected,,,,textual,high,OCR_TEXT_RICH,text_rich,PAGESTRUCT_CN_WAVE2_0.1
LTMD-CN5-G1982-VP209,LTMD-CN5-G1982,1982,5,209,3,80,59.40,0.4500,text_detected,,,,unknown,low,CONSERVATIVE_UNKNOWN,,PAGESTRUCT_CN_WAVE2_0.1
LTMD-CN5-G1982-VP210,LTMD-CN5-G1982,1982,5,210,3,192,88.03,0.0573,text_detected,,,,textual,high,OCR_TEXT_RICH,text_rich,PAGESTRUCT_CN_WAVE2_0.1
LTMD-CN5-G1982-VP211,LTMD-CN5-G1982,1982,5,211,3,284,95.14,0.0070,text_detected,,,,textual,high,OCR_TEXT_RICH,text_rich,PAGESTRUCT_CN_WAVE2_0.1
LTMD-CN5-G1982-VP212,LTMD-CN5-G1982,1982,5,212,3,312,95.45,0.0000,text_detected,,,,textual,high,OCR_TEXT_RICH,text_rich,PAGESTRUCT_CN_WAVE2_0.1
LTMD-CN5-G1982-VP213,LTMD-CN5-G1982,1982,5,213,3,193,94.37,0.0155,text_detected,,,,textual,high,OCR_TEXT_RICH,text_rich,PAGESTRUCT_CN_WAVE2_0.1
LTMD-CN5-G1982-VP214,LTMD-CN5-G1982,1982,5,214,3,340,95.42,0.0029,text_detected,,,,textual,high,OCR_TEXT_RICH,text_rich,PAGESTRUCT_CN_WAVE2_0.1
LTMD-CN5-G1982-VP215,LTMD-CN5-G1982,1982,5,215,3,94,90.14,0.0213,text_detected,,,,mixed_text_image,medium,OCR_MODERATE_TEXT,text_present,PAGESTRUCT_CN_WAVE2_0.1
LTMD-CN5-G1982-VP216,LTMD-CN5-G1982,1982,5,216,6,22,31.61,0.9091,text_detected,,,,visual_only,high,OCR_VISUAL_NOISE,fallback_psm;visual_noise,PAGESTRUCT_CN_WAVE2_0.1
LTMD-CN5-G1982-VP217,LTMD-CN5-G1982,1982,5,217,3,242,95.34,0.0041,text_detected,,,,textual,high,OCR_TEXT_RICH,text_rich,PAGESTRUCT_CN_WAVE2_0.1
LTMD-CN5-G1982-VP218,LTMD-CN5-G1982,1982,5,218,3,300,95.72,0.0067,text_detected,,,,textual,high,OCR_TEXT_RICH,text_rich,PAGESTRUCT_CN_WAVE2_0.1
LTMD-CN5-G1982-VP219,LTMD-CN5-G1982,1982,5,219,3,37,50.70,0.5946,text_detected,,,,unknown,low,CONSERVATIVE_UNKNOWN,,PAGESTRUCT_CN_WAVE2_0.1
LTMD-CN5-G1982-VP220,LTMD-CN5-G1982,1982,5,220,3,226,95.90,0.0000,text_detected,,,,textual,high,OCR_TEXT_RICH,text_rich,PAGESTRUCT_CN_WAVE2_0.1
LTMD-CN5-G1982-VP221,LTMD-CN5-G1982,1982,5,221,3,363,95.50,0.0000,text_detected,,,,textual,high,OCR_TEXT_RICH,text_rich,PAGESTRUCT_CN_WAVE2_0.1
LTMD-CN5-G1982-VP222,LTMD-CN5-G1982,1982,5,222,3,203,95.30,0.0049,text_detected,,,,textual,high,OCR_TEXT_RICH,text_rich,PAGESTRUCT_CN_WAVE2_0.1
LTMD-CN5-G1982-VP223,LTMD-CN5-G1982,1982,5,223,3,241,95.16,0.0000,text_detected,,,,textual,high,OCR_TEXT_RICH,text_rich,PAGESTRUCT_CN_WAVE2_0.1
LTMD-CN5-G1982-VP224,LTMD-CN5-G1982,1982,5,224,3,184,94.95,0.0054,text_detected,,,,textual,high,OCR_TEXT_RICH,text_rich,PAGESTRUCT_CN_WAVE2_0.1
LTMD-CN5-G1982-VP225,LTMD-CN5-G1982,1982,5,225,3,203,95.90,0.0000,text_detected,,,,textual,high,OCR_TEXT_RICH,text_rich,PAGESTRUCT_CN_WAVE2_0.1
LTMD-CN5-G1982-VP226,LTMD-CN5-G1982,1982,5,226,3,1,96.90,0.0000,text_detected,,,,unknown,low,CONSERVATIVE_UNKNOWN,,PAGESTRUCT_CN_WAVE2_0.1
LTMD-CN5-G1982-VP227,LTMD-CN5-G1982,1982,5,227,3,269,95.48,0.0000,text_detected,,,,textual,high,OCR_TEXT_RICH,text_rich,PAGESTRUCT_CN_WAVE2_0.1
LTMD-CN5-G1982-VP228,LTMD-CN5-G1982,1982,5,228,3,202,95.39,0.0050,text_detected,,,,textual,high,OCR_TEXT_RICH,text_rich,PAGESTRUCT_CN_WAVE2_0.1
LTMD-CN5-G1982-VP229,LTMD-CN5-G1982,1982,5,229,3,80,90.69,0.0625,text_detected,,,,mixed_text_image,medium,OCR_MODERATE_TEXT,text_present,PAGESTRUCT_CN_WAVE2_0.1
LTMD-CN5-G1982-VP230,LTMD-CN5-G1982,1982,5,230,3,39,94.80,0.0000,text_detected,,,,mixed_text_image,medium,OCR_MODERATE_TEXT,text_present,PAGESTRUCT_CN_WAVE2_0.1
LTMD-CN5-G1982-VP231,LTMD-CN5-G1982,1982,5,231,3,223,94.94,0.0090,text_detected,,,,textual,high,OCR_TEXT_RICH,text_rich,PAGESTRUCT_CN_WAVE2_0.1
LTMD-CN5-G1982-VP232,LTMD-CN5-G1982,1982,5,232,3,389,93.66,0.0180,text_detected,,,,textual,high,OCR_TEXT_RICH,text_rich,PAGESTRUCT_CN_WAVE2_0.1
LTMD-CN5-G1982-VP233,LTMD-CN5-G1982,1982,5,233,3,42,95.16,0.0000,text_detected,,,,mixed_text_image,medium,OCR_MODERATE_TEXT,text_present,PAGESTRUCT_CN_WAVE2_0.1
LTMD-CN5-G1982-VP234,LTMD-CN5-G1982,1982,5,234,3,176,95.48,0.0057,text_detected,,,,textual,high,OCR_TEXT_RICH,text_rich,PAGESTRUCT_CN_WAVE2_0.1
LTMD-CN5-G1982-VP235,LTMD-CN5-G1982,1982,5,235,3,64,92.97,0.0312,text_detected,,,,mixed_text_image,medium,OCR_MODERATE_TEXT,text_present,PAGESTRUCT_CN_WAVE2_0.1
LTMD-CN5-G1982-VP236,LTMD-CN5-G1982,1982,5,236,3,399,95.28,0.0050,text_detected,,,,textual,high,OCR_TEXT_RICH,text_rich,PAGESTRUCT_CN_WAVE2_0.1
LTMD-CN5-G1982-VP237,LTMD-CN5-G1982,1982,5,237,6,31,36.49,0.8065,text_detected,,,,visual_only,high,OCR_VISUAL_NOISE,fallback_psm;visual_noise,PAGESTRUCT_CN_WAVE2_0.1
LTMD-CN5-G1982-VP238,LTMD-CN5-G1982,1982,5,238,6,107,22.60,0.9439,text_detected,,,,visual_only,high,OCR_VISUAL_NOISE,fallback_psm;visual_noise,PAGESTRUCT_CN_WAVE2_0.1
LTMD-CN5-G1982-VP239,LTMD-CN5-G1982,1982,5,239,3,216,95.15,0.0000,text_detected,,,,textual,high,OCR_TEXT_RICH,text_rich,PAGESTRUCT_CN_WAVE2_0.1
LTMD-CN5-G1982-VP240,LTMD-CN5-G1982,1982,5,240,3,205,93.23,0.0293,text_detected,,,,textual,high,OCR_TEXT_RICH,text_rich,PAGESTRUCT_CN_WAVE2_0.1
LTMD-CN5-G1982-VP241,LTMD-CN5-G1982,1982,5,241,3,173,95.18,0.0058,text_detected,,,,textual,high,OCR_TEXT_RICH,text_rich,PAGESTRUCT_CN_WAVE2_0.1
LTMD-CN5-G1982-VP242,LTMD-CN5-G1982,1982,5,242,3,206,94.65,0.0097,text_detected,,,,textual,high,OCR_TEXT_RICH,text_rich,PAGESTRUCT_CN_WAVE2_0.1
LTMD-CN5-G1982-VP243,LTMD-CN5-G1982,1982,5,243,3,212,95.92,0.0000,text_detected,0,0,0,textual,high,OCR_TEXT_RICH,end_zone;text_rich,PAGESTRUCT_CN_WAVE2_0.1
LTMD-CN5-G1982-VP244,LTMD-CN5-G1982,1982,5,244,3,99,95.95,0.0000,text_detected,0,0,0,mixed_text_image,medium,OCR_MODERATE_TEXT,end_zone;text_present,PAGESTRUCT_CN_WAVE2_0.1
LTMD-CN5-G1982-VP245,LTMD-CN5-G1982,1982,5,245,3,36,95.76,0.0000,text_detected,0,0,0,mixed_text_image,medium,OCR_MODERATE_TEXT,end_zone;text_present,PAGESTRUCT_CN_WAVE2_0.1
LTMD-CN5-G1982-VP246,LTMD-CN5-G1982,1982,5,246,6,122,29.57,0.9508,text_detected,0,0,0,visual_only,high,OCR_VISUAL_NOISE,end_zone;fallback_psm;visual_noise,PAGESTRUCT_CN_WAVE2_0.1
LTMD-CN5-G1982-VP247,LTMD-CN5-G1982,1982,5,247,3,108,95.62,0.0000,text_detected,0,0,0,mixed_text_image,medium,OCR_MODERATE_TEXT,end_zone;text_present,PAGESTRUCT_CN_WAVE2_0.1
LTMD-CN5-G1982-VP248,LTMD-CN5-G1982,1982,5,248,3,166,95.60,0.0000,text_detected,0,0,0,textual,high,OCR_TEXT_RICH,end_zone;text_rich,PAGESTRUCT_CN_WAVE2_0.1
LTMD-CN5-G1982-VP249,LTMD-CN5-G1982,1982,5,249,3,232,95.57,0.0000,text_detected,0,0,0,textual,high,OCR_TEXT_RICH,end_zone;text_rich,PAGESTRUCT_CN_WAVE2_0.1
LTMD-CN5-G1982-VP250,LTMD-CN5-G1982,1982,5,250,3,138,95.05,0.0000,text_detected,0,0,0,textual,high,OCR_TEXT_RICH,end_zone;text_rich,PAGESTRUCT_CN_WAVE2_0.1
LTMD-CN5-G1982-VP251,LTMD-CN5-G1982,1982,5,251,3,42,94.04,0.0238,text_detected,0,0,0,mixed_text_image,medium,OCR_MODERATE_TEXT,end_zone;text_present,PAGESTRUCT_CN_WAVE2_0.1
LTMD-CN5-G1982-VP252,LTMD-CN5-G1982,1982,5,252,11,22,32.69,0.8182,text_detected,0,0,0,visual_only,high,OCR_VISUAL_NOISE,end_zone;fallback_psm;visual_noise,PAGESTRUCT_CN_WAVE2_0.1
LTMD-CN5-G1982-VP253,LTMD-CN5-G1982,1982,5,253,6,71,35.28,0.8592,text_detected,0,0,0,visual_only,high,OCR_VISUAL_NOISE,end_zone;fallback_psm;visual_noise,PAGESTRUCT_CN_WAVE2_0.1
LTMD-CN5-G1982-VP254,LTMD-CN5-G1982,1982,5,254,3,350,95.57,0.0000,text_detected,0,1,0,textual,high,OCR_TEXT_RICH,end_zone;text_rich;nav_kw,PAGESTRUCT_CN_WAVE2_0.1
LTMD-CN5-G1982-VP255,LTMD-CN5-G1982,1982,5,255,3,363,87.51,0.0661,text_detected,0,1,0,textual,high,OCR_TEXT_RICH,end_zone;text_rich;nav_kw,PAGESTRUCT_CN_WAVE2_0.1
LTMD-CN5-G1982-VP256,LTMD-CN5-G1982,1982,5,256,6,92,29.85,0.8804,text_detected,0,0,0,visual_only,high,OCR_VISUAL_NOISE,end_zone;fallback_psm;visual_noise,PAGESTRUCT_CN_WAVE2_0.1
LTMD-CN5-G1982-VP257,LTMD-CN5-G1982,1982,5,257,3,146,83.16,0.1027,text_detected,0,0,0,textual,high,OCR_TEXT_RICH,end_zone;text_rich,PAGESTRUCT_CN_WAVE2_0.1
LTMD-CN5-G1982-VP258,LTMD-CN5-G1982,1982,5,258,3,4,95.22,0.0000,text_detected,0,0,1,bibliography_or_credits,medium,KW_BIBLIO_CREDITS,end_zone;biblio_credit_kw,PAGESTRUCT_CN_WAVE2_0.1
LTMD-CN5-G2008-VP001,LTMD-CN5-G2008,2008,5,1,3,2,48.91,0.5000,text_detected,0,0,0,visual_only,medium,OCR_VISUAL_NOISE,front_zone;visual_noise,PAGESTRUCT_CN_WAVE2_0.1
LTMD-CN5-G2008-VP002,LTMD-CN5-G2008,2008,5,2,3,416,87.72,0.0745,text_detected,0,0,6,bibliography_or_credits,high,KW_BIBLIO_CREDITS,front_zone;text_rich;biblio_credit_kw,PAGESTRUCT_CN_WAVE2_0.1
LTMD-CN5-G2008-VP003,LTMD-CN5-G2008,2008,5,3,3,262,95.60,0.0038,text_detected,1,1,1,bibliography_or_credits,medium,KW_BIBLIO_CREDITS,front_zone;text_rich;front_kw;nav_kw;biblio_credit_kw,PAGESTRUCT_CN_WAVE2_0.1
LTMD-CN5-G2008-VP004,LTMD-CN5-G2008,2008,5,4,3,162,92.11,0.0432,text_detected,1,3,0,toc_or_navigation,high,KW_NAVIGATION,front_zone;text_rich;front_kw;nav_kw,PAGESTRUCT_CN_WAVE2_0.1
LTMD-CN5-G2008-VP005,LTMD-CN5-G2008,2008,5,5,3,144,89.19,0.0764,text_detected,1,4,0,toc_or_navigation,high,KW_NAVIGATION,front_zone;text_rich;front_kw;nav_kw,PAGESTRUCT_CN_WAVE2_0.1
LTMD-CN5-G2008-VP006,LTMD-CN5-G2008,2008,5,6,3,211,83.41,0.1185,text_detected,2,2,0,toc_or_navigation,high,KW_NAVIGATION,front_zone;text_rich;front_kw;nav_kw,PAGESTRUCT_CN_WAVE2_0.1
LTMD-CN5-G2008-VP007,LTMD-CN5-G2008,2008,5,7,3,248,82.60,0.1371,text_detected,0,2,0,toc_or_navigation,high,KW_NAVIGATION,front_zone;text_rich;nav_kw,PAGESTRUCT_CN_WAVE2_0.1
LTMD-CN5-G2008-VP008,LTMD-CN5-G2008,2008,5,8,3,200,83.30,0.1250,text_detected,0,1,0,toc_or_navigation,medium,KW_NAVIGATION,front_zone;text_rich;nav_kw,PAGESTRUCT_CN_WAVE2_0.1
LTMD-CN5-G2008-VP009,LTMD-CN5-G2008,2008,5,9,3,123,88.08,0.0650,text_detected,0,0,2,bibliography_or_credits,high,KW_BIBLIO_CREDITS,front_zone;text_rich;biblio_credit_kw,PAGESTRUCT_CN_WAVE2_0.1
LTMD-CN5-G2008-VP010,LTMD-CN5-G2008,2008,5,10,6,8,37.86,0.7500,text_detected,0,0,0,visual_only,medium,OCR_VISUAL_NOISE,front_zone;fallback_psm;visual_noise,PAGESTRUCT_CN_WAVE2_0.1
LTMD-CN5-G2008-VP011,LTMD-CN5-G2008,2008,5,11,3,5,48.75,0.6000,text_detected,0,0,0,unknown,low,CONSERVATIVE_UNKNOWN,front_zone,PAGESTRUCT_CN_WAVE2_0.1
LTMD-CN5-G2008-VP012,LTMD-CN5-G2008,2008,5,12,3,4,11.36,1.0000,text_detected,0,0,0,unknown,low,CONSERVATIVE_UNKNOWN,front_zone,PAGESTRUCT_CN_WAVE2_0.1
LTMD-CN5-G2008-VP013,LTMD-CN5-G2008,2008,5,13,3,168,93.76,0.0179,text_detected,0,1,0,toc_or_navigation,medium,KW_NAVIGATION,front_zone;text_rich;nav_kw,PAGESTRUCT_CN_WAVE2_0.1
LTMD-CN5-G2008-VP014,LTMD-CN5-G2008,2008,5,14,3,153,89.95,0.0588,text_detected,0,1,0,toc_or_navigation,medium,KW_NAVIGATION,front_zone;text_rich;nav_kw,PAGESTRUCT_CN_WAVE2_0.1
LTMD-CN5-G2008-VP015,LTMD-CN5-G2008,2008,5,15,3,127,85.44,0.1024,text_detected,0,0,0,textual,high,OCR_TEXT_RICH,front_zone;text_rich,PAGESTRUCT_CN_WAVE2_0.1
LTMD-CN5-G2008-VP016,LTMD-CN5-G2008,2008,5,16,3,252,88.20,0.0754,text_detected,0,1,0,toc_or_navigation,medium,KW_NAVIGATION,front_zone;text_rich;nav_kw,PAGESTRUCT_CN_WAVE2_0.1
LTMD-CN5-G2008-VP017,LTMD-CN5-G2008,2008,5,17,3,86,91.89,0.0349,text_detected,,,,mixed_text_image,medium,OCR_MODERATE_TEXT,text_present,PAGESTRUCT_CN_WAVE2_0.1
LTMD-CN5-G2008-VP018,LTMD-CN5-G2008,2008,5,18,3,214,89.45,0.0514,text_detected,,,,textual,high,OCR_TEXT_RICH,text_rich,PAGESTRUCT_CN_WAVE2_0.1
LTMD-CN5-G2008-VP019,LTMD-CN5-G2008,2008,5,19,3,150,87.63,0.0800,text_detected,,,,textual,high,OCR_TEXT_RICH,text_rich,PAGESTRUCT_CN_WAVE2_0.1
LTMD-CN5-G2008-VP020,LTMD-CN5-G2008,2008,5,20,3,235,86.75,0.1064,text_detected,,,,textual,high,OCR_TEXT_RICH,text_rich,PAGESTRUCT_CN_WAVE2_0.1
LTMD-CN5-G2008-VP021,LTMD-CN5-G2008,2008,5,21,3,248,85.56,0.0887,text_detected,,,,textual,high,OCR_TEXT_RICH,text_rich,PAGESTRUCT_CN_WAVE2_0.1
LTMD-CN5-G2008-VP022,LTMD-CN5-G2008,2008,5,22,3,148,91.98,0.0270,text_detected,,,,textual,high,OCR_TEXT_RICH,text_rich,PAGESTRUCT_CN_WAVE2_0.1
LTMD-CN5-G2008-VP023,LTMD-CN5-G2008,2008,5,23,3,199,91.09,0.0452,text_detected,,,,textual,high,OCR_TEXT_RICH,text_rich,PAGESTRUCT_CN_WAVE2_0.1
LTMD-CN5-G2008-VP024,LTMD-CN5-G2008,2008,5,24,3,206,92.62,0.0049,text_detected,,,,textual,high,OCR_TEXT_RICH,text_rich,PAGESTRUCT_CN_WAVE2_0.1
LTMD-CN5-G2008-VP025,LTMD-CN5-G2008,2008,5,25,3,178,77.70,0.2416,text_detected,,,,textual,high,OCR_TEXT_RICH,text_rich,PAGESTRUCT_CN_WAVE2_0.1
LTMD-CN5-G2008-VP026,LTMD-CN5-G2008,2008,5,26,3,206,81.68,0.1262,text_detected,,,,textual,high,OCR_TEXT_RICH,text_rich,PAGESTRUCT_CN_WAVE2_0.1
LTMD-CN5-G2008-VP027,LTMD-CN5-G2008,2008,5,27,3,197,90.79,0.0508,text_detected,,,,textual,high,OCR_TEXT_RICH,text_rich,PAGESTRUCT_CN_WAVE2_0.1
LTMD-CN5-G2008-VP028,LTMD-CN5-G2008,2008,5,28,3,1,94.97,0.0000,text_detected,,,,unknown,low,CONSERVATIVE_UNKNOWN,,PAGESTRUCT_CN_WAVE2_0.1
LTMD-CN5-G2008-VP029,LTMD-CN5-G2008,2008,5,29,3,84,91.74,0.0238,text_detected,,,,mixed_text_image,medium,OCR_MODERATE_TEXT,text_present,PAGESTRUCT_CN_WAVE2_0.1
LTMD-CN5-G2008-VP030,LTMD-CN5-G2008,2008,5,30,3,245,90.17,0.0531,text_detected,,,,textual,high,OCR_TEXT_RICH,text_rich,PAGESTRUCT_CN_WAVE2_0.1
LTMD-CN5-G2008-VP031,LTMD-CN5-G2008,2008,5,31,3,201,86.28,0.1045,text_detected,,,,textual,high,OCR_TEXT_RICH,text_rich,PAGESTRUCT_CN_WAVE2_0.1
LTMD-CN5-G2008-VP032,LTMD-CN5-G2008,2008,5,32,3,280,87.19,0.0821,text_detected,,,,textual,high,OCR_TEXT_RICH,text_rich,PAGESTRUCT_CN_WAVE2_0.1
LTMD-CN5-G2008-VP033,LTMD-CN5-G2008,2008,5,33,3,39,80.34,0.1282,text_detected,,,,mixed_text_image,medium,OCR_MODERATE_TEXT,text_present,PAGESTRUCT_CN_WAVE2_0.1
LTMD-CN5-G2008-VP034,LTMD-CN5-G2008,2008,5,34,3,204,88.29,0.0588,text_detected,,,,textual,high,OCR_TEXT_RICH,text_rich,PAGESTRUCT_CN_WAVE2_0.1
LTMD-CN5-G2008-VP035,LTMD-CN5-G2008,2008,5,35,3,354,90.89,0.0311,text_detected,,,,textual,high,OCR_TEXT_RICH,text_rich,PAGESTRUCT_CN_WAVE2_0.1
LTMD-CN5-G2008-VP036,LTMD-CN5-G2008,2008,5,36,6,62,28.11,0.9194,text_detected,,,,visual_only,high,OCR_VISUAL_NOISE,fallback_psm;visual_noise,PAGESTRUCT_CN_WAVE2_0.1
LTMD-CN5-G2008-VP037,LTMD-CN5-G2008,2008,5,37,3,116,92.75,0.0345,text_detected,,,,mixed_text_image,medium,OCR_MODERATE_TEXT,text_present,PAGESTRUCT_CN_WAVE2_0.1
LTMD-CN5-G2008-VP038,LTMD-CN5-G2008,2008,5,38,3,130,82.84,0.1385,text_detected,,,,textual,high,OCR_TEXT_RICH,text_rich,PAGESTRUCT_CN_WAVE2_0.1
LTMD-CN5-G2008-VP039,LTMD-CN5-G2008,2008,5,39,3,231,88.33,0.0606,text_detected,,,,textual,high,OCR_TEXT_RICH,text_rich,PAGESTRUCT_CN_WAVE2_0.1
LTMD-CN5-G2008-VP040,LTMD-CN5-G2008,2008,5,40,3,127,86.89,0.0945,text_detected,,,,textual,high,OCR_TEXT_RICH,text_rich,PAGESTRUCT_CN_WAVE2_0.1
LTMD-CN5-G2008-VP041,LTMD-CN5-G2008,2008,5,41,3,170,88.35,0.0882,text_detected,,,,textual,high,OCR_TEXT_RICH,text_rich,PAGESTRUCT_CN_WAVE2_0.1
LTMD-CN5-G2008-VP042,LTMD-CN5-G2008,2008,5,42,3,152,91.05,0.0329,text_detected,,,,textual,high,OCR_TEXT_RICH,text_rich,PAGESTRUCT_CN_WAVE2_0.1
LTMD-CN5-G2008-VP043,LTMD-CN5-G2008,2008,5,43,3,114,85.38,0.1053,text_detected,,,,mixed_text_image,medium,OCR_MODERATE_TEXT,text_present,PAGESTRUCT_CN_WAVE2_0.1
LTMD-CN5-G2008-VP044,LTMD-CN5-G2008,2008,5,44,3,208,90.43,0.0481,text_detected,,,,textual,high,OCR_TEXT_RICH,text_rich,PAGESTRUCT_CN_WAVE2_0.1
LTMD-CN5-G2008-VP045,LTMD-CN5-G2008,2008,5,45,3,37,81.93,0.1351,text_detected,,,,mixed_text_image,medium,OCR_MODERATE_TEXT,text_present,PAGESTRUCT_CN_WAVE2_0.1
LTMD-CN5-G2008-VP046,LTMD-CN5-G2008,2008,5,46,3,53,90.88,0.0377,text_detected,,,,mixed_text_image,medium,OCR_MODERATE_TEXT,text_present,PAGESTRUCT_CN_WAVE2_0.1
LTMD-CN5-G2008-VP047,LTMD-CN5-G2008,2008,5,47,3,273,93.16,0.0183,text_detected,,,,textual,high,OCR_TEXT_RICH,text_rich,PAGESTRUCT_CN_WAVE2_0.1
LTMD-CN5-G2008-VP048,LTMD-CN5-G2008,2008,5,48,3,149,90.93,0.0604,text_detected,,,,textual,high,OCR_TEXT_RICH,text_rich,PAGESTRUCT_CN_WAVE2_0.1
LTMD-CN5-G2008-VP049,LTMD-CN5-G2008,2008,5,49,3,137,89.18,0.0511,text_detected,,,,textual,high,OCR_TEXT_RICH,text_rich,PAGESTRUCT_CN_WAVE2_0.1
LTMD-CN5-G2008-VP050,LTMD-CN5-G2008,2008,5,50,11,54,28.51,0.8148,text_detected,,,,visual_only,high,OCR_VISUAL_NOISE,fallback_psm;visual_noise,PAGESTRUCT_CN_WAVE2_0.1
LTMD-CN5-G2008-VP051,LTMD-CN5-G2008,2008,5,51,3,10,75.07,0.2000,text_detected,,,,mixed_text_image,low,OCR_SPARSE_HIGH_CONF,,PAGESTRUCT_CN_WAVE2_0.1
LTMD-CN5-G2008-VP052,LTMD-CN5-G2008,2008,5,52,6,113,22.84,0.9735,text_detected,,,,visual_only,high,OCR_VISUAL_NOISE,fallback_psm;visual_noise,PAGESTRUCT_CN_WAVE2_0.1
LTMD-CN5-G2008-VP053,LTMD-CN5-G2008,2008,5,53,3,236,91.59,0.0381,text_detected,,,,textual,high,OCR_TEXT_RICH,text_rich,PAGESTRUCT_CN_WAVE2_0.1
LTMD-CN5-G2008-VP054,LTMD-CN5-G2008,2008,5,54,3,287,92.21,0.0279,text_detected,,,,textual,high,OCR_TEXT_RICH,text_rich,PAGESTRUCT_CN_WAVE2_0.1
LTMD-CN5-G2008-VP055,LTMD-CN5-G2008,2008,5,55,3,82,84.66,0.1098,text_detected,,,,mixed_text_image,medium,OCR_MODERATE_TEXT,text_present,PAGESTRUCT_CN_WAVE2_0.1
LTMD-CN5-G2008-VP056,LTMD-CN5-G2008,2008,5,56,3,238,90.01,0.0462,text_detected,,,,textual,high,OCR_TEXT_RICH,text_rich,PAGESTRUCT_CN_WAVE2_0.1
LTMD-CN5-G2008-VP057,LTMD-CN5-G2008,2008,5,57,3,163,90.29,0.0307,text_detected,,,,textual,high,OCR_TEXT_RICH,text_rich,PAGESTRUCT_CN_WAVE2_0.1
LTMD-CN5-G2008-VP058,LTMD-CN5-G2008,2008,5,58,11,19,22.34,1.0000,text_detected,,,,visual_only,high,OCR_VISUAL_NOISE,fallback_psm;visual_noise,PAGESTRUCT_CN_WAVE2_0.1
LTMD-CN5-G2008-VP059,LTMD-CN5-G2008,2008,5,59,3,147,94.04,0.0204,text_detected,,,,textual,high,OCR_TEXT_RICH,text_rich,PAGESTRUCT_CN_WAVE2_0.1
LTMD-CN5-G2008-VP060,LTMD-CN5-G2008,2008,5,60,3,213,82.72,0.1549,text_detected,,,,textual,high,OCR_TEXT_RICH,text_rich,PAGESTRUCT_CN_WAVE2_0.1
LTMD-CN5-G2008-VP061,LTMD-CN5-G2008,2008,5,61,3,258,92.51,0.0155,text_detected,,,,textual,high,OCR_TEXT_RICH,text_rich,PAGESTRUCT_CN_WAVE2_0.1
LTMD-CN5-G2008-VP062,LTMD-CN5-G2008,2008,5,62,3,10,67.72,0.2000,text_detected,,,,unknown,low,CONSERVATIVE_UNKNOWN,,PAGESTRUCT_CN_WAVE2_0.1
LTMD-CN5-G2008-VP063,LTMD-CN5-G2008,2008,5,63,3,1,5.89,1.0000,text_detected,,,,visual_only,medium,OCR_VISUAL_NOISE,visual_noise,PAGESTRUCT_CN_WAVE2_0.1
LTMD-CN5-G2008-VP064,LTMD-CN5-G2008,2008,5,64,3,118,92.15,0.0339,text_detected,,,,mixed_text_image,medium,OCR_MODERATE_TEXT,text_present,PAGESTRUCT_CN_WAVE2_0.1
LTMD-CN5-G2008-VP065,LTMD-CN5-G2008,2008,5,65,3,87,92.64,0.0115,text_detected,,,,mixed_text_image,medium,OCR_MODERATE_TEXT,text_present,PAGESTRUCT_CN_WAVE2_0.1
LTMD-CN5-G2008-VP066,LTMD-CN5-G2008,2008,5,66,3,68,92.45,0.0147,text_detected,,,,mixed_text_image,medium,OCR_MODERATE_TEXT,text_present,PAGESTRUCT_CN_WAVE2_0.1
LTMD-CN5-G2008-VP067,LTMD-CN5-G2008,2008,5,67,3,202,91.18,0.0446,text_detected,,,,textual,high,OCR_TEXT_RICH,text_rich,PAGESTRUCT_CN_WAVE2_0.1
LTMD-CN5-G2008-VP068,LTMD-CN5-G2008,2008,5,68,3,224,92.46,0.0268,text_detected,,,,textual,high,OCR_TEXT_RICH,text_rich,PAGESTRUCT_CN_WAVE2_0.1
LTMD-CN5-G2008-VP069,LTMD-CN5-G2008,2008,5,69,3,190,87.04,0.1105,text_detected,,,,textual,high,OCR_TEXT_RICH,text_rich,PAGESTRUCT_CN_WAVE2_0.1
LTMD-CN5-G2008-VP070,LTMD-CN5-G2008,2008,5,70,6,100,21.99,1.0000,text_detected,,,,visual_only,high,OCR_VISUAL_NOISE,fallback_psm;visual_noise,PAGESTRUCT_CN_WAVE2_0.1
LTMD-CN5-G2008-VP071,LTMD-CN5-G2008,2008,5,71,3,140,88.64,0.0857,text_detected,,,,textual,high,OCR_TEXT_RICH,text_rich,PAGESTRUCT_CN_WAVE2_0.1
LTMD-CN5-G2008-VP072,LTMD-CN5-G2008,2008,5,72,3,266,90.88,0.0414,text_detected,,,,textual,high,OCR_TEXT_RICH,text_rich,PAGESTRUCT_CN_WAVE2_0.1
LTMD-CN5-G2008-VP073,LTMD-CN5-G2008,2008,5,73,3,442,91.04,0.0294,text_detected,,,,textual,high,OCR_TEXT_RICH,text_rich,PAGESTRUCT_CN_WAVE2_0.1
LTMD-CN5-G2008-VP074,LTMD-CN5-G2008,2008,5,74,3,121,91.49,0.0413,text_detected,,,,textual,high,OCR_TEXT_RICH,text_rich,PAGESTRUCT_CN_WAVE2_0.1
LTMD-CN5-G2008-VP075,LTMD-CN5-G2008,2008,5,75,3,5,65.50,0.4000,text_detected,,,,unknown,low,CONSERVATIVE_UNKNOWN,,PAGESTRUCT_CN_WAVE2_0.1
LTMD-CN5-G2008-VP076,LTMD-CN5-G2008,2008,5,76,3,142,90.79,0.0563,text_detected,,,,textual,high,OCR_TEXT_RICH,text_rich,PAGESTRUCT_CN_WAVE2_0.1
LTMD-CN5-G2008-VP077,LTMD-CN5-G2008,2008,5,77,3,145,87.89,0.0759,text_detected,,,,textual,high,OCR_TEXT_RICH,text_rich,PAGESTRUCT_CN_WAVE2_0.1
LTMD-CN5-G2008-VP078,LTMD-CN5-G2008,2008,5,78,3,223,91.76,0.0314,text_detected,,,,textual,high,OCR_TEXT_RICH,text_rich,PAGESTRUCT_CN_WAVE2_0.1
LTMD-CN5-G2008-VP079,LTMD-CN5-G2008,2008,5,79,3,113,91.01,0.0531,text_detected,,,,mixed_text_image,medium,OCR_MODERATE_TEXT,text_present,PAGESTRUCT_CN_WAVE2_0.1
LTMD-CN5-G2008-VP080,LTMD-CN5-G2008,2008,5,80,6,174,17.96,0.9885,text_detected,,,,visual_only,high,OCR_VISUAL_NOISE,fallback_psm;visual_noise,PAGESTRUCT_CN_WAVE2_0.1
LTMD-CN5-G2008-VP081,LTMD-CN5-G2008,2008,5,81,3,16,72.60,0.3125,text_detected,,,,unknown,low,CONSERVATIVE_UNKNOWN,,PAGESTRUCT_CN_WAVE2_0.1
LTMD-CN5-G2008-VP082,LTMD-CN5-G2008,2008,5,82,11,9,28.12,1.0000,text_detected,,,,visual_only,high,OCR_VISUAL_NOISE,fallback_psm;visual_noise,PAGESTRUCT_CN_WAVE2_0.1
LTMD-CN5-G2008-VP083,LTMD-CN5-G2008,2008,5,83,3,132,91.16,0.0379,text_detected,,,,textual,high,OCR_TEXT_RICH,text_rich,PAGESTRUCT_CN_WAVE2_0.1
LTMD-CN5-G2008-VP084,LTMD-CN5-G2008,2008,5,84,3,369,88.01,0.0732,text_detected,,,,textual,high,OCR_TEXT_RICH,text_rich,PAGESTRUCT_CN_WAVE2_0.1
LTMD-CN5-G2008-VP085,LTMD-CN5-G2008,2008,5,85,3,222,79.98,0.1802,text_detected,,,,textual,high,OCR_TEXT_RICH,text_rich,PAGESTRUCT_CN_WAVE2_0.1
LTMD-CN5-G2008-VP086,LTMD-CN5-G2008,2008,5,86,3,285,89.79,0.0456,text_detected,,,,textual,high,OCR_TEXT_RICH,text_rich,PAGESTRUCT_CN_WAVE2_0.1
LTMD-CN5-G2008-VP087,LTMD-CN5-G2008,2008,5,87,3,317,89.29,0.0568,text_detected,,,,textual,high,OCR_TEXT_RICH,text_rich,PAGESTRUCT_CN_WAVE2_0.1
LTMD-CN5-G2008-VP088,LTMD-CN5-G2008,2008,5,88,3,282,89.13,0.0603,text_detected,,,,textual,high,OCR_TEXT_RICH,text_rich,PAGESTRUCT_CN_WAVE2_0.1
LTMD-CN5-G2008-VP089,LTMD-CN5-G2008,2008,5,89,3,368,88.57,0.0598,text_detected,,,,textual,high,OCR_TEXT_RICH,text_rich,PAGESTRUCT_CN_WAVE2_0.1
LTMD-CN5-G2008-VP090,LTMD-CN5-G2008,2008,5,90,11,24,30.70,0.9167,text_detected,,,,visual_only,high,OCR_VISUAL_NOISE,fallback_psm;visual_noise,PAGESTRUCT_CN_WAVE2_0.1
LTMD-CN5-G2008-VP091,LTMD-CN5-G2008,2008,5,91,3,184,89.14,0.0707,text_detected,,,,textual,high,OCR_TEXT_RICH,text_rich,PAGESTRUCT_CN_WAVE2_0.1
LTMD-CN5-G2008-VP092,LTMD-CN5-G2008,2008,5,92,3,80,88.82,0.0625,text_detected,,,,mixed_text_image,medium,OCR_MODERATE_TEXT,text_present,PAGESTRUCT_CN_WAVE2_0.1
LTMD-CN5-G2008-VP093,LTMD-CN5-G2008,2008,5,93,3,262,84.02,0.1298,text_detected,,,,textual,high,OCR_TEXT_RICH,text_rich,PAGESTRUCT_CN_WAVE2_0.1
LTMD-CN5-G2008-VP094,LTMD-CN5-G2008,2008,5,94,3,205,89.47,0.0780,text_detected,,,,textual,high,OCR_TEXT_RICH,text_rich,PAGESTRUCT_CN_WAVE2_0.1
LTMD-CN5-G2008-VP095,LTMD-CN5-G2008,2008,5,95,3,197,89.84,0.0558,text_detected,,,,textual,high,OCR_TEXT_RICH,text_rich,PAGESTRUCT_CN_WAVE2_0.1
LTMD-CN5-G2008-VP096,LTMD-CN5-G2008,2008,5,96,6,26,27.19,0.9615,text_detected,,,,visual_only,high,OCR_VISUAL_NOISE,fallback_psm;visual_noise,PAGESTRUCT_CN_WAVE2_0.1
LTMD-CN5-G2008-VP097,LTMD-CN5-G2008,2008,5,97,3,89,93.27,0.0225,text_detected,,,,mixed_text_image,medium,OCR_MODERATE_TEXT,text_present,PAGESTRUCT_CN_WAVE2_0.1
LTMD-CN5-G2008-VP098,LTMD-CN5-G2008,2008,5,98,3,273,88.09,0.0623,text_detected,,,,textual,high,OCR_TEXT_RICH,text_rich,PAGESTRUCT_CN_WAVE2_0.1
LTMD-CN5-G2008-VP099,LTMD-CN5-G2008,2008,5,99,3,240,89.85,0.0542,text_detected,,,,textual,high,OCR_TEXT_RICH,text_rich,PAGESTRUCT_CN_WAVE2_0.1
LTMD-CN5-G2008-VP100,LTMD-CN5-G2008,2008,5,100,3,31,91.35,0.0000,text_detected,,,,mixed_text_image,medium,OCR_MODERATE_TEXT,text_present,PAGESTRUCT_CN_WAVE2_0.1
LTMD-CN5-G2008-VP101,LTMD-CN5-G2008,2008,5,101,3,250,84.63,0.1360,text_detected,,,,textual,high,OCR_TEXT_RICH,text_rich,PAGESTRUCT_CN_WAVE2_0.1
LTMD-CN5-G2008-VP102,LTMD-CN5-G2008,2008,5,102,3,138,88.84,0.0797,text_detected,,,,textual,high,OCR_TEXT_RICH,text_rich,PAGESTRUCT_CN_WAVE2_0.1
LTMD-CN5-G2008-VP103,LTMD-CN5-G2008,2008,5,103,3,164,91.42,0.0427,text_detected,,,,textual,high,OCR_TEXT_RICH,text_rich,PAGESTRUCT_CN_WAVE2_0.1
LTMD-CN5-G2008-VP104,LTMD-CN5-G2008,2008,5,104,,1,63.43,0.0000,no_text_detected,,,,visual_only,high,OCR_VISUAL_NOISE,visual_noise,PAGESTRUCT_CN_WAVE2_0.1
LTMD-CN5-G2008-VP105,LTMD-CN5-G2008,2008,5,105,3,8,95.18,0.0000,text_detected,,,,mixed_text_image,low,OCR_SPARSE_HIGH_CONF,,PAGESTRUCT_CN_WAVE2_0.1
LTMD-CN5-G2008-VP106,LTMD-CN5-G2008,2008,5,106,3,4,83.02,0.0000,text_detected,,,,mixed_text_image,low,OCR_SPARSE_HIGH_CONF,,PAGESTRUCT_CN_WAVE2_0.1
LTMD-CN5-G2008-VP107,LTMD-CN5-G2008,2008,5,107,3,146,90.42,0.0685,text_detected,,,,textual,high,OCR_TEXT_RICH,text_rich,PAGESTRUCT_CN_WAVE2_0.1
LTMD-CN5-G2008-VP108,LTMD-CN5-G2008,2008,5,108,3,228,86.00,0.1009,text_detected,,,,textual,high,OCR_TEXT_RICH,text_rich,PAGESTRUCT_CN_WAVE2_0.1
LTMD-CN5-G2008-VP109,LTMD-CN5-G2008,2008,5,109,3,306,86.42,0.1046,text_detected,,,,textual,high,OCR_TEXT_RICH,text_rich,PAGESTRUCT_CN_WAVE2_0.1
LTMD-CN5-G2008-VP110,LTMD-CN5-G2008,2008,5,110,3,165,87.60,0.0848,text_detected,,,,textual,high,OCR_TEXT_RICH,text_rich,PAGESTRUCT_CN_WAVE2_0.1
LTMD-CN5-G2008-VP111,LTMD-CN5-G2008,2008,5,111,3,216,90.26,0.0278,text_detected,,,,textual,high,OCR_TEXT_RICH,text_rich,PAGESTRUCT_CN_WAVE2_0.1
LTMD-CN5-G2008-VP112,LTMD-CN5-G2008,2008,5,112,3,241,84.99,0.1037,text_detected,,,,textual,high,OCR_TEXT_RICH,text_rich,PAGESTRUCT_CN_WAVE2_0.1
LTMD-CN5-G2008-VP113,LTMD-CN5-G2008,2008,5,113,3,348,88.65,0.0690,text_detected,,,,textual,high,OCR_TEXT_RICH,text_rich,PAGESTRUCT_CN_WAVE2_0.1
LTMD-CN5-G2008-VP114,LTMD-CN5-G2008,2008,5,114,6,33,33.40,0.8485,text_detected,,,,visual_only,high,OCR_VISUAL_NOISE,fallback_psm;visual_noise,PAGESTRUCT_CN_WAVE2_0.1
LTMD-CN5-G2008-VP115,LTMD-CN5-G2008,2008,5,115,3,115,92.49,0.0087,text_detected,,,,mixed_text_image,medium,OCR_MODERATE_TEXT,text_present,PAGESTRUCT_CN_WAVE2_0.1
LTMD-CN5-G2008-VP116,LTMD-CN5-G2008,2008,5,116,3,425,89.96,0.0424,text_detected,,,,textual,high,OCR_TEXT_RICH,text_rich,PAGESTRUCT_CN_WAVE2_0.1
LTMD-CN5-G2008-VP117,LTMD-CN5-G2008,2008,5,117,3,315,85.54,0.1048,text_detected,,,,textual,high,OCR_TEXT_RICH,text_rich,PAGESTRUCT_CN_WAVE2_0.1
LTMD-CN5-G2008-VP118,LTMD-CN5-G2008,2008,5,118,3,171,91.81,0.0234,text_detected,,,,textual,high,OCR_TEXT_RICH,text_rich,PAGESTRUCT_CN_WAVE2_0.1
LTMD-CN5-G2008-VP119,LTMD-CN5-G2008,2008,5,119,3,194,86.65,0.0928,text_detected,,,,textual,high,OCR_TEXT_RICH,text_rich,PAGESTRUCT_CN_WAVE2_0.1
LTMD-CN5-G2008-VP120,LTMD-CN5-G2008,2008,5,120,6,38,27.54,0.9211,text_detected,,,,visual_only,high,OCR_VISUAL_NOISE,fallback_psm;visual_noise,PAGESTRUCT_CN_WAVE2_0.1
LTMD-CN5-G2008-VP121,LTMD-CN5-G2008,2008,5,121,3,197,81.02,0.1777,text_detected,,,,textual,high,OCR_TEXT_RICH,text_rich,PAGESTRUCT_CN_WAVE2_0.1
LTMD-CN5-G2008-VP122,LTMD-CN5-G2008,2008,5,122,3,255,88.72,0.0588,text_detected,,,,textual,high,OCR_TEXT_RICH,text_rich,PAGESTRUCT_CN_WAVE2_0.1
LTMD-CN5-G2008-VP123,LTMD-CN5-G2008,2008,5,123,3,349,85.89,0.1032,text_detected,,,,textual,high,OCR_TEXT_RICH,text_rich,PAGESTRUCT_CN_WAVE2_0.1
LTMD-CN5-G2008-VP124,LTMD-CN5-G2008,2008,5,124,3,337,84.12,0.1068,text_detected,,,,textual,high,OCR_TEXT_RICH,text_rich,PAGESTRUCT_CN_WAVE2_0.1
LTMD-CN5-G2008-VP125,LTMD-CN5-G2008,2008,5,125,3,67,89.42,0.0896,text_detected,,,,mixed_text_image,medium,OCR_MODERATE_TEXT,text_present,PAGESTRUCT_CN_WAVE2_0.1
LTMD-CN5-G2008-VP126,LTMD-CN5-G2008,2008,5,126,3,34,90.31,0.0294,text_detected,,,,mixed_text_image,medium,OCR_MODERATE_TEXT,text_present,PAGESTRUCT_CN_WAVE2_0.1
LTMD-CN5-G2008-VP127,LTMD-CN5-G2008,2008,5,127,3,288,94.01,0.0069,text_detected,,,,textual,high,OCR_TEXT_RICH,text_rich,PAGESTRUCT_CN_WAVE2_0.1
LTMD-CN5-G2008-VP128,LTMD-CN5-G2008,2008,5,128,3,128,91.05,0.0469,text_detected,,,,textual,high,OCR_TEXT_RICH,text_rich,PAGESTRUCT_CN_WAVE2_0.1
LTMD-CN5-G2008-VP129,LTMD-CN5-G2008,2008,5,129,3,74,80.47,0.1622,text_detected,,,,mixed_text_image,medium,OCR_MODERATE_TEXT,text_present,PAGESTRUCT_CN_WAVE2_0.1
LTMD-CN5-G2008-VP130,LTMD-CN5-G2008,2008,5,130,6,189,24.74,0.9735,text_detected,,,,visual_only,high,OCR_VISUAL_NOISE,fallback_psm;visual_noise,PAGESTRUCT_CN_WAVE2_0.1
LTMD-CN5-G2008-VP131,LTMD-CN5-G2008,2008,5,131,3,50,77.01,0.2200,text_detected,,,,mixed_text_image,medium,OCR_MODERATE_TEXT,text_present,PAGESTRUCT_CN_WAVE2_0.1
LTMD-CN5-G2008-VP132,LTMD-CN5-G2008,2008,5,132,,1,58.09,1.0000,no_text_detected,,,,visual_only,high,OCR_VISUAL_NOISE,visual_noise,PAGESTRUCT_CN_WAVE2_0.1
LTMD-CN5-G2008-VP133,LTMD-CN5-G2008,2008,5,133,3,258,86.44,0.1085,text_detected,,,,textual,high,OCR_TEXT_RICH,text_rich,PAGESTRUCT_CN_WAVE2_0.1
LTMD-CN5-G2008-VP134,LTMD-CN5-G2008,2008,5,134,3,108,86.24,0.1019,text_detected,,,,mixed_text_image,medium,OCR_MODERATE_TEXT,text_present,PAGESTRUCT_CN_WAVE2_0.1
LTMD-CN5-G2008-VP135,LTMD-CN5-G2008,2008,5,135,3,279,93.16,0.0072,text_detected,,,,textual,high,OCR_TEXT_RICH,text_rich,PAGESTRUCT_CN_WAVE2_0.1
LTMD-CN5-G2008-VP136,LTMD-CN5-G2008,2008,5,136,3,382,86.50,0.1021,text_detected,,,,textual,high,OCR_TEXT_RICH,text_rich,PAGESTRUCT_CN_WAVE2_0.1
LTMD-CN5-G2008-VP137,LTMD-CN5-G2008,2008,5,137,3,93,90.29,0.0430,text_detected,,,,mixed_text_image,medium,OCR_MODERATE_TEXT,text_present,PAGESTRUCT_CN_WAVE2_0.1
LTMD-CN5-G2008-VP138,LTMD-CN5-G2008,2008,5,138,3,165,87.67,0.0788,text_detected,,,,textual,high,OCR_TEXT_RICH,text_rich,PAGESTRUCT_CN_WAVE2_0.1
LTMD-CN5-G2008-VP139,LTMD-CN5-G2008,2008,5,139,3,135,89.45,0.0593,text_detected,,,,textual,high,OCR_TEXT_RICH,text_rich,PAGESTRUCT_CN_WAVE2_0.1
LTMD-CN5-G2008-VP140,LTMD-CN5-G2008,2008,5,140,3,106,88.52,0.0755,text_detected,,,,mixed_text_image,medium,OCR_MODERATE_TEXT,text_present,PAGESTRUCT_CN_WAVE2_0.1
LTMD-CN5-G2008-VP141,LTMD-CN5-G2008,2008,5,141,3,25,72.55,0.2400,text_detected,,,,mixed_text_image,medium,OCR_MODERATE_TEXT,text_present,PAGESTRUCT_CN_WAVE2_0.1
LTMD-CN5-G2008-VP142,LTMD-CN5-G2008,2008,5,142,3,159,85.98,0.1132,text_detected,,,,textual,high,OCR_TEXT_RICH,text_rich,PAGESTRUCT_CN_WAVE2_0.1
LTMD-CN5-G2008-VP143,LTMD-CN5-G2008,2008,5,143,3,305,89.41,0.0590,text_detected,,,,textual,high,OCR_TEXT_RICH,text_rich,PAGESTRUCT_CN_WAVE2_0.1
LTMD-CN5-G2008-VP144,LTMD-CN5-G2008,2008,5,144,3,158,90.79,0.0380,text_detected,,,,textual,high,OCR_TEXT_RICH,text_rich,PAGESTRUCT_CN_WAVE2_0.1
LTMD-CN5-G2008-VP145,LTMD-CN5-G2008,2008,5,145,3,232,88.37,0.0647,text_detected,,,,textual,high,OCR_TEXT_RICH,text_rich,PAGESTRUCT_CN_WAVE2_0.1
LTMD-CN5-G2008-VP146,LTMD-CN5-G2008,2008,5,146,3,189,87.29,0.0899,text_detected,,,,textual,high,OCR_TEXT_RICH,text_rich,PAGESTRUCT_CN_WAVE2_0.1
LTMD-CN5-G2008-VP147,LTMD-CN5-G2008,2008,5,147,3,226,85.48,0.0929,text_detected,0,0,0,textual,high,OCR_TEXT_RICH,end_zone;text_rich,PAGESTRUCT_CN_WAVE2_0.1
LTMD-CN5-G2008-VP148,LTMD-CN5-G2008,2008,5,148,3,68,90.19,0.0588,text_detected,0,0,0,mixed_text_image,medium,OCR_MODERATE_TEXT,end_zone;text_present,PAGESTRUCT_CN_WAVE2_0.1
LTMD-CN5-G2008-VP149,LTMD-CN5-G2008,2008,5,149,3,214,88.57,0.0701,text_detected,0,1,0,textual,high,OCR_TEXT_RICH,end_zone;text_rich;nav_kw,PAGESTRUCT_CN_WAVE2_0.1
LTMD-CN5-G2008-VP150,LTMD-CN5-G2008,2008,5,150,3,271,92.54,0.0369,text_detected,0,1,0,textual,high,OCR_TEXT_RICH,end_zone;text_rich;nav_kw,PAGESTRUCT_CN_WAVE2_0.1
LTMD-CN5-G2008-VP151,LTMD-CN5-G2008,2008,5,151,3,193,91.92,0.0259,text_detected,0,2,0,toc_or_navigation,high,KW_NAVIGATION,end_zone;text_rich;nav_kw,PAGESTRUCT_CN_WAVE2_0.1
LTMD-CN5-G2008-VP152,LTMD-CN5-G2008,2008,5,152,3,115,89.13,0.0609,text_detected,0,1,0,mixed_text_image,medium,OCR_MODERATE_TEXT,end_zone;text_present;nav_kw,PAGESTRUCT_CN_WAVE2_0.1
LTMD-CN5-G2008-VP153,LTMD-CN5-G2008,2008,5,153,3,104,89.51,0.0673,text_detected,0,0,0,mixed_text_image,medium,OCR_MODERATE_TEXT,end_zone;text_present,PAGESTRUCT_CN_WAVE2_0.1
LTMD-CN5-G2008-VP154,LTMD-CN5-G2008,2008,5,154,3,120,91.63,0.0417,text_detected,0,1,0,textual,high,OCR_TEXT_RICH,end_zone;text_rich;nav_kw,PAGESTRUCT_CN_WAVE2_0.1
LTMD-CN5-G2008-VP155,LTMD-CN5-G2008,2008,5,155,3,147,91.56,0.0476,text_detected,0,1,0,textual,high,OCR_TEXT_RICH,end_zone;text_rich;nav_kw,PAGESTRUCT_CN_WAVE2_0.1
LTMD-CN5-G2008-VP156,LTMD-CN5-G2008,2008,5,156,3,1193,59.41,0.4887,text_detected,1,0,2,bibliography_or_credits,high,KW_BIBLIO_CREDITS,end_zone;dense_end_uncertain;front_kw;biblio_credit_kw,PAGESTRUCT_CN_WAVE2_0.1
LTMD-CN5-G2008-VP157,LTMD-CN5-G2008,2008,5,157,3,719,59.40,0.4715,text_detected,0,0,1,bibliography_or_credits,medium,KW_BIBLIO_CREDITS,end_zone;biblio_credit_kw,PAGESTRUCT_CN_WAVE2_0.1
LTMD-CN5-G2008-VP158,LTMD-CN5-G2008,2008,5,158,3,50,47.40,0.7400,text_detected,0,0,0,unknown,low,CONSERVATIVE_UNKNOWN,end_zone,PAGESTRUCT_CN_WAVE2_0.1
LTMD-CN5-G2008-VP159,LTMD-CN5-G2008,2008,5,159,3,154,89.53,0.0649,text_detected,0,1,0,textual,high,OCR_TEXT_RICH,end_zone;text_rich;nav_kw,PAGESTRUCT_CN_WAVE2_0.1
LTMD-CN5-G2008-VP160,LTMD-CN5-G2008,2008,5,160,3,41,92.72,0.0244,text_detected,0,0,0,mixed_text_image,medium,OCR_MODERATE_TEXT,end_zone;text_present,PAGESTRUCT_CN_WAVE2_0.1
LTMD-CN5-G2008-VP161,LTMD-CN5-G2008,2008,5,161,3,11,76.40,0.3636,text_detected,0,0,0,unknown,low,CONSERVATIVE_UNKNOWN,end_zone,PAGESTRUCT_CN_WAVE2_0.1
LTMD-CN5-G2008-VP162,LTMD-CN5-G2008,2008,5,162,11,9,40.70,0.6667,text_detected,0,0,0,visual_only,medium,OCR_VISUAL_NOISE,end_zone;fallback_psm;visual_noise,PAGESTRUCT_CN_WAVE2_0.1
LTMD-CN5-G2011-VP001,LTMD-CN5-G2011,2011,5,1,3,4,96.47,0.0000,text_detected,0,0,0,mixed_text_image,low,OCR_SPARSE_HIGH_CONF,front_zone,PAGESTRUCT_CN_WAVE2_0.1
LTMD-CN5-G2011-VP002,LTMD-CN5-G2011,2011,5,2,3,449,68.11,0.3630,text_detected,0,0,7,bibliography_or_credits,high,KW_BIBLIO_CREDITS,front_zone;text_present;biblio_credit_kw,PAGESTRUCT_CN_WAVE2_0.1
LTMD-CN5-G2011-VP003,LTMD-CN5-G2011,2011,5,3,3,271,94.99,0.0111,text_detected,1,1,1,bibliography_or_credits,medium,KW_BIBLIO_CREDITS,front_zone;text_rich;front_kw;nav_kw;biblio_credit_kw,PAGESTRUCT_CN_WAVE2_0.1
LTMD-CN5-G2011-VP004,LTMD-CN5-G2011,2011,5,4,3,163,89.95,0.0491,text_detected,1,3,0,toc_or_navigation,high,KW_NAVIGATION,front_zone;text_rich;front_kw;nav_kw,PAGESTRUCT_CN_WAVE2_0.1
LTMD-CN5-G2011-VP005,LTMD-CN5-G2011,2011,5,5,3,165,87.56,0.0727,text_detected,2,2,0,toc_or_navigation,high,KW_NAVIGATION,front_zone;text_rich;front_kw;nav_kw,PAGESTRUCT_CN_WAVE2_0.1
LTMD-CN5-G2011-VP006,LTMD-CN5-G2011,2011,5,6,3,168,83.85,0.1488,text_detected,2,2,0,toc_or_navigation,high,KW_NAVIGATION,front_zone;text_rich;front_kw;nav_kw,PAGESTRUCT_CN_WAVE2_0.1
LTMD-CN5-G2011-VP007,LTMD-CN5-G2011,2011,5,7,3,139,80.42,0.2158,text_detected,0,1,2,bibliography_or_credits,high,KW_BIBLIO_CREDITS,front_zone;text_rich;nav_kw;biblio_credit_kw,PAGESTRUCT_CN_WAVE2_0.1
LTMD-CN5-G2011-VP008,LTMD-CN5-G2011,2011,5,8,6,35,39.81,0.8000,text_detected,0,0,0,visual_only,high,OCR_VISUAL_NOISE,front_zone;fallback_psm;visual_noise,PAGESTRUCT_CN_WAVE2_0.1
LTMD-CN5-G2011-VP009,LTMD-CN5-G2011,2011,5,9,3,14,85.98,0.0714,text_detected,0,0,0,mixed_text_image,low,OCR_SPARSE_HIGH_CONF,front_zone,PAGESTRUCT_CN_WAVE2_0.1
LTMD-CN5-G2011-VP010,LTMD-CN5-G2011,2011,5,10,11,24,37.58,0.8333,text_detected,0,0,0,visual_only,high,OCR_VISUAL_NOISE,front_zone;fallback_psm;visual_noise,PAGESTRUCT_CN_WAVE2_0.1
LTMD-CN5-G2011-VP011,LTMD-CN5-G2011,2011,5,11,3,192,91.32,0.0469,text_detected,0,1,0,toc_or_navigation,medium,KW_NAVIGATION,front_zone;text_rich;nav_kw,PAGESTRUCT_CN_WAVE2_0.1
LTMD-CN5-G2011-VP012,LTMD-CN5-G2011,2011,5,12,3,212,92.10,0.0142,text_detected,0,1,0,toc_or_navigation,medium,KW_NAVIGATION,front_zone;text_rich;nav_kw,PAGESTRUCT_CN_WAVE2_0.1
LTMD-CN5-G2011-VP013,LTMD-CN5-G2011,2011,5,13,3,260,87.54,0.0885,text_detected,0,1,0,toc_or_navigation,medium,KW_NAVIGATION,front_zone;text_rich;nav_kw,PAGESTRUCT_CN_WAVE2_0.1
LTMD-CN5-G2011-VP014,LTMD-CN5-G2011,2011,5,14,3,128,82.53,0.1172,text_detected,0,1,0,toc_or_navigation,medium,KW_NAVIGATION,front_zone;text_rich;nav_kw,PAGESTRUCT_CN_WAVE2_0.1
LTMD-CN5-G2011-VP015,LTMD-CN5-G2011,2011,5,15,3,215,90.48,0.0558,text_detected,0,0,0,textual,high,OCR_TEXT_RICH,front_zone;text_rich,PAGESTRUCT_CN_WAVE2_0.1
LTMD-CN5-G2011-VP016,LTMD-CN5-G2011,2011,5,16,3,235,91.02,0.0298,text_detected,0,0,0,textual,high,OCR_TEXT_RICH,front_zone;text_rich,PAGESTRUCT_CN_WAVE2_0.1
LTMD-CN5-G2011-VP017,LTMD-CN5-G2011,2011,5,17,3,164,86.02,0.0732,text_detected,,,,textual,high,OCR_TEXT_RICH,text_rich,PAGESTRUCT_CN_WAVE2_0.1
LTMD-CN5-G2011-VP018,LTMD-CN5-G2011,2011,5,18,3,243,89.57,0.0412,text_detected,,,,textual,high,OCR_TEXT_RICH,text_rich,PAGESTRUCT_CN_WAVE2_0.1
LTMD-CN5-G2011-VP019,LTMD-CN5-G2011,2011,5,19,3,61,84.56,0.1148,text_detected,,,,mixed_text_image,medium,OCR_MODERATE_TEXT,text_present,PAGESTRUCT_CN_WAVE2_0.1
LTMD-CN5-G2011-VP020,LTMD-CN5-G2011,2011,5,20,3,182,82.77,0.1648,text_detected,,,,textual,high,OCR_TEXT_RICH,text_rich,PAGESTRUCT_CN_WAVE2_0.1
LTMD-CN5-G2011-VP021,LTMD-CN5-G2011,2011,5,21,3,215,87.75,0.0791,text_detected,,,,textual,high,OCR_TEXT_RICH,text_rich,PAGESTRUCT_CN_WAVE2_0.1
LTMD-CN5-G2011-VP022,LTMD-CN5-G2011,2011,5,22,3,222,87.50,0.0856,text_detected,,,,textual,high,OCR_TEXT_RICH,text_rich,PAGESTRUCT_CN_WAVE2_0.1
LTMD-CN5-G2011-VP023,LTMD-CN5-G2011,2011,5,23,3,185,81.93,0.1730,text_detected,,,,textual,high,OCR_TEXT_RICH,text_rich,PAGESTRUCT_CN_WAVE2_0.1
LTMD-CN5-G2011-VP024,LTMD-CN5-G2011,2011,5,24,3,188,84.96,0.1117,text_detected,,,,textual,high,OCR_TEXT_RICH,text_rich,PAGESTRUCT_CN_WAVE2_0.1
LTMD-CN5-G2011-VP025,LTMD-CN5-G2011,2011,5,25,3,191,86.69,0.1047,text_detected,,,,textual,high,OCR_TEXT_RICH,text_rich,PAGESTRUCT_CN_WAVE2_0.1
LTMD-CN5-G2011-VP026,LTMD-CN5-G2011,2011,5,26,6,18,36.35,0.7222,text_detected,,,,visual_only,medium,OCR_VISUAL_NOISE,fallback_psm;visual_noise,PAGESTRUCT_CN_WAVE2_0.1
LTMD-CN5-G2011-VP027,LTMD-CN5-G2011,2011,5,27,3,91,90.50,0.0659,text_detected,,,,mixed_text_image,medium,OCR_MODERATE_TEXT,text_present,PAGESTRUCT_CN_WAVE2_0.1
LTMD-CN5-G2011-VP028,LTMD-CN5-G2011,2011,5,28,3,229,88.74,0.0524,text_detected,,,,textual,high,OCR_TEXT_RICH,text_rich,PAGESTRUCT_CN_WAVE2_0.1
LTMD-CN5-G2011-VP029,LTMD-CN5-G2011,2011,5,29,3,323,85.67,0.0898,text_detected,,,,textual,high,OCR_TEXT_RICH,text_rich,PAGESTRUCT_CN_WAVE2_0.1
LTMD-CN5-G2011-VP030,LTMD-CN5-G2011,2011,5,30,3,191,82.79,0.1466,text_detected,,,,textual,high,OCR_TEXT_RICH,text_rich,PAGESTRUCT_CN_WAVE2_0.1
LTMD-CN5-G2011-VP031,LTMD-CN5-G2011,2011,5,31,3,327,89.13,0.0673,text_detected,,,,textual,high,OCR_TEXT_RICH,text_rich,PAGESTRUCT_CN_WAVE2_0.1
LTMD-CN5-G2011-VP032,LTMD-CN5-G2011,2011,5,32,3,206,86.32,0.1019,text_detected,,,,textual,high,OCR_TEXT_RICH,text_rich,PAGESTRUCT_CN_WAVE2_0.1
LTMD-CN5-G2011-VP033,LTMD-CN5-G2011,2011,5,33,3,135,91.10,0.0370,text_detected,,,,textual,high,OCR_TEXT_RICH,text_rich,PAGESTRUCT_CN_WAVE2_0.1
LTMD-CN5-G2011-VP034,LTMD-CN5-G2011,2011,5,34,6,123,26.31,0.9593,text_detected,,,,visual_only,high,OCR_VISUAL_NOISE,fallback_psm;visual_noise,PAGESTRUCT_CN_WAVE2_0.1
LTMD-CN5-G2011-VP035,LTMD-CN5-G2011,2011,5,35,3,111,89.77,0.0541,text_detected,,,,mixed_text_image,medium,OCR_MODERATE_TEXT,text_present,PAGESTRUCT_CN_WAVE2_0.1
LTMD-CN5-G2011-VP036,LTMD-CN5-G2011,2011,5,36,3,118,82.88,0.1356,text_detected,,,,mixed_text_image,medium,OCR_MODERATE_TEXT,text_present,PAGESTRUCT_CN_WAVE2_0.1
LTMD-CN5-G2011-VP037,LTMD-CN5-G2011,2011,5,37,3,222,86.36,0.1126,text_detected,,,,textual,high,OCR_TEXT_RICH,text_rich,PAGESTRUCT_CN_WAVE2_0.1
LTMD-CN5-G2011-VP038,LTMD-CN5-G2011,2011,5,38,3,147,90.10,0.0340,text_detected,,,,textual,high,OCR_TEXT_RICH,text_rich,PAGESTRUCT_CN_WAVE2_0.1
LTMD-CN5-G2011-VP039,LTMD-CN5-G2011,2011,5,39,3,142,85.83,0.1268,text_detected,,,,textual,high,OCR_TEXT_RICH,text_rich,PAGESTRUCT_CN_WAVE2_0.1
LTMD-CN5-G2011-VP040,LTMD-CN5-G2011,2011,5,40,3,174,82.41,0.1207,text_detected,,,,textual,high,OCR_TEXT_RICH,text_rich,PAGESTRUCT_CN_WAVE2_0.1
LTMD-CN5-G2011-VP041,LTMD-CN5-G2011,2011,5,41,3,121,85.62,0.0826,text_detected,,,,textual,high,OCR_TEXT_RICH,text_rich,PAGESTRUCT_CN_WAVE2_0.1
LTMD-CN5-G2011-VP042,LTMD-CN5-G2011,2011,5,42,3,229,89.23,0.0611,text_detected,,,,textual,high,OCR_TEXT_RICH,text_rich,PAGESTRUCT_CN_WAVE2_0.1
LTMD-CN5-G2011-VP043,LTMD-CN5-G2011,2011,5,43,3,317,84.73,0.1073,text_detected,,,,textual,high,OCR_TEXT_RICH,text_rich,PAGESTRUCT_CN_WAVE2_0.1
LTMD-CN5-G2011-VP044,LTMD-CN5-G2011,2011,5,44,3,215,87.79,0.0884,text_detected,,,,textual,high,OCR_TEXT_RICH,text_rich,PAGESTRUCT_CN_WAVE2_0.1
LTMD-CN5-G2011-VP045,LTMD-CN5-G2011,2011,5,45,3,275,89.45,0.0582,text_detected,,,,textual,high,OCR_TEXT_RICH,text_rich,PAGESTRUCT_CN_WAVE2_0.1
LTMD-CN5-G2011-VP046,LTMD-CN5-G2011,2011,5,46,3,110,92.22,0.0273,text_detected,,,,mixed_text_image,medium,OCR_MODERATE_TEXT,text_present,PAGESTRUCT_CN_WAVE2_0.1
LTMD-CN5-G2011-VP047,LTMD-CN5-G2011,2011,5,47,3,143,92.51,0.0280,text_detected,,,,textual,high,OCR_TEXT_RICH,text_rich,PAGESTRUCT_CN_WAVE2_0.1
LTMD-CN5-G2011-VP048,LTMD-CN5-G2011,2011,5,48,6,73,33.76,0.9726,text_detected,,,,visual_only,high,OCR_VISUAL_NOISE,fallback_psm;visual_noise,PAGESTRUCT_CN_WAVE2_0.1
LTMD-CN5-G2011-VP049,LTMD-CN5-G2011,2011,5,49,3,14,80.44,0.1429,text_detected,,,,mixed_text_image,low,OCR_SPARSE_HIGH_CONF,,PAGESTRUCT_CN_WAVE2_0.1
LTMD-CN5-G2011-VP050,LTMD-CN5-G2011,2011,5,50,11,55,31.06,0.8909,text_detected,,,,visual_only,high,OCR_VISUAL_NOISE,fallback_psm;visual_noise,PAGESTRUCT_CN_WAVE2_0.1
LTMD-CN5-G2011-VP051,LTMD-CN5-G2011,2011,5,51,3,284,91.46,0.0317,text_detected,,,,textual,high,OCR_TEXT_RICH,text_rich,PAGESTRUCT_CN_WAVE2_0.1
LTMD-CN5-G2011-VP052,LTMD-CN5-G2011,2011,5,52,3,334,90.76,0.0210,text_detected,,,,textual,high,OCR_TEXT_RICH,text_rich,PAGESTRUCT_CN_WAVE2_0.1
LTMD-CN5-G2011-VP053,LTMD-CN5-G2011,2011,5,53,3,83,84.68,0.1084,text_detected,,,,mixed_text_image,medium,OCR_MODERATE_TEXT,text_present,PAGESTRUCT_CN_WAVE2_0.1
LTMD-CN5-G2011-VP054,LTMD-CN5-G2011,2011,5,54,3,270,85.68,0.1000,text_detected,,,,textual,high,OCR_TEXT_RICH,text_rich,PAGESTRUCT_CN_WAVE2_0.1
LTMD-CN5-G2011-VP055,LTMD-CN5-G2011,2011,5,55,3,72,84.69,0.0972,text_detected,,,,mixed_text_image,medium,OCR_MODERATE_TEXT,text_present,PAGESTRUCT_CN_WAVE2_0.1
LTMD-CN5-G2011-VP056,LTMD-CN5-G2011,2011,5,56,6,23,32.47,0.8696,text_detected,,,,visual_only,high,OCR_VISUAL_NOISE,fallback_psm;visual_noise,PAGESTRUCT_CN_WAVE2_0.1
LTMD-CN5-G2011-VP057,LTMD-CN5-G2011,2011,5,57,3,249,90.50,0.0482,text_detected,,,,textual,high,OCR_TEXT_RICH,text_rich,PAGESTRUCT_CN_WAVE2_0.1
LTMD-CN5-G2011-VP058,LTMD-CN5-G2011,2011,5,58,3,215,89.44,0.0605,text_detected,,,,textual,high,OCR_TEXT_RICH,text_rich,PAGESTRUCT_CN_WAVE2_0.1
LTMD-CN5-G2011-VP059,LTMD-CN5-G2011,2011,5,59,3,284,85.66,0.1021,text_detected,,,,textual,high,OCR_TEXT_RICH,text_rich,PAGESTRUCT_CN_WAVE2_0.1
LTMD-CN5-G2011-VP060,LTMD-CN5-G2011,2011,5,60,3,10,69.66,0.3000,text_detected,,,,unknown,low,CONSERVATIVE_UNKNOWN,,PAGESTRUCT_CN_WAVE2_0.1
LTMD-CN5-G2011-VP061,LTMD-CN5-G2011,2011,5,61,3,8,69.10,0.3750,text_detected,,,,unknown,low,CONSERVATIVE_UNKNOWN,,PAGESTRUCT_CN_WAVE2_0.1
LTMD-CN5-G2011-VP062,LTMD-CN5-G2011,2011,5,62,3,131,90.60,0.0458,text_detected,,,,textual,high,OCR_TEXT_RICH,text_rich,PAGESTRUCT_CN_WAVE2_0.1
LTMD-CN5-G2011-VP063,LTMD-CN5-G2011,2011,5,63,3,89,92.44,0.0112,text_detected,,,,mixed_text_image,medium,OCR_MODERATE_TEXT,text_present,PAGESTRUCT_CN_WAVE2_0.1
LTMD-CN5-G2011-VP064,LTMD-CN5-G2011,2011,5,64,3,78,90.01,0.0641,text_detected,,,,mixed_text_image,medium,OCR_MODERATE_TEXT,text_present,PAGESTRUCT_CN_WAVE2_0.1
LTMD-CN5-G2011-VP065,LTMD-CN5-G2011,2011,5,65,3,181,86.66,0.0994,text_detected,,,,textual,high,OCR_TEXT_RICH,text_rich,PAGESTRUCT_CN_WAVE2_0.1
LTMD-CN5-G2011-VP066,LTMD-CN5-G2011,2011,5,66,3,228,88.19,0.0877,text_detected,,,,textual,high,OCR_TEXT_RICH,text_rich,PAGESTRUCT_CN_WAVE2_0.1
LTMD-CN5-G2011-VP067,LTMD-CN5-G2011,2011,5,67,3,208,87.21,0.0865,text_detected,,,,textual,high,OCR_TEXT_RICH,text_rich,PAGESTRUCT_CN_WAVE2_0.1
LTMD-CN5-G2011-VP068,LTMD-CN5-G2011,2011,5,68,6,284,25.18,0.9789,text_detected,,,,visual_only,high,OCR_VISUAL_NOISE,fallback_psm;visual_noise,PAGESTRUCT_CN_WAVE2_0.1
LTMD-CN5-G2011-VP069,LTMD-CN5-G2011,2011,5,69,3,130,88.03,0.0692,text_detected,,,,textual,high,OCR_TEXT_RICH,text_rich,PAGESTRUCT_CN_WAVE2_0.1
LTMD-CN5-G2011-VP070,LTMD-CN5-G2011,2011,5,70,3,267,89.49,0.0562,text_detected,,,,textual,high,OCR_TEXT_RICH,text_rich,PAGESTRUCT_CN_WAVE2_0.1
LTMD-CN5-G2011-VP071,LTMD-CN5-G2011,2011,5,71,3,434,90.53,0.0507,text_detected,,,,textual,high,OCR_TEXT_RICH,text_rich,PAGESTRUCT_CN_WAVE2_0.1
LTMD-CN5-G2011-VP072,LTMD-CN5-G2011,2011,5,72,3,117,91.10,0.0256,text_detected,,,,mixed_text_image,medium,OCR_MODERATE_TEXT,text_present,PAGESTRUCT_CN_WAVE2_0.1
LTMD-CN5-G2011-VP073,LTMD-CN5-G2011,2011,5,73,3,8,54.18,0.5000,text_detected,,,,unknown,low,CONSERVATIVE_UNKNOWN,,PAGESTRUCT_CN_WAVE2_0.1
LTMD-CN5-G2011-VP074,LTMD-CN5-G2011,2011,5,74,3,186,92.91,0.0161,text_detected,,,,textual,high,OCR_TEXT_RICH,text_rich,PAGESTRUCT_CN_WAVE2_0.1
LTMD-CN5-G2011-VP075,LTMD-CN5-G2011,2011,5,75,3,164,89.41,0.0427,text_detected,,,,textual,high,OCR_TEXT_RICH,text_rich,PAGESTRUCT_CN_WAVE2_0.1
LTMD-CN5-G2011-VP076,LTMD-CN5-G2011,2011,5,76,3,117,92.18,0.0342,text_detected,,,,mixed_text_image,medium,OCR_MODERATE_TEXT,text_present,PAGESTRUCT_CN_WAVE2_0.1
LTMD-CN5-G2011-VP077,LTMD-CN5-G2011,2011,5,77,3,212,92.86,0.0142,text_detected,,,,textual,high,OCR_TEXT_RICH,text_rich,PAGESTRUCT_CN_WAVE2_0.1
LTMD-CN5-G2011-VP078,LTMD-CN5-G2011,2011,5,78,6,144,21.33,0.9722,text_detected,,,,visual_only,high,OCR_VISUAL_NOISE,fallback_psm;visual_noise,PAGESTRUCT_CN_WAVE2_0.1
LTMD-CN5-G2011-VP079,LTMD-CN5-G2011,2011,5,79,3,13,82.62,0.2308,text_detected,,,,mixed_text_image,low,OCR_SPARSE_HIGH_CONF,,PAGESTRUCT_CN_WAVE2_0.1
LTMD-CN5-G2011-VP080,LTMD-CN5-G2011,2011,5,80,6,28,28.69,0.8571,text_detected,,,,visual_only,high,OCR_VISUAL_NOISE,fallback_psm;visual_noise,PAGESTRUCT_CN_WAVE2_0.1
LTMD-CN5-G2011-VP081,LTMD-CN5-G2011,2011,5,81,3,141,88.24,0.0851,text_detected,,,,textual,high,OCR_TEXT_RICH,text_rich,PAGESTRUCT_CN_WAVE2_0.1
LTMD-CN5-G2011-VP082,LTMD-CN5-G2011,2011,5,82,3,78,89.88,0.0385,text_detected,,,,mixed_text_image,medium,OCR_MODERATE_TEXT,text_present,PAGESTRUCT_CN_WAVE2_0.1
LTMD-CN5-G2011-VP083,LTMD-CN5-G2011,2011,5,83,3,225,85.90,0.0978,text_detected,,,,textual,high,OCR_TEXT_RICH,text_rich,PAGESTRUCT_CN_WAVE2_0.1
LTMD-CN5-G2011-VP084,LTMD-CN5-G2011,2011,5,84,3,281,88.08,0.0712,text_detected,,,,textual,high,OCR_TEXT_RICH,text_rich,PAGESTRUCT_CN_WAVE2_0.1
LTMD-CN5-G2011-VP085,LTMD-CN5-G2011,2011,5,85,3,297,90.47,0.0269,text_detected,,,,textual,high,OCR_TEXT_RICH,text_rich,PAGESTRUCT_CN_WAVE2_0.1
LTMD-CN5-G2011-VP086,LTMD-CN5-G2011,2011,5,86,3,322,87.42,0.0839,text_detected,,,,textual,high,OCR_TEXT_RICH,text_rich,PAGESTRUCT_CN_WAVE2_0.1
LTMD-CN5-G2011-VP087,LTMD-CN5-G2011,2011,5,87,3,526,89.64,0.0532,text_detected,,,,textual,high,OCR_TEXT_RICH,text_rich,PAGESTRUCT_CN_WAVE2_0.1
LTMD-CN5-G2011-VP088,LTMD-CN5-G2011,2011,5,88,6,136,30.57,0.8897,text_detected,,,,visual_only,high,OCR_VISUAL_NOISE,fallback_psm;visual_noise,PAGESTRUCT_CN_WAVE2_0.1
LTMD-CN5-G2011-VP089,LTMD-CN5-G2011,2011,5,89,3,175,88.87,0.0686,text_detected,,,,textual,high,OCR_TEXT_RICH,text_rich,PAGESTRUCT_CN_WAVE2_0.1
LTMD-CN5-G2011-VP090,LTMD-CN5-G2011,2011,5,90,3,191,89.65,0.0524,text_detected,,,,textual,high,OCR_TEXT_RICH,text_rich,PAGESTRUCT_CN_WAVE2_0.1
LTMD-CN5-G2011-VP091,LTMD-CN5-G2011,2011,5,91,3,213,84.69,0.1268,text_detected,,,,textual,high,OCR_TEXT_RICH,text_rich,PAGESTRUCT_CN_WAVE2_0.1
LTMD-CN5-G2011-VP092,LTMD-CN5-G2011,2011,5,92,3,279,87.01,0.0932,text_detected,,,,textual,high,OCR_TEXT_RICH,text_rich,PAGESTRUCT_CN_WAVE2_0.1
LTMD-CN5-G2011-VP093,LTMD-CN5-G2011,2011,5,93,3,221,87.76,0.0633,text_detected,,,,textual,high,OCR_TEXT_RICH,text_rich,PAGESTRUCT_CN_WAVE2_0.1
LTMD-CN5-G2011-VP094,LTMD-CN5-G2011,2011,5,94,6,50,30.57,0.8800,text_detected,,,,visual_only,high,OCR_VISUAL_NOISE,fallback_psm;visual_noise,PAGESTRUCT_CN_WAVE2_0.1
LTMD-CN5-G2011-VP095,LTMD-CN5-G2011,2011,5,95,3,102,82.49,0.1667,text_detected,,,,mixed_text_image,medium,OCR_MODERATE_TEXT,text_present,PAGESTRUCT_CN_WAVE2_0.1
LTMD-CN5-G2011-VP096,LTMD-CN5-G2011,2011,5,96,3,189,89.89,0.0476,text_detected,,,,textual,high,OCR_TEXT_RICH,text_rich,PAGESTRUCT_CN_WAVE2_0.1
LTMD-CN5-G2011-VP097,LTMD-CN5-G2011,2011,5,97,3,263,90.35,0.0342,text_detected,,,,textual,high,OCR_TEXT_RICH,text_rich,PAGESTRUCT_CN_WAVE2_0.1
LTMD-CN5-G2011-VP098,LTMD-CN5-G2011,2011,5,98,3,184,90.55,0.0435,text_detected,,,,textual,high,OCR_TEXT_RICH,text_rich,PAGESTRUCT_CN_WAVE2_0.1
LTMD-CN5-G2011-VP099,LTMD-CN5-G2011,2011,5,99,3,346,87.26,0.0983,text_detected,,,,textual,high,OCR_TEXT_RICH,text_rich,PAGESTRUCT_CN_WAVE2_0.1
LTMD-CN5-G2011-VP100,LTMD-CN5-G2011,2011,5,100,3,160,91.55,0.0500,text_detected,,,,textual,high,OCR_TEXT_RICH,text_rich,PAGESTRUCT_CN_WAVE2_0.1
LTMD-CN5-G2011-VP101,LTMD-CN5-G2011,2011,5,101,3,135,90.98,0.0370,text_detected,,,,textual,high,OCR_TEXT_RICH,text_rich,PAGESTRUCT_CN_WAVE2_0.1
LTMD-CN5-G2011-VP102,LTMD-CN5-G2011,2011,5,102,,2,48.12,0.5000,no_text_detected,,,,visual_only,high,OCR_VISUAL_NOISE,visual_noise,PAGESTRUCT_CN_WAVE2_0.1
LTMD-CN5-G2011-VP103,LTMD-CN5-G2011,2011,5,103,3,22,87.86,0.0909,text_detected,,,,mixed_text_image,medium,OCR_MODERATE_TEXT,text_present,PAGESTRUCT_CN_WAVE2_0.1
LTMD-CN5-G2011-VP104,LTMD-CN5-G2011,2011,5,104,,1,23.43,1.0000,no_text_detected,,,,visual_only,high,OCR_VISUAL_NOISE,visual_noise,PAGESTRUCT_CN_WAVE2_0.1
LTMD-CN5-G2011-VP105,LTMD-CN5-G2011,2011,5,105,3,168,91.51,0.0298,text_detected,,,,textual,high,OCR_TEXT_RICH,text_rich,PAGESTRUCT_CN_WAVE2_0.1
LTMD-CN5-G2011-VP106,LTMD-CN5-G2011,2011,5,106,3,197,84.19,0.1269,text_detected,,,,textual,high,OCR_TEXT_RICH,text_rich,PAGESTRUCT_CN_WAVE2_0.1
LTMD-CN5-G2011-VP107,LTMD-CN5-G2011,2011,5,107,3,62,87.54,0.0806,text_detected,,,,mixed_text_image,medium,OCR_MODERATE_TEXT,text_present,PAGESTRUCT_CN_WAVE2_0.1
LTMD-CN5-G2011-VP108,LTMD-CN5-G2011,2011,5,108,3,357,89.81,0.0588,text_detected,,,,textual,high,OCR_TEXT_RICH,text_rich,PAGESTRUCT_CN_WAVE2_0.1
LTMD-CN5-G2011-VP109,LTMD-CN5-G2011,2011,5,109,3,223,88.34,0.0583,text_detected,,,,textual,high,OCR_TEXT_RICH,text_rich,PAGESTRUCT_CN_WAVE2_0.1
LTMD-CN5-G2011-VP110,LTMD-CN5-G2011,2011,5,110,3,233,87.15,0.0815,text_detected,,,,textual,high,OCR_TEXT_RICH,text_rich,PAGESTRUCT_CN_WAVE2_0.1
LTMD-CN5-G2011-VP111,LTMD-CN5-G2011,2011,5,111,3,507,89.88,0.0552,text_detected,,,,textual,high,OCR_TEXT_RICH,text_rich,PAGESTRUCT_CN_WAVE2_0.1
LTMD-CN5-G2011-VP112,LTMD-CN5-G2011,2011,5,112,6,17,33.57,0.9412,text_detected,,,,visual_only,high,OCR_VISUAL_NOISE,fallback_psm;visual_noise,PAGESTRUCT_CN_WAVE2_0.1
LTMD-CN5-G2011-VP113,LTMD-CN5-G2011,2011,5,113,3,124,89.90,0.0565,text_detected,,,,textual,high,OCR_TEXT_RICH,text_rich,PAGESTRUCT_CN_WAVE2_0.1
LTMD-CN5-G2011-VP114,LTMD-CN5-G2011,2011,5,114,3,380,91.06,0.0316,text_detected,,,,textual,high,OCR_TEXT_RICH,text_rich,PAGESTRUCT_CN_WAVE2_0.1
LTMD-CN5-G2011-VP115,LTMD-CN5-G2011,2011,5,115,3,304,87.76,0.0757,text_detected,,,,textual,high,OCR_TEXT_RICH,text_rich,PAGESTRUCT_CN_WAVE2_0.1
LTMD-CN5-G2011-VP116,LTMD-CN5-G2011,2011,5,116,3,168,89.77,0.0476,text_detected,,,,textual,high,OCR_TEXT_RICH,text_rich,PAGESTRUCT_CN_WAVE2_0.1
LTMD-CN5-G2011-VP117,LTMD-CN5-G2011,2011,5,117,3,202,86.00,0.1238,text_detected,,,,textual,high,OCR_TEXT_RICH,text_rich,PAGESTRUCT_CN_WAVE2_0.1
LTMD-CN5-G2011-VP118,LTMD-CN5-G2011,2011,5,118,6,69,36.58,0.7971,text_detected,,,,visual_only,medium,OCR_VISUAL_NOISE,fallback_psm;visual_noise,PAGESTRUCT_CN_WAVE2_0.1
LTMD-CN5-G2011-VP119,LTMD-CN5-G2011,2011,5,119,3,200,85.08,0.1250,text_detected,,,,textual,high,OCR_TEXT_RICH,text_rich,PAGESTRUCT_CN_WAVE2_0.1
LTMD-CN5-G2011-VP120,LTMD-CN5-G2011,2011,5,120,3,245,86.04,0.0980,text_detected,,,,textual,high,OCR_TEXT_RICH,text_rich,PAGESTRUCT_CN_WAVE2_0.1
LTMD-CN5-G2011-VP121,LTMD-CN5-G2011,2011,5,121,3,131,84.21,0.1221,text_detected,,,,textual,high,OCR_TEXT_RICH,text_rich,PAGESTRUCT_CN_WAVE2_0.1
LTMD-CN5-G2011-VP122,LTMD-CN5-G2011,2011,5,122,3,386,88.01,0.0751,text_detected,,,,textual,high,OCR_TEXT_RICH,text_rich,PAGESTRUCT_CN_WAVE2_0.1
LTMD-CN5-G2011-VP123,LTMD-CN5-G2011,2011,5,123,3,86,80.40,0.1977,text_detected,,,,mixed_text_image,medium,OCR_MODERATE_TEXT,text_present,PAGESTRUCT_CN_WAVE2_0.1
LTMD-CN5-G2011-VP124,LTMD-CN5-G2011,2011,5,124,3,198,90.90,0.0404,text_detected,,,,textual,high,OCR_TEXT_RICH,text_rich,PAGESTRUCT_CN_WAVE2_0.1
LTMD-CN5-G2011-VP125,LTMD-CN5-G2011,2011,5,125,3,301,92.71,0.0332,text_detected,,,,textual,high,OCR_TEXT_RICH,text_rich,PAGESTRUCT_CN_WAVE2_0.1
LTMD-CN5-G2011-VP126,LTMD-CN5-G2011,2011,5,126,3,75,87.14,0.0933,text_detected,,,,mixed_text_image,medium,OCR_MODERATE_TEXT,text_present,PAGESTRUCT_CN_WAVE2_0.1
LTMD-CN5-G2011-VP127,LTMD-CN5-G2011,2011,5,127,3,120,92.77,0.0250,text_detected,,,,textual,high,OCR_TEXT_RICH,text_rich,PAGESTRUCT_CN_WAVE2_0.1
LTMD-CN5-G2011-VP128,LTMD-CN5-G2011,2011,5,128,6,114,27.44,0.9298,text_detected,,,,visual_only,high,OCR_VISUAL_NOISE,fallback_psm;visual_noise,PAGESTRUCT_CN_WAVE2_0.1
LTMD-CN5-G2011-VP129,LTMD-CN5-G2011,2011,5,129,3,51,73.19,0.2549,text_detected,,,,mixed_text_image,medium,OCR_MODERATE_TEXT,text_present,PAGESTRUCT_CN_WAVE2_0.1
LTMD-CN5-G2011-VP130,LTMD-CN5-G2011,2011,5,130,,2,14.99,1.0000,no_text_detected,,,,visual_only,high,OCR_VISUAL_NOISE,visual_noise,PAGESTRUCT_CN_WAVE2_0.1
LTMD-CN5-G2011-VP131,LTMD-CN5-G2011,2011,5,131,3,258,84.14,0.1357,text_detected,,,,textual,high,OCR_TEXT_RICH,text_rich,PAGESTRUCT_CN_WAVE2_0.1
LTMD-CN5-G2011-VP132,LTMD-CN5-G2011,2011,5,132,3,132,91.41,0.0303,text_detected,,,,textual,high,OCR_TEXT_RICH,text_rich,PAGESTRUCT_CN_WAVE2_0.1
LTMD-CN5-G2011-VP133,LTMD-CN5-G2011,2011,5,133,3,282,89.37,0.0745,text_detected,,,,textual,high,OCR_TEXT_RICH,text_rich,PAGESTRUCT_CN_WAVE2_0.1
LTMD-CN5-G2011-VP134,LTMD-CN5-G2011,2011,5,134,3,346,89.18,0.0578,text_detected,,,,textual,high,OCR_TEXT_RICH,text_rich,PAGESTRUCT_CN_WAVE2_0.1
LTMD-CN5-G2011-VP135,LTMD-CN5-G2011,2011,5,135,3,162,88.06,0.0741,text_detected,,,,textual,high,OCR_TEXT_RICH,text_rich,PAGESTRUCT_CN_WAVE2_0.1
LTMD-CN5-G2011-VP136,LTMD-CN5-G2011,2011,5,136,3,190,87.71,0.0684,text_detected,,,,textual,high,OCR_TEXT_RICH,text_rich,PAGESTRUCT_CN_WAVE2_0.1
LTMD-CN5-G2011-VP137,LTMD-CN5-G2011,2011,5,137,3,170,86.42,0.1118,text_detected,,,,textual,high,OCR_TEXT_RICH,text_rich,PAGESTRUCT_CN_WAVE2_0.1
LTMD-CN5-G2011-VP138,LTMD-CN5-G2011,2011,5,138,3,159,88.42,0.0566,text_detected,,,,textual,high,OCR_TEXT_RICH,text_rich,PAGESTRUCT_CN_WAVE2_0.1
LTMD-CN5-G2011-VP139,LTMD-CN5-G2011,2011,5,139,3,157,82.56,0.1592,text_detected,,,,textual,high,OCR_TEXT_RICH,text_rich,PAGESTRUCT_CN_WAVE2_0.1
LTMD-CN5-G2011-VP140,LTMD-CN5-G2011,2011,5,140,3,164,88.74,0.0732,text_detected,,,,textual,high,OCR_TEXT_RICH,text_rich,PAGESTRUCT_CN_WAVE2_0.1
LTMD-CN5-G2011-VP141,LTMD-CN5-G2011,2011,5,141,3,348,91.46,0.0402,text_detected,,,,textual,high,OCR_TEXT_RICH,text_rich,PAGESTRUCT_CN_WAVE2_0.1
LTMD-CN5-G2011-VP142,LTMD-CN5-G2011,2011,5,142,3,179,87.23,0.0838,text_detected,,,,textual,high,OCR_TEXT_RICH,text_rich,PAGESTRUCT_CN_WAVE2_0.1
LTMD-CN5-G2011-VP143,LTMD-CN5-G2011,2011,5,143,3,231,88.32,0.0649,text_detected,,,,textual,high,OCR_TEXT_RICH,text_rich,PAGESTRUCT_CN_WAVE2_0.1
LTMD-CN5-G2011-VP144,LTMD-CN5-G2011,2011,5,144,3,169,86.46,0.1006,text_detected,,,,textual,high,OCR_TEXT_RICH,text_rich,PAGESTRUCT_CN_WAVE2_0.1
LTMD-CN5-G2011-VP145,LTMD-CN5-G2011,2011,5,145,3,218,82.65,0.1560,text_detected,,,,textual,high,OCR_TEXT_RICH,text_rich,PAGESTRUCT_CN_WAVE2_0.1
LTMD-CN5-G2011-VP146,LTMD-CN5-G2011,2011,5,146,3,77,87.44,0.0909,text_detected,0,0,0,mixed_text_image,medium,OCR_MODERATE_TEXT,end_zone;text_present,PAGESTRUCT_CN_WAVE2_0.1
LTMD-CN5-G2011-VP147,LTMD-CN5-G2011,2011,5,147,3,272,85.63,0.1103,text_detected,0,2,0,toc_or_navigation,high,KW_NAVIGATION,end_zone;text_rich;nav_kw,PAGESTRUCT_CN_WAVE2_0.1
LTMD-CN5-G2011-VP148,LTMD-CN5-G2011,2011,5,148,3,267,91.46,0.0337,text_detected,0,2,0,toc_or_navigation,high,KW_NAVIGATION,end_zone;text_rich;nav_kw,PAGESTRUCT_CN_WAVE2_0.1
LTMD-CN5-G2011-VP149,LTMD-CN5-G2011,2011,5,149,3,224,91.34,0.0357,text_detected,0,2,0,toc_or_navigation,high,KW_NAVIGATION,end_zone;text_rich;nav_kw,PAGESTRUCT_CN_WAVE2_0.1
LTMD-CN5-G2011-VP150,LTMD-CN5-G2011,2011,5,150,3,381,90.45,0.0420,text_detected,0,1,0,textual,high,OCR_TEXT_RICH,end_zone;text_rich;nav_kw,PAGESTRUCT_CN_WAVE2_0.1
LTMD-CN5-G2011-VP151,LTMD-CN5-G2011,2011,5,151,3,294,87.98,0.0748,text_detected,0,0,0,textual,high,OCR_TEXT_RICH,end_zone;text_rich,PAGESTRUCT_CN_WAVE2_0.1
LTMD-CN5-G2011-VP152,LTMD-CN5-G2011,2011,5,152,3,23,86.37,0.0435,text_detected,0,1,0,mixed_text_image,medium,OCR_MODERATE_TEXT,end_zone;text_present;nav_kw,PAGESTRUCT_CN_WAVE2_0.1
LTMD-CN5-G2011-VP153,LTMD-CN5-G2011,2011,5,153,3,115,91.12,0.0609,text_detected,0,1,0,mixed_text_image,medium,OCR_MODERATE_TEXT,end_zone;text_present;nav_kw,PAGESTRUCT_CN_WAVE2_0.1
LTMD-CN5-G2011-VP154,LTMD-CN5-G2011,2011,5,154,3,225,87.03,0.0800,text_detected,1,0,1,bibliography_or_credits,medium,KW_BIBLIO_CREDITS,end_zone;text_rich;front_kw;biblio_credit_kw,PAGESTRUCT_CN_WAVE2_0.1
LTMD-CN5-G2011-VP155,LTMD-CN5-G2011,2011,5,155,3,814,82.36,0.1253,text_detected,0,0,1,bibliography_or_credits,medium,KW_BIBLIO_CREDITS,end_zone;text_rich;dense_end_uncertain;biblio_credit_kw,PAGESTRUCT_CN_WAVE2_0.1
LTMD-CN5-G2011-VP156,LTMD-CN5-G2011,2011,5,156,3,813,80.52,0.1538,text_detected,0,0,0,unknown,medium,END_ZONE_DENSE_UNCERTAIN,end_zone;text_rich;dense_end_uncertain,PAGESTRUCT_CN_WAVE2_0.1
LTMD-CN5-G2011-VP157,LTMD-CN5-G2011,2011,5,157,3,842,84.81,0.0938,text_detected,0,1,0,unknown,medium,END_ZONE_DENSE_UNCERTAIN,end_zone;text_rich;dense_end_uncertain;nav_kw,PAGESTRUCT_CN_WAVE2_0.1
LTMD-CN5-G2011-VP158,LTMD-CN5-G2011,2011,5,158,3,36,60.06,0.4444,text_detected,0,0,0,unknown,low,CONSERVATIVE_UNKNOWN,end_zone,PAGESTRUCT_CN_WAVE2_0.1
LTMD-CN5-G2011-VP159,LTMD-CN5-G2011,2011,5,159,3,194,88.90,0.0876,text_detected,0,2,0,toc_or_navigation,high,KW_NAVIGATION,end_zone;text_rich;nav_kw,PAGESTRUCT_CN_WAVE2_0.1
LTMD-CN5-G2011-VP160,LTMD-CN5-G2011,2011,5,160,3,41,92.25,0.0244,text_detected,0,0,0,mixed_text_image,medium,OCR_MODERATE_TEXT,end_zone;text_present,PAGESTRUCT_CN_WAVE2_0.1
LTMD-CN5-G2011-VP161,LTMD-CN5-G2011,2011,5,161,6,15,45.25,0.7333,text_detected,0,0,0,visual_only,medium,OCR_VISUAL_NOISE,end_zone;fallback_psm;visual_noise,PAGESTRUCT_CN_WAVE2_0.1
LTMD-CN5-G2019-VP001,LTMD-CN5-G2019,2019,5,1,3,4,96.46,0.0000,text_detected,0,0,0,mixed_text_image,low,OCR_SPARSE_HIGH_CONF,front_zone,PAGESTRUCT_CN_WAVE2_0.1
LTMD-CN5-G2019-VP002,LTMD-CN5-G2019,2019,5,2,3,422,75.17,0.2346,text_detected,0,0,8,bibliography_or_credits,high,KW_BIBLIO_CREDITS,front_zone;text_rich;biblio_credit_kw,PAGESTRUCT_CN_WAVE2_0.1
LTMD-CN5-G2019-VP003,LTMD-CN5-G2019,2019,5,3,3,161,96.23,0.0000,text_detected,1,1,1,bibliography_or_credits,medium,KW_BIBLIO_CREDITS,front_zone;text_rich;front_kw;nav_kw;biblio_credit_kw,PAGESTRUCT_CN_WAVE2_0.1
LTMD-CN5-G2019-VP004,LTMD-CN5-G2019,2019,5,4,3,154,90.36,0.0519,text_detected,1,3,0,toc_or_navigation,high,KW_NAVIGATION,front_zone;text_rich;front_kw;nav_kw,PAGESTRUCT_CN_WAVE2_0.1
LTMD-CN5-G2019-VP005,LTMD-CN5-G2019,2019,5,5,3,184,92.38,0.0326,text_detected,2,3,0,toc_or_navigation,high,KW_NAVIGATION,front_zone;text_rich;front_kw;nav_kw,PAGESTRUCT_CN_WAVE2_0.1
LTMD-CN5-G2019-VP006,LTMD-CN5-G2019,2019,5,6,3,172,87.87,0.0930,text_detected,2,2,0,toc_or_navigation,high,KW_NAVIGATION,front_zone;text_rich;front_kw;nav_kw,PAGESTRUCT_CN_WAVE2_0.1
LTMD-CN5-G2019-VP007,LTMD-CN5-G2019,2019,5,7,3,134,80.76,0.2164,text_detected,0,2,2,bibliography_or_credits,high,KW_BIBLIO_CREDITS,front_zone;text_rich;nav_kw;biblio_credit_kw,PAGESTRUCT_CN_WAVE2_0.1
LTMD-CN5-G2019-VP008,LTMD-CN5-G2019,2019,5,8,6,39,33.13,0.8718,text_detected,0,0,0,visual_only,high,OCR_VISUAL_NOISE,front_zone;fallback_psm;visual_noise,PAGESTRUCT_CN_WAVE2_0.1
LTMD-CN5-G2019-VP009,LTMD-CN5-G2019,2019,5,9,3,17,77.45,0.1765,text_detected,0,0,0,mixed_text_image,low,OCR_SPARSE_HIGH_CONF,front_zone,PAGESTRUCT_CN_WAVE2_0.1
LTMD-CN5-G2019-VP010,LTMD-CN5-G2019,2019,5,10,11,23,40.71,0.8261,text_detected,0,0,0,visual_only,high,OCR_VISUAL_NOISE,front_zone;fallback_psm;visual_noise,PAGESTRUCT_CN_WAVE2_0.1
LTMD-CN5-G2019-VP011,LTMD-CN5-G2019,2019,5,11,3,195,92.51,0.0359,text_detected,0,1,0,toc_or_navigation,medium,KW_NAVIGATION,front_zone;text_rich;nav_kw,PAGESTRUCT_CN_WAVE2_0.1
LTMD-CN5-G2019-VP012,LTMD-CN5-G2019,2019,5,12,3,198,94.06,0.0152,text_detected,0,1,0,toc_or_navigation,medium,KW_NAVIGATION,front_zone;text_rich;nav_kw,PAGESTRUCT_CN_WAVE2_0.1
LTMD-CN5-G2019-VP013,LTMD-CN5-G2019,2019,5,13,3,274,91.16,0.0328,text_detected,0,1,0,toc_or_navigation,medium,KW_NAVIGATION,front_zone;text_rich;nav_kw,PAGESTRUCT_CN_WAVE2_0.1
LTMD-CN5-G2019-VP014,LTMD-CN5-G2019,2019,5,14,3,134,89.28,0.0597,text_detected,0,1,0,toc_or_navigation,medium,KW_NAVIGATION,front_zone;text_rich;nav_kw,PAGESTRUCT_CN_WAVE2_0.1
LTMD-CN5-G2019-VP015,LTMD-CN5-G2019,2019,5,15,3,220,91.70,0.0364,text_detected,0,0,0,textual,high,OCR_TEXT_RICH,front_zone;text_rich,PAGESTRUCT_CN_WAVE2_0.1
LTMD-CN5-G2019-VP016,LTMD-CN5-G2019,2019,5,16,3,241,90.38,0.0415,text_detected,0,1,0,toc_or_navigation,medium,KW_NAVIGATION,front_zone;text_rich;nav_kw,PAGESTRUCT_CN_WAVE2_0.1
LTMD-CN5-G2019-VP017,LTMD-CN5-G2019,2019,5,17,3,66,80.48,0.1667,text_detected,,,,mixed_text_image,medium,OCR_MODERATE_TEXT,text_present,PAGESTRUCT_CN_WAVE2_0.1
LTMD-CN5-G2019-VP018,LTMD-CN5-G2019,2019,5,18,3,254,91.79,0.0433,text_detected,,,,textual,high,OCR_TEXT_RICH,text_rich,PAGESTRUCT_CN_WAVE2_0.1
LTMD-CN5-G2019-VP019,LTMD-CN5-G2019,2019,5,19,3,240,89.13,0.0542,text_detected,,,,textual,high,OCR_TEXT_RICH,text_rich,PAGESTRUCT_CN_WAVE2_0.1
LTMD-CN5-G2019-VP020,LTMD-CN5-G2019,2019,5,20,3,154,93.88,0.0065,text_detected,,,,textual,high,OCR_TEXT_RICH,text_rich,PAGESTRUCT_CN_WAVE2_0.1
LTMD-CN5-G2019-VP021,LTMD-CN5-G2019,2019,5,21,3,202,91.85,0.0347,text_detected,,,,textual,high,OCR_TEXT_RICH,text_rich,PAGESTRUCT_CN_WAVE2_0.1
LTMD-CN5-G2019-VP022,LTMD-CN5-G2019,2019,5,22,3,244,89.45,0.0574,text_detected,,,,textual,high,OCR_TEXT_RICH,text_rich,PAGESTRUCT_CN_WAVE2_0.1
LTMD-CN5-G2019-VP023,LTMD-CN5-G2019,2019,5,23,3,191,86.83,0.0838,text_detected,,,,textual,high,OCR_TEXT_RICH,text_rich,PAGESTRUCT_CN_WAVE2_0.1
LTMD-CN5-G2019-VP024,LTMD-CN5-G2019,2019,5,24,3,281,86.66,0.0961,text_detected,,,,textual,high,OCR_TEXT_RICH,text_rich,PAGESTRUCT_CN_WAVE2_0.1
LTMD-CN5-G2019-VP025,LTMD-CN5-G2019,2019,5,25,3,192,91.29,0.0312,text_detected,,,,textual,high,OCR_TEXT_RICH,text_rich,PAGESTRUCT_CN_WAVE2_0.1
LTMD-CN5-G2019-VP026,LTMD-CN5-G2019,2019,5,26,6,10,39.04,0.8000,text_detected,,,,visual_only,high,OCR_VISUAL_NOISE,fallback_psm;visual_noise,PAGESTRUCT_CN_WAVE2_0.1
LTMD-CN5-G2019-VP027,LTMD-CN5-G2019,2019,5,27,3,95,90.81,0.0737,text_detected,,,,mixed_text_image,medium,OCR_MODERATE_TEXT,text_present,PAGESTRUCT_CN_WAVE2_0.1
LTMD-CN5-G2019-VP028,LTMD-CN5-G2019,2019,5,28,3,237,93.32,0.0253,text_detected,,,,textual,high,OCR_TEXT_RICH,text_rich,PAGESTRUCT_CN_WAVE2_0.1
LTMD-CN5-G2019-VP029,LTMD-CN5-G2019,2019,5,29,3,311,90.64,0.0418,text_detected,,,,textual,high,OCR_TEXT_RICH,text_rich,PAGESTRUCT_CN_WAVE2_0.1
LTMD-CN5-G2019-VP030,LTMD-CN5-G2019,2019,5,30,3,180,89.13,0.0778,text_detected,,,,textual,high,OCR_TEXT_RICH,text_rich,PAGESTRUCT_CN_WAVE2_0.1
LTMD-CN5-G2019-VP031,LTMD-CN5-G2019,2019,5,31,3,298,93.04,0.0235,text_detected,,,,textual,high,OCR_TEXT_RICH,text_rich,PAGESTRUCT_CN_WAVE2_0.1
LTMD-CN5-G2019-VP032,LTMD-CN5-G2019,2019,5,32,3,204,91.95,0.0343,text_detected,,,,textual,high,OCR_TEXT_RICH,text_rich,PAGESTRUCT_CN_WAVE2_0.1
LTMD-CN5-G2019-VP033,LTMD-CN5-G2019,2019,5,33,3,261,92.70,0.0230,text_detected,,,,textual,high,OCR_TEXT_RICH,text_rich,PAGESTRUCT_CN_WAVE2_0.1
LTMD-CN5-G2019-VP034,LTMD-CN5-G2019,2019,5,34,6,113,24.98,0.9204,text_detected,,,,visual_only,high,OCR_VISUAL_NOISE,fallback_psm;visual_noise,PAGESTRUCT_CN_WAVE2_0.1
LTMD-CN5-G2019-VP035,LTMD-CN5-G2019,2019,5,35,3,113,94.34,0.0000,text_detected,,,,mixed_text_image,medium,OCR_MODERATE_TEXT,text_present,PAGESTRUCT_CN_WAVE2_0.1
LTMD-CN5-G2019-VP036,LTMD-CN5-G2019,2019,5,36,3,134,88.92,0.0672,text_detected,,,,textual,high,OCR_TEXT_RICH,text_rich,PAGESTRUCT_CN_WAVE2_0.1
LTMD-CN5-G2019-VP037,LTMD-CN5-G2019,2019,5,37,3,233,88.79,0.0858,text_detected,,,,textual,high,OCR_TEXT_RICH,text_rich,PAGESTRUCT_CN_WAVE2_0.1
LTMD-CN5-G2019-VP038,LTMD-CN5-G2019,2019,5,38,3,172,91.21,0.0407,text_detected,,,,textual,high,OCR_TEXT_RICH,text_rich,PAGESTRUCT_CN_WAVE2_0.1
LTMD-CN5-G2019-VP039,LTMD-CN5-G2019,2019,5,39,3,153,90.34,0.0588,text_detected,,,,textual,high,OCR_TEXT_RICH,text_rich,PAGESTRUCT_CN_WAVE2_0.1
LTMD-CN5-G2019-VP040,LTMD-CN5-G2019,2019,5,40,3,183,91.86,0.0328,text_detected,,,,textual,high,OCR_TEXT_RICH,text_rich,PAGESTRUCT_CN_WAVE2_0.1
LTMD-CN5-G2019-VP041,LTMD-CN5-G2019,2019,5,41,3,120,89.10,0.0667,text_detected,,,,textual,high,OCR_TEXT_RICH,text_rich,PAGESTRUCT_CN_WAVE2_0.1
LTMD-CN5-G2019-VP042,LTMD-CN5-G2019,2019,5,42,3,238,90.39,0.0672,text_detected,,,,textual,high,OCR_TEXT_RICH,text_rich,PAGESTRUCT_CN_WAVE2_0.1
LTMD-CN5-G2019-VP043,LTMD-CN5-G2019,2019,5,43,3,334,86.26,0.1018,text_detected,,,,textual,high,OCR_TEXT_RICH,text_rich,PAGESTRUCT_CN_WAVE2_0.1
LTMD-CN5-G2019-VP044,LTMD-CN5-G2019,2019,5,44,3,216,92.48,0.0231,text_detected,,,,textual,high,OCR_TEXT_RICH,text_rich,PAGESTRUCT_CN_WAVE2_0.1
LTMD-CN5-G2019-VP045,LTMD-CN5-G2019,2019,5,45,3,274,92.62,0.0328,text_detected,,,,textual,high,OCR_TEXT_RICH,text_rich,PAGESTRUCT_CN_WAVE2_0.1
LTMD-CN5-G2019-VP046,LTMD-CN5-G2019,2019,5,46,3,107,94.90,0.0093,text_detected,,,,mixed_text_image,medium,OCR_MODERATE_TEXT,text_present,PAGESTRUCT_CN_WAVE2_0.1
LTMD-CN5-G2019-VP047,LTMD-CN5-G2019,2019,5,47,3,141,94.11,0.0071,text_detected,,,,textual,high,OCR_TEXT_RICH,text_rich,PAGESTRUCT_CN_WAVE2_0.1
LTMD-CN5-G2019-VP048,LTMD-CN5-G2019,2019,5,48,6,220,28.80,0.9636,text_detected,,,,visual_only,high,OCR_VISUAL_NOISE,fallback_psm;visual_noise,PAGESTRUCT_CN_WAVE2_0.1
LTMD-CN5-G2019-VP049,LTMD-CN5-G2019,2019,5,49,3,26,82.71,0.1538,text_detected,,,,mixed_text_image,medium,OCR_MODERATE_TEXT,text_present,PAGESTRUCT_CN_WAVE2_0.1
LTMD-CN5-G2019-VP050,LTMD-CN5-G2019,2019,5,50,6,175,27.35,0.9543,text_detected,,,,visual_only,high,OCR_VISUAL_NOISE,fallback_psm;visual_noise,PAGESTRUCT_CN_WAVE2_0.1
LTMD-CN5-G2019-VP051,LTMD-CN5-G2019,2019,5,51,3,288,93.30,0.0139,text_detected,,,,textual,high,OCR_TEXT_RICH,text_rich,PAGESTRUCT_CN_WAVE2_0.1
LTMD-CN5-G2019-VP052,LTMD-CN5-G2019,2019,5,52,3,331,93.31,0.0242,text_detected,,,,textual,high,OCR_TEXT_RICH,text_rich,PAGESTRUCT_CN_WAVE2_0.1
LTMD-CN5-G2019-VP053,LTMD-CN5-G2019,2019,5,53,3,91,87.26,0.1099,text_detected,,,,mixed_text_image,medium,OCR_MODERATE_TEXT,text_present,PAGESTRUCT_CN_WAVE2_0.1
LTMD-CN5-G2019-VP054,LTMD-CN5-G2019,2019,5,54,3,270,92.00,0.0296,text_detected,,,,textual,high,OCR_TEXT_RICH,text_rich,PAGESTRUCT_CN_WAVE2_0.1
LTMD-CN5-G2019-VP055,LTMD-CN5-G2019,2019,5,55,3,179,91.49,0.0559,text_detected,,,,textual,high,OCR_TEXT_RICH,text_rich,PAGESTRUCT_CN_WAVE2_0.1
LTMD-CN5-G2019-VP056,LTMD-CN5-G2019,2019,5,56,6,66,20.56,0.9545,text_detected,,,,visual_only,high,OCR_VISUAL_NOISE,fallback_psm;visual_noise,PAGESTRUCT_CN_WAVE2_0.1
LTMD-CN5-G2019-VP057,LTMD-CN5-G2019,2019,5,57,3,250,94.09,0.0160,text_detected,,,,textual,high,OCR_TEXT_RICH,text_rich,PAGESTRUCT_CN_WAVE2_0.1
LTMD-CN5-G2019-VP058,LTMD-CN5-G2019,2019,5,58,3,230,92.47,0.0522,text_detected,,,,textual,high,OCR_TEXT_RICH,text_rich,PAGESTRUCT_CN_WAVE2_0.1
LTMD-CN5-G2019-VP059,LTMD-CN5-G2019,2019,5,59,3,292,89.66,0.0514,text_detected,,,,textual,high,OCR_TEXT_RICH,text_rich,PAGESTRUCT_CN_WAVE2_0.1
LTMD-CN5-G2019-VP060,LTMD-CN5-G2019,2019,5,60,3,21,82.04,0.1429,text_detected,,,,mixed_text_image,medium,OCR_MODERATE_TEXT,text_present,PAGESTRUCT_CN_WAVE2_0.1
LTMD-CN5-G2019-VP061,LTMD-CN5-G2019,2019,5,61,3,8,89.30,0.0000,text_detected,,,,mixed_text_image,low,OCR_SPARSE_HIGH_CONF,,PAGESTRUCT_CN_WAVE2_0.1
LTMD-CN5-G2019-VP062,LTMD-CN5-G2019,2019,5,62,3,136,93.37,0.0221,text_detected,,,,textual,high,OCR_TEXT_RICH,text_rich,PAGESTRUCT_CN_WAVE2_0.1
LTMD-CN5-G2019-VP063,LTMD-CN5-G2019,2019,5,63,3,91,94.42,0.0220,text_detected,,,,mixed_text_image,medium,OCR_MODERATE_TEXT,text_present,PAGESTRUCT_CN_WAVE2_0.1
LTMD-CN5-G2019-VP064,LTMD-CN5-G2019,2019,5,64,3,84,93.53,0.0119,text_detected,,,,mixed_text_image,medium,OCR_MODERATE_TEXT,text_present,PAGESTRUCT_CN_WAVE2_0.1
LTMD-CN5-G2019-VP065,LTMD-CN5-G2019,2019,5,65,3,274,90.76,0.0511,text_detected,,,,textual,high,OCR_TEXT_RICH,text_rich,PAGESTRUCT_CN_WAVE2_0.1
LTMD-CN5-G2019-VP066,LTMD-CN5-G2019,2019,5,66,3,220,93.68,0.0182,text_detected,,,,textual,high,OCR_TEXT_RICH,text_rich,PAGESTRUCT_CN_WAVE2_0.1
LTMD-CN5-G2019-VP067,LTMD-CN5-G2019,2019,5,67,3,205,92.60,0.0244,text_detected,,,,textual,high,OCR_TEXT_RICH,text_rich,PAGESTRUCT_CN_WAVE2_0.1
LTMD-CN5-G2019-VP068,LTMD-CN5-G2019,2019,5,68,6,348,28.43,0.9655,text_detected,,,,visual_only,high,OCR_VISUAL_NOISE,fallback_psm;visual_noise,PAGESTRUCT_CN_WAVE2_0.1
LTMD-CN5-G2019-VP069,LTMD-CN5-G2019,2019,5,69,3,145,93.60,0.0207,text_detected,,,,textual,high,OCR_TEXT_RICH,text_rich,PAGESTRUCT_CN_WAVE2_0.1
LTMD-CN5-G2019-VP070,LTMD-CN5-G2019,2019,5,70,3,262,93.59,0.0267,text_detected,,,,textual,high,OCR_TEXT_RICH,text_rich,PAGESTRUCT_CN_WAVE2_0.1
LTMD-CN5-G2019-VP071,LTMD-CN5-G2019,2019,5,71,3,431,93.62,0.0209,text_detected,,,,textual,high,OCR_TEXT_RICH,text_rich,PAGESTRUCT_CN_WAVE2_0.1
LTMD-CN5-G2019-VP072,LTMD-CN5-G2019,2019,5,72,3,125,93.71,0.0080,text_detected,,,,textual,high,OCR_TEXT_RICH,text_rich,PAGESTRUCT_CN_WAVE2_0.1
LTMD-CN5-G2019-VP073,LTMD-CN5-G2019,2019,5,73,3,9,72.89,0.2222,text_detected,,,,unknown,low,CONSERVATIVE_UNKNOWN,,PAGESTRUCT_CN_WAVE2_0.1
LTMD-CN5-G2019-VP074,LTMD-CN5-G2019,2019,5,74,3,181,94.42,0.0166,text_detected,,,,textual,high,OCR_TEXT_RICH,text_rich,PAGESTRUCT_CN_WAVE2_0.1
LTMD-CN5-G2019-VP075,LTMD-CN5-G2019,2019,5,75,3,164,91.59,0.0427,text_detected,,,,textual,high,OCR_TEXT_RICH,text_rich,PAGESTRUCT_CN_WAVE2_0.1
LTMD-CN5-G2019-VP076,LTMD-CN5-G2019,2019,5,76,3,117,93.82,0.0171,text_detected,,,,mixed_text_image,medium,OCR_MODERATE_TEXT,text_present,PAGESTRUCT_CN_WAVE2_0.1
LTMD-CN5-G2019-VP077,LTMD-CN5-G2019,2019,5,77,3,212,94.11,0.0094,text_detected,,,,textual,high,OCR_TEXT_RICH,text_rich,PAGESTRUCT_CN_WAVE2_0.1
LTMD-CN5-G2019-VP078,LTMD-CN5-G2019,2019,5,78,6,376,19.91,0.9707,text_detected,,,,visual_only,high,OCR_VISUAL_NOISE,fallback_psm;visual_noise,PAGESTRUCT_CN_WAVE2_0.1
LTMD-CN5-G2019-VP079,LTMD-CN5-G2019,2019,5,79,3,19,90.16,0.0526,text_detected,,,,mixed_text_image,low,OCR_SPARSE_HIGH_CONF,,PAGESTRUCT_CN_WAVE2_0.1
LTMD-CN5-G2019-VP080,LTMD-CN5-G2019,2019,5,80,6,42,32.13,0.8095,text_detected,,,,visual_only,high,OCR_VISUAL_NOISE,fallback_psm;visual_noise,PAGESTRUCT_CN_WAVE2_0.1
LTMD-CN5-G2019-VP081,LTMD-CN5-G2019,2019,5,81,3,137,93.03,0.0219,text_detected,,,,textual,high,OCR_TEXT_RICH,text_rich,PAGESTRUCT_CN_WAVE2_0.1
LTMD-CN5-G2019-VP082,LTMD-CN5-G2019,2019,5,82,3,90,93.31,0.0111,text_detected,,,,mixed_text_image,medium,OCR_MODERATE_TEXT,text_present,PAGESTRUCT_CN_WAVE2_0.1
LTMD-CN5-G2019-VP083,LTMD-CN5-G2019,2019,5,83,3,221,91.40,0.0317,text_detected,,,,textual,high,OCR_TEXT_RICH,text_rich,PAGESTRUCT_CN_WAVE2_0.1
LTMD-CN5-G2019-VP084,LTMD-CN5-G2019,2019,5,84,3,288,92.60,0.0347,text_detected,,,,textual,high,OCR_TEXT_RICH,text_rich,PAGESTRUCT_CN_WAVE2_0.1
LTMD-CN5-G2019-VP085,LTMD-CN5-G2019,2019,5,85,3,297,92.04,0.0303,text_detected,,,,textual,high,OCR_TEXT_RICH,text_rich,PAGESTRUCT_CN_WAVE2_0.1
LTMD-CN5-G2019-VP086,LTMD-CN5-G2019,2019,5,86,3,323,91.92,0.0372,text_detected,,,,textual,high,OCR_TEXT_RICH,text_rich,PAGESTRUCT_CN_WAVE2_0.1
LTMD-CN5-G2019-VP087,LTMD-CN5-G2019,2019,5,87,3,523,91.49,0.0344,text_detected,,,,textual,high,OCR_TEXT_RICH,text_rich,PAGESTRUCT_CN_WAVE2_0.1
LTMD-CN5-G2019-VP088,LTMD-CN5-G2019,2019,5,88,6,173,29.52,0.9191,text_detected,,,,visual_only,high,OCR_VISUAL_NOISE,fallback_psm;visual_noise,PAGESTRUCT_CN_WAVE2_0.1
LTMD-CN5-G2019-VP089,LTMD-CN5-G2019,2019,5,89,3,160,91.01,0.0500,text_detected,,,,textual,high,OCR_TEXT_RICH,text_rich,PAGESTRUCT_CN_WAVE2_0.1
LTMD-CN5-G2019-VP090,LTMD-CN5-G2019,2019,5,90,3,282,92.44,0.0355,text_detected,,,,textual,high,OCR_TEXT_RICH,text_rich,PAGESTRUCT_CN_WAVE2_0.1
LTMD-CN5-G2019-VP091,LTMD-CN5-G2019,2019,5,91,3,275,91.02,0.0364,text_detected,,,,textual,high,OCR_TEXT_RICH,text_rich,PAGESTRUCT_CN_WAVE2_0.1
LTMD-CN5-G2019-VP092,LTMD-CN5-G2019,2019,5,92,3,285,92.39,0.0281,text_detected,,,,textual,high,OCR_TEXT_RICH,text_rich,PAGESTRUCT_CN_WAVE2_0.1
LTMD-CN5-G2019-VP093,LTMD-CN5-G2019,2019,5,93,3,225,91.40,0.0400,text_detected,,,,textual,high,OCR_TEXT_RICH,text_rich,PAGESTRUCT_CN_WAVE2_0.1
LTMD-CN5-G2019-VP094,LTMD-CN5-G2019,2019,5,94,11,10,16.95,1.0000,text_detected,,,,visual_only,high,OCR_VISUAL_NOISE,fallback_psm;visual_noise,PAGESTRUCT_CN_WAVE2_0.1
LTMD-CN5-G2019-VP095,LTMD-CN5-G2019,2019,5,95,3,102,91.10,0.0490,text_detected,,,,mixed_text_image,medium,OCR_MODERATE_TEXT,text_present,PAGESTRUCT_CN_WAVE2_0.1
LTMD-CN5-G2019-VP096,LTMD-CN5-G2019,2019,5,96,3,267,92.26,0.0412,text_detected,,,,textual,high,OCR_TEXT_RICH,text_rich,PAGESTRUCT_CN_WAVE2_0.1
LTMD-CN5-G2019-VP097,LTMD-CN5-G2019,2019,5,97,3,268,91.84,0.0299,text_detected,,,,textual,high,OCR_TEXT_RICH,text_rich,PAGESTRUCT_CN_WAVE2_0.1
LTMD-CN5-G2019-VP098,LTMD-CN5-G2019,2019,5,98,3,187,93.22,0.0214,text_detected,,,,textual,high,OCR_TEXT_RICH,text_rich,PAGESTRUCT_CN_WAVE2_0.1
LTMD-CN5-G2019-VP099,LTMD-CN5-G2019,2019,5,99,3,335,92.87,0.0239,text_detected,,,,textual,high,OCR_TEXT_RICH,text_rich,PAGESTRUCT_CN_WAVE2_0.1
LTMD-CN5-G2019-VP100,LTMD-CN5-G2019,2019,5,100,3,163,92.92,0.0245,text_detected,,,,textual,high,OCR_TEXT_RICH,text_rich,PAGESTRUCT_CN_WAVE2_0.1
LTMD-CN5-G2019-VP101,LTMD-CN5-G2019,2019,5,101,3,120,93.35,0.0417,text_detected,,,,textual,high,OCR_TEXT_RICH,text_rich,PAGESTRUCT_CN_WAVE2_0.1
LTMD-CN5-G2019-VP102,LTMD-CN5-G2019,2019,5,102,6,7,32.47,0.7143,text_detected,,,,visual_only,medium,OCR_VISUAL_NOISE,fallback_psm;visual_noise,PAGESTRUCT_CN_WAVE2_0.1
LTMD-CN5-G2019-VP103,LTMD-CN5-G2019,2019,5,103,3,24,82.65,0.1667,text_detected,,,,mixed_text_image,medium,OCR_MODERATE_TEXT,text_present,PAGESTRUCT_CN_WAVE2_0.1
LTMD-CN5-G2019-VP104,LTMD-CN5-G2019,2019,5,104,,3,70.35,0.3333,no_text_detected,,,,visual_only,high,OCR_VISUAL_NOISE,visual_noise,PAGESTRUCT_CN_WAVE2_0.1
LTMD-CN5-G2019-VP105,LTMD-CN5-G2019,2019,5,105,3,163,93.43,0.0245,text_detected,,,,textual,high,OCR_TEXT_RICH,text_rich,PAGESTRUCT_CN_WAVE2_0.1
LTMD-CN5-G2019-VP106,LTMD-CN5-G2019,2019,5,106,3,210,82.95,0.1571,text_detected,,,,textual,high,OCR_TEXT_RICH,text_rich,PAGESTRUCT_CN_WAVE2_0.1
LTMD-CN5-G2019-VP107,LTMD-CN5-G2019,2019,5,107,3,296,92.29,0.0338,text_detected,,,,textual,high,OCR_TEXT_RICH,text_rich,PAGESTRUCT_CN_WAVE2_0.1
LTMD-CN5-G2019-VP108,LTMD-CN5-G2019,2019,5,108,3,350,93.38,0.0143,text_detected,,,,textual,high,OCR_TEXT_RICH,text_rich,PAGESTRUCT_CN_WAVE2_0.1
LTMD-CN5-G2019-VP109,LTMD-CN5-G2019,2019,5,109,3,228,91.05,0.0526,text_detected,,,,textual,high,OCR_TEXT_RICH,text_rich,PAGESTRUCT_CN_WAVE2_0.1
LTMD-CN5-G2019-VP110,LTMD-CN5-G2019,2019,5,110,3,240,90.93,0.0375,text_detected,,,,textual,high,OCR_TEXT_RICH,text_rich,PAGESTRUCT_CN_WAVE2_0.1
LTMD-CN5-G2019-VP111,LTMD-CN5-G2019,2019,5,111,3,538,92.82,0.0260,text_detected,,,,textual,high,OCR_TEXT_RICH,text_rich,PAGESTRUCT_CN_WAVE2_0.1
LTMD-CN5-G2019-VP112,LTMD-CN5-G2019,2019,5,112,6,23,34.76,0.9130,text_detected,,,,visual_only,high,OCR_VISUAL_NOISE,fallback_psm;visual_noise,PAGESTRUCT_CN_WAVE2_0.1
LTMD-CN5-G2019-VP113,LTMD-CN5-G2019,2019,5,113,3,119,93.54,0.0084,text_detected,,,,mixed_text_image,medium,OCR_MODERATE_TEXT,text_present,PAGESTRUCT_CN_WAVE2_0.1
LTMD-CN5-G2019-VP114,LTMD-CN5-G2019,2019,5,114,3,380,93.64,0.0079,text_detected,,,,textual,high,OCR_TEXT_RICH,text_rich,PAGESTRUCT_CN_WAVE2_0.1
LTMD-CN5-G2019-VP115,LTMD-CN5-G2019,2019,5,115,3,299,91.25,0.0334,text_detected,,,,textual,high,OCR_TEXT_RICH,text_rich,PAGESTRUCT_CN_WAVE2_0.1
LTMD-CN5-G2019-VP116,LTMD-CN5-G2019,2019,5,116,3,173,93.96,0.0173,text_detected,,,,textual,high,OCR_TEXT_RICH,text_rich,PAGESTRUCT_CN_WAVE2_0.1
LTMD-CN5-G2019-VP117,LTMD-CN5-G2019,2019,5,117,3,200,90.55,0.0550,text_detected,,,,textual,high,OCR_TEXT_RICH,text_rich,PAGESTRUCT_CN_WAVE2_0.1
LTMD-CN5-G2019-VP118,LTMD-CN5-G2019,2019,5,118,6,144,31.27,0.8819,text_detected,,,,visual_only,high,OCR_VISUAL_NOISE,fallback_psm;visual_noise,PAGESTRUCT_CN_WAVE2_0.1
LTMD-CN5-G2019-VP119,LTMD-CN5-G2019,2019,5,119,3,195,86.10,0.1128,text_detected,,,,textual,high,OCR_TEXT_RICH,text_rich,PAGESTRUCT_CN_WAVE2_0.1
LTMD-CN5-G2019-VP120,LTMD-CN5-G2019,2019,5,120,3,265,89.88,0.0566,text_detected,,,,textual,high,OCR_TEXT_RICH,text_rich,PAGESTRUCT_CN_WAVE2_0.1
LTMD-CN5-G2019-VP121,LTMD-CN5-G2019,2019,5,121,3,345,90.39,0.0493,text_detected,,,,textual,high,OCR_TEXT_RICH,text_rich,PAGESTRUCT_CN_WAVE2_0.1
LTMD-CN5-G2019-VP122,LTMD-CN5-G2019,2019,5,122,3,388,91.34,0.0232,text_detected,,,,textual,high,OCR_TEXT_RICH,text_rich,PAGESTRUCT_CN_WAVE2_0.1
LTMD-CN5-G2019-VP123,LTMD-CN5-G2019,2019,5,123,3,88,90.08,0.0568,text_detected,,,,mixed_text_image,medium,OCR_MODERATE_TEXT,text_present,PAGESTRUCT_CN_WAVE2_0.1
LTMD-CN5-G2019-VP124,LTMD-CN5-G2019,2019,5,124,3,203,94.20,0.0049,text_detected,,,,textual,high,OCR_TEXT_RICH,text_rich,PAGESTRUCT_CN_WAVE2_0.1
LTMD-CN5-G2019-VP125,LTMD-CN5-G2019,2019,5,125,3,303,93.33,0.0132,text_detected,,,,textual,high,OCR_TEXT_RICH,text_rich,PAGESTRUCT_CN_WAVE2_0.1
LTMD-CN5-G2019-VP126,LTMD-CN5-G2019,2019,5,126,3,74,87.31,0.0676,text_detected,,,,mixed_text_image,medium,OCR_MODERATE_TEXT,text_present,PAGESTRUCT_CN_WAVE2_0.1
LTMD-CN5-G2019-VP127,LTMD-CN5-G2019,2019,5,127,3,122,94.14,0.0164,text_detected,,,,textual,high,OCR_TEXT_RICH,text_rich,PAGESTRUCT_CN_WAVE2_0.1
LTMD-CN5-G2019-VP128,LTMD-CN5-G2019,2019,5,128,6,293,25.74,0.9420,text_detected,,,,visual_only,high,OCR_VISUAL_NOISE,fallback_psm;visual_noise,PAGESTRUCT_CN_WAVE2_0.1
LTMD-CN5-G2019-VP129,LTMD-CN5-G2019,2019,5,129,3,53,87.56,0.0566,text_detected,,,,mixed_text_image,medium,OCR_MODERATE_TEXT,text_present,PAGESTRUCT_CN_WAVE2_0.1
LTMD-CN5-G2019-VP130,LTMD-CN5-G2019,2019,5,130,6,7,26.83,1.0000,text_detected,,,,visual_only,high,OCR_VISUAL_NOISE,fallback_psm;visual_noise,PAGESTRUCT_CN_WAVE2_0.1
LTMD-CN5-G2019-VP131,LTMD-CN5-G2019,2019,5,131,3,248,90.91,0.0403,text_detected,,,,textual,high,OCR_TEXT_RICH,text_rich,PAGESTRUCT_CN_WAVE2_0.1
LTMD-CN5-G2019-VP132,LTMD-CN5-G2019,2019,5,132,3,167,92.53,0.0240,text_detected,,,,textual,high,OCR_TEXT_RICH,text_rich,PAGESTRUCT_CN_WAVE2_0.1
LTMD-CN5-G2019-VP133,LTMD-CN5-G2019,2019,5,133,3,294,92.97,0.0238,text_detected,,,,textual,high,OCR_TEXT_RICH,text_rich,PAGESTRUCT_CN_WAVE2_0.1
LTMD-CN5-G2019-VP134,LTMD-CN5-G2019,2019,5,134,3,396,92.18,0.0278,text_detected,,,,textual,high,OCR_TEXT_RICH,text_rich,PAGESTRUCT_CN_WAVE2_0.1
LTMD-CN5-G2019-VP135,LTMD-CN5-G2019,2019,5,135,3,157,92.63,0.0255,text_detected,,,,textual,high,OCR_TEXT_RICH,text_rich,PAGESTRUCT_CN_WAVE2_0.1
LTMD-CN5-G2019-VP136,LTMD-CN5-G2019,2019,5,136,3,200,92.46,0.0300,text_detected,,,,textual,high,OCR_TEXT_RICH,text_rich,PAGESTRUCT_CN_WAVE2_0.1
LTMD-CN5-G2019-VP137,LTMD-CN5-G2019,2019,5,137,3,173,91.01,0.0520,text_detected,,,,textual,high,OCR_TEXT_RICH,text_rich,PAGESTRUCT_CN_WAVE2_0.1
LTMD-CN5-G2019-VP138,LTMD-CN5-G2019,2019,5,138,3,163,92.91,0.0368,text_detected,,,,textual,high,OCR_TEXT_RICH,text_rich,PAGESTRUCT_CN_WAVE2_0.1
LTMD-CN5-G2019-VP139,LTMD-CN5-G2019,2019,5,139,3,152,89.18,0.0724,text_detected,,,,textual,high,OCR_TEXT_RICH,text_rich,PAGESTRUCT_CN_WAVE2_0.1
LTMD-CN5-G2019-VP140,LTMD-CN5-G2019,2019,5,140,3,234,92.25,0.0299,text_detected,,,,textual,high,OCR_TEXT_RICH,text_rich,PAGESTRUCT_CN_WAVE2_0.1
LTMD-CN5-G2019-VP141,LTMD-CN5-G2019,2019,5,141,3,347,92.00,0.0403,text_detected,,,,textual,high,OCR_TEXT_RICH,text_rich,PAGESTRUCT_CN_WAVE2_0.1
LTMD-CN5-G2019-VP142,LTMD-CN5-G2019,2019,5,142,3,189,89.66,0.0423,text_detected,,,,textual,high,OCR_TEXT_RICH,text_rich,PAGESTRUCT_CN_WAVE2_0.1
LTMD-CN5-G2019-VP143,LTMD-CN5-G2019,2019,5,143,3,241,92.74,0.0415,text_detected,,,,textual,high,OCR_TEXT_RICH,text_rich,PAGESTRUCT_CN_WAVE2_0.1
LTMD-CN5-G2019-VP144,LTMD-CN5-G2019,2019,5,144,3,190,92.44,0.0316,text_detected,,,,textual,high,OCR_TEXT_RICH,text_rich,PAGESTRUCT_CN_WAVE2_0.1
LTMD-CN5-G2019-VP145,LTMD-CN5-G2019,2019,5,145,3,224,91.15,0.0357,text_detected,,,,textual,high,OCR_TEXT_RICH,text_rich,PAGESTRUCT_CN_WAVE2_0.1
LTMD-CN5-G2019-VP146,LTMD-CN5-G2019,2019,5,146,3,79,90.10,0.0633,text_detected,0,0,0,mixed_text_image,medium,OCR_MODERATE_TEXT,end_zone;text_present,PAGESTRUCT_CN_WAVE2_0.1
LTMD-CN5-G2019-VP147,LTMD-CN5-G2019,2019,5,147,3,303,90.47,0.0330,text_detected,0,2,0,toc_or_navigation,high,KW_NAVIGATION,end_zone;text_rich;nav_kw,PAGESTRUCT_CN_WAVE2_0.1
LTMD-CN5-G2019-VP148,LTMD-CN5-G2019,2019,5,148,3,265,94.36,0.0113,text_detected,0,2,0,toc_or_navigation,high,KW_NAVIGATION,end_zone;text_rich;nav_kw,PAGESTRUCT_CN_WAVE2_0.1
LTMD-CN5-G2019-VP149,LTMD-CN5-G2019,2019,5,149,3,224,95.31,0.0089,text_detected,0,2,0,toc_or_navigation,high,KW_NAVIGATION,end_zone;text_rich;nav_kw,PAGESTRUCT_CN_WAVE2_0.1
LTMD-CN5-G2019-VP150,LTMD-CN5-G2019,2019,5,150,3,398,90.32,0.0528,text_detected,0,1,0,textual,high,OCR_TEXT_RICH,end_zone;text_rich;nav_kw,PAGESTRUCT_CN_WAVE2_0.1
LTMD-CN5-G2019-VP151,LTMD-CN5-G2019,2019,5,151,3,301,90.69,0.0432,text_detected,0,0,0,textual,high,OCR_TEXT_RICH,end_zone;text_rich,PAGESTRUCT_CN_WAVE2_0.1
LTMD-CN5-G2019-VP152,LTMD-CN5-G2019,2019,5,152,3,148,93.02,0.0135,text_detected,0,1,0,textual,high,OCR_TEXT_RICH,end_zone;text_rich;nav_kw,PAGESTRUCT_CN_WAVE2_0.1
LTMD-CN5-G2019-VP153,LTMD-CN5-G2019,2019,5,153,3,115,93.95,0.0174,text_detected,0,1,0,mixed_text_image,medium,OCR_MODERATE_TEXT,end_zone;text_present;nav_kw,PAGESTRUCT_CN_WAVE2_0.1
LTMD-CN5-G2019-VP154,LTMD-CN5-G2019,2019,5,154,3,232,91.09,0.0388,text_detected,1,0,1,bibliography_or_credits,medium,KW_BIBLIO_CREDITS,end_zone;text_rich;front_kw;biblio_credit_kw,PAGESTRUCT_CN_WAVE2_0.1
LTMD-CN5-G2019-VP155,LTMD-CN5-G2019,2019,5,155,3,1084,73.28,0.2500,text_detected,0,0,1,bibliography_or_credits,medium,KW_BIBLIO_CREDITS,end_zone;text_present;dense_end_uncertain;biblio_credit_kw,PAGESTRUCT_CN_WAVE2_0.1
LTMD-CN5-G2019-VP156,LTMD-CN5-G2019,2019,5,156,3,1108,74.63,0.2338,text_detected,0,0,0,unknown,medium,END_ZONE_DENSE_UNCERTAIN,end_zone;text_present;dense_end_uncertain,PAGESTRUCT_CN_WAVE2_0.1
LTMD-CN5-G2019-VP157,LTMD-CN5-G2019,2019,5,157,,0,,1.0000,no_text_detected,0,0,0,visual_only,high,OCR_VISUAL_NOISE,end_zone;visual_noise,PAGESTRUCT_CN_WAVE2_0.1
LTMD-CN5-G2019-VP158,LTMD-CN5-G2019,2019,5,158,3,39,69.87,0.3077,text_detected,0,0,0,mixed_text_image,medium,OCR_MODERATE_TEXT,end_zone;text_present,PAGESTRUCT_CN_WAVE2_0.1
LTMD-CN5-G2019-VP159,LTMD-CN5-G2019,2019,5,159,3,197,92.47,0.0203,text_detected,0,0,0,textual,high,OCR_TEXT_RICH,end_zone;text_rich,PAGESTRUCT_CN_WAVE2_0.1
LTMD-CN5-G2019-VP160,LTMD-CN5-G2019,2019,5,160,3,44,93.40,0.0455,text_detected,0,0,1,bibliography_or_credits,medium,KW_BIBLIO_CREDITS,end_zone;text_present;biblio_credit_kw,PAGESTRUCT_CN_WAVE2_0.1
LTMD-CN5-G2019-VP161,LTMD-CN5-G2019,2019,5,161,6,34,33.59,0.8529,text_detected,0,0,0,visual_only,high,OCR_VISUAL_NOISE,end_zone;fallback_psm;visual_noise,PAGESTRUCT_CN_WAVE2_0.1
LTMD-CN6-G1982-VP001,LTMD-CN6-G1982,1982,6,1,3,2,96.36,0.0000,text_detected,0,0,0,unknown,low,CONSERVATIVE_UNKNOWN,front_zone,PAGESTRUCT_CN_WAVE2_0.1
LTMD-CN6-G1982-VP002,LTMD-CN6-G1982,1982,6,2,6,22,25.82,0.9545,text_detected,0,0,0,visual_only,high,OCR_VISUAL_NOISE,front_zone;fallback_psm;visual_noise,PAGESTRUCT_CN_WAVE2_0.1
LTMD-CN6-G1982-VP003,LTMD-CN6-G1982,1982,6,3,3,8,85.70,0.1250,text_detected,0,0,1,bibliography_or_credits,medium,KW_BIBLIO_CREDITS,front_zone;biblio_credit_kw,PAGESTRUCT_CN_WAVE2_0.1
LTMD-CN6-G1982-VP004,LTMD-CN6-G1982,1982,6,4,3,236,87.62,0.0720,text_detected,0,0,2,bibliography_or_credits,high,KW_BIBLIO_CREDITS,front_zone;text_rich;biblio_credit_kw,PAGESTRUCT_CN_WAVE2_0.1
LTMD-CN6-G1982-VP005,LTMD-CN6-G1982,1982,6,5,3,133,90.08,0.0376,text_detected,0,1,0,toc_or_navigation,medium,KW_NAVIGATION,front_zone;text_rich;nav_kw,PAGESTRUCT_CN_WAVE2_0.1
LTMD-CN6-G1982-VP006,LTMD-CN6-G1982,1982,6,6,3,54,93.96,0.0000,text_detected,1,0,0,front_matter,medium,KW_FRONT_MATTER,front_zone;text_present;front_kw,PAGESTRUCT_CN_WAVE2_0.1
LTMD-CN6-G1982-VP007,LTMD-CN6-G1982,1982,6,7,3,70,64.33,0.4143,text_detected,0,0,0,unknown,low,CONSERVATIVE_UNKNOWN,front_zone,PAGESTRUCT_CN_WAVE2_0.1
LTMD-CN6-G1982-VP008,LTMD-CN6-G1982,1982,6,8,6,204,28.31,0.9510,text_detected,0,0,0,visual_only,high,OCR_VISUAL_NOISE,front_zone;fallback_psm;visual_noise,PAGESTRUCT_CN_WAVE2_0.1
LTMD-CN6-G1982-VP009,LTMD-CN6-G1982,1982,6,9,3,4,72.47,0.2500,text_detected,0,0,0,unknown,low,CONSERVATIVE_UNKNOWN,front_zone,PAGESTRUCT_CN_WAVE2_0.1
LTMD-CN6-G1982-VP010,LTMD-CN6-G1982,1982,6,10,3,1,96.74,0.0000,text_detected,0,0,0,unknown,low,CONSERVATIVE_UNKNOWN,front_zone,PAGESTRUCT_CN_WAVE2_0.1
LTMD-CN6-G1982-VP011,LTMD-CN6-G1982,1982,6,11,3,95,89.10,0.0526,text_detected,0,0,0,mixed_text_image,medium,OCR_MODERATE_TEXT,front_zone;text_present,PAGESTRUCT_CN_WAVE2_0.1
LTMD-CN6-G1982-VP012,LTMD-CN6-G1982,1982,6,12,3,171,93.49,0.0058,text_detected,0,1,0,toc_or_navigation,medium,KW_NAVIGATION,front_zone;text_rich;nav_kw,PAGESTRUCT_CN_WAVE2_0.1
LTMD-CN6-G1982-VP013,LTMD-CN6-G1982,1982,6,13,3,141,91.87,0.0284,text_detected,0,0,0,textual,high,OCR_TEXT_RICH,front_zone;text_rich,PAGESTRUCT_CN_WAVE2_0.1
LTMD-CN6-G1982-VP014,LTMD-CN6-G1982,1982,6,14,3,88,90.46,0.0227,text_detected,0,0,0,mixed_text_image,medium,OCR_MODERATE_TEXT,front_zone;text_present,PAGESTRUCT_CN_WAVE2_0.1
LTMD-CN6-G1982-VP015,LTMD-CN6-G1982,1982,6,15,3,360,91.19,0.0472,text_detected,0,0,0,textual,high,OCR_TEXT_RICH,front_zone;text_rich,PAGESTRUCT_CN_WAVE2_0.1
LTMD-CN6-G1982-VP016,LTMD-CN6-G1982,1982,6,16,3,259,91.32,0.0193,text_detected,0,0,0,textual,high,OCR_TEXT_RICH,front_zone;text_rich,PAGESTRUCT_CN_WAVE2_0.1
LTMD-CN6-G1982-VP017,LTMD-CN6-G1982,1982,6,17,3,151,83.55,0.1060,text_detected,,,,textual,high,OCR_TEXT_RICH,text_rich,PAGESTRUCT_CN_WAVE2_0.1
LTMD-CN6-G1982-VP018,LTMD-CN6-G1982,1982,6,18,6,23,27.55,0.9130,text_detected,,,,visual_only,high,OCR_VISUAL_NOISE,fallback_psm;visual_noise,PAGESTRUCT_CN_WAVE2_0.1
LTMD-CN6-G1982-VP019,LTMD-CN6-G1982,1982,6,19,3,10,49.16,0.5000,text_detected,,,,unknown,low,CONSERVATIVE_UNKNOWN,,PAGESTRUCT_CN_WAVE2_0.1
LTMD-CN6-G1982-VP020,LTMD-CN6-G1982,1982,6,20,3,191,90.60,0.0262,text_detected,,,,textual,high,OCR_TEXT_RICH,text_rich,PAGESTRUCT_CN_WAVE2_0.1
LTMD-CN6-G1982-VP021,LTMD-CN6-G1982,1982,6,21,3,137,92.86,0.0146,text_detected,,,,textual,high,OCR_TEXT_RICH,text_rich,PAGESTRUCT_CN_WAVE2_0.1
LTMD-CN6-G1982-VP022,LTMD-CN6-G1982,1982,6,22,3,141,91.76,0.0142,text_detected,,,,textual,high,OCR_TEXT_RICH,text_rich,PAGESTRUCT_CN_WAVE2_0.1
LTMD-CN6-G1982-VP023,LTMD-CN6-G1982,1982,6,23,3,77,91.76,0.0390,text_detected,,,,mixed_text_image,medium,OCR_MODERATE_TEXT,text_present,PAGESTRUCT_CN_WAVE2_0.1
LTMD-CN6-G1982-VP024,LTMD-CN6-G1982,1982,6,24,3,222,92.98,0.0180,text_detected,,,,textual,high,OCR_TEXT_RICH,text_rich,PAGESTRUCT_CN_WAVE2_0.1
LTMD-CN6-G1982-VP025,LTMD-CN6-G1982,1982,6,25,3,123,91.38,0.0407,text_detected,,,,textual,high,OCR_TEXT_RICH,text_rich,PAGESTRUCT_CN_WAVE2_0.1
LTMD-CN6-G1982-VP026,LTMD-CN6-G1982,1982,6,26,3,72,92.23,0.0139,text_detected,,,,mixed_text_image,medium,OCR_MODERATE_TEXT,text_present,PAGESTRUCT_CN_WAVE2_0.1
LTMD-CN6-G1982-VP027,LTMD-CN6-G1982,1982,6,27,3,121,92.44,0.0248,text_detected,,,,textual,high,OCR_TEXT_RICH,text_rich,PAGESTRUCT_CN_WAVE2_0.1
LTMD-CN6-G1982-VP028,LTMD-CN6-G1982,1982,6,28,6,120,31.98,0.8750,text_detected,,,,visual_only,high,OCR_VISUAL_NOISE,fallback_psm;visual_noise,PAGESTRUCT_CN_WAVE2_0.1
LTMD-CN6-G1982-VP029,LTMD-CN6-G1982,1982,6,29,3,2,96.58,0.0000,text_detected,,,,unknown,low,CONSERVATIVE_UNKNOWN,,PAGESTRUCT_CN_WAVE2_0.1
LTMD-CN6-G1982-VP030,LTMD-CN6-G1982,1982,6,30,3,275,91.97,0.0255,text_detected,,,,textual,high,OCR_TEXT_RICH,text_rich,PAGESTRUCT_CN_WAVE2_0.1
LTMD-CN6-G1982-VP031,LTMD-CN6-G1982,1982,6,31,6,11,40.45,0.8182,text_detected,,,,visual_only,high,OCR_VISUAL_NOISE,fallback_psm;visual_noise,PAGESTRUCT_CN_WAVE2_0.1
LTMD-CN6-G1982-VP032,LTMD-CN6-G1982,1982,6,32,3,181,90.44,0.0331,text_detected,,,,textual,high,OCR_TEXT_RICH,text_rich,PAGESTRUCT_CN_WAVE2_0.1
LTMD-CN6-G1982-VP033,LTMD-CN6-G1982,1982,6,33,6,24,36.56,0.8333,text_detected,,,,visual_only,high,OCR_VISUAL_NOISE,fallback_psm;visual_noise,PAGESTRUCT_CN_WAVE2_0.1
LTMD-CN6-G1982-VP034,LTMD-CN6-G1982,1982,6,34,6,23,27.74,0.9565,text_detected,,,,visual_only,high,OCR_VISUAL_NOISE,fallback_psm;visual_noise,PAGESTRUCT_CN_WAVE2_0.1
LTMD-CN6-G1982-VP035,LTMD-CN6-G1982,1982,6,35,3,81,91.32,0.0247,text_detected,,,,mixed_text_image,medium,OCR_MODERATE_TEXT,text_present,PAGESTRUCT_CN_WAVE2_0.1
LTMD-CN6-G1982-VP036,LTMD-CN6-G1982,1982,6,36,3,196,91.97,0.0255,text_detected,,,,textual,high,OCR_TEXT_RICH,text_rich,PAGESTRUCT_CN_WAVE2_0.1
LTMD-CN6-G1982-VP037,LTMD-CN6-G1982,1982,6,37,3,135,92.07,0.0222,text_detected,,,,textual,high,OCR_TEXT_RICH,text_rich,PAGESTRUCT_CN_WAVE2_0.1
LTMD-CN6-G1982-VP038,LTMD-CN6-G1982,1982,6,38,3,193,92.14,0.0207,text_detected,,,,textual,high,OCR_TEXT_RICH,text_rich,PAGESTRUCT_CN_WAVE2_0.1
LTMD-CN6-G1982-VP039,LTMD-CN6-G1982,1982,6,39,3,217,90.88,0.0323,text_detected,,,,textual,high,OCR_TEXT_RICH,text_rich,PAGESTRUCT_CN_WAVE2_0.1
LTMD-CN6-G1982-VP040,LTMD-CN6-G1982,1982,6,40,6,46,29.65,0.8913,text_detected,,,,visual_only,high,OCR_VISUAL_NOISE,fallback_psm;visual_noise,PAGESTRUCT_CN_WAVE2_0.1
LTMD-CN6-G1982-VP041,LTMD-CN6-G1982,1982,6,41,3,17,59.54,0.5294,text_detected,,,,unknown,low,CONSERVATIVE_UNKNOWN,,PAGESTRUCT_CN_WAVE2_0.1
LTMD-CN6-G1982-VP042,LTMD-CN6-G1982,1982,6,42,3,106,92.00,0.0377,text_detected,,,,mixed_text_image,medium,OCR_MODERATE_TEXT,text_present,PAGESTRUCT_CN_WAVE2_0.1
LTMD-CN6-G1982-VP043,LTMD-CN6-G1982,1982,6,43,3,27,75.59,0.1852,text_detected,,,,mixed_text_image,medium,OCR_MODERATE_TEXT,text_present,PAGESTRUCT_CN_WAVE2_0.1
LTMD-CN6-G1982-VP044,LTMD-CN6-G1982,1982,6,44,3,202,91.09,0.0347,text_detected,,,,textual,high,OCR_TEXT_RICH,text_rich,PAGESTRUCT_CN_WAVE2_0.1
LTMD-CN6-G1982-VP045,LTMD-CN6-G1982,1982,6,45,3,44,92.65,0.0455,text_detected,,,,mixed_text_image,medium,OCR_MODERATE_TEXT,text_present,PAGESTRUCT_CN_WAVE2_0.1
LTMD-CN6-G1982-VP046,LTMD-CN6-G1982,1982,6,46,3,310,93.39,0.0097,text_detected,,,,textual,high,OCR_TEXT_RICH,text_rich,PAGESTRUCT_CN_WAVE2_0.1
LTMD-CN6-G1982-VP047,LTMD-CN6-G1982,1982,6,47,3,179,92.73,0.0056,text_detected,,,,textual,high,OCR_TEXT_RICH,text_rich,PAGESTRUCT_CN_WAVE2_0.1
LTMD-CN6-G1982-VP048,LTMD-CN6-G1982,1982,6,48,6,87,25.99,0.9655,text_detected,,,,visual_only,high,OCR_VISUAL_NOISE,fallback_psm;visual_noise,PAGESTRUCT_CN_WAVE2_0.1
LTMD-CN6-G1982-VP049,LTMD-CN6-G1982,1982,6,49,3,12,50.83,0.4167,text_detected,,,,unknown,low,CONSERVATIVE_UNKNOWN,,PAGESTRUCT_CN_WAVE2_0.1
LTMD-CN6-G1982-VP050,LTMD-CN6-G1982,1982,6,50,3,83,91.21,0.0241,text_detected,,,,mixed_text_image,medium,OCR_MODERATE_TEXT,text_present,PAGESTRUCT_CN_WAVE2_0.1
LTMD-CN6-G1982-VP051,LTMD-CN6-G1982,1982,6,51,3,130,89.16,0.0308,text_detected,,,,textual,high,OCR_TEXT_RICH,text_rich,PAGESTRUCT_CN_WAVE2_0.1
LTMD-CN6-G1982-VP052,LTMD-CN6-G1982,1982,6,52,3,188,89.93,0.0372,text_detected,,,,textual,high,OCR_TEXT_RICH,text_rich,PAGESTRUCT_CN_WAVE2_0.1
LTMD-CN6-G1982-VP053,LTMD-CN6-G1982,1982,6,53,3,322,91.83,0.0186,text_detected,,,,textual,high,OCR_TEXT_RICH,text_rich,PAGESTRUCT_CN_WAVE2_0.1
LTMD-CN6-G1982-VP054,LTMD-CN6-G1982,1982,6,54,3,112,89.49,0.0536,text_detected,,,,mixed_text_image,medium,OCR_MODERATE_TEXT,text_present,PAGESTRUCT_CN_WAVE2_0.1
LTMD-CN6-G1982-VP055,LTMD-CN6-G1982,1982,6,55,,1,83.31,0.0000,no_text_detected,,,,visual_only,high,OCR_VISUAL_NOISE,visual_noise,PAGESTRUCT_CN_WAVE2_0.1
LTMD-CN6-G1982-VP056,LTMD-CN6-G1982,1982,6,56,3,135,90.63,0.0370,text_detected,,,,textual,high,OCR_TEXT_RICH,text_rich,PAGESTRUCT_CN_WAVE2_0.1
LTMD-CN6-G1982-VP057,LTMD-CN6-G1982,1982,6,57,3,69,89.26,0.0290,text_detected,,,,mixed_text_image,medium,OCR_MODERATE_TEXT,text_present,PAGESTRUCT_CN_WAVE2_0.1
LTMD-CN6-G1982-VP058,LTMD-CN6-G1982,1982,6,58,3,71,92.44,0.0282,text_detected,,,,mixed_text_image,medium,OCR_MODERATE_TEXT,text_present,PAGESTRUCT_CN_WAVE2_0.1
LTMD-CN6-G1982-VP059,LTMD-CN6-G1982,1982,6,59,3,203,93.48,0.0148,text_detected,,,,textual,high,OCR_TEXT_RICH,text_rich,PAGESTRUCT_CN_WAVE2_0.1
LTMD-CN6-G1982-VP060,LTMD-CN6-G1982,1982,6,60,6,111,26.77,0.9550,text_detected,,,,visual_only,high,OCR_VISUAL_NOISE,fallback_psm;visual_noise,PAGESTRUCT_CN_WAVE2_0.1
LTMD-CN6-G1982-VP061,LTMD-CN6-G1982,1982,6,61,3,21,28.33,0.8571,text_detected,,,,unknown,low,CONSERVATIVE_UNKNOWN,,PAGESTRUCT_CN_WAVE2_0.1
LTMD-CN6-G1982-VP062,LTMD-CN6-G1982,1982,6,62,3,86,92.25,0.0349,text_detected,,,,mixed_text_image,medium,OCR_MODERATE_TEXT,text_present,PAGESTRUCT_CN_WAVE2_0.1
LTMD-CN6-G1982-VP063,LTMD-CN6-G1982,1982,6,63,6,100,37.10,0.8000,text_detected,,,,visual_only,high,OCR_VISUAL_NOISE,fallback_psm;visual_noise,PAGESTRUCT_CN_WAVE2_0.1
LTMD-CN6-G1982-VP064,LTMD-CN6-G1982,1982,6,64,3,145,90.12,0.0276,text_detected,,,,textual,high,OCR_TEXT_RICH,text_rich,PAGESTRUCT_CN_WAVE2_0.1
LTMD-CN6-G1982-VP065,LTMD-CN6-G1982,1982,6,65,3,281,90.57,0.0427,text_detected,,,,textual,high,OCR_TEXT_RICH,text_rich,PAGESTRUCT_CN_WAVE2_0.1
LTMD-CN6-G1982-VP066,LTMD-CN6-G1982,1982,6,66,11,45,35.11,0.8667,text_detected,,,,visual_only,high,OCR_VISUAL_NOISE,fallback_psm;visual_noise,PAGESTRUCT_CN_WAVE2_0.1
LTMD-CN6-G1982-VP067,LTMD-CN6-G1982,1982,6,67,3,178,89.32,0.0449,text_detected,,,,textual,high,OCR_TEXT_RICH,text_rich,PAGESTRUCT_CN_WAVE2_0.1
LTMD-CN6-G1982-VP068,LTMD-CN6-G1982,1982,6,68,3,38,93.80,0.0000,text_detected,,,,mixed_text_image,medium,OCR_MODERATE_TEXT,text_present,PAGESTRUCT_CN_WAVE2_0.1
LTMD-CN6-G1982-VP069,LTMD-CN6-G1982,1982,6,69,3,167,89.32,0.0539,text_detected,,,,textual,high,OCR_TEXT_RICH,text_rich,PAGESTRUCT_CN_WAVE2_0.1
LTMD-CN6-G1982-VP070,LTMD-CN6-G1982,1982,6,70,6,73,38.96,0.7671,text_detected,,,,visual_only,medium,OCR_VISUAL_NOISE,fallback_psm;visual_noise,PAGESTRUCT_CN_WAVE2_0.1
LTMD-CN6-G1982-VP071,LTMD-CN6-G1982,1982,6,71,3,163,90.27,0.0184,text_detected,,,,textual,high,OCR_TEXT_RICH,text_rich,PAGESTRUCT_CN_WAVE2_0.1
LTMD-CN6-G1982-VP072,LTMD-CN6-G1982,1982,6,72,3,31,94.51,0.0000,text_detected,,,,mixed_text_image,medium,OCR_MODERATE_TEXT,text_present,PAGESTRUCT_CN_WAVE2_0.1
LTMD-CN6-G1982-VP073,LTMD-CN6-G1982,1982,6,73,3,156,91.97,0.0192,text_detected,,,,textual,high,OCR_TEXT_RICH,text_rich,PAGESTRUCT_CN_WAVE2_0.1
LTMD-CN6-G1982-VP074,LTMD-CN6-G1982,1982,6,74,6,42,45.98,0.7381,text_detected,,,,visual_only,medium,OCR_VISUAL_NOISE,fallback_psm;visual_noise,PAGESTRUCT_CN_WAVE2_0.1
LTMD-CN6-G1982-VP075,LTMD-CN6-G1982,1982,6,75,3,113,65.93,0.3363,text_detected,,,,mixed_text_image,medium,OCR_MODERATE_TEXT,text_present,PAGESTRUCT_CN_WAVE2_0.1
LTMD-CN6-G1982-VP076,LTMD-CN6-G1982,1982,6,76,6,80,29.45,0.9500,text_detected,,,,visual_only,high,OCR_VISUAL_NOISE,fallback_psm;visual_noise,PAGESTRUCT_CN_WAVE2_0.1
LTMD-CN6-G1982-VP077,LTMD-CN6-G1982,1982,6,77,3,5,83.24,0.2000,text_detected,,,,mixed_text_image,low,OCR_SPARSE_HIGH_CONF,,PAGESTRUCT_CN_WAVE2_0.1
LTMD-CN6-G1982-VP078,LTMD-CN6-G1982,1982,6,78,3,60,76.31,0.1667,text_detected,,,,mixed_text_image,medium,OCR_MODERATE_TEXT,text_present,PAGESTRUCT_CN_WAVE2_0.1
LTMD-CN6-G1982-VP079,LTMD-CN6-G1982,1982,6,79,3,1,48.09,1.0000,text_detected,,,,visual_only,medium,OCR_VISUAL_NOISE,visual_noise,PAGESTRUCT_CN_WAVE2_0.1
LTMD-CN6-G1982-VP080,LTMD-CN6-G1982,1982,6,80,3,103,90.42,0.0097,text_detected,,,,mixed_text_image,medium,OCR_MODERATE_TEXT,text_present,PAGESTRUCT_CN_WAVE2_0.1
LTMD-CN6-G1982-VP081,LTMD-CN6-G1982,1982,6,81,3,100,88.33,0.0600,text_detected,,,,mixed_text_image,medium,OCR_MODERATE_TEXT,text_present,PAGESTRUCT_CN_WAVE2_0.1
LTMD-CN6-G1982-VP082,LTMD-CN6-G1982,1982,6,82,3,56,89.73,0.0357,text_detected,,,,mixed_text_image,medium,OCR_MODERATE_TEXT,text_present,PAGESTRUCT_CN_WAVE2_0.1
LTMD-CN6-G1982-VP083,LTMD-CN6-G1982,1982,6,83,3,10,15.52,1.0000,text_detected,,,,unknown,low,CONSERVATIVE_UNKNOWN,,PAGESTRUCT_CN_WAVE2_0.1
LTMD-CN6-G1982-VP084,LTMD-CN6-G1982,1982,6,84,3,61,92.08,0.0492,text_detected,,,,mixed_text_image,medium,OCR_MODERATE_TEXT,text_present,PAGESTRUCT_CN_WAVE2_0.1
LTMD-CN6-G1982-VP085,LTMD-CN6-G1982,1982,6,85,3,84,89.45,0.0476,text_detected,,,,mixed_text_image,medium,OCR_MODERATE_TEXT,text_present,PAGESTRUCT_CN_WAVE2_0.1
LTMD-CN6-G1982-VP086,LTMD-CN6-G1982,1982,6,86,3,275,90.91,0.0436,text_detected,,,,textual,high,OCR_TEXT_RICH,text_rich,PAGESTRUCT_CN_WAVE2_0.1
LTMD-CN6-G1982-VP087,LTMD-CN6-G1982,1982,6,87,6,120,29.31,0.8500,text_detected,,,,visual_only,high,OCR_VISUAL_NOISE,fallback_psm;visual_noise,PAGESTRUCT_CN_WAVE2_0.1
LTMD-CN6-G1982-VP088,LTMD-CN6-G1982,1982,6,88,3,158,90.40,0.0570,text_detected,,,,textual,high,OCR_TEXT_RICH,text_rich,PAGESTRUCT_CN_WAVE2_0.1
LTMD-CN6-G1982-VP089,LTMD-CN6-G1982,1982,6,89,3,68,89.98,0.0294,text_detected,,,,mixed_text_image,medium,OCR_MODERATE_TEXT,text_present,PAGESTRUCT_CN_WAVE2_0.1
LTMD-CN6-G1982-VP090,LTMD-CN6-G1982,1982,6,90,3,130,93.40,0.0231,text_detected,,,,textual,high,OCR_TEXT_RICH,text_rich,PAGESTRUCT_CN_WAVE2_0.1
LTMD-CN6-G1982-VP091,LTMD-CN6-G1982,1982,6,91,3,75,93.13,0.0133,text_detected,,,,mixed_text_image,medium,OCR_MODERATE_TEXT,text_present,PAGESTRUCT_CN_WAVE2_0.1
LTMD-CN6-G1982-VP092,LTMD-CN6-G1982,1982,6,92,3,154,92.71,0.0260,text_detected,,,,textual,high,OCR_TEXT_RICH,text_rich,PAGESTRUCT_CN_WAVE2_0.1
LTMD-CN6-G1982-VP093,LTMD-CN6-G1982,1982,6,93,3,78,92.98,0.0256,text_detected,,,,mixed_text_image,medium,OCR_MODERATE_TEXT,text_present,PAGESTRUCT_CN_WAVE2_0.1
LTMD-CN6-G1982-VP094,LTMD-CN6-G1982,1982,6,94,3,369,92.25,0.0244,text_detected,,,,textual,high,OCR_TEXT_RICH,text_rich,PAGESTRUCT_CN_WAVE2_0.1
LTMD-CN6-G1982-VP095,LTMD-CN6-G1982,1982,6,95,3,183,91.78,0.0109,text_detected,,,,textual,high,OCR_TEXT_RICH,text_rich,PAGESTRUCT_CN_WAVE2_0.1
LTMD-CN6-G1982-VP096,LTMD-CN6-G1982,1982,6,96,6,133,26.61,0.9699,text_detected,,,,visual_only,high,OCR_VISUAL_NOISE,fallback_psm;visual_noise,PAGESTRUCT_CN_WAVE2_0.1
LTMD-CN6-G1982-VP097,LTMD-CN6-G1982,1982,6,97,3,4,79.74,0.2500,text_detected,,,,mixed_text_image,low,OCR_SPARSE_HIGH_CONF,,PAGESTRUCT_CN_WAVE2_0.1
LTMD-CN6-G1982-VP098,LTMD-CN6-G1982,1982,6,98,3,182,90.36,0.0440,text_detected,,,,textual,high,OCR_TEXT_RICH,text_rich,PAGESTRUCT_CN_WAVE2_0.1
LTMD-CN6-G1982-VP099,LTMD-CN6-G1982,1982,6,99,6,130,29.84,0.9538,text_detected,,,,visual_only,high,OCR_VISUAL_NOISE,fallback_psm;visual_noise,PAGESTRUCT_CN_WAVE2_0.1
LTMD-CN6-G1982-VP100,LTMD-CN6-G1982,1982,6,100,3,184,87.98,0.0707,text_detected,,,,textual,high,OCR_TEXT_RICH,text_rich,PAGESTRUCT_CN_WAVE2_0.1
LTMD-CN6-G1982-VP101,LTMD-CN6-G1982,1982,6,101,3,248,90.17,0.0444,text_detected,,,,textual,high,OCR_TEXT_RICH,text_rich,PAGESTRUCT_CN_WAVE2_0.1
LTMD-CN6-G1982-VP102,LTMD-CN6-G1982,1982,6,102,3,88,87.85,0.0795,text_detected,,,,mixed_text_image,medium,OCR_MODERATE_TEXT,text_present,PAGESTRUCT_CN_WAVE2_0.1
LTMD-CN6-G1982-VP103,LTMD-CN6-G1982,1982,6,103,11,7,47.91,0.7143,text_detected,,,,visual_only,medium,OCR_VISUAL_NOISE,fallback_psm;visual_noise,PAGESTRUCT_CN_WAVE2_0.1
LTMD-CN6-G1982-VP104,LTMD-CN6-G1982,1982,6,104,3,223,91.95,0.0224,text_detected,,,,textual,high,OCR_TEXT_RICH,text_rich,PAGESTRUCT_CN_WAVE2_0.1
LTMD-CN6-G1982-VP105,LTMD-CN6-G1982,1982,6,105,3,5,17.31,1.0000,text_detected,,,,unknown,low,CONSERVATIVE_UNKNOWN,,PAGESTRUCT_CN_WAVE2_0.1
LTMD-CN6-G1982-VP106,LTMD-CN6-G1982,1982,6,106,6,62,38.17,0.8387,text_detected,,,,visual_only,high,OCR_VISUAL_NOISE,fallback_psm;visual_noise,PAGESTRUCT_CN_WAVE2_0.1
LTMD-CN6-G1982-VP107,LTMD-CN6-G1982,1982,6,107,3,195,90.90,0.0410,text_detected,,,,textual,high,OCR_TEXT_RICH,text_rich,PAGESTRUCT_CN_WAVE2_0.1
LTMD-CN6-G1982-VP108,LTMD-CN6-G1982,1982,6,108,3,132,92.02,0.0303,text_detected,,,,textual,high,OCR_TEXT_RICH,text_rich,PAGESTRUCT_CN_WAVE2_0.1
LTMD-CN6-G1982-VP109,LTMD-CN6-G1982,1982,6,109,6,124,32.93,0.8952,text_detected,,,,visual_only,high,OCR_VISUAL_NOISE,fallback_psm;visual_noise,PAGESTRUCT_CN_WAVE2_0.1
LTMD-CN6-G1982-VP110,LTMD-CN6-G1982,1982,6,110,6,10,33.19,0.9000,text_detected,,,,visual_only,high,OCR_VISUAL_NOISE,fallback_psm;visual_noise,PAGESTRUCT_CN_WAVE2_0.1
LTMD-CN6-G1982-VP111,LTMD-CN6-G1982,1982,6,111,3,2,0.00,1.0000,text_detected,,,,visual_only,medium,OCR_VISUAL_NOISE,visual_noise,PAGESTRUCT_CN_WAVE2_0.1
LTMD-CN6-G1982-VP112,LTMD-CN6-G1982,1982,6,112,6,32,33.78,0.8750,text_detected,,,,visual_only,high,OCR_VISUAL_NOISE,fallback_psm;visual_noise,PAGESTRUCT_CN_WAVE2_0.1
LTMD-CN6-G1982-VP113,LTMD-CN6-G1982,1982,6,113,3,155,88.65,0.0387,text_detected,,,,textual,high,OCR_TEXT_RICH,text_rich,PAGESTRUCT_CN_WAVE2_0.1
LTMD-CN6-G1982-VP114,LTMD-CN6-G1982,1982,6,114,3,122,92.79,0.0164,text_detected,,,,textual,high,OCR_TEXT_RICH,text_rich,PAGESTRUCT_CN_WAVE2_0.1
LTMD-CN6-G1982-VP115,LTMD-CN6-G1982,1982,6,115,3,111,93.23,0.0090,text_detected,,,,mixed_text_image,medium,OCR_MODERATE_TEXT,text_present,PAGESTRUCT_CN_WAVE2_0.1
LTMD-CN6-G1982-VP116,LTMD-CN6-G1982,1982,6,116,3,72,90.95,0.0139,text_detected,,,,mixed_text_image,medium,OCR_MODERATE_TEXT,text_present,PAGESTRUCT_CN_WAVE2_0.1
LTMD-CN6-G1982-VP117,LTMD-CN6-G1982,1982,6,117,3,140,91.15,0.0357,text_detected,,,,textual,high,OCR_TEXT_RICH,text_rich,PAGESTRUCT_CN_WAVE2_0.1
LTMD-CN6-G1982-VP118,LTMD-CN6-G1982,1982,6,118,6,52,30.50,0.9231,text_detected,,,,visual_only,high,OCR_VISUAL_NOISE,fallback_psm;visual_noise,PAGESTRUCT_CN_WAVE2_0.1
LTMD-CN6-G1982-VP119,LTMD-CN6-G1982,1982,6,119,3,3,86.34,0.0000,text_detected,,,,unknown,low,CONSERVATIVE_UNKNOWN,,PAGESTRUCT_CN_WAVE2_0.1
LTMD-CN6-G1982-VP120,LTMD-CN6-G1982,1982,6,120,3,361,92.11,0.0249,text_detected,,,,textual,high,OCR_TEXT_RICH,text_rich,PAGESTRUCT_CN_WAVE2_0.1
LTMD-CN6-G1982-VP121,LTMD-CN6-G1982,1982,6,121,6,111,24.11,0.9640,text_detected,,,,visual_only,high,OCR_VISUAL_NOISE,fallback_psm;visual_noise,PAGESTRUCT_CN_WAVE2_0.1
LTMD-CN6-G1982-VP122,LTMD-CN6-G1982,1982,6,122,3,317,93.78,0.0063,text_detected,,,,textual,high,OCR_TEXT_RICH,text_rich,PAGESTRUCT_CN_WAVE2_0.1
LTMD-CN6-G1982-VP123,LTMD-CN6-G1982,1982,6,123,3,215,93.37,0.0093,text_detected,,,,textual,high,OCR_TEXT_RICH,text_rich,PAGESTRUCT_CN_WAVE2_0.1
LTMD-CN6-G1982-VP124,LTMD-CN6-G1982,1982,6,124,3,267,90.61,0.0449,text_detected,,,,textual,high,OCR_TEXT_RICH,text_rich,PAGESTRUCT_CN_WAVE2_0.1
LTMD-CN6-G1982-VP125,LTMD-CN6-G1982,1982,6,125,3,89,90.14,0.0337,text_detected,,,,mixed_text_image,medium,OCR_MODERATE_TEXT,text_present,PAGESTRUCT_CN_WAVE2_0.1
LTMD-CN6-G1982-VP126,LTMD-CN6-G1982,1982,6,126,3,131,93.47,0.0153,text_detected,,,,textual,high,OCR_TEXT_RICH,text_rich,PAGESTRUCT_CN_WAVE2_0.1
LTMD-CN6-G1982-VP127,LTMD-CN6-G1982,1982,6,127,3,51,93.65,0.0196,text_detected,,,,mixed_text_image,medium,OCR_MODERATE_TEXT,text_present,PAGESTRUCT_CN_WAVE2_0.1
LTMD-CN6-G1982-VP128,LTMD-CN6-G1982,1982,6,128,6,56,34.71,0.8393,text_detected,,,,visual_only,high,OCR_VISUAL_NOISE,fallback_psm;visual_noise,PAGESTRUCT_CN_WAVE2_0.1
LTMD-CN6-G1982-VP129,LTMD-CN6-G1982,1982,6,129,3,152,85.51,0.0789,text_detected,,,,textual,high,OCR_TEXT_RICH,text_rich,PAGESTRUCT_CN_WAVE2_0.1
LTMD-CN6-G1982-VP130,LTMD-CN6-G1982,1982,6,130,6,98,31.06,0.9286,text_detected,,,,visual_only,high,OCR_VISUAL_NOISE,fallback_psm;visual_noise,PAGESTRUCT_CN_WAVE2_0.1
LTMD-CN6-G1982-VP131,LTMD-CN6-G1982,1982,6,131,3,8,54.12,0.7500,text_detected,,,,unknown,low,CONSERVATIVE_UNKNOWN,,PAGESTRUCT_CN_WAVE2_0.1
LTMD-CN6-G1982-VP132,LTMD-CN6-G1982,1982,6,132,3,204,88.57,0.0686,text_detected,,,,textual,high,OCR_TEXT_RICH,text_rich,PAGESTRUCT_CN_WAVE2_0.1
LTMD-CN6-G1982-VP133,LTMD-CN6-G1982,1982,6,133,3,83,92.01,0.0361,text_detected,,,,mixed_text_image,medium,OCR_MODERATE_TEXT,text_present,PAGESTRUCT_CN_WAVE2_0.1
LTMD-CN6-G1982-VP134,LTMD-CN6-G1982,1982,6,134,3,256,93.50,0.0195,text_detected,,,,textual,high,OCR_TEXT_RICH,text_rich,PAGESTRUCT_CN_WAVE2_0.1
LTMD-CN6-G1982-VP135,LTMD-CN6-G1982,1982,6,135,3,115,92.06,0.0261,text_detected,,,,mixed_text_image,medium,OCR_MODERATE_TEXT,text_present,PAGESTRUCT_CN_WAVE2_0.1
LTMD-CN6-G1982-VP136,LTMD-CN6-G1982,1982,6,136,3,101,91.45,0.0099,text_detected,,,,mixed_text_image,medium,OCR_MODERATE_TEXT,text_present,PAGESTRUCT_CN_WAVE2_0.1
LTMD-CN6-G1982-VP137,LTMD-CN6-G1982,1982,6,137,3,115,91.30,0.0261,text_detected,,,,mixed_text_image,medium,OCR_MODERATE_TEXT,text_present,PAGESTRUCT_CN_WAVE2_0.1
LTMD-CN6-G1982-VP138,LTMD-CN6-G1982,1982,6,138,3,225,92.13,0.0178,text_detected,,,,textual,high,OCR_TEXT_RICH,text_rich,PAGESTRUCT_CN_WAVE2_0.1
LTMD-CN6-G1982-VP139,LTMD-CN6-G1982,1982,6,139,3,147,90.80,0.0272,text_detected,,,,textual,high,OCR_TEXT_RICH,text_rich,PAGESTRUCT_CN_WAVE2_0.1
LTMD-CN6-G1982-VP140,LTMD-CN6-G1982,1982,6,140,3,181,90.72,0.0387,text_detected,,,,textual,high,OCR_TEXT_RICH,text_rich,PAGESTRUCT_CN_WAVE2_0.1
LTMD-CN6-G1982-VP141,LTMD-CN6-G1982,1982,6,141,3,154,92.34,0.0195,text_detected,,,,textual,high,OCR_TEXT_RICH,text_rich,PAGESTRUCT_CN_WAVE2_0.1
LTMD-CN6-G1982-VP142,LTMD-CN6-G1982,1982,6,142,11,25,21.48,0.9200,text_detected,,,,visual_only,high,OCR_VISUAL_NOISE,fallback_psm;visual_noise,PAGESTRUCT_CN_WAVE2_0.1
LTMD-CN6-G1982-VP143,LTMD-CN6-G1982,1982,6,143,11,17,36.18,0.8824,text_detected,,,,visual_only,high,OCR_VISUAL_NOISE,fallback_psm;visual_noise,PAGESTRUCT_CN_WAVE2_0.1
LTMD-CN6-G1982-VP144,LTMD-CN6-G1982,1982,6,144,3,49,93.09,0.0000,text_detected,,,,mixed_text_image,medium,OCR_MODERATE_TEXT,text_present,PAGESTRUCT_CN_WAVE2_0.1
LTMD-CN6-G1982-VP145,LTMD-CN6-G1982,1982,6,145,3,34,89.19,0.0294,text_detected,,,,mixed_text_image,medium,OCR_MODERATE_TEXT,text_present,PAGESTRUCT_CN_WAVE2_0.1
LTMD-CN6-G1982-VP146,LTMD-CN6-G1982,1982,6,146,3,31,71.23,0.3226,text_detected,,,,mixed_text_image,medium,OCR_MODERATE_TEXT,text_present,PAGESTRUCT_CN_WAVE2_0.1
LTMD-CN6-G1982-VP147,LTMD-CN6-G1982,1982,6,147,3,185,85.08,0.0919,text_detected,,,,textual,high,OCR_TEXT_RICH,text_rich,PAGESTRUCT_CN_WAVE2_0.1
LTMD-CN6-G1982-VP148,LTMD-CN6-G1982,1982,6,148,3,113,89.51,0.0354,text_detected,,,,mixed_text_image,medium,OCR_MODERATE_TEXT,text_present,PAGESTRUCT_CN_WAVE2_0.1
LTMD-CN6-G1982-VP149,LTMD-CN6-G1982,1982,6,149,3,46,79.59,0.1739,text_detected,,,,mixed_text_image,medium,OCR_MODERATE_TEXT,text_present,PAGESTRUCT_CN_WAVE2_0.1
LTMD-CN6-G1982-VP150,LTMD-CN6-G1982,1982,6,150,3,297,90.69,0.0269,text_detected,,,,textual,high,OCR_TEXT_RICH,text_rich,PAGESTRUCT_CN_WAVE2_0.1
LTMD-CN6-G1982-VP151,LTMD-CN6-G1982,1982,6,151,3,10,47.52,0.6000,text_detected,,,,unknown,low,CONSERVATIVE_UNKNOWN,,PAGESTRUCT_CN_WAVE2_0.1
LTMD-CN6-G1982-VP152,LTMD-CN6-G1982,1982,6,152,3,217,90.37,0.0461,text_detected,,,,textual,high,OCR_TEXT_RICH,text_rich,PAGESTRUCT_CN_WAVE2_0.1
LTMD-CN6-G1982-VP153,LTMD-CN6-G1982,1982,6,153,3,380,90.89,0.0447,text_detected,,,,textual,high,OCR_TEXT_RICH,text_rich,PAGESTRUCT_CN_WAVE2_0.1
LTMD-CN6-G1982-VP154,LTMD-CN6-G1982,1982,6,154,6,131,27.03,0.9695,text_detected,,,,visual_only,high,OCR_VISUAL_NOISE,fallback_psm;visual_noise,PAGESTRUCT_CN_WAVE2_0.1
LTMD-CN6-G1982-VP155,LTMD-CN6-G1982,1982,6,155,3,15,59.56,0.4667,text_detected,,,,unknown,low,CONSERVATIVE_UNKNOWN,,PAGESTRUCT_CN_WAVE2_0.1
LTMD-CN6-G1982-VP156,LTMD-CN6-G1982,1982,6,156,3,80,92.55,0.0125,text_detected,,,,mixed_text_image,medium,OCR_MODERATE_TEXT,text_present,PAGESTRUCT_CN_WAVE2_0.1
LTMD-CN6-G1982-VP157,LTMD-CN6-G1982,1982,6,157,6,26,47.09,0.6538,text_detected,,,,visual_only,medium,OCR_VISUAL_NOISE,fallback_psm;visual_noise,PAGESTRUCT_CN_WAVE2_0.1
LTMD-CN6-G1982-VP158,LTMD-CN6-G1982,1982,6,158,3,72,93.65,0.0139,text_detected,,,,mixed_text_image,medium,OCR_MODERATE_TEXT,text_present,PAGESTRUCT_CN_WAVE2_0.1
LTMD-CN6-G1982-VP159,LTMD-CN6-G1982,1982,6,159,3,62,92.49,0.0323,text_detected,,,,mixed_text_image,medium,OCR_MODERATE_TEXT,text_present,PAGESTRUCT_CN_WAVE2_0.1
LTMD-CN6-G1982-VP160,LTMD-CN6-G1982,1982,6,160,3,77,95.88,0.0000,text_detected,,,,mixed_text_image,medium,OCR_MODERATE_TEXT,text_present,PAGESTRUCT_CN_WAVE2_0.1
LTMD-CN6-G1982-VP161,LTMD-CN6-G1982,1982,6,161,3,70,89.97,0.0571,text_detected,,,,mixed_text_image,medium,OCR_MODERATE_TEXT,text_present,PAGESTRUCT_CN_WAVE2_0.1
LTMD-CN6-G1982-VP162,LTMD-CN6-G1982,1982,6,162,3,84,92.88,0.0119,text_detected,,,,mixed_text_image,medium,OCR_MODERATE_TEXT,text_present,PAGESTRUCT_CN_WAVE2_0.1
LTMD-CN6-G1982-VP163,LTMD-CN6-G1982,1982,6,163,3,84,93.26,0.0000,text_detected,,,,mixed_text_image,medium,OCR_MODERATE_TEXT,text_present,PAGESTRUCT_CN_WAVE2_0.1
LTMD-CN6-G1982-VP164,LTMD-CN6-G1982,1982,6,164,3,107,91.21,0.0467,text_detected,,,,mixed_text_image,medium,OCR_MODERATE_TEXT,text_present,PAGESTRUCT_CN_WAVE2_0.1
LTMD-CN6-G1982-VP165,LTMD-CN6-G1982,1982,6,165,3,56,90.09,0.0357,text_detected,,,,mixed_text_image,medium,OCR_MODERATE_TEXT,text_present,PAGESTRUCT_CN_WAVE2_0.1
LTMD-CN6-G1982-VP166,LTMD-CN6-G1982,1982,6,166,3,42,89.39,0.0714,text_detected,,,,mixed_text_image,medium,OCR_MODERATE_TEXT,text_present,PAGESTRUCT_CN_WAVE2_0.1
LTMD-CN6-G1982-VP167,LTMD-CN6-G1982,1982,6,167,3,80,90.46,0.0250,text_detected,,,,mixed_text_image,medium,OCR_MODERATE_TEXT,text_present,PAGESTRUCT_CN_WAVE2_0.1
LTMD-CN6-G1982-VP168,LTMD-CN6-G1982,1982,6,168,3,270,92.70,0.0074,text_detected,,,,textual,high,OCR_TEXT_RICH,text_rich,PAGESTRUCT_CN_WAVE2_0.1
LTMD-CN6-G1982-VP169,LTMD-CN6-G1982,1982,6,169,3,62,91.21,0.0323,text_detected,,,,mixed_text_image,medium,OCR_MODERATE_TEXT,text_present,PAGESTRUCT_CN_WAVE2_0.1
LTMD-CN6-G1982-VP170,LTMD-CN6-G1982,1982,6,170,3,100,90.76,0.0200,text_detected,,,,mixed_text_image,medium,OCR_MODERATE_TEXT,text_present,PAGESTRUCT_CN_WAVE2_0.1
LTMD-CN6-G1982-VP171,LTMD-CN6-G1982,1982,6,171,3,100,92.83,0.0200,text_detected,,,,mixed_text_image,medium,OCR_MODERATE_TEXT,text_present,PAGESTRUCT_CN_WAVE2_0.1
LTMD-CN6-G1982-VP172,LTMD-CN6-G1982,1982,6,172,3,1,96.94,0.0000,text_detected,,,,unknown,low,CONSERVATIVE_UNKNOWN,,PAGESTRUCT_CN_WAVE2_0.1
LTMD-CN6-G1982-VP173,LTMD-CN6-G1982,1982,6,173,3,1,96.87,0.0000,text_detected,,,,unknown,low,CONSERVATIVE_UNKNOWN,,PAGESTRUCT_CN_WAVE2_0.1
LTMD-CN6-G1982-VP174,LTMD-CN6-G1982,1982,6,174,3,116,93.99,0.0172,text_detected,,,,mixed_text_image,medium,OCR_MODERATE_TEXT,text_present,PAGESTRUCT_CN_WAVE2_0.1
LTMD-CN6-G1982-VP175,LTMD-CN6-G1982,1982,6,175,11,28,29.66,0.8571,text_detected,,,,visual_only,high,OCR_VISUAL_NOISE,fallback_psm;visual_noise,PAGESTRUCT_CN_WAVE2_0.1
LTMD-CN6-G1982-VP176,LTMD-CN6-G1982,1982,6,176,3,78,91.97,0.0385,text_detected,,,,mixed_text_image,medium,OCR_MODERATE_TEXT,text_present,PAGESTRUCT_CN_WAVE2_0.1
LTMD-CN6-G1982-VP177,LTMD-CN6-G1982,1982,6,177,3,85,90.87,0.0118,text_detected,,,,mixed_text_image,medium,OCR_MODERATE_TEXT,text_present,PAGESTRUCT_CN_WAVE2_0.1
LTMD-CN6-G1982-VP178,LTMD-CN6-G1982,1982,6,178,3,317,91.29,0.0315,text_detected,,,,textual,high,OCR_TEXT_RICH,text_rich,PAGESTRUCT_CN_WAVE2_0.1
LTMD-CN6-G1982-VP179,LTMD-CN6-G1982,1982,6,179,3,101,91.46,0.0396,text_detected,,,,mixed_text_image,medium,OCR_MODERATE_TEXT,text_present,PAGESTRUCT_CN_WAVE2_0.1
LTMD-CN6-G1982-VP180,LTMD-CN6-G1982,1982,6,180,3,88,91.41,0.0455,text_detected,,,,mixed_text_image,medium,OCR_MODERATE_TEXT,text_present,PAGESTRUCT_CN_WAVE2_0.1
LTMD-CN6-G1982-VP181,LTMD-CN6-G1982,1982,6,181,3,205,90.22,0.0244,text_detected,,,,textual,high,OCR_TEXT_RICH,text_rich,PAGESTRUCT_CN_WAVE2_0.1
LTMD-CN6-G1982-VP182,LTMD-CN6-G1982,1982,6,182,3,307,91.49,0.0228,text_detected,,,,textual,high,OCR_TEXT_RICH,text_rich,PAGESTRUCT_CN_WAVE2_0.1
LTMD-CN6-G1982-VP183,LTMD-CN6-G1982,1982,6,183,3,72,87.08,0.0694,text_detected,,,,mixed_text_image,medium,OCR_MODERATE_TEXT,text_present,PAGESTRUCT_CN_WAVE2_0.1
LTMD-CN6-G1982-VP184,LTMD-CN6-G1982,1982,6,184,3,119,92.57,0.0168,text_detected,,,,mixed_text_image,medium,OCR_MODERATE_TEXT,text_present,PAGESTRUCT_CN_WAVE2_0.1
LTMD-CN6-G1982-VP185,LTMD-CN6-G1982,1982,6,185,3,131,91.89,0.0229,text_detected,,,,textual,high,OCR_TEXT_RICH,text_rich,PAGESTRUCT_CN_WAVE2_0.1
LTMD-CN6-G1982-VP186,LTMD-CN6-G1982,1982,6,186,6,43,32.56,0.9070,text_detected,,,,visual_only,high,OCR_VISUAL_NOISE,fallback_psm;visual_noise,PAGESTRUCT_CN_WAVE2_0.1
LTMD-CN6-G1982-VP187,LTMD-CN6-G1982,1982,6,187,3,196,92.52,0.0153,text_detected,,,,textual,high,OCR_TEXT_RICH,text_rich,PAGESTRUCT_CN_WAVE2_0.1
LTMD-CN6-G1982-VP188,LTMD-CN6-G1982,1982,6,188,3,144,86.62,0.0625,text_detected,,,,textual,high,OCR_TEXT_RICH,text_rich,PAGESTRUCT_CN_WAVE2_0.1
LTMD-CN6-G1982-VP189,LTMD-CN6-G1982,1982,6,189,6,127,35.46,0.8819,text_detected,,,,visual_only,high,OCR_VISUAL_NOISE,fallback_psm;visual_noise,PAGESTRUCT_CN_WAVE2_0.1
LTMD-CN6-G1982-VP190,LTMD-CN6-G1982,1982,6,190,6,96,32.30,0.9375,text_detected,,,,visual_only,high,OCR_VISUAL_NOISE,fallback_psm;visual_noise,PAGESTRUCT_CN_WAVE2_0.1
LTMD-CN6-G1982-VP191,LTMD-CN6-G1982,1982,6,191,3,270,91.94,0.0296,text_detected,,,,textual,high,OCR_TEXT_RICH,text_rich,PAGESTRUCT_CN_WAVE2_0.1
LTMD-CN6-G1982-VP192,LTMD-CN6-G1982,1982,6,192,6,110,30.93,0.9273,text_detected,,,,visual_only,high,OCR_VISUAL_NOISE,fallback_psm;visual_noise,PAGESTRUCT_CN_WAVE2_0.1
LTMD-CN6-G1982-VP193,LTMD-CN6-G1982,1982,6,193,3,11,45.71,0.7273,text_detected,,,,unknown,low,CONSERVATIVE_UNKNOWN,,PAGESTRUCT_CN_WAVE2_0.1
LTMD-CN6-G1982-VP194,LTMD-CN6-G1982,1982,6,194,3,40,91.54,0.0000,text_detected,,,,mixed_text_image,medium,OCR_MODERATE_TEXT,text_present,PAGESTRUCT_CN_WAVE2_0.1
LTMD-CN6-G1982-VP195,LTMD-CN6-G1982,1982,6,195,3,142,85.77,0.0915,text_detected,0,0,0,textual,high,OCR_TEXT_RICH,end_zone;text_rich,PAGESTRUCT_CN_WAVE2_0.1
LTMD-CN6-G1982-VP196,LTMD-CN6-G1982,1982,6,196,3,245,86.95,0.1020,text_detected,1,0,0,textual,high,OCR_TEXT_RICH,end_zone;text_rich;front_kw,PAGESTRUCT_CN_WAVE2_0.1
LTMD-CN6-G1982-VP197,LTMD-CN6-G1982,1982,6,197,3,108,81.34,0.1574,text_detected,0,0,0,mixed_text_image,medium,OCR_MODERATE_TEXT,end_zone;text_present,PAGESTRUCT_CN_WAVE2_0.1
LTMD-CN6-G1982-VP198,LTMD-CN6-G1982,1982,6,198,3,205,90.45,0.0244,text_detected,2,0,0,textual,high,OCR_TEXT_RICH,end_zone;text_rich;front_kw,PAGESTRUCT_CN_WAVE2_0.1
LTMD-CN6-G1982-VP199,LTMD-CN6-G1982,1982,6,199,3,151,90.03,0.0199,text_detected,1,0,0,textual,high,OCR_TEXT_RICH,end_zone;text_rich;front_kw,PAGESTRUCT_CN_WAVE2_0.1
LTMD-CN6-G1982-VP200,LTMD-CN6-G1982,1982,6,200,3,210,88.61,0.0762,text_detected,0,0,0,textual,high,OCR_TEXT_RICH,end_zone;text_rich,PAGESTRUCT_CN_WAVE2_0.1
LTMD-CN6-G1982-VP201,LTMD-CN6-G1982,1982,6,201,3,22,90.46,0.0000,text_detected,0,0,0,mixed_text_image,medium,OCR_MODERATE_TEXT,end_zone;text_present,PAGESTRUCT_CN_WAVE2_0.1
LTMD-CN6-G1982-VP202,LTMD-CN6-G1982,1982,6,202,3,107,93.21,0.0000,text_detected,0,0,0,mixed_text_image,medium,OCR_MODERATE_TEXT,end_zone;text_present,PAGESTRUCT_CN_WAVE2_0.1
LTMD-CN6-G1982-VP203,LTMD-CN6-G1982,1982,6,203,3,8,28.41,0.8750,text_detected,0,0,0,unknown,low,CONSERVATIVE_UNKNOWN,end_zone,PAGESTRUCT_CN_WAVE2_0.1
LTMD-CN6-G1982-VP204,LTMD-CN6-G1982,1982,6,204,3,1,0.00,1.0000,text_detected,0,0,0,visual_only,medium,OCR_VISUAL_NOISE,end_zone;visual_noise,PAGESTRUCT_CN_WAVE2_0.1
LTMD-CN6-G1982-VP205,LTMD-CN6-G1982,1982,6,205,3,180,91.63,0.0333,text_detected,0,0,0,textual,high,OCR_TEXT_RICH,end_zone;text_rich,PAGESTRUCT_CN_WAVE2_0.1
LTMD-CN6-G1982-VP206,LTMD-CN6-G1982,1982,6,206,3,58,87.49,0.0862,text_detected,0,1,0,mixed_text_image,medium,OCR_MODERATE_TEXT,end_zone;text_present;nav_kw,PAGESTRUCT_CN_WAVE2_0.1
LTMD-CN6-G1982-VP207,LTMD-CN6-G1982,1982,6,207,3,115,91.56,0.0087,text_detected,0,0,0,mixed_text_image,medium,OCR_MODERATE_TEXT,end_zone;text_present,PAGESTRUCT_CN_WAVE2_0.1
LTMD-CN6-G1982-VP208,LTMD-CN6-G1982,1982,6,208,3,34,78.07,0.1765,text_detected,0,0,0,mixed_text_image,medium,OCR_MODERATE_TEXT,end_zone;text_present,PAGESTRUCT_CN_WAVE2_0.1
LTMD-CN6-G1982-VP209,LTMD-CN6-G1982,1982,6,209,3,144,81.87,0.1389,text_detected,0,0,0,textual,high,OCR_TEXT_RICH,end_zone;text_rich,PAGESTRUCT_CN_WAVE2_0.1
LTMD-CN6-G1982-VP210,LTMD-CN6-G1982,1982,6,210,6,11,46.44,0.6364,text_detected,0,0,0,unknown,low,CONSERVATIVE_UNKNOWN,end_zone;fallback_psm,PAGESTRUCT_CN_WAVE2_0.1
LTMD-CN6-G2011-VP001,LTMD-CN6-G2011,2011,6,1,3,4,96.70,0.0000,text_detected,0,0,0,mixed_text_image,low,OCR_SPARSE_HIGH_CONF,front_zone,PAGESTRUCT_CN_WAVE2_0.1
LTMD-CN6-G2011-VP002,LTMD-CN6-G2011,2011,6,2,3,441,64.11,0.4059,text_detected,0,0,8,bibliography_or_credits,high,KW_BIBLIO_CREDITS,front_zone;biblio_credit_kw,PAGESTRUCT_CN_WAVE2_0.1
LTMD-CN6-G2011-VP003,LTMD-CN6-G2011,2011,6,3,3,274,95.88,0.0073,text_detected,1,1,1,bibliography_or_credits,medium,KW_BIBLIO_CREDITS,front_zone;text_rich;front_kw;nav_kw;biblio_credit_kw,PAGESTRUCT_CN_WAVE2_0.1
LTMD-CN6-G2011-VP004,LTMD-CN6-G2011,2011,6,4,3,164,87.76,0.0793,text_detected,1,3,0,toc_or_navigation,high,KW_NAVIGATION,front_zone;text_rich;front_kw;nav_kw,PAGESTRUCT_CN_WAVE2_0.1
LTMD-CN6-G2011-VP005,LTMD-CN6-G2011,2011,6,5,3,170,88.26,0.0529,text_detected,2,2,0,toc_or_navigation,high,KW_NAVIGATION,front_zone;text_rich;front_kw;nav_kw,PAGESTRUCT_CN_WAVE2_0.1
LTMD-CN6-G2011-VP006,LTMD-CN6-G2011,2011,6,6,3,184,83.08,0.1467,text_detected,2,2,1,bibliography_or_credits,medium,KW_BIBLIO_CREDITS,front_zone;text_rich;front_kw;nav_kw;biblio_credit_kw,PAGESTRUCT_CN_WAVE2_0.1
LTMD-CN6-G2011-VP007,LTMD-CN6-G2011,2011,6,7,3,122,78.85,0.2377,text_detected,0,1,1,bibliography_or_credits,medium,KW_BIBLIO_CREDITS,front_zone;text_rich;nav_kw;biblio_credit_kw,PAGESTRUCT_CN_WAVE2_0.1
LTMD-CN6-G2011-VP008,LTMD-CN6-G2011,2011,6,8,6,38,35.10,0.7895,text_detected,0,0,0,visual_only,medium,OCR_VISUAL_NOISE,front_zone;fallback_psm;visual_noise,PAGESTRUCT_CN_WAVE2_0.1
LTMD-CN6-G2011-VP009,LTMD-CN6-G2011,2011,6,9,3,35,65.23,0.4000,text_detected,0,0,0,mixed_text_image,medium,OCR_MODERATE_TEXT,front_zone;text_present,PAGESTRUCT_CN_WAVE2_0.1
LTMD-CN6-G2011-VP010,LTMD-CN6-G2011,2011,6,10,6,57,28.83,0.8421,text_detected,0,0,0,visual_only,high,OCR_VISUAL_NOISE,front_zone;fallback_psm;visual_noise,PAGESTRUCT_CN_WAVE2_0.1
LTMD-CN6-G2011-VP011,LTMD-CN6-G2011,2011,6,11,3,113,87.90,0.0796,text_detected,0,1,1,bibliography_or_credits,medium,KW_BIBLIO_CREDITS,front_zone;text_present;nav_kw;biblio_credit_kw,PAGESTRUCT_CN_WAVE2_0.1
LTMD-CN6-G2011-VP012,LTMD-CN6-G2011,2011,6,12,3,335,88.81,0.0687,text_detected,0,2,0,toc_or_navigation,high,KW_NAVIGATION,front_zone;text_rich;nav_kw,PAGESTRUCT_CN_WAVE2_0.1
LTMD-CN6-G2011-VP013,LTMD-CN6-G2011,2011,6,13,3,241,89.16,0.0664,text_detected,0,0,0,textual,high,OCR_TEXT_RICH,front_zone;text_rich,PAGESTRUCT_CN_WAVE2_0.1
LTMD-CN6-G2011-VP014,LTMD-CN6-G2011,2011,6,14,3,339,91.22,0.0324,text_detected,0,1,0,toc_or_navigation,medium,KW_NAVIGATION,front_zone;text_rich;nav_kw,PAGESTRUCT_CN_WAVE2_0.1
LTMD-CN6-G2011-VP015,LTMD-CN6-G2011,2011,6,15,3,271,84.69,0.1255,text_detected,0,0,0,textual,high,OCR_TEXT_RICH,front_zone;text_rich,PAGESTRUCT_CN_WAVE2_0.1
LTMD-CN6-G2011-VP016,LTMD-CN6-G2011,2011,6,16,3,200,83.26,0.1000,text_detected,0,1,0,toc_or_navigation,medium,KW_NAVIGATION,front_zone;text_rich;nav_kw,PAGESTRUCT_CN_WAVE2_0.1
LTMD-CN6-G2011-VP017,LTMD-CN6-G2011,2011,6,17,3,113,87.28,0.0973,text_detected,,,,mixed_text_image,medium,OCR_MODERATE_TEXT,text_present,PAGESTRUCT_CN_WAVE2_0.1
LTMD-CN6-G2011-VP018,LTMD-CN6-G2011,2011,6,18,3,376,91.34,0.0426,text_detected,,,,textual,high,OCR_TEXT_RICH,text_rich,PAGESTRUCT_CN_WAVE2_0.1
LTMD-CN6-G2011-VP019,LTMD-CN6-G2011,2011,6,19,3,399,90.06,0.0501,text_detected,,,,textual,high,OCR_TEXT_RICH,text_rich,PAGESTRUCT_CN_WAVE2_0.1
LTMD-CN6-G2011-VP020,LTMD-CN6-G2011,2011,6,20,3,117,92.01,0.0256,text_detected,,,,mixed_text_image,medium,OCR_MODERATE_TEXT,text_present,PAGESTRUCT_CN_WAVE2_0.1
LTMD-CN6-G2011-VP021,LTMD-CN6-G2011,2011,6,21,3,247,89.90,0.0445,text_detected,,,,textual,high,OCR_TEXT_RICH,text_rich,PAGESTRUCT_CN_WAVE2_0.1
LTMD-CN6-G2011-VP022,LTMD-CN6-G2011,2011,6,22,3,163,91.47,0.0061,text_detected,,,,textual,high,OCR_TEXT_RICH,text_rich,PAGESTRUCT_CN_WAVE2_0.1
LTMD-CN6-G2011-VP023,LTMD-CN6-G2011,2011,6,23,3,255,89.08,0.0431,text_detected,,,,textual,high,OCR_TEXT_RICH,text_rich,PAGESTRUCT_CN_WAVE2_0.1
LTMD-CN6-G2011-VP024,LTMD-CN6-G2011,2011,6,24,3,255,89.24,0.0627,text_detected,,,,textual,high,OCR_TEXT_RICH,text_rich,PAGESTRUCT_CN_WAVE2_0.1
LTMD-CN6-G2011-VP025,LTMD-CN6-G2011,2011,6,25,3,236,87.69,0.0763,text_detected,,,,textual,high,OCR_TEXT_RICH,text_rich,PAGESTRUCT_CN_WAVE2_0.1
LTMD-CN6-G2011-VP026,LTMD-CN6-G2011,2011,6,26,3,306,85.07,0.1046,text_detected,,,,textual,high,OCR_TEXT_RICH,text_rich,PAGESTRUCT_CN_WAVE2_0.1
LTMD-CN6-G2011-VP027,LTMD-CN6-G2011,2011,6,27,3,169,87.76,0.0888,text_detected,,,,textual,high,OCR_TEXT_RICH,text_rich,PAGESTRUCT_CN_WAVE2_0.1
LTMD-CN6-G2011-VP028,LTMD-CN6-G2011,2011,6,28,3,219,66.50,0.3653,text_detected,,,,mixed_text_image,medium,OCR_MODERATE_TEXT,text_present,PAGESTRUCT_CN_WAVE2_0.1
LTMD-CN6-G2011-VP029,LTMD-CN6-G2011,2011,6,29,3,276,76.85,0.2101,text_detected,,,,textual,high,OCR_TEXT_RICH,text_rich,PAGESTRUCT_CN_WAVE2_0.1
LTMD-CN6-G2011-VP030,LTMD-CN6-G2011,2011,6,30,3,109,91.43,0.0367,text_detected,,,,mixed_text_image,medium,OCR_MODERATE_TEXT,text_present,PAGESTRUCT_CN_WAVE2_0.1
LTMD-CN6-G2011-VP031,LTMD-CN6-G2011,2011,6,31,3,230,92.25,0.0261,text_detected,,,,textual,high,OCR_TEXT_RICH,text_rich,PAGESTRUCT_CN_WAVE2_0.1
LTMD-CN6-G2011-VP032,LTMD-CN6-G2011,2011,6,32,3,348,90.34,0.0345,text_detected,,,,textual,high,OCR_TEXT_RICH,text_rich,PAGESTRUCT_CN_WAVE2_0.1
LTMD-CN6-G2011-VP033,LTMD-CN6-G2011,2011,6,33,3,298,88.76,0.0537,text_detected,,,,textual,high,OCR_TEXT_RICH,text_rich,PAGESTRUCT_CN_WAVE2_0.1
LTMD-CN6-G2011-VP034,LTMD-CN6-G2011,2011,6,34,3,68,87.49,0.1029,text_detected,,,,mixed_text_image,medium,OCR_MODERATE_TEXT,text_present,PAGESTRUCT_CN_WAVE2_0.1
LTMD-CN6-G2011-VP035,LTMD-CN6-G2011,2011,6,35,3,349,90.35,0.0372,text_detected,,,,textual,high,OCR_TEXT_RICH,text_rich,PAGESTRUCT_CN_WAVE2_0.1
LTMD-CN6-G2011-VP036,LTMD-CN6-G2011,2011,6,36,3,97,90.38,0.0722,text_detected,,,,mixed_text_image,medium,OCR_MODERATE_TEXT,text_present,PAGESTRUCT_CN_WAVE2_0.1
LTMD-CN6-G2011-VP037,LTMD-CN6-G2011,2011,6,37,3,308,81.05,0.1558,text_detected,,,,textual,high,OCR_TEXT_RICH,text_rich,PAGESTRUCT_CN_WAVE2_0.1
LTMD-CN6-G2011-VP038,LTMD-CN6-G2011,2011,6,38,3,286,84.52,0.1224,text_detected,,,,textual,high,OCR_TEXT_RICH,text_rich,PAGESTRUCT_CN_WAVE2_0.1
LTMD-CN6-G2011-VP039,LTMD-CN6-G2011,2011,6,39,3,110,89.39,0.0727,text_detected,,,,mixed_text_image,medium,OCR_MODERATE_TEXT,text_present,PAGESTRUCT_CN_WAVE2_0.1
LTMD-CN6-G2011-VP040,LTMD-CN6-G2011,2011,6,40,3,331,90.32,0.0514,text_detected,,,,textual,high,OCR_TEXT_RICH,text_rich,PAGESTRUCT_CN_WAVE2_0.1
LTMD-CN6-G2011-VP041,LTMD-CN6-G2011,2011,6,41,3,258,86.55,0.0853,text_detected,,,,textual,high,OCR_TEXT_RICH,text_rich,PAGESTRUCT_CN_WAVE2_0.1
LTMD-CN6-G2011-VP042,LTMD-CN6-G2011,2011,6,42,3,340,86.44,0.0794,text_detected,,,,textual,high,OCR_TEXT_RICH,text_rich,PAGESTRUCT_CN_WAVE2_0.1
LTMD-CN6-G2011-VP043,LTMD-CN6-G2011,2011,6,43,3,376,90.88,0.0346,text_detected,,,,textual,high,OCR_TEXT_RICH,text_rich,PAGESTRUCT_CN_WAVE2_0.1
LTMD-CN6-G2011-VP044,LTMD-CN6-G2011,2011,6,44,3,200,91.18,0.0350,text_detected,,,,textual,high,OCR_TEXT_RICH,text_rich,PAGESTRUCT_CN_WAVE2_0.1
LTMD-CN6-G2011-VP045,LTMD-CN6-G2011,2011,6,45,3,105,91.85,0.0476,text_detected,,,,mixed_text_image,medium,OCR_MODERATE_TEXT,text_present,PAGESTRUCT_CN_WAVE2_0.1
LTMD-CN6-G2011-VP046,LTMD-CN6-G2011,2011,6,46,3,210,91.57,0.0333,text_detected,,,,textual,high,OCR_TEXT_RICH,text_rich,PAGESTRUCT_CN_WAVE2_0.1
LTMD-CN6-G2011-VP047,LTMD-CN6-G2011,2011,6,47,3,74,87.93,0.0676,text_detected,,,,mixed_text_image,medium,OCR_MODERATE_TEXT,text_present,PAGESTRUCT_CN_WAVE2_0.1
LTMD-CN6-G2011-VP048,LTMD-CN6-G2011,2011,6,48,3,165,92.21,0.0303,text_detected,,,,textual,high,OCR_TEXT_RICH,text_rich,PAGESTRUCT_CN_WAVE2_0.1
LTMD-CN6-G2011-VP049,LTMD-CN6-G2011,2011,6,49,3,148,92.49,0.0135,text_detected,,,,textual,high,OCR_TEXT_RICH,text_rich,PAGESTRUCT_CN_WAVE2_0.1
LTMD-CN6-G2011-VP050,LTMD-CN6-G2011,2011,6,50,3,67,61.76,0.3881,text_detected,,,,mixed_text_image,medium,OCR_MODERATE_TEXT,text_present,PAGESTRUCT_CN_WAVE2_0.1
LTMD-CN6-G2011-VP051,LTMD-CN6-G2011,2011,6,51,3,6,80.32,0.1667,text_detected,,,,mixed_text_image,low,OCR_SPARSE_HIGH_CONF,,PAGESTRUCT_CN_WAVE2_0.1
LTMD-CN6-G2011-VP052,LTMD-CN6-G2011,2011,6,52,3,4,21.93,1.0000,text_detected,,,,unknown,low,CONSERVATIVE_UNKNOWN,,PAGESTRUCT_CN_WAVE2_0.1
LTMD-CN6-G2011-VP053,LTMD-CN6-G2011,2011,6,53,3,71,85.01,0.0986,text_detected,,,,mixed_text_image,medium,OCR_MODERATE_TEXT,text_present,PAGESTRUCT_CN_WAVE2_0.1
LTMD-CN6-G2011-VP054,LTMD-CN6-G2011,2011,6,54,3,244,89.38,0.0656,text_detected,,,,textual,high,OCR_TEXT_RICH,text_rich,PAGESTRUCT_CN_WAVE2_0.1
LTMD-CN6-G2011-VP055,LTMD-CN6-G2011,2011,6,55,3,181,73.00,0.2928,text_detected,,,,mixed_text_image,medium,OCR_MODERATE_TEXT,text_present,PAGESTRUCT_CN_WAVE2_0.1
LTMD-CN6-G2011-VP056,LTMD-CN6-G2011,2011,6,56,3,304,78.00,0.2105,text_detected,,,,textual,high,OCR_TEXT_RICH,text_rich,PAGESTRUCT_CN_WAVE2_0.1
LTMD-CN6-G2011-VP057,LTMD-CN6-G2011,2011,6,57,3,461,89.00,0.0521,text_detected,,,,textual,high,OCR_TEXT_RICH,text_rich,PAGESTRUCT_CN_WAVE2_0.1
LTMD-CN6-G2011-VP058,LTMD-CN6-G2011,2011,6,58,3,222,85.92,0.0901,text_detected,,,,textual,high,OCR_TEXT_RICH,text_rich,PAGESTRUCT_CN_WAVE2_0.1
LTMD-CN6-G2011-VP059,LTMD-CN6-G2011,2011,6,59,3,238,85.32,0.0882,text_detected,,,,textual,high,OCR_TEXT_RICH,text_rich,PAGESTRUCT_CN_WAVE2_0.1
LTMD-CN6-G2011-VP060,LTMD-CN6-G2011,2011,6,60,3,312,89.90,0.0481,text_detected,,,,textual,high,OCR_TEXT_RICH,text_rich,PAGESTRUCT_CN_WAVE2_0.1
LTMD-CN6-G2011-VP061,LTMD-CN6-G2011,2011,6,61,3,185,81.02,0.1622,text_detected,,,,textual,high,OCR_TEXT_RICH,text_rich,PAGESTRUCT_CN_WAVE2_0.1
LTMD-CN6-G2011-VP062,LTMD-CN6-G2011,2011,6,62,3,332,86.86,0.0873,text_detected,,,,textual,high,OCR_TEXT_RICH,text_rich,PAGESTRUCT_CN_WAVE2_0.1
LTMD-CN6-G2011-VP063,LTMD-CN6-G2011,2011,6,63,3,266,82.09,0.1541,text_detected,,,,textual,high,OCR_TEXT_RICH,text_rich,PAGESTRUCT_CN_WAVE2_0.1
LTMD-CN6-G2011-VP064,LTMD-CN6-G2011,2011,6,64,3,279,85.68,0.1004,text_detected,,,,textual,high,OCR_TEXT_RICH,text_rich,PAGESTRUCT_CN_WAVE2_0.1
LTMD-CN6-G2011-VP065,LTMD-CN6-G2011,2011,6,65,3,251,83.56,0.1275,text_detected,,,,textual,high,OCR_TEXT_RICH,text_rich,PAGESTRUCT_CN_WAVE2_0.1
LTMD-CN6-G2011-VP066,LTMD-CN6-G2011,2011,6,66,3,174,88.70,0.0747,text_detected,,,,textual,high,OCR_TEXT_RICH,text_rich,PAGESTRUCT_CN_WAVE2_0.1
LTMD-CN6-G2011-VP067,LTMD-CN6-G2011,2011,6,67,3,273,88.76,0.0806,text_detected,,,,textual,high,OCR_TEXT_RICH,text_rich,PAGESTRUCT_CN_WAVE2_0.1
LTMD-CN6-G2011-VP068,LTMD-CN6-G2011,2011,6,68,3,188,87.09,0.0798,text_detected,,,,textual,high,OCR_TEXT_RICH,text_rich,PAGESTRUCT_CN_WAVE2_0.1
LTMD-CN6-G2011-VP069,LTMD-CN6-G2011,2011,6,69,3,182,87.52,0.0879,text_detected,,,,textual,high,OCR_TEXT_RICH,text_rich,PAGESTRUCT_CN_WAVE2_0.1
LTMD-CN6-G2011-VP070,LTMD-CN6-G2011,2011,6,70,3,166,88.80,0.0422,text_detected,,,,textual,high,OCR_TEXT_RICH,text_rich,PAGESTRUCT_CN_WAVE2_0.1
LTMD-CN6-G2011-VP071,LTMD-CN6-G2011,2011,6,71,3,288,86.35,0.0868,text_detected,,,,textual,high,OCR_TEXT_RICH,text_rich,PAGESTRUCT_CN_WAVE2_0.1
LTMD-CN6-G2011-VP072,LTMD-CN6-G2011,2011,6,72,3,179,92.00,0.0223,text_detected,,,,textual,high,OCR_TEXT_RICH,text_rich,PAGESTRUCT_CN_WAVE2_0.1
LTMD-CN6-G2011-VP073,LTMD-CN6-G2011,2011,6,73,3,182,89.77,0.0549,text_detected,,,,textual,high,OCR_TEXT_RICH,text_rich,PAGESTRUCT_CN_WAVE2_0.1
LTMD-CN6-G2011-VP074,LTMD-CN6-G2011,2011,6,74,3,165,81.98,0.1697,text_detected,,,,textual,high,OCR_TEXT_RICH,text_rich,PAGESTRUCT_CN_WAVE2_0.1
LTMD-CN6-G2011-VP075,LTMD-CN6-G2011,2011,6,75,3,165,76.99,0.2121,text_detected,,,,textual,high,OCR_TEXT_RICH,text_rich,PAGESTRUCT_CN_WAVE2_0.1
LTMD-CN6-G2011-VP076,LTMD-CN6-G2011,2011,6,76,3,286,85.07,0.1014,text_detected,,,,textual,high,OCR_TEXT_RICH,text_rich,PAGESTRUCT_CN_WAVE2_0.1
LTMD-CN6-G2011-VP077,LTMD-CN6-G2011,2011,6,77,3,334,89.51,0.0509,text_detected,,,,textual,high,OCR_TEXT_RICH,text_rich,PAGESTRUCT_CN_WAVE2_0.1
LTMD-CN6-G2011-VP078,LTMD-CN6-G2011,2011,6,78,3,308,88.91,0.0617,text_detected,,,,textual,high,OCR_TEXT_RICH,text_rich,PAGESTRUCT_CN_WAVE2_0.1
LTMD-CN6-G2011-VP079,LTMD-CN6-G2011,2011,6,79,3,269,80.26,0.1747,text_detected,,,,textual,high,OCR_TEXT_RICH,text_rich,PAGESTRUCT_CN_WAVE2_0.1
LTMD-CN6-G2011-VP080,LTMD-CN6-G2011,2011,6,80,3,201,93.18,0.0199,text_detected,,,,textual,high,OCR_TEXT_RICH,text_rich,PAGESTRUCT_CN_WAVE2_0.1
LTMD-CN6-G2011-VP081,LTMD-CN6-G2011,2011,6,81,3,192,91.60,0.0365,text_detected,,,,textual,high,OCR_TEXT_RICH,text_rich,PAGESTRUCT_CN_WAVE2_0.1
LTMD-CN6-G2011-VP082,LTMD-CN6-G2011,2011,6,82,6,34,29.79,0.9412,text_detected,,,,visual_only,high,OCR_VISUAL_NOISE,fallback_psm;visual_noise,PAGESTRUCT_CN_WAVE2_0.1
LTMD-CN6-G2011-VP083,LTMD-CN6-G2011,2011,6,83,3,33,69.26,0.3333,text_detected,,,,mixed_text_image,medium,OCR_MODERATE_TEXT,text_present,PAGESTRUCT_CN_WAVE2_0.1
LTMD-CN6-G2011-VP084,LTMD-CN6-G2011,2011,6,84,3,192,85.66,0.1094,text_detected,,,,textual,high,OCR_TEXT_RICH,text_rich,PAGESTRUCT_CN_WAVE2_0.1
LTMD-CN6-G2011-VP085,LTMD-CN6-G2011,2011,6,85,3,337,88.65,0.0593,text_detected,,,,textual,high,OCR_TEXT_RICH,text_rich,PAGESTRUCT_CN_WAVE2_0.1
LTMD-CN6-G2011-VP086,LTMD-CN6-G2011,2011,6,86,3,388,88.88,0.0619,text_detected,,,,textual,high,OCR_TEXT_RICH,text_rich,PAGESTRUCT_CN_WAVE2_0.1
LTMD-CN6-G2011-VP087,LTMD-CN6-G2011,2011,6,87,3,305,84.65,0.1082,text_detected,,,,textual,high,OCR_TEXT_RICH,text_rich,PAGESTRUCT_CN_WAVE2_0.1
LTMD-CN6-G2011-VP088,LTMD-CN6-G2011,2011,6,88,3,294,82.38,0.1667,text_detected,,,,textual,high,OCR_TEXT_RICH,text_rich,PAGESTRUCT_CN_WAVE2_0.1
LTMD-CN6-G2011-VP089,LTMD-CN6-G2011,2011,6,89,3,208,85.35,0.1010,text_detected,,,,textual,high,OCR_TEXT_RICH,text_rich,PAGESTRUCT_CN_WAVE2_0.1
LTMD-CN6-G2011-VP090,LTMD-CN6-G2011,2011,6,90,3,389,89.78,0.0514,text_detected,,,,textual,high,OCR_TEXT_RICH,text_rich,PAGESTRUCT_CN_WAVE2_0.1
LTMD-CN6-G2011-VP091,LTMD-CN6-G2011,2011,6,91,3,372,87.80,0.0753,text_detected,,,,textual,high,OCR_TEXT_RICH,text_rich,PAGESTRUCT_CN_WAVE2_0.1
LTMD-CN6-G2011-VP092,LTMD-CN6-G2011,2011,6,92,6,65,21.60,0.9077,text_detected,,,,visual_only,high,OCR_VISUAL_NOISE,fallback_psm;visual_noise,PAGESTRUCT_CN_WAVE2_0.1
LTMD-CN6-G2011-VP093,LTMD-CN6-G2011,2011,6,93,3,77,89.53,0.0519,text_detected,,,,mixed_text_image,medium,OCR_MODERATE_TEXT,text_present,PAGESTRUCT_CN_WAVE2_0.1
LTMD-CN6-G2011-VP094,LTMD-CN6-G2011,2011,6,94,3,427,89.58,0.0539,text_detected,,,,textual,high,OCR_TEXT_RICH,text_rich,PAGESTRUCT_CN_WAVE2_0.1
LTMD-CN6-G2011-VP095,LTMD-CN6-G2011,2011,6,95,3,250,86.39,0.0920,text_detected,,,,textual,high,OCR_TEXT_RICH,text_rich,PAGESTRUCT_CN_WAVE2_0.1
LTMD-CN6-G2011-VP096,LTMD-CN6-G2011,2011,6,96,3,262,86.13,0.0725,text_detected,,,,textual,high,OCR_TEXT_RICH,text_rich,PAGESTRUCT_CN_WAVE2_0.1
LTMD-CN6-G2011-VP097,LTMD-CN6-G2011,2011,6,97,3,222,81.71,0.1396,text_detected,,,,textual,high,OCR_TEXT_RICH,text_rich,PAGESTRUCT_CN_WAVE2_0.1
LTMD-CN6-G2011-VP098,LTMD-CN6-G2011,2011,6,98,3,206,91.30,0.0388,text_detected,,,,textual,high,OCR_TEXT_RICH,text_rich,PAGESTRUCT_CN_WAVE2_0.1
LTMD-CN6-G2011-VP099,LTMD-CN6-G2011,2011,6,99,3,286,84.65,0.1364,text_detected,,,,textual,high,OCR_TEXT_RICH,text_rich,PAGESTRUCT_CN_WAVE2_0.1
LTMD-CN6-G2011-VP100,LTMD-CN6-G2011,2011,6,100,3,60,79.51,0.1833,text_detected,,,,mixed_text_image,medium,OCR_MODERATE_TEXT,text_present,PAGESTRUCT_CN_WAVE2_0.1
LTMD-CN6-G2011-VP101,LTMD-CN6-G2011,2011,6,101,3,198,89.78,0.0303,text_detected,,,,textual,high,OCR_TEXT_RICH,text_rich,PAGESTRUCT_CN_WAVE2_0.1
LTMD-CN6-G2011-VP102,LTMD-CN6-G2011,2011,6,102,3,298,89.53,0.0503,text_detected,,,,textual,high,OCR_TEXT_RICH,text_rich,PAGESTRUCT_CN_WAVE2_0.1
LTMD-CN6-G2011-VP103,LTMD-CN6-G2011,2011,6,103,3,238,88.88,0.0672,text_detected,,,,textual,high,OCR_TEXT_RICH,text_rich,PAGESTRUCT_CN_WAVE2_0.1
LTMD-CN6-G2011-VP104,LTMD-CN6-G2011,2011,6,104,3,197,84.49,0.1168,text_detected,,,,textual,high,OCR_TEXT_RICH,text_rich,PAGESTRUCT_CN_WAVE2_0.1
LTMD-CN6-G2011-VP105,LTMD-CN6-G2011,2011,6,105,3,260,91.41,0.0308,text_detected,,,,textual,high,OCR_TEXT_RICH,text_rich,PAGESTRUCT_CN_WAVE2_0.1
LTMD-CN6-G2011-VP106,LTMD-CN6-G2011,2011,6,106,3,360,91.34,0.0361,text_detected,,,,textual,high,OCR_TEXT_RICH,text_rich,PAGESTRUCT_CN_WAVE2_0.1
LTMD-CN6-G2011-VP107,LTMD-CN6-G2011,2011,6,107,3,275,90.68,0.0436,text_detected,,,,textual,high,OCR_TEXT_RICH,text_rich,PAGESTRUCT_CN_WAVE2_0.1
LTMD-CN6-G2011-VP108,LTMD-CN6-G2011,2011,6,108,3,112,92.21,0.0268,text_detected,,,,mixed_text_image,medium,OCR_MODERATE_TEXT,text_present,PAGESTRUCT_CN_WAVE2_0.1
LTMD-CN6-G2011-VP109,LTMD-CN6-G2011,2011,6,109,3,129,92.52,0.0310,text_detected,,,,textual,high,OCR_TEXT_RICH,text_rich,PAGESTRUCT_CN_WAVE2_0.1
LTMD-CN6-G2011-VP110,LTMD-CN6-G2011,2011,6,110,6,29,32.17,0.9310,text_detected,,,,visual_only,high,OCR_VISUAL_NOISE,fallback_psm;visual_noise,PAGESTRUCT_CN_WAVE2_0.1
LTMD-CN6-G2011-VP111,LTMD-CN6-G2011,2011,6,111,3,18,64.74,0.4444,text_detected,,,,unknown,low,CONSERVATIVE_UNKNOWN,,PAGESTRUCT_CN_WAVE2_0.1
LTMD-CN6-G2011-VP112,LTMD-CN6-G2011,2011,6,112,11,24,41.32,0.7917,text_detected,,,,visual_only,medium,OCR_VISUAL_NOISE,fallback_psm;visual_noise,PAGESTRUCT_CN_WAVE2_0.1
LTMD-CN6-G2011-VP113,LTMD-CN6-G2011,2011,6,113,3,193,86.99,0.0725,text_detected,,,,textual,high,OCR_TEXT_RICH,text_rich,PAGESTRUCT_CN_WAVE2_0.1
LTMD-CN6-G2011-VP114,LTMD-CN6-G2011,2011,6,114,3,411,88.43,0.0754,text_detected,,,,textual,high,OCR_TEXT_RICH,text_rich,PAGESTRUCT_CN_WAVE2_0.1
LTMD-CN6-G2011-VP115,LTMD-CN6-G2011,2011,6,115,3,344,85.80,0.1163,text_detected,,,,textual,high,OCR_TEXT_RICH,text_rich,PAGESTRUCT_CN_WAVE2_0.1
LTMD-CN6-G2011-VP116,LTMD-CN6-G2011,2011,6,116,3,381,89.96,0.0525,text_detected,,,,textual,high,OCR_TEXT_RICH,text_rich,PAGESTRUCT_CN_WAVE2_0.1
LTMD-CN6-G2011-VP117,LTMD-CN6-G2011,2011,6,117,3,306,87.00,0.0850,text_detected,,,,textual,high,OCR_TEXT_RICH,text_rich,PAGESTRUCT_CN_WAVE2_0.1
LTMD-CN6-G2011-VP118,LTMD-CN6-G2011,2011,6,118,3,320,82.77,0.1500,text_detected,,,,textual,high,OCR_TEXT_RICH,text_rich,PAGESTRUCT_CN_WAVE2_0.1
LTMD-CN6-G2011-VP119,LTMD-CN6-G2011,2011,6,119,3,283,88.54,0.0848,text_detected,,,,textual,high,OCR_TEXT_RICH,text_rich,PAGESTRUCT_CN_WAVE2_0.1
LTMD-CN6-G2011-VP120,LTMD-CN6-G2011,2011,6,120,3,132,86.18,0.0909,text_detected,,,,textual,high,OCR_TEXT_RICH,text_rich,PAGESTRUCT_CN_WAVE2_0.1
LTMD-CN6-G2011-VP121,LTMD-CN6-G2011,2011,6,121,3,155,76.24,0.2645,text_detected,,,,mixed_text_image,medium,OCR_MODERATE_TEXT,text_present,PAGESTRUCT_CN_WAVE2_0.1
LTMD-CN6-G2011-VP122,LTMD-CN6-G2011,2011,6,122,3,213,87.20,0.0798,text_detected,,,,textual,high,OCR_TEXT_RICH,text_rich,PAGESTRUCT_CN_WAVE2_0.1
LTMD-CN6-G2011-VP123,LTMD-CN6-G2011,2011,6,123,3,256,81.79,0.1602,text_detected,,,,textual,high,OCR_TEXT_RICH,text_rich,PAGESTRUCT_CN_WAVE2_0.1
LTMD-CN6-G2011-VP124,LTMD-CN6-G2011,2011,6,124,3,332,83.80,0.1386,text_detected,,,,textual,high,OCR_TEXT_RICH,text_rich,PAGESTRUCT_CN_WAVE2_0.1
LTMD-CN6-G2011-VP125,LTMD-CN6-G2011,2011,6,125,3,362,86.70,0.0829,text_detected,,,,textual,high,OCR_TEXT_RICH,text_rich,PAGESTRUCT_CN_WAVE2_0.1
LTMD-CN6-G2011-VP126,LTMD-CN6-G2011,2011,6,126,3,95,91.93,0.0316,text_detected,,,,mixed_text_image,medium,OCR_MODERATE_TEXT,text_present,PAGESTRUCT_CN_WAVE2_0.1
LTMD-CN6-G2011-VP127,LTMD-CN6-G2011,2011,6,127,3,83,87.92,0.0964,text_detected,,,,mixed_text_image,medium,OCR_MODERATE_TEXT,text_present,PAGESTRUCT_CN_WAVE2_0.1
LTMD-CN6-G2011-VP128,LTMD-CN6-G2011,2011,6,128,3,263,85.80,0.0989,text_detected,,,,textual,high,OCR_TEXT_RICH,text_rich,PAGESTRUCT_CN_WAVE2_0.1
LTMD-CN6-G2011-VP129,LTMD-CN6-G2011,2011,6,129,3,386,92.75,0.0233,text_detected,,,,textual,high,OCR_TEXT_RICH,text_rich,PAGESTRUCT_CN_WAVE2_0.1
LTMD-CN6-G2011-VP130,LTMD-CN6-G2011,2011,6,130,6,5,38.55,0.8000,text_detected,,,,visual_only,high,OCR_VISUAL_NOISE,fallback_psm;visual_noise,PAGESTRUCT_CN_WAVE2_0.1
LTMD-CN6-G2011-VP131,LTMD-CN6-G2011,2011,6,131,3,261,91.33,0.0307,text_detected,,,,textual,high,OCR_TEXT_RICH,text_rich,PAGESTRUCT_CN_WAVE2_0.1
LTMD-CN6-G2011-VP132,LTMD-CN6-G2011,2011,6,132,3,199,89.61,0.0553,text_detected,,,,textual,high,OCR_TEXT_RICH,text_rich,PAGESTRUCT_CN_WAVE2_0.1
LTMD-CN6-G2011-VP133,LTMD-CN6-G2011,2011,6,133,3,173,88.32,0.0462,text_detected,,,,textual,high,OCR_TEXT_RICH,text_rich,PAGESTRUCT_CN_WAVE2_0.1
LTMD-CN6-G2011-VP134,LTMD-CN6-G2011,2011,6,134,3,63,67.73,0.4762,text_detected,,,,unknown,low,CONSERVATIVE_UNKNOWN,,PAGESTRUCT_CN_WAVE2_0.1
LTMD-CN6-G2011-VP135,LTMD-CN6-G2011,2011,6,135,3,64,72.65,0.2969,text_detected,,,,mixed_text_image,medium,OCR_MODERATE_TEXT,text_present,PAGESTRUCT_CN_WAVE2_0.1
LTMD-CN6-G2011-VP136,LTMD-CN6-G2011,2011,6,136,3,115,83.63,0.0957,text_detected,,,,mixed_text_image,medium,OCR_MODERATE_TEXT,text_present,PAGESTRUCT_CN_WAVE2_0.1
LTMD-CN6-G2011-VP137,LTMD-CN6-G2011,2011,6,137,3,111,77.13,0.2162,text_detected,,,,mixed_text_image,medium,OCR_MODERATE_TEXT,text_present,PAGESTRUCT_CN_WAVE2_0.1
LTMD-CN6-G2011-VP138,LTMD-CN6-G2011,2011,6,138,3,252,84.23,0.1310,text_detected,,,,textual,high,OCR_TEXT_RICH,text_rich,PAGESTRUCT_CN_WAVE2_0.1
LTMD-CN6-G2011-VP139,LTMD-CN6-G2011,2011,6,139,3,174,84.01,0.1207,text_detected,,,,textual,high,OCR_TEXT_RICH,text_rich,PAGESTRUCT_CN_WAVE2_0.1
LTMD-CN6-G2011-VP140,LTMD-CN6-G2011,2011,6,140,3,180,91.22,0.0389,text_detected,,,,textual,high,OCR_TEXT_RICH,text_rich,PAGESTRUCT_CN_WAVE2_0.1
LTMD-CN6-G2011-VP141,LTMD-CN6-G2011,2011,6,141,3,285,90.66,0.0351,text_detected,,,,textual,high,OCR_TEXT_RICH,text_rich,PAGESTRUCT_CN_WAVE2_0.1
LTMD-CN6-G2011-VP142,LTMD-CN6-G2011,2011,6,142,3,176,91.37,0.0511,text_detected,,,,textual,high,OCR_TEXT_RICH,text_rich,PAGESTRUCT_CN_WAVE2_0.1
LTMD-CN6-G2011-VP143,LTMD-CN6-G2011,2011,6,143,3,123,92.55,0.0244,text_detected,,,,textual,high,OCR_TEXT_RICH,text_rich,PAGESTRUCT_CN_WAVE2_0.1
LTMD-CN6-G2011-VP144,LTMD-CN6-G2011,2011,6,144,11,34,34.05,0.8529,text_detected,,,,visual_only,high,OCR_VISUAL_NOISE,fallback_psm;visual_noise,PAGESTRUCT_CN_WAVE2_0.1
LTMD-CN6-G2011-VP145,LTMD-CN6-G2011,2011,6,145,3,91,75.47,0.2637,text_detected,,,,mixed_text_image,medium,OCR_MODERATE_TEXT,text_present,PAGESTRUCT_CN_WAVE2_0.1
LTMD-CN6-G2011-VP146,LTMD-CN6-G2011,2011,6,146,3,105,82.25,0.1810,text_detected,,,,mixed_text_image,medium,OCR_MODERATE_TEXT,text_present,PAGESTRUCT_CN_WAVE2_0.1
LTMD-CN6-G2011-VP147,LTMD-CN6-G2011,2011,6,147,3,368,78.02,0.2174,text_detected,,,,textual,high,OCR_TEXT_RICH,text_rich,PAGESTRUCT_CN_WAVE2_0.1
LTMD-CN6-G2011-VP148,LTMD-CN6-G2011,2011,6,148,3,153,89.86,0.0523,text_detected,,,,textual,high,OCR_TEXT_RICH,text_rich,PAGESTRUCT_CN_WAVE2_0.1
LTMD-CN6-G2011-VP149,LTMD-CN6-G2011,2011,6,149,3,265,86.90,0.0792,text_detected,,,,textual,high,OCR_TEXT_RICH,text_rich,PAGESTRUCT_CN_WAVE2_0.1
LTMD-CN6-G2011-VP150,LTMD-CN6-G2011,2011,6,150,3,158,88.66,0.0253,text_detected,,,,textual,high,OCR_TEXT_RICH,text_rich,PAGESTRUCT_CN_WAVE2_0.1
LTMD-CN6-G2011-VP151,LTMD-CN6-G2011,2011,6,151,3,11,73.92,0.2727,text_detected,,,,unknown,low,CONSERVATIVE_UNKNOWN,,PAGESTRUCT_CN_WAVE2_0.1
LTMD-CN6-G2011-VP152,LTMD-CN6-G2011,2011,6,152,3,171,82.68,0.1287,text_detected,,,,textual,high,OCR_TEXT_RICH,text_rich,PAGESTRUCT_CN_WAVE2_0.1
LTMD-CN6-G2011-VP153,LTMD-CN6-G2011,2011,6,153,3,230,86.94,0.0826,text_detected,,,,textual,high,OCR_TEXT_RICH,text_rich,PAGESTRUCT_CN_WAVE2_0.1
LTMD-CN6-G2011-VP154,LTMD-CN6-G2011,2011,6,154,3,89,92.99,0.0112,text_detected,,,,mixed_text_image,medium,OCR_MODERATE_TEXT,text_present,PAGESTRUCT_CN_WAVE2_0.1
LTMD-CN6-G2011-VP155,LTMD-CN6-G2011,2011,6,155,3,247,88.12,0.0607,text_detected,,,,textual,high,OCR_TEXT_RICH,text_rich,PAGESTRUCT_CN_WAVE2_0.1
LTMD-CN6-G2011-VP156,LTMD-CN6-G2011,2011,6,156,3,288,89.52,0.0590,text_detected,,,,textual,high,OCR_TEXT_RICH,text_rich,PAGESTRUCT_CN_WAVE2_0.1
LTMD-CN6-G2011-VP157,LTMD-CN6-G2011,2011,6,157,3,302,88.03,0.0662,text_detected,,,,textual,high,OCR_TEXT_RICH,text_rich,PAGESTRUCT_CN_WAVE2_0.1
LTMD-CN6-G2011-VP158,LTMD-CN6-G2011,2011,6,158,3,230,85.18,0.0913,text_detected,,,,textual,high,OCR_TEXT_RICH,text_rich,PAGESTRUCT_CN_WAVE2_0.1
LTMD-CN6-G2011-VP159,LTMD-CN6-G2011,2011,6,159,3,169,87.91,0.0414,text_detected,,,,textual,high,OCR_TEXT_RICH,text_rich,PAGESTRUCT_CN_WAVE2_0.1
LTMD-CN6-G2011-VP160,LTMD-CN6-G2011,2011,6,160,3,26,71.65,0.3462,text_detected,,,,mixed_text_image,medium,OCR_MODERATE_TEXT,text_present,PAGESTRUCT_CN_WAVE2_0.1
LTMD-CN6-G2011-VP161,LTMD-CN6-G2011,2011,6,161,3,165,90.35,0.0545,text_detected,,,,textual,high,OCR_TEXT_RICH,text_rich,PAGESTRUCT_CN_WAVE2_0.1
LTMD-CN6-G2011-VP162,LTMD-CN6-G2011,2011,6,162,3,18,86.80,0.0556,text_detected,0,0,0,mixed_text_image,low,OCR_SPARSE_HIGH_CONF,end_zone,PAGESTRUCT_CN_WAVE2_0.1
LTMD-CN6-G2011-VP163,LTMD-CN6-G2011,2011,6,163,3,73,84.49,0.1507,text_detected,0,1,0,mixed_text_image,medium,OCR_MODERATE_TEXT,end_zone;text_present;nav_kw,PAGESTRUCT_CN_WAVE2_0.1
LTMD-CN6-G2011-VP164,LTMD-CN6-G2011,2011,6,164,3,247,91.91,0.0243,text_detected,0,2,0,toc_or_navigation,high,KW_NAVIGATION,end_zone;text_rich;nav_kw,PAGESTRUCT_CN_WAVE2_0.1
LTMD-CN6-G2011-VP165,LTMD-CN6-G2011,2011,6,165,3,166,92.63,0.0120,text_detected,0,1,0,textual,high,OCR_TEXT_RICH,end_zone;text_rich;nav_kw,PAGESTRUCT_CN_WAVE2_0.1
LTMD-CN6-G2011-VP166,LTMD-CN6-G2011,2011,6,166,3,114,92.65,0.0175,text_detected,0,1,0,mixed_text_image,medium,OCR_MODERATE_TEXT,end_zone;text_present;nav_kw,PAGESTRUCT_CN_WAVE2_0.1
LTMD-CN6-G2011-VP167,LTMD-CN6-G2011,2011,6,167,3,92,90.93,0.0652,text_detected,0,0,0,mixed_text_image,medium,OCR_MODERATE_TEXT,end_zone;text_present,PAGESTRUCT_CN_WAVE2_0.1
LTMD-CN6-G2011-VP168,LTMD-CN6-G2011,2011,6,168,3,106,93.09,0.0189,text_detected,0,1,0,mixed_text_image,medium,OCR_MODERATE_TEXT,end_zone;text_present;nav_kw,PAGESTRUCT_CN_WAVE2_0.1
LTMD-CN6-G2011-VP169,LTMD-CN6-G2011,2011,6,169,3,118,89.28,0.0593,text_detected,0,1,0,mixed_text_image,medium,OCR_MODERATE_TEXT,end_zone;text_present;nav_kw,PAGESTRUCT_CN_WAVE2_0.1
LTMD-CN6-G2011-VP170,LTMD-CN6-G2011,2011,6,170,3,782,60.69,0.4872,text_detected,0,0,3,bibliography_or_credits,high,KW_BIBLIO_CREDITS,end_zone;biblio_credit_kw,PAGESTRUCT_CN_WAVE2_0.1
LTMD-CN6-G2011-VP171,LTMD-CN6-G2011,2011,6,171,3,775,60.46,0.4619,text_detected,0,0,0,unknown,low,CONSERVATIVE_UNKNOWN,end_zone,PAGESTRUCT_CN_WAVE2_0.1
LTMD-CN6-G2011-VP172,LTMD-CN6-G2011,2011,6,172,3,729,60.06,0.4719,text_detected,0,0,0,unknown,low,CONSERVATIVE_UNKNOWN,end_zone,PAGESTRUCT_CN_WAVE2_0.1
LTMD-CN6-G2011-VP173,LTMD-CN6-G2011,2011,6,173,3,503,46.99,0.6879,text_detected,0,0,0,unknown,low,CONSERVATIVE_UNKNOWN,end_zone,PAGESTRUCT_CN_WAVE2_0.1
LTMD-CN6-G2011-VP174,LTMD-CN6-G2011,2011,6,174,3,34,53.42,0.4412,text_detected,0,0,0,unknown,low,CONSERVATIVE_UNKNOWN,end_zone,PAGESTRUCT_CN_WAVE2_0.1
LTMD-CN6-G2011-VP175,LTMD-CN6-G2011,2011,6,175,3,184,87.89,0.0652,text_detected,0,2,0,toc_or_navigation,high,KW_NAVIGATION,end_zone;text_rich;nav_kw,PAGESTRUCT_CN_WAVE2_0.1
LTMD-CN6-G2011-VP176,LTMD-CN6-G2011,2011,6,176,3,43,85.47,0.0930,text_detected,0,0,0,mixed_text_image,medium,OCR_MODERATE_TEXT,end_zone;text_present,PAGESTRUCT_CN_WAVE2_0.1
LTMD-CN6-G2011-VP177,LTMD-CN6-G2011,2011,6,177,3,3,59.31,0.6667,text_detected,0,0,0,unknown,low,CONSERVATIVE_UNKNOWN,end_zone,PAGESTRUCT_CN_WAVE2_0.1
LTMD-CN6-G2019-VP001,LTMD-CN6-G2019,2019,6,1,3,4,96.49,0.0000,text_detected,0,0,0,mixed_text_image,low,OCR_SPARSE_HIGH_CONF,front_zone,PAGESTRUCT_CN_WAVE2_0.1
LTMD-CN6-G2019-VP002,LTMD-CN6-G2019,2019,6,2,3,440,72.27,0.2523,text_detected,0,0,8,bibliography_or_credits,high,KW_BIBLIO_CREDITS,front_zone;text_present;biblio_credit_kw,PAGESTRUCT_CN_WAVE2_0.1
LTMD-CN6-G2019-VP003,LTMD-CN6-G2019,2019,6,3,3,161,96.03,0.0062,text_detected,1,1,1,bibliography_or_credits,medium,KW_BIBLIO_CREDITS,front_zone;text_rich;front_kw;nav_kw;biblio_credit_kw,PAGESTRUCT_CN_WAVE2_0.1
LTMD-CN6-G2019-VP004,LTMD-CN6-G2019,2019,6,4,3,150,92.14,0.0267,text_detected,1,3,0,toc_or_navigation,high,KW_NAVIGATION,front_zone;text_rich;front_kw;nav_kw,PAGESTRUCT_CN_WAVE2_0.1
LTMD-CN6-G2019-VP005,LTMD-CN6-G2019,2019,6,5,3,180,91.43,0.0389,text_detected,1,3,0,toc_or_navigation,high,KW_NAVIGATION,front_zone;text_rich;front_kw;nav_kw,PAGESTRUCT_CN_WAVE2_0.1
LTMD-CN6-G2019-VP006,LTMD-CN6-G2019,2019,6,6,3,186,82.96,0.1774,text_detected,2,2,1,bibliography_or_credits,medium,KW_BIBLIO_CREDITS,front_zone;text_rich;front_kw;nav_kw;biblio_credit_kw,PAGESTRUCT_CN_WAVE2_0.1
LTMD-CN6-G2019-VP007,LTMD-CN6-G2019,2019,6,7,3,115,90.13,0.0609,text_detected,0,3,2,bibliography_or_credits,high,KW_BIBLIO_CREDITS,front_zone;text_present;nav_kw;biblio_credit_kw,PAGESTRUCT_CN_WAVE2_0.1
LTMD-CN6-G2019-VP008,LTMD-CN6-G2019,2019,6,8,6,21,34.06,0.8095,text_detected,0,0,0,visual_only,high,OCR_VISUAL_NOISE,front_zone;fallback_psm;visual_noise,PAGESTRUCT_CN_WAVE2_0.1
LTMD-CN6-G2019-VP009,LTMD-CN6-G2019,2019,6,9,3,36,79.26,0.2222,text_detected,0,0,0,mixed_text_image,medium,OCR_MODERATE_TEXT,front_zone;text_present,PAGESTRUCT_CN_WAVE2_0.1
LTMD-CN6-G2019-VP010,LTMD-CN6-G2019,2019,6,10,6,30,45.92,0.6333,text_detected,0,0,0,unknown,low,CONSERVATIVE_UNKNOWN,front_zone;fallback_psm,PAGESTRUCT_CN_WAVE2_0.1
LTMD-CN6-G2019-VP011,LTMD-CN6-G2019,2019,6,11,3,110,91.11,0.0455,text_detected,0,1,1,bibliography_or_credits,medium,KW_BIBLIO_CREDITS,front_zone;text_present;nav_kw;biblio_credit_kw,PAGESTRUCT_CN_WAVE2_0.1
LTMD-CN6-G2019-VP012,LTMD-CN6-G2019,2019,6,12,3,344,91.04,0.0407,text_detected,0,2,0,toc_or_navigation,high,KW_NAVIGATION,front_zone;text_rich;nav_kw,PAGESTRUCT_CN_WAVE2_0.1
LTMD-CN6-G2019-VP013,LTMD-CN6-G2019,2019,6,13,3,280,91.57,0.0286,text_detected,0,0,0,textual,high,OCR_TEXT_RICH,front_zone;text_rich,PAGESTRUCT_CN_WAVE2_0.1
LTMD-CN6-G2019-VP014,LTMD-CN6-G2019,2019,6,14,3,380,92.01,0.0421,text_detected,0,1,0,toc_or_navigation,medium,KW_NAVIGATION,front_zone;text_rich;nav_kw,PAGESTRUCT_CN_WAVE2_0.1
LTMD-CN6-G2019-VP015,LTMD-CN6-G2019,2019,6,15,3,279,88.22,0.0824,text_detected,0,0,0,textual,high,OCR_TEXT_RICH,front_zone;text_rich,PAGESTRUCT_CN_WAVE2_0.1
LTMD-CN6-G2019-VP016,LTMD-CN6-G2019,2019,6,16,3,192,89.54,0.0781,text_detected,0,1,0,toc_or_navigation,medium,KW_NAVIGATION,front_zone;text_rich;nav_kw,PAGESTRUCT_CN_WAVE2_0.1
LTMD-CN6-G2019-VP017,LTMD-CN6-G2019,2019,6,17,3,114,89.53,0.0702,text_detected,,,,mixed_text_image,medium,OCR_MODERATE_TEXT,text_present,PAGESTRUCT_CN_WAVE2_0.1
LTMD-CN6-G2019-VP018,LTMD-CN6-G2019,2019,6,18,3,377,93.93,0.0186,text_detected,,,,textual,high,OCR_TEXT_RICH,text_rich,PAGESTRUCT_CN_WAVE2_0.1
LTMD-CN6-G2019-VP019,LTMD-CN6-G2019,2019,6,19,3,366,93.13,0.0219,text_detected,,,,textual,high,OCR_TEXT_RICH,text_rich,PAGESTRUCT_CN_WAVE2_0.1
LTMD-CN6-G2019-VP020,LTMD-CN6-G2019,2019,6,20,3,105,91.64,0.0476,text_detected,,,,mixed_text_image,medium,OCR_MODERATE_TEXT,text_present,PAGESTRUCT_CN_WAVE2_0.1
LTMD-CN6-G2019-VP021,LTMD-CN6-G2019,2019,6,21,3,119,92.11,0.0420,text_detected,,,,mixed_text_image,medium,OCR_MODERATE_TEXT,text_present,PAGESTRUCT_CN_WAVE2_0.1
LTMD-CN6-G2019-VP022,LTMD-CN6-G2019,2019,6,22,3,181,91.35,0.0387,text_detected,,,,textual,high,OCR_TEXT_RICH,text_rich,PAGESTRUCT_CN_WAVE2_0.1
LTMD-CN6-G2019-VP023,LTMD-CN6-G2019,2019,6,23,3,254,93.65,0.0236,text_detected,,,,textual,high,OCR_TEXT_RICH,text_rich,PAGESTRUCT_CN_WAVE2_0.1
LTMD-CN6-G2019-VP024,LTMD-CN6-G2019,2019,6,24,3,229,94.12,0.0000,text_detected,,,,textual,high,OCR_TEXT_RICH,text_rich,PAGESTRUCT_CN_WAVE2_0.1
LTMD-CN6-G2019-VP025,LTMD-CN6-G2019,2019,6,25,3,222,93.64,0.0180,text_detected,,,,textual,high,OCR_TEXT_RICH,text_rich,PAGESTRUCT_CN_WAVE2_0.1
LTMD-CN6-G2019-VP026,LTMD-CN6-G2019,2019,6,26,3,278,87.13,0.1007,text_detected,,,,textual,high,OCR_TEXT_RICH,text_rich,PAGESTRUCT_CN_WAVE2_0.1
LTMD-CN6-G2019-VP027,LTMD-CN6-G2019,2019,6,27,3,179,91.74,0.0335,text_detected,,,,textual,high,OCR_TEXT_RICH,text_rich,PAGESTRUCT_CN_WAVE2_0.1
LTMD-CN6-G2019-VP028,LTMD-CN6-G2019,2019,6,28,3,263,92.59,0.0190,text_detected,,,,textual,high,OCR_TEXT_RICH,text_rich,PAGESTRUCT_CN_WAVE2_0.1
LTMD-CN6-G2019-VP029,LTMD-CN6-G2019,2019,6,29,3,314,85.71,0.0987,text_detected,,,,textual,high,OCR_TEXT_RICH,text_rich,PAGESTRUCT_CN_WAVE2_0.1
LTMD-CN6-G2019-VP030,LTMD-CN6-G2019,2019,6,30,3,107,93.35,0.0187,text_detected,,,,mixed_text_image,medium,OCR_MODERATE_TEXT,text_present,PAGESTRUCT_CN_WAVE2_0.1
LTMD-CN6-G2019-VP031,LTMD-CN6-G2019,2019,6,31,3,236,93.18,0.0297,text_detected,,,,textual,high,OCR_TEXT_RICH,text_rich,PAGESTRUCT_CN_WAVE2_0.1
LTMD-CN6-G2019-VP032,LTMD-CN6-G2019,2019,6,32,3,406,94.50,0.0123,text_detected,,,,textual,high,OCR_TEXT_RICH,text_rich,PAGESTRUCT_CN_WAVE2_0.1
LTMD-CN6-G2019-VP033,LTMD-CN6-G2019,2019,6,33,3,313,93.29,0.0160,text_detected,,,,textual,high,OCR_TEXT_RICH,text_rich,PAGESTRUCT_CN_WAVE2_0.1
LTMD-CN6-G2019-VP034,LTMD-CN6-G2019,2019,6,34,3,82,85.41,0.1220,text_detected,,,,mixed_text_image,medium,OCR_MODERATE_TEXT,text_present,PAGESTRUCT_CN_WAVE2_0.1
LTMD-CN6-G2019-VP035,LTMD-CN6-G2019,2019,6,35,3,374,93.13,0.0267,text_detected,,,,textual,high,OCR_TEXT_RICH,text_rich,PAGESTRUCT_CN_WAVE2_0.1
LTMD-CN6-G2019-VP036,LTMD-CN6-G2019,2019,6,36,3,106,91.67,0.0283,text_detected,,,,mixed_text_image,medium,OCR_MODERATE_TEXT,text_present,PAGESTRUCT_CN_WAVE2_0.1
LTMD-CN6-G2019-VP037,LTMD-CN6-G2019,2019,6,37,3,355,90.65,0.0423,text_detected,,,,textual,high,OCR_TEXT_RICH,text_rich,PAGESTRUCT_CN_WAVE2_0.1
LTMD-CN6-G2019-VP038,LTMD-CN6-G2019,2019,6,38,3,310,89.90,0.0548,text_detected,,,,textual,high,OCR_TEXT_RICH,text_rich,PAGESTRUCT_CN_WAVE2_0.1
LTMD-CN6-G2019-VP039,LTMD-CN6-G2019,2019,6,39,3,211,93.71,0.0142,text_detected,,,,textual,high,OCR_TEXT_RICH,text_rich,PAGESTRUCT_CN_WAVE2_0.1
LTMD-CN6-G2019-VP040,LTMD-CN6-G2019,2019,6,40,3,326,94.15,0.0061,text_detected,,,,textual,high,OCR_TEXT_RICH,text_rich,PAGESTRUCT_CN_WAVE2_0.1
LTMD-CN6-G2019-VP041,LTMD-CN6-G2019,2019,6,41,3,259,92.09,0.0425,text_detected,,,,textual,high,OCR_TEXT_RICH,text_rich,PAGESTRUCT_CN_WAVE2_0.1
LTMD-CN6-G2019-VP042,LTMD-CN6-G2019,2019,6,42,3,255,89.79,0.0431,text_detected,,,,textual,high,OCR_TEXT_RICH,text_rich,PAGESTRUCT_CN_WAVE2_0.1
LTMD-CN6-G2019-VP043,LTMD-CN6-G2019,2019,6,43,3,380,91.51,0.0421,text_detected,,,,textual,high,OCR_TEXT_RICH,text_rich,PAGESTRUCT_CN_WAVE2_0.1
LTMD-CN6-G2019-VP044,LTMD-CN6-G2019,2019,6,44,3,216,94.19,0.0139,text_detected,,,,textual,high,OCR_TEXT_RICH,text_rich,PAGESTRUCT_CN_WAVE2_0.1
LTMD-CN6-G2019-VP045,LTMD-CN6-G2019,2019,6,45,3,110,93.52,0.0182,text_detected,,,,mixed_text_image,medium,OCR_MODERATE_TEXT,text_present,PAGESTRUCT_CN_WAVE2_0.1
LTMD-CN6-G2019-VP046,LTMD-CN6-G2019,2019,6,46,3,216,95.02,0.0046,text_detected,,,,textual,high,OCR_TEXT_RICH,text_rich,PAGESTRUCT_CN_WAVE2_0.1
LTMD-CN6-G2019-VP047,LTMD-CN6-G2019,2019,6,47,3,78,93.61,0.0128,text_detected,,,,mixed_text_image,medium,OCR_MODERATE_TEXT,text_present,PAGESTRUCT_CN_WAVE2_0.1
LTMD-CN6-G2019-VP048,LTMD-CN6-G2019,2019,6,48,3,162,93.46,0.0185,text_detected,,,,textual,high,OCR_TEXT_RICH,text_rich,PAGESTRUCT_CN_WAVE2_0.1
LTMD-CN6-G2019-VP049,LTMD-CN6-G2019,2019,6,49,3,142,94.18,0.0141,text_detected,,,,textual,high,OCR_TEXT_RICH,text_rich,PAGESTRUCT_CN_WAVE2_0.1
LTMD-CN6-G2019-VP050,LTMD-CN6-G2019,2019,6,50,3,67,85.73,0.0746,text_detected,,,,mixed_text_image,medium,OCR_MODERATE_TEXT,text_present,PAGESTRUCT_CN_WAVE2_0.1
LTMD-CN6-G2019-VP051,LTMD-CN6-G2019,2019,6,51,3,5,86.73,0.0000,text_detected,,,,mixed_text_image,low,OCR_SPARSE_HIGH_CONF,,PAGESTRUCT_CN_WAVE2_0.1
LTMD-CN6-G2019-VP052,LTMD-CN6-G2019,2019,6,52,6,133,29.30,0.9323,text_detected,,,,visual_only,high,OCR_VISUAL_NOISE,fallback_psm;visual_noise,PAGESTRUCT_CN_WAVE2_0.1
LTMD-CN6-G2019-VP053,LTMD-CN6-G2019,2019,6,53,3,244,91.58,0.0492,text_detected,,,,textual,high,OCR_TEXT_RICH,text_rich,PAGESTRUCT_CN_WAVE2_0.1
LTMD-CN6-G2019-VP054,LTMD-CN6-G2019,2019,6,54,3,235,93.17,0.0170,text_detected,,,,textual,high,OCR_TEXT_RICH,text_rich,PAGESTRUCT_CN_WAVE2_0.1
LTMD-CN6-G2019-VP055,LTMD-CN6-G2019,2019,6,55,3,186,88.00,0.0753,text_detected,,,,textual,high,OCR_TEXT_RICH,text_rich,PAGESTRUCT_CN_WAVE2_0.1
LTMD-CN6-G2019-VP056,LTMD-CN6-G2019,2019,6,56,3,305,91.55,0.0361,text_detected,,,,textual,high,OCR_TEXT_RICH,text_rich,PAGESTRUCT_CN_WAVE2_0.1
LTMD-CN6-G2019-VP057,LTMD-CN6-G2019,2019,6,57,3,509,93.70,0.0138,text_detected,,,,textual,high,OCR_TEXT_RICH,text_rich,PAGESTRUCT_CN_WAVE2_0.1
LTMD-CN6-G2019-VP058,LTMD-CN6-G2019,2019,6,58,3,179,86.66,0.0950,text_detected,,,,textual,high,OCR_TEXT_RICH,text_rich,PAGESTRUCT_CN_WAVE2_0.1
LTMD-CN6-G2019-VP059,LTMD-CN6-G2019,2019,6,59,3,245,88.66,0.0653,text_detected,,,,textual,high,OCR_TEXT_RICH,text_rich,PAGESTRUCT_CN_WAVE2_0.1
LTMD-CN6-G2019-VP060,LTMD-CN6-G2019,2019,6,60,3,333,93.78,0.0060,text_detected,,,,textual,high,OCR_TEXT_RICH,text_rich,PAGESTRUCT_CN_WAVE2_0.1
LTMD-CN6-G2019-VP061,LTMD-CN6-G2019,2019,6,61,3,194,85.54,0.1186,text_detected,,,,textual,high,OCR_TEXT_RICH,text_rich,PAGESTRUCT_CN_WAVE2_0.1
LTMD-CN6-G2019-VP062,LTMD-CN6-G2019,2019,6,62,3,272,89.28,0.0699,text_detected,,,,textual,high,OCR_TEXT_RICH,text_rich,PAGESTRUCT_CN_WAVE2_0.1
LTMD-CN6-G2019-VP063,LTMD-CN6-G2019,2019,6,63,3,242,91.37,0.0496,text_detected,,,,textual,high,OCR_TEXT_RICH,text_rich,PAGESTRUCT_CN_WAVE2_0.1
LTMD-CN6-G2019-VP064,LTMD-CN6-G2019,2019,6,64,3,288,88.99,0.0694,text_detected,,,,textual,high,OCR_TEXT_RICH,text_rich,PAGESTRUCT_CN_WAVE2_0.1
LTMD-CN6-G2019-VP065,LTMD-CN6-G2019,2019,6,65,3,261,91.48,0.0307,text_detected,,,,textual,high,OCR_TEXT_RICH,text_rich,PAGESTRUCT_CN_WAVE2_0.1
LTMD-CN6-G2019-VP066,LTMD-CN6-G2019,2019,6,66,3,204,93.48,0.0147,text_detected,,,,textual,high,OCR_TEXT_RICH,text_rich,PAGESTRUCT_CN_WAVE2_0.1
LTMD-CN6-G2019-VP067,LTMD-CN6-G2019,2019,6,67,3,283,90.19,0.0565,text_detected,,,,textual,high,OCR_TEXT_RICH,text_rich,PAGESTRUCT_CN_WAVE2_0.1
LTMD-CN6-G2019-VP068,LTMD-CN6-G2019,2019,6,68,3,187,93.36,0.0160,text_detected,,,,textual,high,OCR_TEXT_RICH,text_rich,PAGESTRUCT_CN_WAVE2_0.1
LTMD-CN6-G2019-VP069,LTMD-CN6-G2019,2019,6,69,3,185,90.59,0.0432,text_detected,,,,textual,high,OCR_TEXT_RICH,text_rich,PAGESTRUCT_CN_WAVE2_0.1
LTMD-CN6-G2019-VP070,LTMD-CN6-G2019,2019,6,70,3,210,90.61,0.0571,text_detected,,,,textual,high,OCR_TEXT_RICH,text_rich,PAGESTRUCT_CN_WAVE2_0.1
LTMD-CN6-G2019-VP071,LTMD-CN6-G2019,2019,6,71,3,321,92.46,0.0218,text_detected,,,,textual,high,OCR_TEXT_RICH,text_rich,PAGESTRUCT_CN_WAVE2_0.1
LTMD-CN6-G2019-VP072,LTMD-CN6-G2019,2019,6,72,3,182,93.11,0.0275,text_detected,,,,textual,high,OCR_TEXT_RICH,text_rich,PAGESTRUCT_CN_WAVE2_0.1
LTMD-CN6-G2019-VP073,LTMD-CN6-G2019,2019,6,73,3,186,90.92,0.0591,text_detected,,,,textual,high,OCR_TEXT_RICH,text_rich,PAGESTRUCT_CN_WAVE2_0.1
LTMD-CN6-G2019-VP074,LTMD-CN6-G2019,2019,6,74,3,191,90.91,0.0262,text_detected,,,,textual,high,OCR_TEXT_RICH,text_rich,PAGESTRUCT_CN_WAVE2_0.1
LTMD-CN6-G2019-VP075,LTMD-CN6-G2019,2019,6,75,3,133,92.29,0.0451,text_detected,,,,textual,high,OCR_TEXT_RICH,text_rich,PAGESTRUCT_CN_WAVE2_0.1
LTMD-CN6-G2019-VP076,LTMD-CN6-G2019,2019,6,76,3,227,92.83,0.0176,text_detected,,,,textual,high,OCR_TEXT_RICH,text_rich,PAGESTRUCT_CN_WAVE2_0.1
LTMD-CN6-G2019-VP077,LTMD-CN6-G2019,2019,6,77,3,336,91.28,0.0298,text_detected,,,,textual,high,OCR_TEXT_RICH,text_rich,PAGESTRUCT_CN_WAVE2_0.1
LTMD-CN6-G2019-VP078,LTMD-CN6-G2019,2019,6,78,3,316,89.64,0.0538,text_detected,,,,textual,high,OCR_TEXT_RICH,text_rich,PAGESTRUCT_CN_WAVE2_0.1
LTMD-CN6-G2019-VP079,LTMD-CN6-G2019,2019,6,79,3,283,89.97,0.0459,text_detected,,,,textual,high,OCR_TEXT_RICH,text_rich,PAGESTRUCT_CN_WAVE2_0.1
LTMD-CN6-G2019-VP080,LTMD-CN6-G2019,2019,6,80,3,212,94.92,0.0000,text_detected,,,,textual,high,OCR_TEXT_RICH,text_rich,PAGESTRUCT_CN_WAVE2_0.1
LTMD-CN6-G2019-VP081,LTMD-CN6-G2019,2019,6,81,3,190,93.14,0.0316,text_detected,,,,textual,high,OCR_TEXT_RICH,text_rich,PAGESTRUCT_CN_WAVE2_0.1
LTMD-CN6-G2019-VP082,LTMD-CN6-G2019,2019,6,82,6,66,30.82,0.9091,text_detected,,,,visual_only,high,OCR_VISUAL_NOISE,fallback_psm;visual_noise,PAGESTRUCT_CN_WAVE2_0.1
LTMD-CN6-G2019-VP083,LTMD-CN6-G2019,2019,6,83,3,33,82.92,0.0909,text_detected,,,,mixed_text_image,medium,OCR_MODERATE_TEXT,text_present,PAGESTRUCT_CN_WAVE2_0.1
LTMD-CN6-G2019-VP084,LTMD-CN6-G2019,2019,6,84,3,206,90.20,0.0631,text_detected,,,,textual,high,OCR_TEXT_RICH,text_rich,PAGESTRUCT_CN_WAVE2_0.1
LTMD-CN6-G2019-VP085,LTMD-CN6-G2019,2019,6,85,3,344,92.57,0.0203,text_detected,,,,textual,high,OCR_TEXT_RICH,text_rich,PAGESTRUCT_CN_WAVE2_0.1
LTMD-CN6-G2019-VP086,LTMD-CN6-G2019,2019,6,86,3,396,83.73,0.1389,text_detected,,,,textual,high,OCR_TEXT_RICH,text_rich,PAGESTRUCT_CN_WAVE2_0.1
LTMD-CN6-G2019-VP087,LTMD-CN6-G2019,2019,6,87,3,311,90.11,0.0579,text_detected,,,,textual,high,OCR_TEXT_RICH,text_rich,PAGESTRUCT_CN_WAVE2_0.1
LTMD-CN6-G2019-VP088,LTMD-CN6-G2019,2019,6,88,3,303,89.78,0.0495,text_detected,,,,textual,high,OCR_TEXT_RICH,text_rich,PAGESTRUCT_CN_WAVE2_0.1
LTMD-CN6-G2019-VP089,LTMD-CN6-G2019,2019,6,89,3,223,92.58,0.0224,text_detected,,,,textual,high,OCR_TEXT_RICH,text_rich,PAGESTRUCT_CN_WAVE2_0.1
LTMD-CN6-G2019-VP090,LTMD-CN6-G2019,2019,6,90,3,396,90.58,0.0581,text_detected,,,,textual,high,OCR_TEXT_RICH,text_rich,PAGESTRUCT_CN_WAVE2_0.1
LTMD-CN6-G2019-VP091,LTMD-CN6-G2019,2019,6,91,3,463,89.49,0.0583,text_detected,,,,textual,high,OCR_TEXT_RICH,text_rich,PAGESTRUCT_CN_WAVE2_0.1
LTMD-CN6-G2019-VP092,LTMD-CN6-G2019,2019,6,92,3,1,96.25,0.0000,text_detected,,,,unknown,low,CONSERVATIVE_UNKNOWN,,PAGESTRUCT_CN_WAVE2_0.1
LTMD-CN6-G2019-VP093,LTMD-CN6-G2019,2019,6,93,3,102,89.54,0.0490,text_detected,,,,mixed_text_image,medium,OCR_MODERATE_TEXT,text_present,PAGESTRUCT_CN_WAVE2_0.1
LTMD-CN6-G2019-VP094,LTMD-CN6-G2019,2019,6,94,3,447,92.85,0.0268,text_detected,,,,textual,high,OCR_TEXT_RICH,text_rich,PAGESTRUCT_CN_WAVE2_0.1
LTMD-CN6-G2019-VP095,LTMD-CN6-G2019,2019,6,95,3,260,93.48,0.0115,text_detected,,,,textual,high,OCR_TEXT_RICH,text_rich,PAGESTRUCT_CN_WAVE2_0.1
LTMD-CN6-G2019-VP096,LTMD-CN6-G2019,2019,6,96,3,108,87.76,0.1019,text_detected,,,,mixed_text_image,medium,OCR_MODERATE_TEXT,text_present,PAGESTRUCT_CN_WAVE2_0.1
LTMD-CN6-G2019-VP097,LTMD-CN6-G2019,2019,6,97,3,228,87.79,0.0658,text_detected,,,,textual,high,OCR_TEXT_RICH,text_rich,PAGESTRUCT_CN_WAVE2_0.1
LTMD-CN6-G2019-VP098,LTMD-CN6-G2019,2019,6,98,3,236,94.40,0.0085,text_detected,,,,textual,high,OCR_TEXT_RICH,text_rich,PAGESTRUCT_CN_WAVE2_0.1
LTMD-CN6-G2019-VP099,LTMD-CN6-G2019,2019,6,99,3,301,91.29,0.0266,text_detected,,,,textual,high,OCR_TEXT_RICH,text_rich,PAGESTRUCT_CN_WAVE2_0.1
LTMD-CN6-G2019-VP100,LTMD-CN6-G2019,2019,6,100,3,61,90.89,0.0656,text_detected,,,,mixed_text_image,medium,OCR_MODERATE_TEXT,text_present,PAGESTRUCT_CN_WAVE2_0.1
LTMD-CN6-G2019-VP101,LTMD-CN6-G2019,2019,6,101,3,206,91.46,0.0291,text_detected,,,,textual,high,OCR_TEXT_RICH,text_rich,PAGESTRUCT_CN_WAVE2_0.1
LTMD-CN6-G2019-VP102,LTMD-CN6-G2019,2019,6,102,3,312,93.02,0.0256,text_detected,,,,textual,high,OCR_TEXT_RICH,text_rich,PAGESTRUCT_CN_WAVE2_0.1
LTMD-CN6-G2019-VP103,LTMD-CN6-G2019,2019,6,103,3,241,92.12,0.0332,text_detected,,,,textual,high,OCR_TEXT_RICH,text_rich,PAGESTRUCT_CN_WAVE2_0.1
LTMD-CN6-G2019-VP104,LTMD-CN6-G2019,2019,6,104,3,203,91.26,0.0197,text_detected,,,,textual,high,OCR_TEXT_RICH,text_rich,PAGESTRUCT_CN_WAVE2_0.1
LTMD-CN6-G2019-VP105,LTMD-CN6-G2019,2019,6,105,3,250,93.39,0.0200,text_detected,,,,textual,high,OCR_TEXT_RICH,text_rich,PAGESTRUCT_CN_WAVE2_0.1
LTMD-CN6-G2019-VP106,LTMD-CN6-G2019,2019,6,106,3,218,93.96,0.0138,text_detected,,,,textual,high,OCR_TEXT_RICH,text_rich,PAGESTRUCT_CN_WAVE2_0.1
LTMD-CN6-G2019-VP107,LTMD-CN6-G2019,2019,6,107,3,291,90.85,0.0515,text_detected,,,,textual,high,OCR_TEXT_RICH,text_rich,PAGESTRUCT_CN_WAVE2_0.1
LTMD-CN6-G2019-VP108,LTMD-CN6-G2019,2019,6,108,3,119,94.59,0.0084,text_detected,,,,mixed_text_image,medium,OCR_MODERATE_TEXT,text_present,PAGESTRUCT_CN_WAVE2_0.1
LTMD-CN6-G2019-VP109,LTMD-CN6-G2019,2019,6,109,3,127,93.79,0.0157,text_detected,,,,textual,high,OCR_TEXT_RICH,text_rich,PAGESTRUCT_CN_WAVE2_0.1
LTMD-CN6-G2019-VP110,LTMD-CN6-G2019,2019,6,110,6,90,29.97,0.9000,text_detected,,,,visual_only,high,OCR_VISUAL_NOISE,fallback_psm;visual_noise,PAGESTRUCT_CN_WAVE2_0.1
LTMD-CN6-G2019-VP111,LTMD-CN6-G2019,2019,6,111,3,22,81.69,0.0909,text_detected,,,,mixed_text_image,medium,OCR_MODERATE_TEXT,text_present,PAGESTRUCT_CN_WAVE2_0.1
LTMD-CN6-G2019-VP112,LTMD-CN6-G2019,2019,6,112,3,4,70.02,0.2500,text_detected,,,,unknown,low,CONSERVATIVE_UNKNOWN,,PAGESTRUCT_CN_WAVE2_0.1
LTMD-CN6-G2019-VP113,LTMD-CN6-G2019,2019,6,113,3,193,91.65,0.0363,text_detected,,,,textual,high,OCR_TEXT_RICH,text_rich,PAGESTRUCT_CN_WAVE2_0.1
LTMD-CN6-G2019-VP114,LTMD-CN6-G2019,2019,6,114,3,425,92.60,0.0141,text_detected,,,,textual,high,OCR_TEXT_RICH,text_rich,PAGESTRUCT_CN_WAVE2_0.1
LTMD-CN6-G2019-VP115,LTMD-CN6-G2019,2019,6,115,3,377,84.27,0.1194,text_detected,,,,textual,high,OCR_TEXT_RICH,text_rich,PAGESTRUCT_CN_WAVE2_0.1
LTMD-CN6-G2019-VP116,LTMD-CN6-G2019,2019,6,116,3,389,94.31,0.0026,text_detected,,,,textual,high,OCR_TEXT_RICH,text_rich,PAGESTRUCT_CN_WAVE2_0.1
LTMD-CN6-G2019-VP117,LTMD-CN6-G2019,2019,6,117,3,303,93.59,0.0132,text_detected,,,,textual,high,OCR_TEXT_RICH,text_rich,PAGESTRUCT_CN_WAVE2_0.1
LTMD-CN6-G2019-VP118,LTMD-CN6-G2019,2019,6,118,3,331,89.91,0.0453,text_detected,,,,textual,high,OCR_TEXT_RICH,text_rich,PAGESTRUCT_CN_WAVE2_0.1
LTMD-CN6-G2019-VP119,LTMD-CN6-G2019,2019,6,119,3,291,91.98,0.0069,text_detected,,,,textual,high,OCR_TEXT_RICH,text_rich,PAGESTRUCT_CN_WAVE2_0.1
LTMD-CN6-G2019-VP120,LTMD-CN6-G2019,2019,6,120,3,137,90.17,0.0438,text_detected,,,,textual,high,OCR_TEXT_RICH,text_rich,PAGESTRUCT_CN_WAVE2_0.1
LTMD-CN6-G2019-VP121,LTMD-CN6-G2019,2019,6,121,3,158,80.52,0.1899,text_detected,,,,textual,high,OCR_TEXT_RICH,text_rich,PAGESTRUCT_CN_WAVE2_0.1
LTMD-CN6-G2019-VP122,LTMD-CN6-G2019,2019,6,122,3,222,90.11,0.0586,text_detected,,,,textual,high,OCR_TEXT_RICH,text_rich,PAGESTRUCT_CN_WAVE2_0.1
LTMD-CN6-G2019-VP123,LTMD-CN6-G2019,2019,6,123,3,263,88.37,0.0570,text_detected,,,,textual,high,OCR_TEXT_RICH,text_rich,PAGESTRUCT_CN_WAVE2_0.1
LTMD-CN6-G2019-VP124,LTMD-CN6-G2019,2019,6,124,3,327,92.70,0.0306,text_detected,,,,textual,high,OCR_TEXT_RICH,text_rich,PAGESTRUCT_CN_WAVE2_0.1
LTMD-CN6-G2019-VP125,LTMD-CN6-G2019,2019,6,125,3,372,88.67,0.0806,text_detected,,,,textual,high,OCR_TEXT_RICH,text_rich,PAGESTRUCT_CN_WAVE2_0.1
LTMD-CN6-G2019-VP126,LTMD-CN6-G2019,2019,6,126,3,100,90.96,0.0500,text_detected,,,,mixed_text_image,medium,OCR_MODERATE_TEXT,text_present,PAGESTRUCT_CN_WAVE2_0.1
LTMD-CN6-G2019-VP127,LTMD-CN6-G2019,2019,6,127,3,258,91.96,0.0504,text_detected,,,,textual,high,OCR_TEXT_RICH,text_rich,PAGESTRUCT_CN_WAVE2_0.1
LTMD-CN6-G2019-VP128,LTMD-CN6-G2019,2019,6,128,3,264,87.42,0.0985,text_detected,,,,textual,high,OCR_TEXT_RICH,text_rich,PAGESTRUCT_CN_WAVE2_0.1
LTMD-CN6-G2019-VP129,LTMD-CN6-G2019,2019,6,129,3,390,95.44,0.0026,text_detected,,,,textual,high,OCR_TEXT_RICH,text_rich,PAGESTRUCT_CN_WAVE2_0.1
LTMD-CN6-G2019-VP130,LTMD-CN6-G2019,2019,6,130,6,18,31.31,0.7778,text_detected,,,,visual_only,medium,OCR_VISUAL_NOISE,fallback_psm;visual_noise,PAGESTRUCT_CN_WAVE2_0.1
LTMD-CN6-G2019-VP131,LTMD-CN6-G2019,2019,6,131,3,276,92.84,0.0362,text_detected,,,,textual,high,OCR_TEXT_RICH,text_rich,PAGESTRUCT_CN_WAVE2_0.1
LTMD-CN6-G2019-VP132,LTMD-CN6-G2019,2019,6,132,3,210,90.46,0.0667,text_detected,,,,textual,high,OCR_TEXT_RICH,text_rich,PAGESTRUCT_CN_WAVE2_0.1
LTMD-CN6-G2019-VP133,LTMD-CN6-G2019,2019,6,133,3,184,88.66,0.0652,text_detected,,,,textual,high,OCR_TEXT_RICH,text_rich,PAGESTRUCT_CN_WAVE2_0.1
LTMD-CN6-G2019-VP134,LTMD-CN6-G2019,2019,6,134,3,166,92.72,0.0241,text_detected,,,,textual,high,OCR_TEXT_RICH,text_rich,PAGESTRUCT_CN_WAVE2_0.1
LTMD-CN6-G2019-VP135,LTMD-CN6-G2019,2019,6,135,3,63,85.64,0.1270,text_detected,,,,mixed_text_image,medium,OCR_MODERATE_TEXT,text_present,PAGESTRUCT_CN_WAVE2_0.1
LTMD-CN6-G2019-VP136,LTMD-CN6-G2019,2019,6,136,3,121,87.17,0.0744,text_detected,,,,textual,high,OCR_TEXT_RICH,text_rich,PAGESTRUCT_CN_WAVE2_0.1
LTMD-CN6-G2019-VP137,LTMD-CN6-G2019,2019,6,137,3,122,82.46,0.1885,text_detected,,,,textual,high,OCR_TEXT_RICH,text_rich,PAGESTRUCT_CN_WAVE2_0.1
LTMD-CN6-G2019-VP138,LTMD-CN6-G2019,2019,6,138,3,264,89.20,0.0758,text_detected,,,,textual,high,OCR_TEXT_RICH,text_rich,PAGESTRUCT_CN_WAVE2_0.1
LTMD-CN6-G2019-VP139,LTMD-CN6-G2019,2019,6,139,3,200,89.88,0.0550,text_detected,,,,textual,high,OCR_TEXT_RICH,text_rich,PAGESTRUCT_CN_WAVE2_0.1
LTMD-CN6-G2019-VP140,LTMD-CN6-G2019,2019,6,140,3,184,91.96,0.0435,text_detected,,,,textual,high,OCR_TEXT_RICH,text_rich,PAGESTRUCT_CN_WAVE2_0.1
LTMD-CN6-G2019-VP141,LTMD-CN6-G2019,2019,6,141,3,298,93.58,0.0302,text_detected,,,,textual,high,OCR_TEXT_RICH,text_rich,PAGESTRUCT_CN_WAVE2_0.1
LTMD-CN6-G2019-VP142,LTMD-CN6-G2019,2019,6,142,3,170,94.64,0.0059,text_detected,,,,textual,high,OCR_TEXT_RICH,text_rich,PAGESTRUCT_CN_WAVE2_0.1
LTMD-CN6-G2019-VP143,LTMD-CN6-G2019,2019,6,143,3,119,93.78,0.0168,text_detected,,,,mixed_text_image,medium,OCR_MODERATE_TEXT,text_present,PAGESTRUCT_CN_WAVE2_0.1
LTMD-CN6-G2019-VP144,LTMD-CN6-G2019,2019,6,144,6,147,30.89,0.9116,text_detected,,,,visual_only,high,OCR_VISUAL_NOISE,fallback_psm;visual_noise,PAGESTRUCT_CN_WAVE2_0.1
LTMD-CN6-G2019-VP145,LTMD-CN6-G2019,2019,6,145,3,95,87.07,0.0526,text_detected,,,,mixed_text_image,medium,OCR_MODERATE_TEXT,text_present,PAGESTRUCT_CN_WAVE2_0.1
LTMD-CN6-G2019-VP146,LTMD-CN6-G2019,2019,6,146,3,116,88.13,0.0776,text_detected,,,,mixed_text_image,medium,OCR_MODERATE_TEXT,text_present,PAGESTRUCT_CN_WAVE2_0.1
LTMD-CN6-G2019-VP147,LTMD-CN6-G2019,2019,6,147,3,316,86.32,0.1139,text_detected,,,,textual,high,OCR_TEXT_RICH,text_rich,PAGESTRUCT_CN_WAVE2_0.1
LTMD-CN6-G2019-VP148,LTMD-CN6-G2019,2019,6,148,3,193,89.45,0.0725,text_detected,,,,textual,high,OCR_TEXT_RICH,text_rich,PAGESTRUCT_CN_WAVE2_0.1
LTMD-CN6-G2019-VP149,LTMD-CN6-G2019,2019,6,149,3,276,90.18,0.0616,text_detected,,,,textual,high,OCR_TEXT_RICH,text_rich,PAGESTRUCT_CN_WAVE2_0.1
LTMD-CN6-G2019-VP150,LTMD-CN6-G2019,2019,6,150,3,174,90.44,0.0517,text_detected,,,,textual,high,OCR_TEXT_RICH,text_rich,PAGESTRUCT_CN_WAVE2_0.1
LTMD-CN6-G2019-VP151,LTMD-CN6-G2019,2019,6,151,3,488,92.55,0.0225,text_detected,,,,textual,high,OCR_TEXT_RICH,text_rich,PAGESTRUCT_CN_WAVE2_0.1
LTMD-CN6-G2019-VP152,LTMD-CN6-G2019,2019,6,152,3,189,89.74,0.0635,text_detected,,,,textual,high,OCR_TEXT_RICH,text_rich,PAGESTRUCT_CN_WAVE2_0.1
LTMD-CN6-G2019-VP153,LTMD-CN6-G2019,2019,6,153,3,235,92.26,0.0468,text_detected,,,,textual,high,OCR_TEXT_RICH,text_rich,PAGESTRUCT_CN_WAVE2_0.1
LTMD-CN6-G2019-VP154,LTMD-CN6-G2019,2019,6,154,3,367,91.80,0.0409,text_detected,,,,textual,high,OCR_TEXT_RICH,text_rich,PAGESTRUCT_CN_WAVE2_0.1
LTMD-CN6-G2019-VP155,LTMD-CN6-G2019,2019,6,155,3,255,92.35,0.0353,text_detected,,,,textual,high,OCR_TEXT_RICH,text_rich,PAGESTRUCT_CN_WAVE2_0.1
LTMD-CN6-G2019-VP156,LTMD-CN6-G2019,2019,6,156,3,297,93.13,0.0168,text_detected,,,,textual,high,OCR_TEXT_RICH,text_rich,PAGESTRUCT_CN_WAVE2_0.1
LTMD-CN6-G2019-VP157,LTMD-CN6-G2019,2019,6,157,3,344,94.12,0.0145,text_detected,,,,textual,high,OCR_TEXT_RICH,text_rich,PAGESTRUCT_CN_WAVE2_0.1
LTMD-CN6-G2019-VP158,LTMD-CN6-G2019,2019,6,158,3,232,89.13,0.0560,text_detected,,,,textual,high,OCR_TEXT_RICH,text_rich,PAGESTRUCT_CN_WAVE2_0.1
LTMD-CN6-G2019-VP159,LTMD-CN6-G2019,2019,6,159,3,182,92.54,0.0330,text_detected,,,,textual,high,OCR_TEXT_RICH,text_rich,PAGESTRUCT_CN_WAVE2_0.1
LTMD-CN6-G2019-VP160,LTMD-CN6-G2019,2019,6,160,3,127,87.60,0.0787,text_detected,,,,textual,high,OCR_TEXT_RICH,text_rich,PAGESTRUCT_CN_WAVE2_0.1
LTMD-CN6-G2019-VP161,LTMD-CN6-G2019,2019,6,161,3,167,92.66,0.0419,text_detected,,,,textual,high,OCR_TEXT_RICH,text_rich,PAGESTRUCT_CN_WAVE2_0.1
LTMD-CN6-G2019-VP162,LTMD-CN6-G2019,2019,6,162,3,119,93.47,0.0168,text_detected,0,0,0,mixed_text_image,medium,OCR_MODERATE_TEXT,end_zone;text_present,PAGESTRUCT_CN_WAVE2_0.1
LTMD-CN6-G2019-VP163,LTMD-CN6-G2019,2019,6,163,3,99,88.71,0.0606,text_detected,0,1,0,mixed_text_image,medium,OCR_MODERATE_TEXT,end_zone;text_present;nav_kw,PAGESTRUCT_CN_WAVE2_0.1
LTMD-CN6-G2019-VP164,LTMD-CN6-G2019,2019,6,164,3,277,94.38,0.0036,text_detected,0,2,0,toc_or_navigation,high,KW_NAVIGATION,end_zone;text_rich;nav_kw,PAGESTRUCT_CN_WAVE2_0.1
LTMD-CN6-G2019-VP165,LTMD-CN6-G2019,2019,6,165,3,168,93.94,0.0179,text_detected,0,1,0,textual,high,OCR_TEXT_RICH,end_zone;text_rich;nav_kw,PAGESTRUCT_CN_WAVE2_0.1
LTMD-CN6-G2019-VP166,LTMD-CN6-G2019,2019,6,166,3,115,94.65,0.0000,text_detected,0,1,0,mixed_text_image,medium,OCR_MODERATE_TEXT,end_zone;text_present;nav_kw,PAGESTRUCT_CN_WAVE2_0.1
LTMD-CN6-G2019-VP167,LTMD-CN6-G2019,2019,6,167,3,91,93.42,0.0110,text_detected,0,0,0,mixed_text_image,medium,OCR_MODERATE_TEXT,end_zone;text_present,PAGESTRUCT_CN_WAVE2_0.1
LTMD-CN6-G2019-VP168,LTMD-CN6-G2019,2019,6,168,3,116,93.68,0.0172,text_detected,0,1,0,mixed_text_image,medium,OCR_MODERATE_TEXT,end_zone;text_present;nav_kw,PAGESTRUCT_CN_WAVE2_0.1
LTMD-CN6-G2019-VP169,LTMD-CN6-G2019,2019,6,169,3,109,93.18,0.0092,text_detected,0,1,0,mixed_text_image,medium,OCR_MODERATE_TEXT,end_zone;text_present;nav_kw,PAGESTRUCT_CN_WAVE2_0.1
LTMD-CN6-G2019-VP170,LTMD-CN6-G2019,2019,6,170,3,793,74.42,0.2421,text_detected,0,0,2,bibliography_or_credits,high,KW_BIBLIO_CREDITS,end_zone;text_present;biblio_credit_kw,PAGESTRUCT_CN_WAVE2_0.1
LTMD-CN6-G2019-VP171,LTMD-CN6-G2019,2019,6,171,3,706,72.77,0.2521,text_detected,0,0,0,mixed_text_image,medium,OCR_MODERATE_TEXT,end_zone;text_present,PAGESTRUCT_CN_WAVE2_0.1
LTMD-CN6-G2019-VP172,LTMD-CN6-G2019,2019,6,172,3,476,72.72,0.2710,text_detected,0,0,0,mixed_text_image,medium,OCR_MODERATE_TEXT,end_zone;text_present,PAGESTRUCT_CN_WAVE2_0.1
LTMD-CN6-G2019-VP173,LTMD-CN6-G2019,2019,6,173,3,543,72.91,0.2744,text_detected,0,0,0,mixed_text_image,medium,OCR_MODERATE_TEXT,end_zone;text_present,PAGESTRUCT_CN_WAVE2_0.1
LTMD-CN6-G2019-VP174,LTMD-CN6-G2019,2019,6,174,3,38,74.65,0.2105,text_detected,0,0,0,mixed_text_image,medium,OCR_MODERATE_TEXT,end_zone;text_present,PAGESTRUCT_CN_WAVE2_0.1
LTMD-CN6-G2019-VP175,LTMD-CN6-G2019,2019,6,175,3,194,93.12,0.0258,text_detected,0,0,0,textual,high,OCR_TEXT_RICH,end_zone;text_rich,PAGESTRUCT_CN_WAVE2_0.1
LTMD-CN6-G2019-VP176,LTMD-CN6-G2019,2019,6,176,3,43,95.49,0.0000,text_detected,0,0,1,bibliography_or_credits,medium,KW_BIBLIO_CREDITS,end_zone;text_present;biblio_credit_kw,PAGESTRUCT_CN_WAVE2_0.1
LTMD-CN6-G2019-VP177,LTMD-CN6-G2019,2019,6,177,,4,30.43,1.0000,no_text_detected,0,0,0,visual_only,high,OCR_VISUAL_NOISE,end_zone;visual_noise,PAGESTRUCT_CN_WAVE2_0.1
